gene	category	ancestry	occurrence_k	n_alleles	share_of_S_obs
HLA-A	all	AFR	1	254	0.7115
HLA-A	all	AFR	2	22	0.0616
HLA-A	all	AFR	3	14	0.0392
HLA-A	all	AFR	4	7	0.0196
HLA-A	all	AFR	5	1	0.0028
HLA-A	all	AFR	6	5	0.014
HLA-A	all	AFR	7	1	0.0028
HLA-A	all	AFR	8	3	0.0084
HLA-A	all	AFR	9	2	0.0056
HLA-A	all	AFR	11	4	0.0112
HLA-A	all	AFR	12	1	0.0028
HLA-A	all	AFR	14	3	0.0084
HLA-A	all	AFR	16	2	0.0056
HLA-A	all	AFR	18	1	0.0028
HLA-A	all	AFR	23	1	0.0028
HLA-A	all	AFR	24	2	0.0056
HLA-A	all	AFR	26	1	0.0028
HLA-A	all	AFR	32	1	0.0028
HLA-A	all	AFR	37	1	0.0028
HLA-A	all	AFR	39	1	0.0028
HLA-A	all	AFR	42	1	0.0028
HLA-A	all	AFR	43	1	0.0028
HLA-A	all	AFR	53	1	0.0028
HLA-A	all	AFR	55	1	0.0028
HLA-A	all	AFR	62	1	0.0028
HLA-A	all	AFR	69	1	0.0028
HLA-A	all	AFR	72	1	0.0028
HLA-A	all	AFR	75	1	0.0028
HLA-A	all	AFR	78	1	0.0028
HLA-A	all	AFR	81	1	0.0028
HLA-A	all	AFR	82	1	0.0028
HLA-A	all	AFR	103	1	0.0028
HLA-A	all	AFR	115	1	0.0028
HLA-A	all	AFR	117	1	0.0028
HLA-A	all	AFR	125	1	0.0028
HLA-A	all	AFR	128	1	0.0028
HLA-A	all	AFR	135	1	0.0028
HLA-A	all	AFR	143	1	0.0028
HLA-A	all	AFR	167	1	0.0028
HLA-A	all	AFR	168	1	0.0028
HLA-A	all	AFR	188	1	0.0028
HLA-A	all	AFR	200	1	0.0028
HLA-A	all	AFR	211	1	0.0028
HLA-A	all	AFR	238	1	0.0028
HLA-A	all	AFR	240	1	0.0028
HLA-A	all	AFR	307	1	0.0028
HLA-A	all	AFR	321	1	0.0028
HLA-A	all	AFR	385	1	0.0028
HLA-A	all	AFR	519	1	0.0028
HLA-A	all	AFR	716	1	0.0028
HLA-A	all	AMR	1	207	0.635
HLA-A	all	AMR	2	20	0.0613
HLA-A	all	AMR	3	17	0.0521
HLA-A	all	AMR	4	8	0.0245
HLA-A	all	AMR	5	12	0.0368
HLA-A	all	AMR	6	4	0.0123
HLA-A	all	AMR	7	3	0.0092
HLA-A	all	AMR	8	3	0.0092
HLA-A	all	AMR	9	5	0.0153
HLA-A	all	AMR	10	4	0.0123
HLA-A	all	AMR	11	2	0.0061
HLA-A	all	AMR	12	2	0.0061
HLA-A	all	AMR	13	1	0.0031
HLA-A	all	AMR	14	2	0.0061
HLA-A	all	AMR	17	1	0.0031
HLA-A	all	AMR	18	1	0.0031
HLA-A	all	AMR	19	2	0.0061
HLA-A	all	AMR	22	2	0.0061
HLA-A	all	AMR	23	1	0.0031
HLA-A	all	AMR	24	1	0.0031
HLA-A	all	AMR	25	1	0.0031
HLA-A	all	AMR	28	1	0.0031
HLA-A	all	AMR	34	1	0.0031
HLA-A	all	AMR	43	1	0.0031
HLA-A	all	AMR	45	1	0.0031
HLA-A	all	AMR	46	1	0.0031
HLA-A	all	AMR	56	1	0.0031
HLA-A	all	AMR	58	1	0.0031
HLA-A	all	AMR	67	2	0.0061
HLA-A	all	AMR	72	1	0.0031
HLA-A	all	AMR	73	1	0.0031
HLA-A	all	AMR	78	1	0.0031
HLA-A	all	AMR	114	1	0.0031
HLA-A	all	AMR	127	1	0.0031
HLA-A	all	AMR	129	1	0.0031
HLA-A	all	AMR	132	1	0.0031
HLA-A	all	AMR	137	1	0.0031
HLA-A	all	AMR	144	1	0.0031
HLA-A	all	AMR	157	1	0.0031
HLA-A	all	AMR	170	1	0.0031
HLA-A	all	AMR	190	1	0.0031
HLA-A	all	AMR	214	1	0.0031
HLA-A	all	AMR	221	1	0.0031
HLA-A	all	AMR	291	1	0.0031
HLA-A	all	AMR	339	1	0.0031
HLA-A	all	AMR	531	1	0.0031
HLA-A	all	AMR	1039	1	0.0031
HLA-A	all	EAS	1	127	0.6649
HLA-A	all	EAS	2	12	0.0628
HLA-A	all	EAS	3	4	0.0209
HLA-A	all	EAS	4	7	0.0366
HLA-A	all	EAS	5	2	0.0105
HLA-A	all	EAS	6	6	0.0314
HLA-A	all	EAS	7	5	0.0262
HLA-A	all	EAS	8	2	0.0105
HLA-A	all	EAS	9	2	0.0105
HLA-A	all	EAS	10	4	0.0209
HLA-A	all	EAS	11	1	0.0052
HLA-A	all	EAS	14	1	0.0052
HLA-A	all	EAS	16	1	0.0052
HLA-A	all	EAS	28	1	0.0052
HLA-A	all	EAS	33	1	0.0052
HLA-A	all	EAS	54	2	0.0105
HLA-A	all	EAS	58	1	0.0052
HLA-A	all	EAS	64	1	0.0052
HLA-A	all	EAS	67	1	0.0052
HLA-A	all	EAS	74	1	0.0052
HLA-A	all	EAS	97	1	0.0052
HLA-A	all	EAS	101	1	0.0052
HLA-A	all	EAS	103	1	0.0052
HLA-A	all	EAS	120	1	0.0052
HLA-A	all	EAS	184	1	0.0052
HLA-A	all	EAS	241	1	0.0052
HLA-A	all	EAS	255	1	0.0052
HLA-A	all	EAS	474	1	0.0052
HLA-A	all	EAS	520	1	0.0052
HLA-A	all	EUR	1	235	0.7121
HLA-A	all	EUR	2	24	0.0727
HLA-A	all	EUR	3	12	0.0364
HLA-A	all	EUR	4	6	0.0182
HLA-A	all	EUR	5	3	0.0091
HLA-A	all	EUR	6	5	0.0152
HLA-A	all	EUR	7	3	0.0091
HLA-A	all	EUR	8	2	0.0061
HLA-A	all	EUR	10	1	0.003
HLA-A	all	EUR	11	1	0.003
HLA-A	all	EUR	12	1	0.003
HLA-A	all	EUR	13	1	0.003
HLA-A	all	EUR	14	2	0.0061
HLA-A	all	EUR	19	2	0.0061
HLA-A	all	EUR	20	1	0.003
HLA-A	all	EUR	22	1	0.003
HLA-A	all	EUR	24	1	0.003
HLA-A	all	EUR	28	1	0.003
HLA-A	all	EUR	29	1	0.003
HLA-A	all	EUR	30	1	0.003
HLA-A	all	EUR	31	1	0.003
HLA-A	all	EUR	33	1	0.003
HLA-A	all	EUR	34	1	0.003
HLA-A	all	EUR	38	1	0.003
HLA-A	all	EUR	40	1	0.003
HLA-A	all	EUR	45	1	0.003
HLA-A	all	EUR	47	1	0.003
HLA-A	all	EUR	53	1	0.003
HLA-A	all	EUR	54	1	0.003
HLA-A	all	EUR	68	1	0.003
HLA-A	all	EUR	76	1	0.003
HLA-A	all	EUR	77	1	0.003
HLA-A	all	EUR	79	1	0.003
HLA-A	all	EUR	87	1	0.003
HLA-A	all	EUR	109	1	0.003
HLA-A	all	EUR	122	1	0.003
HLA-A	all	EUR	127	1	0.003
HLA-A	all	EUR	150	1	0.003
HLA-A	all	EUR	156	1	0.003
HLA-A	all	EUR	221	1	0.003
HLA-A	all	EUR	324	1	0.003
HLA-A	all	EUR	326	1	0.003
HLA-A	all	EUR	474	1	0.003
HLA-A	all	EUR	580	1	0.003
HLA-A	all	EUR	806	1	0.003
HLA-A	all	EUR	1194	1	0.003
HLA-A	all	MID	1	61	0.5701
HLA-A	all	MID	2	8	0.0748
HLA-A	all	MID	3	9	0.0841
HLA-A	all	MID	4	2	0.0187
HLA-A	all	MID	6	3	0.028
HLA-A	all	MID	7	1	0.0093
HLA-A	all	MID	9	2	0.0187
HLA-A	all	MID	12	1	0.0093
HLA-A	all	MID	13	1	0.0093
HLA-A	all	MID	14	2	0.0187
HLA-A	all	MID	15	1	0.0093
HLA-A	all	MID	16	1	0.0093
HLA-A	all	MID	19	1	0.0093
HLA-A	all	MID	23	1	0.0093
HLA-A	all	MID	25	1	0.0093
HLA-A	all	MID	26	1	0.0093
HLA-A	all	MID	28	1	0.0093
HLA-A	all	MID	33	1	0.0093
HLA-A	all	MID	34	1	0.0093
HLA-A	all	MID	35	1	0.0093
HLA-A	all	MID	37	1	0.0093
HLA-A	all	MID	38	1	0.0093
HLA-A	all	MID	40	2	0.0187
HLA-A	all	MID	103	1	0.0093
HLA-A	all	MID	109	1	0.0093
HLA-A	all	MID	138	1	0.0093
HLA-A	all	SAS	1	84	0.5753
HLA-A	all	SAS	2	10	0.0685
HLA-A	all	SAS	3	5	0.0342
HLA-A	all	SAS	4	5	0.0342
HLA-A	all	SAS	5	6	0.0411
HLA-A	all	SAS	6	4	0.0274
HLA-A	all	SAS	8	2	0.0137
HLA-A	all	SAS	9	2	0.0137
HLA-A	all	SAS	10	2	0.0137
HLA-A	all	SAS	11	2	0.0137
HLA-A	all	SAS	13	1	0.0068
HLA-A	all	SAS	17	1	0.0068
HLA-A	all	SAS	18	2	0.0137
HLA-A	all	SAS	23	1	0.0068
HLA-A	all	SAS	25	1	0.0068
HLA-A	all	SAS	28	1	0.0068
HLA-A	all	SAS	29	1	0.0068
HLA-A	all	SAS	31	1	0.0068
HLA-A	all	SAS	36	1	0.0068
HLA-A	all	SAS	37	1	0.0068
HLA-A	all	SAS	42	1	0.0068
HLA-A	all	SAS	45	1	0.0068
HLA-A	all	SAS	57	1	0.0068
HLA-A	all	SAS	67	1	0.0068
HLA-A	all	SAS	77	1	0.0068
HLA-A	all	SAS	80	1	0.0068
HLA-A	all	SAS	118	1	0.0068
HLA-A	all	SAS	130	1	0.0068
HLA-A	all	SAS	152	1	0.0068
HLA-A	all	SAS	246	1	0.0068
HLA-A	all	SAS	280	1	0.0068
HLA-A	all	SAS	308	1	0.0068
HLA-A	all	SAS	318	1	0.0068
HLA-A	all	POOLED	1	774	0.7626
HLA-A	all	POOLED	2	47	0.0463
HLA-A	all	POOLED	3	27	0.0266
HLA-A	all	POOLED	4	22	0.0217
HLA-A	all	POOLED	5	11	0.0108
HLA-A	all	POOLED	6	13	0.0128
HLA-A	all	POOLED	7	10	0.0099
HLA-A	all	POOLED	8	6	0.0059
HLA-A	all	POOLED	9	2	0.002
HLA-A	all	POOLED	10	6	0.0059
HLA-A	all	POOLED	11	6	0.0059
HLA-A	all	POOLED	12	4	0.0039
HLA-A	all	POOLED	13	1	0.001
HLA-A	all	POOLED	14	3	0.003
HLA-A	all	POOLED	15	2	0.002
HLA-A	all	POOLED	16	2	0.002
HLA-A	all	POOLED	17	4	0.0039
HLA-A	all	POOLED	18	2	0.002
HLA-A	all	POOLED	19	1	0.001
HLA-A	all	POOLED	20	4	0.0039
HLA-A	all	POOLED	22	2	0.002
HLA-A	all	POOLED	23	2	0.002
HLA-A	all	POOLED	26	2	0.002
HLA-A	all	POOLED	28	1	0.001
HLA-A	all	POOLED	29	1	0.001
HLA-A	all	POOLED	31	2	0.002
HLA-A	all	POOLED	33	1	0.001
HLA-A	all	POOLED	35	2	0.002
HLA-A	all	POOLED	37	1	0.001
HLA-A	all	POOLED	44	1	0.001
HLA-A	all	POOLED	46	1	0.001
HLA-A	all	POOLED	47	1	0.001
HLA-A	all	POOLED	53	1	0.001
HLA-A	all	POOLED	57	2	0.002
HLA-A	all	POOLED	63	1	0.001
HLA-A	all	POOLED	65	1	0.001
HLA-A	all	POOLED	66	1	0.001
HLA-A	all	POOLED	70	1	0.001
HLA-A	all	POOLED	71	1	0.001
HLA-A	all	POOLED	73	1	0.001
HLA-A	all	POOLED	75	1	0.001
HLA-A	all	POOLED	77	1	0.001
HLA-A	all	POOLED	78	1	0.001
HLA-A	all	POOLED	83	1	0.001
HLA-A	all	POOLED	96	1	0.001
HLA-A	all	POOLED	99	1	0.001
HLA-A	all	POOLED	103	1	0.001
HLA-A	all	POOLED	112	1	0.001
HLA-A	all	POOLED	129	1	0.001
HLA-A	all	POOLED	130	1	0.001
HLA-A	all	POOLED	131	1	0.001
HLA-A	all	POOLED	140	1	0.001
HLA-A	all	POOLED	150	1	0.001
HLA-A	all	POOLED	152	1	0.001
HLA-A	all	POOLED	158	1	0.001
HLA-A	all	POOLED	178	1	0.001
HLA-A	all	POOLED	186	1	0.001
HLA-A	all	POOLED	193	1	0.001
HLA-A	all	POOLED	198	1	0.001
HLA-A	all	POOLED	228	1	0.001
HLA-A	all	POOLED	252	1	0.001
HLA-A	all	POOLED	263	1	0.001
HLA-A	all	POOLED	300	1	0.001
HLA-A	all	POOLED	321	1	0.001
HLA-A	all	POOLED	323	1	0.001
HLA-A	all	POOLED	332	1	0.001
HLA-A	all	POOLED	343	1	0.001
HLA-A	all	POOLED	371	1	0.001
HLA-A	all	POOLED	375	1	0.001
HLA-A	all	POOLED	477	1	0.001
HLA-A	all	POOLED	514	1	0.001
HLA-A	all	POOLED	570	1	0.001
HLA-A	all	POOLED	584	1	0.001
HLA-A	all	POOLED	703	1	0.001
HLA-A	all	POOLED	731	1	0.001
HLA-A	all	POOLED	779	1	0.001
HLA-A	all	POOLED	918	1	0.001
HLA-A	all	POOLED	1331	1	0.001
HLA-A	all	POOLED	1481	1	0.001
HLA-A	all	POOLED	1880	1	0.001
HLA-A	all	POOLED	1982	1	0.001
HLA-A	all	POOLED	3457	1	0.001
HLA-A	known	AFR	1	46	0.377
HLA-A	known	AFR	2	16	0.1311
HLA-A	known	AFR	3	7	0.0574
HLA-A	known	AFR	4	5	0.041
HLA-A	known	AFR	5	1	0.0082
HLA-A	known	AFR	6	5	0.041
HLA-A	known	AFR	8	1	0.0082
HLA-A	known	AFR	9	1	0.0082
HLA-A	known	AFR	11	2	0.0164
HLA-A	known	AFR	12	1	0.0082
HLA-A	known	AFR	14	1	0.0082
HLA-A	known	AFR	16	1	0.0082
HLA-A	known	AFR	24	2	0.0164
HLA-A	known	AFR	32	1	0.0082
HLA-A	known	AFR	37	1	0.0082
HLA-A	known	AFR	39	1	0.0082
HLA-A	known	AFR	42	1	0.0082
HLA-A	known	AFR	43	1	0.0082
HLA-A	known	AFR	53	1	0.0082
HLA-A	known	AFR	55	1	0.0082
HLA-A	known	AFR	62	1	0.0082
HLA-A	known	AFR	69	1	0.0082
HLA-A	known	AFR	72	1	0.0082
HLA-A	known	AFR	75	1	0.0082
HLA-A	known	AFR	78	1	0.0082
HLA-A	known	AFR	81	1	0.0082
HLA-A	known	AFR	82	1	0.0082
HLA-A	known	AFR	103	1	0.0082
HLA-A	known	AFR	115	1	0.0082
HLA-A	known	AFR	117	1	0.0082
HLA-A	known	AFR	125	1	0.0082
HLA-A	known	AFR	128	1	0.0082
HLA-A	known	AFR	135	1	0.0082
HLA-A	known	AFR	143	1	0.0082
HLA-A	known	AFR	167	1	0.0082
HLA-A	known	AFR	168	1	0.0082
HLA-A	known	AFR	188	1	0.0082
HLA-A	known	AFR	200	1	0.0082
HLA-A	known	AFR	211	1	0.0082
HLA-A	known	AFR	238	1	0.0082
HLA-A	known	AFR	240	1	0.0082
HLA-A	known	AFR	307	1	0.0082
HLA-A	known	AFR	321	1	0.0082
HLA-A	known	AFR	385	1	0.0082
HLA-A	known	AFR	519	1	0.0082
HLA-A	known	AFR	716	1	0.0082
HLA-A	known	AMR	1	65	0.4194
HLA-A	known	AMR	2	15	0.0968
HLA-A	known	AMR	3	12	0.0774
HLA-A	known	AMR	4	5	0.0323
HLA-A	known	AMR	5	4	0.0258
HLA-A	known	AMR	6	3	0.0194
HLA-A	known	AMR	7	2	0.0129
HLA-A	known	AMR	8	2	0.0129
HLA-A	known	AMR	9	4	0.0258
HLA-A	known	AMR	10	3	0.0194
HLA-A	known	AMR	11	1	0.0065
HLA-A	known	AMR	12	1	0.0065
HLA-A	known	AMR	13	1	0.0065
HLA-A	known	AMR	14	2	0.0129
HLA-A	known	AMR	17	1	0.0065
HLA-A	known	AMR	18	1	0.0065
HLA-A	known	AMR	19	2	0.0129
HLA-A	known	AMR	22	2	0.0129
HLA-A	known	AMR	23	1	0.0065
HLA-A	known	AMR	24	1	0.0065
HLA-A	known	AMR	28	1	0.0065
HLA-A	known	AMR	34	1	0.0065
HLA-A	known	AMR	43	1	0.0065
HLA-A	known	AMR	45	1	0.0065
HLA-A	known	AMR	46	1	0.0065
HLA-A	known	AMR	56	1	0.0065
HLA-A	known	AMR	58	1	0.0065
HLA-A	known	AMR	67	2	0.0129
HLA-A	known	AMR	72	1	0.0065
HLA-A	known	AMR	73	1	0.0065
HLA-A	known	AMR	78	1	0.0065
HLA-A	known	AMR	114	1	0.0065
HLA-A	known	AMR	127	1	0.0065
HLA-A	known	AMR	129	1	0.0065
HLA-A	known	AMR	132	1	0.0065
HLA-A	known	AMR	137	1	0.0065
HLA-A	known	AMR	144	1	0.0065
HLA-A	known	AMR	157	1	0.0065
HLA-A	known	AMR	170	1	0.0065
HLA-A	known	AMR	190	1	0.0065
HLA-A	known	AMR	214	1	0.0065
HLA-A	known	AMR	221	1	0.0065
HLA-A	known	AMR	291	1	0.0065
HLA-A	known	AMR	339	1	0.0065
HLA-A	known	AMR	531	1	0.0065
HLA-A	known	AMR	1039	1	0.0065
HLA-A	known	EAS	1	32	0.3855
HLA-A	known	EAS	2	8	0.0964
HLA-A	known	EAS	3	3	0.0361
HLA-A	known	EAS	4	5	0.0602
HLA-A	known	EAS	5	2	0.0241
HLA-A	known	EAS	6	5	0.0602
HLA-A	known	EAS	7	4	0.0482
HLA-A	known	EAS	8	2	0.0241
HLA-A	known	EAS	9	1	0.012
HLA-A	known	EAS	10	3	0.0361
HLA-A	known	EAS	16	1	0.012
HLA-A	known	EAS	28	1	0.012
HLA-A	known	EAS	33	1	0.012
HLA-A	known	EAS	54	2	0.0241
HLA-A	known	EAS	58	1	0.012
HLA-A	known	EAS	64	1	0.012
HLA-A	known	EAS	67	1	0.012
HLA-A	known	EAS	74	1	0.012
HLA-A	known	EAS	97	1	0.012
HLA-A	known	EAS	101	1	0.012
HLA-A	known	EAS	103	1	0.012
HLA-A	known	EAS	120	1	0.012
HLA-A	known	EAS	184	1	0.012
HLA-A	known	EAS	241	1	0.012
HLA-A	known	EAS	255	1	0.012
HLA-A	known	EAS	474	1	0.012
HLA-A	known	EAS	520	1	0.012
HLA-A	known	EUR	1	47	0.3983
HLA-A	known	EUR	2	17	0.1441
HLA-A	known	EUR	3	6	0.0508
HLA-A	known	EUR	4	5	0.0424
HLA-A	known	EUR	5	3	0.0254
HLA-A	known	EUR	6	4	0.0339
HLA-A	known	EUR	7	1	0.0085
HLA-A	known	EUR	8	1	0.0085
HLA-A	known	EUR	10	1	0.0085
HLA-A	known	EUR	14	2	0.0169
HLA-A	known	EUR	19	2	0.0169
HLA-A	known	EUR	20	1	0.0085
HLA-A	known	EUR	22	1	0.0085
HLA-A	known	EUR	28	1	0.0085
HLA-A	known	EUR	29	1	0.0085
HLA-A	known	EUR	31	1	0.0085
HLA-A	known	EUR	34	1	0.0085
HLA-A	known	EUR	38	1	0.0085
HLA-A	known	EUR	40	1	0.0085
HLA-A	known	EUR	45	1	0.0085
HLA-A	known	EUR	47	1	0.0085
HLA-A	known	EUR	53	1	0.0085
HLA-A	known	EUR	54	1	0.0085
HLA-A	known	EUR	68	1	0.0085
HLA-A	known	EUR	76	1	0.0085
HLA-A	known	EUR	77	1	0.0085
HLA-A	known	EUR	79	1	0.0085
HLA-A	known	EUR	87	1	0.0085
HLA-A	known	EUR	109	1	0.0085
HLA-A	known	EUR	122	1	0.0085
HLA-A	known	EUR	127	1	0.0085
HLA-A	known	EUR	150	1	0.0085
HLA-A	known	EUR	156	1	0.0085
HLA-A	known	EUR	221	1	0.0085
HLA-A	known	EUR	324	1	0.0085
HLA-A	known	EUR	326	1	0.0085
HLA-A	known	EUR	474	1	0.0085
HLA-A	known	EUR	580	1	0.0085
HLA-A	known	EUR	806	1	0.0085
HLA-A	known	EUR	1194	1	0.0085
HLA-A	known	MID	1	27	0.403
HLA-A	known	MID	2	4	0.0597
HLA-A	known	MID	3	8	0.1194
HLA-A	known	MID	4	1	0.0149
HLA-A	known	MID	6	3	0.0448
HLA-A	known	MID	7	1	0.0149
HLA-A	known	MID	9	2	0.0299
HLA-A	known	MID	12	1	0.0149
HLA-A	known	MID	13	1	0.0149
HLA-A	known	MID	14	2	0.0299
HLA-A	known	MID	15	1	0.0149
HLA-A	known	MID	16	1	0.0149
HLA-A	known	MID	19	1	0.0149
HLA-A	known	MID	23	1	0.0149
HLA-A	known	MID	25	1	0.0149
HLA-A	known	MID	26	1	0.0149
HLA-A	known	MID	28	1	0.0149
HLA-A	known	MID	33	1	0.0149
HLA-A	known	MID	34	1	0.0149
HLA-A	known	MID	35	1	0.0149
HLA-A	known	MID	37	1	0.0149
HLA-A	known	MID	38	1	0.0149
HLA-A	known	MID	40	2	0.0299
HLA-A	known	MID	103	1	0.0149
HLA-A	known	MID	109	1	0.0149
HLA-A	known	MID	138	1	0.0149
HLA-A	known	SAS	1	21	0.3088
HLA-A	known	SAS	2	5	0.0735
HLA-A	known	SAS	3	2	0.0294
HLA-A	known	SAS	4	4	0.0588
HLA-A	known	SAS	5	5	0.0735
HLA-A	known	SAS	6	2	0.0294
HLA-A	known	SAS	8	1	0.0147
HLA-A	known	SAS	9	1	0.0147
HLA-A	known	SAS	10	2	0.0294
HLA-A	known	SAS	11	1	0.0147
HLA-A	known	SAS	13	1	0.0147
HLA-A	known	SAS	17	1	0.0147
HLA-A	known	SAS	18	2	0.0294
HLA-A	known	SAS	23	1	0.0147
HLA-A	known	SAS	25	1	0.0147
HLA-A	known	SAS	28	1	0.0147
HLA-A	known	SAS	29	1	0.0147
HLA-A	known	SAS	31	1	0.0147
HLA-A	known	SAS	36	1	0.0147
HLA-A	known	SAS	37	1	0.0147
HLA-A	known	SAS	42	1	0.0147
HLA-A	known	SAS	45	1	0.0147
HLA-A	known	SAS	57	1	0.0147
HLA-A	known	SAS	67	1	0.0147
HLA-A	known	SAS	77	1	0.0147
HLA-A	known	SAS	80	1	0.0147
HLA-A	known	SAS	118	1	0.0147
HLA-A	known	SAS	130	1	0.0147
HLA-A	known	SAS	152	1	0.0147
HLA-A	known	SAS	246	1	0.0147
HLA-A	known	SAS	280	1	0.0147
HLA-A	known	SAS	308	1	0.0147
HLA-A	known	SAS	318	1	0.0147
HLA-A	known	POOLED	1	122	0.4108
HLA-A	known	POOLED	2	30	0.101
HLA-A	known	POOLED	3	19	0.064
HLA-A	known	POOLED	4	17	0.0572
HLA-A	known	POOLED	5	5	0.0168
HLA-A	known	POOLED	6	9	0.0303
HLA-A	known	POOLED	7	7	0.0236
HLA-A	known	POOLED	8	5	0.0168
HLA-A	known	POOLED	9	2	0.0067
HLA-A	known	POOLED	10	6	0.0202
HLA-A	known	POOLED	11	4	0.0135
HLA-A	known	POOLED	12	2	0.0067
HLA-A	known	POOLED	13	1	0.0034
HLA-A	known	POOLED	14	3	0.0101
HLA-A	known	POOLED	15	1	0.0034
HLA-A	known	POOLED	16	1	0.0034
HLA-A	known	POOLED	17	1	0.0034
HLA-A	known	POOLED	18	1	0.0034
HLA-A	known	POOLED	20	3	0.0101
HLA-A	known	POOLED	22	2	0.0067
HLA-A	known	POOLED	23	1	0.0034
HLA-A	known	POOLED	26	1	0.0034
HLA-A	known	POOLED	28	1	0.0034
HLA-A	known	POOLED	29	1	0.0034
HLA-A	known	POOLED	33	1	0.0034
HLA-A	known	POOLED	37	1	0.0034
HLA-A	known	POOLED	44	1	0.0034
HLA-A	known	POOLED	47	1	0.0034
HLA-A	known	POOLED	53	1	0.0034
HLA-A	known	POOLED	57	1	0.0034
HLA-A	known	POOLED	63	1	0.0034
HLA-A	known	POOLED	65	1	0.0034
HLA-A	known	POOLED	70	1	0.0034
HLA-A	known	POOLED	71	1	0.0034
HLA-A	known	POOLED	73	1	0.0034
HLA-A	known	POOLED	75	1	0.0034
HLA-A	known	POOLED	77	1	0.0034
HLA-A	known	POOLED	78	1	0.0034
HLA-A	known	POOLED	83	1	0.0034
HLA-A	known	POOLED	96	1	0.0034
HLA-A	known	POOLED	103	1	0.0034
HLA-A	known	POOLED	112	1	0.0034
HLA-A	known	POOLED	129	1	0.0034
HLA-A	known	POOLED	130	1	0.0034
HLA-A	known	POOLED	131	1	0.0034
HLA-A	known	POOLED	140	1	0.0034
HLA-A	known	POOLED	150	1	0.0034
HLA-A	known	POOLED	152	1	0.0034
HLA-A	known	POOLED	158	1	0.0034
HLA-A	known	POOLED	178	1	0.0034
HLA-A	known	POOLED	186	1	0.0034
HLA-A	known	POOLED	193	1	0.0034
HLA-A	known	POOLED	198	1	0.0034
HLA-A	known	POOLED	228	1	0.0034
HLA-A	known	POOLED	252	1	0.0034
HLA-A	known	POOLED	263	1	0.0034
HLA-A	known	POOLED	300	1	0.0034
HLA-A	known	POOLED	321	1	0.0034
HLA-A	known	POOLED	323	1	0.0034
HLA-A	known	POOLED	332	1	0.0034
HLA-A	known	POOLED	343	1	0.0034
HLA-A	known	POOLED	371	1	0.0034
HLA-A	known	POOLED	375	1	0.0034
HLA-A	known	POOLED	477	1	0.0034
HLA-A	known	POOLED	514	1	0.0034
HLA-A	known	POOLED	570	1	0.0034
HLA-A	known	POOLED	584	1	0.0034
HLA-A	known	POOLED	703	1	0.0034
HLA-A	known	POOLED	731	1	0.0034
HLA-A	known	POOLED	779	1	0.0034
HLA-A	known	POOLED	918	1	0.0034
HLA-A	known	POOLED	1331	1	0.0034
HLA-A	known	POOLED	1481	1	0.0034
HLA-A	known	POOLED	1880	1	0.0034
HLA-A	known	POOLED	1982	1	0.0034
HLA-A	known	POOLED	3457	1	0.0034
HLA-A	novel	AFR	1	208	0.8851
HLA-A	novel	AFR	2	6	0.0255
HLA-A	novel	AFR	3	7	0.0298
HLA-A	novel	AFR	4	2	0.0085
HLA-A	novel	AFR	7	1	0.0043
HLA-A	novel	AFR	8	2	0.0085
HLA-A	novel	AFR	9	1	0.0043
HLA-A	novel	AFR	11	2	0.0085
HLA-A	novel	AFR	14	2	0.0085
HLA-A	novel	AFR	16	1	0.0043
HLA-A	novel	AFR	18	1	0.0043
HLA-A	novel	AFR	23	1	0.0043
HLA-A	novel	AFR	26	1	0.0043
HLA-A	novel	AMR	1	142	0.8304
HLA-A	novel	AMR	2	5	0.0292
HLA-A	novel	AMR	3	5	0.0292
HLA-A	novel	AMR	4	3	0.0175
HLA-A	novel	AMR	5	8	0.0468
HLA-A	novel	AMR	6	1	0.0058
HLA-A	novel	AMR	7	1	0.0058
HLA-A	novel	AMR	8	1	0.0058
HLA-A	novel	AMR	9	1	0.0058
HLA-A	novel	AMR	10	1	0.0058
HLA-A	novel	AMR	11	1	0.0058
HLA-A	novel	AMR	12	1	0.0058
HLA-A	novel	AMR	25	1	0.0058
HLA-A	novel	EAS	1	95	0.8796
HLA-A	novel	EAS	2	4	0.037
HLA-A	novel	EAS	3	1	0.0093
HLA-A	novel	EAS	4	2	0.0185
HLA-A	novel	EAS	6	1	0.0093
HLA-A	novel	EAS	7	1	0.0093
HLA-A	novel	EAS	9	1	0.0093
HLA-A	novel	EAS	10	1	0.0093
HLA-A	novel	EAS	11	1	0.0093
HLA-A	novel	EAS	14	1	0.0093
HLA-A	novel	EUR	1	188	0.8868
HLA-A	novel	EUR	2	7	0.033
HLA-A	novel	EUR	3	6	0.0283
HLA-A	novel	EUR	4	1	0.0047
HLA-A	novel	EUR	6	1	0.0047
HLA-A	novel	EUR	7	2	0.0094
HLA-A	novel	EUR	8	1	0.0047
HLA-A	novel	EUR	11	1	0.0047
HLA-A	novel	EUR	12	1	0.0047
HLA-A	novel	EUR	13	1	0.0047
HLA-A	novel	EUR	24	1	0.0047
HLA-A	novel	EUR	30	1	0.0047
HLA-A	novel	EUR	33	1	0.0047
HLA-A	novel	MID	1	34	0.85
HLA-A	novel	MID	2	4	0.1
HLA-A	novel	MID	3	1	0.025
HLA-A	novel	MID	4	1	0.025
HLA-A	novel	SAS	1	63	0.8077
HLA-A	novel	SAS	2	5	0.0641
HLA-A	novel	SAS	3	3	0.0385
HLA-A	novel	SAS	4	1	0.0128
HLA-A	novel	SAS	5	1	0.0128
HLA-A	novel	SAS	6	2	0.0256
HLA-A	novel	SAS	8	1	0.0128
HLA-A	novel	SAS	9	1	0.0128
HLA-A	novel	SAS	11	1	0.0128
HLA-A	novel	POOLED	1	652	0.9081
HLA-A	novel	POOLED	2	17	0.0237
HLA-A	novel	POOLED	3	8	0.0111
HLA-A	novel	POOLED	4	5	0.007
HLA-A	novel	POOLED	5	6	0.0084
HLA-A	novel	POOLED	6	4	0.0056
HLA-A	novel	POOLED	7	3	0.0042
HLA-A	novel	POOLED	8	1	0.0014
HLA-A	novel	POOLED	11	2	0.0028
HLA-A	novel	POOLED	12	2	0.0028
HLA-A	novel	POOLED	15	1	0.0014
HLA-A	novel	POOLED	16	1	0.0014
HLA-A	novel	POOLED	17	3	0.0042
HLA-A	novel	POOLED	18	1	0.0014
HLA-A	novel	POOLED	19	1	0.0014
HLA-A	novel	POOLED	20	1	0.0014
HLA-A	novel	POOLED	23	1	0.0014
HLA-A	novel	POOLED	26	1	0.0014
HLA-A	novel	POOLED	31	2	0.0028
HLA-A	novel	POOLED	35	2	0.0028
HLA-A	novel	POOLED	46	1	0.0014
HLA-A	novel	POOLED	57	1	0.0014
HLA-A	novel	POOLED	66	1	0.0014
HLA-A	novel	POOLED	99	1	0.0014
HLA-B	all	AFR	1	322	0.618
HLA-B	all	AFR	2	46	0.0883
HLA-B	all	AFR	3	24	0.0461
HLA-B	all	AFR	4	14	0.0269
HLA-B	all	AFR	5	12	0.023
HLA-B	all	AFR	6	6	0.0115
HLA-B	all	AFR	7	5	0.0096
HLA-B	all	AFR	8	3	0.0058
HLA-B	all	AFR	9	3	0.0058
HLA-B	all	AFR	10	5	0.0096
HLA-B	all	AFR	11	3	0.0058
HLA-B	all	AFR	12	6	0.0115
HLA-B	all	AFR	13	2	0.0038
HLA-B	all	AFR	14	2	0.0038
HLA-B	all	AFR	15	4	0.0077
HLA-B	all	AFR	16	1	0.0019
HLA-B	all	AFR	17	1	0.0019
HLA-B	all	AFR	18	2	0.0038
HLA-B	all	AFR	19	3	0.0058
HLA-B	all	AFR	20	2	0.0038
HLA-B	all	AFR	22	2	0.0038
HLA-B	all	AFR	23	1	0.0019
HLA-B	all	AFR	24	1	0.0019
HLA-B	all	AFR	26	2	0.0038
HLA-B	all	AFR	28	1	0.0019
HLA-B	all	AFR	31	1	0.0019
HLA-B	all	AFR	32	3	0.0058
HLA-B	all	AFR	34	3	0.0058
HLA-B	all	AFR	35	2	0.0038
HLA-B	all	AFR	36	1	0.0019
HLA-B	all	AFR	37	2	0.0038
HLA-B	all	AFR	39	1	0.0019
HLA-B	all	AFR	40	1	0.0019
HLA-B	all	AFR	41	1	0.0019
HLA-B	all	AFR	43	2	0.0038
HLA-B	all	AFR	45	1	0.0019
HLA-B	all	AFR	48	3	0.0058
HLA-B	all	AFR	55	1	0.0019
HLA-B	all	AFR	58	2	0.0038
HLA-B	all	AFR	59	1	0.0019
HLA-B	all	AFR	60	1	0.0019
HLA-B	all	AFR	65	1	0.0019
HLA-B	all	AFR	66	1	0.0019
HLA-B	all	AFR	72	1	0.0019
HLA-B	all	AFR	73	1	0.0019
HLA-B	all	AFR	76	1	0.0019
HLA-B	all	AFR	88	1	0.0019
HLA-B	all	AFR	112	1	0.0019
HLA-B	all	AFR	115	1	0.0019
HLA-B	all	AFR	121	1	0.0019
HLA-B	all	AFR	132	1	0.0019
HLA-B	all	AFR	141	1	0.0019
HLA-B	all	AFR	150	1	0.0019
HLA-B	all	AFR	156	1	0.0019
HLA-B	all	AFR	165	1	0.0019
HLA-B	all	AFR	174	1	0.0019
HLA-B	all	AFR	182	1	0.0019
HLA-B	all	AFR	187	1	0.0019
HLA-B	all	AFR	196	1	0.0019
HLA-B	all	AFR	203	1	0.0019
HLA-B	all	AFR	271	1	0.0019
HLA-B	all	AFR	341	1	0.0019
HLA-B	all	AFR	582	1	0.0019
HLA-B	all	AMR	1	277	0.5421
HLA-B	all	AMR	2	45	0.0881
HLA-B	all	AMR	3	23	0.045
HLA-B	all	AMR	4	20	0.0391
HLA-B	all	AMR	5	13	0.0254
HLA-B	all	AMR	6	9	0.0176
HLA-B	all	AMR	7	6	0.0117
HLA-B	all	AMR	8	5	0.0098
HLA-B	all	AMR	9	4	0.0078
HLA-B	all	AMR	10	4	0.0078
HLA-B	all	AMR	11	5	0.0098
HLA-B	all	AMR	12	2	0.0039
HLA-B	all	AMR	13	3	0.0059
HLA-B	all	AMR	14	6	0.0117
HLA-B	all	AMR	15	2	0.0039
HLA-B	all	AMR	16	3	0.0059
HLA-B	all	AMR	17	4	0.0078
HLA-B	all	AMR	18	3	0.0059
HLA-B	all	AMR	19	4	0.0078
HLA-B	all	AMR	20	5	0.0098
HLA-B	all	AMR	21	3	0.0059
HLA-B	all	AMR	22	1	0.002
HLA-B	all	AMR	23	1	0.002
HLA-B	all	AMR	24	2	0.0039
HLA-B	all	AMR	25	2	0.0039
HLA-B	all	AMR	26	4	0.0078
HLA-B	all	AMR	27	1	0.002
HLA-B	all	AMR	28	2	0.0039
HLA-B	all	AMR	29	2	0.0039
HLA-B	all	AMR	30	1	0.002
HLA-B	all	AMR	31	2	0.0039
HLA-B	all	AMR	32	1	0.002
HLA-B	all	AMR	33	5	0.0098
HLA-B	all	AMR	34	1	0.002
HLA-B	all	AMR	36	3	0.0059
HLA-B	all	AMR	37	1	0.002
HLA-B	all	AMR	38	1	0.002
HLA-B	all	AMR	40	1	0.002
HLA-B	all	AMR	41	1	0.002
HLA-B	all	AMR	43	1	0.002
HLA-B	all	AMR	44	1	0.002
HLA-B	all	AMR	47	1	0.002
HLA-B	all	AMR	48	3	0.0059
HLA-B	all	AMR	50	2	0.0039
HLA-B	all	AMR	51	1	0.002
HLA-B	all	AMR	52	1	0.002
HLA-B	all	AMR	53	1	0.002
HLA-B	all	AMR	55	1	0.002
HLA-B	all	AMR	56	1	0.002
HLA-B	all	AMR	58	1	0.002
HLA-B	all	AMR	59	1	0.002
HLA-B	all	AMR	63	1	0.002
HLA-B	all	AMR	69	2	0.0039
HLA-B	all	AMR	75	1	0.002
HLA-B	all	AMR	80	1	0.002
HLA-B	all	AMR	82	1	0.002
HLA-B	all	AMR	85	1	0.002
HLA-B	all	AMR	99	1	0.002
HLA-B	all	AMR	109	1	0.002
HLA-B	all	AMR	112	1	0.002
HLA-B	all	AMR	127	1	0.002
HLA-B	all	AMR	146	1	0.002
HLA-B	all	AMR	149	1	0.002
HLA-B	all	AMR	162	1	0.002
HLA-B	all	AMR	177	1	0.002
HLA-B	all	AMR	184	1	0.002
HLA-B	all	AMR	220	1	0.002
HLA-B	all	AMR	276	1	0.002
HLA-B	all	EAS	1	163	0.5224
HLA-B	all	EAS	2	32	0.1026
HLA-B	all	EAS	3	20	0.0641
HLA-B	all	EAS	4	3	0.0096
HLA-B	all	EAS	5	7	0.0224
HLA-B	all	EAS	6	6	0.0192
HLA-B	all	EAS	7	2	0.0064
HLA-B	all	EAS	8	8	0.0256
HLA-B	all	EAS	9	6	0.0192
HLA-B	all	EAS	10	1	0.0032
HLA-B	all	EAS	11	7	0.0224
HLA-B	all	EAS	12	3	0.0096
HLA-B	all	EAS	13	6	0.0192
HLA-B	all	EAS	14	4	0.0128
HLA-B	all	EAS	15	2	0.0064
HLA-B	all	EAS	16	3	0.0096
HLA-B	all	EAS	17	2	0.0064
HLA-B	all	EAS	18	3	0.0096
HLA-B	all	EAS	19	1	0.0032
HLA-B	all	EAS	21	1	0.0032
HLA-B	all	EAS	22	1	0.0032
HLA-B	all	EAS	24	1	0.0032
HLA-B	all	EAS	25	2	0.0064
HLA-B	all	EAS	29	2	0.0064
HLA-B	all	EAS	30	1	0.0032
HLA-B	all	EAS	31	1	0.0032
HLA-B	all	EAS	32	1	0.0032
HLA-B	all	EAS	34	2	0.0064
HLA-B	all	EAS	35	2	0.0064
HLA-B	all	EAS	36	2	0.0064
HLA-B	all	EAS	40	2	0.0064
HLA-B	all	EAS	41	2	0.0064
HLA-B	all	EAS	42	1	0.0032
HLA-B	all	EAS	51	1	0.0032
HLA-B	all	EAS	55	1	0.0032
HLA-B	all	EAS	56	1	0.0032
HLA-B	all	EAS	71	2	0.0064
HLA-B	all	EAS	76	1	0.0032
HLA-B	all	EAS	92	1	0.0032
HLA-B	all	EAS	115	1	0.0032
HLA-B	all	EAS	124	1	0.0032
HLA-B	all	EAS	177	1	0.0032
HLA-B	all	EAS	199	1	0.0032
HLA-B	all	EAS	206	1	0.0032
HLA-B	all	EUR	1	301	0.6364
HLA-B	all	EUR	2	37	0.0782
HLA-B	all	EUR	3	17	0.0359
HLA-B	all	EUR	4	12	0.0254
HLA-B	all	EUR	5	6	0.0127
HLA-B	all	EUR	6	4	0.0085
HLA-B	all	EUR	7	7	0.0148
HLA-B	all	EUR	8	3	0.0063
HLA-B	all	EUR	9	6	0.0127
HLA-B	all	EUR	10	2	0.0042
HLA-B	all	EUR	11	1	0.0021
HLA-B	all	EUR	12	4	0.0085
HLA-B	all	EUR	13	4	0.0085
HLA-B	all	EUR	14	3	0.0063
HLA-B	all	EUR	15	4	0.0085
HLA-B	all	EUR	16	3	0.0063
HLA-B	all	EUR	17	4	0.0085
HLA-B	all	EUR	19	1	0.0021
HLA-B	all	EUR	20	2	0.0042
HLA-B	all	EUR	21	2	0.0042
HLA-B	all	EUR	22	2	0.0042
HLA-B	all	EUR	23	2	0.0042
HLA-B	all	EUR	27	3	0.0063
HLA-B	all	EUR	28	3	0.0063
HLA-B	all	EUR	29	1	0.0021
HLA-B	all	EUR	30	2	0.0042
HLA-B	all	EUR	32	1	0.0021
HLA-B	all	EUR	33	2	0.0042
HLA-B	all	EUR	34	1	0.0021
HLA-B	all	EUR	38	1	0.0021
HLA-B	all	EUR	40	2	0.0042
HLA-B	all	EUR	41	1	0.0021
HLA-B	all	EUR	43	2	0.0042
HLA-B	all	EUR	54	1	0.0021
HLA-B	all	EUR	56	1	0.0021
HLA-B	all	EUR	60	2	0.0042
HLA-B	all	EUR	65	1	0.0021
HLA-B	all	EUR	68	1	0.0021
HLA-B	all	EUR	72	1	0.0021
HLA-B	all	EUR	85	1	0.0021
HLA-B	all	EUR	86	1	0.0021
HLA-B	all	EUR	91	1	0.0021
HLA-B	all	EUR	95	1	0.0021
HLA-B	all	EUR	97	1	0.0021
HLA-B	all	EUR	99	1	0.0021
HLA-B	all	EUR	102	1	0.0021
HLA-B	all	EUR	106	1	0.0021
HLA-B	all	EUR	115	1	0.0021
HLA-B	all	EUR	123	1	0.0021
HLA-B	all	EUR	132	1	0.0021
HLA-B	all	EUR	174	1	0.0021
HLA-B	all	EUR	192	1	0.0021
HLA-B	all	EUR	203	1	0.0021
HLA-B	all	EUR	270	1	0.0021
HLA-B	all	EUR	289	1	0.0021
HLA-B	all	EUR	294	1	0.0021
HLA-B	all	EUR	335	1	0.0021
HLA-B	all	EUR	413	1	0.0021
HLA-B	all	EUR	460	1	0.0021
HLA-B	all	MID	1	78	0.4483
HLA-B	all	MID	2	23	0.1322
HLA-B	all	MID	3	11	0.0632
HLA-B	all	MID	4	8	0.046
HLA-B	all	MID	5	11	0.0632
HLA-B	all	MID	6	5	0.0287
HLA-B	all	MID	7	5	0.0287
HLA-B	all	MID	8	2	0.0115
HLA-B	all	MID	9	4	0.023
HLA-B	all	MID	10	2	0.0115
HLA-B	all	MID	11	2	0.0115
HLA-B	all	MID	13	1	0.0057
HLA-B	all	MID	14	1	0.0057
HLA-B	all	MID	15	2	0.0115
HLA-B	all	MID	16	1	0.0057
HLA-B	all	MID	17	1	0.0057
HLA-B	all	MID	18	3	0.0172
HLA-B	all	MID	19	2	0.0115
HLA-B	all	MID	22	1	0.0057
HLA-B	all	MID	24	1	0.0057
HLA-B	all	MID	26	1	0.0057
HLA-B	all	MID	27	1	0.0057
HLA-B	all	MID	29	2	0.0115
HLA-B	all	MID	31	1	0.0057
HLA-B	all	MID	33	1	0.0057
HLA-B	all	MID	34	1	0.0057
HLA-B	all	MID	37	1	0.0057
HLA-B	all	MID	48	1	0.0057
HLA-B	all	MID	49	1	0.0057
HLA-B	all	SAS	1	138	0.5498
HLA-B	all	SAS	2	26	0.1036
HLA-B	all	SAS	3	11	0.0438
HLA-B	all	SAS	4	3	0.012
HLA-B	all	SAS	5	10	0.0398
HLA-B	all	SAS	6	3	0.012
HLA-B	all	SAS	7	2	0.008
HLA-B	all	SAS	8	2	0.008
HLA-B	all	SAS	9	3	0.012
HLA-B	all	SAS	10	4	0.0159
HLA-B	all	SAS	11	1	0.004
HLA-B	all	SAS	12	1	0.004
HLA-B	all	SAS	13	4	0.0159
HLA-B	all	SAS	14	2	0.008
HLA-B	all	SAS	15	3	0.012
HLA-B	all	SAS	16	2	0.008
HLA-B	all	SAS	17	2	0.008
HLA-B	all	SAS	18	1	0.004
HLA-B	all	SAS	19	1	0.004
HLA-B	all	SAS	20	1	0.004
HLA-B	all	SAS	21	1	0.004
HLA-B	all	SAS	22	3	0.012
HLA-B	all	SAS	23	1	0.004
HLA-B	all	SAS	24	1	0.004
HLA-B	all	SAS	25	1	0.004
HLA-B	all	SAS	26	1	0.004
HLA-B	all	SAS	28	2	0.008
HLA-B	all	SAS	30	1	0.004
HLA-B	all	SAS	33	2	0.008
HLA-B	all	SAS	34	2	0.008
HLA-B	all	SAS	37	1	0.004
HLA-B	all	SAS	40	1	0.004
HLA-B	all	SAS	41	1	0.004
HLA-B	all	SAS	43	1	0.004
HLA-B	all	SAS	47	1	0.004
HLA-B	all	SAS	62	1	0.004
HLA-B	all	SAS	69	1	0.004
HLA-B	all	SAS	76	1	0.004
HLA-B	all	SAS	87	1	0.004
HLA-B	all	SAS	93	1	0.004
HLA-B	all	SAS	96	1	0.004
HLA-B	all	SAS	106	1	0.004
HLA-B	all	SAS	128	1	0.004
HLA-B	all	SAS	142	1	0.004
HLA-B	all	SAS	156	1	0.004
HLA-B	all	SAS	177	1	0.004
HLA-B	all	POOLED	1	984	0.6876
HLA-B	all	POOLED	2	99	0.0692
HLA-B	all	POOLED	3	31	0.0217
HLA-B	all	POOLED	4	34	0.0238
HLA-B	all	POOLED	5	20	0.014
HLA-B	all	POOLED	6	17	0.0119
HLA-B	all	POOLED	7	11	0.0077
HLA-B	all	POOLED	8	8	0.0056
HLA-B	all	POOLED	9	10	0.007
HLA-B	all	POOLED	10	4	0.0028
HLA-B	all	POOLED	11	8	0.0056
HLA-B	all	POOLED	12	5	0.0035
HLA-B	all	POOLED	13	5	0.0035
HLA-B	all	POOLED	14	7	0.0049
HLA-B	all	POOLED	15	6	0.0042
HLA-B	all	POOLED	16	3	0.0021
HLA-B	all	POOLED	17	3	0.0021
HLA-B	all	POOLED	18	5	0.0035
HLA-B	all	POOLED	19	8	0.0056
HLA-B	all	POOLED	20	3	0.0021
HLA-B	all	POOLED	21	6	0.0042
HLA-B	all	POOLED	22	1	0.0007
HLA-B	all	POOLED	23	4	0.0028
HLA-B	all	POOLED	24	2	0.0014
HLA-B	all	POOLED	25	2	0.0014
HLA-B	all	POOLED	26	1	0.0007
HLA-B	all	POOLED	27	5	0.0035
HLA-B	all	POOLED	28	1	0.0007
HLA-B	all	POOLED	29	3	0.0021
HLA-B	all	POOLED	30	3	0.0021
HLA-B	all	POOLED	31	3	0.0021
HLA-B	all	POOLED	32	1	0.0007
HLA-B	all	POOLED	33	1	0.0007
HLA-B	all	POOLED	34	4	0.0028
HLA-B	all	POOLED	35	3	0.0021
HLA-B	all	POOLED	36	2	0.0014
HLA-B	all	POOLED	38	2	0.0014
HLA-B	all	POOLED	39	5	0.0035
HLA-B	all	POOLED	40	1	0.0007
HLA-B	all	POOLED	41	4	0.0028
HLA-B	all	POOLED	44	3	0.0021
HLA-B	all	POOLED	45	2	0.0014
HLA-B	all	POOLED	46	1	0.0007
HLA-B	all	POOLED	47	1	0.0007
HLA-B	all	POOLED	48	1	0.0007
HLA-B	all	POOLED	50	1	0.0007
HLA-B	all	POOLED	51	3	0.0021
HLA-B	all	POOLED	52	3	0.0021
HLA-B	all	POOLED	53	1	0.0007
HLA-B	all	POOLED	56	1	0.0007
HLA-B	all	POOLED	58	2	0.0014
HLA-B	all	POOLED	60	3	0.0021
HLA-B	all	POOLED	61	1	0.0007
HLA-B	all	POOLED	63	1	0.0007
HLA-B	all	POOLED	64	1	0.0007
HLA-B	all	POOLED	66	1	0.0007
HLA-B	all	POOLED	67	3	0.0021
HLA-B	all	POOLED	68	1	0.0007
HLA-B	all	POOLED	71	2	0.0014
HLA-B	all	POOLED	74	1	0.0007
HLA-B	all	POOLED	77	1	0.0007
HLA-B	all	POOLED	79	2	0.0014
HLA-B	all	POOLED	80	1	0.0007
HLA-B	all	POOLED	83	1	0.0007
HLA-B	all	POOLED	84	1	0.0007
HLA-B	all	POOLED	86	2	0.0014
HLA-B	all	POOLED	87	1	0.0007
HLA-B	all	POOLED	89	1	0.0007
HLA-B	all	POOLED	93	2	0.0014
HLA-B	all	POOLED	95	1	0.0007
HLA-B	all	POOLED	98	2	0.0014
HLA-B	all	POOLED	100	1	0.0007
HLA-B	all	POOLED	101	1	0.0007
HLA-B	all	POOLED	103	1	0.0007
HLA-B	all	POOLED	109	1	0.0007
HLA-B	all	POOLED	111	1	0.0007
HLA-B	all	POOLED	120	1	0.0007
HLA-B	all	POOLED	121	1	0.0007
HLA-B	all	POOLED	123	2	0.0014
HLA-B	all	POOLED	127	1	0.0007
HLA-B	all	POOLED	132	1	0.0007
HLA-B	all	POOLED	136	1	0.0007
HLA-B	all	POOLED	140	1	0.0007
HLA-B	all	POOLED	141	3	0.0021
HLA-B	all	POOLED	148	1	0.0007
HLA-B	all	POOLED	163	1	0.0007
HLA-B	all	POOLED	167	1	0.0007
HLA-B	all	POOLED	176	1	0.0007
HLA-B	all	POOLED	180	1	0.0007
HLA-B	all	POOLED	181	2	0.0014
HLA-B	all	POOLED	187	1	0.0007
HLA-B	all	POOLED	201	1	0.0007
HLA-B	all	POOLED	203	3	0.0021
HLA-B	all	POOLED	212	1	0.0007
HLA-B	all	POOLED	215	1	0.0007
HLA-B	all	POOLED	217	1	0.0007
HLA-B	all	POOLED	229	1	0.0007
HLA-B	all	POOLED	230	2	0.0014
HLA-B	all	POOLED	249	1	0.0007
HLA-B	all	POOLED	251	1	0.0007
HLA-B	all	POOLED	259	1	0.0007
HLA-B	all	POOLED	260	1	0.0007
HLA-B	all	POOLED	282	2	0.0014
HLA-B	all	POOLED	295	1	0.0007
HLA-B	all	POOLED	310	1	0.0007
HLA-B	all	POOLED	338	1	0.0007
HLA-B	all	POOLED	347	1	0.0007
HLA-B	all	POOLED	369	1	0.0007
HLA-B	all	POOLED	391	1	0.0007
HLA-B	all	POOLED	396	1	0.0007
HLA-B	all	POOLED	431	1	0.0007
HLA-B	all	POOLED	460	1	0.0007
HLA-B	all	POOLED	461	2	0.0014
HLA-B	all	POOLED	474	1	0.0007
HLA-B	all	POOLED	586	1	0.0007
HLA-B	all	POOLED	608	1	0.0007
HLA-B	all	POOLED	768	1	0.0007
HLA-B	all	POOLED	837	1	0.0007
HLA-B	all	POOLED	840	1	0.0007
HLA-B	all	POOLED	1025	1	0.0007
HLA-B	known	AFR	1	75	0.3304
HLA-B	known	AFR	2	36	0.1586
HLA-B	known	AFR	3	15	0.0661
HLA-B	known	AFR	4	10	0.0441
HLA-B	known	AFR	5	11	0.0485
HLA-B	known	AFR	6	5	0.022
HLA-B	known	AFR	7	3	0.0132
HLA-B	known	AFR	8	2	0.0088
HLA-B	known	AFR	9	3	0.0132
HLA-B	known	AFR	10	4	0.0176
HLA-B	known	AFR	11	3	0.0132
HLA-B	known	AFR	12	5	0.022
HLA-B	known	AFR	13	1	0.0044
HLA-B	known	AFR	14	2	0.0088
HLA-B	known	AFR	15	2	0.0088
HLA-B	known	AFR	16	1	0.0044
HLA-B	known	AFR	17	1	0.0044
HLA-B	known	AFR	18	1	0.0044
HLA-B	known	AFR	19	3	0.0132
HLA-B	known	AFR	20	1	0.0044
HLA-B	known	AFR	22	1	0.0044
HLA-B	known	AFR	23	1	0.0044
HLA-B	known	AFR	24	1	0.0044
HLA-B	known	AFR	26	1	0.0044
HLA-B	known	AFR	28	1	0.0044
HLA-B	known	AFR	32	1	0.0044
HLA-B	known	AFR	34	1	0.0044
HLA-B	known	AFR	35	2	0.0088
HLA-B	known	AFR	37	1	0.0044
HLA-B	known	AFR	39	1	0.0044
HLA-B	known	AFR	40	1	0.0044
HLA-B	known	AFR	43	2	0.0088
HLA-B	known	AFR	45	1	0.0044
HLA-B	known	AFR	48	3	0.0132
HLA-B	known	AFR	55	1	0.0044
HLA-B	known	AFR	58	2	0.0088
HLA-B	known	AFR	59	1	0.0044
HLA-B	known	AFR	66	1	0.0044
HLA-B	known	AFR	72	1	0.0044
HLA-B	known	AFR	73	1	0.0044
HLA-B	known	AFR	76	1	0.0044
HLA-B	known	AFR	88	1	0.0044
HLA-B	known	AFR	112	1	0.0044
HLA-B	known	AFR	115	1	0.0044
HLA-B	known	AFR	121	1	0.0044
HLA-B	known	AFR	132	1	0.0044
HLA-B	known	AFR	141	1	0.0044
HLA-B	known	AFR	150	1	0.0044
HLA-B	known	AFR	156	1	0.0044
HLA-B	known	AFR	165	1	0.0044
HLA-B	known	AFR	174	1	0.0044
HLA-B	known	AFR	182	1	0.0044
HLA-B	known	AFR	187	1	0.0044
HLA-B	known	AFR	196	1	0.0044
HLA-B	known	AFR	203	1	0.0044
HLA-B	known	AFR	271	1	0.0044
HLA-B	known	AFR	341	1	0.0044
HLA-B	known	AFR	582	1	0.0044
HLA-B	known	AMR	1	85	0.3244
HLA-B	known	AMR	2	28	0.1069
HLA-B	known	AMR	3	19	0.0725
HLA-B	known	AMR	4	15	0.0573
HLA-B	known	AMR	5	11	0.042
HLA-B	known	AMR	6	4	0.0153
HLA-B	known	AMR	7	4	0.0153
HLA-B	known	AMR	8	4	0.0153
HLA-B	known	AMR	9	4	0.0153
HLA-B	known	AMR	10	3	0.0115
HLA-B	known	AMR	11	4	0.0153
HLA-B	known	AMR	12	2	0.0076
HLA-B	known	AMR	13	1	0.0038
HLA-B	known	AMR	14	5	0.0191
HLA-B	known	AMR	15	2	0.0076
HLA-B	known	AMR	17	2	0.0076
HLA-B	known	AMR	18	2	0.0076
HLA-B	known	AMR	19	2	0.0076
HLA-B	known	AMR	20	3	0.0115
HLA-B	known	AMR	21	3	0.0115
HLA-B	known	AMR	22	1	0.0038
HLA-B	known	AMR	23	1	0.0038
HLA-B	known	AMR	25	2	0.0076
HLA-B	known	AMR	26	3	0.0115
HLA-B	known	AMR	28	2	0.0076
HLA-B	known	AMR	29	2	0.0076
HLA-B	known	AMR	30	1	0.0038
HLA-B	known	AMR	31	2	0.0076
HLA-B	known	AMR	33	5	0.0191
HLA-B	known	AMR	34	1	0.0038
HLA-B	known	AMR	36	2	0.0076
HLA-B	known	AMR	37	1	0.0038
HLA-B	known	AMR	38	1	0.0038
HLA-B	known	AMR	40	1	0.0038
HLA-B	known	AMR	41	1	0.0038
HLA-B	known	AMR	43	1	0.0038
HLA-B	known	AMR	44	1	0.0038
HLA-B	known	AMR	47	1	0.0038
HLA-B	known	AMR	48	3	0.0115
HLA-B	known	AMR	50	2	0.0076
HLA-B	known	AMR	51	1	0.0038
HLA-B	known	AMR	52	1	0.0038
HLA-B	known	AMR	53	1	0.0038
HLA-B	known	AMR	55	1	0.0038
HLA-B	known	AMR	56	1	0.0038
HLA-B	known	AMR	58	1	0.0038
HLA-B	known	AMR	59	1	0.0038
HLA-B	known	AMR	63	1	0.0038
HLA-B	known	AMR	69	2	0.0076
HLA-B	known	AMR	75	1	0.0038
HLA-B	known	AMR	80	1	0.0038
HLA-B	known	AMR	82	1	0.0038
HLA-B	known	AMR	85	1	0.0038
HLA-B	known	AMR	99	1	0.0038
HLA-B	known	AMR	109	1	0.0038
HLA-B	known	AMR	112	1	0.0038
HLA-B	known	AMR	127	1	0.0038
HLA-B	known	AMR	146	1	0.0038
HLA-B	known	AMR	149	1	0.0038
HLA-B	known	AMR	162	1	0.0038
HLA-B	known	AMR	177	1	0.0038
HLA-B	known	AMR	184	1	0.0038
HLA-B	known	AMR	220	1	0.0038
HLA-B	known	AMR	276	1	0.0038
HLA-B	known	EAS	1	46	0.2949
HLA-B	known	EAS	2	18	0.1154
HLA-B	known	EAS	3	15	0.0962
HLA-B	known	EAS	4	2	0.0128
HLA-B	known	EAS	5	6	0.0385
HLA-B	known	EAS	6	4	0.0256
HLA-B	known	EAS	7	2	0.0128
HLA-B	known	EAS	8	5	0.0321
HLA-B	known	EAS	9	4	0.0256
HLA-B	known	EAS	10	1	0.0064
HLA-B	known	EAS	11	4	0.0256
HLA-B	known	EAS	12	2	0.0128
HLA-B	known	EAS	13	3	0.0192
HLA-B	known	EAS	14	3	0.0192
HLA-B	known	EAS	15	2	0.0128
HLA-B	known	EAS	16	2	0.0128
HLA-B	known	EAS	17	2	0.0128
HLA-B	known	EAS	18	2	0.0128
HLA-B	known	EAS	19	1	0.0064
HLA-B	known	EAS	21	1	0.0064
HLA-B	known	EAS	22	1	0.0064
HLA-B	known	EAS	24	1	0.0064
HLA-B	known	EAS	25	2	0.0128
HLA-B	known	EAS	29	2	0.0128
HLA-B	known	EAS	30	1	0.0064
HLA-B	known	EAS	31	1	0.0064
HLA-B	known	EAS	32	1	0.0064
HLA-B	known	EAS	34	2	0.0128
HLA-B	known	EAS	35	2	0.0128
HLA-B	known	EAS	36	1	0.0064
HLA-B	known	EAS	40	2	0.0128
HLA-B	known	EAS	41	2	0.0128
HLA-B	known	EAS	42	1	0.0064
HLA-B	known	EAS	51	1	0.0064
HLA-B	known	EAS	55	1	0.0064
HLA-B	known	EAS	56	1	0.0064
HLA-B	known	EAS	71	2	0.0128
HLA-B	known	EAS	76	1	0.0064
HLA-B	known	EAS	92	1	0.0064
HLA-B	known	EAS	115	1	0.0064
HLA-B	known	EAS	124	1	0.0064
HLA-B	known	EAS	177	1	0.0064
HLA-B	known	EAS	199	1	0.0064
HLA-B	known	EAS	206	1	0.0064
HLA-B	known	EUR	1	95	0.4222
HLA-B	known	EUR	2	26	0.1156
HLA-B	known	EUR	3	14	0.0622
HLA-B	known	EUR	4	11	0.0489
HLA-B	known	EUR	5	5	0.0222
HLA-B	known	EUR	6	3	0.0133
HLA-B	known	EUR	7	4	0.0178
HLA-B	known	EUR	8	2	0.0089
HLA-B	known	EUR	9	3	0.0133
HLA-B	known	EUR	10	1	0.0044
HLA-B	known	EUR	12	3	0.0133
HLA-B	known	EUR	13	1	0.0044
HLA-B	known	EUR	14	2	0.0089
HLA-B	known	EUR	15	4	0.0178
HLA-B	known	EUR	17	4	0.0178
HLA-B	known	EUR	19	1	0.0044
HLA-B	known	EUR	20	2	0.0089
HLA-B	known	EUR	21	1	0.0044
HLA-B	known	EUR	22	2	0.0089
HLA-B	known	EUR	23	1	0.0044
HLA-B	known	EUR	27	2	0.0089
HLA-B	known	EUR	28	1	0.0044
HLA-B	known	EUR	30	1	0.0044
HLA-B	known	EUR	32	1	0.0044
HLA-B	known	EUR	33	2	0.0089
HLA-B	known	EUR	38	1	0.0044
HLA-B	known	EUR	40	2	0.0089
HLA-B	known	EUR	41	1	0.0044
HLA-B	known	EUR	43	2	0.0089
HLA-B	known	EUR	54	1	0.0044
HLA-B	known	EUR	56	1	0.0044
HLA-B	known	EUR	60	2	0.0089
HLA-B	known	EUR	65	1	0.0044
HLA-B	known	EUR	68	1	0.0044
HLA-B	known	EUR	72	1	0.0044
HLA-B	known	EUR	85	1	0.0044
HLA-B	known	EUR	86	1	0.0044
HLA-B	known	EUR	91	1	0.0044
HLA-B	known	EUR	95	1	0.0044
HLA-B	known	EUR	97	1	0.0044
HLA-B	known	EUR	99	1	0.0044
HLA-B	known	EUR	102	1	0.0044
HLA-B	known	EUR	106	1	0.0044
HLA-B	known	EUR	115	1	0.0044
HLA-B	known	EUR	123	1	0.0044
HLA-B	known	EUR	132	1	0.0044
HLA-B	known	EUR	174	1	0.0044
HLA-B	known	EUR	192	1	0.0044
HLA-B	known	EUR	203	1	0.0044
HLA-B	known	EUR	270	1	0.0044
HLA-B	known	EUR	289	1	0.0044
HLA-B	known	EUR	294	1	0.0044
HLA-B	known	EUR	335	1	0.0044
HLA-B	known	EUR	413	1	0.0044
HLA-B	known	EUR	460	1	0.0044
HLA-B	known	MID	1	33	0.3
HLA-B	known	MID	2	18	0.1636
HLA-B	known	MID	3	7	0.0636
HLA-B	known	MID	4	7	0.0636
HLA-B	known	MID	5	7	0.0636
HLA-B	known	MID	6	2	0.0182
HLA-B	known	MID	7	3	0.0273
HLA-B	known	MID	8	2	0.0182
HLA-B	known	MID	9	4	0.0364
HLA-B	known	MID	10	2	0.0182
HLA-B	known	MID	11	2	0.0182
HLA-B	known	MID	13	1	0.0091
HLA-B	known	MID	14	1	0.0091
HLA-B	known	MID	15	2	0.0182
HLA-B	known	MID	16	1	0.0091
HLA-B	known	MID	17	1	0.0091
HLA-B	known	MID	18	3	0.0273
HLA-B	known	MID	19	2	0.0182
HLA-B	known	MID	22	1	0.0091
HLA-B	known	MID	24	1	0.0091
HLA-B	known	MID	26	1	0.0091
HLA-B	known	MID	27	1	0.0091
HLA-B	known	MID	29	2	0.0182
HLA-B	known	MID	31	1	0.0091
HLA-B	known	MID	33	1	0.0091
HLA-B	known	MID	34	1	0.0091
HLA-B	known	MID	37	1	0.0091
HLA-B	known	MID	48	1	0.0091
HLA-B	known	MID	49	1	0.0091
HLA-B	known	SAS	1	50	0.3704
HLA-B	known	SAS	2	20	0.1481
HLA-B	known	SAS	3	5	0.037
HLA-B	known	SAS	4	3	0.0222
HLA-B	known	SAS	5	7	0.0519
HLA-B	known	SAS	6	3	0.0222
HLA-B	known	SAS	8	1	0.0074
HLA-B	known	SAS	9	2	0.0148
HLA-B	known	SAS	10	3	0.0222
HLA-B	known	SAS	12	1	0.0074
HLA-B	known	SAS	13	3	0.0222
HLA-B	known	SAS	14	2	0.0148
HLA-B	known	SAS	15	2	0.0148
HLA-B	known	SAS	16	2	0.0148
HLA-B	known	SAS	17	2	0.0148
HLA-B	known	SAS	19	1	0.0074
HLA-B	known	SAS	22	2	0.0148
HLA-B	known	SAS	23	1	0.0074
HLA-B	known	SAS	24	1	0.0074
HLA-B	known	SAS	25	1	0.0074
HLA-B	known	SAS	26	1	0.0074
HLA-B	known	SAS	28	2	0.0148
HLA-B	known	SAS	30	1	0.0074
HLA-B	known	SAS	33	1	0.0074
HLA-B	known	SAS	34	2	0.0148
HLA-B	known	SAS	37	1	0.0074
HLA-B	known	SAS	40	1	0.0074
HLA-B	known	SAS	41	1	0.0074
HLA-B	known	SAS	43	1	0.0074
HLA-B	known	SAS	47	1	0.0074
HLA-B	known	SAS	62	1	0.0074
HLA-B	known	SAS	69	1	0.0074
HLA-B	known	SAS	76	1	0.0074
HLA-B	known	SAS	87	1	0.0074
HLA-B	known	SAS	93	1	0.0074
HLA-B	known	SAS	96	1	0.0074
HLA-B	known	SAS	106	1	0.0074
HLA-B	known	SAS	128	1	0.0074
HLA-B	known	SAS	142	1	0.0074
HLA-B	known	SAS	156	1	0.0074
HLA-B	known	SAS	177	1	0.0074
HLA-B	known	POOLED	1	166	0.3307
HLA-B	known	POOLED	2	61	0.1215
HLA-B	known	POOLED	3	29	0.0578
HLA-B	known	POOLED	4	29	0.0578
HLA-B	known	POOLED	5	17	0.0339
HLA-B	known	POOLED	6	12	0.0239
HLA-B	known	POOLED	7	7	0.0139
HLA-B	known	POOLED	8	5	0.01
HLA-B	known	POOLED	9	9	0.0179
HLA-B	known	POOLED	10	4	0.008
HLA-B	known	POOLED	11	7	0.0139
HLA-B	known	POOLED	12	2	0.004
HLA-B	known	POOLED	13	5	0.01
HLA-B	known	POOLED	14	6	0.012
HLA-B	known	POOLED	15	5	0.01
HLA-B	known	POOLED	16	2	0.004
HLA-B	known	POOLED	17	2	0.004
HLA-B	known	POOLED	18	4	0.008
HLA-B	known	POOLED	19	5	0.01
HLA-B	known	POOLED	20	2	0.004
HLA-B	known	POOLED	21	4	0.008
HLA-B	known	POOLED	22	1	0.002
HLA-B	known	POOLED	23	2	0.004
HLA-B	known	POOLED	24	2	0.004
HLA-B	known	POOLED	25	1	0.002
HLA-B	known	POOLED	27	5	0.01
HLA-B	known	POOLED	28	1	0.002
HLA-B	known	POOLED	30	2	0.004
HLA-B	known	POOLED	31	3	0.006
HLA-B	known	POOLED	32	1	0.002
HLA-B	known	POOLED	33	1	0.002
HLA-B	known	POOLED	34	3	0.006
HLA-B	known	POOLED	35	3	0.006
HLA-B	known	POOLED	36	1	0.002
HLA-B	known	POOLED	38	1	0.002
HLA-B	known	POOLED	39	2	0.004
HLA-B	known	POOLED	41	3	0.006
HLA-B	known	POOLED	44	2	0.004
HLA-B	known	POOLED	46	1	0.002
HLA-B	known	POOLED	47	1	0.002
HLA-B	known	POOLED	48	1	0.002
HLA-B	known	POOLED	50	1	0.002
HLA-B	known	POOLED	51	3	0.006
HLA-B	known	POOLED	52	2	0.004
HLA-B	known	POOLED	53	1	0.002
HLA-B	known	POOLED	60	1	0.002
HLA-B	known	POOLED	63	1	0.002
HLA-B	known	POOLED	64	1	0.002
HLA-B	known	POOLED	66	1	0.002
HLA-B	known	POOLED	67	2	0.004
HLA-B	known	POOLED	71	2	0.004
HLA-B	known	POOLED	74	1	0.002
HLA-B	known	POOLED	79	1	0.002
HLA-B	known	POOLED	80	1	0.002
HLA-B	known	POOLED	83	1	0.002
HLA-B	known	POOLED	84	1	0.002
HLA-B	known	POOLED	86	2	0.004
HLA-B	known	POOLED	89	1	0.002
HLA-B	known	POOLED	93	1	0.002
HLA-B	known	POOLED	95	1	0.002
HLA-B	known	POOLED	98	1	0.002
HLA-B	known	POOLED	100	1	0.002
HLA-B	known	POOLED	103	1	0.002
HLA-B	known	POOLED	109	1	0.002
HLA-B	known	POOLED	111	1	0.002
HLA-B	known	POOLED	120	1	0.002
HLA-B	known	POOLED	121	1	0.002
HLA-B	known	POOLED	123	2	0.004
HLA-B	known	POOLED	127	1	0.002
HLA-B	known	POOLED	136	1	0.002
HLA-B	known	POOLED	140	1	0.002
HLA-B	known	POOLED	141	3	0.006
HLA-B	known	POOLED	148	1	0.002
HLA-B	known	POOLED	163	1	0.002
HLA-B	known	POOLED	167	1	0.002
HLA-B	known	POOLED	176	1	0.002
HLA-B	known	POOLED	180	1	0.002
HLA-B	known	POOLED	181	2	0.004
HLA-B	known	POOLED	187	1	0.002
HLA-B	known	POOLED	201	1	0.002
HLA-B	known	POOLED	203	3	0.006
HLA-B	known	POOLED	212	1	0.002
HLA-B	known	POOLED	215	1	0.002
HLA-B	known	POOLED	217	1	0.002
HLA-B	known	POOLED	229	1	0.002
HLA-B	known	POOLED	230	2	0.004
HLA-B	known	POOLED	249	1	0.002
HLA-B	known	POOLED	251	1	0.002
HLA-B	known	POOLED	259	1	0.002
HLA-B	known	POOLED	260	1	0.002
HLA-B	known	POOLED	282	2	0.004
HLA-B	known	POOLED	295	1	0.002
HLA-B	known	POOLED	310	1	0.002
HLA-B	known	POOLED	338	1	0.002
HLA-B	known	POOLED	347	1	0.002
HLA-B	known	POOLED	369	1	0.002
HLA-B	known	POOLED	391	1	0.002
HLA-B	known	POOLED	396	1	0.002
HLA-B	known	POOLED	431	1	0.002
HLA-B	known	POOLED	460	1	0.002
HLA-B	known	POOLED	461	2	0.004
HLA-B	known	POOLED	474	1	0.002
HLA-B	known	POOLED	586	1	0.002
HLA-B	known	POOLED	608	1	0.002
HLA-B	known	POOLED	768	1	0.002
HLA-B	known	POOLED	837	1	0.002
HLA-B	known	POOLED	840	1	0.002
HLA-B	known	POOLED	1025	1	0.002
HLA-B	novel	AFR	1	247	0.8401
HLA-B	novel	AFR	2	10	0.034
HLA-B	novel	AFR	3	9	0.0306
HLA-B	novel	AFR	4	4	0.0136
HLA-B	novel	AFR	5	1	0.0034
HLA-B	novel	AFR	6	1	0.0034
HLA-B	novel	AFR	7	2	0.0068
HLA-B	novel	AFR	8	1	0.0034
HLA-B	novel	AFR	10	1	0.0034
HLA-B	novel	AFR	12	1	0.0034
HLA-B	novel	AFR	13	1	0.0034
HLA-B	novel	AFR	15	2	0.0068
HLA-B	novel	AFR	18	1	0.0034
HLA-B	novel	AFR	20	1	0.0034
HLA-B	novel	AFR	22	1	0.0034
HLA-B	novel	AFR	26	1	0.0034
HLA-B	novel	AFR	31	1	0.0034
HLA-B	novel	AFR	32	2	0.0068
HLA-B	novel	AFR	34	2	0.0068
HLA-B	novel	AFR	36	1	0.0034
HLA-B	novel	AFR	37	1	0.0034
HLA-B	novel	AFR	41	1	0.0034
HLA-B	novel	AFR	60	1	0.0034
HLA-B	novel	AFR	65	1	0.0034
HLA-B	novel	AMR	1	192	0.7711
HLA-B	novel	AMR	2	17	0.0683
HLA-B	novel	AMR	3	4	0.0161
HLA-B	novel	AMR	4	5	0.0201
HLA-B	novel	AMR	5	2	0.008
HLA-B	novel	AMR	6	5	0.0201
HLA-B	novel	AMR	7	2	0.008
HLA-B	novel	AMR	8	1	0.004
HLA-B	novel	AMR	10	1	0.004
HLA-B	novel	AMR	11	1	0.004
HLA-B	novel	AMR	13	2	0.008
HLA-B	novel	AMR	14	1	0.004
HLA-B	novel	AMR	16	3	0.012
HLA-B	novel	AMR	17	2	0.008
HLA-B	novel	AMR	18	1	0.004
HLA-B	novel	AMR	19	2	0.008
HLA-B	novel	AMR	20	2	0.008
HLA-B	novel	AMR	24	2	0.008
HLA-B	novel	AMR	26	1	0.004
HLA-B	novel	AMR	27	1	0.004
HLA-B	novel	AMR	32	1	0.004
HLA-B	novel	AMR	36	1	0.004
HLA-B	novel	EAS	1	117	0.75
HLA-B	novel	EAS	2	14	0.0897
HLA-B	novel	EAS	3	5	0.0321
HLA-B	novel	EAS	4	1	0.0064
HLA-B	novel	EAS	5	1	0.0064
HLA-B	novel	EAS	6	2	0.0128
HLA-B	novel	EAS	8	3	0.0192
HLA-B	novel	EAS	9	2	0.0128
HLA-B	novel	EAS	11	3	0.0192
HLA-B	novel	EAS	12	1	0.0064
HLA-B	novel	EAS	13	3	0.0192
HLA-B	novel	EAS	14	1	0.0064
HLA-B	novel	EAS	16	1	0.0064
HLA-B	novel	EAS	18	1	0.0064
HLA-B	novel	EAS	36	1	0.0064
HLA-B	novel	EUR	1	206	0.8306
HLA-B	novel	EUR	2	11	0.0444
HLA-B	novel	EUR	3	3	0.0121
HLA-B	novel	EUR	4	1	0.004
HLA-B	novel	EUR	5	1	0.004
HLA-B	novel	EUR	6	1	0.004
HLA-B	novel	EUR	7	3	0.0121
HLA-B	novel	EUR	8	1	0.004
HLA-B	novel	EUR	9	3	0.0121
HLA-B	novel	EUR	10	1	0.004
HLA-B	novel	EUR	11	1	0.004
HLA-B	novel	EUR	12	1	0.004
HLA-B	novel	EUR	13	3	0.0121
HLA-B	novel	EUR	14	1	0.004
HLA-B	novel	EUR	16	3	0.0121
HLA-B	novel	EUR	21	1	0.004
HLA-B	novel	EUR	23	1	0.004
HLA-B	novel	EUR	27	1	0.004
HLA-B	novel	EUR	28	2	0.0081
HLA-B	novel	EUR	29	1	0.004
HLA-B	novel	EUR	30	1	0.004
HLA-B	novel	EUR	34	1	0.004
HLA-B	novel	MID	1	45	0.7031
HLA-B	novel	MID	2	5	0.0781
HLA-B	novel	MID	3	4	0.0625
HLA-B	novel	MID	4	1	0.0156
HLA-B	novel	MID	5	4	0.0625
HLA-B	novel	MID	6	3	0.0469
HLA-B	novel	MID	7	2	0.0312
HLA-B	novel	SAS	1	88	0.7586
HLA-B	novel	SAS	2	6	0.0517
HLA-B	novel	SAS	3	6	0.0517
HLA-B	novel	SAS	5	3	0.0259
HLA-B	novel	SAS	7	2	0.0172
HLA-B	novel	SAS	8	1	0.0086
HLA-B	novel	SAS	9	1	0.0086
HLA-B	novel	SAS	10	1	0.0086
HLA-B	novel	SAS	11	1	0.0086
HLA-B	novel	SAS	13	1	0.0086
HLA-B	novel	SAS	15	1	0.0086
HLA-B	novel	SAS	18	1	0.0086
HLA-B	novel	SAS	20	1	0.0086
HLA-B	novel	SAS	21	1	0.0086
HLA-B	novel	SAS	22	1	0.0086
HLA-B	novel	SAS	33	1	0.0086
HLA-B	novel	POOLED	1	818	0.8805
HLA-B	novel	POOLED	2	38	0.0409
HLA-B	novel	POOLED	3	2	0.0022
HLA-B	novel	POOLED	4	5	0.0054
HLA-B	novel	POOLED	5	3	0.0032
HLA-B	novel	POOLED	6	5	0.0054
HLA-B	novel	POOLED	7	4	0.0043
HLA-B	novel	POOLED	8	3	0.0032
HLA-B	novel	POOLED	9	1	0.0011
HLA-B	novel	POOLED	11	1	0.0011
HLA-B	novel	POOLED	12	3	0.0032
HLA-B	novel	POOLED	14	1	0.0011
HLA-B	novel	POOLED	15	1	0.0011
HLA-B	novel	POOLED	16	1	0.0011
HLA-B	novel	POOLED	17	1	0.0011
HLA-B	novel	POOLED	18	1	0.0011
HLA-B	novel	POOLED	19	3	0.0032
HLA-B	novel	POOLED	20	1	0.0011
HLA-B	novel	POOLED	21	2	0.0022
HLA-B	novel	POOLED	23	2	0.0022
HLA-B	novel	POOLED	25	1	0.0011
HLA-B	novel	POOLED	26	1	0.0011
HLA-B	novel	POOLED	29	3	0.0032
HLA-B	novel	POOLED	30	1	0.0011
HLA-B	novel	POOLED	34	1	0.0011
HLA-B	novel	POOLED	36	1	0.0011
HLA-B	novel	POOLED	38	1	0.0011
HLA-B	novel	POOLED	39	3	0.0032
HLA-B	novel	POOLED	40	1	0.0011
HLA-B	novel	POOLED	41	1	0.0011
HLA-B	novel	POOLED	44	1	0.0011
HLA-B	novel	POOLED	45	2	0.0022
HLA-B	novel	POOLED	52	1	0.0011
HLA-B	novel	POOLED	56	1	0.0011
HLA-B	novel	POOLED	58	2	0.0022
HLA-B	novel	POOLED	60	2	0.0022
HLA-B	novel	POOLED	61	1	0.0011
HLA-B	novel	POOLED	67	1	0.0011
HLA-B	novel	POOLED	68	1	0.0011
HLA-B	novel	POOLED	77	1	0.0011
HLA-B	novel	POOLED	79	1	0.0011
HLA-B	novel	POOLED	87	1	0.0011
HLA-B	novel	POOLED	93	1	0.0011
HLA-B	novel	POOLED	98	1	0.0011
HLA-B	novel	POOLED	101	1	0.0011
HLA-B	novel	POOLED	132	1	0.0011
HLA-C	all	AFR	1	285	0.6985
HLA-C	all	AFR	2	24	0.0588
HLA-C	all	AFR	3	10	0.0245
HLA-C	all	AFR	4	5	0.0123
HLA-C	all	AFR	5	3	0.0074
HLA-C	all	AFR	6	3	0.0074
HLA-C	all	AFR	7	2	0.0049
HLA-C	all	AFR	8	4	0.0098
HLA-C	all	AFR	9	4	0.0098
HLA-C	all	AFR	10	2	0.0049
HLA-C	all	AFR	11	4	0.0098
HLA-C	all	AFR	12	1	0.0025
HLA-C	all	AFR	13	6	0.0147
HLA-C	all	AFR	14	2	0.0049
HLA-C	all	AFR	16	1	0.0025
HLA-C	all	AFR	18	3	0.0074
HLA-C	all	AFR	19	2	0.0049
HLA-C	all	AFR	22	1	0.0025
HLA-C	all	AFR	23	2	0.0049
HLA-C	all	AFR	24	4	0.0098
HLA-C	all	AFR	25	1	0.0025
HLA-C	all	AFR	26	1	0.0025
HLA-C	all	AFR	28	1	0.0025
HLA-C	all	AFR	29	1	0.0025
HLA-C	all	AFR	30	1	0.0025
HLA-C	all	AFR	32	2	0.0049
HLA-C	all	AFR	34	1	0.0025
HLA-C	all	AFR	41	2	0.0049
HLA-C	all	AFR	42	1	0.0025
HLA-C	all	AFR	43	1	0.0025
HLA-C	all	AFR	44	1	0.0025
HLA-C	all	AFR	50	1	0.0025
HLA-C	all	AFR	56	1	0.0025
HLA-C	all	AFR	63	1	0.0025
HLA-C	all	AFR	71	1	0.0025
HLA-C	all	AFR	72	1	0.0025
HLA-C	all	AFR	74	1	0.0025
HLA-C	all	AFR	81	2	0.0049
HLA-C	all	AFR	85	1	0.0025
HLA-C	all	AFR	88	1	0.0025
HLA-C	all	AFR	94	1	0.0025
HLA-C	all	AFR	100	1	0.0025
HLA-C	all	AFR	102	1	0.0025
HLA-C	all	AFR	135	1	0.0025
HLA-C	all	AFR	141	1	0.0025
HLA-C	all	AFR	143	1	0.0025
HLA-C	all	AFR	168	1	0.0025
HLA-C	all	AFR	171	1	0.0025
HLA-C	all	AFR	184	1	0.0025
HLA-C	all	AFR	194	1	0.0025
HLA-C	all	AFR	208	1	0.0025
HLA-C	all	AFR	233	1	0.0025
HLA-C	all	AFR	346	1	0.0025
HLA-C	all	AFR	364	1	0.0025
HLA-C	all	AFR	392	1	0.0025
HLA-C	all	AFR	479	1	0.0025
HLA-C	all	AFR	523	1	0.0025
HLA-C	all	AMR	1	280	0.6699
HLA-C	all	AMR	2	24	0.0574
HLA-C	all	AMR	3	13	0.0311
HLA-C	all	AMR	4	13	0.0311
HLA-C	all	AMR	5	5	0.012
HLA-C	all	AMR	6	4	0.0096
HLA-C	all	AMR	7	7	0.0167
HLA-C	all	AMR	8	2	0.0048
HLA-C	all	AMR	9	1	0.0024
HLA-C	all	AMR	10	2	0.0048
HLA-C	all	AMR	11	2	0.0048
HLA-C	all	AMR	12	5	0.012
HLA-C	all	AMR	13	3	0.0072
HLA-C	all	AMR	14	3	0.0072
HLA-C	all	AMR	15	4	0.0096
HLA-C	all	AMR	18	1	0.0024
HLA-C	all	AMR	19	1	0.0024
HLA-C	all	AMR	20	2	0.0048
HLA-C	all	AMR	21	1	0.0024
HLA-C	all	AMR	22	1	0.0024
HLA-C	all	AMR	23	3	0.0072
HLA-C	all	AMR	24	1	0.0024
HLA-C	all	AMR	26	1	0.0024
HLA-C	all	AMR	28	1	0.0024
HLA-C	all	AMR	29	3	0.0072
HLA-C	all	AMR	32	1	0.0024
HLA-C	all	AMR	33	1	0.0024
HLA-C	all	AMR	34	1	0.0024
HLA-C	all	AMR	36	1	0.0024
HLA-C	all	AMR	46	2	0.0048
HLA-C	all	AMR	47	1	0.0024
HLA-C	all	AMR	50	1	0.0024
HLA-C	all	AMR	51	1	0.0024
HLA-C	all	AMR	54	2	0.0048
HLA-C	all	AMR	65	1	0.0024
HLA-C	all	AMR	75	1	0.0024
HLA-C	all	AMR	77	1	0.0024
HLA-C	all	AMR	84	1	0.0024
HLA-C	all	AMR	88	1	0.0024
HLA-C	all	AMR	91	1	0.0024
HLA-C	all	AMR	95	1	0.0024
HLA-C	all	AMR	115	1	0.0024
HLA-C	all	AMR	125	1	0.0024
HLA-C	all	AMR	141	1	0.0024
HLA-C	all	AMR	149	1	0.0024
HLA-C	all	AMR	163	1	0.0024
HLA-C	all	AMR	164	1	0.0024
HLA-C	all	AMR	166	1	0.0024
HLA-C	all	AMR	167	2	0.0048
HLA-C	all	AMR	175	1	0.0024
HLA-C	all	AMR	177	1	0.0024
HLA-C	all	AMR	178	1	0.0024
HLA-C	all	AMR	201	1	0.0024
HLA-C	all	AMR	205	1	0.0024
HLA-C	all	AMR	260	1	0.0024
HLA-C	all	AMR	343	1	0.0024
HLA-C	all	AMR	346	1	0.0024
HLA-C	all	EAS	1	168	0.6292
HLA-C	all	EAS	2	23	0.0861
HLA-C	all	EAS	3	13	0.0487
HLA-C	all	EAS	4	7	0.0262
HLA-C	all	EAS	5	3	0.0112
HLA-C	all	EAS	6	5	0.0187
HLA-C	all	EAS	7	4	0.015
HLA-C	all	EAS	8	4	0.015
HLA-C	all	EAS	9	3	0.0112
HLA-C	all	EAS	10	2	0.0075
HLA-C	all	EAS	11	1	0.0037
HLA-C	all	EAS	13	2	0.0075
HLA-C	all	EAS	14	2	0.0075
HLA-C	all	EAS	17	2	0.0075
HLA-C	all	EAS	18	1	0.0037
HLA-C	all	EAS	20	1	0.0037
HLA-C	all	EAS	22	2	0.0075
HLA-C	all	EAS	24	1	0.0037
HLA-C	all	EAS	25	1	0.0037
HLA-C	all	EAS	27	1	0.0037
HLA-C	all	EAS	35	2	0.0075
HLA-C	all	EAS	36	1	0.0037
HLA-C	all	EAS	37	1	0.0037
HLA-C	all	EAS	38	1	0.0037
HLA-C	all	EAS	43	1	0.0037
HLA-C	all	EAS	46	1	0.0037
HLA-C	all	EAS	54	1	0.0037
HLA-C	all	EAS	69	1	0.0037
HLA-C	all	EAS	76	1	0.0037
HLA-C	all	EAS	82	1	0.0037
HLA-C	all	EAS	83	1	0.0037
HLA-C	all	EAS	102	1	0.0037
HLA-C	all	EAS	127	1	0.0037
HLA-C	all	EAS	158	1	0.0037
HLA-C	all	EAS	163	1	0.0037
HLA-C	all	EAS	166	1	0.0037
HLA-C	all	EAS	171	1	0.0037
HLA-C	all	EAS	217	1	0.0037
HLA-C	all	EAS	241	1	0.0037
HLA-C	all	EAS	246	1	0.0037
HLA-C	all	EUR	1	284	0.7082
HLA-C	all	EUR	2	24	0.0599
HLA-C	all	EUR	3	11	0.0274
HLA-C	all	EUR	4	10	0.0249
HLA-C	all	EUR	5	4	0.01
HLA-C	all	EUR	6	4	0.01
HLA-C	all	EUR	7	1	0.0025
HLA-C	all	EUR	9	3	0.0075
HLA-C	all	EUR	10	3	0.0075
HLA-C	all	EUR	11	2	0.005
HLA-C	all	EUR	12	4	0.01
HLA-C	all	EUR	14	1	0.0025
HLA-C	all	EUR	16	1	0.0025
HLA-C	all	EUR	18	1	0.0025
HLA-C	all	EUR	19	1	0.0025
HLA-C	all	EUR	22	1	0.0025
HLA-C	all	EUR	23	3	0.0075
HLA-C	all	EUR	24	1	0.0025
HLA-C	all	EUR	27	2	0.005
HLA-C	all	EUR	28	1	0.0025
HLA-C	all	EUR	29	3	0.0075
HLA-C	all	EUR	30	1	0.0025
HLA-C	all	EUR	32	1	0.0025
HLA-C	all	EUR	33	3	0.0075
HLA-C	all	EUR	38	1	0.0025
HLA-C	all	EUR	39	1	0.0025
HLA-C	all	EUR	41	1	0.0025
HLA-C	all	EUR	48	2	0.005
HLA-C	all	EUR	49	2	0.005
HLA-C	all	EUR	56	1	0.0025
HLA-C	all	EUR	61	1	0.0025
HLA-C	all	EUR	64	1	0.0025
HLA-C	all	EUR	67	1	0.0025
HLA-C	all	EUR	73	1	0.0025
HLA-C	all	EUR	75	1	0.0025
HLA-C	all	EUR	77	1	0.0025
HLA-C	all	EUR	90	1	0.0025
HLA-C	all	EUR	99	1	0.0025
HLA-C	all	EUR	115	1	0.0025
HLA-C	all	EUR	131	1	0.0025
HLA-C	all	EUR	145	1	0.0025
HLA-C	all	EUR	172	1	0.0025
HLA-C	all	EUR	192	1	0.0025
HLA-C	all	EUR	193	1	0.0025
HLA-C	all	EUR	211	1	0.0025
HLA-C	all	EUR	221	1	0.0025
HLA-C	all	EUR	225	1	0.0025
HLA-C	all	EUR	271	1	0.0025
HLA-C	all	EUR	325	1	0.0025
HLA-C	all	EUR	400	1	0.0025
HLA-C	all	EUR	426	1	0.0025
HLA-C	all	EUR	442	1	0.0025
HLA-C	all	EUR	484	1	0.0025
HLA-C	all	MID	1	65	0.5118
HLA-C	all	MID	2	8	0.063
HLA-C	all	MID	3	12	0.0945
HLA-C	all	MID	4	3	0.0236
HLA-C	all	MID	5	4	0.0315
HLA-C	all	MID	6	2	0.0157
HLA-C	all	MID	7	3	0.0236
HLA-C	all	MID	8	3	0.0236
HLA-C	all	MID	9	2	0.0157
HLA-C	all	MID	11	5	0.0394
HLA-C	all	MID	12	1	0.0079
HLA-C	all	MID	13	2	0.0157
HLA-C	all	MID	14	2	0.0157
HLA-C	all	MID	15	1	0.0079
HLA-C	all	MID	20	1	0.0079
HLA-C	all	MID	24	1	0.0079
HLA-C	all	MID	25	1	0.0079
HLA-C	all	MID	27	2	0.0157
HLA-C	all	MID	31	1	0.0079
HLA-C	all	MID	33	1	0.0079
HLA-C	all	MID	37	1	0.0079
HLA-C	all	MID	41	1	0.0079
HLA-C	all	MID	53	1	0.0079
HLA-C	all	MID	61	1	0.0079
HLA-C	all	MID	71	1	0.0079
HLA-C	all	MID	72	1	0.0079
HLA-C	all	MID	79	1	0.0079
HLA-C	all	SAS	1	130	0.6132
HLA-C	all	SAS	2	19	0.0896
HLA-C	all	SAS	3	7	0.033
HLA-C	all	SAS	4	8	0.0377
HLA-C	all	SAS	5	4	0.0189
HLA-C	all	SAS	6	1	0.0047
HLA-C	all	SAS	7	1	0.0047
HLA-C	all	SAS	8	2	0.0094
HLA-C	all	SAS	9	2	0.0094
HLA-C	all	SAS	11	2	0.0094
HLA-C	all	SAS	12	1	0.0047
HLA-C	all	SAS	13	1	0.0047
HLA-C	all	SAS	16	2	0.0094
HLA-C	all	SAS	17	2	0.0094
HLA-C	all	SAS	19	1	0.0047
HLA-C	all	SAS	22	2	0.0094
HLA-C	all	SAS	23	2	0.0094
HLA-C	all	SAS	25	1	0.0047
HLA-C	all	SAS	27	1	0.0047
HLA-C	all	SAS	28	1	0.0047
HLA-C	all	SAS	29	2	0.0094
HLA-C	all	SAS	33	1	0.0047
HLA-C	all	SAS	36	1	0.0047
HLA-C	all	SAS	37	2	0.0094
HLA-C	all	SAS	38	2	0.0094
HLA-C	all	SAS	39	1	0.0047
HLA-C	all	SAS	54	1	0.0047
HLA-C	all	SAS	61	1	0.0047
HLA-C	all	SAS	68	2	0.0094
HLA-C	all	SAS	90	1	0.0047
HLA-C	all	SAS	100	1	0.0047
HLA-C	all	SAS	105	1	0.0047
HLA-C	all	SAS	111	1	0.0047
HLA-C	all	SAS	138	1	0.0047
HLA-C	all	SAS	163	1	0.0047
HLA-C	all	SAS	179	1	0.0047
HLA-C	all	SAS	185	1	0.0047
HLA-C	all	SAS	239	1	0.0047
HLA-C	all	POOLED	1	1036	0.7951
HLA-C	all	POOLED	2	57	0.0437
HLA-C	all	POOLED	3	37	0.0284
HLA-C	all	POOLED	4	16	0.0123
HLA-C	all	POOLED	5	7	0.0054
HLA-C	all	POOLED	6	10	0.0077
HLA-C	all	POOLED	7	9	0.0069
HLA-C	all	POOLED	8	5	0.0038
HLA-C	all	POOLED	9	6	0.0046
HLA-C	all	POOLED	10	5	0.0038
HLA-C	all	POOLED	12	7	0.0054
HLA-C	all	POOLED	13	4	0.0031
HLA-C	all	POOLED	14	2	0.0015
HLA-C	all	POOLED	16	3	0.0023
HLA-C	all	POOLED	17	2	0.0015
HLA-C	all	POOLED	18	3	0.0023
HLA-C	all	POOLED	19	1	0.0008
HLA-C	all	POOLED	20	1	0.0008
HLA-C	all	POOLED	22	3	0.0023
HLA-C	all	POOLED	23	3	0.0023
HLA-C	all	POOLED	25	3	0.0023
HLA-C	all	POOLED	26	1	0.0008
HLA-C	all	POOLED	28	1	0.0008
HLA-C	all	POOLED	30	1	0.0008
HLA-C	all	POOLED	34	1	0.0008
HLA-C	all	POOLED	36	2	0.0015
HLA-C	all	POOLED	37	1	0.0008
HLA-C	all	POOLED	38	2	0.0015
HLA-C	all	POOLED	40	1	0.0008
HLA-C	all	POOLED	42	1	0.0008
HLA-C	all	POOLED	43	2	0.0015
HLA-C	all	POOLED	46	2	0.0015
HLA-C	all	POOLED	48	1	0.0008
HLA-C	all	POOLED	49	1	0.0008
HLA-C	all	POOLED	50	2	0.0015
HLA-C	all	POOLED	52	1	0.0008
HLA-C	all	POOLED	55	1	0.0008
HLA-C	all	POOLED	56	1	0.0008
HLA-C	all	POOLED	57	1	0.0008
HLA-C	all	POOLED	58	1	0.0008
HLA-C	all	POOLED	62	1	0.0008
HLA-C	all	POOLED	63	2	0.0015
HLA-C	all	POOLED	66	1	0.0008
HLA-C	all	POOLED	73	1	0.0008
HLA-C	all	POOLED	74	1	0.0008
HLA-C	all	POOLED	77	1	0.0008
HLA-C	all	POOLED	86	1	0.0008
HLA-C	all	POOLED	89	1	0.0008
HLA-C	all	POOLED	91	1	0.0008
HLA-C	all	POOLED	100	1	0.0008
HLA-C	all	POOLED	110	1	0.0008
HLA-C	all	POOLED	117	1	0.0008
HLA-C	all	POOLED	120	1	0.0008
HLA-C	all	POOLED	121	1	0.0008
HLA-C	all	POOLED	126	2	0.0015
HLA-C	all	POOLED	129	2	0.0015
HLA-C	all	POOLED	130	1	0.0008
HLA-C	all	POOLED	133	2	0.0015
HLA-C	all	POOLED	153	1	0.0008
HLA-C	all	POOLED	157	1	0.0008
HLA-C	all	POOLED	169	2	0.0015
HLA-C	all	POOLED	183	1	0.0008
HLA-C	all	POOLED	216	1	0.0008
HLA-C	all	POOLED	228	1	0.0008
HLA-C	all	POOLED	231	1	0.0008
HLA-C	all	POOLED	257	1	0.0008
HLA-C	all	POOLED	267	1	0.0008
HLA-C	all	POOLED	272	1	0.0008
HLA-C	all	POOLED	273	1	0.0008
HLA-C	all	POOLED	387	1	0.0008
HLA-C	all	POOLED	393	1	0.0008
HLA-C	all	POOLED	402	1	0.0008
HLA-C	all	POOLED	403	1	0.0008
HLA-C	all	POOLED	406	1	0.0008
HLA-C	all	POOLED	422	1	0.0008
HLA-C	all	POOLED	444	1	0.0008
HLA-C	all	POOLED	451	1	0.0008
HLA-C	all	POOLED	467	1	0.0008
HLA-C	all	POOLED	510	1	0.0008
HLA-C	all	POOLED	546	1	0.0008
HLA-C	all	POOLED	556	1	0.0008
HLA-C	all	POOLED	569	1	0.0008
HLA-C	all	POOLED	570	1	0.0008
HLA-C	all	POOLED	596	1	0.0008
HLA-C	all	POOLED	617	1	0.0008
HLA-C	all	POOLED	659	1	0.0008
HLA-C	all	POOLED	736	1	0.0008
HLA-C	all	POOLED	810	1	0.0008
HLA-C	all	POOLED	929	1	0.0008
HLA-C	all	POOLED	933	1	0.0008
HLA-C	all	POOLED	951	1	0.0008
HLA-C	all	POOLED	984	1	0.0008
HLA-C	all	POOLED	1086	1	0.0008
HLA-C	all	POOLED	1111	1	0.0008
HLA-C	known	AFR	1	61	0.3961
HLA-C	known	AFR	2	18	0.1169
HLA-C	known	AFR	3	7	0.0455
HLA-C	known	AFR	4	4	0.026
HLA-C	known	AFR	5	2	0.013
HLA-C	known	AFR	6	2	0.013
HLA-C	known	AFR	7	2	0.013
HLA-C	known	AFR	8	2	0.013
HLA-C	known	AFR	9	2	0.013
HLA-C	known	AFR	10	1	0.0065
HLA-C	known	AFR	11	3	0.0195
HLA-C	known	AFR	12	1	0.0065
HLA-C	known	AFR	13	5	0.0325
HLA-C	known	AFR	14	1	0.0065
HLA-C	known	AFR	16	1	0.0065
HLA-C	known	AFR	18	3	0.0195
HLA-C	known	AFR	19	1	0.0065
HLA-C	known	AFR	22	1	0.0065
HLA-C	known	AFR	23	1	0.0065
HLA-C	known	AFR	24	2	0.013
HLA-C	known	AFR	28	1	0.0065
HLA-C	known	AFR	29	1	0.0065
HLA-C	known	AFR	30	1	0.0065
HLA-C	known	AFR	32	1	0.0065
HLA-C	known	AFR	34	1	0.0065
HLA-C	known	AFR	41	1	0.0065
HLA-C	known	AFR	42	1	0.0065
HLA-C	known	AFR	43	1	0.0065
HLA-C	known	AFR	44	1	0.0065
HLA-C	known	AFR	50	1	0.0065
HLA-C	known	AFR	56	1	0.0065
HLA-C	known	AFR	63	1	0.0065
HLA-C	known	AFR	71	1	0.0065
HLA-C	known	AFR	74	1	0.0065
HLA-C	known	AFR	81	2	0.013
HLA-C	known	AFR	85	1	0.0065
HLA-C	known	AFR	94	1	0.0065
HLA-C	known	AFR	100	1	0.0065
HLA-C	known	AFR	102	1	0.0065
HLA-C	known	AFR	135	1	0.0065
HLA-C	known	AFR	141	1	0.0065
HLA-C	known	AFR	143	1	0.0065
HLA-C	known	AFR	168	1	0.0065
HLA-C	known	AFR	171	1	0.0065
HLA-C	known	AFR	184	1	0.0065
HLA-C	known	AFR	194	1	0.0065
HLA-C	known	AFR	208	1	0.0065
HLA-C	known	AFR	233	1	0.0065
HLA-C	known	AFR	346	1	0.0065
HLA-C	known	AFR	364	1	0.0065
HLA-C	known	AFR	392	1	0.0065
HLA-C	known	AFR	479	1	0.0065
HLA-C	known	AFR	523	1	0.0065
HLA-C	known	AMR	1	62	0.3804
HLA-C	known	AMR	2	12	0.0736
HLA-C	known	AMR	3	10	0.0613
HLA-C	known	AMR	4	9	0.0552
HLA-C	known	AMR	5	2	0.0123
HLA-C	known	AMR	6	4	0.0245
HLA-C	known	AMR	7	6	0.0368
HLA-C	known	AMR	9	1	0.0061
HLA-C	known	AMR	10	1	0.0061
HLA-C	known	AMR	11	2	0.0123
HLA-C	known	AMR	12	4	0.0245
HLA-C	known	AMR	13	2	0.0123
HLA-C	known	AMR	14	2	0.0123
HLA-C	known	AMR	15	1	0.0061
HLA-C	known	AMR	18	1	0.0061
HLA-C	known	AMR	19	1	0.0061
HLA-C	known	AMR	20	2	0.0123
HLA-C	known	AMR	22	1	0.0061
HLA-C	known	AMR	23	2	0.0123
HLA-C	known	AMR	24	1	0.0061
HLA-C	known	AMR	26	1	0.0061
HLA-C	known	AMR	28	1	0.0061
HLA-C	known	AMR	29	3	0.0184
HLA-C	known	AMR	32	1	0.0061
HLA-C	known	AMR	36	1	0.0061
HLA-C	known	AMR	46	2	0.0123
HLA-C	known	AMR	47	1	0.0061
HLA-C	known	AMR	50	1	0.0061
HLA-C	known	AMR	51	1	0.0061
HLA-C	known	AMR	54	1	0.0061
HLA-C	known	AMR	65	1	0.0061
HLA-C	known	AMR	75	1	0.0061
HLA-C	known	AMR	77	1	0.0061
HLA-C	known	AMR	84	1	0.0061
HLA-C	known	AMR	88	1	0.0061
HLA-C	known	AMR	91	1	0.0061
HLA-C	known	AMR	95	1	0.0061
HLA-C	known	AMR	115	1	0.0061
HLA-C	known	AMR	125	1	0.0061
HLA-C	known	AMR	141	1	0.0061
HLA-C	known	AMR	149	1	0.0061
HLA-C	known	AMR	163	1	0.0061
HLA-C	known	AMR	164	1	0.0061
HLA-C	known	AMR	166	1	0.0061
HLA-C	known	AMR	167	2	0.0123
HLA-C	known	AMR	175	1	0.0061
HLA-C	known	AMR	177	1	0.0061
HLA-C	known	AMR	178	1	0.0061
HLA-C	known	AMR	201	1	0.0061
HLA-C	known	AMR	205	1	0.0061
HLA-C	known	AMR	260	1	0.0061
HLA-C	known	AMR	343	1	0.0061
HLA-C	known	AMR	346	1	0.0061
HLA-C	known	EAS	1	36	0.3158
HLA-C	known	EAS	2	18	0.1579
HLA-C	known	EAS	3	10	0.0877
HLA-C	known	EAS	4	6	0.0526
HLA-C	known	EAS	5	2	0.0175
HLA-C	known	EAS	6	4	0.0351
HLA-C	known	EAS	7	3	0.0263
HLA-C	known	EAS	8	4	0.0351
HLA-C	known	EAS	9	2	0.0175
HLA-C	known	EAS	10	2	0.0175
HLA-C	known	EAS	11	1	0.0088
HLA-C	known	EAS	13	2	0.0175
HLA-C	known	EAS	17	2	0.0175
HLA-C	known	EAS	24	1	0.0088
HLA-C	known	EAS	25	1	0.0088
HLA-C	known	EAS	27	1	0.0088
HLA-C	known	EAS	35	1	0.0088
HLA-C	known	EAS	36	1	0.0088
HLA-C	known	EAS	37	1	0.0088
HLA-C	known	EAS	38	1	0.0088
HLA-C	known	EAS	46	1	0.0088
HLA-C	known	EAS	54	1	0.0088
HLA-C	known	EAS	69	1	0.0088
HLA-C	known	EAS	76	1	0.0088
HLA-C	known	EAS	82	1	0.0088
HLA-C	known	EAS	83	1	0.0088
HLA-C	known	EAS	102	1	0.0088
HLA-C	known	EAS	127	1	0.0088
HLA-C	known	EAS	158	1	0.0088
HLA-C	known	EAS	163	1	0.0088
HLA-C	known	EAS	166	1	0.0088
HLA-C	known	EAS	171	1	0.0088
HLA-C	known	EAS	217	1	0.0088
HLA-C	known	EAS	241	1	0.0088
HLA-C	known	EAS	246	1	0.0088
HLA-C	known	EUR	1	58	0.3867
HLA-C	known	EUR	2	21	0.14
HLA-C	known	EUR	3	8	0.0533
HLA-C	known	EUR	4	5	0.0333
HLA-C	known	EUR	5	4	0.0267
HLA-C	known	EUR	6	3	0.02
HLA-C	known	EUR	9	2	0.0133
HLA-C	known	EUR	10	3	0.02
HLA-C	known	EUR	11	2	0.0133
HLA-C	known	EUR	12	3	0.02
HLA-C	known	EUR	16	1	0.0067
HLA-C	known	EUR	19	1	0.0067
HLA-C	known	EUR	23	2	0.0133
HLA-C	known	EUR	27	1	0.0067
HLA-C	known	EUR	28	1	0.0067
HLA-C	known	EUR	29	2	0.0133
HLA-C	known	EUR	30	1	0.0067
HLA-C	known	EUR	32	1	0.0067
HLA-C	known	EUR	33	2	0.0133
HLA-C	known	EUR	39	1	0.0067
HLA-C	known	EUR	48	2	0.0133
HLA-C	known	EUR	49	2	0.0133
HLA-C	known	EUR	56	1	0.0067
HLA-C	known	EUR	61	1	0.0067
HLA-C	known	EUR	64	1	0.0067
HLA-C	known	EUR	67	1	0.0067
HLA-C	known	EUR	73	1	0.0067
HLA-C	known	EUR	75	1	0.0067
HLA-C	known	EUR	77	1	0.0067
HLA-C	known	EUR	90	1	0.0067
HLA-C	known	EUR	99	1	0.0067
HLA-C	known	EUR	115	1	0.0067
HLA-C	known	EUR	131	1	0.0067
HLA-C	known	EUR	145	1	0.0067
HLA-C	known	EUR	172	1	0.0067
HLA-C	known	EUR	192	1	0.0067
HLA-C	known	EUR	193	1	0.0067
HLA-C	known	EUR	211	1	0.0067
HLA-C	known	EUR	221	1	0.0067
HLA-C	known	EUR	225	1	0.0067
HLA-C	known	EUR	271	1	0.0067
HLA-C	known	EUR	325	1	0.0067
HLA-C	known	EUR	400	1	0.0067
HLA-C	known	EUR	426	1	0.0067
HLA-C	known	EUR	442	1	0.0067
HLA-C	known	EUR	484	1	0.0067
HLA-C	known	MID	1	27	0.36
HLA-C	known	MID	2	5	0.0667
HLA-C	known	MID	3	5	0.0667
HLA-C	known	MID	4	2	0.0267
HLA-C	known	MID	5	3	0.04
HLA-C	known	MID	6	2	0.0267
HLA-C	known	MID	7	3	0.04
HLA-C	known	MID	8	2	0.0267
HLA-C	known	MID	9	2	0.0267
HLA-C	known	MID	11	5	0.0667
HLA-C	known	MID	12	1	0.0133
HLA-C	known	MID	13	2	0.0267
HLA-C	known	MID	14	1	0.0133
HLA-C	known	MID	15	1	0.0133
HLA-C	known	MID	20	1	0.0133
HLA-C	known	MID	24	1	0.0133
HLA-C	known	MID	25	1	0.0133
HLA-C	known	MID	27	2	0.0267
HLA-C	known	MID	31	1	0.0133
HLA-C	known	MID	33	1	0.0133
HLA-C	known	MID	37	1	0.0133
HLA-C	known	MID	41	1	0.0133
HLA-C	known	MID	53	1	0.0133
HLA-C	known	MID	61	1	0.0133
HLA-C	known	MID	71	1	0.0133
HLA-C	known	MID	72	1	0.0133
HLA-C	known	MID	79	1	0.0133
HLA-C	known	SAS	1	34	0.34
HLA-C	known	SAS	2	16	0.16
HLA-C	known	SAS	3	6	0.06
HLA-C	known	SAS	4	6	0.06
HLA-C	known	SAS	5	2	0.02
HLA-C	known	SAS	6	1	0.01
HLA-C	known	SAS	8	1	0.01
HLA-C	known	SAS	9	2	0.02
HLA-C	known	SAS	11	2	0.02
HLA-C	known	SAS	13	1	0.01
HLA-C	known	SAS	16	1	0.01
HLA-C	known	SAS	17	2	0.02
HLA-C	known	SAS	19	1	0.01
HLA-C	known	SAS	22	1	0.01
HLA-C	known	SAS	23	1	0.01
HLA-C	known	SAS	25	1	0.01
HLA-C	known	SAS	27	1	0.01
HLA-C	known	SAS	28	1	0.01
HLA-C	known	SAS	29	1	0.01
HLA-C	known	SAS	33	1	0.01
HLA-C	known	SAS	36	1	0.01
HLA-C	known	SAS	37	2	0.02
HLA-C	known	SAS	38	2	0.02
HLA-C	known	SAS	54	1	0.01
HLA-C	known	SAS	61	1	0.01
HLA-C	known	SAS	68	2	0.02
HLA-C	known	SAS	90	1	0.01
HLA-C	known	SAS	100	1	0.01
HLA-C	known	SAS	105	1	0.01
HLA-C	known	SAS	111	1	0.01
HLA-C	known	SAS	138	1	0.01
HLA-C	known	SAS	163	1	0.01
HLA-C	known	SAS	179	1	0.01
HLA-C	known	SAS	185	1	0.01
HLA-C	known	SAS	239	1	0.01
HLA-C	known	POOLED	1	149	0.4209
HLA-C	known	POOLED	2	35	0.0989
HLA-C	known	POOLED	3	31	0.0876
HLA-C	known	POOLED	4	13	0.0367
HLA-C	known	POOLED	5	7	0.0198
HLA-C	known	POOLED	6	10	0.0282
HLA-C	known	POOLED	7	6	0.0169
HLA-C	known	POOLED	8	4	0.0113
HLA-C	known	POOLED	9	6	0.0169
HLA-C	known	POOLED	10	4	0.0113
HLA-C	known	POOLED	12	6	0.0169
HLA-C	known	POOLED	13	4	0.0113
HLA-C	known	POOLED	14	1	0.0028
HLA-C	known	POOLED	16	3	0.0085
HLA-C	known	POOLED	17	1	0.0028
HLA-C	known	POOLED	18	2	0.0056
HLA-C	known	POOLED	19	1	0.0028
HLA-C	known	POOLED	20	1	0.0028
HLA-C	known	POOLED	22	3	0.0085
HLA-C	known	POOLED	23	1	0.0028
HLA-C	known	POOLED	25	3	0.0085
HLA-C	known	POOLED	26	1	0.0028
HLA-C	known	POOLED	36	1	0.0028
HLA-C	known	POOLED	38	1	0.0028
HLA-C	known	POOLED	40	1	0.0028
HLA-C	known	POOLED	42	1	0.0028
HLA-C	known	POOLED	43	1	0.0028
HLA-C	known	POOLED	46	2	0.0056
HLA-C	known	POOLED	48	1	0.0028
HLA-C	known	POOLED	50	1	0.0028
HLA-C	known	POOLED	56	1	0.0028
HLA-C	known	POOLED	57	1	0.0028
HLA-C	known	POOLED	58	1	0.0028
HLA-C	known	POOLED	63	2	0.0056
HLA-C	known	POOLED	73	1	0.0028
HLA-C	known	POOLED	74	1	0.0028
HLA-C	known	POOLED	91	1	0.0028
HLA-C	known	POOLED	100	1	0.0028
HLA-C	known	POOLED	110	1	0.0028
HLA-C	known	POOLED	117	1	0.0028
HLA-C	known	POOLED	120	1	0.0028
HLA-C	known	POOLED	121	1	0.0028
HLA-C	known	POOLED	126	1	0.0028
HLA-C	known	POOLED	129	2	0.0056
HLA-C	known	POOLED	133	2	0.0056
HLA-C	known	POOLED	153	1	0.0028
HLA-C	known	POOLED	157	1	0.0028
HLA-C	known	POOLED	169	2	0.0056
HLA-C	known	POOLED	228	1	0.0028
HLA-C	known	POOLED	231	1	0.0028
HLA-C	known	POOLED	257	1	0.0028
HLA-C	known	POOLED	267	1	0.0028
HLA-C	known	POOLED	272	1	0.0028
HLA-C	known	POOLED	273	1	0.0028
HLA-C	known	POOLED	387	1	0.0028
HLA-C	known	POOLED	393	1	0.0028
HLA-C	known	POOLED	402	1	0.0028
HLA-C	known	POOLED	403	1	0.0028
HLA-C	known	POOLED	406	1	0.0028
HLA-C	known	POOLED	422	1	0.0028
HLA-C	known	POOLED	444	1	0.0028
HLA-C	known	POOLED	451	1	0.0028
HLA-C	known	POOLED	467	1	0.0028
HLA-C	known	POOLED	510	1	0.0028
HLA-C	known	POOLED	546	1	0.0028
HLA-C	known	POOLED	556	1	0.0028
HLA-C	known	POOLED	569	1	0.0028
HLA-C	known	POOLED	570	1	0.0028
HLA-C	known	POOLED	596	1	0.0028
HLA-C	known	POOLED	617	1	0.0028
HLA-C	known	POOLED	659	1	0.0028
HLA-C	known	POOLED	736	1	0.0028
HLA-C	known	POOLED	810	1	0.0028
HLA-C	known	POOLED	929	1	0.0028
HLA-C	known	POOLED	933	1	0.0028
HLA-C	known	POOLED	951	1	0.0028
HLA-C	known	POOLED	984	1	0.0028
HLA-C	known	POOLED	1086	1	0.0028
HLA-C	known	POOLED	1111	1	0.0028
HLA-C	novel	AFR	1	224	0.8819
HLA-C	novel	AFR	2	6	0.0236
HLA-C	novel	AFR	3	3	0.0118
HLA-C	novel	AFR	4	1	0.0039
HLA-C	novel	AFR	5	1	0.0039
HLA-C	novel	AFR	6	1	0.0039
HLA-C	novel	AFR	8	2	0.0079
HLA-C	novel	AFR	9	2	0.0079
HLA-C	novel	AFR	10	1	0.0039
HLA-C	novel	AFR	11	1	0.0039
HLA-C	novel	AFR	13	1	0.0039
HLA-C	novel	AFR	14	1	0.0039
HLA-C	novel	AFR	19	1	0.0039
HLA-C	novel	AFR	23	1	0.0039
HLA-C	novel	AFR	24	2	0.0079
HLA-C	novel	AFR	25	1	0.0039
HLA-C	novel	AFR	26	1	0.0039
HLA-C	novel	AFR	32	1	0.0039
HLA-C	novel	AFR	41	1	0.0039
HLA-C	novel	AFR	72	1	0.0039
HLA-C	novel	AFR	88	1	0.0039
HLA-C	novel	AMR	1	218	0.8549
HLA-C	novel	AMR	2	12	0.0471
HLA-C	novel	AMR	3	3	0.0118
HLA-C	novel	AMR	4	4	0.0157
HLA-C	novel	AMR	5	3	0.0118
HLA-C	novel	AMR	7	1	0.0039
HLA-C	novel	AMR	8	2	0.0078
HLA-C	novel	AMR	10	1	0.0039
HLA-C	novel	AMR	12	1	0.0039
HLA-C	novel	AMR	13	1	0.0039
HLA-C	novel	AMR	14	1	0.0039
HLA-C	novel	AMR	15	3	0.0118
HLA-C	novel	AMR	21	1	0.0039
HLA-C	novel	AMR	23	1	0.0039
HLA-C	novel	AMR	33	1	0.0039
HLA-C	novel	AMR	34	1	0.0039
HLA-C	novel	AMR	54	1	0.0039
HLA-C	novel	EAS	1	132	0.8627
HLA-C	novel	EAS	2	5	0.0327
HLA-C	novel	EAS	3	3	0.0196
HLA-C	novel	EAS	4	1	0.0065
HLA-C	novel	EAS	5	1	0.0065
HLA-C	novel	EAS	6	1	0.0065
HLA-C	novel	EAS	7	1	0.0065
HLA-C	novel	EAS	9	1	0.0065
HLA-C	novel	EAS	14	2	0.0131
HLA-C	novel	EAS	18	1	0.0065
HLA-C	novel	EAS	20	1	0.0065
HLA-C	novel	EAS	22	2	0.0131
HLA-C	novel	EAS	35	1	0.0065
HLA-C	novel	EAS	43	1	0.0065
HLA-C	novel	EUR	1	226	0.9004
HLA-C	novel	EUR	2	3	0.012
HLA-C	novel	EUR	3	3	0.012
HLA-C	novel	EUR	4	5	0.0199
HLA-C	novel	EUR	6	1	0.004
HLA-C	novel	EUR	7	1	0.004
HLA-C	novel	EUR	9	1	0.004
HLA-C	novel	EUR	12	1	0.004
HLA-C	novel	EUR	14	1	0.004
HLA-C	novel	EUR	18	1	0.004
HLA-C	novel	EUR	22	1	0.004
HLA-C	novel	EUR	23	1	0.004
HLA-C	novel	EUR	24	1	0.004
HLA-C	novel	EUR	27	1	0.004
HLA-C	novel	EUR	29	1	0.004
HLA-C	novel	EUR	33	1	0.004
HLA-C	novel	EUR	38	1	0.004
HLA-C	novel	EUR	41	1	0.004
HLA-C	novel	MID	1	38	0.7308
HLA-C	novel	MID	2	3	0.0577
HLA-C	novel	MID	3	7	0.1346
HLA-C	novel	MID	4	1	0.0192
HLA-C	novel	MID	5	1	0.0192
HLA-C	novel	MID	8	1	0.0192
HLA-C	novel	MID	14	1	0.0192
HLA-C	novel	SAS	1	96	0.8571
HLA-C	novel	SAS	2	3	0.0268
HLA-C	novel	SAS	3	1	0.0089
HLA-C	novel	SAS	4	2	0.0179
HLA-C	novel	SAS	5	2	0.0179
HLA-C	novel	SAS	7	1	0.0089
HLA-C	novel	SAS	8	1	0.0089
HLA-C	novel	SAS	12	1	0.0089
HLA-C	novel	SAS	16	1	0.0089
HLA-C	novel	SAS	22	1	0.0089
HLA-C	novel	SAS	23	1	0.0089
HLA-C	novel	SAS	29	1	0.0089
HLA-C	novel	SAS	39	1	0.0089
HLA-C	novel	POOLED	1	887	0.9347
HLA-C	novel	POOLED	2	22	0.0232
HLA-C	novel	POOLED	3	6	0.0063
HLA-C	novel	POOLED	4	3	0.0032
HLA-C	novel	POOLED	7	3	0.0032
HLA-C	novel	POOLED	8	1	0.0011
HLA-C	novel	POOLED	10	1	0.0011
HLA-C	novel	POOLED	12	1	0.0011
HLA-C	novel	POOLED	14	1	0.0011
HLA-C	novel	POOLED	17	1	0.0011
HLA-C	novel	POOLED	18	1	0.0011
HLA-C	novel	POOLED	23	2	0.0021
HLA-C	novel	POOLED	28	1	0.0011
HLA-C	novel	POOLED	30	1	0.0011
HLA-C	novel	POOLED	34	1	0.0011
HLA-C	novel	POOLED	36	1	0.0011
HLA-C	novel	POOLED	37	1	0.0011
HLA-C	novel	POOLED	38	1	0.0011
HLA-C	novel	POOLED	43	1	0.0011
HLA-C	novel	POOLED	49	1	0.0011
HLA-C	novel	POOLED	50	1	0.0011
HLA-C	novel	POOLED	52	1	0.0011
HLA-C	novel	POOLED	55	1	0.0011
HLA-C	novel	POOLED	62	1	0.0011
HLA-C	novel	POOLED	66	1	0.0011
HLA-C	novel	POOLED	77	1	0.0011
HLA-C	novel	POOLED	86	1	0.0011
HLA-C	novel	POOLED	89	1	0.0011
HLA-C	novel	POOLED	126	1	0.0011
HLA-C	novel	POOLED	130	1	0.0011
HLA-C	novel	POOLED	183	1	0.0011
HLA-C	novel	POOLED	216	1	0.0011
HLA-DMA	all	AFR	1	119	0.7484
HLA-DMA	all	AFR	2	9	0.0566
HLA-DMA	all	AFR	3	1	0.0063
HLA-DMA	all	AFR	4	2	0.0126
HLA-DMA	all	AFR	6	2	0.0126
HLA-DMA	all	AFR	8	1	0.0063
HLA-DMA	all	AFR	18	1	0.0063
HLA-DMA	all	AFR	19	1	0.0063
HLA-DMA	all	AFR	21	1	0.0063
HLA-DMA	all	AFR	28	1	0.0063
HLA-DMA	all	AFR	29	1	0.0063
HLA-DMA	all	AFR	33	1	0.0063
HLA-DMA	all	AFR	39	1	0.0063
HLA-DMA	all	AFR	44	1	0.0063
HLA-DMA	all	AFR	52	1	0.0063
HLA-DMA	all	AFR	59	1	0.0063
HLA-DMA	all	AFR	60	1	0.0063
HLA-DMA	all	AFR	72	1	0.0063
HLA-DMA	all	AFR	111	1	0.0063
HLA-DMA	all	AFR	112	1	0.0063
HLA-DMA	all	AFR	139	1	0.0063
HLA-DMA	all	AFR	166	1	0.0063
HLA-DMA	all	AFR	246	1	0.0063
HLA-DMA	all	AFR	286	1	0.0063
HLA-DMA	all	AFR	293	1	0.0063
HLA-DMA	all	AFR	333	1	0.0063
HLA-DMA	all	AFR	434	2	0.0126
HLA-DMA	all	AFR	436	1	0.0063
HLA-DMA	all	AFR	949	1	0.0063
HLA-DMA	all	AFR	1519	1	0.0063
HLA-DMA	all	AMR	1	99	0.6781
HLA-DMA	all	AMR	2	13	0.089
HLA-DMA	all	AMR	3	1	0.0068
HLA-DMA	all	AMR	4	2	0.0137
HLA-DMA	all	AMR	5	2	0.0137
HLA-DMA	all	AMR	8	1	0.0068
HLA-DMA	all	AMR	10	1	0.0068
HLA-DMA	all	AMR	11	1	0.0068
HLA-DMA	all	AMR	13	1	0.0068
HLA-DMA	all	AMR	14	1	0.0068
HLA-DMA	all	AMR	22	1	0.0068
HLA-DMA	all	AMR	30	1	0.0068
HLA-DMA	all	AMR	31	1	0.0068
HLA-DMA	all	AMR	33	1	0.0068
HLA-DMA	all	AMR	34	2	0.0137
HLA-DMA	all	AMR	36	1	0.0068
HLA-DMA	all	AMR	39	1	0.0068
HLA-DMA	all	AMR	43	1	0.0068
HLA-DMA	all	AMR	62	1	0.0068
HLA-DMA	all	AMR	64	1	0.0068
HLA-DMA	all	AMR	82	1	0.0068
HLA-DMA	all	AMR	106	1	0.0068
HLA-DMA	all	AMR	109	1	0.0068
HLA-DMA	all	AMR	127	1	0.0068
HLA-DMA	all	AMR	149	1	0.0068
HLA-DMA	all	AMR	160	1	0.0068
HLA-DMA	all	AMR	232	1	0.0068
HLA-DMA	all	AMR	266	1	0.0068
HLA-DMA	all	AMR	411	1	0.0068
HLA-DMA	all	AMR	467	1	0.0068
HLA-DMA	all	AMR	640	1	0.0068
HLA-DMA	all	AMR	821	1	0.0068
HLA-DMA	all	AMR	1248	1	0.0068
HLA-DMA	all	EAS	1	52	0.6582
HLA-DMA	all	EAS	2	4	0.0506
HLA-DMA	all	EAS	3	3	0.038
HLA-DMA	all	EAS	4	2	0.0253
HLA-DMA	all	EAS	5	1	0.0127
HLA-DMA	all	EAS	6	2	0.0253
HLA-DMA	all	EAS	11	1	0.0127
HLA-DMA	all	EAS	12	2	0.0253
HLA-DMA	all	EAS	13	1	0.0127
HLA-DMA	all	EAS	20	1	0.0127
HLA-DMA	all	EAS	21	1	0.0127
HLA-DMA	all	EAS	34	1	0.0127
HLA-DMA	all	EAS	55	1	0.0127
HLA-DMA	all	EAS	74	1	0.0127
HLA-DMA	all	EAS	129	1	0.0127
HLA-DMA	all	EAS	158	1	0.0127
HLA-DMA	all	EAS	306	1	0.0127
HLA-DMA	all	EAS	405	1	0.0127
HLA-DMA	all	EAS	766	1	0.0127
HLA-DMA	all	EAS	830	1	0.0127
HLA-DMA	all	EUR	1	119	0.7438
HLA-DMA	all	EUR	2	9	0.0563
HLA-DMA	all	EUR	3	3	0.0187
HLA-DMA	all	EUR	4	1	0.0063
HLA-DMA	all	EUR	5	1	0.0063
HLA-DMA	all	EUR	6	1	0.0063
HLA-DMA	all	EUR	7	1	0.0063
HLA-DMA	all	EUR	14	1	0.0063
HLA-DMA	all	EUR	17	1	0.0063
HLA-DMA	all	EUR	20	1	0.0063
HLA-DMA	all	EUR	24	1	0.0063
HLA-DMA	all	EUR	29	1	0.0063
HLA-DMA	all	EUR	32	1	0.0063
HLA-DMA	all	EUR	33	1	0.0063
HLA-DMA	all	EUR	43	1	0.0063
HLA-DMA	all	EUR	45	1	0.0063
HLA-DMA	all	EUR	47	1	0.0063
HLA-DMA	all	EUR	55	1	0.0063
HLA-DMA	all	EUR	63	1	0.0063
HLA-DMA	all	EUR	66	1	0.0063
HLA-DMA	all	EUR	86	1	0.0063
HLA-DMA	all	EUR	96	1	0.0063
HLA-DMA	all	EUR	103	2	0.0125
HLA-DMA	all	EUR	110	1	0.0063
HLA-DMA	all	EUR	238	1	0.0063
HLA-DMA	all	EUR	308	1	0.0063
HLA-DMA	all	EUR	324	1	0.0063
HLA-DMA	all	EUR	545	1	0.0063
HLA-DMA	all	EUR	551	1	0.0063
HLA-DMA	all	EUR	1056	1	0.0063
HLA-DMA	all	EUR	1879	1	0.0063
HLA-DMA	all	MID	1	16	0.3902
HLA-DMA	all	MID	2	4	0.0976
HLA-DMA	all	MID	3	2	0.0488
HLA-DMA	all	MID	4	1	0.0244
HLA-DMA	all	MID	5	1	0.0244
HLA-DMA	all	MID	7	1	0.0244
HLA-DMA	all	MID	13	1	0.0244
HLA-DMA	all	MID	14	1	0.0244
HLA-DMA	all	MID	15	1	0.0244
HLA-DMA	all	MID	16	1	0.0244
HLA-DMA	all	MID	17	1	0.0244
HLA-DMA	all	MID	18	2	0.0488
HLA-DMA	all	MID	19	1	0.0244
HLA-DMA	all	MID	22	1	0.0244
HLA-DMA	all	MID	23	1	0.0244
HLA-DMA	all	MID	29	1	0.0244
HLA-DMA	all	MID	45	1	0.0244
HLA-DMA	all	MID	84	1	0.0244
HLA-DMA	all	MID	129	1	0.0244
HLA-DMA	all	MID	201	1	0.0244
HLA-DMA	all	MID	268	1	0.0244
HLA-DMA	all	SAS	1	54	0.6923
HLA-DMA	all	SAS	2	5	0.0641
HLA-DMA	all	SAS	4	2	0.0256
HLA-DMA	all	SAS	8	1	0.0128
HLA-DMA	all	SAS	11	1	0.0128
HLA-DMA	all	SAS	15	1	0.0128
HLA-DMA	all	SAS	18	1	0.0128
HLA-DMA	all	SAS	26	1	0.0128
HLA-DMA	all	SAS	28	1	0.0128
HLA-DMA	all	SAS	34	1	0.0128
HLA-DMA	all	SAS	48	1	0.0128
HLA-DMA	all	SAS	60	1	0.0128
HLA-DMA	all	SAS	67	1	0.0128
HLA-DMA	all	SAS	69	1	0.0128
HLA-DMA	all	SAS	81	1	0.0128
HLA-DMA	all	SAS	147	1	0.0128
HLA-DMA	all	SAS	194	1	0.0128
HLA-DMA	all	SAS	361	1	0.0128
HLA-DMA	all	SAS	491	1	0.0128
HLA-DMA	all	SAS	752	1	0.0128
HLA-DMA	all	POOLED	1	362	0.787
HLA-DMA	all	POOLED	2	37	0.0804
HLA-DMA	all	POOLED	3	9	0.0196
HLA-DMA	all	POOLED	4	8	0.0174
HLA-DMA	all	POOLED	5	5	0.0109
HLA-DMA	all	POOLED	6	2	0.0043
HLA-DMA	all	POOLED	7	3	0.0065
HLA-DMA	all	POOLED	9	1	0.0022
HLA-DMA	all	POOLED	14	1	0.0022
HLA-DMA	all	POOLED	15	1	0.0022
HLA-DMA	all	POOLED	22	1	0.0022
HLA-DMA	all	POOLED	38	1	0.0022
HLA-DMA	all	POOLED	49	1	0.0022
HLA-DMA	all	POOLED	54	1	0.0022
HLA-DMA	all	POOLED	55	1	0.0022
HLA-DMA	all	POOLED	56	1	0.0022
HLA-DMA	all	POOLED	59	1	0.0022
HLA-DMA	all	POOLED	91	1	0.0022
HLA-DMA	all	POOLED	110	1	0.0022
HLA-DMA	all	POOLED	128	1	0.0022
HLA-DMA	all	POOLED	157	1	0.0022
HLA-DMA	all	POOLED	172	1	0.0022
HLA-DMA	all	POOLED	177	1	0.0022
HLA-DMA	all	POOLED	205	1	0.0022
HLA-DMA	all	POOLED	208	1	0.0022
HLA-DMA	all	POOLED	217	1	0.0022
HLA-DMA	all	POOLED	245	1	0.0022
HLA-DMA	all	POOLED	268	1	0.0022
HLA-DMA	all	POOLED	273	1	0.0022
HLA-DMA	all	POOLED	282	1	0.0022
HLA-DMA	all	POOLED	414	1	0.0022
HLA-DMA	all	POOLED	522	1	0.0022
HLA-DMA	all	POOLED	545	1	0.0022
HLA-DMA	all	POOLED	574	1	0.0022
HLA-DMA	all	POOLED	1078	1	0.0022
HLA-DMA	all	POOLED	1265	1	0.0022
HLA-DMA	all	POOLED	1556	1	0.0022
HLA-DMA	all	POOLED	1770	1	0.0022
HLA-DMA	all	POOLED	2719	1	0.0022
HLA-DMA	all	POOLED	4276	1	0.0022
HLA-DMA	all	POOLED	5872	1	0.0022
HLA-DMA	known	AFR	1	4	0.1429
HLA-DMA	known	AFR	2	2	0.0714
HLA-DMA	known	AFR	8	1	0.0357
HLA-DMA	known	AFR	18	1	0.0357
HLA-DMA	known	AFR	19	1	0.0357
HLA-DMA	known	AFR	28	1	0.0357
HLA-DMA	known	AFR	29	1	0.0357
HLA-DMA	known	AFR	33	1	0.0357
HLA-DMA	known	AFR	52	1	0.0357
HLA-DMA	known	AFR	59	1	0.0357
HLA-DMA	known	AFR	60	1	0.0357
HLA-DMA	known	AFR	72	1	0.0357
HLA-DMA	known	AFR	111	1	0.0357
HLA-DMA	known	AFR	112	1	0.0357
HLA-DMA	known	AFR	139	1	0.0357
HLA-DMA	known	AFR	166	1	0.0357
HLA-DMA	known	AFR	246	1	0.0357
HLA-DMA	known	AFR	286	1	0.0357
HLA-DMA	known	AFR	293	1	0.0357
HLA-DMA	known	AFR	333	1	0.0357
HLA-DMA	known	AFR	434	1	0.0357
HLA-DMA	known	AFR	436	1	0.0357
HLA-DMA	known	AFR	949	1	0.0357
HLA-DMA	known	AFR	1519	1	0.0357
HLA-DMA	known	AMR	1	3	0.0968
HLA-DMA	known	AMR	2	2	0.0645
HLA-DMA	known	AMR	3	1	0.0323
HLA-DMA	known	AMR	8	1	0.0323
HLA-DMA	known	AMR	10	1	0.0323
HLA-DMA	known	AMR	13	1	0.0323
HLA-DMA	known	AMR	22	1	0.0323
HLA-DMA	known	AMR	30	1	0.0323
HLA-DMA	known	AMR	31	1	0.0323
HLA-DMA	known	AMR	33	1	0.0323
HLA-DMA	known	AMR	34	2	0.0645
HLA-DMA	known	AMR	36	1	0.0323
HLA-DMA	known	AMR	39	1	0.0323
HLA-DMA	known	AMR	62	1	0.0323
HLA-DMA	known	AMR	64	1	0.0323
HLA-DMA	known	AMR	82	1	0.0323
HLA-DMA	known	AMR	106	1	0.0323
HLA-DMA	known	AMR	109	1	0.0323
HLA-DMA	known	AMR	127	1	0.0323
HLA-DMA	known	AMR	149	1	0.0323
HLA-DMA	known	AMR	160	1	0.0323
HLA-DMA	known	AMR	232	1	0.0323
HLA-DMA	known	AMR	411	1	0.0323
HLA-DMA	known	AMR	467	1	0.0323
HLA-DMA	known	AMR	640	1	0.0323
HLA-DMA	known	AMR	821	1	0.0323
HLA-DMA	known	AMR	1248	1	0.0323
HLA-DMA	known	EAS	1	6	0.2609
HLA-DMA	known	EAS	3	2	0.087
HLA-DMA	known	EAS	4	2	0.087
HLA-DMA	known	EAS	5	1	0.0435
HLA-DMA	known	EAS	6	1	0.0435
HLA-DMA	known	EAS	11	1	0.0435
HLA-DMA	known	EAS	12	2	0.087
HLA-DMA	known	EAS	20	1	0.0435
HLA-DMA	known	EAS	21	1	0.0435
HLA-DMA	known	EAS	55	1	0.0435
HLA-DMA	known	EAS	158	1	0.0435
HLA-DMA	known	EAS	306	1	0.0435
HLA-DMA	known	EAS	405	1	0.0435
HLA-DMA	known	EAS	766	1	0.0435
HLA-DMA	known	EAS	830	1	0.0435
HLA-DMA	known	EUR	1	4	0.125
HLA-DMA	known	EUR	2	2	0.0625
HLA-DMA	known	EUR	3	2	0.0625
HLA-DMA	known	EUR	5	1	0.0312
HLA-DMA	known	EUR	6	1	0.0312
HLA-DMA	known	EUR	17	1	0.0312
HLA-DMA	known	EUR	20	1	0.0312
HLA-DMA	known	EUR	24	1	0.0312
HLA-DMA	known	EUR	29	1	0.0312
HLA-DMA	known	EUR	32	1	0.0312
HLA-DMA	known	EUR	33	1	0.0312
HLA-DMA	known	EUR	43	1	0.0312
HLA-DMA	known	EUR	45	1	0.0312
HLA-DMA	known	EUR	47	1	0.0312
HLA-DMA	known	EUR	63	1	0.0312
HLA-DMA	known	EUR	66	1	0.0312
HLA-DMA	known	EUR	86	1	0.0312
HLA-DMA	known	EUR	96	1	0.0312
HLA-DMA	known	EUR	103	2	0.0625
HLA-DMA	known	EUR	110	1	0.0312
HLA-DMA	known	EUR	238	1	0.0312
HLA-DMA	known	EUR	324	1	0.0312
HLA-DMA	known	EUR	545	1	0.0312
HLA-DMA	known	EUR	551	1	0.0312
HLA-DMA	known	EUR	1056	1	0.0312
HLA-DMA	known	EUR	1879	1	0.0312
HLA-DMA	known	MID	1	5	0.2
HLA-DMA	known	MID	2	2	0.08
HLA-DMA	known	MID	3	1	0.04
HLA-DMA	known	MID	5	1	0.04
HLA-DMA	known	MID	7	1	0.04
HLA-DMA	known	MID	13	1	0.04
HLA-DMA	known	MID	14	1	0.04
HLA-DMA	known	MID	15	1	0.04
HLA-DMA	known	MID	16	1	0.04
HLA-DMA	known	MID	17	1	0.04
HLA-DMA	known	MID	18	2	0.08
HLA-DMA	known	MID	19	1	0.04
HLA-DMA	known	MID	22	1	0.04
HLA-DMA	known	MID	23	1	0.04
HLA-DMA	known	MID	29	1	0.04
HLA-DMA	known	MID	84	1	0.04
HLA-DMA	known	MID	129	1	0.04
HLA-DMA	known	MID	201	1	0.04
HLA-DMA	known	MID	268	1	0.04
HLA-DMA	known	SAS	1	5	0.25
HLA-DMA	known	SAS	4	1	0.05
HLA-DMA	known	SAS	8	1	0.05
HLA-DMA	known	SAS	11	1	0.05
HLA-DMA	known	SAS	15	1	0.05
HLA-DMA	known	SAS	18	1	0.05
HLA-DMA	known	SAS	28	1	0.05
HLA-DMA	known	SAS	34	1	0.05
HLA-DMA	known	SAS	60	1	0.05
HLA-DMA	known	SAS	67	1	0.05
HLA-DMA	known	SAS	69	1	0.05
HLA-DMA	known	SAS	147	1	0.05
HLA-DMA	known	SAS	194	1	0.05
HLA-DMA	known	SAS	361	1	0.05
HLA-DMA	known	SAS	491	1	0.05
HLA-DMA	known	SAS	752	1	0.05
HLA-DMA	known	POOLED	1	4	0.1111
HLA-DMA	known	POOLED	2	1	0.0278
HLA-DMA	known	POOLED	3	1	0.0278
HLA-DMA	known	POOLED	4	2	0.0556
HLA-DMA	known	POOLED	5	1	0.0278
HLA-DMA	known	POOLED	7	1	0.0278
HLA-DMA	known	POOLED	22	1	0.0278
HLA-DMA	known	POOLED	49	1	0.0278
HLA-DMA	known	POOLED	55	1	0.0278
HLA-DMA	known	POOLED	56	1	0.0278
HLA-DMA	known	POOLED	59	1	0.0278
HLA-DMA	known	POOLED	91	1	0.0278
HLA-DMA	known	POOLED	110	1	0.0278
HLA-DMA	known	POOLED	128	1	0.0278
HLA-DMA	known	POOLED	172	1	0.0278
HLA-DMA	known	POOLED	177	1	0.0278
HLA-DMA	known	POOLED	208	1	0.0278
HLA-DMA	known	POOLED	217	1	0.0278
HLA-DMA	known	POOLED	245	1	0.0278
HLA-DMA	known	POOLED	268	1	0.0278
HLA-DMA	known	POOLED	273	1	0.0278
HLA-DMA	known	POOLED	282	1	0.0278
HLA-DMA	known	POOLED	414	1	0.0278
HLA-DMA	known	POOLED	522	1	0.0278
HLA-DMA	known	POOLED	545	1	0.0278
HLA-DMA	known	POOLED	574	1	0.0278
HLA-DMA	known	POOLED	1078	1	0.0278
HLA-DMA	known	POOLED	1556	1	0.0278
HLA-DMA	known	POOLED	1770	1	0.0278
HLA-DMA	known	POOLED	2719	1	0.0278
HLA-DMA	known	POOLED	4276	1	0.0278
HLA-DMA	known	POOLED	5872	1	0.0278
HLA-DMA	novel	AFR	1	115	0.8779
HLA-DMA	novel	AFR	2	7	0.0534
HLA-DMA	novel	AFR	3	1	0.0076
HLA-DMA	novel	AFR	4	2	0.0153
HLA-DMA	novel	AFR	6	2	0.0153
HLA-DMA	novel	AFR	21	1	0.0076
HLA-DMA	novel	AFR	39	1	0.0076
HLA-DMA	novel	AFR	44	1	0.0076
HLA-DMA	novel	AFR	434	1	0.0076
HLA-DMA	novel	AMR	1	96	0.8348
HLA-DMA	novel	AMR	2	11	0.0957
HLA-DMA	novel	AMR	4	2	0.0174
HLA-DMA	novel	AMR	5	2	0.0174
HLA-DMA	novel	AMR	11	1	0.0087
HLA-DMA	novel	AMR	14	1	0.0087
HLA-DMA	novel	AMR	43	1	0.0087
HLA-DMA	novel	AMR	266	1	0.0087
HLA-DMA	novel	EAS	1	46	0.8214
HLA-DMA	novel	EAS	2	4	0.0714
HLA-DMA	novel	EAS	3	1	0.0179
HLA-DMA	novel	EAS	6	1	0.0179
HLA-DMA	novel	EAS	13	1	0.0179
HLA-DMA	novel	EAS	34	1	0.0179
HLA-DMA	novel	EAS	74	1	0.0179
HLA-DMA	novel	EAS	129	1	0.0179
HLA-DMA	novel	EUR	1	115	0.8984
HLA-DMA	novel	EUR	2	7	0.0547
HLA-DMA	novel	EUR	3	1	0.0078
HLA-DMA	novel	EUR	4	1	0.0078
HLA-DMA	novel	EUR	7	1	0.0078
HLA-DMA	novel	EUR	14	1	0.0078
HLA-DMA	novel	EUR	55	1	0.0078
HLA-DMA	novel	EUR	308	1	0.0078
HLA-DMA	novel	MID	1	11	0.6875
HLA-DMA	novel	MID	2	2	0.125
HLA-DMA	novel	MID	3	1	0.0625
HLA-DMA	novel	MID	4	1	0.0625
HLA-DMA	novel	MID	45	1	0.0625
HLA-DMA	novel	SAS	1	49	0.8448
HLA-DMA	novel	SAS	2	5	0.0862
HLA-DMA	novel	SAS	4	1	0.0172
HLA-DMA	novel	SAS	26	1	0.0172
HLA-DMA	novel	SAS	48	1	0.0172
HLA-DMA	novel	SAS	81	1	0.0172
HLA-DMA	novel	POOLED	1	358	0.8443
HLA-DMA	novel	POOLED	2	36	0.0849
HLA-DMA	novel	POOLED	3	8	0.0189
HLA-DMA	novel	POOLED	4	6	0.0142
HLA-DMA	novel	POOLED	5	4	0.0094
HLA-DMA	novel	POOLED	6	2	0.0047
HLA-DMA	novel	POOLED	7	2	0.0047
HLA-DMA	novel	POOLED	9	1	0.0024
HLA-DMA	novel	POOLED	14	1	0.0024
HLA-DMA	novel	POOLED	15	1	0.0024
HLA-DMA	novel	POOLED	38	1	0.0024
HLA-DMA	novel	POOLED	54	1	0.0024
HLA-DMA	novel	POOLED	157	1	0.0024
HLA-DMA	novel	POOLED	205	1	0.0024
HLA-DMA	novel	POOLED	1265	1	0.0024
HLA-DMB	all	AFR	1	97	0.5915
HLA-DMB	all	AFR	2	12	0.0732
HLA-DMB	all	AFR	3	4	0.0244
HLA-DMB	all	AFR	4	3	0.0183
HLA-DMB	all	AFR	5	3	0.0183
HLA-DMB	all	AFR	6	3	0.0183
HLA-DMB	all	AFR	8	2	0.0122
HLA-DMB	all	AFR	9	1	0.0061
HLA-DMB	all	AFR	12	1	0.0061
HLA-DMB	all	AFR	13	1	0.0061
HLA-DMB	all	AFR	14	1	0.0061
HLA-DMB	all	AFR	17	1	0.0061
HLA-DMB	all	AFR	20	1	0.0061
HLA-DMB	all	AFR	22	3	0.0183
HLA-DMB	all	AFR	24	1	0.0061
HLA-DMB	all	AFR	26	1	0.0061
HLA-DMB	all	AFR	29	2	0.0122
HLA-DMB	all	AFR	34	1	0.0061
HLA-DMB	all	AFR	38	1	0.0061
HLA-DMB	all	AFR	47	1	0.0061
HLA-DMB	all	AFR	49	1	0.0061
HLA-DMB	all	AFR	54	1	0.0061
HLA-DMB	all	AFR	59	1	0.0061
HLA-DMB	all	AFR	68	1	0.0061
HLA-DMB	all	AFR	69	1	0.0061
HLA-DMB	all	AFR	75	1	0.0061
HLA-DMB	all	AFR	78	1	0.0061
HLA-DMB	all	AFR	83	1	0.0061
HLA-DMB	all	AFR	84	1	0.0061
HLA-DMB	all	AFR	107	2	0.0122
HLA-DMB	all	AFR	117	1	0.0061
HLA-DMB	all	AFR	132	1	0.0061
HLA-DMB	all	AFR	136	1	0.0061
HLA-DMB	all	AFR	138	1	0.0061
HLA-DMB	all	AFR	145	1	0.0061
HLA-DMB	all	AFR	151	1	0.0061
HLA-DMB	all	AFR	154	1	0.0061
HLA-DMB	all	AFR	209	1	0.0061
HLA-DMB	all	AFR	238	1	0.0061
HLA-DMB	all	AFR	338	1	0.0061
HLA-DMB	all	AFR	377	1	0.0061
HLA-DMB	all	AFR	726	1	0.0061
HLA-DMB	all	AFR	1806	1	0.0061
HLA-DMB	all	AMR	1	97	0.5673
HLA-DMB	all	AMR	2	15	0.0877
HLA-DMB	all	AMR	3	3	0.0175
HLA-DMB	all	AMR	4	4	0.0234
HLA-DMB	all	AMR	5	3	0.0175
HLA-DMB	all	AMR	6	1	0.0058
HLA-DMB	all	AMR	7	1	0.0058
HLA-DMB	all	AMR	8	3	0.0175
HLA-DMB	all	AMR	11	2	0.0117
HLA-DMB	all	AMR	12	2	0.0117
HLA-DMB	all	AMR	13	2	0.0117
HLA-DMB	all	AMR	15	2	0.0117
HLA-DMB	all	AMR	16	1	0.0058
HLA-DMB	all	AMR	17	1	0.0058
HLA-DMB	all	AMR	18	2	0.0117
HLA-DMB	all	AMR	20	1	0.0058
HLA-DMB	all	AMR	24	1	0.0058
HLA-DMB	all	AMR	25	1	0.0058
HLA-DMB	all	AMR	26	1	0.0058
HLA-DMB	all	AMR	28	1	0.0058
HLA-DMB	all	AMR	34	1	0.0058
HLA-DMB	all	AMR	36	1	0.0058
HLA-DMB	all	AMR	37	1	0.0058
HLA-DMB	all	AMR	43	1	0.0058
HLA-DMB	all	AMR	44	1	0.0058
HLA-DMB	all	AMR	47	1	0.0058
HLA-DMB	all	AMR	49	1	0.0058
HLA-DMB	all	AMR	56	1	0.0058
HLA-DMB	all	AMR	69	1	0.0058
HLA-DMB	all	AMR	70	1	0.0058
HLA-DMB	all	AMR	77	1	0.0058
HLA-DMB	all	AMR	81	1	0.0058
HLA-DMB	all	AMR	84	1	0.0058
HLA-DMB	all	AMR	87	2	0.0117
HLA-DMB	all	AMR	95	1	0.0058
HLA-DMB	all	AMR	98	1	0.0058
HLA-DMB	all	AMR	109	1	0.0058
HLA-DMB	all	AMR	113	1	0.0058
HLA-DMB	all	AMR	120	1	0.0058
HLA-DMB	all	AMR	152	1	0.0058
HLA-DMB	all	AMR	158	1	0.0058
HLA-DMB	all	AMR	272	1	0.0058
HLA-DMB	all	AMR	339	1	0.0058
HLA-DMB	all	AMR	653	1	0.0058
HLA-DMB	all	AMR	803	1	0.0058
HLA-DMB	all	AMR	1142	1	0.0058
HLA-DMB	all	EAS	1	76	0.5714
HLA-DMB	all	EAS	2	15	0.1128
HLA-DMB	all	EAS	3	2	0.015
HLA-DMB	all	EAS	4	3	0.0226
HLA-DMB	all	EAS	5	4	0.0301
HLA-DMB	all	EAS	6	3	0.0226
HLA-DMB	all	EAS	8	1	0.0075
HLA-DMB	all	EAS	9	1	0.0075
HLA-DMB	all	EAS	10	3	0.0226
HLA-DMB	all	EAS	11	2	0.015
HLA-DMB	all	EAS	13	1	0.0075
HLA-DMB	all	EAS	14	1	0.0075
HLA-DMB	all	EAS	19	3	0.0226
HLA-DMB	all	EAS	20	1	0.0075
HLA-DMB	all	EAS	21	1	0.0075
HLA-DMB	all	EAS	22	1	0.0075
HLA-DMB	all	EAS	25	1	0.0075
HLA-DMB	all	EAS	31	1	0.0075
HLA-DMB	all	EAS	40	2	0.015
HLA-DMB	all	EAS	46	1	0.0075
HLA-DMB	all	EAS	47	1	0.0075
HLA-DMB	all	EAS	56	1	0.0075
HLA-DMB	all	EAS	58	1	0.0075
HLA-DMB	all	EAS	156	1	0.0075
HLA-DMB	all	EAS	245	1	0.0075
HLA-DMB	all	EAS	254	1	0.0075
HLA-DMB	all	EAS	342	1	0.0075
HLA-DMB	all	EAS	359	1	0.0075
HLA-DMB	all	EAS	365	1	0.0075
HLA-DMB	all	EAS	500	1	0.0075
HLA-DMB	all	EUR	1	104	0.6082
HLA-DMB	all	EUR	2	12	0.0702
HLA-DMB	all	EUR	3	4	0.0234
HLA-DMB	all	EUR	4	2	0.0117
HLA-DMB	all	EUR	5	4	0.0234
HLA-DMB	all	EUR	6	3	0.0175
HLA-DMB	all	EUR	8	1	0.0058
HLA-DMB	all	EUR	12	1	0.0058
HLA-DMB	all	EUR	13	1	0.0058
HLA-DMB	all	EUR	14	1	0.0058
HLA-DMB	all	EUR	15	2	0.0117
HLA-DMB	all	EUR	16	1	0.0058
HLA-DMB	all	EUR	20	1	0.0058
HLA-DMB	all	EUR	21	1	0.0058
HLA-DMB	all	EUR	27	1	0.0058
HLA-DMB	all	EUR	28	1	0.0058
HLA-DMB	all	EUR	33	1	0.0058
HLA-DMB	all	EUR	34	1	0.0058
HLA-DMB	all	EUR	37	1	0.0058
HLA-DMB	all	EUR	41	1	0.0058
HLA-DMB	all	EUR	44	1	0.0058
HLA-DMB	all	EUR	53	3	0.0175
HLA-DMB	all	EUR	54	1	0.0058
HLA-DMB	all	EUR	57	1	0.0058
HLA-DMB	all	EUR	63	1	0.0058
HLA-DMB	all	EUR	64	1	0.0058
HLA-DMB	all	EUR	65	1	0.0058
HLA-DMB	all	EUR	75	1	0.0058
HLA-DMB	all	EUR	81	1	0.0058
HLA-DMB	all	EUR	85	2	0.0117
HLA-DMB	all	EUR	115	1	0.0058
HLA-DMB	all	EUR	125	1	0.0058
HLA-DMB	all	EUR	127	1	0.0058
HLA-DMB	all	EUR	145	1	0.0058
HLA-DMB	all	EUR	185	1	0.0058
HLA-DMB	all	EUR	187	1	0.0058
HLA-DMB	all	EUR	232	1	0.0058
HLA-DMB	all	EUR	236	1	0.0058
HLA-DMB	all	EUR	242	1	0.0058
HLA-DMB	all	EUR	249	1	0.0058
HLA-DMB	all	EUR	286	1	0.0058
HLA-DMB	all	EUR	295	1	0.0058
HLA-DMB	all	EUR	735	1	0.0058
HLA-DMB	all	EUR	1537	1	0.0058
HLA-DMB	all	MID	1	22	0.3284
HLA-DMB	all	MID	2	4	0.0597
HLA-DMB	all	MID	3	2	0.0299
HLA-DMB	all	MID	4	5	0.0746
HLA-DMB	all	MID	5	7	0.1045
HLA-DMB	all	MID	6	3	0.0448
HLA-DMB	all	MID	8	4	0.0597
HLA-DMB	all	MID	10	3	0.0448
HLA-DMB	all	MID	11	2	0.0299
HLA-DMB	all	MID	12	2	0.0299
HLA-DMB	all	MID	14	1	0.0149
HLA-DMB	all	MID	15	1	0.0149
HLA-DMB	all	MID	16	1	0.0149
HLA-DMB	all	MID	22	2	0.0299
HLA-DMB	all	MID	31	1	0.0149
HLA-DMB	all	MID	44	1	0.0149
HLA-DMB	all	MID	45	3	0.0448
HLA-DMB	all	MID	66	1	0.0149
HLA-DMB	all	MID	162	1	0.0149
HLA-DMB	all	MID	229	1	0.0149
HLA-DMB	all	SAS	1	59	0.5566
HLA-DMB	all	SAS	2	4	0.0377
HLA-DMB	all	SAS	3	1	0.0094
HLA-DMB	all	SAS	4	2	0.0189
HLA-DMB	all	SAS	5	2	0.0189
HLA-DMB	all	SAS	6	4	0.0377
HLA-DMB	all	SAS	7	2	0.0189
HLA-DMB	all	SAS	9	3	0.0283
HLA-DMB	all	SAS	11	2	0.0189
HLA-DMB	all	SAS	12	1	0.0094
HLA-DMB	all	SAS	15	1	0.0094
HLA-DMB	all	SAS	16	1	0.0094
HLA-DMB	all	SAS	18	1	0.0094
HLA-DMB	all	SAS	21	1	0.0094
HLA-DMB	all	SAS	22	2	0.0189
HLA-DMB	all	SAS	24	1	0.0094
HLA-DMB	all	SAS	28	1	0.0094
HLA-DMB	all	SAS	29	2	0.0189
HLA-DMB	all	SAS	30	1	0.0094
HLA-DMB	all	SAS	32	1	0.0094
HLA-DMB	all	SAS	38	1	0.0094
HLA-DMB	all	SAS	39	1	0.0094
HLA-DMB	all	SAS	45	1	0.0094
HLA-DMB	all	SAS	49	1	0.0094
HLA-DMB	all	SAS	54	2	0.0189
HLA-DMB	all	SAS	55	1	0.0094
HLA-DMB	all	SAS	57	1	0.0094
HLA-DMB	all	SAS	64	1	0.0094
HLA-DMB	all	SAS	130	1	0.0094
HLA-DMB	all	SAS	158	1	0.0094
HLA-DMB	all	SAS	364	1	0.0094
HLA-DMB	all	SAS	442	1	0.0094
HLA-DMB	all	SAS	461	1	0.0094
HLA-DMB	all	POOLED	1	357	0.7346
HLA-DMB	all	POOLED	2	33	0.0679
HLA-DMB	all	POOLED	3	9	0.0185
HLA-DMB	all	POOLED	4	6	0.0123
HLA-DMB	all	POOLED	5	6	0.0123
HLA-DMB	all	POOLED	6	4	0.0082
HLA-DMB	all	POOLED	7	1	0.0021
HLA-DMB	all	POOLED	8	1	0.0021
HLA-DMB	all	POOLED	9	1	0.0021
HLA-DMB	all	POOLED	10	1	0.0021
HLA-DMB	all	POOLED	11	1	0.0021
HLA-DMB	all	POOLED	12	1	0.0021
HLA-DMB	all	POOLED	13	2	0.0041
HLA-DMB	all	POOLED	16	2	0.0041
HLA-DMB	all	POOLED	21	1	0.0021
HLA-DMB	all	POOLED	22	3	0.0062
HLA-DMB	all	POOLED	28	1	0.0021
HLA-DMB	all	POOLED	30	1	0.0021
HLA-DMB	all	POOLED	32	1	0.0021
HLA-DMB	all	POOLED	33	1	0.0021
HLA-DMB	all	POOLED	39	3	0.0062
HLA-DMB	all	POOLED	44	1	0.0021
HLA-DMB	all	POOLED	46	1	0.0021
HLA-DMB	all	POOLED	47	1	0.0021
HLA-DMB	all	POOLED	54	1	0.0021
HLA-DMB	all	POOLED	66	2	0.0041
HLA-DMB	all	POOLED	71	1	0.0021
HLA-DMB	all	POOLED	72	1	0.0021
HLA-DMB	all	POOLED	76	1	0.0021
HLA-DMB	all	POOLED	79	1	0.0021
HLA-DMB	all	POOLED	81	1	0.0021
HLA-DMB	all	POOLED	88	1	0.0021
HLA-DMB	all	POOLED	93	1	0.0021
HLA-DMB	all	POOLED	104	1	0.0021
HLA-DMB	all	POOLED	120	2	0.0041
HLA-DMB	all	POOLED	121	2	0.0041
HLA-DMB	all	POOLED	127	1	0.0021
HLA-DMB	all	POOLED	128	1	0.0021
HLA-DMB	all	POOLED	131	2	0.0041
HLA-DMB	all	POOLED	133	1	0.0021
HLA-DMB	all	POOLED	142	1	0.0021
HLA-DMB	all	POOLED	150	1	0.0021
HLA-DMB	all	POOLED	161	1	0.0021
HLA-DMB	all	POOLED	169	1	0.0021
HLA-DMB	all	POOLED	177	1	0.0021
HLA-DMB	all	POOLED	207	1	0.0021
HLA-DMB	all	POOLED	213	1	0.0021
HLA-DMB	all	POOLED	227	1	0.0021
HLA-DMB	all	POOLED	238	1	0.0021
HLA-DMB	all	POOLED	270	1	0.0021
HLA-DMB	all	POOLED	310	1	0.0021
HLA-DMB	all	POOLED	320	1	0.0021
HLA-DMB	all	POOLED	342	1	0.0021
HLA-DMB	all	POOLED	346	1	0.0021
HLA-DMB	all	POOLED	367	1	0.0021
HLA-DMB	all	POOLED	461	1	0.0021
HLA-DMB	all	POOLED	499	1	0.0021
HLA-DMB	all	POOLED	526	1	0.0021
HLA-DMB	all	POOLED	545	1	0.0021
HLA-DMB	all	POOLED	635	1	0.0021
HLA-DMB	all	POOLED	652	2	0.0041
HLA-DMB	all	POOLED	1450	1	0.0021
HLA-DMB	all	POOLED	1485	1	0.0021
HLA-DMB	all	POOLED	1622	1	0.0021
HLA-DMB	all	POOLED	4316	1	0.0021
HLA-DMB	all	POOLED	4445	1	0.0021
HLA-DMB	known	AFR	1	6	0.1091
HLA-DMB	known	AFR	2	3	0.0545
HLA-DMB	known	AFR	3	2	0.0364
HLA-DMB	known	AFR	4	2	0.0364
HLA-DMB	known	AFR	5	3	0.0545
HLA-DMB	known	AFR	6	3	0.0545
HLA-DMB	known	AFR	8	1	0.0182
HLA-DMB	known	AFR	9	1	0.0182
HLA-DMB	known	AFR	12	1	0.0182
HLA-DMB	known	AFR	13	1	0.0182
HLA-DMB	known	AFR	17	1	0.0182
HLA-DMB	known	AFR	20	1	0.0182
HLA-DMB	known	AFR	22	3	0.0545
HLA-DMB	known	AFR	26	1	0.0182
HLA-DMB	known	AFR	29	2	0.0364
HLA-DMB	known	AFR	34	1	0.0182
HLA-DMB	known	AFR	38	1	0.0182
HLA-DMB	known	AFR	47	1	0.0182
HLA-DMB	known	AFR	49	1	0.0182
HLA-DMB	known	AFR	54	1	0.0182
HLA-DMB	known	AFR	59	1	0.0182
HLA-DMB	known	AFR	68	1	0.0182
HLA-DMB	known	AFR	69	1	0.0182
HLA-DMB	known	AFR	75	1	0.0182
HLA-DMB	known	AFR	78	1	0.0182
HLA-DMB	known	AFR	83	1	0.0182
HLA-DMB	known	AFR	84	1	0.0182
HLA-DMB	known	AFR	107	2	0.0364
HLA-DMB	known	AFR	117	1	0.0182
HLA-DMB	known	AFR	132	1	0.0182
HLA-DMB	known	AFR	136	1	0.0182
HLA-DMB	known	AFR	138	1	0.0182
HLA-DMB	known	AFR	145	1	0.0182
HLA-DMB	known	AFR	151	1	0.0182
HLA-DMB	known	AFR	209	1	0.0182
HLA-DMB	known	AFR	238	1	0.0182
HLA-DMB	known	AFR	377	1	0.0182
HLA-DMB	known	AFR	726	1	0.0182
HLA-DMB	known	AMR	1	6	0.1034
HLA-DMB	known	AMR	2	3	0.0517
HLA-DMB	known	AMR	3	1	0.0172
HLA-DMB	known	AMR	4	3	0.0517
HLA-DMB	known	AMR	5	3	0.0517
HLA-DMB	known	AMR	7	1	0.0172
HLA-DMB	known	AMR	8	3	0.0517
HLA-DMB	known	AMR	11	1	0.0172
HLA-DMB	known	AMR	13	2	0.0345
HLA-DMB	known	AMR	15	2	0.0345
HLA-DMB	known	AMR	16	1	0.0172
HLA-DMB	known	AMR	17	1	0.0172
HLA-DMB	known	AMR	18	2	0.0345
HLA-DMB	known	AMR	20	1	0.0172
HLA-DMB	known	AMR	24	1	0.0172
HLA-DMB	known	AMR	25	1	0.0172
HLA-DMB	known	AMR	26	1	0.0172
HLA-DMB	known	AMR	28	1	0.0172
HLA-DMB	known	AMR	34	1	0.0172
HLA-DMB	known	AMR	36	1	0.0172
HLA-DMB	known	AMR	37	1	0.0172
HLA-DMB	known	AMR	43	1	0.0172
HLA-DMB	known	AMR	44	1	0.0172
HLA-DMB	known	AMR	47	1	0.0172
HLA-DMB	known	AMR	49	1	0.0172
HLA-DMB	known	AMR	56	1	0.0172
HLA-DMB	known	AMR	69	1	0.0172
HLA-DMB	known	AMR	77	1	0.0172
HLA-DMB	known	AMR	81	1	0.0172
HLA-DMB	known	AMR	84	1	0.0172
HLA-DMB	known	AMR	87	2	0.0345
HLA-DMB	known	AMR	95	1	0.0172
HLA-DMB	known	AMR	98	1	0.0172
HLA-DMB	known	AMR	109	1	0.0172
HLA-DMB	known	AMR	113	1	0.0172
HLA-DMB	known	AMR	120	1	0.0172
HLA-DMB	known	AMR	152	1	0.0172
HLA-DMB	known	AMR	158	1	0.0172
HLA-DMB	known	AMR	272	1	0.0172
HLA-DMB	known	AMR	653	1	0.0172
HLA-DMB	known	AMR	1142	1	0.0172
HLA-DMB	known	EAS	1	9	0.1765
HLA-DMB	known	EAS	2	10	0.1961
HLA-DMB	known	EAS	3	2	0.0392
HLA-DMB	known	EAS	4	2	0.0392
HLA-DMB	known	EAS	5	4	0.0784
HLA-DMB	known	EAS	6	2	0.0392
HLA-DMB	known	EAS	8	1	0.0196
HLA-DMB	known	EAS	9	1	0.0196
HLA-DMB	known	EAS	10	2	0.0392
HLA-DMB	known	EAS	11	1	0.0196
HLA-DMB	known	EAS	13	1	0.0196
HLA-DMB	known	EAS	14	1	0.0196
HLA-DMB	known	EAS	19	2	0.0392
HLA-DMB	known	EAS	20	1	0.0196
HLA-DMB	known	EAS	21	1	0.0196
HLA-DMB	known	EAS	31	1	0.0196
HLA-DMB	known	EAS	40	2	0.0392
HLA-DMB	known	EAS	46	1	0.0196
HLA-DMB	known	EAS	47	1	0.0196
HLA-DMB	known	EAS	56	1	0.0196
HLA-DMB	known	EAS	58	1	0.0196
HLA-DMB	known	EAS	245	1	0.0196
HLA-DMB	known	EAS	254	1	0.0196
HLA-DMB	known	EAS	342	1	0.0196
HLA-DMB	known	EAS	500	1	0.0196
HLA-DMB	known	EUR	1	9	0.15
HLA-DMB	known	EUR	2	3	0.05
HLA-DMB	known	EUR	3	3	0.05
HLA-DMB	known	EUR	4	1	0.0167
HLA-DMB	known	EUR	5	4	0.0667
HLA-DMB	known	EUR	6	3	0.05
HLA-DMB	known	EUR	8	1	0.0167
HLA-DMB	known	EUR	13	1	0.0167
HLA-DMB	known	EUR	14	1	0.0167
HLA-DMB	known	EUR	15	2	0.0333
HLA-DMB	known	EUR	16	1	0.0167
HLA-DMB	known	EUR	20	1	0.0167
HLA-DMB	known	EUR	21	1	0.0167
HLA-DMB	known	EUR	27	1	0.0167
HLA-DMB	known	EUR	28	1	0.0167
HLA-DMB	known	EUR	33	1	0.0167
HLA-DMB	known	EUR	37	1	0.0167
HLA-DMB	known	EUR	41	1	0.0167
HLA-DMB	known	EUR	44	1	0.0167
HLA-DMB	known	EUR	53	3	0.05
HLA-DMB	known	EUR	54	1	0.0167
HLA-DMB	known	EUR	57	1	0.0167
HLA-DMB	known	EUR	63	1	0.0167
HLA-DMB	known	EUR	64	1	0.0167
HLA-DMB	known	EUR	65	1	0.0167
HLA-DMB	known	EUR	75	1	0.0167
HLA-DMB	known	EUR	81	1	0.0167
HLA-DMB	known	EUR	85	2	0.0333
HLA-DMB	known	EUR	115	1	0.0167
HLA-DMB	known	EUR	125	1	0.0167
HLA-DMB	known	EUR	127	1	0.0167
HLA-DMB	known	EUR	145	1	0.0167
HLA-DMB	known	EUR	185	1	0.0167
HLA-DMB	known	EUR	232	1	0.0167
HLA-DMB	known	EUR	242	1	0.0167
HLA-DMB	known	EUR	249	1	0.0167
HLA-DMB	known	EUR	286	1	0.0167
HLA-DMB	known	EUR	295	1	0.0167
HLA-DMB	known	EUR	1537	1	0.0167
HLA-DMB	known	MID	1	6	0.1277
HLA-DMB	known	MID	2	4	0.0851
HLA-DMB	known	MID	3	2	0.0426
HLA-DMB	known	MID	4	4	0.0851
HLA-DMB	known	MID	5	7	0.1489
HLA-DMB	known	MID	6	3	0.0638
HLA-DMB	known	MID	8	4	0.0851
HLA-DMB	known	MID	10	3	0.0638
HLA-DMB	known	MID	11	1	0.0213
HLA-DMB	known	MID	12	2	0.0426
HLA-DMB	known	MID	14	1	0.0213
HLA-DMB	known	MID	15	1	0.0213
HLA-DMB	known	MID	16	1	0.0213
HLA-DMB	known	MID	22	2	0.0426
HLA-DMB	known	MID	31	1	0.0213
HLA-DMB	known	MID	44	1	0.0213
HLA-DMB	known	MID	45	2	0.0426
HLA-DMB	known	MID	66	1	0.0213
HLA-DMB	known	MID	229	1	0.0213
HLA-DMB	known	SAS	1	8	0.1702
HLA-DMB	known	SAS	2	3	0.0638
HLA-DMB	known	SAS	3	1	0.0213
HLA-DMB	known	SAS	4	2	0.0426
HLA-DMB	known	SAS	5	1	0.0213
HLA-DMB	known	SAS	6	3	0.0638
HLA-DMB	known	SAS	7	1	0.0213
HLA-DMB	known	SAS	9	3	0.0638
HLA-DMB	known	SAS	11	1	0.0213
HLA-DMB	known	SAS	12	1	0.0213
HLA-DMB	known	SAS	15	1	0.0213
HLA-DMB	known	SAS	16	1	0.0213
HLA-DMB	known	SAS	18	1	0.0213
HLA-DMB	known	SAS	21	1	0.0213
HLA-DMB	known	SAS	22	2	0.0426
HLA-DMB	known	SAS	24	1	0.0213
HLA-DMB	known	SAS	28	1	0.0213
HLA-DMB	known	SAS	29	2	0.0426
HLA-DMB	known	SAS	30	1	0.0213
HLA-DMB	known	SAS	32	1	0.0213
HLA-DMB	known	SAS	38	1	0.0213
HLA-DMB	known	SAS	39	1	0.0213
HLA-DMB	known	SAS	45	1	0.0213
HLA-DMB	known	SAS	49	1	0.0213
HLA-DMB	known	SAS	54	2	0.0426
HLA-DMB	known	SAS	55	1	0.0213
HLA-DMB	known	SAS	64	1	0.0213
HLA-DMB	known	SAS	158	1	0.0213
HLA-DMB	known	SAS	364	1	0.0213
HLA-DMB	known	SAS	461	1	0.0213
HLA-DMB	known	POOLED	2	6	0.0882
HLA-DMB	known	POOLED	3	3	0.0441
HLA-DMB	known	POOLED	4	2	0.0294
HLA-DMB	known	POOLED	11	1	0.0147
HLA-DMB	known	POOLED	12	1	0.0147
HLA-DMB	known	POOLED	13	1	0.0147
HLA-DMB	known	POOLED	16	1	0.0147
HLA-DMB	known	POOLED	21	1	0.0147
HLA-DMB	known	POOLED	22	1	0.0147
HLA-DMB	known	POOLED	28	1	0.0147
HLA-DMB	known	POOLED	30	1	0.0147
HLA-DMB	known	POOLED	32	1	0.0147
HLA-DMB	known	POOLED	33	1	0.0147
HLA-DMB	known	POOLED	39	2	0.0294
HLA-DMB	known	POOLED	44	1	0.0147
HLA-DMB	known	POOLED	46	1	0.0147
HLA-DMB	known	POOLED	54	1	0.0147
HLA-DMB	known	POOLED	66	2	0.0294
HLA-DMB	known	POOLED	71	1	0.0147
HLA-DMB	known	POOLED	72	1	0.0147
HLA-DMB	known	POOLED	76	1	0.0147
HLA-DMB	known	POOLED	79	1	0.0147
HLA-DMB	known	POOLED	88	1	0.0147
HLA-DMB	known	POOLED	93	1	0.0147
HLA-DMB	known	POOLED	104	1	0.0147
HLA-DMB	known	POOLED	120	2	0.0294
HLA-DMB	known	POOLED	121	2	0.0294
HLA-DMB	known	POOLED	127	1	0.0147
HLA-DMB	known	POOLED	128	1	0.0147
HLA-DMB	known	POOLED	131	2	0.0294
HLA-DMB	known	POOLED	133	1	0.0147
HLA-DMB	known	POOLED	142	1	0.0147
HLA-DMB	known	POOLED	150	1	0.0147
HLA-DMB	known	POOLED	161	1	0.0147
HLA-DMB	known	POOLED	169	1	0.0147
HLA-DMB	known	POOLED	177	1	0.0147
HLA-DMB	known	POOLED	207	1	0.0147
HLA-DMB	known	POOLED	213	1	0.0147
HLA-DMB	known	POOLED	227	1	0.0147
HLA-DMB	known	POOLED	238	1	0.0147
HLA-DMB	known	POOLED	270	1	0.0147
HLA-DMB	known	POOLED	310	1	0.0147
HLA-DMB	known	POOLED	320	1	0.0147
HLA-DMB	known	POOLED	342	1	0.0147
HLA-DMB	known	POOLED	346	1	0.0147
HLA-DMB	known	POOLED	367	1	0.0147
HLA-DMB	known	POOLED	461	1	0.0147
HLA-DMB	known	POOLED	499	1	0.0147
HLA-DMB	known	POOLED	526	1	0.0147
HLA-DMB	known	POOLED	545	1	0.0147
HLA-DMB	known	POOLED	652	2	0.0294
HLA-DMB	known	POOLED	1485	1	0.0147
HLA-DMB	known	POOLED	1622	1	0.0147
HLA-DMB	known	POOLED	4445	1	0.0147
HLA-DMB	novel	AFR	1	91	0.8349
HLA-DMB	novel	AFR	2	9	0.0826
HLA-DMB	novel	AFR	3	2	0.0183
HLA-DMB	novel	AFR	4	1	0.0092
HLA-DMB	novel	AFR	8	1	0.0092
HLA-DMB	novel	AFR	14	1	0.0092
HLA-DMB	novel	AFR	24	1	0.0092
HLA-DMB	novel	AFR	154	1	0.0092
HLA-DMB	novel	AFR	338	1	0.0092
HLA-DMB	novel	AFR	1806	1	0.0092
HLA-DMB	novel	AMR	1	91	0.8053
HLA-DMB	novel	AMR	2	12	0.1062
HLA-DMB	novel	AMR	3	2	0.0177
HLA-DMB	novel	AMR	4	1	0.0088
HLA-DMB	novel	AMR	6	1	0.0088
HLA-DMB	novel	AMR	11	1	0.0088
HLA-DMB	novel	AMR	12	2	0.0177
HLA-DMB	novel	AMR	70	1	0.0088
HLA-DMB	novel	AMR	339	1	0.0088
HLA-DMB	novel	AMR	803	1	0.0088
HLA-DMB	novel	EAS	1	67	0.8171
HLA-DMB	novel	EAS	2	5	0.061
HLA-DMB	novel	EAS	4	1	0.0122
HLA-DMB	novel	EAS	6	1	0.0122
HLA-DMB	novel	EAS	10	1	0.0122
HLA-DMB	novel	EAS	11	1	0.0122
HLA-DMB	novel	EAS	19	1	0.0122
HLA-DMB	novel	EAS	22	1	0.0122
HLA-DMB	novel	EAS	25	1	0.0122
HLA-DMB	novel	EAS	156	1	0.0122
HLA-DMB	novel	EAS	359	1	0.0122
HLA-DMB	novel	EAS	365	1	0.0122
HLA-DMB	novel	EUR	1	95	0.8559
HLA-DMB	novel	EUR	2	9	0.0811
HLA-DMB	novel	EUR	3	1	0.009
HLA-DMB	novel	EUR	4	1	0.009
HLA-DMB	novel	EUR	12	1	0.009
HLA-DMB	novel	EUR	34	1	0.009
HLA-DMB	novel	EUR	187	1	0.009
HLA-DMB	novel	EUR	236	1	0.009
HLA-DMB	novel	EUR	735	1	0.009
HLA-DMB	novel	MID	1	16	0.8
HLA-DMB	novel	MID	4	1	0.05
HLA-DMB	novel	MID	11	1	0.05
HLA-DMB	novel	MID	45	1	0.05
HLA-DMB	novel	MID	162	1	0.05
HLA-DMB	novel	SAS	1	51	0.8644
HLA-DMB	novel	SAS	2	1	0.0169
HLA-DMB	novel	SAS	5	1	0.0169
HLA-DMB	novel	SAS	6	1	0.0169
HLA-DMB	novel	SAS	7	1	0.0169
HLA-DMB	novel	SAS	11	1	0.0169
HLA-DMB	novel	SAS	57	1	0.0169
HLA-DMB	novel	SAS	130	1	0.0169
HLA-DMB	novel	SAS	442	1	0.0169
HLA-DMB	novel	POOLED	1	357	0.8541
HLA-DMB	novel	POOLED	2	27	0.0646
HLA-DMB	novel	POOLED	3	6	0.0144
HLA-DMB	novel	POOLED	4	4	0.0096
HLA-DMB	novel	POOLED	5	6	0.0144
HLA-DMB	novel	POOLED	6	4	0.0096
HLA-DMB	novel	POOLED	7	1	0.0024
HLA-DMB	novel	POOLED	8	1	0.0024
HLA-DMB	novel	POOLED	9	1	0.0024
HLA-DMB	novel	POOLED	10	1	0.0024
HLA-DMB	novel	POOLED	13	1	0.0024
HLA-DMB	novel	POOLED	16	1	0.0024
HLA-DMB	novel	POOLED	22	2	0.0048
HLA-DMB	novel	POOLED	39	1	0.0024
HLA-DMB	novel	POOLED	47	1	0.0024
HLA-DMB	novel	POOLED	81	1	0.0024
HLA-DMB	novel	POOLED	635	1	0.0024
HLA-DMB	novel	POOLED	1450	1	0.0024
HLA-DMB	novel	POOLED	4316	1	0.0024
HLA-DOA	all	AFR	1	151	0.7089
HLA-DOA	all	AFR	2	13	0.061
HLA-DOA	all	AFR	3	5	0.0235
HLA-DOA	all	AFR	4	4	0.0188
HLA-DOA	all	AFR	7	2	0.0094
HLA-DOA	all	AFR	8	3	0.0141
HLA-DOA	all	AFR	10	1	0.0047
HLA-DOA	all	AFR	11	1	0.0047
HLA-DOA	all	AFR	12	1	0.0047
HLA-DOA	all	AFR	13	1	0.0047
HLA-DOA	all	AFR	19	1	0.0047
HLA-DOA	all	AFR	20	1	0.0047
HLA-DOA	all	AFR	24	2	0.0094
HLA-DOA	all	AFR	25	2	0.0094
HLA-DOA	all	AFR	26	1	0.0047
HLA-DOA	all	AFR	38	1	0.0047
HLA-DOA	all	AFR	48	1	0.0047
HLA-DOA	all	AFR	52	1	0.0047
HLA-DOA	all	AFR	59	1	0.0047
HLA-DOA	all	AFR	82	1	0.0047
HLA-DOA	all	AFR	83	1	0.0047
HLA-DOA	all	AFR	92	1	0.0047
HLA-DOA	all	AFR	98	1	0.0047
HLA-DOA	all	AFR	121	1	0.0047
HLA-DOA	all	AFR	124	1	0.0047
HLA-DOA	all	AFR	181	1	0.0047
HLA-DOA	all	AFR	197	1	0.0047
HLA-DOA	all	AFR	199	1	0.0047
HLA-DOA	all	AFR	200	1	0.0047
HLA-DOA	all	AFR	224	1	0.0047
HLA-DOA	all	AFR	228	1	0.0047
HLA-DOA	all	AFR	243	1	0.0047
HLA-DOA	all	AFR	365	1	0.0047
HLA-DOA	all	AFR	398	1	0.0047
HLA-DOA	all	AFR	437	1	0.0047
HLA-DOA	all	AFR	438	1	0.0047
HLA-DOA	all	AFR	529	1	0.0047
HLA-DOA	all	AFR	609	1	0.0047
HLA-DOA	all	AFR	655	1	0.0047
HLA-DOA	all	AMR	1	109	0.6264
HLA-DOA	all	AMR	2	10	0.0575
HLA-DOA	all	AMR	3	4	0.023
HLA-DOA	all	AMR	4	3	0.0172
HLA-DOA	all	AMR	5	4	0.023
HLA-DOA	all	AMR	6	2	0.0115
HLA-DOA	all	AMR	7	5	0.0287
HLA-DOA	all	AMR	9	2	0.0115
HLA-DOA	all	AMR	10	2	0.0115
HLA-DOA	all	AMR	13	2	0.0115
HLA-DOA	all	AMR	14	1	0.0057
HLA-DOA	all	AMR	15	3	0.0172
HLA-DOA	all	AMR	16	2	0.0115
HLA-DOA	all	AMR	17	2	0.0115
HLA-DOA	all	AMR	22	1	0.0057
HLA-DOA	all	AMR	26	1	0.0057
HLA-DOA	all	AMR	34	1	0.0057
HLA-DOA	all	AMR	37	1	0.0057
HLA-DOA	all	AMR	39	1	0.0057
HLA-DOA	all	AMR	44	2	0.0115
HLA-DOA	all	AMR	48	1	0.0057
HLA-DOA	all	AMR	64	1	0.0057
HLA-DOA	all	AMR	67	1	0.0057
HLA-DOA	all	AMR	99	1	0.0057
HLA-DOA	all	AMR	129	1	0.0057
HLA-DOA	all	AMR	152	1	0.0057
HLA-DOA	all	AMR	165	1	0.0057
HLA-DOA	all	AMR	190	1	0.0057
HLA-DOA	all	AMR	220	1	0.0057
HLA-DOA	all	AMR	221	1	0.0057
HLA-DOA	all	AMR	227	1	0.0057
HLA-DOA	all	AMR	257	1	0.0057
HLA-DOA	all	AMR	470	1	0.0057
HLA-DOA	all	AMR	557	1	0.0057
HLA-DOA	all	AMR	673	1	0.0057
HLA-DOA	all	AMR	1281	1	0.0057
HLA-DOA	all	EAS	1	63	0.5943
HLA-DOA	all	EAS	2	8	0.0755
HLA-DOA	all	EAS	3	5	0.0472
HLA-DOA	all	EAS	4	3	0.0283
HLA-DOA	all	EAS	5	2	0.0189
HLA-DOA	all	EAS	6	1	0.0094
HLA-DOA	all	EAS	7	3	0.0283
HLA-DOA	all	EAS	8	2	0.0189
HLA-DOA	all	EAS	10	1	0.0094
HLA-DOA	all	EAS	11	1	0.0094
HLA-DOA	all	EAS	13	1	0.0094
HLA-DOA	all	EAS	14	3	0.0283
HLA-DOA	all	EAS	19	1	0.0094
HLA-DOA	all	EAS	32	1	0.0094
HLA-DOA	all	EAS	35	1	0.0094
HLA-DOA	all	EAS	37	1	0.0094
HLA-DOA	all	EAS	42	1	0.0094
HLA-DOA	all	EAS	45	1	0.0094
HLA-DOA	all	EAS	87	1	0.0094
HLA-DOA	all	EAS	106	1	0.0094
HLA-DOA	all	EAS	123	1	0.0094
HLA-DOA	all	EAS	196	1	0.0094
HLA-DOA	all	EAS	539	1	0.0094
HLA-DOA	all	EAS	544	1	0.0094
HLA-DOA	all	EAS	916	1	0.0094
HLA-DOA	all	EUR	1	122	0.6524
HLA-DOA	all	EUR	2	16	0.0856
HLA-DOA	all	EUR	3	4	0.0214
HLA-DOA	all	EUR	4	4	0.0214
HLA-DOA	all	EUR	5	3	0.016
HLA-DOA	all	EUR	7	1	0.0053
HLA-DOA	all	EUR	8	3	0.016
HLA-DOA	all	EUR	9	1	0.0053
HLA-DOA	all	EUR	10	1	0.0053
HLA-DOA	all	EUR	12	2	0.0107
HLA-DOA	all	EUR	13	1	0.0053
HLA-DOA	all	EUR	14	2	0.0107
HLA-DOA	all	EUR	15	1	0.0053
HLA-DOA	all	EUR	16	1	0.0053
HLA-DOA	all	EUR	17	1	0.0053
HLA-DOA	all	EUR	19	1	0.0053
HLA-DOA	all	EUR	40	1	0.0053
HLA-DOA	all	EUR	41	1	0.0053
HLA-DOA	all	EUR	42	1	0.0053
HLA-DOA	all	EUR	46	1	0.0053
HLA-DOA	all	EUR	47	1	0.0053
HLA-DOA	all	EUR	48	1	0.0053
HLA-DOA	all	EUR	51	1	0.0053
HLA-DOA	all	EUR	52	1	0.0053
HLA-DOA	all	EUR	79	1	0.0053
HLA-DOA	all	EUR	86	1	0.0053
HLA-DOA	all	EUR	108	2	0.0107
HLA-DOA	all	EUR	129	1	0.0053
HLA-DOA	all	EUR	145	1	0.0053
HLA-DOA	all	EUR	146	1	0.0053
HLA-DOA	all	EUR	177	1	0.0053
HLA-DOA	all	EUR	207	1	0.0053
HLA-DOA	all	EUR	399	1	0.0053
HLA-DOA	all	EUR	401	1	0.0053
HLA-DOA	all	EUR	609	1	0.0053
HLA-DOA	all	EUR	804	1	0.0053
HLA-DOA	all	EUR	924	1	0.0053
HLA-DOA	all	EUR	1021	1	0.0053
HLA-DOA	all	MID	1	27	0.4355
HLA-DOA	all	MID	2	2	0.0323
HLA-DOA	all	MID	3	1	0.0161
HLA-DOA	all	MID	4	3	0.0484
HLA-DOA	all	MID	5	1	0.0161
HLA-DOA	all	MID	6	1	0.0161
HLA-DOA	all	MID	7	4	0.0645
HLA-DOA	all	MID	8	4	0.0645
HLA-DOA	all	MID	9	1	0.0161
HLA-DOA	all	MID	10	1	0.0161
HLA-DOA	all	MID	11	1	0.0161
HLA-DOA	all	MID	15	1	0.0161
HLA-DOA	all	MID	20	2	0.0323
HLA-DOA	all	MID	23	2	0.0323
HLA-DOA	all	MID	24	1	0.0161
HLA-DOA	all	MID	29	1	0.0161
HLA-DOA	all	MID	30	1	0.0161
HLA-DOA	all	MID	40	1	0.0161
HLA-DOA	all	MID	41	1	0.0161
HLA-DOA	all	MID	45	1	0.0161
HLA-DOA	all	MID	81	2	0.0323
HLA-DOA	all	MID	96	2	0.0323
HLA-DOA	all	MID	161	1	0.0161
HLA-DOA	all	SAS	1	46	0.5412
HLA-DOA	all	SAS	2	6	0.0706
HLA-DOA	all	SAS	4	2	0.0235
HLA-DOA	all	SAS	5	2	0.0235
HLA-DOA	all	SAS	6	2	0.0235
HLA-DOA	all	SAS	7	1	0.0118
HLA-DOA	all	SAS	15	1	0.0118
HLA-DOA	all	SAS	18	1	0.0118
HLA-DOA	all	SAS	19	1	0.0118
HLA-DOA	all	SAS	21	1	0.0118
HLA-DOA	all	SAS	26	1	0.0118
HLA-DOA	all	SAS	27	1	0.0118
HLA-DOA	all	SAS	30	1	0.0118
HLA-DOA	all	SAS	33	1	0.0118
HLA-DOA	all	SAS	34	2	0.0235
HLA-DOA	all	SAS	37	1	0.0118
HLA-DOA	all	SAS	42	1	0.0118
HLA-DOA	all	SAS	44	1	0.0118
HLA-DOA	all	SAS	49	1	0.0118
HLA-DOA	all	SAS	61	1	0.0118
HLA-DOA	all	SAS	67	1	0.0118
HLA-DOA	all	SAS	71	1	0.0118
HLA-DOA	all	SAS	72	1	0.0118
HLA-DOA	all	SAS	82	2	0.0235
HLA-DOA	all	SAS	88	1	0.0118
HLA-DOA	all	SAS	109	1	0.0118
HLA-DOA	all	SAS	112	1	0.0118
HLA-DOA	all	SAS	245	1	0.0118
HLA-DOA	all	SAS	402	1	0.0118
HLA-DOA	all	SAS	572	1	0.0118
HLA-DOA	all	POOLED	1	412	0.7658
HLA-DOA	all	POOLED	2	37	0.0688
HLA-DOA	all	POOLED	3	11	0.0204
HLA-DOA	all	POOLED	4	3	0.0056
HLA-DOA	all	POOLED	5	7	0.013
HLA-DOA	all	POOLED	6	3	0.0056
HLA-DOA	all	POOLED	8	2	0.0037
HLA-DOA	all	POOLED	9	1	0.0019
HLA-DOA	all	POOLED	10	4	0.0074
HLA-DOA	all	POOLED	11	3	0.0056
HLA-DOA	all	POOLED	12	1	0.0019
HLA-DOA	all	POOLED	13	3	0.0056
HLA-DOA	all	POOLED	16	1	0.0019
HLA-DOA	all	POOLED	22	1	0.0019
HLA-DOA	all	POOLED	26	1	0.0019
HLA-DOA	all	POOLED	27	1	0.0019
HLA-DOA	all	POOLED	28	1	0.0019
HLA-DOA	all	POOLED	31	1	0.0019
HLA-DOA	all	POOLED	45	1	0.0019
HLA-DOA	all	POOLED	46	1	0.0019
HLA-DOA	all	POOLED	47	1	0.0019
HLA-DOA	all	POOLED	48	1	0.0019
HLA-DOA	all	POOLED	51	1	0.0019
HLA-DOA	all	POOLED	56	1	0.0019
HLA-DOA	all	POOLED	57	2	0.0037
HLA-DOA	all	POOLED	58	1	0.0019
HLA-DOA	all	POOLED	64	1	0.0019
HLA-DOA	all	POOLED	65	1	0.0019
HLA-DOA	all	POOLED	69	1	0.0019
HLA-DOA	all	POOLED	75	1	0.0019
HLA-DOA	all	POOLED	77	1	0.0019
HLA-DOA	all	POOLED	84	1	0.0019
HLA-DOA	all	POOLED	85	2	0.0037
HLA-DOA	all	POOLED	94	1	0.0019
HLA-DOA	all	POOLED	98	1	0.0019
HLA-DOA	all	POOLED	107	1	0.0019
HLA-DOA	all	POOLED	109	1	0.0019
HLA-DOA	all	POOLED	111	1	0.0019
HLA-DOA	all	POOLED	120	1	0.0019
HLA-DOA	all	POOLED	140	1	0.0019
HLA-DOA	all	POOLED	155	1	0.0019
HLA-DOA	all	POOLED	195	1	0.0019
HLA-DOA	all	POOLED	238	1	0.0019
HLA-DOA	all	POOLED	247	1	0.0019
HLA-DOA	all	POOLED	248	1	0.0019
HLA-DOA	all	POOLED	291	1	0.0019
HLA-DOA	all	POOLED	418	1	0.0019
HLA-DOA	all	POOLED	457	1	0.0019
HLA-DOA	all	POOLED	464	1	0.0019
HLA-DOA	all	POOLED	686	1	0.0019
HLA-DOA	all	POOLED	765	1	0.0019
HLA-DOA	all	POOLED	808	1	0.0019
HLA-DOA	all	POOLED	816	1	0.0019
HLA-DOA	all	POOLED	971	1	0.0019
HLA-DOA	all	POOLED	1091	1	0.0019
HLA-DOA	all	POOLED	1156	1	0.0019
HLA-DOA	all	POOLED	1171	1	0.0019
HLA-DOA	all	POOLED	2391	1	0.0019
HLA-DOA	all	POOLED	2605	1	0.0019
HLA-DOA	all	POOLED	2935	1	0.0019
HLA-DOA	all	POOLED	3341	1	0.0019
HLA-DOA	known	AFR	1	10	0.2083
HLA-DOA	known	AFR	2	6	0.125
HLA-DOA	known	AFR	3	1	0.0208
HLA-DOA	known	AFR	4	2	0.0417
HLA-DOA	known	AFR	7	1	0.0208
HLA-DOA	known	AFR	8	2	0.0417
HLA-DOA	known	AFR	11	1	0.0208
HLA-DOA	known	AFR	13	1	0.0208
HLA-DOA	known	AFR	19	1	0.0208
HLA-DOA	known	AFR	20	1	0.0208
HLA-DOA	known	AFR	24	1	0.0208
HLA-DOA	known	AFR	26	1	0.0208
HLA-DOA	known	AFR	38	1	0.0208
HLA-DOA	known	AFR	52	1	0.0208
HLA-DOA	known	AFR	59	1	0.0208
HLA-DOA	known	AFR	83	1	0.0208
HLA-DOA	known	AFR	92	1	0.0208
HLA-DOA	known	AFR	98	1	0.0208
HLA-DOA	known	AFR	121	1	0.0208
HLA-DOA	known	AFR	124	1	0.0208
HLA-DOA	known	AFR	181	1	0.0208
HLA-DOA	known	AFR	197	1	0.0208
HLA-DOA	known	AFR	200	1	0.0208
HLA-DOA	known	AFR	224	1	0.0208
HLA-DOA	known	AFR	228	1	0.0208
HLA-DOA	known	AFR	243	1	0.0208
HLA-DOA	known	AFR	365	1	0.0208
HLA-DOA	known	AFR	398	1	0.0208
HLA-DOA	known	AFR	437	1	0.0208
HLA-DOA	known	AFR	438	1	0.0208
HLA-DOA	known	AFR	609	1	0.0208
HLA-DOA	known	AFR	655	1	0.0208
HLA-DOA	known	AMR	1	4	0.0833
HLA-DOA	known	AMR	2	1	0.0208
HLA-DOA	known	AMR	3	1	0.0208
HLA-DOA	known	AMR	4	2	0.0417
HLA-DOA	known	AMR	5	3	0.0625
HLA-DOA	known	AMR	6	2	0.0417
HLA-DOA	known	AMR	7	4	0.0833
HLA-DOA	known	AMR	9	2	0.0417
HLA-DOA	known	AMR	10	2	0.0417
HLA-DOA	known	AMR	13	1	0.0208
HLA-DOA	known	AMR	14	1	0.0208
HLA-DOA	known	AMR	15	2	0.0417
HLA-DOA	known	AMR	16	2	0.0417
HLA-DOA	known	AMR	17	2	0.0417
HLA-DOA	known	AMR	22	1	0.0208
HLA-DOA	known	AMR	26	1	0.0208
HLA-DOA	known	AMR	37	1	0.0208
HLA-DOA	known	AMR	44	1	0.0208
HLA-DOA	known	AMR	48	1	0.0208
HLA-DOA	known	AMR	64	1	0.0208
HLA-DOA	known	AMR	67	1	0.0208
HLA-DOA	known	AMR	99	1	0.0208
HLA-DOA	known	AMR	129	1	0.0208
HLA-DOA	known	AMR	152	1	0.0208
HLA-DOA	known	AMR	165	1	0.0208
HLA-DOA	known	AMR	190	1	0.0208
HLA-DOA	known	AMR	220	1	0.0208
HLA-DOA	known	AMR	227	1	0.0208
HLA-DOA	known	AMR	257	1	0.0208
HLA-DOA	known	AMR	470	1	0.0208
HLA-DOA	known	AMR	557	1	0.0208
HLA-DOA	known	AMR	673	1	0.0208
HLA-DOA	known	AMR	1281	1	0.0208
HLA-DOA	known	EAS	1	10	0.25
HLA-DOA	known	EAS	2	3	0.075
HLA-DOA	known	EAS	3	4	0.1
HLA-DOA	known	EAS	4	2	0.05
HLA-DOA	known	EAS	5	2	0.05
HLA-DOA	known	EAS	6	1	0.025
HLA-DOA	known	EAS	7	2	0.05
HLA-DOA	known	EAS	8	1	0.025
HLA-DOA	known	EAS	10	1	0.025
HLA-DOA	known	EAS	13	1	0.025
HLA-DOA	known	EAS	14	3	0.075
HLA-DOA	known	EAS	19	1	0.025
HLA-DOA	known	EAS	32	1	0.025
HLA-DOA	known	EAS	37	1	0.025
HLA-DOA	known	EAS	42	1	0.025
HLA-DOA	known	EAS	87	1	0.025
HLA-DOA	known	EAS	123	1	0.025
HLA-DOA	known	EAS	196	1	0.025
HLA-DOA	known	EAS	539	1	0.025
HLA-DOA	known	EAS	544	1	0.025
HLA-DOA	known	EAS	916	1	0.025
HLA-DOA	known	EUR	1	5	0.1
HLA-DOA	known	EUR	2	6	0.12
HLA-DOA	known	EUR	3	4	0.08
HLA-DOA	known	EUR	4	3	0.06
HLA-DOA	known	EUR	5	2	0.04
HLA-DOA	known	EUR	8	3	0.06
HLA-DOA	known	EUR	12	2	0.04
HLA-DOA	known	EUR	13	1	0.02
HLA-DOA	known	EUR	14	1	0.02
HLA-DOA	known	EUR	15	1	0.02
HLA-DOA	known	EUR	16	1	0.02
HLA-DOA	known	EUR	19	1	0.02
HLA-DOA	known	EUR	41	1	0.02
HLA-DOA	known	EUR	42	1	0.02
HLA-DOA	known	EUR	46	1	0.02
HLA-DOA	known	EUR	47	1	0.02
HLA-DOA	known	EUR	51	1	0.02
HLA-DOA	known	EUR	52	1	0.02
HLA-DOA	known	EUR	79	1	0.02
HLA-DOA	known	EUR	86	1	0.02
HLA-DOA	known	EUR	108	2	0.04
HLA-DOA	known	EUR	129	1	0.02
HLA-DOA	known	EUR	145	1	0.02
HLA-DOA	known	EUR	146	1	0.02
HLA-DOA	known	EUR	207	1	0.02
HLA-DOA	known	EUR	399	1	0.02
HLA-DOA	known	EUR	401	1	0.02
HLA-DOA	known	EUR	609	1	0.02
HLA-DOA	known	EUR	804	1	0.02
HLA-DOA	known	EUR	924	1	0.02
HLA-DOA	known	EUR	1021	1	0.02
HLA-DOA	known	MID	1	7	0.1944
HLA-DOA	known	MID	3	1	0.0278
HLA-DOA	known	MID	4	2	0.0556
HLA-DOA	known	MID	5	1	0.0278
HLA-DOA	known	MID	6	1	0.0278
HLA-DOA	known	MID	7	3	0.0833
HLA-DOA	known	MID	8	4	0.1111
HLA-DOA	known	MID	9	1	0.0278
HLA-DOA	known	MID	10	1	0.0278
HLA-DOA	known	MID	15	1	0.0278
HLA-DOA	known	MID	20	2	0.0556
HLA-DOA	known	MID	23	2	0.0556
HLA-DOA	known	MID	24	1	0.0278
HLA-DOA	known	MID	29	1	0.0278
HLA-DOA	known	MID	30	1	0.0278
HLA-DOA	known	MID	41	1	0.0278
HLA-DOA	known	MID	45	1	0.0278
HLA-DOA	known	MID	81	2	0.0556
HLA-DOA	known	MID	96	2	0.0556
HLA-DOA	known	MID	161	1	0.0278
HLA-DOA	known	SAS	1	4	0.129
HLA-DOA	known	SAS	2	1	0.0323
HLA-DOA	known	SAS	4	1	0.0323
HLA-DOA	known	SAS	5	1	0.0323
HLA-DOA	known	SAS	6	2	0.0645
HLA-DOA	known	SAS	15	1	0.0323
HLA-DOA	known	SAS	19	1	0.0323
HLA-DOA	known	SAS	21	1	0.0323
HLA-DOA	known	SAS	26	1	0.0323
HLA-DOA	known	SAS	27	1	0.0323
HLA-DOA	known	SAS	33	1	0.0323
HLA-DOA	known	SAS	34	1	0.0323
HLA-DOA	known	SAS	37	1	0.0323
HLA-DOA	known	SAS	42	1	0.0323
HLA-DOA	known	SAS	44	1	0.0323
HLA-DOA	known	SAS	49	1	0.0323
HLA-DOA	known	SAS	61	1	0.0323
HLA-DOA	known	SAS	67	1	0.0323
HLA-DOA	known	SAS	71	1	0.0323
HLA-DOA	known	SAS	72	1	0.0323
HLA-DOA	known	SAS	82	1	0.0323
HLA-DOA	known	SAS	88	1	0.0323
HLA-DOA	known	SAS	109	1	0.0323
HLA-DOA	known	SAS	112	1	0.0323
HLA-DOA	known	SAS	245	1	0.0323
HLA-DOA	known	SAS	402	1	0.0323
HLA-DOA	known	SAS	572	1	0.0323
HLA-DOA	known	POOLED	1	5	0.0806
HLA-DOA	known	POOLED	2	4	0.0645
HLA-DOA	known	POOLED	3	1	0.0161
HLA-DOA	known	POOLED	4	1	0.0161
HLA-DOA	known	POOLED	5	3	0.0484
HLA-DOA	known	POOLED	8	2	0.0323
HLA-DOA	known	POOLED	9	1	0.0161
HLA-DOA	known	POOLED	10	2	0.0323
HLA-DOA	known	POOLED	13	2	0.0323
HLA-DOA	known	POOLED	16	1	0.0161
HLA-DOA	known	POOLED	22	1	0.0161
HLA-DOA	known	POOLED	27	1	0.0161
HLA-DOA	known	POOLED	28	1	0.0161
HLA-DOA	known	POOLED	46	1	0.0161
HLA-DOA	known	POOLED	47	1	0.0161
HLA-DOA	known	POOLED	48	1	0.0161
HLA-DOA	known	POOLED	57	1	0.0161
HLA-DOA	known	POOLED	58	1	0.0161
HLA-DOA	known	POOLED	64	1	0.0161
HLA-DOA	known	POOLED	65	1	0.0161
HLA-DOA	known	POOLED	69	1	0.0161
HLA-DOA	known	POOLED	75	1	0.0161
HLA-DOA	known	POOLED	77	1	0.0161
HLA-DOA	known	POOLED	84	1	0.0161
HLA-DOA	known	POOLED	85	2	0.0323
HLA-DOA	known	POOLED	94	1	0.0161
HLA-DOA	known	POOLED	98	1	0.0161
HLA-DOA	known	POOLED	107	1	0.0161
HLA-DOA	known	POOLED	109	1	0.0161
HLA-DOA	known	POOLED	111	1	0.0161
HLA-DOA	known	POOLED	120	1	0.0161
HLA-DOA	known	POOLED	140	1	0.0161
HLA-DOA	known	POOLED	155	1	0.0161
HLA-DOA	known	POOLED	248	1	0.0161
HLA-DOA	known	POOLED	291	1	0.0161
HLA-DOA	known	POOLED	418	1	0.0161
HLA-DOA	known	POOLED	457	1	0.0161
HLA-DOA	known	POOLED	464	1	0.0161
HLA-DOA	known	POOLED	686	1	0.0161
HLA-DOA	known	POOLED	765	1	0.0161
HLA-DOA	known	POOLED	808	1	0.0161
HLA-DOA	known	POOLED	816	1	0.0161
HLA-DOA	known	POOLED	971	1	0.0161
HLA-DOA	known	POOLED	1091	1	0.0161
HLA-DOA	known	POOLED	1171	1	0.0161
HLA-DOA	known	POOLED	2391	1	0.0161
HLA-DOA	known	POOLED	2605	1	0.0161
HLA-DOA	known	POOLED	2935	1	0.0161
HLA-DOA	known	POOLED	3341	1	0.0161
HLA-DOA	novel	AFR	1	141	0.8545
HLA-DOA	novel	AFR	2	7	0.0424
HLA-DOA	novel	AFR	3	4	0.0242
HLA-DOA	novel	AFR	4	2	0.0121
HLA-DOA	novel	AFR	7	1	0.0061
HLA-DOA	novel	AFR	8	1	0.0061
HLA-DOA	novel	AFR	10	1	0.0061
HLA-DOA	novel	AFR	12	1	0.0061
HLA-DOA	novel	AFR	24	1	0.0061
HLA-DOA	novel	AFR	25	2	0.0121
HLA-DOA	novel	AFR	48	1	0.0061
HLA-DOA	novel	AFR	82	1	0.0061
HLA-DOA	novel	AFR	199	1	0.0061
HLA-DOA	novel	AFR	529	1	0.0061
HLA-DOA	novel	AMR	1	105	0.8333
HLA-DOA	novel	AMR	2	9	0.0714
HLA-DOA	novel	AMR	3	3	0.0238
HLA-DOA	novel	AMR	4	1	0.0079
HLA-DOA	novel	AMR	5	1	0.0079
HLA-DOA	novel	AMR	7	1	0.0079
HLA-DOA	novel	AMR	13	1	0.0079
HLA-DOA	novel	AMR	15	1	0.0079
HLA-DOA	novel	AMR	34	1	0.0079
HLA-DOA	novel	AMR	39	1	0.0079
HLA-DOA	novel	AMR	44	1	0.0079
HLA-DOA	novel	AMR	221	1	0.0079
HLA-DOA	novel	EAS	1	53	0.803
HLA-DOA	novel	EAS	2	5	0.0758
HLA-DOA	novel	EAS	3	1	0.0152
HLA-DOA	novel	EAS	4	1	0.0152
HLA-DOA	novel	EAS	7	1	0.0152
HLA-DOA	novel	EAS	8	1	0.0152
HLA-DOA	novel	EAS	11	1	0.0152
HLA-DOA	novel	EAS	35	1	0.0152
HLA-DOA	novel	EAS	45	1	0.0152
HLA-DOA	novel	EAS	106	1	0.0152
HLA-DOA	novel	EUR	1	117	0.854
HLA-DOA	novel	EUR	2	10	0.073
HLA-DOA	novel	EUR	4	1	0.0073
HLA-DOA	novel	EUR	5	1	0.0073
HLA-DOA	novel	EUR	7	1	0.0073
HLA-DOA	novel	EUR	9	1	0.0073
HLA-DOA	novel	EUR	10	1	0.0073
HLA-DOA	novel	EUR	14	1	0.0073
HLA-DOA	novel	EUR	17	1	0.0073
HLA-DOA	novel	EUR	40	1	0.0073
HLA-DOA	novel	EUR	48	1	0.0073
HLA-DOA	novel	EUR	177	1	0.0073
HLA-DOA	novel	MID	1	20	0.7692
HLA-DOA	novel	MID	2	2	0.0769
HLA-DOA	novel	MID	4	1	0.0385
HLA-DOA	novel	MID	7	1	0.0385
HLA-DOA	novel	MID	11	1	0.0385
HLA-DOA	novel	MID	40	1	0.0385
HLA-DOA	novel	SAS	1	42	0.7778
HLA-DOA	novel	SAS	2	5	0.0926
HLA-DOA	novel	SAS	4	1	0.0185
HLA-DOA	novel	SAS	5	1	0.0185
HLA-DOA	novel	SAS	7	1	0.0185
HLA-DOA	novel	SAS	18	1	0.0185
HLA-DOA	novel	SAS	30	1	0.0185
HLA-DOA	novel	SAS	34	1	0.0185
HLA-DOA	novel	SAS	82	1	0.0185
HLA-DOA	novel	POOLED	1	407	0.855
HLA-DOA	novel	POOLED	2	33	0.0693
HLA-DOA	novel	POOLED	3	10	0.021
HLA-DOA	novel	POOLED	4	2	0.0042
HLA-DOA	novel	POOLED	5	4	0.0084
HLA-DOA	novel	POOLED	6	3	0.0063
HLA-DOA	novel	POOLED	10	2	0.0042
HLA-DOA	novel	POOLED	11	3	0.0063
HLA-DOA	novel	POOLED	12	1	0.0021
HLA-DOA	novel	POOLED	13	1	0.0021
HLA-DOA	novel	POOLED	26	1	0.0021
HLA-DOA	novel	POOLED	31	1	0.0021
HLA-DOA	novel	POOLED	45	1	0.0021
HLA-DOA	novel	POOLED	51	1	0.0021
HLA-DOA	novel	POOLED	56	1	0.0021
HLA-DOA	novel	POOLED	57	1	0.0021
HLA-DOA	novel	POOLED	195	1	0.0021
HLA-DOA	novel	POOLED	238	1	0.0021
HLA-DOA	novel	POOLED	247	1	0.0021
HLA-DOA	novel	POOLED	1156	1	0.0021
HLA-DOB	all	AFR	1	81	0.6694
HLA-DOB	all	AFR	2	10	0.0826
HLA-DOB	all	AFR	3	1	0.0083
HLA-DOB	all	AFR	4	1	0.0083
HLA-DOB	all	AFR	5	1	0.0083
HLA-DOB	all	AFR	7	2	0.0165
HLA-DOB	all	AFR	12	2	0.0165
HLA-DOB	all	AFR	15	1	0.0083
HLA-DOB	all	AFR	25	1	0.0083
HLA-DOB	all	AFR	32	1	0.0083
HLA-DOB	all	AFR	58	1	0.0083
HLA-DOB	all	AFR	69	1	0.0083
HLA-DOB	all	AFR	70	1	0.0083
HLA-DOB	all	AFR	87	1	0.0083
HLA-DOB	all	AFR	97	1	0.0083
HLA-DOB	all	AFR	100	1	0.0083
HLA-DOB	all	AFR	148	1	0.0083
HLA-DOB	all	AFR	180	1	0.0083
HLA-DOB	all	AFR	210	1	0.0083
HLA-DOB	all	AFR	212	1	0.0083
HLA-DOB	all	AFR	228	1	0.0083
HLA-DOB	all	AFR	245	1	0.0083
HLA-DOB	all	AFR	274	1	0.0083
HLA-DOB	all	AFR	278	1	0.0083
HLA-DOB	all	AFR	332	1	0.0083
HLA-DOB	all	AFR	361	1	0.0083
HLA-DOB	all	AFR	403	1	0.0083
HLA-DOB	all	AFR	511	1	0.0083
HLA-DOB	all	AFR	687	1	0.0083
HLA-DOB	all	AFR	1351	1	0.0083
HLA-DOB	all	AMR	1	82	0.6613
HLA-DOB	all	AMR	2	7	0.0565
HLA-DOB	all	AMR	3	6	0.0484
HLA-DOB	all	AMR	5	2	0.0161
HLA-DOB	all	AMR	7	2	0.0161
HLA-DOB	all	AMR	9	1	0.0081
HLA-DOB	all	AMR	28	1	0.0081
HLA-DOB	all	AMR	43	1	0.0081
HLA-DOB	all	AMR	46	1	0.0081
HLA-DOB	all	AMR	51	1	0.0081
HLA-DOB	all	AMR	56	1	0.0081
HLA-DOB	all	AMR	57	1	0.0081
HLA-DOB	all	AMR	62	2	0.0161
HLA-DOB	all	AMR	101	2	0.0161
HLA-DOB	all	AMR	102	1	0.0081
HLA-DOB	all	AMR	126	1	0.0081
HLA-DOB	all	AMR	138	1	0.0081
HLA-DOB	all	AMR	161	2	0.0161
HLA-DOB	all	AMR	171	1	0.0081
HLA-DOB	all	AMR	212	1	0.0081
HLA-DOB	all	AMR	232	1	0.0081
HLA-DOB	all	AMR	239	1	0.0081
HLA-DOB	all	AMR	285	1	0.0081
HLA-DOB	all	AMR	286	1	0.0081
HLA-DOB	all	AMR	455	1	0.0081
HLA-DOB	all	AMR	1010	1	0.0081
HLA-DOB	all	AMR	1138	1	0.0081
HLA-DOB	all	EAS	1	28	0.4746
HLA-DOB	all	EAS	2	5	0.0847
HLA-DOB	all	EAS	3	1	0.0169
HLA-DOB	all	EAS	5	3	0.0508
HLA-DOB	all	EAS	6	1	0.0169
HLA-DOB	all	EAS	7	1	0.0169
HLA-DOB	all	EAS	12	1	0.0169
HLA-DOB	all	EAS	13	1	0.0169
HLA-DOB	all	EAS	14	1	0.0169
HLA-DOB	all	EAS	24	1	0.0169
HLA-DOB	all	EAS	26	1	0.0169
HLA-DOB	all	EAS	49	1	0.0169
HLA-DOB	all	EAS	55	1	0.0169
HLA-DOB	all	EAS	58	1	0.0169
HLA-DOB	all	EAS	73	1	0.0169
HLA-DOB	all	EAS	78	1	0.0169
HLA-DOB	all	EAS	91	1	0.0169
HLA-DOB	all	EAS	132	1	0.0169
HLA-DOB	all	EAS	135	1	0.0169
HLA-DOB	all	EAS	214	1	0.0169
HLA-DOB	all	EAS	219	2	0.0339
HLA-DOB	all	EAS	263	1	0.0169
HLA-DOB	all	EAS	329	1	0.0169
HLA-DOB	all	EAS	388	1	0.0169
HLA-DOB	all	EAS	498	1	0.0169
HLA-DOB	all	EUR	1	87	0.6304
HLA-DOB	all	EUR	2	11	0.0797
HLA-DOB	all	EUR	3	6	0.0435
HLA-DOB	all	EUR	4	2	0.0145
HLA-DOB	all	EUR	5	3	0.0217
HLA-DOB	all	EUR	6	2	0.0145
HLA-DOB	all	EUR	8	1	0.0072
HLA-DOB	all	EUR	9	1	0.0072
HLA-DOB	all	EUR	11	1	0.0072
HLA-DOB	all	EUR	13	1	0.0072
HLA-DOB	all	EUR	16	1	0.0072
HLA-DOB	all	EUR	17	1	0.0072
HLA-DOB	all	EUR	26	1	0.0072
HLA-DOB	all	EUR	29	1	0.0072
HLA-DOB	all	EUR	48	1	0.0072
HLA-DOB	all	EUR	61	1	0.0072
HLA-DOB	all	EUR	72	1	0.0072
HLA-DOB	all	EUR	73	1	0.0072
HLA-DOB	all	EUR	87	1	0.0072
HLA-DOB	all	EUR	106	1	0.0072
HLA-DOB	all	EUR	155	1	0.0072
HLA-DOB	all	EUR	190	1	0.0072
HLA-DOB	all	EUR	206	1	0.0072
HLA-DOB	all	EUR	207	1	0.0072
HLA-DOB	all	EUR	230	1	0.0072
HLA-DOB	all	EUR	242	1	0.0072
HLA-DOB	all	EUR	247	1	0.0072
HLA-DOB	all	EUR	253	1	0.0072
HLA-DOB	all	EUR	389	1	0.0072
HLA-DOB	all	EUR	485	1	0.0072
HLA-DOB	all	EUR	811	1	0.0072
HLA-DOB	all	EUR	852	1	0.0072
HLA-DOB	all	EUR	1070	1	0.0072
HLA-DOB	all	MID	1	17	0.3953
HLA-DOB	all	MID	2	4	0.093
HLA-DOB	all	MID	3	2	0.0465
HLA-DOB	all	MID	4	1	0.0233
HLA-DOB	all	MID	9	1	0.0233
HLA-DOB	all	MID	10	1	0.0233
HLA-DOB	all	MID	12	2	0.0465
HLA-DOB	all	MID	13	1	0.0233
HLA-DOB	all	MID	15	1	0.0233
HLA-DOB	all	MID	16	1	0.0233
HLA-DOB	all	MID	27	1	0.0233
HLA-DOB	all	MID	31	1	0.0233
HLA-DOB	all	MID	35	1	0.0233
HLA-DOB	all	MID	38	1	0.0233
HLA-DOB	all	MID	39	1	0.0233
HLA-DOB	all	MID	46	1	0.0233
HLA-DOB	all	MID	59	1	0.0233
HLA-DOB	all	MID	67	1	0.0233
HLA-DOB	all	MID	69	1	0.0233
HLA-DOB	all	MID	107	1	0.0233
HLA-DOB	all	MID	167	1	0.0233
HLA-DOB	all	MID	172	1	0.0233
HLA-DOB	all	SAS	1	33	0.541
HLA-DOB	all	SAS	2	3	0.0492
HLA-DOB	all	SAS	3	2	0.0328
HLA-DOB	all	SAS	4	1	0.0164
HLA-DOB	all	SAS	5	1	0.0164
HLA-DOB	all	SAS	6	1	0.0164
HLA-DOB	all	SAS	7	1	0.0164
HLA-DOB	all	SAS	8	1	0.0164
HLA-DOB	all	SAS	13	1	0.0164
HLA-DOB	all	SAS	14	1	0.0164
HLA-DOB	all	SAS	16	1	0.0164
HLA-DOB	all	SAS	18	1	0.0164
HLA-DOB	all	SAS	22	1	0.0164
HLA-DOB	all	SAS	25	1	0.0164
HLA-DOB	all	SAS	27	1	0.0164
HLA-DOB	all	SAS	39	1	0.0164
HLA-DOB	all	SAS	78	1	0.0164
HLA-DOB	all	SAS	94	1	0.0164
HLA-DOB	all	SAS	175	1	0.0164
HLA-DOB	all	SAS	177	1	0.0164
HLA-DOB	all	SAS	186	2	0.0328
HLA-DOB	all	SAS	225	1	0.0164
HLA-DOB	all	SAS	236	1	0.0164
HLA-DOB	all	SAS	423	1	0.0164
HLA-DOB	all	SAS	457	1	0.0164
HLA-DOB	all	POOLED	1	250	0.7396
HLA-DOB	all	POOLED	2	25	0.074
HLA-DOB	all	POOLED	3	10	0.0296
HLA-DOB	all	POOLED	4	6	0.0178
HLA-DOB	all	POOLED	5	4	0.0118
HLA-DOB	all	POOLED	6	3	0.0089
HLA-DOB	all	POOLED	7	3	0.0089
HLA-DOB	all	POOLED	9	1	0.003
HLA-DOB	all	POOLED	10	1	0.003
HLA-DOB	all	POOLED	13	1	0.003
HLA-DOB	all	POOLED	18	1	0.003
HLA-DOB	all	POOLED	20	1	0.003
HLA-DOB	all	POOLED	21	1	0.003
HLA-DOB	all	POOLED	25	1	0.003
HLA-DOB	all	POOLED	27	1	0.003
HLA-DOB	all	POOLED	31	1	0.003
HLA-DOB	all	POOLED	71	1	0.003
HLA-DOB	all	POOLED	105	1	0.003
HLA-DOB	all	POOLED	125	1	0.003
HLA-DOB	all	POOLED	243	1	0.003
HLA-DOB	all	POOLED	275	2	0.0059
HLA-DOB	all	POOLED	293	1	0.003
HLA-DOB	all	POOLED	327	1	0.003
HLA-DOB	all	POOLED	328	1	0.003
HLA-DOB	all	POOLED	363	1	0.003
HLA-DOB	all	POOLED	386	1	0.003
HLA-DOB	all	POOLED	391	1	0.003
HLA-DOB	all	POOLED	429	1	0.003
HLA-DOB	all	POOLED	475	1	0.003
HLA-DOB	all	POOLED	573	1	0.003
HLA-DOB	all	POOLED	575	1	0.003
HLA-DOB	all	POOLED	648	1	0.003
HLA-DOB	all	POOLED	675	1	0.003
HLA-DOB	all	POOLED	725	1	0.003
HLA-DOB	all	POOLED	790	1	0.003
HLA-DOB	all	POOLED	873	1	0.003
HLA-DOB	all	POOLED	1049	1	0.003
HLA-DOB	all	POOLED	1205	1	0.003
HLA-DOB	all	POOLED	1216	1	0.003
HLA-DOB	all	POOLED	1313	1	0.003
HLA-DOB	all	POOLED	2005	1	0.003
HLA-DOB	all	POOLED	3424	1	0.003
HLA-DOB	all	POOLED	4395	1	0.003
HLA-DOB	known	AFR	1	7	0.2258
HLA-DOB	known	AFR	2	3	0.0968
HLA-DOB	known	AFR	3	1	0.0323
HLA-DOB	known	AFR	5	1	0.0323
HLA-DOB	known	AFR	7	1	0.0323
HLA-DOB	known	AFR	12	1	0.0323
HLA-DOB	known	AFR	15	1	0.0323
HLA-DOB	known	AFR	25	1	0.0323
HLA-DOB	known	AFR	32	1	0.0323
HLA-DOB	known	AFR	58	1	0.0323
HLA-DOB	known	AFR	69	1	0.0323
HLA-DOB	known	AFR	70	1	0.0323
HLA-DOB	known	AFR	87	1	0.0323
HLA-DOB	known	AFR	100	1	0.0323
HLA-DOB	known	AFR	148	1	0.0323
HLA-DOB	known	AFR	210	1	0.0323
HLA-DOB	known	AFR	212	1	0.0323
HLA-DOB	known	AFR	245	1	0.0323
HLA-DOB	known	AFR	274	1	0.0323
HLA-DOB	known	AFR	361	1	0.0323
HLA-DOB	known	AFR	511	1	0.0323
HLA-DOB	known	AFR	687	1	0.0323
HLA-DOB	known	AFR	1351	1	0.0323
HLA-DOB	known	AMR	1	7	0.2188
HLA-DOB	known	AMR	2	3	0.0938
HLA-DOB	known	AMR	3	1	0.0312
HLA-DOB	known	AMR	5	1	0.0312
HLA-DOB	known	AMR	7	2	0.0625
HLA-DOB	known	AMR	28	1	0.0312
HLA-DOB	known	AMR	43	1	0.0312
HLA-DOB	known	AMR	46	1	0.0312
HLA-DOB	known	AMR	51	1	0.0312
HLA-DOB	known	AMR	56	1	0.0312
HLA-DOB	known	AMR	57	1	0.0312
HLA-DOB	known	AMR	62	1	0.0312
HLA-DOB	known	AMR	138	1	0.0312
HLA-DOB	known	AMR	161	2	0.0625
HLA-DOB	known	AMR	171	1	0.0312
HLA-DOB	known	AMR	212	1	0.0312
HLA-DOB	known	AMR	232	1	0.0312
HLA-DOB	known	AMR	239	1	0.0312
HLA-DOB	known	AMR	285	1	0.0312
HLA-DOB	known	AMR	455	1	0.0312
HLA-DOB	known	AMR	1010	1	0.0312
HLA-DOB	known	AMR	1138	1	0.0312
HLA-DOB	known	EAS	1	6	0.24
HLA-DOB	known	EAS	2	1	0.04
HLA-DOB	known	EAS	5	1	0.04
HLA-DOB	known	EAS	6	1	0.04
HLA-DOB	known	EAS	7	1	0.04
HLA-DOB	known	EAS	12	1	0.04
HLA-DOB	known	EAS	14	1	0.04
HLA-DOB	known	EAS	49	1	0.04
HLA-DOB	known	EAS	55	1	0.04
HLA-DOB	known	EAS	58	1	0.04
HLA-DOB	known	EAS	73	1	0.04
HLA-DOB	known	EAS	78	1	0.04
HLA-DOB	known	EAS	91	1	0.04
HLA-DOB	known	EAS	135	1	0.04
HLA-DOB	known	EAS	214	1	0.04
HLA-DOB	known	EAS	219	2	0.08
HLA-DOB	known	EAS	329	1	0.04
HLA-DOB	known	EAS	388	1	0.04
HLA-DOB	known	EAS	498	1	0.04
HLA-DOB	known	EUR	1	2	0.0625
HLA-DOB	known	EUR	2	1	0.0312
HLA-DOB	known	EUR	3	6	0.1875
HLA-DOB	known	EUR	4	1	0.0312
HLA-DOB	known	EUR	5	2	0.0625
HLA-DOB	known	EUR	6	2	0.0625
HLA-DOB	known	EUR	8	1	0.0312
HLA-DOB	known	EUR	17	1	0.0312
HLA-DOB	known	EUR	26	1	0.0312
HLA-DOB	known	EUR	29	1	0.0312
HLA-DOB	known	EUR	72	1	0.0312
HLA-DOB	known	EUR	87	1	0.0312
HLA-DOB	known	EUR	106	1	0.0312
HLA-DOB	known	EUR	155	1	0.0312
HLA-DOB	known	EUR	206	1	0.0312
HLA-DOB	known	EUR	207	1	0.0312
HLA-DOB	known	EUR	230	1	0.0312
HLA-DOB	known	EUR	242	1	0.0312
HLA-DOB	known	EUR	247	1	0.0312
HLA-DOB	known	EUR	389	1	0.0312
HLA-DOB	known	EUR	485	1	0.0312
HLA-DOB	known	EUR	811	1	0.0312
HLA-DOB	known	EUR	852	1	0.0312
HLA-DOB	known	EUR	1070	1	0.0312
HLA-DOB	known	MID	1	4	0.1739
HLA-DOB	known	MID	2	3	0.1304
HLA-DOB	known	MID	3	2	0.087
HLA-DOB	known	MID	4	1	0.0435
HLA-DOB	known	MID	9	1	0.0435
HLA-DOB	known	MID	10	1	0.0435
HLA-DOB	known	MID	13	1	0.0435
HLA-DOB	known	MID	27	1	0.0435
HLA-DOB	known	MID	31	1	0.0435
HLA-DOB	known	MID	35	1	0.0435
HLA-DOB	known	MID	38	1	0.0435
HLA-DOB	known	MID	46	1	0.0435
HLA-DOB	known	MID	59	1	0.0435
HLA-DOB	known	MID	69	1	0.0435
HLA-DOB	known	MID	107	1	0.0435
HLA-DOB	known	MID	167	1	0.0435
HLA-DOB	known	MID	172	1	0.0435
HLA-DOB	known	SAS	1	2	0.0952
HLA-DOB	known	SAS	2	1	0.0476
HLA-DOB	known	SAS	3	1	0.0476
HLA-DOB	known	SAS	4	1	0.0476
HLA-DOB	known	SAS	7	1	0.0476
HLA-DOB	known	SAS	8	1	0.0476
HLA-DOB	known	SAS	14	1	0.0476
HLA-DOB	known	SAS	16	1	0.0476
HLA-DOB	known	SAS	18	1	0.0476
HLA-DOB	known	SAS	22	1	0.0476
HLA-DOB	known	SAS	25	1	0.0476
HLA-DOB	known	SAS	27	1	0.0476
HLA-DOB	known	SAS	94	1	0.0476
HLA-DOB	known	SAS	177	1	0.0476
HLA-DOB	known	SAS	186	2	0.0952
HLA-DOB	known	SAS	225	1	0.0476
HLA-DOB	known	SAS	236	1	0.0476
HLA-DOB	known	SAS	423	1	0.0476
HLA-DOB	known	SAS	457	1	0.0476
HLA-DOB	known	POOLED	1	3	0.0769
HLA-DOB	known	POOLED	2	4	0.1026
HLA-DOB	known	POOLED	4	2	0.0513
HLA-DOB	known	POOLED	5	2	0.0513
HLA-DOB	known	POOLED	6	2	0.0513
HLA-DOB	known	POOLED	7	1	0.0256
HLA-DOB	known	POOLED	9	1	0.0256
HLA-DOB	known	POOLED	18	1	0.0256
HLA-DOB	known	POOLED	20	1	0.0256
HLA-DOB	known	POOLED	71	1	0.0256
HLA-DOB	known	POOLED	105	1	0.0256
HLA-DOB	known	POOLED	125	1	0.0256
HLA-DOB	known	POOLED	243	1	0.0256
HLA-DOB	known	POOLED	275	2	0.0513
HLA-DOB	known	POOLED	293	1	0.0256
HLA-DOB	known	POOLED	327	1	0.0256
HLA-DOB	known	POOLED	386	1	0.0256
HLA-DOB	known	POOLED	391	1	0.0256
HLA-DOB	known	POOLED	429	1	0.0256
HLA-DOB	known	POOLED	573	1	0.0256
HLA-DOB	known	POOLED	575	1	0.0256
HLA-DOB	known	POOLED	675	1	0.0256
HLA-DOB	known	POOLED	790	1	0.0256
HLA-DOB	known	POOLED	873	1	0.0256
HLA-DOB	known	POOLED	1049	1	0.0256
HLA-DOB	known	POOLED	1205	1	0.0256
HLA-DOB	known	POOLED	1216	1	0.0256
HLA-DOB	known	POOLED	2005	1	0.0256
HLA-DOB	known	POOLED	3424	1	0.0256
HLA-DOB	known	POOLED	4395	1	0.0256
HLA-DOB	novel	AFR	1	74	0.8222
HLA-DOB	novel	AFR	2	7	0.0778
HLA-DOB	novel	AFR	4	1	0.0111
HLA-DOB	novel	AFR	7	1	0.0111
HLA-DOB	novel	AFR	12	1	0.0111
HLA-DOB	novel	AFR	97	1	0.0111
HLA-DOB	novel	AFR	180	1	0.0111
HLA-DOB	novel	AFR	228	1	0.0111
HLA-DOB	novel	AFR	278	1	0.0111
HLA-DOB	novel	AFR	332	1	0.0111
HLA-DOB	novel	AFR	403	1	0.0111
HLA-DOB	novel	AMR	1	75	0.8152
HLA-DOB	novel	AMR	2	4	0.0435
HLA-DOB	novel	AMR	3	5	0.0543
HLA-DOB	novel	AMR	5	1	0.0109
HLA-DOB	novel	AMR	9	1	0.0109
HLA-DOB	novel	AMR	62	1	0.0109
HLA-DOB	novel	AMR	101	2	0.0217
HLA-DOB	novel	AMR	102	1	0.0109
HLA-DOB	novel	AMR	126	1	0.0109
HLA-DOB	novel	AMR	286	1	0.0109
HLA-DOB	novel	EAS	1	22	0.6471
HLA-DOB	novel	EAS	2	4	0.1176
HLA-DOB	novel	EAS	3	1	0.0294
HLA-DOB	novel	EAS	5	2	0.0588
HLA-DOB	novel	EAS	13	1	0.0294
HLA-DOB	novel	EAS	24	1	0.0294
HLA-DOB	novel	EAS	26	1	0.0294
HLA-DOB	novel	EAS	132	1	0.0294
HLA-DOB	novel	EAS	263	1	0.0294
HLA-DOB	novel	EUR	1	85	0.8019
HLA-DOB	novel	EUR	2	10	0.0943
HLA-DOB	novel	EUR	4	1	0.0094
HLA-DOB	novel	EUR	5	1	0.0094
HLA-DOB	novel	EUR	9	1	0.0094
HLA-DOB	novel	EUR	11	1	0.0094
HLA-DOB	novel	EUR	13	1	0.0094
HLA-DOB	novel	EUR	16	1	0.0094
HLA-DOB	novel	EUR	48	1	0.0094
HLA-DOB	novel	EUR	61	1	0.0094
HLA-DOB	novel	EUR	73	1	0.0094
HLA-DOB	novel	EUR	190	1	0.0094
HLA-DOB	novel	EUR	253	1	0.0094
HLA-DOB	novel	MID	1	13	0.65
HLA-DOB	novel	MID	2	1	0.05
HLA-DOB	novel	MID	12	2	0.1
HLA-DOB	novel	MID	15	1	0.05
HLA-DOB	novel	MID	16	1	0.05
HLA-DOB	novel	MID	39	1	0.05
HLA-DOB	novel	MID	67	1	0.05
HLA-DOB	novel	SAS	1	31	0.775
HLA-DOB	novel	SAS	2	2	0.05
HLA-DOB	novel	SAS	3	1	0.025
HLA-DOB	novel	SAS	5	1	0.025
HLA-DOB	novel	SAS	6	1	0.025
HLA-DOB	novel	SAS	13	1	0.025
HLA-DOB	novel	SAS	39	1	0.025
HLA-DOB	novel	SAS	78	1	0.025
HLA-DOB	novel	SAS	175	1	0.025
HLA-DOB	novel	POOLED	1	247	0.8261
HLA-DOB	novel	POOLED	2	21	0.0702
HLA-DOB	novel	POOLED	3	10	0.0334
HLA-DOB	novel	POOLED	4	4	0.0134
HLA-DOB	novel	POOLED	5	2	0.0067
HLA-DOB	novel	POOLED	6	1	0.0033
HLA-DOB	novel	POOLED	7	2	0.0067
HLA-DOB	novel	POOLED	10	1	0.0033
HLA-DOB	novel	POOLED	13	1	0.0033
HLA-DOB	novel	POOLED	21	1	0.0033
HLA-DOB	novel	POOLED	25	1	0.0033
HLA-DOB	novel	POOLED	27	1	0.0033
HLA-DOB	novel	POOLED	31	1	0.0033
HLA-DOB	novel	POOLED	328	1	0.0033
HLA-DOB	novel	POOLED	363	1	0.0033
HLA-DOB	novel	POOLED	475	1	0.0033
HLA-DOB	novel	POOLED	648	1	0.0033
HLA-DOB	novel	POOLED	725	1	0.0033
HLA-DOB	novel	POOLED	1313	1	0.0033
HLA-DPA1	all	AFR	1	156	0.642
HLA-DPA1	all	AFR	2	18	0.0741
HLA-DPA1	all	AFR	3	9	0.037
HLA-DPA1	all	AFR	4	2	0.0082
HLA-DPA1	all	AFR	5	5	0.0206
HLA-DPA1	all	AFR	6	1	0.0041
HLA-DPA1	all	AFR	7	1	0.0041
HLA-DPA1	all	AFR	8	1	0.0041
HLA-DPA1	all	AFR	9	3	0.0123
HLA-DPA1	all	AFR	10	2	0.0082
HLA-DPA1	all	AFR	11	1	0.0041
HLA-DPA1	all	AFR	12	3	0.0123
HLA-DPA1	all	AFR	13	1	0.0041
HLA-DPA1	all	AFR	14	1	0.0041
HLA-DPA1	all	AFR	17	1	0.0041
HLA-DPA1	all	AFR	19	1	0.0041
HLA-DPA1	all	AFR	21	3	0.0123
HLA-DPA1	all	AFR	22	1	0.0041
HLA-DPA1	all	AFR	24	1	0.0041
HLA-DPA1	all	AFR	25	1	0.0041
HLA-DPA1	all	AFR	27	1	0.0041
HLA-DPA1	all	AFR	38	1	0.0041
HLA-DPA1	all	AFR	41	1	0.0041
HLA-DPA1	all	AFR	42	1	0.0041
HLA-DPA1	all	AFR	49	1	0.0041
HLA-DPA1	all	AFR	54	1	0.0041
HLA-DPA1	all	AFR	55	1	0.0041
HLA-DPA1	all	AFR	60	1	0.0041
HLA-DPA1	all	AFR	62	1	0.0041
HLA-DPA1	all	AFR	66	1	0.0041
HLA-DPA1	all	AFR	73	1	0.0041
HLA-DPA1	all	AFR	81	1	0.0041
HLA-DPA1	all	AFR	86	1	0.0041
HLA-DPA1	all	AFR	92	1	0.0041
HLA-DPA1	all	AFR	122	1	0.0041
HLA-DPA1	all	AFR	123	1	0.0041
HLA-DPA1	all	AFR	131	1	0.0041
HLA-DPA1	all	AFR	136	1	0.0041
HLA-DPA1	all	AFR	163	1	0.0041
HLA-DPA1	all	AFR	164	1	0.0041
HLA-DPA1	all	AFR	165	1	0.0041
HLA-DPA1	all	AFR	180	1	0.0041
HLA-DPA1	all	AFR	181	1	0.0041
HLA-DPA1	all	AFR	182	1	0.0041
HLA-DPA1	all	AFR	227	1	0.0041
HLA-DPA1	all	AFR	316	1	0.0041
HLA-DPA1	all	AFR	334	1	0.0041
HLA-DPA1	all	AFR	341	1	0.0041
HLA-DPA1	all	AFR	496	1	0.0041
HLA-DPA1	all	AFR	681	1	0.0041
HLA-DPA1	all	AFR	772	1	0.0041
HLA-DPA1	all	AMR	1	109	0.6022
HLA-DPA1	all	AMR	2	5	0.0276
HLA-DPA1	all	AMR	3	11	0.0608
HLA-DPA1	all	AMR	4	4	0.0221
HLA-DPA1	all	AMR	5	3	0.0166
HLA-DPA1	all	AMR	6	4	0.0221
HLA-DPA1	all	AMR	7	1	0.0055
HLA-DPA1	all	AMR	8	3	0.0166
HLA-DPA1	all	AMR	10	4	0.0221
HLA-DPA1	all	AMR	12	1	0.0055
HLA-DPA1	all	AMR	14	2	0.011
HLA-DPA1	all	AMR	15	2	0.011
HLA-DPA1	all	AMR	16	1	0.0055
HLA-DPA1	all	AMR	17	2	0.011
HLA-DPA1	all	AMR	18	3	0.0166
HLA-DPA1	all	AMR	23	1	0.0055
HLA-DPA1	all	AMR	24	2	0.011
HLA-DPA1	all	AMR	26	1	0.0055
HLA-DPA1	all	AMR	31	1	0.0055
HLA-DPA1	all	AMR	39	1	0.0055
HLA-DPA1	all	AMR	53	1	0.0055
HLA-DPA1	all	AMR	61	1	0.0055
HLA-DPA1	all	AMR	62	1	0.0055
HLA-DPA1	all	AMR	64	1	0.0055
HLA-DPA1	all	AMR	67	1	0.0055
HLA-DPA1	all	AMR	84	1	0.0055
HLA-DPA1	all	AMR	87	1	0.0055
HLA-DPA1	all	AMR	89	1	0.0055
HLA-DPA1	all	AMR	121	1	0.0055
HLA-DPA1	all	AMR	123	1	0.0055
HLA-DPA1	all	AMR	136	1	0.0055
HLA-DPA1	all	AMR	146	1	0.0055
HLA-DPA1	all	AMR	289	1	0.0055
HLA-DPA1	all	AMR	296	1	0.0055
HLA-DPA1	all	AMR	302	1	0.0055
HLA-DPA1	all	AMR	395	1	0.0055
HLA-DPA1	all	AMR	454	1	0.0055
HLA-DPA1	all	AMR	455	1	0.0055
HLA-DPA1	all	AMR	725	1	0.0055
HLA-DPA1	all	AMR	808	1	0.0055
HLA-DPA1	all	EAS	1	55	0.5446
HLA-DPA1	all	EAS	2	9	0.0891
HLA-DPA1	all	EAS	3	6	0.0594
HLA-DPA1	all	EAS	4	1	0.0099
HLA-DPA1	all	EAS	5	3	0.0297
HLA-DPA1	all	EAS	6	2	0.0198
HLA-DPA1	all	EAS	7	2	0.0198
HLA-DPA1	all	EAS	8	2	0.0198
HLA-DPA1	all	EAS	9	1	0.0099
HLA-DPA1	all	EAS	14	1	0.0099
HLA-DPA1	all	EAS	15	1	0.0099
HLA-DPA1	all	EAS	18	1	0.0099
HLA-DPA1	all	EAS	26	1	0.0099
HLA-DPA1	all	EAS	29	1	0.0099
HLA-DPA1	all	EAS	34	1	0.0099
HLA-DPA1	all	EAS	41	3	0.0297
HLA-DPA1	all	EAS	48	1	0.0099
HLA-DPA1	all	EAS	60	1	0.0099
HLA-DPA1	all	EAS	67	1	0.0099
HLA-DPA1	all	EAS	85	1	0.0099
HLA-DPA1	all	EAS	106	1	0.0099
HLA-DPA1	all	EAS	146	2	0.0198
HLA-DPA1	all	EAS	149	1	0.0099
HLA-DPA1	all	EAS	209	1	0.0099
HLA-DPA1	all	EAS	289	1	0.0099
HLA-DPA1	all	EAS	1200	1	0.0099
HLA-DPA1	all	EUR	1	119	0.6296
HLA-DPA1	all	EUR	2	10	0.0529
HLA-DPA1	all	EUR	3	5	0.0265
HLA-DPA1	all	EUR	4	8	0.0423
HLA-DPA1	all	EUR	5	4	0.0212
HLA-DPA1	all	EUR	6	3	0.0159
HLA-DPA1	all	EUR	7	2	0.0106
HLA-DPA1	all	EUR	8	1	0.0053
HLA-DPA1	all	EUR	9	4	0.0212
HLA-DPA1	all	EUR	10	1	0.0053
HLA-DPA1	all	EUR	11	1	0.0053
HLA-DPA1	all	EUR	12	1	0.0053
HLA-DPA1	all	EUR	14	2	0.0106
HLA-DPA1	all	EUR	15	2	0.0106
HLA-DPA1	all	EUR	16	1	0.0053
HLA-DPA1	all	EUR	19	1	0.0053
HLA-DPA1	all	EUR	22	1	0.0053
HLA-DPA1	all	EUR	24	1	0.0053
HLA-DPA1	all	EUR	26	1	0.0053
HLA-DPA1	all	EUR	28	2	0.0106
HLA-DPA1	all	EUR	32	1	0.0053
HLA-DPA1	all	EUR	33	1	0.0053
HLA-DPA1	all	EUR	36	1	0.0053
HLA-DPA1	all	EUR	40	1	0.0053
HLA-DPA1	all	EUR	58	2	0.0106
HLA-DPA1	all	EUR	71	1	0.0053
HLA-DPA1	all	EUR	76	1	0.0053
HLA-DPA1	all	EUR	83	1	0.0053
HLA-DPA1	all	EUR	96	1	0.0053
HLA-DPA1	all	EUR	161	1	0.0053
HLA-DPA1	all	EUR	174	1	0.0053
HLA-DPA1	all	EUR	309	1	0.0053
HLA-DPA1	all	EUR	381	1	0.0053
HLA-DPA1	all	EUR	429	1	0.0053
HLA-DPA1	all	EUR	567	1	0.0053
HLA-DPA1	all	EUR	702	1	0.0053
HLA-DPA1	all	EUR	1072	1	0.0053
HLA-DPA1	all	EUR	1095	1	0.0053
HLA-DPA1	all	MID	1	34	0.4722
HLA-DPA1	all	MID	2	6	0.0833
HLA-DPA1	all	MID	3	3	0.0417
HLA-DPA1	all	MID	4	4	0.0556
HLA-DPA1	all	MID	5	3	0.0417
HLA-DPA1	all	MID	6	4	0.0556
HLA-DPA1	all	MID	8	2	0.0278
HLA-DPA1	all	MID	9	1	0.0139
HLA-DPA1	all	MID	11	2	0.0278
HLA-DPA1	all	MID	13	1	0.0139
HLA-DPA1	all	MID	14	1	0.0139
HLA-DPA1	all	MID	18	2	0.0278
HLA-DPA1	all	MID	19	1	0.0139
HLA-DPA1	all	MID	38	1	0.0139
HLA-DPA1	all	MID	39	1	0.0139
HLA-DPA1	all	MID	42	1	0.0139
HLA-DPA1	all	MID	78	1	0.0139
HLA-DPA1	all	MID	90	1	0.0139
HLA-DPA1	all	MID	105	1	0.0139
HLA-DPA1	all	MID	150	1	0.0139
HLA-DPA1	all	MID	196	1	0.0139
HLA-DPA1	all	SAS	1	60	0.6122
HLA-DPA1	all	SAS	2	5	0.051
HLA-DPA1	all	SAS	3	3	0.0306
HLA-DPA1	all	SAS	4	2	0.0204
HLA-DPA1	all	SAS	6	1	0.0102
HLA-DPA1	all	SAS	8	2	0.0204
HLA-DPA1	all	SAS	9	1	0.0102
HLA-DPA1	all	SAS	10	1	0.0102
HLA-DPA1	all	SAS	11	1	0.0102
HLA-DPA1	all	SAS	15	3	0.0306
HLA-DPA1	all	SAS	16	2	0.0204
HLA-DPA1	all	SAS	28	2	0.0204
HLA-DPA1	all	SAS	34	1	0.0102
HLA-DPA1	all	SAS	38	1	0.0102
HLA-DPA1	all	SAS	51	2	0.0204
HLA-DPA1	all	SAS	59	1	0.0102
HLA-DPA1	all	SAS	66	1	0.0102
HLA-DPA1	all	SAS	91	1	0.0102
HLA-DPA1	all	SAS	106	1	0.0102
HLA-DPA1	all	SAS	119	1	0.0102
HLA-DPA1	all	SAS	149	1	0.0102
HLA-DPA1	all	SAS	205	1	0.0102
HLA-DPA1	all	SAS	236	1	0.0102
HLA-DPA1	all	SAS	262	1	0.0102
HLA-DPA1	all	SAS	308	1	0.0102
HLA-DPA1	all	SAS	422	1	0.0102
HLA-DPA1	all	POOLED	1	391	0.7071
HLA-DPA1	all	POOLED	2	44	0.0796
HLA-DPA1	all	POOLED	3	10	0.0181
HLA-DPA1	all	POOLED	4	10	0.0181
HLA-DPA1	all	POOLED	5	3	0.0054
HLA-DPA1	all	POOLED	6	5	0.009
HLA-DPA1	all	POOLED	7	3	0.0054
HLA-DPA1	all	POOLED	8	5	0.009
HLA-DPA1	all	POOLED	9	4	0.0072
HLA-DPA1	all	POOLED	10	3	0.0054
HLA-DPA1	all	POOLED	11	2	0.0036
HLA-DPA1	all	POOLED	12	7	0.0127
HLA-DPA1	all	POOLED	13	2	0.0036
HLA-DPA1	all	POOLED	14	1	0.0018
HLA-DPA1	all	POOLED	15	2	0.0036
HLA-DPA1	all	POOLED	16	1	0.0018
HLA-DPA1	all	POOLED	17	2	0.0036
HLA-DPA1	all	POOLED	19	2	0.0036
HLA-DPA1	all	POOLED	20	1	0.0018
HLA-DPA1	all	POOLED	22	1	0.0018
HLA-DPA1	all	POOLED	23	1	0.0018
HLA-DPA1	all	POOLED	28	2	0.0036
HLA-DPA1	all	POOLED	29	3	0.0054
HLA-DPA1	all	POOLED	32	2	0.0036
HLA-DPA1	all	POOLED	33	1	0.0018
HLA-DPA1	all	POOLED	34	1	0.0018
HLA-DPA1	all	POOLED	44	1	0.0018
HLA-DPA1	all	POOLED	47	1	0.0018
HLA-DPA1	all	POOLED	49	1	0.0018
HLA-DPA1	all	POOLED	50	2	0.0036
HLA-DPA1	all	POOLED	51	1	0.0018
HLA-DPA1	all	POOLED	56	1	0.0018
HLA-DPA1	all	POOLED	62	1	0.0018
HLA-DPA1	all	POOLED	65	2	0.0036
HLA-DPA1	all	POOLED	73	1	0.0018
HLA-DPA1	all	POOLED	82	1	0.0018
HLA-DPA1	all	POOLED	86	2	0.0036
HLA-DPA1	all	POOLED	87	1	0.0018
HLA-DPA1	all	POOLED	101	1	0.0018
HLA-DPA1	all	POOLED	103	1	0.0018
HLA-DPA1	all	POOLED	105	1	0.0018
HLA-DPA1	all	POOLED	110	1	0.0018
HLA-DPA1	all	POOLED	117	1	0.0018
HLA-DPA1	all	POOLED	127	1	0.0018
HLA-DPA1	all	POOLED	171	1	0.0018
HLA-DPA1	all	POOLED	263	1	0.0018
HLA-DPA1	all	POOLED	267	1	0.0018
HLA-DPA1	all	POOLED	286	1	0.0018
HLA-DPA1	all	POOLED	308	1	0.0018
HLA-DPA1	all	POOLED	313	1	0.0018
HLA-DPA1	all	POOLED	426	1	0.0018
HLA-DPA1	all	POOLED	450	1	0.0018
HLA-DPA1	all	POOLED	481	1	0.0018
HLA-DPA1	all	POOLED	492	1	0.0018
HLA-DPA1	all	POOLED	496	1	0.0018
HLA-DPA1	all	POOLED	527	1	0.0018
HLA-DPA1	all	POOLED	600	1	0.0018
HLA-DPA1	all	POOLED	851	1	0.0018
HLA-DPA1	all	POOLED	950	1	0.0018
HLA-DPA1	all	POOLED	1135	1	0.0018
HLA-DPA1	all	POOLED	1177	1	0.0018
HLA-DPA1	all	POOLED	1303	1	0.0018
HLA-DPA1	all	POOLED	1442	1	0.0018
HLA-DPA1	all	POOLED	1616	1	0.0018
HLA-DPA1	all	POOLED	1969	1	0.0018
HLA-DPA1	all	POOLED	2475	1	0.0018
HLA-DPA1	all	POOLED	3027	1	0.0018
HLA-DPA1	known	AFR	1	21	0.2593
HLA-DPA1	known	AFR	2	6	0.0741
HLA-DPA1	known	AFR	3	5	0.0617
HLA-DPA1	known	AFR	4	2	0.0247
HLA-DPA1	known	AFR	5	3	0.037
HLA-DPA1	known	AFR	6	1	0.0123
HLA-DPA1	known	AFR	8	1	0.0123
HLA-DPA1	known	AFR	9	2	0.0247
HLA-DPA1	known	AFR	10	1	0.0123
HLA-DPA1	known	AFR	11	1	0.0123
HLA-DPA1	known	AFR	12	2	0.0247
HLA-DPA1	known	AFR	13	1	0.0123
HLA-DPA1	known	AFR	14	1	0.0123
HLA-DPA1	known	AFR	17	1	0.0123
HLA-DPA1	known	AFR	19	1	0.0123
HLA-DPA1	known	AFR	21	3	0.037
HLA-DPA1	known	AFR	22	1	0.0123
HLA-DPA1	known	AFR	24	1	0.0123
HLA-DPA1	known	AFR	25	1	0.0123
HLA-DPA1	known	AFR	27	1	0.0123
HLA-DPA1	known	AFR	38	1	0.0123
HLA-DPA1	known	AFR	41	1	0.0123
HLA-DPA1	known	AFR	49	1	0.0123
HLA-DPA1	known	AFR	54	1	0.0123
HLA-DPA1	known	AFR	62	1	0.0123
HLA-DPA1	known	AFR	66	1	0.0123
HLA-DPA1	known	AFR	73	1	0.0123
HLA-DPA1	known	AFR	81	1	0.0123
HLA-DPA1	known	AFR	86	1	0.0123
HLA-DPA1	known	AFR	92	1	0.0123
HLA-DPA1	known	AFR	122	1	0.0123
HLA-DPA1	known	AFR	123	1	0.0123
HLA-DPA1	known	AFR	131	1	0.0123
HLA-DPA1	known	AFR	136	1	0.0123
HLA-DPA1	known	AFR	164	1	0.0123
HLA-DPA1	known	AFR	165	1	0.0123
HLA-DPA1	known	AFR	180	1	0.0123
HLA-DPA1	known	AFR	181	1	0.0123
HLA-DPA1	known	AFR	182	1	0.0123
HLA-DPA1	known	AFR	227	1	0.0123
HLA-DPA1	known	AFR	334	1	0.0123
HLA-DPA1	known	AFR	341	1	0.0123
HLA-DPA1	known	AFR	496	1	0.0123
HLA-DPA1	known	AFR	681	1	0.0123
HLA-DPA1	known	AFR	772	1	0.0123
HLA-DPA1	known	AMR	1	19	0.2405
HLA-DPA1	known	AMR	2	5	0.0633
HLA-DPA1	known	AMR	3	7	0.0886
HLA-DPA1	known	AMR	4	3	0.038
HLA-DPA1	known	AMR	5	3	0.038
HLA-DPA1	known	AMR	6	3	0.038
HLA-DPA1	known	AMR	8	3	0.038
HLA-DPA1	known	AMR	10	4	0.0506
HLA-DPA1	known	AMR	12	1	0.0127
HLA-DPA1	known	AMR	14	2	0.0253
HLA-DPA1	known	AMR	15	1	0.0127
HLA-DPA1	known	AMR	16	1	0.0127
HLA-DPA1	known	AMR	17	1	0.0127
HLA-DPA1	known	AMR	18	3	0.038
HLA-DPA1	known	AMR	23	1	0.0127
HLA-DPA1	known	AMR	24	1	0.0127
HLA-DPA1	known	AMR	26	1	0.0127
HLA-DPA1	known	AMR	31	1	0.0127
HLA-DPA1	known	AMR	39	1	0.0127
HLA-DPA1	known	AMR	53	1	0.0127
HLA-DPA1	known	AMR	61	1	0.0127
HLA-DPA1	known	AMR	62	1	0.0127
HLA-DPA1	known	AMR	64	1	0.0127
HLA-DPA1	known	AMR	67	1	0.0127
HLA-DPA1	known	AMR	84	1	0.0127
HLA-DPA1	known	AMR	87	1	0.0127
HLA-DPA1	known	AMR	121	1	0.0127
HLA-DPA1	known	AMR	123	1	0.0127
HLA-DPA1	known	AMR	136	1	0.0127
HLA-DPA1	known	AMR	146	1	0.0127
HLA-DPA1	known	AMR	289	1	0.0127
HLA-DPA1	known	AMR	296	1	0.0127
HLA-DPA1	known	AMR	302	1	0.0127
HLA-DPA1	known	AMR	395	1	0.0127
HLA-DPA1	known	AMR	455	1	0.0127
HLA-DPA1	known	AMR	725	1	0.0127
HLA-DPA1	known	AMR	808	1	0.0127
HLA-DPA1	known	EAS	1	12	0.2449
HLA-DPA1	known	EAS	2	5	0.102
HLA-DPA1	known	EAS	3	5	0.102
HLA-DPA1	known	EAS	4	1	0.0204
HLA-DPA1	known	EAS	5	3	0.0612
HLA-DPA1	known	EAS	6	1	0.0204
HLA-DPA1	known	EAS	7	2	0.0408
HLA-DPA1	known	EAS	8	2	0.0408
HLA-DPA1	known	EAS	9	1	0.0204
HLA-DPA1	known	EAS	14	1	0.0204
HLA-DPA1	known	EAS	15	1	0.0204
HLA-DPA1	known	EAS	18	1	0.0204
HLA-DPA1	known	EAS	26	1	0.0204
HLA-DPA1	known	EAS	29	1	0.0204
HLA-DPA1	known	EAS	41	3	0.0612
HLA-DPA1	known	EAS	48	1	0.0204
HLA-DPA1	known	EAS	60	1	0.0204
HLA-DPA1	known	EAS	67	1	0.0204
HLA-DPA1	known	EAS	85	1	0.0204
HLA-DPA1	known	EAS	106	1	0.0204
HLA-DPA1	known	EAS	146	1	0.0204
HLA-DPA1	known	EAS	149	1	0.0204
HLA-DPA1	known	EAS	289	1	0.0204
HLA-DPA1	known	EAS	1200	1	0.0204
HLA-DPA1	known	EUR	1	15	0.2143
HLA-DPA1	known	EUR	2	4	0.0571
HLA-DPA1	known	EUR	3	2	0.0286
HLA-DPA1	known	EUR	4	6	0.0857
HLA-DPA1	known	EUR	5	4	0.0571
HLA-DPA1	known	EUR	6	3	0.0429
HLA-DPA1	known	EUR	7	2	0.0286
HLA-DPA1	known	EUR	8	1	0.0143
HLA-DPA1	known	EUR	9	4	0.0571
HLA-DPA1	known	EUR	10	1	0.0143
HLA-DPA1	known	EUR	11	1	0.0143
HLA-DPA1	known	EUR	14	2	0.0286
HLA-DPA1	known	EUR	15	2	0.0286
HLA-DPA1	known	EUR	19	1	0.0143
HLA-DPA1	known	EUR	22	1	0.0143
HLA-DPA1	known	EUR	24	1	0.0143
HLA-DPA1	known	EUR	26	1	0.0143
HLA-DPA1	known	EUR	28	2	0.0286
HLA-DPA1	known	EUR	32	1	0.0143
HLA-DPA1	known	EUR	33	1	0.0143
HLA-DPA1	known	EUR	36	1	0.0143
HLA-DPA1	known	EUR	40	1	0.0143
HLA-DPA1	known	EUR	58	2	0.0286
HLA-DPA1	known	EUR	76	1	0.0143
HLA-DPA1	known	EUR	83	1	0.0143
HLA-DPA1	known	EUR	96	1	0.0143
HLA-DPA1	known	EUR	161	1	0.0143
HLA-DPA1	known	EUR	174	1	0.0143
HLA-DPA1	known	EUR	309	1	0.0143
HLA-DPA1	known	EUR	429	1	0.0143
HLA-DPA1	known	EUR	567	1	0.0143
HLA-DPA1	known	EUR	702	1	0.0143
HLA-DPA1	known	EUR	1072	1	0.0143
HLA-DPA1	known	EUR	1095	1	0.0143
HLA-DPA1	known	MID	1	13	0.2826
HLA-DPA1	known	MID	2	4	0.087
HLA-DPA1	known	MID	3	2	0.0435
HLA-DPA1	known	MID	4	4	0.087
HLA-DPA1	known	MID	5	3	0.0652
HLA-DPA1	known	MID	6	4	0.087
HLA-DPA1	known	MID	8	2	0.0435
HLA-DPA1	known	MID	9	1	0.0217
HLA-DPA1	known	MID	11	2	0.0435
HLA-DPA1	known	MID	13	1	0.0217
HLA-DPA1	known	MID	14	1	0.0217
HLA-DPA1	known	MID	18	1	0.0217
HLA-DPA1	known	MID	19	1	0.0217
HLA-DPA1	known	MID	38	1	0.0217
HLA-DPA1	known	MID	39	1	0.0217
HLA-DPA1	known	MID	42	1	0.0217
HLA-DPA1	known	MID	90	1	0.0217
HLA-DPA1	known	MID	105	1	0.0217
HLA-DPA1	known	MID	150	1	0.0217
HLA-DPA1	known	MID	196	1	0.0217
HLA-DPA1	known	SAS	1	13	0.2889
HLA-DPA1	known	SAS	2	4	0.0889
HLA-DPA1	known	SAS	3	3	0.0667
HLA-DPA1	known	SAS	4	1	0.0222
HLA-DPA1	known	SAS	6	1	0.0222
HLA-DPA1	known	SAS	8	2	0.0444
HLA-DPA1	known	SAS	9	1	0.0222
HLA-DPA1	known	SAS	11	1	0.0222
HLA-DPA1	known	SAS	15	2	0.0444
HLA-DPA1	known	SAS	16	2	0.0444
HLA-DPA1	known	SAS	28	2	0.0444
HLA-DPA1	known	SAS	34	1	0.0222
HLA-DPA1	known	SAS	38	1	0.0222
HLA-DPA1	known	SAS	51	1	0.0222
HLA-DPA1	known	SAS	59	1	0.0222
HLA-DPA1	known	SAS	66	1	0.0222
HLA-DPA1	known	SAS	91	1	0.0222
HLA-DPA1	known	SAS	106	1	0.0222
HLA-DPA1	known	SAS	119	1	0.0222
HLA-DPA1	known	SAS	149	1	0.0222
HLA-DPA1	known	SAS	205	1	0.0222
HLA-DPA1	known	SAS	262	1	0.0222
HLA-DPA1	known	SAS	308	1	0.0222
HLA-DPA1	known	SAS	422	1	0.0222
HLA-DPA1	known	POOLED	1	31	0.2403
HLA-DPA1	known	POOLED	2	10	0.0775
HLA-DPA1	known	POOLED	3	6	0.0465
HLA-DPA1	known	POOLED	4	4	0.031
HLA-DPA1	known	POOLED	5	1	0.0078
HLA-DPA1	known	POOLED	6	2	0.0155
HLA-DPA1	known	POOLED	7	1	0.0078
HLA-DPA1	known	POOLED	8	5	0.0388
HLA-DPA1	known	POOLED	9	3	0.0233
HLA-DPA1	known	POOLED	10	3	0.0233
HLA-DPA1	known	POOLED	11	1	0.0078
HLA-DPA1	known	POOLED	12	4	0.031
HLA-DPA1	known	POOLED	13	2	0.0155
HLA-DPA1	known	POOLED	14	1	0.0078
HLA-DPA1	known	POOLED	15	1	0.0078
HLA-DPA1	known	POOLED	16	1	0.0078
HLA-DPA1	known	POOLED	17	2	0.0155
HLA-DPA1	known	POOLED	19	2	0.0155
HLA-DPA1	known	POOLED	20	1	0.0078
HLA-DPA1	known	POOLED	23	1	0.0078
HLA-DPA1	known	POOLED	28	1	0.0078
HLA-DPA1	known	POOLED	29	3	0.0233
HLA-DPA1	known	POOLED	32	2	0.0155
HLA-DPA1	known	POOLED	33	1	0.0078
HLA-DPA1	known	POOLED	34	1	0.0078
HLA-DPA1	known	POOLED	44	1	0.0078
HLA-DPA1	known	POOLED	47	1	0.0078
HLA-DPA1	known	POOLED	49	1	0.0078
HLA-DPA1	known	POOLED	50	2	0.0155
HLA-DPA1	known	POOLED	51	1	0.0078
HLA-DPA1	known	POOLED	56	1	0.0078
HLA-DPA1	known	POOLED	62	1	0.0078
HLA-DPA1	known	POOLED	65	2	0.0155
HLA-DPA1	known	POOLED	86	2	0.0155
HLA-DPA1	known	POOLED	87	1	0.0078
HLA-DPA1	known	POOLED	101	1	0.0078
HLA-DPA1	known	POOLED	103	1	0.0078
HLA-DPA1	known	POOLED	105	1	0.0078
HLA-DPA1	known	POOLED	110	1	0.0078
HLA-DPA1	known	POOLED	117	1	0.0078
HLA-DPA1	known	POOLED	127	1	0.0078
HLA-DPA1	known	POOLED	171	1	0.0078
HLA-DPA1	known	POOLED	263	1	0.0078
HLA-DPA1	known	POOLED	267	1	0.0078
HLA-DPA1	known	POOLED	286	1	0.0078
HLA-DPA1	known	POOLED	313	1	0.0078
HLA-DPA1	known	POOLED	450	1	0.0078
HLA-DPA1	known	POOLED	481	1	0.0078
HLA-DPA1	known	POOLED	492	1	0.0078
HLA-DPA1	known	POOLED	496	1	0.0078
HLA-DPA1	known	POOLED	527	1	0.0078
HLA-DPA1	known	POOLED	600	1	0.0078
HLA-DPA1	known	POOLED	851	1	0.0078
HLA-DPA1	known	POOLED	950	1	0.0078
HLA-DPA1	known	POOLED	1135	1	0.0078
HLA-DPA1	known	POOLED	1177	1	0.0078
HLA-DPA1	known	POOLED	1303	1	0.0078
HLA-DPA1	known	POOLED	1442	1	0.0078
HLA-DPA1	known	POOLED	1969	1	0.0078
HLA-DPA1	known	POOLED	2475	1	0.0078
HLA-DPA1	known	POOLED	3027	1	0.0078
HLA-DPA1	novel	AFR	1	135	0.8333
HLA-DPA1	novel	AFR	2	12	0.0741
HLA-DPA1	novel	AFR	3	4	0.0247
HLA-DPA1	novel	AFR	5	2	0.0123
HLA-DPA1	novel	AFR	7	1	0.0062
HLA-DPA1	novel	AFR	9	1	0.0062
HLA-DPA1	novel	AFR	10	1	0.0062
HLA-DPA1	novel	AFR	12	1	0.0062
HLA-DPA1	novel	AFR	42	1	0.0062
HLA-DPA1	novel	AFR	55	1	0.0062
HLA-DPA1	novel	AFR	60	1	0.0062
HLA-DPA1	novel	AFR	163	1	0.0062
HLA-DPA1	novel	AFR	316	1	0.0062
HLA-DPA1	novel	AMR	1	90	0.8824
HLA-DPA1	novel	AMR	3	4	0.0392
HLA-DPA1	novel	AMR	4	1	0.0098
HLA-DPA1	novel	AMR	6	1	0.0098
HLA-DPA1	novel	AMR	7	1	0.0098
HLA-DPA1	novel	AMR	15	1	0.0098
HLA-DPA1	novel	AMR	17	1	0.0098
HLA-DPA1	novel	AMR	24	1	0.0098
HLA-DPA1	novel	AMR	89	1	0.0098
HLA-DPA1	novel	AMR	454	1	0.0098
HLA-DPA1	novel	EAS	1	43	0.8269
HLA-DPA1	novel	EAS	2	4	0.0769
HLA-DPA1	novel	EAS	3	1	0.0192
HLA-DPA1	novel	EAS	6	1	0.0192
HLA-DPA1	novel	EAS	34	1	0.0192
HLA-DPA1	novel	EAS	146	1	0.0192
HLA-DPA1	novel	EAS	209	1	0.0192
HLA-DPA1	novel	EUR	1	104	0.8739
HLA-DPA1	novel	EUR	2	6	0.0504
HLA-DPA1	novel	EUR	3	3	0.0252
HLA-DPA1	novel	EUR	4	2	0.0168
HLA-DPA1	novel	EUR	12	1	0.0084
HLA-DPA1	novel	EUR	16	1	0.0084
HLA-DPA1	novel	EUR	71	1	0.0084
HLA-DPA1	novel	EUR	381	1	0.0084
HLA-DPA1	novel	MID	1	21	0.8077
HLA-DPA1	novel	MID	2	2	0.0769
HLA-DPA1	novel	MID	3	1	0.0385
HLA-DPA1	novel	MID	18	1	0.0385
HLA-DPA1	novel	MID	78	1	0.0385
HLA-DPA1	novel	SAS	1	47	0.8868
HLA-DPA1	novel	SAS	2	1	0.0189
HLA-DPA1	novel	SAS	4	1	0.0189
HLA-DPA1	novel	SAS	10	1	0.0189
HLA-DPA1	novel	SAS	15	1	0.0189
HLA-DPA1	novel	SAS	51	1	0.0189
HLA-DPA1	novel	SAS	236	1	0.0189
HLA-DPA1	novel	POOLED	1	360	0.8491
HLA-DPA1	novel	POOLED	2	34	0.0802
HLA-DPA1	novel	POOLED	3	4	0.0094
HLA-DPA1	novel	POOLED	4	6	0.0142
HLA-DPA1	novel	POOLED	5	2	0.0047
HLA-DPA1	novel	POOLED	6	3	0.0071
HLA-DPA1	novel	POOLED	7	2	0.0047
HLA-DPA1	novel	POOLED	9	1	0.0024
HLA-DPA1	novel	POOLED	11	1	0.0024
HLA-DPA1	novel	POOLED	12	3	0.0071
HLA-DPA1	novel	POOLED	15	1	0.0024
HLA-DPA1	novel	POOLED	22	1	0.0024
HLA-DPA1	novel	POOLED	28	1	0.0024
HLA-DPA1	novel	POOLED	73	1	0.0024
HLA-DPA1	novel	POOLED	82	1	0.0024
HLA-DPA1	novel	POOLED	308	1	0.0024
HLA-DPA1	novel	POOLED	426	1	0.0024
HLA-DPA1	novel	POOLED	1616	1	0.0024
HLA-DPA2	all	AFR	1	117	0.7852
HLA-DPA2	all	AFR	2	6	0.0403
HLA-DPA2	all	AFR	3	1	0.0067
HLA-DPA2	all	AFR	4	1	0.0067
HLA-DPA2	all	AFR	5	1	0.0067
HLA-DPA2	all	AFR	6	1	0.0067
HLA-DPA2	all	AFR	9	1	0.0067
HLA-DPA2	all	AFR	20	1	0.0067
HLA-DPA2	all	AFR	26	1	0.0067
HLA-DPA2	all	AFR	31	1	0.0067
HLA-DPA2	all	AFR	33	1	0.0067
HLA-DPA2	all	AFR	42	1	0.0067
HLA-DPA2	all	AFR	50	1	0.0067
HLA-DPA2	all	AFR	52	1	0.0067
HLA-DPA2	all	AFR	69	1	0.0067
HLA-DPA2	all	AFR	101	1	0.0067
HLA-DPA2	all	AFR	138	1	0.0067
HLA-DPA2	all	AFR	200	1	0.0067
HLA-DPA2	all	AFR	240	1	0.0067
HLA-DPA2	all	AFR	276	1	0.0067
HLA-DPA2	all	AFR	289	1	0.0067
HLA-DPA2	all	AFR	327	2	0.0134
HLA-DPA2	all	AFR	388	1	0.0067
HLA-DPA2	all	AFR	455	1	0.0067
HLA-DPA2	all	AFR	467	1	0.0067
HLA-DPA2	all	AFR	488	1	0.0067
HLA-DPA2	all	AFR	1833	1	0.0067
HLA-DPA2	all	AMR	1	84	0.7119
HLA-DPA2	all	AMR	2	9	0.0763
HLA-DPA2	all	AMR	3	1	0.0085
HLA-DPA2	all	AMR	9	1	0.0085
HLA-DPA2	all	AMR	11	1	0.0085
HLA-DPA2	all	AMR	12	1	0.0085
HLA-DPA2	all	AMR	15	3	0.0254
HLA-DPA2	all	AMR	17	1	0.0085
HLA-DPA2	all	AMR	22	1	0.0085
HLA-DPA2	all	AMR	41	1	0.0085
HLA-DPA2	all	AMR	61	1	0.0085
HLA-DPA2	all	AMR	64	1	0.0085
HLA-DPA2	all	AMR	87	1	0.0085
HLA-DPA2	all	AMR	90	1	0.0085
HLA-DPA2	all	AMR	95	1	0.0085
HLA-DPA2	all	AMR	171	1	0.0085
HLA-DPA2	all	AMR	247	1	0.0085
HLA-DPA2	all	AMR	337	1	0.0085
HLA-DPA2	all	AMR	371	1	0.0085
HLA-DPA2	all	AMR	402	1	0.0085
HLA-DPA2	all	AMR	451	1	0.0085
HLA-DPA2	all	AMR	499	2	0.0169
HLA-DPA2	all	AMR	758	1	0.0085
HLA-DPA2	all	AMR	998	1	0.0085
HLA-DPA2	all	EAS	1	59	0.7024
HLA-DPA2	all	EAS	2	8	0.0952
HLA-DPA2	all	EAS	3	1	0.0119
HLA-DPA2	all	EAS	8	1	0.0119
HLA-DPA2	all	EAS	10	1	0.0119
HLA-DPA2	all	EAS	28	1	0.0119
HLA-DPA2	all	EAS	32	1	0.0119
HLA-DPA2	all	EAS	42	1	0.0119
HLA-DPA2	all	EAS	48	1	0.0119
HLA-DPA2	all	EAS	107	1	0.0119
HLA-DPA2	all	EAS	117	1	0.0119
HLA-DPA2	all	EAS	126	1	0.0119
HLA-DPA2	all	EAS	149	1	0.0119
HLA-DPA2	all	EAS	157	1	0.0119
HLA-DPA2	all	EAS	213	1	0.0119
HLA-DPA2	all	EAS	248	1	0.0119
HLA-DPA2	all	EAS	263	1	0.0119
HLA-DPA2	all	EAS	362	1	0.0119
HLA-DPA2	all	EAS	899	1	0.0119
HLA-DPA2	all	EUR	1	99	0.7984
HLA-DPA2	all	EUR	2	4	0.0323
HLA-DPA2	all	EUR	3	1	0.0081
HLA-DPA2	all	EUR	4	1	0.0081
HLA-DPA2	all	EUR	5	1	0.0081
HLA-DPA2	all	EUR	6	1	0.0081
HLA-DPA2	all	EUR	8	1	0.0081
HLA-DPA2	all	EUR	31	1	0.0081
HLA-DPA2	all	EUR	37	1	0.0081
HLA-DPA2	all	EUR	66	1	0.0081
HLA-DPA2	all	EUR	104	1	0.0081
HLA-DPA2	all	EUR	119	1	0.0081
HLA-DPA2	all	EUR	122	1	0.0081
HLA-DPA2	all	EUR	126	1	0.0081
HLA-DPA2	all	EUR	208	1	0.0081
HLA-DPA2	all	EUR	257	1	0.0081
HLA-DPA2	all	EUR	404	1	0.0081
HLA-DPA2	all	EUR	450	1	0.0081
HLA-DPA2	all	EUR	463	1	0.0081
HLA-DPA2	all	EUR	471	1	0.0081
HLA-DPA2	all	EUR	859	1	0.0081
HLA-DPA2	all	EUR	879	1	0.0081
HLA-DPA2	all	EUR	1251	1	0.0081
HLA-DPA2	all	MID	1	14	0.4242
HLA-DPA2	all	MID	2	2	0.0606
HLA-DPA2	all	MID	4	1	0.0303
HLA-DPA2	all	MID	5	1	0.0303
HLA-DPA2	all	MID	7	2	0.0606
HLA-DPA2	all	MID	12	1	0.0303
HLA-DPA2	all	MID	21	1	0.0303
HLA-DPA2	all	MID	27	1	0.0303
HLA-DPA2	all	MID	30	1	0.0303
HLA-DPA2	all	MID	42	1	0.0303
HLA-DPA2	all	MID	47	2	0.0606
HLA-DPA2	all	MID	66	1	0.0303
HLA-DPA2	all	MID	85	1	0.0303
HLA-DPA2	all	MID	95	1	0.0303
HLA-DPA2	all	MID	140	1	0.0303
HLA-DPA2	all	MID	147	1	0.0303
HLA-DPA2	all	MID	164	1	0.0303
HLA-DPA2	all	SAS	1	33	0.6346
HLA-DPA2	all	SAS	2	3	0.0577
HLA-DPA2	all	SAS	3	2	0.0385
HLA-DPA2	all	SAS	15	1	0.0192
HLA-DPA2	all	SAS	28	1	0.0192
HLA-DPA2	all	SAS	32	1	0.0192
HLA-DPA2	all	SAS	39	1	0.0192
HLA-DPA2	all	SAS	82	1	0.0192
HLA-DPA2	all	SAS	88	1	0.0192
HLA-DPA2	all	SAS	102	1	0.0192
HLA-DPA2	all	SAS	121	1	0.0192
HLA-DPA2	all	SAS	175	1	0.0192
HLA-DPA2	all	SAS	176	1	0.0192
HLA-DPA2	all	SAS	279	1	0.0192
HLA-DPA2	all	SAS	396	1	0.0192
HLA-DPA2	all	SAS	410	1	0.0192
HLA-DPA2	all	SAS	464	1	0.0192
HLA-DPA2	all	POOLED	1	357	0.8264
HLA-DPA2	all	POOLED	2	33	0.0764
HLA-DPA2	all	POOLED	3	10	0.0231
HLA-DPA2	all	POOLED	4	1	0.0023
HLA-DPA2	all	POOLED	5	3	0.0069
HLA-DPA2	all	POOLED	8	1	0.0023
HLA-DPA2	all	POOLED	10	1	0.0023
HLA-DPA2	all	POOLED	12	1	0.0023
HLA-DPA2	all	POOLED	16	2	0.0046
HLA-DPA2	all	POOLED	17	1	0.0023
HLA-DPA2	all	POOLED	49	1	0.0023
HLA-DPA2	all	POOLED	67	1	0.0023
HLA-DPA2	all	POOLED	85	1	0.0023
HLA-DPA2	all	POOLED	107	1	0.0023
HLA-DPA2	all	POOLED	118	1	0.0023
HLA-DPA2	all	POOLED	126	1	0.0023
HLA-DPA2	all	POOLED	159	1	0.0023
HLA-DPA2	all	POOLED	320	1	0.0023
HLA-DPA2	all	POOLED	369	1	0.0023
HLA-DPA2	all	POOLED	461	1	0.0023
HLA-DPA2	all	POOLED	601	1	0.0023
HLA-DPA2	all	POOLED	695	1	0.0023
HLA-DPA2	all	POOLED	1203	1	0.0023
HLA-DPA2	all	POOLED	1269	1	0.0023
HLA-DPA2	all	POOLED	1330	1	0.0023
HLA-DPA2	all	POOLED	1379	1	0.0023
HLA-DPA2	all	POOLED	1568	1	0.0023
HLA-DPA2	all	POOLED	1910	1	0.0023
HLA-DPA2	all	POOLED	2599	1	0.0023
HLA-DPA2	all	POOLED	2735	1	0.0023
HLA-DPA2	all	POOLED	2999	1	0.0023
HLA-DPA2	all	POOLED	3028	1	0.0023
HLA-DPA2	known	AFR	4	1	0.2
HLA-DPA2	known	AFR	31	1	0.2
HLA-DPA2	known	AFR	138	1	0.2
HLA-DPA2	known	AFR	289	1	0.2
HLA-DPA2	known	AFR	467	1	0.2
HLA-DPA2	known	AMR	1	1	0.2
HLA-DPA2	known	AMR	87	1	0.2
HLA-DPA2	known	AMR	499	1	0.2
HLA-DPA2	known	AMR	758	1	0.2
HLA-DPA2	known	AMR	998	1	0.2
HLA-DPA2	known	EAS	10	1	0.2
HLA-DPA2	known	EAS	107	1	0.2
HLA-DPA2	known	EAS	117	1	0.2
HLA-DPA2	known	EAS	149	1	0.2
HLA-DPA2	known	EAS	362	1	0.2
HLA-DPA2	known	EUR	5	1	0.2
HLA-DPA2	known	EUR	122	1	0.2
HLA-DPA2	known	EUR	471	1	0.2
HLA-DPA2	known	EUR	859	1	0.2
HLA-DPA2	known	EUR	1251	1	0.2
HLA-DPA2	known	MID	42	1	0.25
HLA-DPA2	known	MID	66	1	0.25
HLA-DPA2	known	MID	147	1	0.25
HLA-DPA2	known	MID	164	1	0.25
HLA-DPA2	known	SAS	1	1	0.2
HLA-DPA2	known	SAS	28	1	0.2
HLA-DPA2	known	SAS	121	1	0.2
HLA-DPA2	known	SAS	396	1	0.2
HLA-DPA2	known	SAS	410	1	0.2
HLA-DPA2	known	POOLED	10	1	0.1667
HLA-DPA2	known	POOLED	118	1	0.1667
HLA-DPA2	known	POOLED	320	1	0.1667
HLA-DPA2	known	POOLED	1910	1	0.1667
HLA-DPA2	known	POOLED	2735	1	0.1667
HLA-DPA2	known	POOLED	3028	1	0.1667
HLA-DPA2	novel	AFR	1	117	0.8125
HLA-DPA2	novel	AFR	2	6	0.0417
HLA-DPA2	novel	AFR	3	1	0.0069
HLA-DPA2	novel	AFR	5	1	0.0069
HLA-DPA2	novel	AFR	6	1	0.0069
HLA-DPA2	novel	AFR	9	1	0.0069
HLA-DPA2	novel	AFR	20	1	0.0069
HLA-DPA2	novel	AFR	26	1	0.0069
HLA-DPA2	novel	AFR	33	1	0.0069
HLA-DPA2	novel	AFR	42	1	0.0069
HLA-DPA2	novel	AFR	50	1	0.0069
HLA-DPA2	novel	AFR	52	1	0.0069
HLA-DPA2	novel	AFR	69	1	0.0069
HLA-DPA2	novel	AFR	101	1	0.0069
HLA-DPA2	novel	AFR	200	1	0.0069
HLA-DPA2	novel	AFR	240	1	0.0069
HLA-DPA2	novel	AFR	276	1	0.0069
HLA-DPA2	novel	AFR	327	2	0.0139
HLA-DPA2	novel	AFR	388	1	0.0069
HLA-DPA2	novel	AFR	455	1	0.0069
HLA-DPA2	novel	AFR	488	1	0.0069
HLA-DPA2	novel	AFR	1833	1	0.0069
HLA-DPA2	novel	AMR	1	83	0.7345
HLA-DPA2	novel	AMR	2	9	0.0796
HLA-DPA2	novel	AMR	3	1	0.0088
HLA-DPA2	novel	AMR	9	1	0.0088
HLA-DPA2	novel	AMR	11	1	0.0088
HLA-DPA2	novel	AMR	12	1	0.0088
HLA-DPA2	novel	AMR	15	3	0.0265
HLA-DPA2	novel	AMR	17	1	0.0088
HLA-DPA2	novel	AMR	22	1	0.0088
HLA-DPA2	novel	AMR	41	1	0.0088
HLA-DPA2	novel	AMR	61	1	0.0088
HLA-DPA2	novel	AMR	64	1	0.0088
HLA-DPA2	novel	AMR	90	1	0.0088
HLA-DPA2	novel	AMR	95	1	0.0088
HLA-DPA2	novel	AMR	171	1	0.0088
HLA-DPA2	novel	AMR	247	1	0.0088
HLA-DPA2	novel	AMR	337	1	0.0088
HLA-DPA2	novel	AMR	371	1	0.0088
HLA-DPA2	novel	AMR	402	1	0.0088
HLA-DPA2	novel	AMR	451	1	0.0088
HLA-DPA2	novel	AMR	499	1	0.0088
HLA-DPA2	novel	EAS	1	59	0.7468
HLA-DPA2	novel	EAS	2	8	0.1013
HLA-DPA2	novel	EAS	3	1	0.0127
HLA-DPA2	novel	EAS	8	1	0.0127
HLA-DPA2	novel	EAS	28	1	0.0127
HLA-DPA2	novel	EAS	32	1	0.0127
HLA-DPA2	novel	EAS	42	1	0.0127
HLA-DPA2	novel	EAS	48	1	0.0127
HLA-DPA2	novel	EAS	126	1	0.0127
HLA-DPA2	novel	EAS	157	1	0.0127
HLA-DPA2	novel	EAS	213	1	0.0127
HLA-DPA2	novel	EAS	248	1	0.0127
HLA-DPA2	novel	EAS	263	1	0.0127
HLA-DPA2	novel	EAS	899	1	0.0127
HLA-DPA2	novel	EUR	1	99	0.8319
HLA-DPA2	novel	EUR	2	4	0.0336
HLA-DPA2	novel	EUR	3	1	0.0084
HLA-DPA2	novel	EUR	4	1	0.0084
HLA-DPA2	novel	EUR	6	1	0.0084
HLA-DPA2	novel	EUR	8	1	0.0084
HLA-DPA2	novel	EUR	31	1	0.0084
HLA-DPA2	novel	EUR	37	1	0.0084
HLA-DPA2	novel	EUR	66	1	0.0084
HLA-DPA2	novel	EUR	104	1	0.0084
HLA-DPA2	novel	EUR	119	1	0.0084
HLA-DPA2	novel	EUR	126	1	0.0084
HLA-DPA2	novel	EUR	208	1	0.0084
HLA-DPA2	novel	EUR	257	1	0.0084
HLA-DPA2	novel	EUR	404	1	0.0084
HLA-DPA2	novel	EUR	450	1	0.0084
HLA-DPA2	novel	EUR	463	1	0.0084
HLA-DPA2	novel	EUR	879	1	0.0084
HLA-DPA2	novel	MID	1	14	0.4828
HLA-DPA2	novel	MID	2	2	0.069
HLA-DPA2	novel	MID	4	1	0.0345
HLA-DPA2	novel	MID	5	1	0.0345
HLA-DPA2	novel	MID	7	2	0.069
HLA-DPA2	novel	MID	12	1	0.0345
HLA-DPA2	novel	MID	21	1	0.0345
HLA-DPA2	novel	MID	27	1	0.0345
HLA-DPA2	novel	MID	30	1	0.0345
HLA-DPA2	novel	MID	47	2	0.069
HLA-DPA2	novel	MID	85	1	0.0345
HLA-DPA2	novel	MID	95	1	0.0345
HLA-DPA2	novel	MID	140	1	0.0345
HLA-DPA2	novel	SAS	1	32	0.6809
HLA-DPA2	novel	SAS	2	3	0.0638
HLA-DPA2	novel	SAS	3	2	0.0426
HLA-DPA2	novel	SAS	15	1	0.0213
HLA-DPA2	novel	SAS	32	1	0.0213
HLA-DPA2	novel	SAS	39	1	0.0213
HLA-DPA2	novel	SAS	82	1	0.0213
HLA-DPA2	novel	SAS	88	1	0.0213
HLA-DPA2	novel	SAS	102	1	0.0213
HLA-DPA2	novel	SAS	175	1	0.0213
HLA-DPA2	novel	SAS	176	1	0.0213
HLA-DPA2	novel	SAS	279	1	0.0213
HLA-DPA2	novel	SAS	464	1	0.0213
HLA-DPA2	novel	POOLED	1	357	0.838
HLA-DPA2	novel	POOLED	2	33	0.0775
HLA-DPA2	novel	POOLED	3	10	0.0235
HLA-DPA2	novel	POOLED	4	1	0.0023
HLA-DPA2	novel	POOLED	5	3	0.007
HLA-DPA2	novel	POOLED	8	1	0.0023
HLA-DPA2	novel	POOLED	12	1	0.0023
HLA-DPA2	novel	POOLED	16	2	0.0047
HLA-DPA2	novel	POOLED	17	1	0.0023
HLA-DPA2	novel	POOLED	49	1	0.0023
HLA-DPA2	novel	POOLED	67	1	0.0023
HLA-DPA2	novel	POOLED	85	1	0.0023
HLA-DPA2	novel	POOLED	107	1	0.0023
HLA-DPA2	novel	POOLED	126	1	0.0023
HLA-DPA2	novel	POOLED	159	1	0.0023
HLA-DPA2	novel	POOLED	369	1	0.0023
HLA-DPA2	novel	POOLED	461	1	0.0023
HLA-DPA2	novel	POOLED	601	1	0.0023
HLA-DPA2	novel	POOLED	695	1	0.0023
HLA-DPA2	novel	POOLED	1203	1	0.0023
HLA-DPA2	novel	POOLED	1269	1	0.0023
HLA-DPA2	novel	POOLED	1330	1	0.0023
HLA-DPA2	novel	POOLED	1379	1	0.0023
HLA-DPA2	novel	POOLED	1568	1	0.0023
HLA-DPA2	novel	POOLED	2599	1	0.0023
HLA-DPA2	novel	POOLED	2999	1	0.0023
HLA-DPB1	all	AFR	1	226	0.5995
HLA-DPB1	all	AFR	2	30	0.0796
HLA-DPB1	all	AFR	3	15	0.0398
HLA-DPB1	all	AFR	4	6	0.0159
HLA-DPB1	all	AFR	5	7	0.0186
HLA-DPB1	all	AFR	6	7	0.0186
HLA-DPB1	all	AFR	7	4	0.0106
HLA-DPB1	all	AFR	8	1	0.0027
HLA-DPB1	all	AFR	9	3	0.008
HLA-DPB1	all	AFR	10	3	0.008
HLA-DPB1	all	AFR	11	1	0.0027
HLA-DPB1	all	AFR	12	2	0.0053
HLA-DPB1	all	AFR	13	4	0.0106
HLA-DPB1	all	AFR	14	3	0.008
HLA-DPB1	all	AFR	15	2	0.0053
HLA-DPB1	all	AFR	16	4	0.0106
HLA-DPB1	all	AFR	17	3	0.008
HLA-DPB1	all	AFR	20	1	0.0027
HLA-DPB1	all	AFR	21	2	0.0053
HLA-DPB1	all	AFR	22	3	0.008
HLA-DPB1	all	AFR	23	2	0.0053
HLA-DPB1	all	AFR	24	1	0.0027
HLA-DPB1	all	AFR	25	3	0.008
HLA-DPB1	all	AFR	27	1	0.0027
HLA-DPB1	all	AFR	29	2	0.0053
HLA-DPB1	all	AFR	30	1	0.0027
HLA-DPB1	all	AFR	31	1	0.0027
HLA-DPB1	all	AFR	32	1	0.0027
HLA-DPB1	all	AFR	33	1	0.0027
HLA-DPB1	all	AFR	35	1	0.0027
HLA-DPB1	all	AFR	36	1	0.0027
HLA-DPB1	all	AFR	39	1	0.0027
HLA-DPB1	all	AFR	43	1	0.0027
HLA-DPB1	all	AFR	44	1	0.0027
HLA-DPB1	all	AFR	47	1	0.0027
HLA-DPB1	all	AFR	50	1	0.0027
HLA-DPB1	all	AFR	51	1	0.0027
HLA-DPB1	all	AFR	52	1	0.0027
HLA-DPB1	all	AFR	54	1	0.0027
HLA-DPB1	all	AFR	57	2	0.0053
HLA-DPB1	all	AFR	61	2	0.0053
HLA-DPB1	all	AFR	74	1	0.0027
HLA-DPB1	all	AFR	79	1	0.0027
HLA-DPB1	all	AFR	82	1	0.0027
HLA-DPB1	all	AFR	88	1	0.0027
HLA-DPB1	all	AFR	94	1	0.0027
HLA-DPB1	all	AFR	98	1	0.0027
HLA-DPB1	all	AFR	103	1	0.0027
HLA-DPB1	all	AFR	118	1	0.0027
HLA-DPB1	all	AFR	120	1	0.0027
HLA-DPB1	all	AFR	126	1	0.0027
HLA-DPB1	all	AFR	139	2	0.0053
HLA-DPB1	all	AFR	147	1	0.0027
HLA-DPB1	all	AFR	149	1	0.0027
HLA-DPB1	all	AFR	154	1	0.0027
HLA-DPB1	all	AFR	158	1	0.0027
HLA-DPB1	all	AFR	159	1	0.0027
HLA-DPB1	all	AFR	178	1	0.0027
HLA-DPB1	all	AFR	276	1	0.0027
HLA-DPB1	all	AFR	279	1	0.0027
HLA-DPB1	all	AFR	293	1	0.0027
HLA-DPB1	all	AFR	373	1	0.0027
HLA-DPB1	all	AFR	647	1	0.0027
HLA-DPB1	all	AMR	1	182	0.5141
HLA-DPB1	all	AMR	2	34	0.096
HLA-DPB1	all	AMR	3	16	0.0452
HLA-DPB1	all	AMR	4	24	0.0678
HLA-DPB1	all	AMR	5	6	0.0169
HLA-DPB1	all	AMR	6	7	0.0198
HLA-DPB1	all	AMR	7	8	0.0226
HLA-DPB1	all	AMR	8	3	0.0085
HLA-DPB1	all	AMR	9	3	0.0085
HLA-DPB1	all	AMR	10	3	0.0085
HLA-DPB1	all	AMR	11	3	0.0085
HLA-DPB1	all	AMR	12	6	0.0169
HLA-DPB1	all	AMR	13	4	0.0113
HLA-DPB1	all	AMR	14	3	0.0085
HLA-DPB1	all	AMR	16	2	0.0056
HLA-DPB1	all	AMR	17	2	0.0056
HLA-DPB1	all	AMR	18	1	0.0028
HLA-DPB1	all	AMR	19	1	0.0028
HLA-DPB1	all	AMR	20	3	0.0085
HLA-DPB1	all	AMR	21	3	0.0085
HLA-DPB1	all	AMR	22	1	0.0028
HLA-DPB1	all	AMR	23	3	0.0085
HLA-DPB1	all	AMR	24	1	0.0028
HLA-DPB1	all	AMR	25	1	0.0028
HLA-DPB1	all	AMR	26	1	0.0028
HLA-DPB1	all	AMR	28	1	0.0028
HLA-DPB1	all	AMR	29	1	0.0028
HLA-DPB1	all	AMR	30	1	0.0028
HLA-DPB1	all	AMR	31	1	0.0028
HLA-DPB1	all	AMR	32	2	0.0056
HLA-DPB1	all	AMR	33	1	0.0028
HLA-DPB1	all	AMR	35	1	0.0028
HLA-DPB1	all	AMR	40	1	0.0028
HLA-DPB1	all	AMR	48	2	0.0056
HLA-DPB1	all	AMR	52	1	0.0028
HLA-DPB1	all	AMR	61	2	0.0056
HLA-DPB1	all	AMR	62	1	0.0028
HLA-DPB1	all	AMR	80	2	0.0056
HLA-DPB1	all	AMR	84	1	0.0028
HLA-DPB1	all	AMR	87	1	0.0028
HLA-DPB1	all	AMR	89	1	0.0028
HLA-DPB1	all	AMR	90	1	0.0028
HLA-DPB1	all	AMR	99	1	0.0028
HLA-DPB1	all	AMR	100	1	0.0028
HLA-DPB1	all	AMR	116	1	0.0028
HLA-DPB1	all	AMR	121	2	0.0056
HLA-DPB1	all	AMR	125	1	0.0028
HLA-DPB1	all	AMR	129	1	0.0028
HLA-DPB1	all	AMR	154	1	0.0028
HLA-DPB1	all	AMR	188	1	0.0028
HLA-DPB1	all	AMR	207	1	0.0028
HLA-DPB1	all	AMR	683	1	0.0028
HLA-DPB1	all	AMR	1017	1	0.0028
HLA-DPB1	all	EAS	1	113	0.516
HLA-DPB1	all	EAS	2	22	0.1005
HLA-DPB1	all	EAS	3	10	0.0457
HLA-DPB1	all	EAS	4	7	0.032
HLA-DPB1	all	EAS	5	9	0.0411
HLA-DPB1	all	EAS	6	3	0.0137
HLA-DPB1	all	EAS	7	5	0.0228
HLA-DPB1	all	EAS	8	4	0.0183
HLA-DPB1	all	EAS	9	2	0.0091
HLA-DPB1	all	EAS	10	2	0.0091
HLA-DPB1	all	EAS	13	1	0.0046
HLA-DPB1	all	EAS	14	1	0.0046
HLA-DPB1	all	EAS	15	2	0.0091
HLA-DPB1	all	EAS	16	2	0.0091
HLA-DPB1	all	EAS	20	2	0.0091
HLA-DPB1	all	EAS	21	3	0.0137
HLA-DPB1	all	EAS	22	1	0.0046
HLA-DPB1	all	EAS	24	1	0.0046
HLA-DPB1	all	EAS	27	1	0.0046
HLA-DPB1	all	EAS	29	1	0.0046
HLA-DPB1	all	EAS	30	1	0.0046
HLA-DPB1	all	EAS	32	1	0.0046
HLA-DPB1	all	EAS	33	1	0.0046
HLA-DPB1	all	EAS	34	1	0.0046
HLA-DPB1	all	EAS	39	1	0.0046
HLA-DPB1	all	EAS	40	1	0.0046
HLA-DPB1	all	EAS	42	1	0.0046
HLA-DPB1	all	EAS	43	2	0.0091
HLA-DPB1	all	EAS	44	2	0.0091
HLA-DPB1	all	EAS	45	1	0.0046
HLA-DPB1	all	EAS	49	1	0.0046
HLA-DPB1	all	EAS	50	1	0.0046
HLA-DPB1	all	EAS	56	1	0.0046
HLA-DPB1	all	EAS	71	1	0.0046
HLA-DPB1	all	EAS	74	2	0.0091
HLA-DPB1	all	EAS	77	2	0.0091
HLA-DPB1	all	EAS	92	1	0.0046
HLA-DPB1	all	EAS	93	1	0.0046
HLA-DPB1	all	EAS	112	1	0.0046
HLA-DPB1	all	EAS	132	1	0.0046
HLA-DPB1	all	EAS	135	1	0.0046
HLA-DPB1	all	EAS	192	1	0.0046
HLA-DPB1	all	EAS	473	1	0.0046
HLA-DPB1	all	EUR	1	197	0.5534
HLA-DPB1	all	EUR	2	45	0.1264
HLA-DPB1	all	EUR	3	17	0.0478
HLA-DPB1	all	EUR	4	13	0.0365
HLA-DPB1	all	EUR	5	3	0.0084
HLA-DPB1	all	EUR	6	6	0.0169
HLA-DPB1	all	EUR	7	2	0.0056
HLA-DPB1	all	EUR	8	4	0.0112
HLA-DPB1	all	EUR	9	3	0.0084
HLA-DPB1	all	EUR	10	4	0.0112
HLA-DPB1	all	EUR	11	1	0.0028
HLA-DPB1	all	EUR	12	1	0.0028
HLA-DPB1	all	EUR	13	4	0.0112
HLA-DPB1	all	EUR	14	6	0.0169
HLA-DPB1	all	EUR	15	1	0.0028
HLA-DPB1	all	EUR	16	1	0.0028
HLA-DPB1	all	EUR	17	3	0.0084
HLA-DPB1	all	EUR	18	3	0.0084
HLA-DPB1	all	EUR	20	1	0.0028
HLA-DPB1	all	EUR	21	1	0.0028
HLA-DPB1	all	EUR	24	1	0.0028
HLA-DPB1	all	EUR	26	1	0.0028
HLA-DPB1	all	EUR	27	2	0.0056
HLA-DPB1	all	EUR	28	1	0.0028
HLA-DPB1	all	EUR	29	1	0.0028
HLA-DPB1	all	EUR	30	2	0.0056
HLA-DPB1	all	EUR	32	2	0.0056
HLA-DPB1	all	EUR	34	2	0.0056
HLA-DPB1	all	EUR	47	1	0.0028
HLA-DPB1	all	EUR	49	1	0.0028
HLA-DPB1	all	EUR	55	1	0.0028
HLA-DPB1	all	EUR	61	2	0.0056
HLA-DPB1	all	EUR	63	1	0.0028
HLA-DPB1	all	EUR	72	1	0.0028
HLA-DPB1	all	EUR	74	2	0.0056
HLA-DPB1	all	EUR	80	1	0.0028
HLA-DPB1	all	EUR	82	1	0.0028
HLA-DPB1	all	EUR	83	1	0.0028
HLA-DPB1	all	EUR	85	1	0.0028
HLA-DPB1	all	EUR	89	1	0.0028
HLA-DPB1	all	EUR	106	1	0.0028
HLA-DPB1	all	EUR	116	1	0.0028
HLA-DPB1	all	EUR	122	1	0.0028
HLA-DPB1	all	EUR	139	1	0.0028
HLA-DPB1	all	EUR	141	1	0.0028
HLA-DPB1	all	EUR	164	1	0.0028
HLA-DPB1	all	EUR	165	1	0.0028
HLA-DPB1	all	EUR	218	1	0.0028
HLA-DPB1	all	EUR	264	1	0.0028
HLA-DPB1	all	EUR	269	1	0.0028
HLA-DPB1	all	EUR	277	1	0.0028
HLA-DPB1	all	EUR	291	1	0.0028
HLA-DPB1	all	EUR	392	1	0.0028
HLA-DPB1	all	EUR	1073	1	0.0028
HLA-DPB1	all	MID	1	68	0.4928
HLA-DPB1	all	MID	2	15	0.1087
HLA-DPB1	all	MID	3	11	0.0797
HLA-DPB1	all	MID	4	5	0.0362
HLA-DPB1	all	MID	5	6	0.0435
HLA-DPB1	all	MID	6	5	0.0362
HLA-DPB1	all	MID	7	1	0.0072
HLA-DPB1	all	MID	8	2	0.0145
HLA-DPB1	all	MID	9	4	0.029
HLA-DPB1	all	MID	10	2	0.0145
HLA-DPB1	all	MID	11	1	0.0072
HLA-DPB1	all	MID	12	1	0.0072
HLA-DPB1	all	MID	15	1	0.0072
HLA-DPB1	all	MID	16	1	0.0072
HLA-DPB1	all	MID	18	1	0.0072
HLA-DPB1	all	MID	22	2	0.0145
HLA-DPB1	all	MID	23	1	0.0072
HLA-DPB1	all	MID	24	1	0.0072
HLA-DPB1	all	MID	28	1	0.0072
HLA-DPB1	all	MID	31	1	0.0072
HLA-DPB1	all	MID	33	1	0.0072
HLA-DPB1	all	MID	34	1	0.0072
HLA-DPB1	all	MID	40	1	0.0072
HLA-DPB1	all	MID	47	1	0.0072
HLA-DPB1	all	MID	49	1	0.0072
HLA-DPB1	all	MID	63	2	0.0145
HLA-DPB1	all	MID	122	1	0.0072
HLA-DPB1	all	SAS	1	88	0.5
HLA-DPB1	all	SAS	2	10	0.0568
HLA-DPB1	all	SAS	3	14	0.0795
HLA-DPB1	all	SAS	4	6	0.0341
HLA-DPB1	all	SAS	5	6	0.0341
HLA-DPB1	all	SAS	6	3	0.017
HLA-DPB1	all	SAS	7	4	0.0227
HLA-DPB1	all	SAS	8	1	0.0057
HLA-DPB1	all	SAS	9	1	0.0057
HLA-DPB1	all	SAS	10	5	0.0284
HLA-DPB1	all	SAS	11	5	0.0284
HLA-DPB1	all	SAS	12	1	0.0057
HLA-DPB1	all	SAS	13	3	0.017
HLA-DPB1	all	SAS	15	1	0.0057
HLA-DPB1	all	SAS	16	1	0.0057
HLA-DPB1	all	SAS	17	3	0.017
HLA-DPB1	all	SAS	19	1	0.0057
HLA-DPB1	all	SAS	22	1	0.0057
HLA-DPB1	all	SAS	26	2	0.0114
HLA-DPB1	all	SAS	30	1	0.0057
HLA-DPB1	all	SAS	33	1	0.0057
HLA-DPB1	all	SAS	34	1	0.0057
HLA-DPB1	all	SAS	39	1	0.0057
HLA-DPB1	all	SAS	41	1	0.0057
HLA-DPB1	all	SAS	46	1	0.0057
HLA-DPB1	all	SAS	47	1	0.0057
HLA-DPB1	all	SAS	48	1	0.0057
HLA-DPB1	all	SAS	50	1	0.0057
HLA-DPB1	all	SAS	54	1	0.0057
HLA-DPB1	all	SAS	56	1	0.0057
HLA-DPB1	all	SAS	73	1	0.0057
HLA-DPB1	all	SAS	81	1	0.0057
HLA-DPB1	all	SAS	94	1	0.0057
HLA-DPB1	all	SAS	98	1	0.0057
HLA-DPB1	all	SAS	110	1	0.0057
HLA-DPB1	all	SAS	139	1	0.0057
HLA-DPB1	all	SAS	140	1	0.0057
HLA-DPB1	all	SAS	218	1	0.0057
HLA-DPB1	all	SAS	421	1	0.0057
HLA-DPB1	all	POOLED	1	586	0.6221
HLA-DPB1	all	POOLED	2	69	0.0732
HLA-DPB1	all	POOLED	3	39	0.0414
HLA-DPB1	all	POOLED	4	20	0.0212
HLA-DPB1	all	POOLED	5	17	0.018
HLA-DPB1	all	POOLED	6	16	0.017
HLA-DPB1	all	POOLED	7	9	0.0096
HLA-DPB1	all	POOLED	8	8	0.0085
HLA-DPB1	all	POOLED	9	11	0.0117
HLA-DPB1	all	POOLED	10	8	0.0085
HLA-DPB1	all	POOLED	11	5	0.0053
HLA-DPB1	all	POOLED	12	6	0.0064
HLA-DPB1	all	POOLED	13	4	0.0042
HLA-DPB1	all	POOLED	14	5	0.0053
HLA-DPB1	all	POOLED	15	5	0.0053
HLA-DPB1	all	POOLED	16	4	0.0042
HLA-DPB1	all	POOLED	17	5	0.0053
HLA-DPB1	all	POOLED	18	2	0.0021
HLA-DPB1	all	POOLED	19	3	0.0032
HLA-DPB1	all	POOLED	20	7	0.0074
HLA-DPB1	all	POOLED	21	3	0.0032
HLA-DPB1	all	POOLED	22	2	0.0021
HLA-DPB1	all	POOLED	23	3	0.0032
HLA-DPB1	all	POOLED	25	1	0.0011
HLA-DPB1	all	POOLED	26	1	0.0011
HLA-DPB1	all	POOLED	27	2	0.0021
HLA-DPB1	all	POOLED	28	2	0.0021
HLA-DPB1	all	POOLED	29	1	0.0011
HLA-DPB1	all	POOLED	31	1	0.0011
HLA-DPB1	all	POOLED	32	1	0.0011
HLA-DPB1	all	POOLED	33	1	0.0011
HLA-DPB1	all	POOLED	34	1	0.0011
HLA-DPB1	all	POOLED	35	1	0.0011
HLA-DPB1	all	POOLED	36	1	0.0011
HLA-DPB1	all	POOLED	37	3	0.0032
HLA-DPB1	all	POOLED	38	1	0.0011
HLA-DPB1	all	POOLED	39	1	0.0011
HLA-DPB1	all	POOLED	40	2	0.0021
HLA-DPB1	all	POOLED	42	1	0.0011
HLA-DPB1	all	POOLED	43	1	0.0011
HLA-DPB1	all	POOLED	45	3	0.0032
HLA-DPB1	all	POOLED	46	2	0.0021
HLA-DPB1	all	POOLED	47	1	0.0011
HLA-DPB1	all	POOLED	48	1	0.0011
HLA-DPB1	all	POOLED	49	1	0.0011
HLA-DPB1	all	POOLED	50	1	0.0011
HLA-DPB1	all	POOLED	51	1	0.0011
HLA-DPB1	all	POOLED	52	1	0.0011
HLA-DPB1	all	POOLED	54	1	0.0011
HLA-DPB1	all	POOLED	55	2	0.0021
HLA-DPB1	all	POOLED	57	1	0.0011
HLA-DPB1	all	POOLED	58	3	0.0032
HLA-DPB1	all	POOLED	59	3	0.0032
HLA-DPB1	all	POOLED	62	1	0.0011
HLA-DPB1	all	POOLED	63	2	0.0021
HLA-DPB1	all	POOLED	66	1	0.0011
HLA-DPB1	all	POOLED	67	2	0.0021
HLA-DPB1	all	POOLED	68	1	0.0011
HLA-DPB1	all	POOLED	69	1	0.0011
HLA-DPB1	all	POOLED	71	2	0.0021
HLA-DPB1	all	POOLED	74	1	0.0011
HLA-DPB1	all	POOLED	76	1	0.0011
HLA-DPB1	all	POOLED	79	1	0.0011
HLA-DPB1	all	POOLED	84	1	0.0011
HLA-DPB1	all	POOLED	90	1	0.0011
HLA-DPB1	all	POOLED	99	1	0.0011
HLA-DPB1	all	POOLED	100	1	0.0011
HLA-DPB1	all	POOLED	104	1	0.0011
HLA-DPB1	all	POOLED	114	1	0.0011
HLA-DPB1	all	POOLED	115	1	0.0011
HLA-DPB1	all	POOLED	121	1	0.0011
HLA-DPB1	all	POOLED	122	1	0.0011
HLA-DPB1	all	POOLED	127	1	0.0011
HLA-DPB1	all	POOLED	138	1	0.0011
HLA-DPB1	all	POOLED	146	1	0.0011
HLA-DPB1	all	POOLED	147	3	0.0032
HLA-DPB1	all	POOLED	148	1	0.0011
HLA-DPB1	all	POOLED	164	1	0.0011
HLA-DPB1	all	POOLED	169	1	0.0011
HLA-DPB1	all	POOLED	183	1	0.0011
HLA-DPB1	all	POOLED	184	1	0.0011
HLA-DPB1	all	POOLED	187	1	0.0011
HLA-DPB1	all	POOLED	200	1	0.0011
HLA-DPB1	all	POOLED	208	1	0.0011
HLA-DPB1	all	POOLED	209	1	0.0011
HLA-DPB1	all	POOLED	218	1	0.0011
HLA-DPB1	all	POOLED	244	1	0.0011
HLA-DPB1	all	POOLED	246	1	0.0011
HLA-DPB1	all	POOLED	257	1	0.0011
HLA-DPB1	all	POOLED	265	1	0.0011
HLA-DPB1	all	POOLED	287	1	0.0011
HLA-DPB1	all	POOLED	289	1	0.0011
HLA-DPB1	all	POOLED	319	1	0.0011
HLA-DPB1	all	POOLED	329	1	0.0011
HLA-DPB1	all	POOLED	341	1	0.0011
HLA-DPB1	all	POOLED	343	1	0.0011
HLA-DPB1	all	POOLED	362	1	0.0011
HLA-DPB1	all	POOLED	455	1	0.0011
HLA-DPB1	all	POOLED	484	1	0.0011
HLA-DPB1	all	POOLED	495	1	0.0011
HLA-DPB1	all	POOLED	631	1	0.0011
HLA-DPB1	all	POOLED	645	1	0.0011
HLA-DPB1	all	POOLED	649	1	0.0011
HLA-DPB1	all	POOLED	666	1	0.0011
HLA-DPB1	all	POOLED	745	1	0.0011
HLA-DPB1	all	POOLED	787	1	0.0011
HLA-DPB1	all	POOLED	802	1	0.0011
HLA-DPB1	all	POOLED	926	1	0.0011
HLA-DPB1	all	POOLED	1787	1	0.0011
HLA-DPB1	all	POOLED	2694	1	0.0011
HLA-DPB1	known	AFR	1	46	0.3108
HLA-DPB1	known	AFR	2	12	0.0811
HLA-DPB1	known	AFR	3	10	0.0676
HLA-DPB1	known	AFR	4	5	0.0338
HLA-DPB1	known	AFR	5	6	0.0405
HLA-DPB1	known	AFR	6	5	0.0338
HLA-DPB1	known	AFR	7	1	0.0068
HLA-DPB1	known	AFR	8	1	0.0068
HLA-DPB1	known	AFR	9	2	0.0135
HLA-DPB1	known	AFR	10	3	0.0203
HLA-DPB1	known	AFR	11	1	0.0068
HLA-DPB1	known	AFR	12	2	0.0135
HLA-DPB1	known	AFR	13	3	0.0203
HLA-DPB1	known	AFR	14	3	0.0203
HLA-DPB1	known	AFR	15	2	0.0135
HLA-DPB1	known	AFR	16	3	0.0203
HLA-DPB1	known	AFR	17	3	0.0203
HLA-DPB1	known	AFR	20	1	0.0068
HLA-DPB1	known	AFR	21	1	0.0068
HLA-DPB1	known	AFR	22	2	0.0135
HLA-DPB1	known	AFR	23	1	0.0068
HLA-DPB1	known	AFR	24	1	0.0068
HLA-DPB1	known	AFR	25	2	0.0135
HLA-DPB1	known	AFR	29	1	0.0068
HLA-DPB1	known	AFR	30	1	0.0068
HLA-DPB1	known	AFR	31	1	0.0068
HLA-DPB1	known	AFR	32	1	0.0068
HLA-DPB1	known	AFR	33	1	0.0068
HLA-DPB1	known	AFR	39	1	0.0068
HLA-DPB1	known	AFR	43	1	0.0068
HLA-DPB1	known	AFR	44	1	0.0068
HLA-DPB1	known	AFR	47	1	0.0068
HLA-DPB1	known	AFR	50	1	0.0068
HLA-DPB1	known	AFR	51	1	0.0068
HLA-DPB1	known	AFR	52	1	0.0068
HLA-DPB1	known	AFR	54	1	0.0068
HLA-DPB1	known	AFR	57	2	0.0135
HLA-DPB1	known	AFR	74	1	0.0068
HLA-DPB1	known	AFR	88	1	0.0068
HLA-DPB1	known	AFR	94	1	0.0068
HLA-DPB1	known	AFR	98	1	0.0068
HLA-DPB1	known	AFR	103	1	0.0068
HLA-DPB1	known	AFR	118	1	0.0068
HLA-DPB1	known	AFR	120	1	0.0068
HLA-DPB1	known	AFR	126	1	0.0068
HLA-DPB1	known	AFR	139	1	0.0068
HLA-DPB1	known	AFR	147	1	0.0068
HLA-DPB1	known	AFR	149	1	0.0068
HLA-DPB1	known	AFR	158	1	0.0068
HLA-DPB1	known	AFR	159	1	0.0068
HLA-DPB1	known	AFR	178	1	0.0068
HLA-DPB1	known	AFR	279	1	0.0068
HLA-DPB1	known	AFR	373	1	0.0068
HLA-DPB1	known	AFR	647	1	0.0068
HLA-DPB1	known	AMR	1	44	0.2635
HLA-DPB1	known	AMR	2	16	0.0958
HLA-DPB1	known	AMR	3	14	0.0838
HLA-DPB1	known	AMR	4	18	0.1078
HLA-DPB1	known	AMR	5	5	0.0299
HLA-DPB1	known	AMR	6	5	0.0299
HLA-DPB1	known	AMR	7	5	0.0299
HLA-DPB1	known	AMR	8	3	0.018
HLA-DPB1	known	AMR	9	2	0.012
HLA-DPB1	known	AMR	10	3	0.018
HLA-DPB1	known	AMR	11	3	0.018
HLA-DPB1	known	AMR	12	3	0.018
HLA-DPB1	known	AMR	13	4	0.024
HLA-DPB1	known	AMR	14	3	0.018
HLA-DPB1	known	AMR	16	1	0.006
HLA-DPB1	known	AMR	17	1	0.006
HLA-DPB1	known	AMR	18	1	0.006
HLA-DPB1	known	AMR	19	1	0.006
HLA-DPB1	known	AMR	20	2	0.012
HLA-DPB1	known	AMR	21	1	0.006
HLA-DPB1	known	AMR	22	1	0.006
HLA-DPB1	known	AMR	23	3	0.018
HLA-DPB1	known	AMR	24	1	0.006
HLA-DPB1	known	AMR	25	1	0.006
HLA-DPB1	known	AMR	26	1	0.006
HLA-DPB1	known	AMR	28	1	0.006
HLA-DPB1	known	AMR	30	1	0.006
HLA-DPB1	known	AMR	31	1	0.006
HLA-DPB1	known	AMR	32	2	0.012
HLA-DPB1	known	AMR	40	1	0.006
HLA-DPB1	known	AMR	48	2	0.012
HLA-DPB1	known	AMR	52	1	0.006
HLA-DPB1	known	AMR	62	1	0.006
HLA-DPB1	known	AMR	80	2	0.012
HLA-DPB1	known	AMR	84	1	0.006
HLA-DPB1	known	AMR	87	1	0.006
HLA-DPB1	known	AMR	90	1	0.006
HLA-DPB1	known	AMR	99	1	0.006
HLA-DPB1	known	AMR	116	1	0.006
HLA-DPB1	known	AMR	121	2	0.012
HLA-DPB1	known	AMR	125	1	0.006
HLA-DPB1	known	AMR	129	1	0.006
HLA-DPB1	known	AMR	154	1	0.006
HLA-DPB1	known	AMR	207	1	0.006
HLA-DPB1	known	AMR	683	1	0.006
HLA-DPB1	known	AMR	1017	1	0.006
HLA-DPB1	known	EAS	1	32	0.2832
HLA-DPB1	known	EAS	2	18	0.1593
HLA-DPB1	known	EAS	3	7	0.0619
HLA-DPB1	known	EAS	4	6	0.0531
HLA-DPB1	known	EAS	5	4	0.0354
HLA-DPB1	known	EAS	6	3	0.0265
HLA-DPB1	known	EAS	7	4	0.0354
HLA-DPB1	known	EAS	8	4	0.0354
HLA-DPB1	known	EAS	9	2	0.0177
HLA-DPB1	known	EAS	10	2	0.0177
HLA-DPB1	known	EAS	13	1	0.0088
HLA-DPB1	known	EAS	14	1	0.0088
HLA-DPB1	known	EAS	15	2	0.0177
HLA-DPB1	known	EAS	16	2	0.0177
HLA-DPB1	known	EAS	20	1	0.0088
HLA-DPB1	known	EAS	21	1	0.0088
HLA-DPB1	known	EAS	22	1	0.0088
HLA-DPB1	known	EAS	24	1	0.0088
HLA-DPB1	known	EAS	29	1	0.0088
HLA-DPB1	known	EAS	30	1	0.0088
HLA-DPB1	known	EAS	32	1	0.0088
HLA-DPB1	known	EAS	33	1	0.0088
HLA-DPB1	known	EAS	34	1	0.0088
HLA-DPB1	known	EAS	40	1	0.0088
HLA-DPB1	known	EAS	42	1	0.0088
HLA-DPB1	known	EAS	43	1	0.0088
HLA-DPB1	known	EAS	44	2	0.0177
HLA-DPB1	known	EAS	45	1	0.0088
HLA-DPB1	known	EAS	49	1	0.0088
HLA-DPB1	known	EAS	50	1	0.0088
HLA-DPB1	known	EAS	71	1	0.0088
HLA-DPB1	known	EAS	74	1	0.0088
HLA-DPB1	known	EAS	77	1	0.0088
HLA-DPB1	known	EAS	92	1	0.0088
HLA-DPB1	known	EAS	93	1	0.0088
HLA-DPB1	known	EAS	112	1	0.0088
HLA-DPB1	known	EAS	135	1	0.0088
HLA-DPB1	known	EAS	473	1	0.0088
HLA-DPB1	known	EUR	1	54	0.3034
HLA-DPB1	known	EUR	2	31	0.1742
HLA-DPB1	known	EUR	3	13	0.073
HLA-DPB1	known	EUR	4	11	0.0618
HLA-DPB1	known	EUR	5	2	0.0112
HLA-DPB1	known	EUR	6	6	0.0337
HLA-DPB1	known	EUR	7	2	0.0112
HLA-DPB1	known	EUR	8	3	0.0169
HLA-DPB1	known	EUR	9	1	0.0056
HLA-DPB1	known	EUR	10	4	0.0225
HLA-DPB1	known	EUR	11	1	0.0056
HLA-DPB1	known	EUR	12	1	0.0056
HLA-DPB1	known	EUR	13	2	0.0112
HLA-DPB1	known	EUR	14	5	0.0281
HLA-DPB1	known	EUR	15	1	0.0056
HLA-DPB1	known	EUR	17	1	0.0056
HLA-DPB1	known	EUR	18	3	0.0169
HLA-DPB1	known	EUR	20	1	0.0056
HLA-DPB1	known	EUR	21	1	0.0056
HLA-DPB1	known	EUR	24	1	0.0056
HLA-DPB1	known	EUR	26	1	0.0056
HLA-DPB1	known	EUR	27	2	0.0112
HLA-DPB1	known	EUR	28	1	0.0056
HLA-DPB1	known	EUR	29	1	0.0056
HLA-DPB1	known	EUR	30	2	0.0112
HLA-DPB1	known	EUR	32	1	0.0056
HLA-DPB1	known	EUR	34	1	0.0056
HLA-DPB1	known	EUR	47	1	0.0056
HLA-DPB1	known	EUR	49	1	0.0056
HLA-DPB1	known	EUR	55	1	0.0056
HLA-DPB1	known	EUR	61	1	0.0056
HLA-DPB1	known	EUR	63	1	0.0056
HLA-DPB1	known	EUR	72	1	0.0056
HLA-DPB1	known	EUR	74	2	0.0112
HLA-DPB1	known	EUR	80	1	0.0056
HLA-DPB1	known	EUR	82	1	0.0056
HLA-DPB1	known	EUR	83	1	0.0056
HLA-DPB1	known	EUR	85	1	0.0056
HLA-DPB1	known	EUR	89	1	0.0056
HLA-DPB1	known	EUR	106	1	0.0056
HLA-DPB1	known	EUR	116	1	0.0056
HLA-DPB1	known	EUR	122	1	0.0056
HLA-DPB1	known	EUR	141	1	0.0056
HLA-DPB1	known	EUR	164	1	0.0056
HLA-DPB1	known	EUR	165	1	0.0056
HLA-DPB1	known	EUR	218	1	0.0056
HLA-DPB1	known	EUR	269	1	0.0056
HLA-DPB1	known	EUR	277	1	0.0056
HLA-DPB1	known	EUR	291	1	0.0056
HLA-DPB1	known	EUR	392	1	0.0056
HLA-DPB1	known	EUR	1073	1	0.0056
HLA-DPB1	known	MID	1	31	0.3647
HLA-DPB1	known	MID	2	9	0.1059
HLA-DPB1	known	MID	3	10	0.1176
HLA-DPB1	known	MID	4	3	0.0353
HLA-DPB1	known	MID	5	5	0.0588
HLA-DPB1	known	MID	6	5	0.0588
HLA-DPB1	known	MID	7	1	0.0118
HLA-DPB1	known	MID	8	1	0.0118
HLA-DPB1	known	MID	9	2	0.0235
HLA-DPB1	known	MID	10	2	0.0235
HLA-DPB1	known	MID	11	1	0.0118
HLA-DPB1	known	MID	12	1	0.0118
HLA-DPB1	known	MID	15	1	0.0118
HLA-DPB1	known	MID	18	1	0.0118
HLA-DPB1	known	MID	22	2	0.0235
HLA-DPB1	known	MID	23	1	0.0118
HLA-DPB1	known	MID	24	1	0.0118
HLA-DPB1	known	MID	28	1	0.0118
HLA-DPB1	known	MID	31	1	0.0118
HLA-DPB1	known	MID	33	1	0.0118
HLA-DPB1	known	MID	34	1	0.0118
HLA-DPB1	known	MID	47	1	0.0118
HLA-DPB1	known	MID	49	1	0.0118
HLA-DPB1	known	MID	63	1	0.0118
HLA-DPB1	known	MID	122	1	0.0118
HLA-DPB1	known	SAS	1	30	0.3125
HLA-DPB1	known	SAS	2	5	0.0521
HLA-DPB1	known	SAS	3	11	0.1146
HLA-DPB1	known	SAS	4	4	0.0417
HLA-DPB1	known	SAS	5	3	0.0312
HLA-DPB1	known	SAS	6	3	0.0312
HLA-DPB1	known	SAS	7	4	0.0417
HLA-DPB1	known	SAS	8	1	0.0104
HLA-DPB1	known	SAS	9	1	0.0104
HLA-DPB1	known	SAS	10	4	0.0417
HLA-DPB1	known	SAS	11	2	0.0208
HLA-DPB1	known	SAS	12	1	0.0104
HLA-DPB1	known	SAS	13	3	0.0312
HLA-DPB1	known	SAS	15	1	0.0104
HLA-DPB1	known	SAS	16	1	0.0104
HLA-DPB1	known	SAS	17	3	0.0312
HLA-DPB1	known	SAS	19	1	0.0104
HLA-DPB1	known	SAS	22	1	0.0104
HLA-DPB1	known	SAS	26	2	0.0208
HLA-DPB1	known	SAS	33	1	0.0104
HLA-DPB1	known	SAS	39	1	0.0104
HLA-DPB1	known	SAS	46	1	0.0104
HLA-DPB1	known	SAS	47	1	0.0104
HLA-DPB1	known	SAS	48	1	0.0104
HLA-DPB1	known	SAS	50	1	0.0104
HLA-DPB1	known	SAS	54	1	0.0104
HLA-DPB1	known	SAS	56	1	0.0104
HLA-DPB1	known	SAS	73	1	0.0104
HLA-DPB1	known	SAS	81	1	0.0104
HLA-DPB1	known	SAS	94	1	0.0104
HLA-DPB1	known	SAS	98	1	0.0104
HLA-DPB1	known	SAS	139	1	0.0104
HLA-DPB1	known	SAS	140	1	0.0104
HLA-DPB1	known	SAS	421	1	0.0104
HLA-DPB1	known	POOLED	1	66	0.2164
HLA-DPB1	known	POOLED	2	29	0.0951
HLA-DPB1	known	POOLED	3	21	0.0689
HLA-DPB1	known	POOLED	4	11	0.0361
HLA-DPB1	known	POOLED	5	10	0.0328
HLA-DPB1	known	POOLED	6	12	0.0393
HLA-DPB1	known	POOLED	7	7	0.023
HLA-DPB1	known	POOLED	8	7	0.023
HLA-DPB1	known	POOLED	9	9	0.0295
HLA-DPB1	known	POOLED	10	6	0.0197
HLA-DPB1	known	POOLED	11	5	0.0164
HLA-DPB1	known	POOLED	12	4	0.0131
HLA-DPB1	known	POOLED	13	3	0.0098
HLA-DPB1	known	POOLED	14	5	0.0164
HLA-DPB1	known	POOLED	15	5	0.0164
HLA-DPB1	known	POOLED	16	3	0.0098
HLA-DPB1	known	POOLED	17	4	0.0131
HLA-DPB1	known	POOLED	18	1	0.0033
HLA-DPB1	known	POOLED	19	3	0.0098
HLA-DPB1	known	POOLED	20	4	0.0131
HLA-DPB1	known	POOLED	21	3	0.0098
HLA-DPB1	known	POOLED	22	2	0.0066
HLA-DPB1	known	POOLED	23	2	0.0066
HLA-DPB1	known	POOLED	25	1	0.0033
HLA-DPB1	known	POOLED	27	2	0.0066
HLA-DPB1	known	POOLED	28	2	0.0066
HLA-DPB1	known	POOLED	31	1	0.0033
HLA-DPB1	known	POOLED	32	1	0.0033
HLA-DPB1	known	POOLED	33	1	0.0033
HLA-DPB1	known	POOLED	34	1	0.0033
HLA-DPB1	known	POOLED	36	1	0.0033
HLA-DPB1	known	POOLED	37	1	0.0033
HLA-DPB1	known	POOLED	38	1	0.0033
HLA-DPB1	known	POOLED	39	1	0.0033
HLA-DPB1	known	POOLED	40	1	0.0033
HLA-DPB1	known	POOLED	43	1	0.0033
HLA-DPB1	known	POOLED	45	3	0.0098
HLA-DPB1	known	POOLED	46	2	0.0066
HLA-DPB1	known	POOLED	47	1	0.0033
HLA-DPB1	known	POOLED	48	1	0.0033
HLA-DPB1	known	POOLED	49	1	0.0033
HLA-DPB1	known	POOLED	50	1	0.0033
HLA-DPB1	known	POOLED	51	1	0.0033
HLA-DPB1	known	POOLED	52	1	0.0033
HLA-DPB1	known	POOLED	54	1	0.0033
HLA-DPB1	known	POOLED	55	2	0.0066
HLA-DPB1	known	POOLED	58	2	0.0066
HLA-DPB1	known	POOLED	59	2	0.0066
HLA-DPB1	known	POOLED	62	1	0.0033
HLA-DPB1	known	POOLED	63	2	0.0066
HLA-DPB1	known	POOLED	66	1	0.0033
HLA-DPB1	known	POOLED	67	2	0.0066
HLA-DPB1	known	POOLED	68	1	0.0033
HLA-DPB1	known	POOLED	69	1	0.0033
HLA-DPB1	known	POOLED	71	2	0.0066
HLA-DPB1	known	POOLED	74	1	0.0033
HLA-DPB1	known	POOLED	76	1	0.0033
HLA-DPB1	known	POOLED	84	1	0.0033
HLA-DPB1	known	POOLED	90	1	0.0033
HLA-DPB1	known	POOLED	99	1	0.0033
HLA-DPB1	known	POOLED	100	1	0.0033
HLA-DPB1	known	POOLED	114	1	0.0033
HLA-DPB1	known	POOLED	121	1	0.0033
HLA-DPB1	known	POOLED	122	1	0.0033
HLA-DPB1	known	POOLED	127	1	0.0033
HLA-DPB1	known	POOLED	138	1	0.0033
HLA-DPB1	known	POOLED	146	1	0.0033
HLA-DPB1	known	POOLED	147	2	0.0066
HLA-DPB1	known	POOLED	164	1	0.0033
HLA-DPB1	known	POOLED	169	1	0.0033
HLA-DPB1	known	POOLED	183	1	0.0033
HLA-DPB1	known	POOLED	184	1	0.0033
HLA-DPB1	known	POOLED	187	1	0.0033
HLA-DPB1	known	POOLED	200	1	0.0033
HLA-DPB1	known	POOLED	209	1	0.0033
HLA-DPB1	known	POOLED	218	1	0.0033
HLA-DPB1	known	POOLED	244	1	0.0033
HLA-DPB1	known	POOLED	265	1	0.0033
HLA-DPB1	known	POOLED	287	1	0.0033
HLA-DPB1	known	POOLED	289	1	0.0033
HLA-DPB1	known	POOLED	319	1	0.0033
HLA-DPB1	known	POOLED	329	1	0.0033
HLA-DPB1	known	POOLED	341	1	0.0033
HLA-DPB1	known	POOLED	343	1	0.0033
HLA-DPB1	known	POOLED	455	1	0.0033
HLA-DPB1	known	POOLED	495	1	0.0033
HLA-DPB1	known	POOLED	631	1	0.0033
HLA-DPB1	known	POOLED	645	1	0.0033
HLA-DPB1	known	POOLED	666	1	0.0033
HLA-DPB1	known	POOLED	745	1	0.0033
HLA-DPB1	known	POOLED	787	1	0.0033
HLA-DPB1	known	POOLED	802	1	0.0033
HLA-DPB1	known	POOLED	1787	1	0.0033
HLA-DPB1	known	POOLED	2694	1	0.0033
HLA-DPB1	novel	AFR	1	180	0.786
HLA-DPB1	novel	AFR	2	18	0.0786
HLA-DPB1	novel	AFR	3	5	0.0218
HLA-DPB1	novel	AFR	4	1	0.0044
HLA-DPB1	novel	AFR	5	1	0.0044
HLA-DPB1	novel	AFR	6	2	0.0087
HLA-DPB1	novel	AFR	7	3	0.0131
HLA-DPB1	novel	AFR	9	1	0.0044
HLA-DPB1	novel	AFR	13	1	0.0044
HLA-DPB1	novel	AFR	16	1	0.0044
HLA-DPB1	novel	AFR	21	1	0.0044
HLA-DPB1	novel	AFR	22	1	0.0044
HLA-DPB1	novel	AFR	23	1	0.0044
HLA-DPB1	novel	AFR	25	1	0.0044
HLA-DPB1	novel	AFR	27	1	0.0044
HLA-DPB1	novel	AFR	29	1	0.0044
HLA-DPB1	novel	AFR	35	1	0.0044
HLA-DPB1	novel	AFR	36	1	0.0044
HLA-DPB1	novel	AFR	61	2	0.0087
HLA-DPB1	novel	AFR	79	1	0.0044
HLA-DPB1	novel	AFR	82	1	0.0044
HLA-DPB1	novel	AFR	139	1	0.0044
HLA-DPB1	novel	AFR	154	1	0.0044
HLA-DPB1	novel	AFR	276	1	0.0044
HLA-DPB1	novel	AFR	293	1	0.0044
HLA-DPB1	novel	AMR	1	138	0.738
HLA-DPB1	novel	AMR	2	18	0.0963
HLA-DPB1	novel	AMR	3	2	0.0107
HLA-DPB1	novel	AMR	4	6	0.0321
HLA-DPB1	novel	AMR	5	1	0.0053
HLA-DPB1	novel	AMR	6	2	0.0107
HLA-DPB1	novel	AMR	7	3	0.016
HLA-DPB1	novel	AMR	9	1	0.0053
HLA-DPB1	novel	AMR	12	3	0.016
HLA-DPB1	novel	AMR	16	1	0.0053
HLA-DPB1	novel	AMR	17	1	0.0053
HLA-DPB1	novel	AMR	20	1	0.0053
HLA-DPB1	novel	AMR	21	2	0.0107
HLA-DPB1	novel	AMR	29	1	0.0053
HLA-DPB1	novel	AMR	33	1	0.0053
HLA-DPB1	novel	AMR	35	1	0.0053
HLA-DPB1	novel	AMR	61	2	0.0107
HLA-DPB1	novel	AMR	89	1	0.0053
HLA-DPB1	novel	AMR	100	1	0.0053
HLA-DPB1	novel	AMR	188	1	0.0053
HLA-DPB1	novel	EAS	1	81	0.7642
HLA-DPB1	novel	EAS	2	4	0.0377
HLA-DPB1	novel	EAS	3	3	0.0283
HLA-DPB1	novel	EAS	4	1	0.0094
HLA-DPB1	novel	EAS	5	5	0.0472
HLA-DPB1	novel	EAS	7	1	0.0094
HLA-DPB1	novel	EAS	20	1	0.0094
HLA-DPB1	novel	EAS	21	2	0.0189
HLA-DPB1	novel	EAS	27	1	0.0094
HLA-DPB1	novel	EAS	39	1	0.0094
HLA-DPB1	novel	EAS	43	1	0.0094
HLA-DPB1	novel	EAS	56	1	0.0094
HLA-DPB1	novel	EAS	74	1	0.0094
HLA-DPB1	novel	EAS	77	1	0.0094
HLA-DPB1	novel	EAS	132	1	0.0094
HLA-DPB1	novel	EAS	192	1	0.0094
HLA-DPB1	novel	EUR	1	143	0.8034
HLA-DPB1	novel	EUR	2	14	0.0787
HLA-DPB1	novel	EUR	3	4	0.0225
HLA-DPB1	novel	EUR	4	2	0.0112
HLA-DPB1	novel	EUR	5	1	0.0056
HLA-DPB1	novel	EUR	8	1	0.0056
HLA-DPB1	novel	EUR	9	2	0.0112
HLA-DPB1	novel	EUR	13	2	0.0112
HLA-DPB1	novel	EUR	14	1	0.0056
HLA-DPB1	novel	EUR	16	1	0.0056
HLA-DPB1	novel	EUR	17	2	0.0112
HLA-DPB1	novel	EUR	32	1	0.0056
HLA-DPB1	novel	EUR	34	1	0.0056
HLA-DPB1	novel	EUR	61	1	0.0056
HLA-DPB1	novel	EUR	139	1	0.0056
HLA-DPB1	novel	EUR	264	1	0.0056
HLA-DPB1	novel	MID	1	37	0.6981
HLA-DPB1	novel	MID	2	6	0.1132
HLA-DPB1	novel	MID	3	1	0.0189
HLA-DPB1	novel	MID	4	2	0.0377
HLA-DPB1	novel	MID	5	1	0.0189
HLA-DPB1	novel	MID	8	1	0.0189
HLA-DPB1	novel	MID	9	2	0.0377
HLA-DPB1	novel	MID	16	1	0.0189
HLA-DPB1	novel	MID	40	1	0.0189
HLA-DPB1	novel	MID	63	1	0.0189
HLA-DPB1	novel	SAS	1	58	0.725
HLA-DPB1	novel	SAS	2	5	0.0625
HLA-DPB1	novel	SAS	3	3	0.0375
HLA-DPB1	novel	SAS	4	2	0.025
HLA-DPB1	novel	SAS	5	3	0.0375
HLA-DPB1	novel	SAS	10	1	0.0125
HLA-DPB1	novel	SAS	11	3	0.0375
HLA-DPB1	novel	SAS	30	1	0.0125
HLA-DPB1	novel	SAS	34	1	0.0125
HLA-DPB1	novel	SAS	41	1	0.0125
HLA-DPB1	novel	SAS	110	1	0.0125
HLA-DPB1	novel	SAS	218	1	0.0125
HLA-DPB1	novel	POOLED	1	520	0.8163
HLA-DPB1	novel	POOLED	2	40	0.0628
HLA-DPB1	novel	POOLED	3	18	0.0283
HLA-DPB1	novel	POOLED	4	9	0.0141
HLA-DPB1	novel	POOLED	5	7	0.011
HLA-DPB1	novel	POOLED	6	4	0.0063
HLA-DPB1	novel	POOLED	7	2	0.0031
HLA-DPB1	novel	POOLED	8	1	0.0016
HLA-DPB1	novel	POOLED	9	2	0.0031
HLA-DPB1	novel	POOLED	10	2	0.0031
HLA-DPB1	novel	POOLED	12	2	0.0031
HLA-DPB1	novel	POOLED	13	1	0.0016
HLA-DPB1	novel	POOLED	16	1	0.0016
HLA-DPB1	novel	POOLED	17	1	0.0016
HLA-DPB1	novel	POOLED	18	1	0.0016
HLA-DPB1	novel	POOLED	20	3	0.0047
HLA-DPB1	novel	POOLED	23	1	0.0016
HLA-DPB1	novel	POOLED	26	1	0.0016
HLA-DPB1	novel	POOLED	29	1	0.0016
HLA-DPB1	novel	POOLED	35	1	0.0016
HLA-DPB1	novel	POOLED	37	2	0.0031
HLA-DPB1	novel	POOLED	40	1	0.0016
HLA-DPB1	novel	POOLED	42	1	0.0016
HLA-DPB1	novel	POOLED	57	1	0.0016
HLA-DPB1	novel	POOLED	58	1	0.0016
HLA-DPB1	novel	POOLED	59	1	0.0016
HLA-DPB1	novel	POOLED	79	1	0.0016
HLA-DPB1	novel	POOLED	104	1	0.0016
HLA-DPB1	novel	POOLED	115	1	0.0016
HLA-DPB1	novel	POOLED	147	1	0.0016
HLA-DPB1	novel	POOLED	148	1	0.0016
HLA-DPB1	novel	POOLED	208	1	0.0016
HLA-DPB1	novel	POOLED	246	1	0.0016
HLA-DPB1	novel	POOLED	257	1	0.0016
HLA-DPB1	novel	POOLED	362	1	0.0016
HLA-DPB1	novel	POOLED	484	1	0.0016
HLA-DPB1	novel	POOLED	649	1	0.0016
HLA-DPB1	novel	POOLED	926	1	0.0016
HLA-DPB2	all	AFR	1	144	0.75
HLA-DPB2	all	AFR	2	17	0.0885
HLA-DPB2	all	AFR	3	6	0.0312
HLA-DPB2	all	AFR	5	5	0.026
HLA-DPB2	all	AFR	10	2	0.0104
HLA-DPB2	all	AFR	12	1	0.0052
HLA-DPB2	all	AFR	13	1	0.0052
HLA-DPB2	all	AFR	24	1	0.0052
HLA-DPB2	all	AFR	39	1	0.0052
HLA-DPB2	all	AFR	48	2	0.0104
HLA-DPB2	all	AFR	50	1	0.0052
HLA-DPB2	all	AFR	53	1	0.0052
HLA-DPB2	all	AFR	58	1	0.0052
HLA-DPB2	all	AFR	69	1	0.0052
HLA-DPB2	all	AFR	78	1	0.0052
HLA-DPB2	all	AFR	103	1	0.0052
HLA-DPB2	all	AFR	143	1	0.0052
HLA-DPB2	all	AFR	178	1	0.0052
HLA-DPB2	all	AFR	268	1	0.0052
HLA-DPB2	all	AFR	361	1	0.0052
HLA-DPB2	all	AFR	534	1	0.0052
HLA-DPB2	all	AFR	3575	1	0.0052
HLA-DPB2	all	AMR	1	123	0.7736
HLA-DPB2	all	AMR	2	11	0.0692
HLA-DPB2	all	AMR	3	1	0.0063
HLA-DPB2	all	AMR	5	3	0.0189
HLA-DPB2	all	AMR	7	1	0.0063
HLA-DPB2	all	AMR	10	2	0.0126
HLA-DPB2	all	AMR	11	1	0.0063
HLA-DPB2	all	AMR	13	1	0.0063
HLA-DPB2	all	AMR	19	1	0.0063
HLA-DPB2	all	AMR	24	1	0.0063
HLA-DPB2	all	AMR	34	1	0.0063
HLA-DPB2	all	AMR	38	1	0.0063
HLA-DPB2	all	AMR	40	1	0.0063
HLA-DPB2	all	AMR	81	1	0.0063
HLA-DPB2	all	AMR	85	1	0.0063
HLA-DPB2	all	AMR	95	1	0.0063
HLA-DPB2	all	AMR	128	1	0.0063
HLA-DPB2	all	AMR	139	1	0.0063
HLA-DPB2	all	AMR	202	1	0.0063
HLA-DPB2	all	AMR	238	1	0.0063
HLA-DPB2	all	AMR	303	1	0.0063
HLA-DPB2	all	AMR	314	1	0.0063
HLA-DPB2	all	AMR	439	1	0.0063
HLA-DPB2	all	AMR	2863	1	0.0063
HLA-DPB2	all	EAS	1	70	0.7368
HLA-DPB2	all	EAS	2	5	0.0526
HLA-DPB2	all	EAS	3	1	0.0105
HLA-DPB2	all	EAS	4	1	0.0105
HLA-DPB2	all	EAS	5	1	0.0105
HLA-DPB2	all	EAS	6	1	0.0105
HLA-DPB2	all	EAS	7	1	0.0105
HLA-DPB2	all	EAS	13	1	0.0105
HLA-DPB2	all	EAS	15	2	0.0211
HLA-DPB2	all	EAS	22	1	0.0105
HLA-DPB2	all	EAS	23	1	0.0105
HLA-DPB2	all	EAS	29	2	0.0211
HLA-DPB2	all	EAS	41	1	0.0105
HLA-DPB2	all	EAS	114	1	0.0105
HLA-DPB2	all	EAS	126	1	0.0105
HLA-DPB2	all	EAS	204	1	0.0105
HLA-DPB2	all	EAS	328	1	0.0105
HLA-DPB2	all	EAS	352	1	0.0105
HLA-DPB2	all	EAS	557	1	0.0105
HLA-DPB2	all	EAS	870	1	0.0105
HLA-DPB2	all	EUR	1	149	0.7842
HLA-DPB2	all	EUR	2	16	0.0842
HLA-DPB2	all	EUR	3	4	0.0211
HLA-DPB2	all	EUR	4	1	0.0053
HLA-DPB2	all	EUR	7	1	0.0053
HLA-DPB2	all	EUR	8	1	0.0053
HLA-DPB2	all	EUR	11	1	0.0053
HLA-DPB2	all	EUR	20	1	0.0053
HLA-DPB2	all	EUR	28	1	0.0053
HLA-DPB2	all	EUR	29	1	0.0053
HLA-DPB2	all	EUR	33	1	0.0053
HLA-DPB2	all	EUR	66	1	0.0053
HLA-DPB2	all	EUR	85	1	0.0053
HLA-DPB2	all	EUR	129	1	0.0053
HLA-DPB2	all	EUR	160	1	0.0053
HLA-DPB2	all	EUR	180	1	0.0053
HLA-DPB2	all	EUR	266	1	0.0053
HLA-DPB2	all	EUR	290	1	0.0053
HLA-DPB2	all	EUR	358	1	0.0053
HLA-DPB2	all	EUR	359	1	0.0053
HLA-DPB2	all	EUR	429	1	0.0053
HLA-DPB2	all	EUR	446	1	0.0053
HLA-DPB2	all	EUR	621	1	0.0053
HLA-DPB2	all	EUR	2126	1	0.0053
HLA-DPB2	all	MID	1	23	0.575
HLA-DPB2	all	MID	2	2	0.05
HLA-DPB2	all	MID	3	1	0.025
HLA-DPB2	all	MID	5	1	0.025
HLA-DPB2	all	MID	6	2	0.05
HLA-DPB2	all	MID	16	1	0.025
HLA-DPB2	all	MID	17	2	0.05
HLA-DPB2	all	MID	27	1	0.025
HLA-DPB2	all	MID	62	1	0.025
HLA-DPB2	all	MID	77	1	0.025
HLA-DPB2	all	MID	82	1	0.025
HLA-DPB2	all	MID	88	1	0.025
HLA-DPB2	all	MID	107	1	0.025
HLA-DPB2	all	MID	109	1	0.025
HLA-DPB2	all	MID	304	1	0.025
HLA-DPB2	all	SAS	1	69	0.7667
HLA-DPB2	all	SAS	2	4	0.0444
HLA-DPB2	all	SAS	3	3	0.0333
HLA-DPB2	all	SAS	4	1	0.0111
HLA-DPB2	all	SAS	9	1	0.0111
HLA-DPB2	all	SAS	11	1	0.0111
HLA-DPB2	all	SAS	12	1	0.0111
HLA-DPB2	all	SAS	15	1	0.0111
HLA-DPB2	all	SAS	42	1	0.0111
HLA-DPB2	all	SAS	102	1	0.0111
HLA-DPB2	all	SAS	136	1	0.0111
HLA-DPB2	all	SAS	194	1	0.0111
HLA-DPB2	all	SAS	234	1	0.0111
HLA-DPB2	all	SAS	235	1	0.0111
HLA-DPB2	all	SAS	266	1	0.0111
HLA-DPB2	all	SAS	464	1	0.0111
HLA-DPB2	all	SAS	624	1	0.0111
HLA-DPB2	all	POOLED	1	456	0.8042
HLA-DPB2	all	POOLED	2	45	0.0794
HLA-DPB2	all	POOLED	3	12	0.0212
HLA-DPB2	all	POOLED	4	7	0.0123
HLA-DPB2	all	POOLED	5	7	0.0123
HLA-DPB2	all	POOLED	6	4	0.0071
HLA-DPB2	all	POOLED	7	2	0.0035
HLA-DPB2	all	POOLED	8	1	0.0018
HLA-DPB2	all	POOLED	10	1	0.0018
HLA-DPB2	all	POOLED	11	2	0.0035
HLA-DPB2	all	POOLED	13	1	0.0018
HLA-DPB2	all	POOLED	14	2	0.0035
HLA-DPB2	all	POOLED	16	2	0.0035
HLA-DPB2	all	POOLED	18	1	0.0018
HLA-DPB2	all	POOLED	20	1	0.0018
HLA-DPB2	all	POOLED	27	1	0.0018
HLA-DPB2	all	POOLED	34	1	0.0018
HLA-DPB2	all	POOLED	37	1	0.0018
HLA-DPB2	all	POOLED	42	1	0.0018
HLA-DPB2	all	POOLED	44	1	0.0018
HLA-DPB2	all	POOLED	81	1	0.0018
HLA-DPB2	all	POOLED	87	1	0.0018
HLA-DPB2	all	POOLED	89	1	0.0018
HLA-DPB2	all	POOLED	92	1	0.0018
HLA-DPB2	all	POOLED	123	1	0.0018
HLA-DPB2	all	POOLED	191	1	0.0018
HLA-DPB2	all	POOLED	233	1	0.0018
HLA-DPB2	all	POOLED	331	1	0.0018
HLA-DPB2	all	POOLED	344	1	0.0018
HLA-DPB2	all	POOLED	697	1	0.0018
HLA-DPB2	all	POOLED	770	1	0.0018
HLA-DPB2	all	POOLED	1189	1	0.0018
HLA-DPB2	all	POOLED	1406	1	0.0018
HLA-DPB2	all	POOLED	1453	1	0.0018
HLA-DPB2	all	POOLED	1517	1	0.0018
HLA-DPB2	all	POOLED	1700	1	0.0018
HLA-DPB2	all	POOLED	1881	1	0.0018
HLA-DPB2	all	POOLED	10071	1	0.0018
HLA-DPB2	known	AFR	2	1	0.2
HLA-DPB2	known	AFR	48	1	0.2
HLA-DPB2	known	AFR	58	1	0.2
HLA-DPB2	known	AFR	69	1	0.2
HLA-DPB2	known	AFR	103	1	0.2
HLA-DPB2	known	AMR	7	1	0.2
HLA-DPB2	known	AMR	85	1	0.2
HLA-DPB2	known	AMR	95	1	0.2
HLA-DPB2	known	AMR	128	1	0.2
HLA-DPB2	known	AMR	303	1	0.2
HLA-DPB2	known	EAS	6	1	0.25
HLA-DPB2	known	EAS	7	1	0.25
HLA-DPB2	known	EAS	41	1	0.25
HLA-DPB2	known	EAS	328	1	0.25
HLA-DPB2	known	EUR	11	1	0.2
HLA-DPB2	known	EUR	160	1	0.2
HLA-DPB2	known	EUR	180	1	0.2
HLA-DPB2	known	EUR	266	1	0.2
HLA-DPB2	known	EUR	621	1	0.2
HLA-DPB2	known	MID	2	1	0.25
HLA-DPB2	known	MID	3	1	0.25
HLA-DPB2	known	MID	77	1	0.25
HLA-DPB2	known	MID	107	1	0.25
HLA-DPB2	known	SAS	9	1	0.3333
HLA-DPB2	known	SAS	136	1	0.3333
HLA-DPB2	known	SAS	234	1	0.3333
HLA-DPB2	known	POOLED	20	1	0.2
HLA-DPB2	known	POOLED	331	1	0.2
HLA-DPB2	known	POOLED	344	1	0.2
HLA-DPB2	known	POOLED	697	1	0.2
HLA-DPB2	known	POOLED	1700	1	0.2
HLA-DPB2	novel	AFR	1	144	0.7701
HLA-DPB2	novel	AFR	2	16	0.0856
HLA-DPB2	novel	AFR	3	6	0.0321
HLA-DPB2	novel	AFR	5	5	0.0267
HLA-DPB2	novel	AFR	10	2	0.0107
HLA-DPB2	novel	AFR	12	1	0.0053
HLA-DPB2	novel	AFR	13	1	0.0053
HLA-DPB2	novel	AFR	24	1	0.0053
HLA-DPB2	novel	AFR	39	1	0.0053
HLA-DPB2	novel	AFR	48	1	0.0053
HLA-DPB2	novel	AFR	50	1	0.0053
HLA-DPB2	novel	AFR	53	1	0.0053
HLA-DPB2	novel	AFR	78	1	0.0053
HLA-DPB2	novel	AFR	143	1	0.0053
HLA-DPB2	novel	AFR	178	1	0.0053
HLA-DPB2	novel	AFR	268	1	0.0053
HLA-DPB2	novel	AFR	361	1	0.0053
HLA-DPB2	novel	AFR	534	1	0.0053
HLA-DPB2	novel	AFR	3575	1	0.0053
HLA-DPB2	novel	AMR	1	123	0.7987
HLA-DPB2	novel	AMR	2	11	0.0714
HLA-DPB2	novel	AMR	3	1	0.0065
HLA-DPB2	novel	AMR	5	3	0.0195
HLA-DPB2	novel	AMR	10	2	0.013
HLA-DPB2	novel	AMR	11	1	0.0065
HLA-DPB2	novel	AMR	13	1	0.0065
HLA-DPB2	novel	AMR	19	1	0.0065
HLA-DPB2	novel	AMR	24	1	0.0065
HLA-DPB2	novel	AMR	34	1	0.0065
HLA-DPB2	novel	AMR	38	1	0.0065
HLA-DPB2	novel	AMR	40	1	0.0065
HLA-DPB2	novel	AMR	81	1	0.0065
HLA-DPB2	novel	AMR	139	1	0.0065
HLA-DPB2	novel	AMR	202	1	0.0065
HLA-DPB2	novel	AMR	238	1	0.0065
HLA-DPB2	novel	AMR	314	1	0.0065
HLA-DPB2	novel	AMR	439	1	0.0065
HLA-DPB2	novel	AMR	2863	1	0.0065
HLA-DPB2	novel	EAS	1	70	0.7692
HLA-DPB2	novel	EAS	2	5	0.0549
HLA-DPB2	novel	EAS	3	1	0.011
HLA-DPB2	novel	EAS	4	1	0.011
HLA-DPB2	novel	EAS	5	1	0.011
HLA-DPB2	novel	EAS	13	1	0.011
HLA-DPB2	novel	EAS	15	2	0.022
HLA-DPB2	novel	EAS	22	1	0.011
HLA-DPB2	novel	EAS	23	1	0.011
HLA-DPB2	novel	EAS	29	2	0.022
HLA-DPB2	novel	EAS	114	1	0.011
HLA-DPB2	novel	EAS	126	1	0.011
HLA-DPB2	novel	EAS	204	1	0.011
HLA-DPB2	novel	EAS	352	1	0.011
HLA-DPB2	novel	EAS	557	1	0.011
HLA-DPB2	novel	EAS	870	1	0.011
HLA-DPB2	novel	EUR	1	149	0.8054
HLA-DPB2	novel	EUR	2	16	0.0865
HLA-DPB2	novel	EUR	3	4	0.0216
HLA-DPB2	novel	EUR	4	1	0.0054
HLA-DPB2	novel	EUR	7	1	0.0054
HLA-DPB2	novel	EUR	8	1	0.0054
HLA-DPB2	novel	EUR	20	1	0.0054
HLA-DPB2	novel	EUR	28	1	0.0054
HLA-DPB2	novel	EUR	29	1	0.0054
HLA-DPB2	novel	EUR	33	1	0.0054
HLA-DPB2	novel	EUR	66	1	0.0054
HLA-DPB2	novel	EUR	85	1	0.0054
HLA-DPB2	novel	EUR	129	1	0.0054
HLA-DPB2	novel	EUR	290	1	0.0054
HLA-DPB2	novel	EUR	358	1	0.0054
HLA-DPB2	novel	EUR	359	1	0.0054
HLA-DPB2	novel	EUR	429	1	0.0054
HLA-DPB2	novel	EUR	446	1	0.0054
HLA-DPB2	novel	EUR	2126	1	0.0054
HLA-DPB2	novel	MID	1	23	0.6389
HLA-DPB2	novel	MID	2	1	0.0278
HLA-DPB2	novel	MID	5	1	0.0278
HLA-DPB2	novel	MID	6	2	0.0556
HLA-DPB2	novel	MID	16	1	0.0278
HLA-DPB2	novel	MID	17	2	0.0556
HLA-DPB2	novel	MID	27	1	0.0278
HLA-DPB2	novel	MID	62	1	0.0278
HLA-DPB2	novel	MID	82	1	0.0278
HLA-DPB2	novel	MID	88	1	0.0278
HLA-DPB2	novel	MID	109	1	0.0278
HLA-DPB2	novel	MID	304	1	0.0278
HLA-DPB2	novel	SAS	1	69	0.7931
HLA-DPB2	novel	SAS	2	4	0.046
HLA-DPB2	novel	SAS	3	3	0.0345
HLA-DPB2	novel	SAS	4	1	0.0115
HLA-DPB2	novel	SAS	11	1	0.0115
HLA-DPB2	novel	SAS	12	1	0.0115
HLA-DPB2	novel	SAS	15	1	0.0115
HLA-DPB2	novel	SAS	42	1	0.0115
HLA-DPB2	novel	SAS	102	1	0.0115
HLA-DPB2	novel	SAS	194	1	0.0115
HLA-DPB2	novel	SAS	235	1	0.0115
HLA-DPB2	novel	SAS	266	1	0.0115
HLA-DPB2	novel	SAS	464	1	0.0115
HLA-DPB2	novel	SAS	624	1	0.0115
HLA-DPB2	novel	POOLED	1	456	0.8114
HLA-DPB2	novel	POOLED	2	45	0.0801
HLA-DPB2	novel	POOLED	3	12	0.0214
HLA-DPB2	novel	POOLED	4	7	0.0125
HLA-DPB2	novel	POOLED	5	7	0.0125
HLA-DPB2	novel	POOLED	6	4	0.0071
HLA-DPB2	novel	POOLED	7	2	0.0036
HLA-DPB2	novel	POOLED	8	1	0.0018
HLA-DPB2	novel	POOLED	10	1	0.0018
HLA-DPB2	novel	POOLED	11	2	0.0036
HLA-DPB2	novel	POOLED	13	1	0.0018
HLA-DPB2	novel	POOLED	14	2	0.0036
HLA-DPB2	novel	POOLED	16	2	0.0036
HLA-DPB2	novel	POOLED	18	1	0.0018
HLA-DPB2	novel	POOLED	27	1	0.0018
HLA-DPB2	novel	POOLED	34	1	0.0018
HLA-DPB2	novel	POOLED	37	1	0.0018
HLA-DPB2	novel	POOLED	42	1	0.0018
HLA-DPB2	novel	POOLED	44	1	0.0018
HLA-DPB2	novel	POOLED	81	1	0.0018
HLA-DPB2	novel	POOLED	87	1	0.0018
HLA-DPB2	novel	POOLED	89	1	0.0018
HLA-DPB2	novel	POOLED	92	1	0.0018
HLA-DPB2	novel	POOLED	123	1	0.0018
HLA-DPB2	novel	POOLED	191	1	0.0018
HLA-DPB2	novel	POOLED	233	1	0.0018
HLA-DPB2	novel	POOLED	770	1	0.0018
HLA-DPB2	novel	POOLED	1189	1	0.0018
HLA-DPB2	novel	POOLED	1406	1	0.0018
HLA-DPB2	novel	POOLED	1453	1	0.0018
HLA-DPB2	novel	POOLED	1517	1	0.0018
HLA-DPB2	novel	POOLED	1881	1	0.0018
HLA-DPB2	novel	POOLED	10071	1	0.0018
HLA-DQA1	all	AFR	1	161	0.6053
HLA-DQA1	all	AFR	2	11	0.0414
HLA-DQA1	all	AFR	3	9	0.0338
HLA-DQA1	all	AFR	4	4	0.015
HLA-DQA1	all	AFR	5	7	0.0263
HLA-DQA1	all	AFR	6	3	0.0113
HLA-DQA1	all	AFR	7	3	0.0113
HLA-DQA1	all	AFR	8	3	0.0113
HLA-DQA1	all	AFR	9	2	0.0075
HLA-DQA1	all	AFR	10	4	0.015
HLA-DQA1	all	AFR	11	1	0.0038
HLA-DQA1	all	AFR	12	1	0.0038
HLA-DQA1	all	AFR	13	4	0.015
HLA-DQA1	all	AFR	15	2	0.0075
HLA-DQA1	all	AFR	16	1	0.0038
HLA-DQA1	all	AFR	17	1	0.0038
HLA-DQA1	all	AFR	19	4	0.015
HLA-DQA1	all	AFR	20	3	0.0113
HLA-DQA1	all	AFR	22	1	0.0038
HLA-DQA1	all	AFR	23	1	0.0038
HLA-DQA1	all	AFR	24	2	0.0075
HLA-DQA1	all	AFR	25	2	0.0075
HLA-DQA1	all	AFR	27	2	0.0075
HLA-DQA1	all	AFR	28	1	0.0038
HLA-DQA1	all	AFR	30	1	0.0038
HLA-DQA1	all	AFR	33	2	0.0075
HLA-DQA1	all	AFR	41	1	0.0038
HLA-DQA1	all	AFR	46	1	0.0038
HLA-DQA1	all	AFR	49	1	0.0038
HLA-DQA1	all	AFR	52	1	0.0038
HLA-DQA1	all	AFR	58	1	0.0038
HLA-DQA1	all	AFR	61	1	0.0038
HLA-DQA1	all	AFR	67	1	0.0038
HLA-DQA1	all	AFR	69	1	0.0038
HLA-DQA1	all	AFR	70	1	0.0038
HLA-DQA1	all	AFR	84	1	0.0038
HLA-DQA1	all	AFR	88	1	0.0038
HLA-DQA1	all	AFR	97	1	0.0038
HLA-DQA1	all	AFR	126	1	0.0038
HLA-DQA1	all	AFR	127	1	0.0038
HLA-DQA1	all	AFR	138	1	0.0038
HLA-DQA1	all	AFR	151	2	0.0075
HLA-DQA1	all	AFR	153	1	0.0038
HLA-DQA1	all	AFR	157	1	0.0038
HLA-DQA1	all	AFR	167	2	0.0075
HLA-DQA1	all	AFR	179	1	0.0038
HLA-DQA1	all	AFR	187	1	0.0038
HLA-DQA1	all	AFR	201	1	0.0038
HLA-DQA1	all	AFR	202	1	0.0038
HLA-DQA1	all	AFR	258	1	0.0038
HLA-DQA1	all	AFR	334	1	0.0038
HLA-DQA1	all	AFR	352	1	0.0038
HLA-DQA1	all	AFR	579	1	0.0038
HLA-DQA1	all	AFR	725	1	0.0038
HLA-DQA1	all	AMR	1	108	0.5167
HLA-DQA1	all	AMR	2	11	0.0526
HLA-DQA1	all	AMR	3	10	0.0478
HLA-DQA1	all	AMR	4	4	0.0191
HLA-DQA1	all	AMR	5	4	0.0191
HLA-DQA1	all	AMR	6	1	0.0048
HLA-DQA1	all	AMR	7	1	0.0048
HLA-DQA1	all	AMR	8	2	0.0096
HLA-DQA1	all	AMR	9	3	0.0144
HLA-DQA1	all	AMR	10	1	0.0048
HLA-DQA1	all	AMR	11	1	0.0048
HLA-DQA1	all	AMR	12	1	0.0048
HLA-DQA1	all	AMR	13	1	0.0048
HLA-DQA1	all	AMR	14	2	0.0096
HLA-DQA1	all	AMR	15	2	0.0096
HLA-DQA1	all	AMR	17	1	0.0048
HLA-DQA1	all	AMR	18	1	0.0048
HLA-DQA1	all	AMR	19	2	0.0096
HLA-DQA1	all	AMR	20	1	0.0048
HLA-DQA1	all	AMR	22	1	0.0048
HLA-DQA1	all	AMR	23	1	0.0048
HLA-DQA1	all	AMR	24	2	0.0096
HLA-DQA1	all	AMR	25	2	0.0096
HLA-DQA1	all	AMR	26	2	0.0096
HLA-DQA1	all	AMR	27	2	0.0096
HLA-DQA1	all	AMR	28	2	0.0096
HLA-DQA1	all	AMR	29	1	0.0048
HLA-DQA1	all	AMR	30	2	0.0096
HLA-DQA1	all	AMR	32	2	0.0096
HLA-DQA1	all	AMR	33	1	0.0048
HLA-DQA1	all	AMR	34	1	0.0048
HLA-DQA1	all	AMR	35	2	0.0096
HLA-DQA1	all	AMR	36	1	0.0048
HLA-DQA1	all	AMR	38	2	0.0096
HLA-DQA1	all	AMR	41	1	0.0048
HLA-DQA1	all	AMR	44	2	0.0096
HLA-DQA1	all	AMR	45	1	0.0048
HLA-DQA1	all	AMR	49	1	0.0048
HLA-DQA1	all	AMR	50	1	0.0048
HLA-DQA1	all	AMR	55	1	0.0048
HLA-DQA1	all	AMR	58	1	0.0048
HLA-DQA1	all	AMR	60	2	0.0096
HLA-DQA1	all	AMR	62	1	0.0048
HLA-DQA1	all	AMR	72	1	0.0048
HLA-DQA1	all	AMR	78	1	0.0048
HLA-DQA1	all	AMR	80	1	0.0048
HLA-DQA1	all	AMR	85	1	0.0048
HLA-DQA1	all	AMR	121	1	0.0048
HLA-DQA1	all	AMR	150	1	0.0048
HLA-DQA1	all	AMR	154	1	0.0048
HLA-DQA1	all	AMR	156	1	0.0048
HLA-DQA1	all	AMR	189	1	0.0048
HLA-DQA1	all	AMR	203	1	0.0048
HLA-DQA1	all	AMR	204	1	0.0048
HLA-DQA1	all	AMR	215	1	0.0048
HLA-DQA1	all	AMR	226	1	0.0048
HLA-DQA1	all	AMR	250	1	0.0048
HLA-DQA1	all	AMR	261	1	0.0048
HLA-DQA1	all	AMR	504	1	0.0048
HLA-DQA1	all	AMR	789	1	0.0048
HLA-DQA1	all	EAS	1	61	0.4296
HLA-DQA1	all	EAS	2	12	0.0845
HLA-DQA1	all	EAS	3	10	0.0704
HLA-DQA1	all	EAS	4	3	0.0211
HLA-DQA1	all	EAS	5	5	0.0352
HLA-DQA1	all	EAS	6	2	0.0141
HLA-DQA1	all	EAS	7	3	0.0211
HLA-DQA1	all	EAS	8	1	0.007
HLA-DQA1	all	EAS	9	1	0.007
HLA-DQA1	all	EAS	10	2	0.0141
HLA-DQA1	all	EAS	11	1	0.007
HLA-DQA1	all	EAS	12	2	0.0141
HLA-DQA1	all	EAS	16	2	0.0141
HLA-DQA1	all	EAS	17	1	0.007
HLA-DQA1	all	EAS	20	2	0.0141
HLA-DQA1	all	EAS	21	2	0.0141
HLA-DQA1	all	EAS	22	3	0.0211
HLA-DQA1	all	EAS	24	2	0.0141
HLA-DQA1	all	EAS	25	1	0.007
HLA-DQA1	all	EAS	26	2	0.0141
HLA-DQA1	all	EAS	28	1	0.007
HLA-DQA1	all	EAS	29	1	0.007
HLA-DQA1	all	EAS	30	1	0.007
HLA-DQA1	all	EAS	33	2	0.0141
HLA-DQA1	all	EAS	37	1	0.007
HLA-DQA1	all	EAS	42	1	0.007
HLA-DQA1	all	EAS	46	1	0.007
HLA-DQA1	all	EAS	48	1	0.007
HLA-DQA1	all	EAS	54	1	0.007
HLA-DQA1	all	EAS	64	2	0.0141
HLA-DQA1	all	EAS	75	1	0.007
HLA-DQA1	all	EAS	78	1	0.007
HLA-DQA1	all	EAS	138	1	0.007
HLA-DQA1	all	EAS	139	2	0.0141
HLA-DQA1	all	EAS	143	1	0.007
HLA-DQA1	all	EAS	153	1	0.007
HLA-DQA1	all	EAS	156	1	0.007
HLA-DQA1	all	EAS	170	1	0.007
HLA-DQA1	all	EAS	181	1	0.007
HLA-DQA1	all	EAS	198	1	0.007
HLA-DQA1	all	EAS	304	1	0.007
HLA-DQA1	all	EUR	1	125	0.5656
HLA-DQA1	all	EUR	2	13	0.0588
HLA-DQA1	all	EUR	3	7	0.0317
HLA-DQA1	all	EUR	4	3	0.0136
HLA-DQA1	all	EUR	5	3	0.0136
HLA-DQA1	all	EUR	6	2	0.009
HLA-DQA1	all	EUR	7	6	0.0271
HLA-DQA1	all	EUR	8	4	0.0181
HLA-DQA1	all	EUR	9	2	0.009
HLA-DQA1	all	EUR	10	2	0.009
HLA-DQA1	all	EUR	12	2	0.009
HLA-DQA1	all	EUR	13	1	0.0045
HLA-DQA1	all	EUR	15	2	0.009
HLA-DQA1	all	EUR	16	2	0.009
HLA-DQA1	all	EUR	17	1	0.0045
HLA-DQA1	all	EUR	18	1	0.0045
HLA-DQA1	all	EUR	19	1	0.0045
HLA-DQA1	all	EUR	22	1	0.0045
HLA-DQA1	all	EUR	25	2	0.009
HLA-DQA1	all	EUR	26	1	0.0045
HLA-DQA1	all	EUR	28	2	0.009
HLA-DQA1	all	EUR	29	1	0.0045
HLA-DQA1	all	EUR	30	1	0.0045
HLA-DQA1	all	EUR	31	1	0.0045
HLA-DQA1	all	EUR	32	1	0.0045
HLA-DQA1	all	EUR	35	2	0.009
HLA-DQA1	all	EUR	36	1	0.0045
HLA-DQA1	all	EUR	37	1	0.0045
HLA-DQA1	all	EUR	40	1	0.0045
HLA-DQA1	all	EUR	42	1	0.0045
HLA-DQA1	all	EUR	49	1	0.0045
HLA-DQA1	all	EUR	51	1	0.0045
HLA-DQA1	all	EUR	52	1	0.0045
HLA-DQA1	all	EUR	53	1	0.0045
HLA-DQA1	all	EUR	59	1	0.0045
HLA-DQA1	all	EUR	61	1	0.0045
HLA-DQA1	all	EUR	62	1	0.0045
HLA-DQA1	all	EUR	64	1	0.0045
HLA-DQA1	all	EUR	71	1	0.0045
HLA-DQA1	all	EUR	79	2	0.009
HLA-DQA1	all	EUR	87	2	0.009
HLA-DQA1	all	EUR	89	1	0.0045
HLA-DQA1	all	EUR	108	1	0.0045
HLA-DQA1	all	EUR	148	2	0.009
HLA-DQA1	all	EUR	164	1	0.0045
HLA-DQA1	all	EUR	172	1	0.0045
HLA-DQA1	all	EUR	180	1	0.0045
HLA-DQA1	all	EUR	255	1	0.0045
HLA-DQA1	all	EUR	290	1	0.0045
HLA-DQA1	all	EUR	295	1	0.0045
HLA-DQA1	all	EUR	314	1	0.0045
HLA-DQA1	all	EUR	377	1	0.0045
HLA-DQA1	all	EUR	378	1	0.0045
HLA-DQA1	all	EUR	610	1	0.0045
HLA-DQA1	all	EUR	678	1	0.0045
HLA-DQA1	all	MID	1	29	0.3118
HLA-DQA1	all	MID	2	9	0.0968
HLA-DQA1	all	MID	3	5	0.0538
HLA-DQA1	all	MID	4	5	0.0538
HLA-DQA1	all	MID	5	5	0.0538
HLA-DQA1	all	MID	6	5	0.0538
HLA-DQA1	all	MID	7	5	0.0538
HLA-DQA1	all	MID	8	4	0.043
HLA-DQA1	all	MID	9	1	0.0108
HLA-DQA1	all	MID	10	1	0.0108
HLA-DQA1	all	MID	12	2	0.0215
HLA-DQA1	all	MID	13	1	0.0108
HLA-DQA1	all	MID	14	1	0.0108
HLA-DQA1	all	MID	15	3	0.0323
HLA-DQA1	all	MID	18	1	0.0108
HLA-DQA1	all	MID	19	1	0.0108
HLA-DQA1	all	MID	21	1	0.0108
HLA-DQA1	all	MID	22	1	0.0108
HLA-DQA1	all	MID	24	1	0.0108
HLA-DQA1	all	MID	25	1	0.0108
HLA-DQA1	all	MID	26	1	0.0108
HLA-DQA1	all	MID	28	2	0.0215
HLA-DQA1	all	MID	33	2	0.0215
HLA-DQA1	all	MID	34	1	0.0108
HLA-DQA1	all	MID	46	1	0.0108
HLA-DQA1	all	MID	49	1	0.0108
HLA-DQA1	all	MID	64	1	0.0108
HLA-DQA1	all	MID	78	1	0.0108
HLA-DQA1	all	MID	105	1	0.0108
HLA-DQA1	all	SAS	1	62	0.4882
HLA-DQA1	all	SAS	2	11	0.0866
HLA-DQA1	all	SAS	3	1	0.0079
HLA-DQA1	all	SAS	4	8	0.063
HLA-DQA1	all	SAS	5	1	0.0079
HLA-DQA1	all	SAS	6	2	0.0157
HLA-DQA1	all	SAS	7	4	0.0315
HLA-DQA1	all	SAS	8	2	0.0157
HLA-DQA1	all	SAS	9	1	0.0079
HLA-DQA1	all	SAS	10	1	0.0079
HLA-DQA1	all	SAS	11	1	0.0079
HLA-DQA1	all	SAS	13	3	0.0236
HLA-DQA1	all	SAS	15	1	0.0079
HLA-DQA1	all	SAS	16	1	0.0079
HLA-DQA1	all	SAS	17	2	0.0157
HLA-DQA1	all	SAS	18	1	0.0079
HLA-DQA1	all	SAS	19	1	0.0079
HLA-DQA1	all	SAS	21	1	0.0079
HLA-DQA1	all	SAS	23	1	0.0079
HLA-DQA1	all	SAS	26	2	0.0157
HLA-DQA1	all	SAS	27	1	0.0079
HLA-DQA1	all	SAS	29	2	0.0157
HLA-DQA1	all	SAS	30	1	0.0079
HLA-DQA1	all	SAS	34	1	0.0079
HLA-DQA1	all	SAS	37	1	0.0079
HLA-DQA1	all	SAS	38	1	0.0079
HLA-DQA1	all	SAS	42	1	0.0079
HLA-DQA1	all	SAS	53	1	0.0079
HLA-DQA1	all	SAS	57	1	0.0079
HLA-DQA1	all	SAS	65	1	0.0079
HLA-DQA1	all	SAS	74	1	0.0079
HLA-DQA1	all	SAS	98	1	0.0079
HLA-DQA1	all	SAS	106	1	0.0079
HLA-DQA1	all	SAS	115	1	0.0079
HLA-DQA1	all	SAS	153	1	0.0079
HLA-DQA1	all	SAS	169	1	0.0079
HLA-DQA1	all	SAS	188	1	0.0079
HLA-DQA1	all	SAS	277	1	0.0079
HLA-DQA1	all	SAS	411	1	0.0079
HLA-DQA1	all	POOLED	1	427	0.7081
HLA-DQA1	all	POOLED	2	33	0.0547
HLA-DQA1	all	POOLED	3	14	0.0232
HLA-DQA1	all	POOLED	4	6	0.01
HLA-DQA1	all	POOLED	5	6	0.01
HLA-DQA1	all	POOLED	6	4	0.0066
HLA-DQA1	all	POOLED	7	2	0.0033
HLA-DQA1	all	POOLED	8	1	0.0017
HLA-DQA1	all	POOLED	9	4	0.0066
HLA-DQA1	all	POOLED	10	3	0.005
HLA-DQA1	all	POOLED	11	2	0.0033
HLA-DQA1	all	POOLED	12	2	0.0033
HLA-DQA1	all	POOLED	13	1	0.0017
HLA-DQA1	all	POOLED	14	1	0.0017
HLA-DQA1	all	POOLED	16	2	0.0033
HLA-DQA1	all	POOLED	17	1	0.0017
HLA-DQA1	all	POOLED	18	1	0.0017
HLA-DQA1	all	POOLED	20	1	0.0017
HLA-DQA1	all	POOLED	21	1	0.0017
HLA-DQA1	all	POOLED	23	3	0.005
HLA-DQA1	all	POOLED	24	1	0.0017
HLA-DQA1	all	POOLED	26	2	0.0033
HLA-DQA1	all	POOLED	27	1	0.0017
HLA-DQA1	all	POOLED	28	2	0.0033
HLA-DQA1	all	POOLED	29	1	0.0017
HLA-DQA1	all	POOLED	30	1	0.0017
HLA-DQA1	all	POOLED	31	1	0.0017
HLA-DQA1	all	POOLED	32	2	0.0033
HLA-DQA1	all	POOLED	33	2	0.0033
HLA-DQA1	all	POOLED	34	1	0.0017
HLA-DQA1	all	POOLED	35	1	0.0017
HLA-DQA1	all	POOLED	38	2	0.0033
HLA-DQA1	all	POOLED	42	1	0.0017
HLA-DQA1	all	POOLED	43	2	0.0033
HLA-DQA1	all	POOLED	55	2	0.0033
HLA-DQA1	all	POOLED	57	1	0.0017
HLA-DQA1	all	POOLED	58	1	0.0017
HLA-DQA1	all	POOLED	61	1	0.0017
HLA-DQA1	all	POOLED	62	1	0.0017
HLA-DQA1	all	POOLED	68	1	0.0017
HLA-DQA1	all	POOLED	77	1	0.0017
HLA-DQA1	all	POOLED	82	1	0.0017
HLA-DQA1	all	POOLED	85	1	0.0017
HLA-DQA1	all	POOLED	86	1	0.0017
HLA-DQA1	all	POOLED	88	1	0.0017
HLA-DQA1	all	POOLED	92	1	0.0017
HLA-DQA1	all	POOLED	94	1	0.0017
HLA-DQA1	all	POOLED	97	1	0.0017
HLA-DQA1	all	POOLED	99	1	0.0017
HLA-DQA1	all	POOLED	100	1	0.0017
HLA-DQA1	all	POOLED	101	1	0.0017
HLA-DQA1	all	POOLED	112	1	0.0017
HLA-DQA1	all	POOLED	117	1	0.0017
HLA-DQA1	all	POOLED	120	1	0.0017
HLA-DQA1	all	POOLED	128	1	0.0017
HLA-DQA1	all	POOLED	132	1	0.0017
HLA-DQA1	all	POOLED	137	2	0.0033
HLA-DQA1	all	POOLED	141	2	0.0033
HLA-DQA1	all	POOLED	145	1	0.0017
HLA-DQA1	all	POOLED	148	1	0.0017
HLA-DQA1	all	POOLED	152	1	0.0017
HLA-DQA1	all	POOLED	159	1	0.0017
HLA-DQA1	all	POOLED	172	1	0.0017
HLA-DQA1	all	POOLED	175	1	0.0017
HLA-DQA1	all	POOLED	178	1	0.0017
HLA-DQA1	all	POOLED	180	1	0.0017
HLA-DQA1	all	POOLED	181	1	0.0017
HLA-DQA1	all	POOLED	206	1	0.0017
HLA-DQA1	all	POOLED	208	1	0.0017
HLA-DQA1	all	POOLED	223	1	0.0017
HLA-DQA1	all	POOLED	240	1	0.0017
HLA-DQA1	all	POOLED	257	1	0.0017
HLA-DQA1	all	POOLED	262	1	0.0017
HLA-DQA1	all	POOLED	266	1	0.0017
HLA-DQA1	all	POOLED	268	1	0.0017
HLA-DQA1	all	POOLED	270	1	0.0017
HLA-DQA1	all	POOLED	272	1	0.0017
HLA-DQA1	all	POOLED	289	1	0.0017
HLA-DQA1	all	POOLED	298	1	0.0017
HLA-DQA1	all	POOLED	313	1	0.0017
HLA-DQA1	all	POOLED	353	1	0.0017
HLA-DQA1	all	POOLED	391	1	0.0017
HLA-DQA1	all	POOLED	420	1	0.0017
HLA-DQA1	all	POOLED	427	1	0.0017
HLA-DQA1	all	POOLED	433	1	0.0017
HLA-DQA1	all	POOLED	450	1	0.0017
HLA-DQA1	all	POOLED	475	1	0.0017
HLA-DQA1	all	POOLED	487	1	0.0017
HLA-DQA1	all	POOLED	600	1	0.0017
HLA-DQA1	all	POOLED	630	1	0.0017
HLA-DQA1	all	POOLED	702	1	0.0017
HLA-DQA1	all	POOLED	724	1	0.0017
HLA-DQA1	all	POOLED	772	1	0.0017
HLA-DQA1	all	POOLED	822	1	0.0017
HLA-DQA1	all	POOLED	831	1	0.0017
HLA-DQA1	all	POOLED	933	1	0.0017
HLA-DQA1	all	POOLED	1159	1	0.0017
HLA-DQA1	all	POOLED	2002	1	0.0017
HLA-DQA1	all	POOLED	2411	1	0.0017
HLA-DQA1	known	AFR	1	13	0.1368
HLA-DQA1	known	AFR	2	7	0.0737
HLA-DQA1	known	AFR	3	8	0.0842
HLA-DQA1	known	AFR	4	4	0.0421
HLA-DQA1	known	AFR	5	5	0.0526
HLA-DQA1	known	AFR	6	3	0.0316
HLA-DQA1	known	AFR	7	3	0.0316
HLA-DQA1	known	AFR	8	3	0.0316
HLA-DQA1	known	AFR	9	1	0.0105
HLA-DQA1	known	AFR	10	4	0.0421
HLA-DQA1	known	AFR	11	1	0.0105
HLA-DQA1	known	AFR	12	1	0.0105
HLA-DQA1	known	AFR	13	2	0.0211
HLA-DQA1	known	AFR	15	1	0.0105
HLA-DQA1	known	AFR	16	1	0.0105
HLA-DQA1	known	AFR	19	4	0.0421
HLA-DQA1	known	AFR	20	2	0.0211
HLA-DQA1	known	AFR	22	1	0.0105
HLA-DQA1	known	AFR	23	1	0.0105
HLA-DQA1	known	AFR	24	2	0.0211
HLA-DQA1	known	AFR	25	2	0.0211
HLA-DQA1	known	AFR	27	2	0.0211
HLA-DQA1	known	AFR	33	2	0.0211
HLA-DQA1	known	AFR	41	1	0.0105
HLA-DQA1	known	AFR	46	1	0.0105
HLA-DQA1	known	AFR	52	1	0.0105
HLA-DQA1	known	AFR	58	1	0.0105
HLA-DQA1	known	AFR	84	1	0.0105
HLA-DQA1	known	AFR	97	1	0.0105
HLA-DQA1	known	AFR	126	1	0.0105
HLA-DQA1	known	AFR	127	1	0.0105
HLA-DQA1	known	AFR	138	1	0.0105
HLA-DQA1	known	AFR	151	2	0.0211
HLA-DQA1	known	AFR	153	1	0.0105
HLA-DQA1	known	AFR	157	1	0.0105
HLA-DQA1	known	AFR	167	2	0.0211
HLA-DQA1	known	AFR	187	1	0.0105
HLA-DQA1	known	AFR	201	1	0.0105
HLA-DQA1	known	AFR	258	1	0.0105
HLA-DQA1	known	AFR	334	1	0.0105
HLA-DQA1	known	AFR	352	1	0.0105
HLA-DQA1	known	AFR	579	1	0.0105
HLA-DQA1	known	AFR	725	1	0.0105
HLA-DQA1	known	AMR	1	17	0.1771
HLA-DQA1	known	AMR	2	5	0.0521
HLA-DQA1	known	AMR	3	8	0.0833
HLA-DQA1	known	AMR	4	4	0.0417
HLA-DQA1	known	AMR	5	4	0.0417
HLA-DQA1	known	AMR	6	1	0.0104
HLA-DQA1	known	AMR	7	1	0.0104
HLA-DQA1	known	AMR	8	2	0.0208
HLA-DQA1	known	AMR	9	3	0.0312
HLA-DQA1	known	AMR	10	1	0.0104
HLA-DQA1	known	AMR	11	1	0.0104
HLA-DQA1	known	AMR	12	1	0.0104
HLA-DQA1	known	AMR	13	1	0.0104
HLA-DQA1	known	AMR	14	2	0.0208
HLA-DQA1	known	AMR	15	1	0.0104
HLA-DQA1	known	AMR	17	1	0.0104
HLA-DQA1	known	AMR	18	1	0.0104
HLA-DQA1	known	AMR	19	2	0.0208
HLA-DQA1	known	AMR	20	1	0.0104
HLA-DQA1	known	AMR	23	1	0.0104
HLA-DQA1	known	AMR	24	1	0.0104
HLA-DQA1	known	AMR	25	1	0.0104
HLA-DQA1	known	AMR	27	1	0.0104
HLA-DQA1	known	AMR	28	1	0.0104
HLA-DQA1	known	AMR	29	1	0.0104
HLA-DQA1	known	AMR	30	1	0.0104
HLA-DQA1	known	AMR	32	2	0.0208
HLA-DQA1	known	AMR	35	2	0.0208
HLA-DQA1	known	AMR	36	1	0.0104
HLA-DQA1	known	AMR	38	1	0.0104
HLA-DQA1	known	AMR	41	1	0.0104
HLA-DQA1	known	AMR	44	2	0.0208
HLA-DQA1	known	AMR	45	1	0.0104
HLA-DQA1	known	AMR	49	1	0.0104
HLA-DQA1	known	AMR	50	1	0.0104
HLA-DQA1	known	AMR	55	1	0.0104
HLA-DQA1	known	AMR	58	1	0.0104
HLA-DQA1	known	AMR	60	2	0.0208
HLA-DQA1	known	AMR	62	1	0.0104
HLA-DQA1	known	AMR	72	1	0.0104
HLA-DQA1	known	AMR	80	1	0.0104
HLA-DQA1	known	AMR	85	1	0.0104
HLA-DQA1	known	AMR	121	1	0.0104
HLA-DQA1	known	AMR	150	1	0.0104
HLA-DQA1	known	AMR	154	1	0.0104
HLA-DQA1	known	AMR	156	1	0.0104
HLA-DQA1	known	AMR	189	1	0.0104
HLA-DQA1	known	AMR	204	1	0.0104
HLA-DQA1	known	AMR	215	1	0.0104
HLA-DQA1	known	AMR	226	1	0.0104
HLA-DQA1	known	AMR	250	1	0.0104
HLA-DQA1	known	AMR	261	1	0.0104
HLA-DQA1	known	AMR	504	1	0.0104
HLA-DQA1	known	AMR	789	1	0.0104
HLA-DQA1	known	EAS	1	12	0.1579
HLA-DQA1	known	EAS	2	12	0.1579
HLA-DQA1	known	EAS	3	9	0.1184
HLA-DQA1	known	EAS	4	3	0.0395
HLA-DQA1	known	EAS	5	5	0.0658
HLA-DQA1	known	EAS	7	3	0.0395
HLA-DQA1	known	EAS	10	1	0.0132
HLA-DQA1	known	EAS	12	1	0.0132
HLA-DQA1	known	EAS	16	1	0.0132
HLA-DQA1	known	EAS	20	2	0.0263
HLA-DQA1	known	EAS	21	1	0.0132
HLA-DQA1	known	EAS	22	2	0.0263
HLA-DQA1	known	EAS	24	2	0.0263
HLA-DQA1	known	EAS	25	1	0.0132
HLA-DQA1	known	EAS	26	1	0.0132
HLA-DQA1	known	EAS	28	1	0.0132
HLA-DQA1	known	EAS	29	1	0.0132
HLA-DQA1	known	EAS	30	1	0.0132
HLA-DQA1	known	EAS	33	1	0.0132
HLA-DQA1	known	EAS	42	1	0.0132
HLA-DQA1	known	EAS	46	1	0.0132
HLA-DQA1	known	EAS	48	1	0.0132
HLA-DQA1	known	EAS	54	1	0.0132
HLA-DQA1	known	EAS	64	1	0.0132
HLA-DQA1	known	EAS	75	1	0.0132
HLA-DQA1	known	EAS	78	1	0.0132
HLA-DQA1	known	EAS	138	1	0.0132
HLA-DQA1	known	EAS	139	2	0.0263
HLA-DQA1	known	EAS	143	1	0.0132
HLA-DQA1	known	EAS	153	1	0.0132
HLA-DQA1	known	EAS	156	1	0.0132
HLA-DQA1	known	EAS	170	1	0.0132
HLA-DQA1	known	EAS	181	1	0.0132
HLA-DQA1	known	EAS	304	1	0.0132
HLA-DQA1	known	EUR	1	22	0.2292
HLA-DQA1	known	EUR	2	9	0.0938
HLA-DQA1	known	EUR	3	5	0.0521
HLA-DQA1	known	EUR	4	3	0.0312
HLA-DQA1	known	EUR	5	1	0.0104
HLA-DQA1	known	EUR	6	2	0.0208
HLA-DQA1	known	EUR	7	5	0.0521
HLA-DQA1	known	EUR	8	3	0.0312
HLA-DQA1	known	EUR	9	2	0.0208
HLA-DQA1	known	EUR	10	2	0.0208
HLA-DQA1	known	EUR	12	1	0.0104
HLA-DQA1	known	EUR	13	1	0.0104
HLA-DQA1	known	EUR	15	1	0.0104
HLA-DQA1	known	EUR	16	2	0.0208
HLA-DQA1	known	EUR	17	1	0.0104
HLA-DQA1	known	EUR	18	1	0.0104
HLA-DQA1	known	EUR	19	1	0.0104
HLA-DQA1	known	EUR	22	1	0.0104
HLA-DQA1	known	EUR	25	2	0.0208
HLA-DQA1	known	EUR	26	1	0.0104
HLA-DQA1	known	EUR	28	2	0.0208
HLA-DQA1	known	EUR	29	1	0.0104
HLA-DQA1	known	EUR	31	1	0.0104
HLA-DQA1	known	EUR	35	1	0.0104
HLA-DQA1	known	EUR	37	1	0.0104
HLA-DQA1	known	EUR	42	1	0.0104
HLA-DQA1	known	EUR	49	1	0.0104
HLA-DQA1	known	EUR	53	1	0.0104
HLA-DQA1	known	EUR	59	1	0.0104
HLA-DQA1	known	EUR	61	1	0.0104
HLA-DQA1	known	EUR	64	1	0.0104
HLA-DQA1	known	EUR	71	1	0.0104
HLA-DQA1	known	EUR	79	2	0.0208
HLA-DQA1	known	EUR	87	2	0.0208
HLA-DQA1	known	EUR	89	1	0.0104
HLA-DQA1	known	EUR	148	2	0.0208
HLA-DQA1	known	EUR	164	1	0.0104
HLA-DQA1	known	EUR	172	1	0.0104
HLA-DQA1	known	EUR	180	1	0.0104
HLA-DQA1	known	EUR	290	1	0.0104
HLA-DQA1	known	EUR	295	1	0.0104
HLA-DQA1	known	EUR	314	1	0.0104
HLA-DQA1	known	EUR	377	1	0.0104
HLA-DQA1	known	EUR	378	1	0.0104
HLA-DQA1	known	EUR	610	1	0.0104
HLA-DQA1	known	EUR	678	1	0.0104
HLA-DQA1	known	MID	1	13	0.2063
HLA-DQA1	known	MID	2	7	0.1111
HLA-DQA1	known	MID	3	5	0.0794
HLA-DQA1	known	MID	4	5	0.0794
HLA-DQA1	known	MID	5	4	0.0635
HLA-DQA1	known	MID	6	4	0.0635
HLA-DQA1	known	MID	7	1	0.0159
HLA-DQA1	known	MID	8	2	0.0317
HLA-DQA1	known	MID	9	1	0.0159
HLA-DQA1	known	MID	12	1	0.0159
HLA-DQA1	known	MID	14	1	0.0159
HLA-DQA1	known	MID	15	3	0.0476
HLA-DQA1	known	MID	18	1	0.0159
HLA-DQA1	known	MID	19	1	0.0159
HLA-DQA1	known	MID	21	1	0.0159
HLA-DQA1	known	MID	22	1	0.0159
HLA-DQA1	known	MID	24	1	0.0159
HLA-DQA1	known	MID	25	1	0.0159
HLA-DQA1	known	MID	26	1	0.0159
HLA-DQA1	known	MID	28	2	0.0317
HLA-DQA1	known	MID	33	2	0.0317
HLA-DQA1	known	MID	34	1	0.0159
HLA-DQA1	known	MID	46	1	0.0159
HLA-DQA1	known	MID	49	1	0.0159
HLA-DQA1	known	MID	78	1	0.0159
HLA-DQA1	known	MID	105	1	0.0159
HLA-DQA1	known	SAS	1	14	0.2188
HLA-DQA1	known	SAS	2	8	0.125
HLA-DQA1	known	SAS	3	1	0.0156
HLA-DQA1	known	SAS	4	8	0.125
HLA-DQA1	known	SAS	5	1	0.0156
HLA-DQA1	known	SAS	6	2	0.0312
HLA-DQA1	known	SAS	7	4	0.0625
HLA-DQA1	known	SAS	9	1	0.0156
HLA-DQA1	known	SAS	10	1	0.0156
HLA-DQA1	known	SAS	11	1	0.0156
HLA-DQA1	known	SAS	13	2	0.0312
HLA-DQA1	known	SAS	15	1	0.0156
HLA-DQA1	known	SAS	16	1	0.0156
HLA-DQA1	known	SAS	17	1	0.0156
HLA-DQA1	known	SAS	19	1	0.0156
HLA-DQA1	known	SAS	23	1	0.0156
HLA-DQA1	known	SAS	26	1	0.0156
HLA-DQA1	known	SAS	27	1	0.0156
HLA-DQA1	known	SAS	29	2	0.0312
HLA-DQA1	known	SAS	34	1	0.0156
HLA-DQA1	known	SAS	38	1	0.0156
HLA-DQA1	known	SAS	42	1	0.0156
HLA-DQA1	known	SAS	53	1	0.0156
HLA-DQA1	known	SAS	65	1	0.0156
HLA-DQA1	known	SAS	98	1	0.0156
HLA-DQA1	known	SAS	106	1	0.0156
HLA-DQA1	known	SAS	115	1	0.0156
HLA-DQA1	known	SAS	169	1	0.0156
HLA-DQA1	known	SAS	188	1	0.0156
HLA-DQA1	known	SAS	277	1	0.0156
HLA-DQA1	known	SAS	411	1	0.0156
HLA-DQA1	known	POOLED	1	16	0.1143
HLA-DQA1	known	POOLED	2	12	0.0857
HLA-DQA1	known	POOLED	3	7	0.05
HLA-DQA1	known	POOLED	4	6	0.0429
HLA-DQA1	known	POOLED	5	4	0.0286
HLA-DQA1	known	POOLED	6	4	0.0286
HLA-DQA1	known	POOLED	7	2	0.0143
HLA-DQA1	known	POOLED	8	1	0.0071
HLA-DQA1	known	POOLED	9	4	0.0286
HLA-DQA1	known	POOLED	10	3	0.0214
HLA-DQA1	known	POOLED	11	2	0.0143
HLA-DQA1	known	POOLED	12	2	0.0143
HLA-DQA1	known	POOLED	16	1	0.0071
HLA-DQA1	known	POOLED	17	1	0.0071
HLA-DQA1	known	POOLED	18	1	0.0071
HLA-DQA1	known	POOLED	20	1	0.0071
HLA-DQA1	known	POOLED	21	1	0.0071
HLA-DQA1	known	POOLED	23	2	0.0143
HLA-DQA1	known	POOLED	24	1	0.0071
HLA-DQA1	known	POOLED	26	2	0.0143
HLA-DQA1	known	POOLED	27	1	0.0071
HLA-DQA1	known	POOLED	28	1	0.0071
HLA-DQA1	known	POOLED	30	1	0.0071
HLA-DQA1	known	POOLED	31	1	0.0071
HLA-DQA1	known	POOLED	32	1	0.0071
HLA-DQA1	known	POOLED	33	2	0.0143
HLA-DQA1	known	POOLED	34	1	0.0071
HLA-DQA1	known	POOLED	35	1	0.0071
HLA-DQA1	known	POOLED	38	2	0.0143
HLA-DQA1	known	POOLED	42	1	0.0071
HLA-DQA1	known	POOLED	43	2	0.0143
HLA-DQA1	known	POOLED	55	1	0.0071
HLA-DQA1	known	POOLED	57	1	0.0071
HLA-DQA1	known	POOLED	58	1	0.0071
HLA-DQA1	known	POOLED	61	1	0.0071
HLA-DQA1	known	POOLED	62	1	0.0071
HLA-DQA1	known	POOLED	77	1	0.0071
HLA-DQA1	known	POOLED	82	1	0.0071
HLA-DQA1	known	POOLED	85	1	0.0071
HLA-DQA1	known	POOLED	86	1	0.0071
HLA-DQA1	known	POOLED	88	1	0.0071
HLA-DQA1	known	POOLED	92	1	0.0071
HLA-DQA1	known	POOLED	94	1	0.0071
HLA-DQA1	known	POOLED	97	1	0.0071
HLA-DQA1	known	POOLED	100	1	0.0071
HLA-DQA1	known	POOLED	101	1	0.0071
HLA-DQA1	known	POOLED	120	1	0.0071
HLA-DQA1	known	POOLED	137	1	0.0071
HLA-DQA1	known	POOLED	141	2	0.0143
HLA-DQA1	known	POOLED	148	1	0.0071
HLA-DQA1	known	POOLED	152	1	0.0071
HLA-DQA1	known	POOLED	159	1	0.0071
HLA-DQA1	known	POOLED	175	1	0.0071
HLA-DQA1	known	POOLED	178	1	0.0071
HLA-DQA1	known	POOLED	181	1	0.0071
HLA-DQA1	known	POOLED	206	1	0.0071
HLA-DQA1	known	POOLED	208	1	0.0071
HLA-DQA1	known	POOLED	240	1	0.0071
HLA-DQA1	known	POOLED	257	1	0.0071
HLA-DQA1	known	POOLED	262	1	0.0071
HLA-DQA1	known	POOLED	266	1	0.0071
HLA-DQA1	known	POOLED	268	1	0.0071
HLA-DQA1	known	POOLED	270	1	0.0071
HLA-DQA1	known	POOLED	289	1	0.0071
HLA-DQA1	known	POOLED	298	1	0.0071
HLA-DQA1	known	POOLED	313	1	0.0071
HLA-DQA1	known	POOLED	353	1	0.0071
HLA-DQA1	known	POOLED	391	1	0.0071
HLA-DQA1	known	POOLED	420	1	0.0071
HLA-DQA1	known	POOLED	427	1	0.0071
HLA-DQA1	known	POOLED	433	1	0.0071
HLA-DQA1	known	POOLED	450	1	0.0071
HLA-DQA1	known	POOLED	475	1	0.0071
HLA-DQA1	known	POOLED	487	1	0.0071
HLA-DQA1	known	POOLED	600	1	0.0071
HLA-DQA1	known	POOLED	702	1	0.0071
HLA-DQA1	known	POOLED	724	1	0.0071
HLA-DQA1	known	POOLED	772	1	0.0071
HLA-DQA1	known	POOLED	831	1	0.0071
HLA-DQA1	known	POOLED	933	1	0.0071
HLA-DQA1	known	POOLED	1159	1	0.0071
HLA-DQA1	known	POOLED	2002	1	0.0071
HLA-DQA1	known	POOLED	2411	1	0.0071
HLA-DQA1	novel	AFR	1	148	0.8655
HLA-DQA1	novel	AFR	2	4	0.0234
HLA-DQA1	novel	AFR	3	1	0.0058
HLA-DQA1	novel	AFR	5	2	0.0117
HLA-DQA1	novel	AFR	9	1	0.0058
HLA-DQA1	novel	AFR	13	2	0.0117
HLA-DQA1	novel	AFR	15	1	0.0058
HLA-DQA1	novel	AFR	17	1	0.0058
HLA-DQA1	novel	AFR	20	1	0.0058
HLA-DQA1	novel	AFR	28	1	0.0058
HLA-DQA1	novel	AFR	30	1	0.0058
HLA-DQA1	novel	AFR	49	1	0.0058
HLA-DQA1	novel	AFR	61	1	0.0058
HLA-DQA1	novel	AFR	67	1	0.0058
HLA-DQA1	novel	AFR	69	1	0.0058
HLA-DQA1	novel	AFR	70	1	0.0058
HLA-DQA1	novel	AFR	88	1	0.0058
HLA-DQA1	novel	AFR	179	1	0.0058
HLA-DQA1	novel	AFR	202	1	0.0058
HLA-DQA1	novel	AMR	1	91	0.8053
HLA-DQA1	novel	AMR	2	6	0.0531
HLA-DQA1	novel	AMR	3	2	0.0177
HLA-DQA1	novel	AMR	15	1	0.0088
HLA-DQA1	novel	AMR	22	1	0.0088
HLA-DQA1	novel	AMR	24	1	0.0088
HLA-DQA1	novel	AMR	25	1	0.0088
HLA-DQA1	novel	AMR	26	2	0.0177
HLA-DQA1	novel	AMR	27	1	0.0088
HLA-DQA1	novel	AMR	28	1	0.0088
HLA-DQA1	novel	AMR	30	1	0.0088
HLA-DQA1	novel	AMR	33	1	0.0088
HLA-DQA1	novel	AMR	34	1	0.0088
HLA-DQA1	novel	AMR	38	1	0.0088
HLA-DQA1	novel	AMR	78	1	0.0088
HLA-DQA1	novel	AMR	203	1	0.0088
HLA-DQA1	novel	EAS	1	49	0.7424
HLA-DQA1	novel	EAS	3	1	0.0152
HLA-DQA1	novel	EAS	6	2	0.0303
HLA-DQA1	novel	EAS	8	1	0.0152
HLA-DQA1	novel	EAS	9	1	0.0152
HLA-DQA1	novel	EAS	10	1	0.0152
HLA-DQA1	novel	EAS	11	1	0.0152
HLA-DQA1	novel	EAS	12	1	0.0152
HLA-DQA1	novel	EAS	16	1	0.0152
HLA-DQA1	novel	EAS	17	1	0.0152
HLA-DQA1	novel	EAS	21	1	0.0152
HLA-DQA1	novel	EAS	22	1	0.0152
HLA-DQA1	novel	EAS	26	1	0.0152
HLA-DQA1	novel	EAS	33	1	0.0152
HLA-DQA1	novel	EAS	37	1	0.0152
HLA-DQA1	novel	EAS	64	1	0.0152
HLA-DQA1	novel	EAS	198	1	0.0152
HLA-DQA1	novel	EUR	1	103	0.824
HLA-DQA1	novel	EUR	2	4	0.032
HLA-DQA1	novel	EUR	3	2	0.016
HLA-DQA1	novel	EUR	5	2	0.016
HLA-DQA1	novel	EUR	7	1	0.008
HLA-DQA1	novel	EUR	8	1	0.008
HLA-DQA1	novel	EUR	12	1	0.008
HLA-DQA1	novel	EUR	15	1	0.008
HLA-DQA1	novel	EUR	30	1	0.008
HLA-DQA1	novel	EUR	32	1	0.008
HLA-DQA1	novel	EUR	35	1	0.008
HLA-DQA1	novel	EUR	36	1	0.008
HLA-DQA1	novel	EUR	40	1	0.008
HLA-DQA1	novel	EUR	51	1	0.008
HLA-DQA1	novel	EUR	52	1	0.008
HLA-DQA1	novel	EUR	62	1	0.008
HLA-DQA1	novel	EUR	108	1	0.008
HLA-DQA1	novel	EUR	255	1	0.008
HLA-DQA1	novel	MID	1	16	0.5333
HLA-DQA1	novel	MID	2	2	0.0667
HLA-DQA1	novel	MID	5	1	0.0333
HLA-DQA1	novel	MID	6	1	0.0333
HLA-DQA1	novel	MID	7	4	0.1333
HLA-DQA1	novel	MID	8	2	0.0667
HLA-DQA1	novel	MID	10	1	0.0333
HLA-DQA1	novel	MID	12	1	0.0333
HLA-DQA1	novel	MID	13	1	0.0333
HLA-DQA1	novel	MID	64	1	0.0333
HLA-DQA1	novel	SAS	1	48	0.7619
HLA-DQA1	novel	SAS	2	3	0.0476
HLA-DQA1	novel	SAS	8	2	0.0317
HLA-DQA1	novel	SAS	13	1	0.0159
HLA-DQA1	novel	SAS	17	1	0.0159
HLA-DQA1	novel	SAS	18	1	0.0159
HLA-DQA1	novel	SAS	21	1	0.0159
HLA-DQA1	novel	SAS	26	1	0.0159
HLA-DQA1	novel	SAS	30	1	0.0159
HLA-DQA1	novel	SAS	37	1	0.0159
HLA-DQA1	novel	SAS	57	1	0.0159
HLA-DQA1	novel	SAS	74	1	0.0159
HLA-DQA1	novel	SAS	153	1	0.0159
HLA-DQA1	novel	POOLED	1	411	0.8877
HLA-DQA1	novel	POOLED	2	21	0.0454
HLA-DQA1	novel	POOLED	3	7	0.0151
HLA-DQA1	novel	POOLED	5	2	0.0043
HLA-DQA1	novel	POOLED	13	1	0.0022
HLA-DQA1	novel	POOLED	14	1	0.0022
HLA-DQA1	novel	POOLED	16	1	0.0022
HLA-DQA1	novel	POOLED	23	1	0.0022
HLA-DQA1	novel	POOLED	28	1	0.0022
HLA-DQA1	novel	POOLED	29	1	0.0022
HLA-DQA1	novel	POOLED	32	1	0.0022
HLA-DQA1	novel	POOLED	55	1	0.0022
HLA-DQA1	novel	POOLED	68	1	0.0022
HLA-DQA1	novel	POOLED	99	1	0.0022
HLA-DQA1	novel	POOLED	112	1	0.0022
HLA-DQA1	novel	POOLED	117	1	0.0022
HLA-DQA1	novel	POOLED	128	1	0.0022
HLA-DQA1	novel	POOLED	132	1	0.0022
HLA-DQA1	novel	POOLED	137	1	0.0022
HLA-DQA1	novel	POOLED	145	1	0.0022
HLA-DQA1	novel	POOLED	172	1	0.0022
HLA-DQA1	novel	POOLED	180	1	0.0022
HLA-DQA1	novel	POOLED	223	1	0.0022
HLA-DQA1	novel	POOLED	272	1	0.0022
HLA-DQA1	novel	POOLED	630	1	0.0022
HLA-DQA1	novel	POOLED	822	1	0.0022
HLA-DQA2	all	AFR	1	91	0.6741
HLA-DQA2	all	AFR	2	9	0.0667
HLA-DQA2	all	AFR	3	1	0.0074
HLA-DQA2	all	AFR	4	2	0.0148
HLA-DQA2	all	AFR	9	1	0.0074
HLA-DQA2	all	AFR	12	2	0.0148
HLA-DQA2	all	AFR	13	2	0.0148
HLA-DQA2	all	AFR	14	1	0.0074
HLA-DQA2	all	AFR	18	2	0.0148
HLA-DQA2	all	AFR	20	1	0.0074
HLA-DQA2	all	AFR	26	1	0.0074
HLA-DQA2	all	AFR	27	1	0.0074
HLA-DQA2	all	AFR	36	1	0.0074
HLA-DQA2	all	AFR	55	1	0.0074
HLA-DQA2	all	AFR	60	1	0.0074
HLA-DQA2	all	AFR	65	1	0.0074
HLA-DQA2	all	AFR	83	1	0.0074
HLA-DQA2	all	AFR	92	1	0.0074
HLA-DQA2	all	AFR	145	1	0.0074
HLA-DQA2	all	AFR	159	1	0.0074
HLA-DQA2	all	AFR	165	1	0.0074
HLA-DQA2	all	AFR	173	1	0.0074
HLA-DQA2	all	AFR	198	1	0.0074
HLA-DQA2	all	AFR	219	1	0.0074
HLA-DQA2	all	AFR	222	1	0.0074
HLA-DQA2	all	AFR	233	1	0.0074
HLA-DQA2	all	AFR	307	1	0.0074
HLA-DQA2	all	AFR	439	1	0.0074
HLA-DQA2	all	AFR	498	1	0.0074
HLA-DQA2	all	AFR	506	1	0.0074
HLA-DQA2	all	AFR	575	1	0.0074
HLA-DQA2	all	AFR	616	1	0.0074
HLA-DQA2	all	AFR	964	1	0.0074
HLA-DQA2	all	AMR	1	89	0.6953
HLA-DQA2	all	AMR	2	6	0.0469
HLA-DQA2	all	AMR	3	2	0.0156
HLA-DQA2	all	AMR	5	2	0.0156
HLA-DQA2	all	AMR	6	1	0.0078
HLA-DQA2	all	AMR	10	2	0.0156
HLA-DQA2	all	AMR	13	1	0.0078
HLA-DQA2	all	AMR	18	1	0.0078
HLA-DQA2	all	AMR	28	1	0.0078
HLA-DQA2	all	AMR	37	1	0.0078
HLA-DQA2	all	AMR	39	1	0.0078
HLA-DQA2	all	AMR	46	1	0.0078
HLA-DQA2	all	AMR	48	1	0.0078
HLA-DQA2	all	AMR	56	1	0.0078
HLA-DQA2	all	AMR	71	1	0.0078
HLA-DQA2	all	AMR	91	1	0.0078
HLA-DQA2	all	AMR	107	1	0.0078
HLA-DQA2	all	AMR	117	1	0.0078
HLA-DQA2	all	AMR	134	1	0.0078
HLA-DQA2	all	AMR	146	1	0.0078
HLA-DQA2	all	AMR	158	1	0.0078
HLA-DQA2	all	AMR	177	1	0.0078
HLA-DQA2	all	AMR	178	1	0.0078
HLA-DQA2	all	AMR	180	1	0.0078
HLA-DQA2	all	AMR	198	1	0.0078
HLA-DQA2	all	AMR	199	1	0.0078
HLA-DQA2	all	AMR	221	1	0.0078
HLA-DQA2	all	AMR	288	1	0.0078
HLA-DQA2	all	AMR	534	1	0.0078
HLA-DQA2	all	AMR	622	1	0.0078
HLA-DQA2	all	AMR	698	1	0.0078
HLA-DQA2	all	AMR	918	1	0.0078
HLA-DQA2	all	EAS	1	51	0.622
HLA-DQA2	all	EAS	2	5	0.061
HLA-DQA2	all	EAS	3	4	0.0488
HLA-DQA2	all	EAS	4	1	0.0122
HLA-DQA2	all	EAS	6	2	0.0244
HLA-DQA2	all	EAS	7	1	0.0122
HLA-DQA2	all	EAS	10	1	0.0122
HLA-DQA2	all	EAS	12	1	0.0122
HLA-DQA2	all	EAS	13	1	0.0122
HLA-DQA2	all	EAS	32	1	0.0122
HLA-DQA2	all	EAS	33	1	0.0122
HLA-DQA2	all	EAS	36	1	0.0122
HLA-DQA2	all	EAS	42	1	0.0122
HLA-DQA2	all	EAS	82	1	0.0122
HLA-DQA2	all	EAS	87	1	0.0122
HLA-DQA2	all	EAS	88	1	0.0122
HLA-DQA2	all	EAS	111	1	0.0122
HLA-DQA2	all	EAS	143	1	0.0122
HLA-DQA2	all	EAS	160	1	0.0122
HLA-DQA2	all	EAS	166	1	0.0122
HLA-DQA2	all	EAS	176	1	0.0122
HLA-DQA2	all	EAS	223	1	0.0122
HLA-DQA2	all	EAS	668	1	0.0122
HLA-DQA2	all	EAS	767	1	0.0122
HLA-DQA2	all	EUR	1	87	0.7073
HLA-DQA2	all	EUR	2	5	0.0407
HLA-DQA2	all	EUR	3	2	0.0163
HLA-DQA2	all	EUR	5	1	0.0081
HLA-DQA2	all	EUR	6	1	0.0081
HLA-DQA2	all	EUR	8	1	0.0081
HLA-DQA2	all	EUR	11	1	0.0081
HLA-DQA2	all	EUR	13	1	0.0081
HLA-DQA2	all	EUR	14	1	0.0081
HLA-DQA2	all	EUR	17	1	0.0081
HLA-DQA2	all	EUR	18	1	0.0081
HLA-DQA2	all	EUR	60	1	0.0081
HLA-DQA2	all	EUR	67	2	0.0163
HLA-DQA2	all	EUR	69	1	0.0081
HLA-DQA2	all	EUR	80	1	0.0081
HLA-DQA2	all	EUR	83	1	0.0081
HLA-DQA2	all	EUR	86	1	0.0081
HLA-DQA2	all	EUR	109	1	0.0081
HLA-DQA2	all	EUR	123	1	0.0081
HLA-DQA2	all	EUR	157	1	0.0081
HLA-DQA2	all	EUR	216	1	0.0081
HLA-DQA2	all	EUR	217	2	0.0163
HLA-DQA2	all	EUR	281	1	0.0081
HLA-DQA2	all	EUR	314	1	0.0081
HLA-DQA2	all	EUR	341	1	0.0081
HLA-DQA2	all	EUR	344	1	0.0081
HLA-DQA2	all	EUR	462	1	0.0081
HLA-DQA2	all	EUR	525	1	0.0081
HLA-DQA2	all	EUR	931	1	0.0081
HLA-DQA2	all	EUR	1098	1	0.0081
HLA-DQA2	all	MID	1	14	0.35
HLA-DQA2	all	MID	2	2	0.05
HLA-DQA2	all	MID	4	1	0.025
HLA-DQA2	all	MID	8	3	0.075
HLA-DQA2	all	MID	9	1	0.025
HLA-DQA2	all	MID	13	1	0.025
HLA-DQA2	all	MID	14	1	0.025
HLA-DQA2	all	MID	16	1	0.025
HLA-DQA2	all	MID	17	1	0.025
HLA-DQA2	all	MID	18	1	0.025
HLA-DQA2	all	MID	25	1	0.025
HLA-DQA2	all	MID	27	1	0.025
HLA-DQA2	all	MID	31	1	0.025
HLA-DQA2	all	MID	32	1	0.025
HLA-DQA2	all	MID	33	1	0.025
HLA-DQA2	all	MID	38	1	0.025
HLA-DQA2	all	MID	48	1	0.025
HLA-DQA2	all	MID	50	1	0.025
HLA-DQA2	all	MID	57	1	0.025
HLA-DQA2	all	MID	66	1	0.025
HLA-DQA2	all	MID	85	1	0.025
HLA-DQA2	all	MID	86	1	0.025
HLA-DQA2	all	MID	110	1	0.025
HLA-DQA2	all	MID	155	1	0.025
HLA-DQA2	all	SAS	1	35	0.5645
HLA-DQA2	all	SAS	2	3	0.0484
HLA-DQA2	all	SAS	3	1	0.0161
HLA-DQA2	all	SAS	7	2	0.0323
HLA-DQA2	all	SAS	8	1	0.0161
HLA-DQA2	all	SAS	10	1	0.0161
HLA-DQA2	all	SAS	15	1	0.0161
HLA-DQA2	all	SAS	16	1	0.0161
HLA-DQA2	all	SAS	22	1	0.0161
HLA-DQA2	all	SAS	29	2	0.0323
HLA-DQA2	all	SAS	31	1	0.0161
HLA-DQA2	all	SAS	32	1	0.0161
HLA-DQA2	all	SAS	34	1	0.0161
HLA-DQA2	all	SAS	62	1	0.0161
HLA-DQA2	all	SAS	69	1	0.0161
HLA-DQA2	all	SAS	105	1	0.0161
HLA-DQA2	all	SAS	162	1	0.0161
HLA-DQA2	all	SAS	168	1	0.0161
HLA-DQA2	all	SAS	196	1	0.0161
HLA-DQA2	all	SAS	199	1	0.0161
HLA-DQA2	all	SAS	220	1	0.0161
HLA-DQA2	all	SAS	281	1	0.0161
HLA-DQA2	all	SAS	310	1	0.0161
HLA-DQA2	all	SAS	423	1	0.0161
HLA-DQA2	all	POOLED	1	318	0.8112
HLA-DQA2	all	POOLED	2	22	0.0561
HLA-DQA2	all	POOLED	3	8	0.0204
HLA-DQA2	all	POOLED	4	2	0.0051
HLA-DQA2	all	POOLED	5	3	0.0077
HLA-DQA2	all	POOLED	6	1	0.0026
HLA-DQA2	all	POOLED	10	2	0.0051
HLA-DQA2	all	POOLED	12	1	0.0026
HLA-DQA2	all	POOLED	13	1	0.0026
HLA-DQA2	all	POOLED	14	2	0.0051
HLA-DQA2	all	POOLED	17	1	0.0026
HLA-DQA2	all	POOLED	19	2	0.0051
HLA-DQA2	all	POOLED	21	1	0.0026
HLA-DQA2	all	POOLED	30	1	0.0026
HLA-DQA2	all	POOLED	52	1	0.0026
HLA-DQA2	all	POOLED	56	1	0.0026
HLA-DQA2	all	POOLED	64	1	0.0026
HLA-DQA2	all	POOLED	160	1	0.0026
HLA-DQA2	all	POOLED	222	1	0.0026
HLA-DQA2	all	POOLED	264	1	0.0026
HLA-DQA2	all	POOLED	337	1	0.0026
HLA-DQA2	all	POOLED	352	1	0.0026
HLA-DQA2	all	POOLED	457	1	0.0026
HLA-DQA2	all	POOLED	465	1	0.0026
HLA-DQA2	all	POOLED	477	1	0.0026
HLA-DQA2	all	POOLED	583	1	0.0026
HLA-DQA2	all	POOLED	589	1	0.0026
HLA-DQA2	all	POOLED	636	1	0.0026
HLA-DQA2	all	POOLED	640	1	0.0026
HLA-DQA2	all	POOLED	685	1	0.0026
HLA-DQA2	all	POOLED	738	1	0.0026
HLA-DQA2	all	POOLED	747	1	0.0026
HLA-DQA2	all	POOLED	791	1	0.0026
HLA-DQA2	all	POOLED	892	1	0.0026
HLA-DQA2	all	POOLED	950	1	0.0026
HLA-DQA2	all	POOLED	977	1	0.0026
HLA-DQA2	all	POOLED	1163	1	0.0026
HLA-DQA2	all	POOLED	1800	1	0.0026
HLA-DQA2	all	POOLED	2690	1	0.0026
HLA-DQA2	all	POOLED	3274	1	0.0026
HLA-DQA2	all	POOLED	3410	1	0.0026
HLA-DQA2	known	AFR	1	3	0.1304
HLA-DQA2	known	AFR	2	3	0.1304
HLA-DQA2	known	AFR	13	1	0.0435
HLA-DQA2	known	AFR	18	2	0.087
HLA-DQA2	known	AFR	26	1	0.0435
HLA-DQA2	known	AFR	27	1	0.0435
HLA-DQA2	known	AFR	55	1	0.0435
HLA-DQA2	known	AFR	60	1	0.0435
HLA-DQA2	known	AFR	83	1	0.0435
HLA-DQA2	known	AFR	145	1	0.0435
HLA-DQA2	known	AFR	165	1	0.0435
HLA-DQA2	known	AFR	173	1	0.0435
HLA-DQA2	known	AFR	198	1	0.0435
HLA-DQA2	known	AFR	222	1	0.0435
HLA-DQA2	known	AFR	233	1	0.0435
HLA-DQA2	known	AFR	307	1	0.0435
HLA-DQA2	known	AFR	439	1	0.0435
HLA-DQA2	known	AFR	575	1	0.0435
HLA-DQA2	known	AMR	1	1	0.05
HLA-DQA2	known	AMR	2	1	0.05
HLA-DQA2	known	AMR	6	1	0.05
HLA-DQA2	known	AMR	13	1	0.05
HLA-DQA2	known	AMR	18	1	0.05
HLA-DQA2	known	AMR	28	1	0.05
HLA-DQA2	known	AMR	48	1	0.05
HLA-DQA2	known	AMR	56	1	0.05
HLA-DQA2	known	AMR	91	1	0.05
HLA-DQA2	known	AMR	117	1	0.05
HLA-DQA2	known	AMR	134	1	0.05
HLA-DQA2	known	AMR	158	1	0.05
HLA-DQA2	known	AMR	178	1	0.05
HLA-DQA2	known	AMR	180	1	0.05
HLA-DQA2	known	AMR	198	1	0.05
HLA-DQA2	known	AMR	199	1	0.05
HLA-DQA2	known	AMR	221	1	0.05
HLA-DQA2	known	AMR	288	1	0.05
HLA-DQA2	known	AMR	534	1	0.05
HLA-DQA2	known	AMR	918	1	0.05
HLA-DQA2	known	EAS	1	3	0.1364
HLA-DQA2	known	EAS	2	3	0.1364
HLA-DQA2	known	EAS	3	1	0.0455
HLA-DQA2	known	EAS	6	2	0.0909
HLA-DQA2	known	EAS	10	1	0.0455
HLA-DQA2	known	EAS	12	1	0.0455
HLA-DQA2	known	EAS	13	1	0.0455
HLA-DQA2	known	EAS	32	1	0.0455
HLA-DQA2	known	EAS	33	1	0.0455
HLA-DQA2	known	EAS	42	1	0.0455
HLA-DQA2	known	EAS	82	1	0.0455
HLA-DQA2	known	EAS	87	1	0.0455
HLA-DQA2	known	EAS	111	1	0.0455
HLA-DQA2	known	EAS	160	1	0.0455
HLA-DQA2	known	EAS	166	1	0.0455
HLA-DQA2	known	EAS	176	1	0.0455
HLA-DQA2	known	EAS	767	1	0.0455
HLA-DQA2	known	EUR	2	2	0.0909
HLA-DQA2	known	EUR	3	1	0.0455
HLA-DQA2	known	EUR	6	1	0.0455
HLA-DQA2	known	EUR	13	1	0.0455
HLA-DQA2	known	EUR	14	1	0.0455
HLA-DQA2	known	EUR	17	1	0.0455
HLA-DQA2	known	EUR	18	1	0.0455
HLA-DQA2	known	EUR	60	1	0.0455
HLA-DQA2	known	EUR	69	1	0.0455
HLA-DQA2	known	EUR	80	1	0.0455
HLA-DQA2	known	EUR	83	1	0.0455
HLA-DQA2	known	EUR	109	1	0.0455
HLA-DQA2	known	EUR	216	1	0.0455
HLA-DQA2	known	EUR	217	2	0.0909
HLA-DQA2	known	EUR	281	1	0.0455
HLA-DQA2	known	EUR	314	1	0.0455
HLA-DQA2	known	EUR	341	1	0.0455
HLA-DQA2	known	EUR	344	1	0.0455
HLA-DQA2	known	EUR	462	1	0.0455
HLA-DQA2	known	EUR	525	1	0.0455
HLA-DQA2	known	MID	1	4	0.2
HLA-DQA2	known	MID	2	1	0.05
HLA-DQA2	known	MID	8	3	0.15
HLA-DQA2	known	MID	13	1	0.05
HLA-DQA2	known	MID	16	1	0.05
HLA-DQA2	known	MID	17	1	0.05
HLA-DQA2	known	MID	25	1	0.05
HLA-DQA2	known	MID	31	1	0.05
HLA-DQA2	known	MID	33	1	0.05
HLA-DQA2	known	MID	38	1	0.05
HLA-DQA2	known	MID	50	1	0.05
HLA-DQA2	known	MID	57	1	0.05
HLA-DQA2	known	MID	66	1	0.05
HLA-DQA2	known	MID	85	1	0.05
HLA-DQA2	known	MID	86	1	0.05
HLA-DQA2	known	SAS	1	2	0.1053
HLA-DQA2	known	SAS	3	1	0.0526
HLA-DQA2	known	SAS	7	1	0.0526
HLA-DQA2	known	SAS	10	1	0.0526
HLA-DQA2	known	SAS	15	1	0.0526
HLA-DQA2	known	SAS	16	1	0.0526
HLA-DQA2	known	SAS	22	1	0.0526
HLA-DQA2	known	SAS	29	2	0.1053
HLA-DQA2	known	SAS	31	1	0.0526
HLA-DQA2	known	SAS	32	1	0.0526
HLA-DQA2	known	SAS	34	1	0.0526
HLA-DQA2	known	SAS	69	1	0.0526
HLA-DQA2	known	SAS	105	1	0.0526
HLA-DQA2	known	SAS	162	1	0.0526
HLA-DQA2	known	SAS	168	1	0.0526
HLA-DQA2	known	SAS	196	1	0.0526
HLA-DQA2	known	SAS	423	1	0.0526
HLA-DQA2	known	POOLED	2	2	0.08
HLA-DQA2	known	POOLED	3	1	0.04
HLA-DQA2	known	POOLED	10	1	0.04
HLA-DQA2	known	POOLED	12	1	0.04
HLA-DQA2	known	POOLED	14	1	0.04
HLA-DQA2	known	POOLED	19	1	0.04
HLA-DQA2	known	POOLED	30	1	0.04
HLA-DQA2	known	POOLED	56	1	0.04
HLA-DQA2	known	POOLED	64	1	0.04
HLA-DQA2	known	POOLED	160	1	0.04
HLA-DQA2	known	POOLED	264	1	0.04
HLA-DQA2	known	POOLED	337	1	0.04
HLA-DQA2	known	POOLED	465	1	0.04
HLA-DQA2	known	POOLED	477	1	0.04
HLA-DQA2	known	POOLED	583	1	0.04
HLA-DQA2	known	POOLED	685	1	0.04
HLA-DQA2	known	POOLED	747	1	0.04
HLA-DQA2	known	POOLED	791	1	0.04
HLA-DQA2	known	POOLED	892	1	0.04
HLA-DQA2	known	POOLED	950	1	0.04
HLA-DQA2	known	POOLED	977	1	0.04
HLA-DQA2	known	POOLED	1163	1	0.04
HLA-DQA2	known	POOLED	1800	1	0.04
HLA-DQA2	known	POOLED	2690	1	0.04
HLA-DQA2	novel	AFR	1	88	0.7857
HLA-DQA2	novel	AFR	2	6	0.0536
HLA-DQA2	novel	AFR	3	1	0.0089
HLA-DQA2	novel	AFR	4	2	0.0179
HLA-DQA2	novel	AFR	9	1	0.0089
HLA-DQA2	novel	AFR	12	2	0.0179
HLA-DQA2	novel	AFR	13	1	0.0089
HLA-DQA2	novel	AFR	14	1	0.0089
HLA-DQA2	novel	AFR	20	1	0.0089
HLA-DQA2	novel	AFR	36	1	0.0089
HLA-DQA2	novel	AFR	65	1	0.0089
HLA-DQA2	novel	AFR	92	1	0.0089
HLA-DQA2	novel	AFR	159	1	0.0089
HLA-DQA2	novel	AFR	219	1	0.0089
HLA-DQA2	novel	AFR	498	1	0.0089
HLA-DQA2	novel	AFR	506	1	0.0089
HLA-DQA2	novel	AFR	616	1	0.0089
HLA-DQA2	novel	AFR	964	1	0.0089
HLA-DQA2	novel	AMR	1	88	0.8148
HLA-DQA2	novel	AMR	2	5	0.0463
HLA-DQA2	novel	AMR	3	2	0.0185
HLA-DQA2	novel	AMR	5	2	0.0185
HLA-DQA2	novel	AMR	10	2	0.0185
HLA-DQA2	novel	AMR	37	1	0.0093
HLA-DQA2	novel	AMR	39	1	0.0093
HLA-DQA2	novel	AMR	46	1	0.0093
HLA-DQA2	novel	AMR	71	1	0.0093
HLA-DQA2	novel	AMR	107	1	0.0093
HLA-DQA2	novel	AMR	146	1	0.0093
HLA-DQA2	novel	AMR	177	1	0.0093
HLA-DQA2	novel	AMR	622	1	0.0093
HLA-DQA2	novel	AMR	698	1	0.0093
HLA-DQA2	novel	EAS	1	48	0.8
HLA-DQA2	novel	EAS	2	2	0.0333
HLA-DQA2	novel	EAS	3	3	0.05
HLA-DQA2	novel	EAS	4	1	0.0167
HLA-DQA2	novel	EAS	7	1	0.0167
HLA-DQA2	novel	EAS	36	1	0.0167
HLA-DQA2	novel	EAS	88	1	0.0167
HLA-DQA2	novel	EAS	143	1	0.0167
HLA-DQA2	novel	EAS	223	1	0.0167
HLA-DQA2	novel	EAS	668	1	0.0167
HLA-DQA2	novel	EUR	1	87	0.8614
HLA-DQA2	novel	EUR	2	3	0.0297
HLA-DQA2	novel	EUR	3	1	0.0099
HLA-DQA2	novel	EUR	5	1	0.0099
HLA-DQA2	novel	EUR	8	1	0.0099
HLA-DQA2	novel	EUR	11	1	0.0099
HLA-DQA2	novel	EUR	67	2	0.0198
HLA-DQA2	novel	EUR	86	1	0.0099
HLA-DQA2	novel	EUR	123	1	0.0099
HLA-DQA2	novel	EUR	157	1	0.0099
HLA-DQA2	novel	EUR	931	1	0.0099
HLA-DQA2	novel	EUR	1098	1	0.0099
HLA-DQA2	novel	MID	1	10	0.5
HLA-DQA2	novel	MID	2	1	0.05
HLA-DQA2	novel	MID	4	1	0.05
HLA-DQA2	novel	MID	9	1	0.05
HLA-DQA2	novel	MID	14	1	0.05
HLA-DQA2	novel	MID	18	1	0.05
HLA-DQA2	novel	MID	27	1	0.05
HLA-DQA2	novel	MID	32	1	0.05
HLA-DQA2	novel	MID	48	1	0.05
HLA-DQA2	novel	MID	110	1	0.05
HLA-DQA2	novel	MID	155	1	0.05
HLA-DQA2	novel	SAS	1	33	0.7674
HLA-DQA2	novel	SAS	2	3	0.0698
HLA-DQA2	novel	SAS	7	1	0.0233
HLA-DQA2	novel	SAS	8	1	0.0233
HLA-DQA2	novel	SAS	62	1	0.0233
HLA-DQA2	novel	SAS	199	1	0.0233
HLA-DQA2	novel	SAS	220	1	0.0233
HLA-DQA2	novel	SAS	281	1	0.0233
HLA-DQA2	novel	SAS	310	1	0.0233
HLA-DQA2	novel	POOLED	1	318	0.8665
HLA-DQA2	novel	POOLED	2	20	0.0545
HLA-DQA2	novel	POOLED	3	7	0.0191
HLA-DQA2	novel	POOLED	4	2	0.0054
HLA-DQA2	novel	POOLED	5	3	0.0082
HLA-DQA2	novel	POOLED	6	1	0.0027
HLA-DQA2	novel	POOLED	10	1	0.0027
HLA-DQA2	novel	POOLED	13	1	0.0027
HLA-DQA2	novel	POOLED	14	1	0.0027
HLA-DQA2	novel	POOLED	17	1	0.0027
HLA-DQA2	novel	POOLED	19	1	0.0027
HLA-DQA2	novel	POOLED	21	1	0.0027
HLA-DQA2	novel	POOLED	52	1	0.0027
HLA-DQA2	novel	POOLED	222	1	0.0027
HLA-DQA2	novel	POOLED	352	1	0.0027
HLA-DQA2	novel	POOLED	457	1	0.0027
HLA-DQA2	novel	POOLED	589	1	0.0027
HLA-DQA2	novel	POOLED	636	1	0.0027
HLA-DQA2	novel	POOLED	640	1	0.0027
HLA-DQA2	novel	POOLED	738	1	0.0027
HLA-DQA2	novel	POOLED	3274	1	0.0027
HLA-DQA2	novel	POOLED	3410	1	0.0027
HLA-DQB1	all	AFR	1	173	0.6223
HLA-DQB1	all	AFR	2	24	0.0863
HLA-DQB1	all	AFR	3	10	0.036
HLA-DQB1	all	AFR	4	3	0.0108
HLA-DQB1	all	AFR	5	9	0.0324
HLA-DQB1	all	AFR	6	8	0.0288
HLA-DQB1	all	AFR	7	2	0.0072
HLA-DQB1	all	AFR	9	3	0.0108
HLA-DQB1	all	AFR	10	1	0.0036
HLA-DQB1	all	AFR	12	1	0.0036
HLA-DQB1	all	AFR	13	1	0.0036
HLA-DQB1	all	AFR	14	1	0.0036
HLA-DQB1	all	AFR	16	2	0.0072
HLA-DQB1	all	AFR	17	1	0.0036
HLA-DQB1	all	AFR	19	2	0.0072
HLA-DQB1	all	AFR	20	1	0.0036
HLA-DQB1	all	AFR	21	1	0.0036
HLA-DQB1	all	AFR	22	1	0.0036
HLA-DQB1	all	AFR	24	1	0.0036
HLA-DQB1	all	AFR	25	1	0.0036
HLA-DQB1	all	AFR	27	1	0.0036
HLA-DQB1	all	AFR	33	1	0.0036
HLA-DQB1	all	AFR	34	1	0.0036
HLA-DQB1	all	AFR	38	1	0.0036
HLA-DQB1	all	AFR	40	1	0.0036
HLA-DQB1	all	AFR	42	1	0.0036
HLA-DQB1	all	AFR	49	2	0.0072
HLA-DQB1	all	AFR	54	1	0.0036
HLA-DQB1	all	AFR	63	1	0.0036
HLA-DQB1	all	AFR	65	2	0.0072
HLA-DQB1	all	AFR	70	2	0.0072
HLA-DQB1	all	AFR	77	1	0.0036
HLA-DQB1	all	AFR	83	1	0.0036
HLA-DQB1	all	AFR	88	1	0.0036
HLA-DQB1	all	AFR	113	1	0.0036
HLA-DQB1	all	AFR	159	1	0.0036
HLA-DQB1	all	AFR	162	1	0.0036
HLA-DQB1	all	AFR	178	1	0.0036
HLA-DQB1	all	AFR	179	1	0.0036
HLA-DQB1	all	AFR	185	1	0.0036
HLA-DQB1	all	AFR	209	1	0.0036
HLA-DQB1	all	AFR	246	1	0.0036
HLA-DQB1	all	AFR	259	1	0.0036
HLA-DQB1	all	AFR	288	1	0.0036
HLA-DQB1	all	AFR	336	1	0.0036
HLA-DQB1	all	AFR	371	1	0.0036
HLA-DQB1	all	AFR	410	1	0.0036
HLA-DQB1	all	AFR	579	1	0.0036
HLA-DQB1	all	AFR	790	1	0.0036
HLA-DQB1	all	AMR	1	165	0.6522
HLA-DQB1	all	AMR	2	14	0.0553
HLA-DQB1	all	AMR	3	8	0.0316
HLA-DQB1	all	AMR	4	4	0.0158
HLA-DQB1	all	AMR	5	7	0.0277
HLA-DQB1	all	AMR	6	3	0.0119
HLA-DQB1	all	AMR	8	4	0.0158
HLA-DQB1	all	AMR	9	2	0.0079
HLA-DQB1	all	AMR	10	1	0.004
HLA-DQB1	all	AMR	11	1	0.004
HLA-DQB1	all	AMR	12	2	0.0079
HLA-DQB1	all	AMR	15	2	0.0079
HLA-DQB1	all	AMR	16	1	0.004
HLA-DQB1	all	AMR	18	1	0.004
HLA-DQB1	all	AMR	20	1	0.004
HLA-DQB1	all	AMR	25	1	0.004
HLA-DQB1	all	AMR	28	2	0.0079
HLA-DQB1	all	AMR	29	2	0.0079
HLA-DQB1	all	AMR	33	2	0.0079
HLA-DQB1	all	AMR	34	1	0.004
HLA-DQB1	all	AMR	35	1	0.004
HLA-DQB1	all	AMR	37	1	0.004
HLA-DQB1	all	AMR	38	1	0.004
HLA-DQB1	all	AMR	40	1	0.004
HLA-DQB1	all	AMR	41	1	0.004
HLA-DQB1	all	AMR	46	2	0.0079
HLA-DQB1	all	AMR	53	1	0.004
HLA-DQB1	all	AMR	57	1	0.004
HLA-DQB1	all	AMR	58	1	0.004
HLA-DQB1	all	AMR	60	1	0.004
HLA-DQB1	all	AMR	72	1	0.004
HLA-DQB1	all	AMR	74	1	0.004
HLA-DQB1	all	AMR	78	1	0.004
HLA-DQB1	all	AMR	88	1	0.004
HLA-DQB1	all	AMR	89	1	0.004
HLA-DQB1	all	AMR	92	1	0.004
HLA-DQB1	all	AMR	132	1	0.004
HLA-DQB1	all	AMR	139	1	0.004
HLA-DQB1	all	AMR	173	1	0.004
HLA-DQB1	all	AMR	196	1	0.004
HLA-DQB1	all	AMR	284	1	0.004
HLA-DQB1	all	AMR	298	1	0.004
HLA-DQB1	all	AMR	306	1	0.004
HLA-DQB1	all	AMR	319	1	0.004
HLA-DQB1	all	AMR	342	1	0.004
HLA-DQB1	all	AMR	366	1	0.004
HLA-DQB1	all	AMR	374	1	0.004
HLA-DQB1	all	AMR	795	1	0.004
HLA-DQB1	all	EAS	1	79	0.5603
HLA-DQB1	all	EAS	2	12	0.0851
HLA-DQB1	all	EAS	3	4	0.0284
HLA-DQB1	all	EAS	4	1	0.0071
HLA-DQB1	all	EAS	5	2	0.0142
HLA-DQB1	all	EAS	6	3	0.0213
HLA-DQB1	all	EAS	7	1	0.0071
HLA-DQB1	all	EAS	8	2	0.0142
HLA-DQB1	all	EAS	9	2	0.0142
HLA-DQB1	all	EAS	11	4	0.0284
HLA-DQB1	all	EAS	14	1	0.0071
HLA-DQB1	all	EAS	15	1	0.0071
HLA-DQB1	all	EAS	16	2	0.0142
HLA-DQB1	all	EAS	18	2	0.0142
HLA-DQB1	all	EAS	20	1	0.0071
HLA-DQB1	all	EAS	29	1	0.0071
HLA-DQB1	all	EAS	31	1	0.0071
HLA-DQB1	all	EAS	33	1	0.0071
HLA-DQB1	all	EAS	34	2	0.0142
HLA-DQB1	all	EAS	36	1	0.0071
HLA-DQB1	all	EAS	39	1	0.0071
HLA-DQB1	all	EAS	42	1	0.0071
HLA-DQB1	all	EAS	44	2	0.0142
HLA-DQB1	all	EAS	52	1	0.0071
HLA-DQB1	all	EAS	78	1	0.0071
HLA-DQB1	all	EAS	92	1	0.0071
HLA-DQB1	all	EAS	95	1	0.0071
HLA-DQB1	all	EAS	116	1	0.0071
HLA-DQB1	all	EAS	120	1	0.0071
HLA-DQB1	all	EAS	136	1	0.0071
HLA-DQB1	all	EAS	140	1	0.0071
HLA-DQB1	all	EAS	147	1	0.0071
HLA-DQB1	all	EAS	179	1	0.0071
HLA-DQB1	all	EAS	246	1	0.0071
HLA-DQB1	all	EAS	253	1	0.0071
HLA-DQB1	all	EAS	281	1	0.0071
HLA-DQB1	all	EAS	296	1	0.0071
HLA-DQB1	all	EUR	1	166	0.6667
HLA-DQB1	all	EUR	2	11	0.0442
HLA-DQB1	all	EUR	3	8	0.0321
HLA-DQB1	all	EUR	4	4	0.0161
HLA-DQB1	all	EUR	5	4	0.0161
HLA-DQB1	all	EUR	6	5	0.0201
HLA-DQB1	all	EUR	7	5	0.0201
HLA-DQB1	all	EUR	8	2	0.008
HLA-DQB1	all	EUR	9	1	0.004
HLA-DQB1	all	EUR	10	1	0.004
HLA-DQB1	all	EUR	11	2	0.008
HLA-DQB1	all	EUR	12	1	0.004
HLA-DQB1	all	EUR	13	2	0.008
HLA-DQB1	all	EUR	14	1	0.004
HLA-DQB1	all	EUR	15	2	0.008
HLA-DQB1	all	EUR	16	1	0.004
HLA-DQB1	all	EUR	17	1	0.004
HLA-DQB1	all	EUR	24	1	0.004
HLA-DQB1	all	EUR	26	1	0.004
HLA-DQB1	all	EUR	27	1	0.004
HLA-DQB1	all	EUR	28	2	0.008
HLA-DQB1	all	EUR	31	1	0.004
HLA-DQB1	all	EUR	38	1	0.004
HLA-DQB1	all	EUR	39	2	0.008
HLA-DQB1	all	EUR	41	1	0.004
HLA-DQB1	all	EUR	62	1	0.004
HLA-DQB1	all	EUR	74	1	0.004
HLA-DQB1	all	EUR	76	1	0.004
HLA-DQB1	all	EUR	79	1	0.004
HLA-DQB1	all	EUR	97	1	0.004
HLA-DQB1	all	EUR	100	1	0.004
HLA-DQB1	all	EUR	107	1	0.004
HLA-DQB1	all	EUR	108	1	0.004
HLA-DQB1	all	EUR	114	1	0.004
HLA-DQB1	all	EUR	121	1	0.004
HLA-DQB1	all	EUR	149	1	0.004
HLA-DQB1	all	EUR	170	1	0.004
HLA-DQB1	all	EUR	179	1	0.004
HLA-DQB1	all	EUR	253	1	0.004
HLA-DQB1	all	EUR	258	1	0.004
HLA-DQB1	all	EUR	353	1	0.004
HLA-DQB1	all	EUR	373	1	0.004
HLA-DQB1	all	EUR	394	1	0.004
HLA-DQB1	all	EUR	463	1	0.004
HLA-DQB1	all	EUR	502	1	0.004
HLA-DQB1	all	EUR	556	1	0.004
HLA-DQB1	all	EUR	638	1	0.004
HLA-DQB1	all	MID	1	40	0.4348
HLA-DQB1	all	MID	2	9	0.0978
HLA-DQB1	all	MID	3	2	0.0217
HLA-DQB1	all	MID	4	7	0.0761
HLA-DQB1	all	MID	5	3	0.0326
HLA-DQB1	all	MID	6	2	0.0217
HLA-DQB1	all	MID	8	2	0.0217
HLA-DQB1	all	MID	9	3	0.0326
HLA-DQB1	all	MID	10	1	0.0109
HLA-DQB1	all	MID	11	2	0.0217
HLA-DQB1	all	MID	12	1	0.0109
HLA-DQB1	all	MID	13	2	0.0217
HLA-DQB1	all	MID	14	2	0.0217
HLA-DQB1	all	MID	17	1	0.0109
HLA-DQB1	all	MID	18	2	0.0217
HLA-DQB1	all	MID	19	1	0.0109
HLA-DQB1	all	MID	22	1	0.0109
HLA-DQB1	all	MID	23	1	0.0109
HLA-DQB1	all	MID	29	1	0.0109
HLA-DQB1	all	MID	30	1	0.0109
HLA-DQB1	all	MID	33	1	0.0109
HLA-DQB1	all	MID	35	1	0.0109
HLA-DQB1	all	MID	40	1	0.0109
HLA-DQB1	all	MID	49	1	0.0109
HLA-DQB1	all	MID	56	1	0.0109
HLA-DQB1	all	MID	82	1	0.0109
HLA-DQB1	all	MID	84	1	0.0109
HLA-DQB1	all	MID	159	1	0.0109
HLA-DQB1	all	SAS	1	71	0.5259
HLA-DQB1	all	SAS	2	11	0.0815
HLA-DQB1	all	SAS	3	4	0.0296
HLA-DQB1	all	SAS	4	4	0.0296
HLA-DQB1	all	SAS	5	5	0.037
HLA-DQB1	all	SAS	7	5	0.037
HLA-DQB1	all	SAS	8	3	0.0222
HLA-DQB1	all	SAS	9	1	0.0074
HLA-DQB1	all	SAS	10	1	0.0074
HLA-DQB1	all	SAS	11	1	0.0074
HLA-DQB1	all	SAS	13	2	0.0148
HLA-DQB1	all	SAS	15	1	0.0074
HLA-DQB1	all	SAS	17	1	0.0074
HLA-DQB1	all	SAS	18	1	0.0074
HLA-DQB1	all	SAS	19	2	0.0148
HLA-DQB1	all	SAS	20	1	0.0074
HLA-DQB1	all	SAS	22	1	0.0074
HLA-DQB1	all	SAS	28	1	0.0074
HLA-DQB1	all	SAS	31	1	0.0074
HLA-DQB1	all	SAS	33	1	0.0074
HLA-DQB1	all	SAS	39	1	0.0074
HLA-DQB1	all	SAS	41	1	0.0074
HLA-DQB1	all	SAS	43	1	0.0074
HLA-DQB1	all	SAS	59	1	0.0074
HLA-DQB1	all	SAS	63	1	0.0074
HLA-DQB1	all	SAS	64	1	0.0074
HLA-DQB1	all	SAS	65	1	0.0074
HLA-DQB1	all	SAS	71	1	0.0074
HLA-DQB1	all	SAS	103	1	0.0074
HLA-DQB1	all	SAS	125	1	0.0074
HLA-DQB1	all	SAS	135	1	0.0074
HLA-DQB1	all	SAS	145	1	0.0074
HLA-DQB1	all	SAS	149	1	0.0074
HLA-DQB1	all	SAS	152	1	0.0074
HLA-DQB1	all	SAS	159	1	0.0074
HLA-DQB1	all	SAS	201	1	0.0074
HLA-DQB1	all	SAS	383	1	0.0074
HLA-DQB1	all	POOLED	1	550	0.7333
HLA-DQB1	all	POOLED	2	61	0.0813
HLA-DQB1	all	POOLED	3	16	0.0213
HLA-DQB1	all	POOLED	4	10	0.0133
HLA-DQB1	all	POOLED	5	8	0.0107
HLA-DQB1	all	POOLED	6	6	0.008
HLA-DQB1	all	POOLED	7	6	0.008
HLA-DQB1	all	POOLED	8	4	0.0053
HLA-DQB1	all	POOLED	9	3	0.004
HLA-DQB1	all	POOLED	10	3	0.004
HLA-DQB1	all	POOLED	11	3	0.004
HLA-DQB1	all	POOLED	12	1	0.0013
HLA-DQB1	all	POOLED	13	1	0.0013
HLA-DQB1	all	POOLED	15	3	0.004
HLA-DQB1	all	POOLED	16	2	0.0027
HLA-DQB1	all	POOLED	17	3	0.004
HLA-DQB1	all	POOLED	18	1	0.0013
HLA-DQB1	all	POOLED	20	1	0.0013
HLA-DQB1	all	POOLED	21	2	0.0027
HLA-DQB1	all	POOLED	22	1	0.0013
HLA-DQB1	all	POOLED	23	1	0.0013
HLA-DQB1	all	POOLED	25	1	0.0013
HLA-DQB1	all	POOLED	26	1	0.0013
HLA-DQB1	all	POOLED	27	1	0.0013
HLA-DQB1	all	POOLED	28	1	0.0013
HLA-DQB1	all	POOLED	29	1	0.0013
HLA-DQB1	all	POOLED	31	1	0.0013
HLA-DQB1	all	POOLED	35	1	0.0013
HLA-DQB1	all	POOLED	38	1	0.0013
HLA-DQB1	all	POOLED	40	1	0.0013
HLA-DQB1	all	POOLED	44	1	0.0013
HLA-DQB1	all	POOLED	45	1	0.0013
HLA-DQB1	all	POOLED	47	1	0.0013
HLA-DQB1	all	POOLED	48	1	0.0013
HLA-DQB1	all	POOLED	49	1	0.0013
HLA-DQB1	all	POOLED	50	2	0.0027
HLA-DQB1	all	POOLED	51	1	0.0013
HLA-DQB1	all	POOLED	53	2	0.0027
HLA-DQB1	all	POOLED	56	1	0.0013
HLA-DQB1	all	POOLED	58	1	0.0013
HLA-DQB1	all	POOLED	59	1	0.0013
HLA-DQB1	all	POOLED	69	1	0.0013
HLA-DQB1	all	POOLED	72	1	0.0013
HLA-DQB1	all	POOLED	77	1	0.0013
HLA-DQB1	all	POOLED	86	1	0.0013
HLA-DQB1	all	POOLED	89	1	0.0013
HLA-DQB1	all	POOLED	93	1	0.0013
HLA-DQB1	all	POOLED	120	1	0.0013
HLA-DQB1	all	POOLED	125	1	0.0013
HLA-DQB1	all	POOLED	147	1	0.0013
HLA-DQB1	all	POOLED	148	1	0.0013
HLA-DQB1	all	POOLED	153	1	0.0013
HLA-DQB1	all	POOLED	161	1	0.0013
HLA-DQB1	all	POOLED	176	1	0.0013
HLA-DQB1	all	POOLED	210	1	0.0013
HLA-DQB1	all	POOLED	213	1	0.0013
HLA-DQB1	all	POOLED	217	1	0.0013
HLA-DQB1	all	POOLED	224	1	0.0013
HLA-DQB1	all	POOLED	236	1	0.0013
HLA-DQB1	all	POOLED	238	1	0.0013
HLA-DQB1	all	POOLED	331	1	0.0013
HLA-DQB1	all	POOLED	333	1	0.0013
HLA-DQB1	all	POOLED	363	1	0.0013
HLA-DQB1	all	POOLED	394	1	0.0013
HLA-DQB1	all	POOLED	445	1	0.0013
HLA-DQB1	all	POOLED	453	1	0.0013
HLA-DQB1	all	POOLED	467	1	0.0013
HLA-DQB1	all	POOLED	531	1	0.0013
HLA-DQB1	all	POOLED	554	1	0.0013
HLA-DQB1	all	POOLED	558	1	0.0013
HLA-DQB1	all	POOLED	580	1	0.0013
HLA-DQB1	all	POOLED	615	1	0.0013
HLA-DQB1	all	POOLED	706	1	0.0013
HLA-DQB1	all	POOLED	745	1	0.0013
HLA-DQB1	all	POOLED	791	1	0.0013
HLA-DQB1	all	POOLED	817	1	0.0013
HLA-DQB1	all	POOLED	831	1	0.0013
HLA-DQB1	all	POOLED	1076	1	0.0013
HLA-DQB1	all	POOLED	1407	1	0.0013
HLA-DQB1	all	POOLED	1545	1	0.0013
HLA-DQB1	all	POOLED	1565	1	0.0013
HLA-DQB1	all	POOLED	1837	1	0.0013
HLA-DQB1	all	POOLED	1948	1	0.0013
HLA-DQB1	known	AFR	1	16	0.1975
HLA-DQB1	known	AFR	2	11	0.1358
HLA-DQB1	known	AFR	3	4	0.0494
HLA-DQB1	known	AFR	4	3	0.037
HLA-DQB1	known	AFR	5	6	0.0741
HLA-DQB1	known	AFR	6	5	0.0617
HLA-DQB1	known	AFR	9	3	0.037
HLA-DQB1	known	AFR	12	1	0.0123
HLA-DQB1	known	AFR	17	1	0.0123
HLA-DQB1	known	AFR	19	2	0.0247
HLA-DQB1	known	AFR	20	1	0.0123
HLA-DQB1	known	AFR	22	1	0.0123
HLA-DQB1	known	AFR	24	1	0.0123
HLA-DQB1	known	AFR	34	1	0.0123
HLA-DQB1	known	AFR	38	1	0.0123
HLA-DQB1	known	AFR	40	1	0.0123
HLA-DQB1	known	AFR	42	1	0.0123
HLA-DQB1	known	AFR	49	1	0.0123
HLA-DQB1	known	AFR	54	1	0.0123
HLA-DQB1	known	AFR	63	1	0.0123
HLA-DQB1	known	AFR	65	2	0.0247
HLA-DQB1	known	AFR	77	1	0.0123
HLA-DQB1	known	AFR	83	1	0.0123
HLA-DQB1	known	AFR	88	1	0.0123
HLA-DQB1	known	AFR	113	1	0.0123
HLA-DQB1	known	AFR	159	1	0.0123
HLA-DQB1	known	AFR	162	1	0.0123
HLA-DQB1	known	AFR	178	1	0.0123
HLA-DQB1	known	AFR	179	1	0.0123
HLA-DQB1	known	AFR	185	1	0.0123
HLA-DQB1	known	AFR	209	1	0.0123
HLA-DQB1	known	AFR	259	1	0.0123
HLA-DQB1	known	AFR	288	1	0.0123
HLA-DQB1	known	AFR	336	1	0.0123
HLA-DQB1	known	AFR	371	1	0.0123
HLA-DQB1	known	AFR	410	1	0.0123
HLA-DQB1	known	AFR	579	1	0.0123
HLA-DQB1	known	AFR	790	1	0.0123
HLA-DQB1	known	AMR	1	27	0.2967
HLA-DQB1	known	AMR	2	7	0.0769
HLA-DQB1	known	AMR	3	6	0.0659
HLA-DQB1	known	AMR	4	4	0.044
HLA-DQB1	known	AMR	5	4	0.044
HLA-DQB1	known	AMR	6	3	0.033
HLA-DQB1	known	AMR	8	1	0.011
HLA-DQB1	known	AMR	9	2	0.022
HLA-DQB1	known	AMR	10	1	0.011
HLA-DQB1	known	AMR	11	1	0.011
HLA-DQB1	known	AMR	12	2	0.022
HLA-DQB1	known	AMR	15	2	0.022
HLA-DQB1	known	AMR	16	1	0.011
HLA-DQB1	known	AMR	25	1	0.011
HLA-DQB1	known	AMR	28	2	0.022
HLA-DQB1	known	AMR	29	1	0.011
HLA-DQB1	known	AMR	33	1	0.011
HLA-DQB1	known	AMR	34	1	0.011
HLA-DQB1	known	AMR	38	1	0.011
HLA-DQB1	known	AMR	40	1	0.011
HLA-DQB1	known	AMR	41	1	0.011
HLA-DQB1	known	AMR	46	2	0.022
HLA-DQB1	known	AMR	57	1	0.011
HLA-DQB1	known	AMR	60	1	0.011
HLA-DQB1	known	AMR	72	1	0.011
HLA-DQB1	known	AMR	74	1	0.011
HLA-DQB1	known	AMR	78	1	0.011
HLA-DQB1	known	AMR	88	1	0.011
HLA-DQB1	known	AMR	89	1	0.011
HLA-DQB1	known	AMR	92	1	0.011
HLA-DQB1	known	AMR	139	1	0.011
HLA-DQB1	known	AMR	173	1	0.011
HLA-DQB1	known	AMR	196	1	0.011
HLA-DQB1	known	AMR	284	1	0.011
HLA-DQB1	known	AMR	298	1	0.011
HLA-DQB1	known	AMR	306	1	0.011
HLA-DQB1	known	AMR	319	1	0.011
HLA-DQB1	known	AMR	342	1	0.011
HLA-DQB1	known	AMR	366	1	0.011
HLA-DQB1	known	AMR	374	1	0.011
HLA-DQB1	known	AMR	795	1	0.011
HLA-DQB1	known	EAS	1	18	0.2857
HLA-DQB1	known	EAS	2	9	0.1429
HLA-DQB1	known	EAS	3	4	0.0635
HLA-DQB1	known	EAS	4	1	0.0159
HLA-DQB1	known	EAS	5	2	0.0317
HLA-DQB1	known	EAS	6	1	0.0159
HLA-DQB1	known	EAS	7	1	0.0159
HLA-DQB1	known	EAS	9	2	0.0317
HLA-DQB1	known	EAS	11	1	0.0159
HLA-DQB1	known	EAS	15	1	0.0159
HLA-DQB1	known	EAS	18	1	0.0159
HLA-DQB1	known	EAS	29	1	0.0159
HLA-DQB1	known	EAS	33	1	0.0159
HLA-DQB1	known	EAS	34	2	0.0317
HLA-DQB1	known	EAS	36	1	0.0159
HLA-DQB1	known	EAS	39	1	0.0159
HLA-DQB1	known	EAS	42	1	0.0159
HLA-DQB1	known	EAS	44	2	0.0317
HLA-DQB1	known	EAS	52	1	0.0159
HLA-DQB1	known	EAS	78	1	0.0159
HLA-DQB1	known	EAS	92	1	0.0159
HLA-DQB1	known	EAS	95	1	0.0159
HLA-DQB1	known	EAS	120	1	0.0159
HLA-DQB1	known	EAS	136	1	0.0159
HLA-DQB1	known	EAS	140	1	0.0159
HLA-DQB1	known	EAS	147	1	0.0159
HLA-DQB1	known	EAS	179	1	0.0159
HLA-DQB1	known	EAS	246	1	0.0159
HLA-DQB1	known	EAS	253	1	0.0159
HLA-DQB1	known	EAS	281	1	0.0159
HLA-DQB1	known	EAS	296	1	0.0159
HLA-DQB1	known	EUR	1	35	0.3684
HLA-DQB1	known	EUR	2	8	0.0842
HLA-DQB1	known	EUR	3	6	0.0632
HLA-DQB1	known	EUR	4	2	0.0211
HLA-DQB1	known	EUR	5	2	0.0211
HLA-DQB1	known	EUR	6	2	0.0211
HLA-DQB1	known	EUR	7	4	0.0421
HLA-DQB1	known	EUR	8	2	0.0211
HLA-DQB1	known	EUR	9	1	0.0105
HLA-DQB1	known	EUR	11	1	0.0105
HLA-DQB1	known	EUR	12	1	0.0105
HLA-DQB1	known	EUR	13	2	0.0211
HLA-DQB1	known	EUR	14	1	0.0105
HLA-DQB1	known	EUR	15	1	0.0105
HLA-DQB1	known	EUR	16	1	0.0105
HLA-DQB1	known	EUR	17	1	0.0105
HLA-DQB1	known	EUR	24	1	0.0105
HLA-DQB1	known	EUR	27	1	0.0105
HLA-DQB1	known	EUR	28	2	0.0211
HLA-DQB1	known	EUR	39	2	0.0211
HLA-DQB1	known	EUR	62	1	0.0105
HLA-DQB1	known	EUR	79	1	0.0105
HLA-DQB1	known	EUR	97	1	0.0105
HLA-DQB1	known	EUR	100	1	0.0105
HLA-DQB1	known	EUR	107	1	0.0105
HLA-DQB1	known	EUR	108	1	0.0105
HLA-DQB1	known	EUR	114	1	0.0105
HLA-DQB1	known	EUR	149	1	0.0105
HLA-DQB1	known	EUR	170	1	0.0105
HLA-DQB1	known	EUR	179	1	0.0105
HLA-DQB1	known	EUR	253	1	0.0105
HLA-DQB1	known	EUR	258	1	0.0105
HLA-DQB1	known	EUR	353	1	0.0105
HLA-DQB1	known	EUR	373	1	0.0105
HLA-DQB1	known	EUR	394	1	0.0105
HLA-DQB1	known	EUR	463	1	0.0105
HLA-DQB1	known	EUR	502	1	0.0105
HLA-DQB1	known	EUR	556	1	0.0105
HLA-DQB1	known	EUR	638	1	0.0105
HLA-DQB1	known	MID	1	16	0.2857
HLA-DQB1	known	MID	2	6	0.1071
HLA-DQB1	known	MID	3	2	0.0357
HLA-DQB1	known	MID	4	3	0.0536
HLA-DQB1	known	MID	5	2	0.0357
HLA-DQB1	known	MID	6	2	0.0357
HLA-DQB1	known	MID	8	1	0.0179
HLA-DQB1	known	MID	9	3	0.0536
HLA-DQB1	known	MID	10	1	0.0179
HLA-DQB1	known	MID	11	1	0.0179
HLA-DQB1	known	MID	12	1	0.0179
HLA-DQB1	known	MID	13	2	0.0357
HLA-DQB1	known	MID	14	2	0.0357
HLA-DQB1	known	MID	17	1	0.0179
HLA-DQB1	known	MID	18	2	0.0357
HLA-DQB1	known	MID	19	1	0.0179
HLA-DQB1	known	MID	29	1	0.0179
HLA-DQB1	known	MID	30	1	0.0179
HLA-DQB1	known	MID	33	1	0.0179
HLA-DQB1	known	MID	35	1	0.0179
HLA-DQB1	known	MID	40	1	0.0179
HLA-DQB1	known	MID	49	1	0.0179
HLA-DQB1	known	MID	56	1	0.0179
HLA-DQB1	known	MID	82	1	0.0179
HLA-DQB1	known	MID	84	1	0.0179
HLA-DQB1	known	MID	159	1	0.0179
HLA-DQB1	known	SAS	1	16	0.25
HLA-DQB1	known	SAS	2	7	0.1094
HLA-DQB1	known	SAS	3	3	0.0469
HLA-DQB1	known	SAS	4	3	0.0469
HLA-DQB1	known	SAS	5	3	0.0469
HLA-DQB1	known	SAS	7	4	0.0625
HLA-DQB1	known	SAS	8	2	0.0312
HLA-DQB1	known	SAS	9	1	0.0156
HLA-DQB1	known	SAS	10	1	0.0156
HLA-DQB1	known	SAS	11	1	0.0156
HLA-DQB1	known	SAS	15	1	0.0156
HLA-DQB1	known	SAS	17	1	0.0156
HLA-DQB1	known	SAS	18	1	0.0156
HLA-DQB1	known	SAS	19	1	0.0156
HLA-DQB1	known	SAS	20	1	0.0156
HLA-DQB1	known	SAS	22	1	0.0156
HLA-DQB1	known	SAS	31	1	0.0156
HLA-DQB1	known	SAS	39	1	0.0156
HLA-DQB1	known	SAS	41	1	0.0156
HLA-DQB1	known	SAS	43	1	0.0156
HLA-DQB1	known	SAS	59	1	0.0156
HLA-DQB1	known	SAS	64	1	0.0156
HLA-DQB1	known	SAS	65	1	0.0156
HLA-DQB1	known	SAS	71	1	0.0156
HLA-DQB1	known	SAS	103	1	0.0156
HLA-DQB1	known	SAS	125	1	0.0156
HLA-DQB1	known	SAS	135	1	0.0156
HLA-DQB1	known	SAS	145	1	0.0156
HLA-DQB1	known	SAS	149	1	0.0156
HLA-DQB1	known	SAS	152	1	0.0156
HLA-DQB1	known	SAS	159	1	0.0156
HLA-DQB1	known	SAS	201	1	0.0156
HLA-DQB1	known	SAS	383	1	0.0156
HLA-DQB1	known	POOLED	1	46	0.2706
HLA-DQB1	known	POOLED	2	25	0.1471
HLA-DQB1	known	POOLED	3	10	0.0588
HLA-DQB1	known	POOLED	4	4	0.0235
HLA-DQB1	known	POOLED	5	6	0.0353
HLA-DQB1	known	POOLED	6	4	0.0235
HLA-DQB1	known	POOLED	7	3	0.0176
HLA-DQB1	known	POOLED	8	3	0.0176
HLA-DQB1	known	POOLED	9	1	0.0059
HLA-DQB1	known	POOLED	10	2	0.0118
HLA-DQB1	known	POOLED	11	2	0.0118
HLA-DQB1	known	POOLED	12	1	0.0059
HLA-DQB1	known	POOLED	13	1	0.0059
HLA-DQB1	known	POOLED	15	3	0.0176
HLA-DQB1	known	POOLED	16	2	0.0118
HLA-DQB1	known	POOLED	17	3	0.0176
HLA-DQB1	known	POOLED	18	1	0.0059
HLA-DQB1	known	POOLED	20	1	0.0059
HLA-DQB1	known	POOLED	21	2	0.0118
HLA-DQB1	known	POOLED	22	1	0.0059
HLA-DQB1	known	POOLED	23	1	0.0059
HLA-DQB1	known	POOLED	25	1	0.0059
HLA-DQB1	known	POOLED	27	1	0.0059
HLA-DQB1	known	POOLED	29	1	0.0059
HLA-DQB1	known	POOLED	31	1	0.0059
HLA-DQB1	known	POOLED	38	1	0.0059
HLA-DQB1	known	POOLED	40	1	0.0059
HLA-DQB1	known	POOLED	45	1	0.0059
HLA-DQB1	known	POOLED	48	1	0.0059
HLA-DQB1	known	POOLED	49	1	0.0059
HLA-DQB1	known	POOLED	50	1	0.0059
HLA-DQB1	known	POOLED	51	1	0.0059
HLA-DQB1	known	POOLED	53	2	0.0118
HLA-DQB1	known	POOLED	56	1	0.0059
HLA-DQB1	known	POOLED	72	1	0.0059
HLA-DQB1	known	POOLED	77	1	0.0059
HLA-DQB1	known	POOLED	86	1	0.0059
HLA-DQB1	known	POOLED	93	1	0.0059
HLA-DQB1	known	POOLED	120	1	0.0059
HLA-DQB1	known	POOLED	125	1	0.0059
HLA-DQB1	known	POOLED	148	1	0.0059
HLA-DQB1	known	POOLED	176	1	0.0059
HLA-DQB1	known	POOLED	210	1	0.0059
HLA-DQB1	known	POOLED	213	1	0.0059
HLA-DQB1	known	POOLED	224	1	0.0059
HLA-DQB1	known	POOLED	236	1	0.0059
HLA-DQB1	known	POOLED	238	1	0.0059
HLA-DQB1	known	POOLED	331	1	0.0059
HLA-DQB1	known	POOLED	363	1	0.0059
HLA-DQB1	known	POOLED	394	1	0.0059
HLA-DQB1	known	POOLED	445	1	0.0059
HLA-DQB1	known	POOLED	453	1	0.0059
HLA-DQB1	known	POOLED	467	1	0.0059
HLA-DQB1	known	POOLED	531	1	0.0059
HLA-DQB1	known	POOLED	554	1	0.0059
HLA-DQB1	known	POOLED	558	1	0.0059
HLA-DQB1	known	POOLED	580	1	0.0059
HLA-DQB1	known	POOLED	706	1	0.0059
HLA-DQB1	known	POOLED	745	1	0.0059
HLA-DQB1	known	POOLED	791	1	0.0059
HLA-DQB1	known	POOLED	817	1	0.0059
HLA-DQB1	known	POOLED	831	1	0.0059
HLA-DQB1	known	POOLED	1076	1	0.0059
HLA-DQB1	known	POOLED	1407	1	0.0059
HLA-DQB1	known	POOLED	1545	1	0.0059
HLA-DQB1	known	POOLED	1565	1	0.0059
HLA-DQB1	known	POOLED	1837	1	0.0059
HLA-DQB1	known	POOLED	1948	1	0.0059
HLA-DQB1	novel	AFR	1	157	0.797
HLA-DQB1	novel	AFR	2	13	0.066
HLA-DQB1	novel	AFR	3	6	0.0305
HLA-DQB1	novel	AFR	5	3	0.0152
HLA-DQB1	novel	AFR	6	3	0.0152
HLA-DQB1	novel	AFR	7	2	0.0102
HLA-DQB1	novel	AFR	10	1	0.0051
HLA-DQB1	novel	AFR	13	1	0.0051
HLA-DQB1	novel	AFR	14	1	0.0051
HLA-DQB1	novel	AFR	16	2	0.0102
HLA-DQB1	novel	AFR	21	1	0.0051
HLA-DQB1	novel	AFR	25	1	0.0051
HLA-DQB1	novel	AFR	27	1	0.0051
HLA-DQB1	novel	AFR	33	1	0.0051
HLA-DQB1	novel	AFR	49	1	0.0051
HLA-DQB1	novel	AFR	70	2	0.0102
HLA-DQB1	novel	AFR	246	1	0.0051
HLA-DQB1	novel	AMR	1	138	0.8519
HLA-DQB1	novel	AMR	2	7	0.0432
HLA-DQB1	novel	AMR	3	2	0.0123
HLA-DQB1	novel	AMR	5	3	0.0185
HLA-DQB1	novel	AMR	8	3	0.0185
HLA-DQB1	novel	AMR	18	1	0.0062
HLA-DQB1	novel	AMR	20	1	0.0062
HLA-DQB1	novel	AMR	29	1	0.0062
HLA-DQB1	novel	AMR	33	1	0.0062
HLA-DQB1	novel	AMR	35	1	0.0062
HLA-DQB1	novel	AMR	37	1	0.0062
HLA-DQB1	novel	AMR	53	1	0.0062
HLA-DQB1	novel	AMR	58	1	0.0062
HLA-DQB1	novel	AMR	132	1	0.0062
HLA-DQB1	novel	EAS	1	61	0.7821
HLA-DQB1	novel	EAS	2	3	0.0385
HLA-DQB1	novel	EAS	6	2	0.0256
HLA-DQB1	novel	EAS	8	2	0.0256
HLA-DQB1	novel	EAS	11	3	0.0385
HLA-DQB1	novel	EAS	14	1	0.0128
HLA-DQB1	novel	EAS	16	2	0.0256
HLA-DQB1	novel	EAS	18	1	0.0128
HLA-DQB1	novel	EAS	20	1	0.0128
HLA-DQB1	novel	EAS	31	1	0.0128
HLA-DQB1	novel	EAS	116	1	0.0128
HLA-DQB1	novel	EUR	1	131	0.8506
HLA-DQB1	novel	EUR	2	3	0.0195
HLA-DQB1	novel	EUR	3	2	0.013
HLA-DQB1	novel	EUR	4	2	0.013
HLA-DQB1	novel	EUR	5	2	0.013
HLA-DQB1	novel	EUR	6	3	0.0195
HLA-DQB1	novel	EUR	7	1	0.0065
HLA-DQB1	novel	EUR	10	1	0.0065
HLA-DQB1	novel	EUR	11	1	0.0065
HLA-DQB1	novel	EUR	15	1	0.0065
HLA-DQB1	novel	EUR	26	1	0.0065
HLA-DQB1	novel	EUR	31	1	0.0065
HLA-DQB1	novel	EUR	38	1	0.0065
HLA-DQB1	novel	EUR	41	1	0.0065
HLA-DQB1	novel	EUR	74	1	0.0065
HLA-DQB1	novel	EUR	76	1	0.0065
HLA-DQB1	novel	EUR	121	1	0.0065
HLA-DQB1	novel	MID	1	24	0.6667
HLA-DQB1	novel	MID	2	3	0.0833
HLA-DQB1	novel	MID	4	4	0.1111
HLA-DQB1	novel	MID	5	1	0.0278
HLA-DQB1	novel	MID	8	1	0.0278
HLA-DQB1	novel	MID	11	1	0.0278
HLA-DQB1	novel	MID	22	1	0.0278
HLA-DQB1	novel	MID	23	1	0.0278
HLA-DQB1	novel	SAS	1	55	0.7746
HLA-DQB1	novel	SAS	2	4	0.0563
HLA-DQB1	novel	SAS	3	1	0.0141
HLA-DQB1	novel	SAS	4	1	0.0141
HLA-DQB1	novel	SAS	5	2	0.0282
HLA-DQB1	novel	SAS	7	1	0.0141
HLA-DQB1	novel	SAS	8	1	0.0141
HLA-DQB1	novel	SAS	13	2	0.0282
HLA-DQB1	novel	SAS	19	1	0.0141
HLA-DQB1	novel	SAS	28	1	0.0141
HLA-DQB1	novel	SAS	33	1	0.0141
HLA-DQB1	novel	SAS	63	1	0.0141
HLA-DQB1	novel	POOLED	1	504	0.869
HLA-DQB1	novel	POOLED	2	36	0.0621
HLA-DQB1	novel	POOLED	3	6	0.0103
HLA-DQB1	novel	POOLED	4	6	0.0103
HLA-DQB1	novel	POOLED	5	2	0.0034
HLA-DQB1	novel	POOLED	6	2	0.0034
HLA-DQB1	novel	POOLED	7	3	0.0052
HLA-DQB1	novel	POOLED	8	1	0.0017
HLA-DQB1	novel	POOLED	9	2	0.0034
HLA-DQB1	novel	POOLED	10	1	0.0017
HLA-DQB1	novel	POOLED	11	1	0.0017
HLA-DQB1	novel	POOLED	26	1	0.0017
HLA-DQB1	novel	POOLED	28	1	0.0017
HLA-DQB1	novel	POOLED	35	1	0.0017
HLA-DQB1	novel	POOLED	44	1	0.0017
HLA-DQB1	novel	POOLED	47	1	0.0017
HLA-DQB1	novel	POOLED	50	1	0.0017
HLA-DQB1	novel	POOLED	58	1	0.0017
HLA-DQB1	novel	POOLED	59	1	0.0017
HLA-DQB1	novel	POOLED	69	1	0.0017
HLA-DQB1	novel	POOLED	89	1	0.0017
HLA-DQB1	novel	POOLED	147	1	0.0017
HLA-DQB1	novel	POOLED	153	1	0.0017
HLA-DQB1	novel	POOLED	161	1	0.0017
HLA-DQB1	novel	POOLED	217	1	0.0017
HLA-DQB1	novel	POOLED	333	1	0.0017
HLA-DQB1	novel	POOLED	615	1	0.0017
HLA-DQB2	all	AFR	1	104	0.698
HLA-DQB2	all	AFR	2	10	0.0671
HLA-DQB2	all	AFR	3	1	0.0067
HLA-DQB2	all	AFR	4	1	0.0067
HLA-DQB2	all	AFR	5	2	0.0134
HLA-DQB2	all	AFR	6	1	0.0067
HLA-DQB2	all	AFR	7	3	0.0201
HLA-DQB2	all	AFR	9	1	0.0067
HLA-DQB2	all	AFR	10	1	0.0067
HLA-DQB2	all	AFR	11	1	0.0067
HLA-DQB2	all	AFR	12	2	0.0134
HLA-DQB2	all	AFR	14	1	0.0067
HLA-DQB2	all	AFR	25	1	0.0067
HLA-DQB2	all	AFR	28	1	0.0067
HLA-DQB2	all	AFR	31	1	0.0067
HLA-DQB2	all	AFR	34	2	0.0134
HLA-DQB2	all	AFR	45	1	0.0067
HLA-DQB2	all	AFR	50	1	0.0067
HLA-DQB2	all	AFR	60	1	0.0067
HLA-DQB2	all	AFR	160	1	0.0067
HLA-DQB2	all	AFR	163	1	0.0067
HLA-DQB2	all	AFR	210	1	0.0067
HLA-DQB2	all	AFR	241	1	0.0067
HLA-DQB2	all	AFR	283	1	0.0067
HLA-DQB2	all	AFR	354	1	0.0067
HLA-DQB2	all	AFR	371	1	0.0067
HLA-DQB2	all	AFR	394	1	0.0067
HLA-DQB2	all	AFR	420	1	0.0067
HLA-DQB2	all	AFR	448	1	0.0067
HLA-DQB2	all	AFR	538	1	0.0067
HLA-DQB2	all	AFR	739	1	0.0067
HLA-DQB2	all	AFR	1232	1	0.0067
HLA-DQB2	all	AMR	1	93	0.6414
HLA-DQB2	all	AMR	2	12	0.0828
HLA-DQB2	all	AMR	3	4	0.0276
HLA-DQB2	all	AMR	5	3	0.0207
HLA-DQB2	all	AMR	6	1	0.0069
HLA-DQB2	all	AMR	8	2	0.0138
HLA-DQB2	all	AMR	9	1	0.0069
HLA-DQB2	all	AMR	10	1	0.0069
HLA-DQB2	all	AMR	11	1	0.0069
HLA-DQB2	all	AMR	12	1	0.0069
HLA-DQB2	all	AMR	14	1	0.0069
HLA-DQB2	all	AMR	18	2	0.0138
HLA-DQB2	all	AMR	21	1	0.0069
HLA-DQB2	all	AMR	23	1	0.0069
HLA-DQB2	all	AMR	25	1	0.0069
HLA-DQB2	all	AMR	29	1	0.0069
HLA-DQB2	all	AMR	37	1	0.0069
HLA-DQB2	all	AMR	40	1	0.0069
HLA-DQB2	all	AMR	43	1	0.0069
HLA-DQB2	all	AMR	56	1	0.0069
HLA-DQB2	all	AMR	66	1	0.0069
HLA-DQB2	all	AMR	86	1	0.0069
HLA-DQB2	all	AMR	89	1	0.0069
HLA-DQB2	all	AMR	97	1	0.0069
HLA-DQB2	all	AMR	113	1	0.0069
HLA-DQB2	all	AMR	155	1	0.0069
HLA-DQB2	all	AMR	158	1	0.0069
HLA-DQB2	all	AMR	205	1	0.0069
HLA-DQB2	all	AMR	278	1	0.0069
HLA-DQB2	all	AMR	310	1	0.0069
HLA-DQB2	all	AMR	354	1	0.0069
HLA-DQB2	all	AMR	376	1	0.0069
HLA-DQB2	all	AMR	725	1	0.0069
HLA-DQB2	all	AMR	953	1	0.0069
HLA-DQB2	all	AMR	975	1	0.0069
HLA-DQB2	all	EAS	1	40	0.5797
HLA-DQB2	all	EAS	2	6	0.087
HLA-DQB2	all	EAS	3	1	0.0145
HLA-DQB2	all	EAS	5	3	0.0435
HLA-DQB2	all	EAS	8	1	0.0145
HLA-DQB2	all	EAS	11	1	0.0145
HLA-DQB2	all	EAS	13	1	0.0145
HLA-DQB2	all	EAS	19	1	0.0145
HLA-DQB2	all	EAS	25	1	0.0145
HLA-DQB2	all	EAS	39	1	0.0145
HLA-DQB2	all	EAS	45	1	0.0145
HLA-DQB2	all	EAS	61	1	0.0145
HLA-DQB2	all	EAS	74	1	0.0145
HLA-DQB2	all	EAS	90	1	0.0145
HLA-DQB2	all	EAS	93	2	0.029
HLA-DQB2	all	EAS	109	1	0.0145
HLA-DQB2	all	EAS	130	1	0.0145
HLA-DQB2	all	EAS	133	1	0.0145
HLA-DQB2	all	EAS	180	1	0.0145
HLA-DQB2	all	EAS	194	1	0.0145
HLA-DQB2	all	EAS	633	1	0.0145
HLA-DQB2	all	EAS	917	1	0.0145
HLA-DQB2	all	EUR	1	102	0.6939
HLA-DQB2	all	EUR	2	8	0.0544
HLA-DQB2	all	EUR	3	6	0.0408
HLA-DQB2	all	EUR	4	2	0.0136
HLA-DQB2	all	EUR	6	1	0.0068
HLA-DQB2	all	EUR	7	1	0.0068
HLA-DQB2	all	EUR	8	1	0.0068
HLA-DQB2	all	EUR	10	1	0.0068
HLA-DQB2	all	EUR	11	2	0.0136
HLA-DQB2	all	EUR	14	1	0.0068
HLA-DQB2	all	EUR	38	1	0.0068
HLA-DQB2	all	EUR	42	1	0.0068
HLA-DQB2	all	EUR	43	1	0.0068
HLA-DQB2	all	EUR	44	1	0.0068
HLA-DQB2	all	EUR	56	1	0.0068
HLA-DQB2	all	EUR	57	1	0.0068
HLA-DQB2	all	EUR	74	1	0.0068
HLA-DQB2	all	EUR	75	1	0.0068
HLA-DQB2	all	EUR	76	1	0.0068
HLA-DQB2	all	EUR	77	1	0.0068
HLA-DQB2	all	EUR	88	1	0.0068
HLA-DQB2	all	EUR	144	1	0.0068
HLA-DQB2	all	EUR	145	1	0.0068
HLA-DQB2	all	EUR	190	1	0.0068
HLA-DQB2	all	EUR	223	1	0.0068
HLA-DQB2	all	EUR	224	1	0.0068
HLA-DQB2	all	EUR	285	1	0.0068
HLA-DQB2	all	EUR	303	1	0.0068
HLA-DQB2	all	EUR	469	1	0.0068
HLA-DQB2	all	EUR	825	1	0.0068
HLA-DQB2	all	EUR	1027	1	0.0068
HLA-DQB2	all	EUR	1330	1	0.0068
HLA-DQB2	all	MID	1	19	0.4043
HLA-DQB2	all	MID	2	3	0.0638
HLA-DQB2	all	MID	3	1	0.0213
HLA-DQB2	all	MID	4	2	0.0426
HLA-DQB2	all	MID	5	2	0.0426
HLA-DQB2	all	MID	6	1	0.0213
HLA-DQB2	all	MID	8	4	0.0851
HLA-DQB2	all	MID	10	1	0.0213
HLA-DQB2	all	MID	13	1	0.0213
HLA-DQB2	all	MID	23	1	0.0213
HLA-DQB2	all	MID	29	1	0.0213
HLA-DQB2	all	MID	30	1	0.0213
HLA-DQB2	all	MID	32	1	0.0213
HLA-DQB2	all	MID	41	1	0.0213
HLA-DQB2	all	MID	52	1	0.0213
HLA-DQB2	all	MID	55	1	0.0213
HLA-DQB2	all	MID	61	1	0.0213
HLA-DQB2	all	MID	64	1	0.0213
HLA-DQB2	all	MID	74	1	0.0213
HLA-DQB2	all	MID	92	1	0.0213
HLA-DQB2	all	MID	94	1	0.0213
HLA-DQB2	all	MID	221	1	0.0213
HLA-DQB2	all	SAS	1	62	0.6813
HLA-DQB2	all	SAS	2	5	0.0549
HLA-DQB2	all	SAS	3	3	0.033
HLA-DQB2	all	SAS	4	1	0.011
HLA-DQB2	all	SAS	7	1	0.011
HLA-DQB2	all	SAS	9	1	0.011
HLA-DQB2	all	SAS	10	1	0.011
HLA-DQB2	all	SAS	12	1	0.011
HLA-DQB2	all	SAS	16	1	0.011
HLA-DQB2	all	SAS	20	1	0.011
HLA-DQB2	all	SAS	22	1	0.011
HLA-DQB2	all	SAS	33	2	0.022
HLA-DQB2	all	SAS	44	1	0.011
HLA-DQB2	all	SAS	45	1	0.011
HLA-DQB2	all	SAS	46	1	0.011
HLA-DQB2	all	SAS	140	1	0.011
HLA-DQB2	all	SAS	167	1	0.011
HLA-DQB2	all	SAS	222	1	0.011
HLA-DQB2	all	SAS	230	1	0.011
HLA-DQB2	all	SAS	246	1	0.011
HLA-DQB2	all	SAS	247	1	0.011
HLA-DQB2	all	SAS	406	1	0.011
HLA-DQB2	all	SAS	451	1	0.011
HLA-DQB2	all	POOLED	1	351	0.7888
HLA-DQB2	all	POOLED	2	32	0.0719
HLA-DQB2	all	POOLED	3	9	0.0202
HLA-DQB2	all	POOLED	4	5	0.0112
HLA-DQB2	all	POOLED	5	3	0.0067
HLA-DQB2	all	POOLED	7	1	0.0022
HLA-DQB2	all	POOLED	9	1	0.0022
HLA-DQB2	all	POOLED	12	1	0.0022
HLA-DQB2	all	POOLED	13	2	0.0045
HLA-DQB2	all	POOLED	14	2	0.0045
HLA-DQB2	all	POOLED	15	2	0.0045
HLA-DQB2	all	POOLED	17	1	0.0022
HLA-DQB2	all	POOLED	24	1	0.0022
HLA-DQB2	all	POOLED	26	1	0.0022
HLA-DQB2	all	POOLED	28	1	0.0022
HLA-DQB2	all	POOLED	49	1	0.0022
HLA-DQB2	all	POOLED	51	1	0.0022
HLA-DQB2	all	POOLED	54	1	0.0022
HLA-DQB2	all	POOLED	64	1	0.0022
HLA-DQB2	all	POOLED	66	1	0.0022
HLA-DQB2	all	POOLED	78	1	0.0022
HLA-DQB2	all	POOLED	84	1	0.0022
HLA-DQB2	all	POOLED	87	1	0.0022
HLA-DQB2	all	POOLED	103	1	0.0022
HLA-DQB2	all	POOLED	112	1	0.0022
HLA-DQB2	all	POOLED	125	1	0.0022
HLA-DQB2	all	POOLED	126	1	0.0022
HLA-DQB2	all	POOLED	148	1	0.0022
HLA-DQB2	all	POOLED	233	1	0.0022
HLA-DQB2	all	POOLED	308	1	0.0022
HLA-DQB2	all	POOLED	363	1	0.0022
HLA-DQB2	all	POOLED	379	1	0.0022
HLA-DQB2	all	POOLED	380	1	0.0022
HLA-DQB2	all	POOLED	381	1	0.0022
HLA-DQB2	all	POOLED	475	1	0.0022
HLA-DQB2	all	POOLED	528	1	0.0022
HLA-DQB2	all	POOLED	572	1	0.0022
HLA-DQB2	all	POOLED	576	1	0.0022
HLA-DQB2	all	POOLED	880	1	0.0022
HLA-DQB2	all	POOLED	1091	1	0.0022
HLA-DQB2	all	POOLED	1121	1	0.0022
HLA-DQB2	all	POOLED	1131	1	0.0022
HLA-DQB2	all	POOLED	1235	1	0.0022
HLA-DQB2	all	POOLED	1806	1	0.0022
HLA-DQB2	all	POOLED	2726	1	0.0022
HLA-DQB2	all	POOLED	2915	1	0.0022
HLA-DQB2	all	POOLED	5131	1	0.0022
HLA-DQB2	known	AFR	1	1	0.0455
HLA-DQB2	known	AFR	2	1	0.0455
HLA-DQB2	known	AFR	4	1	0.0455
HLA-DQB2	known	AFR	5	1	0.0455
HLA-DQB2	known	AFR	6	1	0.0455
HLA-DQB2	known	AFR	7	1	0.0455
HLA-DQB2	known	AFR	9	1	0.0455
HLA-DQB2	known	AFR	10	1	0.0455
HLA-DQB2	known	AFR	11	1	0.0455
HLA-DQB2	known	AFR	12	1	0.0455
HLA-DQB2	known	AFR	28	1	0.0455
HLA-DQB2	known	AFR	31	1	0.0455
HLA-DQB2	known	AFR	34	2	0.0909
HLA-DQB2	known	AFR	160	1	0.0455
HLA-DQB2	known	AFR	210	1	0.0455
HLA-DQB2	known	AFR	354	1	0.0455
HLA-DQB2	known	AFR	371	1	0.0455
HLA-DQB2	known	AFR	394	1	0.0455
HLA-DQB2	known	AFR	420	1	0.0455
HLA-DQB2	known	AFR	448	1	0.0455
HLA-DQB2	known	AFR	538	1	0.0455
HLA-DQB2	known	AMR	2	1	0.04
HLA-DQB2	known	AMR	3	1	0.04
HLA-DQB2	known	AMR	6	1	0.04
HLA-DQB2	known	AMR	8	2	0.08
HLA-DQB2	known	AMR	9	1	0.04
HLA-DQB2	known	AMR	10	1	0.04
HLA-DQB2	known	AMR	14	1	0.04
HLA-DQB2	known	AMR	21	1	0.04
HLA-DQB2	known	AMR	25	1	0.04
HLA-DQB2	known	AMR	29	1	0.04
HLA-DQB2	known	AMR	37	1	0.04
HLA-DQB2	known	AMR	40	1	0.04
HLA-DQB2	known	AMR	43	1	0.04
HLA-DQB2	known	AMR	66	1	0.04
HLA-DQB2	known	AMR	86	1	0.04
HLA-DQB2	known	AMR	89	1	0.04
HLA-DQB2	known	AMR	97	1	0.04
HLA-DQB2	known	AMR	113	1	0.04
HLA-DQB2	known	AMR	158	1	0.04
HLA-DQB2	known	AMR	278	1	0.04
HLA-DQB2	known	AMR	354	1	0.04
HLA-DQB2	known	AMR	376	1	0.04
HLA-DQB2	known	AMR	725	1	0.04
HLA-DQB2	known	AMR	953	1	0.04
HLA-DQB2	known	EAS	1	2	0.0952
HLA-DQB2	known	EAS	2	5	0.2381
HLA-DQB2	known	EAS	5	2	0.0952
HLA-DQB2	known	EAS	8	1	0.0476
HLA-DQB2	known	EAS	19	1	0.0476
HLA-DQB2	known	EAS	25	1	0.0476
HLA-DQB2	known	EAS	39	1	0.0476
HLA-DQB2	known	EAS	61	1	0.0476
HLA-DQB2	known	EAS	74	1	0.0476
HLA-DQB2	known	EAS	93	2	0.0952
HLA-DQB2	known	EAS	130	1	0.0476
HLA-DQB2	known	EAS	180	1	0.0476
HLA-DQB2	known	EAS	194	1	0.0476
HLA-DQB2	known	EAS	633	1	0.0476
HLA-DQB2	known	EUR	1	1	0.0435
HLA-DQB2	known	EUR	3	2	0.087
HLA-DQB2	known	EUR	4	1	0.0435
HLA-DQB2	known	EUR	8	1	0.0435
HLA-DQB2	known	EUR	10	1	0.0435
HLA-DQB2	known	EUR	11	1	0.0435
HLA-DQB2	known	EUR	38	1	0.0435
HLA-DQB2	known	EUR	43	1	0.0435
HLA-DQB2	known	EUR	56	1	0.0435
HLA-DQB2	known	EUR	57	1	0.0435
HLA-DQB2	known	EUR	74	1	0.0435
HLA-DQB2	known	EUR	75	1	0.0435
HLA-DQB2	known	EUR	76	1	0.0435
HLA-DQB2	known	EUR	77	1	0.0435
HLA-DQB2	known	EUR	144	1	0.0435
HLA-DQB2	known	EUR	190	1	0.0435
HLA-DQB2	known	EUR	223	1	0.0435
HLA-DQB2	known	EUR	285	1	0.0435
HLA-DQB2	known	EUR	303	1	0.0435
HLA-DQB2	known	EUR	469	1	0.0435
HLA-DQB2	known	EUR	825	1	0.0435
HLA-DQB2	known	EUR	1027	1	0.0435
HLA-DQB2	known	MID	1	3	0.1579
HLA-DQB2	known	MID	5	1	0.0526
HLA-DQB2	known	MID	6	1	0.0526
HLA-DQB2	known	MID	8	4	0.2105
HLA-DQB2	known	MID	10	1	0.0526
HLA-DQB2	known	MID	30	1	0.0526
HLA-DQB2	known	MID	32	1	0.0526
HLA-DQB2	known	MID	41	1	0.0526
HLA-DQB2	known	MID	55	1	0.0526
HLA-DQB2	known	MID	61	1	0.0526
HLA-DQB2	known	MID	64	1	0.0526
HLA-DQB2	known	MID	74	1	0.0526
HLA-DQB2	known	MID	92	1	0.0526
HLA-DQB2	known	MID	94	1	0.0526
HLA-DQB2	known	SAS	1	4	0.2105
HLA-DQB2	known	SAS	3	2	0.1053
HLA-DQB2	known	SAS	4	1	0.0526
HLA-DQB2	known	SAS	7	1	0.0526
HLA-DQB2	known	SAS	10	1	0.0526
HLA-DQB2	known	SAS	16	1	0.0526
HLA-DQB2	known	SAS	20	1	0.0526
HLA-DQB2	known	SAS	33	2	0.1053
HLA-DQB2	known	SAS	167	1	0.0526
HLA-DQB2	known	SAS	222	1	0.0526
HLA-DQB2	known	SAS	230	1	0.0526
HLA-DQB2	known	SAS	246	1	0.0526
HLA-DQB2	known	SAS	247	1	0.0526
HLA-DQB2	known	SAS	406	1	0.0526
HLA-DQB2	known	POOLED	1	1	0.037
HLA-DQB2	known	POOLED	4	1	0.037
HLA-DQB2	known	POOLED	12	1	0.037
HLA-DQB2	known	POOLED	13	1	0.037
HLA-DQB2	known	POOLED	14	1	0.037
HLA-DQB2	known	POOLED	15	1	0.037
HLA-DQB2	known	POOLED	26	1	0.037
HLA-DQB2	known	POOLED	51	1	0.037
HLA-DQB2	known	POOLED	78	1	0.037
HLA-DQB2	known	POOLED	87	1	0.037
HLA-DQB2	known	POOLED	103	1	0.037
HLA-DQB2	known	POOLED	112	1	0.037
HLA-DQB2	known	POOLED	125	1	0.037
HLA-DQB2	known	POOLED	126	1	0.037
HLA-DQB2	known	POOLED	233	1	0.037
HLA-DQB2	known	POOLED	363	1	0.037
HLA-DQB2	known	POOLED	380	1	0.037
HLA-DQB2	known	POOLED	381	1	0.037
HLA-DQB2	known	POOLED	475	1	0.037
HLA-DQB2	known	POOLED	528	1	0.037
HLA-DQB2	known	POOLED	576	1	0.037
HLA-DQB2	known	POOLED	1091	1	0.037
HLA-DQB2	known	POOLED	1121	1	0.037
HLA-DQB2	known	POOLED	1131	1	0.037
HLA-DQB2	known	POOLED	1806	1	0.037
HLA-DQB2	known	POOLED	2726	1	0.037
HLA-DQB2	known	POOLED	2915	1	0.037
HLA-DQB2	novel	AFR	1	103	0.811
HLA-DQB2	novel	AFR	2	9	0.0709
HLA-DQB2	novel	AFR	3	1	0.0079
HLA-DQB2	novel	AFR	5	1	0.0079
HLA-DQB2	novel	AFR	7	2	0.0157
HLA-DQB2	novel	AFR	12	1	0.0079
HLA-DQB2	novel	AFR	14	1	0.0079
HLA-DQB2	novel	AFR	25	1	0.0079
HLA-DQB2	novel	AFR	45	1	0.0079
HLA-DQB2	novel	AFR	50	1	0.0079
HLA-DQB2	novel	AFR	60	1	0.0079
HLA-DQB2	novel	AFR	163	1	0.0079
HLA-DQB2	novel	AFR	241	1	0.0079
HLA-DQB2	novel	AFR	283	1	0.0079
HLA-DQB2	novel	AFR	739	1	0.0079
HLA-DQB2	novel	AFR	1232	1	0.0079
HLA-DQB2	novel	AMR	1	93	0.775
HLA-DQB2	novel	AMR	2	11	0.0917
HLA-DQB2	novel	AMR	3	3	0.025
HLA-DQB2	novel	AMR	5	3	0.025
HLA-DQB2	novel	AMR	11	1	0.0083
HLA-DQB2	novel	AMR	12	1	0.0083
HLA-DQB2	novel	AMR	18	2	0.0167
HLA-DQB2	novel	AMR	23	1	0.0083
HLA-DQB2	novel	AMR	56	1	0.0083
HLA-DQB2	novel	AMR	155	1	0.0083
HLA-DQB2	novel	AMR	205	1	0.0083
HLA-DQB2	novel	AMR	310	1	0.0083
HLA-DQB2	novel	AMR	975	1	0.0083
HLA-DQB2	novel	EAS	1	38	0.7917
HLA-DQB2	novel	EAS	2	1	0.0208
HLA-DQB2	novel	EAS	3	1	0.0208
HLA-DQB2	novel	EAS	5	1	0.0208
HLA-DQB2	novel	EAS	11	1	0.0208
HLA-DQB2	novel	EAS	13	1	0.0208
HLA-DQB2	novel	EAS	45	1	0.0208
HLA-DQB2	novel	EAS	90	1	0.0208
HLA-DQB2	novel	EAS	109	1	0.0208
HLA-DQB2	novel	EAS	133	1	0.0208
HLA-DQB2	novel	EAS	917	1	0.0208
HLA-DQB2	novel	EUR	1	101	0.8145
HLA-DQB2	novel	EUR	2	8	0.0645
HLA-DQB2	novel	EUR	3	4	0.0323
HLA-DQB2	novel	EUR	4	1	0.0081
HLA-DQB2	novel	EUR	6	1	0.0081
HLA-DQB2	novel	EUR	7	1	0.0081
HLA-DQB2	novel	EUR	11	1	0.0081
HLA-DQB2	novel	EUR	14	1	0.0081
HLA-DQB2	novel	EUR	42	1	0.0081
HLA-DQB2	novel	EUR	44	1	0.0081
HLA-DQB2	novel	EUR	88	1	0.0081
HLA-DQB2	novel	EUR	145	1	0.0081
HLA-DQB2	novel	EUR	224	1	0.0081
HLA-DQB2	novel	EUR	1330	1	0.0081
HLA-DQB2	novel	MID	1	16	0.5714
HLA-DQB2	novel	MID	2	3	0.1071
HLA-DQB2	novel	MID	3	1	0.0357
HLA-DQB2	novel	MID	4	2	0.0714
HLA-DQB2	novel	MID	5	1	0.0357
HLA-DQB2	novel	MID	13	1	0.0357
HLA-DQB2	novel	MID	23	1	0.0357
HLA-DQB2	novel	MID	29	1	0.0357
HLA-DQB2	novel	MID	52	1	0.0357
HLA-DQB2	novel	MID	221	1	0.0357
HLA-DQB2	novel	SAS	1	58	0.8056
HLA-DQB2	novel	SAS	2	5	0.0694
HLA-DQB2	novel	SAS	3	1	0.0139
HLA-DQB2	novel	SAS	9	1	0.0139
HLA-DQB2	novel	SAS	12	1	0.0139
HLA-DQB2	novel	SAS	22	1	0.0139
HLA-DQB2	novel	SAS	44	1	0.0139
HLA-DQB2	novel	SAS	45	1	0.0139
HLA-DQB2	novel	SAS	46	1	0.0139
HLA-DQB2	novel	SAS	140	1	0.0139
HLA-DQB2	novel	SAS	451	1	0.0139
HLA-DQB2	novel	POOLED	1	350	0.8373
HLA-DQB2	novel	POOLED	2	32	0.0766
HLA-DQB2	novel	POOLED	3	9	0.0215
HLA-DQB2	novel	POOLED	4	4	0.0096
HLA-DQB2	novel	POOLED	5	3	0.0072
HLA-DQB2	novel	POOLED	7	1	0.0024
HLA-DQB2	novel	POOLED	9	1	0.0024
HLA-DQB2	novel	POOLED	13	1	0.0024
HLA-DQB2	novel	POOLED	14	1	0.0024
HLA-DQB2	novel	POOLED	15	1	0.0024
HLA-DQB2	novel	POOLED	17	1	0.0024
HLA-DQB2	novel	POOLED	24	1	0.0024
HLA-DQB2	novel	POOLED	28	1	0.0024
HLA-DQB2	novel	POOLED	49	1	0.0024
HLA-DQB2	novel	POOLED	54	1	0.0024
HLA-DQB2	novel	POOLED	64	1	0.0024
HLA-DQB2	novel	POOLED	66	1	0.0024
HLA-DQB2	novel	POOLED	84	1	0.0024
HLA-DQB2	novel	POOLED	148	1	0.0024
HLA-DQB2	novel	POOLED	308	1	0.0024
HLA-DQB2	novel	POOLED	379	1	0.0024
HLA-DQB2	novel	POOLED	572	1	0.0024
HLA-DQB2	novel	POOLED	880	1	0.0024
HLA-DQB2	novel	POOLED	1235	1	0.0024
HLA-DQB2	novel	POOLED	5131	1	0.0024
HLA-DRA	all	AFR	1	149	0.734
HLA-DRA	all	AFR	2	14	0.069
HLA-DRA	all	AFR	3	5	0.0246
HLA-DRA	all	AFR	4	2	0.0099
HLA-DRA	all	AFR	5	1	0.0049
HLA-DRA	all	AFR	8	1	0.0049
HLA-DRA	all	AFR	9	1	0.0049
HLA-DRA	all	AFR	14	1	0.0049
HLA-DRA	all	AFR	30	1	0.0049
HLA-DRA	all	AFR	36	1	0.0049
HLA-DRA	all	AFR	40	1	0.0049
HLA-DRA	all	AFR	41	1	0.0049
HLA-DRA	all	AFR	52	1	0.0049
HLA-DRA	all	AFR	55	1	0.0049
HLA-DRA	all	AFR	60	1	0.0049
HLA-DRA	all	AFR	61	1	0.0049
HLA-DRA	all	AFR	73	1	0.0049
HLA-DRA	all	AFR	75	1	0.0049
HLA-DRA	all	AFR	80	1	0.0049
HLA-DRA	all	AFR	90	1	0.0049
HLA-DRA	all	AFR	105	1	0.0049
HLA-DRA	all	AFR	110	1	0.0049
HLA-DRA	all	AFR	131	1	0.0049
HLA-DRA	all	AFR	144	1	0.0049
HLA-DRA	all	AFR	165	1	0.0049
HLA-DRA	all	AFR	190	1	0.0049
HLA-DRA	all	AFR	214	1	0.0049
HLA-DRA	all	AFR	239	1	0.0049
HLA-DRA	all	AFR	245	1	0.0049
HLA-DRA	all	AFR	251	1	0.0049
HLA-DRA	all	AFR	303	1	0.0049
HLA-DRA	all	AFR	307	1	0.0049
HLA-DRA	all	AFR	322	1	0.0049
HLA-DRA	all	AFR	324	1	0.0049
HLA-DRA	all	AFR	453	1	0.0049
HLA-DRA	all	AFR	706	1	0.0049
HLA-DRA	all	AFR	921	1	0.0049
HLA-DRA	all	AMR	1	123	0.7321
HLA-DRA	all	AMR	2	5	0.0298
HLA-DRA	all	AMR	3	3	0.0179
HLA-DRA	all	AMR	4	2	0.0119
HLA-DRA	all	AMR	6	2	0.0119
HLA-DRA	all	AMR	7	2	0.0119
HLA-DRA	all	AMR	8	3	0.0179
HLA-DRA	all	AMR	9	1	0.006
HLA-DRA	all	AMR	15	2	0.0119
HLA-DRA	all	AMR	22	1	0.006
HLA-DRA	all	AMR	25	1	0.006
HLA-DRA	all	AMR	48	2	0.0119
HLA-DRA	all	AMR	49	1	0.006
HLA-DRA	all	AMR	54	1	0.006
HLA-DRA	all	AMR	58	1	0.006
HLA-DRA	all	AMR	62	1	0.006
HLA-DRA	all	AMR	64	1	0.006
HLA-DRA	all	AMR	81	1	0.006
HLA-DRA	all	AMR	102	1	0.006
HLA-DRA	all	AMR	111	1	0.006
HLA-DRA	all	AMR	132	1	0.006
HLA-DRA	all	AMR	139	1	0.006
HLA-DRA	all	AMR	187	1	0.006
HLA-DRA	all	AMR	238	1	0.006
HLA-DRA	all	AMR	241	1	0.006
HLA-DRA	all	AMR	256	1	0.006
HLA-DRA	all	AMR	305	1	0.006
HLA-DRA	all	AMR	319	1	0.006
HLA-DRA	all	AMR	331	1	0.006
HLA-DRA	all	AMR	374	1	0.006
HLA-DRA	all	AMR	438	1	0.006
HLA-DRA	all	AMR	440	1	0.006
HLA-DRA	all	AMR	1052	1	0.006
HLA-DRA	all	EAS	1	77	0.7196
HLA-DRA	all	EAS	2	3	0.028
HLA-DRA	all	EAS	3	1	0.0093
HLA-DRA	all	EAS	4	2	0.0187
HLA-DRA	all	EAS	7	1	0.0093
HLA-DRA	all	EAS	8	1	0.0093
HLA-DRA	all	EAS	14	1	0.0093
HLA-DRA	all	EAS	15	2	0.0187
HLA-DRA	all	EAS	18	1	0.0093
HLA-DRA	all	EAS	28	1	0.0093
HLA-DRA	all	EAS	32	1	0.0093
HLA-DRA	all	EAS	34	2	0.0187
HLA-DRA	all	EAS	45	1	0.0093
HLA-DRA	all	EAS	49	1	0.0093
HLA-DRA	all	EAS	56	1	0.0093
HLA-DRA	all	EAS	58	1	0.0093
HLA-DRA	all	EAS	83	1	0.0093
HLA-DRA	all	EAS	119	1	0.0093
HLA-DRA	all	EAS	141	1	0.0093
HLA-DRA	all	EAS	153	1	0.0093
HLA-DRA	all	EAS	191	1	0.0093
HLA-DRA	all	EAS	248	1	0.0093
HLA-DRA	all	EAS	291	1	0.0093
HLA-DRA	all	EAS	307	1	0.0093
HLA-DRA	all	EAS	337	1	0.0093
HLA-DRA	all	EAS	549	1	0.0093
HLA-DRA	all	EUR	1	126	0.7368
HLA-DRA	all	EUR	2	6	0.0351
HLA-DRA	all	EUR	3	4	0.0234
HLA-DRA	all	EUR	4	3	0.0175
HLA-DRA	all	EUR	5	3	0.0175
HLA-DRA	all	EUR	9	1	0.0058
HLA-DRA	all	EUR	14	1	0.0058
HLA-DRA	all	EUR	16	1	0.0058
HLA-DRA	all	EUR	18	2	0.0117
HLA-DRA	all	EUR	21	1	0.0058
HLA-DRA	all	EUR	32	1	0.0058
HLA-DRA	all	EUR	49	1	0.0058
HLA-DRA	all	EUR	62	2	0.0117
HLA-DRA	all	EUR	66	1	0.0058
HLA-DRA	all	EUR	70	1	0.0058
HLA-DRA	all	EUR	96	1	0.0058
HLA-DRA	all	EUR	106	1	0.0058
HLA-DRA	all	EUR	111	1	0.0058
HLA-DRA	all	EUR	112	1	0.0058
HLA-DRA	all	EUR	115	1	0.0058
HLA-DRA	all	EUR	164	1	0.0058
HLA-DRA	all	EUR	222	1	0.0058
HLA-DRA	all	EUR	228	1	0.0058
HLA-DRA	all	EUR	247	1	0.0058
HLA-DRA	all	EUR	299	1	0.0058
HLA-DRA	all	EUR	332	1	0.0058
HLA-DRA	all	EUR	353	1	0.0058
HLA-DRA	all	EUR	395	1	0.0058
HLA-DRA	all	EUR	397	1	0.0058
HLA-DRA	all	EUR	469	1	0.0058
HLA-DRA	all	EUR	561	1	0.0058
HLA-DRA	all	EUR	1168	1	0.0058
HLA-DRA	all	MID	1	22	0.44
HLA-DRA	all	MID	2	1	0.02
HLA-DRA	all	MID	3	1	0.02
HLA-DRA	all	MID	4	2	0.04
HLA-DRA	all	MID	5	1	0.02
HLA-DRA	all	MID	6	2	0.04
HLA-DRA	all	MID	8	1	0.02
HLA-DRA	all	MID	9	1	0.02
HLA-DRA	all	MID	10	1	0.02
HLA-DRA	all	MID	11	1	0.02
HLA-DRA	all	MID	14	2	0.04
HLA-DRA	all	MID	15	1	0.02
HLA-DRA	all	MID	16	1	0.02
HLA-DRA	all	MID	27	1	0.02
HLA-DRA	all	MID	29	1	0.02
HLA-DRA	all	MID	31	1	0.02
HLA-DRA	all	MID	32	1	0.02
HLA-DRA	all	MID	33	2	0.04
HLA-DRA	all	MID	37	1	0.02
HLA-DRA	all	MID	44	1	0.02
HLA-DRA	all	MID	68	1	0.02
HLA-DRA	all	MID	74	1	0.02
HLA-DRA	all	MID	79	1	0.02
HLA-DRA	all	MID	119	1	0.02
HLA-DRA	all	MID	211	1	0.02
HLA-DRA	all	SAS	1	45	0.6
HLA-DRA	all	SAS	2	2	0.0267
HLA-DRA	all	SAS	3	4	0.0533
HLA-DRA	all	SAS	5	1	0.0133
HLA-DRA	all	SAS	6	1	0.0133
HLA-DRA	all	SAS	9	2	0.0267
HLA-DRA	all	SAS	14	1	0.0133
HLA-DRA	all	SAS	16	1	0.0133
HLA-DRA	all	SAS	21	1	0.0133
HLA-DRA	all	SAS	36	1	0.0133
HLA-DRA	all	SAS	42	1	0.0133
HLA-DRA	all	SAS	52	1	0.0133
HLA-DRA	all	SAS	66	1	0.0133
HLA-DRA	all	SAS	68	1	0.0133
HLA-DRA	all	SAS	69	1	0.0133
HLA-DRA	all	SAS	75	1	0.0133
HLA-DRA	all	SAS	101	1	0.0133
HLA-DRA	all	SAS	104	1	0.0133
HLA-DRA	all	SAS	108	1	0.0133
HLA-DRA	all	SAS	117	1	0.0133
HLA-DRA	all	SAS	149	1	0.0133
HLA-DRA	all	SAS	152	1	0.0133
HLA-DRA	all	SAS	169	1	0.0133
HLA-DRA	all	SAS	201	1	0.0133
HLA-DRA	all	SAS	330	1	0.0133
HLA-DRA	all	SAS	474	1	0.0133
HLA-DRA	all	POOLED	1	435	0.8146
HLA-DRA	all	POOLED	2	26	0.0487
HLA-DRA	all	POOLED	3	15	0.0281
HLA-DRA	all	POOLED	4	7	0.0131
HLA-DRA	all	POOLED	5	3	0.0056
HLA-DRA	all	POOLED	6	4	0.0075
HLA-DRA	all	POOLED	8	1	0.0019
HLA-DRA	all	POOLED	10	1	0.0019
HLA-DRA	all	POOLED	12	1	0.0019
HLA-DRA	all	POOLED	14	1	0.0019
HLA-DRA	all	POOLED	15	1	0.0019
HLA-DRA	all	POOLED	18	1	0.0019
HLA-DRA	all	POOLED	19	1	0.0019
HLA-DRA	all	POOLED	35	1	0.0019
HLA-DRA	all	POOLED	40	1	0.0019
HLA-DRA	all	POOLED	45	1	0.0019
HLA-DRA	all	POOLED	48	1	0.0019
HLA-DRA	all	POOLED	52	1	0.0019
HLA-DRA	all	POOLED	53	1	0.0019
HLA-DRA	all	POOLED	70	1	0.0019
HLA-DRA	all	POOLED	73	1	0.0019
HLA-DRA	all	POOLED	82	1	0.0019
HLA-DRA	all	POOLED	89	1	0.0019
HLA-DRA	all	POOLED	99	1	0.0019
HLA-DRA	all	POOLED	153	1	0.0019
HLA-DRA	all	POOLED	235	1	0.0019
HLA-DRA	all	POOLED	265	1	0.0019
HLA-DRA	all	POOLED	274	1	0.0019
HLA-DRA	all	POOLED	309	1	0.0019
HLA-DRA	all	POOLED	335	1	0.0019
HLA-DRA	all	POOLED	339	1	0.0019
HLA-DRA	all	POOLED	399	1	0.0019
HLA-DRA	all	POOLED	416	1	0.0019
HLA-DRA	all	POOLED	421	1	0.0019
HLA-DRA	all	POOLED	430	1	0.0019
HLA-DRA	all	POOLED	466	1	0.0019
HLA-DRA	all	POOLED	563	1	0.0019
HLA-DRA	all	POOLED	669	1	0.0019
HLA-DRA	all	POOLED	713	1	0.0019
HLA-DRA	all	POOLED	802	1	0.0019
HLA-DRA	all	POOLED	930	1	0.0019
HLA-DRA	all	POOLED	932	1	0.0019
HLA-DRA	all	POOLED	992	1	0.0019
HLA-DRA	all	POOLED	1133	1	0.0019
HLA-DRA	all	POOLED	1184	1	0.0019
HLA-DRA	all	POOLED	1404	1	0.0019
HLA-DRA	all	POOLED	1498	1	0.0019
HLA-DRA	all	POOLED	1501	1	0.0019
HLA-DRA	all	POOLED	2204	1	0.0019
HLA-DRA	all	POOLED	3905	1	0.0019
HLA-DRA	known	AFR	1	4	0.1053
HLA-DRA	known	AFR	2	3	0.0789
HLA-DRA	known	AFR	3	3	0.0789
HLA-DRA	known	AFR	5	1	0.0263
HLA-DRA	known	AFR	8	1	0.0263
HLA-DRA	known	AFR	9	1	0.0263
HLA-DRA	known	AFR	36	1	0.0263
HLA-DRA	known	AFR	40	1	0.0263
HLA-DRA	known	AFR	41	1	0.0263
HLA-DRA	known	AFR	52	1	0.0263
HLA-DRA	known	AFR	55	1	0.0263
HLA-DRA	known	AFR	60	1	0.0263
HLA-DRA	known	AFR	61	1	0.0263
HLA-DRA	known	AFR	73	1	0.0263
HLA-DRA	known	AFR	75	1	0.0263
HLA-DRA	known	AFR	80	1	0.0263
HLA-DRA	known	AFR	90	1	0.0263
HLA-DRA	known	AFR	105	1	0.0263
HLA-DRA	known	AFR	110	1	0.0263
HLA-DRA	known	AFR	144	1	0.0263
HLA-DRA	known	AFR	165	1	0.0263
HLA-DRA	known	AFR	190	1	0.0263
HLA-DRA	known	AFR	214	1	0.0263
HLA-DRA	known	AFR	239	1	0.0263
HLA-DRA	known	AFR	245	1	0.0263
HLA-DRA	known	AFR	251	1	0.0263
HLA-DRA	known	AFR	307	1	0.0263
HLA-DRA	known	AFR	322	1	0.0263
HLA-DRA	known	AFR	324	1	0.0263
HLA-DRA	known	AFR	706	1	0.0263
HLA-DRA	known	AFR	921	1	0.0263
HLA-DRA	known	AMR	1	5	0.1282
HLA-DRA	known	AMR	2	2	0.0513
HLA-DRA	known	AMR	3	1	0.0256
HLA-DRA	known	AMR	4	1	0.0256
HLA-DRA	known	AMR	6	1	0.0256
HLA-DRA	known	AMR	7	1	0.0256
HLA-DRA	known	AMR	8	3	0.0769
HLA-DRA	known	AMR	9	1	0.0256
HLA-DRA	known	AMR	15	2	0.0513
HLA-DRA	known	AMR	22	1	0.0256
HLA-DRA	known	AMR	25	1	0.0256
HLA-DRA	known	AMR	48	2	0.0513
HLA-DRA	known	AMR	49	1	0.0256
HLA-DRA	known	AMR	54	1	0.0256
HLA-DRA	known	AMR	62	1	0.0256
HLA-DRA	known	AMR	64	1	0.0256
HLA-DRA	known	AMR	81	1	0.0256
HLA-DRA	known	AMR	102	1	0.0256
HLA-DRA	known	AMR	111	1	0.0256
HLA-DRA	known	AMR	132	1	0.0256
HLA-DRA	known	AMR	187	1	0.0256
HLA-DRA	known	AMR	238	1	0.0256
HLA-DRA	known	AMR	241	1	0.0256
HLA-DRA	known	AMR	256	1	0.0256
HLA-DRA	known	AMR	305	1	0.0256
HLA-DRA	known	AMR	331	1	0.0256
HLA-DRA	known	AMR	374	1	0.0256
HLA-DRA	known	AMR	438	1	0.0256
HLA-DRA	known	AMR	440	1	0.0256
HLA-DRA	known	AMR	1052	1	0.0256
HLA-DRA	known	EAS	1	7	0.2333
HLA-DRA	known	EAS	2	3	0.1
HLA-DRA	known	EAS	8	1	0.0333
HLA-DRA	known	EAS	15	2	0.0667
HLA-DRA	known	EAS	18	1	0.0333
HLA-DRA	known	EAS	28	1	0.0333
HLA-DRA	known	EAS	32	1	0.0333
HLA-DRA	known	EAS	34	2	0.0667
HLA-DRA	known	EAS	45	1	0.0333
HLA-DRA	known	EAS	49	1	0.0333
HLA-DRA	known	EAS	56	1	0.0333
HLA-DRA	known	EAS	58	1	0.0333
HLA-DRA	known	EAS	83	1	0.0333
HLA-DRA	known	EAS	141	1	0.0333
HLA-DRA	known	EAS	153	1	0.0333
HLA-DRA	known	EAS	248	1	0.0333
HLA-DRA	known	EAS	291	1	0.0333
HLA-DRA	known	EAS	307	1	0.0333
HLA-DRA	known	EAS	337	1	0.0333
HLA-DRA	known	EAS	549	1	0.0333
HLA-DRA	known	EUR	1	3	0.0769
HLA-DRA	known	EUR	2	4	0.1026
HLA-DRA	known	EUR	3	3	0.0769
HLA-DRA	known	EUR	4	2	0.0513
HLA-DRA	known	EUR	5	2	0.0513
HLA-DRA	known	EUR	9	1	0.0256
HLA-DRA	known	EUR	14	1	0.0256
HLA-DRA	known	EUR	16	1	0.0256
HLA-DRA	known	EUR	18	2	0.0513
HLA-DRA	known	EUR	32	1	0.0256
HLA-DRA	known	EUR	62	2	0.0513
HLA-DRA	known	EUR	66	1	0.0256
HLA-DRA	known	EUR	70	1	0.0256
HLA-DRA	known	EUR	96	1	0.0256
HLA-DRA	known	EUR	106	1	0.0256
HLA-DRA	known	EUR	111	1	0.0256
HLA-DRA	known	EUR	115	1	0.0256
HLA-DRA	known	EUR	164	1	0.0256
HLA-DRA	known	EUR	222	1	0.0256
HLA-DRA	known	EUR	228	1	0.0256
HLA-DRA	known	EUR	247	1	0.0256
HLA-DRA	known	EUR	332	1	0.0256
HLA-DRA	known	EUR	353	1	0.0256
HLA-DRA	known	EUR	395	1	0.0256
HLA-DRA	known	EUR	397	1	0.0256
HLA-DRA	known	EUR	469	1	0.0256
HLA-DRA	known	EUR	561	1	0.0256
HLA-DRA	known	EUR	1168	1	0.0256
HLA-DRA	known	MID	1	4	0.1379
HLA-DRA	known	MID	2	1	0.0345
HLA-DRA	known	MID	3	1	0.0345
HLA-DRA	known	MID	4	2	0.069
HLA-DRA	known	MID	5	1	0.0345
HLA-DRA	known	MID	6	2	0.069
HLA-DRA	known	MID	8	1	0.0345
HLA-DRA	known	MID	9	1	0.0345
HLA-DRA	known	MID	10	1	0.0345
HLA-DRA	known	MID	11	1	0.0345
HLA-DRA	known	MID	14	1	0.0345
HLA-DRA	known	MID	15	1	0.0345
HLA-DRA	known	MID	16	1	0.0345
HLA-DRA	known	MID	29	1	0.0345
HLA-DRA	known	MID	31	1	0.0345
HLA-DRA	known	MID	32	1	0.0345
HLA-DRA	known	MID	33	2	0.069
HLA-DRA	known	MID	37	1	0.0345
HLA-DRA	known	MID	44	1	0.0345
HLA-DRA	known	MID	74	1	0.0345
HLA-DRA	known	MID	79	1	0.0345
HLA-DRA	known	MID	119	1	0.0345
HLA-DRA	known	MID	211	1	0.0345
HLA-DRA	known	SAS	1	2	0.0769
HLA-DRA	known	SAS	2	1	0.0385
HLA-DRA	known	SAS	3	3	0.1154
HLA-DRA	known	SAS	5	1	0.0385
HLA-DRA	known	SAS	6	1	0.0385
HLA-DRA	known	SAS	14	1	0.0385
HLA-DRA	known	SAS	16	1	0.0385
HLA-DRA	known	SAS	21	1	0.0385
HLA-DRA	known	SAS	36	1	0.0385
HLA-DRA	known	SAS	42	1	0.0385
HLA-DRA	known	SAS	52	1	0.0385
HLA-DRA	known	SAS	66	1	0.0385
HLA-DRA	known	SAS	68	1	0.0385
HLA-DRA	known	SAS	69	1	0.0385
HLA-DRA	known	SAS	75	1	0.0385
HLA-DRA	known	SAS	104	1	0.0385
HLA-DRA	known	SAS	108	1	0.0385
HLA-DRA	known	SAS	117	1	0.0385
HLA-DRA	known	SAS	149	1	0.0385
HLA-DRA	known	SAS	152	1	0.0385
HLA-DRA	known	SAS	201	1	0.0385
HLA-DRA	known	SAS	330	1	0.0385
HLA-DRA	known	SAS	474	1	0.0385
HLA-DRA	known	POOLED	1	4	0.0833
HLA-DRA	known	POOLED	2	5	0.1042
HLA-DRA	known	POOLED	3	1	0.0208
HLA-DRA	known	POOLED	5	1	0.0208
HLA-DRA	known	POOLED	6	1	0.0208
HLA-DRA	known	POOLED	8	1	0.0208
HLA-DRA	known	POOLED	10	1	0.0208
HLA-DRA	known	POOLED	18	1	0.0208
HLA-DRA	known	POOLED	19	1	0.0208
HLA-DRA	known	POOLED	35	1	0.0208
HLA-DRA	known	POOLED	45	1	0.0208
HLA-DRA	known	POOLED	48	1	0.0208
HLA-DRA	known	POOLED	52	1	0.0208
HLA-DRA	known	POOLED	70	1	0.0208
HLA-DRA	known	POOLED	73	1	0.0208
HLA-DRA	known	POOLED	82	1	0.0208
HLA-DRA	known	POOLED	89	1	0.0208
HLA-DRA	known	POOLED	99	1	0.0208
HLA-DRA	known	POOLED	153	1	0.0208
HLA-DRA	known	POOLED	235	1	0.0208
HLA-DRA	known	POOLED	274	1	0.0208
HLA-DRA	known	POOLED	309	1	0.0208
HLA-DRA	known	POOLED	335	1	0.0208
HLA-DRA	known	POOLED	339	1	0.0208
HLA-DRA	known	POOLED	399	1	0.0208
HLA-DRA	known	POOLED	416	1	0.0208
HLA-DRA	known	POOLED	421	1	0.0208
HLA-DRA	known	POOLED	430	1	0.0208
HLA-DRA	known	POOLED	466	1	0.0208
HLA-DRA	known	POOLED	563	1	0.0208
HLA-DRA	known	POOLED	669	1	0.0208
HLA-DRA	known	POOLED	713	1	0.0208
HLA-DRA	known	POOLED	930	1	0.0208
HLA-DRA	known	POOLED	932	1	0.0208
HLA-DRA	known	POOLED	992	1	0.0208
HLA-DRA	known	POOLED	1133	1	0.0208
HLA-DRA	known	POOLED	1184	1	0.0208
HLA-DRA	known	POOLED	1404	1	0.0208
HLA-DRA	known	POOLED	1498	1	0.0208
HLA-DRA	known	POOLED	2204	1	0.0208
HLA-DRA	known	POOLED	3905	1	0.0208
HLA-DRA	novel	AFR	1	145	0.8788
HLA-DRA	novel	AFR	2	11	0.0667
HLA-DRA	novel	AFR	3	2	0.0121
HLA-DRA	novel	AFR	4	2	0.0121
HLA-DRA	novel	AFR	14	1	0.0061
HLA-DRA	novel	AFR	30	1	0.0061
HLA-DRA	novel	AFR	131	1	0.0061
HLA-DRA	novel	AFR	303	1	0.0061
HLA-DRA	novel	AFR	453	1	0.0061
HLA-DRA	novel	AMR	1	118	0.9147
HLA-DRA	novel	AMR	2	3	0.0233
HLA-DRA	novel	AMR	3	2	0.0155
HLA-DRA	novel	AMR	4	1	0.0078
HLA-DRA	novel	AMR	6	1	0.0078
HLA-DRA	novel	AMR	7	1	0.0078
HLA-DRA	novel	AMR	58	1	0.0078
HLA-DRA	novel	AMR	139	1	0.0078
HLA-DRA	novel	AMR	319	1	0.0078
HLA-DRA	novel	EAS	1	70	0.9091
HLA-DRA	novel	EAS	3	1	0.013
HLA-DRA	novel	EAS	4	2	0.026
HLA-DRA	novel	EAS	7	1	0.013
HLA-DRA	novel	EAS	14	1	0.013
HLA-DRA	novel	EAS	119	1	0.013
HLA-DRA	novel	EAS	191	1	0.013
HLA-DRA	novel	EUR	1	123	0.9318
HLA-DRA	novel	EUR	2	2	0.0152
HLA-DRA	novel	EUR	3	1	0.0076
HLA-DRA	novel	EUR	4	1	0.0076
HLA-DRA	novel	EUR	5	1	0.0076
HLA-DRA	novel	EUR	21	1	0.0076
HLA-DRA	novel	EUR	49	1	0.0076
HLA-DRA	novel	EUR	112	1	0.0076
HLA-DRA	novel	EUR	299	1	0.0076
HLA-DRA	novel	MID	1	18	0.8571
HLA-DRA	novel	MID	14	1	0.0476
HLA-DRA	novel	MID	27	1	0.0476
HLA-DRA	novel	MID	68	1	0.0476
HLA-DRA	novel	SAS	1	43	0.8776
HLA-DRA	novel	SAS	2	1	0.0204
HLA-DRA	novel	SAS	3	1	0.0204
HLA-DRA	novel	SAS	9	2	0.0408
HLA-DRA	novel	SAS	101	1	0.0204
HLA-DRA	novel	SAS	169	1	0.0204
HLA-DRA	novel	POOLED	1	431	0.8868
HLA-DRA	novel	POOLED	2	21	0.0432
HLA-DRA	novel	POOLED	3	14	0.0288
HLA-DRA	novel	POOLED	4	7	0.0144
HLA-DRA	novel	POOLED	5	2	0.0041
HLA-DRA	novel	POOLED	6	3	0.0062
HLA-DRA	novel	POOLED	12	1	0.0021
HLA-DRA	novel	POOLED	14	1	0.0021
HLA-DRA	novel	POOLED	15	1	0.0021
HLA-DRA	novel	POOLED	40	1	0.0021
HLA-DRA	novel	POOLED	53	1	0.0021
HLA-DRA	novel	POOLED	265	1	0.0021
HLA-DRA	novel	POOLED	802	1	0.0021
HLA-DRA	novel	POOLED	1501	1	0.0021
HLA-DRB1	all	AFR	1	186	0.6179
HLA-DRB1	all	AFR	2	19	0.0631
HLA-DRB1	all	AFR	3	10	0.0332
HLA-DRB1	all	AFR	4	7	0.0233
HLA-DRB1	all	AFR	5	5	0.0166
HLA-DRB1	all	AFR	6	4	0.0133
HLA-DRB1	all	AFR	7	4	0.0133
HLA-DRB1	all	AFR	8	6	0.0199
HLA-DRB1	all	AFR	9	2	0.0066
HLA-DRB1	all	AFR	10	1	0.0033
HLA-DRB1	all	AFR	11	1	0.0033
HLA-DRB1	all	AFR	12	3	0.01
HLA-DRB1	all	AFR	13	3	0.01
HLA-DRB1	all	AFR	14	2	0.0066
HLA-DRB1	all	AFR	15	2	0.0066
HLA-DRB1	all	AFR	16	2	0.0066
HLA-DRB1	all	AFR	17	1	0.0033
HLA-DRB1	all	AFR	18	2	0.0066
HLA-DRB1	all	AFR	19	1	0.0033
HLA-DRB1	all	AFR	20	1	0.0033
HLA-DRB1	all	AFR	27	1	0.0033
HLA-DRB1	all	AFR	30	1	0.0033
HLA-DRB1	all	AFR	32	1	0.0033
HLA-DRB1	all	AFR	33	1	0.0033
HLA-DRB1	all	AFR	34	1	0.0033
HLA-DRB1	all	AFR	36	3	0.01
HLA-DRB1	all	AFR	39	1	0.0033
HLA-DRB1	all	AFR	40	1	0.0033
HLA-DRB1	all	AFR	41	1	0.0033
HLA-DRB1	all	AFR	49	1	0.0033
HLA-DRB1	all	AFR	56	1	0.0033
HLA-DRB1	all	AFR	59	1	0.0033
HLA-DRB1	all	AFR	61	1	0.0033
HLA-DRB1	all	AFR	62	1	0.0033
HLA-DRB1	all	AFR	68	1	0.0033
HLA-DRB1	all	AFR	72	1	0.0033
HLA-DRB1	all	AFR	82	1	0.0033
HLA-DRB1	all	AFR	89	1	0.0033
HLA-DRB1	all	AFR	99	1	0.0033
HLA-DRB1	all	AFR	100	2	0.0066
HLA-DRB1	all	AFR	102	1	0.0033
HLA-DRB1	all	AFR	115	1	0.0033
HLA-DRB1	all	AFR	162	1	0.0033
HLA-DRB1	all	AFR	177	1	0.0033
HLA-DRB1	all	AFR	178	1	0.0033
HLA-DRB1	all	AFR	207	1	0.0033
HLA-DRB1	all	AFR	218	1	0.0033
HLA-DRB1	all	AFR	222	1	0.0033
HLA-DRB1	all	AFR	271	1	0.0033
HLA-DRB1	all	AFR	283	1	0.0033
HLA-DRB1	all	AFR	285	1	0.0033
HLA-DRB1	all	AFR	292	1	0.0033
HLA-DRB1	all	AFR	347	1	0.0033
HLA-DRB1	all	AFR	354	1	0.0033
HLA-DRB1	all	AFR	379	1	0.0033
HLA-DRB1	all	AFR	407	1	0.0033
HLA-DRB1	all	AMR	1	161	0.5649
HLA-DRB1	all	AMR	2	16	0.0561
HLA-DRB1	all	AMR	3	9	0.0316
HLA-DRB1	all	AMR	4	7	0.0246
HLA-DRB1	all	AMR	5	4	0.014
HLA-DRB1	all	AMR	6	6	0.0211
HLA-DRB1	all	AMR	7	4	0.014
HLA-DRB1	all	AMR	8	4	0.014
HLA-DRB1	all	AMR	9	3	0.0105
HLA-DRB1	all	AMR	10	2	0.007
HLA-DRB1	all	AMR	11	2	0.007
HLA-DRB1	all	AMR	13	3	0.0105
HLA-DRB1	all	AMR	15	1	0.0035
HLA-DRB1	all	AMR	16	2	0.007
HLA-DRB1	all	AMR	18	4	0.014
HLA-DRB1	all	AMR	20	1	0.0035
HLA-DRB1	all	AMR	21	2	0.007
HLA-DRB1	all	AMR	22	1	0.0035
HLA-DRB1	all	AMR	23	1	0.0035
HLA-DRB1	all	AMR	25	1	0.0035
HLA-DRB1	all	AMR	26	1	0.0035
HLA-DRB1	all	AMR	28	1	0.0035
HLA-DRB1	all	AMR	30	1	0.0035
HLA-DRB1	all	AMR	31	1	0.0035
HLA-DRB1	all	AMR	34	1	0.0035
HLA-DRB1	all	AMR	36	1	0.0035
HLA-DRB1	all	AMR	37	1	0.0035
HLA-DRB1	all	AMR	38	1	0.0035
HLA-DRB1	all	AMR	40	1	0.0035
HLA-DRB1	all	AMR	43	2	0.007
HLA-DRB1	all	AMR	44	1	0.0035
HLA-DRB1	all	AMR	48	2	0.007
HLA-DRB1	all	AMR	49	1	0.0035
HLA-DRB1	all	AMR	53	1	0.0035
HLA-DRB1	all	AMR	55	1	0.0035
HLA-DRB1	all	AMR	56	1	0.0035
HLA-DRB1	all	AMR	60	1	0.0035
HLA-DRB1	all	AMR	61	1	0.0035
HLA-DRB1	all	AMR	62	1	0.0035
HLA-DRB1	all	AMR	68	2	0.007
HLA-DRB1	all	AMR	78	2	0.007
HLA-DRB1	all	AMR	80	2	0.007
HLA-DRB1	all	AMR	81	1	0.0035
HLA-DRB1	all	AMR	83	1	0.0035
HLA-DRB1	all	AMR	85	1	0.0035
HLA-DRB1	all	AMR	88	2	0.007
HLA-DRB1	all	AMR	97	2	0.007
HLA-DRB1	all	AMR	101	1	0.0035
HLA-DRB1	all	AMR	107	1	0.0035
HLA-DRB1	all	AMR	108	1	0.0035
HLA-DRB1	all	AMR	112	1	0.0035
HLA-DRB1	all	AMR	116	3	0.0105
HLA-DRB1	all	AMR	120	1	0.0035
HLA-DRB1	all	AMR	124	1	0.0035
HLA-DRB1	all	AMR	138	1	0.0035
HLA-DRB1	all	AMR	140	1	0.0035
HLA-DRB1	all	AMR	158	1	0.0035
HLA-DRB1	all	AMR	168	1	0.0035
HLA-DRB1	all	AMR	177	1	0.0035
HLA-DRB1	all	AMR	205	1	0.0035
HLA-DRB1	all	AMR	287	1	0.0035
HLA-DRB1	all	AMR	320	1	0.0035
HLA-DRB1	all	EAS	1	102	0.534
HLA-DRB1	all	EAS	2	22	0.1152
HLA-DRB1	all	EAS	3	5	0.0262
HLA-DRB1	all	EAS	4	4	0.0209
HLA-DRB1	all	EAS	5	5	0.0262
HLA-DRB1	all	EAS	6	3	0.0157
HLA-DRB1	all	EAS	7	4	0.0209
HLA-DRB1	all	EAS	9	5	0.0262
HLA-DRB1	all	EAS	10	1	0.0052
HLA-DRB1	all	EAS	12	2	0.0105
HLA-DRB1	all	EAS	13	2	0.0105
HLA-DRB1	all	EAS	14	1	0.0052
HLA-DRB1	all	EAS	15	1	0.0052
HLA-DRB1	all	EAS	18	4	0.0209
HLA-DRB1	all	EAS	19	2	0.0105
HLA-DRB1	all	EAS	20	1	0.0052
HLA-DRB1	all	EAS	23	1	0.0052
HLA-DRB1	all	EAS	25	2	0.0105
HLA-DRB1	all	EAS	28	1	0.0052
HLA-DRB1	all	EAS	33	1	0.0052
HLA-DRB1	all	EAS	35	2	0.0105
HLA-DRB1	all	EAS	40	2	0.0105
HLA-DRB1	all	EAS	41	1	0.0052
HLA-DRB1	all	EAS	43	1	0.0052
HLA-DRB1	all	EAS	44	2	0.0105
HLA-DRB1	all	EAS	54	1	0.0052
HLA-DRB1	all	EAS	57	1	0.0052
HLA-DRB1	all	EAS	58	1	0.0052
HLA-DRB1	all	EAS	63	1	0.0052
HLA-DRB1	all	EAS	73	1	0.0052
HLA-DRB1	all	EAS	74	1	0.0052
HLA-DRB1	all	EAS	80	1	0.0052
HLA-DRB1	all	EAS	108	1	0.0052
HLA-DRB1	all	EAS	112	1	0.0052
HLA-DRB1	all	EAS	124	1	0.0052
HLA-DRB1	all	EAS	179	1	0.0052
HLA-DRB1	all	EAS	269	1	0.0052
HLA-DRB1	all	EAS	310	1	0.0052
HLA-DRB1	all	EAS	352	1	0.0052
HLA-DRB1	all	EUR	1	161	0.575
HLA-DRB1	all	EUR	2	25	0.0893
HLA-DRB1	all	EUR	3	7	0.025
HLA-DRB1	all	EUR	4	5	0.0179
HLA-DRB1	all	EUR	6	6	0.0214
HLA-DRB1	all	EUR	7	4	0.0143
HLA-DRB1	all	EUR	8	5	0.0179
HLA-DRB1	all	EUR	9	1	0.0036
HLA-DRB1	all	EUR	10	2	0.0071
HLA-DRB1	all	EUR	11	1	0.0036
HLA-DRB1	all	EUR	12	1	0.0036
HLA-DRB1	all	EUR	13	1	0.0036
HLA-DRB1	all	EUR	14	2	0.0071
HLA-DRB1	all	EUR	16	1	0.0036
HLA-DRB1	all	EUR	17	1	0.0036
HLA-DRB1	all	EUR	18	2	0.0071
HLA-DRB1	all	EUR	19	1	0.0036
HLA-DRB1	all	EUR	21	1	0.0036
HLA-DRB1	all	EUR	23	1	0.0036
HLA-DRB1	all	EUR	24	1	0.0036
HLA-DRB1	all	EUR	25	1	0.0036
HLA-DRB1	all	EUR	26	2	0.0071
HLA-DRB1	all	EUR	28	2	0.0071
HLA-DRB1	all	EUR	29	1	0.0036
HLA-DRB1	all	EUR	30	1	0.0036
HLA-DRB1	all	EUR	31	1	0.0036
HLA-DRB1	all	EUR	35	1	0.0036
HLA-DRB1	all	EUR	36	1	0.0036
HLA-DRB1	all	EUR	37	1	0.0036
HLA-DRB1	all	EUR	38	2	0.0071
HLA-DRB1	all	EUR	40	1	0.0036
HLA-DRB1	all	EUR	45	1	0.0036
HLA-DRB1	all	EUR	46	1	0.0036
HLA-DRB1	all	EUR	49	2	0.0071
HLA-DRB1	all	EUR	50	3	0.0107
HLA-DRB1	all	EUR	53	2	0.0071
HLA-DRB1	all	EUR	56	1	0.0036
HLA-DRB1	all	EUR	60	1	0.0036
HLA-DRB1	all	EUR	62	2	0.0071
HLA-DRB1	all	EUR	66	1	0.0036
HLA-DRB1	all	EUR	71	1	0.0036
HLA-DRB1	all	EUR	76	1	0.0036
HLA-DRB1	all	EUR	81	1	0.0036
HLA-DRB1	all	EUR	86	1	0.0036
HLA-DRB1	all	EUR	101	2	0.0071
HLA-DRB1	all	EUR	107	1	0.0036
HLA-DRB1	all	EUR	119	1	0.0036
HLA-DRB1	all	EUR	121	1	0.0036
HLA-DRB1	all	EUR	130	1	0.0036
HLA-DRB1	all	EUR	149	1	0.0036
HLA-DRB1	all	EUR	162	1	0.0036
HLA-DRB1	all	EUR	178	1	0.0036
HLA-DRB1	all	EUR	181	1	0.0036
HLA-DRB1	all	EUR	200	1	0.0036
HLA-DRB1	all	EUR	209	1	0.0036
HLA-DRB1	all	EUR	217	1	0.0036
HLA-DRB1	all	EUR	239	1	0.0036
HLA-DRB1	all	EUR	242	1	0.0036
HLA-DRB1	all	EUR	269	1	0.0036
HLA-DRB1	all	EUR	296	1	0.0036
HLA-DRB1	all	EUR	372	1	0.0036
HLA-DRB1	all	EUR	416	1	0.0036
HLA-DRB1	all	MID	1	40	0.381
HLA-DRB1	all	MID	2	9	0.0857
HLA-DRB1	all	MID	3	5	0.0476
HLA-DRB1	all	MID	4	6	0.0571
HLA-DRB1	all	MID	5	7	0.0667
HLA-DRB1	all	MID	6	5	0.0476
HLA-DRB1	all	MID	7	2	0.019
HLA-DRB1	all	MID	8	4	0.0381
HLA-DRB1	all	MID	9	3	0.0286
HLA-DRB1	all	MID	10	2	0.019
HLA-DRB1	all	MID	15	2	0.019
HLA-DRB1	all	MID	16	1	0.0095
HLA-DRB1	all	MID	17	2	0.019
HLA-DRB1	all	MID	18	1	0.0095
HLA-DRB1	all	MID	20	1	0.0095
HLA-DRB1	all	MID	21	1	0.0095
HLA-DRB1	all	MID	23	2	0.019
HLA-DRB1	all	MID	25	1	0.0095
HLA-DRB1	all	MID	28	1	0.0095
HLA-DRB1	all	MID	32	1	0.0095
HLA-DRB1	all	MID	33	1	0.0095
HLA-DRB1	all	MID	35	1	0.0095
HLA-DRB1	all	MID	36	2	0.019
HLA-DRB1	all	MID	37	1	0.0095
HLA-DRB1	all	MID	54	1	0.0095
HLA-DRB1	all	MID	58	1	0.0095
HLA-DRB1	all	MID	60	1	0.0095
HLA-DRB1	all	MID	73	1	0.0095
HLA-DRB1	all	SAS	1	82	0.5093
HLA-DRB1	all	SAS	2	13	0.0807
HLA-DRB1	all	SAS	3	5	0.0311
HLA-DRB1	all	SAS	4	8	0.0497
HLA-DRB1	all	SAS	5	7	0.0435
HLA-DRB1	all	SAS	6	6	0.0373
HLA-DRB1	all	SAS	7	2	0.0124
HLA-DRB1	all	SAS	8	2	0.0124
HLA-DRB1	all	SAS	9	2	0.0124
HLA-DRB1	all	SAS	11	1	0.0062
HLA-DRB1	all	SAS	12	1	0.0062
HLA-DRB1	all	SAS	13	1	0.0062
HLA-DRB1	all	SAS	14	1	0.0062
HLA-DRB1	all	SAS	15	1	0.0062
HLA-DRB1	all	SAS	16	1	0.0062
HLA-DRB1	all	SAS	17	1	0.0062
HLA-DRB1	all	SAS	23	1	0.0062
HLA-DRB1	all	SAS	25	1	0.0062
HLA-DRB1	all	SAS	27	1	0.0062
HLA-DRB1	all	SAS	28	3	0.0186
HLA-DRB1	all	SAS	30	2	0.0124
HLA-DRB1	all	SAS	33	1	0.0062
HLA-DRB1	all	SAS	36	1	0.0062
HLA-DRB1	all	SAS	37	1	0.0062
HLA-DRB1	all	SAS	41	1	0.0062
HLA-DRB1	all	SAS	42	1	0.0062
HLA-DRB1	all	SAS	44	1	0.0062
HLA-DRB1	all	SAS	51	1	0.0062
HLA-DRB1	all	SAS	72	1	0.0062
HLA-DRB1	all	SAS	87	2	0.0124
HLA-DRB1	all	SAS	89	1	0.0062
HLA-DRB1	all	SAS	104	1	0.0062
HLA-DRB1	all	SAS	111	1	0.0062
HLA-DRB1	all	SAS	123	1	0.0062
HLA-DRB1	all	SAS	124	1	0.0062
HLA-DRB1	all	SAS	142	1	0.0062
HLA-DRB1	all	SAS	150	1	0.0062
HLA-DRB1	all	SAS	222	1	0.0062
HLA-DRB1	all	SAS	248	1	0.0062
HLA-DRB1	all	POOLED	1	575	0.7064
HLA-DRB1	all	POOLED	2	60	0.0737
HLA-DRB1	all	POOLED	3	17	0.0209
HLA-DRB1	all	POOLED	4	13	0.016
HLA-DRB1	all	POOLED	5	11	0.0135
HLA-DRB1	all	POOLED	6	5	0.0061
HLA-DRB1	all	POOLED	7	4	0.0049
HLA-DRB1	all	POOLED	9	5	0.0061
HLA-DRB1	all	POOLED	10	2	0.0025
HLA-DRB1	all	POOLED	11	1	0.0012
HLA-DRB1	all	POOLED	12	2	0.0025
HLA-DRB1	all	POOLED	13	3	0.0037
HLA-DRB1	all	POOLED	14	5	0.0061
HLA-DRB1	all	POOLED	15	4	0.0049
HLA-DRB1	all	POOLED	16	3	0.0037
HLA-DRB1	all	POOLED	17	1	0.0012
HLA-DRB1	all	POOLED	18	2	0.0025
HLA-DRB1	all	POOLED	19	2	0.0025
HLA-DRB1	all	POOLED	20	3	0.0037
HLA-DRB1	all	POOLED	21	1	0.0012
HLA-DRB1	all	POOLED	23	1	0.0012
HLA-DRB1	all	POOLED	24	1	0.0012
HLA-DRB1	all	POOLED	27	2	0.0025
HLA-DRB1	all	POOLED	29	1	0.0012
HLA-DRB1	all	POOLED	30	1	0.0012
HLA-DRB1	all	POOLED	31	3	0.0037
HLA-DRB1	all	POOLED	32	1	0.0012
HLA-DRB1	all	POOLED	33	1	0.0012
HLA-DRB1	all	POOLED	36	1	0.0012
HLA-DRB1	all	POOLED	37	1	0.0012
HLA-DRB1	all	POOLED	39	1	0.0012
HLA-DRB1	all	POOLED	40	3	0.0037
HLA-DRB1	all	POOLED	41	1	0.0012
HLA-DRB1	all	POOLED	42	2	0.0025
HLA-DRB1	all	POOLED	44	1	0.0012
HLA-DRB1	all	POOLED	45	2	0.0025
HLA-DRB1	all	POOLED	53	1	0.0012
HLA-DRB1	all	POOLED	55	1	0.0012
HLA-DRB1	all	POOLED	57	1	0.0012
HLA-DRB1	all	POOLED	59	3	0.0037
HLA-DRB1	all	POOLED	60	1	0.0012
HLA-DRB1	all	POOLED	61	1	0.0012
HLA-DRB1	all	POOLED	63	1	0.0012
HLA-DRB1	all	POOLED	64	1	0.0012
HLA-DRB1	all	POOLED	67	1	0.0012
HLA-DRB1	all	POOLED	76	2	0.0025
HLA-DRB1	all	POOLED	94	1	0.0012
HLA-DRB1	all	POOLED	97	1	0.0012
HLA-DRB1	all	POOLED	101	1	0.0012
HLA-DRB1	all	POOLED	106	1	0.0012
HLA-DRB1	all	POOLED	110	1	0.0012
HLA-DRB1	all	POOLED	113	1	0.0012
HLA-DRB1	all	POOLED	120	1	0.0012
HLA-DRB1	all	POOLED	126	1	0.0012
HLA-DRB1	all	POOLED	128	2	0.0025
HLA-DRB1	all	POOLED	129	1	0.0012
HLA-DRB1	all	POOLED	144	1	0.0012
HLA-DRB1	all	POOLED	145	1	0.0012
HLA-DRB1	all	POOLED	152	1	0.0012
HLA-DRB1	all	POOLED	158	1	0.0012
HLA-DRB1	all	POOLED	168	1	0.0012
HLA-DRB1	all	POOLED	170	1	0.0012
HLA-DRB1	all	POOLED	171	1	0.0012
HLA-DRB1	all	POOLED	191	1	0.0012
HLA-DRB1	all	POOLED	201	2	0.0025
HLA-DRB1	all	POOLED	204	1	0.0012
HLA-DRB1	all	POOLED	207	1	0.0012
HLA-DRB1	all	POOLED	225	1	0.0012
HLA-DRB1	all	POOLED	228	1	0.0012
HLA-DRB1	all	POOLED	241	1	0.0012
HLA-DRB1	all	POOLED	257	1	0.0012
HLA-DRB1	all	POOLED	282	1	0.0012
HLA-DRB1	all	POOLED	288	1	0.0012
HLA-DRB1	all	POOLED	297	1	0.0012
HLA-DRB1	all	POOLED	327	1	0.0012
HLA-DRB1	all	POOLED	334	1	0.0012
HLA-DRB1	all	POOLED	351	1	0.0012
HLA-DRB1	all	POOLED	353	1	0.0012
HLA-DRB1	all	POOLED	358	1	0.0012
HLA-DRB1	all	POOLED	373	1	0.0012
HLA-DRB1	all	POOLED	379	1	0.0012
HLA-DRB1	all	POOLED	386	1	0.0012
HLA-DRB1	all	POOLED	413	1	0.0012
HLA-DRB1	all	POOLED	414	1	0.0012
HLA-DRB1	all	POOLED	439	1	0.0012
HLA-DRB1	all	POOLED	441	1	0.0012
HLA-DRB1	all	POOLED	444	1	0.0012
HLA-DRB1	all	POOLED	445	1	0.0012
HLA-DRB1	all	POOLED	448	1	0.0012
HLA-DRB1	all	POOLED	459	1	0.0012
HLA-DRB1	all	POOLED	508	1	0.0012
HLA-DRB1	all	POOLED	512	1	0.0012
HLA-DRB1	all	POOLED	550	1	0.0012
HLA-DRB1	all	POOLED	597	1	0.0012
HLA-DRB1	all	POOLED	617	2	0.0025
HLA-DRB1	all	POOLED	623	1	0.0012
HLA-DRB1	all	POOLED	625	1	0.0012
HLA-DRB1	all	POOLED	666	1	0.0012
HLA-DRB1	all	POOLED	692	1	0.0012
HLA-DRB1	all	POOLED	755	1	0.0012
HLA-DRB1	all	POOLED	1044	1	0.0012
HLA-DRB1	all	POOLED	1176	1	0.0012
HLA-DRB1	known	AFR	1	23	0.2738
HLA-DRB1	known	AFR	2	9	0.1071
HLA-DRB1	known	AFR	3	3	0.0357
HLA-DRB1	known	AFR	4	7	0.0833
HLA-DRB1	known	AFR	5	3	0.0357
HLA-DRB1	known	AFR	6	3	0.0357
HLA-DRB1	known	AFR	7	3	0.0357
HLA-DRB1	known	AFR	8	6	0.0714
HLA-DRB1	known	AFR	10	1	0.0119
HLA-DRB1	known	AFR	11	1	0.0119
HLA-DRB1	known	AFR	12	2	0.0238
HLA-DRB1	known	AFR	13	1	0.0119
HLA-DRB1	known	AFR	14	2	0.0238
HLA-DRB1	known	AFR	15	1	0.0119
HLA-DRB1	known	AFR	17	1	0.0119
HLA-DRB1	known	AFR	18	2	0.0238
HLA-DRB1	known	AFR	19	1	0.0119
HLA-DRB1	known	AFR	20	1	0.0119
HLA-DRB1	known	AFR	30	1	0.0119
HLA-DRB1	known	AFR	33	1	0.0119
HLA-DRB1	known	AFR	34	1	0.0119
HLA-DRB1	known	AFR	36	2	0.0238
HLA-DRB1	known	AFR	49	1	0.0119
HLA-DRB1	known	AFR	68	1	0.0119
HLA-DRB1	known	AFR	82	1	0.0119
HLA-DRB1	known	AFR	99	1	0.0119
HLA-DRB1	known	AFR	100	1	0.0119
HLA-DRB1	known	AFR	162	1	0.0119
HLA-DRB1	known	AFR	222	1	0.0119
HLA-DRB1	known	AFR	271	1	0.0119
HLA-DRB1	known	AFR	379	1	0.0119
HLA-DRB1	known	AMR	1	25	0.2604
HLA-DRB1	known	AMR	2	10	0.1042
HLA-DRB1	known	AMR	3	6	0.0625
HLA-DRB1	known	AMR	4	4	0.0417
HLA-DRB1	known	AMR	5	2	0.0208
HLA-DRB1	known	AMR	6	6	0.0625
HLA-DRB1	known	AMR	7	4	0.0417
HLA-DRB1	known	AMR	8	2	0.0208
HLA-DRB1	known	AMR	9	2	0.0208
HLA-DRB1	known	AMR	10	2	0.0208
HLA-DRB1	known	AMR	11	2	0.0208
HLA-DRB1	known	AMR	13	3	0.0312
HLA-DRB1	known	AMR	15	1	0.0104
HLA-DRB1	known	AMR	16	2	0.0208
HLA-DRB1	known	AMR	18	2	0.0208
HLA-DRB1	known	AMR	21	2	0.0208
HLA-DRB1	known	AMR	22	1	0.0104
HLA-DRB1	known	AMR	23	1	0.0104
HLA-DRB1	known	AMR	26	1	0.0104
HLA-DRB1	known	AMR	28	1	0.0104
HLA-DRB1	known	AMR	30	1	0.0104
HLA-DRB1	known	AMR	31	1	0.0104
HLA-DRB1	known	AMR	34	1	0.0104
HLA-DRB1	known	AMR	43	2	0.0208
HLA-DRB1	known	AMR	44	1	0.0104
HLA-DRB1	known	AMR	48	1	0.0104
HLA-DRB1	known	AMR	68	1	0.0104
HLA-DRB1	known	AMR	78	1	0.0104
HLA-DRB1	known	AMR	83	1	0.0104
HLA-DRB1	known	AMR	88	1	0.0104
HLA-DRB1	known	AMR	107	1	0.0104
HLA-DRB1	known	AMR	116	1	0.0104
HLA-DRB1	known	AMR	120	1	0.0104
HLA-DRB1	known	AMR	177	1	0.0104
HLA-DRB1	known	AMR	205	1	0.0104
HLA-DRB1	known	AMR	320	1	0.0104
HLA-DRB1	known	EAS	1	13	0.2321
HLA-DRB1	known	EAS	2	11	0.1964
HLA-DRB1	known	EAS	3	3	0.0536
HLA-DRB1	known	EAS	4	2	0.0357
HLA-DRB1	known	EAS	5	3	0.0536
HLA-DRB1	known	EAS	6	2	0.0357
HLA-DRB1	known	EAS	7	2	0.0357
HLA-DRB1	known	EAS	9	2	0.0357
HLA-DRB1	known	EAS	12	2	0.0357
HLA-DRB1	known	EAS	13	2	0.0357
HLA-DRB1	known	EAS	14	1	0.0179
HLA-DRB1	known	EAS	18	1	0.0179
HLA-DRB1	known	EAS	19	2	0.0357
HLA-DRB1	known	EAS	20	1	0.0179
HLA-DRB1	known	EAS	23	1	0.0179
HLA-DRB1	known	EAS	35	1	0.0179
HLA-DRB1	known	EAS	40	2	0.0357
HLA-DRB1	known	EAS	43	1	0.0179
HLA-DRB1	known	EAS	57	1	0.0179
HLA-DRB1	known	EAS	74	1	0.0179
HLA-DRB1	known	EAS	108	1	0.0179
HLA-DRB1	known	EAS	124	1	0.0179
HLA-DRB1	known	EUR	1	21	0.253
HLA-DRB1	known	EUR	2	9	0.1084
HLA-DRB1	known	EUR	3	5	0.0602
HLA-DRB1	known	EUR	4	3	0.0361
HLA-DRB1	known	EUR	6	6	0.0723
HLA-DRB1	known	EUR	7	2	0.0241
HLA-DRB1	known	EUR	8	1	0.012
HLA-DRB1	known	EUR	9	1	0.012
HLA-DRB1	known	EUR	10	1	0.012
HLA-DRB1	known	EUR	13	1	0.012
HLA-DRB1	known	EUR	14	1	0.012
HLA-DRB1	known	EUR	16	1	0.012
HLA-DRB1	known	EUR	17	1	0.012
HLA-DRB1	known	EUR	18	1	0.012
HLA-DRB1	known	EUR	19	1	0.012
HLA-DRB1	known	EUR	23	1	0.012
HLA-DRB1	known	EUR	24	1	0.012
HLA-DRB1	known	EUR	26	1	0.012
HLA-DRB1	known	EUR	28	1	0.012
HLA-DRB1	known	EUR	35	1	0.012
HLA-DRB1	known	EUR	36	1	0.012
HLA-DRB1	known	EUR	37	1	0.012
HLA-DRB1	known	EUR	38	2	0.0241
HLA-DRB1	known	EUR	40	1	0.012
HLA-DRB1	known	EUR	46	1	0.012
HLA-DRB1	known	EUR	49	2	0.0241
HLA-DRB1	known	EUR	50	2	0.0241
HLA-DRB1	known	EUR	53	2	0.0241
HLA-DRB1	known	EUR	56	1	0.012
HLA-DRB1	known	EUR	60	1	0.012
HLA-DRB1	known	EUR	66	1	0.012
HLA-DRB1	known	EUR	81	1	0.012
HLA-DRB1	known	EUR	107	1	0.012
HLA-DRB1	known	EUR	162	1	0.012
HLA-DRB1	known	EUR	178	1	0.012
HLA-DRB1	known	EUR	181	1	0.012
HLA-DRB1	known	EUR	269	1	0.012
HLA-DRB1	known	EUR	372	1	0.012
HLA-DRB1	known	EUR	416	1	0.012
HLA-DRB1	known	MID	1	12	0.2791
HLA-DRB1	known	MID	2	7	0.1628
HLA-DRB1	known	MID	3	4	0.093
HLA-DRB1	known	MID	4	4	0.093
HLA-DRB1	known	MID	5	2	0.0465
HLA-DRB1	known	MID	6	2	0.0465
HLA-DRB1	known	MID	7	1	0.0233
HLA-DRB1	known	MID	8	2	0.0465
HLA-DRB1	known	MID	9	1	0.0233
HLA-DRB1	known	MID	10	1	0.0233
HLA-DRB1	known	MID	15	1	0.0233
HLA-DRB1	known	MID	20	1	0.0233
HLA-DRB1	known	MID	23	1	0.0233
HLA-DRB1	known	MID	25	1	0.0233
HLA-DRB1	known	MID	36	1	0.0233
HLA-DRB1	known	MID	37	1	0.0233
HLA-DRB1	known	MID	58	1	0.0233
HLA-DRB1	known	SAS	1	19	0.3585
HLA-DRB1	known	SAS	2	7	0.1321
HLA-DRB1	known	SAS	3	2	0.0377
HLA-DRB1	known	SAS	4	5	0.0943
HLA-DRB1	known	SAS	5	4	0.0755
HLA-DRB1	known	SAS	6	4	0.0755
HLA-DRB1	known	SAS	8	1	0.0189
HLA-DRB1	known	SAS	9	1	0.0189
HLA-DRB1	known	SAS	17	1	0.0189
HLA-DRB1	known	SAS	25	1	0.0189
HLA-DRB1	known	SAS	27	1	0.0189
HLA-DRB1	known	SAS	41	1	0.0189
HLA-DRB1	known	SAS	44	1	0.0189
HLA-DRB1	known	SAS	51	1	0.0189
HLA-DRB1	known	SAS	87	1	0.0189
HLA-DRB1	known	SAS	89	1	0.0189
HLA-DRB1	known	SAS	123	1	0.0189
HLA-DRB1	known	SAS	142	1	0.0189
HLA-DRB1	known	POOLED	1	35	0.2333
HLA-DRB1	known	POOLED	2	15	0.1
HLA-DRB1	known	POOLED	3	5	0.0333
HLA-DRB1	known	POOLED	4	9	0.06
HLA-DRB1	known	POOLED	5	8	0.0533
HLA-DRB1	known	POOLED	6	3	0.02
HLA-DRB1	known	POOLED	7	4	0.0267
HLA-DRB1	known	POOLED	9	2	0.0133
HLA-DRB1	known	POOLED	10	2	0.0133
HLA-DRB1	known	POOLED	11	1	0.0067
HLA-DRB1	known	POOLED	12	1	0.0067
HLA-DRB1	known	POOLED	13	3	0.02
HLA-DRB1	known	POOLED	14	3	0.02
HLA-DRB1	known	POOLED	15	3	0.02
HLA-DRB1	known	POOLED	16	3	0.02
HLA-DRB1	known	POOLED	18	1	0.0067
HLA-DRB1	known	POOLED	19	1	0.0067
HLA-DRB1	known	POOLED	20	2	0.0133
HLA-DRB1	known	POOLED	23	1	0.0067
HLA-DRB1	known	POOLED	24	1	0.0067
HLA-DRB1	known	POOLED	27	1	0.0067
HLA-DRB1	known	POOLED	29	1	0.0067
HLA-DRB1	known	POOLED	30	1	0.0067
HLA-DRB1	known	POOLED	31	1	0.0067
HLA-DRB1	known	POOLED	32	1	0.0067
HLA-DRB1	known	POOLED	36	1	0.0067
HLA-DRB1	known	POOLED	40	2	0.0133
HLA-DRB1	known	POOLED	41	1	0.0067
HLA-DRB1	known	POOLED	42	2	0.0133
HLA-DRB1	known	POOLED	44	1	0.0067
HLA-DRB1	known	POOLED	45	1	0.0067
HLA-DRB1	known	POOLED	55	1	0.0067
HLA-DRB1	known	POOLED	57	1	0.0067
HLA-DRB1	known	POOLED	59	2	0.0133
HLA-DRB1	known	POOLED	60	1	0.0067
HLA-DRB1	known	POOLED	61	1	0.0067
HLA-DRB1	known	POOLED	63	1	0.0067
HLA-DRB1	known	POOLED	64	1	0.0067
HLA-DRB1	known	POOLED	76	1	0.0067
HLA-DRB1	known	POOLED	94	1	0.0067
HLA-DRB1	known	POOLED	97	1	0.0067
HLA-DRB1	known	POOLED	110	1	0.0067
HLA-DRB1	known	POOLED	113	1	0.0067
HLA-DRB1	known	POOLED	120	1	0.0067
HLA-DRB1	known	POOLED	128	1	0.0067
HLA-DRB1	known	POOLED	129	1	0.0067
HLA-DRB1	known	POOLED	144	1	0.0067
HLA-DRB1	known	POOLED	145	1	0.0067
HLA-DRB1	known	POOLED	152	1	0.0067
HLA-DRB1	known	POOLED	170	1	0.0067
HLA-DRB1	known	POOLED	204	1	0.0067
HLA-DRB1	known	POOLED	225	1	0.0067
HLA-DRB1	known	POOLED	228	1	0.0067
HLA-DRB1	known	POOLED	241	1	0.0067
HLA-DRB1	known	POOLED	257	1	0.0067
HLA-DRB1	known	POOLED	288	1	0.0067
HLA-DRB1	known	POOLED	334	1	0.0067
HLA-DRB1	known	POOLED	353	1	0.0067
HLA-DRB1	known	POOLED	373	1	0.0067
HLA-DRB1	known	POOLED	459	1	0.0067
HLA-DRB1	known	POOLED	508	1	0.0067
HLA-DRB1	known	POOLED	617	2	0.0133
HLA-DRB1	known	POOLED	1176	1	0.0067
HLA-DRB1	novel	AFR	1	163	0.7512
HLA-DRB1	novel	AFR	2	10	0.0461
HLA-DRB1	novel	AFR	3	7	0.0323
HLA-DRB1	novel	AFR	5	2	0.0092
HLA-DRB1	novel	AFR	6	1	0.0046
HLA-DRB1	novel	AFR	7	1	0.0046
HLA-DRB1	novel	AFR	9	2	0.0092
HLA-DRB1	novel	AFR	12	1	0.0046
HLA-DRB1	novel	AFR	13	2	0.0092
HLA-DRB1	novel	AFR	15	1	0.0046
HLA-DRB1	novel	AFR	16	2	0.0092
HLA-DRB1	novel	AFR	27	1	0.0046
HLA-DRB1	novel	AFR	32	1	0.0046
HLA-DRB1	novel	AFR	36	1	0.0046
HLA-DRB1	novel	AFR	39	1	0.0046
HLA-DRB1	novel	AFR	40	1	0.0046
HLA-DRB1	novel	AFR	41	1	0.0046
HLA-DRB1	novel	AFR	56	1	0.0046
HLA-DRB1	novel	AFR	59	1	0.0046
HLA-DRB1	novel	AFR	61	1	0.0046
HLA-DRB1	novel	AFR	62	1	0.0046
HLA-DRB1	novel	AFR	72	1	0.0046
HLA-DRB1	novel	AFR	89	1	0.0046
HLA-DRB1	novel	AFR	100	1	0.0046
HLA-DRB1	novel	AFR	102	1	0.0046
HLA-DRB1	novel	AFR	115	1	0.0046
HLA-DRB1	novel	AFR	177	1	0.0046
HLA-DRB1	novel	AFR	178	1	0.0046
HLA-DRB1	novel	AFR	207	1	0.0046
HLA-DRB1	novel	AFR	218	1	0.0046
HLA-DRB1	novel	AFR	283	1	0.0046
HLA-DRB1	novel	AFR	285	1	0.0046
HLA-DRB1	novel	AFR	292	1	0.0046
HLA-DRB1	novel	AFR	347	1	0.0046
HLA-DRB1	novel	AFR	354	1	0.0046
HLA-DRB1	novel	AFR	407	1	0.0046
HLA-DRB1	novel	AMR	1	136	0.7196
HLA-DRB1	novel	AMR	2	6	0.0317
HLA-DRB1	novel	AMR	3	3	0.0159
HLA-DRB1	novel	AMR	4	3	0.0159
HLA-DRB1	novel	AMR	5	2	0.0106
HLA-DRB1	novel	AMR	8	2	0.0106
HLA-DRB1	novel	AMR	9	1	0.0053
HLA-DRB1	novel	AMR	18	2	0.0106
HLA-DRB1	novel	AMR	20	1	0.0053
HLA-DRB1	novel	AMR	25	1	0.0053
HLA-DRB1	novel	AMR	36	1	0.0053
HLA-DRB1	novel	AMR	37	1	0.0053
HLA-DRB1	novel	AMR	38	1	0.0053
HLA-DRB1	novel	AMR	40	1	0.0053
HLA-DRB1	novel	AMR	48	1	0.0053
HLA-DRB1	novel	AMR	49	1	0.0053
HLA-DRB1	novel	AMR	53	1	0.0053
HLA-DRB1	novel	AMR	55	1	0.0053
HLA-DRB1	novel	AMR	56	1	0.0053
HLA-DRB1	novel	AMR	60	1	0.0053
HLA-DRB1	novel	AMR	61	1	0.0053
HLA-DRB1	novel	AMR	62	1	0.0053
HLA-DRB1	novel	AMR	68	1	0.0053
HLA-DRB1	novel	AMR	78	1	0.0053
HLA-DRB1	novel	AMR	80	2	0.0106
HLA-DRB1	novel	AMR	81	1	0.0053
HLA-DRB1	novel	AMR	85	1	0.0053
HLA-DRB1	novel	AMR	88	1	0.0053
HLA-DRB1	novel	AMR	97	2	0.0106
HLA-DRB1	novel	AMR	101	1	0.0053
HLA-DRB1	novel	AMR	108	1	0.0053
HLA-DRB1	novel	AMR	112	1	0.0053
HLA-DRB1	novel	AMR	116	2	0.0106
HLA-DRB1	novel	AMR	124	1	0.0053
HLA-DRB1	novel	AMR	138	1	0.0053
HLA-DRB1	novel	AMR	140	1	0.0053
HLA-DRB1	novel	AMR	158	1	0.0053
HLA-DRB1	novel	AMR	168	1	0.0053
HLA-DRB1	novel	AMR	287	1	0.0053
HLA-DRB1	novel	EAS	1	89	0.6593
HLA-DRB1	novel	EAS	2	11	0.0815
HLA-DRB1	novel	EAS	3	2	0.0148
HLA-DRB1	novel	EAS	4	2	0.0148
HLA-DRB1	novel	EAS	5	2	0.0148
HLA-DRB1	novel	EAS	6	1	0.0074
HLA-DRB1	novel	EAS	7	2	0.0148
HLA-DRB1	novel	EAS	9	3	0.0222
HLA-DRB1	novel	EAS	10	1	0.0074
HLA-DRB1	novel	EAS	15	1	0.0074
HLA-DRB1	novel	EAS	18	3	0.0222
HLA-DRB1	novel	EAS	25	2	0.0148
HLA-DRB1	novel	EAS	28	1	0.0074
HLA-DRB1	novel	EAS	33	1	0.0074
HLA-DRB1	novel	EAS	35	1	0.0074
HLA-DRB1	novel	EAS	41	1	0.0074
HLA-DRB1	novel	EAS	44	2	0.0148
HLA-DRB1	novel	EAS	54	1	0.0074
HLA-DRB1	novel	EAS	58	1	0.0074
HLA-DRB1	novel	EAS	63	1	0.0074
HLA-DRB1	novel	EAS	73	1	0.0074
HLA-DRB1	novel	EAS	80	1	0.0074
HLA-DRB1	novel	EAS	112	1	0.0074
HLA-DRB1	novel	EAS	179	1	0.0074
HLA-DRB1	novel	EAS	269	1	0.0074
HLA-DRB1	novel	EAS	310	1	0.0074
HLA-DRB1	novel	EAS	352	1	0.0074
HLA-DRB1	novel	EUR	1	140	0.7107
HLA-DRB1	novel	EUR	2	16	0.0812
HLA-DRB1	novel	EUR	3	2	0.0102
HLA-DRB1	novel	EUR	4	2	0.0102
HLA-DRB1	novel	EUR	7	2	0.0102
HLA-DRB1	novel	EUR	8	4	0.0203
HLA-DRB1	novel	EUR	10	1	0.0051
HLA-DRB1	novel	EUR	11	1	0.0051
HLA-DRB1	novel	EUR	12	1	0.0051
HLA-DRB1	novel	EUR	14	1	0.0051
HLA-DRB1	novel	EUR	18	1	0.0051
HLA-DRB1	novel	EUR	21	1	0.0051
HLA-DRB1	novel	EUR	25	1	0.0051
HLA-DRB1	novel	EUR	26	1	0.0051
HLA-DRB1	novel	EUR	28	1	0.0051
HLA-DRB1	novel	EUR	29	1	0.0051
HLA-DRB1	novel	EUR	30	1	0.0051
HLA-DRB1	novel	EUR	31	1	0.0051
HLA-DRB1	novel	EUR	45	1	0.0051
HLA-DRB1	novel	EUR	50	1	0.0051
HLA-DRB1	novel	EUR	62	2	0.0102
HLA-DRB1	novel	EUR	71	1	0.0051
HLA-DRB1	novel	EUR	76	1	0.0051
HLA-DRB1	novel	EUR	86	1	0.0051
HLA-DRB1	novel	EUR	101	2	0.0102
HLA-DRB1	novel	EUR	119	1	0.0051
HLA-DRB1	novel	EUR	121	1	0.0051
HLA-DRB1	novel	EUR	130	1	0.0051
HLA-DRB1	novel	EUR	149	1	0.0051
HLA-DRB1	novel	EUR	200	1	0.0051
HLA-DRB1	novel	EUR	209	1	0.0051
HLA-DRB1	novel	EUR	217	1	0.0051
HLA-DRB1	novel	EUR	239	1	0.0051
HLA-DRB1	novel	EUR	242	1	0.0051
HLA-DRB1	novel	EUR	296	1	0.0051
HLA-DRB1	novel	MID	1	28	0.4516
HLA-DRB1	novel	MID	2	2	0.0323
HLA-DRB1	novel	MID	3	1	0.0161
HLA-DRB1	novel	MID	4	2	0.0323
HLA-DRB1	novel	MID	5	5	0.0806
HLA-DRB1	novel	MID	6	3	0.0484
HLA-DRB1	novel	MID	7	1	0.0161
HLA-DRB1	novel	MID	8	2	0.0323
HLA-DRB1	novel	MID	9	2	0.0323
HLA-DRB1	novel	MID	10	1	0.0161
HLA-DRB1	novel	MID	15	1	0.0161
HLA-DRB1	novel	MID	16	1	0.0161
HLA-DRB1	novel	MID	17	2	0.0323
HLA-DRB1	novel	MID	18	1	0.0161
HLA-DRB1	novel	MID	21	1	0.0161
HLA-DRB1	novel	MID	23	1	0.0161
HLA-DRB1	novel	MID	28	1	0.0161
HLA-DRB1	novel	MID	32	1	0.0161
HLA-DRB1	novel	MID	33	1	0.0161
HLA-DRB1	novel	MID	35	1	0.0161
HLA-DRB1	novel	MID	36	1	0.0161
HLA-DRB1	novel	MID	54	1	0.0161
HLA-DRB1	novel	MID	60	1	0.0161
HLA-DRB1	novel	MID	73	1	0.0161
HLA-DRB1	novel	SAS	1	63	0.5833
HLA-DRB1	novel	SAS	2	6	0.0556
HLA-DRB1	novel	SAS	3	3	0.0278
HLA-DRB1	novel	SAS	4	3	0.0278
HLA-DRB1	novel	SAS	5	3	0.0278
HLA-DRB1	novel	SAS	6	2	0.0185
HLA-DRB1	novel	SAS	7	2	0.0185
HLA-DRB1	novel	SAS	8	1	0.0093
HLA-DRB1	novel	SAS	9	1	0.0093
HLA-DRB1	novel	SAS	11	1	0.0093
HLA-DRB1	novel	SAS	12	1	0.0093
HLA-DRB1	novel	SAS	13	1	0.0093
HLA-DRB1	novel	SAS	14	1	0.0093
HLA-DRB1	novel	SAS	15	1	0.0093
HLA-DRB1	novel	SAS	16	1	0.0093
HLA-DRB1	novel	SAS	23	1	0.0093
HLA-DRB1	novel	SAS	28	3	0.0278
HLA-DRB1	novel	SAS	30	2	0.0185
HLA-DRB1	novel	SAS	33	1	0.0093
HLA-DRB1	novel	SAS	36	1	0.0093
HLA-DRB1	novel	SAS	37	1	0.0093
HLA-DRB1	novel	SAS	42	1	0.0093
HLA-DRB1	novel	SAS	72	1	0.0093
HLA-DRB1	novel	SAS	87	1	0.0093
HLA-DRB1	novel	SAS	104	1	0.0093
HLA-DRB1	novel	SAS	111	1	0.0093
HLA-DRB1	novel	SAS	124	1	0.0093
HLA-DRB1	novel	SAS	150	1	0.0093
HLA-DRB1	novel	SAS	222	1	0.0093
HLA-DRB1	novel	SAS	248	1	0.0093
HLA-DRB1	novel	POOLED	1	540	0.8133
HLA-DRB1	novel	POOLED	2	45	0.0678
HLA-DRB1	novel	POOLED	3	12	0.0181
HLA-DRB1	novel	POOLED	4	4	0.006
HLA-DRB1	novel	POOLED	5	3	0.0045
HLA-DRB1	novel	POOLED	6	2	0.003
HLA-DRB1	novel	POOLED	9	3	0.0045
HLA-DRB1	novel	POOLED	12	1	0.0015
HLA-DRB1	novel	POOLED	14	2	0.003
HLA-DRB1	novel	POOLED	15	1	0.0015
HLA-DRB1	novel	POOLED	17	1	0.0015
HLA-DRB1	novel	POOLED	18	1	0.0015
HLA-DRB1	novel	POOLED	19	1	0.0015
HLA-DRB1	novel	POOLED	20	1	0.0015
HLA-DRB1	novel	POOLED	21	1	0.0015
HLA-DRB1	novel	POOLED	27	1	0.0015
HLA-DRB1	novel	POOLED	31	2	0.003
HLA-DRB1	novel	POOLED	33	1	0.0015
HLA-DRB1	novel	POOLED	37	1	0.0015
HLA-DRB1	novel	POOLED	39	1	0.0015
HLA-DRB1	novel	POOLED	40	1	0.0015
HLA-DRB1	novel	POOLED	45	1	0.0015
HLA-DRB1	novel	POOLED	53	1	0.0015
HLA-DRB1	novel	POOLED	59	1	0.0015
HLA-DRB1	novel	POOLED	67	1	0.0015
HLA-DRB1	novel	POOLED	76	1	0.0015
HLA-DRB1	novel	POOLED	101	1	0.0015
HLA-DRB1	novel	POOLED	106	1	0.0015
HLA-DRB1	novel	POOLED	126	1	0.0015
HLA-DRB1	novel	POOLED	128	1	0.0015
HLA-DRB1	novel	POOLED	158	1	0.0015
HLA-DRB1	novel	POOLED	168	1	0.0015
HLA-DRB1	novel	POOLED	171	1	0.0015
HLA-DRB1	novel	POOLED	191	1	0.0015
HLA-DRB1	novel	POOLED	201	2	0.003
HLA-DRB1	novel	POOLED	207	1	0.0015
HLA-DRB1	novel	POOLED	282	1	0.0015
HLA-DRB1	novel	POOLED	297	1	0.0015
HLA-DRB1	novel	POOLED	327	1	0.0015
HLA-DRB1	novel	POOLED	351	1	0.0015
HLA-DRB1	novel	POOLED	358	1	0.0015
HLA-DRB1	novel	POOLED	379	1	0.0015
HLA-DRB1	novel	POOLED	386	1	0.0015
HLA-DRB1	novel	POOLED	413	1	0.0015
HLA-DRB1	novel	POOLED	414	1	0.0015
HLA-DRB1	novel	POOLED	439	1	0.0015
HLA-DRB1	novel	POOLED	441	1	0.0015
HLA-DRB1	novel	POOLED	444	1	0.0015
HLA-DRB1	novel	POOLED	445	1	0.0015
HLA-DRB1	novel	POOLED	448	1	0.0015
HLA-DRB1	novel	POOLED	512	1	0.0015
HLA-DRB1	novel	POOLED	550	1	0.0015
HLA-DRB1	novel	POOLED	597	1	0.0015
HLA-DRB1	novel	POOLED	623	1	0.0015
HLA-DRB1	novel	POOLED	625	1	0.0015
HLA-DRB1	novel	POOLED	666	1	0.0015
HLA-DRB1	novel	POOLED	692	1	0.0015
HLA-DRB1	novel	POOLED	755	1	0.0015
HLA-DRB1	novel	POOLED	1044	1	0.0015
HLA-DRB3	all	AFR	1	62	0.7045
HLA-DRB3	all	AFR	2	3	0.0341
HLA-DRB3	all	AFR	3	2	0.0227
HLA-DRB3	all	AFR	5	1	0.0114
HLA-DRB3	all	AFR	6	1	0.0114
HLA-DRB3	all	AFR	7	1	0.0114
HLA-DRB3	all	AFR	8	2	0.0227
HLA-DRB3	all	AFR	13	1	0.0114
HLA-DRB3	all	AFR	14	1	0.0114
HLA-DRB3	all	AFR	16	1	0.0114
HLA-DRB3	all	AFR	20	1	0.0114
HLA-DRB3	all	AFR	52	1	0.0114
HLA-DRB3	all	AFR	56	1	0.0114
HLA-DRB3	all	AFR	66	1	0.0114
HLA-DRB3	all	AFR	107	1	0.0114
HLA-DRB3	all	AFR	115	2	0.0227
HLA-DRB3	all	AFR	147	1	0.0114
HLA-DRB3	all	AFR	157	1	0.0114
HLA-DRB3	all	AFR	229	1	0.0114
HLA-DRB3	all	AFR	293	1	0.0114
HLA-DRB3	all	AFR	294	1	0.0114
HLA-DRB3	all	AFR	1155	1	0.0114
HLA-DRB3	all	AMR	1	43	0.6143
HLA-DRB3	all	AMR	2	1	0.0143
HLA-DRB3	all	AMR	3	5	0.0714
HLA-DRB3	all	AMR	4	1	0.0143
HLA-DRB3	all	AMR	5	3	0.0429
HLA-DRB3	all	AMR	12	1	0.0143
HLA-DRB3	all	AMR	14	1	0.0143
HLA-DRB3	all	AMR	20	2	0.0286
HLA-DRB3	all	AMR	21	1	0.0143
HLA-DRB3	all	AMR	33	1	0.0143
HLA-DRB3	all	AMR	36	1	0.0143
HLA-DRB3	all	AMR	42	1	0.0143
HLA-DRB3	all	AMR	43	1	0.0143
HLA-DRB3	all	AMR	48	1	0.0143
HLA-DRB3	all	AMR	62	1	0.0143
HLA-DRB3	all	AMR	65	1	0.0143
HLA-DRB3	all	AMR	89	1	0.0143
HLA-DRB3	all	AMR	101	1	0.0143
HLA-DRB3	all	AMR	128	1	0.0143
HLA-DRB3	all	AMR	508	1	0.0143
HLA-DRB3	all	AMR	710	1	0.0143
HLA-DRB3	all	EAS	1	33	0.66
HLA-DRB3	all	EAS	2	4	0.08
HLA-DRB3	all	EAS	3	2	0.04
HLA-DRB3	all	EAS	4	1	0.02
HLA-DRB3	all	EAS	5	1	0.02
HLA-DRB3	all	EAS	14	1	0.02
HLA-DRB3	all	EAS	23	1	0.02
HLA-DRB3	all	EAS	29	1	0.02
HLA-DRB3	all	EAS	46	1	0.02
HLA-DRB3	all	EAS	47	1	0.02
HLA-DRB3	all	EAS	80	1	0.02
HLA-DRB3	all	EAS	106	1	0.02
HLA-DRB3	all	EAS	184	1	0.02
HLA-DRB3	all	EAS	511	1	0.02
HLA-DRB3	all	EUR	1	46	0.6389
HLA-DRB3	all	EUR	2	5	0.0694
HLA-DRB3	all	EUR	3	1	0.0139
HLA-DRB3	all	EUR	4	1	0.0139
HLA-DRB3	all	EUR	5	1	0.0139
HLA-DRB3	all	EUR	8	2	0.0278
HLA-DRB3	all	EUR	10	1	0.0139
HLA-DRB3	all	EUR	12	2	0.0278
HLA-DRB3	all	EUR	31	1	0.0139
HLA-DRB3	all	EUR	32	1	0.0139
HLA-DRB3	all	EUR	47	1	0.0139
HLA-DRB3	all	EUR	53	1	0.0139
HLA-DRB3	all	EUR	54	1	0.0139
HLA-DRB3	all	EUR	56	1	0.0139
HLA-DRB3	all	EUR	60	1	0.0139
HLA-DRB3	all	EUR	64	1	0.0139
HLA-DRB3	all	EUR	74	1	0.0139
HLA-DRB3	all	EUR	77	1	0.0139
HLA-DRB3	all	EUR	270	1	0.0139
HLA-DRB3	all	EUR	378	1	0.0139
HLA-DRB3	all	EUR	1182	1	0.0139
HLA-DRB3	all	MID	1	9	0.3333
HLA-DRB3	all	MID	2	2	0.0741
HLA-DRB3	all	MID	3	1	0.037
HLA-DRB3	all	MID	5	3	0.1111
HLA-DRB3	all	MID	7	2	0.0741
HLA-DRB3	all	MID	10	1	0.037
HLA-DRB3	all	MID	11	2	0.0741
HLA-DRB3	all	MID	13	2	0.0741
HLA-DRB3	all	MID	14	1	0.037
HLA-DRB3	all	MID	22	1	0.037
HLA-DRB3	all	MID	25	1	0.037
HLA-DRB3	all	MID	46	1	0.037
HLA-DRB3	all	MID	275	1	0.037
HLA-DRB3	all	SAS	1	18	0.4865
HLA-DRB3	all	SAS	2	4	0.1081
HLA-DRB3	all	SAS	3	3	0.0811
HLA-DRB3	all	SAS	7	1	0.027
HLA-DRB3	all	SAS	10	1	0.027
HLA-DRB3	all	SAS	12	1	0.027
HLA-DRB3	all	SAS	16	1	0.027
HLA-DRB3	all	SAS	17	1	0.027
HLA-DRB3	all	SAS	25	1	0.027
HLA-DRB3	all	SAS	27	1	0.027
HLA-DRB3	all	SAS	29	1	0.027
HLA-DRB3	all	SAS	32	1	0.027
HLA-DRB3	all	SAS	37	1	0.027
HLA-DRB3	all	SAS	107	1	0.027
HLA-DRB3	all	SAS	595	1	0.027
HLA-DRB3	all	POOLED	1	165	0.7569
HLA-DRB3	all	POOLED	2	13	0.0596
HLA-DRB3	all	POOLED	3	6	0.0275
HLA-DRB3	all	POOLED	4	5	0.0229
HLA-DRB3	all	POOLED	6	2	0.0092
HLA-DRB3	all	POOLED	7	1	0.0046
HLA-DRB3	all	POOLED	9	1	0.0046
HLA-DRB3	all	POOLED	14	1	0.0046
HLA-DRB3	all	POOLED	22	1	0.0046
HLA-DRB3	all	POOLED	23	1	0.0046
HLA-DRB3	all	POOLED	29	1	0.0046
HLA-DRB3	all	POOLED	35	1	0.0046
HLA-DRB3	all	POOLED	68	2	0.0092
HLA-DRB3	all	POOLED	75	1	0.0046
HLA-DRB3	all	POOLED	91	1	0.0046
HLA-DRB3	all	POOLED	92	1	0.0046
HLA-DRB3	all	POOLED	99	1	0.0046
HLA-DRB3	all	POOLED	106	1	0.0046
HLA-DRB3	all	POOLED	153	1	0.0046
HLA-DRB3	all	POOLED	174	1	0.0046
HLA-DRB3	all	POOLED	189	1	0.0046
HLA-DRB3	all	POOLED	192	1	0.0046
HLA-DRB3	all	POOLED	232	1	0.0046
HLA-DRB3	all	POOLED	307	1	0.0046
HLA-DRB3	all	POOLED	308	1	0.0046
HLA-DRB3	all	POOLED	314	1	0.0046
HLA-DRB3	all	POOLED	351	1	0.0046
HLA-DRB3	all	POOLED	419	1	0.0046
HLA-DRB3	all	POOLED	645	1	0.0046
HLA-DRB3	all	POOLED	1336	1	0.0046
HLA-DRB3	all	POOLED	4434	1	0.0046
HLA-DRB3	known	AFR	1	4	0.1818
HLA-DRB3	known	AFR	2	1	0.0455
HLA-DRB3	known	AFR	3	1	0.0455
HLA-DRB3	known	AFR	6	1	0.0455
HLA-DRB3	known	AFR	7	1	0.0455
HLA-DRB3	known	AFR	8	2	0.0909
HLA-DRB3	known	AFR	13	1	0.0455
HLA-DRB3	known	AFR	14	1	0.0455
HLA-DRB3	known	AFR	16	1	0.0455
HLA-DRB3	known	AFR	20	1	0.0455
HLA-DRB3	known	AFR	52	1	0.0455
HLA-DRB3	known	AFR	66	1	0.0455
HLA-DRB3	known	AFR	107	1	0.0455
HLA-DRB3	known	AFR	115	2	0.0909
HLA-DRB3	known	AFR	147	1	0.0455
HLA-DRB3	known	AFR	157	1	0.0455
HLA-DRB3	known	AFR	294	1	0.0455
HLA-DRB3	known	AMR	1	3	0.125
HLA-DRB3	known	AMR	2	1	0.0417
HLA-DRB3	known	AMR	3	3	0.125
HLA-DRB3	known	AMR	4	1	0.0417
HLA-DRB3	known	AMR	5	3	0.125
HLA-DRB3	known	AMR	14	1	0.0417
HLA-DRB3	known	AMR	20	2	0.0833
HLA-DRB3	known	AMR	21	1	0.0417
HLA-DRB3	known	AMR	33	1	0.0417
HLA-DRB3	known	AMR	36	1	0.0417
HLA-DRB3	known	AMR	42	1	0.0417
HLA-DRB3	known	AMR	43	1	0.0417
HLA-DRB3	known	AMR	48	1	0.0417
HLA-DRB3	known	AMR	62	1	0.0417
HLA-DRB3	known	AMR	65	1	0.0417
HLA-DRB3	known	AMR	89	1	0.0417
HLA-DRB3	known	AMR	128	1	0.0417
HLA-DRB3	known	EAS	1	4	0.2857
HLA-DRB3	known	EAS	2	2	0.1429
HLA-DRB3	known	EAS	3	1	0.0714
HLA-DRB3	known	EAS	4	1	0.0714
HLA-DRB3	known	EAS	14	1	0.0714
HLA-DRB3	known	EAS	23	1	0.0714
HLA-DRB3	known	EAS	29	1	0.0714
HLA-DRB3	known	EAS	47	1	0.0714
HLA-DRB3	known	EAS	80	1	0.0714
HLA-DRB3	known	EAS	184	1	0.0714
HLA-DRB3	known	EUR	1	2	0.0952
HLA-DRB3	known	EUR	2	3	0.1429
HLA-DRB3	known	EUR	3	1	0.0476
HLA-DRB3	known	EUR	5	1	0.0476
HLA-DRB3	known	EUR	8	1	0.0476
HLA-DRB3	known	EUR	10	1	0.0476
HLA-DRB3	known	EUR	12	2	0.0952
HLA-DRB3	known	EUR	31	1	0.0476
HLA-DRB3	known	EUR	32	1	0.0476
HLA-DRB3	known	EUR	47	1	0.0476
HLA-DRB3	known	EUR	53	1	0.0476
HLA-DRB3	known	EUR	54	1	0.0476
HLA-DRB3	known	EUR	56	1	0.0476
HLA-DRB3	known	EUR	60	1	0.0476
HLA-DRB3	known	EUR	74	1	0.0476
HLA-DRB3	known	EUR	77	1	0.0476
HLA-DRB3	known	EUR	378	1	0.0476
HLA-DRB3	known	MID	1	1	0.0714
HLA-DRB3	known	MID	2	1	0.0714
HLA-DRB3	known	MID	5	3	0.2143
HLA-DRB3	known	MID	7	2	0.1429
HLA-DRB3	known	MID	10	1	0.0714
HLA-DRB3	known	MID	11	2	0.1429
HLA-DRB3	known	MID	13	1	0.0714
HLA-DRB3	known	MID	14	1	0.0714
HLA-DRB3	known	MID	22	1	0.0714
HLA-DRB3	known	MID	25	1	0.0714
HLA-DRB3	known	SAS	1	2	0.1176
HLA-DRB3	known	SAS	2	4	0.2353
HLA-DRB3	known	SAS	3	3	0.1765
HLA-DRB3	known	SAS	10	1	0.0588
HLA-DRB3	known	SAS	12	1	0.0588
HLA-DRB3	known	SAS	16	1	0.0588
HLA-DRB3	known	SAS	17	1	0.0588
HLA-DRB3	known	SAS	27	1	0.0588
HLA-DRB3	known	SAS	29	1	0.0588
HLA-DRB3	known	SAS	32	1	0.0588
HLA-DRB3	known	SAS	37	1	0.0588
HLA-DRB3	known	POOLED	2	1	0.0385
HLA-DRB3	known	POOLED	3	2	0.0769
HLA-DRB3	known	POOLED	4	1	0.0385
HLA-DRB3	known	POOLED	6	1	0.0385
HLA-DRB3	known	POOLED	7	1	0.0385
HLA-DRB3	known	POOLED	9	1	0.0385
HLA-DRB3	known	POOLED	22	1	0.0385
HLA-DRB3	known	POOLED	23	1	0.0385
HLA-DRB3	known	POOLED	29	1	0.0385
HLA-DRB3	known	POOLED	35	1	0.0385
HLA-DRB3	known	POOLED	68	1	0.0385
HLA-DRB3	known	POOLED	91	1	0.0385
HLA-DRB3	known	POOLED	92	1	0.0385
HLA-DRB3	known	POOLED	99	1	0.0385
HLA-DRB3	known	POOLED	106	1	0.0385
HLA-DRB3	known	POOLED	153	1	0.0385
HLA-DRB3	known	POOLED	174	1	0.0385
HLA-DRB3	known	POOLED	189	1	0.0385
HLA-DRB3	known	POOLED	192	1	0.0385
HLA-DRB3	known	POOLED	232	1	0.0385
HLA-DRB3	known	POOLED	307	1	0.0385
HLA-DRB3	known	POOLED	308	1	0.0385
HLA-DRB3	known	POOLED	314	1	0.0385
HLA-DRB3	known	POOLED	351	1	0.0385
HLA-DRB3	known	POOLED	645	1	0.0385
HLA-DRB3	novel	AFR	1	58	0.8788
HLA-DRB3	novel	AFR	2	2	0.0303
HLA-DRB3	novel	AFR	3	1	0.0152
HLA-DRB3	novel	AFR	5	1	0.0152
HLA-DRB3	novel	AFR	56	1	0.0152
HLA-DRB3	novel	AFR	229	1	0.0152
HLA-DRB3	novel	AFR	293	1	0.0152
HLA-DRB3	novel	AFR	1155	1	0.0152
HLA-DRB3	novel	AMR	1	40	0.8696
HLA-DRB3	novel	AMR	3	2	0.0435
HLA-DRB3	novel	AMR	12	1	0.0217
HLA-DRB3	novel	AMR	101	1	0.0217
HLA-DRB3	novel	AMR	508	1	0.0217
HLA-DRB3	novel	AMR	710	1	0.0217
HLA-DRB3	novel	EAS	1	29	0.8056
HLA-DRB3	novel	EAS	2	2	0.0556
HLA-DRB3	novel	EAS	3	1	0.0278
HLA-DRB3	novel	EAS	5	1	0.0278
HLA-DRB3	novel	EAS	46	1	0.0278
HLA-DRB3	novel	EAS	106	1	0.0278
HLA-DRB3	novel	EAS	511	1	0.0278
HLA-DRB3	novel	EUR	1	44	0.8627
HLA-DRB3	novel	EUR	2	2	0.0392
HLA-DRB3	novel	EUR	4	1	0.0196
HLA-DRB3	novel	EUR	8	1	0.0196
HLA-DRB3	novel	EUR	64	1	0.0196
HLA-DRB3	novel	EUR	270	1	0.0196
HLA-DRB3	novel	EUR	1182	1	0.0196
HLA-DRB3	novel	MID	1	8	0.6154
HLA-DRB3	novel	MID	2	1	0.0769
HLA-DRB3	novel	MID	3	1	0.0769
HLA-DRB3	novel	MID	13	1	0.0769
HLA-DRB3	novel	MID	46	1	0.0769
HLA-DRB3	novel	MID	275	1	0.0769
HLA-DRB3	novel	SAS	1	16	0.8
HLA-DRB3	novel	SAS	7	1	0.05
HLA-DRB3	novel	SAS	25	1	0.05
HLA-DRB3	novel	SAS	107	1	0.05
HLA-DRB3	novel	SAS	595	1	0.05
HLA-DRB3	novel	POOLED	1	165	0.8594
HLA-DRB3	novel	POOLED	2	12	0.0625
HLA-DRB3	novel	POOLED	3	4	0.0208
HLA-DRB3	novel	POOLED	4	4	0.0208
HLA-DRB3	novel	POOLED	6	1	0.0052
HLA-DRB3	novel	POOLED	14	1	0.0052
HLA-DRB3	novel	POOLED	68	1	0.0052
HLA-DRB3	novel	POOLED	75	1	0.0052
HLA-DRB3	novel	POOLED	419	1	0.0052
HLA-DRB3	novel	POOLED	1336	1	0.0052
HLA-DRB3	novel	POOLED	4434	1	0.0052
HLA-DRB4	all	AFR	1	20	0.5405
HLA-DRB4	all	AFR	2	1	0.027
HLA-DRB4	all	AFR	3	2	0.0541
HLA-DRB4	all	AFR	7	1	0.027
HLA-DRB4	all	AFR	13	1	0.027
HLA-DRB4	all	AFR	18	2	0.0541
HLA-DRB4	all	AFR	30	1	0.027
HLA-DRB4	all	AFR	31	1	0.027
HLA-DRB4	all	AFR	36	1	0.027
HLA-DRB4	all	AFR	41	1	0.027
HLA-DRB4	all	AFR	59	2	0.0541
HLA-DRB4	all	AFR	165	1	0.027
HLA-DRB4	all	AFR	208	1	0.027
HLA-DRB4	all	AFR	217	1	0.027
HLA-DRB4	all	AFR	228	1	0.027
HLA-DRB4	all	AMR	1	26	0.5778
HLA-DRB4	all	AMR	2	2	0.0444
HLA-DRB4	all	AMR	3	1	0.0222
HLA-DRB4	all	AMR	6	1	0.0222
HLA-DRB4	all	AMR	16	1	0.0222
HLA-DRB4	all	AMR	20	2	0.0444
HLA-DRB4	all	AMR	26	1	0.0222
HLA-DRB4	all	AMR	30	1	0.0222
HLA-DRB4	all	AMR	32	1	0.0222
HLA-DRB4	all	AMR	33	1	0.0222
HLA-DRB4	all	AMR	44	1	0.0222
HLA-DRB4	all	AMR	56	1	0.0222
HLA-DRB4	all	AMR	68	1	0.0222
HLA-DRB4	all	AMR	79	1	0.0222
HLA-DRB4	all	AMR	88	1	0.0222
HLA-DRB4	all	AMR	212	1	0.0222
HLA-DRB4	all	AMR	247	1	0.0222
HLA-DRB4	all	AMR	658	1	0.0222
HLA-DRB4	all	EAS	1	13	0.4062
HLA-DRB4	all	EAS	2	2	0.0625
HLA-DRB4	all	EAS	3	1	0.0312
HLA-DRB4	all	EAS	5	1	0.0312
HLA-DRB4	all	EAS	6	2	0.0625
HLA-DRB4	all	EAS	8	2	0.0625
HLA-DRB4	all	EAS	9	2	0.0625
HLA-DRB4	all	EAS	12	1	0.0312
HLA-DRB4	all	EAS	21	1	0.0312
HLA-DRB4	all	EAS	29	1	0.0312
HLA-DRB4	all	EAS	51	1	0.0312
HLA-DRB4	all	EAS	78	1	0.0312
HLA-DRB4	all	EAS	88	1	0.0312
HLA-DRB4	all	EAS	119	1	0.0312
HLA-DRB4	all	EAS	143	1	0.0312
HLA-DRB4	all	EAS	261	1	0.0312
HLA-DRB4	all	EUR	1	18	0.439
HLA-DRB4	all	EUR	2	2	0.0488
HLA-DRB4	all	EUR	3	2	0.0488
HLA-DRB4	all	EUR	4	2	0.0488
HLA-DRB4	all	EUR	5	1	0.0244
HLA-DRB4	all	EUR	9	1	0.0244
HLA-DRB4	all	EUR	12	1	0.0244
HLA-DRB4	all	EUR	19	1	0.0244
HLA-DRB4	all	EUR	24	1	0.0244
HLA-DRB4	all	EUR	31	1	0.0244
HLA-DRB4	all	EUR	33	1	0.0244
HLA-DRB4	all	EUR	37	1	0.0244
HLA-DRB4	all	EUR	45	1	0.0244
HLA-DRB4	all	EUR	106	1	0.0244
HLA-DRB4	all	EUR	130	1	0.0244
HLA-DRB4	all	EUR	138	1	0.0244
HLA-DRB4	all	EUR	144	1	0.0244
HLA-DRB4	all	EUR	161	1	0.0244
HLA-DRB4	all	EUR	274	2	0.0488
HLA-DRB4	all	EUR	308	1	0.0244
HLA-DRB4	all	MID	1	5	0.2941
HLA-DRB4	all	MID	2	2	0.1176
HLA-DRB4	all	MID	4	1	0.0588
HLA-DRB4	all	MID	5	1	0.0588
HLA-DRB4	all	MID	6	2	0.1176
HLA-DRB4	all	MID	7	1	0.0588
HLA-DRB4	all	MID	14	1	0.0588
HLA-DRB4	all	MID	20	2	0.1176
HLA-DRB4	all	MID	39	1	0.0588
HLA-DRB4	all	MID	120	1	0.0588
HLA-DRB4	all	SAS	1	8	0.3636
HLA-DRB4	all	SAS	2	1	0.0455
HLA-DRB4	all	SAS	3	1	0.0455
HLA-DRB4	all	SAS	9	3	0.1364
HLA-DRB4	all	SAS	10	1	0.0455
HLA-DRB4	all	SAS	14	1	0.0455
HLA-DRB4	all	SAS	16	1	0.0455
HLA-DRB4	all	SAS	17	1	0.0455
HLA-DRB4	all	SAS	30	1	0.0455
HLA-DRB4	all	SAS	34	1	0.0455
HLA-DRB4	all	SAS	132	1	0.0455
HLA-DRB4	all	SAS	147	1	0.0455
HLA-DRB4	all	SAS	235	1	0.0455
HLA-DRB4	all	POOLED	1	69	0.697
HLA-DRB4	all	POOLED	2	5	0.0505
HLA-DRB4	all	POOLED	3	1	0.0101
HLA-DRB4	all	POOLED	4	1	0.0101
HLA-DRB4	all	POOLED	6	1	0.0101
HLA-DRB4	all	POOLED	7	1	0.0101
HLA-DRB4	all	POOLED	8	1	0.0101
HLA-DRB4	all	POOLED	10	1	0.0101
HLA-DRB4	all	POOLED	14	1	0.0101
HLA-DRB4	all	POOLED	28	1	0.0101
HLA-DRB4	all	POOLED	88	1	0.0101
HLA-DRB4	all	POOLED	94	1	0.0101
HLA-DRB4	all	POOLED	95	1	0.0101
HLA-DRB4	all	POOLED	96	1	0.0101
HLA-DRB4	all	POOLED	130	1	0.0101
HLA-DRB4	all	POOLED	132	1	0.0101
HLA-DRB4	all	POOLED	143	1	0.0101
HLA-DRB4	all	POOLED	164	1	0.0101
HLA-DRB4	all	POOLED	185	1	0.0101
HLA-DRB4	all	POOLED	274	1	0.0101
HLA-DRB4	all	POOLED	303	1	0.0101
HLA-DRB4	all	POOLED	329	1	0.0101
HLA-DRB4	all	POOLED	341	1	0.0101
HLA-DRB4	all	POOLED	370	1	0.0101
HLA-DRB4	all	POOLED	728	1	0.0101
HLA-DRB4	all	POOLED	1192	1	0.0101
HLA-DRB4	all	POOLED	1597	1	0.0101
HLA-DRB4	known	AFR	2	1	0.0909
HLA-DRB4	known	AFR	3	2	0.1818
HLA-DRB4	known	AFR	13	1	0.0909
HLA-DRB4	known	AFR	30	1	0.0909
HLA-DRB4	known	AFR	31	1	0.0909
HLA-DRB4	known	AFR	41	1	0.0909
HLA-DRB4	known	AFR	59	2	0.1818
HLA-DRB4	known	AFR	165	1	0.0909
HLA-DRB4	known	AFR	228	1	0.0909
HLA-DRB4	known	AMR	1	2	0.1667
HLA-DRB4	known	AMR	2	1	0.0833
HLA-DRB4	known	AMR	16	1	0.0833
HLA-DRB4	known	AMR	20	1	0.0833
HLA-DRB4	known	AMR	32	1	0.0833
HLA-DRB4	known	AMR	44	1	0.0833
HLA-DRB4	known	AMR	56	1	0.0833
HLA-DRB4	known	AMR	68	1	0.0833
HLA-DRB4	known	AMR	88	1	0.0833
HLA-DRB4	known	AMR	212	1	0.0833
HLA-DRB4	known	AMR	247	1	0.0833
HLA-DRB4	known	EAS	1	2	0.1538
HLA-DRB4	known	EAS	5	1	0.0769
HLA-DRB4	known	EAS	6	2	0.1538
HLA-DRB4	known	EAS	8	1	0.0769
HLA-DRB4	known	EAS	9	1	0.0769
HLA-DRB4	known	EAS	12	1	0.0769
HLA-DRB4	known	EAS	29	1	0.0769
HLA-DRB4	known	EAS	78	1	0.0769
HLA-DRB4	known	EAS	88	1	0.0769
HLA-DRB4	known	EAS	119	1	0.0769
HLA-DRB4	known	EAS	143	1	0.0769
HLA-DRB4	known	EUR	1	1	0.0667
HLA-DRB4	known	EUR	2	1	0.0667
HLA-DRB4	known	EUR	3	1	0.0667
HLA-DRB4	known	EUR	4	2	0.1333
HLA-DRB4	known	EUR	5	1	0.0667
HLA-DRB4	known	EUR	12	1	0.0667
HLA-DRB4	known	EUR	19	1	0.0667
HLA-DRB4	known	EUR	106	1	0.0667
HLA-DRB4	known	EUR	130	1	0.0667
HLA-DRB4	known	EUR	138	1	0.0667
HLA-DRB4	known	EUR	144	1	0.0667
HLA-DRB4	known	EUR	161	1	0.0667
HLA-DRB4	known	EUR	274	1	0.0667
HLA-DRB4	known	EUR	308	1	0.0667
HLA-DRB4	known	MID	1	3	0.375
HLA-DRB4	known	MID	5	1	0.125
HLA-DRB4	known	MID	14	1	0.125
HLA-DRB4	known	MID	20	2	0.25
HLA-DRB4	known	MID	120	1	0.125
HLA-DRB4	known	SAS	1	2	0.2
HLA-DRB4	known	SAS	3	1	0.1
HLA-DRB4	known	SAS	9	2	0.2
HLA-DRB4	known	SAS	10	1	0.1
HLA-DRB4	known	SAS	30	1	0.1
HLA-DRB4	known	SAS	34	1	0.1
HLA-DRB4	known	SAS	132	1	0.1
HLA-DRB4	known	SAS	235	1	0.1
HLA-DRB4	known	POOLED	1	1	0.0625
HLA-DRB4	known	POOLED	6	1	0.0625
HLA-DRB4	known	POOLED	7	1	0.0625
HLA-DRB4	known	POOLED	8	1	0.0625
HLA-DRB4	known	POOLED	10	1	0.0625
HLA-DRB4	known	POOLED	88	1	0.0625
HLA-DRB4	known	POOLED	94	1	0.0625
HLA-DRB4	known	POOLED	132	1	0.0625
HLA-DRB4	known	POOLED	164	1	0.0625
HLA-DRB4	known	POOLED	185	1	0.0625
HLA-DRB4	known	POOLED	274	1	0.0625
HLA-DRB4	known	POOLED	303	1	0.0625
HLA-DRB4	known	POOLED	329	1	0.0625
HLA-DRB4	known	POOLED	370	1	0.0625
HLA-DRB4	known	POOLED	728	1	0.0625
HLA-DRB4	known	POOLED	1192	1	0.0625
HLA-DRB4	novel	AFR	1	20	0.7692
HLA-DRB4	novel	AFR	7	1	0.0385
HLA-DRB4	novel	AFR	18	2	0.0769
HLA-DRB4	novel	AFR	36	1	0.0385
HLA-DRB4	novel	AFR	208	1	0.0385
HLA-DRB4	novel	AFR	217	1	0.0385
HLA-DRB4	novel	AMR	1	24	0.7273
HLA-DRB4	novel	AMR	2	1	0.0303
HLA-DRB4	novel	AMR	3	1	0.0303
HLA-DRB4	novel	AMR	6	1	0.0303
HLA-DRB4	novel	AMR	20	1	0.0303
HLA-DRB4	novel	AMR	26	1	0.0303
HLA-DRB4	novel	AMR	30	1	0.0303
HLA-DRB4	novel	AMR	33	1	0.0303
HLA-DRB4	novel	AMR	79	1	0.0303
HLA-DRB4	novel	AMR	658	1	0.0303
HLA-DRB4	novel	EAS	1	11	0.5789
HLA-DRB4	novel	EAS	2	2	0.1053
HLA-DRB4	novel	EAS	3	1	0.0526
HLA-DRB4	novel	EAS	8	1	0.0526
HLA-DRB4	novel	EAS	9	1	0.0526
HLA-DRB4	novel	EAS	21	1	0.0526
HLA-DRB4	novel	EAS	51	1	0.0526
HLA-DRB4	novel	EAS	261	1	0.0526
HLA-DRB4	novel	EUR	1	17	0.6538
HLA-DRB4	novel	EUR	2	1	0.0385
HLA-DRB4	novel	EUR	3	1	0.0385
HLA-DRB4	novel	EUR	9	1	0.0385
HLA-DRB4	novel	EUR	24	1	0.0385
HLA-DRB4	novel	EUR	31	1	0.0385
HLA-DRB4	novel	EUR	33	1	0.0385
HLA-DRB4	novel	EUR	37	1	0.0385
HLA-DRB4	novel	EUR	45	1	0.0385
HLA-DRB4	novel	EUR	274	1	0.0385
HLA-DRB4	novel	MID	1	2	0.2222
HLA-DRB4	novel	MID	2	2	0.2222
HLA-DRB4	novel	MID	4	1	0.1111
HLA-DRB4	novel	MID	6	2	0.2222
HLA-DRB4	novel	MID	7	1	0.1111
HLA-DRB4	novel	MID	39	1	0.1111
HLA-DRB4	novel	SAS	1	6	0.5
HLA-DRB4	novel	SAS	2	1	0.0833
HLA-DRB4	novel	SAS	9	1	0.0833
HLA-DRB4	novel	SAS	14	1	0.0833
HLA-DRB4	novel	SAS	16	1	0.0833
HLA-DRB4	novel	SAS	17	1	0.0833
HLA-DRB4	novel	SAS	147	1	0.0833
HLA-DRB4	novel	POOLED	1	68	0.8193
HLA-DRB4	novel	POOLED	2	5	0.0602
HLA-DRB4	novel	POOLED	3	1	0.012
HLA-DRB4	novel	POOLED	4	1	0.012
HLA-DRB4	novel	POOLED	14	1	0.012
HLA-DRB4	novel	POOLED	28	1	0.012
HLA-DRB4	novel	POOLED	95	1	0.012
HLA-DRB4	novel	POOLED	96	1	0.012
HLA-DRB4	novel	POOLED	130	1	0.012
HLA-DRB4	novel	POOLED	143	1	0.012
HLA-DRB4	novel	POOLED	341	1	0.012
HLA-DRB4	novel	POOLED	1597	1	0.012
HLA-DRB5	all	AFR	1	15	0.5769
HLA-DRB5	all	AFR	2	1	0.0385
HLA-DRB5	all	AFR	3	2	0.0769
HLA-DRB5	all	AFR	4	1	0.0385
HLA-DRB5	all	AFR	5	1	0.0385
HLA-DRB5	all	AFR	13	1	0.0385
HLA-DRB5	all	AFR	20	1	0.0385
HLA-DRB5	all	AFR	30	1	0.0385
HLA-DRB5	all	AFR	61	1	0.0385
HLA-DRB5	all	AFR	84	1	0.0385
HLA-DRB5	all	AFR	688	1	0.0385
HLA-DRB5	all	AMR	1	24	0.6486
HLA-DRB5	all	AMR	2	4	0.1081
HLA-DRB5	all	AMR	3	2	0.0541
HLA-DRB5	all	AMR	4	1	0.027
HLA-DRB5	all	AMR	5	1	0.027
HLA-DRB5	all	AMR	12	1	0.027
HLA-DRB5	all	AMR	48	1	0.027
HLA-DRB5	all	AMR	114	1	0.027
HLA-DRB5	all	AMR	137	1	0.027
HLA-DRB5	all	AMR	278	1	0.027
HLA-DRB5	all	EAS	1	15	0.5556
HLA-DRB5	all	EAS	2	1	0.037
HLA-DRB5	all	EAS	3	1	0.037
HLA-DRB5	all	EAS	6	1	0.037
HLA-DRB5	all	EAS	10	1	0.037
HLA-DRB5	all	EAS	13	1	0.037
HLA-DRB5	all	EAS	14	1	0.037
HLA-DRB5	all	EAS	15	1	0.037
HLA-DRB5	all	EAS	40	1	0.037
HLA-DRB5	all	EAS	46	1	0.037
HLA-DRB5	all	EAS	58	1	0.037
HLA-DRB5	all	EAS	91	1	0.037
HLA-DRB5	all	EAS	276	1	0.037
HLA-DRB5	all	EUR	1	21	0.6774
HLA-DRB5	all	EUR	2	3	0.0968
HLA-DRB5	all	EUR	3	2	0.0645
HLA-DRB5	all	EUR	8	1	0.0323
HLA-DRB5	all	EUR	93	1	0.0323
HLA-DRB5	all	EUR	98	1	0.0323
HLA-DRB5	all	EUR	235	1	0.0323
HLA-DRB5	all	EUR	296	1	0.0323
HLA-DRB5	all	MID	1	2	0.3333
HLA-DRB5	all	MID	10	1	0.1667
HLA-DRB5	all	MID	15	1	0.1667
HLA-DRB5	all	MID	31	1	0.1667
HLA-DRB5	all	MID	33	1	0.1667
HLA-DRB5	all	SAS	1	8	0.5
HLA-DRB5	all	SAS	2	1	0.0625
HLA-DRB5	all	SAS	6	2	0.125
HLA-DRB5	all	SAS	7	1	0.0625
HLA-DRB5	all	SAS	12	1	0.0625
HLA-DRB5	all	SAS	18	1	0.0625
HLA-DRB5	all	SAS	256	1	0.0625
HLA-DRB5	all	SAS	259	1	0.0625
HLA-DRB5	all	POOLED	1	67	0.7283
HLA-DRB5	all	POOLED	2	5	0.0543
HLA-DRB5	all	POOLED	3	2	0.0217
HLA-DRB5	all	POOLED	4	1	0.0109
HLA-DRB5	all	POOLED	6	3	0.0326
HLA-DRB5	all	POOLED	7	1	0.0109
HLA-DRB5	all	POOLED	12	1	0.0109
HLA-DRB5	all	POOLED	14	1	0.0109
HLA-DRB5	all	POOLED	17	1	0.0109
HLA-DRB5	all	POOLED	21	1	0.0109
HLA-DRB5	all	POOLED	35	1	0.0109
HLA-DRB5	all	POOLED	41	1	0.0109
HLA-DRB5	all	POOLED	57	1	0.0109
HLA-DRB5	all	POOLED	66	1	0.0109
HLA-DRB5	all	POOLED	74	1	0.0109
HLA-DRB5	all	POOLED	292	1	0.0109
HLA-DRB5	all	POOLED	477	1	0.0109
HLA-DRB5	all	POOLED	542	1	0.0109
HLA-DRB5	all	POOLED	1826	1	0.0109
HLA-DRB5	known	AFR	1	1	0.25
HLA-DRB5	known	AFR	3	1	0.25
HLA-DRB5	known	AFR	30	1	0.25
HLA-DRB5	known	AFR	84	1	0.25
HLA-DRB5	known	AMR	1	1	0.25
HLA-DRB5	known	AMR	3	1	0.25
HLA-DRB5	known	AMR	5	1	0.25
HLA-DRB5	known	AMR	114	1	0.25
HLA-DRB5	known	EAS	1	1	0.1429
HLA-DRB5	known	EAS	2	1	0.1429
HLA-DRB5	known	EAS	3	1	0.1429
HLA-DRB5	known	EAS	14	1	0.1429
HLA-DRB5	known	EAS	15	1	0.1429
HLA-DRB5	known	EAS	40	1	0.1429
HLA-DRB5	known	EAS	58	1	0.1429
HLA-DRB5	known	EUR	1	2	0.3333
HLA-DRB5	known	EUR	2	2	0.3333
HLA-DRB5	known	EUR	3	1	0.1667
HLA-DRB5	known	EUR	235	1	0.1667
HLA-DRB5	known	MID	1	1	0.5
HLA-DRB5	known	MID	15	1	0.5
HLA-DRB5	known	SAS	1	2	0.5
HLA-DRB5	known	SAS	6	1	0.25
HLA-DRB5	known	SAS	12	1	0.25
HLA-DRB5	known	POOLED	2	1	0.1111
HLA-DRB5	known	POOLED	3	1	0.1111
HLA-DRB5	known	POOLED	6	1	0.1111
HLA-DRB5	known	POOLED	12	1	0.1111
HLA-DRB5	known	POOLED	14	1	0.1111
HLA-DRB5	known	POOLED	35	1	0.1111
HLA-DRB5	known	POOLED	41	1	0.1111
HLA-DRB5	known	POOLED	66	1	0.1111
HLA-DRB5	known	POOLED	477	1	0.1111
HLA-DRB5	novel	AFR	1	14	0.6364
HLA-DRB5	novel	AFR	2	1	0.0455
HLA-DRB5	novel	AFR	3	1	0.0455
HLA-DRB5	novel	AFR	4	1	0.0455
HLA-DRB5	novel	AFR	5	1	0.0455
HLA-DRB5	novel	AFR	13	1	0.0455
HLA-DRB5	novel	AFR	20	1	0.0455
HLA-DRB5	novel	AFR	61	1	0.0455
HLA-DRB5	novel	AFR	688	1	0.0455
HLA-DRB5	novel	AMR	1	23	0.697
HLA-DRB5	novel	AMR	2	4	0.1212
HLA-DRB5	novel	AMR	3	1	0.0303
HLA-DRB5	novel	AMR	4	1	0.0303
HLA-DRB5	novel	AMR	12	1	0.0303
HLA-DRB5	novel	AMR	48	1	0.0303
HLA-DRB5	novel	AMR	137	1	0.0303
HLA-DRB5	novel	AMR	278	1	0.0303
HLA-DRB5	novel	EAS	1	14	0.7
HLA-DRB5	novel	EAS	6	1	0.05
HLA-DRB5	novel	EAS	10	1	0.05
HLA-DRB5	novel	EAS	13	1	0.05
HLA-DRB5	novel	EAS	46	1	0.05
HLA-DRB5	novel	EAS	91	1	0.05
HLA-DRB5	novel	EAS	276	1	0.05
HLA-DRB5	novel	EUR	1	19	0.76
HLA-DRB5	novel	EUR	2	1	0.04
HLA-DRB5	novel	EUR	3	1	0.04
HLA-DRB5	novel	EUR	8	1	0.04
HLA-DRB5	novel	EUR	93	1	0.04
HLA-DRB5	novel	EUR	98	1	0.04
HLA-DRB5	novel	EUR	296	1	0.04
HLA-DRB5	novel	MID	1	1	0.25
HLA-DRB5	novel	MID	10	1	0.25
HLA-DRB5	novel	MID	31	1	0.25
HLA-DRB5	novel	MID	33	1	0.25
HLA-DRB5	novel	SAS	1	6	0.5
HLA-DRB5	novel	SAS	2	1	0.0833
HLA-DRB5	novel	SAS	6	1	0.0833
HLA-DRB5	novel	SAS	7	1	0.0833
HLA-DRB5	novel	SAS	18	1	0.0833
HLA-DRB5	novel	SAS	256	1	0.0833
HLA-DRB5	novel	SAS	259	1	0.0833
HLA-DRB5	novel	POOLED	1	67	0.8072
HLA-DRB5	novel	POOLED	2	4	0.0482
HLA-DRB5	novel	POOLED	3	1	0.012
HLA-DRB5	novel	POOLED	4	1	0.012
HLA-DRB5	novel	POOLED	6	2	0.0241
HLA-DRB5	novel	POOLED	7	1	0.012
HLA-DRB5	novel	POOLED	17	1	0.012
HLA-DRB5	novel	POOLED	21	1	0.012
HLA-DRB5	novel	POOLED	57	1	0.012
HLA-DRB5	novel	POOLED	74	1	0.012
HLA-DRB5	novel	POOLED	292	1	0.012
HLA-DRB5	novel	POOLED	542	1	0.012
HLA-DRB5	novel	POOLED	1826	1	0.012
HLA-E	all	AFR	1	188	0.7769
HLA-E	all	AFR	2	19	0.0785
HLA-E	all	AFR	3	5	0.0207
HLA-E	all	AFR	4	2	0.0083
HLA-E	all	AFR	5	1	0.0041
HLA-E	all	AFR	6	4	0.0165
HLA-E	all	AFR	7	1	0.0041
HLA-E	all	AFR	15	1	0.0041
HLA-E	all	AFR	16	1	0.0041
HLA-E	all	AFR	17	1	0.0041
HLA-E	all	AFR	18	1	0.0041
HLA-E	all	AFR	20	1	0.0041
HLA-E	all	AFR	21	1	0.0041
HLA-E	all	AFR	23	1	0.0041
HLA-E	all	AFR	25	1	0.0041
HLA-E	all	AFR	28	1	0.0041
HLA-E	all	AFR	36	1	0.0041
HLA-E	all	AFR	59	1	0.0041
HLA-E	all	AFR	61	1	0.0041
HLA-E	all	AFR	73	1	0.0041
HLA-E	all	AFR	96	1	0.0041
HLA-E	all	AFR	113	1	0.0041
HLA-E	all	AFR	131	1	0.0041
HLA-E	all	AFR	180	1	0.0041
HLA-E	all	AFR	252	1	0.0041
HLA-E	all	AFR	259	1	0.0041
HLA-E	all	AFR	381	1	0.0041
HLA-E	all	AFR	1251	1	0.0041
HLA-E	all	AFR	2642	1	0.0041
HLA-E	all	AMR	1	174	0.7699
HLA-E	all	AMR	2	19	0.0841
HLA-E	all	AMR	3	4	0.0177
HLA-E	all	AMR	4	2	0.0088
HLA-E	all	AMR	5	6	0.0265
HLA-E	all	AMR	6	1	0.0044
HLA-E	all	AMR	7	1	0.0044
HLA-E	all	AMR	8	1	0.0044
HLA-E	all	AMR	12	3	0.0133
HLA-E	all	AMR	15	1	0.0044
HLA-E	all	AMR	17	1	0.0044
HLA-E	all	AMR	18	1	0.0044
HLA-E	all	AMR	22	1	0.0044
HLA-E	all	AMR	28	1	0.0044
HLA-E	all	AMR	29	1	0.0044
HLA-E	all	AMR	36	1	0.0044
HLA-E	all	AMR	54	1	0.0044
HLA-E	all	AMR	75	1	0.0044
HLA-E	all	AMR	126	1	0.0044
HLA-E	all	AMR	143	1	0.0044
HLA-E	all	AMR	386	1	0.0044
HLA-E	all	AMR	484	1	0.0044
HLA-E	all	AMR	1431	1	0.0044
HLA-E	all	AMR	2184	1	0.0044
HLA-E	all	EAS	1	103	0.7803
HLA-E	all	EAS	2	6	0.0455
HLA-E	all	EAS	3	3	0.0227
HLA-E	all	EAS	4	2	0.0152
HLA-E	all	EAS	5	2	0.0152
HLA-E	all	EAS	8	1	0.0076
HLA-E	all	EAS	10	1	0.0076
HLA-E	all	EAS	15	1	0.0076
HLA-E	all	EAS	24	1	0.0076
HLA-E	all	EAS	26	1	0.0076
HLA-E	all	EAS	36	1	0.0076
HLA-E	all	EAS	38	1	0.0076
HLA-E	all	EAS	44	1	0.0076
HLA-E	all	EAS	52	1	0.0076
HLA-E	all	EAS	71	1	0.0076
HLA-E	all	EAS	73	1	0.0076
HLA-E	all	EAS	186	1	0.0076
HLA-E	all	EAS	291	1	0.0076
HLA-E	all	EAS	580	1	0.0076
HLA-E	all	EAS	617	1	0.0076
HLA-E	all	EAS	672	1	0.0076
HLA-E	all	EUR	1	181	0.7735
HLA-E	all	EUR	2	17	0.0726
HLA-E	all	EUR	3	6	0.0256
HLA-E	all	EUR	4	4	0.0171
HLA-E	all	EUR	5	4	0.0171
HLA-E	all	EUR	6	5	0.0214
HLA-E	all	EUR	7	3	0.0128
HLA-E	all	EUR	10	1	0.0043
HLA-E	all	EUR	13	1	0.0043
HLA-E	all	EUR	36	1	0.0043
HLA-E	all	EUR	41	1	0.0043
HLA-E	all	EUR	45	1	0.0043
HLA-E	all	EUR	53	1	0.0043
HLA-E	all	EUR	61	1	0.0043
HLA-E	all	EUR	73	1	0.0043
HLA-E	all	EUR	81	1	0.0043
HLA-E	all	EUR	102	1	0.0043
HLA-E	all	EUR	186	1	0.0043
HLA-E	all	EUR	633	1	0.0043
HLA-E	all	EUR	1495	1	0.0043
HLA-E	all	EUR	2784	1	0.0043
HLA-E	all	MID	1	41	0.7193
HLA-E	all	MID	2	3	0.0526
HLA-E	all	MID	3	2	0.0351
HLA-E	all	MID	13	1	0.0175
HLA-E	all	MID	14	1	0.0175
HLA-E	all	MID	15	2	0.0351
HLA-E	all	MID	17	1	0.0175
HLA-E	all	MID	21	1	0.0175
HLA-E	all	MID	31	1	0.0175
HLA-E	all	MID	50	1	0.0175
HLA-E	all	MID	133	1	0.0175
HLA-E	all	MID	194	1	0.0175
HLA-E	all	MID	399	1	0.0175
HLA-E	all	SAS	1	68	0.7083
HLA-E	all	SAS	2	8	0.0833
HLA-E	all	SAS	3	1	0.0104
HLA-E	all	SAS	4	3	0.0312
HLA-E	all	SAS	5	1	0.0104
HLA-E	all	SAS	6	2	0.0208
HLA-E	all	SAS	9	1	0.0104
HLA-E	all	SAS	15	1	0.0104
HLA-E	all	SAS	21	1	0.0104
HLA-E	all	SAS	31	1	0.0104
HLA-E	all	SAS	33	1	0.0104
HLA-E	all	SAS	36	1	0.0104
HLA-E	all	SAS	46	1	0.0104
HLA-E	all	SAS	71	1	0.0104
HLA-E	all	SAS	116	1	0.0104
HLA-E	all	SAS	145	1	0.0104
HLA-E	all	SAS	409	1	0.0104
HLA-E	all	SAS	528	1	0.0104
HLA-E	all	SAS	858	1	0.0104
HLA-E	all	POOLED	1	633	0.8275
HLA-E	all	POOLED	2	49	0.0641
HLA-E	all	POOLED	3	15	0.0196
HLA-E	all	POOLED	4	8	0.0105
HLA-E	all	POOLED	5	6	0.0078
HLA-E	all	POOLED	6	3	0.0039
HLA-E	all	POOLED	8	6	0.0078
HLA-E	all	POOLED	9	2	0.0026
HLA-E	all	POOLED	10	1	0.0013
HLA-E	all	POOLED	11	1	0.0013
HLA-E	all	POOLED	12	2	0.0026
HLA-E	all	POOLED	14	1	0.0013
HLA-E	all	POOLED	15	3	0.0039
HLA-E	all	POOLED	16	2	0.0026
HLA-E	all	POOLED	17	1	0.0013
HLA-E	all	POOLED	19	2	0.0026
HLA-E	all	POOLED	21	2	0.0026
HLA-E	all	POOLED	24	1	0.0013
HLA-E	all	POOLED	25	2	0.0026
HLA-E	all	POOLED	26	1	0.0013
HLA-E	all	POOLED	27	1	0.0013
HLA-E	all	POOLED	28	1	0.0013
HLA-E	all	POOLED	34	1	0.0013
HLA-E	all	POOLED	39	1	0.0013
HLA-E	all	POOLED	41	1	0.0013
HLA-E	all	POOLED	75	1	0.0013
HLA-E	all	POOLED	81	1	0.0013
HLA-E	all	POOLED	82	1	0.0013
HLA-E	all	POOLED	88	1	0.0013
HLA-E	all	POOLED	93	1	0.0013
HLA-E	all	POOLED	130	1	0.0013
HLA-E	all	POOLED	147	1	0.0013
HLA-E	all	POOLED	151	1	0.0013
HLA-E	all	POOLED	172	1	0.0013
HLA-E	all	POOLED	188	1	0.0013
HLA-E	all	POOLED	201	1	0.0013
HLA-E	all	POOLED	375	1	0.0013
HLA-E	all	POOLED	624	1	0.0013
HLA-E	all	POOLED	673	1	0.0013
HLA-E	all	POOLED	703	1	0.0013
HLA-E	all	POOLED	834	1	0.0013
HLA-E	all	POOLED	2651	1	0.0013
HLA-E	all	POOLED	5462	1	0.0013
HLA-E	all	POOLED	9468	1	0.0013
HLA-E	known	AFR	1	8	0.1905
HLA-E	known	AFR	2	7	0.1667
HLA-E	known	AFR	3	4	0.0952
HLA-E	known	AFR	4	1	0.0238
HLA-E	known	AFR	6	3	0.0714
HLA-E	known	AFR	7	1	0.0238
HLA-E	known	AFR	15	1	0.0238
HLA-E	known	AFR	16	1	0.0238
HLA-E	known	AFR	17	1	0.0238
HLA-E	known	AFR	18	1	0.0238
HLA-E	known	AFR	21	1	0.0238
HLA-E	known	AFR	23	1	0.0238
HLA-E	known	AFR	25	1	0.0238
HLA-E	known	AFR	28	1	0.0238
HLA-E	known	AFR	59	1	0.0238
HLA-E	known	AFR	61	1	0.0238
HLA-E	known	AFR	73	1	0.0238
HLA-E	known	AFR	113	1	0.0238
HLA-E	known	AFR	131	1	0.0238
HLA-E	known	AFR	252	1	0.0238
HLA-E	known	AFR	259	1	0.0238
HLA-E	known	AFR	381	1	0.0238
HLA-E	known	AFR	1251	1	0.0238
HLA-E	known	AFR	2642	1	0.0238
HLA-E	known	AMR	1	11	0.2444
HLA-E	known	AMR	2	7	0.1556
HLA-E	known	AMR	3	2	0.0444
HLA-E	known	AMR	4	2	0.0444
HLA-E	known	AMR	5	6	0.1333
HLA-E	known	AMR	6	1	0.0222
HLA-E	known	AMR	7	1	0.0222
HLA-E	known	AMR	8	1	0.0222
HLA-E	known	AMR	12	2	0.0444
HLA-E	known	AMR	15	1	0.0222
HLA-E	known	AMR	17	1	0.0222
HLA-E	known	AMR	18	1	0.0222
HLA-E	known	AMR	22	1	0.0222
HLA-E	known	AMR	28	1	0.0222
HLA-E	known	AMR	36	1	0.0222
HLA-E	known	AMR	54	1	0.0222
HLA-E	known	AMR	126	1	0.0222
HLA-E	known	AMR	386	1	0.0222
HLA-E	known	AMR	484	1	0.0222
HLA-E	known	AMR	1431	1	0.0222
HLA-E	known	AMR	2184	1	0.0222
HLA-E	known	EAS	1	10	0.303
HLA-E	known	EAS	2	5	0.1515
HLA-E	known	EAS	3	1	0.0303
HLA-E	known	EAS	4	2	0.0606
HLA-E	known	EAS	5	2	0.0606
HLA-E	known	EAS	8	1	0.0303
HLA-E	known	EAS	10	1	0.0303
HLA-E	known	EAS	15	1	0.0303
HLA-E	known	EAS	24	1	0.0303
HLA-E	known	EAS	26	1	0.0303
HLA-E	known	EAS	36	1	0.0303
HLA-E	known	EAS	38	1	0.0303
HLA-E	known	EAS	71	1	0.0303
HLA-E	known	EAS	186	1	0.0303
HLA-E	known	EAS	291	1	0.0303
HLA-E	known	EAS	580	1	0.0303
HLA-E	known	EAS	617	1	0.0303
HLA-E	known	EAS	672	1	0.0303
HLA-E	known	EUR	1	14	0.2857
HLA-E	known	EUR	2	5	0.102
HLA-E	known	EUR	3	4	0.0816
HLA-E	known	EUR	4	3	0.0612
HLA-E	known	EUR	5	4	0.0816
HLA-E	known	EUR	6	5	0.102
HLA-E	known	EUR	7	3	0.0612
HLA-E	known	EUR	10	1	0.0204
HLA-E	known	EUR	13	1	0.0204
HLA-E	known	EUR	41	1	0.0204
HLA-E	known	EUR	45	1	0.0204
HLA-E	known	EUR	53	1	0.0204
HLA-E	known	EUR	61	1	0.0204
HLA-E	known	EUR	73	1	0.0204
HLA-E	known	EUR	81	1	0.0204
HLA-E	known	EUR	633	1	0.0204
HLA-E	known	EUR	1495	1	0.0204
HLA-E	known	EUR	2784	1	0.0204
HLA-E	known	MID	1	12	0.5217
HLA-E	known	MID	2	1	0.0435
HLA-E	known	MID	3	2	0.087
HLA-E	known	MID	13	1	0.0435
HLA-E	known	MID	14	1	0.0435
HLA-E	known	MID	15	1	0.0435
HLA-E	known	MID	17	1	0.0435
HLA-E	known	MID	31	1	0.0435
HLA-E	known	MID	133	1	0.0435
HLA-E	known	MID	194	1	0.0435
HLA-E	known	MID	399	1	0.0435
HLA-E	known	SAS	1	7	0.2593
HLA-E	known	SAS	2	4	0.1481
HLA-E	known	SAS	4	3	0.1111
HLA-E	known	SAS	5	1	0.037
HLA-E	known	SAS	6	2	0.0741
HLA-E	known	SAS	9	1	0.037
HLA-E	known	SAS	15	1	0.037
HLA-E	known	SAS	21	1	0.037
HLA-E	known	SAS	31	1	0.037
HLA-E	known	SAS	46	1	0.037
HLA-E	known	SAS	116	1	0.037
HLA-E	known	SAS	145	1	0.037
HLA-E	known	SAS	409	1	0.037
HLA-E	known	SAS	528	1	0.037
HLA-E	known	SAS	858	1	0.037
HLA-E	known	POOLED	1	22	0.275
HLA-E	known	POOLED	2	5	0.0625
HLA-E	known	POOLED	3	5	0.0625
HLA-E	known	POOLED	4	3	0.0375
HLA-E	known	POOLED	5	2	0.025
HLA-E	known	POOLED	8	2	0.025
HLA-E	known	POOLED	9	2	0.025
HLA-E	known	POOLED	10	1	0.0125
HLA-E	known	POOLED	11	1	0.0125
HLA-E	known	POOLED	12	2	0.025
HLA-E	known	POOLED	14	1	0.0125
HLA-E	known	POOLED	15	3	0.0375
HLA-E	known	POOLED	16	2	0.025
HLA-E	known	POOLED	17	1	0.0125
HLA-E	known	POOLED	19	2	0.025
HLA-E	known	POOLED	21	2	0.025
HLA-E	known	POOLED	24	1	0.0125
HLA-E	known	POOLED	25	2	0.025
HLA-E	known	POOLED	26	1	0.0125
HLA-E	known	POOLED	27	1	0.0125
HLA-E	known	POOLED	28	1	0.0125
HLA-E	known	POOLED	34	1	0.0125
HLA-E	known	POOLED	41	1	0.0125
HLA-E	known	POOLED	75	1	0.0125
HLA-E	known	POOLED	81	1	0.0125
HLA-E	known	POOLED	82	1	0.0125
HLA-E	known	POOLED	88	1	0.0125
HLA-E	known	POOLED	93	1	0.0125
HLA-E	known	POOLED	130	1	0.0125
HLA-E	known	POOLED	147	1	0.0125
HLA-E	known	POOLED	151	1	0.0125
HLA-E	known	POOLED	172	1	0.0125
HLA-E	known	POOLED	188	1	0.0125
HLA-E	known	POOLED	624	1	0.0125
HLA-E	known	POOLED	673	1	0.0125
HLA-E	known	POOLED	834	1	0.0125
HLA-E	known	POOLED	2651	1	0.0125
HLA-E	known	POOLED	5462	1	0.0125
HLA-E	known	POOLED	9468	1	0.0125
HLA-E	novel	AFR	1	180	0.9
HLA-E	novel	AFR	2	12	0.06
HLA-E	novel	AFR	3	1	0.005
HLA-E	novel	AFR	4	1	0.005
HLA-E	novel	AFR	5	1	0.005
HLA-E	novel	AFR	6	1	0.005
HLA-E	novel	AFR	20	1	0.005
HLA-E	novel	AFR	36	1	0.005
HLA-E	novel	AFR	96	1	0.005
HLA-E	novel	AFR	180	1	0.005
HLA-E	novel	AMR	1	163	0.9006
HLA-E	novel	AMR	2	12	0.0663
HLA-E	novel	AMR	3	2	0.011
HLA-E	novel	AMR	12	1	0.0055
HLA-E	novel	AMR	29	1	0.0055
HLA-E	novel	AMR	75	1	0.0055
HLA-E	novel	AMR	143	1	0.0055
HLA-E	novel	EAS	1	93	0.9394
HLA-E	novel	EAS	2	1	0.0101
HLA-E	novel	EAS	3	2	0.0202
HLA-E	novel	EAS	44	1	0.0101
HLA-E	novel	EAS	52	1	0.0101
HLA-E	novel	EAS	73	1	0.0101
HLA-E	novel	EUR	1	167	0.9027
HLA-E	novel	EUR	2	12	0.0649
HLA-E	novel	EUR	3	2	0.0108
HLA-E	novel	EUR	4	1	0.0054
HLA-E	novel	EUR	36	1	0.0054
HLA-E	novel	EUR	102	1	0.0054
HLA-E	novel	EUR	186	1	0.0054
HLA-E	novel	MID	1	29	0.8529
HLA-E	novel	MID	2	2	0.0588
HLA-E	novel	MID	15	1	0.0294
HLA-E	novel	MID	21	1	0.0294
HLA-E	novel	MID	50	1	0.0294
HLA-E	novel	SAS	1	61	0.8841
HLA-E	novel	SAS	2	4	0.058
HLA-E	novel	SAS	3	1	0.0145
HLA-E	novel	SAS	33	1	0.0145
HLA-E	novel	SAS	36	1	0.0145
HLA-E	novel	SAS	71	1	0.0145
HLA-E	novel	POOLED	1	611	0.892
HLA-E	novel	POOLED	2	44	0.0642
HLA-E	novel	POOLED	3	10	0.0146
HLA-E	novel	POOLED	4	5	0.0073
HLA-E	novel	POOLED	5	4	0.0058
HLA-E	novel	POOLED	6	3	0.0044
HLA-E	novel	POOLED	8	4	0.0058
HLA-E	novel	POOLED	39	1	0.0015
HLA-E	novel	POOLED	201	1	0.0015
HLA-E	novel	POOLED	375	1	0.0015
HLA-E	novel	POOLED	703	1	0.0015
HLA-F	all	AFR	1	179	0.81
HLA-F	all	AFR	2	11	0.0498
HLA-F	all	AFR	3	3	0.0136
HLA-F	all	AFR	5	2	0.009
HLA-F	all	AFR	8	1	0.0045
HLA-F	all	AFR	11	1	0.0045
HLA-F	all	AFR	12	1	0.0045
HLA-F	all	AFR	16	1	0.0045
HLA-F	all	AFR	19	1	0.0045
HLA-F	all	AFR	36	1	0.0045
HLA-F	all	AFR	45	1	0.0045
HLA-F	all	AFR	62	1	0.0045
HLA-F	all	AFR	65	1	0.0045
HLA-F	all	AFR	85	1	0.0045
HLA-F	all	AFR	89	1	0.0045
HLA-F	all	AFR	99	1	0.0045
HLA-F	all	AFR	110	1	0.0045
HLA-F	all	AFR	147	1	0.0045
HLA-F	all	AFR	205	1	0.0045
HLA-F	all	AFR	207	1	0.0045
HLA-F	all	AFR	240	1	0.0045
HLA-F	all	AFR	256	1	0.0045
HLA-F	all	AFR	285	1	0.0045
HLA-F	all	AFR	354	1	0.0045
HLA-F	all	AFR	411	1	0.0045
HLA-F	all	AFR	475	1	0.0045
HLA-F	all	AFR	572	1	0.0045
HLA-F	all	AFR	664	1	0.0045
HLA-F	all	AFR	668	1	0.0045
HLA-F	all	AFR	733	1	0.0045
HLA-F	all	AMR	1	172	0.7713
HLA-F	all	AMR	2	14	0.0628
HLA-F	all	AMR	3	3	0.0135
HLA-F	all	AMR	4	2	0.009
HLA-F	all	AMR	5	2	0.009
HLA-F	all	AMR	8	2	0.009
HLA-F	all	AMR	13	3	0.0135
HLA-F	all	AMR	16	1	0.0045
HLA-F	all	AMR	18	1	0.0045
HLA-F	all	AMR	19	1	0.0045
HLA-F	all	AMR	21	1	0.0045
HLA-F	all	AMR	23	1	0.0045
HLA-F	all	AMR	43	2	0.009
HLA-F	all	AMR	66	1	0.0045
HLA-F	all	AMR	88	1	0.0045
HLA-F	all	AMR	95	1	0.0045
HLA-F	all	AMR	102	1	0.0045
HLA-F	all	AMR	115	1	0.0045
HLA-F	all	AMR	125	1	0.0045
HLA-F	all	AMR	159	1	0.0045
HLA-F	all	AMR	183	1	0.0045
HLA-F	all	AMR	201	1	0.0045
HLA-F	all	AMR	202	1	0.0045
HLA-F	all	AMR	205	1	0.0045
HLA-F	all	AMR	210	1	0.0045
HLA-F	all	AMR	307	1	0.0045
HLA-F	all	AMR	315	1	0.0045
HLA-F	all	AMR	340	1	0.0045
HLA-F	all	AMR	622	1	0.0045
HLA-F	all	AMR	730	1	0.0045
HLA-F	all	AMR	914	1	0.0045
HLA-F	all	EAS	1	96	0.7805
HLA-F	all	EAS	2	5	0.0407
HLA-F	all	EAS	4	1	0.0081
HLA-F	all	EAS	5	2	0.0163
HLA-F	all	EAS	6	1	0.0081
HLA-F	all	EAS	9	2	0.0163
HLA-F	all	EAS	15	2	0.0163
HLA-F	all	EAS	17	1	0.0081
HLA-F	all	EAS	20	1	0.0081
HLA-F	all	EAS	40	1	0.0081
HLA-F	all	EAS	44	1	0.0081
HLA-F	all	EAS	52	1	0.0081
HLA-F	all	EAS	54	1	0.0081
HLA-F	all	EAS	57	1	0.0081
HLA-F	all	EAS	62	1	0.0081
HLA-F	all	EAS	73	1	0.0081
HLA-F	all	EAS	253	1	0.0081
HLA-F	all	EAS	292	1	0.0081
HLA-F	all	EAS	307	1	0.0081
HLA-F	all	EAS	666	1	0.0081
HLA-F	all	EAS	793	1	0.0081
HLA-F	all	EUR	1	221	0.8216
HLA-F	all	EUR	2	15	0.0558
HLA-F	all	EUR	3	1	0.0037
HLA-F	all	EUR	4	5	0.0186
HLA-F	all	EUR	5	2	0.0074
HLA-F	all	EUR	6	1	0.0037
HLA-F	all	EUR	7	1	0.0037
HLA-F	all	EUR	9	2	0.0074
HLA-F	all	EUR	12	1	0.0037
HLA-F	all	EUR	20	1	0.0037
HLA-F	all	EUR	23	1	0.0037
HLA-F	all	EUR	30	1	0.0037
HLA-F	all	EUR	36	1	0.0037
HLA-F	all	EUR	47	1	0.0037
HLA-F	all	EUR	60	1	0.0037
HLA-F	all	EUR	91	1	0.0037
HLA-F	all	EUR	93	1	0.0037
HLA-F	all	EUR	104	1	0.0037
HLA-F	all	EUR	107	1	0.0037
HLA-F	all	EUR	148	1	0.0037
HLA-F	all	EUR	153	1	0.0037
HLA-F	all	EUR	174	1	0.0037
HLA-F	all	EUR	203	1	0.0037
HLA-F	all	EUR	260	1	0.0037
HLA-F	all	EUR	300	1	0.0037
HLA-F	all	EUR	649	1	0.0037
HLA-F	all	EUR	1023	1	0.0037
HLA-F	all	EUR	1048	1	0.0037
HLA-F	all	EUR	1120	1	0.0037
HLA-F	all	MID	1	41	0.6721
HLA-F	all	MID	2	2	0.0328
HLA-F	all	MID	3	1	0.0164
HLA-F	all	MID	7	1	0.0164
HLA-F	all	MID	10	1	0.0164
HLA-F	all	MID	11	1	0.0164
HLA-F	all	MID	18	1	0.0164
HLA-F	all	MID	27	1	0.0164
HLA-F	all	MID	28	1	0.0164
HLA-F	all	MID	30	1	0.0164
HLA-F	all	MID	34	1	0.0164
HLA-F	all	MID	36	1	0.0164
HLA-F	all	MID	39	1	0.0164
HLA-F	all	MID	41	2	0.0328
HLA-F	all	MID	80	1	0.0164
HLA-F	all	MID	85	1	0.0164
HLA-F	all	MID	86	1	0.0164
HLA-F	all	MID	161	1	0.0164
HLA-F	all	MID	188	1	0.0164
HLA-F	all	SAS	1	85	0.7522
HLA-F	all	SAS	2	5	0.0442
HLA-F	all	SAS	3	1	0.0088
HLA-F	all	SAS	4	1	0.0088
HLA-F	all	SAS	7	1	0.0088
HLA-F	all	SAS	11	1	0.0088
HLA-F	all	SAS	17	2	0.0177
HLA-F	all	SAS	20	1	0.0088
HLA-F	all	SAS	22	1	0.0088
HLA-F	all	SAS	24	1	0.0088
HLA-F	all	SAS	26	1	0.0088
HLA-F	all	SAS	35	2	0.0177
HLA-F	all	SAS	39	1	0.0088
HLA-F	all	SAS	45	1	0.0088
HLA-F	all	SAS	138	1	0.0088
HLA-F	all	SAS	149	1	0.0088
HLA-F	all	SAS	152	2	0.0177
HLA-F	all	SAS	154	1	0.0088
HLA-F	all	SAS	184	1	0.0088
HLA-F	all	SAS	250	1	0.0088
HLA-F	all	SAS	264	1	0.0088
HLA-F	all	SAS	617	1	0.0088
HLA-F	all	POOLED	1	674	0.8446
HLA-F	all	POOLED	2	51	0.0639
HLA-F	all	POOLED	3	14	0.0175
HLA-F	all	POOLED	4	5	0.0063
HLA-F	all	POOLED	5	5	0.0063
HLA-F	all	POOLED	6	2	0.0025
HLA-F	all	POOLED	7	1	0.0013
HLA-F	all	POOLED	8	2	0.0025
HLA-F	all	POOLED	9	1	0.0013
HLA-F	all	POOLED	10	4	0.005
HLA-F	all	POOLED	13	3	0.0038
HLA-F	all	POOLED	14	1	0.0013
HLA-F	all	POOLED	15	1	0.0013
HLA-F	all	POOLED	18	1	0.0013
HLA-F	all	POOLED	20	2	0.0025
HLA-F	all	POOLED	22	1	0.0013
HLA-F	all	POOLED	27	1	0.0013
HLA-F	all	POOLED	28	1	0.0013
HLA-F	all	POOLED	30	2	0.0025
HLA-F	all	POOLED	44	2	0.0025
HLA-F	all	POOLED	60	1	0.0013
HLA-F	all	POOLED	82	1	0.0013
HLA-F	all	POOLED	95	1	0.0013
HLA-F	all	POOLED	111	1	0.0013
HLA-F	all	POOLED	122	1	0.0013
HLA-F	all	POOLED	159	1	0.0013
HLA-F	all	POOLED	257	1	0.0013
HLA-F	all	POOLED	293	1	0.0013
HLA-F	all	POOLED	330	1	0.0013
HLA-F	all	POOLED	353	1	0.0013
HLA-F	all	POOLED	417	1	0.0013
HLA-F	all	POOLED	425	1	0.0013
HLA-F	all	POOLED	489	1	0.0013
HLA-F	all	POOLED	937	1	0.0013
HLA-F	all	POOLED	1086	1	0.0013
HLA-F	all	POOLED	1177	1	0.0013
HLA-F	all	POOLED	1184	1	0.0013
HLA-F	all	POOLED	1225	1	0.0013
HLA-F	all	POOLED	1240	1	0.0013
HLA-F	all	POOLED	1379	1	0.0013
HLA-F	all	POOLED	1487	1	0.0013
HLA-F	all	POOLED	2407	1	0.0013
HLA-F	all	POOLED	2945	1	0.0013
HLA-F	all	POOLED	4375	1	0.0013
HLA-F	known	AFR	1	4	0.129
HLA-F	known	AFR	2	5	0.1613
HLA-F	known	AFR	5	2	0.0645
HLA-F	known	AFR	11	1	0.0323
HLA-F	known	AFR	12	1	0.0323
HLA-F	known	AFR	36	1	0.0323
HLA-F	known	AFR	45	1	0.0323
HLA-F	known	AFR	62	1	0.0323
HLA-F	known	AFR	65	1	0.0323
HLA-F	known	AFR	89	1	0.0323
HLA-F	known	AFR	99	1	0.0323
HLA-F	known	AFR	110	1	0.0323
HLA-F	known	AFR	147	1	0.0323
HLA-F	known	AFR	207	1	0.0323
HLA-F	known	AFR	240	1	0.0323
HLA-F	known	AFR	285	1	0.0323
HLA-F	known	AFR	354	1	0.0323
HLA-F	known	AFR	411	1	0.0323
HLA-F	known	AFR	475	1	0.0323
HLA-F	known	AFR	572	1	0.0323
HLA-F	known	AFR	664	1	0.0323
HLA-F	known	AFR	668	1	0.0323
HLA-F	known	AFR	733	1	0.0323
HLA-F	known	AMR	1	2	0.0606
HLA-F	known	AMR	2	4	0.1212
HLA-F	known	AMR	4	1	0.0303
HLA-F	known	AMR	5	2	0.0606
HLA-F	known	AMR	13	2	0.0606
HLA-F	known	AMR	16	1	0.0303
HLA-F	known	AMR	18	1	0.0303
HLA-F	known	AMR	19	1	0.0303
HLA-F	known	AMR	21	1	0.0303
HLA-F	known	AMR	23	1	0.0303
HLA-F	known	AMR	43	2	0.0606
HLA-F	known	AMR	95	1	0.0303
HLA-F	known	AMR	102	1	0.0303
HLA-F	known	AMR	115	1	0.0303
HLA-F	known	AMR	125	1	0.0303
HLA-F	known	AMR	159	1	0.0303
HLA-F	known	AMR	183	1	0.0303
HLA-F	known	AMR	201	1	0.0303
HLA-F	known	AMR	205	1	0.0303
HLA-F	known	AMR	210	1	0.0303
HLA-F	known	AMR	307	1	0.0303
HLA-F	known	AMR	315	1	0.0303
HLA-F	known	AMR	340	1	0.0303
HLA-F	known	AMR	622	1	0.0303
HLA-F	known	AMR	730	1	0.0303
HLA-F	known	AMR	914	1	0.0303
HLA-F	known	EAS	1	2	0.1
HLA-F	known	EAS	2	1	0.05
HLA-F	known	EAS	5	1	0.05
HLA-F	known	EAS	6	1	0.05
HLA-F	known	EAS	9	2	0.1
HLA-F	known	EAS	15	2	0.1
HLA-F	known	EAS	17	1	0.05
HLA-F	known	EAS	44	1	0.05
HLA-F	known	EAS	52	1	0.05
HLA-F	known	EAS	54	1	0.05
HLA-F	known	EAS	57	1	0.05
HLA-F	known	EAS	62	1	0.05
HLA-F	known	EAS	73	1	0.05
HLA-F	known	EAS	253	1	0.05
HLA-F	known	EAS	307	1	0.05
HLA-F	known	EAS	666	1	0.05
HLA-F	known	EAS	793	1	0.05
HLA-F	known	EUR	1	10	0.25
HLA-F	known	EUR	2	3	0.075
HLA-F	known	EUR	4	4	0.1
HLA-F	known	EUR	5	2	0.05
HLA-F	known	EUR	6	1	0.025
HLA-F	known	EUR	9	2	0.05
HLA-F	known	EUR	12	1	0.025
HLA-F	known	EUR	20	1	0.025
HLA-F	known	EUR	23	1	0.025
HLA-F	known	EUR	30	1	0.025
HLA-F	known	EUR	36	1	0.025
HLA-F	known	EUR	60	1	0.025
HLA-F	known	EUR	91	1	0.025
HLA-F	known	EUR	104	1	0.025
HLA-F	known	EUR	107	1	0.025
HLA-F	known	EUR	148	1	0.025
HLA-F	known	EUR	153	1	0.025
HLA-F	known	EUR	174	1	0.025
HLA-F	known	EUR	260	1	0.025
HLA-F	known	EUR	300	1	0.025
HLA-F	known	EUR	649	1	0.025
HLA-F	known	EUR	1023	1	0.025
HLA-F	known	EUR	1048	1	0.025
HLA-F	known	EUR	1120	1	0.025
HLA-F	known	MID	1	6	0.2727
HLA-F	known	MID	2	1	0.0455
HLA-F	known	MID	3	1	0.0455
HLA-F	known	MID	7	1	0.0455
HLA-F	known	MID	11	1	0.0455
HLA-F	known	MID	18	1	0.0455
HLA-F	known	MID	27	1	0.0455
HLA-F	known	MID	30	1	0.0455
HLA-F	known	MID	34	1	0.0455
HLA-F	known	MID	39	1	0.0455
HLA-F	known	MID	41	2	0.0909
HLA-F	known	MID	80	1	0.0455
HLA-F	known	MID	85	1	0.0455
HLA-F	known	MID	86	1	0.0455
HLA-F	known	MID	161	1	0.0455
HLA-F	known	MID	188	1	0.0455
HLA-F	known	SAS	1	7	0.2692
HLA-F	known	SAS	2	1	0.0385
HLA-F	known	SAS	4	1	0.0385
HLA-F	known	SAS	7	1	0.0385
HLA-F	known	SAS	11	1	0.0385
HLA-F	known	SAS	17	1	0.0385
HLA-F	known	SAS	20	1	0.0385
HLA-F	known	SAS	22	1	0.0385
HLA-F	known	SAS	24	1	0.0385
HLA-F	known	SAS	35	1	0.0385
HLA-F	known	SAS	39	1	0.0385
HLA-F	known	SAS	45	1	0.0385
HLA-F	known	SAS	138	1	0.0385
HLA-F	known	SAS	149	1	0.0385
HLA-F	known	SAS	152	2	0.0769
HLA-F	known	SAS	154	1	0.0385
HLA-F	known	SAS	184	1	0.0385
HLA-F	known	SAS	264	1	0.0385
HLA-F	known	SAS	617	1	0.0385
HLA-F	known	POOLED	1	7	0.1489
HLA-F	known	POOLED	2	1	0.0213
HLA-F	known	POOLED	4	2	0.0426
HLA-F	known	POOLED	5	3	0.0638
HLA-F	known	POOLED	6	1	0.0213
HLA-F	known	POOLED	7	1	0.0213
HLA-F	known	POOLED	10	2	0.0426
HLA-F	known	POOLED	13	1	0.0213
HLA-F	known	POOLED	14	1	0.0213
HLA-F	known	POOLED	15	1	0.0213
HLA-F	known	POOLED	20	1	0.0213
HLA-F	known	POOLED	22	1	0.0213
HLA-F	known	POOLED	30	2	0.0426
HLA-F	known	POOLED	44	2	0.0426
HLA-F	known	POOLED	60	1	0.0213
HLA-F	known	POOLED	82	1	0.0213
HLA-F	known	POOLED	95	1	0.0213
HLA-F	known	POOLED	111	1	0.0213
HLA-F	known	POOLED	122	1	0.0213
HLA-F	known	POOLED	159	1	0.0213
HLA-F	known	POOLED	257	1	0.0213
HLA-F	known	POOLED	330	1	0.0213
HLA-F	known	POOLED	353	1	0.0213
HLA-F	known	POOLED	417	1	0.0213
HLA-F	known	POOLED	489	1	0.0213
HLA-F	known	POOLED	937	1	0.0213
HLA-F	known	POOLED	1086	1	0.0213
HLA-F	known	POOLED	1177	1	0.0213
HLA-F	known	POOLED	1184	1	0.0213
HLA-F	known	POOLED	1225	1	0.0213
HLA-F	known	POOLED	1379	1	0.0213
HLA-F	known	POOLED	1487	1	0.0213
HLA-F	known	POOLED	2407	1	0.0213
HLA-F	known	POOLED	2945	1	0.0213
HLA-F	known	POOLED	4375	1	0.0213
HLA-F	novel	AFR	1	175	0.9211
HLA-F	novel	AFR	2	6	0.0316
HLA-F	novel	AFR	3	3	0.0158
HLA-F	novel	AFR	8	1	0.0053
HLA-F	novel	AFR	16	1	0.0053
HLA-F	novel	AFR	19	1	0.0053
HLA-F	novel	AFR	85	1	0.0053
HLA-F	novel	AFR	205	1	0.0053
HLA-F	novel	AFR	256	1	0.0053
HLA-F	novel	AMR	1	170	0.8947
HLA-F	novel	AMR	2	10	0.0526
HLA-F	novel	AMR	3	3	0.0158
HLA-F	novel	AMR	4	1	0.0053
HLA-F	novel	AMR	8	2	0.0105
HLA-F	novel	AMR	13	1	0.0053
HLA-F	novel	AMR	66	1	0.0053
HLA-F	novel	AMR	88	1	0.0053
HLA-F	novel	AMR	202	1	0.0053
HLA-F	novel	EAS	1	94	0.9126
HLA-F	novel	EAS	2	4	0.0388
HLA-F	novel	EAS	4	1	0.0097
HLA-F	novel	EAS	5	1	0.0097
HLA-F	novel	EAS	20	1	0.0097
HLA-F	novel	EAS	40	1	0.0097
HLA-F	novel	EAS	292	1	0.0097
HLA-F	novel	EUR	1	211	0.9214
HLA-F	novel	EUR	2	12	0.0524
HLA-F	novel	EUR	3	1	0.0044
HLA-F	novel	EUR	4	1	0.0044
HLA-F	novel	EUR	7	1	0.0044
HLA-F	novel	EUR	47	1	0.0044
HLA-F	novel	EUR	93	1	0.0044
HLA-F	novel	EUR	203	1	0.0044
HLA-F	novel	MID	1	35	0.8974
HLA-F	novel	MID	2	1	0.0256
HLA-F	novel	MID	10	1	0.0256
HLA-F	novel	MID	28	1	0.0256
HLA-F	novel	MID	36	1	0.0256
HLA-F	novel	SAS	1	78	0.8966
HLA-F	novel	SAS	2	4	0.046
HLA-F	novel	SAS	3	1	0.0115
HLA-F	novel	SAS	17	1	0.0115
HLA-F	novel	SAS	26	1	0.0115
HLA-F	novel	SAS	35	1	0.0115
HLA-F	novel	SAS	250	1	0.0115
HLA-F	novel	POOLED	1	667	0.8881
HLA-F	novel	POOLED	2	50	0.0666
HLA-F	novel	POOLED	3	14	0.0186
HLA-F	novel	POOLED	4	3	0.004
HLA-F	novel	POOLED	5	2	0.0027
HLA-F	novel	POOLED	6	1	0.0013
HLA-F	novel	POOLED	8	2	0.0027
HLA-F	novel	POOLED	9	1	0.0013
HLA-F	novel	POOLED	10	2	0.0027
HLA-F	novel	POOLED	13	2	0.0027
HLA-F	novel	POOLED	18	1	0.0013
HLA-F	novel	POOLED	20	1	0.0013
HLA-F	novel	POOLED	27	1	0.0013
HLA-F	novel	POOLED	28	1	0.0013
HLA-F	novel	POOLED	293	1	0.0013
HLA-F	novel	POOLED	425	1	0.0013
HLA-F	novel	POOLED	1240	1	0.0013
HLA-G	all	AFR	1	196	0.8
HLA-G	all	AFR	2	4	0.0163
HLA-G	all	AFR	3	5	0.0204
HLA-G	all	AFR	4	4	0.0163
HLA-G	all	AFR	5	1	0.0041
HLA-G	all	AFR	6	1	0.0041
HLA-G	all	AFR	8	2	0.0082
HLA-G	all	AFR	9	1	0.0041
HLA-G	all	AFR	10	2	0.0082
HLA-G	all	AFR	11	1	0.0041
HLA-G	all	AFR	14	1	0.0041
HLA-G	all	AFR	17	1	0.0041
HLA-G	all	AFR	21	1	0.0041
HLA-G	all	AFR	23	1	0.0041
HLA-G	all	AFR	28	1	0.0041
HLA-G	all	AFR	32	1	0.0041
HLA-G	all	AFR	34	1	0.0041
HLA-G	all	AFR	47	1	0.0041
HLA-G	all	AFR	53	1	0.0041
HLA-G	all	AFR	61	2	0.0082
HLA-G	all	AFR	67	1	0.0041
HLA-G	all	AFR	69	1	0.0041
HLA-G	all	AFR	71	1	0.0041
HLA-G	all	AFR	93	1	0.0041
HLA-G	all	AFR	94	1	0.0041
HLA-G	all	AFR	98	1	0.0041
HLA-G	all	AFR	117	1	0.0041
HLA-G	all	AFR	135	1	0.0041
HLA-G	all	AFR	231	1	0.0041
HLA-G	all	AFR	291	1	0.0041
HLA-G	all	AFR	364	1	0.0041
HLA-G	all	AFR	410	1	0.0041
HLA-G	all	AFR	472	1	0.0041
HLA-G	all	AFR	541	1	0.0041
HLA-G	all	AFR	760	1	0.0041
HLA-G	all	AFR	773	1	0.0041
HLA-G	all	AFR	823	1	0.0041
HLA-G	all	AMR	1	175	0.7609
HLA-G	all	AMR	2	11	0.0478
HLA-G	all	AMR	3	3	0.013
HLA-G	all	AMR	4	2	0.0087
HLA-G	all	AMR	5	2	0.0087
HLA-G	all	AMR	6	2	0.0087
HLA-G	all	AMR	7	4	0.0174
HLA-G	all	AMR	8	5	0.0217
HLA-G	all	AMR	9	1	0.0043
HLA-G	all	AMR	12	2	0.0087
HLA-G	all	AMR	16	3	0.013
HLA-G	all	AMR	17	1	0.0043
HLA-G	all	AMR	19	1	0.0043
HLA-G	all	AMR	22	2	0.0087
HLA-G	all	AMR	24	1	0.0043
HLA-G	all	AMR	35	1	0.0043
HLA-G	all	AMR	36	1	0.0043
HLA-G	all	AMR	47	1	0.0043
HLA-G	all	AMR	62	1	0.0043
HLA-G	all	AMR	98	1	0.0043
HLA-G	all	AMR	122	1	0.0043
HLA-G	all	AMR	196	1	0.0043
HLA-G	all	AMR	221	1	0.0043
HLA-G	all	AMR	255	1	0.0043
HLA-G	all	AMR	259	1	0.0043
HLA-G	all	AMR	351	1	0.0043
HLA-G	all	AMR	494	1	0.0043
HLA-G	all	AMR	587	1	0.0043
HLA-G	all	AMR	971	1	0.0043
HLA-G	all	AMR	1254	1	0.0043
HLA-G	all	EAS	1	75	0.7075
HLA-G	all	EAS	2	4	0.0377
HLA-G	all	EAS	3	5	0.0472
HLA-G	all	EAS	4	3	0.0283
HLA-G	all	EAS	5	2	0.0189
HLA-G	all	EAS	7	1	0.0094
HLA-G	all	EAS	8	1	0.0094
HLA-G	all	EAS	17	1	0.0094
HLA-G	all	EAS	20	1	0.0094
HLA-G	all	EAS	29	1	0.0094
HLA-G	all	EAS	33	1	0.0094
HLA-G	all	EAS	37	1	0.0094
HLA-G	all	EAS	39	1	0.0094
HLA-G	all	EAS	41	1	0.0094
HLA-G	all	EAS	46	1	0.0094
HLA-G	all	EAS	59	2	0.0189
HLA-G	all	EAS	91	1	0.0094
HLA-G	all	EAS	227	1	0.0094
HLA-G	all	EAS	434	1	0.0094
HLA-G	all	EAS	796	1	0.0094
HLA-G	all	EAS	862	1	0.0094
HLA-G	all	EUR	1	145	0.7108
HLA-G	all	EUR	2	21	0.1029
HLA-G	all	EUR	3	3	0.0147
HLA-G	all	EUR	4	2	0.0098
HLA-G	all	EUR	5	2	0.0098
HLA-G	all	EUR	6	1	0.0049
HLA-G	all	EUR	7	2	0.0098
HLA-G	all	EUR	9	3	0.0147
HLA-G	all	EUR	11	1	0.0049
HLA-G	all	EUR	12	2	0.0098
HLA-G	all	EUR	13	1	0.0049
HLA-G	all	EUR	15	2	0.0098
HLA-G	all	EUR	16	1	0.0049
HLA-G	all	EUR	19	1	0.0049
HLA-G	all	EUR	22	1	0.0049
HLA-G	all	EUR	36	1	0.0049
HLA-G	all	EUR	50	1	0.0049
HLA-G	all	EUR	54	1	0.0049
HLA-G	all	EUR	68	1	0.0049
HLA-G	all	EUR	74	1	0.0049
HLA-G	all	EUR	91	1	0.0049
HLA-G	all	EUR	95	1	0.0049
HLA-G	all	EUR	156	1	0.0049
HLA-G	all	EUR	165	1	0.0049
HLA-G	all	EUR	304	1	0.0049
HLA-G	all	EUR	321	1	0.0049
HLA-G	all	EUR	426	1	0.0049
HLA-G	all	EUR	452	1	0.0049
HLA-G	all	EUR	713	1	0.0049
HLA-G	all	EUR	1259	1	0.0049
HLA-G	all	EUR	1392	1	0.0049
HLA-G	all	MID	1	35	0.5556
HLA-G	all	MID	2	4	0.0635
HLA-G	all	MID	3	2	0.0317
HLA-G	all	MID	5	4	0.0635
HLA-G	all	MID	6	2	0.0317
HLA-G	all	MID	8	1	0.0159
HLA-G	all	MID	10	1	0.0159
HLA-G	all	MID	13	1	0.0159
HLA-G	all	MID	15	1	0.0159
HLA-G	all	MID	19	1	0.0159
HLA-G	all	MID	25	1	0.0159
HLA-G	all	MID	29	1	0.0159
HLA-G	all	MID	34	1	0.0159
HLA-G	all	MID	35	1	0.0159
HLA-G	all	MID	40	1	0.0159
HLA-G	all	MID	78	1	0.0159
HLA-G	all	MID	92	1	0.0159
HLA-G	all	MID	101	1	0.0159
HLA-G	all	MID	108	1	0.0159
HLA-G	all	MID	132	1	0.0159
HLA-G	all	MID	152	1	0.0159
HLA-G	all	SAS	1	67	0.6837
HLA-G	all	SAS	2	7	0.0714
HLA-G	all	SAS	3	2	0.0204
HLA-G	all	SAS	5	1	0.0102
HLA-G	all	SAS	9	1	0.0102
HLA-G	all	SAS	11	1	0.0102
HLA-G	all	SAS	12	1	0.0102
HLA-G	all	SAS	18	3	0.0306
HLA-G	all	SAS	25	1	0.0102
HLA-G	all	SAS	28	1	0.0102
HLA-G	all	SAS	29	1	0.0102
HLA-G	all	SAS	31	1	0.0102
HLA-G	all	SAS	34	1	0.0102
HLA-G	all	SAS	53	1	0.0102
HLA-G	all	SAS	66	1	0.0102
HLA-G	all	SAS	84	1	0.0102
HLA-G	all	SAS	152	1	0.0102
HLA-G	all	SAS	171	1	0.0102
HLA-G	all	SAS	285	1	0.0102
HLA-G	all	SAS	288	1	0.0102
HLA-G	all	SAS	321	1	0.0102
HLA-G	all	SAS	352	1	0.0102
HLA-G	all	SAS	382	1	0.0102
HLA-G	all	POOLED	1	583	0.8352
HLA-G	all	POOLED	2	36	0.0516
HLA-G	all	POOLED	3	13	0.0186
HLA-G	all	POOLED	4	3	0.0043
HLA-G	all	POOLED	5	6	0.0086
HLA-G	all	POOLED	6	4	0.0057
HLA-G	all	POOLED	8	2	0.0029
HLA-G	all	POOLED	9	3	0.0043
HLA-G	all	POOLED	10	1	0.0014
HLA-G	all	POOLED	11	2	0.0029
HLA-G	all	POOLED	15	2	0.0029
HLA-G	all	POOLED	19	1	0.0014
HLA-G	all	POOLED	20	1	0.0014
HLA-G	all	POOLED	21	1	0.0014
HLA-G	all	POOLED	22	1	0.0014
HLA-G	all	POOLED	24	1	0.0014
HLA-G	all	POOLED	25	1	0.0014
HLA-G	all	POOLED	29	1	0.0014
HLA-G	all	POOLED	33	1	0.0014
HLA-G	all	POOLED	38	1	0.0014
HLA-G	all	POOLED	42	1	0.0014
HLA-G	all	POOLED	44	1	0.0014
HLA-G	all	POOLED	47	1	0.0014
HLA-G	all	POOLED	48	1	0.0014
HLA-G	all	POOLED	52	1	0.0014
HLA-G	all	POOLED	53	1	0.0014
HLA-G	all	POOLED	69	1	0.0014
HLA-G	all	POOLED	71	1	0.0014
HLA-G	all	POOLED	90	1	0.0014
HLA-G	all	POOLED	95	2	0.0029
HLA-G	all	POOLED	99	1	0.0014
HLA-G	all	POOLED	100	1	0.0014
HLA-G	all	POOLED	102	1	0.0014
HLA-G	all	POOLED	122	1	0.0014
HLA-G	all	POOLED	123	2	0.0029
HLA-G	all	POOLED	139	1	0.0014
HLA-G	all	POOLED	142	1	0.0014
HLA-G	all	POOLED	165	1	0.0014
HLA-G	all	POOLED	248	1	0.0014
HLA-G	all	POOLED	321	1	0.0014
HLA-G	all	POOLED	330	1	0.0014
HLA-G	all	POOLED	426	1	0.0014
HLA-G	all	POOLED	751	1	0.0014
HLA-G	all	POOLED	908	1	0.0014
HLA-G	all	POOLED	1126	1	0.0014
HLA-G	all	POOLED	1305	1	0.0014
HLA-G	all	POOLED	1409	1	0.0014
HLA-G	all	POOLED	1521	1	0.0014
HLA-G	all	POOLED	1739	1	0.0014
HLA-G	all	POOLED	2679	1	0.0014
HLA-G	all	POOLED	3660	1	0.0014
HLA-G	all	POOLED	4713	1	0.0014
HLA-G	known	AFR	1	9	0.2571
HLA-G	known	AFR	2	1	0.0286
HLA-G	known	AFR	3	2	0.0571
HLA-G	known	AFR	4	1	0.0286
HLA-G	known	AFR	8	1	0.0286
HLA-G	known	AFR	9	1	0.0286
HLA-G	known	AFR	10	1	0.0286
HLA-G	known	AFR	21	1	0.0286
HLA-G	known	AFR	28	1	0.0286
HLA-G	known	AFR	47	1	0.0286
HLA-G	known	AFR	61	2	0.0571
HLA-G	known	AFR	69	1	0.0286
HLA-G	known	AFR	71	1	0.0286
HLA-G	known	AFR	93	1	0.0286
HLA-G	known	AFR	94	1	0.0286
HLA-G	known	AFR	135	1	0.0286
HLA-G	known	AFR	231	1	0.0286
HLA-G	known	AFR	291	1	0.0286
HLA-G	known	AFR	364	1	0.0286
HLA-G	known	AFR	410	1	0.0286
HLA-G	known	AFR	472	1	0.0286
HLA-G	known	AFR	541	1	0.0286
HLA-G	known	AFR	760	1	0.0286
HLA-G	known	AFR	773	1	0.0286
HLA-G	known	AFR	823	1	0.0286
HLA-G	known	AMR	1	11	0.275
HLA-G	known	AMR	2	2	0.05
HLA-G	known	AMR	3	1	0.025
HLA-G	known	AMR	4	1	0.025
HLA-G	known	AMR	5	1	0.025
HLA-G	known	AMR	6	1	0.025
HLA-G	known	AMR	7	2	0.05
HLA-G	known	AMR	8	2	0.05
HLA-G	known	AMR	9	1	0.025
HLA-G	known	AMR	12	1	0.025
HLA-G	known	AMR	16	2	0.05
HLA-G	known	AMR	17	1	0.025
HLA-G	known	AMR	22	1	0.025
HLA-G	known	AMR	24	1	0.025
HLA-G	known	AMR	47	1	0.025
HLA-G	known	AMR	98	1	0.025
HLA-G	known	AMR	122	1	0.025
HLA-G	known	AMR	196	1	0.025
HLA-G	known	AMR	221	1	0.025
HLA-G	known	AMR	255	1	0.025
HLA-G	known	AMR	259	1	0.025
HLA-G	known	AMR	351	1	0.025
HLA-G	known	AMR	494	1	0.025
HLA-G	known	AMR	587	1	0.025
HLA-G	known	AMR	971	1	0.025
HLA-G	known	AMR	1254	1	0.025
HLA-G	known	EAS	1	7	0.28
HLA-G	known	EAS	2	1	0.04
HLA-G	known	EAS	3	1	0.04
HLA-G	known	EAS	4	1	0.04
HLA-G	known	EAS	5	2	0.08
HLA-G	known	EAS	7	1	0.04
HLA-G	known	EAS	8	1	0.04
HLA-G	known	EAS	20	1	0.04
HLA-G	known	EAS	33	1	0.04
HLA-G	known	EAS	39	1	0.04
HLA-G	known	EAS	41	1	0.04
HLA-G	known	EAS	46	1	0.04
HLA-G	known	EAS	59	2	0.08
HLA-G	known	EAS	227	1	0.04
HLA-G	known	EAS	434	1	0.04
HLA-G	known	EAS	796	1	0.04
HLA-G	known	EAS	862	1	0.04
HLA-G	known	EUR	1	6	0.1538
HLA-G	known	EUR	2	7	0.1795
HLA-G	known	EUR	3	1	0.0256
HLA-G	known	EUR	4	2	0.0513
HLA-G	known	EUR	6	1	0.0256
HLA-G	known	EUR	9	1	0.0256
HLA-G	known	EUR	11	1	0.0256
HLA-G	known	EUR	12	2	0.0513
HLA-G	known	EUR	13	1	0.0256
HLA-G	known	EUR	15	1	0.0256
HLA-G	known	EUR	16	1	0.0256
HLA-G	known	EUR	22	1	0.0256
HLA-G	known	EUR	50	1	0.0256
HLA-G	known	EUR	54	1	0.0256
HLA-G	known	EUR	68	1	0.0256
HLA-G	known	EUR	91	1	0.0256
HLA-G	known	EUR	95	1	0.0256
HLA-G	known	EUR	156	1	0.0256
HLA-G	known	EUR	165	1	0.0256
HLA-G	known	EUR	304	1	0.0256
HLA-G	known	EUR	321	1	0.0256
HLA-G	known	EUR	426	1	0.0256
HLA-G	known	EUR	452	1	0.0256
HLA-G	known	EUR	713	1	0.0256
HLA-G	known	EUR	1259	1	0.0256
HLA-G	known	EUR	1392	1	0.0256
HLA-G	known	MID	1	4	0.1481
HLA-G	known	MID	2	3	0.1111
HLA-G	known	MID	3	1	0.037
HLA-G	known	MID	5	4	0.1481
HLA-G	known	MID	8	1	0.037
HLA-G	known	MID	13	1	0.037
HLA-G	known	MID	15	1	0.037
HLA-G	known	MID	19	1	0.037
HLA-G	known	MID	25	1	0.037
HLA-G	known	MID	29	1	0.037
HLA-G	known	MID	34	1	0.037
HLA-G	known	MID	35	1	0.037
HLA-G	known	MID	40	1	0.037
HLA-G	known	MID	78	1	0.037
HLA-G	known	MID	92	1	0.037
HLA-G	known	MID	101	1	0.037
HLA-G	known	MID	108	1	0.037
HLA-G	known	MID	132	1	0.037
HLA-G	known	MID	152	1	0.037
HLA-G	known	SAS	1	4	0.1667
HLA-G	known	SAS	2	2	0.0833
HLA-G	known	SAS	3	1	0.0417
HLA-G	known	SAS	5	1	0.0417
HLA-G	known	SAS	18	2	0.0833
HLA-G	known	SAS	25	1	0.0417
HLA-G	known	SAS	28	1	0.0417
HLA-G	known	SAS	31	1	0.0417
HLA-G	known	SAS	34	1	0.0417
HLA-G	known	SAS	53	1	0.0417
HLA-G	known	SAS	66	1	0.0417
HLA-G	known	SAS	84	1	0.0417
HLA-G	known	SAS	152	1	0.0417
HLA-G	known	SAS	171	1	0.0417
HLA-G	known	SAS	285	1	0.0417
HLA-G	known	SAS	288	1	0.0417
HLA-G	known	SAS	321	1	0.0417
HLA-G	known	SAS	352	1	0.0417
HLA-G	known	SAS	382	1	0.0417
HLA-G	known	POOLED	1	9	0.1731
HLA-G	known	POOLED	2	3	0.0577
HLA-G	known	POOLED	3	3	0.0577
HLA-G	known	POOLED	5	3	0.0577
HLA-G	known	POOLED	6	1	0.0192
HLA-G	known	POOLED	9	2	0.0385
HLA-G	known	POOLED	10	1	0.0192
HLA-G	known	POOLED	11	1	0.0192
HLA-G	known	POOLED	15	2	0.0385
HLA-G	known	POOLED	25	1	0.0192
HLA-G	known	POOLED	29	1	0.0192
HLA-G	known	POOLED	33	1	0.0192
HLA-G	known	POOLED	48	1	0.0192
HLA-G	known	POOLED	52	1	0.0192
HLA-G	known	POOLED	53	1	0.0192
HLA-G	known	POOLED	69	1	0.0192
HLA-G	known	POOLED	71	1	0.0192
HLA-G	known	POOLED	90	1	0.0192
HLA-G	known	POOLED	100	1	0.0192
HLA-G	known	POOLED	123	1	0.0192
HLA-G	known	POOLED	139	1	0.0192
HLA-G	known	POOLED	142	1	0.0192
HLA-G	known	POOLED	165	1	0.0192
HLA-G	known	POOLED	248	1	0.0192
HLA-G	known	POOLED	321	1	0.0192
HLA-G	known	POOLED	426	1	0.0192
HLA-G	known	POOLED	751	1	0.0192
HLA-G	known	POOLED	908	1	0.0192
HLA-G	known	POOLED	1126	1	0.0192
HLA-G	known	POOLED	1305	1	0.0192
HLA-G	known	POOLED	1409	1	0.0192
HLA-G	known	POOLED	1521	1	0.0192
HLA-G	known	POOLED	1739	1	0.0192
HLA-G	known	POOLED	2679	1	0.0192
HLA-G	known	POOLED	3660	1	0.0192
HLA-G	known	POOLED	4713	1	0.0192
HLA-G	novel	AFR	1	187	0.8905
HLA-G	novel	AFR	2	3	0.0143
HLA-G	novel	AFR	3	3	0.0143
HLA-G	novel	AFR	4	3	0.0143
HLA-G	novel	AFR	5	1	0.0048
HLA-G	novel	AFR	6	1	0.0048
HLA-G	novel	AFR	8	1	0.0048
HLA-G	novel	AFR	10	1	0.0048
HLA-G	novel	AFR	11	1	0.0048
HLA-G	novel	AFR	14	1	0.0048
HLA-G	novel	AFR	17	1	0.0048
HLA-G	novel	AFR	23	1	0.0048
HLA-G	novel	AFR	32	1	0.0048
HLA-G	novel	AFR	34	1	0.0048
HLA-G	novel	AFR	53	1	0.0048
HLA-G	novel	AFR	67	1	0.0048
HLA-G	novel	AFR	98	1	0.0048
HLA-G	novel	AFR	117	1	0.0048
HLA-G	novel	AMR	1	164	0.8632
HLA-G	novel	AMR	2	9	0.0474
HLA-G	novel	AMR	3	2	0.0105
HLA-G	novel	AMR	4	1	0.0053
HLA-G	novel	AMR	5	1	0.0053
HLA-G	novel	AMR	6	1	0.0053
HLA-G	novel	AMR	7	2	0.0105
HLA-G	novel	AMR	8	3	0.0158
HLA-G	novel	AMR	12	1	0.0053
HLA-G	novel	AMR	16	1	0.0053
HLA-G	novel	AMR	19	1	0.0053
HLA-G	novel	AMR	22	1	0.0053
HLA-G	novel	AMR	35	1	0.0053
HLA-G	novel	AMR	36	1	0.0053
HLA-G	novel	AMR	62	1	0.0053
HLA-G	novel	EAS	1	68	0.8395
HLA-G	novel	EAS	2	3	0.037
HLA-G	novel	EAS	3	4	0.0494
HLA-G	novel	EAS	4	2	0.0247
HLA-G	novel	EAS	17	1	0.0123
HLA-G	novel	EAS	29	1	0.0123
HLA-G	novel	EAS	37	1	0.0123
HLA-G	novel	EAS	91	1	0.0123
HLA-G	novel	EUR	1	139	0.8424
HLA-G	novel	EUR	2	14	0.0848
HLA-G	novel	EUR	3	2	0.0121
HLA-G	novel	EUR	5	2	0.0121
HLA-G	novel	EUR	7	2	0.0121
HLA-G	novel	EUR	9	2	0.0121
HLA-G	novel	EUR	15	1	0.0061
HLA-G	novel	EUR	19	1	0.0061
HLA-G	novel	EUR	36	1	0.0061
HLA-G	novel	EUR	74	1	0.0061
HLA-G	novel	MID	1	31	0.8611
HLA-G	novel	MID	2	1	0.0278
HLA-G	novel	MID	3	1	0.0278
HLA-G	novel	MID	6	2	0.0556
HLA-G	novel	MID	10	1	0.0278
HLA-G	novel	SAS	1	63	0.8514
HLA-G	novel	SAS	2	5	0.0676
HLA-G	novel	SAS	3	1	0.0135
HLA-G	novel	SAS	9	1	0.0135
HLA-G	novel	SAS	11	1	0.0135
HLA-G	novel	SAS	12	1	0.0135
HLA-G	novel	SAS	18	1	0.0135
HLA-G	novel	SAS	29	1	0.0135
HLA-G	novel	POOLED	1	574	0.8885
HLA-G	novel	POOLED	2	33	0.0511
HLA-G	novel	POOLED	3	10	0.0155
HLA-G	novel	POOLED	4	3	0.0046
HLA-G	novel	POOLED	5	3	0.0046
HLA-G	novel	POOLED	6	3	0.0046
HLA-G	novel	POOLED	8	2	0.0031
HLA-G	novel	POOLED	9	1	0.0015
HLA-G	novel	POOLED	11	1	0.0015
HLA-G	novel	POOLED	19	1	0.0015
HLA-G	novel	POOLED	20	1	0.0015
HLA-G	novel	POOLED	21	1	0.0015
HLA-G	novel	POOLED	22	1	0.0015
HLA-G	novel	POOLED	24	1	0.0015
HLA-G	novel	POOLED	38	1	0.0015
HLA-G	novel	POOLED	42	1	0.0015
HLA-G	novel	POOLED	44	1	0.0015
HLA-G	novel	POOLED	47	1	0.0015
HLA-G	novel	POOLED	95	2	0.0031
HLA-G	novel	POOLED	99	1	0.0015
HLA-G	novel	POOLED	102	1	0.0015
HLA-G	novel	POOLED	122	1	0.0015
HLA-G	novel	POOLED	123	1	0.0015
HLA-G	novel	POOLED	330	1	0.0015
HLA-H	all	AFR	1	157	0.6978
HLA-H	all	AFR	2	14	0.0622
HLA-H	all	AFR	3	4	0.0178
HLA-H	all	AFR	4	1	0.0044
HLA-H	all	AFR	5	3	0.0133
HLA-H	all	AFR	6	3	0.0133
HLA-H	all	AFR	7	2	0.0089
HLA-H	all	AFR	8	1	0.0044
HLA-H	all	AFR	9	5	0.0222
HLA-H	all	AFR	13	2	0.0089
HLA-H	all	AFR	14	1	0.0044
HLA-H	all	AFR	21	1	0.0044
HLA-H	all	AFR	22	1	0.0044
HLA-H	all	AFR	23	1	0.0044
HLA-H	all	AFR	26	1	0.0044
HLA-H	all	AFR	27	1	0.0044
HLA-H	all	AFR	30	1	0.0044
HLA-H	all	AFR	36	1	0.0044
HLA-H	all	AFR	43	1	0.0044
HLA-H	all	AFR	48	1	0.0044
HLA-H	all	AFR	51	1	0.0044
HLA-H	all	AFR	56	1	0.0044
HLA-H	all	AFR	65	1	0.0044
HLA-H	all	AFR	70	1	0.0044
HLA-H	all	AFR	75	1	0.0044
HLA-H	all	AFR	76	1	0.0044
HLA-H	all	AFR	87	1	0.0044
HLA-H	all	AFR	104	1	0.0044
HLA-H	all	AFR	129	1	0.0044
HLA-H	all	AFR	136	1	0.0044
HLA-H	all	AFR	138	1	0.0044
HLA-H	all	AFR	140	1	0.0044
HLA-H	all	AFR	191	1	0.0044
HLA-H	all	AFR	192	1	0.0044
HLA-H	all	AFR	210	1	0.0044
HLA-H	all	AFR	211	1	0.0044
HLA-H	all	AFR	258	1	0.0044
HLA-H	all	AFR	322	1	0.0044
HLA-H	all	AFR	367	1	0.0044
HLA-H	all	AFR	374	1	0.0044
HLA-H	all	AFR	412	1	0.0044
HLA-H	all	AFR	479	1	0.0044
HLA-H	all	AFR	529	1	0.0044
HLA-H	all	AMR	1	142	0.686
HLA-H	all	AMR	2	12	0.058
HLA-H	all	AMR	3	6	0.029
HLA-H	all	AMR	4	2	0.0097
HLA-H	all	AMR	5	3	0.0145
HLA-H	all	AMR	6	2	0.0097
HLA-H	all	AMR	7	2	0.0097
HLA-H	all	AMR	8	5	0.0242
HLA-H	all	AMR	10	1	0.0048
HLA-H	all	AMR	11	1	0.0048
HLA-H	all	AMR	12	1	0.0048
HLA-H	all	AMR	15	1	0.0048
HLA-H	all	AMR	16	2	0.0097
HLA-H	all	AMR	18	1	0.0048
HLA-H	all	AMR	19	1	0.0048
HLA-H	all	AMR	22	1	0.0048
HLA-H	all	AMR	24	1	0.0048
HLA-H	all	AMR	25	1	0.0048
HLA-H	all	AMR	26	1	0.0048
HLA-H	all	AMR	27	1	0.0048
HLA-H	all	AMR	29	1	0.0048
HLA-H	all	AMR	30	1	0.0048
HLA-H	all	AMR	38	1	0.0048
HLA-H	all	AMR	40	1	0.0048
HLA-H	all	AMR	41	1	0.0048
HLA-H	all	AMR	54	1	0.0048
HLA-H	all	AMR	93	1	0.0048
HLA-H	all	AMR	107	1	0.0048
HLA-H	all	AMR	108	1	0.0048
HLA-H	all	AMR	109	1	0.0048
HLA-H	all	AMR	130	1	0.0048
HLA-H	all	AMR	131	1	0.0048
HLA-H	all	AMR	177	1	0.0048
HLA-H	all	AMR	186	1	0.0048
HLA-H	all	AMR	217	1	0.0048
HLA-H	all	AMR	262	1	0.0048
HLA-H	all	AMR	341	1	0.0048
HLA-H	all	AMR	380	1	0.0048
HLA-H	all	AMR	480	1	0.0048
HLA-H	all	AMR	1135	1	0.0048
HLA-H	all	EAS	1	63	0.6
HLA-H	all	EAS	2	10	0.0952
HLA-H	all	EAS	3	8	0.0762
HLA-H	all	EAS	4	3	0.0286
HLA-H	all	EAS	5	3	0.0286
HLA-H	all	EAS	6	1	0.0095
HLA-H	all	EAS	9	1	0.0095
HLA-H	all	EAS	17	2	0.019
HLA-H	all	EAS	25	1	0.0095
HLA-H	all	EAS	36	1	0.0095
HLA-H	all	EAS	41	1	0.0095
HLA-H	all	EAS	42	1	0.0095
HLA-H	all	EAS	57	1	0.0095
HLA-H	all	EAS	61	1	0.0095
HLA-H	all	EAS	64	1	0.0095
HLA-H	all	EAS	73	1	0.0095
HLA-H	all	EAS	85	1	0.0095
HLA-H	all	EAS	93	1	0.0095
HLA-H	all	EAS	110	1	0.0095
HLA-H	all	EAS	212	1	0.0095
HLA-H	all	EAS	351	1	0.0095
HLA-H	all	EAS	805	1	0.0095
HLA-H	all	EUR	1	146	0.7053
HLA-H	all	EUR	2	13	0.0628
HLA-H	all	EUR	3	7	0.0338
HLA-H	all	EUR	4	3	0.0145
HLA-H	all	EUR	5	1	0.0048
HLA-H	all	EUR	6	3	0.0145
HLA-H	all	EUR	7	2	0.0097
HLA-H	all	EUR	8	4	0.0193
HLA-H	all	EUR	10	1	0.0048
HLA-H	all	EUR	12	2	0.0097
HLA-H	all	EUR	14	1	0.0048
HLA-H	all	EUR	18	1	0.0048
HLA-H	all	EUR	19	1	0.0048
HLA-H	all	EUR	24	1	0.0048
HLA-H	all	EUR	25	2	0.0097
HLA-H	all	EUR	26	1	0.0048
HLA-H	all	EUR	30	1	0.0048
HLA-H	all	EUR	38	1	0.0048
HLA-H	all	EUR	39	1	0.0048
HLA-H	all	EUR	58	1	0.0048
HLA-H	all	EUR	70	2	0.0097
HLA-H	all	EUR	89	1	0.0048
HLA-H	all	EUR	93	1	0.0048
HLA-H	all	EUR	144	1	0.0048
HLA-H	all	EUR	193	1	0.0048
HLA-H	all	EUR	210	1	0.0048
HLA-H	all	EUR	219	1	0.0048
HLA-H	all	EUR	260	1	0.0048
HLA-H	all	EUR	268	1	0.0048
HLA-H	all	EUR	335	1	0.0048
HLA-H	all	EUR	705	1	0.0048
HLA-H	all	EUR	816	1	0.0048
HLA-H	all	EUR	1199	1	0.0048
HLA-H	all	MID	1	28	0.4746
HLA-H	all	MID	2	4	0.0678
HLA-H	all	MID	3	3	0.0508
HLA-H	all	MID	4	3	0.0508
HLA-H	all	MID	5	1	0.0169
HLA-H	all	MID	6	1	0.0169
HLA-H	all	MID	7	1	0.0169
HLA-H	all	MID	9	1	0.0169
HLA-H	all	MID	15	2	0.0339
HLA-H	all	MID	19	1	0.0169
HLA-H	all	MID	20	1	0.0169
HLA-H	all	MID	23	1	0.0169
HLA-H	all	MID	24	1	0.0169
HLA-H	all	MID	25	1	0.0169
HLA-H	all	MID	26	1	0.0169
HLA-H	all	MID	29	1	0.0169
HLA-H	all	MID	36	1	0.0169
HLA-H	all	MID	37	1	0.0169
HLA-H	all	MID	38	1	0.0169
HLA-H	all	MID	41	1	0.0169
HLA-H	all	MID	62	1	0.0169
HLA-H	all	MID	80	1	0.0169
HLA-H	all	MID	113	1	0.0169
HLA-H	all	MID	116	1	0.0169
HLA-H	all	SAS	1	68	0.6182
HLA-H	all	SAS	2	8	0.0727
HLA-H	all	SAS	3	3	0.0273
HLA-H	all	SAS	4	4	0.0364
HLA-H	all	SAS	5	2	0.0182
HLA-H	all	SAS	6	1	0.0091
HLA-H	all	SAS	7	1	0.0091
HLA-H	all	SAS	8	1	0.0091
HLA-H	all	SAS	11	1	0.0091
HLA-H	all	SAS	12	1	0.0091
HLA-H	all	SAS	14	2	0.0182
HLA-H	all	SAS	16	1	0.0091
HLA-H	all	SAS	21	3	0.0273
HLA-H	all	SAS	24	1	0.0091
HLA-H	all	SAS	33	1	0.0091
HLA-H	all	SAS	34	1	0.0091
HLA-H	all	SAS	45	1	0.0091
HLA-H	all	SAS	51	1	0.0091
HLA-H	all	SAS	62	1	0.0091
HLA-H	all	SAS	66	1	0.0091
HLA-H	all	SAS	94	1	0.0091
HLA-H	all	SAS	108	1	0.0091
HLA-H	all	SAS	149	1	0.0091
HLA-H	all	SAS	171	1	0.0091
HLA-H	all	SAS	300	1	0.0091
HLA-H	all	SAS	313	1	0.0091
HLA-H	all	SAS	330	1	0.0091
HLA-H	all	POOLED	1	525	0.8127
HLA-H	all	POOLED	2	35	0.0542
HLA-H	all	POOLED	3	13	0.0201
HLA-H	all	POOLED	4	5	0.0077
HLA-H	all	POOLED	5	2	0.0031
HLA-H	all	POOLED	6	3	0.0046
HLA-H	all	POOLED	7	4	0.0062
HLA-H	all	POOLED	8	1	0.0015
HLA-H	all	POOLED	11	1	0.0015
HLA-H	all	POOLED	12	2	0.0031
HLA-H	all	POOLED	14	1	0.0015
HLA-H	all	POOLED	15	2	0.0031
HLA-H	all	POOLED	16	2	0.0031
HLA-H	all	POOLED	19	1	0.0015
HLA-H	all	POOLED	23	1	0.0015
HLA-H	all	POOLED	26	2	0.0031
HLA-H	all	POOLED	28	1	0.0015
HLA-H	all	POOLED	36	1	0.0015
HLA-H	all	POOLED	37	1	0.0015
HLA-H	all	POOLED	39	1	0.0015
HLA-H	all	POOLED	41	1	0.0015
HLA-H	all	POOLED	45	2	0.0031
HLA-H	all	POOLED	47	1	0.0015
HLA-H	all	POOLED	54	1	0.0015
HLA-H	all	POOLED	57	1	0.0015
HLA-H	all	POOLED	59	3	0.0046
HLA-H	all	POOLED	60	1	0.0015
HLA-H	all	POOLED	69	1	0.0015
HLA-H	all	POOLED	76	1	0.0015
HLA-H	all	POOLED	81	1	0.0015
HLA-H	all	POOLED	85	1	0.0015
HLA-H	all	POOLED	89	1	0.0015
HLA-H	all	POOLED	103	1	0.0015
HLA-H	all	POOLED	104	1	0.0015
HLA-H	all	POOLED	108	1	0.0015
HLA-H	all	POOLED	116	1	0.0015
HLA-H	all	POOLED	130	1	0.0015
HLA-H	all	POOLED	151	1	0.0015
HLA-H	all	POOLED	165	1	0.0015
HLA-H	all	POOLED	168	1	0.0015
HLA-H	all	POOLED	174	1	0.0015
HLA-H	all	POOLED	242	1	0.0015
HLA-H	all	POOLED	282	1	0.0015
HLA-H	all	POOLED	300	1	0.0015
HLA-H	all	POOLED	386	1	0.0015
HLA-H	all	POOLED	401	1	0.0015
HLA-H	all	POOLED	469	1	0.0015
HLA-H	all	POOLED	539	1	0.0015
HLA-H	all	POOLED	548	1	0.0015
HLA-H	all	POOLED	574	1	0.0015
HLA-H	all	POOLED	618	1	0.0015
HLA-H	all	POOLED	745	1	0.0015
HLA-H	all	POOLED	750	1	0.0015
HLA-H	all	POOLED	760	1	0.0015
HLA-H	all	POOLED	1330	1	0.0015
HLA-H	all	POOLED	1468	1	0.0015
HLA-H	all	POOLED	1879	1	0.0015
HLA-H	all	POOLED	1887	1	0.0015
HLA-H	all	POOLED	3930	1	0.0015
HLA-H	known	AFR	1	3	0.0789
HLA-H	known	AFR	2	4	0.1053
HLA-H	known	AFR	3	1	0.0263
HLA-H	known	AFR	5	1	0.0263
HLA-H	known	AFR	9	2	0.0526
HLA-H	known	AFR	13	1	0.0263
HLA-H	known	AFR	23	1	0.0263
HLA-H	known	AFR	27	1	0.0263
HLA-H	known	AFR	30	1	0.0263
HLA-H	known	AFR	36	1	0.0263
HLA-H	known	AFR	43	1	0.0263
HLA-H	known	AFR	51	1	0.0263
HLA-H	known	AFR	65	1	0.0263
HLA-H	known	AFR	70	1	0.0263
HLA-H	known	AFR	76	1	0.0263
HLA-H	known	AFR	87	1	0.0263
HLA-H	known	AFR	104	1	0.0263
HLA-H	known	AFR	129	1	0.0263
HLA-H	known	AFR	136	1	0.0263
HLA-H	known	AFR	138	1	0.0263
HLA-H	known	AFR	140	1	0.0263
HLA-H	known	AFR	191	1	0.0263
HLA-H	known	AFR	192	1	0.0263
HLA-H	known	AFR	210	1	0.0263
HLA-H	known	AFR	211	1	0.0263
HLA-H	known	AFR	258	1	0.0263
HLA-H	known	AFR	322	1	0.0263
HLA-H	known	AFR	367	1	0.0263
HLA-H	known	AFR	374	1	0.0263
HLA-H	known	AFR	412	1	0.0263
HLA-H	known	AFR	479	1	0.0263
HLA-H	known	AFR	529	1	0.0263
HLA-H	known	AMR	1	2	0.0556
HLA-H	known	AMR	3	2	0.0556
HLA-H	known	AMR	4	1	0.0278
HLA-H	known	AMR	7	1	0.0278
HLA-H	known	AMR	8	4	0.1111
HLA-H	known	AMR	12	1	0.0278
HLA-H	known	AMR	15	1	0.0278
HLA-H	known	AMR	18	1	0.0278
HLA-H	known	AMR	19	1	0.0278
HLA-H	known	AMR	22	1	0.0278
HLA-H	known	AMR	24	1	0.0278
HLA-H	known	AMR	26	1	0.0278
HLA-H	known	AMR	27	1	0.0278
HLA-H	known	AMR	29	1	0.0278
HLA-H	known	AMR	38	1	0.0278
HLA-H	known	AMR	40	1	0.0278
HLA-H	known	AMR	54	1	0.0278
HLA-H	known	AMR	93	1	0.0278
HLA-H	known	AMR	107	1	0.0278
HLA-H	known	AMR	108	1	0.0278
HLA-H	known	AMR	109	1	0.0278
HLA-H	known	AMR	130	1	0.0278
HLA-H	known	AMR	131	1	0.0278
HLA-H	known	AMR	177	1	0.0278
HLA-H	known	AMR	186	1	0.0278
HLA-H	known	AMR	217	1	0.0278
HLA-H	known	AMR	262	1	0.0278
HLA-H	known	AMR	341	1	0.0278
HLA-H	known	AMR	380	1	0.0278
HLA-H	known	AMR	480	1	0.0278
HLA-H	known	AMR	1135	1	0.0278
HLA-H	known	EAS	1	6	0.2069
HLA-H	known	EAS	2	2	0.069
HLA-H	known	EAS	3	2	0.069
HLA-H	known	EAS	4	2	0.069
HLA-H	known	EAS	5	2	0.069
HLA-H	known	EAS	9	1	0.0345
HLA-H	known	EAS	17	2	0.069
HLA-H	known	EAS	41	1	0.0345
HLA-H	known	EAS	42	1	0.0345
HLA-H	known	EAS	57	1	0.0345
HLA-H	known	EAS	61	1	0.0345
HLA-H	known	EAS	64	1	0.0345
HLA-H	known	EAS	73	1	0.0345
HLA-H	known	EAS	85	1	0.0345
HLA-H	known	EAS	93	1	0.0345
HLA-H	known	EAS	110	1	0.0345
HLA-H	known	EAS	212	1	0.0345
HLA-H	known	EAS	351	1	0.0345
HLA-H	known	EAS	805	1	0.0345
HLA-H	known	EUR	1	1	0.0278
HLA-H	known	EUR	2	3	0.0833
HLA-H	known	EUR	3	4	0.1111
HLA-H	known	EUR	4	2	0.0556
HLA-H	known	EUR	7	1	0.0278
HLA-H	known	EUR	8	3	0.0833
HLA-H	known	EUR	10	1	0.0278
HLA-H	known	EUR	12	1	0.0278
HLA-H	known	EUR	14	1	0.0278
HLA-H	known	EUR	25	2	0.0556
HLA-H	known	EUR	30	1	0.0278
HLA-H	known	EUR	39	1	0.0278
HLA-H	known	EUR	58	1	0.0278
HLA-H	known	EUR	70	2	0.0556
HLA-H	known	EUR	89	1	0.0278
HLA-H	known	EUR	93	1	0.0278
HLA-H	known	EUR	144	1	0.0278
HLA-H	known	EUR	193	1	0.0278
HLA-H	known	EUR	210	1	0.0278
HLA-H	known	EUR	219	1	0.0278
HLA-H	known	EUR	260	1	0.0278
HLA-H	known	EUR	268	1	0.0278
HLA-H	known	EUR	335	1	0.0278
HLA-H	known	EUR	705	1	0.0278
HLA-H	known	EUR	816	1	0.0278
HLA-H	known	EUR	1199	1	0.0278
HLA-H	known	MID	1	3	0.1111
HLA-H	known	MID	2	1	0.037
HLA-H	known	MID	3	2	0.0741
HLA-H	known	MID	4	1	0.037
HLA-H	known	MID	6	1	0.037
HLA-H	known	MID	7	1	0.037
HLA-H	known	MID	9	1	0.037
HLA-H	known	MID	15	2	0.0741
HLA-H	known	MID	19	1	0.037
HLA-H	known	MID	20	1	0.037
HLA-H	known	MID	23	1	0.037
HLA-H	known	MID	24	1	0.037
HLA-H	known	MID	25	1	0.037
HLA-H	known	MID	26	1	0.037
HLA-H	known	MID	29	1	0.037
HLA-H	known	MID	36	1	0.037
HLA-H	known	MID	37	1	0.037
HLA-H	known	MID	38	1	0.037
HLA-H	known	MID	41	1	0.037
HLA-H	known	MID	62	1	0.037
HLA-H	known	MID	80	1	0.037
HLA-H	known	MID	113	1	0.037
HLA-H	known	MID	116	1	0.037
HLA-H	known	SAS	1	3	0.1071
HLA-H	known	SAS	2	1	0.0357
HLA-H	known	SAS	3	1	0.0357
HLA-H	known	SAS	4	3	0.1071
HLA-H	known	SAS	5	1	0.0357
HLA-H	known	SAS	6	1	0.0357
HLA-H	known	SAS	12	1	0.0357
HLA-H	known	SAS	14	1	0.0357
HLA-H	known	SAS	21	3	0.1071
HLA-H	known	SAS	33	1	0.0357
HLA-H	known	SAS	34	1	0.0357
HLA-H	known	SAS	45	1	0.0357
HLA-H	known	SAS	51	1	0.0357
HLA-H	known	SAS	62	1	0.0357
HLA-H	known	SAS	66	1	0.0357
HLA-H	known	SAS	94	1	0.0357
HLA-H	known	SAS	108	1	0.0357
HLA-H	known	SAS	149	1	0.0357
HLA-H	known	SAS	171	1	0.0357
HLA-H	known	SAS	300	1	0.0357
HLA-H	known	SAS	313	1	0.0357
HLA-H	known	SAS	330	1	0.0357
HLA-H	known	POOLED	1	1	0.0233
HLA-H	known	POOLED	2	3	0.0698
HLA-H	known	POOLED	8	1	0.0233
HLA-H	known	POOLED	12	1	0.0233
HLA-H	known	POOLED	26	2	0.0465
HLA-H	known	POOLED	36	1	0.0233
HLA-H	known	POOLED	37	1	0.0233
HLA-H	known	POOLED	45	2	0.0465
HLA-H	known	POOLED	47	1	0.0233
HLA-H	known	POOLED	59	2	0.0465
HLA-H	known	POOLED	60	1	0.0233
HLA-H	known	POOLED	76	1	0.0233
HLA-H	known	POOLED	81	1	0.0233
HLA-H	known	POOLED	89	1	0.0233
HLA-H	known	POOLED	104	1	0.0233
HLA-H	known	POOLED	116	1	0.0233
HLA-H	known	POOLED	130	1	0.0233
HLA-H	known	POOLED	151	1	0.0233
HLA-H	known	POOLED	168	1	0.0233
HLA-H	known	POOLED	174	1	0.0233
HLA-H	known	POOLED	242	1	0.0233
HLA-H	known	POOLED	282	1	0.0233
HLA-H	known	POOLED	300	1	0.0233
HLA-H	known	POOLED	386	1	0.0233
HLA-H	known	POOLED	401	1	0.0233
HLA-H	known	POOLED	469	1	0.0233
HLA-H	known	POOLED	539	1	0.0233
HLA-H	known	POOLED	548	1	0.0233
HLA-H	known	POOLED	574	1	0.0233
HLA-H	known	POOLED	618	1	0.0233
HLA-H	known	POOLED	745	1	0.0233
HLA-H	known	POOLED	750	1	0.0233
HLA-H	known	POOLED	760	1	0.0233
HLA-H	known	POOLED	1330	1	0.0233
HLA-H	known	POOLED	1468	1	0.0233
HLA-H	known	POOLED	1879	1	0.0233
HLA-H	known	POOLED	1887	1	0.0233
HLA-H	known	POOLED	3930	1	0.0233
HLA-H	novel	AFR	1	154	0.8235
HLA-H	novel	AFR	2	10	0.0535
HLA-H	novel	AFR	3	3	0.016
HLA-H	novel	AFR	4	1	0.0053
HLA-H	novel	AFR	5	2	0.0107
HLA-H	novel	AFR	6	3	0.016
HLA-H	novel	AFR	7	2	0.0107
HLA-H	novel	AFR	8	1	0.0053
HLA-H	novel	AFR	9	3	0.016
HLA-H	novel	AFR	13	1	0.0053
HLA-H	novel	AFR	14	1	0.0053
HLA-H	novel	AFR	21	1	0.0053
HLA-H	novel	AFR	22	1	0.0053
HLA-H	novel	AFR	26	1	0.0053
HLA-H	novel	AFR	48	1	0.0053
HLA-H	novel	AFR	56	1	0.0053
HLA-H	novel	AFR	75	1	0.0053
HLA-H	novel	AMR	1	140	0.8187
HLA-H	novel	AMR	2	12	0.0702
HLA-H	novel	AMR	3	4	0.0234
HLA-H	novel	AMR	4	1	0.0058
HLA-H	novel	AMR	5	3	0.0175
HLA-H	novel	AMR	6	2	0.0117
HLA-H	novel	AMR	7	1	0.0058
HLA-H	novel	AMR	8	1	0.0058
HLA-H	novel	AMR	10	1	0.0058
HLA-H	novel	AMR	11	1	0.0058
HLA-H	novel	AMR	16	2	0.0117
HLA-H	novel	AMR	25	1	0.0058
HLA-H	novel	AMR	30	1	0.0058
HLA-H	novel	AMR	41	1	0.0058
HLA-H	novel	EAS	1	57	0.75
HLA-H	novel	EAS	2	8	0.1053
HLA-H	novel	EAS	3	6	0.0789
HLA-H	novel	EAS	4	1	0.0132
HLA-H	novel	EAS	5	1	0.0132
HLA-H	novel	EAS	6	1	0.0132
HLA-H	novel	EAS	25	1	0.0132
HLA-H	novel	EAS	36	1	0.0132
HLA-H	novel	EUR	1	145	0.848
HLA-H	novel	EUR	2	10	0.0585
HLA-H	novel	EUR	3	3	0.0175
HLA-H	novel	EUR	4	1	0.0058
HLA-H	novel	EUR	5	1	0.0058
HLA-H	novel	EUR	6	3	0.0175
HLA-H	novel	EUR	7	1	0.0058
HLA-H	novel	EUR	8	1	0.0058
HLA-H	novel	EUR	12	1	0.0058
HLA-H	novel	EUR	18	1	0.0058
HLA-H	novel	EUR	19	1	0.0058
HLA-H	novel	EUR	24	1	0.0058
HLA-H	novel	EUR	26	1	0.0058
HLA-H	novel	EUR	38	1	0.0058
HLA-H	novel	MID	1	25	0.7812
HLA-H	novel	MID	2	3	0.0938
HLA-H	novel	MID	3	1	0.0312
HLA-H	novel	MID	4	2	0.0625
HLA-H	novel	MID	5	1	0.0312
HLA-H	novel	SAS	1	65	0.7927
HLA-H	novel	SAS	2	7	0.0854
HLA-H	novel	SAS	3	2	0.0244
HLA-H	novel	SAS	4	1	0.0122
HLA-H	novel	SAS	5	1	0.0122
HLA-H	novel	SAS	7	1	0.0122
HLA-H	novel	SAS	8	1	0.0122
HLA-H	novel	SAS	11	1	0.0122
HLA-H	novel	SAS	14	1	0.0122
HLA-H	novel	SAS	16	1	0.0122
HLA-H	novel	SAS	24	1	0.0122
HLA-H	novel	POOLED	1	524	0.869
HLA-H	novel	POOLED	2	32	0.0531
HLA-H	novel	POOLED	3	13	0.0216
HLA-H	novel	POOLED	4	5	0.0083
HLA-H	novel	POOLED	5	2	0.0033
HLA-H	novel	POOLED	6	3	0.005
HLA-H	novel	POOLED	7	4	0.0066
HLA-H	novel	POOLED	11	1	0.0017
HLA-H	novel	POOLED	12	1	0.0017
HLA-H	novel	POOLED	14	1	0.0017
HLA-H	novel	POOLED	15	2	0.0033
HLA-H	novel	POOLED	16	2	0.0033
HLA-H	novel	POOLED	19	1	0.0017
HLA-H	novel	POOLED	23	1	0.0017
HLA-H	novel	POOLED	28	1	0.0017
HLA-H	novel	POOLED	39	1	0.0017
HLA-H	novel	POOLED	41	1	0.0017
HLA-H	novel	POOLED	54	1	0.0017
HLA-H	novel	POOLED	57	1	0.0017
HLA-H	novel	POOLED	59	1	0.0017
HLA-H	novel	POOLED	69	1	0.0017
HLA-H	novel	POOLED	85	1	0.0017
HLA-H	novel	POOLED	103	1	0.0017
HLA-H	novel	POOLED	108	1	0.0017
HLA-H	novel	POOLED	165	1	0.0017
HLA-HFE	all	AFR	1	6	0.5
HLA-HFE	all	AFR	3	1	0.0833
HLA-HFE	all	AFR	4	1	0.0833
HLA-HFE	all	AFR	7	1	0.0833
HLA-HFE	all	AFR	20	1	0.0833
HLA-HFE	all	AFR	26	1	0.0833
HLA-HFE	all	AFR	333	1	0.0833
HLA-HFE	all	AMR	1	9	0.5625
HLA-HFE	all	AMR	2	2	0.125
HLA-HFE	all	AMR	3	1	0.0625
HLA-HFE	all	AMR	17	1	0.0625
HLA-HFE	all	AMR	116	1	0.0625
HLA-HFE	all	AMR	164	1	0.0625
HLA-HFE	all	AMR	651	1	0.0625
HLA-HFE	all	EAS	1	3	0.375
HLA-HFE	all	EAS	2	1	0.125
HLA-HFE	all	EAS	9	1	0.125
HLA-HFE	all	EAS	14	1	0.125
HLA-HFE	all	EAS	32	1	0.125
HLA-HFE	all	EAS	316	1	0.125
HLA-HFE	all	EUR	1	13	0.7222
HLA-HFE	all	EUR	12	1	0.0556
HLA-HFE	all	EUR	34	1	0.0556
HLA-HFE	all	EUR	123	1	0.0556
HLA-HFE	all	EUR	127	1	0.0556
HLA-HFE	all	EUR	532	1	0.0556
HLA-HFE	all	MID	1	4	0.5714
HLA-HFE	all	MID	12	1	0.1429
HLA-HFE	all	MID	14	1	0.1429
HLA-HFE	all	MID	86	1	0.1429
HLA-HFE	all	SAS	1	4	0.5
HLA-HFE	all	SAS	2	1	0.125
HLA-HFE	all	SAS	24	1	0.125
HLA-HFE	all	SAS	62	1	0.125
HLA-HFE	all	SAS	271	1	0.125
HLA-HFE	all	POOLED	1	27	0.6923
HLA-HFE	all	POOLED	2	3	0.0769
HLA-HFE	all	POOLED	3	1	0.0256
HLA-HFE	all	POOLED	5	1	0.0256
HLA-HFE	all	POOLED	6	1	0.0256
HLA-HFE	all	POOLED	9	1	0.0256
HLA-HFE	all	POOLED	18	1	0.0256
HLA-HFE	all	POOLED	62	1	0.0256
HLA-HFE	all	POOLED	312	1	0.0256
HLA-HFE	all	POOLED	425	1	0.0256
HLA-HFE	all	POOLED	2195	1	0.0256
HLA-HFE	known	AFR	26	1	1.0
HLA-HFE	known	AMR	164	1	1.0
HLA-HFE	known	EAS	32	1	1.0
HLA-HFE	known	EUR	127	1	1.0
HLA-HFE	known	MID	14	1	1.0
HLA-HFE	known	SAS	62	1	1.0
HLA-HFE	known	POOLED	425	1	1.0
HLA-HFE	novel	AFR	1	6	0.5455
HLA-HFE	novel	AFR	3	1	0.0909
HLA-HFE	novel	AFR	4	1	0.0909
HLA-HFE	novel	AFR	7	1	0.0909
HLA-HFE	novel	AFR	20	1	0.0909
HLA-HFE	novel	AFR	333	1	0.0909
HLA-HFE	novel	AMR	1	9	0.6
HLA-HFE	novel	AMR	2	2	0.1333
HLA-HFE	novel	AMR	3	1	0.0667
HLA-HFE	novel	AMR	17	1	0.0667
HLA-HFE	novel	AMR	116	1	0.0667
HLA-HFE	novel	AMR	651	1	0.0667
HLA-HFE	novel	EAS	1	3	0.4286
HLA-HFE	novel	EAS	2	1	0.1429
HLA-HFE	novel	EAS	9	1	0.1429
HLA-HFE	novel	EAS	14	1	0.1429
HLA-HFE	novel	EAS	316	1	0.1429
HLA-HFE	novel	EUR	1	13	0.7647
HLA-HFE	novel	EUR	12	1	0.0588
HLA-HFE	novel	EUR	34	1	0.0588
HLA-HFE	novel	EUR	123	1	0.0588
HLA-HFE	novel	EUR	532	1	0.0588
HLA-HFE	novel	MID	1	4	0.6667
HLA-HFE	novel	MID	12	1	0.1667
HLA-HFE	novel	MID	86	1	0.1667
HLA-HFE	novel	SAS	1	4	0.5714
HLA-HFE	novel	SAS	2	1	0.1429
HLA-HFE	novel	SAS	24	1	0.1429
HLA-HFE	novel	SAS	271	1	0.1429
HLA-HFE	novel	POOLED	1	27	0.7105
HLA-HFE	novel	POOLED	2	3	0.0789
HLA-HFE	novel	POOLED	3	1	0.0263
HLA-HFE	novel	POOLED	5	1	0.0263
HLA-HFE	novel	POOLED	6	1	0.0263
HLA-HFE	novel	POOLED	9	1	0.0263
HLA-HFE	novel	POOLED	18	1	0.0263
HLA-HFE	novel	POOLED	62	1	0.0263
HLA-HFE	novel	POOLED	312	1	0.0263
HLA-HFE	novel	POOLED	2195	1	0.0263
HLA-J	all	AFR	1	175	0.7848
HLA-J	all	AFR	2	7	0.0314
HLA-J	all	AFR	3	6	0.0269
HLA-J	all	AFR	4	2	0.009
HLA-J	all	AFR	6	1	0.0045
HLA-J	all	AFR	7	1	0.0045
HLA-J	all	AFR	8	2	0.009
HLA-J	all	AFR	11	1	0.0045
HLA-J	all	AFR	12	3	0.0135
HLA-J	all	AFR	13	1	0.0045
HLA-J	all	AFR	14	1	0.0045
HLA-J	all	AFR	15	3	0.0135
HLA-J	all	AFR	25	1	0.0045
HLA-J	all	AFR	30	1	0.0045
HLA-J	all	AFR	32	2	0.009
HLA-J	all	AFR	35	2	0.009
HLA-J	all	AFR	57	2	0.009
HLA-J	all	AFR	123	1	0.0045
HLA-J	all	AFR	181	1	0.0045
HLA-J	all	AFR	203	1	0.0045
HLA-J	all	AFR	322	1	0.0045
HLA-J	all	AFR	324	1	0.0045
HLA-J	all	AFR	327	1	0.0045
HLA-J	all	AFR	540	1	0.0045
HLA-J	all	AFR	613	1	0.0045
HLA-J	all	AFR	635	1	0.0045
HLA-J	all	AFR	655	1	0.0045
HLA-J	all	AFR	750	1	0.0045
HLA-J	all	AFR	761	1	0.0045
HLA-J	all	AMR	1	169	0.8009
HLA-J	all	AMR	2	7	0.0332
HLA-J	all	AMR	3	6	0.0284
HLA-J	all	AMR	4	2	0.0095
HLA-J	all	AMR	6	1	0.0047
HLA-J	all	AMR	7	2	0.0095
HLA-J	all	AMR	10	1	0.0047
HLA-J	all	AMR	11	1	0.0047
HLA-J	all	AMR	13	1	0.0047
HLA-J	all	AMR	21	1	0.0047
HLA-J	all	AMR	23	1	0.0047
HLA-J	all	AMR	25	1	0.0047
HLA-J	all	AMR	27	1	0.0047
HLA-J	all	AMR	52	1	0.0047
HLA-J	all	AMR	64	1	0.0047
HLA-J	all	AMR	69	1	0.0047
HLA-J	all	AMR	70	1	0.0047
HLA-J	all	AMR	83	1	0.0047
HLA-J	all	AMR	90	1	0.0047
HLA-J	all	AMR	132	1	0.0047
HLA-J	all	AMR	160	1	0.0047
HLA-J	all	AMR	217	1	0.0047
HLA-J	all	AMR	270	1	0.0047
HLA-J	all	AMR	278	1	0.0047
HLA-J	all	AMR	293	1	0.0047
HLA-J	all	AMR	323	1	0.0047
HLA-J	all	AMR	424	1	0.0047
HLA-J	all	AMR	622	1	0.0047
HLA-J	all	AMR	953	1	0.0047
HLA-J	all	AMR	1016	1	0.0047
HLA-J	all	EAS	1	71	0.6893
HLA-J	all	EAS	2	7	0.068
HLA-J	all	EAS	3	1	0.0097
HLA-J	all	EAS	4	3	0.0291
HLA-J	all	EAS	6	1	0.0097
HLA-J	all	EAS	7	2	0.0194
HLA-J	all	EAS	9	1	0.0097
HLA-J	all	EAS	10	1	0.0097
HLA-J	all	EAS	12	1	0.0097
HLA-J	all	EAS	13	1	0.0097
HLA-J	all	EAS	15	1	0.0097
HLA-J	all	EAS	21	1	0.0097
HLA-J	all	EAS	24	1	0.0097
HLA-J	all	EAS	40	1	0.0097
HLA-J	all	EAS	49	1	0.0097
HLA-J	all	EAS	52	1	0.0097
HLA-J	all	EAS	55	1	0.0097
HLA-J	all	EAS	61	1	0.0097
HLA-J	all	EAS	113	1	0.0097
HLA-J	all	EAS	152	1	0.0097
HLA-J	all	EAS	330	1	0.0097
HLA-J	all	EAS	445	1	0.0097
HLA-J	all	EAS	673	1	0.0097
HLA-J	all	EAS	729	1	0.0097
HLA-J	all	EUR	1	168	0.7887
HLA-J	all	EUR	2	10	0.0469
HLA-J	all	EUR	4	3	0.0141
HLA-J	all	EUR	5	4	0.0188
HLA-J	all	EUR	6	1	0.0047
HLA-J	all	EUR	7	1	0.0047
HLA-J	all	EUR	8	2	0.0094
HLA-J	all	EUR	10	1	0.0047
HLA-J	all	EUR	14	2	0.0094
HLA-J	all	EUR	18	1	0.0047
HLA-J	all	EUR	23	1	0.0047
HLA-J	all	EUR	24	1	0.0047
HLA-J	all	EUR	43	1	0.0047
HLA-J	all	EUR	49	1	0.0047
HLA-J	all	EUR	56	1	0.0047
HLA-J	all	EUR	57	1	0.0047
HLA-J	all	EUR	98	1	0.0047
HLA-J	all	EUR	101	1	0.0047
HLA-J	all	EUR	115	1	0.0047
HLA-J	all	EUR	137	1	0.0047
HLA-J	all	EUR	170	1	0.0047
HLA-J	all	EUR	175	1	0.0047
HLA-J	all	EUR	189	1	0.0047
HLA-J	all	EUR	254	1	0.0047
HLA-J	all	EUR	285	1	0.0047
HLA-J	all	EUR	313	1	0.0047
HLA-J	all	EUR	421	1	0.0047
HLA-J	all	EUR	880	1	0.0047
HLA-J	all	EUR	946	1	0.0047
HLA-J	all	EUR	1408	1	0.0047
HLA-J	all	MID	1	25	0.5
HLA-J	all	MID	2	2	0.04
HLA-J	all	MID	3	2	0.04
HLA-J	all	MID	4	2	0.04
HLA-J	all	MID	5	1	0.02
HLA-J	all	MID	8	1	0.02
HLA-J	all	MID	11	2	0.04
HLA-J	all	MID	12	1	0.02
HLA-J	all	MID	15	1	0.02
HLA-J	all	MID	24	2	0.04
HLA-J	all	MID	29	1	0.02
HLA-J	all	MID	30	1	0.02
HLA-J	all	MID	33	1	0.02
HLA-J	all	MID	41	1	0.02
HLA-J	all	MID	42	1	0.02
HLA-J	all	MID	47	1	0.02
HLA-J	all	MID	57	1	0.02
HLA-J	all	MID	69	1	0.02
HLA-J	all	MID	88	1	0.02
HLA-J	all	MID	121	1	0.02
HLA-J	all	MID	264	1	0.02
HLA-J	all	SAS	1	64	0.7191
HLA-J	all	SAS	2	4	0.0449
HLA-J	all	SAS	4	2	0.0225
HLA-J	all	SAS	5	2	0.0225
HLA-J	all	SAS	6	1	0.0112
HLA-J	all	SAS	7	1	0.0112
HLA-J	all	SAS	11	1	0.0112
HLA-J	all	SAS	19	1	0.0112
HLA-J	all	SAS	21	1	0.0112
HLA-J	all	SAS	32	1	0.0112
HLA-J	all	SAS	35	1	0.0112
HLA-J	all	SAS	36	1	0.0112
HLA-J	all	SAS	38	1	0.0112
HLA-J	all	SAS	39	1	0.0112
HLA-J	all	SAS	57	1	0.0112
HLA-J	all	SAS	103	1	0.0112
HLA-J	all	SAS	173	1	0.0112
HLA-J	all	SAS	311	1	0.0112
HLA-J	all	SAS	314	1	0.0112
HLA-J	all	SAS	432	1	0.0112
HLA-J	all	SAS	758	1	0.0112
HLA-J	all	POOLED	1	582	0.8521
HLA-J	all	POOLED	2	32	0.0469
HLA-J	all	POOLED	3	8	0.0117
HLA-J	all	POOLED	4	3	0.0044
HLA-J	all	POOLED	5	9	0.0132
HLA-J	all	POOLED	6	2	0.0029
HLA-J	all	POOLED	7	1	0.0015
HLA-J	all	POOLED	8	1	0.0015
HLA-J	all	POOLED	9	2	0.0029
HLA-J	all	POOLED	10	2	0.0029
HLA-J	all	POOLED	12	3	0.0044
HLA-J	all	POOLED	13	1	0.0015
HLA-J	all	POOLED	14	1	0.0015
HLA-J	all	POOLED	15	3	0.0044
HLA-J	all	POOLED	16	1	0.0015
HLA-J	all	POOLED	17	1	0.0015
HLA-J	all	POOLED	18	1	0.0015
HLA-J	all	POOLED	21	1	0.0015
HLA-J	all	POOLED	26	1	0.0015
HLA-J	all	POOLED	29	1	0.0015
HLA-J	all	POOLED	41	1	0.0015
HLA-J	all	POOLED	43	1	0.0015
HLA-J	all	POOLED	55	1	0.0015
HLA-J	all	POOLED	68	1	0.0015
HLA-J	all	POOLED	76	1	0.0015
HLA-J	all	POOLED	91	1	0.0015
HLA-J	all	POOLED	100	1	0.0015
HLA-J	all	POOLED	105	1	0.0015
HLA-J	all	POOLED	108	1	0.0015
HLA-J	all	POOLED	119	1	0.0015
HLA-J	all	POOLED	151	1	0.0015
HLA-J	all	POOLED	193	1	0.0015
HLA-J	all	POOLED	302	1	0.0015
HLA-J	all	POOLED	390	1	0.0015
HLA-J	all	POOLED	416	1	0.0015
HLA-J	all	POOLED	449	1	0.0015
HLA-J	all	POOLED	462	1	0.0015
HLA-J	all	POOLED	581	1	0.0015
HLA-J	all	POOLED	838	1	0.0015
HLA-J	all	POOLED	1192	1	0.0015
HLA-J	all	POOLED	1289	1	0.0015
HLA-J	all	POOLED	1395	1	0.0015
HLA-J	all	POOLED	1473	1	0.0015
HLA-J	all	POOLED	1586	1	0.0015
HLA-J	all	POOLED	3228	1	0.0015
HLA-J	all	POOLED	3613	1	0.0015
HLA-J	all	POOLED	4657	1	0.0015
HLA-J	known	AFR	1	2	0.1
HLA-J	known	AFR	3	1	0.05
HLA-J	known	AFR	6	1	0.05
HLA-J	known	AFR	12	1	0.05
HLA-J	known	AFR	25	1	0.05
HLA-J	known	AFR	32	1	0.05
HLA-J	known	AFR	57	2	0.1
HLA-J	known	AFR	123	1	0.05
HLA-J	known	AFR	181	1	0.05
HLA-J	known	AFR	203	1	0.05
HLA-J	known	AFR	322	1	0.05
HLA-J	known	AFR	324	1	0.05
HLA-J	known	AFR	327	1	0.05
HLA-J	known	AFR	540	1	0.05
HLA-J	known	AFR	635	1	0.05
HLA-J	known	AFR	655	1	0.05
HLA-J	known	AFR	750	1	0.05
HLA-J	known	AFR	761	1	0.05
HLA-J	known	AMR	1	1	0.05
HLA-J	known	AMR	3	1	0.05
HLA-J	known	AMR	4	1	0.05
HLA-J	known	AMR	21	1	0.05
HLA-J	known	AMR	52	1	0.05
HLA-J	known	AMR	64	1	0.05
HLA-J	known	AMR	69	1	0.05
HLA-J	known	AMR	70	1	0.05
HLA-J	known	AMR	83	1	0.05
HLA-J	known	AMR	90	1	0.05
HLA-J	known	AMR	132	1	0.05
HLA-J	known	AMR	160	1	0.05
HLA-J	known	AMR	217	1	0.05
HLA-J	known	AMR	270	1	0.05
HLA-J	known	AMR	293	1	0.05
HLA-J	known	AMR	323	1	0.05
HLA-J	known	AMR	424	1	0.05
HLA-J	known	AMR	622	1	0.05
HLA-J	known	AMR	953	1	0.05
HLA-J	known	AMR	1016	1	0.05
HLA-J	known	EAS	1	1	0.0526
HLA-J	known	EAS	2	1	0.0526
HLA-J	known	EAS	4	2	0.1053
HLA-J	known	EAS	6	1	0.0526
HLA-J	known	EAS	7	2	0.1053
HLA-J	known	EAS	12	1	0.0526
HLA-J	known	EAS	15	1	0.0526
HLA-J	known	EAS	24	1	0.0526
HLA-J	known	EAS	40	1	0.0526
HLA-J	known	EAS	49	1	0.0526
HLA-J	known	EAS	52	1	0.0526
HLA-J	known	EAS	61	1	0.0526
HLA-J	known	EAS	113	1	0.0526
HLA-J	known	EAS	330	1	0.0526
HLA-J	known	EAS	445	1	0.0526
HLA-J	known	EAS	673	1	0.0526
HLA-J	known	EAS	729	1	0.0526
HLA-J	known	EUR	2	1	0.0556
HLA-J	known	EUR	14	1	0.0556
HLA-J	known	EUR	49	1	0.0556
HLA-J	known	EUR	56	1	0.0556
HLA-J	known	EUR	57	1	0.0556
HLA-J	known	EUR	98	1	0.0556
HLA-J	known	EUR	101	1	0.0556
HLA-J	known	EUR	115	1	0.0556
HLA-J	known	EUR	137	1	0.0556
HLA-J	known	EUR	170	1	0.0556
HLA-J	known	EUR	175	1	0.0556
HLA-J	known	EUR	189	1	0.0556
HLA-J	known	EUR	254	1	0.0556
HLA-J	known	EUR	313	1	0.0556
HLA-J	known	EUR	421	1	0.0556
HLA-J	known	EUR	880	1	0.0556
HLA-J	known	EUR	946	1	0.0556
HLA-J	known	EUR	1408	1	0.0556
HLA-J	known	MID	8	1	0.0588
HLA-J	known	MID	11	2	0.1176
HLA-J	known	MID	12	1	0.0588
HLA-J	known	MID	15	1	0.0588
HLA-J	known	MID	24	2	0.1176
HLA-J	known	MID	29	1	0.0588
HLA-J	known	MID	30	1	0.0588
HLA-J	known	MID	33	1	0.0588
HLA-J	known	MID	42	1	0.0588
HLA-J	known	MID	47	1	0.0588
HLA-J	known	MID	57	1	0.0588
HLA-J	known	MID	69	1	0.0588
HLA-J	known	MID	88	1	0.0588
HLA-J	known	MID	121	1	0.0588
HLA-J	known	MID	264	1	0.0588
HLA-J	known	SAS	2	1	0.0625
HLA-J	known	SAS	4	2	0.125
HLA-J	known	SAS	19	1	0.0625
HLA-J	known	SAS	21	1	0.0625
HLA-J	known	SAS	32	1	0.0625
HLA-J	known	SAS	35	1	0.0625
HLA-J	known	SAS	36	1	0.0625
HLA-J	known	SAS	38	1	0.0625
HLA-J	known	SAS	39	1	0.0625
HLA-J	known	SAS	57	1	0.0625
HLA-J	known	SAS	173	1	0.0625
HLA-J	known	SAS	311	1	0.0625
HLA-J	known	SAS	314	1	0.0625
HLA-J	known	SAS	432	1	0.0625
HLA-J	known	SAS	758	1	0.0625
HLA-J	known	POOLED	6	1	0.0476
HLA-J	known	POOLED	8	1	0.0476
HLA-J	known	POOLED	68	1	0.0476
HLA-J	known	POOLED	100	1	0.0476
HLA-J	known	POOLED	119	1	0.0476
HLA-J	known	POOLED	151	1	0.0476
HLA-J	known	POOLED	193	1	0.0476
HLA-J	known	POOLED	302	1	0.0476
HLA-J	known	POOLED	390	1	0.0476
HLA-J	known	POOLED	416	1	0.0476
HLA-J	known	POOLED	449	1	0.0476
HLA-J	known	POOLED	462	1	0.0476
HLA-J	known	POOLED	581	1	0.0476
HLA-J	known	POOLED	838	1	0.0476
HLA-J	known	POOLED	1192	1	0.0476
HLA-J	known	POOLED	1289	1	0.0476
HLA-J	known	POOLED	1395	1	0.0476
HLA-J	known	POOLED	1586	1	0.0476
HLA-J	known	POOLED	3228	1	0.0476
HLA-J	known	POOLED	3613	1	0.0476
HLA-J	known	POOLED	4657	1	0.0476
HLA-J	novel	AFR	1	173	0.8522
HLA-J	novel	AFR	2	7	0.0345
HLA-J	novel	AFR	3	5	0.0246
HLA-J	novel	AFR	4	2	0.0099
HLA-J	novel	AFR	7	1	0.0049
HLA-J	novel	AFR	8	2	0.0099
HLA-J	novel	AFR	11	1	0.0049
HLA-J	novel	AFR	12	2	0.0099
HLA-J	novel	AFR	13	1	0.0049
HLA-J	novel	AFR	14	1	0.0049
HLA-J	novel	AFR	15	3	0.0148
HLA-J	novel	AFR	30	1	0.0049
HLA-J	novel	AFR	32	1	0.0049
HLA-J	novel	AFR	35	2	0.0099
HLA-J	novel	AFR	613	1	0.0049
HLA-J	novel	AMR	1	168	0.8796
HLA-J	novel	AMR	2	7	0.0366
HLA-J	novel	AMR	3	5	0.0262
HLA-J	novel	AMR	4	1	0.0052
HLA-J	novel	AMR	6	1	0.0052
HLA-J	novel	AMR	7	2	0.0105
HLA-J	novel	AMR	10	1	0.0052
HLA-J	novel	AMR	11	1	0.0052
HLA-J	novel	AMR	13	1	0.0052
HLA-J	novel	AMR	23	1	0.0052
HLA-J	novel	AMR	25	1	0.0052
HLA-J	novel	AMR	27	1	0.0052
HLA-J	novel	AMR	278	1	0.0052
HLA-J	novel	EAS	1	70	0.8333
HLA-J	novel	EAS	2	6	0.0714
HLA-J	novel	EAS	3	1	0.0119
HLA-J	novel	EAS	4	1	0.0119
HLA-J	novel	EAS	9	1	0.0119
HLA-J	novel	EAS	10	1	0.0119
HLA-J	novel	EAS	13	1	0.0119
HLA-J	novel	EAS	21	1	0.0119
HLA-J	novel	EAS	55	1	0.0119
HLA-J	novel	EAS	152	1	0.0119
HLA-J	novel	EUR	1	168	0.8615
HLA-J	novel	EUR	2	9	0.0462
HLA-J	novel	EUR	4	3	0.0154
HLA-J	novel	EUR	5	4	0.0205
HLA-J	novel	EUR	6	1	0.0051
HLA-J	novel	EUR	7	1	0.0051
HLA-J	novel	EUR	8	2	0.0103
HLA-J	novel	EUR	10	1	0.0051
HLA-J	novel	EUR	14	1	0.0051
HLA-J	novel	EUR	18	1	0.0051
HLA-J	novel	EUR	23	1	0.0051
HLA-J	novel	EUR	24	1	0.0051
HLA-J	novel	EUR	43	1	0.0051
HLA-J	novel	EUR	285	1	0.0051
HLA-J	novel	MID	1	25	0.7576
HLA-J	novel	MID	2	2	0.0606
HLA-J	novel	MID	3	2	0.0606
HLA-J	novel	MID	4	2	0.0606
HLA-J	novel	MID	5	1	0.0303
HLA-J	novel	MID	41	1	0.0303
HLA-J	novel	SAS	1	64	0.8767
HLA-J	novel	SAS	2	3	0.0411
HLA-J	novel	SAS	5	2	0.0274
HLA-J	novel	SAS	6	1	0.0137
HLA-J	novel	SAS	7	1	0.0137
HLA-J	novel	SAS	11	1	0.0137
HLA-J	novel	SAS	103	1	0.0137
HLA-J	novel	POOLED	1	582	0.8792
HLA-J	novel	POOLED	2	32	0.0483
HLA-J	novel	POOLED	3	8	0.0121
HLA-J	novel	POOLED	4	3	0.0045
HLA-J	novel	POOLED	5	9	0.0136
HLA-J	novel	POOLED	6	1	0.0015
HLA-J	novel	POOLED	7	1	0.0015
HLA-J	novel	POOLED	9	2	0.003
HLA-J	novel	POOLED	10	2	0.003
HLA-J	novel	POOLED	12	3	0.0045
HLA-J	novel	POOLED	13	1	0.0015
HLA-J	novel	POOLED	14	1	0.0015
HLA-J	novel	POOLED	15	3	0.0045
HLA-J	novel	POOLED	16	1	0.0015
HLA-J	novel	POOLED	17	1	0.0015
HLA-J	novel	POOLED	18	1	0.0015
HLA-J	novel	POOLED	21	1	0.0015
HLA-J	novel	POOLED	26	1	0.0015
HLA-J	novel	POOLED	29	1	0.0015
HLA-J	novel	POOLED	41	1	0.0015
HLA-J	novel	POOLED	43	1	0.0015
HLA-J	novel	POOLED	55	1	0.0015
HLA-J	novel	POOLED	76	1	0.0015
HLA-J	novel	POOLED	91	1	0.0015
HLA-J	novel	POOLED	105	1	0.0015
HLA-J	novel	POOLED	108	1	0.0015
HLA-J	novel	POOLED	1473	1	0.0015
HLA-K	all	AFR	1	218	0.7842
HLA-K	all	AFR	2	15	0.054
HLA-K	all	AFR	3	3	0.0108
HLA-K	all	AFR	4	1	0.0036
HLA-K	all	AFR	5	3	0.0108
HLA-K	all	AFR	6	1	0.0036
HLA-K	all	AFR	7	4	0.0144
HLA-K	all	AFR	9	2	0.0072
HLA-K	all	AFR	10	1	0.0036
HLA-K	all	AFR	15	1	0.0036
HLA-K	all	AFR	16	1	0.0036
HLA-K	all	AFR	19	1	0.0036
HLA-K	all	AFR	23	1	0.0036
HLA-K	all	AFR	24	1	0.0036
HLA-K	all	AFR	27	1	0.0036
HLA-K	all	AFR	32	1	0.0036
HLA-K	all	AFR	33	1	0.0036
HLA-K	all	AFR	38	1	0.0036
HLA-K	all	AFR	45	1	0.0036
HLA-K	all	AFR	55	1	0.0036
HLA-K	all	AFR	69	1	0.0036
HLA-K	all	AFR	76	1	0.0036
HLA-K	all	AFR	77	1	0.0036
HLA-K	all	AFR	83	1	0.0036
HLA-K	all	AFR	89	1	0.0036
HLA-K	all	AFR	100	1	0.0036
HLA-K	all	AFR	106	1	0.0036
HLA-K	all	AFR	107	1	0.0036
HLA-K	all	AFR	108	1	0.0036
HLA-K	all	AFR	122	1	0.0036
HLA-K	all	AFR	128	1	0.0036
HLA-K	all	AFR	193	1	0.0036
HLA-K	all	AFR	267	1	0.0036
HLA-K	all	AFR	280	1	0.0036
HLA-K	all	AFR	382	1	0.0036
HLA-K	all	AFR	388	1	0.0036
HLA-K	all	AFR	480	1	0.0036
HLA-K	all	AFR	698	1	0.0036
HLA-K	all	AFR	805	1	0.0036
HLA-K	all	AMR	1	154	0.7196
HLA-K	all	AMR	2	12	0.0561
HLA-K	all	AMR	3	4	0.0187
HLA-K	all	AMR	4	6	0.028
HLA-K	all	AMR	5	3	0.014
HLA-K	all	AMR	7	2	0.0093
HLA-K	all	AMR	8	2	0.0093
HLA-K	all	AMR	9	1	0.0047
HLA-K	all	AMR	10	1	0.0047
HLA-K	all	AMR	11	1	0.0047
HLA-K	all	AMR	13	1	0.0047
HLA-K	all	AMR	19	3	0.014
HLA-K	all	AMR	20	1	0.0047
HLA-K	all	AMR	21	1	0.0047
HLA-K	all	AMR	23	1	0.0047
HLA-K	all	AMR	25	1	0.0047
HLA-K	all	AMR	26	1	0.0047
HLA-K	all	AMR	37	1	0.0047
HLA-K	all	AMR	45	2	0.0093
HLA-K	all	AMR	49	1	0.0047
HLA-K	all	AMR	56	1	0.0047
HLA-K	all	AMR	116	1	0.0047
HLA-K	all	AMR	121	1	0.0047
HLA-K	all	AMR	126	1	0.0047
HLA-K	all	AMR	131	1	0.0047
HLA-K	all	AMR	155	1	0.0047
HLA-K	all	AMR	167	1	0.0047
HLA-K	all	AMR	178	1	0.0047
HLA-K	all	AMR	182	1	0.0047
HLA-K	all	AMR	226	1	0.0047
HLA-K	all	AMR	269	1	0.0047
HLA-K	all	AMR	313	1	0.0047
HLA-K	all	AMR	330	1	0.0047
HLA-K	all	AMR	333	1	0.0047
HLA-K	all	AMR	1201	1	0.0047
HLA-K	all	EAS	1	77	0.6814
HLA-K	all	EAS	2	5	0.0442
HLA-K	all	EAS	3	5	0.0442
HLA-K	all	EAS	4	2	0.0177
HLA-K	all	EAS	5	3	0.0265
HLA-K	all	EAS	6	1	0.0088
HLA-K	all	EAS	7	1	0.0088
HLA-K	all	EAS	8	2	0.0177
HLA-K	all	EAS	9	1	0.0088
HLA-K	all	EAS	10	1	0.0088
HLA-K	all	EAS	16	1	0.0088
HLA-K	all	EAS	18	1	0.0088
HLA-K	all	EAS	19	1	0.0088
HLA-K	all	EAS	22	2	0.0177
HLA-K	all	EAS	46	1	0.0088
HLA-K	all	EAS	49	1	0.0088
HLA-K	all	EAS	56	1	0.0088
HLA-K	all	EAS	63	1	0.0088
HLA-K	all	EAS	65	1	0.0088
HLA-K	all	EAS	108	1	0.0088
HLA-K	all	EAS	174	1	0.0088
HLA-K	all	EAS	326	1	0.0088
HLA-K	all	EAS	484	1	0.0088
HLA-K	all	EAS	573	1	0.0088
HLA-K	all	EUR	1	167	0.7455
HLA-K	all	EUR	2	8	0.0357
HLA-K	all	EUR	3	9	0.0402
HLA-K	all	EUR	4	3	0.0134
HLA-K	all	EUR	5	4	0.0179
HLA-K	all	EUR	6	2	0.0089
HLA-K	all	EUR	7	1	0.0045
HLA-K	all	EUR	8	1	0.0045
HLA-K	all	EUR	11	1	0.0045
HLA-K	all	EUR	12	1	0.0045
HLA-K	all	EUR	13	1	0.0045
HLA-K	all	EUR	14	3	0.0134
HLA-K	all	EUR	23	1	0.0045
HLA-K	all	EUR	33	1	0.0045
HLA-K	all	EUR	35	1	0.0045
HLA-K	all	EUR	36	1	0.0045
HLA-K	all	EUR	41	1	0.0045
HLA-K	all	EUR	48	1	0.0045
HLA-K	all	EUR	67	1	0.0045
HLA-K	all	EUR	68	1	0.0045
HLA-K	all	EUR	71	1	0.0045
HLA-K	all	EUR	91	1	0.0045
HLA-K	all	EUR	94	1	0.0045
HLA-K	all	EUR	101	1	0.0045
HLA-K	all	EUR	110	1	0.0045
HLA-K	all	EUR	114	1	0.0045
HLA-K	all	EUR	146	1	0.0045
HLA-K	all	EUR	174	1	0.0045
HLA-K	all	EUR	197	1	0.0045
HLA-K	all	EUR	216	1	0.0045
HLA-K	all	EUR	326	1	0.0045
HLA-K	all	EUR	425	1	0.0045
HLA-K	all	EUR	621	1	0.0045
HLA-K	all	EUR	724	1	0.0045
HLA-K	all	EUR	1133	1	0.0045
HLA-K	all	MID	1	34	0.5574
HLA-K	all	MID	2	2	0.0328
HLA-K	all	MID	3	3	0.0492
HLA-K	all	MID	4	2	0.0328
HLA-K	all	MID	6	2	0.0328
HLA-K	all	MID	7	1	0.0164
HLA-K	all	MID	8	1	0.0164
HLA-K	all	MID	9	1	0.0164
HLA-K	all	MID	12	1	0.0164
HLA-K	all	MID	14	1	0.0164
HLA-K	all	MID	15	1	0.0164
HLA-K	all	MID	17	1	0.0164
HLA-K	all	MID	29	2	0.0328
HLA-K	all	MID	32	1	0.0164
HLA-K	all	MID	33	1	0.0164
HLA-K	all	MID	35	1	0.0164
HLA-K	all	MID	40	1	0.0164
HLA-K	all	MID	45	1	0.0164
HLA-K	all	MID	72	1	0.0164
HLA-K	all	MID	98	1	0.0164
HLA-K	all	MID	108	1	0.0164
HLA-K	all	MID	128	1	0.0164
HLA-K	all	SAS	1	60	0.6122
HLA-K	all	SAS	2	6	0.0612
HLA-K	all	SAS	3	7	0.0714
HLA-K	all	SAS	4	2	0.0204
HLA-K	all	SAS	6	1	0.0102
HLA-K	all	SAS	7	4	0.0408
HLA-K	all	SAS	8	1	0.0102
HLA-K	all	SAS	12	1	0.0102
HLA-K	all	SAS	14	1	0.0102
HLA-K	all	SAS	20	1	0.0102
HLA-K	all	SAS	21	1	0.0102
HLA-K	all	SAS	24	1	0.0102
HLA-K	all	SAS	25	1	0.0102
HLA-K	all	SAS	35	1	0.0102
HLA-K	all	SAS	41	1	0.0102
HLA-K	all	SAS	44	1	0.0102
HLA-K	all	SAS	51	1	0.0102
HLA-K	all	SAS	83	1	0.0102
HLA-K	all	SAS	149	1	0.0102
HLA-K	all	SAS	177	1	0.0102
HLA-K	all	SAS	252	1	0.0102
HLA-K	all	SAS	305	2	0.0204
HLA-K	all	SAS	333	1	0.0102
HLA-K	all	POOLED	1	623	0.8453
HLA-K	all	POOLED	2	32	0.0434
HLA-K	all	POOLED	3	11	0.0149
HLA-K	all	POOLED	4	3	0.0041
HLA-K	all	POOLED	5	3	0.0041
HLA-K	all	POOLED	6	3	0.0041
HLA-K	all	POOLED	7	2	0.0027
HLA-K	all	POOLED	8	5	0.0068
HLA-K	all	POOLED	9	2	0.0027
HLA-K	all	POOLED	10	4	0.0054
HLA-K	all	POOLED	11	1	0.0014
HLA-K	all	POOLED	14	1	0.0014
HLA-K	all	POOLED	17	2	0.0027
HLA-K	all	POOLED	19	1	0.0014
HLA-K	all	POOLED	24	1	0.0014
HLA-K	all	POOLED	26	1	0.0014
HLA-K	all	POOLED	27	1	0.0014
HLA-K	all	POOLED	28	1	0.0014
HLA-K	all	POOLED	31	1	0.0014
HLA-K	all	POOLED	33	1	0.0014
HLA-K	all	POOLED	34	1	0.0014
HLA-K	all	POOLED	36	1	0.0014
HLA-K	all	POOLED	38	2	0.0027
HLA-K	all	POOLED	39	1	0.0014
HLA-K	all	POOLED	42	1	0.0014
HLA-K	all	POOLED	47	1	0.0014
HLA-K	all	POOLED	50	1	0.0014
HLA-K	all	POOLED	57	1	0.0014
HLA-K	all	POOLED	64	2	0.0027
HLA-K	all	POOLED	87	1	0.0014
HLA-K	all	POOLED	97	1	0.0014
HLA-K	all	POOLED	102	1	0.0014
HLA-K	all	POOLED	115	1	0.0014
HLA-K	all	POOLED	130	1	0.0014
HLA-K	all	POOLED	133	1	0.0014
HLA-K	all	POOLED	134	1	0.0014
HLA-K	all	POOLED	168	1	0.0014
HLA-K	all	POOLED	184	1	0.0014
HLA-K	all	POOLED	245	1	0.0014
HLA-K	all	POOLED	252	1	0.0014
HLA-K	all	POOLED	255	1	0.0014
HLA-K	all	POOLED	324	1	0.0014
HLA-K	all	POOLED	333	1	0.0014
HLA-K	all	POOLED	387	1	0.0014
HLA-K	all	POOLED	434	1	0.0014
HLA-K	all	POOLED	501	1	0.0014
HLA-K	all	POOLED	555	1	0.0014
HLA-K	all	POOLED	647	1	0.0014
HLA-K	all	POOLED	792	2	0.0027
HLA-K	all	POOLED	1222	1	0.0014
HLA-K	all	POOLED	1452	1	0.0014
HLA-K	all	POOLED	1488	1	0.0014
HLA-K	all	POOLED	1747	1	0.0014
HLA-K	all	POOLED	1934	1	0.0014
HLA-K	all	POOLED	3959	1	0.0014
HLA-K	known	AFR	55	1	0.1429
HLA-K	known	AFR	83	1	0.1429
HLA-K	known	AFR	108	1	0.1429
HLA-K	known	AFR	280	1	0.1429
HLA-K	known	AFR	382	1	0.1429
HLA-K	known	AFR	480	1	0.1429
HLA-K	known	AFR	698	1	0.1429
HLA-K	known	AMR	131	1	0.1429
HLA-K	known	AMR	167	1	0.1429
HLA-K	known	AMR	178	1	0.1429
HLA-K	known	AMR	182	1	0.1429
HLA-K	known	AMR	330	1	0.1429
HLA-K	known	AMR	333	1	0.1429
HLA-K	known	AMR	1201	1	0.1429
HLA-K	known	EAS	4	1	0.1429
HLA-K	known	EAS	8	1	0.1429
HLA-K	known	EAS	46	1	0.1429
HLA-K	known	EAS	56	1	0.1429
HLA-K	known	EAS	63	1	0.1429
HLA-K	known	EAS	326	1	0.1429
HLA-K	known	EAS	484	1	0.1429
HLA-K	known	EUR	110	1	0.1429
HLA-K	known	EUR	146	1	0.1429
HLA-K	known	EUR	216	1	0.1429
HLA-K	known	EUR	425	1	0.1429
HLA-K	known	EUR	621	1	0.1429
HLA-K	known	EUR	724	1	0.1429
HLA-K	known	EUR	1133	1	0.1429
HLA-K	known	MID	8	1	0.1429
HLA-K	known	MID	17	1	0.1429
HLA-K	known	MID	32	1	0.1429
HLA-K	known	MID	33	1	0.1429
HLA-K	known	MID	72	1	0.1429
HLA-K	known	MID	108	1	0.1429
HLA-K	known	MID	128	1	0.1429
HLA-K	known	SAS	1	1	0.1429
HLA-K	known	SAS	51	1	0.1429
HLA-K	known	SAS	83	1	0.1429
HLA-K	known	SAS	177	1	0.1429
HLA-K	known	SAS	305	2	0.2857
HLA-K	known	SAS	333	1	0.1429
HLA-K	known	POOLED	434	1	0.1429
HLA-K	known	POOLED	555	1	0.1429
HLA-K	known	POOLED	792	1	0.1429
HLA-K	known	POOLED	1222	1	0.1429
HLA-K	known	POOLED	1747	1	0.1429
HLA-K	known	POOLED	1934	1	0.1429
HLA-K	known	POOLED	3959	1	0.1429
HLA-K	novel	AFR	1	218	0.8044
HLA-K	novel	AFR	2	15	0.0554
HLA-K	novel	AFR	3	3	0.0111
HLA-K	novel	AFR	4	1	0.0037
HLA-K	novel	AFR	5	3	0.0111
HLA-K	novel	AFR	6	1	0.0037
HLA-K	novel	AFR	7	4	0.0148
HLA-K	novel	AFR	9	2	0.0074
HLA-K	novel	AFR	10	1	0.0037
HLA-K	novel	AFR	15	1	0.0037
HLA-K	novel	AFR	16	1	0.0037
HLA-K	novel	AFR	19	1	0.0037
HLA-K	novel	AFR	23	1	0.0037
HLA-K	novel	AFR	24	1	0.0037
HLA-K	novel	AFR	27	1	0.0037
HLA-K	novel	AFR	32	1	0.0037
HLA-K	novel	AFR	33	1	0.0037
HLA-K	novel	AFR	38	1	0.0037
HLA-K	novel	AFR	45	1	0.0037
HLA-K	novel	AFR	69	1	0.0037
HLA-K	novel	AFR	76	1	0.0037
HLA-K	novel	AFR	77	1	0.0037
HLA-K	novel	AFR	89	1	0.0037
HLA-K	novel	AFR	100	1	0.0037
HLA-K	novel	AFR	106	1	0.0037
HLA-K	novel	AFR	107	1	0.0037
HLA-K	novel	AFR	122	1	0.0037
HLA-K	novel	AFR	128	1	0.0037
HLA-K	novel	AFR	193	1	0.0037
HLA-K	novel	AFR	267	1	0.0037
HLA-K	novel	AFR	388	1	0.0037
HLA-K	novel	AFR	805	1	0.0037
HLA-K	novel	AMR	1	154	0.744
HLA-K	novel	AMR	2	12	0.058
HLA-K	novel	AMR	3	4	0.0193
HLA-K	novel	AMR	4	6	0.029
HLA-K	novel	AMR	5	3	0.0145
HLA-K	novel	AMR	7	2	0.0097
HLA-K	novel	AMR	8	2	0.0097
HLA-K	novel	AMR	9	1	0.0048
HLA-K	novel	AMR	10	1	0.0048
HLA-K	novel	AMR	11	1	0.0048
HLA-K	novel	AMR	13	1	0.0048
HLA-K	novel	AMR	19	3	0.0145
HLA-K	novel	AMR	20	1	0.0048
HLA-K	novel	AMR	21	1	0.0048
HLA-K	novel	AMR	23	1	0.0048
HLA-K	novel	AMR	25	1	0.0048
HLA-K	novel	AMR	26	1	0.0048
HLA-K	novel	AMR	37	1	0.0048
HLA-K	novel	AMR	45	2	0.0097
HLA-K	novel	AMR	49	1	0.0048
HLA-K	novel	AMR	56	1	0.0048
HLA-K	novel	AMR	116	1	0.0048
HLA-K	novel	AMR	121	1	0.0048
HLA-K	novel	AMR	126	1	0.0048
HLA-K	novel	AMR	155	1	0.0048
HLA-K	novel	AMR	226	1	0.0048
HLA-K	novel	AMR	269	1	0.0048
HLA-K	novel	AMR	313	1	0.0048
HLA-K	novel	EAS	1	77	0.7264
HLA-K	novel	EAS	2	5	0.0472
HLA-K	novel	EAS	3	5	0.0472
HLA-K	novel	EAS	4	1	0.0094
HLA-K	novel	EAS	5	3	0.0283
HLA-K	novel	EAS	6	1	0.0094
HLA-K	novel	EAS	7	1	0.0094
HLA-K	novel	EAS	8	1	0.0094
HLA-K	novel	EAS	9	1	0.0094
HLA-K	novel	EAS	10	1	0.0094
HLA-K	novel	EAS	16	1	0.0094
HLA-K	novel	EAS	18	1	0.0094
HLA-K	novel	EAS	19	1	0.0094
HLA-K	novel	EAS	22	2	0.0189
HLA-K	novel	EAS	49	1	0.0094
HLA-K	novel	EAS	65	1	0.0094
HLA-K	novel	EAS	108	1	0.0094
HLA-K	novel	EAS	174	1	0.0094
HLA-K	novel	EAS	573	1	0.0094
HLA-K	novel	EUR	1	167	0.7696
HLA-K	novel	EUR	2	8	0.0369
HLA-K	novel	EUR	3	9	0.0415
HLA-K	novel	EUR	4	3	0.0138
HLA-K	novel	EUR	5	4	0.0184
HLA-K	novel	EUR	6	2	0.0092
HLA-K	novel	EUR	7	1	0.0046
HLA-K	novel	EUR	8	1	0.0046
HLA-K	novel	EUR	11	1	0.0046
HLA-K	novel	EUR	12	1	0.0046
HLA-K	novel	EUR	13	1	0.0046
HLA-K	novel	EUR	14	3	0.0138
HLA-K	novel	EUR	23	1	0.0046
HLA-K	novel	EUR	33	1	0.0046
HLA-K	novel	EUR	35	1	0.0046
HLA-K	novel	EUR	36	1	0.0046
HLA-K	novel	EUR	41	1	0.0046
HLA-K	novel	EUR	48	1	0.0046
HLA-K	novel	EUR	67	1	0.0046
HLA-K	novel	EUR	68	1	0.0046
HLA-K	novel	EUR	71	1	0.0046
HLA-K	novel	EUR	91	1	0.0046
HLA-K	novel	EUR	94	1	0.0046
HLA-K	novel	EUR	101	1	0.0046
HLA-K	novel	EUR	114	1	0.0046
HLA-K	novel	EUR	174	1	0.0046
HLA-K	novel	EUR	197	1	0.0046
HLA-K	novel	EUR	326	1	0.0046
HLA-K	novel	MID	1	34	0.6296
HLA-K	novel	MID	2	2	0.037
HLA-K	novel	MID	3	3	0.0556
HLA-K	novel	MID	4	2	0.037
HLA-K	novel	MID	6	2	0.037
HLA-K	novel	MID	7	1	0.0185
HLA-K	novel	MID	9	1	0.0185
HLA-K	novel	MID	12	1	0.0185
HLA-K	novel	MID	14	1	0.0185
HLA-K	novel	MID	15	1	0.0185
HLA-K	novel	MID	29	2	0.037
HLA-K	novel	MID	35	1	0.0185
HLA-K	novel	MID	40	1	0.0185
HLA-K	novel	MID	45	1	0.0185
HLA-K	novel	MID	98	1	0.0185
HLA-K	novel	SAS	1	59	0.6484
HLA-K	novel	SAS	2	6	0.0659
HLA-K	novel	SAS	3	7	0.0769
HLA-K	novel	SAS	4	2	0.022
HLA-K	novel	SAS	6	1	0.011
HLA-K	novel	SAS	7	4	0.044
HLA-K	novel	SAS	8	1	0.011
HLA-K	novel	SAS	12	1	0.011
HLA-K	novel	SAS	14	1	0.011
HLA-K	novel	SAS	20	1	0.011
HLA-K	novel	SAS	21	1	0.011
HLA-K	novel	SAS	24	1	0.011
HLA-K	novel	SAS	25	1	0.011
HLA-K	novel	SAS	35	1	0.011
HLA-K	novel	SAS	41	1	0.011
HLA-K	novel	SAS	44	1	0.011
HLA-K	novel	SAS	149	1	0.011
HLA-K	novel	SAS	252	1	0.011
HLA-K	novel	POOLED	1	623	0.8534
HLA-K	novel	POOLED	2	32	0.0438
HLA-K	novel	POOLED	3	11	0.0151
HLA-K	novel	POOLED	4	3	0.0041
HLA-K	novel	POOLED	5	3	0.0041
HLA-K	novel	POOLED	6	3	0.0041
HLA-K	novel	POOLED	7	2	0.0027
HLA-K	novel	POOLED	8	5	0.0068
HLA-K	novel	POOLED	9	2	0.0027
HLA-K	novel	POOLED	10	4	0.0055
HLA-K	novel	POOLED	11	1	0.0014
HLA-K	novel	POOLED	14	1	0.0014
HLA-K	novel	POOLED	17	2	0.0027
HLA-K	novel	POOLED	19	1	0.0014
HLA-K	novel	POOLED	24	1	0.0014
HLA-K	novel	POOLED	26	1	0.0014
HLA-K	novel	POOLED	27	1	0.0014
HLA-K	novel	POOLED	28	1	0.0014
HLA-K	novel	POOLED	31	1	0.0014
HLA-K	novel	POOLED	33	1	0.0014
HLA-K	novel	POOLED	34	1	0.0014
HLA-K	novel	POOLED	36	1	0.0014
HLA-K	novel	POOLED	38	2	0.0027
HLA-K	novel	POOLED	39	1	0.0014
HLA-K	novel	POOLED	42	1	0.0014
HLA-K	novel	POOLED	47	1	0.0014
HLA-K	novel	POOLED	50	1	0.0014
HLA-K	novel	POOLED	57	1	0.0014
HLA-K	novel	POOLED	64	2	0.0027
HLA-K	novel	POOLED	87	1	0.0014
HLA-K	novel	POOLED	97	1	0.0014
HLA-K	novel	POOLED	102	1	0.0014
HLA-K	novel	POOLED	115	1	0.0014
HLA-K	novel	POOLED	130	1	0.0014
HLA-K	novel	POOLED	133	1	0.0014
HLA-K	novel	POOLED	134	1	0.0014
HLA-K	novel	POOLED	168	1	0.0014
HLA-K	novel	POOLED	184	1	0.0014
HLA-K	novel	POOLED	245	1	0.0014
HLA-K	novel	POOLED	252	1	0.0014
HLA-K	novel	POOLED	255	1	0.0014
HLA-K	novel	POOLED	324	1	0.0014
HLA-K	novel	POOLED	333	1	0.0014
HLA-K	novel	POOLED	387	1	0.0014
HLA-K	novel	POOLED	501	1	0.0014
HLA-K	novel	POOLED	647	1	0.0014
HLA-K	novel	POOLED	792	1	0.0014
HLA-K	novel	POOLED	1452	1	0.0014
HLA-K	novel	POOLED	1488	1	0.0014
HLA-L	all	AFR	1	135	0.8182
HLA-L	all	AFR	2	8	0.0485
HLA-L	all	AFR	3	2	0.0121
HLA-L	all	AFR	5	1	0.0061
HLA-L	all	AFR	7	3	0.0182
HLA-L	all	AFR	8	1	0.0061
HLA-L	all	AFR	11	1	0.0061
HLA-L	all	AFR	63	1	0.0061
HLA-L	all	AFR	73	1	0.0061
HLA-L	all	AFR	109	1	0.0061
HLA-L	all	AFR	201	1	0.0061
HLA-L	all	AFR	223	1	0.0061
HLA-L	all	AFR	254	1	0.0061
HLA-L	all	AFR	283	1	0.0061
HLA-L	all	AFR	298	1	0.0061
HLA-L	all	AFR	394	1	0.0061
HLA-L	all	AFR	457	1	0.0061
HLA-L	all	AFR	472	1	0.0061
HLA-L	all	AFR	567	1	0.0061
HLA-L	all	AFR	868	1	0.0061
HLA-L	all	AFR	1627	1	0.0061
HLA-L	all	AMR	1	129	0.8063
HLA-L	all	AMR	2	12	0.075
HLA-L	all	AMR	3	2	0.0125
HLA-L	all	AMR	4	2	0.0125
HLA-L	all	AMR	20	1	0.0063
HLA-L	all	AMR	37	1	0.0063
HLA-L	all	AMR	58	1	0.0063
HLA-L	all	AMR	73	1	0.0063
HLA-L	all	AMR	149	1	0.0063
HLA-L	all	AMR	203	1	0.0063
HLA-L	all	AMR	205	1	0.0063
HLA-L	all	AMR	235	1	0.0063
HLA-L	all	AMR	267	1	0.0063
HLA-L	all	AMR	279	1	0.0063
HLA-L	all	AMR	312	1	0.0063
HLA-L	all	AMR	321	1	0.0063
HLA-L	all	AMR	398	1	0.0063
HLA-L	all	AMR	1289	1	0.0063
HLA-L	all	AMR	1461	1	0.0063
HLA-L	all	EAS	1	63	0.7683
HLA-L	all	EAS	2	3	0.0366
HLA-L	all	EAS	3	1	0.0122
HLA-L	all	EAS	5	2	0.0244
HLA-L	all	EAS	7	1	0.0122
HLA-L	all	EAS	17	1	0.0122
HLA-L	all	EAS	18	1	0.0122
HLA-L	all	EAS	40	1	0.0122
HLA-L	all	EAS	45	1	0.0122
HLA-L	all	EAS	56	1	0.0122
HLA-L	all	EAS	67	1	0.0122
HLA-L	all	EAS	92	1	0.0122
HLA-L	all	EAS	141	1	0.0122
HLA-L	all	EAS	202	1	0.0122
HLA-L	all	EAS	404	1	0.0122
HLA-L	all	EAS	667	1	0.0122
HLA-L	all	EAS	1074	1	0.0122
HLA-L	all	EUR	1	125	0.8389
HLA-L	all	EUR	2	4	0.0268
HLA-L	all	EUR	3	5	0.0336
HLA-L	all	EUR	4	1	0.0067
HLA-L	all	EUR	8	1	0.0067
HLA-L	all	EUR	20	1	0.0067
HLA-L	all	EUR	62	1	0.0067
HLA-L	all	EUR	66	1	0.0067
HLA-L	all	EUR	180	1	0.0067
HLA-L	all	EUR	228	1	0.0067
HLA-L	all	EUR	272	1	0.0067
HLA-L	all	EUR	326	1	0.0067
HLA-L	all	EUR	363	1	0.0067
HLA-L	all	EUR	381	1	0.0067
HLA-L	all	EUR	407	1	0.0067
HLA-L	all	EUR	553	1	0.0067
HLA-L	all	EUR	1069	1	0.0067
HLA-L	all	EUR	1944	1	0.0067
HLA-L	all	MID	1	28	0.6512
HLA-L	all	MID	2	1	0.0233
HLA-L	all	MID	4	1	0.0233
HLA-L	all	MID	7	1	0.0233
HLA-L	all	MID	11	1	0.0233
HLA-L	all	MID	14	1	0.0233
HLA-L	all	MID	15	1	0.0233
HLA-L	all	MID	18	1	0.0233
HLA-L	all	MID	53	1	0.0233
HLA-L	all	MID	59	1	0.0233
HLA-L	all	MID	60	1	0.0233
HLA-L	all	MID	64	1	0.0233
HLA-L	all	MID	73	1	0.0233
HLA-L	all	MID	109	1	0.0233
HLA-L	all	MID	176	1	0.0233
HLA-L	all	MID	282	1	0.0233
HLA-L	all	SAS	1	61	0.7439
HLA-L	all	SAS	2	4	0.0488
HLA-L	all	SAS	3	1	0.0122
HLA-L	all	SAS	4	2	0.0244
HLA-L	all	SAS	5	2	0.0244
HLA-L	all	SAS	10	1	0.0122
HLA-L	all	SAS	13	1	0.0122
HLA-L	all	SAS	45	1	0.0122
HLA-L	all	SAS	58	1	0.0122
HLA-L	all	SAS	126	1	0.0122
HLA-L	all	SAS	127	1	0.0122
HLA-L	all	SAS	163	1	0.0122
HLA-L	all	SAS	177	1	0.0122
HLA-L	all	SAS	191	1	0.0122
HLA-L	all	SAS	244	1	0.0122
HLA-L	all	SAS	558	1	0.0122
HLA-L	all	SAS	679	1	0.0122
HLA-L	all	POOLED	1	472	0.8459
HLA-L	all	POOLED	2	40	0.0717
HLA-L	all	POOLED	3	11	0.0197
HLA-L	all	POOLED	4	8	0.0143
HLA-L	all	POOLED	5	2	0.0036
HLA-L	all	POOLED	6	2	0.0036
HLA-L	all	POOLED	7	1	0.0018
HLA-L	all	POOLED	8	2	0.0036
HLA-L	all	POOLED	10	1	0.0018
HLA-L	all	POOLED	11	1	0.0018
HLA-L	all	POOLED	13	1	0.0018
HLA-L	all	POOLED	16	1	0.0018
HLA-L	all	POOLED	44	1	0.0018
HLA-L	all	POOLED	119	1	0.0018
HLA-L	all	POOLED	350	1	0.0018
HLA-L	all	POOLED	356	1	0.0018
HLA-L	all	POOLED	510	1	0.0018
HLA-L	all	POOLED	752	1	0.0018
HLA-L	all	POOLED	801	1	0.0018
HLA-L	all	POOLED	946	1	0.0018
HLA-L	all	POOLED	1044	1	0.0018
HLA-L	all	POOLED	1095	1	0.0018
HLA-L	all	POOLED	1229	1	0.0018
HLA-L	all	POOLED	1328	1	0.0018
HLA-L	all	POOLED	1583	1	0.0018
HLA-L	all	POOLED	2088	1	0.0018
HLA-L	all	POOLED	4381	1	0.0018
HLA-L	all	POOLED	6672	1	0.0018
HLA-L	known	AFR	63	1	0.1667
HLA-L	known	AFR	201	1	0.1667
HLA-L	known	AFR	223	1	0.1667
HLA-L	known	AFR	394	1	0.1667
HLA-L	known	AFR	457	1	0.1667
HLA-L	known	AFR	1627	1	0.1667
HLA-L	known	AMR	203	1	0.1667
HLA-L	known	AMR	235	1	0.1667
HLA-L	known	AMR	267	1	0.1667
HLA-L	known	AMR	279	1	0.1667
HLA-L	known	AMR	1289	1	0.1667
HLA-L	known	AMR	1461	1	0.1667
HLA-L	known	EAS	7	1	0.1667
HLA-L	known	EAS	17	1	0.1667
HLA-L	known	EAS	18	1	0.1667
HLA-L	known	EAS	45	1	0.1667
HLA-L	known	EAS	667	1	0.1667
HLA-L	known	EAS	1074	1	0.1667
HLA-L	known	EUR	180	1	0.1667
HLA-L	known	EUR	363	1	0.1667
HLA-L	known	EUR	407	1	0.1667
HLA-L	known	EUR	553	1	0.1667
HLA-L	known	EUR	1069	1	0.1667
HLA-L	known	EUR	1944	1	0.1667
HLA-L	known	MID	15	1	0.1667
HLA-L	known	MID	18	1	0.1667
HLA-L	known	MID	60	1	0.1667
HLA-L	known	MID	73	1	0.1667
HLA-L	known	MID	176	1	0.1667
HLA-L	known	MID	282	1	0.1667
HLA-L	known	SAS	4	1	0.1667
HLA-L	known	SAS	5	1	0.1667
HLA-L	known	SAS	45	1	0.1667
HLA-L	known	SAS	177	1	0.1667
HLA-L	known	SAS	558	1	0.1667
HLA-L	known	SAS	679	1	0.1667
HLA-L	known	POOLED	801	1	0.1667
HLA-L	known	POOLED	946	1	0.1667
HLA-L	known	POOLED	1044	1	0.1667
HLA-L	known	POOLED	1328	1	0.1667
HLA-L	known	POOLED	4381	1	0.1667
HLA-L	known	POOLED	6672	1	0.1667
HLA-L	novel	AFR	1	135	0.8491
HLA-L	novel	AFR	2	8	0.0503
HLA-L	novel	AFR	3	2	0.0126
HLA-L	novel	AFR	5	1	0.0063
HLA-L	novel	AFR	7	3	0.0189
HLA-L	novel	AFR	8	1	0.0063
HLA-L	novel	AFR	11	1	0.0063
HLA-L	novel	AFR	73	1	0.0063
HLA-L	novel	AFR	109	1	0.0063
HLA-L	novel	AFR	254	1	0.0063
HLA-L	novel	AFR	283	1	0.0063
HLA-L	novel	AFR	298	1	0.0063
HLA-L	novel	AFR	472	1	0.0063
HLA-L	novel	AFR	567	1	0.0063
HLA-L	novel	AFR	868	1	0.0063
HLA-L	novel	AMR	1	129	0.8377
HLA-L	novel	AMR	2	12	0.0779
HLA-L	novel	AMR	3	2	0.013
HLA-L	novel	AMR	4	2	0.013
HLA-L	novel	AMR	20	1	0.0065
HLA-L	novel	AMR	37	1	0.0065
HLA-L	novel	AMR	58	1	0.0065
HLA-L	novel	AMR	73	1	0.0065
HLA-L	novel	AMR	149	1	0.0065
HLA-L	novel	AMR	205	1	0.0065
HLA-L	novel	AMR	312	1	0.0065
HLA-L	novel	AMR	321	1	0.0065
HLA-L	novel	AMR	398	1	0.0065
HLA-L	novel	EAS	1	63	0.8289
HLA-L	novel	EAS	2	3	0.0395
HLA-L	novel	EAS	3	1	0.0132
HLA-L	novel	EAS	5	2	0.0263
HLA-L	novel	EAS	40	1	0.0132
HLA-L	novel	EAS	56	1	0.0132
HLA-L	novel	EAS	67	1	0.0132
HLA-L	novel	EAS	92	1	0.0132
HLA-L	novel	EAS	141	1	0.0132
HLA-L	novel	EAS	202	1	0.0132
HLA-L	novel	EAS	404	1	0.0132
HLA-L	novel	EUR	1	125	0.8741
HLA-L	novel	EUR	2	4	0.028
HLA-L	novel	EUR	3	5	0.035
HLA-L	novel	EUR	4	1	0.007
HLA-L	novel	EUR	8	1	0.007
HLA-L	novel	EUR	20	1	0.007
HLA-L	novel	EUR	62	1	0.007
HLA-L	novel	EUR	66	1	0.007
HLA-L	novel	EUR	228	1	0.007
HLA-L	novel	EUR	272	1	0.007
HLA-L	novel	EUR	326	1	0.007
HLA-L	novel	EUR	381	1	0.007
HLA-L	novel	MID	1	28	0.7568
HLA-L	novel	MID	2	1	0.027
HLA-L	novel	MID	4	1	0.027
HLA-L	novel	MID	7	1	0.027
HLA-L	novel	MID	11	1	0.027
HLA-L	novel	MID	14	1	0.027
HLA-L	novel	MID	53	1	0.027
HLA-L	novel	MID	59	1	0.027
HLA-L	novel	MID	64	1	0.027
HLA-L	novel	MID	109	1	0.027
HLA-L	novel	SAS	1	61	0.8026
HLA-L	novel	SAS	2	4	0.0526
HLA-L	novel	SAS	3	1	0.0132
HLA-L	novel	SAS	4	1	0.0132
HLA-L	novel	SAS	5	1	0.0132
HLA-L	novel	SAS	10	1	0.0132
HLA-L	novel	SAS	13	1	0.0132
HLA-L	novel	SAS	58	1	0.0132
HLA-L	novel	SAS	126	1	0.0132
HLA-L	novel	SAS	127	1	0.0132
HLA-L	novel	SAS	163	1	0.0132
HLA-L	novel	SAS	191	1	0.0132
HLA-L	novel	SAS	244	1	0.0132
HLA-L	novel	POOLED	1	472	0.8551
HLA-L	novel	POOLED	2	40	0.0725
HLA-L	novel	POOLED	3	11	0.0199
HLA-L	novel	POOLED	4	8	0.0145
HLA-L	novel	POOLED	5	2	0.0036
HLA-L	novel	POOLED	6	2	0.0036
HLA-L	novel	POOLED	7	1	0.0018
HLA-L	novel	POOLED	8	2	0.0036
HLA-L	novel	POOLED	10	1	0.0018
HLA-L	novel	POOLED	11	1	0.0018
HLA-L	novel	POOLED	13	1	0.0018
HLA-L	novel	POOLED	16	1	0.0018
HLA-L	novel	POOLED	44	1	0.0018
HLA-L	novel	POOLED	119	1	0.0018
HLA-L	novel	POOLED	350	1	0.0018
HLA-L	novel	POOLED	356	1	0.0018
HLA-L	novel	POOLED	510	1	0.0018
HLA-L	novel	POOLED	752	1	0.0018
HLA-L	novel	POOLED	1095	1	0.0018
HLA-L	novel	POOLED	1229	1	0.0018
HLA-L	novel	POOLED	1583	1	0.0018
HLA-L	novel	POOLED	2088	1	0.0018
HLA-N	all	AFR	1	40	0.7407
HLA-N	all	AFR	2	6	0.1111
HLA-N	all	AFR	3	2	0.037
HLA-N	all	AFR	32	1	0.0185
HLA-N	all	AFR	257	1	0.0185
HLA-N	all	AFR	746	1	0.0185
HLA-N	all	AFR	770	1	0.0185
HLA-N	all	AFR	1631	1	0.0185
HLA-N	all	AFR	2611	1	0.0185
HLA-N	all	AMR	1	24	0.6667
HLA-N	all	AMR	2	4	0.1111
HLA-N	all	AMR	3	3	0.0833
HLA-N	all	AMR	186	1	0.0278
HLA-N	all	AMR	398	1	0.0278
HLA-N	all	AMR	931	1	0.0278
HLA-N	all	AMR	1150	1	0.0278
HLA-N	all	AMR	2768	1	0.0278
HLA-N	all	EAS	1	12	0.6667
HLA-N	all	EAS	2	1	0.0556
HLA-N	all	EAS	16	1	0.0556
HLA-N	all	EAS	202	1	0.0556
HLA-N	all	EAS	809	1	0.0556
HLA-N	all	EAS	923	1	0.0556
HLA-N	all	EAS	963	1	0.0556
HLA-N	all	EUR	1	26	0.7027
HLA-N	all	EUR	2	4	0.1081
HLA-N	all	EUR	3	1	0.027
HLA-N	all	EUR	6	1	0.027
HLA-N	all	EUR	337	1	0.027
HLA-N	all	EUR	378	1	0.027
HLA-N	all	EUR	927	1	0.027
HLA-N	all	EUR	1317	1	0.027
HLA-N	all	EUR	3034	1	0.027
HLA-N	all	MID	1	4	0.4444
HLA-N	all	MID	12	1	0.1111
HLA-N	all	MID	83	1	0.1111
HLA-N	all	MID	162	1	0.1111
HLA-N	all	MID	225	1	0.1111
HLA-N	all	MID	493	1	0.1111
HLA-N	all	SAS	1	13	0.7222
HLA-N	all	SAS	3	1	0.0556
HLA-N	all	SAS	128	1	0.0556
HLA-N	all	SAS	418	1	0.0556
HLA-N	all	SAS	744	1	0.0556
HLA-N	all	SAS	1169	1	0.0556
HLA-N	all	POOLED	1	80	0.7339
HLA-N	all	POOLED	2	7	0.0642
HLA-N	all	POOLED	3	7	0.0642
HLA-N	all	POOLED	4	2	0.0183
HLA-N	all	POOLED	5	4	0.0367
HLA-N	all	POOLED	7	2	0.0183
HLA-N	all	POOLED	15	1	0.0092
HLA-N	all	POOLED	34	1	0.0092
HLA-N	all	POOLED	854	1	0.0092
HLA-N	all	POOLED	1919	1	0.0092
HLA-N	all	POOLED	4884	1	0.0092
HLA-N	all	POOLED	5153	1	0.0092
HLA-N	all	POOLED	11026	1	0.0092
HLA-N	known	AFR	257	1	0.25
HLA-N	known	AFR	746	1	0.25
HLA-N	known	AFR	770	1	0.25
HLA-N	known	AFR	2611	1	0.25
HLA-N	known	AMR	186	1	0.25
HLA-N	known	AMR	398	1	0.25
HLA-N	known	AMR	1150	1	0.25
HLA-N	known	AMR	2768	1	0.25
HLA-N	known	EAS	16	1	0.25
HLA-N	known	EAS	202	1	0.25
HLA-N	known	EAS	923	1	0.25
HLA-N	known	EAS	963	1	0.25
HLA-N	known	EUR	337	1	0.25
HLA-N	known	EUR	378	1	0.25
HLA-N	known	EUR	1317	1	0.25
HLA-N	known	EUR	3034	1	0.25
HLA-N	known	MID	12	1	0.25
HLA-N	known	MID	83	1	0.25
HLA-N	known	MID	225	1	0.25
HLA-N	known	MID	493	1	0.25
HLA-N	known	SAS	3	1	0.25
HLA-N	known	SAS	128	1	0.25
HLA-N	known	SAS	744	1	0.25
HLA-N	known	SAS	1169	1	0.25
HLA-N	known	POOLED	854	1	0.25
HLA-N	known	POOLED	1919	1	0.25
HLA-N	known	POOLED	5153	1	0.25
HLA-N	known	POOLED	11026	1	0.25
HLA-N	novel	AFR	1	40	0.8
HLA-N	novel	AFR	2	6	0.12
HLA-N	novel	AFR	3	2	0.04
HLA-N	novel	AFR	32	1	0.02
HLA-N	novel	AFR	1631	1	0.02
HLA-N	novel	AMR	1	24	0.75
HLA-N	novel	AMR	2	4	0.125
HLA-N	novel	AMR	3	3	0.0938
HLA-N	novel	AMR	931	1	0.0312
HLA-N	novel	EAS	1	12	0.8571
HLA-N	novel	EAS	2	1	0.0714
HLA-N	novel	EAS	809	1	0.0714
HLA-N	novel	EUR	1	26	0.7879
HLA-N	novel	EUR	2	4	0.1212
HLA-N	novel	EUR	3	1	0.0303
HLA-N	novel	EUR	6	1	0.0303
HLA-N	novel	EUR	927	1	0.0303
HLA-N	novel	MID	1	4	0.8
HLA-N	novel	MID	162	1	0.2
HLA-N	novel	SAS	1	13	0.9286
HLA-N	novel	SAS	418	1	0.0714
HLA-N	novel	POOLED	1	80	0.7619
HLA-N	novel	POOLED	2	7	0.0667
HLA-N	novel	POOLED	3	7	0.0667
HLA-N	novel	POOLED	4	2	0.019
HLA-N	novel	POOLED	5	4	0.0381
HLA-N	novel	POOLED	7	2	0.019
HLA-N	novel	POOLED	15	1	0.0095
HLA-N	novel	POOLED	34	1	0.0095
HLA-N	novel	POOLED	4884	1	0.0095
HLA-P	all	AFR	1	112	0.8
HLA-P	all	AFR	2	7	0.05
HLA-P	all	AFR	3	3	0.0214
HLA-P	all	AFR	6	1	0.0071
HLA-P	all	AFR	7	1	0.0071
HLA-P	all	AFR	10	1	0.0071
HLA-P	all	AFR	11	1	0.0071
HLA-P	all	AFR	18	1	0.0071
HLA-P	all	AFR	74	1	0.0071
HLA-P	all	AFR	105	1	0.0071
HLA-P	all	AFR	132	1	0.0071
HLA-P	all	AFR	140	1	0.0071
HLA-P	all	AFR	147	1	0.0071
HLA-P	all	AFR	172	1	0.0071
HLA-P	all	AFR	462	1	0.0071
HLA-P	all	AFR	470	1	0.0071
HLA-P	all	AFR	583	1	0.0071
HLA-P	all	AFR	589	1	0.0071
HLA-P	all	AFR	659	1	0.0071
HLA-P	all	AFR	1150	1	0.0071
HLA-P	all	AFR	1217	1	0.0071
HLA-P	all	AMR	1	115	0.8519
HLA-P	all	AMR	2	2	0.0148
HLA-P	all	AMR	3	1	0.0074
HLA-P	all	AMR	4	1	0.0074
HLA-P	all	AMR	10	1	0.0074
HLA-P	all	AMR	14	1	0.0074
HLA-P	all	AMR	17	1	0.0074
HLA-P	all	AMR	22	1	0.0074
HLA-P	all	AMR	83	1	0.0074
HLA-P	all	AMR	149	1	0.0074
HLA-P	all	AMR	197	1	0.0074
HLA-P	all	AMR	198	1	0.0074
HLA-P	all	AMR	231	1	0.0074
HLA-P	all	AMR	328	1	0.0074
HLA-P	all	AMR	414	1	0.0074
HLA-P	all	AMR	447	1	0.0074
HLA-P	all	AMR	546	1	0.0074
HLA-P	all	AMR	570	1	0.0074
HLA-P	all	AMR	603	1	0.0074
HLA-P	all	AMR	1492	1	0.0074
HLA-P	all	EAS	1	64	0.7711
HLA-P	all	EAS	2	6	0.0723
HLA-P	all	EAS	6	1	0.012
HLA-P	all	EAS	15	1	0.012
HLA-P	all	EAS	29	1	0.012
HLA-P	all	EAS	31	1	0.012
HLA-P	all	EAS	42	1	0.012
HLA-P	all	EAS	78	1	0.012
HLA-P	all	EAS	108	1	0.012
HLA-P	all	EAS	126	1	0.012
HLA-P	all	EAS	150	1	0.012
HLA-P	all	EAS	241	1	0.012
HLA-P	all	EAS	503	1	0.012
HLA-P	all	EAS	706	1	0.012
HLA-P	all	EAS	805	1	0.012
HLA-P	all	EUR	1	140	0.8434
HLA-P	all	EUR	2	6	0.0361
HLA-P	all	EUR	3	1	0.006
HLA-P	all	EUR	7	1	0.006
HLA-P	all	EUR	8	2	0.012
HLA-P	all	EUR	10	2	0.012
HLA-P	all	EUR	13	1	0.006
HLA-P	all	EUR	39	1	0.006
HLA-P	all	EUR	108	1	0.006
HLA-P	all	EUR	128	1	0.006
HLA-P	all	EUR	142	1	0.006
HLA-P	all	EUR	204	1	0.006
HLA-P	all	EUR	214	1	0.006
HLA-P	all	EUR	347	1	0.006
HLA-P	all	EUR	381	1	0.006
HLA-P	all	EUR	459	1	0.006
HLA-P	all	EUR	492	1	0.006
HLA-P	all	EUR	786	1	0.006
HLA-P	all	EUR	939	1	0.006
HLA-P	all	EUR	1576	1	0.006
HLA-P	all	MID	1	15	0.5
HLA-P	all	MID	2	1	0.0333
HLA-P	all	MID	4	1	0.0333
HLA-P	all	MID	5	1	0.0333
HLA-P	all	MID	18	1	0.0333
HLA-P	all	MID	35	1	0.0333
HLA-P	all	MID	43	1	0.0333
HLA-P	all	MID	45	1	0.0333
HLA-P	all	MID	48	1	0.0333
HLA-P	all	MID	59	1	0.0333
HLA-P	all	MID	63	1	0.0333
HLA-P	all	MID	84	1	0.0333
HLA-P	all	MID	103	1	0.0333
HLA-P	all	MID	114	1	0.0333
HLA-P	all	MID	155	1	0.0333
HLA-P	all	MID	172	1	0.0333
HLA-P	all	SAS	1	61	0.7922
HLA-P	all	SAS	2	1	0.013
HLA-P	all	SAS	3	1	0.013
HLA-P	all	SAS	4	1	0.013
HLA-P	all	SAS	5	1	0.013
HLA-P	all	SAS	6	1	0.013
HLA-P	all	SAS	38	1	0.013
HLA-P	all	SAS	46	1	0.013
HLA-P	all	SAS	67	1	0.013
HLA-P	all	SAS	77	1	0.013
HLA-P	all	SAS	136	1	0.013
HLA-P	all	SAS	170	1	0.013
HLA-P	all	SAS	330	1	0.013
HLA-P	all	SAS	367	1	0.013
HLA-P	all	SAS	379	1	0.013
HLA-P	all	SAS	388	1	0.013
HLA-P	all	SAS	400	1	0.013
HLA-P	all	POOLED	1	432	0.8623
HLA-P	all	POOLED	2	28	0.0559
HLA-P	all	POOLED	3	12	0.024
HLA-P	all	POOLED	4	4	0.008
HLA-P	all	POOLED	6	2	0.004
HLA-P	all	POOLED	7	1	0.002
HLA-P	all	POOLED	10	1	0.002
HLA-P	all	POOLED	11	1	0.002
HLA-P	all	POOLED	12	1	0.002
HLA-P	all	POOLED	17	1	0.002
HLA-P	all	POOLED	18	1	0.002
HLA-P	all	POOLED	23	1	0.002
HLA-P	all	POOLED	34	1	0.002
HLA-P	all	POOLED	49	1	0.002
HLA-P	all	POOLED	68	1	0.002
HLA-P	all	POOLED	142	1	0.002
HLA-P	all	POOLED	474	1	0.002
HLA-P	all	POOLED	566	1	0.002
HLA-P	all	POOLED	916	1	0.002
HLA-P	all	POOLED	985	1	0.002
HLA-P	all	POOLED	1238	1	0.002
HLA-P	all	POOLED	1533	1	0.002
HLA-P	all	POOLED	1798	1	0.002
HLA-P	all	POOLED	2104	1	0.002
HLA-P	all	POOLED	2418	1	0.002
HLA-P	all	POOLED	2491	1	0.002
HLA-P	all	POOLED	2864	1	0.002
HLA-P	all	POOLED	5636	1	0.002
HLA-P	known	AFR	140	1	0.2
HLA-P	known	AFR	583	1	0.2
HLA-P	known	AFR	589	1	0.2
HLA-P	known	AFR	659	1	0.2
HLA-P	known	AFR	1217	1	0.2
HLA-P	known	AMR	198	1	0.2
HLA-P	known	AMR	447	1	0.2
HLA-P	known	AMR	546	1	0.2
HLA-P	known	AMR	570	1	0.2
HLA-P	known	AMR	1492	1	0.2
HLA-P	known	EAS	29	1	0.2
HLA-P	known	EAS	42	1	0.2
HLA-P	known	EAS	108	1	0.2
HLA-P	known	EAS	150	1	0.2
HLA-P	known	EAS	805	1	0.2
HLA-P	known	EUR	381	1	0.2
HLA-P	known	EUR	459	1	0.2
HLA-P	known	EUR	786	1	0.2
HLA-P	known	EUR	939	1	0.2
HLA-P	known	EUR	1576	1	0.2
HLA-P	known	MID	35	1	0.2
HLA-P	known	MID	84	1	0.2
HLA-P	known	MID	103	1	0.2
HLA-P	known	MID	155	1	0.2
HLA-P	known	MID	172	1	0.2
HLA-P	known	SAS	38	1	0.2
HLA-P	known	SAS	170	1	0.2
HLA-P	known	SAS	367	1	0.2
HLA-P	known	SAS	379	1	0.2
HLA-P	known	SAS	388	1	0.2
HLA-P	known	POOLED	916	1	0.2
HLA-P	known	POOLED	1798	1	0.2
HLA-P	known	POOLED	2418	1	0.2
HLA-P	known	POOLED	2864	1	0.2
HLA-P	known	POOLED	5636	1	0.2
HLA-P	novel	AFR	1	112	0.8296
HLA-P	novel	AFR	2	7	0.0519
HLA-P	novel	AFR	3	3	0.0222
HLA-P	novel	AFR	6	1	0.0074
HLA-P	novel	AFR	7	1	0.0074
HLA-P	novel	AFR	10	1	0.0074
HLA-P	novel	AFR	11	1	0.0074
HLA-P	novel	AFR	18	1	0.0074
HLA-P	novel	AFR	74	1	0.0074
HLA-P	novel	AFR	105	1	0.0074
HLA-P	novel	AFR	132	1	0.0074
HLA-P	novel	AFR	147	1	0.0074
HLA-P	novel	AFR	172	1	0.0074
HLA-P	novel	AFR	462	1	0.0074
HLA-P	novel	AFR	470	1	0.0074
HLA-P	novel	AFR	1150	1	0.0074
HLA-P	novel	AMR	1	115	0.8846
HLA-P	novel	AMR	2	2	0.0154
HLA-P	novel	AMR	3	1	0.0077
HLA-P	novel	AMR	4	1	0.0077
HLA-P	novel	AMR	10	1	0.0077
HLA-P	novel	AMR	14	1	0.0077
HLA-P	novel	AMR	17	1	0.0077
HLA-P	novel	AMR	22	1	0.0077
HLA-P	novel	AMR	83	1	0.0077
HLA-P	novel	AMR	149	1	0.0077
HLA-P	novel	AMR	197	1	0.0077
HLA-P	novel	AMR	231	1	0.0077
HLA-P	novel	AMR	328	1	0.0077
HLA-P	novel	AMR	414	1	0.0077
HLA-P	novel	AMR	603	1	0.0077
HLA-P	novel	EAS	1	64	0.8205
HLA-P	novel	EAS	2	6	0.0769
HLA-P	novel	EAS	6	1	0.0128
HLA-P	novel	EAS	15	1	0.0128
HLA-P	novel	EAS	31	1	0.0128
HLA-P	novel	EAS	78	1	0.0128
HLA-P	novel	EAS	126	1	0.0128
HLA-P	novel	EAS	241	1	0.0128
HLA-P	novel	EAS	503	1	0.0128
HLA-P	novel	EAS	706	1	0.0128
HLA-P	novel	EUR	1	140	0.8696
HLA-P	novel	EUR	2	6	0.0373
HLA-P	novel	EUR	3	1	0.0062
HLA-P	novel	EUR	7	1	0.0062
HLA-P	novel	EUR	8	2	0.0124
HLA-P	novel	EUR	10	2	0.0124
HLA-P	novel	EUR	13	1	0.0062
HLA-P	novel	EUR	39	1	0.0062
HLA-P	novel	EUR	108	1	0.0062
HLA-P	novel	EUR	128	1	0.0062
HLA-P	novel	EUR	142	1	0.0062
HLA-P	novel	EUR	204	1	0.0062
HLA-P	novel	EUR	214	1	0.0062
HLA-P	novel	EUR	347	1	0.0062
HLA-P	novel	EUR	492	1	0.0062
HLA-P	novel	MID	1	15	0.6
HLA-P	novel	MID	2	1	0.04
HLA-P	novel	MID	4	1	0.04
HLA-P	novel	MID	5	1	0.04
HLA-P	novel	MID	18	1	0.04
HLA-P	novel	MID	43	1	0.04
HLA-P	novel	MID	45	1	0.04
HLA-P	novel	MID	48	1	0.04
HLA-P	novel	MID	59	1	0.04
HLA-P	novel	MID	63	1	0.04
HLA-P	novel	MID	114	1	0.04
HLA-P	novel	SAS	1	61	0.8472
HLA-P	novel	SAS	2	1	0.0139
HLA-P	novel	SAS	3	1	0.0139
HLA-P	novel	SAS	4	1	0.0139
HLA-P	novel	SAS	5	1	0.0139
HLA-P	novel	SAS	6	1	0.0139
HLA-P	novel	SAS	46	1	0.0139
HLA-P	novel	SAS	67	1	0.0139
HLA-P	novel	SAS	77	1	0.0139
HLA-P	novel	SAS	136	1	0.0139
HLA-P	novel	SAS	330	1	0.0139
HLA-P	novel	SAS	400	1	0.0139
HLA-P	novel	POOLED	1	432	0.871
HLA-P	novel	POOLED	2	28	0.0565
HLA-P	novel	POOLED	3	12	0.0242
HLA-P	novel	POOLED	4	4	0.0081
HLA-P	novel	POOLED	6	2	0.004
HLA-P	novel	POOLED	7	1	0.002
HLA-P	novel	POOLED	10	1	0.002
HLA-P	novel	POOLED	11	1	0.002
HLA-P	novel	POOLED	12	1	0.002
HLA-P	novel	POOLED	17	1	0.002
HLA-P	novel	POOLED	18	1	0.002
HLA-P	novel	POOLED	23	1	0.002
HLA-P	novel	POOLED	34	1	0.002
HLA-P	novel	POOLED	49	1	0.002
HLA-P	novel	POOLED	68	1	0.002
HLA-P	novel	POOLED	142	1	0.002
HLA-P	novel	POOLED	474	1	0.002
HLA-P	novel	POOLED	566	1	0.002
HLA-P	novel	POOLED	985	1	0.002
HLA-P	novel	POOLED	1238	1	0.002
HLA-P	novel	POOLED	1533	1	0.002
HLA-P	novel	POOLED	2104	1	0.002
HLA-P	novel	POOLED	2491	1	0.002
HLA-S	all	AFR	1	49	0.6622
HLA-S	all	AFR	2	7	0.0946
HLA-S	all	AFR	3	2	0.027
HLA-S	all	AFR	5	1	0.0135
HLA-S	all	AFR	13	1	0.0135
HLA-S	all	AFR	18	1	0.0135
HLA-S	all	AFR	39	1	0.0135
HLA-S	all	AFR	44	1	0.0135
HLA-S	all	AFR	59	1	0.0135
HLA-S	all	AFR	81	1	0.0135
HLA-S	all	AFR	100	1	0.0135
HLA-S	all	AFR	107	1	0.0135
HLA-S	all	AFR	238	1	0.0135
HLA-S	all	AFR	376	1	0.0135
HLA-S	all	AFR	752	1	0.0135
HLA-S	all	AFR	757	1	0.0135
HLA-S	all	AFR	920	1	0.0135
HLA-S	all	AFR	985	1	0.0135
HLA-S	all	AFR	1551	1	0.0135
HLA-S	all	AMR	1	46	0.6765
HLA-S	all	AMR	2	4	0.0588
HLA-S	all	AMR	5	1	0.0147
HLA-S	all	AMR	6	1	0.0147
HLA-S	all	AMR	7	1	0.0147
HLA-S	all	AMR	8	2	0.0294
HLA-S	all	AMR	18	1	0.0147
HLA-S	all	AMR	29	1	0.0147
HLA-S	all	AMR	33	1	0.0147
HLA-S	all	AMR	67	1	0.0147
HLA-S	all	AMR	88	1	0.0147
HLA-S	all	AMR	185	1	0.0147
HLA-S	all	AMR	268	1	0.0147
HLA-S	all	AMR	296	1	0.0147
HLA-S	all	AMR	542	1	0.0147
HLA-S	all	AMR	655	1	0.0147
HLA-S	all	AMR	688	1	0.0147
HLA-S	all	AMR	717	1	0.0147
HLA-S	all	AMR	1771	1	0.0147
HLA-S	all	EAS	1	32	0.6809
HLA-S	all	EAS	2	1	0.0213
HLA-S	all	EAS	6	1	0.0213
HLA-S	all	EAS	13	1	0.0213
HLA-S	all	EAS	14	1	0.0213
HLA-S	all	EAS	18	1	0.0213
HLA-S	all	EAS	60	1	0.0213
HLA-S	all	EAS	67	1	0.0213
HLA-S	all	EAS	99	1	0.0213
HLA-S	all	EAS	103	1	0.0213
HLA-S	all	EAS	182	1	0.0213
HLA-S	all	EAS	195	1	0.0213
HLA-S	all	EAS	221	1	0.0213
HLA-S	all	EAS	421	1	0.0213
HLA-S	all	EAS	507	1	0.0213
HLA-S	all	EAS	987	1	0.0213
HLA-S	all	EUR	1	47	0.7121
HLA-S	all	EUR	2	1	0.0152
HLA-S	all	EUR	3	2	0.0303
HLA-S	all	EUR	4	1	0.0152
HLA-S	all	EUR	5	1	0.0152
HLA-S	all	EUR	7	1	0.0152
HLA-S	all	EUR	8	1	0.0152
HLA-S	all	EUR	13	1	0.0152
HLA-S	all	EUR	21	1	0.0152
HLA-S	all	EUR	30	1	0.0152
HLA-S	all	EUR	43	1	0.0152
HLA-S	all	EUR	212	1	0.0152
HLA-S	all	EUR	287	1	0.0152
HLA-S	all	EUR	370	1	0.0152
HLA-S	all	EUR	523	1	0.0152
HLA-S	all	EUR	604	1	0.0152
HLA-S	all	EUR	745	1	0.0152
HLA-S	all	EUR	975	1	0.0152
HLA-S	all	EUR	2119	1	0.0152
HLA-S	all	MID	1	8	0.3478
HLA-S	all	MID	2	2	0.087
HLA-S	all	MID	4	2	0.087
HLA-S	all	MID	6	1	0.0435
HLA-S	all	MID	7	1	0.0435
HLA-S	all	MID	13	1	0.0435
HLA-S	all	MID	20	1	0.0435
HLA-S	all	MID	37	1	0.0435
HLA-S	all	MID	73	1	0.0435
HLA-S	all	MID	98	1	0.0435
HLA-S	all	MID	112	1	0.0435
HLA-S	all	MID	120	1	0.0435
HLA-S	all	MID	154	1	0.0435
HLA-S	all	MID	311	1	0.0435
HLA-S	all	SAS	1	24	0.5854
HLA-S	all	SAS	2	3	0.0732
HLA-S	all	SAS	7	1	0.0244
HLA-S	all	SAS	11	1	0.0244
HLA-S	all	SAS	17	1	0.0244
HLA-S	all	SAS	20	1	0.0244
HLA-S	all	SAS	27	1	0.0244
HLA-S	all	SAS	32	1	0.0244
HLA-S	all	SAS	54	1	0.0244
HLA-S	all	SAS	124	1	0.0244
HLA-S	all	SAS	178	1	0.0244
HLA-S	all	SAS	195	1	0.0244
HLA-S	all	SAS	265	1	0.0244
HLA-S	all	SAS	319	1	0.0244
HLA-S	all	SAS	439	1	0.0244
HLA-S	all	SAS	751	1	0.0244
HLA-S	all	POOLED	1	161	0.7778
HLA-S	all	POOLED	2	16	0.0773
HLA-S	all	POOLED	3	6	0.029
HLA-S	all	POOLED	4	3	0.0145
HLA-S	all	POOLED	5	1	0.0048
HLA-S	all	POOLED	6	1	0.0048
HLA-S	all	POOLED	9	1	0.0048
HLA-S	all	POOLED	27	2	0.0097
HLA-S	all	POOLED	37	1	0.0048
HLA-S	all	POOLED	56	1	0.0048
HLA-S	all	POOLED	110	1	0.0048
HLA-S	all	POOLED	133	1	0.0048
HLA-S	all	POOLED	149	1	0.0048
HLA-S	all	POOLED	162	1	0.0048
HLA-S	all	POOLED	178	1	0.0048
HLA-S	all	POOLED	470	1	0.0048
HLA-S	all	POOLED	563	1	0.0048
HLA-S	all	POOLED	1470	1	0.0048
HLA-S	all	POOLED	1798	1	0.0048
HLA-S	all	POOLED	2340	1	0.0048
HLA-S	all	POOLED	2653	1	0.0048
HLA-S	all	POOLED	2728	1	0.0048
HLA-S	all	POOLED	4146	1	0.0048
HLA-S	all	POOLED	6703	1	0.0048
HLA-S	known	AFR	107	1	0.1667
HLA-S	known	AFR	752	1	0.1667
HLA-S	known	AFR	757	1	0.1667
HLA-S	known	AFR	920	1	0.1667
HLA-S	known	AFR	985	1	0.1667
HLA-S	known	AFR	1551	1	0.1667
HLA-S	known	AMR	268	1	0.1667
HLA-S	known	AMR	296	1	0.1667
HLA-S	known	AMR	542	1	0.1667
HLA-S	known	AMR	655	1	0.1667
HLA-S	known	AMR	688	1	0.1667
HLA-S	known	AMR	1771	1	0.1667
HLA-S	known	EAS	99	1	0.1667
HLA-S	known	EAS	182	1	0.1667
HLA-S	known	EAS	221	1	0.1667
HLA-S	known	EAS	421	1	0.1667
HLA-S	known	EAS	507	1	0.1667
HLA-S	known	EAS	987	1	0.1667
HLA-S	known	EUR	287	1	0.1667
HLA-S	known	EUR	370	1	0.1667
HLA-S	known	EUR	523	1	0.1667
HLA-S	known	EUR	745	1	0.1667
HLA-S	known	EUR	975	1	0.1667
HLA-S	known	EUR	2119	1	0.1667
HLA-S	known	MID	37	1	0.1667
HLA-S	known	MID	73	1	0.1667
HLA-S	known	MID	98	1	0.1667
HLA-S	known	MID	112	1	0.1667
HLA-S	known	MID	154	1	0.1667
HLA-S	known	MID	311	1	0.1667
HLA-S	known	SAS	124	1	0.1667
HLA-S	known	SAS	178	1	0.1667
HLA-S	known	SAS	195	1	0.1667
HLA-S	known	SAS	265	1	0.1667
HLA-S	known	SAS	439	1	0.1667
HLA-S	known	SAS	751	1	0.1667
HLA-S	known	POOLED	1470	1	0.1667
HLA-S	known	POOLED	1798	1	0.1667
HLA-S	known	POOLED	2653	1	0.1667
HLA-S	known	POOLED	2728	1	0.1667
HLA-S	known	POOLED	4146	1	0.1667
HLA-S	known	POOLED	6703	1	0.1667
HLA-S	novel	AFR	1	49	0.7206
HLA-S	novel	AFR	2	7	0.1029
HLA-S	novel	AFR	3	2	0.0294
HLA-S	novel	AFR	5	1	0.0147
HLA-S	novel	AFR	13	1	0.0147
HLA-S	novel	AFR	18	1	0.0147
HLA-S	novel	AFR	39	1	0.0147
HLA-S	novel	AFR	44	1	0.0147
HLA-S	novel	AFR	59	1	0.0147
HLA-S	novel	AFR	81	1	0.0147
HLA-S	novel	AFR	100	1	0.0147
HLA-S	novel	AFR	238	1	0.0147
HLA-S	novel	AFR	376	1	0.0147
HLA-S	novel	AMR	1	46	0.7419
HLA-S	novel	AMR	2	4	0.0645
HLA-S	novel	AMR	5	1	0.0161
HLA-S	novel	AMR	6	1	0.0161
HLA-S	novel	AMR	7	1	0.0161
HLA-S	novel	AMR	8	2	0.0323
HLA-S	novel	AMR	18	1	0.0161
HLA-S	novel	AMR	29	1	0.0161
HLA-S	novel	AMR	33	1	0.0161
HLA-S	novel	AMR	67	1	0.0161
HLA-S	novel	AMR	88	1	0.0161
HLA-S	novel	AMR	185	1	0.0161
HLA-S	novel	AMR	717	1	0.0161
HLA-S	novel	EAS	1	32	0.7805
HLA-S	novel	EAS	2	1	0.0244
HLA-S	novel	EAS	6	1	0.0244
HLA-S	novel	EAS	13	1	0.0244
HLA-S	novel	EAS	14	1	0.0244
HLA-S	novel	EAS	18	1	0.0244
HLA-S	novel	EAS	60	1	0.0244
HLA-S	novel	EAS	67	1	0.0244
HLA-S	novel	EAS	103	1	0.0244
HLA-S	novel	EAS	195	1	0.0244
HLA-S	novel	EUR	1	47	0.7833
HLA-S	novel	EUR	2	1	0.0167
HLA-S	novel	EUR	3	2	0.0333
HLA-S	novel	EUR	4	1	0.0167
HLA-S	novel	EUR	5	1	0.0167
HLA-S	novel	EUR	7	1	0.0167
HLA-S	novel	EUR	8	1	0.0167
HLA-S	novel	EUR	13	1	0.0167
HLA-S	novel	EUR	21	1	0.0167
HLA-S	novel	EUR	30	1	0.0167
HLA-S	novel	EUR	43	1	0.0167
HLA-S	novel	EUR	212	1	0.0167
HLA-S	novel	EUR	604	1	0.0167
HLA-S	novel	MID	1	8	0.4706
HLA-S	novel	MID	2	2	0.1176
HLA-S	novel	MID	4	2	0.1176
HLA-S	novel	MID	6	1	0.0588
HLA-S	novel	MID	7	1	0.0588
HLA-S	novel	MID	13	1	0.0588
HLA-S	novel	MID	20	1	0.0588
HLA-S	novel	MID	120	1	0.0588
HLA-S	novel	SAS	1	24	0.6857
HLA-S	novel	SAS	2	3	0.0857
HLA-S	novel	SAS	7	1	0.0286
HLA-S	novel	SAS	11	1	0.0286
HLA-S	novel	SAS	17	1	0.0286
HLA-S	novel	SAS	20	1	0.0286
HLA-S	novel	SAS	27	1	0.0286
HLA-S	novel	SAS	32	1	0.0286
HLA-S	novel	SAS	54	1	0.0286
HLA-S	novel	SAS	319	1	0.0286
HLA-S	novel	POOLED	1	161	0.801
HLA-S	novel	POOLED	2	16	0.0796
HLA-S	novel	POOLED	3	6	0.0299
HLA-S	novel	POOLED	4	3	0.0149
HLA-S	novel	POOLED	5	1	0.005
HLA-S	novel	POOLED	6	1	0.005
HLA-S	novel	POOLED	9	1	0.005
HLA-S	novel	POOLED	27	2	0.01
HLA-S	novel	POOLED	37	1	0.005
HLA-S	novel	POOLED	56	1	0.005
HLA-S	novel	POOLED	110	1	0.005
HLA-S	novel	POOLED	133	1	0.005
HLA-S	novel	POOLED	149	1	0.005
HLA-S	novel	POOLED	162	1	0.005
HLA-S	novel	POOLED	178	1	0.005
HLA-S	novel	POOLED	470	1	0.005
HLA-S	novel	POOLED	563	1	0.005
HLA-S	novel	POOLED	2340	1	0.005
HLA-T	all	AFR	1	77	0.7476
HLA-T	all	AFR	2	10	0.0971
HLA-T	all	AFR	3	1	0.0097
HLA-T	all	AFR	9	1	0.0097
HLA-T	all	AFR	13	1	0.0097
HLA-T	all	AFR	17	1	0.0097
HLA-T	all	AFR	36	1	0.0097
HLA-T	all	AFR	77	1	0.0097
HLA-T	all	AFR	187	1	0.0097
HLA-T	all	AFR	215	1	0.0097
HLA-T	all	AFR	227	1	0.0097
HLA-T	all	AFR	230	1	0.0097
HLA-T	all	AFR	231	1	0.0097
HLA-T	all	AFR	434	1	0.0097
HLA-T	all	AFR	480	1	0.0097
HLA-T	all	AFR	502	1	0.0097
HLA-T	all	AFR	682	1	0.0097
HLA-T	all	AFR	1828	1	0.0097
HLA-T	all	AMR	1	69	0.7419
HLA-T	all	AMR	2	7	0.0753
HLA-T	all	AMR	3	1	0.0108
HLA-T	all	AMR	5	1	0.0108
HLA-T	all	AMR	10	1	0.0108
HLA-T	all	AMR	11	1	0.0108
HLA-T	all	AMR	20	1	0.0108
HLA-T	all	AMR	99	1	0.0108
HLA-T	all	AMR	117	1	0.0108
HLA-T	all	AMR	135	1	0.0108
HLA-T	all	AMR	210	1	0.0108
HLA-T	all	AMR	255	1	0.0108
HLA-T	all	AMR	321	1	0.0108
HLA-T	all	AMR	344	1	0.0108
HLA-T	all	AMR	346	1	0.0108
HLA-T	all	AMR	395	1	0.0108
HLA-T	all	AMR	428	1	0.0108
HLA-T	all	AMR	856	1	0.0108
HLA-T	all	AMR	936	1	0.0108
HLA-T	all	EAS	1	29	0.617
HLA-T	all	EAS	2	4	0.0851
HLA-T	all	EAS	3	1	0.0213
HLA-T	all	EAS	4	1	0.0213
HLA-T	all	EAS	8	1	0.0213
HLA-T	all	EAS	31	1	0.0213
HLA-T	all	EAS	43	1	0.0213
HLA-T	all	EAS	64	1	0.0213
HLA-T	all	EAS	69	1	0.0213
HLA-T	all	EAS	116	1	0.0213
HLA-T	all	EAS	121	1	0.0213
HLA-T	all	EAS	126	1	0.0213
HLA-T	all	EAS	148	1	0.0213
HLA-T	all	EAS	298	1	0.0213
HLA-T	all	EAS	493	1	0.0213
HLA-T	all	EAS	670	1	0.0213
HLA-T	all	EUR	1	70	0.7447
HLA-T	all	EUR	2	6	0.0638
HLA-T	all	EUR	3	1	0.0106
HLA-T	all	EUR	7	1	0.0106
HLA-T	all	EUR	13	1	0.0106
HLA-T	all	EUR	14	1	0.0106
HLA-T	all	EUR	17	1	0.0106
HLA-T	all	EUR	22	1	0.0106
HLA-T	all	EUR	61	1	0.0106
HLA-T	all	EUR	70	1	0.0106
HLA-T	all	EUR	173	1	0.0106
HLA-T	all	EUR	205	1	0.0106
HLA-T	all	EUR	229	1	0.0106
HLA-T	all	EUR	315	1	0.0106
HLA-T	all	EUR	476	1	0.0106
HLA-T	all	EUR	561	1	0.0106
HLA-T	all	EUR	592	1	0.0106
HLA-T	all	EUR	717	1	0.0106
HLA-T	all	EUR	828	1	0.0106
HLA-T	all	EUR	895	1	0.0106
HLA-T	all	MID	1	10	0.3846
HLA-T	all	MID	3	3	0.1154
HLA-T	all	MID	7	1	0.0385
HLA-T	all	MID	21	2	0.0769
HLA-T	all	MID	23	1	0.0385
HLA-T	all	MID	27	1	0.0385
HLA-T	all	MID	35	1	0.0385
HLA-T	all	MID	47	1	0.0385
HLA-T	all	MID	52	1	0.0385
HLA-T	all	MID	72	1	0.0385
HLA-T	all	MID	81	1	0.0385
HLA-T	all	MID	82	1	0.0385
HLA-T	all	MID	115	1	0.0385
HLA-T	all	MID	189	1	0.0385
HLA-T	all	SAS	1	25	0.625
HLA-T	all	SAS	3	1	0.025
HLA-T	all	SAS	5	2	0.05
HLA-T	all	SAS	8	1	0.025
HLA-T	all	SAS	21	1	0.025
HLA-T	all	SAS	31	1	0.025
HLA-T	all	SAS	59	1	0.025
HLA-T	all	SAS	68	1	0.025
HLA-T	all	SAS	178	1	0.025
HLA-T	all	SAS	180	1	0.025
HLA-T	all	SAS	243	1	0.025
HLA-T	all	SAS	256	1	0.025
HLA-T	all	SAS	263	1	0.025
HLA-T	all	SAS	343	1	0.025
HLA-T	all	SAS	352	1	0.025
HLA-T	all	POOLED	1	243	0.8154
HLA-T	all	POOLED	2	25	0.0839
HLA-T	all	POOLED	3	6	0.0201
HLA-T	all	POOLED	4	2	0.0067
HLA-T	all	POOLED	5	4	0.0134
HLA-T	all	POOLED	7	1	0.0034
HLA-T	all	POOLED	20	1	0.0034
HLA-T	all	POOLED	45	1	0.0034
HLA-T	all	POOLED	75	1	0.0034
HLA-T	all	POOLED	80	1	0.0034
HLA-T	all	POOLED	123	1	0.0034
HLA-T	all	POOLED	259	1	0.0034
HLA-T	all	POOLED	426	1	0.0034
HLA-T	all	POOLED	555	1	0.0034
HLA-T	all	POOLED	700	1	0.0034
HLA-T	all	POOLED	1130	1	0.0034
HLA-T	all	POOLED	1429	1	0.0034
HLA-T	all	POOLED	1503	1	0.0034
HLA-T	all	POOLED	1917	1	0.0034
HLA-T	all	POOLED	1940	1	0.0034
HLA-T	all	POOLED	2305	1	0.0034
HLA-T	all	POOLED	3455	1	0.0034
HLA-T	all	POOLED	3915	1	0.0034
HLA-T	known	AFR	77	1	0.1429
HLA-T	known	AFR	187	1	0.1429
HLA-T	known	AFR	215	1	0.1429
HLA-T	known	AFR	230	1	0.1429
HLA-T	known	AFR	434	1	0.1429
HLA-T	known	AFR	502	1	0.1429
HLA-T	known	AFR	682	1	0.1429
HLA-T	known	AMR	135	1	0.1429
HLA-T	known	AMR	210	1	0.1429
HLA-T	known	AMR	321	1	0.1429
HLA-T	known	AMR	344	1	0.1429
HLA-T	known	AMR	346	1	0.1429
HLA-T	known	AMR	395	1	0.1429
HLA-T	known	AMR	856	1	0.1429
HLA-T	known	EAS	8	1	0.1429
HLA-T	known	EAS	43	1	0.1429
HLA-T	known	EAS	64	1	0.1429
HLA-T	known	EAS	69	1	0.1429
HLA-T	known	EAS	126	1	0.1429
HLA-T	known	EAS	298	1	0.1429
HLA-T	known	EAS	670	1	0.1429
HLA-T	known	EUR	173	1	0.1429
HLA-T	known	EUR	205	1	0.1429
HLA-T	known	EUR	229	1	0.1429
HLA-T	known	EUR	315	1	0.1429
HLA-T	known	EUR	717	1	0.1429
HLA-T	known	EUR	828	1	0.1429
HLA-T	known	EUR	895	1	0.1429
HLA-T	known	MID	21	1	0.1429
HLA-T	known	MID	23	1	0.1429
HLA-T	known	MID	35	1	0.1429
HLA-T	known	MID	52	1	0.1429
HLA-T	known	MID	81	1	0.1429
HLA-T	known	MID	82	1	0.1429
HLA-T	known	MID	115	1	0.1429
HLA-T	known	SAS	31	1	0.1429
HLA-T	known	SAS	59	1	0.1429
HLA-T	known	SAS	68	1	0.1429
HLA-T	known	SAS	178	1	0.1429
HLA-T	known	SAS	180	1	0.1429
HLA-T	known	SAS	263	1	0.1429
HLA-T	known	SAS	343	1	0.1429
HLA-T	known	POOLED	555	1	0.1429
HLA-T	known	POOLED	700	1	0.1429
HLA-T	known	POOLED	1130	1	0.1429
HLA-T	known	POOLED	1429	1	0.1429
HLA-T	known	POOLED	1917	1	0.1429
HLA-T	known	POOLED	1940	1	0.1429
HLA-T	known	POOLED	3455	1	0.1429
HLA-T	novel	AFR	1	77	0.8021
HLA-T	novel	AFR	2	10	0.1042
HLA-T	novel	AFR	3	1	0.0104
HLA-T	novel	AFR	9	1	0.0104
HLA-T	novel	AFR	13	1	0.0104
HLA-T	novel	AFR	17	1	0.0104
HLA-T	novel	AFR	36	1	0.0104
HLA-T	novel	AFR	227	1	0.0104
HLA-T	novel	AFR	231	1	0.0104
HLA-T	novel	AFR	480	1	0.0104
HLA-T	novel	AFR	1828	1	0.0104
HLA-T	novel	AMR	1	69	0.8023
HLA-T	novel	AMR	2	7	0.0814
HLA-T	novel	AMR	3	1	0.0116
HLA-T	novel	AMR	5	1	0.0116
HLA-T	novel	AMR	10	1	0.0116
HLA-T	novel	AMR	11	1	0.0116
HLA-T	novel	AMR	20	1	0.0116
HLA-T	novel	AMR	99	1	0.0116
HLA-T	novel	AMR	117	1	0.0116
HLA-T	novel	AMR	255	1	0.0116
HLA-T	novel	AMR	428	1	0.0116
HLA-T	novel	AMR	936	1	0.0116
HLA-T	novel	EAS	1	29	0.725
HLA-T	novel	EAS	2	4	0.1
HLA-T	novel	EAS	3	1	0.025
HLA-T	novel	EAS	4	1	0.025
HLA-T	novel	EAS	31	1	0.025
HLA-T	novel	EAS	116	1	0.025
HLA-T	novel	EAS	121	1	0.025
HLA-T	novel	EAS	148	1	0.025
HLA-T	novel	EAS	493	1	0.025
HLA-T	novel	EUR	1	70	0.8046
HLA-T	novel	EUR	2	6	0.069
HLA-T	novel	EUR	3	1	0.0115
HLA-T	novel	EUR	7	1	0.0115
HLA-T	novel	EUR	13	1	0.0115
HLA-T	novel	EUR	14	1	0.0115
HLA-T	novel	EUR	17	1	0.0115
HLA-T	novel	EUR	22	1	0.0115
HLA-T	novel	EUR	61	1	0.0115
HLA-T	novel	EUR	70	1	0.0115
HLA-T	novel	EUR	476	1	0.0115
HLA-T	novel	EUR	561	1	0.0115
HLA-T	novel	EUR	592	1	0.0115
HLA-T	novel	MID	1	10	0.5263
HLA-T	novel	MID	3	3	0.1579
HLA-T	novel	MID	7	1	0.0526
HLA-T	novel	MID	21	1	0.0526
HLA-T	novel	MID	27	1	0.0526
HLA-T	novel	MID	47	1	0.0526
HLA-T	novel	MID	72	1	0.0526
HLA-T	novel	MID	189	1	0.0526
HLA-T	novel	SAS	1	25	0.7576
HLA-T	novel	SAS	3	1	0.0303
HLA-T	novel	SAS	5	2	0.0606
HLA-T	novel	SAS	8	1	0.0303
HLA-T	novel	SAS	21	1	0.0303
HLA-T	novel	SAS	243	1	0.0303
HLA-T	novel	SAS	256	1	0.0303
HLA-T	novel	SAS	352	1	0.0303
HLA-T	novel	POOLED	1	243	0.8351
HLA-T	novel	POOLED	2	25	0.0859
HLA-T	novel	POOLED	3	6	0.0206
HLA-T	novel	POOLED	4	2	0.0069
HLA-T	novel	POOLED	5	4	0.0137
HLA-T	novel	POOLED	7	1	0.0034
HLA-T	novel	POOLED	20	1	0.0034
HLA-T	novel	POOLED	45	1	0.0034
HLA-T	novel	POOLED	75	1	0.0034
HLA-T	novel	POOLED	80	1	0.0034
HLA-T	novel	POOLED	123	1	0.0034
HLA-T	novel	POOLED	259	1	0.0034
HLA-T	novel	POOLED	426	1	0.0034
HLA-T	novel	POOLED	1503	1	0.0034
HLA-T	novel	POOLED	2305	1	0.0034
HLA-T	novel	POOLED	3915	1	0.0034
HLA-U	all	AFR	1	55	0.6395
HLA-U	all	AFR	2	5	0.0581
HLA-U	all	AFR	4	2	0.0233
HLA-U	all	AFR	5	2	0.0233
HLA-U	all	AFR	7	1	0.0116
HLA-U	all	AFR	8	1	0.0116
HLA-U	all	AFR	9	2	0.0233
HLA-U	all	AFR	10	1	0.0116
HLA-U	all	AFR	11	1	0.0116
HLA-U	all	AFR	14	1	0.0116
HLA-U	all	AFR	25	1	0.0116
HLA-U	all	AFR	49	1	0.0116
HLA-U	all	AFR	58	1	0.0116
HLA-U	all	AFR	69	1	0.0116
HLA-U	all	AFR	80	1	0.0116
HLA-U	all	AFR	189	1	0.0116
HLA-U	all	AFR	220	1	0.0116
HLA-U	all	AFR	221	1	0.0116
HLA-U	all	AFR	325	1	0.0116
HLA-U	all	AFR	390	1	0.0116
HLA-U	all	AFR	405	1	0.0116
HLA-U	all	AFR	421	1	0.0116
HLA-U	all	AFR	428	1	0.0116
HLA-U	all	AFR	528	1	0.0116
HLA-U	all	AFR	1654	1	0.0116
HLA-U	all	AMR	1	47	0.6528
HLA-U	all	AMR	2	6	0.0833
HLA-U	all	AMR	3	2	0.0278
HLA-U	all	AMR	9	1	0.0139
HLA-U	all	AMR	10	1	0.0139
HLA-U	all	AMR	14	1	0.0139
HLA-U	all	AMR	15	1	0.0139
HLA-U	all	AMR	59	1	0.0139
HLA-U	all	AMR	134	1	0.0139
HLA-U	all	AMR	137	1	0.0139
HLA-U	all	AMR	144	1	0.0139
HLA-U	all	AMR	185	1	0.0139
HLA-U	all	AMR	217	1	0.0139
HLA-U	all	AMR	233	1	0.0139
HLA-U	all	AMR	243	1	0.0139
HLA-U	all	AMR	247	1	0.0139
HLA-U	all	AMR	339	1	0.0139
HLA-U	all	AMR	388	1	0.0139
HLA-U	all	AMR	396	1	0.0139
HLA-U	all	AMR	1702	1	0.0139
HLA-U	all	EAS	1	21	0.5676
HLA-U	all	EAS	2	2	0.0541
HLA-U	all	EAS	3	1	0.027
HLA-U	all	EAS	4	1	0.027
HLA-U	all	EAS	6	1	0.027
HLA-U	all	EAS	8	1	0.027
HLA-U	all	EAS	20	1	0.027
HLA-U	all	EAS	41	1	0.027
HLA-U	all	EAS	63	1	0.027
HLA-U	all	EAS	65	1	0.027
HLA-U	all	EAS	68	1	0.027
HLA-U	all	EAS	70	1	0.027
HLA-U	all	EAS	106	1	0.027
HLA-U	all	EAS	282	1	0.027
HLA-U	all	EAS	624	1	0.027
HLA-U	all	EAS	833	1	0.027
HLA-U	all	EUR	1	59	0.7284
HLA-U	all	EUR	2	6	0.0741
HLA-U	all	EUR	6	1	0.0123
HLA-U	all	EUR	14	1	0.0123
HLA-U	all	EUR	15	1	0.0123
HLA-U	all	EUR	22	1	0.0123
HLA-U	all	EUR	86	1	0.0123
HLA-U	all	EUR	88	1	0.0123
HLA-U	all	EUR	142	2	0.0247
HLA-U	all	EUR	204	1	0.0123
HLA-U	all	EUR	226	1	0.0123
HLA-U	all	EUR	235	1	0.0123
HLA-U	all	EUR	337	1	0.0123
HLA-U	all	EUR	554	1	0.0123
HLA-U	all	EUR	725	1	0.0123
HLA-U	all	EUR	864	1	0.0123
HLA-U	all	EUR	1510	1	0.0123
HLA-U	all	MID	1	9	0.3462
HLA-U	all	MID	2	2	0.0769
HLA-U	all	MID	3	1	0.0385
HLA-U	all	MID	4	2	0.0769
HLA-U	all	MID	10	1	0.0385
HLA-U	all	MID	26	1	0.0385
HLA-U	all	MID	37	1	0.0385
HLA-U	all	MID	38	2	0.0769
HLA-U	all	MID	39	1	0.0385
HLA-U	all	MID	43	1	0.0385
HLA-U	all	MID	46	1	0.0385
HLA-U	all	MID	59	1	0.0385
HLA-U	all	MID	79	1	0.0385
HLA-U	all	MID	121	1	0.0385
HLA-U	all	MID	241	1	0.0385
HLA-U	all	SAS	1	19	0.5588
HLA-U	all	SAS	3	1	0.0294
HLA-U	all	SAS	4	1	0.0294
HLA-U	all	SAS	5	1	0.0294
HLA-U	all	SAS	6	1	0.0294
HLA-U	all	SAS	32	1	0.0294
HLA-U	all	SAS	36	1	0.0294
HLA-U	all	SAS	66	1	0.0294
HLA-U	all	SAS	85	1	0.0294
HLA-U	all	SAS	103	1	0.0294
HLA-U	all	SAS	153	1	0.0294
HLA-U	all	SAS	182	1	0.0294
HLA-U	all	SAS	268	1	0.0294
HLA-U	all	SAS	335	1	0.0294
HLA-U	all	SAS	354	1	0.0294
HLA-U	all	SAS	379	1	0.0294
HLA-U	all	POOLED	1	188	0.8
HLA-U	all	POOLED	2	14	0.0596
HLA-U	all	POOLED	3	3	0.0128
HLA-U	all	POOLED	4	4	0.017
HLA-U	all	POOLED	5	2	0.0085
HLA-U	all	POOLED	7	1	0.0043
HLA-U	all	POOLED	9	2	0.0085
HLA-U	all	POOLED	10	2	0.0085
HLA-U	all	POOLED	12	1	0.0043
HLA-U	all	POOLED	16	1	0.0043
HLA-U	all	POOLED	41	1	0.0043
HLA-U	all	POOLED	46	1	0.0043
HLA-U	all	POOLED	59	1	0.0043
HLA-U	all	POOLED	76	1	0.0043
HLA-U	all	POOLED	394	1	0.0043
HLA-U	all	POOLED	571	1	0.0043
HLA-U	all	POOLED	593	1	0.0043
HLA-U	all	POOLED	706	1	0.0043
HLA-U	all	POOLED	731	1	0.0043
HLA-U	all	POOLED	782	1	0.0043
HLA-U	all	POOLED	978	1	0.0043
HLA-U	all	POOLED	1277	1	0.0043
HLA-U	all	POOLED	1306	1	0.0043
HLA-U	all	POOLED	1655	1	0.0043
HLA-U	all	POOLED	1977	1	0.0043
HLA-U	all	POOLED	2228	1	0.0043
HLA-U	all	POOLED	6334	1	0.0043
HLA-U	known	AFR	69	1	0.25
HLA-U	known	AFR	189	1	0.25
HLA-U	known	AFR	428	1	0.25
HLA-U	known	AFR	528	1	0.25
HLA-U	known	AMR	134	1	0.25
HLA-U	known	AMR	217	1	0.25
HLA-U	known	AMR	388	1	0.25
HLA-U	known	AMR	396	1	0.25
HLA-U	known	EAS	8	1	0.25
HLA-U	known	EAS	41	1	0.25
HLA-U	known	EAS	65	1	0.25
HLA-U	known	EAS	70	1	0.25
HLA-U	known	EUR	226	1	0.25
HLA-U	known	EUR	235	1	0.25
HLA-U	known	EUR	725	1	0.25
HLA-U	known	EUR	864	1	0.25
HLA-U	known	MID	26	1	0.25
HLA-U	known	MID	38	1	0.25
HLA-U	known	MID	79	1	0.25
HLA-U	known	MID	121	1	0.25
HLA-U	known	SAS	32	1	0.25
HLA-U	known	SAS	85	1	0.25
HLA-U	known	SAS	182	1	0.25
HLA-U	known	SAS	354	1	0.25
HLA-U	known	POOLED	571	1	0.25
HLA-U	known	POOLED	731	1	0.25
HLA-U	known	POOLED	1977	1	0.25
HLA-U	known	POOLED	2228	1	0.25
HLA-U	novel	AFR	1	55	0.6707
HLA-U	novel	AFR	2	5	0.061
HLA-U	novel	AFR	4	2	0.0244
HLA-U	novel	AFR	5	2	0.0244
HLA-U	novel	AFR	7	1	0.0122
HLA-U	novel	AFR	8	1	0.0122
HLA-U	novel	AFR	9	2	0.0244
HLA-U	novel	AFR	10	1	0.0122
HLA-U	novel	AFR	11	1	0.0122
HLA-U	novel	AFR	14	1	0.0122
HLA-U	novel	AFR	25	1	0.0122
HLA-U	novel	AFR	49	1	0.0122
HLA-U	novel	AFR	58	1	0.0122
HLA-U	novel	AFR	80	1	0.0122
HLA-U	novel	AFR	220	1	0.0122
HLA-U	novel	AFR	221	1	0.0122
HLA-U	novel	AFR	325	1	0.0122
HLA-U	novel	AFR	390	1	0.0122
HLA-U	novel	AFR	405	1	0.0122
HLA-U	novel	AFR	421	1	0.0122
HLA-U	novel	AFR	1654	1	0.0122
HLA-U	novel	AMR	1	47	0.6912
HLA-U	novel	AMR	2	6	0.0882
HLA-U	novel	AMR	3	2	0.0294
HLA-U	novel	AMR	9	1	0.0147
HLA-U	novel	AMR	10	1	0.0147
HLA-U	novel	AMR	14	1	0.0147
HLA-U	novel	AMR	15	1	0.0147
HLA-U	novel	AMR	59	1	0.0147
HLA-U	novel	AMR	137	1	0.0147
HLA-U	novel	AMR	144	1	0.0147
HLA-U	novel	AMR	185	1	0.0147
HLA-U	novel	AMR	233	1	0.0147
HLA-U	novel	AMR	243	1	0.0147
HLA-U	novel	AMR	247	1	0.0147
HLA-U	novel	AMR	339	1	0.0147
HLA-U	novel	AMR	1702	1	0.0147
HLA-U	novel	EAS	1	21	0.6364
HLA-U	novel	EAS	2	2	0.0606
HLA-U	novel	EAS	3	1	0.0303
HLA-U	novel	EAS	4	1	0.0303
HLA-U	novel	EAS	6	1	0.0303
HLA-U	novel	EAS	20	1	0.0303
HLA-U	novel	EAS	63	1	0.0303
HLA-U	novel	EAS	68	1	0.0303
HLA-U	novel	EAS	106	1	0.0303
HLA-U	novel	EAS	282	1	0.0303
HLA-U	novel	EAS	624	1	0.0303
HLA-U	novel	EAS	833	1	0.0303
HLA-U	novel	EUR	1	59	0.7662
HLA-U	novel	EUR	2	6	0.0779
HLA-U	novel	EUR	6	1	0.013
HLA-U	novel	EUR	14	1	0.013
HLA-U	novel	EUR	15	1	0.013
HLA-U	novel	EUR	22	1	0.013
HLA-U	novel	EUR	86	1	0.013
HLA-U	novel	EUR	88	1	0.013
HLA-U	novel	EUR	142	2	0.026
HLA-U	novel	EUR	204	1	0.013
HLA-U	novel	EUR	337	1	0.013
HLA-U	novel	EUR	554	1	0.013
HLA-U	novel	EUR	1510	1	0.013
HLA-U	novel	MID	1	9	0.4091
HLA-U	novel	MID	2	2	0.0909
HLA-U	novel	MID	3	1	0.0455
HLA-U	novel	MID	4	2	0.0909
HLA-U	novel	MID	10	1	0.0455
HLA-U	novel	MID	37	1	0.0455
HLA-U	novel	MID	38	1	0.0455
HLA-U	novel	MID	39	1	0.0455
HLA-U	novel	MID	43	1	0.0455
HLA-U	novel	MID	46	1	0.0455
HLA-U	novel	MID	59	1	0.0455
HLA-U	novel	MID	241	1	0.0455
HLA-U	novel	SAS	1	19	0.6333
HLA-U	novel	SAS	3	1	0.0333
HLA-U	novel	SAS	4	1	0.0333
HLA-U	novel	SAS	5	1	0.0333
HLA-U	novel	SAS	6	1	0.0333
HLA-U	novel	SAS	36	1	0.0333
HLA-U	novel	SAS	66	1	0.0333
HLA-U	novel	SAS	103	1	0.0333
HLA-U	novel	SAS	153	1	0.0333
HLA-U	novel	SAS	268	1	0.0333
HLA-U	novel	SAS	335	1	0.0333
HLA-U	novel	SAS	379	1	0.0333
HLA-U	novel	POOLED	1	188	0.8139
HLA-U	novel	POOLED	2	14	0.0606
HLA-U	novel	POOLED	3	3	0.013
HLA-U	novel	POOLED	4	4	0.0173
HLA-U	novel	POOLED	5	2	0.0087
HLA-U	novel	POOLED	7	1	0.0043
HLA-U	novel	POOLED	9	2	0.0087
HLA-U	novel	POOLED	10	2	0.0087
HLA-U	novel	POOLED	12	1	0.0043
HLA-U	novel	POOLED	16	1	0.0043
HLA-U	novel	POOLED	41	1	0.0043
HLA-U	novel	POOLED	46	1	0.0043
HLA-U	novel	POOLED	59	1	0.0043
HLA-U	novel	POOLED	76	1	0.0043
HLA-U	novel	POOLED	394	1	0.0043
HLA-U	novel	POOLED	593	1	0.0043
HLA-U	novel	POOLED	706	1	0.0043
HLA-U	novel	POOLED	782	1	0.0043
HLA-U	novel	POOLED	978	1	0.0043
HLA-U	novel	POOLED	1277	1	0.0043
HLA-U	novel	POOLED	1306	1	0.0043
HLA-U	novel	POOLED	1655	1	0.0043
HLA-U	novel	POOLED	6334	1	0.0043
HLA-V	all	AFR	1	124	0.8671
HLA-V	all	AFR	2	3	0.021
HLA-V	all	AFR	4	1	0.007
HLA-V	all	AFR	10	1	0.007
HLA-V	all	AFR	12	1	0.007
HLA-V	all	AFR	14	1	0.007
HLA-V	all	AFR	70	1	0.007
HLA-V	all	AFR	71	1	0.007
HLA-V	all	AFR	74	1	0.007
HLA-V	all	AFR	76	1	0.007
HLA-V	all	AFR	98	1	0.007
HLA-V	all	AFR	256	1	0.007
HLA-V	all	AFR	325	1	0.007
HLA-V	all	AFR	376	1	0.007
HLA-V	all	AFR	444	1	0.007
HLA-V	all	AFR	833	1	0.007
HLA-V	all	AFR	1154	1	0.007
HLA-V	all	AFR	2143	1	0.007
HLA-V	all	AMR	1	104	0.832
HLA-V	all	AMR	2	6	0.048
HLA-V	all	AMR	3	1	0.008
HLA-V	all	AMR	4	1	0.008
HLA-V	all	AMR	6	1	0.008
HLA-V	all	AMR	24	1	0.008
HLA-V	all	AMR	39	1	0.008
HLA-V	all	AMR	110	1	0.008
HLA-V	all	AMR	137	1	0.008
HLA-V	all	AMR	162	1	0.008
HLA-V	all	AMR	228	1	0.008
HLA-V	all	AMR	329	1	0.008
HLA-V	all	AMR	385	1	0.008
HLA-V	all	AMR	452	1	0.008
HLA-V	all	AMR	492	1	0.008
HLA-V	all	AMR	806	1	0.008
HLA-V	all	AMR	2155	1	0.008
HLA-V	all	EAS	1	51	0.8095
HLA-V	all	EAS	2	1	0.0159
HLA-V	all	EAS	4	1	0.0159
HLA-V	all	EAS	8	1	0.0159
HLA-V	all	EAS	16	1	0.0159
HLA-V	all	EAS	59	1	0.0159
HLA-V	all	EAS	76	1	0.0159
HLA-V	all	EAS	127	1	0.0159
HLA-V	all	EAS	147	1	0.0159
HLA-V	all	EAS	242	1	0.0159
HLA-V	all	EAS	446	1	0.0159
HLA-V	all	EAS	681	1	0.0159
HLA-V	all	EAS	1064	1	0.0159
HLA-V	all	EUR	1	106	0.8281
HLA-V	all	EUR	2	5	0.0391
HLA-V	all	EUR	3	3	0.0234
HLA-V	all	EUR	4	2	0.0156
HLA-V	all	EUR	7	1	0.0078
HLA-V	all	EUR	13	1	0.0078
HLA-V	all	EUR	98	1	0.0078
HLA-V	all	EUR	119	1	0.0078
HLA-V	all	EUR	144	1	0.0078
HLA-V	all	EUR	213	2	0.0156
HLA-V	all	EUR	265	1	0.0078
HLA-V	all	EUR	351	1	0.0078
HLA-V	all	EUR	868	1	0.0078
HLA-V	all	EUR	912	1	0.0078
HLA-V	all	EUR	2699	1	0.0078
HLA-V	all	MID	1	18	0.5806
HLA-V	all	MID	2	1	0.0323
HLA-V	all	MID	3	1	0.0323
HLA-V	all	MID	28	1	0.0323
HLA-V	all	MID	29	1	0.0323
HLA-V	all	MID	30	1	0.0323
HLA-V	all	MID	42	1	0.0323
HLA-V	all	MID	46	1	0.0323
HLA-V	all	MID	47	1	0.0323
HLA-V	all	MID	56	1	0.0323
HLA-V	all	MID	60	1	0.0323
HLA-V	all	MID	116	1	0.0323
HLA-V	all	MID	129	1	0.0323
HLA-V	all	MID	364	1	0.0323
HLA-V	all	SAS	1	51	0.7612
HLA-V	all	SAS	2	2	0.0299
HLA-V	all	SAS	3	1	0.0149
HLA-V	all	SAS	4	2	0.0299
HLA-V	all	SAS	5	1	0.0149
HLA-V	all	SAS	11	1	0.0149
HLA-V	all	SAS	65	1	0.0149
HLA-V	all	SAS	92	1	0.0149
HLA-V	all	SAS	136	1	0.0149
HLA-V	all	SAS	164	1	0.0149
HLA-V	all	SAS	228	1	0.0149
HLA-V	all	SAS	324	1	0.0149
HLA-V	all	SAS	348	1	0.0149
HLA-V	all	SAS	357	1	0.0149
HLA-V	all	SAS	681	1	0.0149
HLA-V	all	POOLED	1	380	0.8636
HLA-V	all	POOLED	2	22	0.05
HLA-V	all	POOLED	3	9	0.0205
HLA-V	all	POOLED	4	4	0.0091
HLA-V	all	POOLED	5	2	0.0045
HLA-V	all	POOLED	6	2	0.0045
HLA-V	all	POOLED	7	2	0.0045
HLA-V	all	POOLED	8	1	0.0023
HLA-V	all	POOLED	10	1	0.0023
HLA-V	all	POOLED	11	2	0.0045
HLA-V	all	POOLED	13	1	0.0023
HLA-V	all	POOLED	16	1	0.0023
HLA-V	all	POOLED	22	1	0.0023
HLA-V	all	POOLED	129	1	0.0023
HLA-V	all	POOLED	154	1	0.0023
HLA-V	all	POOLED	320	1	0.0023
HLA-V	all	POOLED	832	1	0.0023
HLA-V	all	POOLED	1025	1	0.0023
HLA-V	all	POOLED	1118	1	0.0023
HLA-V	all	POOLED	1468	1	0.0023
HLA-V	all	POOLED	1913	1	0.0023
HLA-V	all	POOLED	2118	1	0.0023
HLA-V	all	POOLED	2202	1	0.0023
HLA-V	all	POOLED	2994	1	0.0023
HLA-V	all	POOLED	9121	1	0.0023
HLA-V	known	AFR	76	1	0.25
HLA-V	known	AFR	256	1	0.25
HLA-V	known	AFR	833	1	0.25
HLA-V	known	AFR	2143	1	0.25
HLA-V	known	AMR	452	1	0.25
HLA-V	known	AMR	492	1	0.25
HLA-V	known	AMR	806	1	0.25
HLA-V	known	AMR	2155	1	0.25
HLA-V	known	EAS	76	1	0.25
HLA-V	known	EAS	147	1	0.25
HLA-V	known	EAS	681	1	0.25
HLA-V	known	EAS	1064	1	0.25
HLA-V	known	EUR	265	1	0.25
HLA-V	known	EUR	868	1	0.25
HLA-V	known	EUR	912	1	0.25
HLA-V	known	EUR	2699	1	0.25
HLA-V	known	MID	47	1	0.25
HLA-V	known	MID	116	1	0.25
HLA-V	known	MID	129	1	0.25
HLA-V	known	MID	364	1	0.25
HLA-V	known	SAS	228	1	0.25
HLA-V	known	SAS	348	1	0.25
HLA-V	known	SAS	357	1	0.25
HLA-V	known	SAS	681	1	0.25
HLA-V	known	POOLED	1913	1	0.25
HLA-V	known	POOLED	2202	1	0.25
HLA-V	known	POOLED	2994	1	0.25
HLA-V	known	POOLED	9121	1	0.25
HLA-V	novel	AFR	1	124	0.8921
HLA-V	novel	AFR	2	3	0.0216
HLA-V	novel	AFR	4	1	0.0072
HLA-V	novel	AFR	10	1	0.0072
HLA-V	novel	AFR	12	1	0.0072
HLA-V	novel	AFR	14	1	0.0072
HLA-V	novel	AFR	70	1	0.0072
HLA-V	novel	AFR	71	1	0.0072
HLA-V	novel	AFR	74	1	0.0072
HLA-V	novel	AFR	98	1	0.0072
HLA-V	novel	AFR	325	1	0.0072
HLA-V	novel	AFR	376	1	0.0072
HLA-V	novel	AFR	444	1	0.0072
HLA-V	novel	AFR	1154	1	0.0072
HLA-V	novel	AMR	1	104	0.8595
HLA-V	novel	AMR	2	6	0.0496
HLA-V	novel	AMR	3	1	0.0083
HLA-V	novel	AMR	4	1	0.0083
HLA-V	novel	AMR	6	1	0.0083
HLA-V	novel	AMR	24	1	0.0083
HLA-V	novel	AMR	39	1	0.0083
HLA-V	novel	AMR	110	1	0.0083
HLA-V	novel	AMR	137	1	0.0083
HLA-V	novel	AMR	162	1	0.0083
HLA-V	novel	AMR	228	1	0.0083
HLA-V	novel	AMR	329	1	0.0083
HLA-V	novel	AMR	385	1	0.0083
HLA-V	novel	EAS	1	51	0.8644
HLA-V	novel	EAS	2	1	0.0169
HLA-V	novel	EAS	4	1	0.0169
HLA-V	novel	EAS	8	1	0.0169
HLA-V	novel	EAS	16	1	0.0169
HLA-V	novel	EAS	59	1	0.0169
HLA-V	novel	EAS	127	1	0.0169
HLA-V	novel	EAS	242	1	0.0169
HLA-V	novel	EAS	446	1	0.0169
HLA-V	novel	EUR	1	106	0.8548
HLA-V	novel	EUR	2	5	0.0403
HLA-V	novel	EUR	3	3	0.0242
HLA-V	novel	EUR	4	2	0.0161
HLA-V	novel	EUR	7	1	0.0081
HLA-V	novel	EUR	13	1	0.0081
HLA-V	novel	EUR	98	1	0.0081
HLA-V	novel	EUR	119	1	0.0081
HLA-V	novel	EUR	144	1	0.0081
HLA-V	novel	EUR	213	2	0.0161
HLA-V	novel	EUR	351	1	0.0081
HLA-V	novel	MID	1	18	0.6667
HLA-V	novel	MID	2	1	0.037
HLA-V	novel	MID	3	1	0.037
HLA-V	novel	MID	28	1	0.037
HLA-V	novel	MID	29	1	0.037
HLA-V	novel	MID	30	1	0.037
HLA-V	novel	MID	42	1	0.037
HLA-V	novel	MID	46	1	0.037
HLA-V	novel	MID	56	1	0.037
HLA-V	novel	MID	60	1	0.037
HLA-V	novel	SAS	1	51	0.8095
HLA-V	novel	SAS	2	2	0.0317
HLA-V	novel	SAS	3	1	0.0159
HLA-V	novel	SAS	4	2	0.0317
HLA-V	novel	SAS	5	1	0.0159
HLA-V	novel	SAS	11	1	0.0159
HLA-V	novel	SAS	65	1	0.0159
HLA-V	novel	SAS	92	1	0.0159
HLA-V	novel	SAS	136	1	0.0159
HLA-V	novel	SAS	164	1	0.0159
HLA-V	novel	SAS	324	1	0.0159
HLA-V	novel	POOLED	1	380	0.8716
HLA-V	novel	POOLED	2	22	0.0505
HLA-V	novel	POOLED	3	9	0.0206
HLA-V	novel	POOLED	4	4	0.0092
HLA-V	novel	POOLED	5	2	0.0046
HLA-V	novel	POOLED	6	2	0.0046
HLA-V	novel	POOLED	7	2	0.0046
HLA-V	novel	POOLED	8	1	0.0023
HLA-V	novel	POOLED	10	1	0.0023
HLA-V	novel	POOLED	11	2	0.0046
HLA-V	novel	POOLED	13	1	0.0023
HLA-V	novel	POOLED	16	1	0.0023
HLA-V	novel	POOLED	22	1	0.0023
HLA-V	novel	POOLED	129	1	0.0023
HLA-V	novel	POOLED	154	1	0.0023
HLA-V	novel	POOLED	320	1	0.0023
HLA-V	novel	POOLED	832	1	0.0023
HLA-V	novel	POOLED	1025	1	0.0023
HLA-V	novel	POOLED	1118	1	0.0023
HLA-V	novel	POOLED	1468	1	0.0023
HLA-V	novel	POOLED	2118	1	0.0023
HLA-W	all	AFR	1	148	0.6852
HLA-W	all	AFR	2	17	0.0787
HLA-W	all	AFR	3	2	0.0093
HLA-W	all	AFR	4	3	0.0139
HLA-W	all	AFR	5	4	0.0185
HLA-W	all	AFR	6	1	0.0046
HLA-W	all	AFR	7	1	0.0046
HLA-W	all	AFR	9	2	0.0093
HLA-W	all	AFR	10	2	0.0093
HLA-W	all	AFR	12	1	0.0046
HLA-W	all	AFR	13	2	0.0093
HLA-W	all	AFR	14	1	0.0046
HLA-W	all	AFR	15	1	0.0046
HLA-W	all	AFR	18	1	0.0046
HLA-W	all	AFR	22	1	0.0046
HLA-W	all	AFR	25	1	0.0046
HLA-W	all	AFR	29	1	0.0046
HLA-W	all	AFR	42	1	0.0046
HLA-W	all	AFR	44	1	0.0046
HLA-W	all	AFR	53	1	0.0046
HLA-W	all	AFR	57	1	0.0046
HLA-W	all	AFR	66	1	0.0046
HLA-W	all	AFR	76	1	0.0046
HLA-W	all	AFR	78	1	0.0046
HLA-W	all	AFR	83	1	0.0046
HLA-W	all	AFR	88	1	0.0046
HLA-W	all	AFR	92	1	0.0046
HLA-W	all	AFR	101	1	0.0046
HLA-W	all	AFR	113	1	0.0046
HLA-W	all	AFR	131	1	0.0046
HLA-W	all	AFR	135	1	0.0046
HLA-W	all	AFR	137	1	0.0046
HLA-W	all	AFR	185	1	0.0046
HLA-W	all	AFR	219	1	0.0046
HLA-W	all	AFR	232	1	0.0046
HLA-W	all	AFR	270	1	0.0046
HLA-W	all	AFR	273	1	0.0046
HLA-W	all	AFR	297	1	0.0046
HLA-W	all	AFR	322	1	0.0046
HLA-W	all	AFR	366	1	0.0046
HLA-W	all	AFR	405	1	0.0046
HLA-W	all	AFR	418	1	0.0046
HLA-W	all	AFR	574	1	0.0046
HLA-W	all	AFR	652	1	0.0046
HLA-W	all	AMR	1	160	0.7175
HLA-W	all	AMR	2	11	0.0493
HLA-W	all	AMR	3	6	0.0269
HLA-W	all	AMR	4	3	0.0135
HLA-W	all	AMR	5	5	0.0224
HLA-W	all	AMR	6	1	0.0045
HLA-W	all	AMR	7	2	0.009
HLA-W	all	AMR	8	2	0.009
HLA-W	all	AMR	9	3	0.0135
HLA-W	all	AMR	11	1	0.0045
HLA-W	all	AMR	20	2	0.009
HLA-W	all	AMR	21	2	0.009
HLA-W	all	AMR	22	2	0.009
HLA-W	all	AMR	26	1	0.0045
HLA-W	all	AMR	27	1	0.0045
HLA-W	all	AMR	39	1	0.0045
HLA-W	all	AMR	52	1	0.0045
HLA-W	all	AMR	59	1	0.0045
HLA-W	all	AMR	89	1	0.0045
HLA-W	all	AMR	92	1	0.0045
HLA-W	all	AMR	93	1	0.0045
HLA-W	all	AMR	126	1	0.0045
HLA-W	all	AMR	133	1	0.0045
HLA-W	all	AMR	152	1	0.0045
HLA-W	all	AMR	170	1	0.0045
HLA-W	all	AMR	176	1	0.0045
HLA-W	all	AMR	199	1	0.0045
HLA-W	all	AMR	200	1	0.0045
HLA-W	all	AMR	221	1	0.0045
HLA-W	all	AMR	234	1	0.0045
HLA-W	all	AMR	298	1	0.0045
HLA-W	all	AMR	364	1	0.0045
HLA-W	all	AMR	372	1	0.0045
HLA-W	all	AMR	478	1	0.0045
HLA-W	all	AMR	565	1	0.0045
HLA-W	all	AMR	802	1	0.0045
HLA-W	all	EAS	1	73	0.6348
HLA-W	all	EAS	2	9	0.0783
HLA-W	all	EAS	3	5	0.0435
HLA-W	all	EAS	4	1	0.0087
HLA-W	all	EAS	5	5	0.0435
HLA-W	all	EAS	7	2	0.0174
HLA-W	all	EAS	9	1	0.0087
HLA-W	all	EAS	18	1	0.0087
HLA-W	all	EAS	21	1	0.0087
HLA-W	all	EAS	24	2	0.0174
HLA-W	all	EAS	26	1	0.0087
HLA-W	all	EAS	29	1	0.0087
HLA-W	all	EAS	33	1	0.0087
HLA-W	all	EAS	45	1	0.0087
HLA-W	all	EAS	53	1	0.0087
HLA-W	all	EAS	62	1	0.0087
HLA-W	all	EAS	73	1	0.0087
HLA-W	all	EAS	98	1	0.0087
HLA-W	all	EAS	101	1	0.0087
HLA-W	all	EAS	170	1	0.0087
HLA-W	all	EAS	173	1	0.0087
HLA-W	all	EAS	276	1	0.0087
HLA-W	all	EAS	444	1	0.0087
HLA-W	all	EAS	475	1	0.0087
HLA-W	all	EAS	506	1	0.0087
HLA-W	all	EUR	1	174	0.7468
HLA-W	all	EUR	2	14	0.0601
HLA-W	all	EUR	3	3	0.0129
HLA-W	all	EUR	4	2	0.0086
HLA-W	all	EUR	5	4	0.0172
HLA-W	all	EUR	6	2	0.0086
HLA-W	all	EUR	7	2	0.0086
HLA-W	all	EUR	8	2	0.0086
HLA-W	all	EUR	9	1	0.0043
HLA-W	all	EUR	10	1	0.0043
HLA-W	all	EUR	11	1	0.0043
HLA-W	all	EUR	12	1	0.0043
HLA-W	all	EUR	14	1	0.0043
HLA-W	all	EUR	16	1	0.0043
HLA-W	all	EUR	21	1	0.0043
HLA-W	all	EUR	24	1	0.0043
HLA-W	all	EUR	39	2	0.0086
HLA-W	all	EUR	43	1	0.0043
HLA-W	all	EUR	71	1	0.0043
HLA-W	all	EUR	72	1	0.0043
HLA-W	all	EUR	74	1	0.0043
HLA-W	all	EUR	95	1	0.0043
HLA-W	all	EUR	107	1	0.0043
HLA-W	all	EUR	114	1	0.0043
HLA-W	all	EUR	146	1	0.0043
HLA-W	all	EUR	159	1	0.0043
HLA-W	all	EUR	192	1	0.0043
HLA-W	all	EUR	237	1	0.0043
HLA-W	all	EUR	322	1	0.0043
HLA-W	all	EUR	370	1	0.0043
HLA-W	all	EUR	378	1	0.0043
HLA-W	all	EUR	380	1	0.0043
HLA-W	all	EUR	408	1	0.0043
HLA-W	all	EUR	504	1	0.0043
HLA-W	all	EUR	550	1	0.0043
HLA-W	all	EUR	556	1	0.0043
HLA-W	all	EUR	765	1	0.0043
HLA-W	all	MID	1	32	0.4923
HLA-W	all	MID	2	7	0.1077
HLA-W	all	MID	3	4	0.0615
HLA-W	all	MID	4	1	0.0154
HLA-W	all	MID	5	1	0.0154
HLA-W	all	MID	6	1	0.0154
HLA-W	all	MID	7	1	0.0154
HLA-W	all	MID	9	1	0.0154
HLA-W	all	MID	10	1	0.0154
HLA-W	all	MID	17	1	0.0154
HLA-W	all	MID	19	1	0.0154
HLA-W	all	MID	24	1	0.0154
HLA-W	all	MID	30	2	0.0308
HLA-W	all	MID	32	1	0.0154
HLA-W	all	MID	37	1	0.0154
HLA-W	all	MID	40	1	0.0154
HLA-W	all	MID	43	1	0.0154
HLA-W	all	MID	48	1	0.0154
HLA-W	all	MID	53	1	0.0154
HLA-W	all	MID	68	1	0.0154
HLA-W	all	MID	97	1	0.0154
HLA-W	all	MID	103	1	0.0154
HLA-W	all	MID	105	1	0.0154
HLA-W	all	MID	129	1	0.0154
HLA-W	all	SAS	1	65	0.6373
HLA-W	all	SAS	2	4	0.0392
HLA-W	all	SAS	3	4	0.0392
HLA-W	all	SAS	4	3	0.0294
HLA-W	all	SAS	5	2	0.0196
HLA-W	all	SAS	8	2	0.0196
HLA-W	all	SAS	9	1	0.0098
HLA-W	all	SAS	10	1	0.0098
HLA-W	all	SAS	12	1	0.0098
HLA-W	all	SAS	14	1	0.0098
HLA-W	all	SAS	15	1	0.0098
HLA-W	all	SAS	16	1	0.0098
HLA-W	all	SAS	18	1	0.0098
HLA-W	all	SAS	21	1	0.0098
HLA-W	all	SAS	24	1	0.0098
HLA-W	all	SAS	31	1	0.0098
HLA-W	all	SAS	37	1	0.0098
HLA-W	all	SAS	58	1	0.0098
HLA-W	all	SAS	61	1	0.0098
HLA-W	all	SAS	87	1	0.0098
HLA-W	all	SAS	106	1	0.0098
HLA-W	all	SAS	140	1	0.0098
HLA-W	all	SAS	170	1	0.0098
HLA-W	all	SAS	256	1	0.0098
HLA-W	all	SAS	265	1	0.0098
HLA-W	all	SAS	309	1	0.0098
HLA-W	all	SAS	323	1	0.0098
HLA-W	all	SAS	385	1	0.0098
HLA-W	all	POOLED	1	537	0.7828
HLA-W	all	POOLED	2	52	0.0758
HLA-W	all	POOLED	3	12	0.0175
HLA-W	all	POOLED	4	6	0.0087
HLA-W	all	POOLED	5	7	0.0102
HLA-W	all	POOLED	6	2	0.0029
HLA-W	all	POOLED	7	6	0.0087
HLA-W	all	POOLED	8	3	0.0044
HLA-W	all	POOLED	9	3	0.0044
HLA-W	all	POOLED	10	1	0.0015
HLA-W	all	POOLED	11	1	0.0015
HLA-W	all	POOLED	12	3	0.0044
HLA-W	all	POOLED	13	1	0.0015
HLA-W	all	POOLED	15	1	0.0015
HLA-W	all	POOLED	16	2	0.0029
HLA-W	all	POOLED	18	1	0.0015
HLA-W	all	POOLED	19	1	0.0015
HLA-W	all	POOLED	21	2	0.0029
HLA-W	all	POOLED	22	1	0.0015
HLA-W	all	POOLED	23	1	0.0015
HLA-W	all	POOLED	24	1	0.0015
HLA-W	all	POOLED	25	1	0.0015
HLA-W	all	POOLED	26	1	0.0015
HLA-W	all	POOLED	31	1	0.0015
HLA-W	all	POOLED	33	1	0.0015
HLA-W	all	POOLED	34	1	0.0015
HLA-W	all	POOLED	35	1	0.0015
HLA-W	all	POOLED	38	1	0.0015
HLA-W	all	POOLED	41	1	0.0015
HLA-W	all	POOLED	49	1	0.0015
HLA-W	all	POOLED	59	1	0.0015
HLA-W	all	POOLED	69	1	0.0015
HLA-W	all	POOLED	74	1	0.0015
HLA-W	all	POOLED	78	1	0.0015
HLA-W	all	POOLED	89	1	0.0015
HLA-W	all	POOLED	103	1	0.0015
HLA-W	all	POOLED	104	2	0.0029
HLA-W	all	POOLED	107	1	0.0015
HLA-W	all	POOLED	149	1	0.0015
HLA-W	all	POOLED	157	1	0.0015
HLA-W	all	POOLED	163	1	0.0015
HLA-W	all	POOLED	202	1	0.0015
HLA-W	all	POOLED	293	1	0.0015
HLA-W	all	POOLED	382	1	0.0015
HLA-W	all	POOLED	409	1	0.0015
HLA-W	all	POOLED	428	1	0.0015
HLA-W	all	POOLED	433	1	0.0015
HLA-W	all	POOLED	489	1	0.0015
HLA-W	all	POOLED	607	1	0.0015
HLA-W	all	POOLED	772	1	0.0015
HLA-W	all	POOLED	853	1	0.0015
HLA-W	all	POOLED	916	1	0.0015
HLA-W	all	POOLED	957	1	0.0015
HLA-W	all	POOLED	987	1	0.0015
HLA-W	all	POOLED	1109	1	0.0015
HLA-W	all	POOLED	1115	1	0.0015
HLA-W	all	POOLED	1378	1	0.0015
HLA-W	all	POOLED	1449	1	0.0015
HLA-W	all	POOLED	1634	1	0.0015
HLA-W	all	POOLED	1899	1	0.0015
HLA-W	all	POOLED	2022	1	0.0015
HLA-W	all	POOLED	2674	1	0.0015
HLA-W	known	AFR	1	1	0.1
HLA-W	known	AFR	2	1	0.1
HLA-W	known	AFR	14	1	0.1
HLA-W	known	AFR	25	1	0.1
HLA-W	known	AFR	44	1	0.1
HLA-W	known	AFR	53	1	0.1
HLA-W	known	AFR	101	1	0.1
HLA-W	known	AFR	131	1	0.1
HLA-W	known	AFR	232	1	0.1
HLA-W	known	AFR	297	1	0.1
HLA-W	known	AMR	8	1	0.1
HLA-W	known	AMR	9	1	0.1
HLA-W	known	AMR	27	1	0.1
HLA-W	known	AMR	39	1	0.1
HLA-W	known	AMR	152	1	0.1
HLA-W	known	AMR	170	1	0.1
HLA-W	known	AMR	176	1	0.1
HLA-W	known	AMR	200	1	0.1
HLA-W	known	AMR	234	1	0.1
HLA-W	known	AMR	802	1	0.1
HLA-W	known	EAS	3	1	0.1111
HLA-W	known	EAS	5	1	0.1111
HLA-W	known	EAS	9	1	0.1111
HLA-W	known	EAS	18	1	0.1111
HLA-W	known	EAS	24	1	0.1111
HLA-W	known	EAS	45	1	0.1111
HLA-W	known	EAS	53	1	0.1111
HLA-W	known	EAS	170	1	0.1111
HLA-W	known	EAS	506	1	0.1111
HLA-W	known	EUR	1	1	0.0909
HLA-W	known	EUR	11	1	0.0909
HLA-W	known	EUR	12	1	0.0909
HLA-W	known	EUR	24	1	0.0909
HLA-W	known	EUR	74	1	0.0909
HLA-W	known	EUR	107	1	0.0909
HLA-W	known	EUR	146	1	0.0909
HLA-W	known	EUR	370	1	0.0909
HLA-W	known	EUR	380	1	0.0909
HLA-W	known	EUR	504	1	0.0909
HLA-W	known	EUR	765	1	0.0909
HLA-W	known	MID	1	2	0.25
HLA-W	known	MID	2	1	0.125
HLA-W	known	MID	6	1	0.125
HLA-W	known	MID	10	1	0.125
HLA-W	known	MID	53	1	0.125
HLA-W	known	MID	97	1	0.125
HLA-W	known	MID	105	1	0.125
HLA-W	known	SAS	1	2	0.2
HLA-W	known	SAS	8	2	0.2
HLA-W	known	SAS	9	1	0.1
HLA-W	known	SAS	21	1	0.1
HLA-W	known	SAS	24	1	0.1
HLA-W	known	SAS	140	1	0.1
HLA-W	known	SAS	265	1	0.1
HLA-W	known	SAS	323	1	0.1
HLA-W	known	POOLED	1	1	0.0833
HLA-W	known	POOLED	25	1	0.0833
HLA-W	known	POOLED	33	1	0.0833
HLA-W	known	POOLED	49	1	0.0833
HLA-W	known	POOLED	157	1	0.0833
HLA-W	known	POOLED	202	1	0.0833
HLA-W	known	POOLED	382	1	0.0833
HLA-W	known	POOLED	433	1	0.0833
HLA-W	known	POOLED	853	1	0.0833
HLA-W	known	POOLED	1109	1	0.0833
HLA-W	known	POOLED	1115	1	0.0833
HLA-W	known	POOLED	2674	1	0.0833
HLA-W	novel	AFR	1	147	0.7136
HLA-W	novel	AFR	2	16	0.0777
HLA-W	novel	AFR	3	2	0.0097
HLA-W	novel	AFR	4	3	0.0146
HLA-W	novel	AFR	5	4	0.0194
HLA-W	novel	AFR	6	1	0.0049
HLA-W	novel	AFR	7	1	0.0049
HLA-W	novel	AFR	9	2	0.0097
HLA-W	novel	AFR	10	2	0.0097
HLA-W	novel	AFR	12	1	0.0049
HLA-W	novel	AFR	13	2	0.0097
HLA-W	novel	AFR	15	1	0.0049
HLA-W	novel	AFR	18	1	0.0049
HLA-W	novel	AFR	22	1	0.0049
HLA-W	novel	AFR	29	1	0.0049
HLA-W	novel	AFR	42	1	0.0049
HLA-W	novel	AFR	57	1	0.0049
HLA-W	novel	AFR	66	1	0.0049
HLA-W	novel	AFR	76	1	0.0049
HLA-W	novel	AFR	78	1	0.0049
HLA-W	novel	AFR	83	1	0.0049
HLA-W	novel	AFR	88	1	0.0049
HLA-W	novel	AFR	92	1	0.0049
HLA-W	novel	AFR	113	1	0.0049
HLA-W	novel	AFR	135	1	0.0049
HLA-W	novel	AFR	137	1	0.0049
HLA-W	novel	AFR	185	1	0.0049
HLA-W	novel	AFR	219	1	0.0049
HLA-W	novel	AFR	270	1	0.0049
HLA-W	novel	AFR	273	1	0.0049
HLA-W	novel	AFR	322	1	0.0049
HLA-W	novel	AFR	366	1	0.0049
HLA-W	novel	AFR	405	1	0.0049
HLA-W	novel	AFR	418	1	0.0049
HLA-W	novel	AFR	574	1	0.0049
HLA-W	novel	AFR	652	1	0.0049
HLA-W	novel	AMR	1	160	0.7512
HLA-W	novel	AMR	2	11	0.0516
HLA-W	novel	AMR	3	6	0.0282
HLA-W	novel	AMR	4	3	0.0141
HLA-W	novel	AMR	5	5	0.0235
HLA-W	novel	AMR	6	1	0.0047
HLA-W	novel	AMR	7	2	0.0094
HLA-W	novel	AMR	8	1	0.0047
HLA-W	novel	AMR	9	2	0.0094
HLA-W	novel	AMR	11	1	0.0047
HLA-W	novel	AMR	20	2	0.0094
HLA-W	novel	AMR	21	2	0.0094
HLA-W	novel	AMR	22	2	0.0094
HLA-W	novel	AMR	26	1	0.0047
HLA-W	novel	AMR	52	1	0.0047
HLA-W	novel	AMR	59	1	0.0047
HLA-W	novel	AMR	89	1	0.0047
HLA-W	novel	AMR	92	1	0.0047
HLA-W	novel	AMR	93	1	0.0047
HLA-W	novel	AMR	126	1	0.0047
HLA-W	novel	AMR	133	1	0.0047
HLA-W	novel	AMR	199	1	0.0047
HLA-W	novel	AMR	221	1	0.0047
HLA-W	novel	AMR	298	1	0.0047
HLA-W	novel	AMR	364	1	0.0047
HLA-W	novel	AMR	372	1	0.0047
HLA-W	novel	AMR	478	1	0.0047
HLA-W	novel	AMR	565	1	0.0047
HLA-W	novel	EAS	1	73	0.6887
HLA-W	novel	EAS	2	9	0.0849
HLA-W	novel	EAS	3	4	0.0377
HLA-W	novel	EAS	4	1	0.0094
HLA-W	novel	EAS	5	4	0.0377
HLA-W	novel	EAS	7	2	0.0189
HLA-W	novel	EAS	21	1	0.0094
HLA-W	novel	EAS	24	1	0.0094
HLA-W	novel	EAS	26	1	0.0094
HLA-W	novel	EAS	29	1	0.0094
HLA-W	novel	EAS	33	1	0.0094
HLA-W	novel	EAS	62	1	0.0094
HLA-W	novel	EAS	73	1	0.0094
HLA-W	novel	EAS	98	1	0.0094
HLA-W	novel	EAS	101	1	0.0094
HLA-W	novel	EAS	173	1	0.0094
HLA-W	novel	EAS	276	1	0.0094
HLA-W	novel	EAS	444	1	0.0094
HLA-W	novel	EAS	475	1	0.0094
HLA-W	novel	EUR	1	173	0.7793
HLA-W	novel	EUR	2	14	0.0631
HLA-W	novel	EUR	3	3	0.0135
HLA-W	novel	EUR	4	2	0.009
HLA-W	novel	EUR	5	4	0.018
HLA-W	novel	EUR	6	2	0.009
HLA-W	novel	EUR	7	2	0.009
HLA-W	novel	EUR	8	2	0.009
HLA-W	novel	EUR	9	1	0.0045
HLA-W	novel	EUR	10	1	0.0045
HLA-W	novel	EUR	14	1	0.0045
HLA-W	novel	EUR	16	1	0.0045
HLA-W	novel	EUR	21	1	0.0045
HLA-W	novel	EUR	39	2	0.009
HLA-W	novel	EUR	43	1	0.0045
HLA-W	novel	EUR	71	1	0.0045
HLA-W	novel	EUR	72	1	0.0045
HLA-W	novel	EUR	95	1	0.0045
HLA-W	novel	EUR	114	1	0.0045
HLA-W	novel	EUR	159	1	0.0045
HLA-W	novel	EUR	192	1	0.0045
HLA-W	novel	EUR	237	1	0.0045
HLA-W	novel	EUR	322	1	0.0045
HLA-W	novel	EUR	378	1	0.0045
HLA-W	novel	EUR	408	1	0.0045
HLA-W	novel	EUR	550	1	0.0045
HLA-W	novel	EUR	556	1	0.0045
HLA-W	novel	MID	1	30	0.5263
HLA-W	novel	MID	2	6	0.1053
HLA-W	novel	MID	3	4	0.0702
HLA-W	novel	MID	4	1	0.0175
HLA-W	novel	MID	5	1	0.0175
HLA-W	novel	MID	7	1	0.0175
HLA-W	novel	MID	9	1	0.0175
HLA-W	novel	MID	17	1	0.0175
HLA-W	novel	MID	19	1	0.0175
HLA-W	novel	MID	24	1	0.0175
HLA-W	novel	MID	30	2	0.0351
HLA-W	novel	MID	32	1	0.0175
HLA-W	novel	MID	37	1	0.0175
HLA-W	novel	MID	40	1	0.0175
HLA-W	novel	MID	43	1	0.0175
HLA-W	novel	MID	48	1	0.0175
HLA-W	novel	MID	68	1	0.0175
HLA-W	novel	MID	103	1	0.0175
HLA-W	novel	MID	129	1	0.0175
HLA-W	novel	SAS	1	63	0.6848
HLA-W	novel	SAS	2	4	0.0435
HLA-W	novel	SAS	3	4	0.0435
HLA-W	novel	SAS	4	3	0.0326
HLA-W	novel	SAS	5	2	0.0217
HLA-W	novel	SAS	10	1	0.0109
HLA-W	novel	SAS	12	1	0.0109
HLA-W	novel	SAS	14	1	0.0109
HLA-W	novel	SAS	15	1	0.0109
HLA-W	novel	SAS	16	1	0.0109
HLA-W	novel	SAS	18	1	0.0109
HLA-W	novel	SAS	31	1	0.0109
HLA-W	novel	SAS	37	1	0.0109
HLA-W	novel	SAS	58	1	0.0109
HLA-W	novel	SAS	61	1	0.0109
HLA-W	novel	SAS	87	1	0.0109
HLA-W	novel	SAS	106	1	0.0109
HLA-W	novel	SAS	170	1	0.0109
HLA-W	novel	SAS	256	1	0.0109
HLA-W	novel	SAS	309	1	0.0109
HLA-W	novel	SAS	385	1	0.0109
HLA-W	novel	POOLED	1	536	0.7953
HLA-W	novel	POOLED	2	52	0.0772
HLA-W	novel	POOLED	3	12	0.0178
HLA-W	novel	POOLED	4	6	0.0089
HLA-W	novel	POOLED	5	7	0.0104
HLA-W	novel	POOLED	6	2	0.003
HLA-W	novel	POOLED	7	6	0.0089
HLA-W	novel	POOLED	8	3	0.0045
HLA-W	novel	POOLED	9	3	0.0045
HLA-W	novel	POOLED	10	1	0.0015
HLA-W	novel	POOLED	11	1	0.0015
HLA-W	novel	POOLED	12	3	0.0045
HLA-W	novel	POOLED	13	1	0.0015
HLA-W	novel	POOLED	15	1	0.0015
HLA-W	novel	POOLED	16	2	0.003
HLA-W	novel	POOLED	18	1	0.0015
HLA-W	novel	POOLED	19	1	0.0015
HLA-W	novel	POOLED	21	2	0.003
HLA-W	novel	POOLED	22	1	0.0015
HLA-W	novel	POOLED	23	1	0.0015
HLA-W	novel	POOLED	24	1	0.0015
HLA-W	novel	POOLED	26	1	0.0015
HLA-W	novel	POOLED	31	1	0.0015
HLA-W	novel	POOLED	34	1	0.0015
HLA-W	novel	POOLED	35	1	0.0015
HLA-W	novel	POOLED	38	1	0.0015
HLA-W	novel	POOLED	41	1	0.0015
HLA-W	novel	POOLED	59	1	0.0015
HLA-W	novel	POOLED	69	1	0.0015
HLA-W	novel	POOLED	74	1	0.0015
HLA-W	novel	POOLED	78	1	0.0015
HLA-W	novel	POOLED	89	1	0.0015
HLA-W	novel	POOLED	103	1	0.0015
HLA-W	novel	POOLED	104	2	0.003
HLA-W	novel	POOLED	107	1	0.0015
HLA-W	novel	POOLED	149	1	0.0015
HLA-W	novel	POOLED	163	1	0.0015
HLA-W	novel	POOLED	293	1	0.0015
HLA-W	novel	POOLED	409	1	0.0015
HLA-W	novel	POOLED	428	1	0.0015
HLA-W	novel	POOLED	489	1	0.0015
HLA-W	novel	POOLED	607	1	0.0015
HLA-W	novel	POOLED	772	1	0.0015
HLA-W	novel	POOLED	916	1	0.0015
HLA-W	novel	POOLED	957	1	0.0015
HLA-W	novel	POOLED	987	1	0.0015
HLA-W	novel	POOLED	1378	1	0.0015
HLA-W	novel	POOLED	1449	1	0.0015
HLA-W	novel	POOLED	1634	1	0.0015
HLA-W	novel	POOLED	1899	1	0.0015
HLA-W	novel	POOLED	2022	1	0.0015
HLA-Y	all	AFR	1	37	0.881
HLA-Y	all	AFR	2	1	0.0238
HLA-Y	all	AFR	5	1	0.0238
HLA-Y	all	AFR	17	1	0.0238
HLA-Y	all	AFR	353	1	0.0238
HLA-Y	all	AFR	897	1	0.0238
HLA-Y	all	AMR	1	24	0.8276
HLA-Y	all	AMR	3	1	0.0345
HLA-Y	all	AMR	5	1	0.0345
HLA-Y	all	AMR	16	1	0.0345
HLA-Y	all	AMR	198	1	0.0345
HLA-Y	all	AMR	706	1	0.0345
HLA-Y	all	EAS	1	16	0.6957
HLA-Y	all	EAS	2	1	0.0435
HLA-Y	all	EAS	3	2	0.087
HLA-Y	all	EAS	13	1	0.0435
HLA-Y	all	EAS	61	1	0.0435
HLA-Y	all	EAS	96	1	0.0435
HLA-Y	all	EAS	384	1	0.0435
HLA-Y	all	EUR	1	11	0.6875
HLA-Y	all	EUR	2	1	0.0625
HLA-Y	all	EUR	3	1	0.0625
HLA-Y	all	EUR	8	1	0.0625
HLA-Y	all	EUR	173	1	0.0625
HLA-Y	all	EUR	336	1	0.0625
HLA-Y	all	MID	1	4	0.6667
HLA-Y	all	MID	47	1	0.1667
HLA-Y	all	MID	89	1	0.1667
HLA-Y	all	SAS	1	6	0.6667
HLA-Y	all	SAS	5	1	0.1111
HLA-Y	all	SAS	44	1	0.1111
HLA-Y	all	SAS	347	1	0.1111
HLA-Y	all	POOLED	1	86	0.8687
HLA-Y	all	POOLED	2	3	0.0303
HLA-Y	all	POOLED	3	4	0.0404
HLA-Y	all	POOLED	13	1	0.0101
HLA-Y	all	POOLED	14	1	0.0101
HLA-Y	all	POOLED	48	1	0.0101
HLA-Y	all	POOLED	102	1	0.0101
HLA-Y	all	POOLED	877	1	0.0101
HLA-Y	all	POOLED	2763	1	0.0101
HLA-Y	known	AFR	1	1	0.5
HLA-Y	known	AFR	897	1	0.5
HLA-Y	known	AMR	3	1	0.5
HLA-Y	known	AMR	706	1	0.5
HLA-Y	known	EAS	96	1	0.5
HLA-Y	known	EAS	384	1	0.5
HLA-Y	known	EUR	2	1	0.5
HLA-Y	known	EUR	336	1	0.5
HLA-Y	known	MID	89	1	1.0
HLA-Y	known	SAS	347	1	1.0
HLA-Y	known	POOLED	102	1	0.5
HLA-Y	known	POOLED	2763	1	0.5
HLA-Y	novel	AFR	1	36	0.9
HLA-Y	novel	AFR	2	1	0.025
HLA-Y	novel	AFR	5	1	0.025
HLA-Y	novel	AFR	17	1	0.025
HLA-Y	novel	AFR	353	1	0.025
HLA-Y	novel	AMR	1	24	0.8889
HLA-Y	novel	AMR	5	1	0.037
HLA-Y	novel	AMR	16	1	0.037
HLA-Y	novel	AMR	198	1	0.037
HLA-Y	novel	EAS	1	16	0.7619
HLA-Y	novel	EAS	2	1	0.0476
HLA-Y	novel	EAS	3	2	0.0952
HLA-Y	novel	EAS	13	1	0.0476
HLA-Y	novel	EAS	61	1	0.0476
HLA-Y	novel	EUR	1	11	0.7857
HLA-Y	novel	EUR	3	1	0.0714
HLA-Y	novel	EUR	8	1	0.0714
HLA-Y	novel	EUR	173	1	0.0714
HLA-Y	novel	MID	1	4	0.8
HLA-Y	novel	MID	47	1	0.2
HLA-Y	novel	SAS	1	6	0.75
HLA-Y	novel	SAS	5	1	0.125
HLA-Y	novel	SAS	44	1	0.125
HLA-Y	novel	POOLED	1	86	0.8866
HLA-Y	novel	POOLED	2	3	0.0309
HLA-Y	novel	POOLED	3	4	0.0412
HLA-Y	novel	POOLED	13	1	0.0103
HLA-Y	novel	POOLED	14	1	0.0103
HLA-Y	novel	POOLED	48	1	0.0103
HLA-Y	novel	POOLED	877	1	0.0103
MICA	all	AFR	1	287	0.7017
MICA	all	AFR	2	29	0.0709
MICA	all	AFR	3	7	0.0171
MICA	all	AFR	4	10	0.0244
MICA	all	AFR	5	1	0.0024
MICA	all	AFR	6	4	0.0098
MICA	all	AFR	7	1	0.0024
MICA	all	AFR	8	4	0.0098
MICA	all	AFR	9	6	0.0147
MICA	all	AFR	10	5	0.0122
MICA	all	AFR	11	2	0.0049
MICA	all	AFR	12	1	0.0024
MICA	all	AFR	13	2	0.0049
MICA	all	AFR	16	1	0.0024
MICA	all	AFR	17	1	0.0024
MICA	all	AFR	18	2	0.0049
MICA	all	AFR	19	3	0.0073
MICA	all	AFR	20	2	0.0049
MICA	all	AFR	22	2	0.0049
MICA	all	AFR	23	1	0.0024
MICA	all	AFR	28	2	0.0049
MICA	all	AFR	29	2	0.0049
MICA	all	AFR	30	1	0.0024
MICA	all	AFR	33	1	0.0024
MICA	all	AFR	36	2	0.0049
MICA	all	AFR	37	1	0.0024
MICA	all	AFR	39	1	0.0024
MICA	all	AFR	41	1	0.0024
MICA	all	AFR	47	1	0.0024
MICA	all	AFR	48	1	0.0024
MICA	all	AFR	56	1	0.0024
MICA	all	AFR	59	1	0.0024
MICA	all	AFR	62	1	0.0024
MICA	all	AFR	69	1	0.0024
MICA	all	AFR	82	2	0.0049
MICA	all	AFR	85	1	0.0024
MICA	all	AFR	93	1	0.0024
MICA	all	AFR	95	1	0.0024
MICA	all	AFR	108	1	0.0024
MICA	all	AFR	126	1	0.0024
MICA	all	AFR	130	1	0.0024
MICA	all	AFR	163	2	0.0049
MICA	all	AFR	173	1	0.0024
MICA	all	AFR	188	1	0.0024
MICA	all	AFR	190	1	0.0024
MICA	all	AFR	219	1	0.0024
MICA	all	AFR	257	1	0.0024
MICA	all	AFR	261	1	0.0024
MICA	all	AFR	303	1	0.0024
MICA	all	AFR	348	1	0.0024
MICA	all	AFR	368	1	0.0024
MICA	all	AFR	372	1	0.0024
MICA	all	AFR	373	1	0.0024
MICA	all	AMR	1	246	0.6852
MICA	all	AMR	2	16	0.0446
MICA	all	AMR	3	10	0.0279
MICA	all	AMR	4	5	0.0139
MICA	all	AMR	5	4	0.0111
MICA	all	AMR	6	2	0.0056
MICA	all	AMR	8	1	0.0028
MICA	all	AMR	9	1	0.0028
MICA	all	AMR	10	6	0.0167
MICA	all	AMR	11	2	0.0056
MICA	all	AMR	12	1	0.0028
MICA	all	AMR	13	5	0.0139
MICA	all	AMR	14	1	0.0028
MICA	all	AMR	17	1	0.0028
MICA	all	AMR	18	1	0.0028
MICA	all	AMR	19	2	0.0056
MICA	all	AMR	20	1	0.0028
MICA	all	AMR	21	3	0.0084
MICA	all	AMR	23	1	0.0028
MICA	all	AMR	25	5	0.0139
MICA	all	AMR	26	2	0.0056
MICA	all	AMR	28	1	0.0028
MICA	all	AMR	30	2	0.0056
MICA	all	AMR	33	1	0.0028
MICA	all	AMR	34	3	0.0084
MICA	all	AMR	35	3	0.0084
MICA	all	AMR	38	1	0.0028
MICA	all	AMR	42	1	0.0028
MICA	all	AMR	44	2	0.0056
MICA	all	AMR	49	1	0.0028
MICA	all	AMR	51	2	0.0056
MICA	all	AMR	52	1	0.0028
MICA	all	AMR	56	1	0.0028
MICA	all	AMR	61	1	0.0028
MICA	all	AMR	67	1	0.0028
MICA	all	AMR	68	1	0.0028
MICA	all	AMR	73	1	0.0028
MICA	all	AMR	75	2	0.0056
MICA	all	AMR	76	1	0.0028
MICA	all	AMR	90	2	0.0056
MICA	all	AMR	97	1	0.0028
MICA	all	AMR	100	1	0.0028
MICA	all	AMR	107	1	0.0028
MICA	all	AMR	116	1	0.0028
MICA	all	AMR	128	1	0.0028
MICA	all	AMR	144	2	0.0056
MICA	all	AMR	155	1	0.0028
MICA	all	AMR	162	1	0.0028
MICA	all	AMR	196	1	0.0028
MICA	all	AMR	209	1	0.0028
MICA	all	AMR	221	1	0.0028
MICA	all	AMR	223	1	0.0028
MICA	all	AMR	327	1	0.0028
MICA	all	AMR	393	1	0.0028
MICA	all	EAS	1	135	0.6081
MICA	all	EAS	2	20	0.0901
MICA	all	EAS	3	11	0.0495
MICA	all	EAS	4	6	0.027
MICA	all	EAS	5	3	0.0135
MICA	all	EAS	6	2	0.009
MICA	all	EAS	7	2	0.009
MICA	all	EAS	8	2	0.009
MICA	all	EAS	10	3	0.0135
MICA	all	EAS	11	1	0.0045
MICA	all	EAS	12	1	0.0045
MICA	all	EAS	13	3	0.0135
MICA	all	EAS	14	1	0.0045
MICA	all	EAS	15	1	0.0045
MICA	all	EAS	16	1	0.0045
MICA	all	EAS	18	1	0.0045
MICA	all	EAS	19	1	0.0045
MICA	all	EAS	20	1	0.0045
MICA	all	EAS	21	1	0.0045
MICA	all	EAS	22	2	0.009
MICA	all	EAS	24	1	0.0045
MICA	all	EAS	28	1	0.0045
MICA	all	EAS	31	1	0.0045
MICA	all	EAS	34	1	0.0045
MICA	all	EAS	35	1	0.0045
MICA	all	EAS	42	1	0.0045
MICA	all	EAS	43	1	0.0045
MICA	all	EAS	44	1	0.0045
MICA	all	EAS	54	1	0.0045
MICA	all	EAS	63	1	0.0045
MICA	all	EAS	71	1	0.0045
MICA	all	EAS	73	1	0.0045
MICA	all	EAS	85	1	0.0045
MICA	all	EAS	88	1	0.0045
MICA	all	EAS	89	1	0.0045
MICA	all	EAS	98	1	0.0045
MICA	all	EAS	116	1	0.0045
MICA	all	EAS	125	1	0.0045
MICA	all	EAS	135	1	0.0045
MICA	all	EAS	155	1	0.0045
MICA	all	EAS	167	1	0.0045
MICA	all	EAS	181	1	0.0045
MICA	all	EAS	197	1	0.0045
MICA	all	EAS	249	1	0.0045
MICA	all	EUR	1	272	0.712
MICA	all	EUR	2	14	0.0366
MICA	all	EUR	3	4	0.0105
MICA	all	EUR	4	7	0.0183
MICA	all	EUR	5	10	0.0262
MICA	all	EUR	6	4	0.0105
MICA	all	EUR	8	1	0.0026
MICA	all	EUR	9	4	0.0105
MICA	all	EUR	10	1	0.0026
MICA	all	EUR	11	1	0.0026
MICA	all	EUR	12	3	0.0079
MICA	all	EUR	13	1	0.0026
MICA	all	EUR	15	3	0.0079
MICA	all	EUR	17	1	0.0026
MICA	all	EUR	18	1	0.0026
MICA	all	EUR	19	1	0.0026
MICA	all	EUR	20	4	0.0105
MICA	all	EUR	21	2	0.0052
MICA	all	EUR	23	1	0.0026
MICA	all	EUR	27	1	0.0026
MICA	all	EUR	28	1	0.0026
MICA	all	EUR	30	2	0.0052
MICA	all	EUR	31	2	0.0052
MICA	all	EUR	34	1	0.0026
MICA	all	EUR	35	1	0.0026
MICA	all	EUR	37	1	0.0026
MICA	all	EUR	38	1	0.0026
MICA	all	EUR	39	2	0.0052
MICA	all	EUR	40	1	0.0026
MICA	all	EUR	41	1	0.0026
MICA	all	EUR	50	1	0.0026
MICA	all	EUR	52	1	0.0026
MICA	all	EUR	53	1	0.0026
MICA	all	EUR	56	1	0.0026
MICA	all	EUR	62	1	0.0026
MICA	all	EUR	64	1	0.0026
MICA	all	EUR	66	1	0.0026
MICA	all	EUR	69	1	0.0026
MICA	all	EUR	70	1	0.0026
MICA	all	EUR	71	1	0.0026
MICA	all	EUR	72	1	0.0026
MICA	all	EUR	73	1	0.0026
MICA	all	EUR	74	2	0.0052
MICA	all	EUR	82	1	0.0026
MICA	all	EUR	98	1	0.0026
MICA	all	EUR	101	1	0.0026
MICA	all	EUR	109	1	0.0026
MICA	all	EUR	119	1	0.0026
MICA	all	EUR	130	1	0.0026
MICA	all	EUR	150	1	0.0026
MICA	all	EUR	151	1	0.0026
MICA	all	EUR	167	1	0.0026
MICA	all	EUR	170	1	0.0026
MICA	all	EUR	174	1	0.0026
MICA	all	EUR	194	1	0.0026
MICA	all	EUR	203	1	0.0026
MICA	all	EUR	245	1	0.0026
MICA	all	EUR	252	1	0.0026
MICA	all	EUR	289	1	0.0026
MICA	all	EUR	314	1	0.0026
MICA	all	EUR	323	1	0.0026
MICA	all	EUR	356	1	0.0026
MICA	all	MID	1	56	0.4375
MICA	all	MID	2	9	0.0703
MICA	all	MID	3	11	0.0859
MICA	all	MID	4	8	0.0625
MICA	all	MID	5	4	0.0312
MICA	all	MID	6	3	0.0234
MICA	all	MID	7	6	0.0469
MICA	all	MID	9	2	0.0156
MICA	all	MID	10	3	0.0234
MICA	all	MID	11	3	0.0234
MICA	all	MID	14	1	0.0078
MICA	all	MID	15	4	0.0312
MICA	all	MID	16	1	0.0078
MICA	all	MID	17	1	0.0078
MICA	all	MID	18	1	0.0078
MICA	all	MID	19	1	0.0078
MICA	all	MID	20	1	0.0078
MICA	all	MID	21	1	0.0078
MICA	all	MID	22	1	0.0078
MICA	all	MID	25	1	0.0078
MICA	all	MID	27	1	0.0078
MICA	all	MID	28	1	0.0078
MICA	all	MID	29	1	0.0078
MICA	all	MID	34	1	0.0078
MICA	all	MID	38	1	0.0078
MICA	all	MID	41	2	0.0156
MICA	all	MID	44	1	0.0078
MICA	all	MID	48	1	0.0078
MICA	all	MID	73	1	0.0078
MICA	all	SAS	1	118	0.6344
MICA	all	SAS	2	9	0.0484
MICA	all	SAS	3	6	0.0323
MICA	all	SAS	4	4	0.0215
MICA	all	SAS	5	1	0.0054
MICA	all	SAS	6	2	0.0108
MICA	all	SAS	7	1	0.0054
MICA	all	SAS	8	1	0.0054
MICA	all	SAS	9	2	0.0108
MICA	all	SAS	13	1	0.0054
MICA	all	SAS	14	1	0.0054
MICA	all	SAS	15	2	0.0108
MICA	all	SAS	16	1	0.0054
MICA	all	SAS	19	1	0.0054
MICA	all	SAS	20	2	0.0108
MICA	all	SAS	23	1	0.0054
MICA	all	SAS	24	1	0.0054
MICA	all	SAS	26	2	0.0108
MICA	all	SAS	27	1	0.0054
MICA	all	SAS	28	1	0.0054
MICA	all	SAS	29	2	0.0108
MICA	all	SAS	30	1	0.0054
MICA	all	SAS	32	1	0.0054
MICA	all	SAS	33	2	0.0108
MICA	all	SAS	35	1	0.0054
MICA	all	SAS	36	1	0.0054
MICA	all	SAS	38	1	0.0054
MICA	all	SAS	47	2	0.0108
MICA	all	SAS	50	1	0.0054
MICA	all	SAS	51	1	0.0054
MICA	all	SAS	52	1	0.0054
MICA	all	SAS	59	1	0.0054
MICA	all	SAS	63	1	0.0054
MICA	all	SAS	64	1	0.0054
MICA	all	SAS	66	1	0.0054
MICA	all	SAS	69	1	0.0054
MICA	all	SAS	74	1	0.0054
MICA	all	SAS	78	1	0.0054
MICA	all	SAS	85	1	0.0054
MICA	all	SAS	92	1	0.0054
MICA	all	SAS	102	1	0.0054
MICA	all	SAS	126	1	0.0054
MICA	all	SAS	140	1	0.0054
MICA	all	SAS	165	1	0.0054
MICA	all	SAS	168	1	0.0054
MICA	all	POOLED	1	901	0.7917
MICA	all	POOLED	2	70	0.0615
MICA	all	POOLED	3	23	0.0202
MICA	all	POOLED	4	10	0.0088
MICA	all	POOLED	5	8	0.007
MICA	all	POOLED	6	2	0.0018
MICA	all	POOLED	7	3	0.0026
MICA	all	POOLED	8	3	0.0026
MICA	all	POOLED	9	6	0.0053
MICA	all	POOLED	10	2	0.0018
MICA	all	POOLED	11	6	0.0053
MICA	all	POOLED	13	3	0.0026
MICA	all	POOLED	15	2	0.0018
MICA	all	POOLED	16	2	0.0018
MICA	all	POOLED	17	1	0.0009
MICA	all	POOLED	18	2	0.0018
MICA	all	POOLED	20	2	0.0018
MICA	all	POOLED	22	1	0.0009
MICA	all	POOLED	23	1	0.0009
MICA	all	POOLED	26	2	0.0018
MICA	all	POOLED	27	1	0.0009
MICA	all	POOLED	28	1	0.0009
MICA	all	POOLED	29	1	0.0009
MICA	all	POOLED	32	1	0.0009
MICA	all	POOLED	36	1	0.0009
MICA	all	POOLED	42	1	0.0009
MICA	all	POOLED	43	2	0.0018
MICA	all	POOLED	45	1	0.0009
MICA	all	POOLED	51	1	0.0009
MICA	all	POOLED	52	1	0.0009
MICA	all	POOLED	53	2	0.0018
MICA	all	POOLED	55	1	0.0009
MICA	all	POOLED	60	1	0.0009
MICA	all	POOLED	61	1	0.0009
MICA	all	POOLED	62	1	0.0009
MICA	all	POOLED	66	2	0.0018
MICA	all	POOLED	70	1	0.0009
MICA	all	POOLED	74	1	0.0009
MICA	all	POOLED	75	2	0.0018
MICA	all	POOLED	80	1	0.0009
MICA	all	POOLED	81	1	0.0009
MICA	all	POOLED	82	1	0.0009
MICA	all	POOLED	83	1	0.0009
MICA	all	POOLED	89	1	0.0009
MICA	all	POOLED	90	1	0.0009
MICA	all	POOLED	92	1	0.0009
MICA	all	POOLED	95	1	0.0009
MICA	all	POOLED	97	2	0.0018
MICA	all	POOLED	98	1	0.0009
MICA	all	POOLED	103	1	0.0009
MICA	all	POOLED	106	1	0.0009
MICA	all	POOLED	109	1	0.0009
MICA	all	POOLED	111	1	0.0009
MICA	all	POOLED	112	1	0.0009
MICA	all	POOLED	113	1	0.0009
MICA	all	POOLED	114	1	0.0009
MICA	all	POOLED	118	1	0.0009
MICA	all	POOLED	120	1	0.0009
MICA	all	POOLED	121	1	0.0009
MICA	all	POOLED	124	1	0.0009
MICA	all	POOLED	129	1	0.0009
MICA	all	POOLED	132	1	0.0009
MICA	all	POOLED	138	1	0.0009
MICA	all	POOLED	143	1	0.0009
MICA	all	POOLED	149	1	0.0009
MICA	all	POOLED	161	1	0.0009
MICA	all	POOLED	162	1	0.0009
MICA	all	POOLED	164	1	0.0009
MICA	all	POOLED	170	1	0.0009
MICA	all	POOLED	171	1	0.0009
MICA	all	POOLED	182	1	0.0009
MICA	all	POOLED	183	1	0.0009
MICA	all	POOLED	192	1	0.0009
MICA	all	POOLED	203	1	0.0009
MICA	all	POOLED	205	1	0.0009
MICA	all	POOLED	219	1	0.0009
MICA	all	POOLED	243	1	0.0009
MICA	all	POOLED	288	1	0.0009
MICA	all	POOLED	301	1	0.0009
MICA	all	POOLED	318	2	0.0018
MICA	all	POOLED	326	1	0.0009
MICA	all	POOLED	343	1	0.0009
MICA	all	POOLED	390	1	0.0009
MICA	all	POOLED	429	1	0.0009
MICA	all	POOLED	431	1	0.0009
MICA	all	POOLED	448	2	0.0018
MICA	all	POOLED	453	1	0.0009
MICA	all	POOLED	497	1	0.0009
MICA	all	POOLED	503	1	0.0009
MICA	all	POOLED	520	1	0.0009
MICA	all	POOLED	542	1	0.0009
MICA	all	POOLED	586	1	0.0009
MICA	all	POOLED	628	1	0.0009
MICA	all	POOLED	685	1	0.0009
MICA	all	POOLED	711	1	0.0009
MICA	all	POOLED	735	1	0.0009
MICA	all	POOLED	767	1	0.0009
MICA	all	POOLED	794	1	0.0009
MICA	all	POOLED	909	1	0.0009
MICA	all	POOLED	920	1	0.0009
MICA	all	POOLED	1407	1	0.0009
MICA	known	AFR	1	16	0.186
MICA	known	AFR	2	8	0.093
MICA	known	AFR	3	7	0.0814
MICA	known	AFR	4	7	0.0814
MICA	known	AFR	5	1	0.0116
MICA	known	AFR	6	1	0.0116
MICA	known	AFR	7	1	0.0116
MICA	known	AFR	8	2	0.0233
MICA	known	AFR	9	4	0.0465
MICA	known	AFR	10	4	0.0465
MICA	known	AFR	11	2	0.0233
MICA	known	AFR	12	1	0.0116
MICA	known	AFR	13	1	0.0116
MICA	known	AFR	16	1	0.0116
MICA	known	AFR	17	1	0.0116
MICA	known	AFR	18	1	0.0116
MICA	known	AFR	19	2	0.0233
MICA	known	AFR	20	1	0.0116
MICA	known	AFR	22	2	0.0233
MICA	known	AFR	28	1	0.0116
MICA	known	AFR	29	1	0.0116
MICA	known	AFR	36	1	0.0116
MICA	known	AFR	47	1	0.0116
MICA	known	AFR	48	1	0.0116
MICA	known	AFR	56	1	0.0116
MICA	known	AFR	59	1	0.0116
MICA	known	AFR	62	1	0.0116
MICA	known	AFR	69	1	0.0116
MICA	known	AFR	82	1	0.0116
MICA	known	AFR	85	1	0.0116
MICA	known	AFR	93	1	0.0116
MICA	known	AFR	95	1	0.0116
MICA	known	AFR	126	1	0.0116
MICA	known	AFR	130	1	0.0116
MICA	known	AFR	163	2	0.0233
MICA	known	AFR	190	1	0.0116
MICA	known	AFR	219	1	0.0116
MICA	known	AFR	257	1	0.0116
MICA	known	AFR	261	1	0.0116
MICA	known	AFR	368	1	0.0116
MICA	known	AFR	372	1	0.0116
MICA	known	AMR	1	20	0.2105
MICA	known	AMR	2	8	0.0842
MICA	known	AMR	3	5	0.0526
MICA	known	AMR	4	4	0.0421
MICA	known	AMR	5	3	0.0316
MICA	known	AMR	6	1	0.0105
MICA	known	AMR	8	1	0.0105
MICA	known	AMR	10	5	0.0526
MICA	known	AMR	11	2	0.0211
MICA	known	AMR	12	1	0.0105
MICA	known	AMR	13	3	0.0316
MICA	known	AMR	17	1	0.0105
MICA	known	AMR	18	1	0.0105
MICA	known	AMR	19	1	0.0105
MICA	known	AMR	21	2	0.0211
MICA	known	AMR	23	1	0.0105
MICA	known	AMR	25	2	0.0211
MICA	known	AMR	26	2	0.0211
MICA	known	AMR	30	2	0.0211
MICA	known	AMR	34	3	0.0316
MICA	known	AMR	35	3	0.0316
MICA	known	AMR	38	1	0.0105
MICA	known	AMR	42	1	0.0105
MICA	known	AMR	44	1	0.0105
MICA	known	AMR	49	1	0.0105
MICA	known	AMR	51	2	0.0211
MICA	known	AMR	52	1	0.0105
MICA	known	AMR	56	1	0.0105
MICA	known	AMR	67	1	0.0105
MICA	known	AMR	68	1	0.0105
MICA	known	AMR	73	1	0.0105
MICA	known	AMR	75	2	0.0211
MICA	known	AMR	90	1	0.0105
MICA	known	AMR	97	1	0.0105
MICA	known	AMR	100	1	0.0105
MICA	known	AMR	107	1	0.0105
MICA	known	AMR	116	1	0.0105
MICA	known	AMR	128	1	0.0105
MICA	known	AMR	144	1	0.0105
MICA	known	AMR	196	1	0.0105
MICA	known	AMR	209	1	0.0105
MICA	known	AMR	221	1	0.0105
MICA	known	AMR	327	1	0.0105
MICA	known	EAS	1	12	0.1818
MICA	known	EAS	2	10	0.1515
MICA	known	EAS	3	8	0.1212
MICA	known	EAS	4	3	0.0455
MICA	known	EAS	5	3	0.0455
MICA	known	EAS	6	1	0.0152
MICA	known	EAS	7	2	0.0303
MICA	known	EAS	8	1	0.0152
MICA	known	EAS	10	2	0.0303
MICA	known	EAS	11	1	0.0152
MICA	known	EAS	12	1	0.0152
MICA	known	EAS	13	1	0.0152
MICA	known	EAS	15	1	0.0152
MICA	known	EAS	16	1	0.0152
MICA	known	EAS	18	1	0.0152
MICA	known	EAS	19	1	0.0152
MICA	known	EAS	20	1	0.0152
MICA	known	EAS	22	1	0.0152
MICA	known	EAS	24	1	0.0152
MICA	known	EAS	28	1	0.0152
MICA	known	EAS	31	1	0.0152
MICA	known	EAS	35	1	0.0152
MICA	known	EAS	42	1	0.0152
MICA	known	EAS	43	1	0.0152
MICA	known	EAS	54	1	0.0152
MICA	known	EAS	85	1	0.0152
MICA	known	EAS	88	1	0.0152
MICA	known	EAS	89	1	0.0152
MICA	known	EAS	98	1	0.0152
MICA	known	EAS	116	1	0.0152
MICA	known	EAS	135	1	0.0152
MICA	known	EAS	155	1	0.0152
MICA	known	EAS	181	1	0.0152
MICA	known	EUR	1	13	0.1444
MICA	known	EUR	2	7	0.0778
MICA	known	EUR	3	1	0.0111
MICA	known	EUR	4	6	0.0667
MICA	known	EUR	5	7	0.0778
MICA	known	EUR	6	3	0.0333
MICA	known	EUR	8	1	0.0111
MICA	known	EUR	9	4	0.0444
MICA	known	EUR	10	1	0.0111
MICA	known	EUR	11	1	0.0111
MICA	known	EUR	12	3	0.0333
MICA	known	EUR	13	1	0.0111
MICA	known	EUR	15	1	0.0111
MICA	known	EUR	17	1	0.0111
MICA	known	EUR	18	1	0.0111
MICA	known	EUR	19	1	0.0111
MICA	known	EUR	20	3	0.0333
MICA	known	EUR	21	1	0.0111
MICA	known	EUR	27	1	0.0111
MICA	known	EUR	28	1	0.0111
MICA	known	EUR	30	1	0.0111
MICA	known	EUR	31	1	0.0111
MICA	known	EUR	34	1	0.0111
MICA	known	EUR	35	1	0.0111
MICA	known	EUR	38	1	0.0111
MICA	known	EUR	39	2	0.0222
MICA	known	EUR	40	1	0.0111
MICA	known	EUR	41	1	0.0111
MICA	known	EUR	50	1	0.0111
MICA	known	EUR	52	1	0.0111
MICA	known	EUR	56	1	0.0111
MICA	known	EUR	62	1	0.0111
MICA	known	EUR	66	1	0.0111
MICA	known	EUR	69	1	0.0111
MICA	known	EUR	70	1	0.0111
MICA	known	EUR	72	1	0.0111
MICA	known	EUR	73	1	0.0111
MICA	known	EUR	74	2	0.0222
MICA	known	EUR	101	1	0.0111
MICA	known	EUR	109	1	0.0111
MICA	known	EUR	150	1	0.0111
MICA	known	EUR	151	1	0.0111
MICA	known	EUR	167	1	0.0111
MICA	known	EUR	170	1	0.0111
MICA	known	EUR	174	1	0.0111
MICA	known	EUR	203	1	0.0111
MICA	known	EUR	252	1	0.0111
MICA	known	EUR	289	1	0.0111
MICA	known	EUR	323	1	0.0111
MICA	known	EUR	356	1	0.0111
MICA	known	MID	1	12	0.1935
MICA	known	MID	2	6	0.0968
MICA	known	MID	3	8	0.129
MICA	known	MID	4	6	0.0968
MICA	known	MID	5	3	0.0484
MICA	known	MID	6	1	0.0161
MICA	known	MID	7	5	0.0806
MICA	known	MID	9	2	0.0323
MICA	known	MID	11	2	0.0323
MICA	known	MID	14	1	0.0161
MICA	known	MID	15	3	0.0484
MICA	known	MID	16	1	0.0161
MICA	known	MID	17	1	0.0161
MICA	known	MID	18	1	0.0161
MICA	known	MID	19	1	0.0161
MICA	known	MID	20	1	0.0161
MICA	known	MID	21	1	0.0161
MICA	known	MID	22	1	0.0161
MICA	known	MID	25	1	0.0161
MICA	known	MID	28	1	0.0161
MICA	known	MID	29	1	0.0161
MICA	known	MID	38	1	0.0161
MICA	known	MID	44	1	0.0161
MICA	known	MID	73	1	0.0161
MICA	known	SAS	1	12	0.2222
MICA	known	SAS	2	3	0.0556
MICA	known	SAS	3	5	0.0926
MICA	known	SAS	4	2	0.037
MICA	known	SAS	5	1	0.0185
MICA	known	SAS	6	1	0.0185
MICA	known	SAS	7	1	0.0185
MICA	known	SAS	9	1	0.0185
MICA	known	SAS	13	1	0.0185
MICA	known	SAS	14	1	0.0185
MICA	known	SAS	15	1	0.0185
MICA	known	SAS	16	1	0.0185
MICA	known	SAS	19	1	0.0185
MICA	known	SAS	20	1	0.0185
MICA	known	SAS	23	1	0.0185
MICA	known	SAS	26	1	0.0185
MICA	known	SAS	27	1	0.0185
MICA	known	SAS	28	1	0.0185
MICA	known	SAS	29	1	0.0185
MICA	known	SAS	30	1	0.0185
MICA	known	SAS	32	1	0.0185
MICA	known	SAS	33	1	0.0185
MICA	known	SAS	35	1	0.0185
MICA	known	SAS	36	1	0.0185
MICA	known	SAS	38	1	0.0185
MICA	known	SAS	47	1	0.0185
MICA	known	SAS	51	1	0.0185
MICA	known	SAS	52	1	0.0185
MICA	known	SAS	59	1	0.0185
MICA	known	SAS	63	1	0.0185
MICA	known	SAS	74	1	0.0185
MICA	known	SAS	78	1	0.0185
MICA	known	SAS	102	1	0.0185
MICA	known	SAS	126	1	0.0185
MICA	known	SAS	140	1	0.0185
MICA	known	SAS	165	1	0.0185
MICA	known	POOLED	1	21	0.1641
MICA	known	POOLED	2	10	0.0781
MICA	known	POOLED	3	7	0.0547
MICA	known	POOLED	4	1	0.0078
MICA	known	POOLED	5	4	0.0312
MICA	known	POOLED	6	2	0.0156
MICA	known	POOLED	7	1	0.0078
MICA	known	POOLED	8	2	0.0156
MICA	known	POOLED	9	4	0.0312
MICA	known	POOLED	11	4	0.0312
MICA	known	POOLED	13	1	0.0078
MICA	known	POOLED	15	1	0.0078
MICA	known	POOLED	16	1	0.0078
MICA	known	POOLED	18	2	0.0156
MICA	known	POOLED	20	1	0.0078
MICA	known	POOLED	22	1	0.0078
MICA	known	POOLED	26	1	0.0078
MICA	known	POOLED	28	1	0.0078
MICA	known	POOLED	29	1	0.0078
MICA	known	POOLED	32	1	0.0078
MICA	known	POOLED	36	1	0.0078
MICA	known	POOLED	42	1	0.0078
MICA	known	POOLED	43	1	0.0078
MICA	known	POOLED	45	1	0.0078
MICA	known	POOLED	52	1	0.0078
MICA	known	POOLED	53	1	0.0078
MICA	known	POOLED	55	1	0.0078
MICA	known	POOLED	60	1	0.0078
MICA	known	POOLED	62	1	0.0078
MICA	known	POOLED	66	2	0.0156
MICA	known	POOLED	74	1	0.0078
MICA	known	POOLED	75	2	0.0156
MICA	known	POOLED	80	1	0.0078
MICA	known	POOLED	83	1	0.0078
MICA	known	POOLED	89	1	0.0078
MICA	known	POOLED	90	1	0.0078
MICA	known	POOLED	92	1	0.0078
MICA	known	POOLED	95	1	0.0078
MICA	known	POOLED	97	2	0.0156
MICA	known	POOLED	98	1	0.0078
MICA	known	POOLED	103	1	0.0078
MICA	known	POOLED	106	1	0.0078
MICA	known	POOLED	109	1	0.0078
MICA	known	POOLED	111	1	0.0078
MICA	known	POOLED	112	1	0.0078
MICA	known	POOLED	113	1	0.0078
MICA	known	POOLED	114	1	0.0078
MICA	known	POOLED	118	1	0.0078
MICA	known	POOLED	121	1	0.0078
MICA	known	POOLED	124	1	0.0078
MICA	known	POOLED	132	1	0.0078
MICA	known	POOLED	161	1	0.0078
MICA	known	POOLED	162	1	0.0078
MICA	known	POOLED	164	1	0.0078
MICA	known	POOLED	171	1	0.0078
MICA	known	POOLED	183	1	0.0078
MICA	known	POOLED	192	1	0.0078
MICA	known	POOLED	203	1	0.0078
MICA	known	POOLED	205	1	0.0078
MICA	known	POOLED	243	1	0.0078
MICA	known	POOLED	288	1	0.0078
MICA	known	POOLED	301	1	0.0078
MICA	known	POOLED	318	2	0.0156
MICA	known	POOLED	343	1	0.0078
MICA	known	POOLED	390	1	0.0078
MICA	known	POOLED	431	1	0.0078
MICA	known	POOLED	448	2	0.0156
MICA	known	POOLED	453	1	0.0078
MICA	known	POOLED	497	1	0.0078
MICA	known	POOLED	503	1	0.0078
MICA	known	POOLED	542	1	0.0078
MICA	known	POOLED	586	1	0.0078
MICA	known	POOLED	735	1	0.0078
MICA	known	POOLED	767	1	0.0078
MICA	known	POOLED	794	1	0.0078
MICA	known	POOLED	920	1	0.0078
MICA	novel	AFR	1	271	0.839
MICA	novel	AFR	2	21	0.065
MICA	novel	AFR	4	3	0.0093
MICA	novel	AFR	6	3	0.0093
MICA	novel	AFR	8	2	0.0062
MICA	novel	AFR	9	2	0.0062
MICA	novel	AFR	10	1	0.0031
MICA	novel	AFR	13	1	0.0031
MICA	novel	AFR	18	1	0.0031
MICA	novel	AFR	19	1	0.0031
MICA	novel	AFR	20	1	0.0031
MICA	novel	AFR	23	1	0.0031
MICA	novel	AFR	28	1	0.0031
MICA	novel	AFR	29	1	0.0031
MICA	novel	AFR	30	1	0.0031
MICA	novel	AFR	33	1	0.0031
MICA	novel	AFR	36	1	0.0031
MICA	novel	AFR	37	1	0.0031
MICA	novel	AFR	39	1	0.0031
MICA	novel	AFR	41	1	0.0031
MICA	novel	AFR	82	1	0.0031
MICA	novel	AFR	108	1	0.0031
MICA	novel	AFR	173	1	0.0031
MICA	novel	AFR	188	1	0.0031
MICA	novel	AFR	303	1	0.0031
MICA	novel	AFR	348	1	0.0031
MICA	novel	AFR	373	1	0.0031
MICA	novel	AMR	1	226	0.8561
MICA	novel	AMR	2	8	0.0303
MICA	novel	AMR	3	5	0.0189
MICA	novel	AMR	4	1	0.0038
MICA	novel	AMR	5	1	0.0038
MICA	novel	AMR	6	1	0.0038
MICA	novel	AMR	9	1	0.0038
MICA	novel	AMR	10	1	0.0038
MICA	novel	AMR	13	2	0.0076
MICA	novel	AMR	14	1	0.0038
MICA	novel	AMR	19	1	0.0038
MICA	novel	AMR	20	1	0.0038
MICA	novel	AMR	21	1	0.0038
MICA	novel	AMR	25	3	0.0114
MICA	novel	AMR	28	1	0.0038
MICA	novel	AMR	33	1	0.0038
MICA	novel	AMR	44	1	0.0038
MICA	novel	AMR	61	1	0.0038
MICA	novel	AMR	76	1	0.0038
MICA	novel	AMR	90	1	0.0038
MICA	novel	AMR	144	1	0.0038
MICA	novel	AMR	155	1	0.0038
MICA	novel	AMR	162	1	0.0038
MICA	novel	AMR	223	1	0.0038
MICA	novel	AMR	393	1	0.0038
MICA	novel	EAS	1	123	0.7885
MICA	novel	EAS	2	10	0.0641
MICA	novel	EAS	3	3	0.0192
MICA	novel	EAS	4	3	0.0192
MICA	novel	EAS	6	1	0.0064
MICA	novel	EAS	8	1	0.0064
MICA	novel	EAS	10	1	0.0064
MICA	novel	EAS	13	2	0.0128
MICA	novel	EAS	14	1	0.0064
MICA	novel	EAS	21	1	0.0064
MICA	novel	EAS	22	1	0.0064
MICA	novel	EAS	34	1	0.0064
MICA	novel	EAS	44	1	0.0064
MICA	novel	EAS	63	1	0.0064
MICA	novel	EAS	71	1	0.0064
MICA	novel	EAS	73	1	0.0064
MICA	novel	EAS	125	1	0.0064
MICA	novel	EAS	167	1	0.0064
MICA	novel	EAS	197	1	0.0064
MICA	novel	EAS	249	1	0.0064
MICA	novel	EUR	1	259	0.887
MICA	novel	EUR	2	7	0.024
MICA	novel	EUR	3	3	0.0103
MICA	novel	EUR	4	1	0.0034
MICA	novel	EUR	5	3	0.0103
MICA	novel	EUR	6	1	0.0034
MICA	novel	EUR	15	2	0.0068
MICA	novel	EUR	20	1	0.0034
MICA	novel	EUR	21	1	0.0034
MICA	novel	EUR	23	1	0.0034
MICA	novel	EUR	30	1	0.0034
MICA	novel	EUR	31	1	0.0034
MICA	novel	EUR	37	1	0.0034
MICA	novel	EUR	53	1	0.0034
MICA	novel	EUR	64	1	0.0034
MICA	novel	EUR	71	1	0.0034
MICA	novel	EUR	82	1	0.0034
MICA	novel	EUR	98	1	0.0034
MICA	novel	EUR	119	1	0.0034
MICA	novel	EUR	130	1	0.0034
MICA	novel	EUR	194	1	0.0034
MICA	novel	EUR	245	1	0.0034
MICA	novel	EUR	314	1	0.0034
MICA	novel	MID	1	44	0.6667
MICA	novel	MID	2	3	0.0455
MICA	novel	MID	3	3	0.0455
MICA	novel	MID	4	2	0.0303
MICA	novel	MID	5	1	0.0152
MICA	novel	MID	6	2	0.0303
MICA	novel	MID	7	1	0.0152
MICA	novel	MID	10	3	0.0455
MICA	novel	MID	11	1	0.0152
MICA	novel	MID	15	1	0.0152
MICA	novel	MID	27	1	0.0152
MICA	novel	MID	34	1	0.0152
MICA	novel	MID	41	2	0.0303
MICA	novel	MID	48	1	0.0152
MICA	novel	SAS	1	106	0.803
MICA	novel	SAS	2	6	0.0455
MICA	novel	SAS	3	1	0.0076
MICA	novel	SAS	4	2	0.0152
MICA	novel	SAS	6	1	0.0076
MICA	novel	SAS	8	1	0.0076
MICA	novel	SAS	9	1	0.0076
MICA	novel	SAS	15	1	0.0076
MICA	novel	SAS	20	1	0.0076
MICA	novel	SAS	24	1	0.0076
MICA	novel	SAS	26	1	0.0076
MICA	novel	SAS	29	1	0.0076
MICA	novel	SAS	33	1	0.0076
MICA	novel	SAS	47	1	0.0076
MICA	novel	SAS	50	1	0.0076
MICA	novel	SAS	64	1	0.0076
MICA	novel	SAS	66	1	0.0076
MICA	novel	SAS	69	1	0.0076
MICA	novel	SAS	85	1	0.0076
MICA	novel	SAS	92	1	0.0076
MICA	novel	SAS	168	1	0.0076
MICA	novel	POOLED	1	880	0.8713
MICA	novel	POOLED	2	60	0.0594
MICA	novel	POOLED	3	16	0.0158
MICA	novel	POOLED	4	9	0.0089
MICA	novel	POOLED	5	4	0.004
MICA	novel	POOLED	7	2	0.002
MICA	novel	POOLED	8	1	0.001
MICA	novel	POOLED	9	2	0.002
MICA	novel	POOLED	10	2	0.002
MICA	novel	POOLED	11	2	0.002
MICA	novel	POOLED	13	2	0.002
MICA	novel	POOLED	15	1	0.001
MICA	novel	POOLED	16	1	0.001
MICA	novel	POOLED	17	1	0.001
MICA	novel	POOLED	20	1	0.001
MICA	novel	POOLED	23	1	0.001
MICA	novel	POOLED	26	1	0.001
MICA	novel	POOLED	27	1	0.001
MICA	novel	POOLED	43	1	0.001
MICA	novel	POOLED	51	1	0.001
MICA	novel	POOLED	53	1	0.001
MICA	novel	POOLED	61	1	0.001
MICA	novel	POOLED	70	1	0.001
MICA	novel	POOLED	81	1	0.001
MICA	novel	POOLED	82	1	0.001
MICA	novel	POOLED	120	1	0.001
MICA	novel	POOLED	129	1	0.001
MICA	novel	POOLED	138	1	0.001
MICA	novel	POOLED	143	1	0.001
MICA	novel	POOLED	149	1	0.001
MICA	novel	POOLED	170	1	0.001
MICA	novel	POOLED	182	1	0.001
MICA	novel	POOLED	219	1	0.001
MICA	novel	POOLED	326	1	0.001
MICA	novel	POOLED	429	1	0.001
MICA	novel	POOLED	520	1	0.001
MICA	novel	POOLED	628	1	0.001
MICA	novel	POOLED	685	1	0.001
MICA	novel	POOLED	711	1	0.001
MICA	novel	POOLED	909	1	0.001
MICA	novel	POOLED	1407	1	0.001
MICB	all	AFR	1	255	0.7612
MICB	all	AFR	2	27	0.0806
MICB	all	AFR	3	8	0.0239
MICB	all	AFR	4	3	0.009
MICB	all	AFR	5	8	0.0239
MICB	all	AFR	6	3	0.009
MICB	all	AFR	7	1	0.003
MICB	all	AFR	8	2	0.006
MICB	all	AFR	9	2	0.006
MICB	all	AFR	11	1	0.003
MICB	all	AFR	12	1	0.003
MICB	all	AFR	19	1	0.003
MICB	all	AFR	20	1	0.003
MICB	all	AFR	21	1	0.003
MICB	all	AFR	22	1	0.003
MICB	all	AFR	23	1	0.003
MICB	all	AFR	24	1	0.003
MICB	all	AFR	29	1	0.003
MICB	all	AFR	30	2	0.006
MICB	all	AFR	35	1	0.003
MICB	all	AFR	36	1	0.003
MICB	all	AFR	39	1	0.003
MICB	all	AFR	42	1	0.003
MICB	all	AFR	48	1	0.003
MICB	all	AFR	55	1	0.003
MICB	all	AFR	60	1	0.003
MICB	all	AFR	63	1	0.003
MICB	all	AFR	69	1	0.003
MICB	all	AFR	81	1	0.003
MICB	all	AFR	99	1	0.003
MICB	all	AFR	585	1	0.003
MICB	all	AFR	761	1	0.003
MICB	all	AFR	1253	1	0.003
MICB	all	AFR	1886	1	0.003
MICB	all	AMR	1	266	0.7644
MICB	all	AMR	2	30	0.0862
MICB	all	AMR	3	6	0.0172
MICB	all	AMR	4	3	0.0086
MICB	all	AMR	5	4	0.0115
MICB	all	AMR	6	1	0.0029
MICB	all	AMR	7	2	0.0057
MICB	all	AMR	8	2	0.0057
MICB	all	AMR	9	1	0.0029
MICB	all	AMR	10	3	0.0086
MICB	all	AMR	11	4	0.0115
MICB	all	AMR	12	1	0.0029
MICB	all	AMR	13	1	0.0029
MICB	all	AMR	15	1	0.0029
MICB	all	AMR	17	1	0.0029
MICB	all	AMR	18	1	0.0029
MICB	all	AMR	22	1	0.0029
MICB	all	AMR	23	2	0.0057
MICB	all	AMR	26	1	0.0029
MICB	all	AMR	34	1	0.0029
MICB	all	AMR	36	1	0.0029
MICB	all	AMR	39	1	0.0029
MICB	all	AMR	42	1	0.0029
MICB	all	AMR	49	2	0.0057
MICB	all	AMR	68	1	0.0029
MICB	all	AMR	69	1	0.0029
MICB	all	AMR	80	1	0.0029
MICB	all	AMR	81	1	0.0029
MICB	all	AMR	87	1	0.0029
MICB	all	AMR	109	1	0.0029
MICB	all	AMR	214	1	0.0029
MICB	all	AMR	252	1	0.0029
MICB	all	AMR	592	1	0.0029
MICB	all	AMR	691	1	0.0029
MICB	all	AMR	2067	1	0.0029
MICB	all	EAS	1	137	0.7569
MICB	all	EAS	2	16	0.0884
MICB	all	EAS	3	3	0.0166
MICB	all	EAS	4	4	0.0221
MICB	all	EAS	5	3	0.0166
MICB	all	EAS	6	1	0.0055
MICB	all	EAS	7	1	0.0055
MICB	all	EAS	8	1	0.0055
MICB	all	EAS	10	1	0.0055
MICB	all	EAS	12	1	0.0055
MICB	all	EAS	22	1	0.0055
MICB	all	EAS	23	1	0.0055
MICB	all	EAS	24	1	0.0055
MICB	all	EAS	29	1	0.0055
MICB	all	EAS	46	1	0.0055
MICB	all	EAS	77	1	0.0055
MICB	all	EAS	132	1	0.0055
MICB	all	EAS	171	1	0.0055
MICB	all	EAS	214	1	0.0055
MICB	all	EAS	257	1	0.0055
MICB	all	EAS	303	1	0.0055
MICB	all	EAS	323	1	0.0055
MICB	all	EAS	961	1	0.0055
MICB	all	EUR	1	303	0.7789
MICB	all	EUR	2	21	0.054
MICB	all	EUR	3	14	0.036
MICB	all	EUR	4	6	0.0154
MICB	all	EUR	5	3	0.0077
MICB	all	EUR	6	3	0.0077
MICB	all	EUR	7	3	0.0077
MICB	all	EUR	8	2	0.0051
MICB	all	EUR	9	1	0.0026
MICB	all	EUR	10	1	0.0026
MICB	all	EUR	11	1	0.0026
MICB	all	EUR	14	1	0.0026
MICB	all	EUR	16	1	0.0026
MICB	all	EUR	18	1	0.0026
MICB	all	EUR	19	2	0.0051
MICB	all	EUR	24	1	0.0026
MICB	all	EUR	26	1	0.0026
MICB	all	EUR	27	2	0.0051
MICB	all	EUR	29	1	0.0026
MICB	all	EUR	31	1	0.0026
MICB	all	EUR	32	1	0.0026
MICB	all	EUR	33	1	0.0026
MICB	all	EUR	37	1	0.0026
MICB	all	EUR	47	1	0.0026
MICB	all	EUR	48	1	0.0026
MICB	all	EUR	49	1	0.0026
MICB	all	EUR	54	1	0.0026
MICB	all	EUR	56	1	0.0026
MICB	all	EUR	83	1	0.0026
MICB	all	EUR	115	1	0.0026
MICB	all	EUR	133	1	0.0026
MICB	all	EUR	147	1	0.0026
MICB	all	EUR	153	1	0.0026
MICB	all	EUR	159	1	0.0026
MICB	all	EUR	191	1	0.0026
MICB	all	EUR	205	1	0.0026
MICB	all	EUR	269	1	0.0026
MICB	all	EUR	634	1	0.0026
MICB	all	EUR	974	1	0.0026
MICB	all	EUR	1596	1	0.0026
MICB	all	MID	1	56	0.6022
MICB	all	MID	2	9	0.0968
MICB	all	MID	3	6	0.0645
MICB	all	MID	4	3	0.0323
MICB	all	MID	5	5	0.0538
MICB	all	MID	6	1	0.0108
MICB	all	MID	7	1	0.0108
MICB	all	MID	8	1	0.0108
MICB	all	MID	9	1	0.0108
MICB	all	MID	15	2	0.0215
MICB	all	MID	16	1	0.0108
MICB	all	MID	27	1	0.0108
MICB	all	MID	33	1	0.0108
MICB	all	MID	34	1	0.0108
MICB	all	MID	45	1	0.0108
MICB	all	MID	102	1	0.0108
MICB	all	MID	211	1	0.0108
MICB	all	MID	278	1	0.0108
MICB	all	SAS	1	133	0.7688
MICB	all	SAS	2	8	0.0462
MICB	all	SAS	3	4	0.0231
MICB	all	SAS	4	2	0.0116
MICB	all	SAS	5	2	0.0116
MICB	all	SAS	7	2	0.0116
MICB	all	SAS	8	3	0.0173
MICB	all	SAS	9	1	0.0058
MICB	all	SAS	11	1	0.0058
MICB	all	SAS	12	2	0.0116
MICB	all	SAS	14	2	0.0116
MICB	all	SAS	18	1	0.0058
MICB	all	SAS	28	1	0.0058
MICB	all	SAS	33	1	0.0058
MICB	all	SAS	35	1	0.0058
MICB	all	SAS	37	1	0.0058
MICB	all	SAS	48	1	0.0058
MICB	all	SAS	49	1	0.0058
MICB	all	SAS	117	1	0.0058
MICB	all	SAS	122	1	0.0058
MICB	all	SAS	208	1	0.0058
MICB	all	SAS	275	1	0.0058
MICB	all	SAS	416	1	0.0058
MICB	all	SAS	705	1	0.0058
MICB	all	POOLED	1	899	0.8173
MICB	all	POOLED	2	69	0.0627
MICB	all	POOLED	3	26	0.0236
MICB	all	POOLED	4	15	0.0136
MICB	all	POOLED	5	8	0.0073
MICB	all	POOLED	6	5	0.0045
MICB	all	POOLED	7	5	0.0045
MICB	all	POOLED	8	5	0.0045
MICB	all	POOLED	9	5	0.0045
MICB	all	POOLED	10	3	0.0027
MICB	all	POOLED	11	4	0.0036
MICB	all	POOLED	12	1	0.0009
MICB	all	POOLED	13	2	0.0018
MICB	all	POOLED	14	1	0.0009
MICB	all	POOLED	15	2	0.0018
MICB	all	POOLED	16	1	0.0009
MICB	all	POOLED	17	1	0.0009
MICB	all	POOLED	18	1	0.0009
MICB	all	POOLED	20	1	0.0009
MICB	all	POOLED	21	1	0.0009
MICB	all	POOLED	23	3	0.0027
MICB	all	POOLED	24	1	0.0009
MICB	all	POOLED	25	2	0.0018
MICB	all	POOLED	26	1	0.0009
MICB	all	POOLED	27	1	0.0009
MICB	all	POOLED	33	1	0.0009
MICB	all	POOLED	36	2	0.0018
MICB	all	POOLED	40	1	0.0009
MICB	all	POOLED	41	1	0.0009
MICB	all	POOLED	47	1	0.0009
MICB	all	POOLED	48	2	0.0018
MICB	all	POOLED	50	1	0.0009
MICB	all	POOLED	58	1	0.0009
MICB	all	POOLED	59	1	0.0009
MICB	all	POOLED	70	1	0.0009
MICB	all	POOLED	76	1	0.0009
MICB	all	POOLED	84	1	0.0009
MICB	all	POOLED	87	2	0.0018
MICB	all	POOLED	110	2	0.0018
MICB	all	POOLED	111	1	0.0009
MICB	all	POOLED	127	1	0.0009
MICB	all	POOLED	131	1	0.0009
MICB	all	POOLED	135	1	0.0009
MICB	all	POOLED	140	1	0.0009
MICB	all	POOLED	218	1	0.0009
MICB	all	POOLED	220	1	0.0009
MICB	all	POOLED	224	1	0.0009
MICB	all	POOLED	260	1	0.0009
MICB	all	POOLED	346	1	0.0009
MICB	all	POOLED	413	1	0.0009
MICB	all	POOLED	463	1	0.0009
MICB	all	POOLED	482	1	0.0009
MICB	all	POOLED	623	1	0.0009
MICB	all	POOLED	742	1	0.0009
MICB	all	POOLED	1435	1	0.0009
MICB	all	POOLED	2606	1	0.0009
MICB	all	POOLED	3874	1	0.0009
MICB	all	POOLED	7510	1	0.0009
MICB	known	AFR	1	11	0.25
MICB	known	AFR	2	6	0.1364
MICB	known	AFR	3	5	0.1136
MICB	known	AFR	4	2	0.0455
MICB	known	AFR	5	2	0.0455
MICB	known	AFR	6	2	0.0455
MICB	known	AFR	7	1	0.0227
MICB	known	AFR	9	1	0.0227
MICB	known	AFR	11	1	0.0227
MICB	known	AFR	12	1	0.0227
MICB	known	AFR	19	1	0.0227
MICB	known	AFR	20	1	0.0227
MICB	known	AFR	21	1	0.0227
MICB	known	AFR	22	1	0.0227
MICB	known	AFR	29	1	0.0227
MICB	known	AFR	30	1	0.0227
MICB	known	AFR	36	1	0.0227
MICB	known	AFR	39	1	0.0227
MICB	known	AFR	42	1	0.0227
MICB	known	AFR	60	1	0.0227
MICB	known	AFR	63	1	0.0227
MICB	known	AFR	81	1	0.0227
MICB	known	AMR	1	12	0.2667
MICB	known	AMR	2	5	0.1111
MICB	known	AMR	3	4	0.0889
MICB	known	AMR	4	2	0.0444
MICB	known	AMR	5	4	0.0889
MICB	known	AMR	7	2	0.0444
MICB	known	AMR	8	1	0.0222
MICB	known	AMR	10	1	0.0222
MICB	known	AMR	11	2	0.0444
MICB	known	AMR	12	1	0.0222
MICB	known	AMR	13	1	0.0222
MICB	known	AMR	15	1	0.0222
MICB	known	AMR	18	1	0.0222
MICB	known	AMR	26	1	0.0222
MICB	known	AMR	36	1	0.0222
MICB	known	AMR	42	1	0.0222
MICB	known	AMR	49	1	0.0222
MICB	known	AMR	81	1	0.0222
MICB	known	AMR	87	1	0.0222
MICB	known	AMR	109	1	0.0222
MICB	known	AMR	252	1	0.0222
MICB	known	EAS	1	10	0.3571
MICB	known	EAS	2	6	0.2143
MICB	known	EAS	3	2	0.0714
MICB	known	EAS	4	2	0.0714
MICB	known	EAS	5	1	0.0357
MICB	known	EAS	6	1	0.0357
MICB	known	EAS	8	1	0.0357
MICB	known	EAS	12	1	0.0357
MICB	known	EAS	22	1	0.0357
MICB	known	EAS	23	1	0.0357
MICB	known	EAS	77	1	0.0357
MICB	known	EAS	257	1	0.0357
MICB	known	EUR	1	17	0.3148
MICB	known	EUR	2	4	0.0741
MICB	known	EUR	3	7	0.1296
MICB	known	EUR	4	2	0.037
MICB	known	EUR	6	2	0.037
MICB	known	EUR	7	2	0.037
MICB	known	EUR	8	2	0.037
MICB	known	EUR	9	1	0.0185
MICB	known	EUR	11	1	0.0185
MICB	known	EUR	18	1	0.0185
MICB	known	EUR	24	1	0.0185
MICB	known	EUR	26	1	0.0185
MICB	known	EUR	27	1	0.0185
MICB	known	EUR	29	1	0.0185
MICB	known	EUR	31	1	0.0185
MICB	known	EUR	32	1	0.0185
MICB	known	EUR	33	1	0.0185
MICB	known	EUR	37	1	0.0185
MICB	known	EUR	47	1	0.0185
MICB	known	EUR	54	1	0.0185
MICB	known	EUR	56	1	0.0185
MICB	known	EUR	115	1	0.0185
MICB	known	EUR	153	1	0.0185
MICB	known	EUR	191	1	0.0185
MICB	known	EUR	205	1	0.0185
MICB	known	MID	1	11	0.3333
MICB	known	MID	2	6	0.1818
MICB	known	MID	3	4	0.1212
MICB	known	MID	4	2	0.0606
MICB	known	MID	5	5	0.1515
MICB	known	MID	6	1	0.0303
MICB	known	MID	7	1	0.0303
MICB	known	MID	8	1	0.0303
MICB	known	MID	9	1	0.0303
MICB	known	MID	16	1	0.0303
MICB	known	SAS	1	11	0.3667
MICB	known	SAS	2	2	0.0667
MICB	known	SAS	3	1	0.0333
MICB	known	SAS	4	2	0.0667
MICB	known	SAS	5	2	0.0667
MICB	known	SAS	7	1	0.0333
MICB	known	SAS	8	2	0.0667
MICB	known	SAS	9	1	0.0333
MICB	known	SAS	11	1	0.0333
MICB	known	SAS	12	2	0.0667
MICB	known	SAS	18	1	0.0333
MICB	known	SAS	33	1	0.0333
MICB	known	SAS	37	1	0.0333
MICB	known	SAS	48	1	0.0333
MICB	known	SAS	49	1	0.0333
MICB	known	POOLED	1	15	0.2206
MICB	known	POOLED	2	10	0.1471
MICB	known	POOLED	3	2	0.0294
MICB	known	POOLED	4	1	0.0147
MICB	known	POOLED	5	1	0.0147
MICB	known	POOLED	6	1	0.0147
MICB	known	POOLED	7	2	0.0294
MICB	known	POOLED	8	2	0.0294
MICB	known	POOLED	10	1	0.0147
MICB	known	POOLED	11	2	0.0294
MICB	known	POOLED	13	2	0.0294
MICB	known	POOLED	15	2	0.0294
MICB	known	POOLED	16	1	0.0147
MICB	known	POOLED	17	1	0.0147
MICB	known	POOLED	18	1	0.0147
MICB	known	POOLED	23	1	0.0147
MICB	known	POOLED	25	2	0.0294
MICB	known	POOLED	27	1	0.0147
MICB	known	POOLED	33	1	0.0147
MICB	known	POOLED	36	1	0.0147
MICB	known	POOLED	40	1	0.0147
MICB	known	POOLED	41	1	0.0147
MICB	known	POOLED	48	1	0.0147
MICB	known	POOLED	50	1	0.0147
MICB	known	POOLED	58	1	0.0147
MICB	known	POOLED	59	1	0.0147
MICB	known	POOLED	70	1	0.0147
MICB	known	POOLED	76	1	0.0147
MICB	known	POOLED	87	1	0.0147
MICB	known	POOLED	110	1	0.0147
MICB	known	POOLED	111	1	0.0147
MICB	known	POOLED	131	1	0.0147
MICB	known	POOLED	135	1	0.0147
MICB	known	POOLED	218	1	0.0147
MICB	known	POOLED	346	1	0.0147
MICB	known	POOLED	413	1	0.0147
MICB	known	POOLED	463	1	0.0147
MICB	known	POOLED	623	1	0.0147
MICB	novel	AFR	1	244	0.8385
MICB	novel	AFR	2	21	0.0722
MICB	novel	AFR	3	3	0.0103
MICB	novel	AFR	4	1	0.0034
MICB	novel	AFR	5	6	0.0206
MICB	novel	AFR	6	1	0.0034
MICB	novel	AFR	8	2	0.0069
MICB	novel	AFR	9	1	0.0034
MICB	novel	AFR	23	1	0.0034
MICB	novel	AFR	24	1	0.0034
MICB	novel	AFR	30	1	0.0034
MICB	novel	AFR	35	1	0.0034
MICB	novel	AFR	48	1	0.0034
MICB	novel	AFR	55	1	0.0034
MICB	novel	AFR	69	1	0.0034
MICB	novel	AFR	99	1	0.0034
MICB	novel	AFR	585	1	0.0034
MICB	novel	AFR	761	1	0.0034
MICB	novel	AFR	1253	1	0.0034
MICB	novel	AFR	1886	1	0.0034
MICB	novel	AMR	1	254	0.8383
MICB	novel	AMR	2	25	0.0825
MICB	novel	AMR	3	2	0.0066
MICB	novel	AMR	4	1	0.0033
MICB	novel	AMR	6	1	0.0033
MICB	novel	AMR	8	1	0.0033
MICB	novel	AMR	9	1	0.0033
MICB	novel	AMR	10	2	0.0066
MICB	novel	AMR	11	2	0.0066
MICB	novel	AMR	17	1	0.0033
MICB	novel	AMR	22	1	0.0033
MICB	novel	AMR	23	2	0.0066
MICB	novel	AMR	34	1	0.0033
MICB	novel	AMR	39	1	0.0033
MICB	novel	AMR	49	1	0.0033
MICB	novel	AMR	68	1	0.0033
MICB	novel	AMR	69	1	0.0033
MICB	novel	AMR	80	1	0.0033
MICB	novel	AMR	214	1	0.0033
MICB	novel	AMR	592	1	0.0033
MICB	novel	AMR	691	1	0.0033
MICB	novel	AMR	2067	1	0.0033
MICB	novel	EAS	1	127	0.8301
MICB	novel	EAS	2	10	0.0654
MICB	novel	EAS	3	1	0.0065
MICB	novel	EAS	4	2	0.0131
MICB	novel	EAS	5	2	0.0131
MICB	novel	EAS	7	1	0.0065
MICB	novel	EAS	10	1	0.0065
MICB	novel	EAS	24	1	0.0065
MICB	novel	EAS	29	1	0.0065
MICB	novel	EAS	46	1	0.0065
MICB	novel	EAS	132	1	0.0065
MICB	novel	EAS	171	1	0.0065
MICB	novel	EAS	214	1	0.0065
MICB	novel	EAS	303	1	0.0065
MICB	novel	EAS	323	1	0.0065
MICB	novel	EAS	961	1	0.0065
MICB	novel	EUR	1	286	0.8537
MICB	novel	EUR	2	17	0.0507
MICB	novel	EUR	3	7	0.0209
MICB	novel	EUR	4	4	0.0119
MICB	novel	EUR	5	3	0.009
MICB	novel	EUR	6	1	0.003
MICB	novel	EUR	7	1	0.003
MICB	novel	EUR	10	1	0.003
MICB	novel	EUR	14	1	0.003
MICB	novel	EUR	16	1	0.003
MICB	novel	EUR	19	2	0.006
MICB	novel	EUR	27	1	0.003
MICB	novel	EUR	48	1	0.003
MICB	novel	EUR	49	1	0.003
MICB	novel	EUR	83	1	0.003
MICB	novel	EUR	133	1	0.003
MICB	novel	EUR	147	1	0.003
MICB	novel	EUR	159	1	0.003
MICB	novel	EUR	269	1	0.003
MICB	novel	EUR	634	1	0.003
MICB	novel	EUR	974	1	0.003
MICB	novel	EUR	1596	1	0.003
MICB	novel	MID	1	45	0.75
MICB	novel	MID	2	3	0.05
MICB	novel	MID	3	2	0.0333
MICB	novel	MID	4	1	0.0167
MICB	novel	MID	15	2	0.0333
MICB	novel	MID	27	1	0.0167
MICB	novel	MID	33	1	0.0167
MICB	novel	MID	34	1	0.0167
MICB	novel	MID	45	1	0.0167
MICB	novel	MID	102	1	0.0167
MICB	novel	MID	211	1	0.0167
MICB	novel	MID	278	1	0.0167
MICB	novel	SAS	1	122	0.8531
MICB	novel	SAS	2	6	0.042
MICB	novel	SAS	3	3	0.021
MICB	novel	SAS	7	1	0.007
MICB	novel	SAS	8	1	0.007
MICB	novel	SAS	14	2	0.014
MICB	novel	SAS	28	1	0.007
MICB	novel	SAS	35	1	0.007
MICB	novel	SAS	117	1	0.007
MICB	novel	SAS	122	1	0.007
MICB	novel	SAS	208	1	0.007
MICB	novel	SAS	275	1	0.007
MICB	novel	SAS	416	1	0.007
MICB	novel	SAS	705	1	0.007
MICB	novel	POOLED	1	884	0.8566
MICB	novel	POOLED	2	59	0.0572
MICB	novel	POOLED	3	24	0.0233
MICB	novel	POOLED	4	14	0.0136
MICB	novel	POOLED	5	7	0.0068
MICB	novel	POOLED	6	4	0.0039
MICB	novel	POOLED	7	3	0.0029
MICB	novel	POOLED	8	3	0.0029
MICB	novel	POOLED	9	5	0.0048
MICB	novel	POOLED	10	2	0.0019
MICB	novel	POOLED	11	2	0.0019
MICB	novel	POOLED	12	1	0.001
MICB	novel	POOLED	14	1	0.001
MICB	novel	POOLED	20	1	0.001
MICB	novel	POOLED	21	1	0.001
MICB	novel	POOLED	23	2	0.0019
MICB	novel	POOLED	24	1	0.001
MICB	novel	POOLED	26	1	0.001
MICB	novel	POOLED	36	1	0.001
MICB	novel	POOLED	47	1	0.001
MICB	novel	POOLED	48	1	0.001
MICB	novel	POOLED	84	1	0.001
MICB	novel	POOLED	87	1	0.001
MICB	novel	POOLED	110	1	0.001
MICB	novel	POOLED	127	1	0.001
MICB	novel	POOLED	140	1	0.001
MICB	novel	POOLED	220	1	0.001
MICB	novel	POOLED	224	1	0.001
MICB	novel	POOLED	260	1	0.001
MICB	novel	POOLED	482	1	0.001
MICB	novel	POOLED	742	1	0.001
MICB	novel	POOLED	1435	1	0.001
MICB	novel	POOLED	2606	1	0.001
MICB	novel	POOLED	3874	1	0.001
MICB	novel	POOLED	7510	1	0.001
TAP1	all	AFR	1	311	0.8474
TAP1	all	AFR	2	15	0.0409
TAP1	all	AFR	3	6	0.0163
TAP1	all	AFR	4	3	0.0082
TAP1	all	AFR	5	3	0.0082
TAP1	all	AFR	6	4	0.0109
TAP1	all	AFR	8	3	0.0082
TAP1	all	AFR	9	1	0.0027
TAP1	all	AFR	10	2	0.0054
TAP1	all	AFR	11	1	0.0027
TAP1	all	AFR	15	1	0.0027
TAP1	all	AFR	18	1	0.0027
TAP1	all	AFR	23	1	0.0027
TAP1	all	AFR	27	1	0.0027
TAP1	all	AFR	37	1	0.0027
TAP1	all	AFR	85	1	0.0027
TAP1	all	AFR	91	1	0.0027
TAP1	all	AFR	144	1	0.0027
TAP1	all	AFR	156	1	0.0027
TAP1	all	AFR	157	1	0.0027
TAP1	all	AFR	169	1	0.0027
TAP1	all	AFR	175	1	0.0027
TAP1	all	AFR	255	1	0.0027
TAP1	all	AFR	316	1	0.0027
TAP1	all	AFR	365	1	0.0027
TAP1	all	AFR	502	1	0.0027
TAP1	all	AFR	571	1	0.0027
TAP1	all	AFR	2375	1	0.0027
TAP1	all	AMR	1	277	0.8497
TAP1	all	AMR	2	26	0.0798
TAP1	all	AMR	3	3	0.0092
TAP1	all	AMR	6	1	0.0031
TAP1	all	AMR	7	2	0.0061
TAP1	all	AMR	10	1	0.0031
TAP1	all	AMR	11	1	0.0031
TAP1	all	AMR	14	1	0.0031
TAP1	all	AMR	18	1	0.0031
TAP1	all	AMR	28	1	0.0031
TAP1	all	AMR	57	1	0.0031
TAP1	all	AMR	77	1	0.0031
TAP1	all	AMR	84	1	0.0031
TAP1	all	AMR	86	1	0.0031
TAP1	all	AMR	142	1	0.0031
TAP1	all	AMR	228	1	0.0031
TAP1	all	AMR	256	1	0.0031
TAP1	all	AMR	430	1	0.0031
TAP1	all	AMR	522	1	0.0031
TAP1	all	AMR	533	1	0.0031
TAP1	all	AMR	769	1	0.0031
TAP1	all	AMR	1720	1	0.0031
TAP1	all	EAS	1	161	0.8798
TAP1	all	EAS	2	6	0.0328
TAP1	all	EAS	3	3	0.0164
TAP1	all	EAS	4	1	0.0055
TAP1	all	EAS	5	1	0.0055
TAP1	all	EAS	12	1	0.0055
TAP1	all	EAS	13	1	0.0055
TAP1	all	EAS	17	1	0.0055
TAP1	all	EAS	29	1	0.0055
TAP1	all	EAS	74	1	0.0055
TAP1	all	EAS	129	1	0.0055
TAP1	all	EAS	187	1	0.0055
TAP1	all	EAS	328	1	0.0055
TAP1	all	EAS	423	1	0.0055
TAP1	all	EAS	446	1	0.0055
TAP1	all	EAS	1040	1	0.0055
TAP1	all	EUR	1	279	0.8801
TAP1	all	EUR	2	15	0.0473
TAP1	all	EUR	3	5	0.0158
TAP1	all	EUR	4	1	0.0032
TAP1	all	EUR	6	1	0.0032
TAP1	all	EUR	8	2	0.0063
TAP1	all	EUR	9	1	0.0032
TAP1	all	EUR	18	2	0.0063
TAP1	all	EUR	54	1	0.0032
TAP1	all	EUR	85	1	0.0032
TAP1	all	EUR	124	1	0.0032
TAP1	all	EUR	183	1	0.0032
TAP1	all	EUR	307	1	0.0032
TAP1	all	EUR	320	1	0.0032
TAP1	all	EUR	489	1	0.0032
TAP1	all	EUR	621	1	0.0032
TAP1	all	EUR	768	1	0.0032
TAP1	all	EUR	963	1	0.0032
TAP1	all	EUR	1631	1	0.0032
TAP1	all	MID	1	53	0.7465
TAP1	all	MID	2	5	0.0704
TAP1	all	MID	4	1	0.0141
TAP1	all	MID	5	1	0.0141
TAP1	all	MID	6	2	0.0282
TAP1	all	MID	10	1	0.0141
TAP1	all	MID	30	1	0.0141
TAP1	all	MID	59	1	0.0141
TAP1	all	MID	65	1	0.0141
TAP1	all	MID	72	1	0.0141
TAP1	all	MID	78	1	0.0141
TAP1	all	MID	83	1	0.0141
TAP1	all	MID	203	1	0.0141
TAP1	all	MID	272	1	0.0141
TAP1	all	SAS	1	119	0.875
TAP1	all	SAS	2	4	0.0294
TAP1	all	SAS	3	1	0.0074
TAP1	all	SAS	5	1	0.0074
TAP1	all	SAS	9	2	0.0147
TAP1	all	SAS	65	1	0.0074
TAP1	all	SAS	71	1	0.0074
TAP1	all	SAS	152	1	0.0074
TAP1	all	SAS	212	1	0.0074
TAP1	all	SAS	278	1	0.0074
TAP1	all	SAS	292	1	0.0074
TAP1	all	SAS	318	1	0.0074
TAP1	all	SAS	336	1	0.0074
TAP1	all	SAS	575	1	0.0074
TAP1	all	POOLED	1	1034	0.8726
TAP1	all	POOLED	2	68	0.0574
TAP1	all	POOLED	3	27	0.0228
TAP1	all	POOLED	4	4	0.0034
TAP1	all	POOLED	5	4	0.0034
TAP1	all	POOLED	6	4	0.0034
TAP1	all	POOLED	7	5	0.0042
TAP1	all	POOLED	8	5	0.0042
TAP1	all	POOLED	9	3	0.0025
TAP1	all	POOLED	10	2	0.0017
TAP1	all	POOLED	11	2	0.0017
TAP1	all	POOLED	12	3	0.0025
TAP1	all	POOLED	16	1	0.0008
TAP1	all	POOLED	18	2	0.0017
TAP1	all	POOLED	19	1	0.0008
TAP1	all	POOLED	29	1	0.0008
TAP1	all	POOLED	30	1	0.0008
TAP1	all	POOLED	33	1	0.0008
TAP1	all	POOLED	43	2	0.0017
TAP1	all	POOLED	102	1	0.0008
TAP1	all	POOLED	108	1	0.0008
TAP1	all	POOLED	200	1	0.0008
TAP1	all	POOLED	204	1	0.0008
TAP1	all	POOLED	328	1	0.0008
TAP1	all	POOLED	399	1	0.0008
TAP1	all	POOLED	465	1	0.0008
TAP1	all	POOLED	796	1	0.0008
TAP1	all	POOLED	1232	1	0.0008
TAP1	all	POOLED	1368	1	0.0008
TAP1	all	POOLED	1741	1	0.0008
TAP1	all	POOLED	1835	1	0.0008
TAP1	all	POOLED	2272	1	0.0008
TAP1	all	POOLED	3155	1	0.0008
TAP1	all	POOLED	7636	1	0.0008
TAP1	known	AFR	144	1	0.2
TAP1	known	AFR	157	1	0.2
TAP1	known	AFR	175	1	0.2
TAP1	known	AFR	255	1	0.2
TAP1	known	AFR	502	1	0.2
TAP1	known	AMR	142	1	0.2
TAP1	known	AMR	228	1	0.2
TAP1	known	AMR	522	1	0.2
TAP1	known	AMR	533	1	0.2
TAP1	known	AMR	769	1	0.2
TAP1	known	EAS	5	1	0.2
TAP1	known	EAS	74	1	0.2
TAP1	known	EAS	129	1	0.2
TAP1	known	EAS	423	1	0.2
TAP1	known	EAS	446	1	0.2
TAP1	known	EUR	85	1	0.2
TAP1	known	EUR	489	1	0.2
TAP1	known	EUR	621	1	0.2
TAP1	known	EUR	768	1	0.2
TAP1	known	EUR	963	1	0.2
TAP1	known	MID	10	1	0.2
TAP1	known	MID	59	1	0.2
TAP1	known	MID	78	1	0.2
TAP1	known	MID	83	1	0.2
TAP1	known	MID	203	1	0.2
TAP1	known	SAS	212	1	0.25
TAP1	known	SAS	292	1	0.25
TAP1	known	SAS	318	1	0.25
TAP1	known	SAS	336	1	0.25
TAP1	known	POOLED	399	1	0.2
TAP1	known	POOLED	1368	1	0.2
TAP1	known	POOLED	1835	1	0.2
TAP1	known	POOLED	2272	1	0.2
TAP1	known	POOLED	3155	1	0.2
TAP1	novel	AFR	1	311	0.8591
TAP1	novel	AFR	2	15	0.0414
TAP1	novel	AFR	3	6	0.0166
TAP1	novel	AFR	4	3	0.0083
TAP1	novel	AFR	5	3	0.0083
TAP1	novel	AFR	6	4	0.011
TAP1	novel	AFR	8	3	0.0083
TAP1	novel	AFR	9	1	0.0028
TAP1	novel	AFR	10	2	0.0055
TAP1	novel	AFR	11	1	0.0028
TAP1	novel	AFR	15	1	0.0028
TAP1	novel	AFR	18	1	0.0028
TAP1	novel	AFR	23	1	0.0028
TAP1	novel	AFR	27	1	0.0028
TAP1	novel	AFR	37	1	0.0028
TAP1	novel	AFR	85	1	0.0028
TAP1	novel	AFR	91	1	0.0028
TAP1	novel	AFR	156	1	0.0028
TAP1	novel	AFR	169	1	0.0028
TAP1	novel	AFR	316	1	0.0028
TAP1	novel	AFR	365	1	0.0028
TAP1	novel	AFR	571	1	0.0028
TAP1	novel	AFR	2375	1	0.0028
TAP1	novel	AMR	1	277	0.8629
TAP1	novel	AMR	2	26	0.081
TAP1	novel	AMR	3	3	0.0093
TAP1	novel	AMR	6	1	0.0031
TAP1	novel	AMR	7	2	0.0062
TAP1	novel	AMR	10	1	0.0031
TAP1	novel	AMR	11	1	0.0031
TAP1	novel	AMR	14	1	0.0031
TAP1	novel	AMR	18	1	0.0031
TAP1	novel	AMR	28	1	0.0031
TAP1	novel	AMR	57	1	0.0031
TAP1	novel	AMR	77	1	0.0031
TAP1	novel	AMR	84	1	0.0031
TAP1	novel	AMR	86	1	0.0031
TAP1	novel	AMR	256	1	0.0031
TAP1	novel	AMR	430	1	0.0031
TAP1	novel	AMR	1720	1	0.0031
TAP1	novel	EAS	1	161	0.9045
TAP1	novel	EAS	2	6	0.0337
TAP1	novel	EAS	3	3	0.0169
TAP1	novel	EAS	4	1	0.0056
TAP1	novel	EAS	12	1	0.0056
TAP1	novel	EAS	13	1	0.0056
TAP1	novel	EAS	17	1	0.0056
TAP1	novel	EAS	29	1	0.0056
TAP1	novel	EAS	187	1	0.0056
TAP1	novel	EAS	328	1	0.0056
TAP1	novel	EAS	1040	1	0.0056
TAP1	novel	EUR	1	279	0.8942
TAP1	novel	EUR	2	15	0.0481
TAP1	novel	EUR	3	5	0.016
TAP1	novel	EUR	4	1	0.0032
TAP1	novel	EUR	6	1	0.0032
TAP1	novel	EUR	8	2	0.0064
TAP1	novel	EUR	9	1	0.0032
TAP1	novel	EUR	18	2	0.0064
TAP1	novel	EUR	54	1	0.0032
TAP1	novel	EUR	124	1	0.0032
TAP1	novel	EUR	183	1	0.0032
TAP1	novel	EUR	307	1	0.0032
TAP1	novel	EUR	320	1	0.0032
TAP1	novel	EUR	1631	1	0.0032
TAP1	novel	MID	1	53	0.803
TAP1	novel	MID	2	5	0.0758
TAP1	novel	MID	4	1	0.0152
TAP1	novel	MID	5	1	0.0152
TAP1	novel	MID	6	2	0.0303
TAP1	novel	MID	30	1	0.0152
TAP1	novel	MID	65	1	0.0152
TAP1	novel	MID	72	1	0.0152
TAP1	novel	MID	272	1	0.0152
TAP1	novel	SAS	1	119	0.9015
TAP1	novel	SAS	2	4	0.0303
TAP1	novel	SAS	3	1	0.0076
TAP1	novel	SAS	5	1	0.0076
TAP1	novel	SAS	9	2	0.0152
TAP1	novel	SAS	65	1	0.0076
TAP1	novel	SAS	71	1	0.0076
TAP1	novel	SAS	152	1	0.0076
TAP1	novel	SAS	278	1	0.0076
TAP1	novel	SAS	575	1	0.0076
TAP1	novel	POOLED	1	1034	0.8763
TAP1	novel	POOLED	2	68	0.0576
TAP1	novel	POOLED	3	27	0.0229
TAP1	novel	POOLED	4	4	0.0034
TAP1	novel	POOLED	5	4	0.0034
TAP1	novel	POOLED	6	4	0.0034
TAP1	novel	POOLED	7	5	0.0042
TAP1	novel	POOLED	8	5	0.0042
TAP1	novel	POOLED	9	3	0.0025
TAP1	novel	POOLED	10	2	0.0017
TAP1	novel	POOLED	11	2	0.0017
TAP1	novel	POOLED	12	3	0.0025
TAP1	novel	POOLED	16	1	0.0008
TAP1	novel	POOLED	18	2	0.0017
TAP1	novel	POOLED	19	1	0.0008
TAP1	novel	POOLED	29	1	0.0008
TAP1	novel	POOLED	30	1	0.0008
TAP1	novel	POOLED	33	1	0.0008
TAP1	novel	POOLED	43	2	0.0017
TAP1	novel	POOLED	102	1	0.0008
TAP1	novel	POOLED	108	1	0.0008
TAP1	novel	POOLED	200	1	0.0008
TAP1	novel	POOLED	204	1	0.0008
TAP1	novel	POOLED	328	1	0.0008
TAP1	novel	POOLED	465	1	0.0008
TAP1	novel	POOLED	796	1	0.0008
TAP1	novel	POOLED	1232	1	0.0008
TAP1	novel	POOLED	1741	1	0.0008
TAP1	novel	POOLED	7636	1	0.0008
TAP2	all	AFR	1	317	0.7321
TAP2	all	AFR	2	19	0.0439
TAP2	all	AFR	3	11	0.0254
TAP2	all	AFR	4	7	0.0162
TAP2	all	AFR	5	6	0.0139
TAP2	all	AFR	6	5	0.0115
TAP2	all	AFR	7	1	0.0023
TAP2	all	AFR	8	1	0.0023
TAP2	all	AFR	9	5	0.0115
TAP2	all	AFR	10	4	0.0092
TAP2	all	AFR	11	4	0.0092
TAP2	all	AFR	12	4	0.0092
TAP2	all	AFR	14	1	0.0023
TAP2	all	AFR	15	1	0.0023
TAP2	all	AFR	16	3	0.0069
TAP2	all	AFR	17	1	0.0023
TAP2	all	AFR	19	2	0.0046
TAP2	all	AFR	20	2	0.0046
TAP2	all	AFR	22	2	0.0046
TAP2	all	AFR	23	2	0.0046
TAP2	all	AFR	24	1	0.0023
TAP2	all	AFR	26	1	0.0023
TAP2	all	AFR	27	2	0.0046
TAP2	all	AFR	29	1	0.0023
TAP2	all	AFR	31	1	0.0023
TAP2	all	AFR	37	1	0.0023
TAP2	all	AFR	39	1	0.0023
TAP2	all	AFR	42	2	0.0046
TAP2	all	AFR	46	1	0.0023
TAP2	all	AFR	50	1	0.0023
TAP2	all	AFR	77	1	0.0023
TAP2	all	AFR	79	1	0.0023
TAP2	all	AFR	82	1	0.0023
TAP2	all	AFR	85	1	0.0023
TAP2	all	AFR	86	1	0.0023
TAP2	all	AFR	96	2	0.0046
TAP2	all	AFR	100	1	0.0023
TAP2	all	AFR	106	1	0.0023
TAP2	all	AFR	111	1	0.0023
TAP2	all	AFR	124	1	0.0023
TAP2	all	AFR	125	1	0.0023
TAP2	all	AFR	142	1	0.0023
TAP2	all	AFR	150	1	0.0023
TAP2	all	AFR	166	1	0.0023
TAP2	all	AFR	181	1	0.0023
TAP2	all	AFR	192	1	0.0023
TAP2	all	AFR	243	1	0.0023
TAP2	all	AFR	296	1	0.0023
TAP2	all	AFR	306	1	0.0023
TAP2	all	AFR	358	1	0.0023
TAP2	all	AFR	394	1	0.0023
TAP2	all	AFR	1065	1	0.0023
TAP2	all	AMR	1	272	0.6957
TAP2	all	AMR	2	29	0.0742
TAP2	all	AMR	3	8	0.0205
TAP2	all	AMR	4	3	0.0077
TAP2	all	AMR	5	5	0.0128
TAP2	all	AMR	7	3	0.0077
TAP2	all	AMR	8	7	0.0179
TAP2	all	AMR	9	1	0.0026
TAP2	all	AMR	10	1	0.0026
TAP2	all	AMR	11	3	0.0077
TAP2	all	AMR	12	1	0.0026
TAP2	all	AMR	13	1	0.0026
TAP2	all	AMR	14	2	0.0051
TAP2	all	AMR	15	3	0.0077
TAP2	all	AMR	17	3	0.0077
TAP2	all	AMR	18	1	0.0026
TAP2	all	AMR	20	3	0.0077
TAP2	all	AMR	22	1	0.0026
TAP2	all	AMR	25	1	0.0026
TAP2	all	AMR	26	1	0.0026
TAP2	all	AMR	28	2	0.0051
TAP2	all	AMR	29	1	0.0026
TAP2	all	AMR	32	1	0.0026
TAP2	all	AMR	33	1	0.0026
TAP2	all	AMR	34	1	0.0026
TAP2	all	AMR	39	1	0.0026
TAP2	all	AMR	41	1	0.0026
TAP2	all	AMR	43	1	0.0026
TAP2	all	AMR	45	3	0.0077
TAP2	all	AMR	46	1	0.0026
TAP2	all	AMR	50	1	0.0026
TAP2	all	AMR	51	1	0.0026
TAP2	all	AMR	52	1	0.0026
TAP2	all	AMR	54	1	0.0026
TAP2	all	AMR	55	2	0.0051
TAP2	all	AMR	57	1	0.0026
TAP2	all	AMR	73	1	0.0026
TAP2	all	AMR	74	1	0.0026
TAP2	all	AMR	79	1	0.0026
TAP2	all	AMR	82	1	0.0026
TAP2	all	AMR	89	1	0.0026
TAP2	all	AMR	92	1	0.0026
TAP2	all	AMR	94	1	0.0026
TAP2	all	AMR	95	1	0.0026
TAP2	all	AMR	102	1	0.0026
TAP2	all	AMR	107	2	0.0051
TAP2	all	AMR	108	1	0.0026
TAP2	all	AMR	124	1	0.0026
TAP2	all	AMR	134	1	0.0026
TAP2	all	AMR	160	1	0.0026
TAP2	all	AMR	189	1	0.0026
TAP2	all	AMR	200	1	0.0026
TAP2	all	AMR	204	1	0.0026
TAP2	all	AMR	208	1	0.0026
TAP2	all	AMR	285	1	0.0026
TAP2	all	AMR	357	1	0.0026
TAP2	all	AMR	742	1	0.0026
TAP2	all	EAS	1	189	0.7354
TAP2	all	EAS	2	9	0.035
TAP2	all	EAS	3	12	0.0467
TAP2	all	EAS	4	5	0.0195
TAP2	all	EAS	5	2	0.0078
TAP2	all	EAS	6	2	0.0078
TAP2	all	EAS	7	4	0.0156
TAP2	all	EAS	8	4	0.0156
TAP2	all	EAS	10	1	0.0039
TAP2	all	EAS	11	1	0.0039
TAP2	all	EAS	12	1	0.0039
TAP2	all	EAS	13	1	0.0039
TAP2	all	EAS	15	1	0.0039
TAP2	all	EAS	19	1	0.0039
TAP2	all	EAS	23	1	0.0039
TAP2	all	EAS	30	2	0.0078
TAP2	all	EAS	32	1	0.0039
TAP2	all	EAS	38	2	0.0078
TAP2	all	EAS	41	2	0.0078
TAP2	all	EAS	46	1	0.0039
TAP2	all	EAS	53	1	0.0039
TAP2	all	EAS	58	1	0.0039
TAP2	all	EAS	61	1	0.0039
TAP2	all	EAS	63	1	0.0039
TAP2	all	EAS	72	1	0.0039
TAP2	all	EAS	87	1	0.0039
TAP2	all	EAS	100	1	0.0039
TAP2	all	EAS	103	1	0.0039
TAP2	all	EAS	109	1	0.0039
TAP2	all	EAS	140	1	0.0039
TAP2	all	EAS	142	1	0.0039
TAP2	all	EAS	177	1	0.0039
TAP2	all	EAS	179	1	0.0039
TAP2	all	EAS	320	1	0.0039
TAP2	all	EAS	496	1	0.0039
TAP2	all	EUR	1	315	0.736
TAP2	all	EUR	2	22	0.0514
TAP2	all	EUR	3	11	0.0257
TAP2	all	EUR	4	7	0.0164
TAP2	all	EUR	5	3	0.007
TAP2	all	EUR	6	6	0.014
TAP2	all	EUR	7	3	0.007
TAP2	all	EUR	8	1	0.0023
TAP2	all	EUR	9	2	0.0047
TAP2	all	EUR	10	2	0.0047
TAP2	all	EUR	13	3	0.007
TAP2	all	EUR	14	3	0.007
TAP2	all	EUR	15	1	0.0023
TAP2	all	EUR	17	2	0.0047
TAP2	all	EUR	24	1	0.0023
TAP2	all	EUR	25	1	0.0023
TAP2	all	EUR	26	1	0.0023
TAP2	all	EUR	29	2	0.0047
TAP2	all	EUR	35	1	0.0023
TAP2	all	EUR	36	2	0.0047
TAP2	all	EUR	37	1	0.0023
TAP2	all	EUR	39	1	0.0023
TAP2	all	EUR	44	2	0.0047
TAP2	all	EUR	45	1	0.0023
TAP2	all	EUR	46	1	0.0023
TAP2	all	EUR	48	2	0.0047
TAP2	all	EUR	55	1	0.0023
TAP2	all	EUR	59	2	0.0047
TAP2	all	EUR	62	1	0.0023
TAP2	all	EUR	65	1	0.0023
TAP2	all	EUR	67	1	0.0023
TAP2	all	EUR	72	1	0.0023
TAP2	all	EUR	73	1	0.0023
TAP2	all	EUR	77	1	0.0023
TAP2	all	EUR	80	1	0.0023
TAP2	all	EUR	83	1	0.0023
TAP2	all	EUR	102	1	0.0023
TAP2	all	EUR	103	1	0.0023
TAP2	all	EUR	108	2	0.0047
TAP2	all	EUR	111	1	0.0023
TAP2	all	EUR	127	1	0.0023
TAP2	all	EUR	129	1	0.0023
TAP2	all	EUR	144	1	0.0023
TAP2	all	EUR	146	1	0.0023
TAP2	all	EUR	147	1	0.0023
TAP2	all	EUR	157	1	0.0023
TAP2	all	EUR	169	1	0.0023
TAP2	all	EUR	173	1	0.0023
TAP2	all	EUR	174	1	0.0023
TAP2	all	EUR	214	1	0.0023
TAP2	all	EUR	234	1	0.0023
TAP2	all	EUR	264	1	0.0023
TAP2	all	EUR	268	1	0.0023
TAP2	all	EUR	419	1	0.0023
TAP2	all	EUR	674	1	0.0023
TAP2	all	MID	1	74	0.5441
TAP2	all	MID	2	18	0.1324
TAP2	all	MID	3	6	0.0441
TAP2	all	MID	4	1	0.0074
TAP2	all	MID	5	4	0.0294
TAP2	all	MID	6	3	0.0221
TAP2	all	MID	7	1	0.0074
TAP2	all	MID	8	2	0.0147
TAP2	all	MID	9	2	0.0147
TAP2	all	MID	10	2	0.0147
TAP2	all	MID	11	2	0.0147
TAP2	all	MID	12	1	0.0074
TAP2	all	MID	14	1	0.0074
TAP2	all	MID	17	2	0.0147
TAP2	all	MID	18	1	0.0074
TAP2	all	MID	19	1	0.0074
TAP2	all	MID	20	1	0.0074
TAP2	all	MID	23	1	0.0074
TAP2	all	MID	24	1	0.0074
TAP2	all	MID	25	3	0.0221
TAP2	all	MID	26	1	0.0074
TAP2	all	MID	27	1	0.0074
TAP2	all	MID	29	1	0.0074
TAP2	all	MID	31	1	0.0074
TAP2	all	MID	37	1	0.0074
TAP2	all	MID	39	1	0.0074
TAP2	all	MID	40	1	0.0074
TAP2	all	MID	46	1	0.0074
TAP2	all	MID	193	1	0.0074
TAP2	all	SAS	1	137	0.6716
TAP2	all	SAS	2	11	0.0539
TAP2	all	SAS	3	5	0.0245
TAP2	all	SAS	4	3	0.0147
TAP2	all	SAS	5	2	0.0098
TAP2	all	SAS	6	3	0.0147
TAP2	all	SAS	7	2	0.0098
TAP2	all	SAS	8	3	0.0147
TAP2	all	SAS	9	1	0.0049
TAP2	all	SAS	10	4	0.0196
TAP2	all	SAS	11	1	0.0049
TAP2	all	SAS	13	3	0.0147
TAP2	all	SAS	14	2	0.0098
TAP2	all	SAS	15	2	0.0098
TAP2	all	SAS	16	1	0.0049
TAP2	all	SAS	19	1	0.0049
TAP2	all	SAS	20	1	0.0049
TAP2	all	SAS	21	1	0.0049
TAP2	all	SAS	22	1	0.0049
TAP2	all	SAS	27	2	0.0098
TAP2	all	SAS	28	1	0.0049
TAP2	all	SAS	33	1	0.0049
TAP2	all	SAS	43	1	0.0049
TAP2	all	SAS	45	1	0.0049
TAP2	all	SAS	56	2	0.0098
TAP2	all	SAS	61	1	0.0049
TAP2	all	SAS	65	2	0.0098
TAP2	all	SAS	74	1	0.0049
TAP2	all	SAS	89	1	0.0049
TAP2	all	SAS	108	1	0.0049
TAP2	all	SAS	109	2	0.0098
TAP2	all	SAS	110	1	0.0049
TAP2	all	SAS	147	1	0.0049
TAP2	all	SAS	154	1	0.0049
TAP2	all	SAS	553	1	0.0049
TAP2	all	POOLED	1	1107	0.823
TAP2	all	POOLED	2	62	0.0461
TAP2	all	POOLED	3	31	0.023
TAP2	all	POOLED	4	12	0.0089
TAP2	all	POOLED	5	7	0.0052
TAP2	all	POOLED	6	7	0.0052
TAP2	all	POOLED	7	7	0.0052
TAP2	all	POOLED	8	6	0.0045
TAP2	all	POOLED	9	3	0.0022
TAP2	all	POOLED	10	3	0.0022
TAP2	all	POOLED	11	4	0.003
TAP2	all	POOLED	12	1	0.0007
TAP2	all	POOLED	13	2	0.0015
TAP2	all	POOLED	14	1	0.0007
TAP2	all	POOLED	15	3	0.0022
TAP2	all	POOLED	16	3	0.0022
TAP2	all	POOLED	17	1	0.0007
TAP2	all	POOLED	18	2	0.0015
TAP2	all	POOLED	19	3	0.0022
TAP2	all	POOLED	21	1	0.0007
TAP2	all	POOLED	22	1	0.0007
TAP2	all	POOLED	23	2	0.0015
TAP2	all	POOLED	28	2	0.0015
TAP2	all	POOLED	31	1	0.0007
TAP2	all	POOLED	32	1	0.0007
TAP2	all	POOLED	34	1	0.0007
TAP2	all	POOLED	37	1	0.0007
TAP2	all	POOLED	38	1	0.0007
TAP2	all	POOLED	42	3	0.0022
TAP2	all	POOLED	46	1	0.0007
TAP2	all	POOLED	56	1	0.0007
TAP2	all	POOLED	58	1	0.0007
TAP2	all	POOLED	59	1	0.0007
TAP2	all	POOLED	60	2	0.0015
TAP2	all	POOLED	65	1	0.0007
TAP2	all	POOLED	69	1	0.0007
TAP2	all	POOLED	73	1	0.0007
TAP2	all	POOLED	78	1	0.0007
TAP2	all	POOLED	80	1	0.0007
TAP2	all	POOLED	82	2	0.0015
TAP2	all	POOLED	89	1	0.0007
TAP2	all	POOLED	90	1	0.0007
TAP2	all	POOLED	93	2	0.0015
TAP2	all	POOLED	105	1	0.0007
TAP2	all	POOLED	107	2	0.0015
TAP2	all	POOLED	110	1	0.0007
TAP2	all	POOLED	113	1	0.0007
TAP2	all	POOLED	126	1	0.0007
TAP2	all	POOLED	135	3	0.0022
TAP2	all	POOLED	142	1	0.0007
TAP2	all	POOLED	145	1	0.0007
TAP2	all	POOLED	160	1	0.0007
TAP2	all	POOLED	169	1	0.0007
TAP2	all	POOLED	173	1	0.0007
TAP2	all	POOLED	182	2	0.0015
TAP2	all	POOLED	196	1	0.0007
TAP2	all	POOLED	198	1	0.0007
TAP2	all	POOLED	211	1	0.0007
TAP2	all	POOLED	213	1	0.0007
TAP2	all	POOLED	216	1	0.0007
TAP2	all	POOLED	222	1	0.0007
TAP2	all	POOLED	226	1	0.0007
TAP2	all	POOLED	244	1	0.0007
TAP2	all	POOLED	268	1	0.0007
TAP2	all	POOLED	273	1	0.0007
TAP2	all	POOLED	324	1	0.0007
TAP2	all	POOLED	327	1	0.0007
TAP2	all	POOLED	332	1	0.0007
TAP2	all	POOLED	347	1	0.0007
TAP2	all	POOLED	362	1	0.0007
TAP2	all	POOLED	390	1	0.0007
TAP2	all	POOLED	391	1	0.0007
TAP2	all	POOLED	413	1	0.0007
TAP2	all	POOLED	427	1	0.0007
TAP2	all	POOLED	464	1	0.0007
TAP2	all	POOLED	467	1	0.0007
TAP2	all	POOLED	511	1	0.0007
TAP2	all	POOLED	530	1	0.0007
TAP2	all	POOLED	540	1	0.0007
TAP2	all	POOLED	550	1	0.0007
TAP2	all	POOLED	645	1	0.0007
TAP2	all	POOLED	744	1	0.0007
TAP2	all	POOLED	765	1	0.0007
TAP2	all	POOLED	784	1	0.0007
TAP2	all	POOLED	809	1	0.0007
TAP2	all	POOLED	839	1	0.0007
TAP2	all	POOLED	989	1	0.0007
TAP2	all	POOLED	3734	1	0.0007
TAP2	known	AFR	1	10	0.1639
TAP2	known	AFR	2	3	0.0492
TAP2	known	AFR	3	4	0.0656
TAP2	known	AFR	4	4	0.0656
TAP2	known	AFR	5	2	0.0328
TAP2	known	AFR	6	1	0.0164
TAP2	known	AFR	9	3	0.0492
TAP2	known	AFR	10	3	0.0492
TAP2	known	AFR	11	3	0.0492
TAP2	known	AFR	12	2	0.0328
TAP2	known	AFR	14	1	0.0164
TAP2	known	AFR	16	2	0.0328
TAP2	known	AFR	17	1	0.0164
TAP2	known	AFR	19	2	0.0328
TAP2	known	AFR	20	1	0.0164
TAP2	known	AFR	22	2	0.0328
TAP2	known	AFR	23	1	0.0164
TAP2	known	AFR	24	1	0.0164
TAP2	known	AFR	27	1	0.0164
TAP2	known	AFR	37	1	0.0164
TAP2	known	AFR	39	1	0.0164
TAP2	known	AFR	42	1	0.0164
TAP2	known	AFR	50	1	0.0164
TAP2	known	AFR	77	1	0.0164
TAP2	known	AFR	82	1	0.0164
TAP2	known	AFR	85	1	0.0164
TAP2	known	AFR	96	2	0.0328
TAP2	known	AFR	100	1	0.0164
TAP2	known	AFR	111	1	0.0164
TAP2	known	AFR	142	1	0.0164
TAP2	known	AFR	296	1	0.0164
TAP2	known	AFR	306	1	0.0164
TAP2	known	AMR	1	7	0.1148
TAP2	known	AMR	2	6	0.0984
TAP2	known	AMR	3	3	0.0492
TAP2	known	AMR	5	2	0.0328
TAP2	known	AMR	7	1	0.0164
TAP2	known	AMR	8	3	0.0492
TAP2	known	AMR	11	1	0.0164
TAP2	known	AMR	12	1	0.0164
TAP2	known	AMR	14	1	0.0164
TAP2	known	AMR	15	2	0.0328
TAP2	known	AMR	17	2	0.0328
TAP2	known	AMR	20	3	0.0492
TAP2	known	AMR	22	1	0.0164
TAP2	known	AMR	26	1	0.0164
TAP2	known	AMR	28	2	0.0328
TAP2	known	AMR	29	1	0.0164
TAP2	known	AMR	32	1	0.0164
TAP2	known	AMR	33	1	0.0164
TAP2	known	AMR	39	1	0.0164
TAP2	known	AMR	41	1	0.0164
TAP2	known	AMR	43	1	0.0164
TAP2	known	AMR	45	1	0.0164
TAP2	known	AMR	46	1	0.0164
TAP2	known	AMR	50	1	0.0164
TAP2	known	AMR	52	1	0.0164
TAP2	known	AMR	54	1	0.0164
TAP2	known	AMR	55	2	0.0328
TAP2	known	AMR	73	1	0.0164
TAP2	known	AMR	74	1	0.0164
TAP2	known	AMR	79	1	0.0164
TAP2	known	AMR	89	1	0.0164
TAP2	known	AMR	92	1	0.0164
TAP2	known	AMR	95	1	0.0164
TAP2	known	AMR	102	1	0.0164
TAP2	known	AMR	107	2	0.0328
TAP2	known	AMR	134	1	0.0164
TAP2	known	AMR	189	1	0.0164
TAP2	known	AMR	208	1	0.0164
TAP2	known	EAS	1	11	0.2391
TAP2	known	EAS	2	3	0.0652
TAP2	known	EAS	3	7	0.1522
TAP2	known	EAS	4	3	0.0652
TAP2	known	EAS	5	1	0.0217
TAP2	known	EAS	6	2	0.0435
TAP2	known	EAS	7	3	0.0652
TAP2	known	EAS	8	2	0.0435
TAP2	known	EAS	11	1	0.0217
TAP2	known	EAS	12	1	0.0217
TAP2	known	EAS	13	1	0.0217
TAP2	known	EAS	23	1	0.0217
TAP2	known	EAS	30	1	0.0217
TAP2	known	EAS	38	2	0.0435
TAP2	known	EAS	41	2	0.0435
TAP2	known	EAS	53	1	0.0217
TAP2	known	EAS	72	1	0.0217
TAP2	known	EAS	103	1	0.0217
TAP2	known	EAS	179	1	0.0217
TAP2	known	EAS	320	1	0.0217
TAP2	known	EUR	1	6	0.087
TAP2	known	EUR	2	7	0.1014
TAP2	known	EUR	3	3	0.0435
TAP2	known	EUR	4	4	0.058
TAP2	known	EUR	5	1	0.0145
TAP2	known	EUR	6	4	0.058
TAP2	known	EUR	9	1	0.0145
TAP2	known	EUR	10	2	0.029
TAP2	known	EUR	13	2	0.029
TAP2	known	EUR	14	2	0.029
TAP2	known	EUR	15	1	0.0145
TAP2	known	EUR	17	1	0.0145
TAP2	known	EUR	24	1	0.0145
TAP2	known	EUR	25	1	0.0145
TAP2	known	EUR	26	1	0.0145
TAP2	known	EUR	29	1	0.0145
TAP2	known	EUR	35	1	0.0145
TAP2	known	EUR	36	2	0.029
TAP2	known	EUR	37	1	0.0145
TAP2	known	EUR	39	1	0.0145
TAP2	known	EUR	44	2	0.029
TAP2	known	EUR	45	1	0.0145
TAP2	known	EUR	46	1	0.0145
TAP2	known	EUR	48	1	0.0145
TAP2	known	EUR	55	1	0.0145
TAP2	known	EUR	62	1	0.0145
TAP2	known	EUR	65	1	0.0145
TAP2	known	EUR	67	1	0.0145
TAP2	known	EUR	72	1	0.0145
TAP2	known	EUR	73	1	0.0145
TAP2	known	EUR	77	1	0.0145
TAP2	known	EUR	80	1	0.0145
TAP2	known	EUR	102	1	0.0145
TAP2	known	EUR	103	1	0.0145
TAP2	known	EUR	108	2	0.029
TAP2	known	EUR	111	1	0.0145
TAP2	known	EUR	144	1	0.0145
TAP2	known	EUR	146	1	0.0145
TAP2	known	EUR	147	1	0.0145
TAP2	known	EUR	157	1	0.0145
TAP2	known	EUR	169	1	0.0145
TAP2	known	EUR	173	1	0.0145
TAP2	known	EUR	174	1	0.0145
TAP2	known	EUR	268	1	0.0145
TAP2	known	MID	1	7	0.1556
TAP2	known	MID	2	7	0.1556
TAP2	known	MID	3	5	0.1111
TAP2	known	MID	4	1	0.0222
TAP2	known	MID	5	2	0.0444
TAP2	known	MID	6	2	0.0444
TAP2	known	MID	7	1	0.0222
TAP2	known	MID	8	1	0.0222
TAP2	known	MID	9	2	0.0444
TAP2	known	MID	10	1	0.0222
TAP2	known	MID	11	2	0.0444
TAP2	known	MID	12	1	0.0222
TAP2	known	MID	14	1	0.0222
TAP2	known	MID	17	2	0.0444
TAP2	known	MID	18	1	0.0222
TAP2	known	MID	19	1	0.0222
TAP2	known	MID	20	1	0.0222
TAP2	known	MID	23	1	0.0222
TAP2	known	MID	25	2	0.0444
TAP2	known	MID	26	1	0.0222
TAP2	known	MID	27	1	0.0222
TAP2	known	MID	39	1	0.0222
TAP2	known	MID	46	1	0.0222
TAP2	known	SAS	1	10	0.2174
TAP2	known	SAS	2	3	0.0652
TAP2	known	SAS	3	3	0.0652
TAP2	known	SAS	4	1	0.0217
TAP2	known	SAS	5	2	0.0435
TAP2	known	SAS	6	2	0.0435
TAP2	known	SAS	7	1	0.0217
TAP2	known	SAS	8	1	0.0217
TAP2	known	SAS	10	2	0.0435
TAP2	known	SAS	13	3	0.0652
TAP2	known	SAS	14	1	0.0217
TAP2	known	SAS	15	2	0.0435
TAP2	known	SAS	16	1	0.0217
TAP2	known	SAS	19	1	0.0217
TAP2	known	SAS	20	1	0.0217
TAP2	known	SAS	22	1	0.0217
TAP2	known	SAS	27	2	0.0435
TAP2	known	SAS	28	1	0.0217
TAP2	known	SAS	33	1	0.0217
TAP2	known	SAS	43	1	0.0217
TAP2	known	SAS	56	1	0.0217
TAP2	known	SAS	61	1	0.0217
TAP2	known	SAS	89	1	0.0217
TAP2	known	SAS	109	1	0.0217
TAP2	known	SAS	110	1	0.0217
TAP2	known	SAS	147	1	0.0217
TAP2	known	POOLED	1	3	0.04
TAP2	known	POOLED	2	3	0.04
TAP2	known	POOLED	3	5	0.0667
TAP2	known	POOLED	4	2	0.0267
TAP2	known	POOLED	5	1	0.0133
TAP2	known	POOLED	6	2	0.0267
TAP2	known	POOLED	7	3	0.04
TAP2	known	POOLED	8	1	0.0133
TAP2	known	POOLED	9	1	0.0133
TAP2	known	POOLED	10	3	0.04
TAP2	known	POOLED	13	2	0.0267
TAP2	known	POOLED	16	1	0.0133
TAP2	known	POOLED	18	1	0.0133
TAP2	known	POOLED	19	1	0.0133
TAP2	known	POOLED	23	2	0.0267
TAP2	known	POOLED	31	1	0.0133
TAP2	known	POOLED	42	2	0.0267
TAP2	known	POOLED	60	1	0.0133
TAP2	known	POOLED	65	1	0.0133
TAP2	known	POOLED	69	1	0.0133
TAP2	known	POOLED	73	1	0.0133
TAP2	known	POOLED	78	1	0.0133
TAP2	known	POOLED	82	2	0.0267
TAP2	known	POOLED	90	1	0.0133
TAP2	known	POOLED	93	2	0.0267
TAP2	known	POOLED	105	1	0.0133
TAP2	known	POOLED	107	1	0.0133
TAP2	known	POOLED	135	3	0.04
TAP2	known	POOLED	142	1	0.0133
TAP2	known	POOLED	160	1	0.0133
TAP2	known	POOLED	169	1	0.0133
TAP2	known	POOLED	173	1	0.0133
TAP2	known	POOLED	182	2	0.0267
TAP2	known	POOLED	196	1	0.0133
TAP2	known	POOLED	211	1	0.0133
TAP2	known	POOLED	216	1	0.0133
TAP2	known	POOLED	226	1	0.0133
TAP2	known	POOLED	244	1	0.0133
TAP2	known	POOLED	268	1	0.0133
TAP2	known	POOLED	273	1	0.0133
TAP2	known	POOLED	324	1	0.0133
TAP2	known	POOLED	327	1	0.0133
TAP2	known	POOLED	332	1	0.0133
TAP2	known	POOLED	347	1	0.0133
TAP2	known	POOLED	362	1	0.0133
TAP2	known	POOLED	390	1	0.0133
TAP2	known	POOLED	391	1	0.0133
TAP2	known	POOLED	413	1	0.0133
TAP2	known	POOLED	427	1	0.0133
TAP2	known	POOLED	464	1	0.0133
TAP2	known	POOLED	467	1	0.0133
TAP2	known	POOLED	511	1	0.0133
TAP2	known	POOLED	765	1	0.0133
TAP2	novel	AFR	1	307	0.8253
TAP2	novel	AFR	2	16	0.043
TAP2	novel	AFR	3	7	0.0188
TAP2	novel	AFR	4	3	0.0081
TAP2	novel	AFR	5	4	0.0108
TAP2	novel	AFR	6	4	0.0108
TAP2	novel	AFR	7	1	0.0027
TAP2	novel	AFR	8	1	0.0027
TAP2	novel	AFR	9	2	0.0054
TAP2	novel	AFR	10	1	0.0027
TAP2	novel	AFR	11	1	0.0027
TAP2	novel	AFR	12	2	0.0054
TAP2	novel	AFR	15	1	0.0027
TAP2	novel	AFR	16	1	0.0027
TAP2	novel	AFR	20	1	0.0027
TAP2	novel	AFR	23	1	0.0027
TAP2	novel	AFR	26	1	0.0027
TAP2	novel	AFR	27	1	0.0027
TAP2	novel	AFR	29	1	0.0027
TAP2	novel	AFR	31	1	0.0027
TAP2	novel	AFR	42	1	0.0027
TAP2	novel	AFR	46	1	0.0027
TAP2	novel	AFR	79	1	0.0027
TAP2	novel	AFR	86	1	0.0027
TAP2	novel	AFR	106	1	0.0027
TAP2	novel	AFR	124	1	0.0027
TAP2	novel	AFR	125	1	0.0027
TAP2	novel	AFR	150	1	0.0027
TAP2	novel	AFR	166	1	0.0027
TAP2	novel	AFR	181	1	0.0027
TAP2	novel	AFR	192	1	0.0027
TAP2	novel	AFR	243	1	0.0027
TAP2	novel	AFR	358	1	0.0027
TAP2	novel	AFR	394	1	0.0027
TAP2	novel	AFR	1065	1	0.0027
TAP2	novel	AMR	1	265	0.803
TAP2	novel	AMR	2	23	0.0697
TAP2	novel	AMR	3	5	0.0152
TAP2	novel	AMR	4	3	0.0091
TAP2	novel	AMR	5	3	0.0091
TAP2	novel	AMR	7	2	0.0061
TAP2	novel	AMR	8	4	0.0121
TAP2	novel	AMR	9	1	0.003
TAP2	novel	AMR	10	1	0.003
TAP2	novel	AMR	11	2	0.0061
TAP2	novel	AMR	13	1	0.003
TAP2	novel	AMR	14	1	0.003
TAP2	novel	AMR	15	1	0.003
TAP2	novel	AMR	17	1	0.003
TAP2	novel	AMR	18	1	0.003
TAP2	novel	AMR	25	1	0.003
TAP2	novel	AMR	34	1	0.003
TAP2	novel	AMR	45	2	0.0061
TAP2	novel	AMR	51	1	0.003
TAP2	novel	AMR	57	1	0.003
TAP2	novel	AMR	82	1	0.003
TAP2	novel	AMR	94	1	0.003
TAP2	novel	AMR	108	1	0.003
TAP2	novel	AMR	124	1	0.003
TAP2	novel	AMR	160	1	0.003
TAP2	novel	AMR	200	1	0.003
TAP2	novel	AMR	204	1	0.003
TAP2	novel	AMR	285	1	0.003
TAP2	novel	AMR	357	1	0.003
TAP2	novel	AMR	742	1	0.003
TAP2	novel	EAS	1	178	0.8436
TAP2	novel	EAS	2	6	0.0284
TAP2	novel	EAS	3	5	0.0237
TAP2	novel	EAS	4	2	0.0095
TAP2	novel	EAS	5	1	0.0047
TAP2	novel	EAS	7	1	0.0047
TAP2	novel	EAS	8	2	0.0095
TAP2	novel	EAS	10	1	0.0047
TAP2	novel	EAS	15	1	0.0047
TAP2	novel	EAS	19	1	0.0047
TAP2	novel	EAS	30	1	0.0047
TAP2	novel	EAS	32	1	0.0047
TAP2	novel	EAS	46	1	0.0047
TAP2	novel	EAS	58	1	0.0047
TAP2	novel	EAS	61	1	0.0047
TAP2	novel	EAS	63	1	0.0047
TAP2	novel	EAS	87	1	0.0047
TAP2	novel	EAS	100	1	0.0047
TAP2	novel	EAS	109	1	0.0047
TAP2	novel	EAS	140	1	0.0047
TAP2	novel	EAS	142	1	0.0047
TAP2	novel	EAS	177	1	0.0047
TAP2	novel	EAS	496	1	0.0047
TAP2	novel	EUR	1	309	0.8607
TAP2	novel	EUR	2	15	0.0418
TAP2	novel	EUR	3	8	0.0223
TAP2	novel	EUR	4	3	0.0084
TAP2	novel	EUR	5	2	0.0056
TAP2	novel	EUR	6	2	0.0056
TAP2	novel	EUR	7	3	0.0084
TAP2	novel	EUR	8	1	0.0028
TAP2	novel	EUR	9	1	0.0028
TAP2	novel	EUR	13	1	0.0028
TAP2	novel	EUR	14	1	0.0028
TAP2	novel	EUR	17	1	0.0028
TAP2	novel	EUR	29	1	0.0028
TAP2	novel	EUR	48	1	0.0028
TAP2	novel	EUR	59	2	0.0056
TAP2	novel	EUR	83	1	0.0028
TAP2	novel	EUR	127	1	0.0028
TAP2	novel	EUR	129	1	0.0028
TAP2	novel	EUR	214	1	0.0028
TAP2	novel	EUR	234	1	0.0028
TAP2	novel	EUR	264	1	0.0028
TAP2	novel	EUR	419	1	0.0028
TAP2	novel	EUR	674	1	0.0028
TAP2	novel	MID	1	67	0.7363
TAP2	novel	MID	2	11	0.1209
TAP2	novel	MID	3	1	0.011
TAP2	novel	MID	5	2	0.022
TAP2	novel	MID	6	1	0.011
TAP2	novel	MID	8	1	0.011
TAP2	novel	MID	10	1	0.011
TAP2	novel	MID	24	1	0.011
TAP2	novel	MID	25	1	0.011
TAP2	novel	MID	29	1	0.011
TAP2	novel	MID	31	1	0.011
TAP2	novel	MID	37	1	0.011
TAP2	novel	MID	40	1	0.011
TAP2	novel	MID	193	1	0.011
TAP2	novel	SAS	1	127	0.8038
TAP2	novel	SAS	2	8	0.0506
TAP2	novel	SAS	3	2	0.0127
TAP2	novel	SAS	4	2	0.0127
TAP2	novel	SAS	6	1	0.0063
TAP2	novel	SAS	7	1	0.0063
TAP2	novel	SAS	8	2	0.0127
TAP2	novel	SAS	9	1	0.0063
TAP2	novel	SAS	10	2	0.0127
TAP2	novel	SAS	11	1	0.0063
TAP2	novel	SAS	14	1	0.0063
TAP2	novel	SAS	21	1	0.0063
TAP2	novel	SAS	45	1	0.0063
TAP2	novel	SAS	56	1	0.0063
TAP2	novel	SAS	65	2	0.0127
TAP2	novel	SAS	74	1	0.0063
TAP2	novel	SAS	108	1	0.0063
TAP2	novel	SAS	109	1	0.0063
TAP2	novel	SAS	154	1	0.0063
TAP2	novel	SAS	553	1	0.0063
TAP2	novel	POOLED	1	1104	0.8693
TAP2	novel	POOLED	2	59	0.0465
TAP2	novel	POOLED	3	26	0.0205
TAP2	novel	POOLED	4	10	0.0079
TAP2	novel	POOLED	5	6	0.0047
TAP2	novel	POOLED	6	5	0.0039
TAP2	novel	POOLED	7	4	0.0031
TAP2	novel	POOLED	8	5	0.0039
TAP2	novel	POOLED	9	2	0.0016
TAP2	novel	POOLED	11	4	0.0031
TAP2	novel	POOLED	12	1	0.0008
TAP2	novel	POOLED	14	1	0.0008
TAP2	novel	POOLED	15	3	0.0024
TAP2	novel	POOLED	16	2	0.0016
TAP2	novel	POOLED	17	1	0.0008
TAP2	novel	POOLED	18	1	0.0008
TAP2	novel	POOLED	19	2	0.0016
TAP2	novel	POOLED	21	1	0.0008
TAP2	novel	POOLED	22	1	0.0008
TAP2	novel	POOLED	28	2	0.0016
TAP2	novel	POOLED	32	1	0.0008
TAP2	novel	POOLED	34	1	0.0008
TAP2	novel	POOLED	37	1	0.0008
TAP2	novel	POOLED	38	1	0.0008
TAP2	novel	POOLED	42	1	0.0008
TAP2	novel	POOLED	46	1	0.0008
TAP2	novel	POOLED	56	1	0.0008
TAP2	novel	POOLED	58	1	0.0008
TAP2	novel	POOLED	59	1	0.0008
TAP2	novel	POOLED	60	1	0.0008
TAP2	novel	POOLED	80	1	0.0008
TAP2	novel	POOLED	89	1	0.0008
TAP2	novel	POOLED	107	1	0.0008
TAP2	novel	POOLED	110	1	0.0008
TAP2	novel	POOLED	113	1	0.0008
TAP2	novel	POOLED	126	1	0.0008
TAP2	novel	POOLED	145	1	0.0008
TAP2	novel	POOLED	198	1	0.0008
TAP2	novel	POOLED	213	1	0.0008
TAP2	novel	POOLED	222	1	0.0008
TAP2	novel	POOLED	530	1	0.0008
TAP2	novel	POOLED	540	1	0.0008
TAP2	novel	POOLED	550	1	0.0008
TAP2	novel	POOLED	645	1	0.0008
TAP2	novel	POOLED	744	1	0.0008
TAP2	novel	POOLED	784	1	0.0008
TAP2	novel	POOLED	809	1	0.0008
TAP2	novel	POOLED	839	1	0.0008
TAP2	novel	POOLED	989	1	0.0008
TAP2	novel	POOLED	3734	1	0.0008
