gene	gene_class	ancestry_scheme	ancestry	unrelated_only	field_class	artifact_label	n_haplotypes
C4A	complement	pred	AFR	False	uncalled	clean	5176
C4A	complement	pred	AFR	True	uncalled	clean	5020
C4A	complement	pred	AMR	False	uncalled	clean	4593
C4A	complement	pred	AMR	True	uncalled	clean	4398
C4A	complement	pred	EAS	False	uncalled	clean	2511
C4A	complement	pred	EAS	True	uncalled	clean	2452
C4A	complement	pred	EUR	False	uncalled	clean	4838
C4A	complement	pred	EUR	True	uncalled	clean	4679
C4A	complement	pred	MID	False	uncalled	clean	836
C4A	complement	pred	MID	True	uncalled	clean	823
C4A	complement	pred	POOLED	False	uncalled	clean	20174
C4A	complement	pred	POOLED	True	uncalled	clean	19555
C4A	complement	pred	SAS	False	uncalled	clean	2183
C4A	complement	pred	SAS	True	uncalled	clean	2146
C4A	complement	pred	UNASSIGNED	False	uncalled	clean	37
C4A	complement	pred	UNASSIGNED	True	uncalled	clean	37
C4A	complement	strict	AFR	False	uncalled	clean	4010
C4A	complement	strict	AFR	True	uncalled	clean	3871
C4A	complement	strict	AMR	False	uncalled	clean	2813
C4A	complement	strict	AMR	True	uncalled	clean	2655
C4A	complement	strict	EAS	False	uncalled	clean	2200
C4A	complement	strict	EAS	True	uncalled	clean	2143
C4A	complement	strict	EUR	False	uncalled	clean	2096
C4A	complement	strict	EUR	True	uncalled	clean	1973
C4A	complement	strict	MID	False	uncalled	clean	523
C4A	complement	strict	MID	True	uncalled	clean	512
C4A	complement	strict	POOLED	False	uncalled	clean	20174
C4A	complement	strict	POOLED	True	uncalled	clean	19555
C4A	complement	strict	SAS	False	uncalled	clean	2036
C4A	complement	strict	SAS	True	uncalled	clean	2007
C4A	complement	strict	UNASSIGNED	False	uncalled	clean	6496
C4A	complement	strict	UNASSIGNED	True	uncalled	clean	6394
C4B	complement	pred	AFR	False	uncalled	clean	4300
C4B	complement	pred	AFR	True	uncalled	clean	4179
C4B	complement	pred	AMR	False	uncalled	clean	4119
C4B	complement	pred	AMR	True	uncalled	clean	3922
C4B	complement	pred	EAS	False	uncalled	clean	2210
C4B	complement	pred	EAS	True	uncalled	clean	2160
C4B	complement	pred	EUR	False	uncalled	clean	4509
C4B	complement	pred	EUR	True	uncalled	clean	4349
C4B	complement	pred	MID	False	uncalled	clean	746
C4B	complement	pred	MID	True	uncalled	clean	731
C4B	complement	pred	POOLED	False	uncalled	clean	17796
C4B	complement	pred	POOLED	True	uncalled	clean	17221
C4B	complement	pred	SAS	False	uncalled	clean	1876
C4B	complement	pred	SAS	True	uncalled	clean	1844
C4B	complement	pred	UNASSIGNED	False	uncalled	clean	36
C4B	complement	pred	UNASSIGNED	True	uncalled	clean	36
C4B	complement	strict	AFR	False	uncalled	clean	3330
C4B	complement	strict	AFR	True	uncalled	clean	3223
C4B	complement	strict	AMR	False	uncalled	clean	2556
C4B	complement	strict	AMR	True	uncalled	clean	2399
C4B	complement	strict	EAS	False	uncalled	clean	1940
C4B	complement	strict	EAS	True	uncalled	clean	1892
C4B	complement	strict	EUR	False	uncalled	clean	1930
C4B	complement	strict	EUR	True	uncalled	clean	1801
C4B	complement	strict	MID	False	uncalled	clean	470
C4B	complement	strict	MID	True	uncalled	clean	459
C4B	complement	strict	POOLED	False	uncalled	clean	17796
C4B	complement	strict	POOLED	True	uncalled	clean	17221
C4B	complement	strict	SAS	False	uncalled	clean	1749
C4B	complement	strict	SAS	True	uncalled	clean	1721
C4B	complement	strict	UNASSIGNED	False	uncalled	clean	5821
C4B	complement	strict	UNASSIGNED	True	uncalled	clean	5726
HLA-A	classical_I	pred	AFR	False	f2_protein	clean	<20
HLA-A	classical_I	pred	AFR	False	f2_protein	homopolymer_indel	170
HLA-A	classical_I	pred	AFR	False	f2_protein	partial_cds	<20
HLA-A	classical_I	pred	AFR	False	f4_noncoding	clean	202
HLA-A	classical_I	pred	AFR	False	f4_noncoding	partial_cds	<20
HLA-A	classical_I	pred	AFR	False	known	clean	5537
HLA-A	classical_I	pred	AFR	False	known	partial_cds	<20
HLA-A	classical_I	pred	AFR	True	f2_protein	clean	<20
HLA-A	classical_I	pred	AFR	True	f2_protein	homopolymer_indel	167
HLA-A	classical_I	pred	AFR	True	f2_protein	partial_cds	<20
HLA-A	classical_I	pred	AFR	True	f4_noncoding	clean	199
HLA-A	classical_I	pred	AFR	True	f4_noncoding	partial_cds	<20
HLA-A	classical_I	pred	AFR	True	known	clean	5379
HLA-A	classical_I	pred	AFR	True	known	partial_cds	<20
HLA-A	classical_I	pred	AMR	False	f2_protein	clean	<20
HLA-A	classical_I	pred	AMR	False	f2_protein	homopolymer_indel	113
HLA-A	classical_I	pred	AMR	False	f2_protein	partial_cds	<20
HLA-A	classical_I	pred	AMR	False	f3_synonymous	clean	<20
HLA-A	classical_I	pred	AMR	False	f4_noncoding	clean	157
HLA-A	classical_I	pred	AMR	False	known	clean	5041
HLA-A	classical_I	pred	AMR	False	known	partial_cds	<20
HLA-A	classical_I	pred	AMR	True	f2_protein	clean	<20
HLA-A	classical_I	pred	AMR	True	f2_protein	homopolymer_indel	109
HLA-A	classical_I	pred	AMR	True	f2_protein	partial_cds	<20
HLA-A	classical_I	pred	AMR	True	f3_synonymous	clean	<20
HLA-A	classical_I	pred	AMR	True	f4_noncoding	clean	149
HLA-A	classical_I	pred	AMR	True	known	clean	4820
HLA-A	classical_I	pred	AMR	True	known	partial_cds	<20
HLA-A	classical_I	pred	EAS	False	f2_protein	clean	<20
HLA-A	classical_I	pred	EAS	False	f2_protein	homopolymer_indel	63
HLA-A	classical_I	pred	EAS	False	f2_protein	partial_cds	<20
HLA-A	classical_I	pred	EAS	False	f3_synonymous	clean	<20
HLA-A	classical_I	pred	EAS	False	f4_noncoding	clean	86
HLA-A	classical_I	pred	EAS	False	f4_noncoding	partial_cds	<20
HLA-A	classical_I	pred	EAS	False	known	clean	2708
HLA-A	classical_I	pred	EAS	False	known	partial_cds	<20
HLA-A	classical_I	pred	EAS	True	f2_protein	clean	<20
HLA-A	classical_I	pred	EAS	True	f2_protein	homopolymer_indel	60
HLA-A	classical_I	pred	EAS	True	f2_protein	partial_cds	<20
HLA-A	classical_I	pred	EAS	True	f3_synonymous	clean	<20
HLA-A	classical_I	pred	EAS	True	f4_noncoding	clean	85
HLA-A	classical_I	pred	EAS	True	f4_noncoding	partial_cds	<20
HLA-A	classical_I	pred	EAS	True	known	clean	2647
HLA-A	classical_I	pred	EAS	True	known	partial_cds	<20
HLA-A	classical_I	pred	EUR	False	f2_protein	clean	<20
HLA-A	classical_I	pred	EUR	False	f2_protein	homopolymer_indel	142
HLA-A	classical_I	pred	EUR	False	f2_protein	partial_cds	<20
HLA-A	classical_I	pred	EUR	False	f3_synonymous	clean	<20
HLA-A	classical_I	pred	EUR	False	f4_noncoding	clean	187
HLA-A	classical_I	pred	EUR	False	f4_noncoding	partial_cds	<20
HLA-A	classical_I	pred	EUR	False	known	clean	5575
HLA-A	classical_I	pred	EUR	False	known	partial_cds	<20
HLA-A	classical_I	pred	EUR	True	f2_protein	clean	<20
HLA-A	classical_I	pred	EUR	True	f2_protein	homopolymer_indel	139
HLA-A	classical_I	pred	EUR	True	f2_protein	partial_cds	<20
HLA-A	classical_I	pred	EUR	True	f3_synonymous	clean	<20
HLA-A	classical_I	pred	EUR	True	f4_noncoding	clean	181
HLA-A	classical_I	pred	EUR	True	f4_noncoding	partial_cds	<20
HLA-A	classical_I	pred	EUR	True	known	clean	5381
HLA-A	classical_I	pred	EUR	True	known	partial_cds	<20
HLA-A	classical_I	pred	MID	False	f2_protein	clean	<20
HLA-A	classical_I	pred	MID	False	f2_protein	homopolymer_indel	<20
HLA-A	classical_I	pred	MID	False	f4_noncoding	clean	23
HLA-A	classical_I	pred	MID	False	f4_noncoding	partial_cds	<20
HLA-A	classical_I	pred	MID	False	known	clean	912
HLA-A	classical_I	pred	MID	True	f2_protein	clean	<20
HLA-A	classical_I	pred	MID	True	f2_protein	homopolymer_indel	<20
HLA-A	classical_I	pred	MID	True	f4_noncoding	clean	23
HLA-A	classical_I	pred	MID	True	f4_noncoding	partial_cds	<20
HLA-A	classical_I	pred	MID	True	known	clean	897
HLA-A	classical_I	pred	POOLED	False	f2_protein	clean	47
HLA-A	classical_I	pred	POOLED	False	f2_protein	homopolymer_indel	549
HLA-A	classical_I	pred	POOLED	False	f2_protein	partial_cds	72
HLA-A	classical_I	pred	POOLED	False	f3_synonymous	clean	<20
HLA-A	classical_I	pred	POOLED	False	f4_noncoding	clean	721
HLA-A	classical_I	pred	POOLED	False	f4_noncoding	partial_cds	<20
HLA-A	classical_I	pred	POOLED	False	known	clean	22137
HLA-A	classical_I	pred	POOLED	False	known	partial_cds	23
HLA-A	classical_I	pred	POOLED	True	f2_protein	clean	46
HLA-A	classical_I	pred	POOLED	True	f2_protein	homopolymer_indel	534
HLA-A	classical_I	pred	POOLED	True	f2_protein	partial_cds	71
HLA-A	classical_I	pred	POOLED	True	f3_synonymous	clean	<20
HLA-A	classical_I	pred	POOLED	True	f4_noncoding	clean	702
HLA-A	classical_I	pred	POOLED	True	f4_noncoding	partial_cds	<20
HLA-A	classical_I	pred	POOLED	True	known	clean	21449
HLA-A	classical_I	pred	POOLED	True	known	partial_cds	22
HLA-A	classical_I	pred	SAS	False	f2_protein	clean	<20
HLA-A	classical_I	pred	SAS	False	f2_protein	homopolymer_indel	42
HLA-A	classical_I	pred	SAS	False	f2_protein	partial_cds	<20
HLA-A	classical_I	pred	SAS	False	f3_synonymous	clean	<20
HLA-A	classical_I	pred	SAS	False	f4_noncoding	clean	66
HLA-A	classical_I	pred	SAS	False	f4_noncoding	partial_cds	<20
HLA-A	classical_I	pred	SAS	False	known	clean	2319
HLA-A	classical_I	pred	SAS	False	known	partial_cds	<20
HLA-A	classical_I	pred	SAS	True	f2_protein	clean	<20
HLA-A	classical_I	pred	SAS	True	f2_protein	homopolymer_indel	40
HLA-A	classical_I	pred	SAS	True	f2_protein	partial_cds	<20
HLA-A	classical_I	pred	SAS	True	f3_synonymous	clean	<20
HLA-A	classical_I	pred	SAS	True	f4_noncoding	clean	65
HLA-A	classical_I	pred	SAS	True	f4_noncoding	partial_cds	<20
HLA-A	classical_I	pred	SAS	True	known	clean	2280
HLA-A	classical_I	pred	SAS	True	known	partial_cds	<20
HLA-A	classical_I	pred	UNASSIGNED	False	known	clean	45
HLA-A	classical_I	pred	UNASSIGNED	True	known	clean	45
HLA-A	classical_I	strict	AFR	False	f2_protein	clean	<20
HLA-A	classical_I	strict	AFR	False	f2_protein	homopolymer_indel	128
HLA-A	classical_I	strict	AFR	False	f2_protein	partial_cds	<20
HLA-A	classical_I	strict	AFR	False	f4_noncoding	clean	159
HLA-A	classical_I	strict	AFR	False	f4_noncoding	partial_cds	<20
HLA-A	classical_I	strict	AFR	False	known	clean	4270
HLA-A	classical_I	strict	AFR	False	known	partial_cds	<20
HLA-A	classical_I	strict	AFR	True	f2_protein	clean	<20
HLA-A	classical_I	strict	AFR	True	f2_protein	homopolymer_indel	126
HLA-A	classical_I	strict	AFR	True	f2_protein	partial_cds	<20
HLA-A	classical_I	strict	AFR	True	f4_noncoding	clean	156
HLA-A	classical_I	strict	AFR	True	f4_noncoding	partial_cds	<20
HLA-A	classical_I	strict	AFR	True	known	clean	4131
HLA-A	classical_I	strict	AFR	True	known	partial_cds	<20
HLA-A	classical_I	strict	AMR	False	f2_protein	homopolymer_indel	58
HLA-A	classical_I	strict	AMR	False	f2_protein	partial_cds	<20
HLA-A	classical_I	strict	AMR	False	f3_synonymous	clean	<20
HLA-A	classical_I	strict	AMR	False	f4_noncoding	clean	74
HLA-A	classical_I	strict	AMR	False	known	clean	3100
HLA-A	classical_I	strict	AMR	False	known	partial_cds	<20
HLA-A	classical_I	strict	AMR	True	f2_protein	homopolymer_indel	55
HLA-A	classical_I	strict	AMR	True	f2_protein	partial_cds	<20
HLA-A	classical_I	strict	AMR	True	f3_synonymous	clean	<20
HLA-A	classical_I	strict	AMR	True	f4_noncoding	clean	70
HLA-A	classical_I	strict	AMR	True	known	clean	2923
HLA-A	classical_I	strict	AMR	True	known	partial_cds	<20
HLA-A	classical_I	strict	EAS	False	f2_protein	clean	<20
HLA-A	classical_I	strict	EAS	False	f2_protein	homopolymer_indel	53
HLA-A	classical_I	strict	EAS	False	f2_protein	partial_cds	<20
HLA-A	classical_I	strict	EAS	False	f4_noncoding	clean	72
HLA-A	classical_I	strict	EAS	False	f4_noncoding	partial_cds	<20
HLA-A	classical_I	strict	EAS	False	known	clean	2367
HLA-A	classical_I	strict	EAS	False	known	partial_cds	<20
HLA-A	classical_I	strict	EAS	True	f2_protein	clean	<20
HLA-A	classical_I	strict	EAS	True	f2_protein	homopolymer_indel	50
HLA-A	classical_I	strict	EAS	True	f2_protein	partial_cds	<20
HLA-A	classical_I	strict	EAS	True	f4_noncoding	clean	71
HLA-A	classical_I	strict	EAS	True	f4_noncoding	partial_cds	<20
HLA-A	classical_I	strict	EAS	True	known	clean	2308
HLA-A	classical_I	strict	EAS	True	known	partial_cds	<20
HLA-A	classical_I	strict	EUR	False	f2_protein	clean	<20
HLA-A	classical_I	strict	EUR	False	f2_protein	homopolymer_indel	63
HLA-A	classical_I	strict	EUR	False	f2_protein	partial_cds	<20
HLA-A	classical_I	strict	EUR	False	f3_synonymous	clean	<20
HLA-A	classical_I	strict	EUR	False	f4_noncoding	clean	78
HLA-A	classical_I	strict	EUR	False	known	clean	2502
HLA-A	classical_I	strict	EUR	False	known	partial_cds	<20
HLA-A	classical_I	strict	EUR	True	f2_protein	clean	<20
HLA-A	classical_I	strict	EUR	True	f2_protein	homopolymer_indel	60
HLA-A	classical_I	strict	EUR	True	f2_protein	partial_cds	<20
HLA-A	classical_I	strict	EUR	True	f3_synonymous	clean	<20
HLA-A	classical_I	strict	EUR	True	f4_noncoding	clean	74
HLA-A	classical_I	strict	EUR	True	known	clean	2346
HLA-A	classical_I	strict	EUR	True	known	partial_cds	<20
HLA-A	classical_I	strict	MID	False	f2_protein	clean	<20
HLA-A	classical_I	strict	MID	False	f2_protein	homopolymer_indel	<20
HLA-A	classical_I	strict	MID	False	f4_noncoding	clean	<20
HLA-A	classical_I	strict	MID	False	f4_noncoding	partial_cds	<20
HLA-A	classical_I	strict	MID	False	known	clean	568
HLA-A	classical_I	strict	MID	True	f2_protein	clean	<20
HLA-A	classical_I	strict	MID	True	f2_protein	homopolymer_indel	<20
HLA-A	classical_I	strict	MID	True	f4_noncoding	clean	<20
HLA-A	classical_I	strict	MID	True	f4_noncoding	partial_cds	<20
HLA-A	classical_I	strict	MID	True	known	clean	557
HLA-A	classical_I	strict	POOLED	False	f2_protein	clean	47
HLA-A	classical_I	strict	POOLED	False	f2_protein	homopolymer_indel	549
HLA-A	classical_I	strict	POOLED	False	f2_protein	partial_cds	72
HLA-A	classical_I	strict	POOLED	False	f3_synonymous	clean	<20
HLA-A	classical_I	strict	POOLED	False	f4_noncoding	clean	721
HLA-A	classical_I	strict	POOLED	False	f4_noncoding	partial_cds	<20
HLA-A	classical_I	strict	POOLED	False	known	clean	22137
HLA-A	classical_I	strict	POOLED	False	known	partial_cds	23
HLA-A	classical_I	strict	POOLED	True	f2_protein	clean	46
HLA-A	classical_I	strict	POOLED	True	f2_protein	homopolymer_indel	534
HLA-A	classical_I	strict	POOLED	True	f2_protein	partial_cds	71
HLA-A	classical_I	strict	POOLED	True	f3_synonymous	clean	<20
HLA-A	classical_I	strict	POOLED	True	f4_noncoding	clean	702
HLA-A	classical_I	strict	POOLED	True	f4_noncoding	partial_cds	<20
HLA-A	classical_I	strict	POOLED	True	known	clean	21449
HLA-A	classical_I	strict	POOLED	True	known	partial_cds	22
HLA-A	classical_I	strict	SAS	False	f2_protein	clean	<20
HLA-A	classical_I	strict	SAS	False	f2_protein	homopolymer_indel	39
HLA-A	classical_I	strict	SAS	False	f2_protein	partial_cds	<20
HLA-A	classical_I	strict	SAS	False	f3_synonymous	clean	<20
HLA-A	classical_I	strict	SAS	False	f4_noncoding	clean	57
HLA-A	classical_I	strict	SAS	False	f4_noncoding	partial_cds	<20
HLA-A	classical_I	strict	SAS	False	known	clean	2163
HLA-A	classical_I	strict	SAS	False	known	partial_cds	<20
HLA-A	classical_I	strict	SAS	True	f2_protein	clean	<20
HLA-A	classical_I	strict	SAS	True	f2_protein	homopolymer_indel	38
HLA-A	classical_I	strict	SAS	True	f2_protein	partial_cds	<20
HLA-A	classical_I	strict	SAS	True	f3_synonymous	clean	<20
HLA-A	classical_I	strict	SAS	True	f4_noncoding	clean	56
HLA-A	classical_I	strict	SAS	True	f4_noncoding	partial_cds	<20
HLA-A	classical_I	strict	SAS	True	known	clean	2130
HLA-A	classical_I	strict	SAS	True	known	partial_cds	<20
HLA-A	classical_I	strict	UNASSIGNED	False	f2_protein	clean	<20
HLA-A	classical_I	strict	UNASSIGNED	False	f2_protein	homopolymer_indel	195
HLA-A	classical_I	strict	UNASSIGNED	False	f2_protein	partial_cds	23
HLA-A	classical_I	strict	UNASSIGNED	False	f3_synonymous	clean	<20
HLA-A	classical_I	strict	UNASSIGNED	False	f4_noncoding	clean	265
HLA-A	classical_I	strict	UNASSIGNED	False	f4_noncoding	partial_cds	<20
HLA-A	classical_I	strict	UNASSIGNED	False	known	clean	7167
HLA-A	classical_I	strict	UNASSIGNED	False	known	partial_cds	<20
HLA-A	classical_I	strict	UNASSIGNED	True	f2_protein	clean	<20
HLA-A	classical_I	strict	UNASSIGNED	True	f2_protein	homopolymer_indel	192
HLA-A	classical_I	strict	UNASSIGNED	True	f2_protein	partial_cds	23
HLA-A	classical_I	strict	UNASSIGNED	True	f3_synonymous	clean	<20
HLA-A	classical_I	strict	UNASSIGNED	True	f4_noncoding	clean	259
HLA-A	classical_I	strict	UNASSIGNED	True	f4_noncoding	partial_cds	<20
HLA-A	classical_I	strict	UNASSIGNED	True	known	clean	7054
HLA-A	classical_I	strict	UNASSIGNED	True	known	partial_cds	<20
HLA-B	classical_I	pred	AFR	False	f2_protein	clean	31
HLA-B	classical_I	pred	AFR	False	f2_protein	homopolymer_indel	174
HLA-B	classical_I	pred	AFR	False	f2_protein	partial_cds	<20
HLA-B	classical_I	pred	AFR	False	f3_synonymous	clean	<20
HLA-B	classical_I	pred	AFR	False	f4_noncoding	clean	646
HLA-B	classical_I	pred	AFR	False	f4_noncoding	partial_cds	<20
HLA-B	classical_I	pred	AFR	False	known	clean	5124
HLA-B	classical_I	pred	AFR	False	known	partial_cds	<20
HLA-B	classical_I	pred	AFR	True	f2_protein	clean	30
HLA-B	classical_I	pred	AFR	True	f2_protein	homopolymer_indel	168
HLA-B	classical_I	pred	AFR	True	f2_protein	partial_cds	<20
HLA-B	classical_I	pred	AFR	True	f3_synonymous	clean	<20
HLA-B	classical_I	pred	AFR	True	f4_noncoding	clean	637
HLA-B	classical_I	pred	AFR	True	f4_noncoding	partial_cds	<20
HLA-B	classical_I	pred	AFR	True	known	clean	4967
HLA-B	classical_I	pred	AFR	True	known	partial_cds	<20
HLA-B	classical_I	pred	AMR	False	f1_undetermined	clean	<20
HLA-B	classical_I	pred	AMR	False	f2_protein	clean	<20
HLA-B	classical_I	pred	AMR	False	f2_protein	homopolymer_indel	131
HLA-B	classical_I	pred	AMR	False	f2_protein	partial_cds	<20
HLA-B	classical_I	pred	AMR	False	f3_synonymous	clean	<20
HLA-B	classical_I	pred	AMR	False	f4_noncoding	clean	547
HLA-B	classical_I	pred	AMR	False	known	clean	4644
HLA-B	classical_I	pred	AMR	False	known	partial_cds	<20
HLA-B	classical_I	pred	AMR	True	f1_undetermined	clean	<20
HLA-B	classical_I	pred	AMR	True	f2_protein	clean	<20
HLA-B	classical_I	pred	AMR	True	f2_protein	homopolymer_indel	125
HLA-B	classical_I	pred	AMR	True	f2_protein	partial_cds	<20
HLA-B	classical_I	pred	AMR	True	f3_synonymous	clean	<20
HLA-B	classical_I	pred	AMR	True	f4_noncoding	clean	525
HLA-B	classical_I	pred	AMR	True	known	clean	4441
HLA-B	classical_I	pred	AMR	True	known	partial_cds	<20
HLA-B	classical_I	pred	EAS	False	f2_protein	clean	<20
HLA-B	classical_I	pred	EAS	False	f2_protein	homopolymer_indel	85
HLA-B	classical_I	pred	EAS	False	f2_protein	partial_cds	<20
HLA-B	classical_I	pred	EAS	False	f4_noncoding	clean	277
HLA-B	classical_I	pred	EAS	False	f4_noncoding	partial_cds	<20
HLA-B	classical_I	pred	EAS	False	known	clean	2495
HLA-B	classical_I	pred	EAS	False	known	partial_cds	<20
HLA-B	classical_I	pred	EAS	True	f2_protein	clean	<20
HLA-B	classical_I	pred	EAS	True	f2_protein	homopolymer_indel	83
HLA-B	classical_I	pred	EAS	True	f2_protein	partial_cds	<20
HLA-B	classical_I	pred	EAS	True	f4_noncoding	clean	266
HLA-B	classical_I	pred	EAS	True	f4_noncoding	partial_cds	<20
HLA-B	classical_I	pred	EAS	True	known	clean	2443
HLA-B	classical_I	pred	EAS	True	known	partial_cds	<20
HLA-B	classical_I	pred	EUR	False	f2_protein	clean	22
HLA-B	classical_I	pred	EUR	False	f2_protein	homopolymer_indel	140
HLA-B	classical_I	pred	EUR	False	f2_protein	partial_cds	<20
HLA-B	classical_I	pred	EUR	False	f3_synonymous	clean	<20
HLA-B	classical_I	pred	EUR	False	f4_noncoding	clean	460
HLA-B	classical_I	pred	EUR	False	f4_noncoding	partial_cds	<20
HLA-B	classical_I	pred	EUR	False	known	clean	5289
HLA-B	classical_I	pred	EUR	False	known	partial_cds	<20
HLA-B	classical_I	pred	EUR	True	f2_protein	clean	21
HLA-B	classical_I	pred	EUR	True	f2_protein	homopolymer_indel	135
HLA-B	classical_I	pred	EUR	True	f2_protein	partial_cds	<20
HLA-B	classical_I	pred	EUR	True	f3_synonymous	clean	<20
HLA-B	classical_I	pred	EUR	True	f4_noncoding	clean	443
HLA-B	classical_I	pred	EUR	True	f4_noncoding	partial_cds	<20
HLA-B	classical_I	pred	EUR	True	known	clean	5112
HLA-B	classical_I	pred	EUR	True	known	partial_cds	<20
HLA-B	classical_I	pred	MID	False	f2_protein	clean	<20
HLA-B	classical_I	pred	MID	False	f2_protein	homopolymer_indel	24
HLA-B	classical_I	pred	MID	False	f2_protein	partial_cds	<20
HLA-B	classical_I	pred	MID	False	f4_noncoding	clean	93
HLA-B	classical_I	pred	MID	False	known	clean	847
HLA-B	classical_I	pred	MID	True	f2_protein	clean	<20
HLA-B	classical_I	pred	MID	True	f2_protein	homopolymer_indel	22
HLA-B	classical_I	pred	MID	True	f2_protein	partial_cds	<20
HLA-B	classical_I	pred	MID	True	f4_noncoding	clean	91
HLA-B	classical_I	pred	MID	True	known	clean	835
HLA-B	classical_I	pred	POOLED	False	f1_undetermined	clean	<20
HLA-B	classical_I	pred	POOLED	False	f2_protein	clean	81
HLA-B	classical_I	pred	POOLED	False	f2_protein	homopolymer_indel	618
HLA-B	classical_I	pred	POOLED	False	f2_protein	partial_cds	70
HLA-B	classical_I	pred	POOLED	False	f3_synonymous	clean	<20
HLA-B	classical_I	pred	POOLED	False	f4_noncoding	clean	2275
HLA-B	classical_I	pred	POOLED	False	f4_noncoding	partial_cds	<20
HLA-B	classical_I	pred	POOLED	False	known	clean	20565
HLA-B	classical_I	pred	POOLED	False	known	partial_cds	<20
HLA-B	classical_I	pred	POOLED	True	f1_undetermined	clean	<20
HLA-B	classical_I	pred	POOLED	True	f2_protein	clean	79
HLA-B	classical_I	pred	POOLED	True	f2_protein	homopolymer_indel	597
HLA-B	classical_I	pred	POOLED	True	f2_protein	partial_cds	68
HLA-B	classical_I	pred	POOLED	True	f3_synonymous	clean	<20
HLA-B	classical_I	pred	POOLED	True	f4_noncoding	clean	2209
HLA-B	classical_I	pred	POOLED	True	f4_noncoding	partial_cds	<20
HLA-B	classical_I	pred	POOLED	True	known	clean	19926
HLA-B	classical_I	pred	POOLED	True	known	partial_cds	<20
HLA-B	classical_I	pred	SAS	False	f2_protein	clean	<20
HLA-B	classical_I	pred	SAS	False	f2_protein	homopolymer_indel	60
HLA-B	classical_I	pred	SAS	False	f2_protein	partial_cds	<20
HLA-B	classical_I	pred	SAS	False	f3_synonymous	clean	<20
HLA-B	classical_I	pred	SAS	False	f4_noncoding	clean	251
HLA-B	classical_I	pred	SAS	False	known	clean	2126
HLA-B	classical_I	pred	SAS	True	f2_protein	clean	<20
HLA-B	classical_I	pred	SAS	True	f2_protein	homopolymer_indel	60
HLA-B	classical_I	pred	SAS	True	f2_protein	partial_cds	<20
HLA-B	classical_I	pred	SAS	True	f3_synonymous	clean	<20
HLA-B	classical_I	pred	SAS	True	f4_noncoding	clean	246
HLA-B	classical_I	pred	SAS	True	known	clean	2088
HLA-B	classical_I	pred	UNASSIGNED	False	f2_protein	homopolymer_indel	<20
HLA-B	classical_I	pred	UNASSIGNED	False	f2_protein	partial_cds	<20
HLA-B	classical_I	pred	UNASSIGNED	False	f4_noncoding	clean	<20
HLA-B	classical_I	pred	UNASSIGNED	False	known	clean	40
HLA-B	classical_I	pred	UNASSIGNED	True	f2_protein	homopolymer_indel	<20
HLA-B	classical_I	pred	UNASSIGNED	True	f2_protein	partial_cds	<20
HLA-B	classical_I	pred	UNASSIGNED	True	f4_noncoding	clean	<20
HLA-B	classical_I	pred	UNASSIGNED	True	known	clean	40
HLA-B	classical_I	strict	AFR	False	f2_protein	clean	22
HLA-B	classical_I	strict	AFR	False	f2_protein	homopolymer_indel	133
HLA-B	classical_I	strict	AFR	False	f2_protein	partial_cds	<20
HLA-B	classical_I	strict	AFR	False	f4_noncoding	clean	528
HLA-B	classical_I	strict	AFR	False	f4_noncoding	partial_cds	<20
HLA-B	classical_I	strict	AFR	False	known	clean	3931
HLA-B	classical_I	strict	AFR	False	known	partial_cds	<20
HLA-B	classical_I	strict	AFR	True	f2_protein	clean	21
HLA-B	classical_I	strict	AFR	True	f2_protein	homopolymer_indel	128
HLA-B	classical_I	strict	AFR	True	f2_protein	partial_cds	<20
HLA-B	classical_I	strict	AFR	True	f4_noncoding	clean	519
HLA-B	classical_I	strict	AFR	True	f4_noncoding	partial_cds	<20
HLA-B	classical_I	strict	AFR	True	known	clean	3793
HLA-B	classical_I	strict	AFR	True	known	partial_cds	<20
HLA-B	classical_I	strict	AMR	False	f2_protein	clean	<20
HLA-B	classical_I	strict	AMR	False	f2_protein	homopolymer_indel	67
HLA-B	classical_I	strict	AMR	False	f2_protein	partial_cds	<20
HLA-B	classical_I	strict	AMR	False	f3_synonymous	clean	<20
HLA-B	classical_I	strict	AMR	False	f4_noncoding	clean	322
HLA-B	classical_I	strict	AMR	False	known	clean	2827
HLA-B	classical_I	strict	AMR	True	f2_protein	clean	<20
HLA-B	classical_I	strict	AMR	True	f2_protein	homopolymer_indel	65
HLA-B	classical_I	strict	AMR	True	f2_protein	partial_cds	<20
HLA-B	classical_I	strict	AMR	True	f3_synonymous	clean	<20
HLA-B	classical_I	strict	AMR	True	f4_noncoding	clean	305
HLA-B	classical_I	strict	AMR	True	known	clean	2665
HLA-B	classical_I	strict	EAS	False	f2_protein	clean	<20
HLA-B	classical_I	strict	EAS	False	f2_protein	homopolymer_indel	76
HLA-B	classical_I	strict	EAS	False	f2_protein	partial_cds	<20
HLA-B	classical_I	strict	EAS	False	f4_noncoding	clean	241
HLA-B	classical_I	strict	EAS	False	f4_noncoding	partial_cds	<20
HLA-B	classical_I	strict	EAS	False	known	clean	2179
HLA-B	classical_I	strict	EAS	False	known	partial_cds	<20
HLA-B	classical_I	strict	EAS	True	f2_protein	clean	<20
HLA-B	classical_I	strict	EAS	True	f2_protein	homopolymer_indel	74
HLA-B	classical_I	strict	EAS	True	f2_protein	partial_cds	<20
HLA-B	classical_I	strict	EAS	True	f4_noncoding	clean	230
HLA-B	classical_I	strict	EAS	True	f4_noncoding	partial_cds	<20
HLA-B	classical_I	strict	EAS	True	known	clean	2129
HLA-B	classical_I	strict	EAS	True	known	partial_cds	<20
HLA-B	classical_I	strict	EUR	False	f2_protein	clean	<20
HLA-B	classical_I	strict	EUR	False	f2_protein	homopolymer_indel	61
HLA-B	classical_I	strict	EUR	False	f2_protein	partial_cds	<20
HLA-B	classical_I	strict	EUR	False	f4_noncoding	clean	204
HLA-B	classical_I	strict	EUR	False	f4_noncoding	partial_cds	<20
HLA-B	classical_I	strict	EUR	False	known	clean	2378
HLA-B	classical_I	strict	EUR	False	known	partial_cds	<20
HLA-B	classical_I	strict	EUR	True	f2_protein	clean	<20
HLA-B	classical_I	strict	EUR	True	f2_protein	homopolymer_indel	57
HLA-B	classical_I	strict	EUR	True	f2_protein	partial_cds	<20
HLA-B	classical_I	strict	EUR	True	f4_noncoding	clean	188
HLA-B	classical_I	strict	EUR	True	f4_noncoding	partial_cds	<20
HLA-B	classical_I	strict	EUR	True	known	clean	2239
HLA-B	classical_I	strict	EUR	True	known	partial_cds	<20
HLA-B	classical_I	strict	MID	False	f2_protein	clean	<20
HLA-B	classical_I	strict	MID	False	f2_protein	homopolymer_indel	<20
HLA-B	classical_I	strict	MID	False	f2_protein	partial_cds	<20
HLA-B	classical_I	strict	MID	False	f4_noncoding	clean	60
HLA-B	classical_I	strict	MID	False	known	clean	528
HLA-B	classical_I	strict	MID	True	f2_protein	clean	<20
HLA-B	classical_I	strict	MID	True	f2_protein	homopolymer_indel	<20
HLA-B	classical_I	strict	MID	True	f2_protein	partial_cds	<20
HLA-B	classical_I	strict	MID	True	f4_noncoding	clean	58
HLA-B	classical_I	strict	MID	True	known	clean	520
HLA-B	classical_I	strict	POOLED	False	f1_undetermined	clean	<20
HLA-B	classical_I	strict	POOLED	False	f2_protein	clean	81
HLA-B	classical_I	strict	POOLED	False	f2_protein	homopolymer_indel	618
HLA-B	classical_I	strict	POOLED	False	f2_protein	partial_cds	70
HLA-B	classical_I	strict	POOLED	False	f3_synonymous	clean	<20
HLA-B	classical_I	strict	POOLED	False	f4_noncoding	clean	2275
HLA-B	classical_I	strict	POOLED	False	f4_noncoding	partial_cds	<20
HLA-B	classical_I	strict	POOLED	False	known	clean	20565
HLA-B	classical_I	strict	POOLED	False	known	partial_cds	<20
HLA-B	classical_I	strict	POOLED	True	f1_undetermined	clean	<20
HLA-B	classical_I	strict	POOLED	True	f2_protein	clean	79
HLA-B	classical_I	strict	POOLED	True	f2_protein	homopolymer_indel	597
HLA-B	classical_I	strict	POOLED	True	f2_protein	partial_cds	68
HLA-B	classical_I	strict	POOLED	True	f3_synonymous	clean	<20
HLA-B	classical_I	strict	POOLED	True	f4_noncoding	clean	2209
HLA-B	classical_I	strict	POOLED	True	f4_noncoding	partial_cds	<20
HLA-B	classical_I	strict	POOLED	True	known	clean	19926
HLA-B	classical_I	strict	POOLED	True	known	partial_cds	<20
HLA-B	classical_I	strict	SAS	False	f2_protein	clean	<20
HLA-B	classical_I	strict	SAS	False	f2_protein	homopolymer_indel	53
HLA-B	classical_I	strict	SAS	False	f2_protein	partial_cds	<20
HLA-B	classical_I	strict	SAS	False	f3_synonymous	clean	<20
HLA-B	classical_I	strict	SAS	False	f4_noncoding	clean	235
HLA-B	classical_I	strict	SAS	False	known	clean	1976
HLA-B	classical_I	strict	SAS	True	f2_protein	clean	<20
HLA-B	classical_I	strict	SAS	True	f2_protein	homopolymer_indel	53
HLA-B	classical_I	strict	SAS	True	f2_protein	partial_cds	<20
HLA-B	classical_I	strict	SAS	True	f3_synonymous	clean	<20
HLA-B	classical_I	strict	SAS	True	f4_noncoding	clean	230
HLA-B	classical_I	strict	SAS	True	known	clean	1946
HLA-B	classical_I	strict	UNASSIGNED	False	f1_undetermined	clean	<20
HLA-B	classical_I	strict	UNASSIGNED	False	f2_protein	clean	30
HLA-B	classical_I	strict	UNASSIGNED	False	f2_protein	homopolymer_indel	214
HLA-B	classical_I	strict	UNASSIGNED	False	f2_protein	partial_cds	24
HLA-B	classical_I	strict	UNASSIGNED	False	f3_synonymous	clean	<20
HLA-B	classical_I	strict	UNASSIGNED	False	f4_noncoding	clean	685
HLA-B	classical_I	strict	UNASSIGNED	False	f4_noncoding	partial_cds	<20
HLA-B	classical_I	strict	UNASSIGNED	False	known	clean	6746
HLA-B	classical_I	strict	UNASSIGNED	False	known	partial_cds	<20
HLA-B	classical_I	strict	UNASSIGNED	True	f1_undetermined	clean	<20
HLA-B	classical_I	strict	UNASSIGNED	True	f2_protein	clean	30
HLA-B	classical_I	strict	UNASSIGNED	True	f2_protein	homopolymer_indel	208
HLA-B	classical_I	strict	UNASSIGNED	True	f2_protein	partial_cds	24
HLA-B	classical_I	strict	UNASSIGNED	True	f3_synonymous	clean	<20
HLA-B	classical_I	strict	UNASSIGNED	True	f4_noncoding	clean	679
HLA-B	classical_I	strict	UNASSIGNED	True	f4_noncoding	partial_cds	<20
HLA-B	classical_I	strict	UNASSIGNED	True	known	clean	6634
HLA-B	classical_I	strict	UNASSIGNED	True	known	partial_cds	<20
HLA-C	classical_I	pred	AFR	False	f2_protein	clean	<20
HLA-C	classical_I	pred	AFR	False	f2_protein	homopolymer_indel	164
HLA-C	classical_I	pred	AFR	False	f2_protein	partial_cds	27
HLA-C	classical_I	pred	AFR	False	f3_synonymous	partial_cds	<20
HLA-C	classical_I	pred	AFR	False	f4_noncoding	clean	491
HLA-C	classical_I	pred	AFR	False	f4_noncoding	partial_cds	<20
HLA-C	classical_I	pred	AFR	False	known	clean	5309
HLA-C	classical_I	pred	AFR	True	f2_protein	clean	<20
HLA-C	classical_I	pred	AFR	True	f2_protein	homopolymer_indel	159
HLA-C	classical_I	pred	AFR	True	f2_protein	partial_cds	26
HLA-C	classical_I	pred	AFR	True	f3_synonymous	partial_cds	<20
HLA-C	classical_I	pred	AFR	True	f4_noncoding	clean	478
HLA-C	classical_I	pred	AFR	True	f4_noncoding	partial_cds	<20
HLA-C	classical_I	pred	AFR	True	known	clean	5156
HLA-C	classical_I	pred	AMR	False	f2_protein	clean	<20
HLA-C	classical_I	pred	AMR	False	f2_protein	homopolymer_indel	177
HLA-C	classical_I	pred	AMR	False	f2_protein	partial_cds	<20
HLA-C	classical_I	pred	AMR	False	f3_synonymous	clean	<20
HLA-C	classical_I	pred	AMR	False	f4_noncoding	clean	333
HLA-C	classical_I	pred	AMR	False	f4_noncoding	partial_cds	<20
HLA-C	classical_I	pred	AMR	False	known	clean	4808
HLA-C	classical_I	pred	AMR	True	f2_protein	clean	<20
HLA-C	classical_I	pred	AMR	True	f2_protein	homopolymer_indel	173
HLA-C	classical_I	pred	AMR	True	f2_protein	partial_cds	<20
HLA-C	classical_I	pred	AMR	True	f3_synonymous	clean	<20
HLA-C	classical_I	pred	AMR	True	f4_noncoding	clean	318
HLA-C	classical_I	pred	AMR	True	f4_noncoding	partial_cds	<20
HLA-C	classical_I	pred	AMR	True	known	clean	4595
HLA-C	classical_I	pred	EAS	False	f2_protein	clean	<20
HLA-C	classical_I	pred	EAS	False	f2_protein	homopolymer_indel	91
HLA-C	classical_I	pred	EAS	False	f2_protein	partial_cds	<20
HLA-C	classical_I	pred	EAS	False	f4_noncoding	clean	248
HLA-C	classical_I	pred	EAS	False	f4_noncoding	partial_cds	<20
HLA-C	classical_I	pred	EAS	False	known	clean	2512
HLA-C	classical_I	pred	EAS	True	f2_protein	clean	<20
HLA-C	classical_I	pred	EAS	True	f2_protein	homopolymer_indel	91
HLA-C	classical_I	pred	EAS	True	f2_protein	partial_cds	<20
HLA-C	classical_I	pred	EAS	True	f4_noncoding	clean	236
HLA-C	classical_I	pred	EAS	True	f4_noncoding	partial_cds	<20
HLA-C	classical_I	pred	EAS	True	known	clean	2458
HLA-C	classical_I	pred	EUR	False	f2_protein	clean	21
HLA-C	classical_I	pred	EUR	False	f2_protein	homopolymer_indel	162
HLA-C	classical_I	pred	EUR	False	f2_protein	partial_cds	<20
HLA-C	classical_I	pred	EUR	False	f3_synonymous	clean	<20
HLA-C	classical_I	pred	EUR	False	f3_synonymous	partial_cds	<20
HLA-C	classical_I	pred	EUR	False	f4_noncoding	clean	328
HLA-C	classical_I	pred	EUR	False	f4_noncoding	partial_cds	<20
HLA-C	classical_I	pred	EUR	False	known	clean	5389
HLA-C	classical_I	pred	EUR	True	f2_protein	clean	21
HLA-C	classical_I	pred	EUR	True	f2_protein	homopolymer_indel	157
HLA-C	classical_I	pred	EUR	True	f2_protein	partial_cds	<20
HLA-C	classical_I	pred	EUR	True	f3_synonymous	clean	<20
HLA-C	classical_I	pred	EUR	True	f4_noncoding	clean	317
HLA-C	classical_I	pred	EUR	True	f4_noncoding	partial_cds	<20
HLA-C	classical_I	pred	EUR	True	known	clean	5207
HLA-C	classical_I	pred	MID	False	f2_protein	clean	<20
HLA-C	classical_I	pred	MID	False	f2_protein	homopolymer_indel	22
HLA-C	classical_I	pred	MID	False	f2_protein	partial_cds	<20
HLA-C	classical_I	pred	MID	False	f4_noncoding	clean	65
HLA-C	classical_I	pred	MID	False	f4_noncoding	partial_cds	<20
HLA-C	classical_I	pred	MID	False	known	clean	858
HLA-C	classical_I	pred	MID	True	f2_protein	clean	<20
HLA-C	classical_I	pred	MID	True	f2_protein	homopolymer_indel	21
HLA-C	classical_I	pred	MID	True	f2_protein	partial_cds	<20
HLA-C	classical_I	pred	MID	True	f4_noncoding	clean	62
HLA-C	classical_I	pred	MID	True	f4_noncoding	partial_cds	<20
HLA-C	classical_I	pred	MID	True	known	clean	846
HLA-C	classical_I	pred	POOLED	False	f2_protein	clean	73
HLA-C	classical_I	pred	POOLED	False	f2_protein	homopolymer_indel	685
HLA-C	classical_I	pred	POOLED	False	f2_protein	partial_cds	89
HLA-C	classical_I	pred	POOLED	False	f3_synonymous	clean	<20
HLA-C	classical_I	pred	POOLED	False	f3_synonymous	partial_cds	<20
HLA-C	classical_I	pred	POOLED	False	f4_noncoding	clean	1658
HLA-C	classical_I	pred	POOLED	False	f4_noncoding	partial_cds	<20
HLA-C	classical_I	pred	POOLED	False	known	clean	21081
HLA-C	classical_I	pred	POOLED	False	known	partial_cds	<20
HLA-C	classical_I	pred	POOLED	True	f2_protein	clean	72
HLA-C	classical_I	pred	POOLED	True	f2_protein	homopolymer_indel	669
HLA-C	classical_I	pred	POOLED	True	f2_protein	partial_cds	87
HLA-C	classical_I	pred	POOLED	True	f3_synonymous	clean	<20
HLA-C	classical_I	pred	POOLED	True	f3_synonymous	partial_cds	<20
HLA-C	classical_I	pred	POOLED	True	f4_noncoding	clean	1602
HLA-C	classical_I	pred	POOLED	True	f4_noncoding	partial_cds	<20
HLA-C	classical_I	pred	POOLED	True	known	clean	20427
HLA-C	classical_I	pred	POOLED	True	known	partial_cds	<20
HLA-C	classical_I	pred	SAS	False	f2_protein	clean	<20
HLA-C	classical_I	pred	SAS	False	f2_protein	homopolymer_indel	69
HLA-C	classical_I	pred	SAS	False	f2_protein	partial_cds	<20
HLA-C	classical_I	pred	SAS	False	f3_synonymous	clean	<20
HLA-C	classical_I	pred	SAS	False	f4_noncoding	clean	189
HLA-C	classical_I	pred	SAS	False	f4_noncoding	partial_cds	<20
HLA-C	classical_I	pred	SAS	False	known	clean	2166
HLA-C	classical_I	pred	SAS	False	known	partial_cds	<20
HLA-C	classical_I	pred	SAS	True	f2_protein	clean	<20
HLA-C	classical_I	pred	SAS	True	f2_protein	homopolymer_indel	68
HLA-C	classical_I	pred	SAS	True	f2_protein	partial_cds	<20
HLA-C	classical_I	pred	SAS	True	f3_synonymous	clean	<20
HLA-C	classical_I	pred	SAS	True	f4_noncoding	clean	187
HLA-C	classical_I	pred	SAS	True	f4_noncoding	partial_cds	<20
HLA-C	classical_I	pred	SAS	True	known	clean	2126
HLA-C	classical_I	pred	SAS	True	known	partial_cds	<20
HLA-C	classical_I	pred	UNASSIGNED	False	f2_protein	partial_cds	<20
HLA-C	classical_I	pred	UNASSIGNED	False	f4_noncoding	clean	<20
HLA-C	classical_I	pred	UNASSIGNED	False	known	clean	39
HLA-C	classical_I	pred	UNASSIGNED	True	f2_protein	partial_cds	<20
HLA-C	classical_I	pred	UNASSIGNED	True	f4_noncoding	clean	<20
HLA-C	classical_I	pred	UNASSIGNED	True	known	clean	39
HLA-C	classical_I	strict	AFR	False	f2_protein	clean	<20
HLA-C	classical_I	strict	AFR	False	f2_protein	homopolymer_indel	124
HLA-C	classical_I	strict	AFR	False	f2_protein	partial_cds	<20
HLA-C	classical_I	strict	AFR	False	f4_noncoding	clean	395
HLA-C	classical_I	strict	AFR	False	f4_noncoding	partial_cds	<20
HLA-C	classical_I	strict	AFR	False	known	clean	4103
HLA-C	classical_I	strict	AFR	True	f2_protein	clean	<20
HLA-C	classical_I	strict	AFR	True	f2_protein	homopolymer_indel	120
HLA-C	classical_I	strict	AFR	True	f2_protein	partial_cds	<20
HLA-C	classical_I	strict	AFR	True	f4_noncoding	clean	383
HLA-C	classical_I	strict	AFR	True	f4_noncoding	partial_cds	<20
HLA-C	classical_I	strict	AFR	True	known	clean	3968
HLA-C	classical_I	strict	AMR	False	f2_protein	clean	<20
HLA-C	classical_I	strict	AMR	False	f2_protein	homopolymer_indel	95
HLA-C	classical_I	strict	AMR	False	f2_protein	partial_cds	<20
HLA-C	classical_I	strict	AMR	False	f3_synonymous	clean	<20
HLA-C	classical_I	strict	AMR	False	f4_noncoding	clean	195
HLA-C	classical_I	strict	AMR	False	f4_noncoding	partial_cds	<20
HLA-C	classical_I	strict	AMR	False	known	clean	2928
HLA-C	classical_I	strict	AMR	True	f2_protein	clean	<20
HLA-C	classical_I	strict	AMR	True	f2_protein	homopolymer_indel	92
HLA-C	classical_I	strict	AMR	True	f2_protein	partial_cds	<20
HLA-C	classical_I	strict	AMR	True	f3_synonymous	clean	<20
HLA-C	classical_I	strict	AMR	True	f4_noncoding	clean	185
HLA-C	classical_I	strict	AMR	True	f4_noncoding	partial_cds	<20
HLA-C	classical_I	strict	AMR	True	known	clean	2757
HLA-C	classical_I	strict	EAS	False	f2_protein	clean	<20
HLA-C	classical_I	strict	EAS	False	f2_protein	homopolymer_indel	80
HLA-C	classical_I	strict	EAS	False	f2_protein	partial_cds	<20
HLA-C	classical_I	strict	EAS	False	f4_noncoding	clean	221
HLA-C	classical_I	strict	EAS	False	f4_noncoding	partial_cds	<20
HLA-C	classical_I	strict	EAS	False	known	clean	2189
HLA-C	classical_I	strict	EAS	True	f2_protein	clean	<20
HLA-C	classical_I	strict	EAS	True	f2_protein	homopolymer_indel	80
HLA-C	classical_I	strict	EAS	True	f2_protein	partial_cds	<20
HLA-C	classical_I	strict	EAS	True	f4_noncoding	clean	209
HLA-C	classical_I	strict	EAS	True	f4_noncoding	partial_cds	<20
HLA-C	classical_I	strict	EAS	True	known	clean	2137
HLA-C	classical_I	strict	EUR	False	f2_protein	clean	<20
HLA-C	classical_I	strict	EUR	False	f2_protein	homopolymer_indel	67
HLA-C	classical_I	strict	EUR	False	f2_protein	partial_cds	<20
HLA-C	classical_I	strict	EUR	False	f3_synonymous	clean	<20
HLA-C	classical_I	strict	EUR	False	f3_synonymous	partial_cds	<20
HLA-C	classical_I	strict	EUR	False	f4_noncoding	clean	142
HLA-C	classical_I	strict	EUR	False	f4_noncoding	partial_cds	<20
HLA-C	classical_I	strict	EUR	False	known	clean	2413
HLA-C	classical_I	strict	EUR	True	f2_protein	clean	<20
HLA-C	classical_I	strict	EUR	True	f2_protein	homopolymer_indel	62
HLA-C	classical_I	strict	EUR	True	f2_protein	partial_cds	<20
HLA-C	classical_I	strict	EUR	True	f3_synonymous	clean	<20
HLA-C	classical_I	strict	EUR	True	f4_noncoding	clean	134
HLA-C	classical_I	strict	EUR	True	f4_noncoding	partial_cds	<20
HLA-C	classical_I	strict	EUR	True	known	clean	2268
HLA-C	classical_I	strict	MID	False	f2_protein	clean	<20
HLA-C	classical_I	strict	MID	False	f2_protein	homopolymer_indel	<20
HLA-C	classical_I	strict	MID	False	f2_protein	partial_cds	<20
HLA-C	classical_I	strict	MID	False	f4_noncoding	clean	38
HLA-C	classical_I	strict	MID	False	f4_noncoding	partial_cds	<20
HLA-C	classical_I	strict	MID	False	known	clean	539
HLA-C	classical_I	strict	MID	True	f2_protein	clean	<20
HLA-C	classical_I	strict	MID	True	f2_protein	homopolymer_indel	<20
HLA-C	classical_I	strict	MID	True	f2_protein	partial_cds	<20
HLA-C	classical_I	strict	MID	True	f4_noncoding	clean	35
HLA-C	classical_I	strict	MID	True	f4_noncoding	partial_cds	<20
HLA-C	classical_I	strict	MID	True	known	clean	531
HLA-C	classical_I	strict	POOLED	False	f2_protein	clean	73
HLA-C	classical_I	strict	POOLED	False	f2_protein	homopolymer_indel	685
HLA-C	classical_I	strict	POOLED	False	f2_protein	partial_cds	89
HLA-C	classical_I	strict	POOLED	False	f3_synonymous	clean	<20
HLA-C	classical_I	strict	POOLED	False	f3_synonymous	partial_cds	<20
HLA-C	classical_I	strict	POOLED	False	f4_noncoding	clean	1658
HLA-C	classical_I	strict	POOLED	False	f4_noncoding	partial_cds	<20
HLA-C	classical_I	strict	POOLED	False	known	clean	21081
HLA-C	classical_I	strict	POOLED	False	known	partial_cds	<20
HLA-C	classical_I	strict	POOLED	True	f2_protein	clean	72
HLA-C	classical_I	strict	POOLED	True	f2_protein	homopolymer_indel	669
HLA-C	classical_I	strict	POOLED	True	f2_protein	partial_cds	87
HLA-C	classical_I	strict	POOLED	True	f3_synonymous	clean	<20
HLA-C	classical_I	strict	POOLED	True	f3_synonymous	partial_cds	<20
HLA-C	classical_I	strict	POOLED	True	f4_noncoding	clean	1602
HLA-C	classical_I	strict	POOLED	True	f4_noncoding	partial_cds	<20
HLA-C	classical_I	strict	POOLED	True	known	clean	20427
HLA-C	classical_I	strict	POOLED	True	known	partial_cds	<20
HLA-C	classical_I	strict	SAS	False	f2_protein	clean	<20
HLA-C	classical_I	strict	SAS	False	f2_protein	homopolymer_indel	67
HLA-C	classical_I	strict	SAS	False	f2_protein	partial_cds	<20
HLA-C	classical_I	strict	SAS	False	f3_synonymous	clean	<20
HLA-C	classical_I	strict	SAS	False	f4_noncoding	clean	182
HLA-C	classical_I	strict	SAS	False	f4_noncoding	partial_cds	<20
HLA-C	classical_I	strict	SAS	False	known	clean	2004
HLA-C	classical_I	strict	SAS	False	known	partial_cds	<20
HLA-C	classical_I	strict	SAS	True	f2_protein	clean	<20
HLA-C	classical_I	strict	SAS	True	f2_protein	homopolymer_indel	67
HLA-C	classical_I	strict	SAS	True	f2_protein	partial_cds	<20
HLA-C	classical_I	strict	SAS	True	f3_synonymous	clean	<20
HLA-C	classical_I	strict	SAS	True	f4_noncoding	clean	180
HLA-C	classical_I	strict	SAS	True	f4_noncoding	partial_cds	<20
HLA-C	classical_I	strict	SAS	True	known	clean	1971
HLA-C	classical_I	strict	SAS	True	known	partial_cds	<20
HLA-C	classical_I	strict	UNASSIGNED	False	f2_protein	clean	28
HLA-C	classical_I	strict	UNASSIGNED	False	f2_protein	homopolymer_indel	242
HLA-C	classical_I	strict	UNASSIGNED	False	f2_protein	partial_cds	37
HLA-C	classical_I	strict	UNASSIGNED	False	f3_synonymous	partial_cds	<20
HLA-C	classical_I	strict	UNASSIGNED	False	f4_noncoding	clean	485
HLA-C	classical_I	strict	UNASSIGNED	False	f4_noncoding	partial_cds	<20
HLA-C	classical_I	strict	UNASSIGNED	False	known	clean	6905
HLA-C	classical_I	strict	UNASSIGNED	True	f2_protein	clean	28
HLA-C	classical_I	strict	UNASSIGNED	True	f2_protein	homopolymer_indel	239
HLA-C	classical_I	strict	UNASSIGNED	True	f2_protein	partial_cds	37
HLA-C	classical_I	strict	UNASSIGNED	True	f3_synonymous	partial_cds	<20
HLA-C	classical_I	strict	UNASSIGNED	True	f4_noncoding	clean	476
HLA-C	classical_I	strict	UNASSIGNED	True	f4_noncoding	partial_cds	<20
HLA-C	classical_I	strict	UNASSIGNED	True	known	clean	6795
HLA-DMA	class_II_accessory	pred	AFR	False	f2_protein	clean	36
HLA-DMA	class_II_accessory	pred	AFR	False	f2_protein	homopolymer_indel	98
HLA-DMA	class_II_accessory	pred	AFR	False	f2_protein	partial_cds	<20
HLA-DMA	class_II_accessory	pred	AFR	False	f3_synonymous	clean	51
HLA-DMA	class_II_accessory	pred	AFR	False	f4_noncoding	clean	472
HLA-DMA	class_II_accessory	pred	AFR	False	f4_noncoding	partial_cds	<20
HLA-DMA	class_II_accessory	pred	AFR	False	known	clean	5339
HLA-DMA	class_II_accessory	pred	AFR	True	f2_protein	clean	36
HLA-DMA	class_II_accessory	pred	AFR	True	f2_protein	homopolymer_indel	97
HLA-DMA	class_II_accessory	pred	AFR	True	f2_protein	partial_cds	<20
HLA-DMA	class_II_accessory	pred	AFR	True	f3_synonymous	clean	50
HLA-DMA	class_II_accessory	pred	AFR	True	f4_noncoding	clean	459
HLA-DMA	class_II_accessory	pred	AFR	True	f4_noncoding	partial_cds	<20
HLA-DMA	class_II_accessory	pred	AFR	True	known	clean	5178
HLA-DMA	class_II_accessory	pred	AMR	False	f2_protein	clean	22
HLA-DMA	class_II_accessory	pred	AMR	False	f2_protein	homopolymer_indel	83
HLA-DMA	class_II_accessory	pred	AMR	False	f2_protein	partial_cds	<20
HLA-DMA	class_II_accessory	pred	AMR	False	f3_synonymous	clean	23
HLA-DMA	class_II_accessory	pred	AMR	False	f4_noncoding	clean	319
HLA-DMA	class_II_accessory	pred	AMR	False	f4_noncoding	partial_cds	<20
HLA-DMA	class_II_accessory	pred	AMR	False	known	clean	4900
HLA-DMA	class_II_accessory	pred	AMR	True	f2_protein	clean	20
HLA-DMA	class_II_accessory	pred	AMR	True	f2_protein	homopolymer_indel	80
HLA-DMA	class_II_accessory	pred	AMR	True	f2_protein	partial_cds	<20
HLA-DMA	class_II_accessory	pred	AMR	True	f3_synonymous	clean	20
HLA-DMA	class_II_accessory	pred	AMR	True	f4_noncoding	clean	309
HLA-DMA	class_II_accessory	pred	AMR	True	f4_noncoding	partial_cds	<20
HLA-DMA	class_II_accessory	pred	AMR	True	known	clean	4681
HLA-DMA	class_II_accessory	pred	EAS	False	f2_protein	clean	<20
HLA-DMA	class_II_accessory	pred	EAS	False	f2_protein	homopolymer_indel	36
HLA-DMA	class_II_accessory	pred	EAS	False	f2_protein	partial_cds	<20
HLA-DMA	class_II_accessory	pred	EAS	False	f3_synonymous	clean	20
HLA-DMA	class_II_accessory	pred	EAS	False	f4_noncoding	clean	231
HLA-DMA	class_II_accessory	pred	EAS	False	f4_noncoding	partial_cds	<20
HLA-DMA	class_II_accessory	pred	EAS	False	known	clean	2602
HLA-DMA	class_II_accessory	pred	EAS	True	f2_protein	clean	<20
HLA-DMA	class_II_accessory	pred	EAS	True	f2_protein	homopolymer_indel	34
HLA-DMA	class_II_accessory	pred	EAS	True	f2_protein	partial_cds	<20
HLA-DMA	class_II_accessory	pred	EAS	True	f3_synonymous	clean	20
HLA-DMA	class_II_accessory	pred	EAS	True	f4_noncoding	clean	224
HLA-DMA	class_II_accessory	pred	EAS	True	f4_noncoding	partial_cds	<20
HLA-DMA	class_II_accessory	pred	EAS	True	known	clean	2546
HLA-DMA	class_II_accessory	pred	EUR	False	f2_protein	clean	<20
HLA-DMA	class_II_accessory	pred	EUR	False	f2_protein	homopolymer_indel	99
HLA-DMA	class_II_accessory	pred	EUR	False	f2_protein	partial_cds	<20
HLA-DMA	class_II_accessory	pred	EUR	False	f3_synonymous	clean	<20
HLA-DMA	class_II_accessory	pred	EUR	False	f4_noncoding	clean	375
HLA-DMA	class_II_accessory	pred	EUR	False	f4_noncoding	partial_cds	<20
HLA-DMA	class_II_accessory	pred	EUR	False	known	clean	5476
HLA-DMA	class_II_accessory	pred	EUR	True	f2_protein	clean	<20
HLA-DMA	class_II_accessory	pred	EUR	True	f2_protein	homopolymer_indel	93
HLA-DMA	class_II_accessory	pred	EUR	True	f2_protein	partial_cds	<20
HLA-DMA	class_II_accessory	pred	EUR	True	f3_synonymous	clean	<20
HLA-DMA	class_II_accessory	pred	EUR	True	f4_noncoding	clean	365
HLA-DMA	class_II_accessory	pred	EUR	True	f4_noncoding	partial_cds	<20
HLA-DMA	class_II_accessory	pred	EUR	True	known	clean	5292
HLA-DMA	class_II_accessory	pred	MID	False	f2_protein	clean	<20
HLA-DMA	class_II_accessory	pred	MID	False	f2_protein	homopolymer_indel	<20
HLA-DMA	class_II_accessory	pred	MID	False	f3_synonymous	clean	<20
HLA-DMA	class_II_accessory	pred	MID	False	f4_noncoding	clean	49
HLA-DMA	class_II_accessory	pred	MID	False	f4_noncoding	partial_cds	<20
HLA-DMA	class_II_accessory	pred	MID	False	known	clean	900
HLA-DMA	class_II_accessory	pred	MID	True	f2_protein	clean	<20
HLA-DMA	class_II_accessory	pred	MID	True	f2_protein	homopolymer_indel	<20
HLA-DMA	class_II_accessory	pred	MID	True	f3_synonymous	clean	<20
HLA-DMA	class_II_accessory	pred	MID	True	f4_noncoding	clean	47
HLA-DMA	class_II_accessory	pred	MID	True	f4_noncoding	partial_cds	<20
HLA-DMA	class_II_accessory	pred	MID	True	known	clean	886
HLA-DMA	class_II_accessory	pred	POOLED	False	f2_protein	clean	106
HLA-DMA	class_II_accessory	pred	POOLED	False	f2_protein	homopolymer_indel	360
HLA-DMA	class_II_accessory	pred	POOLED	False	f2_protein	partial_cds	35
HLA-DMA	class_II_accessory	pred	POOLED	False	f3_synonymous	clean	105
HLA-DMA	class_II_accessory	pred	POOLED	False	f4_noncoding	clean	1602
HLA-DMA	class_II_accessory	pred	POOLED	False	f4_noncoding	partial_cds	<20
HLA-DMA	class_II_accessory	pred	POOLED	False	known	clean	21503
HLA-DMA	class_II_accessory	pred	POOLED	True	f2_protein	clean	103
HLA-DMA	class_II_accessory	pred	POOLED	True	f2_protein	homopolymer_indel	348
HLA-DMA	class_II_accessory	pred	POOLED	True	f2_protein	partial_cds	34
HLA-DMA	class_II_accessory	pred	POOLED	True	f3_synonymous	clean	101
HLA-DMA	class_II_accessory	pred	POOLED	True	f4_noncoding	clean	1559
HLA-DMA	class_II_accessory	pred	POOLED	True	f4_noncoding	partial_cds	<20
HLA-DMA	class_II_accessory	pred	POOLED	True	known	clean	20827
HLA-DMA	class_II_accessory	pred	SAS	False	f2_protein	clean	<20
HLA-DMA	class_II_accessory	pred	SAS	False	f2_protein	homopolymer_indel	35
HLA-DMA	class_II_accessory	pred	SAS	False	f2_protein	partial_cds	<20
HLA-DMA	class_II_accessory	pred	SAS	False	f3_synonymous	clean	<20
HLA-DMA	class_II_accessory	pred	SAS	False	f4_noncoding	clean	154
HLA-DMA	class_II_accessory	pred	SAS	False	f4_noncoding	partial_cds	<20
HLA-DMA	class_II_accessory	pred	SAS	False	known	clean	2243
HLA-DMA	class_II_accessory	pred	SAS	True	f2_protein	clean	<20
HLA-DMA	class_II_accessory	pred	SAS	True	f2_protein	homopolymer_indel	35
HLA-DMA	class_II_accessory	pred	SAS	True	f2_protein	partial_cds	<20
HLA-DMA	class_II_accessory	pred	SAS	True	f3_synonymous	clean	<20
HLA-DMA	class_II_accessory	pred	SAS	True	f4_noncoding	clean	153
HLA-DMA	class_II_accessory	pred	SAS	True	f4_noncoding	partial_cds	<20
HLA-DMA	class_II_accessory	pred	SAS	True	known	clean	2201
HLA-DMA	class_II_accessory	pred	UNASSIGNED	False	f2_protein	partial_cds	<20
HLA-DMA	class_II_accessory	pred	UNASSIGNED	False	f4_noncoding	clean	<20
HLA-DMA	class_II_accessory	pred	UNASSIGNED	False	known	clean	43
HLA-DMA	class_II_accessory	pred	UNASSIGNED	True	f2_protein	partial_cds	<20
HLA-DMA	class_II_accessory	pred	UNASSIGNED	True	f4_noncoding	clean	<20
HLA-DMA	class_II_accessory	pred	UNASSIGNED	True	known	clean	43
HLA-DMA	class_II_accessory	strict	AFR	False	f2_protein	clean	31
HLA-DMA	class_II_accessory	strict	AFR	False	f2_protein	homopolymer_indel	82
HLA-DMA	class_II_accessory	strict	AFR	False	f2_protein	partial_cds	<20
HLA-DMA	class_II_accessory	strict	AFR	False	f3_synonymous	clean	46
HLA-DMA	class_II_accessory	strict	AFR	False	f4_noncoding	clean	376
HLA-DMA	class_II_accessory	strict	AFR	False	f4_noncoding	partial_cds	<20
HLA-DMA	class_II_accessory	strict	AFR	False	known	clean	4103
HLA-DMA	class_II_accessory	strict	AFR	True	f2_protein	clean	31
HLA-DMA	class_II_accessory	strict	AFR	True	f2_protein	homopolymer_indel	81
HLA-DMA	class_II_accessory	strict	AFR	True	f2_protein	partial_cds	<20
HLA-DMA	class_II_accessory	strict	AFR	True	f3_synonymous	clean	45
HLA-DMA	class_II_accessory	strict	AFR	True	f4_noncoding	clean	364
HLA-DMA	class_II_accessory	strict	AFR	True	f4_noncoding	partial_cds	<20
HLA-DMA	class_II_accessory	strict	AFR	True	known	clean	3961
HLA-DMA	class_II_accessory	strict	AMR	False	f2_protein	clean	<20
HLA-DMA	class_II_accessory	strict	AMR	False	f2_protein	homopolymer_indel	50
HLA-DMA	class_II_accessory	strict	AMR	False	f2_protein	partial_cds	<20
HLA-DMA	class_II_accessory	strict	AMR	False	f3_synonymous	clean	<20
HLA-DMA	class_II_accessory	strict	AMR	False	f4_noncoding	clean	166
HLA-DMA	class_II_accessory	strict	AMR	False	f4_noncoding	partial_cds	<20
HLA-DMA	class_II_accessory	strict	AMR	False	known	clean	2999
HLA-DMA	class_II_accessory	strict	AMR	True	f2_protein	clean	<20
HLA-DMA	class_II_accessory	strict	AMR	True	f2_protein	homopolymer_indel	47
HLA-DMA	class_II_accessory	strict	AMR	True	f2_protein	partial_cds	<20
HLA-DMA	class_II_accessory	strict	AMR	True	f3_synonymous	clean	<20
HLA-DMA	class_II_accessory	strict	AMR	True	f4_noncoding	clean	160
HLA-DMA	class_II_accessory	strict	AMR	True	known	clean	2826
HLA-DMA	class_II_accessory	strict	EAS	False	f2_protein	clean	<20
HLA-DMA	class_II_accessory	strict	EAS	False	f2_protein	homopolymer_indel	31
HLA-DMA	class_II_accessory	strict	EAS	False	f2_protein	partial_cds	<20
HLA-DMA	class_II_accessory	strict	EAS	False	f3_synonymous	clean	<20
HLA-DMA	class_II_accessory	strict	EAS	False	f4_noncoding	clean	210
HLA-DMA	class_II_accessory	strict	EAS	False	f4_noncoding	partial_cds	<20
HLA-DMA	class_II_accessory	strict	EAS	False	known	clean	2260
HLA-DMA	class_II_accessory	strict	EAS	True	f2_protein	clean	<20
HLA-DMA	class_II_accessory	strict	EAS	True	f2_protein	homopolymer_indel	29
HLA-DMA	class_II_accessory	strict	EAS	True	f2_protein	partial_cds	<20
HLA-DMA	class_II_accessory	strict	EAS	True	f3_synonymous	clean	<20
HLA-DMA	class_II_accessory	strict	EAS	True	f4_noncoding	clean	203
HLA-DMA	class_II_accessory	strict	EAS	True	f4_noncoding	partial_cds	<20
HLA-DMA	class_II_accessory	strict	EAS	True	known	clean	2206
HLA-DMA	class_II_accessory	strict	EUR	False	f2_protein	clean	<20
HLA-DMA	class_II_accessory	strict	EUR	False	f2_protein	homopolymer_indel	49
HLA-DMA	class_II_accessory	strict	EUR	False	f2_protein	partial_cds	<20
HLA-DMA	class_II_accessory	strict	EUR	False	f3_synonymous	clean	<20
HLA-DMA	class_II_accessory	strict	EUR	False	f4_noncoding	clean	142
HLA-DMA	class_II_accessory	strict	EUR	False	known	clean	2460
HLA-DMA	class_II_accessory	strict	EUR	True	f2_protein	clean	<20
HLA-DMA	class_II_accessory	strict	EUR	True	f2_protein	homopolymer_indel	45
HLA-DMA	class_II_accessory	strict	EUR	True	f2_protein	partial_cds	<20
HLA-DMA	class_II_accessory	strict	EUR	True	f3_synonymous	clean	<20
HLA-DMA	class_II_accessory	strict	EUR	True	f4_noncoding	clean	136
HLA-DMA	class_II_accessory	strict	EUR	True	known	clean	2308
HLA-DMA	class_II_accessory	strict	MID	False	f2_protein	clean	<20
HLA-DMA	class_II_accessory	strict	MID	False	f2_protein	homopolymer_indel	<20
HLA-DMA	class_II_accessory	strict	MID	False	f3_synonymous	clean	<20
HLA-DMA	class_II_accessory	strict	MID	False	f4_noncoding	clean	25
HLA-DMA	class_II_accessory	strict	MID	False	known	clean	570
HLA-DMA	class_II_accessory	strict	MID	True	f2_protein	clean	<20
HLA-DMA	class_II_accessory	strict	MID	True	f2_protein	homopolymer_indel	<20
HLA-DMA	class_II_accessory	strict	MID	True	f3_synonymous	clean	<20
HLA-DMA	class_II_accessory	strict	MID	True	f4_noncoding	clean	23
HLA-DMA	class_II_accessory	strict	MID	True	known	clean	560
HLA-DMA	class_II_accessory	strict	POOLED	False	f2_protein	clean	106
HLA-DMA	class_II_accessory	strict	POOLED	False	f2_protein	homopolymer_indel	360
HLA-DMA	class_II_accessory	strict	POOLED	False	f2_protein	partial_cds	35
HLA-DMA	class_II_accessory	strict	POOLED	False	f3_synonymous	clean	105
HLA-DMA	class_II_accessory	strict	POOLED	False	f4_noncoding	clean	1602
HLA-DMA	class_II_accessory	strict	POOLED	False	f4_noncoding	partial_cds	<20
HLA-DMA	class_II_accessory	strict	POOLED	False	known	clean	21503
HLA-DMA	class_II_accessory	strict	POOLED	True	f2_protein	clean	103
HLA-DMA	class_II_accessory	strict	POOLED	True	f2_protein	homopolymer_indel	348
HLA-DMA	class_II_accessory	strict	POOLED	True	f2_protein	partial_cds	34
HLA-DMA	class_II_accessory	strict	POOLED	True	f3_synonymous	clean	101
HLA-DMA	class_II_accessory	strict	POOLED	True	f4_noncoding	clean	1559
HLA-DMA	class_II_accessory	strict	POOLED	True	f4_noncoding	partial_cds	<20
HLA-DMA	class_II_accessory	strict	POOLED	True	known	clean	20827
HLA-DMA	class_II_accessory	strict	SAS	False	f2_protein	clean	<20
HLA-DMA	class_II_accessory	strict	SAS	False	f2_protein	homopolymer_indel	33
HLA-DMA	class_II_accessory	strict	SAS	False	f2_protein	partial_cds	<20
HLA-DMA	class_II_accessory	strict	SAS	False	f3_synonymous	clean	<20
HLA-DMA	class_II_accessory	strict	SAS	False	f4_noncoding	clean	141
HLA-DMA	class_II_accessory	strict	SAS	False	f4_noncoding	partial_cds	<20
HLA-DMA	class_II_accessory	strict	SAS	False	known	clean	2087
HLA-DMA	class_II_accessory	strict	SAS	True	f2_protein	clean	<20
HLA-DMA	class_II_accessory	strict	SAS	True	f2_protein	homopolymer_indel	33
HLA-DMA	class_II_accessory	strict	SAS	True	f2_protein	partial_cds	<20
HLA-DMA	class_II_accessory	strict	SAS	True	f3_synonymous	clean	<20
HLA-DMA	class_II_accessory	strict	SAS	True	f4_noncoding	clean	141
HLA-DMA	class_II_accessory	strict	SAS	True	f4_noncoding	partial_cds	<20
HLA-DMA	class_II_accessory	strict	SAS	True	known	clean	2051
HLA-DMA	class_II_accessory	strict	UNASSIGNED	False	f2_protein	clean	22
HLA-DMA	class_II_accessory	strict	UNASSIGNED	False	f2_protein	homopolymer_indel	110
HLA-DMA	class_II_accessory	strict	UNASSIGNED	False	f2_protein	partial_cds	<20
HLA-DMA	class_II_accessory	strict	UNASSIGNED	False	f3_synonymous	clean	22
HLA-DMA	class_II_accessory	strict	UNASSIGNED	False	f4_noncoding	clean	542
HLA-DMA	class_II_accessory	strict	UNASSIGNED	False	f4_noncoding	partial_cds	<20
HLA-DMA	class_II_accessory	strict	UNASSIGNED	False	known	clean	7024
HLA-DMA	class_II_accessory	strict	UNASSIGNED	True	f2_protein	clean	22
HLA-DMA	class_II_accessory	strict	UNASSIGNED	True	f2_protein	homopolymer_indel	108
HLA-DMA	class_II_accessory	strict	UNASSIGNED	True	f2_protein	partial_cds	<20
HLA-DMA	class_II_accessory	strict	UNASSIGNED	True	f3_synonymous	clean	20
HLA-DMA	class_II_accessory	strict	UNASSIGNED	True	f4_noncoding	clean	532
HLA-DMA	class_II_accessory	strict	UNASSIGNED	True	f4_noncoding	partial_cds	<20
HLA-DMA	class_II_accessory	strict	UNASSIGNED	True	known	clean	6915
HLA-DMB	class_II_accessory	pred	AFR	False	f2_protein	clean	<20
HLA-DMB	class_II_accessory	pred	AFR	False	f2_protein	homopolymer_indel	77
HLA-DMB	class_II_accessory	pred	AFR	False	f2_protein	partial_cds	<20
HLA-DMB	class_II_accessory	pred	AFR	False	f3_synonymous	clean	<20
HLA-DMB	class_II_accessory	pred	AFR	False	f4_noncoding	clean	2320
HLA-DMB	class_II_accessory	pred	AFR	False	f4_noncoding	partial_cds	<20
HLA-DMB	class_II_accessory	pred	AFR	False	known	clean	3564
HLA-DMB	class_II_accessory	pred	AFR	True	f2_protein	clean	<20
HLA-DMB	class_II_accessory	pred	AFR	True	f2_protein	homopolymer_indel	76
HLA-DMB	class_II_accessory	pred	AFR	True	f2_protein	partial_cds	<20
HLA-DMB	class_II_accessory	pred	AFR	True	f3_synonymous	clean	<20
HLA-DMB	class_II_accessory	pred	AFR	True	f4_noncoding	clean	2260
HLA-DMB	class_II_accessory	pred	AFR	True	f4_noncoding	partial_cds	<20
HLA-DMB	class_II_accessory	pred	AFR	True	known	clean	3452
HLA-DMB	class_II_accessory	pred	AMR	False	f2_protein	clean	<20
HLA-DMB	class_II_accessory	pred	AMR	False	f2_protein	homopolymer_indel	88
HLA-DMB	class_II_accessory	pred	AMR	False	f2_protein	partial_cds	<20
HLA-DMB	class_II_accessory	pred	AMR	False	f3_synonymous	clean	<20
HLA-DMB	class_II_accessory	pred	AMR	False	f4_noncoding	clean	1227
HLA-DMB	class_II_accessory	pred	AMR	False	f4_noncoding	partial_cds	<20
HLA-DMB	class_II_accessory	pred	AMR	False	known	clean	4015
HLA-DMB	class_II_accessory	pred	AMR	True	f2_protein	clean	<20
HLA-DMB	class_II_accessory	pred	AMR	True	f2_protein	homopolymer_indel	85
HLA-DMB	class_II_accessory	pred	AMR	True	f2_protein	partial_cds	<20
HLA-DMB	class_II_accessory	pred	AMR	True	f3_synonymous	clean	<20
HLA-DMB	class_II_accessory	pred	AMR	True	f4_noncoding	clean	1172
HLA-DMB	class_II_accessory	pred	AMR	True	f4_noncoding	partial_cds	<20
HLA-DMB	class_II_accessory	pred	AMR	True	known	clean	3839
HLA-DMB	class_II_accessory	pred	EAS	False	f2_protein	clean	51
HLA-DMB	class_II_accessory	pred	EAS	False	f2_protein	homopolymer_indel	47
HLA-DMB	class_II_accessory	pred	EAS	False	f2_protein	partial_cds	<20
HLA-DMB	class_II_accessory	pred	EAS	False	f3_synonymous	clean	<20
HLA-DMB	class_II_accessory	pred	EAS	False	f4_noncoding	clean	940
HLA-DMB	class_II_accessory	pred	EAS	False	f4_noncoding	partial_cds	<20
HLA-DMB	class_II_accessory	pred	EAS	False	known	clean	1864
HLA-DMB	class_II_accessory	pred	EAS	True	f2_protein	clean	51
HLA-DMB	class_II_accessory	pred	EAS	True	f2_protein	homopolymer_indel	47
HLA-DMB	class_II_accessory	pred	EAS	True	f2_protein	partial_cds	<20
HLA-DMB	class_II_accessory	pred	EAS	True	f3_synonymous	clean	<20
HLA-DMB	class_II_accessory	pred	EAS	True	f4_noncoding	clean	911
HLA-DMB	class_II_accessory	pred	EAS	True	f4_noncoding	partial_cds	<20
HLA-DMB	class_II_accessory	pred	EAS	True	known	clean	1827
HLA-DMB	class_II_accessory	pred	EUR	False	f2_protein	clean	<20
HLA-DMB	class_II_accessory	pred	EUR	False	f2_protein	homopolymer_indel	82
HLA-DMB	class_II_accessory	pred	EUR	False	f2_protein	partial_cds	<20
HLA-DMB	class_II_accessory	pred	EUR	False	f3_synonymous	clean	<20
HLA-DMB	class_II_accessory	pred	EUR	False	f4_noncoding	clean	1194
HLA-DMB	class_II_accessory	pred	EUR	False	f4_noncoding	partial_cds	<20
HLA-DMB	class_II_accessory	pred	EUR	False	known	clean	4677
HLA-DMB	class_II_accessory	pred	EUR	True	f2_protein	clean	<20
HLA-DMB	class_II_accessory	pred	EUR	True	f2_protein	homopolymer_indel	81
HLA-DMB	class_II_accessory	pred	EUR	True	f2_protein	partial_cds	<20
HLA-DMB	class_II_accessory	pred	EUR	True	f3_synonymous	clean	<20
HLA-DMB	class_II_accessory	pred	EUR	True	f4_noncoding	clean	1160
HLA-DMB	class_II_accessory	pred	EUR	True	f4_noncoding	partial_cds	<20
HLA-DMB	class_II_accessory	pred	EUR	True	known	clean	4509
HLA-DMB	class_II_accessory	pred	MID	False	f2_protein	clean	<20
HLA-DMB	class_II_accessory	pred	MID	False	f2_protein	homopolymer_indel	<20
HLA-DMB	class_II_accessory	pred	MID	False	f2_protein	partial_cds	<20
HLA-DMB	class_II_accessory	pred	MID	False	f3_synonymous	clean	<20
HLA-DMB	class_II_accessory	pred	MID	False	f4_noncoding	clean	222
HLA-DMB	class_II_accessory	pred	MID	False	known	clean	724
HLA-DMB	class_II_accessory	pred	MID	True	f2_protein	clean	<20
HLA-DMB	class_II_accessory	pred	MID	True	f2_protein	homopolymer_indel	<20
HLA-DMB	class_II_accessory	pred	MID	True	f2_protein	partial_cds	<20
HLA-DMB	class_II_accessory	pred	MID	True	f3_synonymous	clean	<20
HLA-DMB	class_II_accessory	pred	MID	True	f4_noncoding	clean	217
HLA-DMB	class_II_accessory	pred	MID	True	known	clean	713
HLA-DMB	class_II_accessory	pred	POOLED	False	f2_protein	clean	126
HLA-DMB	class_II_accessory	pred	POOLED	False	f2_protein	homopolymer_indel	344
HLA-DMB	class_II_accessory	pred	POOLED	False	f2_protein	partial_cds	34
HLA-DMB	class_II_accessory	pred	POOLED	False	f3_synonymous	clean	37
HLA-DMB	class_II_accessory	pred	POOLED	False	f4_noncoding	clean	6544
HLA-DMB	class_II_accessory	pred	POOLED	False	f4_noncoding	partial_cds	<20
HLA-DMB	class_II_accessory	pred	POOLED	False	known	clean	16638
HLA-DMB	class_II_accessory	pred	POOLED	True	f2_protein	clean	121
HLA-DMB	class_II_accessory	pred	POOLED	True	f2_protein	homopolymer_indel	338
HLA-DMB	class_II_accessory	pred	POOLED	True	f2_protein	partial_cds	34
HLA-DMB	class_II_accessory	pred	POOLED	True	f3_synonymous	clean	35
HLA-DMB	class_II_accessory	pred	POOLED	True	f4_noncoding	clean	6349
HLA-DMB	class_II_accessory	pred	POOLED	True	f4_noncoding	partial_cds	<20
HLA-DMB	class_II_accessory	pred	POOLED	True	known	clean	16103
HLA-DMB	class_II_accessory	pred	SAS	False	f2_protein	clean	24
HLA-DMB	class_II_accessory	pred	SAS	False	f2_protein	homopolymer_indel	41
HLA-DMB	class_II_accessory	pred	SAS	False	f2_protein	partial_cds	<20
HLA-DMB	class_II_accessory	pred	SAS	False	f3_synonymous	clean	<20
HLA-DMB	class_II_accessory	pred	SAS	False	f4_noncoding	clean	635
HLA-DMB	class_II_accessory	pred	SAS	False	known	clean	1755
HLA-DMB	class_II_accessory	pred	SAS	True	f2_protein	clean	24
HLA-DMB	class_II_accessory	pred	SAS	True	f2_protein	homopolymer_indel	40
HLA-DMB	class_II_accessory	pred	SAS	True	f2_protein	partial_cds	<20
HLA-DMB	class_II_accessory	pred	SAS	True	f3_synonymous	clean	<20
HLA-DMB	class_II_accessory	pred	SAS	True	f4_noncoding	clean	623
HLA-DMB	class_II_accessory	pred	SAS	True	known	clean	1724
HLA-DMB	class_II_accessory	pred	UNASSIGNED	False	f4_noncoding	clean	<20
HLA-DMB	class_II_accessory	pred	UNASSIGNED	False	known	clean	39
HLA-DMB	class_II_accessory	pred	UNASSIGNED	True	f4_noncoding	clean	<20
HLA-DMB	class_II_accessory	pred	UNASSIGNED	True	known	clean	39
HLA-DMB	class_II_accessory	strict	AFR	False	f2_protein	clean	<20
HLA-DMB	class_II_accessory	strict	AFR	False	f2_protein	homopolymer_indel	53
HLA-DMB	class_II_accessory	strict	AFR	False	f2_protein	partial_cds	<20
HLA-DMB	class_II_accessory	strict	AFR	False	f3_synonymous	clean	<20
HLA-DMB	class_II_accessory	strict	AFR	False	f4_noncoding	clean	1906
HLA-DMB	class_II_accessory	strict	AFR	False	f4_noncoding	partial_cds	<20
HLA-DMB	class_II_accessory	strict	AFR	False	known	clean	2644
HLA-DMB	class_II_accessory	strict	AFR	True	f2_protein	clean	<20
HLA-DMB	class_II_accessory	strict	AFR	True	f2_protein	homopolymer_indel	53
HLA-DMB	class_II_accessory	strict	AFR	True	f2_protein	partial_cds	<20
HLA-DMB	class_II_accessory	strict	AFR	True	f3_synonymous	clean	<20
HLA-DMB	class_II_accessory	strict	AFR	True	f4_noncoding	clean	1854
HLA-DMB	class_II_accessory	strict	AFR	True	f4_noncoding	partial_cds	<20
HLA-DMB	class_II_accessory	strict	AFR	True	known	clean	2543
HLA-DMB	class_II_accessory	strict	AMR	False	f2_protein	clean	<20
HLA-DMB	class_II_accessory	strict	AMR	False	f2_protein	homopolymer_indel	48
HLA-DMB	class_II_accessory	strict	AMR	False	f2_protein	partial_cds	<20
HLA-DMB	class_II_accessory	strict	AMR	False	f3_synonymous	clean	<20
HLA-DMB	class_II_accessory	strict	AMR	False	f4_noncoding	clean	676
HLA-DMB	class_II_accessory	strict	AMR	False	f4_noncoding	partial_cds	<20
HLA-DMB	class_II_accessory	strict	AMR	False	known	clean	2511
HLA-DMB	class_II_accessory	strict	AMR	True	f2_protein	clean	<20
HLA-DMB	class_II_accessory	strict	AMR	True	f2_protein	homopolymer_indel	45
HLA-DMB	class_II_accessory	strict	AMR	True	f2_protein	partial_cds	<20
HLA-DMB	class_II_accessory	strict	AMR	True	f3_synonymous	clean	<20
HLA-DMB	class_II_accessory	strict	AMR	True	f4_noncoding	clean	639
HLA-DMB	class_II_accessory	strict	AMR	True	f4_noncoding	partial_cds	<20
HLA-DMB	class_II_accessory	strict	AMR	True	known	clean	2368
HLA-DMB	class_II_accessory	strict	EAS	False	f2_protein	clean	48
HLA-DMB	class_II_accessory	strict	EAS	False	f2_protein	homopolymer_indel	42
HLA-DMB	class_II_accessory	strict	EAS	False	f2_protein	partial_cds	<20
HLA-DMB	class_II_accessory	strict	EAS	False	f3_synonymous	clean	<20
HLA-DMB	class_II_accessory	strict	EAS	False	f4_noncoding	clean	840
HLA-DMB	class_II_accessory	strict	EAS	False	f4_noncoding	partial_cds	<20
HLA-DMB	class_II_accessory	strict	EAS	False	known	clean	1604
HLA-DMB	class_II_accessory	strict	EAS	True	f2_protein	clean	48
HLA-DMB	class_II_accessory	strict	EAS	True	f2_protein	homopolymer_indel	42
HLA-DMB	class_II_accessory	strict	EAS	True	f2_protein	partial_cds	<20
HLA-DMB	class_II_accessory	strict	EAS	True	f3_synonymous	clean	<20
HLA-DMB	class_II_accessory	strict	EAS	True	f4_noncoding	clean	812
HLA-DMB	class_II_accessory	strict	EAS	True	f4_noncoding	partial_cds	<20
HLA-DMB	class_II_accessory	strict	EAS	True	known	clean	1568
HLA-DMB	class_II_accessory	strict	EUR	False	f2_protein	clean	<20
HLA-DMB	class_II_accessory	strict	EUR	False	f2_protein	homopolymer_indel	33
HLA-DMB	class_II_accessory	strict	EUR	False	f2_protein	partial_cds	<20
HLA-DMB	class_II_accessory	strict	EUR	False	f3_synonymous	clean	<20
HLA-DMB	class_II_accessory	strict	EUR	False	f4_noncoding	clean	435
HLA-DMB	class_II_accessory	strict	EUR	False	f4_noncoding	partial_cds	<20
HLA-DMB	class_II_accessory	strict	EUR	False	known	clean	2195
HLA-DMB	class_II_accessory	strict	EUR	True	f2_protein	clean	<20
HLA-DMB	class_II_accessory	strict	EUR	True	f2_protein	homopolymer_indel	32
HLA-DMB	class_II_accessory	strict	EUR	True	f2_protein	partial_cds	<20
HLA-DMB	class_II_accessory	strict	EUR	True	f3_synonymous	clean	<20
HLA-DMB	class_II_accessory	strict	EUR	True	f4_noncoding	clean	411
HLA-DMB	class_II_accessory	strict	EUR	True	f4_noncoding	partial_cds	<20
HLA-DMB	class_II_accessory	strict	EUR	True	known	clean	2057
HLA-DMB	class_II_accessory	strict	MID	False	f2_protein	clean	<20
HLA-DMB	class_II_accessory	strict	MID	False	f2_protein	homopolymer_indel	<20
HLA-DMB	class_II_accessory	strict	MID	False	f3_synonymous	clean	<20
HLA-DMB	class_II_accessory	strict	MID	False	f4_noncoding	clean	130
HLA-DMB	class_II_accessory	strict	MID	False	known	clean	464
HLA-DMB	class_II_accessory	strict	MID	True	f2_protein	clean	<20
HLA-DMB	class_II_accessory	strict	MID	True	f2_protein	homopolymer_indel	<20
HLA-DMB	class_II_accessory	strict	MID	True	f3_synonymous	clean	<20
HLA-DMB	class_II_accessory	strict	MID	True	f4_noncoding	clean	128
HLA-DMB	class_II_accessory	strict	MID	True	known	clean	454
HLA-DMB	class_II_accessory	strict	POOLED	False	f2_protein	clean	126
HLA-DMB	class_II_accessory	strict	POOLED	False	f2_protein	homopolymer_indel	344
HLA-DMB	class_II_accessory	strict	POOLED	False	f2_protein	partial_cds	34
HLA-DMB	class_II_accessory	strict	POOLED	False	f3_synonymous	clean	37
HLA-DMB	class_II_accessory	strict	POOLED	False	f4_noncoding	clean	6544
HLA-DMB	class_II_accessory	strict	POOLED	False	f4_noncoding	partial_cds	<20
HLA-DMB	class_II_accessory	strict	POOLED	False	known	clean	16638
HLA-DMB	class_II_accessory	strict	POOLED	True	f2_protein	clean	121
HLA-DMB	class_II_accessory	strict	POOLED	True	f2_protein	homopolymer_indel	338
HLA-DMB	class_II_accessory	strict	POOLED	True	f2_protein	partial_cds	34
HLA-DMB	class_II_accessory	strict	POOLED	True	f3_synonymous	clean	35
HLA-DMB	class_II_accessory	strict	POOLED	True	f4_noncoding	clean	6349
HLA-DMB	class_II_accessory	strict	POOLED	True	f4_noncoding	partial_cds	<20
HLA-DMB	class_II_accessory	strict	POOLED	True	known	clean	16103
HLA-DMB	class_II_accessory	strict	SAS	False	f2_protein	clean	22
HLA-DMB	class_II_accessory	strict	SAS	False	f2_protein	homopolymer_indel	36
HLA-DMB	class_II_accessory	strict	SAS	False	f2_protein	partial_cds	<20
HLA-DMB	class_II_accessory	strict	SAS	False	f3_synonymous	clean	<20
HLA-DMB	class_II_accessory	strict	SAS	False	f4_noncoding	clean	595
HLA-DMB	class_II_accessory	strict	SAS	False	known	clean	1628
HLA-DMB	class_II_accessory	strict	SAS	True	f2_protein	clean	22
HLA-DMB	class_II_accessory	strict	SAS	True	f2_protein	homopolymer_indel	36
HLA-DMB	class_II_accessory	strict	SAS	True	f2_protein	partial_cds	<20
HLA-DMB	class_II_accessory	strict	SAS	True	f3_synonymous	clean	<20
HLA-DMB	class_II_accessory	strict	SAS	True	f4_noncoding	clean	585
HLA-DMB	class_II_accessory	strict	SAS	True	known	clean	1602
HLA-DMB	class_II_accessory	strict	UNASSIGNED	False	f2_protein	clean	26
HLA-DMB	class_II_accessory	strict	UNASSIGNED	False	f2_protein	homopolymer_indel	127
HLA-DMB	class_II_accessory	strict	UNASSIGNED	False	f2_protein	partial_cds	<20
HLA-DMB	class_II_accessory	strict	UNASSIGNED	False	f3_synonymous	clean	<20
HLA-DMB	class_II_accessory	strict	UNASSIGNED	False	f4_noncoding	clean	1962
HLA-DMB	class_II_accessory	strict	UNASSIGNED	False	f4_noncoding	partial_cds	<20
HLA-DMB	class_II_accessory	strict	UNASSIGNED	False	known	clean	5592
HLA-DMB	class_II_accessory	strict	UNASSIGNED	True	f2_protein	clean	25
HLA-DMB	class_II_accessory	strict	UNASSIGNED	True	f2_protein	homopolymer_indel	125
HLA-DMB	class_II_accessory	strict	UNASSIGNED	True	f2_protein	partial_cds	<20
HLA-DMB	class_II_accessory	strict	UNASSIGNED	True	f3_synonymous	clean	<20
HLA-DMB	class_II_accessory	strict	UNASSIGNED	True	f4_noncoding	clean	1920
HLA-DMB	class_II_accessory	strict	UNASSIGNED	True	f4_noncoding	partial_cds	<20
HLA-DMB	class_II_accessory	strict	UNASSIGNED	True	known	clean	5511
HLA-DOA	class_II_accessory	pred	AFR	False	f2_protein	clean	71
HLA-DOA	class_II_accessory	pred	AFR	False	f2_protein	homopolymer_indel	129
HLA-DOA	class_II_accessory	pred	AFR	False	f2_protein	partial_cds	<20
HLA-DOA	class_II_accessory	pred	AFR	False	f3_synonymous	clean	<20
HLA-DOA	class_II_accessory	pred	AFR	False	f4_noncoding	clean	898
HLA-DOA	class_II_accessory	pred	AFR	False	f4_noncoding	partial_cds	<20
HLA-DOA	class_II_accessory	pred	AFR	False	known	clean	4936
HLA-DOA	class_II_accessory	pred	AFR	True	f2_protein	clean	69
HLA-DOA	class_II_accessory	pred	AFR	True	f2_protein	homopolymer_indel	124
HLA-DOA	class_II_accessory	pred	AFR	True	f2_protein	partial_cds	<20
HLA-DOA	class_II_accessory	pred	AFR	True	f3_synonymous	clean	<20
HLA-DOA	class_II_accessory	pred	AFR	True	f4_noncoding	clean	879
HLA-DOA	class_II_accessory	pred	AFR	True	f4_noncoding	partial_cds	<20
HLA-DOA	class_II_accessory	pred	AFR	True	known	clean	4788
HLA-DOA	class_II_accessory	pred	AMR	False	f2_protein	clean	27
HLA-DOA	class_II_accessory	pred	AMR	False	f2_protein	homopolymer_indel	91
HLA-DOA	class_II_accessory	pred	AMR	False	f2_protein	partial_cds	<20
HLA-DOA	class_II_accessory	pred	AMR	False	f3_synonymous	clean	<20
HLA-DOA	class_II_accessory	pred	AMR	False	f4_noncoding	clean	371
HLA-DOA	class_II_accessory	pred	AMR	False	f4_noncoding	partial_cds	<20
HLA-DOA	class_II_accessory	pred	AMR	False	known	clean	4885
HLA-DOA	class_II_accessory	pred	AMR	True	f2_protein	clean	26
HLA-DOA	class_II_accessory	pred	AMR	True	f2_protein	homopolymer_indel	90
HLA-DOA	class_II_accessory	pred	AMR	True	f2_protein	partial_cds	<20
HLA-DOA	class_II_accessory	pred	AMR	True	f3_synonymous	clean	<20
HLA-DOA	class_II_accessory	pred	AMR	True	f4_noncoding	clean	357
HLA-DOA	class_II_accessory	pred	AMR	True	f4_noncoding	partial_cds	<20
HLA-DOA	class_II_accessory	pred	AMR	True	known	clean	4665
HLA-DOA	class_II_accessory	pred	EAS	False	f2_protein	clean	<20
HLA-DOA	class_II_accessory	pred	EAS	False	f2_protein	homopolymer_indel	54
HLA-DOA	class_II_accessory	pred	EAS	False	f2_protein	partial_cds	<20
HLA-DOA	class_II_accessory	pred	EAS	False	f3_synonymous	clean	<20
HLA-DOA	class_II_accessory	pred	EAS	False	f4_noncoding	clean	197
HLA-DOA	class_II_accessory	pred	EAS	False	f4_noncoding	partial_cds	<20
HLA-DOA	class_II_accessory	pred	EAS	False	known	clean	2640
HLA-DOA	class_II_accessory	pred	EAS	True	f2_protein	clean	<20
HLA-DOA	class_II_accessory	pred	EAS	True	f2_protein	homopolymer_indel	52
HLA-DOA	class_II_accessory	pred	EAS	True	f2_protein	partial_cds	<20
HLA-DOA	class_II_accessory	pred	EAS	True	f3_synonymous	clean	<20
HLA-DOA	class_II_accessory	pred	EAS	True	f4_noncoding	clean	191
HLA-DOA	class_II_accessory	pred	EAS	True	f4_noncoding	partial_cds	<20
HLA-DOA	class_II_accessory	pred	EAS	True	known	clean	2582
HLA-DOA	class_II_accessory	pred	EUR	False	f2_protein	clean	<20
HLA-DOA	class_II_accessory	pred	EUR	False	f2_protein	homopolymer_indel	121
HLA-DOA	class_II_accessory	pred	EUR	False	f2_protein	partial_cds	<20
HLA-DOA	class_II_accessory	pred	EUR	False	f3_synonymous	clean	<20
HLA-DOA	class_II_accessory	pred	EUR	False	f4_noncoding	clean	299
HLA-DOA	class_II_accessory	pred	EUR	False	f4_noncoding	partial_cds	<20
HLA-DOA	class_II_accessory	pred	EUR	False	known	clean	5557
HLA-DOA	class_II_accessory	pred	EUR	True	f2_protein	clean	<20
HLA-DOA	class_II_accessory	pred	EUR	True	f2_protein	homopolymer_indel	115
HLA-DOA	class_II_accessory	pred	EUR	True	f2_protein	partial_cds	<20
HLA-DOA	class_II_accessory	pred	EUR	True	f3_synonymous	clean	<20
HLA-DOA	class_II_accessory	pred	EUR	True	f4_noncoding	clean	290
HLA-DOA	class_II_accessory	pred	EUR	True	f4_noncoding	partial_cds	<20
HLA-DOA	class_II_accessory	pred	EUR	True	known	clean	5374
HLA-DOA	class_II_accessory	pred	MID	False	f2_protein	clean	<20
HLA-DOA	class_II_accessory	pred	MID	False	f2_protein	homopolymer_indel	<20
HLA-DOA	class_II_accessory	pred	MID	False	f3_synonymous	clean	<20
HLA-DOA	class_II_accessory	pred	MID	False	f4_noncoding	clean	63
HLA-DOA	class_II_accessory	pred	MID	False	known	clean	880
HLA-DOA	class_II_accessory	pred	MID	True	f2_protein	clean	<20
HLA-DOA	class_II_accessory	pred	MID	True	f2_protein	homopolymer_indel	<20
HLA-DOA	class_II_accessory	pred	MID	True	f3_synonymous	clean	<20
HLA-DOA	class_II_accessory	pred	MID	True	f4_noncoding	clean	62
HLA-DOA	class_II_accessory	pred	MID	True	known	clean	865
HLA-DOA	class_II_accessory	pred	POOLED	False	f2_protein	clean	138
HLA-DOA	class_II_accessory	pred	POOLED	False	f2_protein	homopolymer_indel	448
HLA-DOA	class_II_accessory	pred	POOLED	False	f2_protein	partial_cds	40
HLA-DOA	class_II_accessory	pred	POOLED	False	f3_synonymous	clean	37
HLA-DOA	class_II_accessory	pred	POOLED	False	f4_noncoding	clean	2003
HLA-DOA	class_II_accessory	pred	POOLED	False	f4_noncoding	partial_cds	<20
HLA-DOA	class_II_accessory	pred	POOLED	False	known	clean	21175
HLA-DOA	class_II_accessory	pred	POOLED	True	f2_protein	clean	135
HLA-DOA	class_II_accessory	pred	POOLED	True	f2_protein	homopolymer_indel	433
HLA-DOA	class_II_accessory	pred	POOLED	True	f2_protein	partial_cds	38
HLA-DOA	class_II_accessory	pred	POOLED	True	f3_synonymous	clean	35
HLA-DOA	class_II_accessory	pred	POOLED	True	f4_noncoding	clean	1950
HLA-DOA	class_II_accessory	pred	POOLED	True	f4_noncoding	partial_cds	<20
HLA-DOA	class_II_accessory	pred	POOLED	True	known	clean	20513
HLA-DOA	class_II_accessory	pred	SAS	False	f2_protein	clean	<20
HLA-DOA	class_II_accessory	pred	SAS	False	f2_protein	homopolymer_indel	36
HLA-DOA	class_II_accessory	pred	SAS	False	f2_protein	partial_cds	<20
HLA-DOA	class_II_accessory	pred	SAS	False	f3_synonymous	clean	<20
HLA-DOA	class_II_accessory	pred	SAS	False	f4_noncoding	clean	173
HLA-DOA	class_II_accessory	pred	SAS	False	known	clean	2234
HLA-DOA	class_II_accessory	pred	SAS	True	f2_protein	clean	<20
HLA-DOA	class_II_accessory	pred	SAS	True	f2_protein	homopolymer_indel	35
HLA-DOA	class_II_accessory	pred	SAS	True	f2_protein	partial_cds	<20
HLA-DOA	class_II_accessory	pred	SAS	True	f3_synonymous	clean	<20
HLA-DOA	class_II_accessory	pred	SAS	True	f4_noncoding	clean	169
HLA-DOA	class_II_accessory	pred	SAS	True	known	clean	2196
HLA-DOA	class_II_accessory	pred	UNASSIGNED	False	f2_protein	homopolymer_indel	<20
HLA-DOA	class_II_accessory	pred	UNASSIGNED	False	f4_noncoding	clean	<20
HLA-DOA	class_II_accessory	pred	UNASSIGNED	False	known	clean	43
HLA-DOA	class_II_accessory	pred	UNASSIGNED	True	f2_protein	homopolymer_indel	<20
HLA-DOA	class_II_accessory	pred	UNASSIGNED	True	f4_noncoding	clean	<20
HLA-DOA	class_II_accessory	pred	UNASSIGNED	True	known	clean	43
HLA-DOA	class_II_accessory	strict	AFR	False	f2_protein	clean	54
HLA-DOA	class_II_accessory	strict	AFR	False	f2_protein	homopolymer_indel	99
HLA-DOA	class_II_accessory	strict	AFR	False	f2_protein	partial_cds	<20
HLA-DOA	class_II_accessory	strict	AFR	False	f3_synonymous	clean	<20
HLA-DOA	class_II_accessory	strict	AFR	False	f4_noncoding	clean	733
HLA-DOA	class_II_accessory	strict	AFR	False	f4_noncoding	partial_cds	<20
HLA-DOA	class_II_accessory	strict	AFR	False	known	clean	3788
HLA-DOA	class_II_accessory	strict	AFR	True	f2_protein	clean	52
HLA-DOA	class_II_accessory	strict	AFR	True	f2_protein	homopolymer_indel	94
HLA-DOA	class_II_accessory	strict	AFR	True	f2_protein	partial_cds	<20
HLA-DOA	class_II_accessory	strict	AFR	True	f3_synonymous	clean	<20
HLA-DOA	class_II_accessory	strict	AFR	True	f4_noncoding	clean	716
HLA-DOA	class_II_accessory	strict	AFR	True	f4_noncoding	partial_cds	<20
HLA-DOA	class_II_accessory	strict	AFR	True	known	clean	3658
HLA-DOA	class_II_accessory	strict	AMR	False	f2_protein	clean	<20
HLA-DOA	class_II_accessory	strict	AMR	False	f2_protein	homopolymer_indel	57
HLA-DOA	class_II_accessory	strict	AMR	False	f2_protein	partial_cds	<20
HLA-DOA	class_II_accessory	strict	AMR	False	f3_synonymous	clean	<20
HLA-DOA	class_II_accessory	strict	AMR	False	f4_noncoding	clean	189
HLA-DOA	class_II_accessory	strict	AMR	False	f4_noncoding	partial_cds	<20
HLA-DOA	class_II_accessory	strict	AMR	False	known	clean	2996
HLA-DOA	class_II_accessory	strict	AMR	True	f2_protein	clean	<20
HLA-DOA	class_II_accessory	strict	AMR	True	f2_protein	homopolymer_indel	57
HLA-DOA	class_II_accessory	strict	AMR	True	f2_protein	partial_cds	<20
HLA-DOA	class_II_accessory	strict	AMR	True	f3_synonymous	clean	<20
HLA-DOA	class_II_accessory	strict	AMR	True	f4_noncoding	clean	179
HLA-DOA	class_II_accessory	strict	AMR	True	f4_noncoding	partial_cds	<20
HLA-DOA	class_II_accessory	strict	AMR	True	known	clean	2822
HLA-DOA	class_II_accessory	strict	EAS	False	f2_protein	clean	<20
HLA-DOA	class_II_accessory	strict	EAS	False	f2_protein	homopolymer_indel	47
HLA-DOA	class_II_accessory	strict	EAS	False	f2_protein	partial_cds	<20
HLA-DOA	class_II_accessory	strict	EAS	False	f3_synonymous	clean	<20
HLA-DOA	class_II_accessory	strict	EAS	False	f4_noncoding	clean	167
HLA-DOA	class_II_accessory	strict	EAS	False	f4_noncoding	partial_cds	<20
HLA-DOA	class_II_accessory	strict	EAS	False	known	clean	2311
HLA-DOA	class_II_accessory	strict	EAS	True	f2_protein	clean	<20
HLA-DOA	class_II_accessory	strict	EAS	True	f2_protein	homopolymer_indel	45
HLA-DOA	class_II_accessory	strict	EAS	True	f2_protein	partial_cds	<20
HLA-DOA	class_II_accessory	strict	EAS	True	f3_synonymous	clean	<20
HLA-DOA	class_II_accessory	strict	EAS	True	f4_noncoding	clean	161
HLA-DOA	class_II_accessory	strict	EAS	True	f4_noncoding	partial_cds	<20
HLA-DOA	class_II_accessory	strict	EAS	True	known	clean	2255
HLA-DOA	class_II_accessory	strict	EUR	False	f2_protein	clean	<20
HLA-DOA	class_II_accessory	strict	EUR	False	f2_protein	homopolymer_indel	56
HLA-DOA	class_II_accessory	strict	EUR	False	f2_protein	partial_cds	<20
HLA-DOA	class_II_accessory	strict	EUR	False	f4_noncoding	clean	110
HLA-DOA	class_II_accessory	strict	EUR	False	f4_noncoding	partial_cds	<20
HLA-DOA	class_II_accessory	strict	EUR	False	known	clean	2506
HLA-DOA	class_II_accessory	strict	EUR	True	f2_protein	clean	<20
HLA-DOA	class_II_accessory	strict	EUR	True	f2_protein	homopolymer_indel	52
HLA-DOA	class_II_accessory	strict	EUR	True	f2_protein	partial_cds	<20
HLA-DOA	class_II_accessory	strict	EUR	True	f4_noncoding	clean	103
HLA-DOA	class_II_accessory	strict	EUR	True	f4_noncoding	partial_cds	<20
HLA-DOA	class_II_accessory	strict	EUR	True	known	clean	2358
HLA-DOA	class_II_accessory	strict	MID	False	f2_protein	clean	<20
HLA-DOA	class_II_accessory	strict	MID	False	f2_protein	homopolymer_indel	<20
HLA-DOA	class_II_accessory	strict	MID	False	f4_noncoding	clean	39
HLA-DOA	class_II_accessory	strict	MID	False	known	clean	549
HLA-DOA	class_II_accessory	strict	MID	True	f2_protein	clean	<20
HLA-DOA	class_II_accessory	strict	MID	True	f2_protein	homopolymer_indel	<20
HLA-DOA	class_II_accessory	strict	MID	True	f4_noncoding	clean	38
HLA-DOA	class_II_accessory	strict	MID	True	known	clean	538
HLA-DOA	class_II_accessory	strict	POOLED	False	f2_protein	clean	138
HLA-DOA	class_II_accessory	strict	POOLED	False	f2_protein	homopolymer_indel	448
HLA-DOA	class_II_accessory	strict	POOLED	False	f2_protein	partial_cds	40
HLA-DOA	class_II_accessory	strict	POOLED	False	f3_synonymous	clean	37
HLA-DOA	class_II_accessory	strict	POOLED	False	f4_noncoding	clean	2003
HLA-DOA	class_II_accessory	strict	POOLED	False	f4_noncoding	partial_cds	<20
HLA-DOA	class_II_accessory	strict	POOLED	False	known	clean	21175
HLA-DOA	class_II_accessory	strict	POOLED	True	f2_protein	clean	135
HLA-DOA	class_II_accessory	strict	POOLED	True	f2_protein	homopolymer_indel	433
HLA-DOA	class_II_accessory	strict	POOLED	True	f2_protein	partial_cds	38
HLA-DOA	class_II_accessory	strict	POOLED	True	f3_synonymous	clean	35
HLA-DOA	class_II_accessory	strict	POOLED	True	f4_noncoding	clean	1950
HLA-DOA	class_II_accessory	strict	POOLED	True	f4_noncoding	partial_cds	<20
HLA-DOA	class_II_accessory	strict	POOLED	True	known	clean	20513
HLA-DOA	class_II_accessory	strict	SAS	False	f2_protein	clean	<20
HLA-DOA	class_II_accessory	strict	SAS	False	f2_protein	homopolymer_indel	32
HLA-DOA	class_II_accessory	strict	SAS	False	f2_protein	partial_cds	<20
HLA-DOA	class_II_accessory	strict	SAS	False	f3_synonymous	clean	<20
HLA-DOA	class_II_accessory	strict	SAS	False	f4_noncoding	clean	163
HLA-DOA	class_II_accessory	strict	SAS	False	known	clean	2073
HLA-DOA	class_II_accessory	strict	SAS	True	f2_protein	clean	<20
HLA-DOA	class_II_accessory	strict	SAS	True	f2_protein	homopolymer_indel	31
HLA-DOA	class_II_accessory	strict	SAS	True	f2_protein	partial_cds	<20
HLA-DOA	class_II_accessory	strict	SAS	True	f3_synonymous	clean	<20
HLA-DOA	class_II_accessory	strict	SAS	True	f4_noncoding	clean	160
HLA-DOA	class_II_accessory	strict	SAS	True	known	clean	2042
HLA-DOA	class_II_accessory	strict	UNASSIGNED	False	f2_protein	clean	43
HLA-DOA	class_II_accessory	strict	UNASSIGNED	False	f2_protein	homopolymer_indel	145
HLA-DOA	class_II_accessory	strict	UNASSIGNED	False	f2_protein	partial_cds	<20
HLA-DOA	class_II_accessory	strict	UNASSIGNED	False	f3_synonymous	clean	<20
HLA-DOA	class_II_accessory	strict	UNASSIGNED	False	f4_noncoding	clean	602
HLA-DOA	class_II_accessory	strict	UNASSIGNED	False	f4_noncoding	partial_cds	<20
HLA-DOA	class_II_accessory	strict	UNASSIGNED	False	known	clean	6952
HLA-DOA	class_II_accessory	strict	UNASSIGNED	True	f2_protein	clean	43
HLA-DOA	class_II_accessory	strict	UNASSIGNED	True	f2_protein	homopolymer_indel	142
HLA-DOA	class_II_accessory	strict	UNASSIGNED	True	f2_protein	partial_cds	<20
HLA-DOA	class_II_accessory	strict	UNASSIGNED	True	f3_synonymous	clean	<20
HLA-DOA	class_II_accessory	strict	UNASSIGNED	True	f4_noncoding	clean	593
HLA-DOA	class_II_accessory	strict	UNASSIGNED	True	f4_noncoding	partial_cds	<20
HLA-DOA	class_II_accessory	strict	UNASSIGNED	True	known	clean	6840
HLA-DOB	class_II_accessory	pred	AFR	False	f2_protein	clean	26
HLA-DOB	class_II_accessory	pred	AFR	False	f2_protein	homopolymer_indel	56
HLA-DOB	class_II_accessory	pred	AFR	False	f2_protein	partial_cds	<20
HLA-DOB	class_II_accessory	pred	AFR	False	f3_synonymous	clean	<20
HLA-DOB	class_II_accessory	pred	AFR	False	f4_noncoding	clean	1510
HLA-DOB	class_II_accessory	pred	AFR	False	known	clean	4422
HLA-DOB	class_II_accessory	pred	AFR	True	f2_protein	clean	26
HLA-DOB	class_II_accessory	pred	AFR	True	f2_protein	homopolymer_indel	55
HLA-DOB	class_II_accessory	pred	AFR	True	f2_protein	partial_cds	<20
HLA-DOB	class_II_accessory	pred	AFR	True	f3_synonymous	clean	<20
HLA-DOB	class_II_accessory	pred	AFR	True	f4_noncoding	clean	1478
HLA-DOB	class_II_accessory	pred	AFR	True	known	clean	4283
HLA-DOB	class_II_accessory	pred	AMR	False	f2_protein	clean	<20
HLA-DOB	class_II_accessory	pred	AMR	False	f2_protein	homopolymer_indel	69
HLA-DOB	class_II_accessory	pred	AMR	False	f2_protein	partial_cds	<20
HLA-DOB	class_II_accessory	pred	AMR	False	f3_synonymous	clean	<20
HLA-DOB	class_II_accessory	pred	AMR	False	f4_noncoding	clean	783
HLA-DOB	class_II_accessory	pred	AMR	False	f4_noncoding	partial_cds	<20
HLA-DOB	class_II_accessory	pred	AMR	False	known	clean	4515
HLA-DOB	class_II_accessory	pred	AMR	True	f2_protein	clean	<20
HLA-DOB	class_II_accessory	pred	AMR	True	f2_protein	homopolymer_indel	64
HLA-DOB	class_II_accessory	pred	AMR	True	f2_protein	partial_cds	<20
HLA-DOB	class_II_accessory	pred	AMR	True	f3_synonymous	clean	<20
HLA-DOB	class_II_accessory	pred	AMR	True	f4_noncoding	clean	743
HLA-DOB	class_II_accessory	pred	AMR	True	f4_noncoding	partial_cds	<20
HLA-DOB	class_II_accessory	pred	AMR	True	known	clean	4322
HLA-DOB	class_II_accessory	pred	EAS	False	f2_protein	clean	<20
HLA-DOB	class_II_accessory	pred	EAS	False	f2_protein	homopolymer_indel	21
HLA-DOB	class_II_accessory	pred	EAS	False	f2_protein	partial_cds	<20
HLA-DOB	class_II_accessory	pred	EAS	False	f3_synonymous	clean	<20
HLA-DOB	class_II_accessory	pred	EAS	False	f4_noncoding	clean	469
HLA-DOB	class_II_accessory	pred	EAS	False	known	clean	2424
HLA-DOB	class_II_accessory	pred	EAS	True	f2_protein	clean	<20
HLA-DOB	class_II_accessory	pred	EAS	True	f2_protein	homopolymer_indel	21
HLA-DOB	class_II_accessory	pred	EAS	True	f2_protein	partial_cds	<20
HLA-DOB	class_II_accessory	pred	EAS	True	f3_synonymous	clean	<20
HLA-DOB	class_II_accessory	pred	EAS	True	f4_noncoding	clean	456
HLA-DOB	class_II_accessory	pred	EAS	True	known	clean	2370
HLA-DOB	class_II_accessory	pred	EUR	False	f2_protein	clean	<20
HLA-DOB	class_II_accessory	pred	EUR	False	f2_protein	homopolymer_indel	68
HLA-DOB	class_II_accessory	pred	EUR	False	f2_protein	partial_cds	<20
HLA-DOB	class_II_accessory	pred	EUR	False	f3_synonymous	clean	<20
HLA-DOB	class_II_accessory	pred	EUR	False	f4_noncoding	clean	663
HLA-DOB	class_II_accessory	pred	EUR	False	f4_noncoding	partial_cds	<20
HLA-DOB	class_II_accessory	pred	EUR	False	known	clean	5214
HLA-DOB	class_II_accessory	pred	EUR	True	f2_protein	clean	<20
HLA-DOB	class_II_accessory	pred	EUR	True	f2_protein	homopolymer_indel	68
HLA-DOB	class_II_accessory	pred	EUR	True	f2_protein	partial_cds	<20
HLA-DOB	class_II_accessory	pred	EUR	True	f3_synonymous	clean	<20
HLA-DOB	class_II_accessory	pred	EUR	True	f4_noncoding	clean	637
HLA-DOB	class_II_accessory	pred	EUR	True	f4_noncoding	partial_cds	<20
HLA-DOB	class_II_accessory	pred	EUR	True	known	clean	5039
HLA-DOB	class_II_accessory	pred	MID	False	f2_protein	clean	<20
HLA-DOB	class_II_accessory	pred	MID	False	f2_protein	homopolymer_indel	<20
HLA-DOB	class_II_accessory	pred	MID	False	f3_synonymous	clean	<20
HLA-DOB	class_II_accessory	pred	MID	False	f4_noncoding	clean	162
HLA-DOB	class_II_accessory	pred	MID	False	known	clean	794
HLA-DOB	class_II_accessory	pred	MID	True	f2_protein	clean	<20
HLA-DOB	class_II_accessory	pred	MID	True	f2_protein	homopolymer_indel	<20
HLA-DOB	class_II_accessory	pred	MID	True	f3_synonymous	clean	<20
HLA-DOB	class_II_accessory	pred	MID	True	f4_noncoding	clean	156
HLA-DOB	class_II_accessory	pred	MID	True	known	clean	784
HLA-DOB	class_II_accessory	pred	POOLED	False	f2_protein	clean	68
HLA-DOB	class_II_accessory	pred	POOLED	False	f2_protein	homopolymer_indel	242
HLA-DOB	class_II_accessory	pred	POOLED	False	f2_protein	partial_cds	23
HLA-DOB	class_II_accessory	pred	POOLED	False	f3_synonymous	clean	25
HLA-DOB	class_II_accessory	pred	POOLED	False	f4_noncoding	clean	3914
HLA-DOB	class_II_accessory	pred	POOLED	False	f4_noncoding	partial_cds	<20
HLA-DOB	class_II_accessory	pred	POOLED	False	known	clean	19520
HLA-DOB	class_II_accessory	pred	POOLED	True	f2_protein	clean	66
HLA-DOB	class_II_accessory	pred	POOLED	True	f2_protein	homopolymer_indel	236
HLA-DOB	class_II_accessory	pred	POOLED	True	f2_protein	partial_cds	21
HLA-DOB	class_II_accessory	pred	POOLED	True	f3_synonymous	clean	24
HLA-DOB	class_II_accessory	pred	POOLED	True	f4_noncoding	clean	3792
HLA-DOB	class_II_accessory	pred	POOLED	True	f4_noncoding	partial_cds	<20
HLA-DOB	class_II_accessory	pred	POOLED	True	known	clean	18911
HLA-DOB	class_II_accessory	pred	SAS	False	f2_protein	clean	<20
HLA-DOB	class_II_accessory	pred	SAS	False	f2_protein	homopolymer_indel	<20
HLA-DOB	class_II_accessory	pred	SAS	False	f2_protein	partial_cds	<20
HLA-DOB	class_II_accessory	pred	SAS	False	f3_synonymous	clean	<20
HLA-DOB	class_II_accessory	pred	SAS	False	f4_noncoding	clean	322
HLA-DOB	class_II_accessory	pred	SAS	False	f4_noncoding	partial_cds	<20
HLA-DOB	class_II_accessory	pred	SAS	False	known	clean	2111
HLA-DOB	class_II_accessory	pred	SAS	True	f2_protein	clean	<20
HLA-DOB	class_II_accessory	pred	SAS	True	f2_protein	homopolymer_indel	<20
HLA-DOB	class_II_accessory	pred	SAS	True	f2_protein	partial_cds	<20
HLA-DOB	class_II_accessory	pred	SAS	True	f3_synonymous	clean	<20
HLA-DOB	class_II_accessory	pred	SAS	True	f4_noncoding	clean	317
HLA-DOB	class_II_accessory	pred	SAS	True	f4_noncoding	partial_cds	<20
HLA-DOB	class_II_accessory	pred	SAS	True	known	clean	2073
HLA-DOB	class_II_accessory	pred	UNASSIGNED	False	f2_protein	homopolymer_indel	<20
HLA-DOB	class_II_accessory	pred	UNASSIGNED	False	f4_noncoding	clean	<20
HLA-DOB	class_II_accessory	pred	UNASSIGNED	False	known	clean	40
HLA-DOB	class_II_accessory	pred	UNASSIGNED	True	f2_protein	homopolymer_indel	<20
HLA-DOB	class_II_accessory	pred	UNASSIGNED	True	f4_noncoding	clean	<20
HLA-DOB	class_II_accessory	pred	UNASSIGNED	True	known	clean	40
HLA-DOB	class_II_accessory	strict	AFR	False	f2_protein	clean	<20
HLA-DOB	class_II_accessory	strict	AFR	False	f2_protein	homopolymer_indel	39
HLA-DOB	class_II_accessory	strict	AFR	False	f2_protein	partial_cds	<20
HLA-DOB	class_II_accessory	strict	AFR	False	f3_synonymous	clean	<20
HLA-DOB	class_II_accessory	strict	AFR	False	f4_noncoding	clean	1234
HLA-DOB	class_II_accessory	strict	AFR	False	known	clean	3364
HLA-DOB	class_II_accessory	strict	AFR	True	f2_protein	clean	<20
HLA-DOB	class_II_accessory	strict	AFR	True	f2_protein	homopolymer_indel	38
HLA-DOB	class_II_accessory	strict	AFR	True	f2_protein	partial_cds	<20
HLA-DOB	class_II_accessory	strict	AFR	True	f3_synonymous	clean	<20
HLA-DOB	class_II_accessory	strict	AFR	True	f4_noncoding	clean	1205
HLA-DOB	class_II_accessory	strict	AFR	True	known	clean	3242
HLA-DOB	class_II_accessory	strict	AMR	False	f2_protein	clean	<20
HLA-DOB	class_II_accessory	strict	AMR	False	f2_protein	homopolymer_indel	38
HLA-DOB	class_II_accessory	strict	AMR	False	f2_protein	partial_cds	<20
HLA-DOB	class_II_accessory	strict	AMR	False	f4_noncoding	clean	455
HLA-DOB	class_II_accessory	strict	AMR	False	f4_noncoding	partial_cds	<20
HLA-DOB	class_II_accessory	strict	AMR	False	known	clean	2763
HLA-DOB	class_II_accessory	strict	AMR	True	f2_protein	clean	<20
HLA-DOB	class_II_accessory	strict	AMR	True	f2_protein	homopolymer_indel	34
HLA-DOB	class_II_accessory	strict	AMR	True	f2_protein	partial_cds	<20
HLA-DOB	class_II_accessory	strict	AMR	True	f4_noncoding	clean	428
HLA-DOB	class_II_accessory	strict	AMR	True	f4_noncoding	partial_cds	<20
HLA-DOB	class_II_accessory	strict	AMR	True	known	clean	2606
HLA-DOB	class_II_accessory	strict	EAS	False	f2_protein	clean	<20
HLA-DOB	class_II_accessory	strict	EAS	False	f2_protein	homopolymer_indel	<20
HLA-DOB	class_II_accessory	strict	EAS	False	f2_protein	partial_cds	<20
HLA-DOB	class_II_accessory	strict	EAS	False	f3_synonymous	clean	<20
HLA-DOB	class_II_accessory	strict	EAS	False	f4_noncoding	clean	399
HLA-DOB	class_II_accessory	strict	EAS	False	known	clean	2129
HLA-DOB	class_II_accessory	strict	EAS	True	f2_protein	clean	<20
HLA-DOB	class_II_accessory	strict	EAS	True	f2_protein	homopolymer_indel	<20
HLA-DOB	class_II_accessory	strict	EAS	True	f2_protein	partial_cds	<20
HLA-DOB	class_II_accessory	strict	EAS	True	f3_synonymous	clean	<20
HLA-DOB	class_II_accessory	strict	EAS	True	f4_noncoding	clean	387
HLA-DOB	class_II_accessory	strict	EAS	True	known	clean	2076
HLA-DOB	class_II_accessory	strict	EUR	False	f2_protein	clean	<20
HLA-DOB	class_II_accessory	strict	EUR	False	f2_protein	homopolymer_indel	33
HLA-DOB	class_II_accessory	strict	EUR	False	f2_protein	partial_cds	<20
HLA-DOB	class_II_accessory	strict	EUR	False	f3_synonymous	clean	<20
HLA-DOB	class_II_accessory	strict	EUR	False	f4_noncoding	clean	307
HLA-DOB	class_II_accessory	strict	EUR	False	f4_noncoding	partial_cds	<20
HLA-DOB	class_II_accessory	strict	EUR	False	known	clean	2317
HLA-DOB	class_II_accessory	strict	EUR	True	f2_protein	clean	<20
HLA-DOB	class_II_accessory	strict	EUR	True	f2_protein	homopolymer_indel	33
HLA-DOB	class_II_accessory	strict	EUR	True	f2_protein	partial_cds	<20
HLA-DOB	class_II_accessory	strict	EUR	True	f3_synonymous	clean	<20
HLA-DOB	class_II_accessory	strict	EUR	True	f4_noncoding	clean	288
HLA-DOB	class_II_accessory	strict	EUR	True	f4_noncoding	partial_cds	<20
HLA-DOB	class_II_accessory	strict	EUR	True	known	clean	2174
HLA-DOB	class_II_accessory	strict	MID	False	f2_protein	clean	<20
HLA-DOB	class_II_accessory	strict	MID	False	f2_protein	homopolymer_indel	<20
HLA-DOB	class_II_accessory	strict	MID	False	f3_synonymous	clean	<20
HLA-DOB	class_II_accessory	strict	MID	False	f4_noncoding	clean	107
HLA-DOB	class_II_accessory	strict	MID	False	known	clean	491
HLA-DOB	class_II_accessory	strict	MID	True	f2_protein	clean	<20
HLA-DOB	class_II_accessory	strict	MID	True	f2_protein	homopolymer_indel	<20
HLA-DOB	class_II_accessory	strict	MID	True	f3_synonymous	clean	<20
HLA-DOB	class_II_accessory	strict	MID	True	f4_noncoding	clean	103
HLA-DOB	class_II_accessory	strict	MID	True	known	clean	483
HLA-DOB	class_II_accessory	strict	POOLED	False	f2_protein	clean	68
HLA-DOB	class_II_accessory	strict	POOLED	False	f2_protein	homopolymer_indel	242
HLA-DOB	class_II_accessory	strict	POOLED	False	f2_protein	partial_cds	23
HLA-DOB	class_II_accessory	strict	POOLED	False	f3_synonymous	clean	25
HLA-DOB	class_II_accessory	strict	POOLED	False	f4_noncoding	clean	3914
HLA-DOB	class_II_accessory	strict	POOLED	False	f4_noncoding	partial_cds	<20
HLA-DOB	class_II_accessory	strict	POOLED	False	known	clean	19520
HLA-DOB	class_II_accessory	strict	POOLED	True	f2_protein	clean	66
HLA-DOB	class_II_accessory	strict	POOLED	True	f2_protein	homopolymer_indel	236
HLA-DOB	class_II_accessory	strict	POOLED	True	f2_protein	partial_cds	21
HLA-DOB	class_II_accessory	strict	POOLED	True	f3_synonymous	clean	24
HLA-DOB	class_II_accessory	strict	POOLED	True	f4_noncoding	clean	3792
HLA-DOB	class_II_accessory	strict	POOLED	True	f4_noncoding	partial_cds	<20
HLA-DOB	class_II_accessory	strict	POOLED	True	known	clean	18911
HLA-DOB	class_II_accessory	strict	SAS	False	f2_protein	clean	<20
HLA-DOB	class_II_accessory	strict	SAS	False	f2_protein	homopolymer_indel	<20
HLA-DOB	class_II_accessory	strict	SAS	False	f2_protein	partial_cds	<20
HLA-DOB	class_II_accessory	strict	SAS	False	f3_synonymous	clean	<20
HLA-DOB	class_II_accessory	strict	SAS	False	f4_noncoding	clean	292
HLA-DOB	class_II_accessory	strict	SAS	False	f4_noncoding	partial_cds	<20
HLA-DOB	class_II_accessory	strict	SAS	False	known	clean	1970
HLA-DOB	class_II_accessory	strict	SAS	True	f2_protein	clean	<20
HLA-DOB	class_II_accessory	strict	SAS	True	f2_protein	homopolymer_indel	<20
HLA-DOB	class_II_accessory	strict	SAS	True	f2_protein	partial_cds	<20
HLA-DOB	class_II_accessory	strict	SAS	True	f3_synonymous	clean	<20
HLA-DOB	class_II_accessory	strict	SAS	True	f4_noncoding	clean	288
HLA-DOB	class_II_accessory	strict	SAS	True	f4_noncoding	partial_cds	<20
HLA-DOB	class_II_accessory	strict	SAS	True	known	clean	1939
HLA-DOB	class_II_accessory	strict	UNASSIGNED	False	f2_protein	clean	21
HLA-DOB	class_II_accessory	strict	UNASSIGNED	False	f2_protein	homopolymer_indel	90
HLA-DOB	class_II_accessory	strict	UNASSIGNED	False	f2_protein	partial_cds	<20
HLA-DOB	class_II_accessory	strict	UNASSIGNED	False	f3_synonymous	clean	<20
HLA-DOB	class_II_accessory	strict	UNASSIGNED	False	f4_noncoding	clean	1120
HLA-DOB	class_II_accessory	strict	UNASSIGNED	False	f4_noncoding	partial_cds	<20
HLA-DOB	class_II_accessory	strict	UNASSIGNED	False	known	clean	6486
HLA-DOB	class_II_accessory	strict	UNASSIGNED	True	f2_protein	clean	21
HLA-DOB	class_II_accessory	strict	UNASSIGNED	True	f2_protein	homopolymer_indel	89
HLA-DOB	class_II_accessory	strict	UNASSIGNED	True	f2_protein	partial_cds	<20
HLA-DOB	class_II_accessory	strict	UNASSIGNED	True	f3_synonymous	clean	<20
HLA-DOB	class_II_accessory	strict	UNASSIGNED	True	f4_noncoding	clean	1093
HLA-DOB	class_II_accessory	strict	UNASSIGNED	True	f4_noncoding	partial_cds	<20
HLA-DOB	class_II_accessory	strict	UNASSIGNED	True	known	clean	6391
HLA-DPA1	classical_II	pred	AFR	False	f2_protein	clean	<20
HLA-DPA1	classical_II	pred	AFR	False	f2_protein	homopolymer_indel	103
HLA-DPA1	classical_II	pred	AFR	False	f2_protein	partial_cds	<20
HLA-DPA1	classical_II	pred	AFR	False	f3_synonymous	clean	<20
HLA-DPA1	classical_II	pred	AFR	False	f4_noncoding	clean	712
HLA-DPA1	classical_II	pred	AFR	False	f4_noncoding	partial_cds	<20
HLA-DPA1	classical_II	pred	AFR	False	known	clean	5178
HLA-DPA1	classical_II	pred	AFR	True	f2_protein	clean	<20
HLA-DPA1	classical_II	pred	AFR	True	f2_protein	homopolymer_indel	102
HLA-DPA1	classical_II	pred	AFR	True	f2_protein	partial_cds	<20
HLA-DPA1	classical_II	pred	AFR	True	f3_synonymous	clean	<20
HLA-DPA1	classical_II	pred	AFR	True	f4_noncoding	clean	696
HLA-DPA1	classical_II	pred	AFR	True	f4_noncoding	partial_cds	<20
HLA-DPA1	classical_II	pred	AFR	True	known	clean	5022
HLA-DPA1	classical_II	pred	AMR	False	f2_protein	clean	<20
HLA-DPA1	classical_II	pred	AMR	False	f2_protein	homopolymer_indel	70
HLA-DPA1	classical_II	pred	AMR	False	f2_protein	partial_cds	<20
HLA-DPA1	classical_II	pred	AMR	False	f3_synonymous	clean	<20
HLA-DPA1	classical_II	pred	AMR	False	f4_noncoding	clean	615
HLA-DPA1	classical_II	pred	AMR	False	known	clean	4649
HLA-DPA1	classical_II	pred	AMR	True	f2_protein	clean	<20
HLA-DPA1	classical_II	pred	AMR	True	f2_protein	homopolymer_indel	66
HLA-DPA1	classical_II	pred	AMR	True	f2_protein	partial_cds	<20
HLA-DPA1	classical_II	pred	AMR	True	f3_synonymous	clean	<20
HLA-DPA1	classical_II	pred	AMR	True	f4_noncoding	clean	585
HLA-DPA1	classical_II	pred	AMR	True	known	clean	4450
HLA-DPA1	classical_II	pred	EAS	False	f2_protein	clean	<20
HLA-DPA1	classical_II	pred	EAS	False	f2_protein	homopolymer_indel	34
HLA-DPA1	classical_II	pred	EAS	False	f2_protein	partial_cds	<20
HLA-DPA1	classical_II	pred	EAS	False	f3_synonymous	clean	<20
HLA-DPA1	classical_II	pred	EAS	False	f4_noncoding	clean	402
HLA-DPA1	classical_II	pred	EAS	False	f4_noncoding	partial_cds	<20
HLA-DPA1	classical_II	pred	EAS	False	known	clean	2454
HLA-DPA1	classical_II	pred	EAS	True	f2_protein	clean	<20
HLA-DPA1	classical_II	pred	EAS	True	f2_protein	homopolymer_indel	34
HLA-DPA1	classical_II	pred	EAS	True	f2_protein	partial_cds	<20
HLA-DPA1	classical_II	pred	EAS	True	f3_synonymous	clean	<20
HLA-DPA1	classical_II	pred	EAS	True	f4_noncoding	clean	389
HLA-DPA1	classical_II	pred	EAS	True	f4_noncoding	partial_cds	<20
HLA-DPA1	classical_II	pred	EAS	True	known	clean	2399
HLA-DPA1	classical_II	pred	EUR	False	f2_protein	clean	<20
HLA-DPA1	classical_II	pred	EUR	False	f2_protein	homopolymer_indel	90
HLA-DPA1	classical_II	pred	EUR	False	f2_protein	partial_cds	<20
HLA-DPA1	classical_II	pred	EUR	False	f3_synonymous	clean	<20
HLA-DPA1	classical_II	pred	EUR	False	f4_noncoding	clean	482
HLA-DPA1	classical_II	pred	EUR	False	known	clean	5350
HLA-DPA1	classical_II	pred	EUR	True	f2_protein	clean	<20
HLA-DPA1	classical_II	pred	EUR	True	f2_protein	homopolymer_indel	88
HLA-DPA1	classical_II	pred	EUR	True	f2_protein	partial_cds	<20
HLA-DPA1	classical_II	pred	EUR	True	f3_synonymous	clean	<20
HLA-DPA1	classical_II	pred	EUR	True	f4_noncoding	clean	465
HLA-DPA1	classical_II	pred	EUR	True	known	clean	5171
HLA-DPA1	classical_II	pred	MID	False	f2_protein	clean	<20
HLA-DPA1	classical_II	pred	MID	False	f2_protein	homopolymer_indel	<20
HLA-DPA1	classical_II	pred	MID	False	f2_protein	partial_cds	<20
HLA-DPA1	classical_II	pred	MID	False	f3_synonymous	clean	<20
HLA-DPA1	classical_II	pred	MID	False	f4_noncoding	clean	105
HLA-DPA1	classical_II	pred	MID	False	known	clean	846
HLA-DPA1	classical_II	pred	MID	True	f2_protein	clean	<20
HLA-DPA1	classical_II	pred	MID	True	f2_protein	homopolymer_indel	<20
HLA-DPA1	classical_II	pred	MID	True	f2_protein	partial_cds	<20
HLA-DPA1	classical_II	pred	MID	True	f3_synonymous	clean	<20
HLA-DPA1	classical_II	pred	MID	True	f4_noncoding	clean	103
HLA-DPA1	classical_II	pred	MID	True	known	clean	832
HLA-DPA1	classical_II	pred	POOLED	False	f2_protein	clean	30
HLA-DPA1	classical_II	pred	POOLED	False	f2_protein	homopolymer_indel	351
HLA-DPA1	classical_II	pred	POOLED	False	f2_protein	partial_cds	44
HLA-DPA1	classical_II	pred	POOLED	False	f3_synonymous	clean	<20
HLA-DPA1	classical_II	pred	POOLED	False	f4_noncoding	clean	2639
HLA-DPA1	classical_II	pred	POOLED	False	f4_noncoding	partial_cds	<20
HLA-DPA1	classical_II	pred	POOLED	False	known	clean	20600
HLA-DPA1	classical_II	pred	POOLED	True	f2_protein	clean	29
HLA-DPA1	classical_II	pred	POOLED	True	f2_protein	homopolymer_indel	344
HLA-DPA1	classical_II	pred	POOLED	True	f2_protein	partial_cds	42
HLA-DPA1	classical_II	pred	POOLED	True	f3_synonymous	clean	<20
HLA-DPA1	classical_II	pred	POOLED	True	f4_noncoding	clean	2556
HLA-DPA1	classical_II	pred	POOLED	True	f4_noncoding	partial_cds	<20
HLA-DPA1	classical_II	pred	POOLED	True	known	clean	19959
HLA-DPA1	classical_II	pred	SAS	False	f2_protein	clean	<20
HLA-DPA1	classical_II	pred	SAS	False	f2_protein	homopolymer_indel	38
HLA-DPA1	classical_II	pred	SAS	False	f2_protein	partial_cds	<20
HLA-DPA1	classical_II	pred	SAS	False	f3_synonymous	clean	<20
HLA-DPA1	classical_II	pred	SAS	False	f4_noncoding	clean	316
HLA-DPA1	classical_II	pred	SAS	False	f4_noncoding	partial_cds	<20
HLA-DPA1	classical_II	pred	SAS	False	known	clean	2086
HLA-DPA1	classical_II	pred	SAS	True	f2_protein	clean	<20
HLA-DPA1	classical_II	pred	SAS	True	f2_protein	homopolymer_indel	38
HLA-DPA1	classical_II	pred	SAS	True	f2_protein	partial_cds	<20
HLA-DPA1	classical_II	pred	SAS	True	f3_synonymous	clean	<20
HLA-DPA1	classical_II	pred	SAS	True	f4_noncoding	clean	311
HLA-DPA1	classical_II	pred	SAS	True	f4_noncoding	partial_cds	<20
HLA-DPA1	classical_II	pred	SAS	True	known	clean	2048
HLA-DPA1	classical_II	pred	UNASSIGNED	False	f2_protein	homopolymer_indel	<20
HLA-DPA1	classical_II	pred	UNASSIGNED	False	f4_noncoding	clean	<20
HLA-DPA1	classical_II	pred	UNASSIGNED	False	known	clean	37
HLA-DPA1	classical_II	pred	UNASSIGNED	True	f2_protein	homopolymer_indel	<20
HLA-DPA1	classical_II	pred	UNASSIGNED	True	f4_noncoding	clean	<20
HLA-DPA1	classical_II	pred	UNASSIGNED	True	known	clean	37
HLA-DPA1	classical_II	strict	AFR	False	f2_protein	clean	<20
HLA-DPA1	classical_II	strict	AFR	False	f2_protein	homopolymer_indel	79
HLA-DPA1	classical_II	strict	AFR	False	f2_protein	partial_cds	<20
HLA-DPA1	classical_II	strict	AFR	False	f3_synonymous	clean	<20
HLA-DPA1	classical_II	strict	AFR	False	f4_noncoding	clean	569
HLA-DPA1	classical_II	strict	AFR	False	f4_noncoding	partial_cds	<20
HLA-DPA1	classical_II	strict	AFR	False	known	clean	3988
HLA-DPA1	classical_II	strict	AFR	True	f2_protein	clean	<20
HLA-DPA1	classical_II	strict	AFR	True	f2_protein	homopolymer_indel	78
HLA-DPA1	classical_II	strict	AFR	True	f2_protein	partial_cds	<20
HLA-DPA1	classical_II	strict	AFR	True	f3_synonymous	clean	<20
HLA-DPA1	classical_II	strict	AFR	True	f4_noncoding	clean	556
HLA-DPA1	classical_II	strict	AFR	True	f4_noncoding	partial_cds	<20
HLA-DPA1	classical_II	strict	AFR	True	known	clean	3849
HLA-DPA1	classical_II	strict	AMR	False	f2_protein	clean	<20
HLA-DPA1	classical_II	strict	AMR	False	f2_protein	homopolymer_indel	38
HLA-DPA1	classical_II	strict	AMR	False	f2_protein	partial_cds	<20
HLA-DPA1	classical_II	strict	AMR	False	f4_noncoding	clean	387
HLA-DPA1	classical_II	strict	AMR	False	known	clean	2801
HLA-DPA1	classical_II	strict	AMR	True	f2_protein	clean	<20
HLA-DPA1	classical_II	strict	AMR	True	f2_protein	homopolymer_indel	36
HLA-DPA1	classical_II	strict	AMR	True	f2_protein	partial_cds	<20
HLA-DPA1	classical_II	strict	AMR	True	f4_noncoding	clean	364
HLA-DPA1	classical_II	strict	AMR	True	known	clean	2640
HLA-DPA1	classical_II	strict	EAS	False	f2_protein	clean	<20
HLA-DPA1	classical_II	strict	EAS	False	f2_protein	homopolymer_indel	29
HLA-DPA1	classical_II	strict	EAS	False	f4_noncoding	clean	353
HLA-DPA1	classical_II	strict	EAS	False	f4_noncoding	partial_cds	<20
HLA-DPA1	classical_II	strict	EAS	False	known	clean	2143
HLA-DPA1	classical_II	strict	EAS	True	f2_protein	clean	<20
HLA-DPA1	classical_II	strict	EAS	True	f2_protein	homopolymer_indel	29
HLA-DPA1	classical_II	strict	EAS	True	f4_noncoding	clean	341
HLA-DPA1	classical_II	strict	EAS	True	f4_noncoding	partial_cds	<20
HLA-DPA1	classical_II	strict	EAS	True	known	clean	2089
HLA-DPA1	classical_II	strict	EUR	False	f2_protein	clean	<20
HLA-DPA1	classical_II	strict	EUR	False	f2_protein	homopolymer_indel	41
HLA-DPA1	classical_II	strict	EUR	False	f2_protein	partial_cds	<20
HLA-DPA1	classical_II	strict	EUR	False	f3_synonymous	clean	<20
HLA-DPA1	classical_II	strict	EUR	False	f4_noncoding	clean	198
HLA-DPA1	classical_II	strict	EUR	False	known	clean	2409
HLA-DPA1	classical_II	strict	EUR	True	f2_protein	clean	<20
HLA-DPA1	classical_II	strict	EUR	True	f2_protein	homopolymer_indel	39
HLA-DPA1	classical_II	strict	EUR	True	f2_protein	partial_cds	<20
HLA-DPA1	classical_II	strict	EUR	True	f3_synonymous	clean	<20
HLA-DPA1	classical_II	strict	EUR	True	f4_noncoding	clean	184
HLA-DPA1	classical_II	strict	EUR	True	known	clean	2266
HLA-DPA1	classical_II	strict	MID	False	f2_protein	clean	<20
HLA-DPA1	classical_II	strict	MID	False	f2_protein	homopolymer_indel	<20
HLA-DPA1	classical_II	strict	MID	False	f2_protein	partial_cds	<20
HLA-DPA1	classical_II	strict	MID	False	f3_synonymous	clean	<20
HLA-DPA1	classical_II	strict	MID	False	f4_noncoding	clean	64
HLA-DPA1	classical_II	strict	MID	False	known	clean	531
HLA-DPA1	classical_II	strict	MID	True	f2_protein	clean	<20
HLA-DPA1	classical_II	strict	MID	True	f2_protein	homopolymer_indel	<20
HLA-DPA1	classical_II	strict	MID	True	f2_protein	partial_cds	<20
HLA-DPA1	classical_II	strict	MID	True	f3_synonymous	clean	<20
HLA-DPA1	classical_II	strict	MID	True	f4_noncoding	clean	62
HLA-DPA1	classical_II	strict	MID	True	known	clean	521
HLA-DPA1	classical_II	strict	POOLED	False	f2_protein	clean	30
HLA-DPA1	classical_II	strict	POOLED	False	f2_protein	homopolymer_indel	351
HLA-DPA1	classical_II	strict	POOLED	False	f2_protein	partial_cds	44
HLA-DPA1	classical_II	strict	POOLED	False	f3_synonymous	clean	<20
HLA-DPA1	classical_II	strict	POOLED	False	f4_noncoding	clean	2639
HLA-DPA1	classical_II	strict	POOLED	False	f4_noncoding	partial_cds	<20
HLA-DPA1	classical_II	strict	POOLED	False	known	clean	20600
HLA-DPA1	classical_II	strict	POOLED	True	f2_protein	clean	29
HLA-DPA1	classical_II	strict	POOLED	True	f2_protein	homopolymer_indel	344
HLA-DPA1	classical_II	strict	POOLED	True	f2_protein	partial_cds	42
HLA-DPA1	classical_II	strict	POOLED	True	f3_synonymous	clean	<20
HLA-DPA1	classical_II	strict	POOLED	True	f4_noncoding	clean	2556
HLA-DPA1	classical_II	strict	POOLED	True	f4_noncoding	partial_cds	<20
HLA-DPA1	classical_II	strict	POOLED	True	known	clean	19959
HLA-DPA1	classical_II	strict	SAS	False	f2_protein	clean	<20
HLA-DPA1	classical_II	strict	SAS	False	f2_protein	homopolymer_indel	35
HLA-DPA1	classical_II	strict	SAS	False	f2_protein	partial_cds	<20
HLA-DPA1	classical_II	strict	SAS	False	f3_synonymous	clean	<20
HLA-DPA1	classical_II	strict	SAS	False	f4_noncoding	clean	300
HLA-DPA1	classical_II	strict	SAS	False	known	clean	1935
HLA-DPA1	classical_II	strict	SAS	True	f2_protein	clean	<20
HLA-DPA1	classical_II	strict	SAS	True	f2_protein	homopolymer_indel	35
HLA-DPA1	classical_II	strict	SAS	True	f2_protein	partial_cds	<20
HLA-DPA1	classical_II	strict	SAS	True	f3_synonymous	clean	<20
HLA-DPA1	classical_II	strict	SAS	True	f4_noncoding	clean	297
HLA-DPA1	classical_II	strict	SAS	True	known	clean	1902
HLA-DPA1	classical_II	strict	UNASSIGNED	False	f2_protein	clean	<20
HLA-DPA1	classical_II	strict	UNASSIGNED	False	f2_protein	homopolymer_indel	122
HLA-DPA1	classical_II	strict	UNASSIGNED	False	f2_protein	partial_cds	<20
HLA-DPA1	classical_II	strict	UNASSIGNED	False	f3_synonymous	clean	<20
HLA-DPA1	classical_II	strict	UNASSIGNED	False	f4_noncoding	clean	768
HLA-DPA1	classical_II	strict	UNASSIGNED	False	f4_noncoding	partial_cds	<20
HLA-DPA1	classical_II	strict	UNASSIGNED	False	known	clean	6793
HLA-DPA1	classical_II	strict	UNASSIGNED	True	f2_protein	clean	<20
HLA-DPA1	classical_II	strict	UNASSIGNED	True	f2_protein	homopolymer_indel	120
HLA-DPA1	classical_II	strict	UNASSIGNED	True	f2_protein	partial_cds	<20
HLA-DPA1	classical_II	strict	UNASSIGNED	True	f3_synonymous	clean	<20
HLA-DPA1	classical_II	strict	UNASSIGNED	True	f4_noncoding	clean	752
HLA-DPA1	classical_II	strict	UNASSIGNED	True	f4_noncoding	partial_cds	<20
HLA-DPA1	classical_II	strict	UNASSIGNED	True	known	clean	6692
HLA-DPA2	class_II_paralog	pred	AFR	False	f2_protein	clean	36
HLA-DPA2	class_II_paralog	pred	AFR	False	f2_protein	homopolymer_indel	23
HLA-DPA2	class_II_paralog	pred	AFR	False	f2_protein	partial_cds	3656
HLA-DPA2	class_II_paralog	pred	AFR	False	f3_synonymous	partial_cds	280
HLA-DPA2	class_II_paralog	pred	AFR	False	f4_noncoding	partial_cds	1071
HLA-DPA2	class_II_paralog	pred	AFR	False	known	partial_cds	919
HLA-DPA2	class_II_paralog	pred	AFR	False	uncalled	partial_cds	<20
HLA-DPA2	class_II_paralog	pred	AFR	True	f2_protein	clean	36
HLA-DPA2	class_II_paralog	pred	AFR	True	f2_protein	homopolymer_indel	20
HLA-DPA2	class_II_paralog	pred	AFR	True	f2_protein	partial_cds	3544
HLA-DPA2	class_II_paralog	pred	AFR	True	f3_synonymous	partial_cds	274
HLA-DPA2	class_II_paralog	pred	AFR	True	f4_noncoding	partial_cds	1041
HLA-DPA2	class_II_paralog	pred	AFR	True	known	partial_cds	902
HLA-DPA2	class_II_paralog	pred	AFR	True	uncalled	partial_cds	<20
HLA-DPA2	class_II_paralog	pred	AMR	False	f1_undetermined	partial_cds	<20
HLA-DPA2	class_II_paralog	pred	AMR	False	f2_protein	clean	24
HLA-DPA2	class_II_paralog	pred	AMR	False	f2_protein	homopolymer_indel	45
HLA-DPA2	class_II_paralog	pred	AMR	False	f2_protein	partial_cds	1519
HLA-DPA2	class_II_paralog	pred	AMR	False	f3_synonymous	partial_cds	170
HLA-DPA2	class_II_paralog	pred	AMR	False	f4_noncoding	clean	<20
HLA-DPA2	class_II_paralog	pred	AMR	False	f4_noncoding	partial_cds	1262
HLA-DPA2	class_II_paralog	pred	AMR	False	known	partial_cds	2317
HLA-DPA2	class_II_paralog	pred	AMR	False	uncalled	partial_cds	<20
HLA-DPA2	class_II_paralog	pred	AMR	True	f1_undetermined	partial_cds	<20
HLA-DPA2	class_II_paralog	pred	AMR	True	f2_protein	clean	24
HLA-DPA2	class_II_paralog	pred	AMR	True	f2_protein	homopolymer_indel	40
HLA-DPA2	class_II_paralog	pred	AMR	True	f2_protein	partial_cds	1456
HLA-DPA2	class_II_paralog	pred	AMR	True	f3_synonymous	partial_cds	159
HLA-DPA2	class_II_paralog	pred	AMR	True	f4_noncoding	clean	<20
HLA-DPA2	class_II_paralog	pred	AMR	True	f4_noncoding	partial_cds	1209
HLA-DPA2	class_II_paralog	pred	AMR	True	known	partial_cds	2215
HLA-DPA2	class_II_paralog	pred	AMR	True	uncalled	partial_cds	<20
HLA-DPA2	class_II_paralog	pred	EAS	False	f2_protein	clean	<20
HLA-DPA2	class_II_paralog	pred	EAS	False	f2_protein	homopolymer_indel	<20
HLA-DPA2	class_II_paralog	pred	EAS	False	f2_protein	partial_cds	1651
HLA-DPA2	class_II_paralog	pred	EAS	False	f3_synonymous	partial_cds	44
HLA-DPA2	class_II_paralog	pred	EAS	False	f4_noncoding	partial_cds	416
HLA-DPA2	class_II_paralog	pred	EAS	False	known	partial_cds	734
HLA-DPA2	class_II_paralog	pred	EAS	True	f2_protein	clean	<20
HLA-DPA2	class_II_paralog	pred	EAS	True	f2_protein	homopolymer_indel	<20
HLA-DPA2	class_II_paralog	pred	EAS	True	f2_protein	partial_cds	1612
HLA-DPA2	class_II_paralog	pred	EAS	True	f3_synonymous	partial_cds	43
HLA-DPA2	class_II_paralog	pred	EAS	True	f4_noncoding	partial_cds	401
HLA-DPA2	class_II_paralog	pred	EAS	True	known	partial_cds	721
HLA-DPA2	class_II_paralog	pred	EUR	False	f1_undetermined	homopolymer_indel	<20
HLA-DPA2	class_II_paralog	pred	EUR	False	f1_undetermined	partial_cds	<20
HLA-DPA2	class_II_paralog	pred	EUR	False	f2_protein	clean	<20
HLA-DPA2	class_II_paralog	pred	EUR	False	f2_protein	homopolymer_indel	49
HLA-DPA2	class_II_paralog	pred	EUR	False	f2_protein	partial_cds	1172
HLA-DPA2	class_II_paralog	pred	EUR	False	f3_synonymous	partial_cds	125
HLA-DPA2	class_II_paralog	pred	EUR	False	f4_noncoding	partial_cds	1885
HLA-DPA2	class_II_paralog	pred	EUR	False	known	partial_cds	2685
HLA-DPA2	class_II_paralog	pred	EUR	True	f1_undetermined	homopolymer_indel	<20
HLA-DPA2	class_II_paralog	pred	EUR	True	f1_undetermined	partial_cds	<20
HLA-DPA2	class_II_paralog	pred	EUR	True	f2_protein	clean	<20
HLA-DPA2	class_II_paralog	pred	EUR	True	f2_protein	homopolymer_indel	49
HLA-DPA2	class_II_paralog	pred	EUR	True	f2_protein	partial_cds	1134
HLA-DPA2	class_II_paralog	pred	EUR	True	f3_synonymous	partial_cds	118
HLA-DPA2	class_II_paralog	pred	EUR	True	f4_noncoding	partial_cds	1835
HLA-DPA2	class_II_paralog	pred	EUR	True	known	partial_cds	2583
HLA-DPA2	class_II_paralog	pred	MID	False	f2_protein	clean	<20
HLA-DPA2	class_II_paralog	pred	MID	False	f2_protein	homopolymer_indel	<20
HLA-DPA2	class_II_paralog	pred	MID	False	f2_protein	partial_cds	204
HLA-DPA2	class_II_paralog	pred	MID	False	f3_synonymous	partial_cds	47
HLA-DPA2	class_II_paralog	pred	MID	False	f4_noncoding	partial_cds	283
HLA-DPA2	class_II_paralog	pred	MID	False	known	partial_cds	417
HLA-DPA2	class_II_paralog	pred	MID	True	f2_protein	clean	<20
HLA-DPA2	class_II_paralog	pred	MID	True	f2_protein	homopolymer_indel	<20
HLA-DPA2	class_II_paralog	pred	MID	True	f2_protein	partial_cds	200
HLA-DPA2	class_II_paralog	pred	MID	True	f3_synonymous	partial_cds	47
HLA-DPA2	class_II_paralog	pred	MID	True	f4_noncoding	partial_cds	276
HLA-DPA2	class_II_paralog	pred	MID	True	known	partial_cds	413
HLA-DPA2	class_II_paralog	pred	POOLED	False	f1_undetermined	homopolymer_indel	<20
HLA-DPA2	class_II_paralog	pred	POOLED	False	f1_undetermined	partial_cds	<20
HLA-DPA2	class_II_paralog	pred	POOLED	False	f2_protein	clean	84
HLA-DPA2	class_II_paralog	pred	POOLED	False	f2_protein	homopolymer_indel	155
HLA-DPA2	class_II_paralog	pred	POOLED	False	f2_protein	partial_cds	8912
HLA-DPA2	class_II_paralog	pred	POOLED	False	f3_synonymous	partial_cds	709
HLA-DPA2	class_II_paralog	pred	POOLED	False	f4_noncoding	clean	<20
HLA-DPA2	class_II_paralog	pred	POOLED	False	f4_noncoding	partial_cds	5659
HLA-DPA2	class_II_paralog	pred	POOLED	False	known	partial_cds	8044
HLA-DPA2	class_II_paralog	pred	POOLED	False	uncalled	partial_cds	<20
HLA-DPA2	class_II_paralog	pred	POOLED	True	f1_undetermined	homopolymer_indel	<20
HLA-DPA2	class_II_paralog	pred	POOLED	True	f1_undetermined	partial_cds	<20
HLA-DPA2	class_II_paralog	pred	POOLED	True	f2_protein	clean	83
HLA-DPA2	class_II_paralog	pred	POOLED	True	f2_protein	homopolymer_indel	147
HLA-DPA2	class_II_paralog	pred	POOLED	True	f2_protein	partial_cds	8641
HLA-DPA2	class_II_paralog	pred	POOLED	True	f3_synonymous	partial_cds	683
HLA-DPA2	class_II_paralog	pred	POOLED	True	f4_noncoding	clean	<20
HLA-DPA2	class_II_paralog	pred	POOLED	True	f4_noncoding	partial_cds	5493
HLA-DPA2	class_II_paralog	pred	POOLED	True	known	partial_cds	7789
HLA-DPA2	class_II_paralog	pred	POOLED	True	uncalled	partial_cds	<20
HLA-DPA2	class_II_paralog	pred	SAS	False	f2_protein	clean	<20
HLA-DPA2	class_II_paralog	pred	SAS	False	f2_protein	homopolymer_indel	<20
HLA-DPA2	class_II_paralog	pred	SAS	False	f2_protein	partial_cds	695
HLA-DPA2	class_II_paralog	pred	SAS	False	f3_synonymous	partial_cds	42
HLA-DPA2	class_II_paralog	pred	SAS	False	f4_noncoding	partial_cds	734
HLA-DPA2	class_II_paralog	pred	SAS	False	known	partial_cds	951
HLA-DPA2	class_II_paralog	pred	SAS	True	f2_protein	clean	<20
HLA-DPA2	class_II_paralog	pred	SAS	True	f2_protein	homopolymer_indel	<20
HLA-DPA2	class_II_paralog	pred	SAS	True	f2_protein	partial_cds	680
HLA-DPA2	class_II_paralog	pred	SAS	True	f3_synonymous	partial_cds	41
HLA-DPA2	class_II_paralog	pred	SAS	True	f4_noncoding	partial_cds	723
HLA-DPA2	class_II_paralog	pred	SAS	True	known	partial_cds	934
HLA-DPA2	class_II_paralog	pred	UNASSIGNED	False	f2_protein	partial_cds	<20
HLA-DPA2	class_II_paralog	pred	UNASSIGNED	False	f3_synonymous	partial_cds	<20
HLA-DPA2	class_II_paralog	pred	UNASSIGNED	False	f4_noncoding	partial_cds	<20
HLA-DPA2	class_II_paralog	pred	UNASSIGNED	False	known	partial_cds	21
HLA-DPA2	class_II_paralog	pred	UNASSIGNED	True	f2_protein	partial_cds	<20
HLA-DPA2	class_II_paralog	pred	UNASSIGNED	True	f3_synonymous	partial_cds	<20
HLA-DPA2	class_II_paralog	pred	UNASSIGNED	True	f4_noncoding	partial_cds	<20
HLA-DPA2	class_II_paralog	pred	UNASSIGNED	True	known	partial_cds	21
HLA-DPA2	class_II_paralog	strict	AFR	False	f2_protein	clean	22
HLA-DPA2	class_II_paralog	strict	AFR	False	f2_protein	homopolymer_indel	<20
HLA-DPA2	class_II_paralog	strict	AFR	False	f2_protein	partial_cds	2990
HLA-DPA2	class_II_paralog	strict	AFR	False	f3_synonymous	partial_cds	222
HLA-DPA2	class_II_paralog	strict	AFR	False	f4_noncoding	partial_cds	796
HLA-DPA2	class_II_paralog	strict	AFR	False	known	partial_cds	582
HLA-DPA2	class_II_paralog	strict	AFR	False	uncalled	partial_cds	<20
HLA-DPA2	class_II_paralog	strict	AFR	True	f2_protein	clean	22
HLA-DPA2	class_II_paralog	strict	AFR	True	f2_protein	homopolymer_indel	<20
HLA-DPA2	class_II_paralog	strict	AFR	True	f2_protein	partial_cds	2887
HLA-DPA2	class_II_paralog	strict	AFR	True	f3_synonymous	partial_cds	217
HLA-DPA2	class_II_paralog	strict	AFR	True	f4_noncoding	partial_cds	771
HLA-DPA2	class_II_paralog	strict	AFR	True	known	partial_cds	569
HLA-DPA2	class_II_paralog	strict	AFR	True	uncalled	partial_cds	<20
HLA-DPA2	class_II_paralog	strict	AMR	False	f2_protein	clean	<20
HLA-DPA2	class_II_paralog	strict	AMR	False	f2_protein	homopolymer_indel	27
HLA-DPA2	class_II_paralog	strict	AMR	False	f2_protein	partial_cds	815
HLA-DPA2	class_II_paralog	strict	AMR	False	f3_synonymous	partial_cds	107
HLA-DPA2	class_II_paralog	strict	AMR	False	f4_noncoding	partial_cds	728
HLA-DPA2	class_II_paralog	strict	AMR	False	known	partial_cds	1539
HLA-DPA2	class_II_paralog	strict	AMR	False	uncalled	partial_cds	<20
HLA-DPA2	class_II_paralog	strict	AMR	True	f2_protein	clean	<20
HLA-DPA2	class_II_paralog	strict	AMR	True	f2_protein	homopolymer_indel	24
HLA-DPA2	class_II_paralog	strict	AMR	True	f2_protein	partial_cds	768
HLA-DPA2	class_II_paralog	strict	AMR	True	f3_synonymous	partial_cds	98
HLA-DPA2	class_II_paralog	strict	AMR	True	f4_noncoding	partial_cds	686
HLA-DPA2	class_II_paralog	strict	AMR	True	known	partial_cds	1455
HLA-DPA2	class_II_paralog	strict	AMR	True	uncalled	partial_cds	<20
HLA-DPA2	class_II_paralog	strict	EAS	False	f2_protein	clean	<20
HLA-DPA2	class_II_paralog	strict	EAS	False	f2_protein	homopolymer_indel	<20
HLA-DPA2	class_II_paralog	strict	EAS	False	f2_protein	partial_cds	1477
HLA-DPA2	class_II_paralog	strict	EAS	False	f3_synonymous	partial_cds	37
HLA-DPA2	class_II_paralog	strict	EAS	False	f4_noncoding	partial_cds	339
HLA-DPA2	class_II_paralog	strict	EAS	False	known	partial_cds	629
HLA-DPA2	class_II_paralog	strict	EAS	True	f2_protein	clean	<20
HLA-DPA2	class_II_paralog	strict	EAS	True	f2_protein	homopolymer_indel	<20
HLA-DPA2	class_II_paralog	strict	EAS	True	f2_protein	partial_cds	1439
HLA-DPA2	class_II_paralog	strict	EAS	True	f3_synonymous	partial_cds	37
HLA-DPA2	class_II_paralog	strict	EAS	True	f4_noncoding	partial_cds	324
HLA-DPA2	class_II_paralog	strict	EAS	True	known	partial_cds	616
HLA-DPA2	class_II_paralog	strict	EUR	False	f1_undetermined	partial_cds	<20
HLA-DPA2	class_II_paralog	strict	EUR	False	f2_protein	clean	<20
HLA-DPA2	class_II_paralog	strict	EUR	False	f2_protein	homopolymer_indel	21
HLA-DPA2	class_II_paralog	strict	EUR	False	f2_protein	partial_cds	507
HLA-DPA2	class_II_paralog	strict	EUR	False	f3_synonymous	partial_cds	40
HLA-DPA2	class_II_paralog	strict	EUR	False	f4_noncoding	partial_cds	856
HLA-DPA2	class_II_paralog	strict	EUR	False	known	partial_cds	1211
HLA-DPA2	class_II_paralog	strict	EUR	True	f1_undetermined	partial_cds	<20
HLA-DPA2	class_II_paralog	strict	EUR	True	f2_protein	clean	<20
HLA-DPA2	class_II_paralog	strict	EUR	True	f2_protein	homopolymer_indel	21
HLA-DPA2	class_II_paralog	strict	EUR	True	f2_protein	partial_cds	477
HLA-DPA2	class_II_paralog	strict	EUR	True	f3_synonymous	partial_cds	35
HLA-DPA2	class_II_paralog	strict	EUR	True	f4_noncoding	partial_cds	821
HLA-DPA2	class_II_paralog	strict	EUR	True	known	partial_cds	1123
HLA-DPA2	class_II_paralog	strict	MID	False	f2_protein	clean	<20
HLA-DPA2	class_II_paralog	strict	MID	False	f2_protein	homopolymer_indel	<20
HLA-DPA2	class_II_paralog	strict	MID	False	f2_protein	partial_cds	132
HLA-DPA2	class_II_paralog	strict	MID	False	f3_synonymous	partial_cds	35
HLA-DPA2	class_II_paralog	strict	MID	False	f4_noncoding	partial_cds	177
HLA-DPA2	class_II_paralog	strict	MID	False	known	partial_cds	248
HLA-DPA2	class_II_paralog	strict	MID	True	f2_protein	clean	<20
HLA-DPA2	class_II_paralog	strict	MID	True	f2_protein	homopolymer_indel	<20
HLA-DPA2	class_II_paralog	strict	MID	True	f2_protein	partial_cds	128
HLA-DPA2	class_II_paralog	strict	MID	True	f3_synonymous	partial_cds	35
HLA-DPA2	class_II_paralog	strict	MID	True	f4_noncoding	partial_cds	173
HLA-DPA2	class_II_paralog	strict	MID	True	known	partial_cds	245
HLA-DPA2	class_II_paralog	strict	POOLED	False	f1_undetermined	homopolymer_indel	<20
HLA-DPA2	class_II_paralog	strict	POOLED	False	f1_undetermined	partial_cds	<20
HLA-DPA2	class_II_paralog	strict	POOLED	False	f2_protein	clean	84
HLA-DPA2	class_II_paralog	strict	POOLED	False	f2_protein	homopolymer_indel	155
HLA-DPA2	class_II_paralog	strict	POOLED	False	f2_protein	partial_cds	8912
HLA-DPA2	class_II_paralog	strict	POOLED	False	f3_synonymous	partial_cds	709
HLA-DPA2	class_II_paralog	strict	POOLED	False	f4_noncoding	clean	<20
HLA-DPA2	class_II_paralog	strict	POOLED	False	f4_noncoding	partial_cds	5659
HLA-DPA2	class_II_paralog	strict	POOLED	False	known	partial_cds	8044
HLA-DPA2	class_II_paralog	strict	POOLED	False	uncalled	partial_cds	<20
HLA-DPA2	class_II_paralog	strict	POOLED	True	f1_undetermined	homopolymer_indel	<20
HLA-DPA2	class_II_paralog	strict	POOLED	True	f1_undetermined	partial_cds	<20
HLA-DPA2	class_II_paralog	strict	POOLED	True	f2_protein	clean	83
HLA-DPA2	class_II_paralog	strict	POOLED	True	f2_protein	homopolymer_indel	147
HLA-DPA2	class_II_paralog	strict	POOLED	True	f2_protein	partial_cds	8641
HLA-DPA2	class_II_paralog	strict	POOLED	True	f3_synonymous	partial_cds	683
HLA-DPA2	class_II_paralog	strict	POOLED	True	f4_noncoding	clean	<20
HLA-DPA2	class_II_paralog	strict	POOLED	True	f4_noncoding	partial_cds	5493
HLA-DPA2	class_II_paralog	strict	POOLED	True	known	partial_cds	7789
HLA-DPA2	class_II_paralog	strict	POOLED	True	uncalled	partial_cds	<20
HLA-DPA2	class_II_paralog	strict	SAS	False	f2_protein	clean	<20
HLA-DPA2	class_II_paralog	strict	SAS	False	f2_protein	homopolymer_indel	<20
HLA-DPA2	class_II_paralog	strict	SAS	False	f2_protein	partial_cds	642
HLA-DPA2	class_II_paralog	strict	SAS	False	f3_synonymous	partial_cds	42
HLA-DPA2	class_II_paralog	strict	SAS	False	f4_noncoding	partial_cds	692
HLA-DPA2	class_II_paralog	strict	SAS	False	known	partial_cds	880
HLA-DPA2	class_II_paralog	strict	SAS	True	f2_protein	clean	<20
HLA-DPA2	class_II_paralog	strict	SAS	True	f2_protein	homopolymer_indel	<20
HLA-DPA2	class_II_paralog	strict	SAS	True	f2_protein	partial_cds	630
HLA-DPA2	class_II_paralog	strict	SAS	True	f3_synonymous	partial_cds	41
HLA-DPA2	class_II_paralog	strict	SAS	True	f4_noncoding	partial_cds	681
HLA-DPA2	class_II_paralog	strict	SAS	True	known	partial_cds	868
HLA-DPA2	class_II_paralog	strict	UNASSIGNED	False	f1_undetermined	homopolymer_indel	<20
HLA-DPA2	class_II_paralog	strict	UNASSIGNED	False	f1_undetermined	partial_cds	<20
HLA-DPA2	class_II_paralog	strict	UNASSIGNED	False	f2_protein	clean	34
HLA-DPA2	class_II_paralog	strict	UNASSIGNED	False	f2_protein	homopolymer_indel	60
HLA-DPA2	class_II_paralog	strict	UNASSIGNED	False	f2_protein	partial_cds	2349
HLA-DPA2	class_II_paralog	strict	UNASSIGNED	False	f3_synonymous	partial_cds	226
HLA-DPA2	class_II_paralog	strict	UNASSIGNED	False	f4_noncoding	clean	<20
HLA-DPA2	class_II_paralog	strict	UNASSIGNED	False	f4_noncoding	partial_cds	2071
HLA-DPA2	class_II_paralog	strict	UNASSIGNED	False	known	partial_cds	2955
HLA-DPA2	class_II_paralog	strict	UNASSIGNED	False	uncalled	partial_cds	<20
HLA-DPA2	class_II_paralog	strict	UNASSIGNED	True	f1_undetermined	homopolymer_indel	<20
HLA-DPA2	class_II_paralog	strict	UNASSIGNED	True	f1_undetermined	partial_cds	<20
HLA-DPA2	class_II_paralog	strict	UNASSIGNED	True	f2_protein	clean	34
HLA-DPA2	class_II_paralog	strict	UNASSIGNED	True	f2_protein	homopolymer_indel	58
HLA-DPA2	class_II_paralog	strict	UNASSIGNED	True	f2_protein	partial_cds	2312
HLA-DPA2	class_II_paralog	strict	UNASSIGNED	True	f3_synonymous	partial_cds	220
HLA-DPA2	class_II_paralog	strict	UNASSIGNED	True	f4_noncoding	clean	<20
HLA-DPA2	class_II_paralog	strict	UNASSIGNED	True	f4_noncoding	partial_cds	2037
HLA-DPA2	class_II_paralog	strict	UNASSIGNED	True	known	partial_cds	2913
HLA-DPA2	class_II_paralog	strict	UNASSIGNED	True	uncalled	partial_cds	<20
HLA-DPB1	classical_II	pred	AFR	False	f1_undetermined	homopolymer_indel	<20
HLA-DPB1	classical_II	pred	AFR	False	f2_protein	clean	<20
HLA-DPB1	classical_II	pred	AFR	False	f2_protein	homopolymer_indel	145
HLA-DPB1	classical_II	pred	AFR	False	f2_protein	partial_cds	<20
HLA-DPB1	classical_II	pred	AFR	False	f3_synonymous	clean	<20
HLA-DPB1	classical_II	pred	AFR	False	f4_noncoding	clean	1473
HLA-DPB1	classical_II	pred	AFR	False	f4_noncoding	partial_cds	<20
HLA-DPB1	classical_II	pred	AFR	False	known	clean	4319
HLA-DPB1	classical_II	pred	AFR	True	f1_undetermined	homopolymer_indel	<20
HLA-DPB1	classical_II	pred	AFR	True	f2_protein	clean	<20
HLA-DPB1	classical_II	pred	AFR	True	f2_protein	homopolymer_indel	139
HLA-DPB1	classical_II	pred	AFR	True	f2_protein	partial_cds	<20
HLA-DPB1	classical_II	pred	AFR	True	f3_synonymous	clean	<20
HLA-DPB1	classical_II	pred	AFR	True	f4_noncoding	clean	1443
HLA-DPB1	classical_II	pred	AFR	True	f4_noncoding	partial_cds	<20
HLA-DPB1	classical_II	pred	AFR	True	known	clean	4185
HLA-DPB1	classical_II	pred	AMR	False	f1_undetermined	partial_cds	<20
HLA-DPB1	classical_II	pred	AMR	False	f2_protein	clean	<20
HLA-DPB1	classical_II	pred	AMR	False	f2_protein	homopolymer_indel	116
HLA-DPB1	classical_II	pred	AMR	False	f2_protein	partial_cds	<20
HLA-DPB1	classical_II	pred	AMR	False	f3_synonymous	clean	<20
HLA-DPB1	classical_II	pred	AMR	False	f4_noncoding	clean	809
HLA-DPB1	classical_II	pred	AMR	False	f4_noncoding	partial_cds	<20
HLA-DPB1	classical_II	pred	AMR	False	known	clean	4350
HLA-DPB1	classical_II	pred	AMR	True	f1_undetermined	partial_cds	<20
HLA-DPB1	classical_II	pred	AMR	True	f2_protein	clean	<20
HLA-DPB1	classical_II	pred	AMR	True	f2_protein	homopolymer_indel	110
HLA-DPB1	classical_II	pred	AMR	True	f2_protein	partial_cds	<20
HLA-DPB1	classical_II	pred	AMR	True	f3_synonymous	clean	<20
HLA-DPB1	classical_II	pred	AMR	True	f4_noncoding	clean	780
HLA-DPB1	classical_II	pred	AMR	True	f4_noncoding	partial_cds	<20
HLA-DPB1	classical_II	pred	AMR	True	known	clean	4157
HLA-DPB1	classical_II	pred	EAS	False	f2_protein	clean	<20
HLA-DPB1	classical_II	pred	EAS	False	f2_protein	homopolymer_indel	61
HLA-DPB1	classical_II	pred	EAS	False	f2_protein	partial_cds	<20
HLA-DPB1	classical_II	pred	EAS	False	f3_synonymous	clean	<20
HLA-DPB1	classical_II	pred	EAS	False	f4_noncoding	clean	741
HLA-DPB1	classical_II	pred	EAS	False	f4_noncoding	partial_cds	<20
HLA-DPB1	classical_II	pred	EAS	False	known	clean	2047
HLA-DPB1	classical_II	pred	EAS	True	f2_protein	clean	<20
HLA-DPB1	classical_II	pred	EAS	True	f2_protein	homopolymer_indel	60
HLA-DPB1	classical_II	pred	EAS	True	f2_protein	partial_cds	<20
HLA-DPB1	classical_II	pred	EAS	True	f3_synonymous	clean	<20
HLA-DPB1	classical_II	pred	EAS	True	f4_noncoding	clean	725
HLA-DPB1	classical_II	pred	EAS	True	f4_noncoding	partial_cds	<20
HLA-DPB1	classical_II	pred	EAS	True	known	clean	1997
HLA-DPB1	classical_II	pred	EUR	False	f1_undetermined	homopolymer_indel	<20
HLA-DPB1	classical_II	pred	EUR	False	f2_protein	clean	<20
HLA-DPB1	classical_II	pred	EUR	False	f2_protein	homopolymer_indel	124
HLA-DPB1	classical_II	pred	EUR	False	f2_protein	partial_cds	<20
HLA-DPB1	classical_II	pred	EUR	False	f4_noncoding	clean	680
HLA-DPB1	classical_II	pred	EUR	False	f4_noncoding	partial_cds	<20
HLA-DPB1	classical_II	pred	EUR	False	known	clean	5060
HLA-DPB1	classical_II	pred	EUR	True	f1_undetermined	homopolymer_indel	<20
HLA-DPB1	classical_II	pred	EUR	True	f2_protein	clean	<20
HLA-DPB1	classical_II	pred	EUR	True	f2_protein	homopolymer_indel	120
HLA-DPB1	classical_II	pred	EUR	True	f2_protein	partial_cds	<20
HLA-DPB1	classical_II	pred	EUR	True	f4_noncoding	clean	662
HLA-DPB1	classical_II	pred	EUR	True	f4_noncoding	partial_cds	<20
HLA-DPB1	classical_II	pred	EUR	True	known	clean	4889
HLA-DPB1	classical_II	pred	MID	False	f2_protein	homopolymer_indel	22
HLA-DPB1	classical_II	pred	MID	False	f2_protein	partial_cds	<20
HLA-DPB1	classical_II	pred	MID	False	f3_synonymous	clean	<20
HLA-DPB1	classical_II	pred	MID	False	f4_noncoding	clean	181
HLA-DPB1	classical_II	pred	MID	False	known	clean	751
HLA-DPB1	classical_II	pred	MID	True	f2_protein	homopolymer_indel	22
HLA-DPB1	classical_II	pred	MID	True	f2_protein	partial_cds	<20
HLA-DPB1	classical_II	pred	MID	True	f3_synonymous	clean	<20
HLA-DPB1	classical_II	pred	MID	True	f4_noncoding	clean	177
HLA-DPB1	classical_II	pred	MID	True	known	clean	739
HLA-DPB1	classical_II	pred	POOLED	False	f1_undetermined	homopolymer_indel	<20
HLA-DPB1	classical_II	pred	POOLED	False	f1_undetermined	partial_cds	<20
HLA-DPB1	classical_II	pred	POOLED	False	f2_protein	clean	35
HLA-DPB1	classical_II	pred	POOLED	False	f2_protein	homopolymer_indel	507
HLA-DPB1	classical_II	pred	POOLED	False	f2_protein	partial_cds	43
HLA-DPB1	classical_II	pred	POOLED	False	f3_synonymous	clean	<20
HLA-DPB1	classical_II	pred	POOLED	False	f4_noncoding	clean	4404
HLA-DPB1	classical_II	pred	POOLED	False	f4_noncoding	partial_cds	51
HLA-DPB1	classical_II	pred	POOLED	False	known	clean	18421
HLA-DPB1	classical_II	pred	POOLED	True	f1_undetermined	homopolymer_indel	<20
HLA-DPB1	classical_II	pred	POOLED	True	f1_undetermined	partial_cds	<20
HLA-DPB1	classical_II	pred	POOLED	True	f2_protein	clean	35
HLA-DPB1	classical_II	pred	POOLED	True	f2_protein	homopolymer_indel	488
HLA-DPB1	classical_II	pred	POOLED	True	f2_protein	partial_cds	41
HLA-DPB1	classical_II	pred	POOLED	True	f3_synonymous	clean	<20
HLA-DPB1	classical_II	pred	POOLED	True	f4_noncoding	clean	4300
HLA-DPB1	classical_II	pred	POOLED	True	f4_noncoding	partial_cds	50
HLA-DPB1	classical_II	pred	POOLED	True	known	clean	17827
HLA-DPB1	classical_II	pred	SAS	False	f2_protein	clean	<20
HLA-DPB1	classical_II	pred	SAS	False	f2_protein	homopolymer_indel	39
HLA-DPB1	classical_II	pred	SAS	False	f2_protein	partial_cds	<20
HLA-DPB1	classical_II	pred	SAS	False	f3_synonymous	clean	<20
HLA-DPB1	classical_II	pred	SAS	False	f4_noncoding	clean	511
HLA-DPB1	classical_II	pred	SAS	False	f4_noncoding	partial_cds	<20
HLA-DPB1	classical_II	pred	SAS	False	known	clean	1858
HLA-DPB1	classical_II	pred	SAS	True	f2_protein	clean	<20
HLA-DPB1	classical_II	pred	SAS	True	f2_protein	homopolymer_indel	37
HLA-DPB1	classical_II	pred	SAS	True	f2_protein	partial_cds	<20
HLA-DPB1	classical_II	pred	SAS	True	f3_synonymous	clean	<20
HLA-DPB1	classical_II	pred	SAS	True	f4_noncoding	clean	504
HLA-DPB1	classical_II	pred	SAS	True	f4_noncoding	partial_cds	<20
HLA-DPB1	classical_II	pred	SAS	True	known	clean	1824
HLA-DPB1	classical_II	pred	UNASSIGNED	False	f4_noncoding	clean	<20
HLA-DPB1	classical_II	pred	UNASSIGNED	False	known	clean	36
HLA-DPB1	classical_II	pred	UNASSIGNED	True	f4_noncoding	clean	<20
HLA-DPB1	classical_II	pred	UNASSIGNED	True	known	clean	36
HLA-DPB1	classical_II	strict	AFR	False	f1_undetermined	homopolymer_indel	<20
HLA-DPB1	classical_II	strict	AFR	False	f2_protein	clean	<20
HLA-DPB1	classical_II	strict	AFR	False	f2_protein	homopolymer_indel	115
HLA-DPB1	classical_II	strict	AFR	False	f2_protein	partial_cds	<20
HLA-DPB1	classical_II	strict	AFR	False	f3_synonymous	clean	<20
HLA-DPB1	classical_II	strict	AFR	False	f4_noncoding	clean	1162
HLA-DPB1	classical_II	strict	AFR	False	f4_noncoding	partial_cds	<20
HLA-DPB1	classical_II	strict	AFR	False	known	clean	3314
HLA-DPB1	classical_II	strict	AFR	True	f1_undetermined	homopolymer_indel	<20
HLA-DPB1	classical_II	strict	AFR	True	f2_protein	clean	<20
HLA-DPB1	classical_II	strict	AFR	True	f2_protein	homopolymer_indel	109
HLA-DPB1	classical_II	strict	AFR	True	f2_protein	partial_cds	<20
HLA-DPB1	classical_II	strict	AFR	True	f3_synonymous	clean	<20
HLA-DPB1	classical_II	strict	AFR	True	f4_noncoding	clean	1134
HLA-DPB1	classical_II	strict	AFR	True	f4_noncoding	partial_cds	<20
HLA-DPB1	classical_II	strict	AFR	True	known	clean	3198
HLA-DPB1	classical_II	strict	AMR	False	f2_protein	clean	<20
HLA-DPB1	classical_II	strict	AMR	False	f2_protein	homopolymer_indel	65
HLA-DPB1	classical_II	strict	AMR	False	f2_protein	partial_cds	<20
HLA-DPB1	classical_II	strict	AMR	False	f4_noncoding	clean	444
HLA-DPB1	classical_II	strict	AMR	False	f4_noncoding	partial_cds	<20
HLA-DPB1	classical_II	strict	AMR	False	known	clean	2682
HLA-DPB1	classical_II	strict	AMR	True	f2_protein	clean	<20
HLA-DPB1	classical_II	strict	AMR	True	f2_protein	homopolymer_indel	62
HLA-DPB1	classical_II	strict	AMR	True	f2_protein	partial_cds	<20
HLA-DPB1	classical_II	strict	AMR	True	f4_noncoding	clean	425
HLA-DPB1	classical_II	strict	AMR	True	f4_noncoding	partial_cds	<20
HLA-DPB1	classical_II	strict	AMR	True	known	clean	2522
HLA-DPB1	classical_II	strict	EAS	False	f2_protein	clean	<20
HLA-DPB1	classical_II	strict	EAS	False	f2_protein	homopolymer_indel	49
HLA-DPB1	classical_II	strict	EAS	False	f2_protein	partial_cds	<20
HLA-DPB1	classical_II	strict	EAS	False	f3_synonymous	clean	<20
HLA-DPB1	classical_II	strict	EAS	False	f4_noncoding	clean	672
HLA-DPB1	classical_II	strict	EAS	False	f4_noncoding	partial_cds	<20
HLA-DPB1	classical_II	strict	EAS	False	known	clean	1766
HLA-DPB1	classical_II	strict	EAS	True	f2_protein	clean	<20
HLA-DPB1	classical_II	strict	EAS	True	f2_protein	homopolymer_indel	48
HLA-DPB1	classical_II	strict	EAS	True	f2_protein	partial_cds	<20
HLA-DPB1	classical_II	strict	EAS	True	f3_synonymous	clean	<20
HLA-DPB1	classical_II	strict	EAS	True	f4_noncoding	clean	656
HLA-DPB1	classical_II	strict	EAS	True	f4_noncoding	partial_cds	<20
HLA-DPB1	classical_II	strict	EAS	True	known	clean	1718
HLA-DPB1	classical_II	strict	EUR	False	f1_undetermined	homopolymer_indel	<20
HLA-DPB1	classical_II	strict	EUR	False	f2_protein	clean	<20
HLA-DPB1	classical_II	strict	EUR	False	f2_protein	homopolymer_indel	68
HLA-DPB1	classical_II	strict	EUR	False	f2_protein	partial_cds	<20
HLA-DPB1	classical_II	strict	EUR	False	f4_noncoding	clean	302
HLA-DPB1	classical_II	strict	EUR	False	f4_noncoding	partial_cds	<20
HLA-DPB1	classical_II	strict	EUR	False	known	clean	2248
HLA-DPB1	classical_II	strict	EUR	True	f1_undetermined	homopolymer_indel	<20
HLA-DPB1	classical_II	strict	EUR	True	f2_protein	clean	<20
HLA-DPB1	classical_II	strict	EUR	True	f2_protein	homopolymer_indel	64
HLA-DPB1	classical_II	strict	EUR	True	f2_protein	partial_cds	<20
HLA-DPB1	classical_II	strict	EUR	True	f4_noncoding	clean	290
HLA-DPB1	classical_II	strict	EUR	True	f4_noncoding	partial_cds	<20
HLA-DPB1	classical_II	strict	EUR	True	known	clean	2109
HLA-DPB1	classical_II	strict	MID	False	f2_protein	homopolymer_indel	<20
HLA-DPB1	classical_II	strict	MID	False	f2_protein	partial_cds	<20
HLA-DPB1	classical_II	strict	MID	False	f3_synonymous	clean	<20
HLA-DPB1	classical_II	strict	MID	False	f4_noncoding	clean	115
HLA-DPB1	classical_II	strict	MID	False	known	clean	471
HLA-DPB1	classical_II	strict	MID	True	f2_protein	homopolymer_indel	<20
HLA-DPB1	classical_II	strict	MID	True	f2_protein	partial_cds	<20
HLA-DPB1	classical_II	strict	MID	True	f3_synonymous	clean	<20
HLA-DPB1	classical_II	strict	MID	True	f4_noncoding	clean	111
HLA-DPB1	classical_II	strict	MID	True	known	clean	463
HLA-DPB1	classical_II	strict	POOLED	False	f1_undetermined	homopolymer_indel	<20
HLA-DPB1	classical_II	strict	POOLED	False	f1_undetermined	partial_cds	<20
HLA-DPB1	classical_II	strict	POOLED	False	f2_protein	clean	35
HLA-DPB1	classical_II	strict	POOLED	False	f2_protein	homopolymer_indel	507
HLA-DPB1	classical_II	strict	POOLED	False	f2_protein	partial_cds	43
HLA-DPB1	classical_II	strict	POOLED	False	f3_synonymous	clean	<20
HLA-DPB1	classical_II	strict	POOLED	False	f4_noncoding	clean	4404
HLA-DPB1	classical_II	strict	POOLED	False	f4_noncoding	partial_cds	51
HLA-DPB1	classical_II	strict	POOLED	False	known	clean	18421
HLA-DPB1	classical_II	strict	POOLED	True	f1_undetermined	homopolymer_indel	<20
HLA-DPB1	classical_II	strict	POOLED	True	f1_undetermined	partial_cds	<20
HLA-DPB1	classical_II	strict	POOLED	True	f2_protein	clean	35
HLA-DPB1	classical_II	strict	POOLED	True	f2_protein	homopolymer_indel	488
HLA-DPB1	classical_II	strict	POOLED	True	f2_protein	partial_cds	41
HLA-DPB1	classical_II	strict	POOLED	True	f3_synonymous	clean	<20
HLA-DPB1	classical_II	strict	POOLED	True	f4_noncoding	clean	4300
HLA-DPB1	classical_II	strict	POOLED	True	f4_noncoding	partial_cds	50
HLA-DPB1	classical_II	strict	POOLED	True	known	clean	17827
HLA-DPB1	classical_II	strict	SAS	False	f2_protein	clean	<20
HLA-DPB1	classical_II	strict	SAS	False	f2_protein	homopolymer_indel	35
HLA-DPB1	classical_II	strict	SAS	False	f2_protein	partial_cds	<20
HLA-DPB1	classical_II	strict	SAS	False	f3_synonymous	clean	<20
HLA-DPB1	classical_II	strict	SAS	False	f4_noncoding	clean	484
HLA-DPB1	classical_II	strict	SAS	False	f4_noncoding	partial_cds	<20
HLA-DPB1	classical_II	strict	SAS	False	known	clean	1722
HLA-DPB1	classical_II	strict	SAS	True	f2_protein	clean	<20
HLA-DPB1	classical_II	strict	SAS	True	f2_protein	homopolymer_indel	34
HLA-DPB1	classical_II	strict	SAS	True	f2_protein	partial_cds	<20
HLA-DPB1	classical_II	strict	SAS	True	f3_synonymous	clean	<20
HLA-DPB1	classical_II	strict	SAS	True	f4_noncoding	clean	477
HLA-DPB1	classical_II	strict	SAS	True	f4_noncoding	partial_cds	<20
HLA-DPB1	classical_II	strict	SAS	True	known	clean	1694
HLA-DPB1	classical_II	strict	UNASSIGNED	False	f1_undetermined	partial_cds	<20
HLA-DPB1	classical_II	strict	UNASSIGNED	False	f2_protein	clean	<20
HLA-DPB1	classical_II	strict	UNASSIGNED	False	f2_protein	homopolymer_indel	163
HLA-DPB1	classical_II	strict	UNASSIGNED	False	f2_protein	partial_cds	<20
HLA-DPB1	classical_II	strict	UNASSIGNED	False	f3_synonymous	clean	<20
HLA-DPB1	classical_II	strict	UNASSIGNED	False	f4_noncoding	clean	1225
HLA-DPB1	classical_II	strict	UNASSIGNED	False	f4_noncoding	partial_cds	<20
HLA-DPB1	classical_II	strict	UNASSIGNED	False	known	clean	6218
HLA-DPB1	classical_II	strict	UNASSIGNED	True	f1_undetermined	partial_cds	<20
HLA-DPB1	classical_II	strict	UNASSIGNED	True	f2_protein	clean	<20
HLA-DPB1	classical_II	strict	UNASSIGNED	True	f2_protein	homopolymer_indel	159
HLA-DPB1	classical_II	strict	UNASSIGNED	True	f2_protein	partial_cds	<20
HLA-DPB1	classical_II	strict	UNASSIGNED	True	f3_synonymous	clean	<20
HLA-DPB1	classical_II	strict	UNASSIGNED	True	f4_noncoding	clean	1207
HLA-DPB1	classical_II	strict	UNASSIGNED	True	f4_noncoding	partial_cds	<20
HLA-DPB1	classical_II	strict	UNASSIGNED	True	known	clean	6123
HLA-DPB2	class_II_paralog	pred	AFR	False	f2_protein	clean	<20
HLA-DPB2	class_II_paralog	pred	AFR	False	f2_protein	homopolymer_indel	112
HLA-DPB2	class_II_paralog	pred	AFR	False	f2_protein	partial_cds	890
HLA-DPB2	class_II_paralog	pred	AFR	False	f3_synonymous	partial_cds	196
HLA-DPB2	class_II_paralog	pred	AFR	False	f4_noncoding	clean	<20
HLA-DPB2	class_II_paralog	pred	AFR	False	f4_noncoding	partial_cds	4399
HLA-DPB2	class_II_paralog	pred	AFR	False	known	partial_cds	274
HLA-DPB2	class_II_paralog	pred	AFR	False	uncalled	clean	<20
HLA-DPB2	class_II_paralog	pred	AFR	True	f2_protein	clean	<20
HLA-DPB2	class_II_paralog	pred	AFR	True	f2_protein	homopolymer_indel	111
HLA-DPB2	class_II_paralog	pred	AFR	True	f2_protein	partial_cds	863
HLA-DPB2	class_II_paralog	pred	AFR	True	f3_synonymous	partial_cds	190
HLA-DPB2	class_II_paralog	pred	AFR	True	f4_noncoding	clean	<20
HLA-DPB2	class_II_paralog	pred	AFR	True	f4_noncoding	partial_cds	4269
HLA-DPB2	class_II_paralog	pred	AFR	True	known	partial_cds	270
HLA-DPB2	class_II_paralog	pred	AFR	True	uncalled	clean	<20
HLA-DPB2	class_II_paralog	pred	AMR	False	f2_protein	clean	<20
HLA-DPB2	class_II_paralog	pred	AMR	False	f2_protein	homopolymer_indel	90
HLA-DPB2	class_II_paralog	pred	AMR	False	f2_protein	partial_cds	786
HLA-DPB2	class_II_paralog	pred	AMR	False	f3_synonymous	partial_cds	43
HLA-DPB2	class_II_paralog	pred	AMR	False	f4_noncoding	partial_cds	3702
HLA-DPB2	class_II_paralog	pred	AMR	False	known	partial_cds	613
HLA-DPB2	class_II_paralog	pred	AMR	True	f2_protein	clean	<20
HLA-DPB2	class_II_paralog	pred	AMR	True	f2_protein	homopolymer_indel	86
HLA-DPB2	class_II_paralog	pred	AMR	True	f2_protein	partial_cds	750
HLA-DPB2	class_II_paralog	pred	AMR	True	f3_synonymous	partial_cds	39
HLA-DPB2	class_II_paralog	pred	AMR	True	f4_noncoding	partial_cds	3537
HLA-DPB2	class_II_paralog	pred	AMR	True	known	partial_cds	593
HLA-DPB2	class_II_paralog	pred	EAS	False	f2_protein	clean	<20
HLA-DPB2	class_II_paralog	pred	EAS	False	f2_protein	homopolymer_indel	47
HLA-DPB2	class_II_paralog	pred	EAS	False	f2_protein	partial_cds	308
HLA-DPB2	class_II_paralog	pred	EAS	False	f3_synonymous	partial_cds	<20
HLA-DPB2	class_II_paralog	pred	EAS	False	f4_noncoding	clean	<20
HLA-DPB2	class_II_paralog	pred	EAS	False	f4_noncoding	partial_cds	2098
HLA-DPB2	class_II_paralog	pred	EAS	False	known	partial_cds	378
HLA-DPB2	class_II_paralog	pred	EAS	True	f2_protein	clean	<20
HLA-DPB2	class_II_paralog	pred	EAS	True	f2_protein	homopolymer_indel	45
HLA-DPB2	class_II_paralog	pred	EAS	True	f2_protein	partial_cds	301
HLA-DPB2	class_II_paralog	pred	EAS	True	f3_synonymous	partial_cds	<20
HLA-DPB2	class_II_paralog	pred	EAS	True	f4_noncoding	clean	<20
HLA-DPB2	class_II_paralog	pred	EAS	True	f4_noncoding	partial_cds	2049
HLA-DPB2	class_II_paralog	pred	EAS	True	known	partial_cds	371
HLA-DPB2	class_II_paralog	pred	EUR	False	f2_protein	clean	<20
HLA-DPB2	class_II_paralog	pred	EUR	False	f2_protein	homopolymer_indel	120
HLA-DPB2	class_II_paralog	pred	EUR	False	f2_protein	partial_cds	1100
HLA-DPB2	class_II_paralog	pred	EUR	False	f3_synonymous	partial_cds	<20
HLA-DPB2	class_II_paralog	pred	EUR	False	f4_noncoding	clean	<20
HLA-DPB2	class_II_paralog	pred	EUR	False	f4_noncoding	partial_cds	3351
HLA-DPB2	class_II_paralog	pred	EUR	False	known	partial_cds	1231
HLA-DPB2	class_II_paralog	pred	EUR	False	uncalled	partial_cds	<20
HLA-DPB2	class_II_paralog	pred	EUR	True	f2_protein	clean	<20
HLA-DPB2	class_II_paralog	pred	EUR	True	f2_protein	homopolymer_indel	118
HLA-DPB2	class_II_paralog	pred	EUR	True	f2_protein	partial_cds	1064
HLA-DPB2	class_II_paralog	pred	EUR	True	f3_synonymous	partial_cds	<20
HLA-DPB2	class_II_paralog	pred	EUR	True	f4_noncoding	clean	<20
HLA-DPB2	class_II_paralog	pred	EUR	True	f4_noncoding	partial_cds	3234
HLA-DPB2	class_II_paralog	pred	EUR	True	known	partial_cds	1186
HLA-DPB2	class_II_paralog	pred	EUR	True	uncalled	partial_cds	<20
HLA-DPB2	class_II_paralog	pred	MID	False	f2_protein	clean	<20
HLA-DPB2	class_II_paralog	pred	MID	False	f2_protein	homopolymer_indel	<20
HLA-DPB2	class_II_paralog	pred	MID	False	f2_protein	partial_cds	239
HLA-DPB2	class_II_paralog	pred	MID	False	f3_synonymous	partial_cds	<20
HLA-DPB2	class_II_paralog	pred	MID	False	f4_noncoding	clean	<20
HLA-DPB2	class_II_paralog	pred	MID	False	f4_noncoding	partial_cds	507
HLA-DPB2	class_II_paralog	pred	MID	False	known	partial_cds	189
HLA-DPB2	class_II_paralog	pred	MID	True	f2_protein	clean	<20
HLA-DPB2	class_II_paralog	pred	MID	True	f2_protein	homopolymer_indel	<20
HLA-DPB2	class_II_paralog	pred	MID	True	f2_protein	partial_cds	236
HLA-DPB2	class_II_paralog	pred	MID	True	f3_synonymous	partial_cds	<20
HLA-DPB2	class_II_paralog	pred	MID	True	f4_noncoding	clean	<20
HLA-DPB2	class_II_paralog	pred	MID	True	f4_noncoding	partial_cds	497
HLA-DPB2	class_II_paralog	pred	MID	True	known	partial_cds	186
HLA-DPB2	class_II_paralog	pred	POOLED	False	f2_protein	clean	38
HLA-DPB2	class_II_paralog	pred	POOLED	False	f2_protein	homopolymer_indel	420
HLA-DPB2	class_II_paralog	pred	POOLED	False	f2_protein	partial_cds	3768
HLA-DPB2	class_II_paralog	pred	POOLED	False	f3_synonymous	partial_cds	265
HLA-DPB2	class_II_paralog	pred	POOLED	False	f4_noncoding	clean	<20
HLA-DPB2	class_II_paralog	pred	POOLED	False	f4_noncoding	partial_cds	15645
HLA-DPB2	class_II_paralog	pred	POOLED	False	known	partial_cds	3067
HLA-DPB2	class_II_paralog	pred	POOLED	False	uncalled	clean	<20
HLA-DPB2	class_II_paralog	pred	POOLED	False	uncalled	partial_cds	<20
HLA-DPB2	class_II_paralog	pred	POOLED	True	f2_protein	clean	38
HLA-DPB2	class_II_paralog	pred	POOLED	True	f2_protein	homopolymer_indel	408
HLA-DPB2	class_II_paralog	pred	POOLED	True	f2_protein	partial_cds	3653
HLA-DPB2	class_II_paralog	pred	POOLED	True	f3_synonymous	partial_cds	254
HLA-DPB2	class_II_paralog	pred	POOLED	True	f4_noncoding	clean	<20
HLA-DPB2	class_II_paralog	pred	POOLED	True	f4_noncoding	partial_cds	15149
HLA-DPB2	class_II_paralog	pred	POOLED	True	known	partial_cds	2980
HLA-DPB2	class_II_paralog	pred	POOLED	True	uncalled	clean	<20
HLA-DPB2	class_II_paralog	pred	POOLED	True	uncalled	partial_cds	<20
HLA-DPB2	class_II_paralog	pred	SAS	False	f2_protein	clean	<20
HLA-DPB2	class_II_paralog	pred	SAS	False	f2_protein	homopolymer_indel	42
HLA-DPB2	class_II_paralog	pred	SAS	False	f2_protein	partial_cds	436
HLA-DPB2	class_II_paralog	pred	SAS	False	f3_synonymous	partial_cds	<20
HLA-DPB2	class_II_paralog	pred	SAS	False	f4_noncoding	clean	<20
HLA-DPB2	class_II_paralog	pred	SAS	False	f4_noncoding	partial_cds	1560
HLA-DPB2	class_II_paralog	pred	SAS	False	known	partial_cds	376
HLA-DPB2	class_II_paralog	pred	SAS	True	f2_protein	clean	<20
HLA-DPB2	class_II_paralog	pred	SAS	True	f2_protein	homopolymer_indel	39
HLA-DPB2	class_II_paralog	pred	SAS	True	f2_protein	partial_cds	430
HLA-DPB2	class_II_paralog	pred	SAS	True	f3_synonymous	partial_cds	<20
HLA-DPB2	class_II_paralog	pred	SAS	True	f4_noncoding	clean	<20
HLA-DPB2	class_II_paralog	pred	SAS	True	f4_noncoding	partial_cds	1535
HLA-DPB2	class_II_paralog	pred	SAS	True	known	partial_cds	368
HLA-DPB2	class_II_paralog	pred	UNASSIGNED	False	f2_protein	partial_cds	<20
HLA-DPB2	class_II_paralog	pred	UNASSIGNED	False	f3_synonymous	partial_cds	<20
HLA-DPB2	class_II_paralog	pred	UNASSIGNED	False	f4_noncoding	partial_cds	28
HLA-DPB2	class_II_paralog	pred	UNASSIGNED	False	known	partial_cds	<20
HLA-DPB2	class_II_paralog	pred	UNASSIGNED	True	f2_protein	partial_cds	<20
HLA-DPB2	class_II_paralog	pred	UNASSIGNED	True	f3_synonymous	partial_cds	<20
HLA-DPB2	class_II_paralog	pred	UNASSIGNED	True	f4_noncoding	partial_cds	28
HLA-DPB2	class_II_paralog	pred	UNASSIGNED	True	known	partial_cds	<20
HLA-DPB2	class_II_paralog	strict	AFR	False	f2_protein	clean	<20
HLA-DPB2	class_II_paralog	strict	AFR	False	f2_protein	homopolymer_indel	79
HLA-DPB2	class_II_paralog	strict	AFR	False	f2_protein	partial_cds	684
HLA-DPB2	class_II_paralog	strict	AFR	False	f3_synonymous	partial_cds	155
HLA-DPB2	class_II_paralog	strict	AFR	False	f4_noncoding	clean	<20
HLA-DPB2	class_II_paralog	strict	AFR	False	f4_noncoding	partial_cds	3459
HLA-DPB2	class_II_paralog	strict	AFR	False	known	partial_cds	160
HLA-DPB2	class_II_paralog	strict	AFR	False	uncalled	clean	<20
HLA-DPB2	class_II_paralog	strict	AFR	True	f2_protein	clean	<20
HLA-DPB2	class_II_paralog	strict	AFR	True	f2_protein	homopolymer_indel	78
HLA-DPB2	class_II_paralog	strict	AFR	True	f2_protein	partial_cds	659
HLA-DPB2	class_II_paralog	strict	AFR	True	f3_synonymous	partial_cds	149
HLA-DPB2	class_II_paralog	strict	AFR	True	f4_noncoding	clean	<20
HLA-DPB2	class_II_paralog	strict	AFR	True	f4_noncoding	partial_cds	3344
HLA-DPB2	class_II_paralog	strict	AFR	True	known	partial_cds	158
HLA-DPB2	class_II_paralog	strict	AFR	True	uncalled	clean	<20
HLA-DPB2	class_II_paralog	strict	AMR	False	f2_protein	clean	<20
HLA-DPB2	class_II_paralog	strict	AMR	False	f2_protein	homopolymer_indel	44
HLA-DPB2	class_II_paralog	strict	AMR	False	f2_protein	partial_cds	447
HLA-DPB2	class_II_paralog	strict	AMR	False	f3_synonymous	partial_cds	22
HLA-DPB2	class_II_paralog	strict	AMR	False	f4_noncoding	partial_cds	2326
HLA-DPB2	class_II_paralog	strict	AMR	False	known	partial_cds	333
HLA-DPB2	class_II_paralog	strict	AMR	True	f2_protein	clean	<20
HLA-DPB2	class_II_paralog	strict	AMR	True	f2_protein	homopolymer_indel	43
HLA-DPB2	class_II_paralog	strict	AMR	True	f2_protein	partial_cds	419
HLA-DPB2	class_II_paralog	strict	AMR	True	f3_synonymous	partial_cds	<20
HLA-DPB2	class_II_paralog	strict	AMR	True	f4_noncoding	partial_cds	2192
HLA-DPB2	class_II_paralog	strict	AMR	True	known	partial_cds	318
HLA-DPB2	class_II_paralog	strict	EAS	False	f2_protein	clean	<20
HLA-DPB2	class_II_paralog	strict	EAS	False	f2_protein	homopolymer_indel	41
HLA-DPB2	class_II_paralog	strict	EAS	False	f2_protein	partial_cds	256
HLA-DPB2	class_II_paralog	strict	EAS	False	f3_synonymous	partial_cds	<20
HLA-DPB2	class_II_paralog	strict	EAS	False	f4_noncoding	clean	<20
HLA-DPB2	class_II_paralog	strict	EAS	False	f4_noncoding	partial_cds	1853
HLA-DPB2	class_II_paralog	strict	EAS	False	known	partial_cds	324
HLA-DPB2	class_II_paralog	strict	EAS	True	f2_protein	clean	<20
HLA-DPB2	class_II_paralog	strict	EAS	True	f2_protein	homopolymer_indel	39
HLA-DPB2	class_II_paralog	strict	EAS	True	f2_protein	partial_cds	250
HLA-DPB2	class_II_paralog	strict	EAS	True	f3_synonymous	partial_cds	<20
HLA-DPB2	class_II_paralog	strict	EAS	True	f4_noncoding	clean	<20
HLA-DPB2	class_II_paralog	strict	EAS	True	f4_noncoding	partial_cds	1805
HLA-DPB2	class_II_paralog	strict	EAS	True	known	partial_cds	317
HLA-DPB2	class_II_paralog	strict	EUR	False	f2_protein	clean	<20
HLA-DPB2	class_II_paralog	strict	EUR	False	f2_protein	homopolymer_indel	62
HLA-DPB2	class_II_paralog	strict	EUR	False	f2_protein	partial_cds	314
HLA-DPB2	class_II_paralog	strict	EUR	False	f3_synonymous	partial_cds	<20
HLA-DPB2	class_II_paralog	strict	EUR	False	f4_noncoding	clean	<20
HLA-DPB2	class_II_paralog	strict	EUR	False	f4_noncoding	partial_cds	1657
HLA-DPB2	class_II_paralog	strict	EUR	False	known	partial_cds	562
HLA-DPB2	class_II_paralog	strict	EUR	True	f2_protein	clean	<20
HLA-DPB2	class_II_paralog	strict	EUR	True	f2_protein	homopolymer_indel	60
HLA-DPB2	class_II_paralog	strict	EUR	True	f2_protein	partial_cds	287
HLA-DPB2	class_II_paralog	strict	EUR	True	f3_synonymous	partial_cds	<20
HLA-DPB2	class_II_paralog	strict	EUR	True	f4_noncoding	clean	<20
HLA-DPB2	class_II_paralog	strict	EUR	True	f4_noncoding	partial_cds	1554
HLA-DPB2	class_II_paralog	strict	EUR	True	known	partial_cds	532
HLA-DPB2	class_II_paralog	strict	MID	False	f2_protein	clean	<20
HLA-DPB2	class_II_paralog	strict	MID	False	f2_protein	homopolymer_indel	<20
HLA-DPB2	class_II_paralog	strict	MID	False	f2_protein	partial_cds	159
HLA-DPB2	class_II_paralog	strict	MID	False	f3_synonymous	partial_cds	<20
HLA-DPB2	class_II_paralog	strict	MID	False	f4_noncoding	clean	<20
HLA-DPB2	class_II_paralog	strict	MID	False	f4_noncoding	partial_cds	321
HLA-DPB2	class_II_paralog	strict	MID	False	known	partial_cds	102
HLA-DPB2	class_II_paralog	strict	MID	True	f2_protein	clean	<20
HLA-DPB2	class_II_paralog	strict	MID	True	f2_protein	homopolymer_indel	<20
HLA-DPB2	class_II_paralog	strict	MID	True	f2_protein	partial_cds	157
HLA-DPB2	class_II_paralog	strict	MID	True	f3_synonymous	partial_cds	<20
HLA-DPB2	class_II_paralog	strict	MID	True	f4_noncoding	clean	<20
HLA-DPB2	class_II_paralog	strict	MID	True	f4_noncoding	partial_cds	314
HLA-DPB2	class_II_paralog	strict	MID	True	known	partial_cds	99
HLA-DPB2	class_II_paralog	strict	POOLED	False	f2_protein	clean	38
HLA-DPB2	class_II_paralog	strict	POOLED	False	f2_protein	homopolymer_indel	420
HLA-DPB2	class_II_paralog	strict	POOLED	False	f2_protein	partial_cds	3768
HLA-DPB2	class_II_paralog	strict	POOLED	False	f3_synonymous	partial_cds	265
HLA-DPB2	class_II_paralog	strict	POOLED	False	f4_noncoding	clean	<20
HLA-DPB2	class_II_paralog	strict	POOLED	False	f4_noncoding	partial_cds	15645
HLA-DPB2	class_II_paralog	strict	POOLED	False	known	partial_cds	3067
HLA-DPB2	class_II_paralog	strict	POOLED	False	uncalled	clean	<20
HLA-DPB2	class_II_paralog	strict	POOLED	False	uncalled	partial_cds	<20
HLA-DPB2	class_II_paralog	strict	POOLED	True	f2_protein	clean	38
HLA-DPB2	class_II_paralog	strict	POOLED	True	f2_protein	homopolymer_indel	408
HLA-DPB2	class_II_paralog	strict	POOLED	True	f2_protein	partial_cds	3653
HLA-DPB2	class_II_paralog	strict	POOLED	True	f3_synonymous	partial_cds	254
HLA-DPB2	class_II_paralog	strict	POOLED	True	f4_noncoding	clean	<20
HLA-DPB2	class_II_paralog	strict	POOLED	True	f4_noncoding	partial_cds	15149
HLA-DPB2	class_II_paralog	strict	POOLED	True	known	partial_cds	2980
HLA-DPB2	class_II_paralog	strict	POOLED	True	uncalled	clean	<20
HLA-DPB2	class_II_paralog	strict	POOLED	True	uncalled	partial_cds	<20
HLA-DPB2	class_II_paralog	strict	SAS	False	f2_protein	clean	<20
HLA-DPB2	class_II_paralog	strict	SAS	False	f2_protein	homopolymer_indel	36
HLA-DPB2	class_II_paralog	strict	SAS	False	f2_protein	partial_cds	414
HLA-DPB2	class_II_paralog	strict	SAS	False	f3_synonymous	partial_cds	<20
HLA-DPB2	class_II_paralog	strict	SAS	False	f4_noncoding	clean	<20
HLA-DPB2	class_II_paralog	strict	SAS	False	f4_noncoding	partial_cds	1434
HLA-DPB2	class_II_paralog	strict	SAS	False	known	partial_cds	361
HLA-DPB2	class_II_paralog	strict	SAS	True	f2_protein	clean	<20
HLA-DPB2	class_II_paralog	strict	SAS	True	f2_protein	homopolymer_indel	34
HLA-DPB2	class_II_paralog	strict	SAS	True	f2_protein	partial_cds	408
HLA-DPB2	class_II_paralog	strict	SAS	True	f3_synonymous	partial_cds	<20
HLA-DPB2	class_II_paralog	strict	SAS	True	f4_noncoding	clean	<20
HLA-DPB2	class_II_paralog	strict	SAS	True	f4_noncoding	partial_cds	1415
HLA-DPB2	class_II_paralog	strict	SAS	True	known	partial_cds	354
HLA-DPB2	class_II_paralog	strict	UNASSIGNED	False	f2_protein	clean	<20
HLA-DPB2	class_II_paralog	strict	UNASSIGNED	False	f2_protein	homopolymer_indel	154
HLA-DPB2	class_II_paralog	strict	UNASSIGNED	False	f2_protein	partial_cds	1494
HLA-DPB2	class_II_paralog	strict	UNASSIGNED	False	f3_synonymous	partial_cds	76
HLA-DPB2	class_II_paralog	strict	UNASSIGNED	False	f4_noncoding	clean	<20
HLA-DPB2	class_II_paralog	strict	UNASSIGNED	False	f4_noncoding	partial_cds	4595
HLA-DPB2	class_II_paralog	strict	UNASSIGNED	False	known	partial_cds	1225
HLA-DPB2	class_II_paralog	strict	UNASSIGNED	False	uncalled	partial_cds	<20
HLA-DPB2	class_II_paralog	strict	UNASSIGNED	True	f2_protein	clean	<20
HLA-DPB2	class_II_paralog	strict	UNASSIGNED	True	f2_protein	homopolymer_indel	150
HLA-DPB2	class_II_paralog	strict	UNASSIGNED	True	f2_protein	partial_cds	1473
HLA-DPB2	class_II_paralog	strict	UNASSIGNED	True	f3_synonymous	partial_cds	76
HLA-DPB2	class_II_paralog	strict	UNASSIGNED	True	f4_noncoding	clean	<20
HLA-DPB2	class_II_paralog	strict	UNASSIGNED	True	f4_noncoding	partial_cds	4525
HLA-DPB2	class_II_paralog	strict	UNASSIGNED	True	known	partial_cds	1202
HLA-DPB2	class_II_paralog	strict	UNASSIGNED	True	uncalled	partial_cds	<20
HLA-DQA1	classical_II	pred	AFR	False	f2_protein	clean	<20
HLA-DQA1	classical_II	pred	AFR	False	f2_protein	homopolymer_indel	105
HLA-DQA1	classical_II	pred	AFR	False	f2_protein	partial_cds	<20
HLA-DQA1	classical_II	pred	AFR	False	f4_noncoding	clean	925
HLA-DQA1	classical_II	pred	AFR	False	f4_noncoding	partial_cds	<20
HLA-DQA1	classical_II	pred	AFR	False	known	clean	4899
HLA-DQA1	classical_II	pred	AFR	False	uncalled	partial_cds	<20
HLA-DQA1	classical_II	pred	AFR	True	f2_protein	clean	<20
HLA-DQA1	classical_II	pred	AFR	True	f2_protein	homopolymer_indel	101
HLA-DQA1	classical_II	pred	AFR	True	f2_protein	partial_cds	<20
HLA-DQA1	classical_II	pred	AFR	True	f4_noncoding	clean	898
HLA-DQA1	classical_II	pred	AFR	True	f4_noncoding	partial_cds	<20
HLA-DQA1	classical_II	pred	AFR	True	known	clean	4756
HLA-DQA1	classical_II	pred	AFR	True	uncalled	partial_cds	<20
HLA-DQA1	classical_II	pred	AMR	False	f2_protein	clean	<20
HLA-DQA1	classical_II	pred	AMR	False	f2_protein	homopolymer_indel	58
HLA-DQA1	classical_II	pred	AMR	False	f2_protein	partial_cds	<20
HLA-DQA1	classical_II	pred	AMR	False	f4_noncoding	clean	597
HLA-DQA1	classical_II	pred	AMR	False	f4_noncoding	partial_cds	<20
HLA-DQA1	classical_II	pred	AMR	False	known	clean	4658
HLA-DQA1	classical_II	pred	AMR	True	f2_protein	clean	<20
HLA-DQA1	classical_II	pred	AMR	True	f2_protein	homopolymer_indel	56
HLA-DQA1	classical_II	pred	AMR	True	f2_protein	partial_cds	<20
HLA-DQA1	classical_II	pred	AMR	True	f4_noncoding	clean	574
HLA-DQA1	classical_II	pred	AMR	True	f4_noncoding	partial_cds	<20
HLA-DQA1	classical_II	pred	AMR	True	known	clean	4454
HLA-DQA1	classical_II	pred	EAS	False	f2_protein	clean	<20
HLA-DQA1	classical_II	pred	EAS	False	f2_protein	homopolymer_indel	31
HLA-DQA1	classical_II	pred	EAS	False	f2_protein	partial_cds	<20
HLA-DQA1	classical_II	pred	EAS	False	f4_noncoding	clean	491
HLA-DQA1	classical_II	pred	EAS	False	f4_noncoding	partial_cds	<20
HLA-DQA1	classical_II	pred	EAS	False	known	clean	2358
HLA-DQA1	classical_II	pred	EAS	False	uncalled	partial_cds	<20
HLA-DQA1	classical_II	pred	EAS	True	f2_protein	clean	<20
HLA-DQA1	classical_II	pred	EAS	True	f2_protein	homopolymer_indel	31
HLA-DQA1	classical_II	pred	EAS	True	f2_protein	partial_cds	<20
HLA-DQA1	classical_II	pred	EAS	True	f4_noncoding	clean	479
HLA-DQA1	classical_II	pred	EAS	True	f4_noncoding	partial_cds	<20
HLA-DQA1	classical_II	pred	EAS	True	known	clean	2304
HLA-DQA1	classical_II	pred	EAS	True	uncalled	partial_cds	<20
HLA-DQA1	classical_II	pred	EUR	False	f2_protein	clean	<20
HLA-DQA1	classical_II	pred	EUR	False	f2_protein	homopolymer_indel	78
HLA-DQA1	classical_II	pred	EUR	False	f2_protein	partial_cds	<20
HLA-DQA1	classical_II	pred	EUR	False	f4_noncoding	clean	744
HLA-DQA1	classical_II	pred	EUR	False	f4_noncoding	partial_cds	<20
HLA-DQA1	classical_II	pred	EUR	False	known	clean	5055
HLA-DQA1	classical_II	pred	EUR	True	f2_protein	clean	<20
HLA-DQA1	classical_II	pred	EUR	True	f2_protein	homopolymer_indel	76
HLA-DQA1	classical_II	pred	EUR	True	f2_protein	partial_cds	<20
HLA-DQA1	classical_II	pred	EUR	True	f4_noncoding	clean	715
HLA-DQA1	classical_II	pred	EUR	True	f4_noncoding	partial_cds	<20
HLA-DQA1	classical_II	pred	EUR	True	known	clean	4887
HLA-DQA1	classical_II	pred	MID	False	f2_protein	clean	<20
HLA-DQA1	classical_II	pred	MID	False	f2_protein	homopolymer_indel	<20
HLA-DQA1	classical_II	pred	MID	False	f2_protein	partial_cds	<20
HLA-DQA1	classical_II	pred	MID	False	f3_synonymous	clean	<20
HLA-DQA1	classical_II	pred	MID	False	f4_noncoding	clean	152
HLA-DQA1	classical_II	pred	MID	False	known	clean	789
HLA-DQA1	classical_II	pred	MID	True	f2_protein	clean	<20
HLA-DQA1	classical_II	pred	MID	True	f2_protein	homopolymer_indel	<20
HLA-DQA1	classical_II	pred	MID	True	f2_protein	partial_cds	<20
HLA-DQA1	classical_II	pred	MID	True	f3_synonymous	clean	<20
HLA-DQA1	classical_II	pred	MID	True	f4_noncoding	clean	151
HLA-DQA1	classical_II	pred	MID	True	known	clean	775
HLA-DQA1	classical_II	pred	POOLED	False	f2_protein	clean	49
HLA-DQA1	classical_II	pred	POOLED	False	f2_protein	homopolymer_indel	309
HLA-DQA1	classical_II	pred	POOLED	False	f2_protein	partial_cds	42
HLA-DQA1	classical_II	pred	POOLED	False	f3_synonymous	clean	<20
HLA-DQA1	classical_II	pred	POOLED	False	f4_noncoding	clean	3383
HLA-DQA1	classical_II	pred	POOLED	False	f4_noncoding	partial_cds	<20
HLA-DQA1	classical_II	pred	POOLED	False	known	clean	19743
HLA-DQA1	classical_II	pred	POOLED	False	uncalled	partial_cds	<20
HLA-DQA1	classical_II	pred	POOLED	True	f2_protein	clean	46
HLA-DQA1	classical_II	pred	POOLED	True	f2_protein	homopolymer_indel	299
HLA-DQA1	classical_II	pred	POOLED	True	f2_protein	partial_cds	42
HLA-DQA1	classical_II	pred	POOLED	True	f3_synonymous	clean	<20
HLA-DQA1	classical_II	pred	POOLED	True	f4_noncoding	clean	3282
HLA-DQA1	classical_II	pred	POOLED	True	f4_noncoding	partial_cds	<20
HLA-DQA1	classical_II	pred	POOLED	True	known	clean	19128
HLA-DQA1	classical_II	pred	POOLED	True	uncalled	partial_cds	<20
HLA-DQA1	classical_II	pred	SAS	False	f2_protein	clean	<20
HLA-DQA1	classical_II	pred	SAS	False	f2_protein	homopolymer_indel	29
HLA-DQA1	classical_II	pred	SAS	False	f2_protein	partial_cds	<20
HLA-DQA1	classical_II	pred	SAS	False	f3_synonymous	clean	<20
HLA-DQA1	classical_II	pred	SAS	False	f4_noncoding	clean	468
HLA-DQA1	classical_II	pred	SAS	False	f4_noncoding	partial_cds	<20
HLA-DQA1	classical_II	pred	SAS	False	known	clean	1944
HLA-DQA1	classical_II	pred	SAS	True	f2_protein	clean	<20
HLA-DQA1	classical_II	pred	SAS	True	f2_protein	homopolymer_indel	27
HLA-DQA1	classical_II	pred	SAS	True	f2_protein	partial_cds	<20
HLA-DQA1	classical_II	pred	SAS	True	f3_synonymous	clean	<20
HLA-DQA1	classical_II	pred	SAS	True	f4_noncoding	clean	459
HLA-DQA1	classical_II	pred	SAS	True	f4_noncoding	partial_cds	<20
HLA-DQA1	classical_II	pred	SAS	True	known	clean	1912
HLA-DQA1	classical_II	pred	UNASSIGNED	False	f4_noncoding	clean	<20
HLA-DQA1	classical_II	pred	UNASSIGNED	False	known	clean	40
HLA-DQA1	classical_II	pred	UNASSIGNED	True	f4_noncoding	clean	<20
HLA-DQA1	classical_II	pred	UNASSIGNED	True	known	clean	40
HLA-DQA1	classical_II	strict	AFR	False	f2_protein	clean	<20
HLA-DQA1	classical_II	strict	AFR	False	f2_protein	homopolymer_indel	83
HLA-DQA1	classical_II	strict	AFR	False	f2_protein	partial_cds	<20
HLA-DQA1	classical_II	strict	AFR	False	f4_noncoding	clean	746
HLA-DQA1	classical_II	strict	AFR	False	f4_noncoding	partial_cds	<20
HLA-DQA1	classical_II	strict	AFR	False	known	clean	3762
HLA-DQA1	classical_II	strict	AFR	False	uncalled	partial_cds	<20
HLA-DQA1	classical_II	strict	AFR	True	f2_protein	clean	<20
HLA-DQA1	classical_II	strict	AFR	True	f2_protein	homopolymer_indel	79
HLA-DQA1	classical_II	strict	AFR	True	f2_protein	partial_cds	<20
HLA-DQA1	classical_II	strict	AFR	True	f4_noncoding	clean	722
HLA-DQA1	classical_II	strict	AFR	True	f4_noncoding	partial_cds	<20
HLA-DQA1	classical_II	strict	AFR	True	known	clean	3634
HLA-DQA1	classical_II	strict	AFR	True	uncalled	partial_cds	<20
HLA-DQA1	classical_II	strict	AMR	False	f2_protein	clean	<20
HLA-DQA1	classical_II	strict	AMR	False	f2_protein	homopolymer_indel	28
HLA-DQA1	classical_II	strict	AMR	False	f2_protein	partial_cds	<20
HLA-DQA1	classical_II	strict	AMR	False	f4_noncoding	clean	311
HLA-DQA1	classical_II	strict	AMR	False	f4_noncoding	partial_cds	<20
HLA-DQA1	classical_II	strict	AMR	False	known	clean	2889
HLA-DQA1	classical_II	strict	AMR	True	f2_protein	clean	<20
HLA-DQA1	classical_II	strict	AMR	True	f2_protein	homopolymer_indel	28
HLA-DQA1	classical_II	strict	AMR	True	f2_protein	partial_cds	<20
HLA-DQA1	classical_II	strict	AMR	True	f4_noncoding	clean	294
HLA-DQA1	classical_II	strict	AMR	True	f4_noncoding	partial_cds	<20
HLA-DQA1	classical_II	strict	AMR	True	known	clean	2723
HLA-DQA1	classical_II	strict	EAS	False	f2_protein	clean	<20
HLA-DQA1	classical_II	strict	EAS	False	f2_protein	homopolymer_indel	27
HLA-DQA1	classical_II	strict	EAS	False	f2_protein	partial_cds	<20
HLA-DQA1	classical_II	strict	EAS	False	f4_noncoding	clean	428
HLA-DQA1	classical_II	strict	EAS	False	f4_noncoding	partial_cds	<20
HLA-DQA1	classical_II	strict	EAS	False	known	clean	2060
HLA-DQA1	classical_II	strict	EAS	False	uncalled	partial_cds	<20
HLA-DQA1	classical_II	strict	EAS	True	f2_protein	clean	<20
HLA-DQA1	classical_II	strict	EAS	True	f2_protein	homopolymer_indel	27
HLA-DQA1	classical_II	strict	EAS	True	f2_protein	partial_cds	<20
HLA-DQA1	classical_II	strict	EAS	True	f4_noncoding	clean	417
HLA-DQA1	classical_II	strict	EAS	True	f4_noncoding	partial_cds	<20
HLA-DQA1	classical_II	strict	EAS	True	known	clean	2007
HLA-DQA1	classical_II	strict	EAS	True	uncalled	partial_cds	<20
HLA-DQA1	classical_II	strict	EUR	False	f2_protein	clean	<20
HLA-DQA1	classical_II	strict	EUR	False	f2_protein	homopolymer_indel	33
HLA-DQA1	classical_II	strict	EUR	False	f2_protein	partial_cds	<20
HLA-DQA1	classical_II	strict	EUR	False	f4_noncoding	clean	320
HLA-DQA1	classical_II	strict	EUR	False	f4_noncoding	partial_cds	<20
HLA-DQA1	classical_II	strict	EUR	False	known	clean	2274
HLA-DQA1	classical_II	strict	EUR	True	f2_protein	clean	<20
HLA-DQA1	classical_II	strict	EUR	True	f2_protein	homopolymer_indel	31
HLA-DQA1	classical_II	strict	EUR	True	f2_protein	partial_cds	<20
HLA-DQA1	classical_II	strict	EUR	True	f4_noncoding	clean	297
HLA-DQA1	classical_II	strict	EUR	True	f4_noncoding	partial_cds	<20
HLA-DQA1	classical_II	strict	EUR	True	known	clean	2140
HLA-DQA1	classical_II	strict	MID	False	f2_protein	clean	<20
HLA-DQA1	classical_II	strict	MID	False	f2_protein	homopolymer_indel	<20
HLA-DQA1	classical_II	strict	MID	False	f2_protein	partial_cds	<20
HLA-DQA1	classical_II	strict	MID	False	f3_synonymous	clean	<20
HLA-DQA1	classical_II	strict	MID	False	f4_noncoding	clean	81
HLA-DQA1	classical_II	strict	MID	False	known	clean	509
HLA-DQA1	classical_II	strict	MID	True	f2_protein	clean	<20
HLA-DQA1	classical_II	strict	MID	True	f2_protein	homopolymer_indel	<20
HLA-DQA1	classical_II	strict	MID	True	f2_protein	partial_cds	<20
HLA-DQA1	classical_II	strict	MID	True	f3_synonymous	clean	<20
HLA-DQA1	classical_II	strict	MID	True	f4_noncoding	clean	81
HLA-DQA1	classical_II	strict	MID	True	known	clean	498
HLA-DQA1	classical_II	strict	POOLED	False	f2_protein	clean	49
HLA-DQA1	classical_II	strict	POOLED	False	f2_protein	homopolymer_indel	309
HLA-DQA1	classical_II	strict	POOLED	False	f2_protein	partial_cds	42
HLA-DQA1	classical_II	strict	POOLED	False	f3_synonymous	clean	<20
HLA-DQA1	classical_II	strict	POOLED	False	f4_noncoding	clean	3383
HLA-DQA1	classical_II	strict	POOLED	False	f4_noncoding	partial_cds	<20
HLA-DQA1	classical_II	strict	POOLED	False	known	clean	19743
HLA-DQA1	classical_II	strict	POOLED	False	uncalled	partial_cds	<20
HLA-DQA1	classical_II	strict	POOLED	True	f2_protein	clean	46
HLA-DQA1	classical_II	strict	POOLED	True	f2_protein	homopolymer_indel	299
HLA-DQA1	classical_II	strict	POOLED	True	f2_protein	partial_cds	42
HLA-DQA1	classical_II	strict	POOLED	True	f3_synonymous	clean	<20
HLA-DQA1	classical_II	strict	POOLED	True	f4_noncoding	clean	3282
HLA-DQA1	classical_II	strict	POOLED	True	f4_noncoding	partial_cds	<20
HLA-DQA1	classical_II	strict	POOLED	True	known	clean	19128
HLA-DQA1	classical_II	strict	POOLED	True	uncalled	partial_cds	<20
HLA-DQA1	classical_II	strict	SAS	False	f2_protein	clean	<20
HLA-DQA1	classical_II	strict	SAS	False	f2_protein	homopolymer_indel	27
HLA-DQA1	classical_II	strict	SAS	False	f2_protein	partial_cds	<20
HLA-DQA1	classical_II	strict	SAS	False	f3_synonymous	clean	<20
HLA-DQA1	classical_II	strict	SAS	False	f4_noncoding	clean	439
HLA-DQA1	classical_II	strict	SAS	False	f4_noncoding	partial_cds	<20
HLA-DQA1	classical_II	strict	SAS	False	known	clean	1804
HLA-DQA1	classical_II	strict	SAS	True	f2_protein	clean	<20
HLA-DQA1	classical_II	strict	SAS	True	f2_protein	homopolymer_indel	26
HLA-DQA1	classical_II	strict	SAS	True	f2_protein	partial_cds	<20
HLA-DQA1	classical_II	strict	SAS	True	f3_synonymous	clean	<20
HLA-DQA1	classical_II	strict	SAS	True	f4_noncoding	clean	431
HLA-DQA1	classical_II	strict	SAS	True	f4_noncoding	partial_cds	<20
HLA-DQA1	classical_II	strict	SAS	True	known	clean	1777
HLA-DQA1	classical_II	strict	UNASSIGNED	False	f2_protein	clean	<20
HLA-DQA1	classical_II	strict	UNASSIGNED	False	f2_protein	homopolymer_indel	106
HLA-DQA1	classical_II	strict	UNASSIGNED	False	f2_protein	partial_cds	<20
HLA-DQA1	classical_II	strict	UNASSIGNED	False	f4_noncoding	clean	1058
HLA-DQA1	classical_II	strict	UNASSIGNED	False	f4_noncoding	partial_cds	<20
HLA-DQA1	classical_II	strict	UNASSIGNED	False	known	clean	6445
HLA-DQA1	classical_II	strict	UNASSIGNED	True	f2_protein	clean	<20
HLA-DQA1	classical_II	strict	UNASSIGNED	True	f2_protein	homopolymer_indel	103
HLA-DQA1	classical_II	strict	UNASSIGNED	True	f2_protein	partial_cds	<20
HLA-DQA1	classical_II	strict	UNASSIGNED	True	f4_noncoding	clean	1040
HLA-DQA1	classical_II	strict	UNASSIGNED	True	f4_noncoding	partial_cds	<20
HLA-DQA1	classical_II	strict	UNASSIGNED	True	known	clean	6349
HLA-DQA2	class_II_paralog	pred	AFR	False	f2_protein	clean	68
HLA-DQA2	class_II_paralog	pred	AFR	False	f2_protein	homopolymer_indel	71
HLA-DQA2	class_II_paralog	pred	AFR	False	f2_protein	partial_cds	<20
HLA-DQA2	class_II_paralog	pred	AFR	False	f3_synonymous	clean	<20
HLA-DQA2	class_II_paralog	pred	AFR	False	f4_noncoding	clean	3143
HLA-DQA2	class_II_paralog	pred	AFR	False	f4_noncoding	partial_cds	<20
HLA-DQA2	class_II_paralog	pred	AFR	False	known	clean	2728
HLA-DQA2	class_II_paralog	pred	AFR	False	uncalled	partial_cds	<20
HLA-DQA2	class_II_paralog	pred	AFR	True	f2_protein	clean	67
HLA-DQA2	class_II_paralog	pred	AFR	True	f2_protein	homopolymer_indel	70
HLA-DQA2	class_II_paralog	pred	AFR	True	f2_protein	partial_cds	<20
HLA-DQA2	class_II_paralog	pred	AFR	True	f3_synonymous	clean	<20
HLA-DQA2	class_II_paralog	pred	AFR	True	f4_noncoding	clean	3050
HLA-DQA2	class_II_paralog	pred	AFR	True	f4_noncoding	partial_cds	<20
HLA-DQA2	class_II_paralog	pred	AFR	True	known	clean	2653
HLA-DQA2	class_II_paralog	pred	AFR	True	uncalled	partial_cds	<20
HLA-DQA2	class_II_paralog	pred	AMR	False	f2_protein	clean	29
HLA-DQA2	class_II_paralog	pred	AMR	False	f2_protein	homopolymer_indel	60
HLA-DQA2	class_II_paralog	pred	AMR	False	f2_protein	partial_cds	<20
HLA-DQA2	class_II_paralog	pred	AMR	False	f3_synonymous	clean	<20
HLA-DQA2	class_II_paralog	pred	AMR	False	f4_noncoding	clean	1957
HLA-DQA2	class_II_paralog	pred	AMR	False	f4_noncoding	partial_cds	<20
HLA-DQA2	class_II_paralog	pred	AMR	False	known	clean	3338
HLA-DQA2	class_II_paralog	pred	AMR	False	uncalled	clean	<20
HLA-DQA2	class_II_paralog	pred	AMR	False	uncalled	partial_cds	<20
HLA-DQA2	class_II_paralog	pred	AMR	True	f2_protein	clean	27
HLA-DQA2	class_II_paralog	pred	AMR	True	f2_protein	homopolymer_indel	57
HLA-DQA2	class_II_paralog	pred	AMR	True	f2_protein	partial_cds	<20
HLA-DQA2	class_II_paralog	pred	AMR	True	f3_synonymous	clean	<20
HLA-DQA2	class_II_paralog	pred	AMR	True	f4_noncoding	clean	1877
HLA-DQA2	class_II_paralog	pred	AMR	True	f4_noncoding	partial_cds	<20
HLA-DQA2	class_II_paralog	pred	AMR	True	known	clean	3185
HLA-DQA2	class_II_paralog	pred	AMR	True	uncalled	clean	<20
HLA-DQA2	class_II_paralog	pred	AMR	True	uncalled	partial_cds	<20
HLA-DQA2	class_II_paralog	pred	EAS	False	f2_protein	clean	<20
HLA-DQA2	class_II_paralog	pred	EAS	False	f2_protein	homopolymer_indel	31
HLA-DQA2	class_II_paralog	pred	EAS	False	f2_protein	partial_cds	<20
HLA-DQA2	class_II_paralog	pred	EAS	False	f3_synonymous	clean	<20
HLA-DQA2	class_II_paralog	pred	EAS	False	f4_noncoding	clean	1164
HLA-DQA2	class_II_paralog	pred	EAS	False	f4_noncoding	partial_cds	<20
HLA-DQA2	class_II_paralog	pred	EAS	False	known	clean	1691
HLA-DQA2	class_II_paralog	pred	EAS	True	f2_protein	clean	<20
HLA-DQA2	class_II_paralog	pred	EAS	True	f2_protein	homopolymer_indel	31
HLA-DQA2	class_II_paralog	pred	EAS	True	f2_protein	partial_cds	<20
HLA-DQA2	class_II_paralog	pred	EAS	True	f3_synonymous	clean	<20
HLA-DQA2	class_II_paralog	pred	EAS	True	f4_noncoding	clean	1142
HLA-DQA2	class_II_paralog	pred	EAS	True	f4_noncoding	partial_cds	<20
HLA-DQA2	class_II_paralog	pred	EAS	True	known	clean	1648
HLA-DQA2	class_II_paralog	pred	EUR	False	f2_protein	clean	<20
HLA-DQA2	class_II_paralog	pred	EUR	False	f2_protein	homopolymer_indel	71
HLA-DQA2	class_II_paralog	pred	EUR	False	f2_protein	partial_cds	<20
HLA-DQA2	class_II_paralog	pred	EUR	False	f3_synonymous	clean	<20
HLA-DQA2	class_II_paralog	pred	EUR	False	f4_noncoding	clean	2531
HLA-DQA2	class_II_paralog	pred	EUR	False	f4_noncoding	partial_cds	<20
HLA-DQA2	class_II_paralog	pred	EUR	False	known	clean	3335
HLA-DQA2	class_II_paralog	pred	EUR	True	f2_protein	clean	<20
HLA-DQA2	class_II_paralog	pred	EUR	True	f2_protein	homopolymer_indel	71
HLA-DQA2	class_II_paralog	pred	EUR	True	f2_protein	partial_cds	<20
HLA-DQA2	class_II_paralog	pred	EUR	True	f3_synonymous	clean	<20
HLA-DQA2	class_II_paralog	pred	EUR	True	f4_noncoding	clean	2450
HLA-DQA2	class_II_paralog	pred	EUR	True	f4_noncoding	partial_cds	<20
HLA-DQA2	class_II_paralog	pred	EUR	True	known	clean	3217
HLA-DQA2	class_II_paralog	pred	MID	False	f2_protein	homopolymer_indel	<20
HLA-DQA2	class_II_paralog	pred	MID	False	f2_protein	partial_cds	<20
HLA-DQA2	class_II_paralog	pred	MID	False	f3_synonymous	clean	<20
HLA-DQA2	class_II_paralog	pred	MID	False	f4_noncoding	clean	414
HLA-DQA2	class_II_paralog	pred	MID	False	known	clean	543
HLA-DQA2	class_II_paralog	pred	MID	True	f2_protein	homopolymer_indel	<20
HLA-DQA2	class_II_paralog	pred	MID	True	f2_protein	partial_cds	<20
HLA-DQA2	class_II_paralog	pred	MID	True	f3_synonymous	clean	<20
HLA-DQA2	class_II_paralog	pred	MID	True	f4_noncoding	clean	408
HLA-DQA2	class_II_paralog	pred	MID	True	known	clean	534
HLA-DQA2	class_II_paralog	pred	POOLED	False	f2_protein	clean	118
HLA-DQA2	class_II_paralog	pred	POOLED	False	f2_protein	homopolymer_indel	258
HLA-DQA2	class_II_paralog	pred	POOLED	False	f2_protein	partial_cds	34
HLA-DQA2	class_II_paralog	pred	POOLED	False	f3_synonymous	clean	29
HLA-DQA2	class_II_paralog	pred	POOLED	False	f4_noncoding	clean	10306
HLA-DQA2	class_II_paralog	pred	POOLED	False	f4_noncoding	partial_cds	<20
HLA-DQA2	class_II_paralog	pred	POOLED	False	known	clean	13011
HLA-DQA2	class_II_paralog	pred	POOLED	False	uncalled	clean	<20
HLA-DQA2	class_II_paralog	pred	POOLED	False	uncalled	partial_cds	<20
HLA-DQA2	class_II_paralog	pred	POOLED	True	f2_protein	clean	115
HLA-DQA2	class_II_paralog	pred	POOLED	True	f2_protein	homopolymer_indel	253
HLA-DQA2	class_II_paralog	pred	POOLED	True	f2_protein	partial_cds	31
HLA-DQA2	class_II_paralog	pred	POOLED	True	f3_synonymous	clean	29
HLA-DQA2	class_II_paralog	pred	POOLED	True	f4_noncoding	clean	10005
HLA-DQA2	class_II_paralog	pred	POOLED	True	f4_noncoding	partial_cds	<20
HLA-DQA2	class_II_paralog	pred	POOLED	True	known	clean	12590
HLA-DQA2	class_II_paralog	pred	POOLED	True	uncalled	clean	<20
HLA-DQA2	class_II_paralog	pred	POOLED	True	uncalled	partial_cds	<20
HLA-DQA2	class_II_paralog	pred	SAS	False	f2_protein	clean	<20
HLA-DQA2	class_II_paralog	pred	SAS	False	f2_protein	homopolymer_indel	20
HLA-DQA2	class_II_paralog	pred	SAS	False	f2_protein	partial_cds	<20
HLA-DQA2	class_II_paralog	pred	SAS	False	f3_synonymous	clean	<20
HLA-DQA2	class_II_paralog	pred	SAS	False	f4_noncoding	clean	1083
HLA-DQA2	class_II_paralog	pred	SAS	False	f4_noncoding	partial_cds	<20
HLA-DQA2	class_II_paralog	pred	SAS	False	known	clean	1345
HLA-DQA2	class_II_paralog	pred	SAS	True	f2_protein	clean	<20
HLA-DQA2	class_II_paralog	pred	SAS	True	f2_protein	homopolymer_indel	<20
HLA-DQA2	class_II_paralog	pred	SAS	True	f2_protein	partial_cds	<20
HLA-DQA2	class_II_paralog	pred	SAS	True	f3_synonymous	clean	<20
HLA-DQA2	class_II_paralog	pred	SAS	True	f4_noncoding	clean	1064
HLA-DQA2	class_II_paralog	pred	SAS	True	f4_noncoding	partial_cds	<20
HLA-DQA2	class_II_paralog	pred	SAS	True	known	clean	1322
HLA-DQA2	class_II_paralog	pred	UNASSIGNED	False	f2_protein	clean	<20
HLA-DQA2	class_II_paralog	pred	UNASSIGNED	False	f4_noncoding	clean	<20
HLA-DQA2	class_II_paralog	pred	UNASSIGNED	False	known	clean	31
HLA-DQA2	class_II_paralog	pred	UNASSIGNED	True	f2_protein	clean	<20
HLA-DQA2	class_II_paralog	pred	UNASSIGNED	True	f4_noncoding	clean	<20
HLA-DQA2	class_II_paralog	pred	UNASSIGNED	True	known	clean	31
HLA-DQA2	class_II_paralog	strict	AFR	False	f2_protein	clean	55
HLA-DQA2	class_II_paralog	strict	AFR	False	f2_protein	homopolymer_indel	52
HLA-DQA2	class_II_paralog	strict	AFR	False	f2_protein	partial_cds	<20
HLA-DQA2	class_II_paralog	strict	AFR	False	f3_synonymous	clean	<20
HLA-DQA2	class_II_paralog	strict	AFR	False	f4_noncoding	clean	2466
HLA-DQA2	class_II_paralog	strict	AFR	False	f4_noncoding	partial_cds	<20
HLA-DQA2	class_II_paralog	strict	AFR	False	known	clean	2073
HLA-DQA2	class_II_paralog	strict	AFR	False	uncalled	partial_cds	<20
HLA-DQA2	class_II_paralog	strict	AFR	True	f2_protein	clean	54
HLA-DQA2	class_II_paralog	strict	AFR	True	f2_protein	homopolymer_indel	51
HLA-DQA2	class_II_paralog	strict	AFR	True	f2_protein	partial_cds	<20
HLA-DQA2	class_II_paralog	strict	AFR	True	f3_synonymous	clean	<20
HLA-DQA2	class_II_paralog	strict	AFR	True	f4_noncoding	clean	2383
HLA-DQA2	class_II_paralog	strict	AFR	True	f4_noncoding	partial_cds	<20
HLA-DQA2	class_II_paralog	strict	AFR	True	known	clean	2008
HLA-DQA2	class_II_paralog	strict	AFR	True	uncalled	partial_cds	<20
HLA-DQA2	class_II_paralog	strict	AMR	False	f2_protein	clean	<20
HLA-DQA2	class_II_paralog	strict	AMR	False	f2_protein	homopolymer_indel	23
HLA-DQA2	class_II_paralog	strict	AMR	False	f2_protein	partial_cds	<20
HLA-DQA2	class_II_paralog	strict	AMR	False	f4_noncoding	clean	1048
HLA-DQA2	class_II_paralog	strict	AMR	False	known	clean	2172
HLA-DQA2	class_II_paralog	strict	AMR	False	uncalled	partial_cds	<20
HLA-DQA2	class_II_paralog	strict	AMR	True	f2_protein	clean	<20
HLA-DQA2	class_II_paralog	strict	AMR	True	f2_protein	homopolymer_indel	22
HLA-DQA2	class_II_paralog	strict	AMR	True	f2_protein	partial_cds	<20
HLA-DQA2	class_II_paralog	strict	AMR	True	f4_noncoding	clean	986
HLA-DQA2	class_II_paralog	strict	AMR	True	known	clean	2048
HLA-DQA2	class_II_paralog	strict	AMR	True	uncalled	partial_cds	<20
HLA-DQA2	class_II_paralog	strict	EAS	False	f2_protein	clean	<20
HLA-DQA2	class_II_paralog	strict	EAS	False	f2_protein	homopolymer_indel	24
HLA-DQA2	class_II_paralog	strict	EAS	False	f2_protein	partial_cds	<20
HLA-DQA2	class_II_paralog	strict	EAS	False	f3_synonymous	clean	<20
HLA-DQA2	class_II_paralog	strict	EAS	False	f4_noncoding	clean	1003
HLA-DQA2	class_II_paralog	strict	EAS	False	f4_noncoding	partial_cds	<20
HLA-DQA2	class_II_paralog	strict	EAS	False	known	clean	1494
HLA-DQA2	class_II_paralog	strict	EAS	True	f2_protein	clean	<20
HLA-DQA2	class_II_paralog	strict	EAS	True	f2_protein	homopolymer_indel	24
HLA-DQA2	class_II_paralog	strict	EAS	True	f2_protein	partial_cds	<20
HLA-DQA2	class_II_paralog	strict	EAS	True	f3_synonymous	clean	<20
HLA-DQA2	class_II_paralog	strict	EAS	True	f4_noncoding	clean	981
HLA-DQA2	class_II_paralog	strict	EAS	True	f4_noncoding	partial_cds	<20
HLA-DQA2	class_II_paralog	strict	EAS	True	known	clean	1453
HLA-DQA2	class_II_paralog	strict	EUR	False	f2_protein	clean	<20
HLA-DQA2	class_II_paralog	strict	EUR	False	f2_protein	homopolymer_indel	38
HLA-DQA2	class_II_paralog	strict	EUR	False	f2_protein	partial_cds	<20
HLA-DQA2	class_II_paralog	strict	EUR	False	f3_synonymous	clean	<20
HLA-DQA2	class_II_paralog	strict	EUR	False	f4_noncoding	clean	1184
HLA-DQA2	class_II_paralog	strict	EUR	False	f4_noncoding	partial_cds	<20
HLA-DQA2	class_II_paralog	strict	EUR	False	known	clean	1442
HLA-DQA2	class_II_paralog	strict	EUR	True	f2_protein	clean	<20
HLA-DQA2	class_II_paralog	strict	EUR	True	f2_protein	homopolymer_indel	38
HLA-DQA2	class_II_paralog	strict	EUR	True	f2_protein	partial_cds	<20
HLA-DQA2	class_II_paralog	strict	EUR	True	f3_synonymous	clean	<20
HLA-DQA2	class_II_paralog	strict	EUR	True	f4_noncoding	clean	1112
HLA-DQA2	class_II_paralog	strict	EUR	True	f4_noncoding	partial_cds	<20
HLA-DQA2	class_II_paralog	strict	EUR	True	known	clean	1354
HLA-DQA2	class_II_paralog	strict	MID	False	f2_protein	homopolymer_indel	<20
HLA-DQA2	class_II_paralog	strict	MID	False	f2_protein	partial_cds	<20
HLA-DQA2	class_II_paralog	strict	MID	False	f3_synonymous	clean	<20
HLA-DQA2	class_II_paralog	strict	MID	False	f4_noncoding	clean	245
HLA-DQA2	class_II_paralog	strict	MID	False	known	clean	358
HLA-DQA2	class_II_paralog	strict	MID	True	f2_protein	homopolymer_indel	<20
HLA-DQA2	class_II_paralog	strict	MID	True	f3_synonymous	clean	<20
HLA-DQA2	class_II_paralog	strict	MID	True	f4_noncoding	clean	241
HLA-DQA2	class_II_paralog	strict	MID	True	known	clean	351
HLA-DQA2	class_II_paralog	strict	POOLED	False	f2_protein	clean	118
HLA-DQA2	class_II_paralog	strict	POOLED	False	f2_protein	homopolymer_indel	258
HLA-DQA2	class_II_paralog	strict	POOLED	False	f2_protein	partial_cds	34
HLA-DQA2	class_II_paralog	strict	POOLED	False	f3_synonymous	clean	29
HLA-DQA2	class_II_paralog	strict	POOLED	False	f4_noncoding	clean	10306
HLA-DQA2	class_II_paralog	strict	POOLED	False	f4_noncoding	partial_cds	<20
HLA-DQA2	class_II_paralog	strict	POOLED	False	known	clean	13011
HLA-DQA2	class_II_paralog	strict	POOLED	False	uncalled	clean	<20
HLA-DQA2	class_II_paralog	strict	POOLED	False	uncalled	partial_cds	<20
HLA-DQA2	class_II_paralog	strict	POOLED	True	f2_protein	clean	115
HLA-DQA2	class_II_paralog	strict	POOLED	True	f2_protein	homopolymer_indel	253
HLA-DQA2	class_II_paralog	strict	POOLED	True	f2_protein	partial_cds	31
HLA-DQA2	class_II_paralog	strict	POOLED	True	f3_synonymous	clean	29
HLA-DQA2	class_II_paralog	strict	POOLED	True	f4_noncoding	clean	10005
HLA-DQA2	class_II_paralog	strict	POOLED	True	f4_noncoding	partial_cds	<20
HLA-DQA2	class_II_paralog	strict	POOLED	True	known	clean	12590
HLA-DQA2	class_II_paralog	strict	POOLED	True	uncalled	clean	<20
HLA-DQA2	class_II_paralog	strict	POOLED	True	uncalled	partial_cds	<20
HLA-DQA2	class_II_paralog	strict	SAS	False	f2_protein	clean	<20
HLA-DQA2	class_II_paralog	strict	SAS	False	f2_protein	homopolymer_indel	<20
HLA-DQA2	class_II_paralog	strict	SAS	False	f2_protein	partial_cds	<20
HLA-DQA2	class_II_paralog	strict	SAS	False	f3_synonymous	clean	<20
HLA-DQA2	class_II_paralog	strict	SAS	False	f4_noncoding	clean	997
HLA-DQA2	class_II_paralog	strict	SAS	False	known	clean	1261
HLA-DQA2	class_II_paralog	strict	SAS	True	f2_protein	clean	<20
HLA-DQA2	class_II_paralog	strict	SAS	True	f2_protein	homopolymer_indel	<20
HLA-DQA2	class_II_paralog	strict	SAS	True	f2_protein	partial_cds	<20
HLA-DQA2	class_II_paralog	strict	SAS	True	f3_synonymous	clean	<20
HLA-DQA2	class_II_paralog	strict	SAS	True	f4_noncoding	clean	982
HLA-DQA2	class_II_paralog	strict	SAS	True	known	clean	1241
HLA-DQA2	class_II_paralog	strict	UNASSIGNED	False	f2_protein	clean	32
HLA-DQA2	class_II_paralog	strict	UNASSIGNED	False	f2_protein	homopolymer_indel	101
HLA-DQA2	class_II_paralog	strict	UNASSIGNED	False	f2_protein	partial_cds	<20
HLA-DQA2	class_II_paralog	strict	UNASSIGNED	False	f3_synonymous	clean	<20
HLA-DQA2	class_II_paralog	strict	UNASSIGNED	False	f4_noncoding	clean	3363
HLA-DQA2	class_II_paralog	strict	UNASSIGNED	False	f4_noncoding	partial_cds	<20
HLA-DQA2	class_II_paralog	strict	UNASSIGNED	False	known	clean	4211
HLA-DQA2	class_II_paralog	strict	UNASSIGNED	False	uncalled	clean	<20
HLA-DQA2	class_II_paralog	strict	UNASSIGNED	True	f2_protein	clean	31
HLA-DQA2	class_II_paralog	strict	UNASSIGNED	True	f2_protein	homopolymer_indel	98
HLA-DQA2	class_II_paralog	strict	UNASSIGNED	True	f2_protein	partial_cds	<20
HLA-DQA2	class_II_paralog	strict	UNASSIGNED	True	f3_synonymous	clean	<20
HLA-DQA2	class_II_paralog	strict	UNASSIGNED	True	f4_noncoding	clean	3320
HLA-DQA2	class_II_paralog	strict	UNASSIGNED	True	f4_noncoding	partial_cds	<20
HLA-DQA2	class_II_paralog	strict	UNASSIGNED	True	known	clean	4135
HLA-DQA2	class_II_paralog	strict	UNASSIGNED	True	uncalled	clean	<20
HLA-DQB1	classical_II	pred	AFR	False	f2_protein	clean	<20
HLA-DQB1	classical_II	pred	AFR	False	f2_protein	homopolymer_indel	144
HLA-DQB1	classical_II	pred	AFR	False	f2_protein	partial_cds	<20
HLA-DQB1	classical_II	pred	AFR	False	f3_synonymous	clean	<20
HLA-DQB1	classical_II	pred	AFR	False	f3_synonymous	partial_cds	<20
HLA-DQB1	classical_II	pred	AFR	False	f4_noncoding	clean	640
HLA-DQB1	classical_II	pred	AFR	False	f4_noncoding	partial_cds	20
HLA-DQB1	classical_II	pred	AFR	False	known	clean	5108
HLA-DQB1	classical_II	pred	AFR	True	f2_protein	clean	<20
HLA-DQB1	classical_II	pred	AFR	True	f2_protein	homopolymer_indel	141
HLA-DQB1	classical_II	pred	AFR	True	f2_protein	partial_cds	<20
HLA-DQB1	classical_II	pred	AFR	True	f3_synonymous	clean	<20
HLA-DQB1	classical_II	pred	AFR	True	f3_synonymous	partial_cds	<20
HLA-DQB1	classical_II	pred	AFR	True	f4_noncoding	clean	626
HLA-DQB1	classical_II	pred	AFR	True	f4_noncoding	partial_cds	<20
HLA-DQB1	classical_II	pred	AFR	True	known	clean	4955
HLA-DQB1	classical_II	pred	AMR	False	f2_protein	clean	<20
HLA-DQB1	classical_II	pred	AMR	False	f2_protein	homopolymer_indel	111
HLA-DQB1	classical_II	pred	AMR	False	f2_protein	partial_cds	<20
HLA-DQB1	classical_II	pred	AMR	False	f3_synonymous	clean	<20
HLA-DQB1	classical_II	pred	AMR	False	f3_synonymous	partial_cds	<20
HLA-DQB1	classical_II	pred	AMR	False	f4_noncoding	clean	443
HLA-DQB1	classical_II	pred	AMR	False	f4_noncoding	partial_cds	<20
HLA-DQB1	classical_II	pred	AMR	False	known	clean	4721
HLA-DQB1	classical_II	pred	AMR	False	known	partial_cds	<20
HLA-DQB1	classical_II	pred	AMR	True	f2_protein	clean	<20
HLA-DQB1	classical_II	pred	AMR	True	f2_protein	homopolymer_indel	105
HLA-DQB1	classical_II	pred	AMR	True	f2_protein	partial_cds	<20
HLA-DQB1	classical_II	pred	AMR	True	f3_synonymous	clean	<20
HLA-DQB1	classical_II	pred	AMR	True	f3_synonymous	partial_cds	<20
HLA-DQB1	classical_II	pred	AMR	True	f4_noncoding	clean	423
HLA-DQB1	classical_II	pred	AMR	True	f4_noncoding	partial_cds	<20
HLA-DQB1	classical_II	pred	AMR	True	known	clean	4514
HLA-DQB1	classical_II	pred	AMR	True	known	partial_cds	<20
HLA-DQB1	classical_II	pred	EAS	False	f2_protein	clean	<20
HLA-DQB1	classical_II	pred	EAS	False	f2_protein	homopolymer_indel	47
HLA-DQB1	classical_II	pred	EAS	False	f2_protein	partial_cds	<20
HLA-DQB1	classical_II	pred	EAS	False	f3_synonymous	clean	<20
HLA-DQB1	classical_II	pred	EAS	False	f4_noncoding	clean	280
HLA-DQB1	classical_II	pred	EAS	False	f4_noncoding	partial_cds	<20
HLA-DQB1	classical_II	pred	EAS	False	known	clean	2540
HLA-DQB1	classical_II	pred	EAS	False	known	partial_cds	<20
HLA-DQB1	classical_II	pred	EAS	True	f2_protein	clean	<20
HLA-DQB1	classical_II	pred	EAS	True	f2_protein	homopolymer_indel	46
HLA-DQB1	classical_II	pred	EAS	True	f2_protein	partial_cds	<20
HLA-DQB1	classical_II	pred	EAS	True	f3_synonymous	clean	<20
HLA-DQB1	classical_II	pred	EAS	True	f4_noncoding	clean	274
HLA-DQB1	classical_II	pred	EAS	True	f4_noncoding	partial_cds	<20
HLA-DQB1	classical_II	pred	EAS	True	known	clean	2482
HLA-DQB1	classical_II	pred	EAS	True	known	partial_cds	<20
HLA-DQB1	classical_II	pred	EUR	False	f2_protein	clean	<20
HLA-DQB1	classical_II	pred	EUR	False	f2_protein	homopolymer_indel	109
HLA-DQB1	classical_II	pred	EUR	False	f2_protein	partial_cds	<20
HLA-DQB1	classical_II	pred	EUR	False	f3_synonymous	clean	<20
HLA-DQB1	classical_II	pred	EUR	False	f4_noncoding	clean	463
HLA-DQB1	classical_II	pred	EUR	False	f4_noncoding	partial_cds	<20
HLA-DQB1	classical_II	pred	EUR	False	known	clean	5282
HLA-DQB1	classical_II	pred	EUR	False	known	partial_cds	<20
HLA-DQB1	classical_II	pred	EUR	True	f2_protein	clean	<20
HLA-DQB1	classical_II	pred	EUR	True	f2_protein	homopolymer_indel	105
HLA-DQB1	classical_II	pred	EUR	True	f2_protein	partial_cds	<20
HLA-DQB1	classical_II	pred	EUR	True	f3_synonymous	clean	<20
HLA-DQB1	classical_II	pred	EUR	True	f4_noncoding	clean	452
HLA-DQB1	classical_II	pred	EUR	True	f4_noncoding	partial_cds	<20
HLA-DQB1	classical_II	pred	EUR	True	known	clean	5099
HLA-DQB1	classical_II	pred	EUR	True	known	partial_cds	<20
HLA-DQB1	classical_II	pred	MID	False	f2_protein	clean	<20
HLA-DQB1	classical_II	pred	MID	False	f2_protein	homopolymer_indel	<20
HLA-DQB1	classical_II	pred	MID	False	f2_protein	partial_cds	<20
HLA-DQB1	classical_II	pred	MID	False	f4_noncoding	clean	91
HLA-DQB1	classical_II	pred	MID	False	f4_noncoding	partial_cds	<20
HLA-DQB1	classical_II	pred	MID	False	known	clean	845
HLA-DQB1	classical_II	pred	MID	False	known	partial_cds	<20
HLA-DQB1	classical_II	pred	MID	True	f2_protein	clean	<20
HLA-DQB1	classical_II	pred	MID	True	f2_protein	homopolymer_indel	<20
HLA-DQB1	classical_II	pred	MID	True	f2_protein	partial_cds	<20
HLA-DQB1	classical_II	pred	MID	True	f4_noncoding	clean	89
HLA-DQB1	classical_II	pred	MID	True	f4_noncoding	partial_cds	<20
HLA-DQB1	classical_II	pred	MID	True	known	clean	832
HLA-DQB1	classical_II	pred	MID	True	known	partial_cds	<20
HLA-DQB1	classical_II	pred	POOLED	False	f2_protein	clean	39
HLA-DQB1	classical_II	pred	POOLED	False	f2_protein	homopolymer_indel	464
HLA-DQB1	classical_II	pred	POOLED	False	f2_protein	partial_cds	35
HLA-DQB1	classical_II	pred	POOLED	False	f3_synonymous	clean	<20
HLA-DQB1	classical_II	pred	POOLED	False	f3_synonymous	partial_cds	<20
HLA-DQB1	classical_II	pred	POOLED	False	f4_noncoding	clean	2127
HLA-DQB1	classical_II	pred	POOLED	False	f4_noncoding	partial_cds	61
HLA-DQB1	classical_II	pred	POOLED	False	known	clean	20728
HLA-DQB1	classical_II	pred	POOLED	False	known	partial_cds	<20
HLA-DQB1	classical_II	pred	POOLED	True	f2_protein	clean	39
HLA-DQB1	classical_II	pred	POOLED	True	f2_protein	homopolymer_indel	449
HLA-DQB1	classical_II	pred	POOLED	True	f2_protein	partial_cds	34
HLA-DQB1	classical_II	pred	POOLED	True	f3_synonymous	clean	<20
HLA-DQB1	classical_II	pred	POOLED	True	f3_synonymous	partial_cds	<20
HLA-DQB1	classical_II	pred	POOLED	True	f4_noncoding	clean	2070
HLA-DQB1	classical_II	pred	POOLED	True	f4_noncoding	partial_cds	58
HLA-DQB1	classical_II	pred	POOLED	True	known	clean	20077
HLA-DQB1	classical_II	pred	POOLED	True	known	partial_cds	<20
HLA-DQB1	classical_II	pred	SAS	False	f2_protein	clean	<20
HLA-DQB1	classical_II	pred	SAS	False	f2_protein	homopolymer_indel	39
HLA-DQB1	classical_II	pred	SAS	False	f2_protein	partial_cds	<20
HLA-DQB1	classical_II	pred	SAS	False	f3_synonymous	clean	<20
HLA-DQB1	classical_II	pred	SAS	False	f4_noncoding	clean	208
HLA-DQB1	classical_II	pred	SAS	False	f4_noncoding	partial_cds	<20
HLA-DQB1	classical_II	pred	SAS	False	known	clean	2188
HLA-DQB1	classical_II	pred	SAS	True	f2_protein	clean	<20
HLA-DQB1	classical_II	pred	SAS	True	f2_protein	homopolymer_indel	38
HLA-DQB1	classical_II	pred	SAS	True	f2_protein	partial_cds	<20
HLA-DQB1	classical_II	pred	SAS	True	f3_synonymous	clean	<20
HLA-DQB1	classical_II	pred	SAS	True	f4_noncoding	clean	204
HLA-DQB1	classical_II	pred	SAS	True	f4_noncoding	partial_cds	<20
HLA-DQB1	classical_II	pred	SAS	True	known	clean	2151
HLA-DQB1	classical_II	pred	UNASSIGNED	False	f4_noncoding	clean	<20
HLA-DQB1	classical_II	pred	UNASSIGNED	False	known	clean	44
HLA-DQB1	classical_II	pred	UNASSIGNED	True	f4_noncoding	clean	<20
HLA-DQB1	classical_II	pred	UNASSIGNED	True	known	clean	44
HLA-DQB1	classical_II	strict	AFR	False	f2_protein	clean	<20
HLA-DQB1	classical_II	strict	AFR	False	f2_protein	homopolymer_indel	113
HLA-DQB1	classical_II	strict	AFR	False	f2_protein	partial_cds	<20
HLA-DQB1	classical_II	strict	AFR	False	f3_synonymous	clean	<20
HLA-DQB1	classical_II	strict	AFR	False	f3_synonymous	partial_cds	<20
HLA-DQB1	classical_II	strict	AFR	False	f4_noncoding	clean	494
HLA-DQB1	classical_II	strict	AFR	False	f4_noncoding	partial_cds	<20
HLA-DQB1	classical_II	strict	AFR	False	known	clean	3956
HLA-DQB1	classical_II	strict	AFR	True	f2_protein	clean	<20
HLA-DQB1	classical_II	strict	AFR	True	f2_protein	homopolymer_indel	110
HLA-DQB1	classical_II	strict	AFR	True	f2_protein	partial_cds	<20
HLA-DQB1	classical_II	strict	AFR	True	f3_synonymous	clean	<20
HLA-DQB1	classical_II	strict	AFR	True	f3_synonymous	partial_cds	<20
HLA-DQB1	classical_II	strict	AFR	True	f4_noncoding	clean	483
HLA-DQB1	classical_II	strict	AFR	True	f4_noncoding	partial_cds	<20
HLA-DQB1	classical_II	strict	AFR	True	known	clean	3819
HLA-DQB1	classical_II	strict	AMR	False	f2_protein	clean	<20
HLA-DQB1	classical_II	strict	AMR	False	f2_protein	homopolymer_indel	55
HLA-DQB1	classical_II	strict	AMR	False	f2_protein	partial_cds	<20
HLA-DQB1	classical_II	strict	AMR	False	f3_synonymous	clean	<20
HLA-DQB1	classical_II	strict	AMR	False	f3_synonymous	partial_cds	<20
HLA-DQB1	classical_II	strict	AMR	False	f4_noncoding	clean	263
HLA-DQB1	classical_II	strict	AMR	False	f4_noncoding	partial_cds	<20
HLA-DQB1	classical_II	strict	AMR	False	known	clean	2878
HLA-DQB1	classical_II	strict	AMR	False	known	partial_cds	<20
HLA-DQB1	classical_II	strict	AMR	True	f2_protein	clean	<20
HLA-DQB1	classical_II	strict	AMR	True	f2_protein	homopolymer_indel	55
HLA-DQB1	classical_II	strict	AMR	True	f2_protein	partial_cds	<20
HLA-DQB1	classical_II	strict	AMR	True	f3_synonymous	clean	<20
HLA-DQB1	classical_II	strict	AMR	True	f3_synonymous	partial_cds	<20
HLA-DQB1	classical_II	strict	AMR	True	f4_noncoding	clean	246
HLA-DQB1	classical_II	strict	AMR	True	f4_noncoding	partial_cds	<20
HLA-DQB1	classical_II	strict	AMR	True	known	clean	2711
HLA-DQB1	classical_II	strict	AMR	True	known	partial_cds	<20
HLA-DQB1	classical_II	strict	EAS	False	f2_protein	clean	<20
HLA-DQB1	classical_II	strict	EAS	False	f2_protein	homopolymer_indel	41
HLA-DQB1	classical_II	strict	EAS	False	f2_protein	partial_cds	<20
HLA-DQB1	classical_II	strict	EAS	False	f3_synonymous	clean	<20
HLA-DQB1	classical_II	strict	EAS	False	f4_noncoding	clean	242
HLA-DQB1	classical_II	strict	EAS	False	f4_noncoding	partial_cds	<20
HLA-DQB1	classical_II	strict	EAS	False	known	clean	2226
HLA-DQB1	classical_II	strict	EAS	True	f2_protein	clean	<20
HLA-DQB1	classical_II	strict	EAS	True	f2_protein	homopolymer_indel	40
HLA-DQB1	classical_II	strict	EAS	True	f2_protein	partial_cds	<20
HLA-DQB1	classical_II	strict	EAS	True	f3_synonymous	clean	<20
HLA-DQB1	classical_II	strict	EAS	True	f4_noncoding	clean	236
HLA-DQB1	classical_II	strict	EAS	True	f4_noncoding	partial_cds	<20
HLA-DQB1	classical_II	strict	EAS	True	known	clean	2170
HLA-DQB1	classical_II	strict	EUR	False	f2_protein	clean	<20
HLA-DQB1	classical_II	strict	EUR	False	f2_protein	homopolymer_indel	42
HLA-DQB1	classical_II	strict	EUR	False	f2_protein	partial_cds	<20
HLA-DQB1	classical_II	strict	EUR	False	f4_noncoding	clean	187
HLA-DQB1	classical_II	strict	EUR	False	f4_noncoding	partial_cds	<20
HLA-DQB1	classical_II	strict	EUR	False	known	clean	2393
HLA-DQB1	classical_II	strict	EUR	False	known	partial_cds	<20
HLA-DQB1	classical_II	strict	EUR	True	f2_protein	clean	<20
HLA-DQB1	classical_II	strict	EUR	True	f2_protein	homopolymer_indel	39
HLA-DQB1	classical_II	strict	EUR	True	f2_protein	partial_cds	<20
HLA-DQB1	classical_II	strict	EUR	True	f4_noncoding	clean	178
HLA-DQB1	classical_II	strict	EUR	True	f4_noncoding	partial_cds	<20
HLA-DQB1	classical_II	strict	EUR	True	known	clean	2246
HLA-DQB1	classical_II	strict	EUR	True	known	partial_cds	<20
HLA-DQB1	classical_II	strict	MID	False	f2_protein	clean	<20
HLA-DQB1	classical_II	strict	MID	False	f2_protein	homopolymer_indel	<20
HLA-DQB1	classical_II	strict	MID	False	f2_protein	partial_cds	<20
HLA-DQB1	classical_II	strict	MID	False	f4_noncoding	clean	52
HLA-DQB1	classical_II	strict	MID	False	f4_noncoding	partial_cds	<20
HLA-DQB1	classical_II	strict	MID	False	known	clean	531
HLA-DQB1	classical_II	strict	MID	False	known	partial_cds	<20
HLA-DQB1	classical_II	strict	MID	True	f2_protein	clean	<20
HLA-DQB1	classical_II	strict	MID	True	f2_protein	homopolymer_indel	<20
HLA-DQB1	classical_II	strict	MID	True	f2_protein	partial_cds	<20
HLA-DQB1	classical_II	strict	MID	True	f4_noncoding	clean	50
HLA-DQB1	classical_II	strict	MID	True	f4_noncoding	partial_cds	<20
HLA-DQB1	classical_II	strict	MID	True	known	clean	522
HLA-DQB1	classical_II	strict	MID	True	known	partial_cds	<20
HLA-DQB1	classical_II	strict	POOLED	False	f2_protein	clean	39
HLA-DQB1	classical_II	strict	POOLED	False	f2_protein	homopolymer_indel	464
HLA-DQB1	classical_II	strict	POOLED	False	f2_protein	partial_cds	35
HLA-DQB1	classical_II	strict	POOLED	False	f3_synonymous	clean	<20
HLA-DQB1	classical_II	strict	POOLED	False	f3_synonymous	partial_cds	<20
HLA-DQB1	classical_II	strict	POOLED	False	f4_noncoding	clean	2127
HLA-DQB1	classical_II	strict	POOLED	False	f4_noncoding	partial_cds	61
HLA-DQB1	classical_II	strict	POOLED	False	known	clean	20728
HLA-DQB1	classical_II	strict	POOLED	False	known	partial_cds	<20
HLA-DQB1	classical_II	strict	POOLED	True	f2_protein	clean	39
HLA-DQB1	classical_II	strict	POOLED	True	f2_protein	homopolymer_indel	449
HLA-DQB1	classical_II	strict	POOLED	True	f2_protein	partial_cds	34
HLA-DQB1	classical_II	strict	POOLED	True	f3_synonymous	clean	<20
HLA-DQB1	classical_II	strict	POOLED	True	f3_synonymous	partial_cds	<20
HLA-DQB1	classical_II	strict	POOLED	True	f4_noncoding	clean	2070
HLA-DQB1	classical_II	strict	POOLED	True	f4_noncoding	partial_cds	58
HLA-DQB1	classical_II	strict	POOLED	True	known	clean	20077
HLA-DQB1	classical_II	strict	POOLED	True	known	partial_cds	<20
HLA-DQB1	classical_II	strict	SAS	False	f2_protein	clean	<20
HLA-DQB1	classical_II	strict	SAS	False	f2_protein	homopolymer_indel	37
HLA-DQB1	classical_II	strict	SAS	False	f2_protein	partial_cds	<20
HLA-DQB1	classical_II	strict	SAS	False	f3_synonymous	clean	<20
HLA-DQB1	classical_II	strict	SAS	False	f4_noncoding	clean	193
HLA-DQB1	classical_II	strict	SAS	False	f4_noncoding	partial_cds	<20
HLA-DQB1	classical_II	strict	SAS	False	known	clean	2034
HLA-DQB1	classical_II	strict	SAS	True	f2_protein	clean	<20
HLA-DQB1	classical_II	strict	SAS	True	f2_protein	homopolymer_indel	36
HLA-DQB1	classical_II	strict	SAS	True	f2_protein	partial_cds	<20
HLA-DQB1	classical_II	strict	SAS	True	f3_synonymous	clean	<20
HLA-DQB1	classical_II	strict	SAS	True	f4_noncoding	clean	189
HLA-DQB1	classical_II	strict	SAS	True	f4_noncoding	partial_cds	<20
HLA-DQB1	classical_II	strict	SAS	True	known	clean	2004
HLA-DQB1	classical_II	strict	UNASSIGNED	False	f2_protein	clean	<20
HLA-DQB1	classical_II	strict	UNASSIGNED	False	f2_protein	homopolymer_indel	164
HLA-DQB1	classical_II	strict	UNASSIGNED	False	f2_protein	partial_cds	<20
HLA-DQB1	classical_II	strict	UNASSIGNED	False	f3_synonymous	clean	<20
HLA-DQB1	classical_II	strict	UNASSIGNED	False	f4_noncoding	clean	696
HLA-DQB1	classical_II	strict	UNASSIGNED	False	f4_noncoding	partial_cds	<20
HLA-DQB1	classical_II	strict	UNASSIGNED	False	known	clean	6710
HLA-DQB1	classical_II	strict	UNASSIGNED	False	known	partial_cds	<20
HLA-DQB1	classical_II	strict	UNASSIGNED	True	f2_protein	clean	<20
HLA-DQB1	classical_II	strict	UNASSIGNED	True	f2_protein	homopolymer_indel	157
HLA-DQB1	classical_II	strict	UNASSIGNED	True	f2_protein	partial_cds	<20
HLA-DQB1	classical_II	strict	UNASSIGNED	True	f3_synonymous	clean	<20
HLA-DQB1	classical_II	strict	UNASSIGNED	True	f4_noncoding	clean	688
HLA-DQB1	classical_II	strict	UNASSIGNED	True	f4_noncoding	partial_cds	<20
HLA-DQB1	classical_II	strict	UNASSIGNED	True	known	clean	6605
HLA-DQB1	classical_II	strict	UNASSIGNED	True	known	partial_cds	<20
HLA-DQB2	class_II_paralog	pred	AFR	False	f2_protein	clean	222
HLA-DQB2	class_II_paralog	pred	AFR	False	f2_protein	homopolymer_indel	72
HLA-DQB2	class_II_paralog	pred	AFR	False	f2_protein	partial_cds	<20
HLA-DQB2	class_II_paralog	pred	AFR	False	f3_synonymous	clean	22
HLA-DQB2	class_II_paralog	pred	AFR	False	f4_noncoding	clean	2646
HLA-DQB2	class_II_paralog	pred	AFR	False	f4_noncoding	partial_cds	<20
HLA-DQB2	class_II_paralog	pred	AFR	False	known	clean	3038
HLA-DQB2	class_II_paralog	pred	AFR	True	f2_protein	clean	215
HLA-DQB2	class_II_paralog	pred	AFR	True	f2_protein	homopolymer_indel	72
HLA-DQB2	class_II_paralog	pred	AFR	True	f2_protein	partial_cds	<20
HLA-DQB2	class_II_paralog	pred	AFR	True	f3_synonymous	clean	21
HLA-DQB2	class_II_paralog	pred	AFR	True	f4_noncoding	clean	2576
HLA-DQB2	class_II_paralog	pred	AFR	True	f4_noncoding	partial_cds	<20
HLA-DQB2	class_II_paralog	pred	AFR	True	known	clean	2942
HLA-DQB2	class_II_paralog	pred	AMR	False	f2_protein	clean	93
HLA-DQB2	class_II_paralog	pred	AMR	False	f2_protein	homopolymer_indel	86
HLA-DQB2	class_II_paralog	pred	AMR	False	f2_protein	partial_cds	<20
HLA-DQB2	class_II_paralog	pred	AMR	False	f3_synonymous	clean	<20
HLA-DQB2	class_II_paralog	pred	AMR	False	f4_noncoding	clean	1706
HLA-DQB2	class_II_paralog	pred	AMR	False	f4_noncoding	partial_cds	<20
HLA-DQB2	class_II_paralog	pred	AMR	False	known	clean	3497
HLA-DQB2	class_II_paralog	pred	AMR	True	f2_protein	clean	85
HLA-DQB2	class_II_paralog	pred	AMR	True	f2_protein	homopolymer_indel	85
HLA-DQB2	class_II_paralog	pred	AMR	True	f2_protein	partial_cds	<20
HLA-DQB2	class_II_paralog	pred	AMR	True	f3_synonymous	clean	<20
HLA-DQB2	class_II_paralog	pred	AMR	True	f4_noncoding	clean	1625
HLA-DQB2	class_II_paralog	pred	AMR	True	f4_noncoding	partial_cds	<20
HLA-DQB2	class_II_paralog	pred	AMR	True	known	clean	3349
HLA-DQB2	class_II_paralog	pred	EAS	False	f2_protein	clean	158
HLA-DQB2	class_II_paralog	pred	EAS	False	f2_protein	homopolymer_indel	21
HLA-DQB2	class_II_paralog	pred	EAS	False	f2_protein	partial_cds	<20
HLA-DQB2	class_II_paralog	pred	EAS	False	f4_noncoding	clean	1169
HLA-DQB2	class_II_paralog	pred	EAS	False	f4_noncoding	partial_cds	<20
HLA-DQB2	class_II_paralog	pred	EAS	False	known	clean	1551
HLA-DQB2	class_II_paralog	pred	EAS	True	f2_protein	clean	156
HLA-DQB2	class_II_paralog	pred	EAS	True	f2_protein	homopolymer_indel	20
HLA-DQB2	class_II_paralog	pred	EAS	True	f2_protein	partial_cds	<20
HLA-DQB2	class_II_paralog	pred	EAS	True	f4_noncoding	clean	1148
HLA-DQB2	class_II_paralog	pred	EAS	True	f4_noncoding	partial_cds	<20
HLA-DQB2	class_II_paralog	pred	EAS	True	known	clean	1509
HLA-DQB2	class_II_paralog	pred	EUR	False	f2_protein	clean	77
HLA-DQB2	class_II_paralog	pred	EUR	False	f2_protein	homopolymer_indel	80
HLA-DQB2	class_II_paralog	pred	EUR	False	f2_protein	partial_cds	<20
HLA-DQB2	class_II_paralog	pred	EUR	False	f3_synonymous	clean	<20
HLA-DQB2	class_II_paralog	pred	EUR	False	f4_noncoding	clean	1842
HLA-DQB2	class_II_paralog	pred	EUR	False	known	clean	3945
HLA-DQB2	class_II_paralog	pred	EUR	True	f2_protein	clean	76
HLA-DQB2	class_II_paralog	pred	EUR	True	f2_protein	homopolymer_indel	78
HLA-DQB2	class_II_paralog	pred	EUR	True	f2_protein	partial_cds	<20
HLA-DQB2	class_II_paralog	pred	EUR	True	f3_synonymous	clean	<20
HLA-DQB2	class_II_paralog	pred	EUR	True	f4_noncoding	clean	1778
HLA-DQB2	class_II_paralog	pred	EUR	True	known	clean	3811
HLA-DQB2	class_II_paralog	pred	MID	False	f2_protein	clean	53
HLA-DQB2	class_II_paralog	pred	MID	False	f2_protein	homopolymer_indel	<20
HLA-DQB2	class_II_paralog	pred	MID	False	f4_noncoding	clean	313
HLA-DQB2	class_II_paralog	pred	MID	False	f4_noncoding	partial_cds	<20
HLA-DQB2	class_II_paralog	pred	MID	False	known	clean	591
HLA-DQB2	class_II_paralog	pred	MID	True	f2_protein	clean	50
HLA-DQB2	class_II_paralog	pred	MID	True	f2_protein	homopolymer_indel	<20
HLA-DQB2	class_II_paralog	pred	MID	True	f4_noncoding	clean	306
HLA-DQB2	class_II_paralog	pred	MID	True	f4_noncoding	partial_cds	<20
HLA-DQB2	class_II_paralog	pred	MID	True	known	clean	585
HLA-DQB2	class_II_paralog	pred	POOLED	False	f2_protein	clean	763
HLA-DQB2	class_II_paralog	pred	POOLED	False	f2_protein	homopolymer_indel	310
HLA-DQB2	class_II_paralog	pred	POOLED	False	f2_protein	partial_cds	45
HLA-DQB2	class_II_paralog	pred	POOLED	False	f3_synonymous	clean	45
HLA-DQB2	class_II_paralog	pred	POOLED	False	f4_noncoding	clean	8312
HLA-DQB2	class_II_paralog	pred	POOLED	False	f4_noncoding	partial_cds	<20
HLA-DQB2	class_II_paralog	pred	POOLED	False	known	clean	14287
HLA-DQB2	class_II_paralog	pred	POOLED	True	f2_protein	clean	735
HLA-DQB2	class_II_paralog	pred	POOLED	True	f2_protein	homopolymer_indel	306
HLA-DQB2	class_II_paralog	pred	POOLED	True	f2_protein	partial_cds	45
HLA-DQB2	class_II_paralog	pred	POOLED	True	f3_synonymous	clean	44
HLA-DQB2	class_II_paralog	pred	POOLED	True	f4_noncoding	clean	8058
HLA-DQB2	class_II_paralog	pred	POOLED	True	f4_noncoding	partial_cds	<20
HLA-DQB2	class_II_paralog	pred	POOLED	True	known	clean	13836
HLA-DQB2	class_II_paralog	pred	SAS	False	f2_protein	clean	160
HLA-DQB2	class_II_paralog	pred	SAS	False	f2_protein	homopolymer_indel	43
HLA-DQB2	class_II_paralog	pred	SAS	False	f2_protein	partial_cds	<20
HLA-DQB2	class_II_paralog	pred	SAS	False	f3_synonymous	clean	<20
HLA-DQB2	class_II_paralog	pred	SAS	False	f4_noncoding	clean	622
HLA-DQB2	class_II_paralog	pred	SAS	False	known	clean	1634
HLA-DQB2	class_II_paralog	pred	SAS	True	f2_protein	clean	153
HLA-DQB2	class_II_paralog	pred	SAS	True	f2_protein	homopolymer_indel	43
HLA-DQB2	class_II_paralog	pred	SAS	True	f2_protein	partial_cds	<20
HLA-DQB2	class_II_paralog	pred	SAS	True	f3_synonymous	clean	<20
HLA-DQB2	class_II_paralog	pred	SAS	True	f4_noncoding	clean	611
HLA-DQB2	class_II_paralog	pred	SAS	True	known	clean	1609
HLA-DQB2	class_II_paralog	pred	UNASSIGNED	False	f4_noncoding	clean	<20
HLA-DQB2	class_II_paralog	pred	UNASSIGNED	False	known	clean	31
HLA-DQB2	class_II_paralog	pred	UNASSIGNED	True	f4_noncoding	clean	<20
HLA-DQB2	class_II_paralog	pred	UNASSIGNED	True	known	clean	31
HLA-DQB2	class_II_paralog	strict	AFR	False	f2_protein	clean	186
HLA-DQB2	class_II_paralog	strict	AFR	False	f2_protein	homopolymer_indel	53
HLA-DQB2	class_II_paralog	strict	AFR	False	f2_protein	partial_cds	<20
HLA-DQB2	class_II_paralog	strict	AFR	False	f3_synonymous	clean	<20
HLA-DQB2	class_II_paralog	strict	AFR	False	f4_noncoding	clean	2140
HLA-DQB2	class_II_paralog	strict	AFR	False	f4_noncoding	partial_cds	<20
HLA-DQB2	class_II_paralog	strict	AFR	False	known	clean	2246
HLA-DQB2	class_II_paralog	strict	AFR	True	f2_protein	clean	179
HLA-DQB2	class_II_paralog	strict	AFR	True	f2_protein	homopolymer_indel	53
HLA-DQB2	class_II_paralog	strict	AFR	True	f2_protein	partial_cds	<20
HLA-DQB2	class_II_paralog	strict	AFR	True	f3_synonymous	clean	<20
HLA-DQB2	class_II_paralog	strict	AFR	True	f4_noncoding	clean	2076
HLA-DQB2	class_II_paralog	strict	AFR	True	f4_noncoding	partial_cds	<20
HLA-DQB2	class_II_paralog	strict	AFR	True	known	clean	2164
HLA-DQB2	class_II_paralog	strict	AMR	False	f2_protein	clean	60
HLA-DQB2	class_II_paralog	strict	AMR	False	f2_protein	homopolymer_indel	51
HLA-DQB2	class_II_paralog	strict	AMR	False	f2_protein	partial_cds	<20
HLA-DQB2	class_II_paralog	strict	AMR	False	f3_synonymous	clean	<20
HLA-DQB2	class_II_paralog	strict	AMR	False	f4_noncoding	clean	965
HLA-DQB2	class_II_paralog	strict	AMR	False	f4_noncoding	partial_cds	<20
HLA-DQB2	class_II_paralog	strict	AMR	False	known	clean	2186
HLA-DQB2	class_II_paralog	strict	AMR	True	f2_protein	clean	52
HLA-DQB2	class_II_paralog	strict	AMR	True	f2_protein	homopolymer_indel	51
HLA-DQB2	class_II_paralog	strict	AMR	True	f2_protein	partial_cds	<20
HLA-DQB2	class_II_paralog	strict	AMR	True	f3_synonymous	clean	<20
HLA-DQB2	class_II_paralog	strict	AMR	True	f4_noncoding	clean	914
HLA-DQB2	class_II_paralog	strict	AMR	True	known	clean	2058
HLA-DQB2	class_II_paralog	strict	EAS	False	f2_protein	clean	143
HLA-DQB2	class_II_paralog	strict	EAS	False	f2_protein	homopolymer_indel	<20
HLA-DQB2	class_II_paralog	strict	EAS	False	f2_protein	partial_cds	<20
HLA-DQB2	class_II_paralog	strict	EAS	False	f4_noncoding	clean	1031
HLA-DQB2	class_II_paralog	strict	EAS	False	f4_noncoding	partial_cds	<20
HLA-DQB2	class_II_paralog	strict	EAS	False	known	clean	1343
HLA-DQB2	class_II_paralog	strict	EAS	True	f2_protein	clean	141
HLA-DQB2	class_II_paralog	strict	EAS	True	f2_protein	homopolymer_indel	<20
HLA-DQB2	class_II_paralog	strict	EAS	True	f2_protein	partial_cds	<20
HLA-DQB2	class_II_paralog	strict	EAS	True	f4_noncoding	clean	1011
HLA-DQB2	class_II_paralog	strict	EAS	True	f4_noncoding	partial_cds	<20
HLA-DQB2	class_II_paralog	strict	EAS	True	known	clean	1302
HLA-DQB2	class_II_paralog	strict	EUR	False	f2_protein	clean	<20
HLA-DQB2	class_II_paralog	strict	EUR	False	f2_protein	homopolymer_indel	36
HLA-DQB2	class_II_paralog	strict	EUR	False	f2_protein	partial_cds	<20
HLA-DQB2	class_II_paralog	strict	EUR	False	f3_synonymous	clean	<20
HLA-DQB2	class_II_paralog	strict	EUR	False	f4_noncoding	clean	777
HLA-DQB2	class_II_paralog	strict	EUR	False	known	clean	1831
HLA-DQB2	class_II_paralog	strict	EUR	True	f2_protein	clean	<20
HLA-DQB2	class_II_paralog	strict	EUR	True	f2_protein	homopolymer_indel	34
HLA-DQB2	class_II_paralog	strict	EUR	True	f2_protein	partial_cds	<20
HLA-DQB2	class_II_paralog	strict	EUR	True	f3_synonymous	clean	<20
HLA-DQB2	class_II_paralog	strict	EUR	True	f4_noncoding	clean	726
HLA-DQB2	class_II_paralog	strict	EUR	True	known	clean	1723
HLA-DQB2	class_II_paralog	strict	MID	False	f2_protein	clean	32
HLA-DQB2	class_II_paralog	strict	MID	False	f2_protein	homopolymer_indel	<20
HLA-DQB2	class_II_paralog	strict	MID	False	f4_noncoding	clean	181
HLA-DQB2	class_II_paralog	strict	MID	False	f4_noncoding	partial_cds	<20
HLA-DQB2	class_II_paralog	strict	MID	False	known	clean	385
HLA-DQB2	class_II_paralog	strict	MID	True	f2_protein	clean	31
HLA-DQB2	class_II_paralog	strict	MID	True	f2_protein	homopolymer_indel	<20
HLA-DQB2	class_II_paralog	strict	MID	True	f4_noncoding	clean	174
HLA-DQB2	class_II_paralog	strict	MID	True	f4_noncoding	partial_cds	<20
HLA-DQB2	class_II_paralog	strict	MID	True	known	clean	381
HLA-DQB2	class_II_paralog	strict	POOLED	False	f2_protein	clean	763
HLA-DQB2	class_II_paralog	strict	POOLED	False	f2_protein	homopolymer_indel	310
HLA-DQB2	class_II_paralog	strict	POOLED	False	f2_protein	partial_cds	45
HLA-DQB2	class_II_paralog	strict	POOLED	False	f3_synonymous	clean	45
HLA-DQB2	class_II_paralog	strict	POOLED	False	f4_noncoding	clean	8312
HLA-DQB2	class_II_paralog	strict	POOLED	False	f4_noncoding	partial_cds	<20
HLA-DQB2	class_II_paralog	strict	POOLED	False	known	clean	14287
HLA-DQB2	class_II_paralog	strict	POOLED	True	f2_protein	clean	735
HLA-DQB2	class_II_paralog	strict	POOLED	True	f2_protein	homopolymer_indel	306
HLA-DQB2	class_II_paralog	strict	POOLED	True	f2_protein	partial_cds	45
HLA-DQB2	class_II_paralog	strict	POOLED	True	f3_synonymous	clean	44
HLA-DQB2	class_II_paralog	strict	POOLED	True	f4_noncoding	clean	8058
HLA-DQB2	class_II_paralog	strict	POOLED	True	f4_noncoding	partial_cds	<20
HLA-DQB2	class_II_paralog	strict	POOLED	True	known	clean	13836
HLA-DQB2	class_II_paralog	strict	SAS	False	f2_protein	clean	148
HLA-DQB2	class_II_paralog	strict	SAS	False	f2_protein	homopolymer_indel	39
HLA-DQB2	class_II_paralog	strict	SAS	False	f2_protein	partial_cds	<20
HLA-DQB2	class_II_paralog	strict	SAS	False	f3_synonymous	clean	<20
HLA-DQB2	class_II_paralog	strict	SAS	False	f4_noncoding	clean	572
HLA-DQB2	class_II_paralog	strict	SAS	False	known	clean	1528
HLA-DQB2	class_II_paralog	strict	SAS	True	f2_protein	clean	142
HLA-DQB2	class_II_paralog	strict	SAS	True	f2_protein	homopolymer_indel	39
HLA-DQB2	class_II_paralog	strict	SAS	True	f2_protein	partial_cds	<20
HLA-DQB2	class_II_paralog	strict	SAS	True	f3_synonymous	clean	<20
HLA-DQB2	class_II_paralog	strict	SAS	True	f4_noncoding	clean	565
HLA-DQB2	class_II_paralog	strict	SAS	True	known	clean	1506
HLA-DQB2	class_II_paralog	strict	UNASSIGNED	False	f2_protein	clean	177
HLA-DQB2	class_II_paralog	strict	UNASSIGNED	False	f2_protein	homopolymer_indel	108
HLA-DQB2	class_II_paralog	strict	UNASSIGNED	False	f2_protein	partial_cds	<20
HLA-DQB2	class_II_paralog	strict	UNASSIGNED	False	f3_synonymous	clean	<20
HLA-DQB2	class_II_paralog	strict	UNASSIGNED	False	f4_noncoding	clean	2646
HLA-DQB2	class_II_paralog	strict	UNASSIGNED	False	f4_noncoding	partial_cds	<20
HLA-DQB2	class_II_paralog	strict	UNASSIGNED	False	known	clean	4768
HLA-DQB2	class_II_paralog	strict	UNASSIGNED	True	f2_protein	clean	173
HLA-DQB2	class_II_paralog	strict	UNASSIGNED	True	f2_protein	homopolymer_indel	107
HLA-DQB2	class_II_paralog	strict	UNASSIGNED	True	f2_protein	partial_cds	<20
HLA-DQB2	class_II_paralog	strict	UNASSIGNED	True	f3_synonymous	clean	<20
HLA-DQB2	class_II_paralog	strict	UNASSIGNED	True	f4_noncoding	clean	2592
HLA-DQB2	class_II_paralog	strict	UNASSIGNED	True	f4_noncoding	partial_cds	<20
HLA-DQB2	class_II_paralog	strict	UNASSIGNED	True	known	clean	4702
HLA-DRA	class_II_accessory	pred	AFR	False	f2_protein	clean	31
HLA-DRA	class_II_accessory	pred	AFR	False	f2_protein	homopolymer_indel	132
HLA-DRA	class_II_accessory	pred	AFR	False	f2_protein	partial_cds	<20
HLA-DRA	class_II_accessory	pred	AFR	False	f3_synonymous	clean	<20
HLA-DRA	class_II_accessory	pred	AFR	False	f4_noncoding	clean	899
HLA-DRA	class_II_accessory	pred	AFR	False	f4_noncoding	partial_cds	<20
HLA-DRA	class_II_accessory	pred	AFR	False	known	clean	4849
HLA-DRA	class_II_accessory	pred	AFR	True	f2_protein	clean	29
HLA-DRA	class_II_accessory	pred	AFR	True	f2_protein	homopolymer_indel	129
HLA-DRA	class_II_accessory	pred	AFR	True	f2_protein	partial_cds	<20
HLA-DRA	class_II_accessory	pred	AFR	True	f3_synonymous	clean	<20
HLA-DRA	class_II_accessory	pred	AFR	True	f4_noncoding	clean	884
HLA-DRA	class_II_accessory	pred	AFR	True	f4_noncoding	partial_cds	<20
HLA-DRA	class_II_accessory	pred	AFR	True	known	clean	4699
HLA-DRA	class_II_accessory	pred	AMR	False	f2_protein	clean	<20
HLA-DRA	class_II_accessory	pred	AMR	False	f2_protein	homopolymer_indel	97
HLA-DRA	class_II_accessory	pred	AMR	False	f2_protein	partial_cds	<20
HLA-DRA	class_II_accessory	pred	AMR	False	f3_synonymous	clean	<20
HLA-DRA	class_II_accessory	pred	AMR	False	f4_noncoding	clean	516
HLA-DRA	class_II_accessory	pred	AMR	False	f4_noncoding	partial_cds	<20
HLA-DRA	class_II_accessory	pred	AMR	False	known	clean	4667
HLA-DRA	class_II_accessory	pred	AMR	True	f2_protein	clean	<20
HLA-DRA	class_II_accessory	pred	AMR	True	f2_protein	homopolymer_indel	93
HLA-DRA	class_II_accessory	pred	AMR	True	f2_protein	partial_cds	<20
HLA-DRA	class_II_accessory	pred	AMR	True	f3_synonymous	clean	<20
HLA-DRA	class_II_accessory	pred	AMR	True	f4_noncoding	clean	494
HLA-DRA	class_II_accessory	pred	AMR	True	f4_noncoding	partial_cds	<20
HLA-DRA	class_II_accessory	pred	AMR	True	known	clean	4459
HLA-DRA	class_II_accessory	pred	EAS	False	f2_protein	clean	<20
HLA-DRA	class_II_accessory	pred	EAS	False	f2_protein	homopolymer_indel	52
HLA-DRA	class_II_accessory	pred	EAS	False	f2_protein	partial_cds	<20
HLA-DRA	class_II_accessory	pred	EAS	False	f3_synonymous	clean	<20
HLA-DRA	class_II_accessory	pred	EAS	False	f4_noncoding	clean	333
HLA-DRA	class_II_accessory	pred	EAS	False	f4_noncoding	partial_cds	<20
HLA-DRA	class_II_accessory	pred	EAS	False	known	clean	2469
HLA-DRA	class_II_accessory	pred	EAS	True	f2_protein	clean	<20
HLA-DRA	class_II_accessory	pred	EAS	True	f2_protein	homopolymer_indel	51
HLA-DRA	class_II_accessory	pred	EAS	True	f2_protein	partial_cds	<20
HLA-DRA	class_II_accessory	pred	EAS	True	f3_synonymous	clean	<20
HLA-DRA	class_II_accessory	pred	EAS	True	f4_noncoding	clean	322
HLA-DRA	class_II_accessory	pred	EAS	True	f4_noncoding	partial_cds	<20
HLA-DRA	class_II_accessory	pred	EAS	True	known	clean	2419
HLA-DRA	class_II_accessory	pred	EUR	False	f2_protein	clean	<20
HLA-DRA	class_II_accessory	pred	EUR	False	f2_protein	homopolymer_indel	105
HLA-DRA	class_II_accessory	pred	EUR	False	f2_protein	partial_cds	<20
HLA-DRA	class_II_accessory	pred	EUR	False	f3_synonymous	clean	<20
HLA-DRA	class_II_accessory	pred	EUR	False	f4_noncoding	clean	472
HLA-DRA	class_II_accessory	pred	EUR	False	f4_noncoding	partial_cds	<20
HLA-DRA	class_II_accessory	pred	EUR	False	known	clean	5296
HLA-DRA	class_II_accessory	pred	EUR	True	f2_protein	clean	<20
HLA-DRA	class_II_accessory	pred	EUR	True	f2_protein	homopolymer_indel	102
HLA-DRA	class_II_accessory	pred	EUR	True	f2_protein	partial_cds	<20
HLA-DRA	class_II_accessory	pred	EUR	True	f3_synonymous	clean	<20
HLA-DRA	class_II_accessory	pred	EUR	True	f4_noncoding	clean	456
HLA-DRA	class_II_accessory	pred	EUR	True	f4_noncoding	partial_cds	<20
HLA-DRA	class_II_accessory	pred	EUR	True	known	clean	5116
HLA-DRA	class_II_accessory	pred	MID	False	f2_protein	homopolymer_indel	<20
HLA-DRA	class_II_accessory	pred	MID	False	f2_protein	partial_cds	<20
HLA-DRA	class_II_accessory	pred	MID	False	f4_noncoding	clean	108
HLA-DRA	class_II_accessory	pred	MID	False	known	clean	828
HLA-DRA	class_II_accessory	pred	MID	True	f2_protein	homopolymer_indel	<20
HLA-DRA	class_II_accessory	pred	MID	True	f2_protein	partial_cds	<20
HLA-DRA	class_II_accessory	pred	MID	True	f4_noncoding	clean	108
HLA-DRA	class_II_accessory	pred	MID	True	known	clean	815
HLA-DRA	class_II_accessory	pred	POOLED	False	f2_protein	clean	65
HLA-DRA	class_II_accessory	pred	POOLED	False	f2_protein	homopolymer_indel	434
HLA-DRA	class_II_accessory	pred	POOLED	False	f2_protein	partial_cds	48
HLA-DRA	class_II_accessory	pred	POOLED	False	f3_synonymous	clean	<20
HLA-DRA	class_II_accessory	pred	POOLED	False	f4_noncoding	clean	2620
HLA-DRA	class_II_accessory	pred	POOLED	False	f4_noncoding	partial_cds	<20
HLA-DRA	class_II_accessory	pred	POOLED	False	known	clean	20233
HLA-DRA	class_II_accessory	pred	POOLED	True	f2_protein	clean	63
HLA-DRA	class_II_accessory	pred	POOLED	True	f2_protein	homopolymer_indel	423
HLA-DRA	class_II_accessory	pred	POOLED	True	f2_protein	partial_cds	48
HLA-DRA	class_II_accessory	pred	POOLED	True	f3_synonymous	clean	<20
HLA-DRA	class_II_accessory	pred	POOLED	True	f4_noncoding	clean	2554
HLA-DRA	class_II_accessory	pred	POOLED	True	f4_noncoding	partial_cds	<20
HLA-DRA	class_II_accessory	pred	POOLED	True	known	clean	19593
HLA-DRA	class_II_accessory	pred	SAS	False	f2_protein	clean	<20
HLA-DRA	class_II_accessory	pred	SAS	False	f2_protein	homopolymer_indel	34
HLA-DRA	class_II_accessory	pred	SAS	False	f3_synonymous	clean	<20
HLA-DRA	class_II_accessory	pred	SAS	False	f4_noncoding	clean	289
HLA-DRA	class_II_accessory	pred	SAS	False	f4_noncoding	partial_cds	<20
HLA-DRA	class_II_accessory	pred	SAS	False	known	clean	2083
HLA-DRA	class_II_accessory	pred	SAS	True	f2_protein	clean	<20
HLA-DRA	class_II_accessory	pred	SAS	True	f2_protein	homopolymer_indel	34
HLA-DRA	class_II_accessory	pred	SAS	True	f3_synonymous	clean	<20
HLA-DRA	class_II_accessory	pred	SAS	True	f4_noncoding	clean	287
HLA-DRA	class_II_accessory	pred	SAS	True	f4_noncoding	partial_cds	<20
HLA-DRA	class_II_accessory	pred	SAS	True	known	clean	2044
HLA-DRA	class_II_accessory	pred	UNASSIGNED	False	f4_noncoding	clean	<20
HLA-DRA	class_II_accessory	pred	UNASSIGNED	False	known	clean	41
HLA-DRA	class_II_accessory	pred	UNASSIGNED	True	f4_noncoding	clean	<20
HLA-DRA	class_II_accessory	pred	UNASSIGNED	True	known	clean	41
HLA-DRA	class_II_accessory	strict	AFR	False	f2_protein	clean	25
HLA-DRA	class_II_accessory	strict	AFR	False	f2_protein	homopolymer_indel	99
HLA-DRA	class_II_accessory	strict	AFR	False	f2_protein	partial_cds	<20
HLA-DRA	class_II_accessory	strict	AFR	False	f3_synonymous	clean	<20
HLA-DRA	class_II_accessory	strict	AFR	False	f4_noncoding	clean	718
HLA-DRA	class_II_accessory	strict	AFR	False	f4_noncoding	partial_cds	<20
HLA-DRA	class_II_accessory	strict	AFR	False	known	clean	3733
HLA-DRA	class_II_accessory	strict	AFR	True	f2_protein	clean	23
HLA-DRA	class_II_accessory	strict	AFR	True	f2_protein	homopolymer_indel	96
HLA-DRA	class_II_accessory	strict	AFR	True	f2_protein	partial_cds	<20
HLA-DRA	class_II_accessory	strict	AFR	True	f3_synonymous	clean	<20
HLA-DRA	class_II_accessory	strict	AFR	True	f4_noncoding	clean	706
HLA-DRA	class_II_accessory	strict	AFR	True	f4_noncoding	partial_cds	<20
HLA-DRA	class_II_accessory	strict	AFR	True	known	clean	3599
HLA-DRA	class_II_accessory	strict	AMR	False	f2_protein	clean	<20
HLA-DRA	class_II_accessory	strict	AMR	False	f2_protein	homopolymer_indel	56
HLA-DRA	class_II_accessory	strict	AMR	False	f2_protein	partial_cds	<20
HLA-DRA	class_II_accessory	strict	AMR	False	f3_synonymous	clean	<20
HLA-DRA	class_II_accessory	strict	AMR	False	f4_noncoding	clean	280
HLA-DRA	class_II_accessory	strict	AMR	False	f4_noncoding	partial_cds	<20
HLA-DRA	class_II_accessory	strict	AMR	False	known	clean	2868
HLA-DRA	class_II_accessory	strict	AMR	True	f2_protein	clean	<20
HLA-DRA	class_II_accessory	strict	AMR	True	f2_protein	homopolymer_indel	52
HLA-DRA	class_II_accessory	strict	AMR	True	f2_protein	partial_cds	<20
HLA-DRA	class_II_accessory	strict	AMR	True	f3_synonymous	clean	<20
HLA-DRA	class_II_accessory	strict	AMR	True	f4_noncoding	clean	261
HLA-DRA	class_II_accessory	strict	AMR	True	f4_noncoding	partial_cds	<20
HLA-DRA	class_II_accessory	strict	AMR	True	known	clean	2705
HLA-DRA	class_II_accessory	strict	EAS	False	f2_protein	clean	<20
HLA-DRA	class_II_accessory	strict	EAS	False	f2_protein	homopolymer_indel	46
HLA-DRA	class_II_accessory	strict	EAS	False	f2_protein	partial_cds	<20
HLA-DRA	class_II_accessory	strict	EAS	False	f3_synonymous	clean	<20
HLA-DRA	class_II_accessory	strict	EAS	False	f4_noncoding	clean	289
HLA-DRA	class_II_accessory	strict	EAS	False	f4_noncoding	partial_cds	<20
HLA-DRA	class_II_accessory	strict	EAS	False	known	clean	2153
HLA-DRA	class_II_accessory	strict	EAS	True	f2_protein	clean	<20
HLA-DRA	class_II_accessory	strict	EAS	True	f2_protein	homopolymer_indel	45
HLA-DRA	class_II_accessory	strict	EAS	True	f2_protein	partial_cds	<20
HLA-DRA	class_II_accessory	strict	EAS	True	f3_synonymous	clean	<20
HLA-DRA	class_II_accessory	strict	EAS	True	f4_noncoding	clean	278
HLA-DRA	class_II_accessory	strict	EAS	True	f4_noncoding	partial_cds	<20
HLA-DRA	class_II_accessory	strict	EAS	True	known	clean	2105
HLA-DRA	class_II_accessory	strict	EUR	False	f2_protein	clean	<20
HLA-DRA	class_II_accessory	strict	EUR	False	f2_protein	homopolymer_indel	44
HLA-DRA	class_II_accessory	strict	EUR	False	f2_protein	partial_cds	<20
HLA-DRA	class_II_accessory	strict	EUR	False	f4_noncoding	clean	218
HLA-DRA	class_II_accessory	strict	EUR	False	f4_noncoding	partial_cds	<20
HLA-DRA	class_II_accessory	strict	EUR	False	known	clean	2368
HLA-DRA	class_II_accessory	strict	EUR	True	f2_protein	clean	<20
HLA-DRA	class_II_accessory	strict	EUR	True	f2_protein	homopolymer_indel	41
HLA-DRA	class_II_accessory	strict	EUR	True	f2_protein	partial_cds	<20
HLA-DRA	class_II_accessory	strict	EUR	True	f4_noncoding	clean	204
HLA-DRA	class_II_accessory	strict	EUR	True	f4_noncoding	partial_cds	<20
HLA-DRA	class_II_accessory	strict	EUR	True	known	clean	2225
HLA-DRA	class_II_accessory	strict	MID	False	f2_protein	homopolymer_indel	<20
HLA-DRA	class_II_accessory	strict	MID	False	f4_noncoding	clean	61
HLA-DRA	class_II_accessory	strict	MID	False	known	clean	530
HLA-DRA	class_II_accessory	strict	MID	True	f2_protein	homopolymer_indel	<20
HLA-DRA	class_II_accessory	strict	MID	True	f4_noncoding	clean	61
HLA-DRA	class_II_accessory	strict	MID	True	known	clean	520
HLA-DRA	class_II_accessory	strict	POOLED	False	f2_protein	clean	65
HLA-DRA	class_II_accessory	strict	POOLED	False	f2_protein	homopolymer_indel	434
HLA-DRA	class_II_accessory	strict	POOLED	False	f2_protein	partial_cds	48
HLA-DRA	class_II_accessory	strict	POOLED	False	f3_synonymous	clean	<20
HLA-DRA	class_II_accessory	strict	POOLED	False	f4_noncoding	clean	2620
HLA-DRA	class_II_accessory	strict	POOLED	False	f4_noncoding	partial_cds	<20
HLA-DRA	class_II_accessory	strict	POOLED	False	known	clean	20233
HLA-DRA	class_II_accessory	strict	POOLED	True	f2_protein	clean	63
HLA-DRA	class_II_accessory	strict	POOLED	True	f2_protein	homopolymer_indel	423
HLA-DRA	class_II_accessory	strict	POOLED	True	f2_protein	partial_cds	48
HLA-DRA	class_II_accessory	strict	POOLED	True	f3_synonymous	clean	<20
HLA-DRA	class_II_accessory	strict	POOLED	True	f4_noncoding	clean	2554
HLA-DRA	class_II_accessory	strict	POOLED	True	f4_noncoding	partial_cds	<20
HLA-DRA	class_II_accessory	strict	POOLED	True	known	clean	19593
HLA-DRA	class_II_accessory	strict	SAS	False	f2_protein	clean	<20
HLA-DRA	class_II_accessory	strict	SAS	False	f2_protein	homopolymer_indel	34
HLA-DRA	class_II_accessory	strict	SAS	False	f3_synonymous	clean	<20
HLA-DRA	class_II_accessory	strict	SAS	False	f4_noncoding	clean	269
HLA-DRA	class_II_accessory	strict	SAS	False	known	clean	1931
HLA-DRA	class_II_accessory	strict	SAS	True	f2_protein	clean	<20
HLA-DRA	class_II_accessory	strict	SAS	True	f2_protein	homopolymer_indel	34
HLA-DRA	class_II_accessory	strict	SAS	True	f3_synonymous	clean	<20
HLA-DRA	class_II_accessory	strict	SAS	True	f4_noncoding	clean	267
HLA-DRA	class_II_accessory	strict	SAS	True	known	clean	1900
HLA-DRA	class_II_accessory	strict	UNASSIGNED	False	f2_protein	clean	<20
HLA-DRA	class_II_accessory	strict	UNASSIGNED	False	f2_protein	homopolymer_indel	150
HLA-DRA	class_II_accessory	strict	UNASSIGNED	False	f2_protein	partial_cds	<20
HLA-DRA	class_II_accessory	strict	UNASSIGNED	False	f3_synonymous	clean	<20
HLA-DRA	class_II_accessory	strict	UNASSIGNED	False	f4_noncoding	clean	785
HLA-DRA	class_II_accessory	strict	UNASSIGNED	False	f4_noncoding	partial_cds	<20
HLA-DRA	class_II_accessory	strict	UNASSIGNED	False	known	clean	6650
HLA-DRA	class_II_accessory	strict	UNASSIGNED	True	f2_protein	clean	<20
HLA-DRA	class_II_accessory	strict	UNASSIGNED	True	f2_protein	homopolymer_indel	150
HLA-DRA	class_II_accessory	strict	UNASSIGNED	True	f2_protein	partial_cds	<20
HLA-DRA	class_II_accessory	strict	UNASSIGNED	True	f3_synonymous	clean	<20
HLA-DRA	class_II_accessory	strict	UNASSIGNED	True	f4_noncoding	clean	777
HLA-DRA	class_II_accessory	strict	UNASSIGNED	True	f4_noncoding	partial_cds	<20
HLA-DRA	class_II_accessory	strict	UNASSIGNED	True	known	clean	6539
HLA-DRB1	classical_II	pred	AFR	False	f2_protein	clean	<20
HLA-DRB1	classical_II	pred	AFR	False	f2_protein	homopolymer_indel	119
HLA-DRB1	classical_II	pred	AFR	False	f2_protein	partial_cds	<20
HLA-DRB1	classical_II	pred	AFR	False	f4_noncoding	clean	3823
HLA-DRB1	classical_II	pred	AFR	False	f4_noncoding	partial_cds	<20
HLA-DRB1	classical_II	pred	AFR	False	known	clean	1929
HLA-DRB1	classical_II	pred	AFR	True	f2_protein	clean	<20
HLA-DRB1	classical_II	pred	AFR	True	f2_protein	homopolymer_indel	117
HLA-DRB1	classical_II	pred	AFR	True	f2_protein	partial_cds	<20
HLA-DRB1	classical_II	pred	AFR	True	f4_noncoding	clean	3709
HLA-DRB1	classical_II	pred	AFR	True	f4_noncoding	partial_cds	<20
HLA-DRB1	classical_II	pred	AFR	True	known	clean	1873
HLA-DRB1	classical_II	pred	AMR	False	f2_protein	clean	<20
HLA-DRB1	classical_II	pred	AMR	False	f2_protein	homopolymer_indel	91
HLA-DRB1	classical_II	pred	AMR	False	f2_protein	partial_cds	<20
HLA-DRB1	classical_II	pred	AMR	False	f4_noncoding	clean	3050
HLA-DRB1	classical_II	pred	AMR	False	f4_noncoding	partial_cds	<20
HLA-DRB1	classical_II	pred	AMR	False	known	clean	2076
HLA-DRB1	classical_II	pred	AMR	True	f2_protein	clean	<20
HLA-DRB1	classical_II	pred	AMR	True	f2_protein	homopolymer_indel	85
HLA-DRB1	classical_II	pred	AMR	True	f2_protein	partial_cds	<20
HLA-DRB1	classical_II	pred	AMR	True	f4_noncoding	clean	2919
HLA-DRB1	classical_II	pred	AMR	True	f4_noncoding	partial_cds	<20
HLA-DRB1	classical_II	pred	AMR	True	known	clean	1987
HLA-DRB1	classical_II	pred	EAS	False	f2_protein	clean	<20
HLA-DRB1	classical_II	pred	EAS	False	f2_protein	homopolymer_indel	62
HLA-DRB1	classical_II	pred	EAS	False	f2_protein	partial_cds	<20
HLA-DRB1	classical_II	pred	EAS	False	f4_noncoding	clean	1992
HLA-DRB1	classical_II	pred	EAS	False	f4_noncoding	partial_cds	<20
HLA-DRB1	classical_II	pred	EAS	False	known	clean	786
HLA-DRB1	classical_II	pred	EAS	True	f2_protein	clean	<20
HLA-DRB1	classical_II	pred	EAS	True	f2_protein	homopolymer_indel	61
HLA-DRB1	classical_II	pred	EAS	True	f2_protein	partial_cds	<20
HLA-DRB1	classical_II	pred	EAS	True	f4_noncoding	clean	1935
HLA-DRB1	classical_II	pred	EAS	True	f4_noncoding	partial_cds	<20
HLA-DRB1	classical_II	pred	EAS	True	known	clean	780
HLA-DRB1	classical_II	pred	EUR	False	f2_protein	clean	<20
HLA-DRB1	classical_II	pred	EUR	False	f2_protein	homopolymer_indel	121
HLA-DRB1	classical_II	pred	EUR	False	f2_protein	partial_cds	<20
HLA-DRB1	classical_II	pred	EUR	False	f4_noncoding	clean	2874
HLA-DRB1	classical_II	pred	EUR	False	f4_noncoding	partial_cds	<20
HLA-DRB1	classical_II	pred	EUR	False	known	clean	2813
HLA-DRB1	classical_II	pred	EUR	True	f2_protein	clean	<20
HLA-DRB1	classical_II	pred	EUR	True	f2_protein	homopolymer_indel	121
HLA-DRB1	classical_II	pred	EUR	True	f2_protein	partial_cds	<20
HLA-DRB1	classical_II	pred	EUR	True	f4_noncoding	clean	2793
HLA-DRB1	classical_II	pred	EUR	True	f4_noncoding	partial_cds	<20
HLA-DRB1	classical_II	pred	EUR	True	known	clean	2698
HLA-DRB1	classical_II	pred	MID	False	f2_protein	clean	<20
HLA-DRB1	classical_II	pred	MID	False	f2_protein	homopolymer_indel	<20
HLA-DRB1	classical_II	pred	MID	False	f4_noncoding	clean	588
HLA-DRB1	classical_II	pred	MID	False	f4_noncoding	partial_cds	<20
HLA-DRB1	classical_II	pred	MID	False	known	clean	326
HLA-DRB1	classical_II	pred	MID	True	f2_protein	clean	<20
HLA-DRB1	classical_II	pred	MID	True	f2_protein	homopolymer_indel	<20
HLA-DRB1	classical_II	pred	MID	True	f4_noncoding	clean	580
HLA-DRB1	classical_II	pred	MID	True	f4_noncoding	partial_cds	<20
HLA-DRB1	classical_II	pred	MID	True	known	clean	318
HLA-DRB1	classical_II	pred	POOLED	False	f2_protein	clean	36
HLA-DRB1	classical_II	pred	POOLED	False	f2_protein	homopolymer_indel	453
HLA-DRB1	classical_II	pred	POOLED	False	f2_protein	partial_cds	33
HLA-DRB1	classical_II	pred	POOLED	False	f3_synonymous	clean	<20
HLA-DRB1	classical_II	pred	POOLED	False	f4_noncoding	clean	13959
HLA-DRB1	classical_II	pred	POOLED	False	f4_noncoding	partial_cds	46
HLA-DRB1	classical_II	pred	POOLED	False	known	clean	8707
HLA-DRB1	classical_II	pred	POOLED	True	f2_protein	clean	35
HLA-DRB1	classical_II	pred	POOLED	True	f2_protein	homopolymer_indel	442
HLA-DRB1	classical_II	pred	POOLED	True	f2_protein	partial_cds	33
HLA-DRB1	classical_II	pred	POOLED	True	f3_synonymous	clean	<20
HLA-DRB1	classical_II	pred	POOLED	True	f4_noncoding	clean	13542
HLA-DRB1	classical_II	pred	POOLED	True	f4_noncoding	partial_cds	42
HLA-DRB1	classical_II	pred	POOLED	True	known	clean	8420
HLA-DRB1	classical_II	pred	SAS	False	f2_protein	clean	<20
HLA-DRB1	classical_II	pred	SAS	False	f2_protein	homopolymer_indel	40
HLA-DRB1	classical_II	pred	SAS	False	f2_protein	partial_cds	<20
HLA-DRB1	classical_II	pred	SAS	False	f3_synonymous	clean	<20
HLA-DRB1	classical_II	pred	SAS	False	f4_noncoding	clean	1606
HLA-DRB1	classical_II	pred	SAS	False	f4_noncoding	partial_cds	<20
HLA-DRB1	classical_II	pred	SAS	False	known	clean	758
HLA-DRB1	classical_II	pred	SAS	True	f2_protein	clean	<20
HLA-DRB1	classical_II	pred	SAS	True	f2_protein	homopolymer_indel	38
HLA-DRB1	classical_II	pred	SAS	True	f2_protein	partial_cds	<20
HLA-DRB1	classical_II	pred	SAS	True	f3_synonymous	clean	<20
HLA-DRB1	classical_II	pred	SAS	True	f4_noncoding	clean	1580
HLA-DRB1	classical_II	pred	SAS	True	f4_noncoding	partial_cds	<20
HLA-DRB1	classical_II	pred	SAS	True	known	clean	745
HLA-DRB1	classical_II	pred	UNASSIGNED	False	f2_protein	homopolymer_indel	<20
HLA-DRB1	classical_II	pred	UNASSIGNED	False	f4_noncoding	clean	26
HLA-DRB1	classical_II	pred	UNASSIGNED	False	known	clean	<20
HLA-DRB1	classical_II	pred	UNASSIGNED	True	f2_protein	homopolymer_indel	<20
HLA-DRB1	classical_II	pred	UNASSIGNED	True	f4_noncoding	clean	26
HLA-DRB1	classical_II	pred	UNASSIGNED	True	known	clean	<20
HLA-DRB1	classical_II	strict	AFR	False	f2_protein	clean	<20
HLA-DRB1	classical_II	strict	AFR	False	f2_protein	homopolymer_indel	97
HLA-DRB1	classical_II	strict	AFR	False	f2_protein	partial_cds	<20
HLA-DRB1	classical_II	strict	AFR	False	f4_noncoding	clean	2991
HLA-DRB1	classical_II	strict	AFR	False	f4_noncoding	partial_cds	<20
HLA-DRB1	classical_II	strict	AFR	False	known	clean	1460
HLA-DRB1	classical_II	strict	AFR	True	f2_protein	clean	<20
HLA-DRB1	classical_II	strict	AFR	True	f2_protein	homopolymer_indel	95
HLA-DRB1	classical_II	strict	AFR	True	f2_protein	partial_cds	<20
HLA-DRB1	classical_II	strict	AFR	True	f4_noncoding	clean	2888
HLA-DRB1	classical_II	strict	AFR	True	f4_noncoding	partial_cds	<20
HLA-DRB1	classical_II	strict	AFR	True	known	clean	1412
HLA-DRB1	classical_II	strict	AMR	False	f2_protein	clean	<20
HLA-DRB1	classical_II	strict	AMR	False	f2_protein	homopolymer_indel	55
HLA-DRB1	classical_II	strict	AMR	False	f2_protein	partial_cds	<20
HLA-DRB1	classical_II	strict	AMR	False	f4_noncoding	clean	1902
HLA-DRB1	classical_II	strict	AMR	False	f4_noncoding	partial_cds	<20
HLA-DRB1	classical_II	strict	AMR	False	known	clean	1218
HLA-DRB1	classical_II	strict	AMR	True	f2_protein	clean	<20
HLA-DRB1	classical_II	strict	AMR	True	f2_protein	homopolymer_indel	51
HLA-DRB1	classical_II	strict	AMR	True	f2_protein	partial_cds	<20
HLA-DRB1	classical_II	strict	AMR	True	f4_noncoding	clean	1797
HLA-DRB1	classical_II	strict	AMR	True	f4_noncoding	partial_cds	<20
HLA-DRB1	classical_II	strict	AMR	True	known	clean	1147
HLA-DRB1	classical_II	strict	EAS	False	f2_protein	clean	<20
HLA-DRB1	classical_II	strict	EAS	False	f2_protein	homopolymer_indel	55
HLA-DRB1	classical_II	strict	EAS	False	f2_protein	partial_cds	<20
HLA-DRB1	classical_II	strict	EAS	False	f4_noncoding	clean	1777
HLA-DRB1	classical_II	strict	EAS	False	f4_noncoding	partial_cds	<20
HLA-DRB1	classical_II	strict	EAS	False	known	clean	648
HLA-DRB1	classical_II	strict	EAS	True	f2_protein	clean	<20
HLA-DRB1	classical_II	strict	EAS	True	f2_protein	homopolymer_indel	54
HLA-DRB1	classical_II	strict	EAS	True	f2_protein	partial_cds	<20
HLA-DRB1	classical_II	strict	EAS	True	f4_noncoding	clean	1722
HLA-DRB1	classical_II	strict	EAS	True	f4_noncoding	partial_cds	<20
HLA-DRB1	classical_II	strict	EAS	True	known	clean	642
HLA-DRB1	classical_II	strict	EUR	False	f2_protein	clean	<20
HLA-DRB1	classical_II	strict	EUR	False	f2_protein	homopolymer_indel	59
HLA-DRB1	classical_II	strict	EUR	False	f2_protein	partial_cds	<20
HLA-DRB1	classical_II	strict	EUR	False	f4_noncoding	clean	1181
HLA-DRB1	classical_II	strict	EUR	False	f4_noncoding	partial_cds	<20
HLA-DRB1	classical_II	strict	EUR	False	known	clean	1358
HLA-DRB1	classical_II	strict	EUR	True	f2_protein	clean	<20
HLA-DRB1	classical_II	strict	EUR	True	f2_protein	homopolymer_indel	59
HLA-DRB1	classical_II	strict	EUR	True	f2_protein	partial_cds	<20
HLA-DRB1	classical_II	strict	EUR	True	f4_noncoding	clean	1116
HLA-DRB1	classical_II	strict	EUR	True	f4_noncoding	partial_cds	<20
HLA-DRB1	classical_II	strict	EUR	True	known	clean	1266
HLA-DRB1	classical_II	strict	MID	False	f2_protein	clean	<20
HLA-DRB1	classical_II	strict	MID	False	f2_protein	homopolymer_indel	<20
HLA-DRB1	classical_II	strict	MID	False	f4_noncoding	clean	372
HLA-DRB1	classical_II	strict	MID	False	f4_noncoding	partial_cds	<20
HLA-DRB1	classical_II	strict	MID	False	known	clean	204
HLA-DRB1	classical_II	strict	MID	True	f2_protein	clean	<20
HLA-DRB1	classical_II	strict	MID	True	f2_protein	homopolymer_indel	<20
HLA-DRB1	classical_II	strict	MID	True	f4_noncoding	clean	365
HLA-DRB1	classical_II	strict	MID	True	f4_noncoding	partial_cds	<20
HLA-DRB1	classical_II	strict	MID	True	known	clean	199
HLA-DRB1	classical_II	strict	POOLED	False	f2_protein	clean	36
HLA-DRB1	classical_II	strict	POOLED	False	f2_protein	homopolymer_indel	453
HLA-DRB1	classical_II	strict	POOLED	False	f2_protein	partial_cds	33
HLA-DRB1	classical_II	strict	POOLED	False	f3_synonymous	clean	<20
HLA-DRB1	classical_II	strict	POOLED	False	f4_noncoding	clean	13959
HLA-DRB1	classical_II	strict	POOLED	False	f4_noncoding	partial_cds	46
HLA-DRB1	classical_II	strict	POOLED	False	known	clean	8707
HLA-DRB1	classical_II	strict	POOLED	True	f2_protein	clean	35
HLA-DRB1	classical_II	strict	POOLED	True	f2_protein	homopolymer_indel	442
HLA-DRB1	classical_II	strict	POOLED	True	f2_protein	partial_cds	33
HLA-DRB1	classical_II	strict	POOLED	True	f3_synonymous	clean	<20
HLA-DRB1	classical_II	strict	POOLED	True	f4_noncoding	clean	13542
HLA-DRB1	classical_II	strict	POOLED	True	f4_noncoding	partial_cds	42
HLA-DRB1	classical_II	strict	POOLED	True	known	clean	8420
HLA-DRB1	classical_II	strict	SAS	False	f2_protein	clean	<20
HLA-DRB1	classical_II	strict	SAS	False	f2_protein	homopolymer_indel	34
HLA-DRB1	classical_II	strict	SAS	False	f2_protein	partial_cds	<20
HLA-DRB1	classical_II	strict	SAS	False	f3_synonymous	clean	<20
HLA-DRB1	classical_II	strict	SAS	False	f4_noncoding	clean	1498
HLA-DRB1	classical_II	strict	SAS	False	f4_noncoding	partial_cds	<20
HLA-DRB1	classical_II	strict	SAS	False	known	clean	697
HLA-DRB1	classical_II	strict	SAS	True	f2_protein	clean	<20
HLA-DRB1	classical_II	strict	SAS	True	f2_protein	homopolymer_indel	33
HLA-DRB1	classical_II	strict	SAS	True	f2_protein	partial_cds	<20
HLA-DRB1	classical_II	strict	SAS	True	f3_synonymous	clean	<20
HLA-DRB1	classical_II	strict	SAS	True	f4_noncoding	clean	1476
HLA-DRB1	classical_II	strict	SAS	True	f4_noncoding	partial_cds	<20
HLA-DRB1	classical_II	strict	SAS	True	known	clean	687
HLA-DRB1	classical_II	strict	UNASSIGNED	False	f2_protein	clean	<20
HLA-DRB1	classical_II	strict	UNASSIGNED	False	f2_protein	homopolymer_indel	140
HLA-DRB1	classical_II	strict	UNASSIGNED	False	f2_protein	partial_cds	<20
HLA-DRB1	classical_II	strict	UNASSIGNED	False	f4_noncoding	clean	4238
HLA-DRB1	classical_II	strict	UNASSIGNED	False	f4_noncoding	partial_cds	<20
HLA-DRB1	classical_II	strict	UNASSIGNED	False	known	clean	3122
HLA-DRB1	classical_II	strict	UNASSIGNED	True	f2_protein	clean	<20
HLA-DRB1	classical_II	strict	UNASSIGNED	True	f2_protein	homopolymer_indel	137
HLA-DRB1	classical_II	strict	UNASSIGNED	True	f2_protein	partial_cds	<20
HLA-DRB1	classical_II	strict	UNASSIGNED	True	f4_noncoding	clean	4178
HLA-DRB1	classical_II	strict	UNASSIGNED	True	f4_noncoding	partial_cds	<20
HLA-DRB1	classical_II	strict	UNASSIGNED	True	known	clean	3067
HLA-DRB3	class_II_paralog	pred	AFR	False	f2_protein	clean	<20
HLA-DRB3	class_II_paralog	pred	AFR	False	f2_protein	homopolymer_indel	44
HLA-DRB3	class_II_paralog	pred	AFR	False	f2_protein	partial_cds	<20
HLA-DRB3	class_II_paralog	pred	AFR	False	f3_synonymous	clean	<20
HLA-DRB3	class_II_paralog	pred	AFR	False	f4_noncoding	clean	1738
HLA-DRB3	class_II_paralog	pred	AFR	False	f4_noncoding	partial_cds	<20
HLA-DRB3	class_II_paralog	pred	AFR	False	known	clean	1140
HLA-DRB3	class_II_paralog	pred	AFR	True	f2_protein	clean	<20
HLA-DRB3	class_II_paralog	pred	AFR	True	f2_protein	homopolymer_indel	43
HLA-DRB3	class_II_paralog	pred	AFR	True	f2_protein	partial_cds	<20
HLA-DRB3	class_II_paralog	pred	AFR	True	f3_synonymous	clean	<20
HLA-DRB3	class_II_paralog	pred	AFR	True	f4_noncoding	clean	1682
HLA-DRB3	class_II_paralog	pred	AFR	True	f4_noncoding	partial_cds	<20
HLA-DRB3	class_II_paralog	pred	AFR	True	known	clean	1107
HLA-DRB3	class_II_paralog	pred	AMR	False	f2_protein	clean	<20
HLA-DRB3	class_II_paralog	pred	AMR	False	f2_protein	homopolymer_indel	31
HLA-DRB3	class_II_paralog	pred	AMR	False	f2_protein	partial_cds	<20
HLA-DRB3	class_II_paralog	pred	AMR	False	f4_noncoding	clean	1339
HLA-DRB3	class_II_paralog	pred	AMR	False	known	clean	648
HLA-DRB3	class_II_paralog	pred	AMR	True	f2_protein	clean	<20
HLA-DRB3	class_II_paralog	pred	AMR	True	f2_protein	homopolymer_indel	30
HLA-DRB3	class_II_paralog	pred	AMR	True	f2_protein	partial_cds	<20
HLA-DRB3	class_II_paralog	pred	AMR	True	f4_noncoding	clean	1282
HLA-DRB3	class_II_paralog	pred	AMR	True	known	clean	625
HLA-DRB3	class_II_paralog	pred	EAS	False	f2_protein	clean	<20
HLA-DRB3	class_II_paralog	pred	EAS	False	f2_protein	homopolymer_indel	<20
HLA-DRB3	class_II_paralog	pred	EAS	False	f2_protein	partial_cds	<20
HLA-DRB3	class_II_paralog	pred	EAS	False	f3_synonymous	clean	<20
HLA-DRB3	class_II_paralog	pred	EAS	False	f4_noncoding	clean	674
HLA-DRB3	class_II_paralog	pred	EAS	False	f4_noncoding	partial_cds	<20
HLA-DRB3	class_II_paralog	pred	EAS	False	known	clean	387
HLA-DRB3	class_II_paralog	pred	EAS	True	f2_protein	clean	<20
HLA-DRB3	class_II_paralog	pred	EAS	True	f2_protein	homopolymer_indel	<20
HLA-DRB3	class_II_paralog	pred	EAS	True	f2_protein	partial_cds	<20
HLA-DRB3	class_II_paralog	pred	EAS	True	f3_synonymous	clean	<20
HLA-DRB3	class_II_paralog	pred	EAS	True	f4_noncoding	clean	663
HLA-DRB3	class_II_paralog	pred	EAS	True	f4_noncoding	partial_cds	<20
HLA-DRB3	class_II_paralog	pred	EAS	True	known	clean	377
HLA-DRB3	class_II_paralog	pred	EUR	False	f2_protein	clean	<20
HLA-DRB3	class_II_paralog	pred	EUR	False	f2_protein	homopolymer_indel	34
HLA-DRB3	class_II_paralog	pred	EUR	False	f2_protein	partial_cds	<20
HLA-DRB3	class_II_paralog	pred	EUR	False	f4_noncoding	clean	1532
HLA-DRB3	class_II_paralog	pred	EUR	False	f4_noncoding	partial_cds	<20
HLA-DRB3	class_II_paralog	pred	EUR	False	known	clean	918
HLA-DRB3	class_II_paralog	pred	EUR	True	f2_protein	clean	<20
HLA-DRB3	class_II_paralog	pred	EUR	True	f2_protein	homopolymer_indel	34
HLA-DRB3	class_II_paralog	pred	EUR	True	f2_protein	partial_cds	<20
HLA-DRB3	class_II_paralog	pred	EUR	True	f4_noncoding	clean	1488
HLA-DRB3	class_II_paralog	pred	EUR	True	f4_noncoding	partial_cds	<20
HLA-DRB3	class_II_paralog	pred	EUR	True	known	clean	882
HLA-DRB3	class_II_paralog	pred	MID	False	f2_protein	clean	<20
HLA-DRB3	class_II_paralog	pred	MID	False	f2_protein	homopolymer_indel	<20
HLA-DRB3	class_II_paralog	pred	MID	False	f4_noncoding	clean	338
HLA-DRB3	class_II_paralog	pred	MID	False	f4_noncoding	partial_cds	<20
HLA-DRB3	class_II_paralog	pred	MID	False	known	clean	136
HLA-DRB3	class_II_paralog	pred	MID	True	f2_protein	clean	<20
HLA-DRB3	class_II_paralog	pred	MID	True	f2_protein	homopolymer_indel	<20
HLA-DRB3	class_II_paralog	pred	MID	True	f4_noncoding	clean	335
HLA-DRB3	class_II_paralog	pred	MID	True	f4_noncoding	partial_cds	<20
HLA-DRB3	class_II_paralog	pred	MID	True	known	clean	135
HLA-DRB3	class_II_paralog	pred	POOLED	False	f2_protein	clean	<20
HLA-DRB3	class_II_paralog	pred	POOLED	False	f2_protein	homopolymer_indel	145
HLA-DRB3	class_II_paralog	pred	POOLED	False	f2_protein	partial_cds	<20
HLA-DRB3	class_II_paralog	pred	POOLED	False	f3_synonymous	clean	<20
HLA-DRB3	class_II_paralog	pred	POOLED	False	f4_noncoding	clean	6369
HLA-DRB3	class_II_paralog	pred	POOLED	False	f4_noncoding	partial_cds	<20
HLA-DRB3	class_II_paralog	pred	POOLED	False	known	clean	3433
HLA-DRB3	class_II_paralog	pred	POOLED	True	f2_protein	clean	<20
HLA-DRB3	class_II_paralog	pred	POOLED	True	f2_protein	homopolymer_indel	142
HLA-DRB3	class_II_paralog	pred	POOLED	True	f2_protein	partial_cds	<20
HLA-DRB3	class_II_paralog	pred	POOLED	True	f3_synonymous	clean	<20
HLA-DRB3	class_II_paralog	pred	POOLED	True	f4_noncoding	clean	6181
HLA-DRB3	class_II_paralog	pred	POOLED	True	f4_noncoding	partial_cds	<20
HLA-DRB3	class_II_paralog	pred	POOLED	True	known	clean	3329
HLA-DRB3	class_II_paralog	pred	SAS	False	f2_protein	clean	<20
HLA-DRB3	class_II_paralog	pred	SAS	False	f2_protein	homopolymer_indel	<20
HLA-DRB3	class_II_paralog	pred	SAS	False	f4_noncoding	clean	736
HLA-DRB3	class_II_paralog	pred	SAS	False	known	clean	197
HLA-DRB3	class_II_paralog	pred	SAS	True	f2_protein	clean	<20
HLA-DRB3	class_II_paralog	pred	SAS	True	f2_protein	homopolymer_indel	<20
HLA-DRB3	class_II_paralog	pred	SAS	True	f4_noncoding	clean	719
HLA-DRB3	class_II_paralog	pred	SAS	True	known	clean	196
HLA-DRB3	class_II_paralog	pred	UNASSIGNED	False	f4_noncoding	clean	<20
HLA-DRB3	class_II_paralog	pred	UNASSIGNED	False	known	clean	<20
HLA-DRB3	class_II_paralog	pred	UNASSIGNED	True	f4_noncoding	clean	<20
HLA-DRB3	class_II_paralog	pred	UNASSIGNED	True	known	clean	<20
HLA-DRB3	class_II_paralog	strict	AFR	False	f2_protein	clean	<20
HLA-DRB3	class_II_paralog	strict	AFR	False	f2_protein	homopolymer_indel	35
HLA-DRB3	class_II_paralog	strict	AFR	False	f2_protein	partial_cds	<20
HLA-DRB3	class_II_paralog	strict	AFR	False	f3_synonymous	clean	<20
HLA-DRB3	class_II_paralog	strict	AFR	False	f4_noncoding	clean	1393
HLA-DRB3	class_II_paralog	strict	AFR	False	f4_noncoding	partial_cds	<20
HLA-DRB3	class_II_paralog	strict	AFR	False	known	clean	870
HLA-DRB3	class_II_paralog	strict	AFR	True	f2_protein	clean	<20
HLA-DRB3	class_II_paralog	strict	AFR	True	f2_protein	homopolymer_indel	34
HLA-DRB3	class_II_paralog	strict	AFR	True	f2_protein	partial_cds	<20
HLA-DRB3	class_II_paralog	strict	AFR	True	f3_synonymous	clean	<20
HLA-DRB3	class_II_paralog	strict	AFR	True	f4_noncoding	clean	1342
HLA-DRB3	class_II_paralog	strict	AFR	True	f4_noncoding	partial_cds	<20
HLA-DRB3	class_II_paralog	strict	AFR	True	known	clean	842
HLA-DRB3	class_II_paralog	strict	AMR	False	f2_protein	homopolymer_indel	<20
HLA-DRB3	class_II_paralog	strict	AMR	False	f2_protein	partial_cds	<20
HLA-DRB3	class_II_paralog	strict	AMR	False	f4_noncoding	clean	813
HLA-DRB3	class_II_paralog	strict	AMR	False	known	clean	319
HLA-DRB3	class_II_paralog	strict	AMR	True	f2_protein	homopolymer_indel	<20
HLA-DRB3	class_II_paralog	strict	AMR	True	f2_protein	partial_cds	<20
HLA-DRB3	class_II_paralog	strict	AMR	True	f4_noncoding	clean	769
HLA-DRB3	class_II_paralog	strict	AMR	True	known	clean	299
HLA-DRB3	class_II_paralog	strict	EAS	False	f2_protein	homopolymer_indel	<20
HLA-DRB3	class_II_paralog	strict	EAS	False	f2_protein	partial_cds	<20
HLA-DRB3	class_II_paralog	strict	EAS	False	f3_synonymous	clean	<20
HLA-DRB3	class_II_paralog	strict	EAS	False	f4_noncoding	clean	586
HLA-DRB3	class_II_paralog	strict	EAS	False	f4_noncoding	partial_cds	<20
HLA-DRB3	class_II_paralog	strict	EAS	False	known	clean	344
HLA-DRB3	class_II_paralog	strict	EAS	True	f2_protein	homopolymer_indel	<20
HLA-DRB3	class_II_paralog	strict	EAS	True	f2_protein	partial_cds	<20
HLA-DRB3	class_II_paralog	strict	EAS	True	f3_synonymous	clean	<20
HLA-DRB3	class_II_paralog	strict	EAS	True	f4_noncoding	clean	576
HLA-DRB3	class_II_paralog	strict	EAS	True	f4_noncoding	partial_cds	<20
HLA-DRB3	class_II_paralog	strict	EAS	True	known	clean	334
HLA-DRB3	class_II_paralog	strict	EUR	False	f2_protein	clean	<20
HLA-DRB3	class_II_paralog	strict	EUR	False	f2_protein	homopolymer_indel	<20
HLA-DRB3	class_II_paralog	strict	EUR	False	f2_protein	partial_cds	<20
HLA-DRB3	class_II_paralog	strict	EUR	False	f4_noncoding	clean	501
HLA-DRB3	class_II_paralog	strict	EUR	False	f4_noncoding	partial_cds	<20
HLA-DRB3	class_II_paralog	strict	EUR	False	known	clean	518
HLA-DRB3	class_II_paralog	strict	EUR	True	f2_protein	clean	<20
HLA-DRB3	class_II_paralog	strict	EUR	True	f2_protein	homopolymer_indel	<20
HLA-DRB3	class_II_paralog	strict	EUR	True	f2_protein	partial_cds	<20
HLA-DRB3	class_II_paralog	strict	EUR	True	f4_noncoding	clean	466
HLA-DRB3	class_II_paralog	strict	EUR	True	known	clean	491
HLA-DRB3	class_II_paralog	strict	MID	False	f2_protein	clean	<20
HLA-DRB3	class_II_paralog	strict	MID	False	f2_protein	homopolymer_indel	<20
HLA-DRB3	class_II_paralog	strict	MID	False	f4_noncoding	clean	203
HLA-DRB3	class_II_paralog	strict	MID	False	known	clean	83
HLA-DRB3	class_II_paralog	strict	MID	True	f2_protein	clean	<20
HLA-DRB3	class_II_paralog	strict	MID	True	f2_protein	homopolymer_indel	<20
HLA-DRB3	class_II_paralog	strict	MID	True	f4_noncoding	clean	201
HLA-DRB3	class_II_paralog	strict	MID	True	known	clean	82
HLA-DRB3	class_II_paralog	strict	POOLED	False	f2_protein	clean	<20
HLA-DRB3	class_II_paralog	strict	POOLED	False	f2_protein	homopolymer_indel	145
HLA-DRB3	class_II_paralog	strict	POOLED	False	f2_protein	partial_cds	<20
HLA-DRB3	class_II_paralog	strict	POOLED	False	f3_synonymous	clean	<20
HLA-DRB3	class_II_paralog	strict	POOLED	False	f4_noncoding	clean	6369
HLA-DRB3	class_II_paralog	strict	POOLED	False	f4_noncoding	partial_cds	<20
HLA-DRB3	class_II_paralog	strict	POOLED	False	known	clean	3433
HLA-DRB3	class_II_paralog	strict	POOLED	True	f2_protein	clean	<20
HLA-DRB3	class_II_paralog	strict	POOLED	True	f2_protein	homopolymer_indel	142
HLA-DRB3	class_II_paralog	strict	POOLED	True	f2_protein	partial_cds	<20
HLA-DRB3	class_II_paralog	strict	POOLED	True	f3_synonymous	clean	<20
HLA-DRB3	class_II_paralog	strict	POOLED	True	f4_noncoding	clean	6181
HLA-DRB3	class_II_paralog	strict	POOLED	True	f4_noncoding	partial_cds	<20
HLA-DRB3	class_II_paralog	strict	POOLED	True	known	clean	3329
HLA-DRB3	class_II_paralog	strict	SAS	False	f2_protein	clean	<20
HLA-DRB3	class_II_paralog	strict	SAS	False	f2_protein	homopolymer_indel	<20
HLA-DRB3	class_II_paralog	strict	SAS	False	f4_noncoding	clean	681
HLA-DRB3	class_II_paralog	strict	SAS	False	known	clean	176
HLA-DRB3	class_II_paralog	strict	SAS	True	f2_protein	clean	<20
HLA-DRB3	class_II_paralog	strict	SAS	True	f2_protein	homopolymer_indel	<20
HLA-DRB3	class_II_paralog	strict	SAS	True	f4_noncoding	clean	668
HLA-DRB3	class_II_paralog	strict	SAS	True	known	clean	175
HLA-DRB3	class_II_paralog	strict	UNASSIGNED	False	f2_protein	clean	<20
HLA-DRB3	class_II_paralog	strict	UNASSIGNED	False	f2_protein	homopolymer_indel	43
HLA-DRB3	class_II_paralog	strict	UNASSIGNED	False	f2_protein	partial_cds	<20
HLA-DRB3	class_II_paralog	strict	UNASSIGNED	False	f4_noncoding	clean	2192
HLA-DRB3	class_II_paralog	strict	UNASSIGNED	False	f4_noncoding	partial_cds	<20
HLA-DRB3	class_II_paralog	strict	UNASSIGNED	False	known	clean	1123
HLA-DRB3	class_II_paralog	strict	UNASSIGNED	True	f2_protein	clean	<20
HLA-DRB3	class_II_paralog	strict	UNASSIGNED	True	f2_protein	homopolymer_indel	43
HLA-DRB3	class_II_paralog	strict	UNASSIGNED	True	f2_protein	partial_cds	<20
HLA-DRB3	class_II_paralog	strict	UNASSIGNED	True	f4_noncoding	clean	2159
HLA-DRB3	class_II_paralog	strict	UNASSIGNED	True	f4_noncoding	partial_cds	<20
HLA-DRB3	class_II_paralog	strict	UNASSIGNED	True	known	clean	1106
HLA-DRB4	class_II_paralog	pred	AFR	False	f2_protein	homopolymer_indel	<20
HLA-DRB4	class_II_paralog	pred	AFR	False	f2_protein	partial_cds	<20
HLA-DRB4	class_II_paralog	pred	AFR	False	f3_synonymous	clean	<20
HLA-DRB4	class_II_paralog	pred	AFR	False	f3_synonymous	partial_cds	<20
HLA-DRB4	class_II_paralog	pred	AFR	False	f4_noncoding	clean	445
HLA-DRB4	class_II_paralog	pred	AFR	False	f4_noncoding	partial_cds	61
HLA-DRB4	class_II_paralog	pred	AFR	False	known	clean	604
HLA-DRB4	class_II_paralog	pred	AFR	False	known	partial_cds	30
HLA-DRB4	class_II_paralog	pred	AFR	True	f2_protein	homopolymer_indel	<20
HLA-DRB4	class_II_paralog	pred	AFR	True	f2_protein	partial_cds	<20
HLA-DRB4	class_II_paralog	pred	AFR	True	f3_synonymous	clean	<20
HLA-DRB4	class_II_paralog	pred	AFR	True	f3_synonymous	partial_cds	<20
HLA-DRB4	class_II_paralog	pred	AFR	True	f4_noncoding	clean	431
HLA-DRB4	class_II_paralog	pred	AFR	True	f4_noncoding	partial_cds	57
HLA-DRB4	class_II_paralog	pred	AFR	True	known	clean	585
HLA-DRB4	class_II_paralog	pred	AFR	True	known	partial_cds	30
HLA-DRB4	class_II_paralog	pred	AMR	False	f2_protein	clean	<20
HLA-DRB4	class_II_paralog	pred	AMR	False	f2_protein	homopolymer_indel	23
HLA-DRB4	class_II_paralog	pred	AMR	False	f2_protein	partial_cds	<20
HLA-DRB4	class_II_paralog	pred	AMR	False	f3_synonymous	clean	<20
HLA-DRB4	class_II_paralog	pred	AMR	False	f4_noncoding	clean	772
HLA-DRB4	class_II_paralog	pred	AMR	False	f4_noncoding	partial_cds	81
HLA-DRB4	class_II_paralog	pred	AMR	False	known	clean	742
HLA-DRB4	class_II_paralog	pred	AMR	False	known	partial_cds	44
HLA-DRB4	class_II_paralog	pred	AMR	True	f2_protein	clean	<20
HLA-DRB4	class_II_paralog	pred	AMR	True	f2_protein	homopolymer_indel	22
HLA-DRB4	class_II_paralog	pred	AMR	True	f2_protein	partial_cds	<20
HLA-DRB4	class_II_paralog	pred	AMR	True	f3_synonymous	clean	<20
HLA-DRB4	class_II_paralog	pred	AMR	True	f4_noncoding	clean	746
HLA-DRB4	class_II_paralog	pred	AMR	True	f4_noncoding	partial_cds	78
HLA-DRB4	class_II_paralog	pred	AMR	True	known	clean	709
HLA-DRB4	class_II_paralog	pred	AMR	True	known	partial_cds	42
HLA-DRB4	class_II_paralog	pred	EAS	False	f2_protein	clean	<20
HLA-DRB4	class_II_paralog	pred	EAS	False	f2_protein	homopolymer_indel	<20
HLA-DRB4	class_II_paralog	pred	EAS	False	f3_synonymous	clean	<20
HLA-DRB4	class_II_paralog	pred	EAS	False	f3_synonymous	partial_cds	<20
HLA-DRB4	class_II_paralog	pred	EAS	False	f4_noncoding	clean	319
HLA-DRB4	class_II_paralog	pred	EAS	False	f4_noncoding	partial_cds	37
HLA-DRB4	class_II_paralog	pred	EAS	False	known	clean	474
HLA-DRB4	class_II_paralog	pred	EAS	False	known	partial_cds	29
HLA-DRB4	class_II_paralog	pred	EAS	True	f2_protein	clean	<20
HLA-DRB4	class_II_paralog	pred	EAS	True	f2_protein	homopolymer_indel	<20
HLA-DRB4	class_II_paralog	pred	EAS	True	f3_synonymous	clean	<20
HLA-DRB4	class_II_paralog	pred	EAS	True	f3_synonymous	partial_cds	<20
HLA-DRB4	class_II_paralog	pred	EAS	True	f4_noncoding	clean	315
HLA-DRB4	class_II_paralog	pred	EAS	True	f4_noncoding	partial_cds	35
HLA-DRB4	class_II_paralog	pred	EAS	True	known	clean	459
HLA-DRB4	class_II_paralog	pred	EAS	True	known	partial_cds	29
HLA-DRB4	class_II_paralog	pred	EUR	False	f2_protein	clean	<20
HLA-DRB4	class_II_paralog	pred	EUR	False	f2_protein	homopolymer_indel	<20
HLA-DRB4	class_II_paralog	pred	EUR	False	f2_protein	partial_cds	<20
HLA-DRB4	class_II_paralog	pred	EUR	False	f3_synonymous	clean	<20
HLA-DRB4	class_II_paralog	pred	EUR	False	f4_noncoding	clean	353
HLA-DRB4	class_II_paralog	pred	EUR	False	f4_noncoding	partial_cds	104
HLA-DRB4	class_II_paralog	pred	EUR	False	known	clean	1179
HLA-DRB4	class_II_paralog	pred	EUR	False	known	partial_cds	131
HLA-DRB4	class_II_paralog	pred	EUR	True	f2_protein	clean	<20
HLA-DRB4	class_II_paralog	pred	EUR	True	f2_protein	homopolymer_indel	<20
HLA-DRB4	class_II_paralog	pred	EUR	True	f2_protein	partial_cds	<20
HLA-DRB4	class_II_paralog	pred	EUR	True	f3_synonymous	clean	<20
HLA-DRB4	class_II_paralog	pred	EUR	True	f4_noncoding	clean	343
HLA-DRB4	class_II_paralog	pred	EUR	True	f4_noncoding	partial_cds	102
HLA-DRB4	class_II_paralog	pred	EUR	True	known	clean	1138
HLA-DRB4	class_II_paralog	pred	EUR	True	known	partial_cds	127
HLA-DRB4	class_II_paralog	pred	MID	False	f2_protein	homopolymer_indel	<20
HLA-DRB4	class_II_paralog	pred	MID	False	f4_noncoding	clean	52
HLA-DRB4	class_II_paralog	pred	MID	False	f4_noncoding	partial_cds	<20
HLA-DRB4	class_II_paralog	pred	MID	False	known	clean	177
HLA-DRB4	class_II_paralog	pred	MID	False	known	partial_cds	<20
HLA-DRB4	class_II_paralog	pred	MID	True	f2_protein	homopolymer_indel	<20
HLA-DRB4	class_II_paralog	pred	MID	True	f4_noncoding	clean	52
HLA-DRB4	class_II_paralog	pred	MID	True	f4_noncoding	partial_cds	<20
HLA-DRB4	class_II_paralog	pred	MID	True	known	clean	171
HLA-DRB4	class_II_paralog	pred	MID	True	known	partial_cds	<20
HLA-DRB4	class_II_paralog	pred	POOLED	False	f2_protein	clean	<20
HLA-DRB4	class_II_paralog	pred	POOLED	False	f2_protein	homopolymer_indel	58
HLA-DRB4	class_II_paralog	pred	POOLED	False	f2_protein	partial_cds	<20
HLA-DRB4	class_II_paralog	pred	POOLED	False	f3_synonymous	clean	<20
HLA-DRB4	class_II_paralog	pred	POOLED	False	f3_synonymous	partial_cds	<20
HLA-DRB4	class_II_paralog	pred	POOLED	False	f4_noncoding	clean	2115
HLA-DRB4	class_II_paralog	pred	POOLED	False	f4_noncoding	partial_cds	332
HLA-DRB4	class_II_paralog	pred	POOLED	False	known	clean	3516
HLA-DRB4	class_II_paralog	pred	POOLED	False	known	partial_cds	370
HLA-DRB4	class_II_paralog	pred	POOLED	True	f2_protein	clean	<20
HLA-DRB4	class_II_paralog	pred	POOLED	True	f2_protein	homopolymer_indel	55
HLA-DRB4	class_II_paralog	pred	POOLED	True	f2_protein	partial_cds	<20
HLA-DRB4	class_II_paralog	pred	POOLED	True	f3_synonymous	clean	<20
HLA-DRB4	class_II_paralog	pred	POOLED	True	f3_synonymous	partial_cds	<20
HLA-DRB4	class_II_paralog	pred	POOLED	True	f4_noncoding	clean	2058
HLA-DRB4	class_II_paralog	pred	POOLED	True	f4_noncoding	partial_cds	320
HLA-DRB4	class_II_paralog	pred	POOLED	True	known	clean	3397
HLA-DRB4	class_II_paralog	pred	POOLED	True	known	partial_cds	359
HLA-DRB4	class_II_paralog	pred	SAS	False	f2_protein	homopolymer_indel	<20
HLA-DRB4	class_II_paralog	pred	SAS	False	f2_protein	partial_cds	<20
HLA-DRB4	class_II_paralog	pred	SAS	False	f4_noncoding	clean	173
HLA-DRB4	class_II_paralog	pred	SAS	False	f4_noncoding	partial_cds	34
HLA-DRB4	class_II_paralog	pred	SAS	False	known	clean	332
HLA-DRB4	class_II_paralog	pred	SAS	False	known	partial_cds	131
HLA-DRB4	class_II_paralog	pred	SAS	True	f2_protein	homopolymer_indel	<20
HLA-DRB4	class_II_paralog	pred	SAS	True	f2_protein	partial_cds	<20
HLA-DRB4	class_II_paralog	pred	SAS	True	f4_noncoding	clean	170
HLA-DRB4	class_II_paralog	pred	SAS	True	f4_noncoding	partial_cds	33
HLA-DRB4	class_II_paralog	pred	SAS	True	known	clean	327
HLA-DRB4	class_II_paralog	pred	SAS	True	known	partial_cds	126
HLA-DRB4	class_II_paralog	pred	UNASSIGNED	False	f4_noncoding	clean	<20
HLA-DRB4	class_II_paralog	pred	UNASSIGNED	False	f4_noncoding	partial_cds	<20
HLA-DRB4	class_II_paralog	pred	UNASSIGNED	False	known	clean	<20
HLA-DRB4	class_II_paralog	pred	UNASSIGNED	True	f4_noncoding	clean	<20
HLA-DRB4	class_II_paralog	pred	UNASSIGNED	True	f4_noncoding	partial_cds	<20
HLA-DRB4	class_II_paralog	pred	UNASSIGNED	True	known	clean	<20
HLA-DRB4	class_II_paralog	strict	AFR	False	f2_protein	homopolymer_indel	<20
HLA-DRB4	class_II_paralog	strict	AFR	False	f2_protein	partial_cds	<20
HLA-DRB4	class_II_paralog	strict	AFR	False	f3_synonymous	partial_cds	<20
HLA-DRB4	class_II_paralog	strict	AFR	False	f4_noncoding	clean	314
HLA-DRB4	class_II_paralog	strict	AFR	False	f4_noncoding	partial_cds	46
HLA-DRB4	class_II_paralog	strict	AFR	False	known	clean	426
HLA-DRB4	class_II_paralog	strict	AFR	False	known	partial_cds	22
HLA-DRB4	class_II_paralog	strict	AFR	True	f2_protein	homopolymer_indel	<20
HLA-DRB4	class_II_paralog	strict	AFR	True	f2_protein	partial_cds	<20
HLA-DRB4	class_II_paralog	strict	AFR	True	f3_synonymous	partial_cds	<20
HLA-DRB4	class_II_paralog	strict	AFR	True	f4_noncoding	clean	302
HLA-DRB4	class_II_paralog	strict	AFR	True	f4_noncoding	partial_cds	43
HLA-DRB4	class_II_paralog	strict	AFR	True	known	clean	410
HLA-DRB4	class_II_paralog	strict	AFR	True	known	partial_cds	22
HLA-DRB4	class_II_paralog	strict	AMR	False	f2_protein	clean	<20
HLA-DRB4	class_II_paralog	strict	AMR	False	f2_protein	homopolymer_indel	<20
HLA-DRB4	class_II_paralog	strict	AMR	False	f2_protein	partial_cds	<20
HLA-DRB4	class_II_paralog	strict	AMR	False	f4_noncoding	clean	559
HLA-DRB4	class_II_paralog	strict	AMR	False	f4_noncoding	partial_cds	44
HLA-DRB4	class_II_paralog	strict	AMR	False	known	clean	434
HLA-DRB4	class_II_paralog	strict	AMR	False	known	partial_cds	<20
HLA-DRB4	class_II_paralog	strict	AMR	True	f2_protein	clean	<20
HLA-DRB4	class_II_paralog	strict	AMR	True	f2_protein	homopolymer_indel	<20
HLA-DRB4	class_II_paralog	strict	AMR	True	f2_protein	partial_cds	<20
HLA-DRB4	class_II_paralog	strict	AMR	True	f4_noncoding	clean	537
HLA-DRB4	class_II_paralog	strict	AMR	True	f4_noncoding	partial_cds	41
HLA-DRB4	class_II_paralog	strict	AMR	True	known	clean	409
HLA-DRB4	class_II_paralog	strict	AMR	True	known	partial_cds	<20
HLA-DRB4	class_II_paralog	strict	EAS	False	f2_protein	clean	<20
HLA-DRB4	class_II_paralog	strict	EAS	False	f2_protein	homopolymer_indel	<20
HLA-DRB4	class_II_paralog	strict	EAS	False	f3_synonymous	clean	<20
HLA-DRB4	class_II_paralog	strict	EAS	False	f3_synonymous	partial_cds	<20
HLA-DRB4	class_II_paralog	strict	EAS	False	f4_noncoding	clean	295
HLA-DRB4	class_II_paralog	strict	EAS	False	f4_noncoding	partial_cds	30
HLA-DRB4	class_II_paralog	strict	EAS	False	known	clean	417
HLA-DRB4	class_II_paralog	strict	EAS	False	known	partial_cds	22
HLA-DRB4	class_II_paralog	strict	EAS	True	f2_protein	clean	<20
HLA-DRB4	class_II_paralog	strict	EAS	True	f2_protein	homopolymer_indel	<20
HLA-DRB4	class_II_paralog	strict	EAS	True	f3_synonymous	clean	<20
HLA-DRB4	class_II_paralog	strict	EAS	True	f3_synonymous	partial_cds	<20
HLA-DRB4	class_II_paralog	strict	EAS	True	f4_noncoding	clean	291
HLA-DRB4	class_II_paralog	strict	EAS	True	f4_noncoding	partial_cds	28
HLA-DRB4	class_II_paralog	strict	EAS	True	known	clean	402
HLA-DRB4	class_II_paralog	strict	EAS	True	known	partial_cds	22
HLA-DRB4	class_II_paralog	strict	EUR	False	f2_protein	clean	<20
HLA-DRB4	class_II_paralog	strict	EUR	False	f2_protein	homopolymer_indel	<20
HLA-DRB4	class_II_paralog	strict	EUR	False	f2_protein	partial_cds	<20
HLA-DRB4	class_II_paralog	strict	EUR	False	f3_synonymous	clean	<20
HLA-DRB4	class_II_paralog	strict	EUR	False	f4_noncoding	clean	166
HLA-DRB4	class_II_paralog	strict	EUR	False	f4_noncoding	partial_cds	43
HLA-DRB4	class_II_paralog	strict	EUR	False	known	clean	539
HLA-DRB4	class_II_paralog	strict	EUR	False	known	partial_cds	75
HLA-DRB4	class_II_paralog	strict	EUR	True	f2_protein	clean	<20
HLA-DRB4	class_II_paralog	strict	EUR	True	f2_protein	homopolymer_indel	<20
HLA-DRB4	class_II_paralog	strict	EUR	True	f2_protein	partial_cds	<20
HLA-DRB4	class_II_paralog	strict	EUR	True	f3_synonymous	clean	<20
HLA-DRB4	class_II_paralog	strict	EUR	True	f4_noncoding	clean	158
HLA-DRB4	class_II_paralog	strict	EUR	True	f4_noncoding	partial_cds	42
HLA-DRB4	class_II_paralog	strict	EUR	True	known	clean	505
HLA-DRB4	class_II_paralog	strict	EUR	True	known	partial_cds	71
HLA-DRB4	class_II_paralog	strict	MID	False	f4_noncoding	clean	37
HLA-DRB4	class_II_paralog	strict	MID	False	f4_noncoding	partial_cds	<20
HLA-DRB4	class_II_paralog	strict	MID	False	known	clean	122
HLA-DRB4	class_II_paralog	strict	MID	False	known	partial_cds	<20
HLA-DRB4	class_II_paralog	strict	MID	True	f4_noncoding	clean	37
HLA-DRB4	class_II_paralog	strict	MID	True	f4_noncoding	partial_cds	<20
HLA-DRB4	class_II_paralog	strict	MID	True	known	clean	118
HLA-DRB4	class_II_paralog	strict	MID	True	known	partial_cds	<20
HLA-DRB4	class_II_paralog	strict	POOLED	False	f2_protein	clean	<20
HLA-DRB4	class_II_paralog	strict	POOLED	False	f2_protein	homopolymer_indel	58
HLA-DRB4	class_II_paralog	strict	POOLED	False	f2_protein	partial_cds	<20
HLA-DRB4	class_II_paralog	strict	POOLED	False	f3_synonymous	clean	<20
HLA-DRB4	class_II_paralog	strict	POOLED	False	f3_synonymous	partial_cds	<20
HLA-DRB4	class_II_paralog	strict	POOLED	False	f4_noncoding	clean	2115
HLA-DRB4	class_II_paralog	strict	POOLED	False	f4_noncoding	partial_cds	332
HLA-DRB4	class_II_paralog	strict	POOLED	False	known	clean	3516
HLA-DRB4	class_II_paralog	strict	POOLED	False	known	partial_cds	370
HLA-DRB4	class_II_paralog	strict	POOLED	True	f2_protein	clean	<20
HLA-DRB4	class_II_paralog	strict	POOLED	True	f2_protein	homopolymer_indel	55
HLA-DRB4	class_II_paralog	strict	POOLED	True	f2_protein	partial_cds	<20
HLA-DRB4	class_II_paralog	strict	POOLED	True	f3_synonymous	clean	<20
HLA-DRB4	class_II_paralog	strict	POOLED	True	f3_synonymous	partial_cds	<20
HLA-DRB4	class_II_paralog	strict	POOLED	True	f4_noncoding	clean	2058
HLA-DRB4	class_II_paralog	strict	POOLED	True	f4_noncoding	partial_cds	320
HLA-DRB4	class_II_paralog	strict	POOLED	True	known	clean	3397
HLA-DRB4	class_II_paralog	strict	POOLED	True	known	partial_cds	359
HLA-DRB4	class_II_paralog	strict	SAS	False	f2_protein	homopolymer_indel	<20
HLA-DRB4	class_II_paralog	strict	SAS	False	f2_protein	partial_cds	<20
HLA-DRB4	class_II_paralog	strict	SAS	False	f4_noncoding	clean	165
HLA-DRB4	class_II_paralog	strict	SAS	False	f4_noncoding	partial_cds	33
HLA-DRB4	class_II_paralog	strict	SAS	False	known	clean	307
HLA-DRB4	class_II_paralog	strict	SAS	False	known	partial_cds	128
HLA-DRB4	class_II_paralog	strict	SAS	True	f2_protein	homopolymer_indel	<20
HLA-DRB4	class_II_paralog	strict	SAS	True	f2_protein	partial_cds	<20
HLA-DRB4	class_II_paralog	strict	SAS	True	f4_noncoding	clean	163
HLA-DRB4	class_II_paralog	strict	SAS	True	f4_noncoding	partial_cds	32
HLA-DRB4	class_II_paralog	strict	SAS	True	known	clean	303
HLA-DRB4	class_II_paralog	strict	SAS	True	known	partial_cds	123
HLA-DRB4	class_II_paralog	strict	UNASSIGNED	False	f2_protein	clean	<20
HLA-DRB4	class_II_paralog	strict	UNASSIGNED	False	f2_protein	homopolymer_indel	23
HLA-DRB4	class_II_paralog	strict	UNASSIGNED	False	f2_protein	partial_cds	<20
HLA-DRB4	class_II_paralog	strict	UNASSIGNED	False	f3_synonymous	clean	<20
HLA-DRB4	class_II_paralog	strict	UNASSIGNED	False	f4_noncoding	clean	579
HLA-DRB4	class_II_paralog	strict	UNASSIGNED	False	f4_noncoding	partial_cds	126
HLA-DRB4	class_II_paralog	strict	UNASSIGNED	False	known	clean	1271
HLA-DRB4	class_II_paralog	strict	UNASSIGNED	False	known	partial_cds	107
HLA-DRB4	class_II_paralog	strict	UNASSIGNED	True	f2_protein	clean	<20
HLA-DRB4	class_II_paralog	strict	UNASSIGNED	True	f2_protein	homopolymer_indel	23
HLA-DRB4	class_II_paralog	strict	UNASSIGNED	True	f2_protein	partial_cds	<20
HLA-DRB4	class_II_paralog	strict	UNASSIGNED	True	f3_synonymous	clean	<20
HLA-DRB4	class_II_paralog	strict	UNASSIGNED	True	f4_noncoding	clean	570
HLA-DRB4	class_II_paralog	strict	UNASSIGNED	True	f4_noncoding	partial_cds	124
HLA-DRB4	class_II_paralog	strict	UNASSIGNED	True	known	clean	1250
HLA-DRB4	class_II_paralog	strict	UNASSIGNED	True	known	partial_cds	105
HLA-DRB5	class_II_paralog	pred	AFR	False	f2_protein	clean	<20
HLA-DRB5	class_II_paralog	pred	AFR	False	f2_protein	homopolymer_indel	<20
HLA-DRB5	class_II_paralog	pred	AFR	False	f4_noncoding	clean	791
HLA-DRB5	class_II_paralog	pred	AFR	False	f4_noncoding	partial_cds	<20
HLA-DRB5	class_II_paralog	pred	AFR	False	known	clean	117
HLA-DRB5	class_II_paralog	pred	AFR	True	f2_protein	clean	<20
HLA-DRB5	class_II_paralog	pred	AFR	True	f2_protein	homopolymer_indel	<20
HLA-DRB5	class_II_paralog	pred	AFR	True	f4_noncoding	clean	770
HLA-DRB5	class_II_paralog	pred	AFR	True	f4_noncoding	partial_cds	<20
HLA-DRB5	class_II_paralog	pred	AFR	True	known	clean	114
HLA-DRB5	class_II_paralog	pred	AMR	False	f2_protein	clean	<20
HLA-DRB5	class_II_paralog	pred	AMR	False	f2_protein	homopolymer_indel	<20
HLA-DRB5	class_II_paralog	pred	AMR	False	f2_protein	partial_cds	<20
HLA-DRB5	class_II_paralog	pred	AMR	False	f4_noncoding	clean	478
HLA-DRB5	class_II_paralog	pred	AMR	False	f4_noncoding	partial_cds	<20
HLA-DRB5	class_II_paralog	pred	AMR	False	known	clean	123
HLA-DRB5	class_II_paralog	pred	AMR	True	f2_protein	clean	<20
HLA-DRB5	class_II_paralog	pred	AMR	True	f2_protein	homopolymer_indel	<20
HLA-DRB5	class_II_paralog	pred	AMR	True	f2_protein	partial_cds	<20
HLA-DRB5	class_II_paralog	pred	AMR	True	f4_noncoding	clean	455
HLA-DRB5	class_II_paralog	pred	AMR	True	f4_noncoding	partial_cds	<20
HLA-DRB5	class_II_paralog	pred	AMR	True	known	clean	116
HLA-DRB5	class_II_paralog	pred	EAS	False	f2_protein	homopolymer_indel	<20
HLA-DRB5	class_II_paralog	pred	EAS	False	f2_protein	partial_cds	<20
HLA-DRB5	class_II_paralog	pred	EAS	False	f4_noncoding	clean	399
HLA-DRB5	class_II_paralog	pred	EAS	False	f4_noncoding	partial_cds	47
HLA-DRB5	class_II_paralog	pred	EAS	False	known	clean	131
HLA-DRB5	class_II_paralog	pred	EAS	False	known	partial_cds	<20
HLA-DRB5	class_II_paralog	pred	EAS	True	f2_protein	homopolymer_indel	<20
HLA-DRB5	class_II_paralog	pred	EAS	True	f2_protein	partial_cds	<20
HLA-DRB5	class_II_paralog	pred	EAS	True	f4_noncoding	clean	391
HLA-DRB5	class_II_paralog	pred	EAS	True	f4_noncoding	partial_cds	43
HLA-DRB5	class_II_paralog	pred	EAS	True	known	clean	130
HLA-DRB5	class_II_paralog	pred	EAS	True	known	partial_cds	<20
HLA-DRB5	class_II_paralog	pred	EUR	False	f2_protein	homopolymer_indel	<20
HLA-DRB5	class_II_paralog	pred	EUR	False	f2_protein	partial_cds	<20
HLA-DRB5	class_II_paralog	pred	EUR	False	f4_noncoding	clean	499
HLA-DRB5	class_II_paralog	pred	EUR	False	f4_noncoding	partial_cds	<20
HLA-DRB5	class_II_paralog	pred	EUR	False	known	clean	244
HLA-DRB5	class_II_paralog	pred	EUR	True	f2_protein	homopolymer_indel	<20
HLA-DRB5	class_II_paralog	pred	EUR	True	f2_protein	partial_cds	<20
HLA-DRB5	class_II_paralog	pred	EUR	True	f4_noncoding	clean	480
HLA-DRB5	class_II_paralog	pred	EUR	True	f4_noncoding	partial_cds	<20
HLA-DRB5	class_II_paralog	pred	EUR	True	known	clean	237
HLA-DRB5	class_II_paralog	pred	MID	False	f4_noncoding	clean	75
HLA-DRB5	class_II_paralog	pred	MID	False	known	clean	<20
HLA-DRB5	class_II_paralog	pred	MID	True	f4_noncoding	clean	73
HLA-DRB5	class_II_paralog	pred	MID	True	known	clean	<20
HLA-DRB5	class_II_paralog	pred	POOLED	False	f2_protein	clean	<20
HLA-DRB5	class_II_paralog	pred	POOLED	False	f2_protein	homopolymer_indel	58
HLA-DRB5	class_II_paralog	pred	POOLED	False	f2_protein	partial_cds	<20
HLA-DRB5	class_II_paralog	pred	POOLED	False	f4_noncoding	clean	2791
HLA-DRB5	class_II_paralog	pred	POOLED	False	f4_noncoding	partial_cds	69
HLA-DRB5	class_II_paralog	pred	POOLED	False	known	clean	653
HLA-DRB5	class_II_paralog	pred	POOLED	False	known	partial_cds	<20
HLA-DRB5	class_II_paralog	pred	POOLED	True	f2_protein	clean	<20
HLA-DRB5	class_II_paralog	pred	POOLED	True	f2_protein	homopolymer_indel	54
HLA-DRB5	class_II_paralog	pred	POOLED	True	f2_protein	partial_cds	<20
HLA-DRB5	class_II_paralog	pred	POOLED	True	f4_noncoding	clean	2712
HLA-DRB5	class_II_paralog	pred	POOLED	True	f4_noncoding	partial_cds	64
HLA-DRB5	class_II_paralog	pred	POOLED	True	known	clean	635
HLA-DRB5	class_II_paralog	pred	POOLED	True	known	partial_cds	<20
HLA-DRB5	class_II_paralog	pred	SAS	False	f2_protein	homopolymer_indel	<20
HLA-DRB5	class_II_paralog	pred	SAS	False	f4_noncoding	clean	547
HLA-DRB5	class_II_paralog	pred	SAS	False	f4_noncoding	partial_cds	<20
HLA-DRB5	class_II_paralog	pred	SAS	False	known	clean	20
HLA-DRB5	class_II_paralog	pred	SAS	True	f2_protein	homopolymer_indel	<20
HLA-DRB5	class_II_paralog	pred	SAS	True	f4_noncoding	clean	541
HLA-DRB5	class_II_paralog	pred	SAS	True	f4_noncoding	partial_cds	<20
HLA-DRB5	class_II_paralog	pred	SAS	True	known	clean	20
HLA-DRB5	class_II_paralog	pred	UNASSIGNED	False	f2_protein	homopolymer_indel	<20
HLA-DRB5	class_II_paralog	pred	UNASSIGNED	False	f4_noncoding	clean	<20
HLA-DRB5	class_II_paralog	pred	UNASSIGNED	False	known	clean	<20
HLA-DRB5	class_II_paralog	pred	UNASSIGNED	True	f2_protein	homopolymer_indel	<20
HLA-DRB5	class_II_paralog	pred	UNASSIGNED	True	f4_noncoding	clean	<20
HLA-DRB5	class_II_paralog	pred	UNASSIGNED	True	known	clean	<20
HLA-DRB5	class_II_paralog	strict	AFR	False	f2_protein	clean	<20
HLA-DRB5	class_II_paralog	strict	AFR	False	f2_protein	homopolymer_indel	<20
HLA-DRB5	class_II_paralog	strict	AFR	False	f4_noncoding	clean	659
HLA-DRB5	class_II_paralog	strict	AFR	False	f4_noncoding	partial_cds	<20
HLA-DRB5	class_II_paralog	strict	AFR	False	known	clean	75
HLA-DRB5	class_II_paralog	strict	AFR	True	f2_protein	clean	<20
HLA-DRB5	class_II_paralog	strict	AFR	True	f2_protein	homopolymer_indel	<20
HLA-DRB5	class_II_paralog	strict	AFR	True	f4_noncoding	clean	639
HLA-DRB5	class_II_paralog	strict	AFR	True	f4_noncoding	partial_cds	<20
HLA-DRB5	class_II_paralog	strict	AFR	True	known	clean	73
HLA-DRB5	class_II_paralog	strict	AMR	False	f2_protein	clean	<20
HLA-DRB5	class_II_paralog	strict	AMR	False	f2_protein	homopolymer_indel	<20
HLA-DRB5	class_II_paralog	strict	AMR	False	f2_protein	partial_cds	<20
HLA-DRB5	class_II_paralog	strict	AMR	False	f4_noncoding	clean	252
HLA-DRB5	class_II_paralog	strict	AMR	False	f4_noncoding	partial_cds	<20
HLA-DRB5	class_II_paralog	strict	AMR	False	known	clean	75
HLA-DRB5	class_II_paralog	strict	AMR	True	f2_protein	clean	<20
HLA-DRB5	class_II_paralog	strict	AMR	True	f2_protein	homopolymer_indel	<20
HLA-DRB5	class_II_paralog	strict	AMR	True	f2_protein	partial_cds	<20
HLA-DRB5	class_II_paralog	strict	AMR	True	f4_noncoding	clean	236
HLA-DRB5	class_II_paralog	strict	AMR	True	f4_noncoding	partial_cds	<20
HLA-DRB5	class_II_paralog	strict	AMR	True	known	clean	69
HLA-DRB5	class_II_paralog	strict	EAS	False	f2_protein	homopolymer_indel	<20
HLA-DRB5	class_II_paralog	strict	EAS	False	f2_protein	partial_cds	<20
HLA-DRB5	class_II_paralog	strict	EAS	False	f4_noncoding	clean	349
HLA-DRB5	class_II_paralog	strict	EAS	False	f4_noncoding	partial_cds	43
HLA-DRB5	class_II_paralog	strict	EAS	False	known	clean	106
HLA-DRB5	class_II_paralog	strict	EAS	False	known	partial_cds	<20
HLA-DRB5	class_II_paralog	strict	EAS	True	f2_protein	homopolymer_indel	<20
HLA-DRB5	class_II_paralog	strict	EAS	True	f2_protein	partial_cds	<20
HLA-DRB5	class_II_paralog	strict	EAS	True	f4_noncoding	clean	342
HLA-DRB5	class_II_paralog	strict	EAS	True	f4_noncoding	partial_cds	39
HLA-DRB5	class_II_paralog	strict	EAS	True	known	clean	105
HLA-DRB5	class_II_paralog	strict	EAS	True	known	partial_cds	<20
HLA-DRB5	class_II_paralog	strict	EUR	False	f2_protein	homopolymer_indel	<20
HLA-DRB5	class_II_paralog	strict	EUR	False	f4_noncoding	clean	232
HLA-DRB5	class_II_paralog	strict	EUR	False	known	clean	168
HLA-DRB5	class_II_paralog	strict	EUR	True	f2_protein	homopolymer_indel	<20
HLA-DRB5	class_II_paralog	strict	EUR	True	f4_noncoding	clean	217
HLA-DRB5	class_II_paralog	strict	EUR	True	known	clean	161
HLA-DRB5	class_II_paralog	strict	MID	False	f4_noncoding	clean	48
HLA-DRB5	class_II_paralog	strict	MID	False	known	clean	<20
HLA-DRB5	class_II_paralog	strict	MID	True	f4_noncoding	clean	46
HLA-DRB5	class_II_paralog	strict	MID	True	known	clean	<20
HLA-DRB5	class_II_paralog	strict	POOLED	False	f2_protein	clean	<20
HLA-DRB5	class_II_paralog	strict	POOLED	False	f2_protein	homopolymer_indel	58
HLA-DRB5	class_II_paralog	strict	POOLED	False	f2_protein	partial_cds	<20
HLA-DRB5	class_II_paralog	strict	POOLED	False	f4_noncoding	clean	2791
HLA-DRB5	class_II_paralog	strict	POOLED	False	f4_noncoding	partial_cds	69
HLA-DRB5	class_II_paralog	strict	POOLED	False	known	clean	653
HLA-DRB5	class_II_paralog	strict	POOLED	False	known	partial_cds	<20
HLA-DRB5	class_II_paralog	strict	POOLED	True	f2_protein	clean	<20
HLA-DRB5	class_II_paralog	strict	POOLED	True	f2_protein	homopolymer_indel	54
HLA-DRB5	class_II_paralog	strict	POOLED	True	f2_protein	partial_cds	<20
HLA-DRB5	class_II_paralog	strict	POOLED	True	f4_noncoding	clean	2712
HLA-DRB5	class_II_paralog	strict	POOLED	True	f4_noncoding	partial_cds	64
HLA-DRB5	class_II_paralog	strict	POOLED	True	known	clean	635
HLA-DRB5	class_II_paralog	strict	POOLED	True	known	partial_cds	<20
HLA-DRB5	class_II_paralog	strict	SAS	False	f2_protein	homopolymer_indel	<20
HLA-DRB5	class_II_paralog	strict	SAS	False	f4_noncoding	clean	508
HLA-DRB5	class_II_paralog	strict	SAS	False	f4_noncoding	partial_cds	<20
HLA-DRB5	class_II_paralog	strict	SAS	False	known	clean	<20
HLA-DRB5	class_II_paralog	strict	SAS	True	f2_protein	homopolymer_indel	<20
HLA-DRB5	class_II_paralog	strict	SAS	True	f4_noncoding	clean	503
HLA-DRB5	class_II_paralog	strict	SAS	True	f4_noncoding	partial_cds	<20
HLA-DRB5	class_II_paralog	strict	SAS	True	known	clean	<20
HLA-DRB5	class_II_paralog	strict	UNASSIGNED	False	f2_protein	clean	<20
HLA-DRB5	class_II_paralog	strict	UNASSIGNED	False	f2_protein	homopolymer_indel	25
HLA-DRB5	class_II_paralog	strict	UNASSIGNED	False	f2_protein	partial_cds	<20
HLA-DRB5	class_II_paralog	strict	UNASSIGNED	False	f4_noncoding	clean	743
HLA-DRB5	class_II_paralog	strict	UNASSIGNED	False	f4_noncoding	partial_cds	<20
HLA-DRB5	class_II_paralog	strict	UNASSIGNED	False	known	clean	202
HLA-DRB5	class_II_paralog	strict	UNASSIGNED	True	f2_protein	clean	<20
HLA-DRB5	class_II_paralog	strict	UNASSIGNED	True	f2_protein	homopolymer_indel	23
HLA-DRB5	class_II_paralog	strict	UNASSIGNED	True	f2_protein	partial_cds	<20
HLA-DRB5	class_II_paralog	strict	UNASSIGNED	True	f4_noncoding	clean	729
HLA-DRB5	class_II_paralog	strict	UNASSIGNED	True	f4_noncoding	partial_cds	<20
HLA-DRB5	class_II_paralog	strict	UNASSIGNED	True	known	clean	200
HLA-E	nonclassical_I	pred	AFR	False	f2_protein	clean	24
HLA-E	nonclassical_I	pred	AFR	False	f2_protein	homopolymer_indel	152
HLA-E	nonclassical_I	pred	AFR	False	f2_protein	partial_cds	21
HLA-E	nonclassical_I	pred	AFR	False	f3_synonymous	clean	<20
HLA-E	nonclassical_I	pred	AFR	False	f4_noncoding	clean	336
HLA-E	nonclassical_I	pred	AFR	False	f4_noncoding	partial_cds	<20
HLA-E	nonclassical_I	pred	AFR	False	known	clean	5407
HLA-E	nonclassical_I	pred	AFR	True	f2_protein	clean	24
HLA-E	nonclassical_I	pred	AFR	True	f2_protein	homopolymer_indel	150
HLA-E	nonclassical_I	pred	AFR	True	f2_protein	partial_cds	<20
HLA-E	nonclassical_I	pred	AFR	True	f3_synonymous	clean	<20
HLA-E	nonclassical_I	pred	AFR	True	f4_noncoding	clean	329
HLA-E	nonclassical_I	pred	AFR	True	f4_noncoding	partial_cds	<20
HLA-E	nonclassical_I	pred	AFR	True	known	clean	5248
HLA-E	nonclassical_I	pred	AMR	False	f2_protein	clean	20
HLA-E	nonclassical_I	pred	AMR	False	f2_protein	homopolymer_indel	135
HLA-E	nonclassical_I	pred	AMR	False	f2_protein	partial_cds	<20
HLA-E	nonclassical_I	pred	AMR	False	f3_synonymous	clean	<20
HLA-E	nonclassical_I	pred	AMR	False	f3_synonymous	partial_cds	<20
HLA-E	nonclassical_I	pred	AMR	False	f4_noncoding	clean	253
HLA-E	nonclassical_I	pred	AMR	False	f4_noncoding	partial_cds	<20
HLA-E	nonclassical_I	pred	AMR	False	known	clean	4881
HLA-E	nonclassical_I	pred	AMR	True	f2_protein	clean	<20
HLA-E	nonclassical_I	pred	AMR	True	f2_protein	homopolymer_indel	130
HLA-E	nonclassical_I	pred	AMR	True	f2_protein	partial_cds	<20
HLA-E	nonclassical_I	pred	AMR	True	f3_synonymous	clean	<20
HLA-E	nonclassical_I	pred	AMR	True	f3_synonymous	partial_cds	<20
HLA-E	nonclassical_I	pred	AMR	True	f4_noncoding	clean	240
HLA-E	nonclassical_I	pred	AMR	True	f4_noncoding	partial_cds	<20
HLA-E	nonclassical_I	pred	AMR	True	known	clean	4674
HLA-E	nonclassical_I	pred	EAS	False	f2_protein	clean	<20
HLA-E	nonclassical_I	pred	EAS	False	f2_protein	homopolymer_indel	71
HLA-E	nonclassical_I	pred	EAS	False	f2_protein	partial_cds	<20
HLA-E	nonclassical_I	pred	EAS	False	f3_synonymous	clean	<20
HLA-E	nonclassical_I	pred	EAS	False	f4_noncoding	clean	172
HLA-E	nonclassical_I	pred	EAS	False	f4_noncoding	partial_cds	<20
HLA-E	nonclassical_I	pred	EAS	False	known	clean	2601
HLA-E	nonclassical_I	pred	EAS	True	f2_protein	clean	<20
HLA-E	nonclassical_I	pred	EAS	True	f2_protein	homopolymer_indel	69
HLA-E	nonclassical_I	pred	EAS	True	f2_protein	partial_cds	<20
HLA-E	nonclassical_I	pred	EAS	True	f3_synonymous	clean	<20
HLA-E	nonclassical_I	pred	EAS	True	f4_noncoding	clean	169
HLA-E	nonclassical_I	pred	EAS	True	f4_noncoding	partial_cds	<20
HLA-E	nonclassical_I	pred	EAS	True	known	clean	2544
HLA-E	nonclassical_I	pred	EUR	False	f2_protein	clean	<20
HLA-E	nonclassical_I	pred	EUR	False	f2_protein	homopolymer_indel	156
HLA-E	nonclassical_I	pred	EUR	False	f2_protein	partial_cds	<20
HLA-E	nonclassical_I	pred	EUR	False	f3_synonymous	clean	<20
HLA-E	nonclassical_I	pred	EUR	False	f4_noncoding	clean	326
HLA-E	nonclassical_I	pred	EUR	False	f4_noncoding	partial_cds	<20
HLA-E	nonclassical_I	pred	EUR	False	known	clean	5377
HLA-E	nonclassical_I	pred	EUR	True	f2_protein	clean	<20
HLA-E	nonclassical_I	pred	EUR	True	f2_protein	homopolymer_indel	152
HLA-E	nonclassical_I	pred	EUR	True	f2_protein	partial_cds	<20
HLA-E	nonclassical_I	pred	EUR	True	f3_synonymous	clean	<20
HLA-E	nonclassical_I	pred	EUR	True	f4_noncoding	clean	316
HLA-E	nonclassical_I	pred	EUR	True	f4_noncoding	partial_cds	<20
HLA-E	nonclassical_I	pred	EUR	True	known	clean	5193
HLA-E	nonclassical_I	pred	MID	False	f2_protein	clean	<20
HLA-E	nonclassical_I	pred	MID	False	f2_protein	homopolymer_indel	27
HLA-E	nonclassical_I	pred	MID	False	f2_protein	partial_cds	<20
HLA-E	nonclassical_I	pred	MID	False	f4_noncoding	clean	88
HLA-E	nonclassical_I	pred	MID	False	known	clean	828
HLA-E	nonclassical_I	pred	MID	True	f2_protein	clean	<20
HLA-E	nonclassical_I	pred	MID	True	f2_protein	homopolymer_indel	27
HLA-E	nonclassical_I	pred	MID	True	f2_protein	partial_cds	<20
HLA-E	nonclassical_I	pred	MID	True	f4_noncoding	clean	87
HLA-E	nonclassical_I	pred	MID	True	known	clean	813
HLA-E	nonclassical_I	pred	POOLED	False	f2_protein	clean	72
HLA-E	nonclassical_I	pred	POOLED	False	f2_protein	homopolymer_indel	601
HLA-E	nonclassical_I	pred	POOLED	False	f2_protein	partial_cds	76
HLA-E	nonclassical_I	pred	POOLED	False	f3_synonymous	clean	<20
HLA-E	nonclassical_I	pred	POOLED	False	f3_synonymous	partial_cds	<20
HLA-E	nonclassical_I	pred	POOLED	False	f4_noncoding	clean	1316
HLA-E	nonclassical_I	pred	POOLED	False	f4_noncoding	partial_cds	<20
HLA-E	nonclassical_I	pred	POOLED	False	known	clean	21343
HLA-E	nonclassical_I	pred	POOLED	True	f2_protein	clean	69
HLA-E	nonclassical_I	pred	POOLED	True	f2_protein	homopolymer_indel	588
HLA-E	nonclassical_I	pred	POOLED	True	f2_protein	partial_cds	72
HLA-E	nonclassical_I	pred	POOLED	True	f3_synonymous	clean	<20
HLA-E	nonclassical_I	pred	POOLED	True	f3_synonymous	partial_cds	<20
HLA-E	nonclassical_I	pred	POOLED	True	f4_noncoding	clean	1279
HLA-E	nonclassical_I	pred	POOLED	True	f4_noncoding	partial_cds	<20
HLA-E	nonclassical_I	pred	POOLED	True	known	clean	20683
HLA-E	nonclassical_I	pred	SAS	False	f2_protein	clean	<20
HLA-E	nonclassical_I	pred	SAS	False	f2_protein	homopolymer_indel	57
HLA-E	nonclassical_I	pred	SAS	False	f2_protein	partial_cds	<20
HLA-E	nonclassical_I	pred	SAS	False	f4_noncoding	clean	140
HLA-E	nonclassical_I	pred	SAS	False	f4_noncoding	partial_cds	<20
HLA-E	nonclassical_I	pred	SAS	False	known	clean	2209
HLA-E	nonclassical_I	pred	SAS	True	f2_protein	clean	<20
HLA-E	nonclassical_I	pred	SAS	True	f2_protein	homopolymer_indel	57
HLA-E	nonclassical_I	pred	SAS	True	f2_protein	partial_cds	<20
HLA-E	nonclassical_I	pred	SAS	True	f4_noncoding	clean	137
HLA-E	nonclassical_I	pred	SAS	True	f4_noncoding	partial_cds	<20
HLA-E	nonclassical_I	pred	SAS	True	known	clean	2171
HLA-E	nonclassical_I	pred	UNASSIGNED	False	f2_protein	clean	<20
HLA-E	nonclassical_I	pred	UNASSIGNED	False	f2_protein	homopolymer_indel	<20
HLA-E	nonclassical_I	pred	UNASSIGNED	False	f4_noncoding	clean	<20
HLA-E	nonclassical_I	pred	UNASSIGNED	False	known	clean	40
HLA-E	nonclassical_I	pred	UNASSIGNED	True	f2_protein	clean	<20
HLA-E	nonclassical_I	pred	UNASSIGNED	True	f2_protein	homopolymer_indel	<20
HLA-E	nonclassical_I	pred	UNASSIGNED	True	f4_noncoding	clean	<20
HLA-E	nonclassical_I	pred	UNASSIGNED	True	known	clean	40
HLA-E	nonclassical_I	strict	AFR	False	f2_protein	clean	21
HLA-E	nonclassical_I	strict	AFR	False	f2_protein	homopolymer_indel	113
HLA-E	nonclassical_I	strict	AFR	False	f2_protein	partial_cds	<20
HLA-E	nonclassical_I	strict	AFR	False	f3_synonymous	clean	<20
HLA-E	nonclassical_I	strict	AFR	False	f4_noncoding	clean	255
HLA-E	nonclassical_I	strict	AFR	False	f4_noncoding	partial_cds	<20
HLA-E	nonclassical_I	strict	AFR	False	known	clean	4192
HLA-E	nonclassical_I	strict	AFR	True	f2_protein	clean	21
HLA-E	nonclassical_I	strict	AFR	True	f2_protein	homopolymer_indel	111
HLA-E	nonclassical_I	strict	AFR	True	f2_protein	partial_cds	<20
HLA-E	nonclassical_I	strict	AFR	True	f3_synonymous	clean	<20
HLA-E	nonclassical_I	strict	AFR	True	f4_noncoding	clean	248
HLA-E	nonclassical_I	strict	AFR	True	f4_noncoding	partial_cds	<20
HLA-E	nonclassical_I	strict	AFR	True	known	clean	4053
HLA-E	nonclassical_I	strict	AMR	False	f2_protein	clean	<20
HLA-E	nonclassical_I	strict	AMR	False	f2_protein	homopolymer_indel	62
HLA-E	nonclassical_I	strict	AMR	False	f2_protein	partial_cds	<20
HLA-E	nonclassical_I	strict	AMR	False	f3_synonymous	clean	<20
HLA-E	nonclassical_I	strict	AMR	False	f3_synonymous	partial_cds	<20
HLA-E	nonclassical_I	strict	AMR	False	f4_noncoding	clean	151
HLA-E	nonclassical_I	strict	AMR	False	f4_noncoding	partial_cds	<20
HLA-E	nonclassical_I	strict	AMR	False	known	clean	2980
HLA-E	nonclassical_I	strict	AMR	True	f2_protein	clean	<20
HLA-E	nonclassical_I	strict	AMR	True	f2_protein	homopolymer_indel	58
HLA-E	nonclassical_I	strict	AMR	True	f2_protein	partial_cds	<20
HLA-E	nonclassical_I	strict	AMR	True	f3_synonymous	clean	<20
HLA-E	nonclassical_I	strict	AMR	True	f3_synonymous	partial_cds	<20
HLA-E	nonclassical_I	strict	AMR	True	f4_noncoding	clean	141
HLA-E	nonclassical_I	strict	AMR	True	f4_noncoding	partial_cds	<20
HLA-E	nonclassical_I	strict	AMR	True	known	clean	2811
HLA-E	nonclassical_I	strict	EAS	False	f2_protein	clean	<20
HLA-E	nonclassical_I	strict	EAS	False	f2_protein	homopolymer_indel	65
HLA-E	nonclassical_I	strict	EAS	False	f2_protein	partial_cds	<20
HLA-E	nonclassical_I	strict	EAS	False	f3_synonymous	clean	<20
HLA-E	nonclassical_I	strict	EAS	False	f4_noncoding	clean	142
HLA-E	nonclassical_I	strict	EAS	False	f4_noncoding	partial_cds	<20
HLA-E	nonclassical_I	strict	EAS	False	known	clean	2268
HLA-E	nonclassical_I	strict	EAS	True	f2_protein	clean	<20
HLA-E	nonclassical_I	strict	EAS	True	f2_protein	homopolymer_indel	63
HLA-E	nonclassical_I	strict	EAS	True	f2_protein	partial_cds	<20
HLA-E	nonclassical_I	strict	EAS	True	f3_synonymous	clean	<20
HLA-E	nonclassical_I	strict	EAS	True	f4_noncoding	clean	139
HLA-E	nonclassical_I	strict	EAS	True	f4_noncoding	partial_cds	<20
HLA-E	nonclassical_I	strict	EAS	True	known	clean	2213
HLA-E	nonclassical_I	strict	EUR	False	f2_protein	clean	<20
HLA-E	nonclassical_I	strict	EUR	False	f2_protein	homopolymer_indel	64
HLA-E	nonclassical_I	strict	EUR	False	f2_protein	partial_cds	<20
HLA-E	nonclassical_I	strict	EUR	False	f4_noncoding	clean	130
HLA-E	nonclassical_I	strict	EUR	False	known	clean	2435
HLA-E	nonclassical_I	strict	EUR	True	f2_protein	clean	<20
HLA-E	nonclassical_I	strict	EUR	True	f2_protein	homopolymer_indel	60
HLA-E	nonclassical_I	strict	EUR	True	f2_protein	partial_cds	<20
HLA-E	nonclassical_I	strict	EUR	True	f4_noncoding	clean	122
HLA-E	nonclassical_I	strict	EUR	True	known	clean	2287
HLA-E	nonclassical_I	strict	MID	False	f2_protein	homopolymer_indel	<20
HLA-E	nonclassical_I	strict	MID	False	f2_protein	partial_cds	<20
HLA-E	nonclassical_I	strict	MID	False	f4_noncoding	clean	44
HLA-E	nonclassical_I	strict	MID	False	known	clean	531
HLA-E	nonclassical_I	strict	MID	True	f2_protein	homopolymer_indel	<20
HLA-E	nonclassical_I	strict	MID	True	f2_protein	partial_cds	<20
HLA-E	nonclassical_I	strict	MID	True	f4_noncoding	clean	43
HLA-E	nonclassical_I	strict	MID	True	known	clean	520
HLA-E	nonclassical_I	strict	POOLED	False	f2_protein	clean	72
HLA-E	nonclassical_I	strict	POOLED	False	f2_protein	homopolymer_indel	601
HLA-E	nonclassical_I	strict	POOLED	False	f2_protein	partial_cds	76
HLA-E	nonclassical_I	strict	POOLED	False	f3_synonymous	clean	<20
HLA-E	nonclassical_I	strict	POOLED	False	f3_synonymous	partial_cds	<20
HLA-E	nonclassical_I	strict	POOLED	False	f4_noncoding	clean	1316
HLA-E	nonclassical_I	strict	POOLED	False	f4_noncoding	partial_cds	<20
HLA-E	nonclassical_I	strict	POOLED	False	known	clean	21343
HLA-E	nonclassical_I	strict	POOLED	True	f2_protein	clean	69
HLA-E	nonclassical_I	strict	POOLED	True	f2_protein	homopolymer_indel	588
HLA-E	nonclassical_I	strict	POOLED	True	f2_protein	partial_cds	72
HLA-E	nonclassical_I	strict	POOLED	True	f3_synonymous	clean	<20
HLA-E	nonclassical_I	strict	POOLED	True	f3_synonymous	partial_cds	<20
HLA-E	nonclassical_I	strict	POOLED	True	f4_noncoding	clean	1279
HLA-E	nonclassical_I	strict	POOLED	True	f4_noncoding	partial_cds	<20
HLA-E	nonclassical_I	strict	POOLED	True	known	clean	20683
HLA-E	nonclassical_I	strict	SAS	False	f2_protein	clean	<20
HLA-E	nonclassical_I	strict	SAS	False	f2_protein	homopolymer_indel	51
HLA-E	nonclassical_I	strict	SAS	False	f2_protein	partial_cds	<20
HLA-E	nonclassical_I	strict	SAS	False	f4_noncoding	clean	131
HLA-E	nonclassical_I	strict	SAS	False	f4_noncoding	partial_cds	<20
HLA-E	nonclassical_I	strict	SAS	False	known	clean	2052
HLA-E	nonclassical_I	strict	SAS	True	f2_protein	clean	<20
HLA-E	nonclassical_I	strict	SAS	True	f2_protein	homopolymer_indel	51
HLA-E	nonclassical_I	strict	SAS	True	f2_protein	partial_cds	<20
HLA-E	nonclassical_I	strict	SAS	True	f4_noncoding	clean	128
HLA-E	nonclassical_I	strict	SAS	True	f4_noncoding	partial_cds	<20
HLA-E	nonclassical_I	strict	SAS	True	known	clean	2021
HLA-E	nonclassical_I	strict	UNASSIGNED	False	f2_protein	clean	22
HLA-E	nonclassical_I	strict	UNASSIGNED	False	f2_protein	homopolymer_indel	231
HLA-E	nonclassical_I	strict	UNASSIGNED	False	f2_protein	partial_cds	31
HLA-E	nonclassical_I	strict	UNASSIGNED	False	f3_synonymous	clean	<20
HLA-E	nonclassical_I	strict	UNASSIGNED	False	f4_noncoding	clean	463
HLA-E	nonclassical_I	strict	UNASSIGNED	False	f4_noncoding	partial_cds	<20
HLA-E	nonclassical_I	strict	UNASSIGNED	False	known	clean	6885
HLA-E	nonclassical_I	strict	UNASSIGNED	True	f2_protein	clean	20
HLA-E	nonclassical_I	strict	UNASSIGNED	True	f2_protein	homopolymer_indel	230
HLA-E	nonclassical_I	strict	UNASSIGNED	True	f2_protein	partial_cds	30
HLA-E	nonclassical_I	strict	UNASSIGNED	True	f3_synonymous	clean	<20
HLA-E	nonclassical_I	strict	UNASSIGNED	True	f4_noncoding	clean	458
HLA-E	nonclassical_I	strict	UNASSIGNED	True	f4_noncoding	partial_cds	<20
HLA-E	nonclassical_I	strict	UNASSIGNED	True	known	clean	6778
HLA-F	nonclassical_I	pred	AFR	False	f2_protein	clean	56
HLA-F	nonclassical_I	pred	AFR	False	f2_protein	homopolymer_indel	133
HLA-F	nonclassical_I	pred	AFR	False	f2_protein	partial_cds	<20
HLA-F	nonclassical_I	pred	AFR	False	f3_synonymous	clean	<20
HLA-F	nonclassical_I	pred	AFR	False	f4_noncoding	clean	547
HLA-F	nonclassical_I	pred	AFR	False	f4_noncoding	partial_cds	<20
HLA-F	nonclassical_I	pred	AFR	False	known	clean	5215
HLA-F	nonclassical_I	pred	AFR	True	f2_protein	clean	54
HLA-F	nonclassical_I	pred	AFR	True	f2_protein	homopolymer_indel	132
HLA-F	nonclassical_I	pred	AFR	True	f2_protein	partial_cds	<20
HLA-F	nonclassical_I	pred	AFR	True	f3_synonymous	clean	<20
HLA-F	nonclassical_I	pred	AFR	True	f4_noncoding	clean	530
HLA-F	nonclassical_I	pred	AFR	True	f4_noncoding	partial_cds	<20
HLA-F	nonclassical_I	pred	AFR	True	known	clean	5064
HLA-F	nonclassical_I	pred	AMR	False	f2_protein	clean	45
HLA-F	nonclassical_I	pred	AMR	False	f2_protein	homopolymer_indel	128
HLA-F	nonclassical_I	pred	AMR	False	f2_protein	partial_cds	22
HLA-F	nonclassical_I	pred	AMR	False	f3_synonymous	clean	<20
HLA-F	nonclassical_I	pred	AMR	False	f4_noncoding	clean	354
HLA-F	nonclassical_I	pred	AMR	False	f4_noncoding	partial_cds	<20
HLA-F	nonclassical_I	pred	AMR	False	known	clean	4786
HLA-F	nonclassical_I	pred	AMR	True	f2_protein	clean	43
HLA-F	nonclassical_I	pred	AMR	True	f2_protein	homopolymer_indel	126
HLA-F	nonclassical_I	pred	AMR	True	f2_protein	partial_cds	22
HLA-F	nonclassical_I	pred	AMR	True	f3_synonymous	clean	<20
HLA-F	nonclassical_I	pred	AMR	True	f4_noncoding	clean	329
HLA-F	nonclassical_I	pred	AMR	True	f4_noncoding	partial_cds	<20
HLA-F	nonclassical_I	pred	AMR	True	known	clean	4580
HLA-F	nonclassical_I	pred	EAS	False	f2_protein	clean	<20
HLA-F	nonclassical_I	pred	EAS	False	f2_protein	homopolymer_indel	66
HLA-F	nonclassical_I	pred	EAS	False	f2_protein	partial_cds	<20
HLA-F	nonclassical_I	pred	EAS	False	f3_synonymous	clean	<20
HLA-F	nonclassical_I	pred	EAS	False	f4_noncoding	clean	353
HLA-F	nonclassical_I	pred	EAS	False	f4_noncoding	partial_cds	<20
HLA-F	nonclassical_I	pred	EAS	False	known	clean	2407
HLA-F	nonclassical_I	pred	EAS	False	uncalled	clean	<20
HLA-F	nonclassical_I	pred	EAS	True	f2_protein	clean	<20
HLA-F	nonclassical_I	pred	EAS	True	f2_protein	homopolymer_indel	63
HLA-F	nonclassical_I	pred	EAS	True	f2_protein	partial_cds	<20
HLA-F	nonclassical_I	pred	EAS	True	f3_synonymous	clean	<20
HLA-F	nonclassical_I	pred	EAS	True	f4_noncoding	clean	345
HLA-F	nonclassical_I	pred	EAS	True	f4_noncoding	partial_cds	<20
HLA-F	nonclassical_I	pred	EAS	True	known	clean	2355
HLA-F	nonclassical_I	pred	EAS	True	uncalled	clean	<20
HLA-F	nonclassical_I	pred	EUR	False	f2_protein	clean	25
HLA-F	nonclassical_I	pred	EUR	False	f2_protein	homopolymer_indel	179
HLA-F	nonclassical_I	pred	EUR	False	f2_protein	partial_cds	<20
HLA-F	nonclassical_I	pred	EUR	False	f3_synonymous	clean	<20
HLA-F	nonclassical_I	pred	EUR	False	f4_noncoding	clean	346
HLA-F	nonclassical_I	pred	EUR	False	f4_noncoding	partial_cds	<20
HLA-F	nonclassical_I	pred	EUR	False	known	clean	5340
HLA-F	nonclassical_I	pred	EUR	True	f2_protein	clean	24
HLA-F	nonclassical_I	pred	EUR	True	f2_protein	homopolymer_indel	174
HLA-F	nonclassical_I	pred	EUR	True	f2_protein	partial_cds	<20
HLA-F	nonclassical_I	pred	EUR	True	f3_synonymous	clean	<20
HLA-F	nonclassical_I	pred	EUR	True	f4_noncoding	clean	338
HLA-F	nonclassical_I	pred	EUR	True	f4_noncoding	partial_cds	<20
HLA-F	nonclassical_I	pred	EUR	True	known	clean	5153
HLA-F	nonclassical_I	pred	MID	False	f2_protein	clean	<20
HLA-F	nonclassical_I	pred	MID	False	f2_protein	homopolymer_indel	23
HLA-F	nonclassical_I	pred	MID	False	f2_protein	partial_cds	<20
HLA-F	nonclassical_I	pred	MID	False	f3_synonymous	clean	<20
HLA-F	nonclassical_I	pred	MID	False	f4_noncoding	clean	72
HLA-F	nonclassical_I	pred	MID	False	known	clean	848
HLA-F	nonclassical_I	pred	MID	True	f2_protein	clean	<20
HLA-F	nonclassical_I	pred	MID	True	f2_protein	homopolymer_indel	21
HLA-F	nonclassical_I	pred	MID	True	f2_protein	partial_cds	<20
HLA-F	nonclassical_I	pred	MID	True	f3_synonymous	clean	<20
HLA-F	nonclassical_I	pred	MID	True	f4_noncoding	clean	70
HLA-F	nonclassical_I	pred	MID	True	known	clean	836
HLA-F	nonclassical_I	pred	POOLED	False	f2_protein	clean	167
HLA-F	nonclassical_I	pred	POOLED	False	f2_protein	homopolymer_indel	590
HLA-F	nonclassical_I	pred	POOLED	False	f2_protein	partial_cds	85
HLA-F	nonclassical_I	pred	POOLED	False	f3_synonymous	clean	24
HLA-F	nonclassical_I	pred	POOLED	False	f4_noncoding	clean	1996
HLA-F	nonclassical_I	pred	POOLED	False	f4_noncoding	partial_cds	<20
HLA-F	nonclassical_I	pred	POOLED	False	known	clean	20664
HLA-F	nonclassical_I	pred	POOLED	False	uncalled	clean	<20
HLA-F	nonclassical_I	pred	POOLED	True	f2_protein	clean	161
HLA-F	nonclassical_I	pred	POOLED	True	f2_protein	homopolymer_indel	576
HLA-F	nonclassical_I	pred	POOLED	True	f2_protein	partial_cds	83
HLA-F	nonclassical_I	pred	POOLED	True	f3_synonymous	clean	24
HLA-F	nonclassical_I	pred	POOLED	True	f4_noncoding	clean	1933
HLA-F	nonclassical_I	pred	POOLED	True	f4_noncoding	partial_cds	<20
HLA-F	nonclassical_I	pred	POOLED	True	known	clean	20021
HLA-F	nonclassical_I	pred	POOLED	True	uncalled	clean	<20
HLA-F	nonclassical_I	pred	SAS	False	f2_protein	clean	<20
HLA-F	nonclassical_I	pred	SAS	False	f2_protein	homopolymer_indel	60
HLA-F	nonclassical_I	pred	SAS	False	f2_protein	partial_cds	<20
HLA-F	nonclassical_I	pred	SAS	False	f3_synonymous	clean	<20
HLA-F	nonclassical_I	pred	SAS	False	f4_noncoding	clean	323
HLA-F	nonclassical_I	pred	SAS	False	f4_noncoding	partial_cds	<20
HLA-F	nonclassical_I	pred	SAS	False	known	clean	2027
HLA-F	nonclassical_I	pred	SAS	True	f2_protein	clean	<20
HLA-F	nonclassical_I	pred	SAS	True	f2_protein	homopolymer_indel	59
HLA-F	nonclassical_I	pred	SAS	True	f2_protein	partial_cds	<20
HLA-F	nonclassical_I	pred	SAS	True	f3_synonymous	clean	<20
HLA-F	nonclassical_I	pred	SAS	True	f4_noncoding	clean	320
HLA-F	nonclassical_I	pred	SAS	True	f4_noncoding	partial_cds	<20
HLA-F	nonclassical_I	pred	SAS	True	known	clean	1992
HLA-F	nonclassical_I	pred	UNASSIGNED	False	f2_protein	homopolymer_indel	<20
HLA-F	nonclassical_I	pred	UNASSIGNED	False	f2_protein	partial_cds	<20
HLA-F	nonclassical_I	pred	UNASSIGNED	False	f4_noncoding	clean	<20
HLA-F	nonclassical_I	pred	UNASSIGNED	False	known	clean	41
HLA-F	nonclassical_I	pred	UNASSIGNED	True	f2_protein	homopolymer_indel	<20
HLA-F	nonclassical_I	pred	UNASSIGNED	True	f2_protein	partial_cds	<20
HLA-F	nonclassical_I	pred	UNASSIGNED	True	f4_noncoding	clean	<20
HLA-F	nonclassical_I	pred	UNASSIGNED	True	known	clean	41
HLA-F	nonclassical_I	strict	AFR	False	f2_protein	clean	39
HLA-F	nonclassical_I	strict	AFR	False	f2_protein	homopolymer_indel	101
HLA-F	nonclassical_I	strict	AFR	False	f2_protein	partial_cds	<20
HLA-F	nonclassical_I	strict	AFR	False	f3_synonymous	clean	<20
HLA-F	nonclassical_I	strict	AFR	False	f4_noncoding	clean	440
HLA-F	nonclassical_I	strict	AFR	False	f4_noncoding	partial_cds	<20
HLA-F	nonclassical_I	strict	AFR	False	known	clean	4025
HLA-F	nonclassical_I	strict	AFR	True	f2_protein	clean	37
HLA-F	nonclassical_I	strict	AFR	True	f2_protein	homopolymer_indel	101
HLA-F	nonclassical_I	strict	AFR	True	f2_protein	partial_cds	<20
HLA-F	nonclassical_I	strict	AFR	True	f3_synonymous	clean	<20
HLA-F	nonclassical_I	strict	AFR	True	f4_noncoding	clean	423
HLA-F	nonclassical_I	strict	AFR	True	f4_noncoding	partial_cds	<20
HLA-F	nonclassical_I	strict	AFR	True	known	clean	3893
HLA-F	nonclassical_I	strict	AMR	False	f2_protein	clean	31
HLA-F	nonclassical_I	strict	AMR	False	f2_protein	homopolymer_indel	73
HLA-F	nonclassical_I	strict	AMR	False	f2_protein	partial_cds	<20
HLA-F	nonclassical_I	strict	AMR	False	f3_synonymous	clean	<20
HLA-F	nonclassical_I	strict	AMR	False	f4_noncoding	clean	207
HLA-F	nonclassical_I	strict	AMR	False	f4_noncoding	partial_cds	<20
HLA-F	nonclassical_I	strict	AMR	False	known	clean	2921
HLA-F	nonclassical_I	strict	AMR	True	f2_protein	clean	29
HLA-F	nonclassical_I	strict	AMR	True	f2_protein	homopolymer_indel	72
HLA-F	nonclassical_I	strict	AMR	True	f2_protein	partial_cds	<20
HLA-F	nonclassical_I	strict	AMR	True	f3_synonymous	clean	<20
HLA-F	nonclassical_I	strict	AMR	True	f4_noncoding	clean	188
HLA-F	nonclassical_I	strict	AMR	True	f4_noncoding	partial_cds	<20
HLA-F	nonclassical_I	strict	AMR	True	known	clean	2757
HLA-F	nonclassical_I	strict	EAS	False	f2_protein	clean	<20
HLA-F	nonclassical_I	strict	EAS	False	f2_protein	homopolymer_indel	60
HLA-F	nonclassical_I	strict	EAS	False	f2_protein	partial_cds	<20
HLA-F	nonclassical_I	strict	EAS	False	f3_synonymous	clean	<20
HLA-F	nonclassical_I	strict	EAS	False	f4_noncoding	clean	312
HLA-F	nonclassical_I	strict	EAS	False	f4_noncoding	partial_cds	<20
HLA-F	nonclassical_I	strict	EAS	False	known	clean	2096
HLA-F	nonclassical_I	strict	EAS	False	uncalled	clean	<20
HLA-F	nonclassical_I	strict	EAS	True	f2_protein	clean	<20
HLA-F	nonclassical_I	strict	EAS	True	f2_protein	homopolymer_indel	57
HLA-F	nonclassical_I	strict	EAS	True	f2_protein	partial_cds	<20
HLA-F	nonclassical_I	strict	EAS	True	f3_synonymous	clean	<20
HLA-F	nonclassical_I	strict	EAS	True	f4_noncoding	clean	305
HLA-F	nonclassical_I	strict	EAS	True	f4_noncoding	partial_cds	<20
HLA-F	nonclassical_I	strict	EAS	True	known	clean	2045
HLA-F	nonclassical_I	strict	EAS	True	uncalled	clean	<20
HLA-F	nonclassical_I	strict	EUR	False	f2_protein	clean	<20
HLA-F	nonclassical_I	strict	EUR	False	f2_protein	homopolymer_indel	84
HLA-F	nonclassical_I	strict	EUR	False	f2_protein	partial_cds	<20
HLA-F	nonclassical_I	strict	EUR	False	f3_synonymous	clean	<20
HLA-F	nonclassical_I	strict	EUR	False	f4_noncoding	clean	167
HLA-F	nonclassical_I	strict	EUR	False	f4_noncoding	partial_cds	<20
HLA-F	nonclassical_I	strict	EUR	False	known	clean	2376
HLA-F	nonclassical_I	strict	EUR	True	f2_protein	clean	<20
HLA-F	nonclassical_I	strict	EUR	True	f2_protein	homopolymer_indel	79
HLA-F	nonclassical_I	strict	EUR	True	f2_protein	partial_cds	<20
HLA-F	nonclassical_I	strict	EUR	True	f3_synonymous	clean	<20
HLA-F	nonclassical_I	strict	EUR	True	f4_noncoding	clean	163
HLA-F	nonclassical_I	strict	EUR	True	f4_noncoding	partial_cds	<20
HLA-F	nonclassical_I	strict	EUR	True	known	clean	2225
HLA-F	nonclassical_I	strict	MID	False	f2_protein	clean	<20
HLA-F	nonclassical_I	strict	MID	False	f2_protein	homopolymer_indel	<20
HLA-F	nonclassical_I	strict	MID	False	f2_protein	partial_cds	<20
HLA-F	nonclassical_I	strict	MID	False	f3_synonymous	clean	<20
HLA-F	nonclassical_I	strict	MID	False	f4_noncoding	clean	51
HLA-F	nonclassical_I	strict	MID	False	known	clean	524
HLA-F	nonclassical_I	strict	MID	True	f2_protein	clean	<20
HLA-F	nonclassical_I	strict	MID	True	f2_protein	homopolymer_indel	<20
HLA-F	nonclassical_I	strict	MID	True	f2_protein	partial_cds	<20
HLA-F	nonclassical_I	strict	MID	True	f3_synonymous	clean	<20
HLA-F	nonclassical_I	strict	MID	True	f4_noncoding	clean	50
HLA-F	nonclassical_I	strict	MID	True	known	clean	515
HLA-F	nonclassical_I	strict	POOLED	False	f2_protein	clean	167
HLA-F	nonclassical_I	strict	POOLED	False	f2_protein	homopolymer_indel	590
HLA-F	nonclassical_I	strict	POOLED	False	f2_protein	partial_cds	85
HLA-F	nonclassical_I	strict	POOLED	False	f3_synonymous	clean	24
HLA-F	nonclassical_I	strict	POOLED	False	f4_noncoding	clean	1996
HLA-F	nonclassical_I	strict	POOLED	False	f4_noncoding	partial_cds	<20
HLA-F	nonclassical_I	strict	POOLED	False	known	clean	20664
HLA-F	nonclassical_I	strict	POOLED	False	uncalled	clean	<20
HLA-F	nonclassical_I	strict	POOLED	True	f2_protein	clean	161
HLA-F	nonclassical_I	strict	POOLED	True	f2_protein	homopolymer_indel	576
HLA-F	nonclassical_I	strict	POOLED	True	f2_protein	partial_cds	83
HLA-F	nonclassical_I	strict	POOLED	True	f3_synonymous	clean	24
HLA-F	nonclassical_I	strict	POOLED	True	f4_noncoding	clean	1933
HLA-F	nonclassical_I	strict	POOLED	True	f4_noncoding	partial_cds	<20
HLA-F	nonclassical_I	strict	POOLED	True	known	clean	20021
HLA-F	nonclassical_I	strict	POOLED	True	uncalled	clean	<20
HLA-F	nonclassical_I	strict	SAS	False	f2_protein	clean	<20
HLA-F	nonclassical_I	strict	SAS	False	f2_protein	homopolymer_indel	55
HLA-F	nonclassical_I	strict	SAS	False	f2_protein	partial_cds	<20
HLA-F	nonclassical_I	strict	SAS	False	f3_synonymous	clean	<20
HLA-F	nonclassical_I	strict	SAS	False	f4_noncoding	clean	300
HLA-F	nonclassical_I	strict	SAS	False	f4_noncoding	partial_cds	<20
HLA-F	nonclassical_I	strict	SAS	False	known	clean	1882
HLA-F	nonclassical_I	strict	SAS	True	f2_protein	clean	<20
HLA-F	nonclassical_I	strict	SAS	True	f2_protein	homopolymer_indel	54
HLA-F	nonclassical_I	strict	SAS	True	f2_protein	partial_cds	<20
HLA-F	nonclassical_I	strict	SAS	True	f3_synonymous	clean	<20
HLA-F	nonclassical_I	strict	SAS	True	f4_noncoding	clean	297
HLA-F	nonclassical_I	strict	SAS	True	f4_noncoding	partial_cds	<20
HLA-F	nonclassical_I	strict	SAS	True	known	clean	1855
HLA-F	nonclassical_I	strict	UNASSIGNED	False	f2_protein	clean	56
HLA-F	nonclassical_I	strict	UNASSIGNED	False	f2_protein	homopolymer_indel	203
HLA-F	nonclassical_I	strict	UNASSIGNED	False	f2_protein	partial_cds	32
HLA-F	nonclassical_I	strict	UNASSIGNED	False	f3_synonymous	clean	<20
HLA-F	nonclassical_I	strict	UNASSIGNED	False	f4_noncoding	clean	519
HLA-F	nonclassical_I	strict	UNASSIGNED	False	f4_noncoding	partial_cds	<20
HLA-F	nonclassical_I	strict	UNASSIGNED	False	known	clean	6840
HLA-F	nonclassical_I	strict	UNASSIGNED	True	f2_protein	clean	56
HLA-F	nonclassical_I	strict	UNASSIGNED	True	f2_protein	homopolymer_indel	201
HLA-F	nonclassical_I	strict	UNASSIGNED	True	f2_protein	partial_cds	32
HLA-F	nonclassical_I	strict	UNASSIGNED	True	f3_synonymous	clean	<20
HLA-F	nonclassical_I	strict	UNASSIGNED	True	f4_noncoding	clean	507
HLA-F	nonclassical_I	strict	UNASSIGNED	True	f4_noncoding	partial_cds	<20
HLA-F	nonclassical_I	strict	UNASSIGNED	True	known	clean	6731
HLA-G	nonclassical_I	pred	AFR	False	f2_protein	clean	34
HLA-G	nonclassical_I	pred	AFR	False	f2_protein	homopolymer_indel	146
HLA-G	nonclassical_I	pred	AFR	False	f2_protein	partial_cds	22
HLA-G	nonclassical_I	pred	AFR	False	f3_synonymous	clean	<20
HLA-G	nonclassical_I	pred	AFR	False	f4_noncoding	clean	490
HLA-G	nonclassical_I	pred	AFR	False	f4_noncoding	partial_cds	<20
HLA-G	nonclassical_I	pred	AFR	False	known	clean	4905
HLA-G	nonclassical_I	pred	AFR	False	known	partial_cds	404
HLA-G	nonclassical_I	pred	AFR	True	f2_protein	clean	34
HLA-G	nonclassical_I	pred	AFR	True	f2_protein	homopolymer_indel	137
HLA-G	nonclassical_I	pred	AFR	True	f2_protein	partial_cds	22
HLA-G	nonclassical_I	pred	AFR	True	f3_synonymous	clean	<20
HLA-G	nonclassical_I	pred	AFR	True	f4_noncoding	clean	475
HLA-G	nonclassical_I	pred	AFR	True	f4_noncoding	partial_cds	<20
HLA-G	nonclassical_I	pred	AFR	True	known	clean	4770
HLA-G	nonclassical_I	pred	AFR	True	known	partial_cds	392
HLA-G	nonclassical_I	pred	AMR	False	f2_protein	clean	<20
HLA-G	nonclassical_I	pred	AMR	False	f2_protein	homopolymer_indel	140
HLA-G	nonclassical_I	pred	AMR	False	f2_protein	partial_cds	20
HLA-G	nonclassical_I	pred	AMR	False	f3_synonymous	clean	<20
HLA-G	nonclassical_I	pred	AMR	False	f4_noncoding	clean	239
HLA-G	nonclassical_I	pred	AMR	False	f4_noncoding	partial_cds	<20
HLA-G	nonclassical_I	pred	AMR	False	known	clean	4839
HLA-G	nonclassical_I	pred	AMR	False	known	partial_cds	118
HLA-G	nonclassical_I	pred	AMR	True	f2_protein	clean	<20
HLA-G	nonclassical_I	pred	AMR	True	f2_protein	homopolymer_indel	133
HLA-G	nonclassical_I	pred	AMR	True	f2_protein	partial_cds	<20
HLA-G	nonclassical_I	pred	AMR	True	f3_synonymous	clean	<20
HLA-G	nonclassical_I	pred	AMR	True	f4_noncoding	clean	225
HLA-G	nonclassical_I	pred	AMR	True	f4_noncoding	partial_cds	<20
HLA-G	nonclassical_I	pred	AMR	True	known	clean	4633
HLA-G	nonclassical_I	pred	AMR	True	known	partial_cds	113
HLA-G	nonclassical_I	pred	EAS	False	f2_protein	clean	<20
HLA-G	nonclassical_I	pred	EAS	False	f2_protein	homopolymer_indel	52
HLA-G	nonclassical_I	pred	EAS	False	f2_protein	partial_cds	<20
HLA-G	nonclassical_I	pred	EAS	False	f3_synonymous	clean	97
HLA-G	nonclassical_I	pred	EAS	False	f4_noncoding	clean	89
HLA-G	nonclassical_I	pred	EAS	False	known	clean	2576
HLA-G	nonclassical_I	pred	EAS	False	known	partial_cds	58
HLA-G	nonclassical_I	pred	EAS	True	f2_protein	clean	<20
HLA-G	nonclassical_I	pred	EAS	True	f2_protein	homopolymer_indel	52
HLA-G	nonclassical_I	pred	EAS	True	f2_protein	partial_cds	<20
HLA-G	nonclassical_I	pred	EAS	True	f3_synonymous	clean	95
HLA-G	nonclassical_I	pred	EAS	True	f4_noncoding	clean	89
HLA-G	nonclassical_I	pred	EAS	True	known	clean	2513
HLA-G	nonclassical_I	pred	EAS	True	known	partial_cds	58
HLA-G	nonclassical_I	pred	EUR	False	f2_protein	clean	20
HLA-G	nonclassical_I	pred	EUR	False	f2_protein	homopolymer_indel	121
HLA-G	nonclassical_I	pred	EUR	False	f2_protein	partial_cds	20
HLA-G	nonclassical_I	pred	EUR	False	f3_synonymous	clean	<20
HLA-G	nonclassical_I	pred	EUR	False	f4_noncoding	clean	180
HLA-G	nonclassical_I	pred	EUR	False	known	clean	5534
HLA-G	nonclassical_I	pred	EUR	False	known	partial_cds	90
HLA-G	nonclassical_I	pred	EUR	True	f2_protein	clean	20
HLA-G	nonclassical_I	pred	EUR	True	f2_protein	homopolymer_indel	118
HLA-G	nonclassical_I	pred	EUR	True	f2_protein	partial_cds	20
HLA-G	nonclassical_I	pred	EUR	True	f3_synonymous	clean	<20
HLA-G	nonclassical_I	pred	EUR	True	f4_noncoding	clean	176
HLA-G	nonclassical_I	pred	EUR	True	known	clean	5341
HLA-G	nonclassical_I	pred	EUR	True	known	partial_cds	89
HLA-G	nonclassical_I	pred	MID	False	f2_protein	clean	<20
HLA-G	nonclassical_I	pred	MID	False	f2_protein	homopolymer_indel	<20
HLA-G	nonclassical_I	pred	MID	False	f2_protein	partial_cds	<20
HLA-G	nonclassical_I	pred	MID	False	f4_noncoding	clean	29
HLA-G	nonclassical_I	pred	MID	False	known	clean	869
HLA-G	nonclassical_I	pred	MID	False	known	partial_cds	35
HLA-G	nonclassical_I	pred	MID	True	f2_protein	clean	<20
HLA-G	nonclassical_I	pred	MID	True	f2_protein	homopolymer_indel	<20
HLA-G	nonclassical_I	pred	MID	True	f2_protein	partial_cds	<20
HLA-G	nonclassical_I	pred	MID	True	f4_noncoding	clean	29
HLA-G	nonclassical_I	pred	MID	True	known	clean	855
HLA-G	nonclassical_I	pred	MID	True	known	partial_cds	34
HLA-G	nonclassical_I	pred	POOLED	False	f2_protein	clean	101
HLA-G	nonclassical_I	pred	POOLED	False	f2_protein	homopolymer_indel	518
HLA-G	nonclassical_I	pred	POOLED	False	f2_protein	partial_cds	77
HLA-G	nonclassical_I	pred	POOLED	False	f3_synonymous	clean	130
HLA-G	nonclassical_I	pred	POOLED	False	f4_noncoding	clean	1113
HLA-G	nonclassical_I	pred	POOLED	False	f4_noncoding	partial_cds	<20
HLA-G	nonclassical_I	pred	POOLED	False	known	clean	21038
HLA-G	nonclassical_I	pred	POOLED	False	known	partial_cds	739
HLA-G	nonclassical_I	pred	POOLED	True	f2_protein	clean	100
HLA-G	nonclassical_I	pred	POOLED	True	f2_protein	homopolymer_indel	499
HLA-G	nonclassical_I	pred	POOLED	True	f2_protein	partial_cds	76
HLA-G	nonclassical_I	pred	POOLED	True	f3_synonymous	clean	126
HLA-G	nonclassical_I	pred	POOLED	True	f4_noncoding	clean	1079
HLA-G	nonclassical_I	pred	POOLED	True	f4_noncoding	partial_cds	<20
HLA-G	nonclassical_I	pred	POOLED	True	known	clean	20387
HLA-G	nonclassical_I	pred	POOLED	True	known	partial_cds	720
HLA-G	nonclassical_I	pred	SAS	False	f2_protein	clean	<20
HLA-G	nonclassical_I	pred	SAS	False	f2_protein	homopolymer_indel	42
HLA-G	nonclassical_I	pred	SAS	False	f2_protein	partial_cds	<20
HLA-G	nonclassical_I	pred	SAS	False	f3_synonymous	clean	<20
HLA-G	nonclassical_I	pred	SAS	False	f4_noncoding	clean	85
HLA-G	nonclassical_I	pred	SAS	False	known	clean	2272
HLA-G	nonclassical_I	pred	SAS	False	known	partial_cds	34
HLA-G	nonclassical_I	pred	SAS	True	f2_protein	clean	<20
HLA-G	nonclassical_I	pred	SAS	True	f2_protein	homopolymer_indel	42
HLA-G	nonclassical_I	pred	SAS	True	f2_protein	partial_cds	<20
HLA-G	nonclassical_I	pred	SAS	True	f3_synonymous	clean	<20
HLA-G	nonclassical_I	pred	SAS	True	f4_noncoding	clean	84
HLA-G	nonclassical_I	pred	SAS	True	known	clean	2232
HLA-G	nonclassical_I	pred	SAS	True	known	partial_cds	34
HLA-G	nonclassical_I	pred	UNASSIGNED	False	f4_noncoding	clean	<20
HLA-G	nonclassical_I	pred	UNASSIGNED	False	known	clean	43
HLA-G	nonclassical_I	pred	UNASSIGNED	True	f4_noncoding	clean	<20
HLA-G	nonclassical_I	pred	UNASSIGNED	True	known	clean	43
HLA-G	nonclassical_I	strict	AFR	False	f2_protein	clean	20
HLA-G	nonclassical_I	strict	AFR	False	f2_protein	homopolymer_indel	108
HLA-G	nonclassical_I	strict	AFR	False	f2_protein	partial_cds	<20
HLA-G	nonclassical_I	strict	AFR	False	f3_synonymous	clean	<20
HLA-G	nonclassical_I	strict	AFR	False	f4_noncoding	clean	402
HLA-G	nonclassical_I	strict	AFR	False	f4_noncoding	partial_cds	<20
HLA-G	nonclassical_I	strict	AFR	False	known	clean	3768
HLA-G	nonclassical_I	strict	AFR	False	known	partial_cds	331
HLA-G	nonclassical_I	strict	AFR	True	f2_protein	clean	20
HLA-G	nonclassical_I	strict	AFR	True	f2_protein	homopolymer_indel	100
HLA-G	nonclassical_I	strict	AFR	True	f2_protein	partial_cds	<20
HLA-G	nonclassical_I	strict	AFR	True	f3_synonymous	clean	<20
HLA-G	nonclassical_I	strict	AFR	True	f4_noncoding	clean	390
HLA-G	nonclassical_I	strict	AFR	True	f4_noncoding	partial_cds	<20
HLA-G	nonclassical_I	strict	AFR	True	known	clean	3647
HLA-G	nonclassical_I	strict	AFR	True	known	partial_cds	320
HLA-G	nonclassical_I	strict	AMR	False	f2_protein	clean	<20
HLA-G	nonclassical_I	strict	AMR	False	f2_protein	homopolymer_indel	82
HLA-G	nonclassical_I	strict	AMR	False	f2_protein	partial_cds	<20
HLA-G	nonclassical_I	strict	AMR	False	f3_synonymous	clean	<20
HLA-G	nonclassical_I	strict	AMR	False	f4_noncoding	clean	130
HLA-G	nonclassical_I	strict	AMR	False	known	clean	2976
HLA-G	nonclassical_I	strict	AMR	False	known	partial_cds	57
HLA-G	nonclassical_I	strict	AMR	True	f2_protein	clean	<20
HLA-G	nonclassical_I	strict	AMR	True	f2_protein	homopolymer_indel	77
HLA-G	nonclassical_I	strict	AMR	True	f2_protein	partial_cds	<20
HLA-G	nonclassical_I	strict	AMR	True	f3_synonymous	clean	<20
HLA-G	nonclassical_I	strict	AMR	True	f4_noncoding	clean	121
HLA-G	nonclassical_I	strict	AMR	True	known	clean	2808
HLA-G	nonclassical_I	strict	AMR	True	known	partial_cds	53
HLA-G	nonclassical_I	strict	EAS	False	f2_protein	clean	<20
HLA-G	nonclassical_I	strict	EAS	False	f2_protein	homopolymer_indel	49
HLA-G	nonclassical_I	strict	EAS	False	f2_protein	partial_cds	<20
HLA-G	nonclassical_I	strict	EAS	False	f3_synonymous	clean	87
HLA-G	nonclassical_I	strict	EAS	False	f4_noncoding	clean	73
HLA-G	nonclassical_I	strict	EAS	False	known	clean	2235
HLA-G	nonclassical_I	strict	EAS	False	known	partial_cds	53
HLA-G	nonclassical_I	strict	EAS	True	f2_protein	clean	<20
HLA-G	nonclassical_I	strict	EAS	True	f2_protein	homopolymer_indel	49
HLA-G	nonclassical_I	strict	EAS	True	f2_protein	partial_cds	<20
HLA-G	nonclassical_I	strict	EAS	True	f3_synonymous	clean	85
HLA-G	nonclassical_I	strict	EAS	True	f4_noncoding	clean	73
HLA-G	nonclassical_I	strict	EAS	True	known	clean	2174
HLA-G	nonclassical_I	strict	EAS	True	known	partial_cds	53
HLA-G	nonclassical_I	strict	EUR	False	f2_protein	clean	<20
HLA-G	nonclassical_I	strict	EUR	False	f2_protein	homopolymer_indel	58
HLA-G	nonclassical_I	strict	EUR	False	f2_protein	partial_cds	<20
HLA-G	nonclassical_I	strict	EUR	False	f3_synonymous	clean	<20
HLA-G	nonclassical_I	strict	EUR	False	f4_noncoding	clean	75
HLA-G	nonclassical_I	strict	EUR	False	known	clean	2477
HLA-G	nonclassical_I	strict	EUR	False	known	partial_cds	25
HLA-G	nonclassical_I	strict	EUR	True	f2_protein	clean	<20
HLA-G	nonclassical_I	strict	EUR	True	f2_protein	homopolymer_indel	55
HLA-G	nonclassical_I	strict	EUR	True	f2_protein	partial_cds	<20
HLA-G	nonclassical_I	strict	EUR	True	f3_synonymous	clean	<20
HLA-G	nonclassical_I	strict	EUR	True	f4_noncoding	clean	71
HLA-G	nonclassical_I	strict	EUR	True	known	clean	2323
HLA-G	nonclassical_I	strict	EUR	True	known	partial_cds	24
HLA-G	nonclassical_I	strict	MID	False	f2_protein	clean	<20
HLA-G	nonclassical_I	strict	MID	False	f2_protein	homopolymer_indel	<20
HLA-G	nonclassical_I	strict	MID	False	f2_protein	partial_cds	<20
HLA-G	nonclassical_I	strict	MID	False	f4_noncoding	clean	<20
HLA-G	nonclassical_I	strict	MID	False	known	clean	541
HLA-G	nonclassical_I	strict	MID	False	known	partial_cds	25
HLA-G	nonclassical_I	strict	MID	True	f2_protein	clean	<20
HLA-G	nonclassical_I	strict	MID	True	f2_protein	homopolymer_indel	<20
HLA-G	nonclassical_I	strict	MID	True	f2_protein	partial_cds	<20
HLA-G	nonclassical_I	strict	MID	True	f4_noncoding	clean	<20
HLA-G	nonclassical_I	strict	MID	True	known	clean	530
HLA-G	nonclassical_I	strict	MID	True	known	partial_cds	25
HLA-G	nonclassical_I	strict	POOLED	False	f2_protein	clean	101
HLA-G	nonclassical_I	strict	POOLED	False	f2_protein	homopolymer_indel	518
HLA-G	nonclassical_I	strict	POOLED	False	f2_protein	partial_cds	77
HLA-G	nonclassical_I	strict	POOLED	False	f3_synonymous	clean	130
HLA-G	nonclassical_I	strict	POOLED	False	f4_noncoding	clean	1113
HLA-G	nonclassical_I	strict	POOLED	False	f4_noncoding	partial_cds	<20
HLA-G	nonclassical_I	strict	POOLED	False	known	clean	21038
HLA-G	nonclassical_I	strict	POOLED	False	known	partial_cds	739
HLA-G	nonclassical_I	strict	POOLED	True	f2_protein	clean	100
HLA-G	nonclassical_I	strict	POOLED	True	f2_protein	homopolymer_indel	499
HLA-G	nonclassical_I	strict	POOLED	True	f2_protein	partial_cds	76
HLA-G	nonclassical_I	strict	POOLED	True	f3_synonymous	clean	126
HLA-G	nonclassical_I	strict	POOLED	True	f4_noncoding	clean	1079
HLA-G	nonclassical_I	strict	POOLED	True	f4_noncoding	partial_cds	<20
HLA-G	nonclassical_I	strict	POOLED	True	known	clean	20387
HLA-G	nonclassical_I	strict	POOLED	True	known	partial_cds	720
HLA-G	nonclassical_I	strict	SAS	False	f2_protein	clean	<20
HLA-G	nonclassical_I	strict	SAS	False	f2_protein	homopolymer_indel	36
HLA-G	nonclassical_I	strict	SAS	False	f2_protein	partial_cds	<20
HLA-G	nonclassical_I	strict	SAS	False	f3_synonymous	clean	<20
HLA-G	nonclassical_I	strict	SAS	False	f4_noncoding	clean	79
HLA-G	nonclassical_I	strict	SAS	False	known	clean	2118
HLA-G	nonclassical_I	strict	SAS	False	known	partial_cds	32
HLA-G	nonclassical_I	strict	SAS	True	f2_protein	clean	<20
HLA-G	nonclassical_I	strict	SAS	True	f2_protein	homopolymer_indel	36
HLA-G	nonclassical_I	strict	SAS	True	f2_protein	partial_cds	<20
HLA-G	nonclassical_I	strict	SAS	True	f3_synonymous	clean	<20
HLA-G	nonclassical_I	strict	SAS	True	f4_noncoding	clean	78
HLA-G	nonclassical_I	strict	SAS	True	known	clean	2084
HLA-G	nonclassical_I	strict	SAS	True	known	partial_cds	32
HLA-G	nonclassical_I	strict	UNASSIGNED	False	f2_protein	clean	40
HLA-G	nonclassical_I	strict	UNASSIGNED	False	f2_protein	homopolymer_indel	174
HLA-G	nonclassical_I	strict	UNASSIGNED	False	f2_protein	partial_cds	25
HLA-G	nonclassical_I	strict	UNASSIGNED	False	f3_synonymous	clean	22
HLA-G	nonclassical_I	strict	UNASSIGNED	False	f4_noncoding	clean	338
HLA-G	nonclassical_I	strict	UNASSIGNED	False	f4_noncoding	partial_cds	<20
HLA-G	nonclassical_I	strict	UNASSIGNED	False	known	clean	6923
HLA-G	nonclassical_I	strict	UNASSIGNED	False	known	partial_cds	216
HLA-G	nonclassical_I	strict	UNASSIGNED	True	f2_protein	clean	40
HLA-G	nonclassical_I	strict	UNASSIGNED	True	f2_protein	homopolymer_indel	171
HLA-G	nonclassical_I	strict	UNASSIGNED	True	f2_protein	partial_cds	24
HLA-G	nonclassical_I	strict	UNASSIGNED	True	f3_synonymous	clean	21
HLA-G	nonclassical_I	strict	UNASSIGNED	True	f4_noncoding	clean	330
HLA-G	nonclassical_I	strict	UNASSIGNED	True	f4_noncoding	partial_cds	<20
HLA-G	nonclassical_I	strict	UNASSIGNED	True	known	clean	6821
HLA-G	nonclassical_I	strict	UNASSIGNED	True	known	partial_cds	213
HLA-H	pseudogene_I	pred	AFR	False	f2_protein	clean	<20
HLA-H	pseudogene_I	pred	AFR	False	f2_protein	homopolymer_indel	131
HLA-H	pseudogene_I	pred	AFR	False	f2_protein	partial_cds	51
HLA-H	pseudogene_I	pred	AFR	False	f3_synonymous	clean	<20
HLA-H	pseudogene_I	pred	AFR	False	f3_synonymous	partial_cds	<20
HLA-H	pseudogene_I	pred	AFR	False	f4_noncoding	clean	<20
HLA-H	pseudogene_I	pred	AFR	False	f4_noncoding	partial_cds	317
HLA-H	pseudogene_I	pred	AFR	False	known	clean	502
HLA-H	pseudogene_I	pred	AFR	False	known	partial_cds	4184
HLA-H	pseudogene_I	pred	AFR	True	f2_protein	clean	<20
HLA-H	pseudogene_I	pred	AFR	True	f2_protein	homopolymer_indel	129
HLA-H	pseudogene_I	pred	AFR	True	f2_protein	partial_cds	51
HLA-H	pseudogene_I	pred	AFR	True	f3_synonymous	clean	<20
HLA-H	pseudogene_I	pred	AFR	True	f3_synonymous	partial_cds	<20
HLA-H	pseudogene_I	pred	AFR	True	f4_noncoding	clean	<20
HLA-H	pseudogene_I	pred	AFR	True	f4_noncoding	partial_cds	310
HLA-H	pseudogene_I	pred	AFR	True	known	clean	488
HLA-H	pseudogene_I	pred	AFR	True	known	partial_cds	4064
HLA-H	pseudogene_I	pred	AMR	False	f2_protein	clean	<20
HLA-H	pseudogene_I	pred	AMR	False	f2_protein	homopolymer_indel	119
HLA-H	pseudogene_I	pred	AMR	False	f2_protein	partial_cds	35
HLA-H	pseudogene_I	pred	AMR	False	f3_synonymous	clean	<20
HLA-H	pseudogene_I	pred	AMR	False	f3_synonymous	partial_cds	<20
HLA-H	pseudogene_I	pred	AMR	False	f4_noncoding	clean	<20
HLA-H	pseudogene_I	pred	AMR	False	f4_noncoding	partial_cds	169
HLA-H	pseudogene_I	pred	AMR	False	known	clean	383
HLA-H	pseudogene_I	pred	AMR	False	known	partial_cds	3803
HLA-H	pseudogene_I	pred	AMR	True	f2_protein	clean	<20
HLA-H	pseudogene_I	pred	AMR	True	f2_protein	homopolymer_indel	108
HLA-H	pseudogene_I	pred	AMR	True	f2_protein	partial_cds	33
HLA-H	pseudogene_I	pred	AMR	True	f3_synonymous	clean	<20
HLA-H	pseudogene_I	pred	AMR	True	f3_synonymous	partial_cds	<20
HLA-H	pseudogene_I	pred	AMR	True	f4_noncoding	clean	<20
HLA-H	pseudogene_I	pred	AMR	True	f4_noncoding	partial_cds	168
HLA-H	pseudogene_I	pred	AMR	True	known	clean	368
HLA-H	pseudogene_I	pred	AMR	True	known	partial_cds	3632
HLA-H	pseudogene_I	pred	EAS	False	f2_protein	clean	<20
HLA-H	pseudogene_I	pred	EAS	False	f2_protein	homopolymer_indel	61
HLA-H	pseudogene_I	pred	EAS	False	f2_protein	partial_cds	<20
HLA-H	pseudogene_I	pred	EAS	False	f3_synonymous	partial_cds	<20
HLA-H	pseudogene_I	pred	EAS	False	f4_noncoding	clean	<20
HLA-H	pseudogene_I	pred	EAS	False	f4_noncoding	partial_cds	82
HLA-H	pseudogene_I	pred	EAS	False	known	clean	62
HLA-H	pseudogene_I	pred	EAS	False	known	partial_cds	1997
HLA-H	pseudogene_I	pred	EAS	True	f2_protein	clean	<20
HLA-H	pseudogene_I	pred	EAS	True	f2_protein	homopolymer_indel	60
HLA-H	pseudogene_I	pred	EAS	True	f2_protein	partial_cds	<20
HLA-H	pseudogene_I	pred	EAS	True	f3_synonymous	partial_cds	<20
HLA-H	pseudogene_I	pred	EAS	True	f4_noncoding	clean	<20
HLA-H	pseudogene_I	pred	EAS	True	f4_noncoding	partial_cds	81
HLA-H	pseudogene_I	pred	EAS	True	known	clean	59
HLA-H	pseudogene_I	pred	EAS	True	known	partial_cds	1954
HLA-H	pseudogene_I	pred	EUR	False	f2_protein	clean	<20
HLA-H	pseudogene_I	pred	EUR	False	f2_protein	homopolymer_indel	125
HLA-H	pseudogene_I	pred	EUR	False	f2_protein	partial_cds	37
HLA-H	pseudogene_I	pred	EUR	False	f3_synonymous	clean	<20
HLA-H	pseudogene_I	pred	EUR	False	f3_synonymous	partial_cds	<20
HLA-H	pseudogene_I	pred	EUR	False	f4_noncoding	clean	27
HLA-H	pseudogene_I	pred	EUR	False	f4_noncoding	partial_cds	139
HLA-H	pseudogene_I	pred	EUR	False	known	clean	703
HLA-H	pseudogene_I	pred	EUR	False	known	partial_cds	4187
HLA-H	pseudogene_I	pred	EUR	True	f2_protein	clean	<20
HLA-H	pseudogene_I	pred	EUR	True	f2_protein	homopolymer_indel	122
HLA-H	pseudogene_I	pred	EUR	True	f2_protein	partial_cds	37
HLA-H	pseudogene_I	pred	EUR	True	f3_synonymous	clean	<20
HLA-H	pseudogene_I	pred	EUR	True	f3_synonymous	partial_cds	<20
HLA-H	pseudogene_I	pred	EUR	True	f4_noncoding	clean	26
HLA-H	pseudogene_I	pred	EUR	True	f4_noncoding	partial_cds	135
HLA-H	pseudogene_I	pred	EUR	True	known	clean	685
HLA-H	pseudogene_I	pred	EUR	True	known	partial_cds	4044
HLA-H	pseudogene_I	pred	MID	False	f2_protein	clean	<20
HLA-H	pseudogene_I	pred	MID	False	f2_protein	homopolymer_indel	<20
HLA-H	pseudogene_I	pred	MID	False	f2_protein	partial_cds	<20
HLA-H	pseudogene_I	pred	MID	False	f3_synonymous	clean	<20
HLA-H	pseudogene_I	pred	MID	False	f4_noncoding	clean	<20
HLA-H	pseudogene_I	pred	MID	False	f4_noncoding	partial_cds	21
HLA-H	pseudogene_I	pred	MID	False	known	clean	81
HLA-H	pseudogene_I	pred	MID	False	known	partial_cds	668
HLA-H	pseudogene_I	pred	MID	True	f2_protein	clean	<20
HLA-H	pseudogene_I	pred	MID	True	f2_protein	homopolymer_indel	<20
HLA-H	pseudogene_I	pred	MID	True	f2_protein	partial_cds	<20
HLA-H	pseudogene_I	pred	MID	True	f3_synonymous	clean	<20
HLA-H	pseudogene_I	pred	MID	True	f4_noncoding	clean	<20
HLA-H	pseudogene_I	pred	MID	True	f4_noncoding	partial_cds	21
HLA-H	pseudogene_I	pred	MID	True	known	clean	80
HLA-H	pseudogene_I	pred	MID	True	known	partial_cds	657
HLA-H	pseudogene_I	pred	POOLED	False	f2_protein	clean	34
HLA-H	pseudogene_I	pred	POOLED	False	f2_protein	homopolymer_indel	501
HLA-H	pseudogene_I	pred	POOLED	False	f2_protein	partial_cds	170
HLA-H	pseudogene_I	pred	POOLED	False	f3_synonymous	clean	<20
HLA-H	pseudogene_I	pred	POOLED	False	f3_synonymous	partial_cds	20
HLA-H	pseudogene_I	pred	POOLED	False	f4_noncoding	clean	71
HLA-H	pseudogene_I	pred	POOLED	False	f4_noncoding	partial_cds	806
HLA-H	pseudogene_I	pred	POOLED	False	known	clean	1905
HLA-H	pseudogene_I	pred	POOLED	False	known	partial_cds	16569
HLA-H	pseudogene_I	pred	POOLED	True	f2_protein	clean	34
HLA-H	pseudogene_I	pred	POOLED	True	f2_protein	homopolymer_indel	483
HLA-H	pseudogene_I	pred	POOLED	True	f2_protein	partial_cds	168
HLA-H	pseudogene_I	pred	POOLED	True	f3_synonymous	clean	<20
HLA-H	pseudogene_I	pred	POOLED	True	f3_synonymous	partial_cds	<20
HLA-H	pseudogene_I	pred	POOLED	True	f4_noncoding	clean	69
HLA-H	pseudogene_I	pred	POOLED	True	f4_noncoding	partial_cds	791
HLA-H	pseudogene_I	pred	POOLED	True	known	clean	1851
HLA-H	pseudogene_I	pred	POOLED	True	known	partial_cds	16050
HLA-H	pseudogene_I	pred	SAS	False	f2_protein	clean	<20
HLA-H	pseudogene_I	pred	SAS	False	f2_protein	homopolymer_indel	49
HLA-H	pseudogene_I	pred	SAS	False	f2_protein	partial_cds	27
HLA-H	pseudogene_I	pred	SAS	False	f3_synonymous	clean	<20
HLA-H	pseudogene_I	pred	SAS	False	f3_synonymous	partial_cds	<20
HLA-H	pseudogene_I	pred	SAS	False	f4_noncoding	clean	<20
HLA-H	pseudogene_I	pred	SAS	False	f4_noncoding	partial_cds	78
HLA-H	pseudogene_I	pred	SAS	False	known	clean	171
HLA-H	pseudogene_I	pred	SAS	False	known	partial_cds	1695
HLA-H	pseudogene_I	pred	SAS	True	f2_protein	clean	<20
HLA-H	pseudogene_I	pred	SAS	True	f2_protein	homopolymer_indel	48
HLA-H	pseudogene_I	pred	SAS	True	f2_protein	partial_cds	27
HLA-H	pseudogene_I	pred	SAS	True	f3_synonymous	clean	<20
HLA-H	pseudogene_I	pred	SAS	True	f3_synonymous	partial_cds	<20
HLA-H	pseudogene_I	pred	SAS	True	f4_noncoding	clean	<20
HLA-H	pseudogene_I	pred	SAS	True	f4_noncoding	partial_cds	76
HLA-H	pseudogene_I	pred	SAS	True	known	clean	168
HLA-H	pseudogene_I	pred	SAS	True	known	partial_cds	1664
HLA-H	pseudogene_I	pred	UNASSIGNED	False	f2_protein	homopolymer_indel	<20
HLA-H	pseudogene_I	pred	UNASSIGNED	False	known	clean	<20
HLA-H	pseudogene_I	pred	UNASSIGNED	False	known	partial_cds	35
HLA-H	pseudogene_I	pred	UNASSIGNED	True	f2_protein	homopolymer_indel	<20
HLA-H	pseudogene_I	pred	UNASSIGNED	True	known	clean	<20
HLA-H	pseudogene_I	pred	UNASSIGNED	True	known	partial_cds	35
HLA-H	pseudogene_I	strict	AFR	False	f2_protein	clean	<20
HLA-H	pseudogene_I	strict	AFR	False	f2_protein	homopolymer_indel	100
HLA-H	pseudogene_I	strict	AFR	False	f2_protein	partial_cds	42
HLA-H	pseudogene_I	strict	AFR	False	f3_synonymous	clean	<20
HLA-H	pseudogene_I	strict	AFR	False	f4_noncoding	clean	<20
HLA-H	pseudogene_I	strict	AFR	False	f4_noncoding	partial_cds	260
HLA-H	pseudogene_I	strict	AFR	False	known	clean	378
HLA-H	pseudogene_I	strict	AFR	False	known	partial_cds	3221
HLA-H	pseudogene_I	strict	AFR	True	f2_protein	clean	<20
HLA-H	pseudogene_I	strict	AFR	True	f2_protein	homopolymer_indel	98
HLA-H	pseudogene_I	strict	AFR	True	f2_protein	partial_cds	42
HLA-H	pseudogene_I	strict	AFR	True	f3_synonymous	clean	<20
HLA-H	pseudogene_I	strict	AFR	True	f4_noncoding	clean	<20
HLA-H	pseudogene_I	strict	AFR	True	f4_noncoding	partial_cds	254
HLA-H	pseudogene_I	strict	AFR	True	known	clean	365
HLA-H	pseudogene_I	strict	AFR	True	known	partial_cds	3115
HLA-H	pseudogene_I	strict	AMR	False	f2_protein	clean	<20
HLA-H	pseudogene_I	strict	AMR	False	f2_protein	homopolymer_indel	70
HLA-H	pseudogene_I	strict	AMR	False	f2_protein	partial_cds	23
HLA-H	pseudogene_I	strict	AMR	False	f3_synonymous	partial_cds	<20
HLA-H	pseudogene_I	strict	AMR	False	f4_noncoding	clean	<20
HLA-H	pseudogene_I	strict	AMR	False	f4_noncoding	partial_cds	91
HLA-H	pseudogene_I	strict	AMR	False	known	clean	180
HLA-H	pseudogene_I	strict	AMR	False	known	partial_cds	2310
HLA-H	pseudogene_I	strict	AMR	True	f2_protein	clean	<20
HLA-H	pseudogene_I	strict	AMR	True	f2_protein	homopolymer_indel	61
HLA-H	pseudogene_I	strict	AMR	True	f2_protein	partial_cds	21
HLA-H	pseudogene_I	strict	AMR	True	f3_synonymous	partial_cds	<20
HLA-H	pseudogene_I	strict	AMR	True	f4_noncoding	clean	<20
HLA-H	pseudogene_I	strict	AMR	True	f4_noncoding	partial_cds	90
HLA-H	pseudogene_I	strict	AMR	True	known	clean	169
HLA-H	pseudogene_I	strict	AMR	True	known	partial_cds	2177
HLA-H	pseudogene_I	strict	EAS	False	f2_protein	homopolymer_indel	47
HLA-H	pseudogene_I	strict	EAS	False	f2_protein	partial_cds	<20
HLA-H	pseudogene_I	strict	EAS	False	f3_synonymous	partial_cds	<20
HLA-H	pseudogene_I	strict	EAS	False	f4_noncoding	clean	<20
HLA-H	pseudogene_I	strict	EAS	False	f4_noncoding	partial_cds	68
HLA-H	pseudogene_I	strict	EAS	False	known	clean	32
HLA-H	pseudogene_I	strict	EAS	False	known	partial_cds	1770
HLA-H	pseudogene_I	strict	EAS	True	f2_protein	homopolymer_indel	47
HLA-H	pseudogene_I	strict	EAS	True	f2_protein	partial_cds	<20
HLA-H	pseudogene_I	strict	EAS	True	f3_synonymous	partial_cds	<20
HLA-H	pseudogene_I	strict	EAS	True	f4_noncoding	clean	<20
HLA-H	pseudogene_I	strict	EAS	True	f4_noncoding	partial_cds	67
HLA-H	pseudogene_I	strict	EAS	True	known	clean	30
HLA-H	pseudogene_I	strict	EAS	True	known	partial_cds	1727
HLA-H	pseudogene_I	strict	EUR	False	f2_protein	clean	<20
HLA-H	pseudogene_I	strict	EUR	False	f2_protein	homopolymer_indel	55
HLA-H	pseudogene_I	strict	EUR	False	f2_protein	partial_cds	<20
HLA-H	pseudogene_I	strict	EUR	False	f3_synonymous	partial_cds	<20
HLA-H	pseudogene_I	strict	EUR	False	f4_noncoding	clean	<20
HLA-H	pseudogene_I	strict	EUR	False	f4_noncoding	partial_cds	54
HLA-H	pseudogene_I	strict	EUR	False	known	clean	368
HLA-H	pseudogene_I	strict	EUR	False	known	partial_cds	1880
HLA-H	pseudogene_I	strict	EUR	True	f2_protein	clean	<20
HLA-H	pseudogene_I	strict	EUR	True	f2_protein	homopolymer_indel	54
HLA-H	pseudogene_I	strict	EUR	True	f2_protein	partial_cds	<20
HLA-H	pseudogene_I	strict	EUR	True	f3_synonymous	partial_cds	<20
HLA-H	pseudogene_I	strict	EUR	True	f4_noncoding	clean	<20
HLA-H	pseudogene_I	strict	EUR	True	f4_noncoding	partial_cds	51
HLA-H	pseudogene_I	strict	EUR	True	known	clean	352
HLA-H	pseudogene_I	strict	EUR	True	known	partial_cds	1764
HLA-H	pseudogene_I	strict	MID	False	f2_protein	clean	<20
HLA-H	pseudogene_I	strict	MID	False	f2_protein	homopolymer_indel	<20
HLA-H	pseudogene_I	strict	MID	False	f2_protein	partial_cds	<20
HLA-H	pseudogene_I	strict	MID	False	f4_noncoding	clean	<20
HLA-H	pseudogene_I	strict	MID	False	f4_noncoding	partial_cds	<20
HLA-H	pseudogene_I	strict	MID	False	known	clean	50
HLA-H	pseudogene_I	strict	MID	False	known	partial_cds	432
HLA-H	pseudogene_I	strict	MID	True	f2_protein	clean	<20
HLA-H	pseudogene_I	strict	MID	True	f2_protein	homopolymer_indel	<20
HLA-H	pseudogene_I	strict	MID	True	f2_protein	partial_cds	<20
HLA-H	pseudogene_I	strict	MID	True	f4_noncoding	clean	<20
HLA-H	pseudogene_I	strict	MID	True	f4_noncoding	partial_cds	<20
HLA-H	pseudogene_I	strict	MID	True	known	clean	49
HLA-H	pseudogene_I	strict	MID	True	known	partial_cds	424
HLA-H	pseudogene_I	strict	POOLED	False	f2_protein	clean	34
HLA-H	pseudogene_I	strict	POOLED	False	f2_protein	homopolymer_indel	501
HLA-H	pseudogene_I	strict	POOLED	False	f2_protein	partial_cds	170
HLA-H	pseudogene_I	strict	POOLED	False	f3_synonymous	clean	<20
HLA-H	pseudogene_I	strict	POOLED	False	f3_synonymous	partial_cds	20
HLA-H	pseudogene_I	strict	POOLED	False	f4_noncoding	clean	71
HLA-H	pseudogene_I	strict	POOLED	False	f4_noncoding	partial_cds	806
HLA-H	pseudogene_I	strict	POOLED	False	known	clean	1905
HLA-H	pseudogene_I	strict	POOLED	False	known	partial_cds	16569
HLA-H	pseudogene_I	strict	POOLED	True	f2_protein	clean	34
HLA-H	pseudogene_I	strict	POOLED	True	f2_protein	homopolymer_indel	483
HLA-H	pseudogene_I	strict	POOLED	True	f2_protein	partial_cds	168
HLA-H	pseudogene_I	strict	POOLED	True	f3_synonymous	clean	<20
HLA-H	pseudogene_I	strict	POOLED	True	f3_synonymous	partial_cds	<20
HLA-H	pseudogene_I	strict	POOLED	True	f4_noncoding	clean	69
HLA-H	pseudogene_I	strict	POOLED	True	f4_noncoding	partial_cds	791
HLA-H	pseudogene_I	strict	POOLED	True	known	clean	1851
HLA-H	pseudogene_I	strict	POOLED	True	known	partial_cds	16050
HLA-H	pseudogene_I	strict	SAS	False	f2_protein	clean	<20
HLA-H	pseudogene_I	strict	SAS	False	f2_protein	homopolymer_indel	47
HLA-H	pseudogene_I	strict	SAS	False	f2_protein	partial_cds	26
HLA-H	pseudogene_I	strict	SAS	False	f3_synonymous	clean	<20
HLA-H	pseudogene_I	strict	SAS	False	f3_synonymous	partial_cds	<20
HLA-H	pseudogene_I	strict	SAS	False	f4_noncoding	clean	<20
HLA-H	pseudogene_I	strict	SAS	False	f4_noncoding	partial_cds	70
HLA-H	pseudogene_I	strict	SAS	False	known	clean	162
HLA-H	pseudogene_I	strict	SAS	False	known	partial_cds	1572
HLA-H	pseudogene_I	strict	SAS	True	f2_protein	clean	<20
HLA-H	pseudogene_I	strict	SAS	True	f2_protein	homopolymer_indel	46
HLA-H	pseudogene_I	strict	SAS	True	f2_protein	partial_cds	26
HLA-H	pseudogene_I	strict	SAS	True	f3_synonymous	clean	<20
HLA-H	pseudogene_I	strict	SAS	True	f3_synonymous	partial_cds	<20
HLA-H	pseudogene_I	strict	SAS	True	f4_noncoding	clean	<20
HLA-H	pseudogene_I	strict	SAS	True	f4_noncoding	partial_cds	68
HLA-H	pseudogene_I	strict	SAS	True	known	clean	159
HLA-H	pseudogene_I	strict	SAS	True	known	partial_cds	1549
HLA-H	pseudogene_I	strict	UNASSIGNED	False	f2_protein	clean	<20
HLA-H	pseudogene_I	strict	UNASSIGNED	False	f2_protein	homopolymer_indel	174
HLA-H	pseudogene_I	strict	UNASSIGNED	False	f2_protein	partial_cds	46
HLA-H	pseudogene_I	strict	UNASSIGNED	False	f3_synonymous	clean	<20
HLA-H	pseudogene_I	strict	UNASSIGNED	False	f3_synonymous	partial_cds	<20
HLA-H	pseudogene_I	strict	UNASSIGNED	False	f4_noncoding	clean	34
HLA-H	pseudogene_I	strict	UNASSIGNED	False	f4_noncoding	partial_cds	251
HLA-H	pseudogene_I	strict	UNASSIGNED	False	known	clean	735
HLA-H	pseudogene_I	strict	UNASSIGNED	False	known	partial_cds	5384
HLA-H	pseudogene_I	strict	UNASSIGNED	True	f2_protein	clean	<20
HLA-H	pseudogene_I	strict	UNASSIGNED	True	f2_protein	homopolymer_indel	169
HLA-H	pseudogene_I	strict	UNASSIGNED	True	f2_protein	partial_cds	46
HLA-H	pseudogene_I	strict	UNASSIGNED	True	f3_synonymous	clean	<20
HLA-H	pseudogene_I	strict	UNASSIGNED	True	f3_synonymous	partial_cds	<20
HLA-H	pseudogene_I	strict	UNASSIGNED	True	f4_noncoding	clean	34
HLA-H	pseudogene_I	strict	UNASSIGNED	True	f4_noncoding	partial_cds	249
HLA-H	pseudogene_I	strict	UNASSIGNED	True	known	clean	727
HLA-H	pseudogene_I	strict	UNASSIGNED	True	known	partial_cds	5294
HLA-HFE	other	pred	AFR	False	f2_protein	clean	<20
HLA-HFE	other	pred	AFR	False	f2_protein	homopolymer_indel	<20
HLA-HFE	other	pred	AFR	False	f3_synonymous	clean	338
HLA-HFE	other	pred	AFR	False	f4_noncoding	clean	27
HLA-HFE	other	pred	AFR	False	known	clean	26
HLA-HFE	other	pred	AFR	True	f2_protein	clean	<20
HLA-HFE	other	pred	AFR	True	f2_protein	homopolymer_indel	<20
HLA-HFE	other	pred	AFR	True	f3_synonymous	clean	328
HLA-HFE	other	pred	AFR	True	f4_noncoding	clean	25
HLA-HFE	other	pred	AFR	True	known	clean	25
HLA-HFE	other	pred	AMR	False	f2_protein	clean	<20
HLA-HFE	other	pred	AMR	False	f2_protein	homopolymer_indel	<20
HLA-HFE	other	pred	AMR	False	f3_synonymous	clean	655
HLA-HFE	other	pred	AMR	False	f4_noncoding	clean	133
HLA-HFE	other	pred	AMR	False	known	clean	164
HLA-HFE	other	pred	AMR	True	f2_protein	clean	<20
HLA-HFE	other	pred	AMR	True	f2_protein	homopolymer_indel	<20
HLA-HFE	other	pred	AMR	True	f3_synonymous	clean	630
HLA-HFE	other	pred	AMR	True	f4_noncoding	clean	129
HLA-HFE	other	pred	AMR	True	known	clean	160
HLA-HFE	other	pred	EAS	False	f2_protein	clean	<20
HLA-HFE	other	pred	EAS	False	f2_protein	homopolymer_indel	<20
HLA-HFE	other	pred	EAS	False	f3_synonymous	clean	325
HLA-HFE	other	pred	EAS	False	f4_noncoding	clean	<20
HLA-HFE	other	pred	EAS	False	known	clean	32
HLA-HFE	other	pred	EAS	True	f2_protein	clean	<20
HLA-HFE	other	pred	EAS	True	f2_protein	homopolymer_indel	<20
HLA-HFE	other	pred	EAS	True	f3_synonymous	clean	317
HLA-HFE	other	pred	EAS	True	f4_noncoding	clean	<20
HLA-HFE	other	pred	EAS	True	known	clean	30
HLA-HFE	other	pred	EUR	False	f2_protein	clean	<20
HLA-HFE	other	pred	EUR	False	f2_protein	homopolymer_indel	<20
HLA-HFE	other	pred	EUR	False	f2_protein	partial_cds	<20
HLA-HFE	other	pred	EUR	False	f3_synonymous	clean	534
HLA-HFE	other	pred	EUR	False	f4_noncoding	clean	157
HLA-HFE	other	pred	EUR	False	known	clean	127
HLA-HFE	other	pred	EUR	True	f2_protein	clean	<20
HLA-HFE	other	pred	EUR	True	f2_protein	homopolymer_indel	<20
HLA-HFE	other	pred	EUR	True	f2_protein	partial_cds	<20
HLA-HFE	other	pred	EUR	True	f3_synonymous	clean	514
HLA-HFE	other	pred	EUR	True	f4_noncoding	clean	149
HLA-HFE	other	pred	EUR	True	known	clean	123
HLA-HFE	other	pred	MID	False	f2_protein	clean	<20
HLA-HFE	other	pred	MID	False	f2_protein	homopolymer_indel	<20
HLA-HFE	other	pred	MID	False	f3_synonymous	clean	87
HLA-HFE	other	pred	MID	False	f4_noncoding	clean	<20
HLA-HFE	other	pred	MID	False	known	clean	<20
HLA-HFE	other	pred	MID	True	f2_protein	clean	<20
HLA-HFE	other	pred	MID	True	f2_protein	homopolymer_indel	<20
HLA-HFE	other	pred	MID	True	f3_synonymous	clean	87
HLA-HFE	other	pred	MID	True	f4_noncoding	clean	<20
HLA-HFE	other	pred	MID	True	known	clean	<20
HLA-HFE	other	pred	POOLED	False	f2_protein	clean	35
HLA-HFE	other	pred	POOLED	False	f2_protein	homopolymer_indel	<20
HLA-HFE	other	pred	POOLED	False	f2_protein	partial_cds	<20
HLA-HFE	other	pred	POOLED	False	f3_synonymous	clean	2216
HLA-HFE	other	pred	POOLED	False	f4_noncoding	clean	374
HLA-HFE	other	pred	POOLED	False	known	clean	425
HLA-HFE	other	pred	POOLED	True	f2_protein	clean	33
HLA-HFE	other	pred	POOLED	True	f2_protein	homopolymer_indel	<20
HLA-HFE	other	pred	POOLED	True	f2_protein	partial_cds	<20
HLA-HFE	other	pred	POOLED	True	f3_synonymous	clean	2143
HLA-HFE	other	pred	POOLED	True	f4_noncoding	clean	360
HLA-HFE	other	pred	POOLED	True	known	clean	414
HLA-HFE	other	pred	SAS	False	f2_protein	clean	<20
HLA-HFE	other	pred	SAS	False	f2_protein	partial_cds	<20
HLA-HFE	other	pred	SAS	False	f3_synonymous	clean	271
HLA-HFE	other	pred	SAS	False	f4_noncoding	clean	25
HLA-HFE	other	pred	SAS	False	known	clean	62
HLA-HFE	other	pred	SAS	True	f2_protein	clean	<20
HLA-HFE	other	pred	SAS	True	f2_protein	partial_cds	<20
HLA-HFE	other	pred	SAS	True	f3_synonymous	clean	261
HLA-HFE	other	pred	SAS	True	f4_noncoding	clean	25
HLA-HFE	other	pred	SAS	True	known	clean	62
HLA-HFE	other	pred	UNASSIGNED	False	f3_synonymous	clean	<20
HLA-HFE	other	pred	UNASSIGNED	False	f4_noncoding	clean	<20
HLA-HFE	other	pred	UNASSIGNED	True	f3_synonymous	clean	<20
HLA-HFE	other	pred	UNASSIGNED	True	f4_noncoding	clean	<20
HLA-HFE	other	strict	AFR	False	f2_protein	clean	<20
HLA-HFE	other	strict	AFR	False	f2_protein	homopolymer_indel	<20
HLA-HFE	other	strict	AFR	False	f3_synonymous	clean	247
HLA-HFE	other	strict	AFR	False	f4_noncoding	clean	<20
HLA-HFE	other	strict	AFR	False	known	clean	<20
HLA-HFE	other	strict	AFR	True	f2_protein	clean	<20
HLA-HFE	other	strict	AFR	True	f2_protein	homopolymer_indel	<20
HLA-HFE	other	strict	AFR	True	f3_synonymous	clean	238
HLA-HFE	other	strict	AFR	True	f4_noncoding	clean	<20
HLA-HFE	other	strict	AFR	True	known	clean	<20
HLA-HFE	other	strict	AMR	False	f2_protein	clean	<20
HLA-HFE	other	strict	AMR	False	f2_protein	homopolymer_indel	<20
HLA-HFE	other	strict	AMR	False	f3_synonymous	clean	487
HLA-HFE	other	strict	AMR	False	f4_noncoding	clean	82
HLA-HFE	other	strict	AMR	False	known	clean	121
HLA-HFE	other	strict	AMR	True	f2_protein	clean	<20
HLA-HFE	other	strict	AMR	True	f2_protein	homopolymer_indel	<20
HLA-HFE	other	strict	AMR	True	f3_synonymous	clean	467
HLA-HFE	other	strict	AMR	True	f4_noncoding	clean	79
HLA-HFE	other	strict	AMR	True	known	clean	119
HLA-HFE	other	strict	EAS	False	f2_protein	clean	<20
HLA-HFE	other	strict	EAS	False	f2_protein	homopolymer_indel	<20
HLA-HFE	other	strict	EAS	False	f3_synonymous	clean	293
HLA-HFE	other	strict	EAS	False	f4_noncoding	clean	<20
HLA-HFE	other	strict	EAS	False	known	clean	27
HLA-HFE	other	strict	EAS	True	f2_protein	clean	<20
HLA-HFE	other	strict	EAS	True	f2_protein	homopolymer_indel	<20
HLA-HFE	other	strict	EAS	True	f3_synonymous	clean	286
HLA-HFE	other	strict	EAS	True	f4_noncoding	clean	<20
HLA-HFE	other	strict	EAS	True	known	clean	25
HLA-HFE	other	strict	EUR	False	f2_protein	clean	<20
HLA-HFE	other	strict	EUR	False	f2_protein	homopolymer_indel	<20
HLA-HFE	other	strict	EUR	False	f2_protein	partial_cds	<20
HLA-HFE	other	strict	EUR	False	f3_synonymous	clean	216
HLA-HFE	other	strict	EUR	False	f4_noncoding	clean	76
HLA-HFE	other	strict	EUR	False	known	clean	65
HLA-HFE	other	strict	EUR	True	f2_protein	clean	<20
HLA-HFE	other	strict	EUR	True	f2_protein	homopolymer_indel	<20
HLA-HFE	other	strict	EUR	True	f2_protein	partial_cds	<20
HLA-HFE	other	strict	EUR	True	f3_synonymous	clean	202
HLA-HFE	other	strict	EUR	True	f4_noncoding	clean	70
HLA-HFE	other	strict	EUR	True	known	clean	62
HLA-HFE	other	strict	MID	False	f2_protein	homopolymer_indel	<20
HLA-HFE	other	strict	MID	False	f3_synonymous	clean	52
HLA-HFE	other	strict	MID	False	f4_noncoding	clean	<20
HLA-HFE	other	strict	MID	False	known	clean	<20
HLA-HFE	other	strict	MID	True	f2_protein	homopolymer_indel	<20
HLA-HFE	other	strict	MID	True	f3_synonymous	clean	52
HLA-HFE	other	strict	MID	True	f4_noncoding	clean	<20
HLA-HFE	other	strict	MID	True	known	clean	<20
HLA-HFE	other	strict	POOLED	False	f2_protein	clean	35
HLA-HFE	other	strict	POOLED	False	f2_protein	homopolymer_indel	<20
HLA-HFE	other	strict	POOLED	False	f2_protein	partial_cds	<20
HLA-HFE	other	strict	POOLED	False	f3_synonymous	clean	2216
HLA-HFE	other	strict	POOLED	False	f4_noncoding	clean	374
HLA-HFE	other	strict	POOLED	False	known	clean	425
HLA-HFE	other	strict	POOLED	True	f2_protein	clean	33
HLA-HFE	other	strict	POOLED	True	f2_protein	homopolymer_indel	<20
HLA-HFE	other	strict	POOLED	True	f2_protein	partial_cds	<20
HLA-HFE	other	strict	POOLED	True	f3_synonymous	clean	2143
HLA-HFE	other	strict	POOLED	True	f4_noncoding	clean	360
HLA-HFE	other	strict	POOLED	True	known	clean	414
HLA-HFE	other	strict	SAS	False	f2_protein	clean	<20
HLA-HFE	other	strict	SAS	False	f2_protein	partial_cds	<20
HLA-HFE	other	strict	SAS	False	f3_synonymous	clean	247
HLA-HFE	other	strict	SAS	False	f4_noncoding	clean	25
HLA-HFE	other	strict	SAS	False	known	clean	60
HLA-HFE	other	strict	SAS	True	f2_protein	clean	<20
HLA-HFE	other	strict	SAS	True	f2_protein	partial_cds	<20
HLA-HFE	other	strict	SAS	True	f3_synonymous	clean	239
HLA-HFE	other	strict	SAS	True	f4_noncoding	clean	25
HLA-HFE	other	strict	SAS	True	known	clean	60
HLA-HFE	other	strict	UNASSIGNED	False	f2_protein	clean	<20
HLA-HFE	other	strict	UNASSIGNED	False	f2_protein	homopolymer_indel	<20
HLA-HFE	other	strict	UNASSIGNED	False	f2_protein	partial_cds	<20
HLA-HFE	other	strict	UNASSIGNED	False	f3_synonymous	clean	674
HLA-HFE	other	strict	UNASSIGNED	False	f4_noncoding	clean	154
HLA-HFE	other	strict	UNASSIGNED	False	known	clean	132
HLA-HFE	other	strict	UNASSIGNED	True	f2_protein	clean	<20
HLA-HFE	other	strict	UNASSIGNED	True	f2_protein	homopolymer_indel	<20
HLA-HFE	other	strict	UNASSIGNED	True	f2_protein	partial_cds	<20
HLA-HFE	other	strict	UNASSIGNED	True	f3_synonymous	clean	659
HLA-HFE	other	strict	UNASSIGNED	True	f4_noncoding	clean	150
HLA-HFE	other	strict	UNASSIGNED	True	known	clean	128
HLA-J	pseudogene_I	pred	AFR	False	f2_protein	clean	79
HLA-J	pseudogene_I	pred	AFR	False	f2_protein	homopolymer_indel	166
HLA-J	pseudogene_I	pred	AFR	False	f2_protein	partial_cds	42
HLA-J	pseudogene_I	pred	AFR	False	f3_synonymous	clean	38
HLA-J	pseudogene_I	pred	AFR	False	f3_synonymous	partial_cds	<20
HLA-J	pseudogene_I	pred	AFR	False	f4_noncoding	clean	657
HLA-J	pseudogene_I	pred	AFR	False	f4_noncoding	partial_cds	74
HLA-J	pseudogene_I	pred	AFR	False	known	clean	4237
HLA-J	pseudogene_I	pred	AFR	False	known	partial_cds	698
HLA-J	pseudogene_I	pred	AFR	True	f2_protein	clean	77
HLA-J	pseudogene_I	pred	AFR	True	f2_protein	homopolymer_indel	165
HLA-J	pseudogene_I	pred	AFR	True	f2_protein	partial_cds	42
HLA-J	pseudogene_I	pred	AFR	True	f3_synonymous	clean	36
HLA-J	pseudogene_I	pred	AFR	True	f3_synonymous	partial_cds	<20
HLA-J	pseudogene_I	pred	AFR	True	f4_noncoding	clean	635
HLA-J	pseudogene_I	pred	AFR	True	f4_noncoding	partial_cds	71
HLA-J	pseudogene_I	pred	AFR	True	known	clean	4125
HLA-J	pseudogene_I	pred	AFR	True	known	partial_cds	669
HLA-J	pseudogene_I	pred	AMR	False	f2_protein	clean	42
HLA-J	pseudogene_I	pred	AMR	False	f2_protein	homopolymer_indel	154
HLA-J	pseudogene_I	pred	AMR	False	f2_protein	partial_cds	25
HLA-J	pseudogene_I	pred	AMR	False	f3_synonymous	clean	<20
HLA-J	pseudogene_I	pred	AMR	False	f3_synonymous	partial_cds	<20
HLA-J	pseudogene_I	pred	AMR	False	f4_noncoding	clean	320
HLA-J	pseudogene_I	pred	AMR	False	f4_noncoding	partial_cds	49
HLA-J	pseudogene_I	pred	AMR	False	known	clean	3953
HLA-J	pseudogene_I	pred	AMR	False	known	partial_cds	843
HLA-J	pseudogene_I	pred	AMR	True	f2_protein	clean	42
HLA-J	pseudogene_I	pred	AMR	True	f2_protein	homopolymer_indel	150
HLA-J	pseudogene_I	pred	AMR	True	f2_protein	partial_cds	24
HLA-J	pseudogene_I	pred	AMR	True	f3_synonymous	clean	<20
HLA-J	pseudogene_I	pred	AMR	True	f3_synonymous	partial_cds	<20
HLA-J	pseudogene_I	pred	AMR	True	f4_noncoding	clean	304
HLA-J	pseudogene_I	pred	AMR	True	f4_noncoding	partial_cds	46
HLA-J	pseudogene_I	pred	AMR	True	known	clean	3779
HLA-J	pseudogene_I	pred	AMR	True	known	partial_cds	807
HLA-J	pseudogene_I	pred	EAS	False	f2_protein	clean	<20
HLA-J	pseudogene_I	pred	EAS	False	f2_protein	homopolymer_indel	61
HLA-J	pseudogene_I	pred	EAS	False	f2_protein	partial_cds	<20
HLA-J	pseudogene_I	pred	EAS	False	f3_synonymous	clean	<20
HLA-J	pseudogene_I	pred	EAS	False	f4_noncoding	clean	184
HLA-J	pseudogene_I	pred	EAS	False	f4_noncoding	partial_cds	73
HLA-J	pseudogene_I	pred	EAS	False	known	clean	1974
HLA-J	pseudogene_I	pred	EAS	False	known	partial_cds	575
HLA-J	pseudogene_I	pred	EAS	False	uncalled	clean	<20
HLA-J	pseudogene_I	pred	EAS	True	f2_protein	clean	<20
HLA-J	pseudogene_I	pred	EAS	True	f2_protein	homopolymer_indel	61
HLA-J	pseudogene_I	pred	EAS	True	f2_protein	partial_cds	<20
HLA-J	pseudogene_I	pred	EAS	True	f3_synonymous	clean	<20
HLA-J	pseudogene_I	pred	EAS	True	f4_noncoding	clean	182
HLA-J	pseudogene_I	pred	EAS	True	f4_noncoding	partial_cds	72
HLA-J	pseudogene_I	pred	EAS	True	known	clean	1928
HLA-J	pseudogene_I	pred	EAS	True	known	partial_cds	561
HLA-J	pseudogene_I	pred	EAS	True	uncalled	clean	<20
HLA-J	pseudogene_I	pred	EUR	False	f2_protein	clean	67
HLA-J	pseudogene_I	pred	EUR	False	f2_protein	homopolymer_indel	156
HLA-J	pseudogene_I	pred	EUR	False	f2_protein	partial_cds	21
HLA-J	pseudogene_I	pred	EUR	False	f3_synonymous	clean	<20
HLA-J	pseudogene_I	pred	EUR	False	f3_synonymous	partial_cds	<20
HLA-J	pseudogene_I	pred	EUR	False	f4_noncoding	clean	353
HLA-J	pseudogene_I	pred	EUR	False	f4_noncoding	partial_cds	40
HLA-J	pseudogene_I	pred	EUR	False	known	clean	4491
HLA-J	pseudogene_I	pred	EUR	False	known	partial_cds	827
HLA-J	pseudogene_I	pred	EUR	True	f2_protein	clean	66
HLA-J	pseudogene_I	pred	EUR	True	f2_protein	homopolymer_indel	152
HLA-J	pseudogene_I	pred	EUR	True	f2_protein	partial_cds	20
HLA-J	pseudogene_I	pred	EUR	True	f3_synonymous	clean	<20
HLA-J	pseudogene_I	pred	EUR	True	f3_synonymous	partial_cds	<20
HLA-J	pseudogene_I	pred	EUR	True	f4_noncoding	clean	335
HLA-J	pseudogene_I	pred	EUR	True	f4_noncoding	partial_cds	40
HLA-J	pseudogene_I	pred	EUR	True	known	clean	4328
HLA-J	pseudogene_I	pred	EUR	True	known	partial_cds	810
HLA-J	pseudogene_I	pred	MID	False	f2_protein	clean	<20
HLA-J	pseudogene_I	pred	MID	False	f2_protein	homopolymer_indel	<20
HLA-J	pseudogene_I	pred	MID	False	f2_protein	partial_cds	<20
HLA-J	pseudogene_I	pred	MID	False	f3_synonymous	clean	<20
HLA-J	pseudogene_I	pred	MID	False	f4_noncoding	clean	46
HLA-J	pseudogene_I	pred	MID	False	f4_noncoding	partial_cds	<20
HLA-J	pseudogene_I	pred	MID	False	known	clean	766
HLA-J	pseudogene_I	pred	MID	False	known	partial_cds	112
HLA-J	pseudogene_I	pred	MID	True	f2_protein	clean	<20
HLA-J	pseudogene_I	pred	MID	True	f2_protein	homopolymer_indel	<20
HLA-J	pseudogene_I	pred	MID	True	f2_protein	partial_cds	<20
HLA-J	pseudogene_I	pred	MID	True	f3_synonymous	clean	<20
HLA-J	pseudogene_I	pred	MID	True	f4_noncoding	clean	46
HLA-J	pseudogene_I	pred	MID	True	f4_noncoding	partial_cds	<20
HLA-J	pseudogene_I	pred	MID	True	known	clean	755
HLA-J	pseudogene_I	pred	MID	True	known	partial_cds	107
HLA-J	pseudogene_I	pred	POOLED	False	f2_protein	clean	229
HLA-J	pseudogene_I	pred	POOLED	False	f2_protein	homopolymer_indel	607
HLA-J	pseudogene_I	pred	POOLED	False	f2_protein	partial_cds	109
HLA-J	pseudogene_I	pred	POOLED	False	f3_synonymous	clean	60
HLA-J	pseudogene_I	pred	POOLED	False	f3_synonymous	partial_cds	<20
HLA-J	pseudogene_I	pred	POOLED	False	f4_noncoding	clean	1673
HLA-J	pseudogene_I	pred	POOLED	False	f4_noncoding	partial_cds	259
HLA-J	pseudogene_I	pred	POOLED	False	known	clean	17304
HLA-J	pseudogene_I	pred	POOLED	False	known	partial_cds	3463
HLA-J	pseudogene_I	pred	POOLED	False	uncalled	clean	<20
HLA-J	pseudogene_I	pred	POOLED	True	f2_protein	clean	225
HLA-J	pseudogene_I	pred	POOLED	True	f2_protein	homopolymer_indel	595
HLA-J	pseudogene_I	pred	POOLED	True	f2_protein	partial_cds	107
HLA-J	pseudogene_I	pred	POOLED	True	f3_synonymous	clean	58
HLA-J	pseudogene_I	pred	POOLED	True	f3_synonymous	partial_cds	<20
HLA-J	pseudogene_I	pred	POOLED	True	f4_noncoding	clean	1615
HLA-J	pseudogene_I	pred	POOLED	True	f4_noncoding	partial_cds	252
HLA-J	pseudogene_I	pred	POOLED	True	known	clean	16766
HLA-J	pseudogene_I	pred	POOLED	True	known	partial_cds	3354
HLA-J	pseudogene_I	pred	POOLED	True	uncalled	clean	<20
HLA-J	pseudogene_I	pred	SAS	False	f2_protein	clean	<20
HLA-J	pseudogene_I	pred	SAS	False	f2_protein	homopolymer_indel	55
HLA-J	pseudogene_I	pred	SAS	False	f2_protein	partial_cds	<20
HLA-J	pseudogene_I	pred	SAS	False	f3_synonymous	clean	<20
HLA-J	pseudogene_I	pred	SAS	False	f4_noncoding	clean	112
HLA-J	pseudogene_I	pred	SAS	False	f4_noncoding	partial_cds	<20
HLA-J	pseudogene_I	pred	SAS	False	known	clean	1849
HLA-J	pseudogene_I	pred	SAS	False	known	partial_cds	400
HLA-J	pseudogene_I	pred	SAS	True	f2_protein	clean	<20
HLA-J	pseudogene_I	pred	SAS	True	f2_protein	homopolymer_indel	52
HLA-J	pseudogene_I	pred	SAS	True	f2_protein	partial_cds	<20
HLA-J	pseudogene_I	pred	SAS	True	f3_synonymous	clean	<20
HLA-J	pseudogene_I	pred	SAS	True	f4_noncoding	clean	112
HLA-J	pseudogene_I	pred	SAS	True	f4_noncoding	partial_cds	<20
HLA-J	pseudogene_I	pred	SAS	True	known	clean	1817
HLA-J	pseudogene_I	pred	SAS	True	known	partial_cds	392
HLA-J	pseudogene_I	pred	UNASSIGNED	False	f2_protein	homopolymer_indel	<20
HLA-J	pseudogene_I	pred	UNASSIGNED	False	f4_noncoding	clean	<20
HLA-J	pseudogene_I	pred	UNASSIGNED	False	f4_noncoding	partial_cds	<20
HLA-J	pseudogene_I	pred	UNASSIGNED	False	known	clean	34
HLA-J	pseudogene_I	pred	UNASSIGNED	False	known	partial_cds	<20
HLA-J	pseudogene_I	pred	UNASSIGNED	True	f2_protein	homopolymer_indel	<20
HLA-J	pseudogene_I	pred	UNASSIGNED	True	f4_noncoding	clean	<20
HLA-J	pseudogene_I	pred	UNASSIGNED	True	f4_noncoding	partial_cds	<20
HLA-J	pseudogene_I	pred	UNASSIGNED	True	known	clean	34
HLA-J	pseudogene_I	pred	UNASSIGNED	True	known	partial_cds	<20
HLA-J	pseudogene_I	strict	AFR	False	f2_protein	clean	66
HLA-J	pseudogene_I	strict	AFR	False	f2_protein	homopolymer_indel	120
HLA-J	pseudogene_I	strict	AFR	False	f2_protein	partial_cds	35
HLA-J	pseudogene_I	strict	AFR	False	f3_synonymous	clean	33
HLA-J	pseudogene_I	strict	AFR	False	f3_synonymous	partial_cds	<20
HLA-J	pseudogene_I	strict	AFR	False	f4_noncoding	clean	529
HLA-J	pseudogene_I	strict	AFR	False	f4_noncoding	partial_cds	57
HLA-J	pseudogene_I	strict	AFR	False	known	clean	3234
HLA-J	pseudogene_I	strict	AFR	False	known	partial_cds	555
HLA-J	pseudogene_I	strict	AFR	True	f2_protein	clean	64
HLA-J	pseudogene_I	strict	AFR	True	f2_protein	homopolymer_indel	119
HLA-J	pseudogene_I	strict	AFR	True	f2_protein	partial_cds	35
HLA-J	pseudogene_I	strict	AFR	True	f3_synonymous	clean	32
HLA-J	pseudogene_I	strict	AFR	True	f3_synonymous	partial_cds	<20
HLA-J	pseudogene_I	strict	AFR	True	f4_noncoding	clean	510
HLA-J	pseudogene_I	strict	AFR	True	f4_noncoding	partial_cds	54
HLA-J	pseudogene_I	strict	AFR	True	known	clean	3133
HLA-J	pseudogene_I	strict	AFR	True	known	partial_cds	531
HLA-J	pseudogene_I	strict	AMR	False	f2_protein	clean	20
HLA-J	pseudogene_I	strict	AMR	False	f2_protein	homopolymer_indel	82
HLA-J	pseudogene_I	strict	AMR	False	f2_protein	partial_cds	<20
HLA-J	pseudogene_I	strict	AMR	False	f3_synonymous	clean	<20
HLA-J	pseudogene_I	strict	AMR	False	f3_synonymous	partial_cds	<20
HLA-J	pseudogene_I	strict	AMR	False	f4_noncoding	clean	172
HLA-J	pseudogene_I	strict	AMR	False	f4_noncoding	partial_cds	31
HLA-J	pseudogene_I	strict	AMR	False	known	clean	2404
HLA-J	pseudogene_I	strict	AMR	False	known	partial_cds	543
HLA-J	pseudogene_I	strict	AMR	True	f2_protein	clean	20
HLA-J	pseudogene_I	strict	AMR	True	f2_protein	homopolymer_indel	79
HLA-J	pseudogene_I	strict	AMR	True	f2_protein	partial_cds	<20
HLA-J	pseudogene_I	strict	AMR	True	f3_synonymous	clean	<20
HLA-J	pseudogene_I	strict	AMR	True	f3_synonymous	partial_cds	<20
HLA-J	pseudogene_I	strict	AMR	True	f4_noncoding	clean	165
HLA-J	pseudogene_I	strict	AMR	True	f4_noncoding	partial_cds	29
HLA-J	pseudogene_I	strict	AMR	True	known	clean	2263
HLA-J	pseudogene_I	strict	AMR	True	known	partial_cds	511
HLA-J	pseudogene_I	strict	EAS	False	f2_protein	clean	<20
HLA-J	pseudogene_I	strict	EAS	False	f2_protein	homopolymer_indel	53
HLA-J	pseudogene_I	strict	EAS	False	f2_protein	partial_cds	<20
HLA-J	pseudogene_I	strict	EAS	False	f3_synonymous	clean	<20
HLA-J	pseudogene_I	strict	EAS	False	f4_noncoding	clean	172
HLA-J	pseudogene_I	strict	EAS	False	f4_noncoding	partial_cds	65
HLA-J	pseudogene_I	strict	EAS	False	known	clean	1699
HLA-J	pseudogene_I	strict	EAS	False	known	partial_cds	518
HLA-J	pseudogene_I	strict	EAS	False	uncalled	clean	<20
HLA-J	pseudogene_I	strict	EAS	True	f2_protein	clean	<20
HLA-J	pseudogene_I	strict	EAS	True	f2_protein	homopolymer_indel	53
HLA-J	pseudogene_I	strict	EAS	True	f2_protein	partial_cds	<20
HLA-J	pseudogene_I	strict	EAS	True	f3_synonymous	clean	<20
HLA-J	pseudogene_I	strict	EAS	True	f4_noncoding	clean	170
HLA-J	pseudogene_I	strict	EAS	True	f4_noncoding	partial_cds	64
HLA-J	pseudogene_I	strict	EAS	True	known	clean	1655
HLA-J	pseudogene_I	strict	EAS	True	known	partial_cds	504
HLA-J	pseudogene_I	strict	EAS	True	uncalled	clean	<20
HLA-J	pseudogene_I	strict	EUR	False	f2_protein	clean	29
HLA-J	pseudogene_I	strict	EUR	False	f2_protein	homopolymer_indel	74
HLA-J	pseudogene_I	strict	EUR	False	f2_protein	partial_cds	<20
HLA-J	pseudogene_I	strict	EUR	False	f3_synonymous	clean	<20
HLA-J	pseudogene_I	strict	EUR	False	f3_synonymous	partial_cds	<20
HLA-J	pseudogene_I	strict	EUR	False	f4_noncoding	clean	170
HLA-J	pseudogene_I	strict	EUR	False	f4_noncoding	partial_cds	<20
HLA-J	pseudogene_I	strict	EUR	False	known	clean	2121
HLA-J	pseudogene_I	strict	EUR	False	known	partial_cds	232
HLA-J	pseudogene_I	strict	EUR	True	f2_protein	clean	29
HLA-J	pseudogene_I	strict	EUR	True	f2_protein	homopolymer_indel	70
HLA-J	pseudogene_I	strict	EUR	True	f2_protein	partial_cds	<20
HLA-J	pseudogene_I	strict	EUR	True	f3_synonymous	clean	<20
HLA-J	pseudogene_I	strict	EUR	True	f3_synonymous	partial_cds	<20
HLA-J	pseudogene_I	strict	EUR	True	f4_noncoding	clean	156
HLA-J	pseudogene_I	strict	EUR	True	f4_noncoding	partial_cds	<20
HLA-J	pseudogene_I	strict	EUR	True	known	clean	1989
HLA-J	pseudogene_I	strict	EUR	True	known	partial_cds	218
HLA-J	pseudogene_I	strict	MID	False	f2_protein	clean	<20
HLA-J	pseudogene_I	strict	MID	False	f2_protein	homopolymer_indel	<20
HLA-J	pseudogene_I	strict	MID	False	f2_protein	partial_cds	<20
HLA-J	pseudogene_I	strict	MID	False	f3_synonymous	clean	<20
HLA-J	pseudogene_I	strict	MID	False	f4_noncoding	clean	30
HLA-J	pseudogene_I	strict	MID	False	f4_noncoding	partial_cds	<20
HLA-J	pseudogene_I	strict	MID	False	known	clean	480
HLA-J	pseudogene_I	strict	MID	False	known	partial_cds	71
HLA-J	pseudogene_I	strict	MID	True	f2_protein	clean	<20
HLA-J	pseudogene_I	strict	MID	True	f2_protein	homopolymer_indel	<20
HLA-J	pseudogene_I	strict	MID	True	f2_protein	partial_cds	<20
HLA-J	pseudogene_I	strict	MID	True	f3_synonymous	clean	<20
HLA-J	pseudogene_I	strict	MID	True	f4_noncoding	clean	30
HLA-J	pseudogene_I	strict	MID	True	f4_noncoding	partial_cds	<20
HLA-J	pseudogene_I	strict	MID	True	known	clean	471
HLA-J	pseudogene_I	strict	MID	True	known	partial_cds	68
HLA-J	pseudogene_I	strict	POOLED	False	f2_protein	clean	229
HLA-J	pseudogene_I	strict	POOLED	False	f2_protein	homopolymer_indel	607
HLA-J	pseudogene_I	strict	POOLED	False	f2_protein	partial_cds	109
HLA-J	pseudogene_I	strict	POOLED	False	f3_synonymous	clean	60
HLA-J	pseudogene_I	strict	POOLED	False	f3_synonymous	partial_cds	<20
HLA-J	pseudogene_I	strict	POOLED	False	f4_noncoding	clean	1673
HLA-J	pseudogene_I	strict	POOLED	False	f4_noncoding	partial_cds	259
HLA-J	pseudogene_I	strict	POOLED	False	known	clean	17304
HLA-J	pseudogene_I	strict	POOLED	False	known	partial_cds	3463
HLA-J	pseudogene_I	strict	POOLED	False	uncalled	clean	<20
HLA-J	pseudogene_I	strict	POOLED	True	f2_protein	clean	225
HLA-J	pseudogene_I	strict	POOLED	True	f2_protein	homopolymer_indel	595
HLA-J	pseudogene_I	strict	POOLED	True	f2_protein	partial_cds	107
HLA-J	pseudogene_I	strict	POOLED	True	f3_synonymous	clean	58
HLA-J	pseudogene_I	strict	POOLED	True	f3_synonymous	partial_cds	<20
HLA-J	pseudogene_I	strict	POOLED	True	f4_noncoding	clean	1615
HLA-J	pseudogene_I	strict	POOLED	True	f4_noncoding	partial_cds	252
HLA-J	pseudogene_I	strict	POOLED	True	known	clean	16766
HLA-J	pseudogene_I	strict	POOLED	True	known	partial_cds	3354
HLA-J	pseudogene_I	strict	POOLED	True	uncalled	clean	<20
HLA-J	pseudogene_I	strict	SAS	False	f2_protein	clean	<20
HLA-J	pseudogene_I	strict	SAS	False	f2_protein	homopolymer_indel	52
HLA-J	pseudogene_I	strict	SAS	False	f2_protein	partial_cds	<20
HLA-J	pseudogene_I	strict	SAS	False	f3_synonymous	clean	<20
HLA-J	pseudogene_I	strict	SAS	False	f4_noncoding	clean	103
HLA-J	pseudogene_I	strict	SAS	False	f4_noncoding	partial_cds	<20
HLA-J	pseudogene_I	strict	SAS	False	known	clean	1721
HLA-J	pseudogene_I	strict	SAS	False	known	partial_cds	370
HLA-J	pseudogene_I	strict	SAS	True	f2_protein	clean	<20
HLA-J	pseudogene_I	strict	SAS	True	f2_protein	homopolymer_indel	49
HLA-J	pseudogene_I	strict	SAS	True	f2_protein	partial_cds	<20
HLA-J	pseudogene_I	strict	SAS	True	f3_synonymous	clean	<20
HLA-J	pseudogene_I	strict	SAS	True	f4_noncoding	clean	103
HLA-J	pseudogene_I	strict	SAS	True	f4_noncoding	partial_cds	<20
HLA-J	pseudogene_I	strict	SAS	True	known	clean	1695
HLA-J	pseudogene_I	strict	SAS	True	known	partial_cds	364
HLA-J	pseudogene_I	strict	UNASSIGNED	False	f2_protein	clean	84
HLA-J	pseudogene_I	strict	UNASSIGNED	False	f2_protein	homopolymer_indel	217
HLA-J	pseudogene_I	strict	UNASSIGNED	False	f2_protein	partial_cds	35
HLA-J	pseudogene_I	strict	UNASSIGNED	False	f3_synonymous	clean	<20
HLA-J	pseudogene_I	strict	UNASSIGNED	False	f3_synonymous	partial_cds	<20
HLA-J	pseudogene_I	strict	UNASSIGNED	False	f4_noncoding	clean	497
HLA-J	pseudogene_I	strict	UNASSIGNED	False	f4_noncoding	partial_cds	71
HLA-J	pseudogene_I	strict	UNASSIGNED	False	known	clean	5645
HLA-J	pseudogene_I	strict	UNASSIGNED	False	known	partial_cds	1174
HLA-J	pseudogene_I	strict	UNASSIGNED	True	f2_protein	clean	83
HLA-J	pseudogene_I	strict	UNASSIGNED	True	f2_protein	homopolymer_indel	216
HLA-J	pseudogene_I	strict	UNASSIGNED	True	f2_protein	partial_cds	34
HLA-J	pseudogene_I	strict	UNASSIGNED	True	f3_synonymous	clean	<20
HLA-J	pseudogene_I	strict	UNASSIGNED	True	f3_synonymous	partial_cds	<20
HLA-J	pseudogene_I	strict	UNASSIGNED	True	f4_noncoding	clean	481
HLA-J	pseudogene_I	strict	UNASSIGNED	True	f4_noncoding	partial_cds	70
HLA-J	pseudogene_I	strict	UNASSIGNED	True	known	clean	5560
HLA-J	pseudogene_I	strict	UNASSIGNED	True	known	partial_cds	1158
HLA-K	pseudogene_I	pred	AFR	False	f2_protein	clean	1428
HLA-K	pseudogene_I	pred	AFR	False	f2_protein	homopolymer_indel	100
HLA-K	pseudogene_I	pred	AFR	False	f2_protein	partial_cds	1252
HLA-K	pseudogene_I	pred	AFR	False	f3_synonymous	clean	<20
HLA-K	pseudogene_I	pred	AFR	False	f3_synonymous	partial_cds	124
HLA-K	pseudogene_I	pred	AFR	False	f4_noncoding	clean	23
HLA-K	pseudogene_I	pred	AFR	False	f4_noncoding	partial_cds	181
HLA-K	pseudogene_I	pred	AFR	False	known	clean	479
HLA-K	pseudogene_I	pred	AFR	False	known	partial_cds	1583
HLA-K	pseudogene_I	pred	AFR	True	f2_protein	clean	1388
HLA-K	pseudogene_I	pred	AFR	True	f2_protein	homopolymer_indel	96
HLA-K	pseudogene_I	pred	AFR	True	f2_protein	partial_cds	1222
HLA-K	pseudogene_I	pred	AFR	True	f3_synonymous	clean	<20
HLA-K	pseudogene_I	pred	AFR	True	f3_synonymous	partial_cds	121
HLA-K	pseudogene_I	pred	AFR	True	f4_noncoding	clean	23
HLA-K	pseudogene_I	pred	AFR	True	f4_noncoding	partial_cds	175
HLA-K	pseudogene_I	pred	AFR	True	known	clean	465
HLA-K	pseudogene_I	pred	AFR	True	known	partial_cds	1538
HLA-K	pseudogene_I	pred	AMR	False	f2_protein	clean	772
HLA-K	pseudogene_I	pred	AMR	False	f2_protein	homopolymer_indel	121
HLA-K	pseudogene_I	pred	AMR	False	f2_protein	partial_cds	767
HLA-K	pseudogene_I	pred	AMR	False	f3_synonymous	clean	26
HLA-K	pseudogene_I	pred	AMR	False	f3_synonymous	partial_cds	56
HLA-K	pseudogene_I	pred	AMR	False	f4_noncoding	clean	26
HLA-K	pseudogene_I	pred	AMR	False	f4_noncoding	partial_cds	247
HLA-K	pseudogene_I	pred	AMR	False	known	clean	331
HLA-K	pseudogene_I	pred	AMR	False	known	partial_cds	2169
HLA-K	pseudogene_I	pred	AMR	True	f2_protein	clean	730
HLA-K	pseudogene_I	pred	AMR	True	f2_protein	homopolymer_indel	115
HLA-K	pseudogene_I	pred	AMR	True	f2_protein	partial_cds	735
HLA-K	pseudogene_I	pred	AMR	True	f3_synonymous	clean	25
HLA-K	pseudogene_I	pred	AMR	True	f3_synonymous	partial_cds	55
HLA-K	pseudogene_I	pred	AMR	True	f4_noncoding	clean	26
HLA-K	pseudogene_I	pred	AMR	True	f4_noncoding	partial_cds	234
HLA-K	pseudogene_I	pred	AMR	True	known	clean	318
HLA-K	pseudogene_I	pred	AMR	True	known	partial_cds	2077
HLA-K	pseudogene_I	pred	EAS	False	f2_protein	clean	108
HLA-K	pseudogene_I	pred	EAS	False	f2_protein	homopolymer_indel	225
HLA-K	pseudogene_I	pred	EAS	False	f2_protein	partial_cds	819
HLA-K	pseudogene_I	pred	EAS	False	f3_synonymous	clean	<20
HLA-K	pseudogene_I	pred	EAS	False	f3_synonymous	partial_cds	<20
HLA-K	pseudogene_I	pred	EAS	False	f4_noncoding	clean	<20
HLA-K	pseudogene_I	pred	EAS	False	f4_noncoding	partial_cds	56
HLA-K	pseudogene_I	pred	EAS	False	known	clean	63
HLA-K	pseudogene_I	pred	EAS	False	known	partial_cds	916
HLA-K	pseudogene_I	pred	EAS	True	f2_protein	clean	106
HLA-K	pseudogene_I	pred	EAS	True	f2_protein	homopolymer_indel	223
HLA-K	pseudogene_I	pred	EAS	True	f2_protein	partial_cds	800
HLA-K	pseudogene_I	pred	EAS	True	f3_synonymous	clean	<20
HLA-K	pseudogene_I	pred	EAS	True	f3_synonymous	partial_cds	<20
HLA-K	pseudogene_I	pred	EAS	True	f4_noncoding	clean	<20
HLA-K	pseudogene_I	pred	EAS	True	f4_noncoding	partial_cds	54
HLA-K	pseudogene_I	pred	EAS	True	known	clean	60
HLA-K	pseudogene_I	pred	EAS	True	known	partial_cds	896
HLA-K	pseudogene_I	pred	EUR	False	f2_protein	clean	464
HLA-K	pseudogene_I	pred	EUR	False	f2_protein	homopolymer_indel	161
HLA-K	pseudogene_I	pred	EUR	False	f2_protein	partial_cds	768
HLA-K	pseudogene_I	pred	EUR	False	f3_synonymous	clean	59
HLA-K	pseudogene_I	pred	EUR	False	f3_synonymous	partial_cds	117
HLA-K	pseudogene_I	pred	EUR	False	f4_noncoding	clean	36
HLA-K	pseudogene_I	pred	EUR	False	f4_noncoding	partial_cds	240
HLA-K	pseudogene_I	pred	EUR	False	known	clean	619
HLA-K	pseudogene_I	pred	EUR	False	known	partial_cds	2715
HLA-K	pseudogene_I	pred	EUR	True	f2_protein	clean	454
HLA-K	pseudogene_I	pred	EUR	True	f2_protein	homopolymer_indel	152
HLA-K	pseudogene_I	pred	EUR	True	f2_protein	partial_cds	742
HLA-K	pseudogene_I	pred	EUR	True	f3_synonymous	clean	58
HLA-K	pseudogene_I	pred	EUR	True	f3_synonymous	partial_cds	116
HLA-K	pseudogene_I	pred	EUR	True	f4_noncoding	clean	35
HLA-K	pseudogene_I	pred	EUR	True	f4_noncoding	partial_cds	233
HLA-K	pseudogene_I	pred	EUR	True	known	clean	603
HLA-K	pseudogene_I	pred	EUR	True	known	partial_cds	2613
HLA-K	pseudogene_I	pred	MID	False	f2_protein	clean	163
HLA-K	pseudogene_I	pred	MID	False	f2_protein	homopolymer_indel	<20
HLA-K	pseudogene_I	pred	MID	False	f2_protein	partial_cds	166
HLA-K	pseudogene_I	pred	MID	False	f3_synonymous	clean	<20
HLA-K	pseudogene_I	pred	MID	False	f3_synonymous	partial_cds	20
HLA-K	pseudogene_I	pred	MID	False	f4_noncoding	clean	<20
HLA-K	pseudogene_I	pred	MID	False	f4_noncoding	partial_cds	32
HLA-K	pseudogene_I	pred	MID	False	known	clean	72
HLA-K	pseudogene_I	pred	MID	False	known	partial_cds	323
HLA-K	pseudogene_I	pred	MID	True	f2_protein	clean	161
HLA-K	pseudogene_I	pred	MID	True	f2_protein	homopolymer_indel	<20
HLA-K	pseudogene_I	pred	MID	True	f2_protein	partial_cds	163
HLA-K	pseudogene_I	pred	MID	True	f3_synonymous	clean	<20
HLA-K	pseudogene_I	pred	MID	True	f3_synonymous	partial_cds	20
HLA-K	pseudogene_I	pred	MID	True	f4_noncoding	clean	<20
HLA-K	pseudogene_I	pred	MID	True	f4_noncoding	partial_cds	30
HLA-K	pseudogene_I	pred	MID	True	known	clean	72
HLA-K	pseudogene_I	pred	MID	True	known	partial_cds	320
HLA-K	pseudogene_I	pred	POOLED	False	f2_protein	clean	3152
HLA-K	pseudogene_I	pred	POOLED	False	f2_protein	homopolymer_indel	656
HLA-K	pseudogene_I	pred	POOLED	False	f2_protein	partial_cds	4163
HLA-K	pseudogene_I	pred	POOLED	False	f3_synonymous	clean	104
HLA-K	pseudogene_I	pred	POOLED	False	f3_synonymous	partial_cds	380
HLA-K	pseudogene_I	pred	POOLED	False	f4_noncoding	clean	102
HLA-K	pseudogene_I	pred	POOLED	False	f4_noncoding	partial_cds	839
HLA-K	pseudogene_I	pred	POOLED	False	known	clean	1741
HLA-K	pseudogene_I	pred	POOLED	False	known	partial_cds	8796
HLA-K	pseudogene_I	pred	POOLED	False	uncalled	partial_cds	<20
HLA-K	pseudogene_I	pred	POOLED	True	f2_protein	clean	3051
HLA-K	pseudogene_I	pred	POOLED	True	f2_protein	homopolymer_indel	635
HLA-K	pseudogene_I	pred	POOLED	True	f2_protein	partial_cds	4049
HLA-K	pseudogene_I	pred	POOLED	True	f3_synonymous	clean	102
HLA-K	pseudogene_I	pred	POOLED	True	f3_synonymous	partial_cds	372
HLA-K	pseudogene_I	pred	POOLED	True	f4_noncoding	clean	100
HLA-K	pseudogene_I	pred	POOLED	True	f4_noncoding	partial_cds	808
HLA-K	pseudogene_I	pred	POOLED	True	known	clean	1691
HLA-K	pseudogene_I	pred	POOLED	True	known	partial_cds	8512
HLA-K	pseudogene_I	pred	POOLED	True	uncalled	partial_cds	<20
HLA-K	pseudogene_I	pred	SAS	False	f2_protein	clean	213
HLA-K	pseudogene_I	pred	SAS	False	f2_protein	homopolymer_indel	38
HLA-K	pseudogene_I	pred	SAS	False	f2_protein	partial_cds	382
HLA-K	pseudogene_I	pred	SAS	False	f3_synonymous	clean	<20
HLA-K	pseudogene_I	pred	SAS	False	f3_synonymous	partial_cds	50
HLA-K	pseudogene_I	pred	SAS	False	f4_noncoding	clean	<20
HLA-K	pseudogene_I	pred	SAS	False	f4_noncoding	partial_cds	82
HLA-K	pseudogene_I	pred	SAS	False	known	clean	176
HLA-K	pseudogene_I	pred	SAS	False	known	partial_cds	1071
HLA-K	pseudogene_I	pred	SAS	False	uncalled	partial_cds	<20
HLA-K	pseudogene_I	pred	SAS	True	f2_protein	clean	208
HLA-K	pseudogene_I	pred	SAS	True	f2_protein	homopolymer_indel	38
HLA-K	pseudogene_I	pred	SAS	True	f2_protein	partial_cds	378
HLA-K	pseudogene_I	pred	SAS	True	f3_synonymous	clean	<20
HLA-K	pseudogene_I	pred	SAS	True	f3_synonymous	partial_cds	47
HLA-K	pseudogene_I	pred	SAS	True	f4_noncoding	clean	<20
HLA-K	pseudogene_I	pred	SAS	True	f4_noncoding	partial_cds	81
HLA-K	pseudogene_I	pred	SAS	True	known	clean	172
HLA-K	pseudogene_I	pred	SAS	True	known	partial_cds	1049
HLA-K	pseudogene_I	pred	SAS	True	uncalled	partial_cds	<20
HLA-K	pseudogene_I	pred	UNASSIGNED	False	f2_protein	clean	<20
HLA-K	pseudogene_I	pred	UNASSIGNED	False	f2_protein	homopolymer_indel	<20
HLA-K	pseudogene_I	pred	UNASSIGNED	False	f2_protein	partial_cds	<20
HLA-K	pseudogene_I	pred	UNASSIGNED	False	f3_synonymous	partial_cds	<20
HLA-K	pseudogene_I	pred	UNASSIGNED	False	f4_noncoding	clean	<20
HLA-K	pseudogene_I	pred	UNASSIGNED	False	f4_noncoding	partial_cds	<20
HLA-K	pseudogene_I	pred	UNASSIGNED	False	known	clean	<20
HLA-K	pseudogene_I	pred	UNASSIGNED	False	known	partial_cds	<20
HLA-K	pseudogene_I	pred	UNASSIGNED	True	f2_protein	clean	<20
HLA-K	pseudogene_I	pred	UNASSIGNED	True	f2_protein	homopolymer_indel	<20
HLA-K	pseudogene_I	pred	UNASSIGNED	True	f2_protein	partial_cds	<20
HLA-K	pseudogene_I	pred	UNASSIGNED	True	f3_synonymous	partial_cds	<20
HLA-K	pseudogene_I	pred	UNASSIGNED	True	f4_noncoding	clean	<20
HLA-K	pseudogene_I	pred	UNASSIGNED	True	f4_noncoding	partial_cds	<20
HLA-K	pseudogene_I	pred	UNASSIGNED	True	known	clean	<20
HLA-K	pseudogene_I	pred	UNASSIGNED	True	known	partial_cds	<20
HLA-K	pseudogene_I	strict	AFR	False	f2_protein	clean	1154
HLA-K	pseudogene_I	strict	AFR	False	f2_protein	homopolymer_indel	77
HLA-K	pseudogene_I	strict	AFR	False	f2_protein	partial_cds	984
HLA-K	pseudogene_I	strict	AFR	False	f3_synonymous	clean	<20
HLA-K	pseudogene_I	strict	AFR	False	f3_synonymous	partial_cds	103
HLA-K	pseudogene_I	strict	AFR	False	f4_noncoding	clean	<20
HLA-K	pseudogene_I	strict	AFR	False	f4_noncoding	partial_cds	141
HLA-K	pseudogene_I	strict	AFR	False	known	clean	358
HLA-K	pseudogene_I	strict	AFR	False	known	partial_cds	1153
HLA-K	pseudogene_I	strict	AFR	True	f2_protein	clean	1118
HLA-K	pseudogene_I	strict	AFR	True	f2_protein	homopolymer_indel	74
HLA-K	pseudogene_I	strict	AFR	True	f2_protein	partial_cds	957
HLA-K	pseudogene_I	strict	AFR	True	f3_synonymous	clean	<20
HLA-K	pseudogene_I	strict	AFR	True	f3_synonymous	partial_cds	100
HLA-K	pseudogene_I	strict	AFR	True	f4_noncoding	clean	<20
HLA-K	pseudogene_I	strict	AFR	True	f4_noncoding	partial_cds	135
HLA-K	pseudogene_I	strict	AFR	True	known	clean	345
HLA-K	pseudogene_I	strict	AFR	True	known	partial_cds	1116
HLA-K	pseudogene_I	strict	AMR	False	f2_protein	clean	473
HLA-K	pseudogene_I	strict	AMR	False	f2_protein	homopolymer_indel	61
HLA-K	pseudogene_I	strict	AMR	False	f2_protein	partial_cds	427
HLA-K	pseudogene_I	strict	AMR	False	f3_synonymous	clean	<20
HLA-K	pseudogene_I	strict	AMR	False	f3_synonymous	partial_cds	28
HLA-K	pseudogene_I	strict	AMR	False	f4_noncoding	clean	<20
HLA-K	pseudogene_I	strict	AMR	False	f4_noncoding	partial_cds	151
HLA-K	pseudogene_I	strict	AMR	False	known	clean	152
HLA-K	pseudogene_I	strict	AMR	False	known	partial_cds	1360
HLA-K	pseudogene_I	strict	AMR	True	f2_protein	clean	440
HLA-K	pseudogene_I	strict	AMR	True	f2_protein	homopolymer_indel	58
HLA-K	pseudogene_I	strict	AMR	True	f2_protein	partial_cds	402
HLA-K	pseudogene_I	strict	AMR	True	f3_synonymous	clean	<20
HLA-K	pseudogene_I	strict	AMR	True	f3_synonymous	partial_cds	27
HLA-K	pseudogene_I	strict	AMR	True	f4_noncoding	clean	<20
HLA-K	pseudogene_I	strict	AMR	True	f4_noncoding	partial_cds	139
HLA-K	pseudogene_I	strict	AMR	True	known	clean	142
HLA-K	pseudogene_I	strict	AMR	True	known	partial_cds	1289
HLA-K	pseudogene_I	strict	EAS	False	f2_protein	clean	92
HLA-K	pseudogene_I	strict	EAS	False	f2_protein	homopolymer_indel	213
HLA-K	pseudogene_I	strict	EAS	False	f2_protein	partial_cds	739
HLA-K	pseudogene_I	strict	EAS	False	f3_synonymous	partial_cds	<20
HLA-K	pseudogene_I	strict	EAS	False	f4_noncoding	clean	<20
HLA-K	pseudogene_I	strict	EAS	False	f4_noncoding	partial_cds	50
HLA-K	pseudogene_I	strict	EAS	False	known	clean	32
HLA-K	pseudogene_I	strict	EAS	False	known	partial_cds	784
HLA-K	pseudogene_I	strict	EAS	True	f2_protein	clean	90
HLA-K	pseudogene_I	strict	EAS	True	f2_protein	homopolymer_indel	211
HLA-K	pseudogene_I	strict	EAS	True	f2_protein	partial_cds	721
HLA-K	pseudogene_I	strict	EAS	True	f3_synonymous	partial_cds	<20
HLA-K	pseudogene_I	strict	EAS	True	f4_noncoding	clean	<20
HLA-K	pseudogene_I	strict	EAS	True	f4_noncoding	partial_cds	48
HLA-K	pseudogene_I	strict	EAS	True	known	clean	30
HLA-K	pseudogene_I	strict	EAS	True	known	partial_cds	764
HLA-K	pseudogene_I	strict	EUR	False	f2_protein	clean	153
HLA-K	pseudogene_I	strict	EUR	False	f2_protein	homopolymer_indel	82
HLA-K	pseudogene_I	strict	EUR	False	f2_protein	partial_cds	294
HLA-K	pseudogene_I	strict	EUR	False	f3_synonymous	clean	<20
HLA-K	pseudogene_I	strict	EUR	False	f3_synonymous	partial_cds	26
HLA-K	pseudogene_I	strict	EUR	False	f4_noncoding	clean	24
HLA-K	pseudogene_I	strict	EUR	False	f4_noncoding	partial_cds	113
HLA-K	pseudogene_I	strict	EUR	False	known	clean	332
HLA-K	pseudogene_I	strict	EUR	False	known	partial_cds	1333
HLA-K	pseudogene_I	strict	EUR	True	f2_protein	clean	148
HLA-K	pseudogene_I	strict	EUR	True	f2_protein	homopolymer_indel	77
HLA-K	pseudogene_I	strict	EUR	True	f2_protein	partial_cds	271
HLA-K	pseudogene_I	strict	EUR	True	f3_synonymous	clean	<20
HLA-K	pseudogene_I	strict	EUR	True	f3_synonymous	partial_cds	25
HLA-K	pseudogene_I	strict	EUR	True	f4_noncoding	clean	23
HLA-K	pseudogene_I	strict	EUR	True	f4_noncoding	partial_cds	107
HLA-K	pseudogene_I	strict	EUR	True	known	clean	319
HLA-K	pseudogene_I	strict	EUR	True	known	partial_cds	1247
HLA-K	pseudogene_I	strict	MID	False	f2_protein	clean	111
HLA-K	pseudogene_I	strict	MID	False	f2_protein	homopolymer_indel	<20
HLA-K	pseudogene_I	strict	MID	False	f2_protein	partial_cds	92
HLA-K	pseudogene_I	strict	MID	False	f3_synonymous	clean	<20
HLA-K	pseudogene_I	strict	MID	False	f3_synonymous	partial_cds	<20
HLA-K	pseudogene_I	strict	MID	False	f4_noncoding	clean	<20
HLA-K	pseudogene_I	strict	MID	False	f4_noncoding	partial_cds	<20
HLA-K	pseudogene_I	strict	MID	False	known	clean	40
HLA-K	pseudogene_I	strict	MID	False	known	partial_cds	218
HLA-K	pseudogene_I	strict	MID	True	f2_protein	clean	110
HLA-K	pseudogene_I	strict	MID	True	f2_protein	homopolymer_indel	<20
HLA-K	pseudogene_I	strict	MID	True	f2_protein	partial_cds	90
HLA-K	pseudogene_I	strict	MID	True	f3_synonymous	clean	<20
HLA-K	pseudogene_I	strict	MID	True	f3_synonymous	partial_cds	<20
HLA-K	pseudogene_I	strict	MID	True	f4_noncoding	clean	<20
HLA-K	pseudogene_I	strict	MID	True	f4_noncoding	partial_cds	<20
HLA-K	pseudogene_I	strict	MID	True	known	clean	40
HLA-K	pseudogene_I	strict	MID	True	known	partial_cds	215
HLA-K	pseudogene_I	strict	POOLED	False	f2_protein	clean	3152
HLA-K	pseudogene_I	strict	POOLED	False	f2_protein	homopolymer_indel	656
HLA-K	pseudogene_I	strict	POOLED	False	f2_protein	partial_cds	4163
HLA-K	pseudogene_I	strict	POOLED	False	f3_synonymous	clean	104
HLA-K	pseudogene_I	strict	POOLED	False	f3_synonymous	partial_cds	380
HLA-K	pseudogene_I	strict	POOLED	False	f4_noncoding	clean	102
HLA-K	pseudogene_I	strict	POOLED	False	f4_noncoding	partial_cds	839
HLA-K	pseudogene_I	strict	POOLED	False	known	clean	1741
HLA-K	pseudogene_I	strict	POOLED	False	known	partial_cds	8796
HLA-K	pseudogene_I	strict	POOLED	False	uncalled	partial_cds	<20
HLA-K	pseudogene_I	strict	POOLED	True	f2_protein	clean	3051
HLA-K	pseudogene_I	strict	POOLED	True	f2_protein	homopolymer_indel	635
HLA-K	pseudogene_I	strict	POOLED	True	f2_protein	partial_cds	4049
HLA-K	pseudogene_I	strict	POOLED	True	f3_synonymous	clean	102
HLA-K	pseudogene_I	strict	POOLED	True	f3_synonymous	partial_cds	372
HLA-K	pseudogene_I	strict	POOLED	True	f4_noncoding	clean	100
HLA-K	pseudogene_I	strict	POOLED	True	f4_noncoding	partial_cds	808
HLA-K	pseudogene_I	strict	POOLED	True	known	clean	1691
HLA-K	pseudogene_I	strict	POOLED	True	known	partial_cds	8512
HLA-K	pseudogene_I	strict	POOLED	True	uncalled	partial_cds	<20
HLA-K	pseudogene_I	strict	SAS	False	f2_protein	clean	197
HLA-K	pseudogene_I	strict	SAS	False	f2_protein	homopolymer_indel	34
HLA-K	pseudogene_I	strict	SAS	False	f2_protein	partial_cds	363
HLA-K	pseudogene_I	strict	SAS	False	f3_synonymous	clean	<20
HLA-K	pseudogene_I	strict	SAS	False	f3_synonymous	partial_cds	50
HLA-K	pseudogene_I	strict	SAS	False	f4_noncoding	clean	<20
HLA-K	pseudogene_I	strict	SAS	False	f4_noncoding	partial_cds	77
HLA-K	pseudogene_I	strict	SAS	False	known	clean	165
HLA-K	pseudogene_I	strict	SAS	False	known	partial_cds	983
HLA-K	pseudogene_I	strict	SAS	False	uncalled	partial_cds	<20
HLA-K	pseudogene_I	strict	SAS	True	f2_protein	clean	194
HLA-K	pseudogene_I	strict	SAS	True	f2_protein	homopolymer_indel	34
HLA-K	pseudogene_I	strict	SAS	True	f2_protein	partial_cds	360
HLA-K	pseudogene_I	strict	SAS	True	f3_synonymous	clean	<20
HLA-K	pseudogene_I	strict	SAS	True	f3_synonymous	partial_cds	47
HLA-K	pseudogene_I	strict	SAS	True	f4_noncoding	clean	<20
HLA-K	pseudogene_I	strict	SAS	True	f4_noncoding	partial_cds	76
HLA-K	pseudogene_I	strict	SAS	True	known	clean	161
HLA-K	pseudogene_I	strict	SAS	True	known	partial_cds	966
HLA-K	pseudogene_I	strict	SAS	True	uncalled	partial_cds	<20
HLA-K	pseudogene_I	strict	UNASSIGNED	False	f2_protein	clean	972
HLA-K	pseudogene_I	strict	UNASSIGNED	False	f2_protein	homopolymer_indel	183
HLA-K	pseudogene_I	strict	UNASSIGNED	False	f2_protein	partial_cds	1264
HLA-K	pseudogene_I	strict	UNASSIGNED	False	f3_synonymous	clean	59
HLA-K	pseudogene_I	strict	UNASSIGNED	False	f3_synonymous	partial_cds	156
HLA-K	pseudogene_I	strict	UNASSIGNED	False	f4_noncoding	clean	37
HLA-K	pseudogene_I	strict	UNASSIGNED	False	f4_noncoding	partial_cds	288
HLA-K	pseudogene_I	strict	UNASSIGNED	False	known	clean	662
HLA-K	pseudogene_I	strict	UNASSIGNED	False	known	partial_cds	2965
HLA-K	pseudogene_I	strict	UNASSIGNED	True	f2_protein	clean	951
HLA-K	pseudogene_I	strict	UNASSIGNED	True	f2_protein	homopolymer_indel	175
HLA-K	pseudogene_I	strict	UNASSIGNED	True	f2_protein	partial_cds	1248
HLA-K	pseudogene_I	strict	UNASSIGNED	True	f3_synonymous	clean	59
HLA-K	pseudogene_I	strict	UNASSIGNED	True	f3_synonymous	partial_cds	156
HLA-K	pseudogene_I	strict	UNASSIGNED	True	f4_noncoding	clean	37
HLA-K	pseudogene_I	strict	UNASSIGNED	True	f4_noncoding	partial_cds	285
HLA-K	pseudogene_I	strict	UNASSIGNED	True	known	clean	654
HLA-K	pseudogene_I	strict	UNASSIGNED	True	known	partial_cds	2915
HLA-L	pseudogene_I	pred	AFR	False	f2_protein	clean	<20
HLA-L	pseudogene_I	pred	AFR	False	f2_protein	homopolymer_indel	75
HLA-L	pseudogene_I	pred	AFR	False	f2_protein	partial_cds	1188
HLA-L	pseudogene_I	pred	AFR	False	f3_synonymous	partial_cds	296
HLA-L	pseudogene_I	pred	AFR	False	f4_noncoding	partial_cds	1520
HLA-L	pseudogene_I	pred	AFR	False	known	partial_cds	2927
HLA-L	pseudogene_I	pred	AFR	True	f2_protein	clean	<20
HLA-L	pseudogene_I	pred	AFR	True	f2_protein	homopolymer_indel	75
HLA-L	pseudogene_I	pred	AFR	True	f2_protein	partial_cds	1159
HLA-L	pseudogene_I	pred	AFR	True	f3_synonymous	partial_cds	285
HLA-L	pseudogene_I	pred	AFR	True	f4_noncoding	partial_cds	1481
HLA-L	pseudogene_I	pred	AFR	True	known	partial_cds	2838
HLA-L	pseudogene_I	pred	AMR	False	f2_protein	clean	<20
HLA-L	pseudogene_I	pred	AMR	False	f2_protein	homopolymer_indel	90
HLA-L	pseudogene_I	pred	AMR	False	f2_protein	partial_cds	456
HLA-L	pseudogene_I	pred	AMR	False	f3_synonymous	partial_cds	70
HLA-L	pseudogene_I	pred	AMR	False	f4_noncoding	partial_cds	1095
HLA-L	pseudogene_I	pred	AMR	False	known	partial_cds	3686
HLA-L	pseudogene_I	pred	AMR	True	f2_protein	clean	<20
HLA-L	pseudogene_I	pred	AMR	True	f2_protein	homopolymer_indel	85
HLA-L	pseudogene_I	pred	AMR	True	f2_protein	partial_cds	434
HLA-L	pseudogene_I	pred	AMR	True	f3_synonymous	partial_cds	67
HLA-L	pseudogene_I	pred	AMR	True	f4_noncoding	partial_cds	1048
HLA-L	pseudogene_I	pred	AMR	True	known	partial_cds	3525
HLA-L	pseudogene_I	pred	EAS	False	f2_protein	clean	<20
HLA-L	pseudogene_I	pred	EAS	False	f2_protein	homopolymer_indel	39
HLA-L	pseudogene_I	pred	EAS	False	f2_protein	partial_cds	187
HLA-L	pseudogene_I	pred	EAS	False	f3_synonymous	partial_cds	<20
HLA-L	pseudogene_I	pred	EAS	False	f4_noncoding	partial_cds	834
HLA-L	pseudogene_I	pred	EAS	False	known	partial_cds	1815
HLA-L	pseudogene_I	pred	EAS	True	f2_protein	clean	<20
HLA-L	pseudogene_I	pred	EAS	True	f2_protein	homopolymer_indel	38
HLA-L	pseudogene_I	pred	EAS	True	f2_protein	partial_cds	185
HLA-L	pseudogene_I	pred	EAS	True	f3_synonymous	partial_cds	<20
HLA-L	pseudogene_I	pred	EAS	True	f4_noncoding	partial_cds	815
HLA-L	pseudogene_I	pred	EAS	True	known	partial_cds	1773
HLA-L	pseudogene_I	pred	EUR	False	f2_protein	clean	<20
HLA-L	pseudogene_I	pred	EUR	False	f2_protein	homopolymer_indel	98
HLA-L	pseudogene_I	pred	EUR	False	f2_protein	partial_cds	356
HLA-L	pseudogene_I	pred	EUR	False	f3_synonymous	partial_cds	<20
HLA-L	pseudogene_I	pred	EUR	False	f4_noncoding	partial_cds	1029
HLA-L	pseudogene_I	pred	EUR	False	known	partial_cds	4462
HLA-L	pseudogene_I	pred	EUR	True	f2_protein	clean	<20
HLA-L	pseudogene_I	pred	EUR	True	f2_protein	homopolymer_indel	94
HLA-L	pseudogene_I	pred	EUR	True	f2_protein	partial_cds	348
HLA-L	pseudogene_I	pred	EUR	True	f3_synonymous	partial_cds	<20
HLA-L	pseudogene_I	pred	EUR	True	f4_noncoding	partial_cds	997
HLA-L	pseudogene_I	pred	EUR	True	known	partial_cds	4303
HLA-L	pseudogene_I	pred	MID	False	f2_protein	clean	<20
HLA-L	pseudogene_I	pred	MID	False	f2_protein	homopolymer_indel	<20
HLA-L	pseudogene_I	pred	MID	False	f2_protein	partial_cds	94
HLA-L	pseudogene_I	pred	MID	False	f3_synonymous	partial_cds	<20
HLA-L	pseudogene_I	pred	MID	False	f4_noncoding	partial_cds	231
HLA-L	pseudogene_I	pred	MID	False	known	partial_cds	620
HLA-L	pseudogene_I	pred	MID	True	f2_protein	clean	<20
HLA-L	pseudogene_I	pred	MID	True	f2_protein	homopolymer_indel	<20
HLA-L	pseudogene_I	pred	MID	True	f2_protein	partial_cds	93
HLA-L	pseudogene_I	pred	MID	True	f3_synonymous	partial_cds	<20
HLA-L	pseudogene_I	pred	MID	True	f4_noncoding	partial_cds	226
HLA-L	pseudogene_I	pred	MID	True	known	partial_cds	610
HLA-L	pseudogene_I	pred	POOLED	False	f2_protein	clean	40
HLA-L	pseudogene_I	pred	POOLED	False	f2_protein	homopolymer_indel	357
HLA-L	pseudogene_I	pred	POOLED	False	f2_protein	partial_cds	2573
HLA-L	pseudogene_I	pred	POOLED	False	f3_synonymous	partial_cds	401
HLA-L	pseudogene_I	pred	POOLED	False	f4_noncoding	partial_cds	5368
HLA-L	pseudogene_I	pred	POOLED	False	known	partial_cds	15008
HLA-L	pseudogene_I	pred	POOLED	True	f2_protein	clean	39
HLA-L	pseudogene_I	pred	POOLED	True	f2_protein	homopolymer_indel	347
HLA-L	pseudogene_I	pred	POOLED	True	f2_protein	partial_cds	2506
HLA-L	pseudogene_I	pred	POOLED	True	f3_synonymous	partial_cds	387
HLA-L	pseudogene_I	pred	POOLED	True	f4_noncoding	partial_cds	5210
HLA-L	pseudogene_I	pred	POOLED	True	known	partial_cds	14525
HLA-L	pseudogene_I	pred	SAS	False	f2_protein	clean	<20
HLA-L	pseudogene_I	pred	SAS	False	f2_protein	homopolymer_indel	41
HLA-L	pseudogene_I	pred	SAS	False	f2_protein	partial_cds	289
HLA-L	pseudogene_I	pred	SAS	False	f3_synonymous	partial_cds	<20
HLA-L	pseudogene_I	pred	SAS	False	f4_noncoding	partial_cds	654
HLA-L	pseudogene_I	pred	SAS	False	known	partial_cds	1462
HLA-L	pseudogene_I	pred	SAS	True	f2_protein	clean	<20
HLA-L	pseudogene_I	pred	SAS	True	f2_protein	homopolymer_indel	41
HLA-L	pseudogene_I	pred	SAS	True	f2_protein	partial_cds	284
HLA-L	pseudogene_I	pred	SAS	True	f3_synonymous	partial_cds	<20
HLA-L	pseudogene_I	pred	SAS	True	f4_noncoding	partial_cds	638
HLA-L	pseudogene_I	pred	SAS	True	known	partial_cds	1440
HLA-L	pseudogene_I	pred	UNASSIGNED	False	f2_protein	homopolymer_indel	<20
HLA-L	pseudogene_I	pred	UNASSIGNED	False	f2_protein	partial_cds	<20
HLA-L	pseudogene_I	pred	UNASSIGNED	False	f4_noncoding	partial_cds	<20
HLA-L	pseudogene_I	pred	UNASSIGNED	False	known	partial_cds	36
HLA-L	pseudogene_I	pred	UNASSIGNED	True	f2_protein	homopolymer_indel	<20
HLA-L	pseudogene_I	pred	UNASSIGNED	True	f2_protein	partial_cds	<20
HLA-L	pseudogene_I	pred	UNASSIGNED	True	f4_noncoding	partial_cds	<20
HLA-L	pseudogene_I	pred	UNASSIGNED	True	known	partial_cds	36
HLA-L	pseudogene_I	strict	AFR	False	f2_protein	clean	<20
HLA-L	pseudogene_I	strict	AFR	False	f2_protein	homopolymer_indel	56
HLA-L	pseudogene_I	strict	AFR	False	f2_protein	partial_cds	977
HLA-L	pseudogene_I	strict	AFR	False	f3_synonymous	partial_cds	243
HLA-L	pseudogene_I	strict	AFR	False	f4_noncoding	partial_cds	1208
HLA-L	pseudogene_I	strict	AFR	False	known	partial_cds	2164
HLA-L	pseudogene_I	strict	AFR	True	f2_protein	clean	<20
HLA-L	pseudogene_I	strict	AFR	True	f2_protein	homopolymer_indel	56
HLA-L	pseudogene_I	strict	AFR	True	f2_protein	partial_cds	952
HLA-L	pseudogene_I	strict	AFR	True	f3_synonymous	partial_cds	235
HLA-L	pseudogene_I	strict	AFR	True	f4_noncoding	partial_cds	1171
HLA-L	pseudogene_I	strict	AFR	True	known	partial_cds	2086
HLA-L	pseudogene_I	strict	AMR	False	f2_protein	clean	<20
HLA-L	pseudogene_I	strict	AMR	False	f2_protein	homopolymer_indel	48
HLA-L	pseudogene_I	strict	AMR	False	f2_protein	partial_cds	239
HLA-L	pseudogene_I	strict	AMR	False	f3_synonymous	partial_cds	40
HLA-L	pseudogene_I	strict	AMR	False	f4_noncoding	partial_cds	650
HLA-L	pseudogene_I	strict	AMR	False	known	partial_cds	2294
HLA-L	pseudogene_I	strict	AMR	True	f2_protein	clean	<20
HLA-L	pseudogene_I	strict	AMR	True	f2_protein	homopolymer_indel	44
HLA-L	pseudogene_I	strict	AMR	True	f2_protein	partial_cds	222
HLA-L	pseudogene_I	strict	AMR	True	f3_synonymous	partial_cds	38
HLA-L	pseudogene_I	strict	AMR	True	f4_noncoding	partial_cds	617
HLA-L	pseudogene_I	strict	AMR	True	known	partial_cds	2163
HLA-L	pseudogene_I	strict	EAS	False	f2_protein	clean	<20
HLA-L	pseudogene_I	strict	EAS	False	f2_protein	homopolymer_indel	31
HLA-L	pseudogene_I	strict	EAS	False	f2_protein	partial_cds	167
HLA-L	pseudogene_I	strict	EAS	False	f3_synonymous	partial_cds	<20
HLA-L	pseudogene_I	strict	EAS	False	f4_noncoding	partial_cds	748
HLA-L	pseudogene_I	strict	EAS	False	known	partial_cds	1561
HLA-L	pseudogene_I	strict	EAS	True	f2_protein	clean	<20
HLA-L	pseudogene_I	strict	EAS	True	f2_protein	homopolymer_indel	30
HLA-L	pseudogene_I	strict	EAS	True	f2_protein	partial_cds	165
HLA-L	pseudogene_I	strict	EAS	True	f3_synonymous	partial_cds	<20
HLA-L	pseudogene_I	strict	EAS	True	f4_noncoding	partial_cds	730
HLA-L	pseudogene_I	strict	EAS	True	known	partial_cds	1520
HLA-L	pseudogene_I	strict	EUR	False	f2_protein	clean	<20
HLA-L	pseudogene_I	strict	EUR	False	f2_protein	homopolymer_indel	41
HLA-L	pseudogene_I	strict	EUR	False	f2_protein	partial_cds	78
HLA-L	pseudogene_I	strict	EUR	False	f3_synonymous	partial_cds	<20
HLA-L	pseudogene_I	strict	EUR	False	f4_noncoding	partial_cds	424
HLA-L	pseudogene_I	strict	EUR	False	known	partial_cds	2126
HLA-L	pseudogene_I	strict	EUR	True	f2_protein	clean	<20
HLA-L	pseudogene_I	strict	EUR	True	f2_protein	homopolymer_indel	38
HLA-L	pseudogene_I	strict	EUR	True	f2_protein	partial_cds	74
HLA-L	pseudogene_I	strict	EUR	True	f3_synonymous	partial_cds	<20
HLA-L	pseudogene_I	strict	EUR	True	f4_noncoding	partial_cds	399
HLA-L	pseudogene_I	strict	EUR	True	known	partial_cds	1994
HLA-L	pseudogene_I	strict	MID	False	f2_protein	clean	<20
HLA-L	pseudogene_I	strict	MID	False	f2_protein	homopolymer_indel	<20
HLA-L	pseudogene_I	strict	MID	False	f2_protein	partial_cds	58
HLA-L	pseudogene_I	strict	MID	False	f3_synonymous	partial_cds	<20
HLA-L	pseudogene_I	strict	MID	False	f4_noncoding	partial_cds	144
HLA-L	pseudogene_I	strict	MID	False	known	partial_cds	386
HLA-L	pseudogene_I	strict	MID	True	f2_protein	clean	<20
HLA-L	pseudogene_I	strict	MID	True	f2_protein	homopolymer_indel	<20
HLA-L	pseudogene_I	strict	MID	True	f2_protein	partial_cds	58
HLA-L	pseudogene_I	strict	MID	True	f3_synonymous	partial_cds	<20
HLA-L	pseudogene_I	strict	MID	True	f4_noncoding	partial_cds	141
HLA-L	pseudogene_I	strict	MID	True	known	partial_cds	377
HLA-L	pseudogene_I	strict	POOLED	False	f2_protein	clean	40
HLA-L	pseudogene_I	strict	POOLED	False	f2_protein	homopolymer_indel	357
HLA-L	pseudogene_I	strict	POOLED	False	f2_protein	partial_cds	2573
HLA-L	pseudogene_I	strict	POOLED	False	f3_synonymous	partial_cds	401
HLA-L	pseudogene_I	strict	POOLED	False	f4_noncoding	partial_cds	5368
HLA-L	pseudogene_I	strict	POOLED	False	known	partial_cds	15008
HLA-L	pseudogene_I	strict	POOLED	True	f2_protein	clean	39
HLA-L	pseudogene_I	strict	POOLED	True	f2_protein	homopolymer_indel	347
HLA-L	pseudogene_I	strict	POOLED	True	f2_protein	partial_cds	2506
HLA-L	pseudogene_I	strict	POOLED	True	f3_synonymous	partial_cds	387
HLA-L	pseudogene_I	strict	POOLED	True	f4_noncoding	partial_cds	5210
HLA-L	pseudogene_I	strict	POOLED	True	known	partial_cds	14525
HLA-L	pseudogene_I	strict	SAS	False	f2_protein	clean	<20
HLA-L	pseudogene_I	strict	SAS	False	f2_protein	homopolymer_indel	39
HLA-L	pseudogene_I	strict	SAS	False	f2_protein	partial_cds	274
HLA-L	pseudogene_I	strict	SAS	False	f3_synonymous	partial_cds	<20
HLA-L	pseudogene_I	strict	SAS	False	f4_noncoding	partial_cds	615
HLA-L	pseudogene_I	strict	SAS	False	known	partial_cds	1345
HLA-L	pseudogene_I	strict	SAS	True	f2_protein	clean	<20
HLA-L	pseudogene_I	strict	SAS	True	f2_protein	homopolymer_indel	39
HLA-L	pseudogene_I	strict	SAS	True	f2_protein	partial_cds	271
HLA-L	pseudogene_I	strict	SAS	True	f3_synonymous	partial_cds	<20
HLA-L	pseudogene_I	strict	SAS	True	f4_noncoding	partial_cds	599
HLA-L	pseudogene_I	strict	SAS	True	known	partial_cds	1328
HLA-L	pseudogene_I	strict	UNASSIGNED	False	f2_protein	clean	<20
HLA-L	pseudogene_I	strict	UNASSIGNED	False	f2_protein	homopolymer_indel	133
HLA-L	pseudogene_I	strict	UNASSIGNED	False	f2_protein	partial_cds	780
HLA-L	pseudogene_I	strict	UNASSIGNED	False	f3_synonymous	partial_cds	95
HLA-L	pseudogene_I	strict	UNASSIGNED	False	f4_noncoding	partial_cds	1579
HLA-L	pseudogene_I	strict	UNASSIGNED	False	known	partial_cds	5132
HLA-L	pseudogene_I	strict	UNASSIGNED	True	f2_protein	clean	<20
HLA-L	pseudogene_I	strict	UNASSIGNED	True	f2_protein	homopolymer_indel	131
HLA-L	pseudogene_I	strict	UNASSIGNED	True	f2_protein	partial_cds	764
HLA-L	pseudogene_I	strict	UNASSIGNED	True	f3_synonymous	partial_cds	91
HLA-L	pseudogene_I	strict	UNASSIGNED	True	f4_noncoding	partial_cds	1553
HLA-L	pseudogene_I	strict	UNASSIGNED	True	known	partial_cds	5057
HLA-N	pseudogene_I	pred	AFR	False	f2_protein	clean	<20
HLA-N	pseudogene_I	pred	AFR	False	f2_protein	homopolymer_indel	49
HLA-N	pseudogene_I	pred	AFR	False	f2_protein	partial_cds	36
HLA-N	pseudogene_I	pred	AFR	False	f4_noncoding	partial_cds	1614
HLA-N	pseudogene_I	pred	AFR	False	known	partial_cds	4351
HLA-N	pseudogene_I	pred	AFR	True	f2_protein	clean	<20
HLA-N	pseudogene_I	pred	AFR	True	f2_protein	homopolymer_indel	48
HLA-N	pseudogene_I	pred	AFR	True	f2_protein	partial_cds	36
HLA-N	pseudogene_I	pred	AFR	True	f4_noncoding	partial_cds	1571
HLA-N	pseudogene_I	pred	AFR	True	known	partial_cds	4226
HLA-N	pseudogene_I	pred	AMR	False	f2_protein	clean	<20
HLA-N	pseudogene_I	pred	AMR	False	f2_protein	homopolymer_indel	36
HLA-N	pseudogene_I	pred	AMR	False	f2_protein	partial_cds	<20
HLA-N	pseudogene_I	pred	AMR	False	f4_noncoding	partial_cds	913
HLA-N	pseudogene_I	pred	AMR	False	known	partial_cds	4461
HLA-N	pseudogene_I	pred	AMR	True	f2_protein	clean	<20
HLA-N	pseudogene_I	pred	AMR	True	f2_protein	homopolymer_indel	34
HLA-N	pseudogene_I	pred	AMR	True	f2_protein	partial_cds	<20
HLA-N	pseudogene_I	pred	AMR	True	f4_noncoding	partial_cds	874
HLA-N	pseudogene_I	pred	AMR	True	known	partial_cds	4265
HLA-N	pseudogene_I	pred	EAS	False	f2_protein	clean	<20
HLA-N	pseudogene_I	pred	EAS	False	f2_protein	homopolymer_indel	<20
HLA-N	pseudogene_I	pred	EAS	False	f2_protein	partial_cds	<20
HLA-N	pseudogene_I	pred	EAS	False	f4_noncoding	partial_cds	807
HLA-N	pseudogene_I	pred	EAS	False	known	partial_cds	2093
HLA-N	pseudogene_I	pred	EAS	True	f2_protein	clean	<20
HLA-N	pseudogene_I	pred	EAS	True	f2_protein	homopolymer_indel	<20
HLA-N	pseudogene_I	pred	EAS	True	f2_protein	partial_cds	<20
HLA-N	pseudogene_I	pred	EAS	True	f4_noncoding	partial_cds	791
HLA-N	pseudogene_I	pred	EAS	True	known	partial_cds	2043
HLA-N	pseudogene_I	pred	EUR	False	f2_protein	clean	<20
HLA-N	pseudogene_I	pred	EUR	False	f2_protein	homopolymer_indel	37
HLA-N	pseudogene_I	pred	EUR	False	f2_protein	partial_cds	<20
HLA-N	pseudogene_I	pred	EUR	False	f4_noncoding	partial_cds	919
HLA-N	pseudogene_I	pred	EUR	False	known	partial_cds	5026
HLA-N	pseudogene_I	pred	EUR	False	uncalled	clean	<20
HLA-N	pseudogene_I	pred	EUR	True	f2_protein	clean	<20
HLA-N	pseudogene_I	pred	EUR	True	f2_protein	homopolymer_indel	36
HLA-N	pseudogene_I	pred	EUR	True	f2_protein	partial_cds	<20
HLA-N	pseudogene_I	pred	EUR	True	f4_noncoding	partial_cds	889
HLA-N	pseudogene_I	pred	EUR	True	known	partial_cds	4855
HLA-N	pseudogene_I	pred	EUR	True	uncalled	clean	<20
HLA-N	pseudogene_I	pred	MID	False	f2_protein	homopolymer_indel	<20
HLA-N	pseudogene_I	pred	MID	False	f4_noncoding	partial_cds	161
HLA-N	pseudogene_I	pred	MID	False	known	partial_cds	804
HLA-N	pseudogene_I	pred	MID	True	f2_protein	homopolymer_indel	<20
HLA-N	pseudogene_I	pred	MID	True	f4_noncoding	partial_cds	157
HLA-N	pseudogene_I	pred	MID	True	known	partial_cds	792
HLA-N	pseudogene_I	pred	POOLED	False	f2_protein	clean	<20
HLA-N	pseudogene_I	pred	POOLED	False	f2_protein	homopolymer_indel	149
HLA-N	pseudogene_I	pred	POOLED	False	f2_protein	partial_cds	43
HLA-N	pseudogene_I	pred	POOLED	False	f4_noncoding	partial_cds	4833
HLA-N	pseudogene_I	pred	POOLED	False	known	partial_cds	18811
HLA-N	pseudogene_I	pred	POOLED	False	uncalled	clean	<20
HLA-N	pseudogene_I	pred	POOLED	True	f2_protein	clean	<20
HLA-N	pseudogene_I	pred	POOLED	True	f2_protein	homopolymer_indel	144
HLA-N	pseudogene_I	pred	POOLED	True	f2_protein	partial_cds	43
HLA-N	pseudogene_I	pred	POOLED	True	f4_noncoding	partial_cds	4695
HLA-N	pseudogene_I	pred	POOLED	True	known	partial_cds	18221
HLA-N	pseudogene_I	pred	POOLED	True	uncalled	clean	<20
HLA-N	pseudogene_I	pred	SAS	False	f2_protein	clean	<20
HLA-N	pseudogene_I	pred	SAS	False	f2_protein	homopolymer_indel	<20
HLA-N	pseudogene_I	pred	SAS	False	f4_noncoding	partial_cds	413
HLA-N	pseudogene_I	pred	SAS	False	known	partial_cds	2037
HLA-N	pseudogene_I	pred	SAS	True	f2_protein	clean	<20
HLA-N	pseudogene_I	pred	SAS	True	f2_protein	homopolymer_indel	<20
HLA-N	pseudogene_I	pred	SAS	True	f4_noncoding	partial_cds	407
HLA-N	pseudogene_I	pred	SAS	True	known	partial_cds	2001
HLA-N	pseudogene_I	pred	UNASSIGNED	False	f2_protein	homopolymer_indel	<20
HLA-N	pseudogene_I	pred	UNASSIGNED	False	f4_noncoding	partial_cds	<20
HLA-N	pseudogene_I	pred	UNASSIGNED	False	known	partial_cds	39
HLA-N	pseudogene_I	pred	UNASSIGNED	True	f2_protein	homopolymer_indel	<20
HLA-N	pseudogene_I	pred	UNASSIGNED	True	f4_noncoding	partial_cds	<20
HLA-N	pseudogene_I	pred	UNASSIGNED	True	known	partial_cds	39
HLA-N	pseudogene_I	strict	AFR	False	f2_protein	clean	<20
HLA-N	pseudogene_I	strict	AFR	False	f2_protein	homopolymer_indel	45
HLA-N	pseudogene_I	strict	AFR	False	f2_protein	partial_cds	34
HLA-N	pseudogene_I	strict	AFR	False	f4_noncoding	partial_cds	1295
HLA-N	pseudogene_I	strict	AFR	False	known	partial_cds	3306
HLA-N	pseudogene_I	strict	AFR	True	f2_protein	clean	<20
HLA-N	pseudogene_I	strict	AFR	True	f2_protein	homopolymer_indel	44
HLA-N	pseudogene_I	strict	AFR	True	f2_protein	partial_cds	34
HLA-N	pseudogene_I	strict	AFR	True	f4_noncoding	partial_cds	1253
HLA-N	pseudogene_I	strict	AFR	True	known	partial_cds	3200
HLA-N	pseudogene_I	strict	AMR	False	f2_protein	homopolymer_indel	<20
HLA-N	pseudogene_I	strict	AMR	False	f2_protein	partial_cds	<20
HLA-N	pseudogene_I	strict	AMR	False	f4_noncoding	partial_cds	517
HLA-N	pseudogene_I	strict	AMR	False	known	partial_cds	2741
HLA-N	pseudogene_I	strict	AMR	True	f2_protein	homopolymer_indel	<20
HLA-N	pseudogene_I	strict	AMR	True	f2_protein	partial_cds	<20
HLA-N	pseudogene_I	strict	AMR	True	f4_noncoding	partial_cds	485
HLA-N	pseudogene_I	strict	AMR	True	known	partial_cds	2587
HLA-N	pseudogene_I	strict	EAS	False	f2_protein	clean	<20
HLA-N	pseudogene_I	strict	EAS	False	f2_protein	homopolymer_indel	<20
HLA-N	pseudogene_I	strict	EAS	False	f2_protein	partial_cds	<20
HLA-N	pseudogene_I	strict	EAS	False	f4_noncoding	partial_cds	728
HLA-N	pseudogene_I	strict	EAS	False	known	partial_cds	1801
HLA-N	pseudogene_I	strict	EAS	True	f2_protein	clean	<20
HLA-N	pseudogene_I	strict	EAS	True	f2_protein	homopolymer_indel	<20
HLA-N	pseudogene_I	strict	EAS	True	f2_protein	partial_cds	<20
HLA-N	pseudogene_I	strict	EAS	True	f4_noncoding	partial_cds	712
HLA-N	pseudogene_I	strict	EAS	True	known	partial_cds	1753
HLA-N	pseudogene_I	strict	EUR	False	f2_protein	clean	<20
HLA-N	pseudogene_I	strict	EUR	False	f2_protein	homopolymer_indel	<20
HLA-N	pseudogene_I	strict	EUR	False	f2_protein	partial_cds	<20
HLA-N	pseudogene_I	strict	EUR	False	f4_noncoding	partial_cds	461
HLA-N	pseudogene_I	strict	EUR	False	known	partial_cds	2194
HLA-N	pseudogene_I	strict	EUR	False	uncalled	clean	<20
HLA-N	pseudogene_I	strict	EUR	True	f2_protein	clean	<20
HLA-N	pseudogene_I	strict	EUR	True	f2_protein	homopolymer_indel	<20
HLA-N	pseudogene_I	strict	EUR	True	f2_protein	partial_cds	<20
HLA-N	pseudogene_I	strict	EUR	True	f4_noncoding	partial_cds	434
HLA-N	pseudogene_I	strict	EUR	True	known	partial_cds	2060
HLA-N	pseudogene_I	strict	EUR	True	uncalled	clean	<20
HLA-N	pseudogene_I	strict	MID	False	f2_protein	homopolymer_indel	<20
HLA-N	pseudogene_I	strict	MID	False	f4_noncoding	partial_cds	107
HLA-N	pseudogene_I	strict	MID	False	known	partial_cds	499
HLA-N	pseudogene_I	strict	MID	True	f2_protein	homopolymer_indel	<20
HLA-N	pseudogene_I	strict	MID	True	f4_noncoding	partial_cds	105
HLA-N	pseudogene_I	strict	MID	True	known	partial_cds	489
HLA-N	pseudogene_I	strict	POOLED	False	f2_protein	clean	<20
HLA-N	pseudogene_I	strict	POOLED	False	f2_protein	homopolymer_indel	149
HLA-N	pseudogene_I	strict	POOLED	False	f2_protein	partial_cds	43
HLA-N	pseudogene_I	strict	POOLED	False	f4_noncoding	partial_cds	4833
HLA-N	pseudogene_I	strict	POOLED	False	known	partial_cds	18811
HLA-N	pseudogene_I	strict	POOLED	False	uncalled	clean	<20
HLA-N	pseudogene_I	strict	POOLED	True	f2_protein	clean	<20
HLA-N	pseudogene_I	strict	POOLED	True	f2_protein	homopolymer_indel	144
HLA-N	pseudogene_I	strict	POOLED	True	f2_protein	partial_cds	43
HLA-N	pseudogene_I	strict	POOLED	True	f4_noncoding	partial_cds	4695
HLA-N	pseudogene_I	strict	POOLED	True	known	partial_cds	18221
HLA-N	pseudogene_I	strict	POOLED	True	uncalled	clean	<20
HLA-N	pseudogene_I	strict	SAS	False	f2_protein	clean	<20
HLA-N	pseudogene_I	strict	SAS	False	f2_protein	homopolymer_indel	<20
HLA-N	pseudogene_I	strict	SAS	False	f4_noncoding	partial_cds	384
HLA-N	pseudogene_I	strict	SAS	False	known	partial_cds	1893
HLA-N	pseudogene_I	strict	SAS	True	f2_protein	clean	<20
HLA-N	pseudogene_I	strict	SAS	True	f2_protein	homopolymer_indel	<20
HLA-N	pseudogene_I	strict	SAS	True	f4_noncoding	partial_cds	378
HLA-N	pseudogene_I	strict	SAS	True	known	partial_cds	1865
HLA-N	pseudogene_I	strict	UNASSIGNED	False	f2_protein	clean	<20
HLA-N	pseudogene_I	strict	UNASSIGNED	False	f2_protein	homopolymer_indel	46
HLA-N	pseudogene_I	strict	UNASSIGNED	False	f2_protein	partial_cds	<20
HLA-N	pseudogene_I	strict	UNASSIGNED	False	f4_noncoding	partial_cds	1341
HLA-N	pseudogene_I	strict	UNASSIGNED	False	known	partial_cds	6377
HLA-N	pseudogene_I	strict	UNASSIGNED	True	f2_protein	clean	<20
HLA-N	pseudogene_I	strict	UNASSIGNED	True	f2_protein	homopolymer_indel	45
HLA-N	pseudogene_I	strict	UNASSIGNED	True	f2_protein	partial_cds	<20
HLA-N	pseudogene_I	strict	UNASSIGNED	True	f4_noncoding	partial_cds	1328
HLA-N	pseudogene_I	strict	UNASSIGNED	True	known	partial_cds	6267
HLA-P	pseudogene_I	pred	AFR	False	f1_undetermined	clean	1159
HLA-P	pseudogene_I	pred	AFR	False	f1_undetermined	partial_cds	<20
HLA-P	pseudogene_I	pred	AFR	False	f2_protein	clean	827
HLA-P	pseudogene_I	pred	AFR	False	f2_protein	homopolymer_indel	59
HLA-P	pseudogene_I	pred	AFR	False	f2_protein	partial_cds	<20
HLA-P	pseudogene_I	pred	AFR	False	f3_synonymous	clean	<20
HLA-P	pseudogene_I	pred	AFR	False	f4_noncoding	clean	784
HLA-P	pseudogene_I	pred	AFR	False	known	clean	3147
HLA-P	pseudogene_I	pred	AFR	True	f1_undetermined	clean	1120
HLA-P	pseudogene_I	pred	AFR	True	f1_undetermined	partial_cds	<20
HLA-P	pseudogene_I	pred	AFR	True	f2_protein	clean	800
HLA-P	pseudogene_I	pred	AFR	True	f2_protein	homopolymer_indel	58
HLA-P	pseudogene_I	pred	AFR	True	f2_protein	partial_cds	<20
HLA-P	pseudogene_I	pred	AFR	True	f3_synonymous	clean	<20
HLA-P	pseudogene_I	pred	AFR	True	f4_noncoding	clean	762
HLA-P	pseudogene_I	pred	AFR	True	known	clean	3065
HLA-P	pseudogene_I	pred	AMR	False	f1_undetermined	clean	328
HLA-P	pseudogene_I	pred	AMR	False	f1_undetermined	partial_cds	<20
HLA-P	pseudogene_I	pred	AMR	False	f2_protein	clean	852
HLA-P	pseudogene_I	pred	AMR	False	f2_protein	homopolymer_indel	67
HLA-P	pseudogene_I	pred	AMR	False	f2_protein	partial_cds	<20
HLA-P	pseudogene_I	pred	AMR	False	f3_synonymous	clean	<20
HLA-P	pseudogene_I	pred	AMR	False	f4_noncoding	clean	884
HLA-P	pseudogene_I	pred	AMR	False	known	clean	3212
HLA-P	pseudogene_I	pred	AMR	True	f1_undetermined	clean	314
HLA-P	pseudogene_I	pred	AMR	True	f1_undetermined	partial_cds	<20
HLA-P	pseudogene_I	pred	AMR	True	f2_protein	clean	809
HLA-P	pseudogene_I	pred	AMR	True	f2_protein	homopolymer_indel	64
HLA-P	pseudogene_I	pred	AMR	True	f2_protein	partial_cds	<20
HLA-P	pseudogene_I	pred	AMR	True	f3_synonymous	clean	<20
HLA-P	pseudogene_I	pred	AMR	True	f4_noncoding	clean	847
HLA-P	pseudogene_I	pred	AMR	True	known	clean	3072
HLA-P	pseudogene_I	pred	EAS	False	f1_undetermined	clean	241
HLA-P	pseudogene_I	pred	EAS	False	f1_undetermined	partial_cds	<20
HLA-P	pseudogene_I	pred	EAS	False	f2_protein	clean	569
HLA-P	pseudogene_I	pred	EAS	False	f2_protein	homopolymer_indel	32
HLA-P	pseudogene_I	pred	EAS	False	f2_protein	partial_cds	<20
HLA-P	pseudogene_I	pred	EAS	False	f4_noncoding	clean	908
HLA-P	pseudogene_I	pred	EAS	False	known	clean	1123
HLA-P	pseudogene_I	pred	EAS	True	f1_undetermined	clean	239
HLA-P	pseudogene_I	pred	EAS	True	f1_undetermined	partial_cds	<20
HLA-P	pseudogene_I	pred	EAS	True	f2_protein	clean	560
HLA-P	pseudogene_I	pred	EAS	True	f2_protein	homopolymer_indel	30
HLA-P	pseudogene_I	pred	EAS	True	f2_protein	partial_cds	<20
HLA-P	pseudogene_I	pred	EAS	True	f4_noncoding	clean	884
HLA-P	pseudogene_I	pred	EAS	True	known	clean	1095
HLA-P	pseudogene_I	pred	EUR	False	f1_undetermined	clean	205
HLA-P	pseudogene_I	pred	EUR	False	f1_undetermined	partial_cds	<20
HLA-P	pseudogene_I	pred	EUR	False	f2_protein	clean	761
HLA-P	pseudogene_I	pred	EUR	False	f2_protein	homopolymer_indel	91
HLA-P	pseudogene_I	pred	EUR	False	f2_protein	partial_cds	28
HLA-P	pseudogene_I	pred	EUR	False	f3_synonymous	clean	<20
HLA-P	pseudogene_I	pred	EUR	False	f4_noncoding	clean	761
HLA-P	pseudogene_I	pred	EUR	False	known	clean	4089
HLA-P	pseudogene_I	pred	EUR	False	uncalled	partial_cds	<20
HLA-P	pseudogene_I	pred	EUR	True	f1_undetermined	clean	199
HLA-P	pseudogene_I	pred	EUR	True	f1_undetermined	partial_cds	<20
HLA-P	pseudogene_I	pred	EUR	True	f2_protein	clean	734
HLA-P	pseudogene_I	pred	EUR	True	f2_protein	homopolymer_indel	89
HLA-P	pseudogene_I	pred	EUR	True	f2_protein	partial_cds	27
HLA-P	pseudogene_I	pred	EUR	True	f3_synonymous	clean	<20
HLA-P	pseudogene_I	pred	EUR	True	f4_noncoding	clean	733
HLA-P	pseudogene_I	pred	EUR	True	known	clean	3951
HLA-P	pseudogene_I	pred	EUR	True	uncalled	partial_cds	<20
HLA-P	pseudogene_I	pred	MID	False	f1_undetermined	clean	44
HLA-P	pseudogene_I	pred	MID	False	f2_protein	clean	172
HLA-P	pseudogene_I	pred	MID	False	f2_protein	homopolymer_indel	<20
HLA-P	pseudogene_I	pred	MID	False	f2_protein	partial_cds	<20
HLA-P	pseudogene_I	pred	MID	False	f3_synonymous	clean	<20
HLA-P	pseudogene_I	pred	MID	False	f4_noncoding	clean	182
HLA-P	pseudogene_I	pred	MID	False	known	clean	542
HLA-P	pseudogene_I	pred	MID	True	f1_undetermined	clean	43
HLA-P	pseudogene_I	pred	MID	True	f2_protein	clean	169
HLA-P	pseudogene_I	pred	MID	True	f2_protein	homopolymer_indel	<20
HLA-P	pseudogene_I	pred	MID	True	f2_protein	partial_cds	<20
HLA-P	pseudogene_I	pred	MID	True	f3_synonymous	clean	<20
HLA-P	pseudogene_I	pred	MID	True	f4_noncoding	clean	177
HLA-P	pseudogene_I	pred	MID	True	known	clean	536
HLA-P	pseudogene_I	pred	POOLED	False	f1_undetermined	clean	2114
HLA-P	pseudogene_I	pred	POOLED	False	f1_undetermined	partial_cds	27
HLA-P	pseudogene_I	pred	POOLED	False	f2_protein	clean	3604
HLA-P	pseudogene_I	pred	POOLED	False	f2_protein	homopolymer_indel	303
HLA-P	pseudogene_I	pred	POOLED	False	f2_protein	partial_cds	87
HLA-P	pseudogene_I	pred	POOLED	False	f3_synonymous	clean	43
HLA-P	pseudogene_I	pred	POOLED	False	f4_noncoding	clean	4055
HLA-P	pseudogene_I	pred	POOLED	False	known	clean	13468
HLA-P	pseudogene_I	pred	POOLED	False	uncalled	partial_cds	<20
HLA-P	pseudogene_I	pred	POOLED	True	f1_undetermined	clean	2049
HLA-P	pseudogene_I	pred	POOLED	True	f1_undetermined	partial_cds	26
HLA-P	pseudogene_I	pred	POOLED	True	f2_protein	clean	3492
HLA-P	pseudogene_I	pred	POOLED	True	f2_protein	homopolymer_indel	294
HLA-P	pseudogene_I	pred	POOLED	True	f2_protein	partial_cds	83
HLA-P	pseudogene_I	pred	POOLED	True	f3_synonymous	clean	42
HLA-P	pseudogene_I	pred	POOLED	True	f4_noncoding	clean	3931
HLA-P	pseudogene_I	pred	POOLED	True	known	clean	13046
HLA-P	pseudogene_I	pred	POOLED	True	uncalled	partial_cds	<20
HLA-P	pseudogene_I	pred	SAS	False	f1_undetermined	clean	135
HLA-P	pseudogene_I	pred	SAS	False	f2_protein	clean	414
HLA-P	pseudogene_I	pred	SAS	False	f2_protein	homopolymer_indel	44
HLA-P	pseudogene_I	pred	SAS	False	f2_protein	partial_cds	<20
HLA-P	pseudogene_I	pred	SAS	False	f3_synonymous	clean	<20
HLA-P	pseudogene_I	pred	SAS	False	f4_noncoding	clean	526
HLA-P	pseudogene_I	pred	SAS	False	known	clean	1331
HLA-P	pseudogene_I	pred	SAS	True	f1_undetermined	clean	132
HLA-P	pseudogene_I	pred	SAS	True	f2_protein	clean	411
HLA-P	pseudogene_I	pred	SAS	True	f2_protein	homopolymer_indel	43
HLA-P	pseudogene_I	pred	SAS	True	f2_protein	partial_cds	<20
HLA-P	pseudogene_I	pred	SAS	True	f3_synonymous	clean	<20
HLA-P	pseudogene_I	pred	SAS	True	f4_noncoding	clean	518
HLA-P	pseudogene_I	pred	SAS	True	known	clean	1303
HLA-P	pseudogene_I	pred	UNASSIGNED	False	f1_undetermined	clean	<20
HLA-P	pseudogene_I	pred	UNASSIGNED	False	f2_protein	clean	<20
HLA-P	pseudogene_I	pred	UNASSIGNED	False	f4_noncoding	clean	<20
HLA-P	pseudogene_I	pred	UNASSIGNED	False	known	clean	24
HLA-P	pseudogene_I	pred	UNASSIGNED	True	f1_undetermined	clean	<20
HLA-P	pseudogene_I	pred	UNASSIGNED	True	f2_protein	clean	<20
HLA-P	pseudogene_I	pred	UNASSIGNED	True	f4_noncoding	clean	<20
HLA-P	pseudogene_I	pred	UNASSIGNED	True	known	clean	24
HLA-P	pseudogene_I	strict	AFR	False	f1_undetermined	clean	967
HLA-P	pseudogene_I	strict	AFR	False	f1_undetermined	partial_cds	<20
HLA-P	pseudogene_I	strict	AFR	False	f2_protein	clean	631
HLA-P	pseudogene_I	strict	AFR	False	f2_protein	homopolymer_indel	43
HLA-P	pseudogene_I	strict	AFR	False	f2_protein	partial_cds	<20
HLA-P	pseudogene_I	strict	AFR	False	f3_synonymous	clean	<20
HLA-P	pseudogene_I	strict	AFR	False	f4_noncoding	clean	601
HLA-P	pseudogene_I	strict	AFR	False	known	clean	2374
HLA-P	pseudogene_I	strict	AFR	True	f1_undetermined	clean	933
HLA-P	pseudogene_I	strict	AFR	True	f1_undetermined	partial_cds	<20
HLA-P	pseudogene_I	strict	AFR	True	f2_protein	clean	606
HLA-P	pseudogene_I	strict	AFR	True	f2_protein	homopolymer_indel	42
HLA-P	pseudogene_I	strict	AFR	True	f2_protein	partial_cds	<20
HLA-P	pseudogene_I	strict	AFR	True	f3_synonymous	clean	<20
HLA-P	pseudogene_I	strict	AFR	True	f4_noncoding	clean	582
HLA-P	pseudogene_I	strict	AFR	True	known	clean	2302
HLA-P	pseudogene_I	strict	AMR	False	f1_undetermined	clean	166
HLA-P	pseudogene_I	strict	AMR	False	f1_undetermined	partial_cds	<20
HLA-P	pseudogene_I	strict	AMR	False	f2_protein	clean	515
HLA-P	pseudogene_I	strict	AMR	False	f2_protein	homopolymer_indel	30
HLA-P	pseudogene_I	strict	AMR	False	f2_protein	partial_cds	<20
HLA-P	pseudogene_I	strict	AMR	False	f3_synonymous	clean	<20
HLA-P	pseudogene_I	strict	AMR	False	f4_noncoding	clean	589
HLA-P	pseudogene_I	strict	AMR	False	known	clean	1950
HLA-P	pseudogene_I	strict	AMR	True	f1_undetermined	clean	155
HLA-P	pseudogene_I	strict	AMR	True	f1_undetermined	partial_cds	<20
HLA-P	pseudogene_I	strict	AMR	True	f2_protein	clean	479
HLA-P	pseudogene_I	strict	AMR	True	f2_protein	homopolymer_indel	27
HLA-P	pseudogene_I	strict	AMR	True	f2_protein	partial_cds	<20
HLA-P	pseudogene_I	strict	AMR	True	f3_synonymous	clean	<20
HLA-P	pseudogene_I	strict	AMR	True	f4_noncoding	clean	557
HLA-P	pseudogene_I	strict	AMR	True	known	clean	1844
HLA-P	pseudogene_I	strict	EAS	False	f1_undetermined	clean	218
HLA-P	pseudogene_I	strict	EAS	False	f1_undetermined	partial_cds	<20
HLA-P	pseudogene_I	strict	EAS	False	f2_protein	clean	518
HLA-P	pseudogene_I	strict	EAS	False	f2_protein	homopolymer_indel	23
HLA-P	pseudogene_I	strict	EAS	False	f2_protein	partial_cds	<20
HLA-P	pseudogene_I	strict	EAS	False	f4_noncoding	clean	801
HLA-P	pseudogene_I	strict	EAS	False	known	clean	944
HLA-P	pseudogene_I	strict	EAS	True	f1_undetermined	clean	216
HLA-P	pseudogene_I	strict	EAS	True	f1_undetermined	partial_cds	<20
HLA-P	pseudogene_I	strict	EAS	True	f2_protein	clean	510
HLA-P	pseudogene_I	strict	EAS	True	f2_protein	homopolymer_indel	21
HLA-P	pseudogene_I	strict	EAS	True	f2_protein	partial_cds	<20
HLA-P	pseudogene_I	strict	EAS	True	f4_noncoding	clean	777
HLA-P	pseudogene_I	strict	EAS	True	known	clean	917
HLA-P	pseudogene_I	strict	EUR	False	f1_undetermined	clean	66
HLA-P	pseudogene_I	strict	EUR	False	f1_undetermined	partial_cds	<20
HLA-P	pseudogene_I	strict	EUR	False	f2_protein	clean	303
HLA-P	pseudogene_I	strict	EUR	False	f2_protein	homopolymer_indel	43
HLA-P	pseudogene_I	strict	EUR	False	f2_protein	partial_cds	<20
HLA-P	pseudogene_I	strict	EUR	False	f3_synonymous	clean	<20
HLA-P	pseudogene_I	strict	EUR	False	f4_noncoding	clean	277
HLA-P	pseudogene_I	strict	EUR	False	known	clean	1950
HLA-P	pseudogene_I	strict	EUR	True	f1_undetermined	clean	61
HLA-P	pseudogene_I	strict	EUR	True	f1_undetermined	partial_cds	<20
HLA-P	pseudogene_I	strict	EUR	True	f2_protein	clean	283
HLA-P	pseudogene_I	strict	EUR	True	f2_protein	homopolymer_indel	41
HLA-P	pseudogene_I	strict	EUR	True	f2_protein	partial_cds	<20
HLA-P	pseudogene_I	strict	EUR	True	f3_synonymous	clean	<20
HLA-P	pseudogene_I	strict	EUR	True	f4_noncoding	clean	257
HLA-P	pseudogene_I	strict	EUR	True	known	clean	1835
HLA-P	pseudogene_I	strict	MID	False	f1_undetermined	clean	26
HLA-P	pseudogene_I	strict	MID	False	f2_protein	clean	99
HLA-P	pseudogene_I	strict	MID	False	f2_protein	homopolymer_indel	<20
HLA-P	pseudogene_I	strict	MID	False	f2_protein	partial_cds	<20
HLA-P	pseudogene_I	strict	MID	False	f4_noncoding	clean	105
HLA-P	pseudogene_I	strict	MID	False	known	clean	360
HLA-P	pseudogene_I	strict	MID	True	f1_undetermined	clean	26
HLA-P	pseudogene_I	strict	MID	True	f2_protein	clean	97
HLA-P	pseudogene_I	strict	MID	True	f2_protein	homopolymer_indel	<20
HLA-P	pseudogene_I	strict	MID	True	f2_protein	partial_cds	<20
HLA-P	pseudogene_I	strict	MID	True	f4_noncoding	clean	101
HLA-P	pseudogene_I	strict	MID	True	known	clean	355
HLA-P	pseudogene_I	strict	POOLED	False	f1_undetermined	clean	2114
HLA-P	pseudogene_I	strict	POOLED	False	f1_undetermined	partial_cds	27
HLA-P	pseudogene_I	strict	POOLED	False	f2_protein	clean	3604
HLA-P	pseudogene_I	strict	POOLED	False	f2_protein	homopolymer_indel	303
HLA-P	pseudogene_I	strict	POOLED	False	f2_protein	partial_cds	87
HLA-P	pseudogene_I	strict	POOLED	False	f3_synonymous	clean	43
HLA-P	pseudogene_I	strict	POOLED	False	f4_noncoding	clean	4055
HLA-P	pseudogene_I	strict	POOLED	False	known	clean	13468
HLA-P	pseudogene_I	strict	POOLED	False	uncalled	partial_cds	<20
HLA-P	pseudogene_I	strict	POOLED	True	f1_undetermined	clean	2049
HLA-P	pseudogene_I	strict	POOLED	True	f1_undetermined	partial_cds	26
HLA-P	pseudogene_I	strict	POOLED	True	f2_protein	clean	3492
HLA-P	pseudogene_I	strict	POOLED	True	f2_protein	homopolymer_indel	294
HLA-P	pseudogene_I	strict	POOLED	True	f2_protein	partial_cds	83
HLA-P	pseudogene_I	strict	POOLED	True	f3_synonymous	clean	42
HLA-P	pseudogene_I	strict	POOLED	True	f4_noncoding	clean	3931
HLA-P	pseudogene_I	strict	POOLED	True	known	clean	13046
HLA-P	pseudogene_I	strict	POOLED	True	uncalled	partial_cds	<20
HLA-P	pseudogene_I	strict	SAS	False	f1_undetermined	clean	117
HLA-P	pseudogene_I	strict	SAS	False	f2_protein	clean	387
HLA-P	pseudogene_I	strict	SAS	False	f2_protein	homopolymer_indel	41
HLA-P	pseudogene_I	strict	SAS	False	f2_protein	partial_cds	<20
HLA-P	pseudogene_I	strict	SAS	False	f3_synonymous	clean	<20
HLA-P	pseudogene_I	strict	SAS	False	f4_noncoding	clean	493
HLA-P	pseudogene_I	strict	SAS	False	known	clean	1237
HLA-P	pseudogene_I	strict	SAS	True	f1_undetermined	clean	115
HLA-P	pseudogene_I	strict	SAS	True	f2_protein	clean	384
HLA-P	pseudogene_I	strict	SAS	True	f2_protein	homopolymer_indel	41
HLA-P	pseudogene_I	strict	SAS	True	f2_protein	partial_cds	<20
HLA-P	pseudogene_I	strict	SAS	True	f3_synonymous	clean	<20
HLA-P	pseudogene_I	strict	SAS	True	f4_noncoding	clean	486
HLA-P	pseudogene_I	strict	SAS	True	known	clean	1214
HLA-P	pseudogene_I	strict	UNASSIGNED	False	f1_undetermined	clean	554
HLA-P	pseudogene_I	strict	UNASSIGNED	False	f1_undetermined	partial_cds	<20
HLA-P	pseudogene_I	strict	UNASSIGNED	False	f2_protein	clean	1151
HLA-P	pseudogene_I	strict	UNASSIGNED	False	f2_protein	homopolymer_indel	118
HLA-P	pseudogene_I	strict	UNASSIGNED	False	f2_protein	partial_cds	33
HLA-P	pseudogene_I	strict	UNASSIGNED	False	f3_synonymous	clean	<20
HLA-P	pseudogene_I	strict	UNASSIGNED	False	f4_noncoding	clean	1189
HLA-P	pseudogene_I	strict	UNASSIGNED	False	known	clean	4653
HLA-P	pseudogene_I	strict	UNASSIGNED	False	uncalled	partial_cds	<20
HLA-P	pseudogene_I	strict	UNASSIGNED	True	f1_undetermined	clean	543
HLA-P	pseudogene_I	strict	UNASSIGNED	True	f1_undetermined	partial_cds	<20
HLA-P	pseudogene_I	strict	UNASSIGNED	True	f2_protein	clean	1133
HLA-P	pseudogene_I	strict	UNASSIGNED	True	f2_protein	homopolymer_indel	117
HLA-P	pseudogene_I	strict	UNASSIGNED	True	f2_protein	partial_cds	32
HLA-P	pseudogene_I	strict	UNASSIGNED	True	f3_synonymous	clean	<20
HLA-P	pseudogene_I	strict	UNASSIGNED	True	f4_noncoding	clean	1171
HLA-P	pseudogene_I	strict	UNASSIGNED	True	known	clean	4579
HLA-P	pseudogene_I	strict	UNASSIGNED	True	uncalled	partial_cds	<20
HLA-S	pseudogene_I	pred	AFR	False	f2_protein	clean	<20
HLA-S	pseudogene_I	pred	AFR	False	f2_protein	homopolymer_indel	43
HLA-S	pseudogene_I	pred	AFR	False	f2_protein	partial_cds	374
HLA-S	pseudogene_I	pred	AFR	False	f3_synonymous	partial_cds	370
HLA-S	pseudogene_I	pred	AFR	False	f4_noncoding	partial_cds	241
HLA-S	pseudogene_I	pred	AFR	False	known	partial_cds	4989
HLA-S	pseudogene_I	pred	AFR	True	f2_protein	clean	<20
HLA-S	pseudogene_I	pred	AFR	True	f2_protein	homopolymer_indel	42
HLA-S	pseudogene_I	pred	AFR	True	f2_protein	partial_cds	359
HLA-S	pseudogene_I	pred	AFR	True	f3_synonymous	partial_cds	359
HLA-S	pseudogene_I	pred	AFR	True	f4_noncoding	partial_cds	231
HLA-S	pseudogene_I	pred	AFR	True	known	partial_cds	4855
HLA-S	pseudogene_I	pred	AMR	False	f2_protein	clean	<20
HLA-S	pseudogene_I	pred	AMR	False	f2_protein	homopolymer_indel	43
HLA-S	pseudogene_I	pred	AMR	False	f2_protein	partial_cds	207
HLA-S	pseudogene_I	pred	AMR	False	f3_synonymous	partial_cds	705
HLA-S	pseudogene_I	pred	AMR	False	f4_noncoding	partial_cds	248
HLA-S	pseudogene_I	pred	AMR	False	known	partial_cds	4150
HLA-S	pseudogene_I	pred	AMR	True	f2_protein	clean	<20
HLA-S	pseudogene_I	pred	AMR	True	f2_protein	homopolymer_indel	40
HLA-S	pseudogene_I	pred	AMR	True	f2_protein	partial_cds	195
HLA-S	pseudogene_I	pred	AMR	True	f3_synonymous	partial_cds	683
HLA-S	pseudogene_I	pred	AMR	True	f4_noncoding	partial_cds	233
HLA-S	pseudogene_I	pred	AMR	True	known	partial_cds	3969
HLA-S	pseudogene_I	pred	EAS	False	f2_protein	clean	<20
HLA-S	pseudogene_I	pred	EAS	False	f2_protein	homopolymer_indel	<20
HLA-S	pseudogene_I	pred	EAS	False	f2_protein	partial_cds	240
HLA-S	pseudogene_I	pred	EAS	False	f3_synonymous	partial_cds	195
HLA-S	pseudogene_I	pred	EAS	False	f4_noncoding	partial_cds	51
HLA-S	pseudogene_I	pred	EAS	False	known	partial_cds	2384
HLA-S	pseudogene_I	pred	EAS	True	f2_protein	clean	<20
HLA-S	pseudogene_I	pred	EAS	True	f2_protein	homopolymer_indel	<20
HLA-S	pseudogene_I	pred	EAS	True	f2_protein	partial_cds	231
HLA-S	pseudogene_I	pred	EAS	True	f3_synonymous	partial_cds	187
HLA-S	pseudogene_I	pred	EAS	True	f4_noncoding	partial_cds	50
HLA-S	pseudogene_I	pred	EAS	True	known	partial_cds	2335
HLA-S	pseudogene_I	pred	EUR	False	f2_protein	clean	<20
HLA-S	pseudogene_I	pred	EUR	False	f2_protein	homopolymer_indel	39
HLA-S	pseudogene_I	pred	EUR	False	f2_protein	partial_cds	73
HLA-S	pseudogene_I	pred	EUR	False	f3_synonymous	partial_cds	597
HLA-S	pseudogene_I	pred	EUR	False	f4_noncoding	partial_cds	273
HLA-S	pseudogene_I	pred	EUR	False	known	partial_cds	4972
HLA-S	pseudogene_I	pred	EUR	False	uncalled	partial_cds	<20
HLA-S	pseudogene_I	pred	EUR	True	f2_protein	clean	<20
HLA-S	pseudogene_I	pred	EUR	True	f2_protein	homopolymer_indel	39
HLA-S	pseudogene_I	pred	EUR	True	f2_protein	partial_cds	71
HLA-S	pseudogene_I	pred	EUR	True	f3_synonymous	partial_cds	580
HLA-S	pseudogene_I	pred	EUR	True	f4_noncoding	partial_cds	263
HLA-S	pseudogene_I	pred	EUR	True	known	partial_cds	4799
HLA-S	pseudogene_I	pred	EUR	True	uncalled	partial_cds	<20
HLA-S	pseudogene_I	pred	MID	False	f2_protein	clean	<20
HLA-S	pseudogene_I	pred	MID	False	f2_protein	homopolymer_indel	<20
HLA-S	pseudogene_I	pred	MID	False	f2_protein	partial_cds	33
HLA-S	pseudogene_I	pred	MID	False	f3_synonymous	partial_cds	122
HLA-S	pseudogene_I	pred	MID	False	f4_noncoding	partial_cds	26
HLA-S	pseudogene_I	pred	MID	False	known	partial_cds	781
HLA-S	pseudogene_I	pred	MID	True	f2_protein	clean	<20
HLA-S	pseudogene_I	pred	MID	True	f2_protein	homopolymer_indel	<20
HLA-S	pseudogene_I	pred	MID	True	f2_protein	partial_cds	33
HLA-S	pseudogene_I	pred	MID	True	f3_synonymous	partial_cds	120
HLA-S	pseudogene_I	pred	MID	True	f4_noncoding	partial_cds	25
HLA-S	pseudogene_I	pred	MID	True	known	partial_cds	770
HLA-S	pseudogene_I	pred	POOLED	False	f2_protein	clean	<20
HLA-S	pseudogene_I	pred	POOLED	False	f2_protein	homopolymer_indel	159
HLA-S	pseudogene_I	pred	POOLED	False	f2_protein	partial_cds	1045
HLA-S	pseudogene_I	pred	POOLED	False	f3_synonymous	partial_cds	2317
HLA-S	pseudogene_I	pred	POOLED	False	f4_noncoding	partial_cds	898
HLA-S	pseudogene_I	pred	POOLED	False	known	partial_cds	19244
HLA-S	pseudogene_I	pred	POOLED	False	uncalled	partial_cds	<20
HLA-S	pseudogene_I	pred	POOLED	True	f2_protein	clean	<20
HLA-S	pseudogene_I	pred	POOLED	True	f2_protein	homopolymer_indel	155
HLA-S	pseudogene_I	pred	POOLED	True	f2_protein	partial_cds	1005
HLA-S	pseudogene_I	pred	POOLED	True	f3_synonymous	partial_cds	2249
HLA-S	pseudogene_I	pred	POOLED	True	f4_noncoding	partial_cds	861
HLA-S	pseudogene_I	pred	POOLED	True	known	partial_cds	18664
HLA-S	pseudogene_I	pred	POOLED	True	uncalled	partial_cds	<20
HLA-S	pseudogene_I	pred	SAS	False	f2_protein	clean	<20
HLA-S	pseudogene_I	pred	SAS	False	f2_protein	homopolymer_indel	<20
HLA-S	pseudogene_I	pred	SAS	False	f2_protein	partial_cds	116
HLA-S	pseudogene_I	pred	SAS	False	f3_synonymous	partial_cds	319
HLA-S	pseudogene_I	pred	SAS	False	f4_noncoding	partial_cds	57
HLA-S	pseudogene_I	pred	SAS	False	known	partial_cds	1935
HLA-S	pseudogene_I	pred	SAS	True	f2_protein	clean	<20
HLA-S	pseudogene_I	pred	SAS	True	f2_protein	homopolymer_indel	<20
HLA-S	pseudogene_I	pred	SAS	True	f2_protein	partial_cds	114
HLA-S	pseudogene_I	pred	SAS	True	f3_synonymous	partial_cds	311
HLA-S	pseudogene_I	pred	SAS	True	f4_noncoding	partial_cds	57
HLA-S	pseudogene_I	pred	SAS	True	known	partial_cds	1903
HLA-S	pseudogene_I	pred	UNASSIGNED	False	f2_protein	partial_cds	<20
HLA-S	pseudogene_I	pred	UNASSIGNED	False	f3_synonymous	partial_cds	<20
HLA-S	pseudogene_I	pred	UNASSIGNED	False	f4_noncoding	partial_cds	<20
HLA-S	pseudogene_I	pred	UNASSIGNED	False	known	partial_cds	33
HLA-S	pseudogene_I	pred	UNASSIGNED	True	f2_protein	partial_cds	<20
HLA-S	pseudogene_I	pred	UNASSIGNED	True	f3_synonymous	partial_cds	<20
HLA-S	pseudogene_I	pred	UNASSIGNED	True	f4_noncoding	partial_cds	<20
HLA-S	pseudogene_I	pred	UNASSIGNED	True	known	partial_cds	33
HLA-S	pseudogene_I	strict	AFR	False	f2_protein	clean	<20
HLA-S	pseudogene_I	strict	AFR	False	f2_protein	homopolymer_indel	36
HLA-S	pseudogene_I	strict	AFR	False	f2_protein	partial_cds	301
HLA-S	pseudogene_I	strict	AFR	False	f3_synonymous	partial_cds	279
HLA-S	pseudogene_I	strict	AFR	False	f4_noncoding	partial_cds	171
HLA-S	pseudogene_I	strict	AFR	False	known	partial_cds	3864
HLA-S	pseudogene_I	strict	AFR	True	f2_protein	clean	<20
HLA-S	pseudogene_I	strict	AFR	True	f2_protein	homopolymer_indel	35
HLA-S	pseudogene_I	strict	AFR	True	f2_protein	partial_cds	288
HLA-S	pseudogene_I	strict	AFR	True	f3_synonymous	partial_cds	268
HLA-S	pseudogene_I	strict	AFR	True	f4_noncoding	partial_cds	163
HLA-S	pseudogene_I	strict	AFR	True	known	partial_cds	3746
HLA-S	pseudogene_I	strict	AMR	False	f2_protein	clean	<20
HLA-S	pseudogene_I	strict	AMR	False	f2_protein	homopolymer_indel	25
HLA-S	pseudogene_I	strict	AMR	False	f2_protein	partial_cds	132
HLA-S	pseudogene_I	strict	AMR	False	f3_synonymous	partial_cds	495
HLA-S	pseudogene_I	strict	AMR	False	f4_noncoding	partial_cds	137
HLA-S	pseudogene_I	strict	AMR	False	known	partial_cds	2453
HLA-S	pseudogene_I	strict	AMR	True	f2_protein	clean	<20
HLA-S	pseudogene_I	strict	AMR	True	f2_protein	homopolymer_indel	22
HLA-S	pseudogene_I	strict	AMR	True	f2_protein	partial_cds	120
HLA-S	pseudogene_I	strict	AMR	True	f3_synonymous	partial_cds	477
HLA-S	pseudogene_I	strict	AMR	True	f4_noncoding	partial_cds	124
HLA-S	pseudogene_I	strict	AMR	True	known	partial_cds	2317
HLA-S	pseudogene_I	strict	EAS	False	f2_protein	clean	<20
HLA-S	pseudogene_I	strict	EAS	False	f2_protein	homopolymer_indel	<20
HLA-S	pseudogene_I	strict	EAS	False	f2_protein	partial_cds	222
HLA-S	pseudogene_I	strict	EAS	False	f3_synonymous	partial_cds	164
HLA-S	pseudogene_I	strict	EAS	False	f4_noncoding	partial_cds	42
HLA-S	pseudogene_I	strict	EAS	False	known	partial_cds	2077
HLA-S	pseudogene_I	strict	EAS	True	f2_protein	clean	<20
HLA-S	pseudogene_I	strict	EAS	True	f2_protein	homopolymer_indel	<20
HLA-S	pseudogene_I	strict	EAS	True	f2_protein	partial_cds	214
HLA-S	pseudogene_I	strict	EAS	True	f3_synonymous	partial_cds	156
HLA-S	pseudogene_I	strict	EAS	True	f4_noncoding	partial_cds	42
HLA-S	pseudogene_I	strict	EAS	True	known	partial_cds	2028
HLA-S	pseudogene_I	strict	EUR	False	f2_protein	clean	<20
HLA-S	pseudogene_I	strict	EUR	False	f2_protein	homopolymer_indel	<20
HLA-S	pseudogene_I	strict	EUR	False	f2_protein	partial_cds	22
HLA-S	pseudogene_I	strict	EUR	False	f3_synonymous	partial_cds	197
HLA-S	pseudogene_I	strict	EUR	False	f4_noncoding	partial_cds	165
HLA-S	pseudogene_I	strict	EUR	False	known	partial_cds	2267
HLA-S	pseudogene_I	strict	EUR	True	f2_protein	clean	<20
HLA-S	pseudogene_I	strict	EUR	True	f2_protein	homopolymer_indel	<20
HLA-S	pseudogene_I	strict	EUR	True	f2_protein	partial_cds	20
HLA-S	pseudogene_I	strict	EUR	True	f3_synonymous	partial_cds	184
HLA-S	pseudogene_I	strict	EUR	True	f4_noncoding	partial_cds	156
HLA-S	pseudogene_I	strict	EUR	True	known	partial_cds	2129
HLA-S	pseudogene_I	strict	MID	False	f2_protein	clean	<20
HLA-S	pseudogene_I	strict	MID	False	f2_protein	homopolymer_indel	<20
HLA-S	pseudogene_I	strict	MID	False	f2_protein	partial_cds	<20
HLA-S	pseudogene_I	strict	MID	False	f3_synonymous	partial_cds	69
HLA-S	pseudogene_I	strict	MID	False	f4_noncoding	partial_cds	<20
HLA-S	pseudogene_I	strict	MID	False	known	partial_cds	499
HLA-S	pseudogene_I	strict	MID	True	f2_protein	clean	<20
HLA-S	pseudogene_I	strict	MID	True	f2_protein	homopolymer_indel	<20
HLA-S	pseudogene_I	strict	MID	True	f2_protein	partial_cds	<20
HLA-S	pseudogene_I	strict	MID	True	f3_synonymous	partial_cds	67
HLA-S	pseudogene_I	strict	MID	True	f4_noncoding	partial_cds	<20
HLA-S	pseudogene_I	strict	MID	True	known	partial_cds	492
HLA-S	pseudogene_I	strict	POOLED	False	f2_protein	clean	<20
HLA-S	pseudogene_I	strict	POOLED	False	f2_protein	homopolymer_indel	159
HLA-S	pseudogene_I	strict	POOLED	False	f2_protein	partial_cds	1045
HLA-S	pseudogene_I	strict	POOLED	False	f3_synonymous	partial_cds	2317
HLA-S	pseudogene_I	strict	POOLED	False	f4_noncoding	partial_cds	898
HLA-S	pseudogene_I	strict	POOLED	False	known	partial_cds	19244
HLA-S	pseudogene_I	strict	POOLED	False	uncalled	partial_cds	<20
HLA-S	pseudogene_I	strict	POOLED	True	f2_protein	clean	<20
HLA-S	pseudogene_I	strict	POOLED	True	f2_protein	homopolymer_indel	155
HLA-S	pseudogene_I	strict	POOLED	True	f2_protein	partial_cds	1005
HLA-S	pseudogene_I	strict	POOLED	True	f3_synonymous	partial_cds	2249
HLA-S	pseudogene_I	strict	POOLED	True	f4_noncoding	partial_cds	861
HLA-S	pseudogene_I	strict	POOLED	True	known	partial_cds	18664
HLA-S	pseudogene_I	strict	POOLED	True	uncalled	partial_cds	<20
HLA-S	pseudogene_I	strict	SAS	False	f2_protein	clean	<20
HLA-S	pseudogene_I	strict	SAS	False	f2_protein	homopolymer_indel	<20
HLA-S	pseudogene_I	strict	SAS	False	f2_protein	partial_cds	108
HLA-S	pseudogene_I	strict	SAS	False	f3_synonymous	partial_cds	294
HLA-S	pseudogene_I	strict	SAS	False	f4_noncoding	partial_cds	52
HLA-S	pseudogene_I	strict	SAS	False	known	partial_cds	1799
HLA-S	pseudogene_I	strict	SAS	True	f2_protein	clean	<20
HLA-S	pseudogene_I	strict	SAS	True	f2_protein	homopolymer_indel	<20
HLA-S	pseudogene_I	strict	SAS	True	f2_protein	partial_cds	106
HLA-S	pseudogene_I	strict	SAS	True	f3_synonymous	partial_cds	290
HLA-S	pseudogene_I	strict	SAS	True	f4_noncoding	partial_cds	52
HLA-S	pseudogene_I	strict	SAS	True	known	partial_cds	1771
HLA-S	pseudogene_I	strict	UNASSIGNED	False	f2_protein	homopolymer_indel	50
HLA-S	pseudogene_I	strict	UNASSIGNED	False	f2_protein	partial_cds	241
HLA-S	pseudogene_I	strict	UNASSIGNED	False	f3_synonymous	partial_cds	819
HLA-S	pseudogene_I	strict	UNASSIGNED	False	f4_noncoding	partial_cds	316
HLA-S	pseudogene_I	strict	UNASSIGNED	False	known	partial_cds	6285
HLA-S	pseudogene_I	strict	UNASSIGNED	False	uncalled	partial_cds	<20
HLA-S	pseudogene_I	strict	UNASSIGNED	True	f2_protein	homopolymer_indel	50
HLA-S	pseudogene_I	strict	UNASSIGNED	True	f2_protein	partial_cds	238
HLA-S	pseudogene_I	strict	UNASSIGNED	True	f3_synonymous	partial_cds	807
HLA-S	pseudogene_I	strict	UNASSIGNED	True	f4_noncoding	partial_cds	310
HLA-S	pseudogene_I	strict	UNASSIGNED	True	known	partial_cds	6181
HLA-S	pseudogene_I	strict	UNASSIGNED	True	uncalled	partial_cds	<20
HLA-T	pseudogene_I	pred	AFR	False	f2_protein	clean	251
HLA-T	pseudogene_I	pred	AFR	False	f2_protein	homopolymer_indel	66
HLA-T	pseudogene_I	pred	AFR	False	f2_protein	partial_cds	<20
HLA-T	pseudogene_I	pred	AFR	False	f3_synonymous	clean	<20
HLA-T	pseudogene_I	pred	AFR	False	f4_noncoding	clean	2581
HLA-T	pseudogene_I	pred	AFR	False	known	clean	2297
HLA-T	pseudogene_I	pred	AFR	True	f2_protein	clean	248
HLA-T	pseudogene_I	pred	AFR	True	f2_protein	homopolymer_indel	66
HLA-T	pseudogene_I	pred	AFR	True	f2_protein	partial_cds	<20
HLA-T	pseudogene_I	pred	AFR	True	f3_synonymous	clean	<20
HLA-T	pseudogene_I	pred	AFR	True	f4_noncoding	clean	2512
HLA-T	pseudogene_I	pred	AFR	True	known	clean	2226
HLA-T	pseudogene_I	pred	AMR	False	f2_protein	clean	136
HLA-T	pseudogene_I	pred	AMR	False	f2_protein	homopolymer_indel	61
HLA-T	pseudogene_I	pred	AMR	False	f2_protein	partial_cds	<20
HLA-T	pseudogene_I	pred	AMR	False	f3_synonymous	clean	<20
HLA-T	pseudogene_I	pred	AMR	False	f4_noncoding	clean	1748
HLA-T	pseudogene_I	pred	AMR	False	known	clean	2581
HLA-T	pseudogene_I	pred	AMR	True	f2_protein	clean	132
HLA-T	pseudogene_I	pred	AMR	True	f2_protein	homopolymer_indel	59
HLA-T	pseudogene_I	pred	AMR	True	f2_protein	partial_cds	<20
HLA-T	pseudogene_I	pred	AMR	True	f3_synonymous	clean	<20
HLA-T	pseudogene_I	pred	AMR	True	f4_noncoding	clean	1664
HLA-T	pseudogene_I	pred	AMR	True	known	clean	2472
HLA-T	pseudogene_I	pred	EAS	False	f2_protein	clean	125
HLA-T	pseudogene_I	pred	EAS	False	f2_protein	homopolymer_indel	28
HLA-T	pseudogene_I	pred	EAS	False	f2_protein	partial_cds	<20
HLA-T	pseudogene_I	pred	EAS	False	f4_noncoding	clean	795
HLA-T	pseudogene_I	pred	EAS	False	f4_noncoding	partial_cds	<20
HLA-T	pseudogene_I	pred	EAS	False	known	clean	1269
HLA-T	pseudogene_I	pred	EAS	False	uncalled	partial_cds	<20
HLA-T	pseudogene_I	pred	EAS	True	f2_protein	clean	123
HLA-T	pseudogene_I	pred	EAS	True	f2_protein	homopolymer_indel	28
HLA-T	pseudogene_I	pred	EAS	True	f2_protein	partial_cds	<20
HLA-T	pseudogene_I	pred	EAS	True	f4_noncoding	clean	778
HLA-T	pseudogene_I	pred	EAS	True	f4_noncoding	partial_cds	<20
HLA-T	pseudogene_I	pred	EAS	True	known	clean	1240
HLA-T	pseudogene_I	pred	EAS	True	uncalled	partial_cds	<20
HLA-T	pseudogene_I	pred	EUR	False	f2_protein	clean	116
HLA-T	pseudogene_I	pred	EUR	False	f2_protein	homopolymer_indel	58
HLA-T	pseudogene_I	pred	EUR	False	f2_protein	partial_cds	<20
HLA-T	pseudogene_I	pred	EUR	False	f3_synonymous	clean	<20
HLA-T	pseudogene_I	pred	EUR	False	f4_noncoding	clean	1711
HLA-T	pseudogene_I	pred	EUR	False	known	clean	3331
HLA-T	pseudogene_I	pred	EUR	True	f2_protein	clean	113
HLA-T	pseudogene_I	pred	EUR	True	f2_protein	homopolymer_indel	58
HLA-T	pseudogene_I	pred	EUR	True	f2_protein	partial_cds	<20
HLA-T	pseudogene_I	pred	EUR	True	f3_synonymous	clean	<20
HLA-T	pseudogene_I	pred	EUR	True	f4_noncoding	clean	1673
HLA-T	pseudogene_I	pred	EUR	True	known	clean	3202
HLA-T	pseudogene_I	pred	MID	False	f2_protein	clean	54
HLA-T	pseudogene_I	pred	MID	False	f2_protein	homopolymer_indel	<20
HLA-T	pseudogene_I	pred	MID	False	f4_noncoding	clean	327
HLA-T	pseudogene_I	pred	MID	False	known	clean	404
HLA-T	pseudogene_I	pred	MID	True	f2_protein	clean	54
HLA-T	pseudogene_I	pred	MID	True	f2_protein	homopolymer_indel	<20
HLA-T	pseudogene_I	pred	MID	True	f4_noncoding	clean	322
HLA-T	pseudogene_I	pred	MID	True	known	clean	397
HLA-T	pseudogene_I	pred	POOLED	False	f2_protein	clean	696
HLA-T	pseudogene_I	pred	POOLED	False	f2_protein	homopolymer_indel	240
HLA-T	pseudogene_I	pred	POOLED	False	f2_protein	partial_cds	29
HLA-T	pseudogene_I	pred	POOLED	False	f3_synonymous	clean	<20
HLA-T	pseudogene_I	pred	POOLED	False	f4_noncoding	clean	8063
HLA-T	pseudogene_I	pred	POOLED	False	f4_noncoding	partial_cds	<20
HLA-T	pseudogene_I	pred	POOLED	False	known	clean	11022
HLA-T	pseudogene_I	pred	POOLED	False	uncalled	partial_cds	<20
HLA-T	pseudogene_I	pred	POOLED	True	f2_protein	clean	684
HLA-T	pseudogene_I	pred	POOLED	True	f2_protein	homopolymer_indel	238
HLA-T	pseudogene_I	pred	POOLED	True	f2_protein	partial_cds	28
HLA-T	pseudogene_I	pred	POOLED	True	f3_synonymous	clean	<20
HLA-T	pseudogene_I	pred	POOLED	True	f4_noncoding	clean	7828
HLA-T	pseudogene_I	pred	POOLED	True	f4_noncoding	partial_cds	<20
HLA-T	pseudogene_I	pred	POOLED	True	known	clean	10661
HLA-T	pseudogene_I	pred	POOLED	True	uncalled	partial_cds	<20
HLA-T	pseudogene_I	pred	SAS	False	f2_protein	clean	<20
HLA-T	pseudogene_I	pred	SAS	False	f2_protein	homopolymer_indel	<20
HLA-T	pseudogene_I	pred	SAS	False	f2_protein	partial_cds	<20
HLA-T	pseudogene_I	pred	SAS	False	f4_noncoding	clean	883
HLA-T	pseudogene_I	pred	SAS	False	known	clean	1119
HLA-T	pseudogene_I	pred	SAS	True	f2_protein	clean	<20
HLA-T	pseudogene_I	pred	SAS	True	f2_protein	homopolymer_indel	<20
HLA-T	pseudogene_I	pred	SAS	True	f2_protein	partial_cds	<20
HLA-T	pseudogene_I	pred	SAS	True	f4_noncoding	clean	861
HLA-T	pseudogene_I	pred	SAS	True	known	clean	1103
HLA-T	pseudogene_I	pred	UNASSIGNED	False	f4_noncoding	clean	<20
HLA-T	pseudogene_I	pred	UNASSIGNED	False	known	clean	21
HLA-T	pseudogene_I	pred	UNASSIGNED	True	f4_noncoding	clean	<20
HLA-T	pseudogene_I	pred	UNASSIGNED	True	known	clean	21
HLA-T	pseudogene_I	strict	AFR	False	f2_protein	clean	196
HLA-T	pseudogene_I	strict	AFR	False	f2_protein	homopolymer_indel	49
HLA-T	pseudogene_I	strict	AFR	False	f2_protein	partial_cds	<20
HLA-T	pseudogene_I	strict	AFR	False	f3_synonymous	clean	<20
HLA-T	pseudogene_I	strict	AFR	False	f4_noncoding	clean	2087
HLA-T	pseudogene_I	strict	AFR	False	known	clean	1678
HLA-T	pseudogene_I	strict	AFR	True	f2_protein	clean	193
HLA-T	pseudogene_I	strict	AFR	True	f2_protein	homopolymer_indel	49
HLA-T	pseudogene_I	strict	AFR	True	f2_protein	partial_cds	<20
HLA-T	pseudogene_I	strict	AFR	True	f3_synonymous	clean	<20
HLA-T	pseudogene_I	strict	AFR	True	f4_noncoding	clean	2026
HLA-T	pseudogene_I	strict	AFR	True	known	clean	1616
HLA-T	pseudogene_I	strict	AMR	False	f2_protein	clean	75
HLA-T	pseudogene_I	strict	AMR	False	f2_protein	homopolymer_indel	32
HLA-T	pseudogene_I	strict	AMR	False	f2_protein	partial_cds	<20
HLA-T	pseudogene_I	strict	AMR	False	f3_synonymous	clean	<20
HLA-T	pseudogene_I	strict	AMR	False	f4_noncoding	clean	1038
HLA-T	pseudogene_I	strict	AMR	False	known	clean	1538
HLA-T	pseudogene_I	strict	AMR	True	f2_protein	clean	72
HLA-T	pseudogene_I	strict	AMR	True	f2_protein	homopolymer_indel	30
HLA-T	pseudogene_I	strict	AMR	True	f2_protein	partial_cds	<20
HLA-T	pseudogene_I	strict	AMR	True	f3_synonymous	clean	<20
HLA-T	pseudogene_I	strict	AMR	True	f4_noncoding	clean	971
HLA-T	pseudogene_I	strict	AMR	True	known	clean	1455
HLA-T	pseudogene_I	strict	EAS	False	f2_protein	clean	108
HLA-T	pseudogene_I	strict	EAS	False	f2_protein	homopolymer_indel	24
HLA-T	pseudogene_I	strict	EAS	False	f2_protein	partial_cds	<20
HLA-T	pseudogene_I	strict	EAS	False	f4_noncoding	clean	707
HLA-T	pseudogene_I	strict	EAS	False	f4_noncoding	partial_cds	<20
HLA-T	pseudogene_I	strict	EAS	False	known	clean	1090
HLA-T	pseudogene_I	strict	EAS	True	f2_protein	clean	106
HLA-T	pseudogene_I	strict	EAS	True	f2_protein	homopolymer_indel	24
HLA-T	pseudogene_I	strict	EAS	True	f2_protein	partial_cds	<20
HLA-T	pseudogene_I	strict	EAS	True	f4_noncoding	clean	691
HLA-T	pseudogene_I	strict	EAS	True	f4_noncoding	partial_cds	<20
HLA-T	pseudogene_I	strict	EAS	True	known	clean	1062
HLA-T	pseudogene_I	strict	EUR	False	f2_protein	clean	32
HLA-T	pseudogene_I	strict	EUR	False	f2_protein	homopolymer_indel	27
HLA-T	pseudogene_I	strict	EUR	False	f2_protein	partial_cds	<20
HLA-T	pseudogene_I	strict	EUR	False	f3_synonymous	clean	<20
HLA-T	pseudogene_I	strict	EUR	False	f4_noncoding	clean	587
HLA-T	pseudogene_I	strict	EUR	False	known	clean	1735
HLA-T	pseudogene_I	strict	EUR	True	f2_protein	clean	31
HLA-T	pseudogene_I	strict	EUR	True	f2_protein	homopolymer_indel	27
HLA-T	pseudogene_I	strict	EUR	True	f2_protein	partial_cds	<20
HLA-T	pseudogene_I	strict	EUR	True	f3_synonymous	clean	<20
HLA-T	pseudogene_I	strict	EUR	True	f4_noncoding	clean	555
HLA-T	pseudogene_I	strict	EUR	True	known	clean	1630
HLA-T	pseudogene_I	strict	MID	False	f2_protein	clean	36
HLA-T	pseudogene_I	strict	MID	False	f2_protein	homopolymer_indel	<20
HLA-T	pseudogene_I	strict	MID	False	f4_noncoding	clean	201
HLA-T	pseudogene_I	strict	MID	False	known	clean	263
HLA-T	pseudogene_I	strict	MID	True	f2_protein	clean	36
HLA-T	pseudogene_I	strict	MID	True	f2_protein	homopolymer_indel	<20
HLA-T	pseudogene_I	strict	MID	True	f4_noncoding	clean	198
HLA-T	pseudogene_I	strict	MID	True	known	clean	257
HLA-T	pseudogene_I	strict	POOLED	False	f2_protein	clean	696
HLA-T	pseudogene_I	strict	POOLED	False	f2_protein	homopolymer_indel	240
HLA-T	pseudogene_I	strict	POOLED	False	f2_protein	partial_cds	29
HLA-T	pseudogene_I	strict	POOLED	False	f3_synonymous	clean	<20
HLA-T	pseudogene_I	strict	POOLED	False	f4_noncoding	clean	8063
HLA-T	pseudogene_I	strict	POOLED	False	f4_noncoding	partial_cds	<20
HLA-T	pseudogene_I	strict	POOLED	False	known	clean	11022
HLA-T	pseudogene_I	strict	POOLED	False	uncalled	partial_cds	<20
HLA-T	pseudogene_I	strict	POOLED	True	f2_protein	clean	684
HLA-T	pseudogene_I	strict	POOLED	True	f2_protein	homopolymer_indel	238
HLA-T	pseudogene_I	strict	POOLED	True	f2_protein	partial_cds	28
HLA-T	pseudogene_I	strict	POOLED	True	f3_synonymous	clean	<20
HLA-T	pseudogene_I	strict	POOLED	True	f4_noncoding	clean	7828
HLA-T	pseudogene_I	strict	POOLED	True	f4_noncoding	partial_cds	<20
HLA-T	pseudogene_I	strict	POOLED	True	known	clean	10661
HLA-T	pseudogene_I	strict	POOLED	True	uncalled	partial_cds	<20
HLA-T	pseudogene_I	strict	SAS	False	f2_protein	clean	<20
HLA-T	pseudogene_I	strict	SAS	False	f2_protein	homopolymer_indel	<20
HLA-T	pseudogene_I	strict	SAS	False	f2_protein	partial_cds	<20
HLA-T	pseudogene_I	strict	SAS	False	f4_noncoding	clean	831
HLA-T	pseudogene_I	strict	SAS	False	known	clean	1028
HLA-T	pseudogene_I	strict	SAS	True	f2_protein	clean	<20
HLA-T	pseudogene_I	strict	SAS	True	f2_protein	homopolymer_indel	<20
HLA-T	pseudogene_I	strict	SAS	True	f2_protein	partial_cds	<20
HLA-T	pseudogene_I	strict	SAS	True	f4_noncoding	clean	814
HLA-T	pseudogene_I	strict	SAS	True	known	clean	1015
HLA-T	pseudogene_I	strict	UNASSIGNED	False	f2_protein	clean	238
HLA-T	pseudogene_I	strict	UNASSIGNED	False	f2_protein	homopolymer_indel	85
HLA-T	pseudogene_I	strict	UNASSIGNED	False	f2_protein	partial_cds	<20
HLA-T	pseudogene_I	strict	UNASSIGNED	False	f3_synonymous	clean	<20
HLA-T	pseudogene_I	strict	UNASSIGNED	False	f4_noncoding	clean	2612
HLA-T	pseudogene_I	strict	UNASSIGNED	False	known	clean	3690
HLA-T	pseudogene_I	strict	UNASSIGNED	False	uncalled	partial_cds	<20
HLA-T	pseudogene_I	strict	UNASSIGNED	True	f2_protein	clean	235
HLA-T	pseudogene_I	strict	UNASSIGNED	True	f2_protein	homopolymer_indel	85
HLA-T	pseudogene_I	strict	UNASSIGNED	True	f2_protein	partial_cds	<20
HLA-T	pseudogene_I	strict	UNASSIGNED	True	f3_synonymous	clean	<20
HLA-T	pseudogene_I	strict	UNASSIGNED	True	f4_noncoding	clean	2573
HLA-T	pseudogene_I	strict	UNASSIGNED	True	known	clean	3626
HLA-T	pseudogene_I	strict	UNASSIGNED	True	uncalled	partial_cds	<20
HLA-U	pseudogene_I	pred	AFR	False	f2_protein	clean	356
HLA-U	pseudogene_I	pred	AFR	False	f2_protein	homopolymer_indel	23
HLA-U	pseudogene_I	pred	AFR	False	f2_protein	partial_cds	1457
HLA-U	pseudogene_I	pred	AFR	False	f3_synonymous	partial_cds	<20
HLA-U	pseudogene_I	pred	AFR	False	f4_noncoding	clean	<20
HLA-U	pseudogene_I	pred	AFR	False	f4_noncoding	partial_cds	2127
HLA-U	pseudogene_I	pred	AFR	False	known	clean	69
HLA-U	pseudogene_I	pred	AFR	False	known	partial_cds	1138
HLA-U	pseudogene_I	pred	AFR	True	f2_protein	clean	350
HLA-U	pseudogene_I	pred	AFR	True	f2_protein	homopolymer_indel	23
HLA-U	pseudogene_I	pred	AFR	True	f2_protein	partial_cds	1413
HLA-U	pseudogene_I	pred	AFR	True	f3_synonymous	partial_cds	<20
HLA-U	pseudogene_I	pred	AFR	True	f4_noncoding	clean	<20
HLA-U	pseudogene_I	pred	AFR	True	f4_noncoding	partial_cds	2060
HLA-U	pseudogene_I	pred	AFR	True	known	clean	69
HLA-U	pseudogene_I	pred	AFR	True	known	partial_cds	1113
HLA-U	pseudogene_I	pred	AMR	False	f2_protein	clean	78
HLA-U	pseudogene_I	pred	AMR	False	f2_protein	homopolymer_indel	23
HLA-U	pseudogene_I	pred	AMR	False	f2_protein	partial_cds	1133
HLA-U	pseudogene_I	pred	AMR	False	f3_synonymous	clean	<20
HLA-U	pseudogene_I	pred	AMR	False	f3_synonymous	partial_cds	<20
HLA-U	pseudogene_I	pred	AMR	False	f4_noncoding	clean	<20
HLA-U	pseudogene_I	pred	AMR	False	f4_noncoding	partial_cds	2139
HLA-U	pseudogene_I	pred	AMR	False	known	clean	130
HLA-U	pseudogene_I	pred	AMR	False	known	partial_cds	992
HLA-U	pseudogene_I	pred	AMR	True	f2_protein	clean	75
HLA-U	pseudogene_I	pred	AMR	True	f2_protein	homopolymer_indel	20
HLA-U	pseudogene_I	pred	AMR	True	f2_protein	partial_cds	1079
HLA-U	pseudogene_I	pred	AMR	True	f3_synonymous	clean	<20
HLA-U	pseudogene_I	pred	AMR	True	f3_synonymous	partial_cds	<20
HLA-U	pseudogene_I	pred	AMR	True	f4_noncoding	clean	<20
HLA-U	pseudogene_I	pred	AMR	True	f4_noncoding	partial_cds	2053
HLA-U	pseudogene_I	pred	AMR	True	known	clean	123
HLA-U	pseudogene_I	pred	AMR	True	known	partial_cds	945
HLA-U	pseudogene_I	pred	EAS	False	f2_protein	clean	<20
HLA-U	pseudogene_I	pred	EAS	False	f2_protein	homopolymer_indel	<20
HLA-U	pseudogene_I	pred	EAS	False	f2_protein	partial_cds	267
HLA-U	pseudogene_I	pred	EAS	False	f3_synonymous	partial_cds	<20
HLA-U	pseudogene_I	pred	EAS	False	f4_noncoding	partial_cds	1745
HLA-U	pseudogene_I	pred	EAS	False	known	clean	<20
HLA-U	pseudogene_I	pred	EAS	False	known	partial_cds	175
HLA-U	pseudogene_I	pred	EAS	True	f2_protein	clean	<20
HLA-U	pseudogene_I	pred	EAS	True	f2_protein	homopolymer_indel	<20
HLA-U	pseudogene_I	pred	EAS	True	f2_protein	partial_cds	259
HLA-U	pseudogene_I	pred	EAS	True	f3_synonymous	partial_cds	<20
HLA-U	pseudogene_I	pred	EAS	True	f4_noncoding	partial_cds	1710
HLA-U	pseudogene_I	pred	EAS	True	known	clean	<20
HLA-U	pseudogene_I	pred	EAS	True	known	partial_cds	169
HLA-U	pseudogene_I	pred	EUR	False	f2_protein	clean	<20
HLA-U	pseudogene_I	pred	EUR	False	f2_protein	homopolymer_indel	26
HLA-U	pseudogene_I	pred	EUR	False	f2_protein	partial_cds	1099
HLA-U	pseudogene_I	pred	EUR	False	f3_synonymous	clean	<20
HLA-U	pseudogene_I	pred	EUR	False	f3_synonymous	partial_cds	<20
HLA-U	pseudogene_I	pred	EUR	False	f4_noncoding	clean	<20
HLA-U	pseudogene_I	pred	EUR	False	f4_noncoding	partial_cds	2011
HLA-U	pseudogene_I	pred	EUR	False	known	clean	226
HLA-U	pseudogene_I	pred	EUR	False	known	partial_cds	1801
HLA-U	pseudogene_I	pred	EUR	True	f2_protein	clean	<20
HLA-U	pseudogene_I	pred	EUR	True	f2_protein	homopolymer_indel	24
HLA-U	pseudogene_I	pred	EUR	True	f2_protein	partial_cds	1076
HLA-U	pseudogene_I	pred	EUR	True	f3_synonymous	clean	<20
HLA-U	pseudogene_I	pred	EUR	True	f3_synonymous	partial_cds	<20
HLA-U	pseudogene_I	pred	EUR	True	f4_noncoding	clean	<20
HLA-U	pseudogene_I	pred	EUR	True	f4_noncoding	partial_cds	1941
HLA-U	pseudogene_I	pred	EUR	True	known	clean	215
HLA-U	pseudogene_I	pred	EUR	True	known	partial_cds	1734
HLA-U	pseudogene_I	pred	MID	False	f2_protein	clean	<20
HLA-U	pseudogene_I	pred	MID	False	f2_protein	homopolymer_indel	<20
HLA-U	pseudogene_I	pred	MID	False	f2_protein	partial_cds	194
HLA-U	pseudogene_I	pred	MID	False	f4_noncoding	partial_cds	329
HLA-U	pseudogene_I	pred	MID	False	known	clean	38
HLA-U	pseudogene_I	pred	MID	False	known	partial_cds	226
HLA-U	pseudogene_I	pred	MID	True	f2_protein	clean	<20
HLA-U	pseudogene_I	pred	MID	True	f2_protein	homopolymer_indel	<20
HLA-U	pseudogene_I	pred	MID	True	f2_protein	partial_cds	192
HLA-U	pseudogene_I	pred	MID	True	f4_noncoding	partial_cds	324
HLA-U	pseudogene_I	pred	MID	True	known	clean	38
HLA-U	pseudogene_I	pred	MID	True	known	partial_cds	222
HLA-U	pseudogene_I	pred	POOLED	False	f2_protein	clean	467
HLA-U	pseudogene_I	pred	POOLED	False	f2_protein	homopolymer_indel	102
HLA-U	pseudogene_I	pred	POOLED	False	f2_protein	partial_cds	4528
HLA-U	pseudogene_I	pred	POOLED	False	f3_synonymous	clean	<20
HLA-U	pseudogene_I	pred	POOLED	False	f3_synonymous	partial_cds	25
HLA-U	pseudogene_I	pred	POOLED	False	f4_noncoding	clean	<20
HLA-U	pseudogene_I	pred	POOLED	False	f4_noncoding	partial_cds	9358
HLA-U	pseudogene_I	pred	POOLED	False	known	clean	558
HLA-U	pseudogene_I	pred	POOLED	False	known	partial_cds	4904
HLA-U	pseudogene_I	pred	POOLED	True	f2_protein	clean	458
HLA-U	pseudogene_I	pred	POOLED	True	f2_protein	homopolymer_indel	97
HLA-U	pseudogene_I	pred	POOLED	True	f2_protein	partial_cds	4385
HLA-U	pseudogene_I	pred	POOLED	True	f3_synonymous	clean	<20
HLA-U	pseudogene_I	pred	POOLED	True	f3_synonymous	partial_cds	25
HLA-U	pseudogene_I	pred	POOLED	True	f4_noncoding	clean	<20
HLA-U	pseudogene_I	pred	POOLED	True	f4_noncoding	partial_cds	9077
HLA-U	pseudogene_I	pred	POOLED	True	known	clean	538
HLA-U	pseudogene_I	pred	POOLED	True	known	partial_cds	4748
HLA-U	pseudogene_I	pred	SAS	False	f2_protein	clean	<20
HLA-U	pseudogene_I	pred	SAS	False	f2_protein	homopolymer_indel	<20
HLA-U	pseudogene_I	pred	SAS	False	f2_protein	partial_cds	369
HLA-U	pseudogene_I	pred	SAS	False	f4_noncoding	clean	<20
HLA-U	pseudogene_I	pred	SAS	False	f4_noncoding	partial_cds	988
HLA-U	pseudogene_I	pred	SAS	False	known	clean	85
HLA-U	pseudogene_I	pred	SAS	False	known	partial_cds	567
HLA-U	pseudogene_I	pred	SAS	True	f2_protein	clean	<20
HLA-U	pseudogene_I	pred	SAS	True	f2_protein	homopolymer_indel	<20
HLA-U	pseudogene_I	pred	SAS	True	f2_protein	partial_cds	357
HLA-U	pseudogene_I	pred	SAS	True	f4_noncoding	clean	<20
HLA-U	pseudogene_I	pred	SAS	True	f4_noncoding	partial_cds	970
HLA-U	pseudogene_I	pred	SAS	True	known	clean	83
HLA-U	pseudogene_I	pred	SAS	True	known	partial_cds	560
HLA-U	pseudogene_I	pred	UNASSIGNED	False	f2_protein	clean	<20
HLA-U	pseudogene_I	pred	UNASSIGNED	False	f2_protein	homopolymer_indel	<20
HLA-U	pseudogene_I	pred	UNASSIGNED	False	f2_protein	partial_cds	<20
HLA-U	pseudogene_I	pred	UNASSIGNED	False	f4_noncoding	partial_cds	<20
HLA-U	pseudogene_I	pred	UNASSIGNED	False	known	clean	<20
HLA-U	pseudogene_I	pred	UNASSIGNED	False	known	partial_cds	<20
HLA-U	pseudogene_I	pred	UNASSIGNED	True	f2_protein	clean	<20
HLA-U	pseudogene_I	pred	UNASSIGNED	True	f2_protein	homopolymer_indel	<20
HLA-U	pseudogene_I	pred	UNASSIGNED	True	f2_protein	partial_cds	<20
HLA-U	pseudogene_I	pred	UNASSIGNED	True	f4_noncoding	partial_cds	<20
HLA-U	pseudogene_I	pred	UNASSIGNED	True	known	clean	<20
HLA-U	pseudogene_I	pred	UNASSIGNED	True	known	partial_cds	<20
HLA-U	pseudogene_I	strict	AFR	False	f2_protein	clean	304
HLA-U	pseudogene_I	strict	AFR	False	f2_protein	homopolymer_indel	<20
HLA-U	pseudogene_I	strict	AFR	False	f2_protein	partial_cds	1156
HLA-U	pseudogene_I	strict	AFR	False	f3_synonymous	partial_cds	<20
HLA-U	pseudogene_I	strict	AFR	False	f4_noncoding	clean	<20
HLA-U	pseudogene_I	strict	AFR	False	f4_noncoding	partial_cds	1624
HLA-U	pseudogene_I	strict	AFR	False	known	clean	42
HLA-U	pseudogene_I	strict	AFR	False	known	partial_cds	845
HLA-U	pseudogene_I	strict	AFR	True	f2_protein	clean	298
HLA-U	pseudogene_I	strict	AFR	True	f2_protein	homopolymer_indel	<20
HLA-U	pseudogene_I	strict	AFR	True	f2_protein	partial_cds	1118
HLA-U	pseudogene_I	strict	AFR	True	f3_synonymous	partial_cds	<20
HLA-U	pseudogene_I	strict	AFR	True	f4_noncoding	clean	<20
HLA-U	pseudogene_I	strict	AFR	True	f4_noncoding	partial_cds	1565
HLA-U	pseudogene_I	strict	AFR	True	known	clean	42
HLA-U	pseudogene_I	strict	AFR	True	known	partial_cds	823
HLA-U	pseudogene_I	strict	AMR	False	f2_protein	clean	39
HLA-U	pseudogene_I	strict	AMR	False	f2_protein	homopolymer_indel	<20
HLA-U	pseudogene_I	strict	AMR	False	f2_protein	partial_cds	706
HLA-U	pseudogene_I	strict	AMR	False	f3_synonymous	clean	<20
HLA-U	pseudogene_I	strict	AMR	False	f3_synonymous	partial_cds	<20
HLA-U	pseudogene_I	strict	AMR	False	f4_noncoding	clean	<20
HLA-U	pseudogene_I	strict	AMR	False	f4_noncoding	partial_cds	1321
HLA-U	pseudogene_I	strict	AMR	False	known	clean	77
HLA-U	pseudogene_I	strict	AMR	False	known	partial_cds	503
HLA-U	pseudogene_I	strict	AMR	True	f2_protein	clean	38
HLA-U	pseudogene_I	strict	AMR	True	f2_protein	homopolymer_indel	<20
HLA-U	pseudogene_I	strict	AMR	True	f2_protein	partial_cds	663
HLA-U	pseudogene_I	strict	AMR	True	f3_synonymous	clean	<20
HLA-U	pseudogene_I	strict	AMR	True	f3_synonymous	partial_cds	<20
HLA-U	pseudogene_I	strict	AMR	True	f4_noncoding	clean	<20
HLA-U	pseudogene_I	strict	AMR	True	f4_noncoding	partial_cds	1252
HLA-U	pseudogene_I	strict	AMR	True	known	clean	72
HLA-U	pseudogene_I	strict	AMR	True	known	partial_cds	467
HLA-U	pseudogene_I	strict	EAS	False	f2_protein	clean	<20
HLA-U	pseudogene_I	strict	EAS	False	f2_protein	homopolymer_indel	<20
HLA-U	pseudogene_I	strict	EAS	False	f2_protein	partial_cds	223
HLA-U	pseudogene_I	strict	EAS	False	f3_synonymous	partial_cds	<20
HLA-U	pseudogene_I	strict	EAS	False	f4_noncoding	partial_cds	1584
HLA-U	pseudogene_I	strict	EAS	False	known	partial_cds	106
HLA-U	pseudogene_I	strict	EAS	True	f2_protein	clean	<20
HLA-U	pseudogene_I	strict	EAS	True	f2_protein	homopolymer_indel	<20
HLA-U	pseudogene_I	strict	EAS	True	f2_protein	partial_cds	215
HLA-U	pseudogene_I	strict	EAS	True	f3_synonymous	partial_cds	<20
HLA-U	pseudogene_I	strict	EAS	True	f4_noncoding	partial_cds	1550
HLA-U	pseudogene_I	strict	EAS	True	known	partial_cds	101
HLA-U	pseudogene_I	strict	EUR	False	f2_protein	clean	<20
HLA-U	pseudogene_I	strict	EUR	False	f2_protein	homopolymer_indel	<20
HLA-U	pseudogene_I	strict	EUR	False	f2_protein	partial_cds	380
HLA-U	pseudogene_I	strict	EUR	False	f4_noncoding	clean	<20
HLA-U	pseudogene_I	strict	EUR	False	f4_noncoding	partial_cds	957
HLA-U	pseudogene_I	strict	EUR	False	known	clean	114
HLA-U	pseudogene_I	strict	EUR	False	known	partial_cds	907
HLA-U	pseudogene_I	strict	EUR	True	f2_protein	clean	<20
HLA-U	pseudogene_I	strict	EUR	True	f2_protein	homopolymer_indel	<20
HLA-U	pseudogene_I	strict	EUR	True	f2_protein	partial_cds	363
HLA-U	pseudogene_I	strict	EUR	True	f4_noncoding	clean	<20
HLA-U	pseudogene_I	strict	EUR	True	f4_noncoding	partial_cds	900
HLA-U	pseudogene_I	strict	EUR	True	known	clean	106
HLA-U	pseudogene_I	strict	EUR	True	known	partial_cds	849
HLA-U	pseudogene_I	strict	MID	False	f2_protein	clean	<20
HLA-U	pseudogene_I	strict	MID	False	f2_protein	homopolymer_indel	<20
HLA-U	pseudogene_I	strict	MID	False	f2_protein	partial_cds	124
HLA-U	pseudogene_I	strict	MID	False	f4_noncoding	partial_cds	212
HLA-U	pseudogene_I	strict	MID	False	known	clean	25
HLA-U	pseudogene_I	strict	MID	False	known	partial_cds	139
HLA-U	pseudogene_I	strict	MID	True	f2_protein	clean	<20
HLA-U	pseudogene_I	strict	MID	True	f2_protein	homopolymer_indel	<20
HLA-U	pseudogene_I	strict	MID	True	f2_protein	partial_cds	123
HLA-U	pseudogene_I	strict	MID	True	f4_noncoding	partial_cds	208
HLA-U	pseudogene_I	strict	MID	True	known	clean	25
HLA-U	pseudogene_I	strict	MID	True	known	partial_cds	136
HLA-U	pseudogene_I	strict	POOLED	False	f2_protein	clean	467
HLA-U	pseudogene_I	strict	POOLED	False	f2_protein	homopolymer_indel	102
HLA-U	pseudogene_I	strict	POOLED	False	f2_protein	partial_cds	4528
HLA-U	pseudogene_I	strict	POOLED	False	f3_synonymous	clean	<20
HLA-U	pseudogene_I	strict	POOLED	False	f3_synonymous	partial_cds	25
HLA-U	pseudogene_I	strict	POOLED	False	f4_noncoding	clean	<20
HLA-U	pseudogene_I	strict	POOLED	False	f4_noncoding	partial_cds	9358
HLA-U	pseudogene_I	strict	POOLED	False	known	clean	558
HLA-U	pseudogene_I	strict	POOLED	False	known	partial_cds	4904
HLA-U	pseudogene_I	strict	POOLED	True	f2_protein	clean	458
HLA-U	pseudogene_I	strict	POOLED	True	f2_protein	homopolymer_indel	97
HLA-U	pseudogene_I	strict	POOLED	True	f2_protein	partial_cds	4385
HLA-U	pseudogene_I	strict	POOLED	True	f3_synonymous	clean	<20
HLA-U	pseudogene_I	strict	POOLED	True	f3_synonymous	partial_cds	25
HLA-U	pseudogene_I	strict	POOLED	True	f4_noncoding	clean	<20
HLA-U	pseudogene_I	strict	POOLED	True	f4_noncoding	partial_cds	9077
HLA-U	pseudogene_I	strict	POOLED	True	known	clean	538
HLA-U	pseudogene_I	strict	POOLED	True	known	partial_cds	4748
HLA-U	pseudogene_I	strict	SAS	False	f2_protein	clean	<20
HLA-U	pseudogene_I	strict	SAS	False	f2_protein	homopolymer_indel	<20
HLA-U	pseudogene_I	strict	SAS	False	f2_protein	partial_cds	344
HLA-U	pseudogene_I	strict	SAS	False	f4_noncoding	clean	<20
HLA-U	pseudogene_I	strict	SAS	False	f4_noncoding	partial_cds	909
HLA-U	pseudogene_I	strict	SAS	False	known	clean	78
HLA-U	pseudogene_I	strict	SAS	False	known	partial_cds	534
HLA-U	pseudogene_I	strict	SAS	True	f2_protein	clean	<20
HLA-U	pseudogene_I	strict	SAS	True	f2_protein	homopolymer_indel	<20
HLA-U	pseudogene_I	strict	SAS	True	f2_protein	partial_cds	336
HLA-U	pseudogene_I	strict	SAS	True	f4_noncoding	clean	<20
HLA-U	pseudogene_I	strict	SAS	True	f4_noncoding	partial_cds	895
HLA-U	pseudogene_I	strict	SAS	True	known	clean	76
HLA-U	pseudogene_I	strict	SAS	True	known	partial_cds	527
HLA-U	pseudogene_I	strict	UNASSIGNED	False	f2_protein	clean	108
HLA-U	pseudogene_I	strict	UNASSIGNED	False	f2_protein	homopolymer_indel	41
HLA-U	pseudogene_I	strict	UNASSIGNED	False	f2_protein	partial_cds	1595
HLA-U	pseudogene_I	strict	UNASSIGNED	False	f3_synonymous	clean	<20
HLA-U	pseudogene_I	strict	UNASSIGNED	False	f3_synonymous	partial_cds	<20
HLA-U	pseudogene_I	strict	UNASSIGNED	False	f4_noncoding	clean	<20
HLA-U	pseudogene_I	strict	UNASSIGNED	False	f4_noncoding	partial_cds	2751
HLA-U	pseudogene_I	strict	UNASSIGNED	False	known	clean	222
HLA-U	pseudogene_I	strict	UNASSIGNED	False	known	partial_cds	1870
HLA-U	pseudogene_I	strict	UNASSIGNED	True	f2_protein	clean	106
HLA-U	pseudogene_I	strict	UNASSIGNED	True	f2_protein	homopolymer_indel	39
HLA-U	pseudogene_I	strict	UNASSIGNED	True	f2_protein	partial_cds	1567
HLA-U	pseudogene_I	strict	UNASSIGNED	True	f3_synonymous	clean	<20
HLA-U	pseudogene_I	strict	UNASSIGNED	True	f3_synonymous	partial_cds	<20
HLA-U	pseudogene_I	strict	UNASSIGNED	True	f4_noncoding	clean	<20
HLA-U	pseudogene_I	strict	UNASSIGNED	True	f4_noncoding	partial_cds	2707
HLA-U	pseudogene_I	strict	UNASSIGNED	True	known	clean	217
HLA-U	pseudogene_I	strict	UNASSIGNED	True	known	partial_cds	1845
HLA-V	pseudogene_I	pred	AFR	False	f2_protein	clean	1542
HLA-V	pseudogene_I	pred	AFR	False	f2_protein	homopolymer_indel	84
HLA-V	pseudogene_I	pred	AFR	False	f2_protein	partial_cds	370
HLA-V	pseudogene_I	pred	AFR	False	f3_synonymous	partial_cds	<20
HLA-V	pseudogene_I	pred	AFR	False	f4_noncoding	partial_cds	760
HLA-V	pseudogene_I	pred	AFR	False	known	partial_cds	3261
HLA-V	pseudogene_I	pred	AFR	True	f2_protein	clean	1495
HLA-V	pseudogene_I	pred	AFR	True	f2_protein	homopolymer_indel	81
HLA-V	pseudogene_I	pred	AFR	True	f2_protein	partial_cds	356
HLA-V	pseudogene_I	pred	AFR	True	f3_synonymous	partial_cds	<20
HLA-V	pseudogene_I	pred	AFR	True	f4_noncoding	partial_cds	737
HLA-V	pseudogene_I	pred	AFR	True	known	partial_cds	3176
HLA-V	pseudogene_I	pred	AMR	False	f2_protein	clean	720
HLA-V	pseudogene_I	pred	AMR	False	f2_protein	homopolymer_indel	81
HLA-V	pseudogene_I	pred	AMR	False	f2_protein	partial_cds	423
HLA-V	pseudogene_I	pred	AMR	False	f3_synonymous	partial_cds	<20
HLA-V	pseudogene_I	pred	AMR	False	f4_noncoding	partial_cds	296
HLA-V	pseudogene_I	pred	AMR	False	known	partial_cds	3857
HLA-V	pseudogene_I	pred	AMR	True	f2_protein	clean	688
HLA-V	pseudogene_I	pred	AMR	True	f2_protein	homopolymer_indel	78
HLA-V	pseudogene_I	pred	AMR	True	f2_protein	partial_cds	401
HLA-V	pseudogene_I	pred	AMR	True	f3_synonymous	partial_cds	<20
HLA-V	pseudogene_I	pred	AMR	True	f4_noncoding	partial_cds	290
HLA-V	pseudogene_I	pred	AMR	True	known	partial_cds	3687
HLA-V	pseudogene_I	pred	EAS	False	f2_protein	clean	263
HLA-V	pseudogene_I	pred	EAS	False	f2_protein	homopolymer_indel	30
HLA-V	pseudogene_I	pred	EAS	False	f2_protein	partial_cds	467
HLA-V	pseudogene_I	pred	EAS	False	f3_synonymous	partial_cds	<20
HLA-V	pseudogene_I	pred	EAS	False	f4_noncoding	partial_cds	184
HLA-V	pseudogene_I	pred	EAS	False	known	partial_cds	1947
HLA-V	pseudogene_I	pred	EAS	False	uncalled	partial_cds	<20
HLA-V	pseudogene_I	pred	EAS	True	f2_protein	clean	260
HLA-V	pseudogene_I	pred	EAS	True	f2_protein	homopolymer_indel	30
HLA-V	pseudogene_I	pred	EAS	True	f2_protein	partial_cds	459
HLA-V	pseudogene_I	pred	EAS	True	f3_synonymous	partial_cds	<20
HLA-V	pseudogene_I	pred	EAS	True	f4_noncoding	partial_cds	181
HLA-V	pseudogene_I	pred	EAS	True	known	partial_cds	1896
HLA-V	pseudogene_I	pred	EAS	True	uncalled	partial_cds	<20
HLA-V	pseudogene_I	pred	EUR	False	f2_protein	clean	435
HLA-V	pseudogene_I	pred	EUR	False	f2_protein	homopolymer_indel	94
HLA-V	pseudogene_I	pred	EUR	False	f2_protein	partial_cds	486
HLA-V	pseudogene_I	pred	EUR	False	f3_synonymous	partial_cds	<20
HLA-V	pseudogene_I	pred	EUR	False	f4_noncoding	partial_cds	256
HLA-V	pseudogene_I	pred	EUR	False	known	partial_cds	4688
HLA-V	pseudogene_I	pred	EUR	True	f2_protein	clean	424
HLA-V	pseudogene_I	pred	EUR	True	f2_protein	homopolymer_indel	90
HLA-V	pseudogene_I	pred	EUR	True	f2_protein	partial_cds	468
HLA-V	pseudogene_I	pred	EUR	True	f3_synonymous	partial_cds	<20
HLA-V	pseudogene_I	pred	EUR	True	f4_noncoding	partial_cds	251
HLA-V	pseudogene_I	pred	EUR	True	known	partial_cds	4524
HLA-V	pseudogene_I	pred	MID	False	f2_protein	clean	104
HLA-V	pseudogene_I	pred	MID	False	f2_protein	homopolymer_indel	<20
HLA-V	pseudogene_I	pred	MID	False	f2_protein	partial_cds	110
HLA-V	pseudogene_I	pred	MID	False	f3_synonymous	partial_cds	<20
HLA-V	pseudogene_I	pred	MID	False	f4_noncoding	partial_cds	82
HLA-V	pseudogene_I	pred	MID	False	known	partial_cds	650
HLA-V	pseudogene_I	pred	MID	True	f2_protein	clean	103
HLA-V	pseudogene_I	pred	MID	True	f2_protein	homopolymer_indel	<20
HLA-V	pseudogene_I	pred	MID	True	f2_protein	partial_cds	107
HLA-V	pseudogene_I	pred	MID	True	f3_synonymous	partial_cds	<20
HLA-V	pseudogene_I	pred	MID	True	f4_noncoding	partial_cds	81
HLA-V	pseudogene_I	pred	MID	True	known	partial_cds	640
HLA-V	pseudogene_I	pred	POOLED	False	f2_protein	clean	3273
HLA-V	pseudogene_I	pred	POOLED	False	f2_protein	homopolymer_indel	335
HLA-V	pseudogene_I	pred	POOLED	False	f2_protein	partial_cds	2205
HLA-V	pseudogene_I	pred	POOLED	False	f3_synonymous	partial_cds	26
HLA-V	pseudogene_I	pred	POOLED	False	f4_noncoding	partial_cds	1833
HLA-V	pseudogene_I	pred	POOLED	False	known	partial_cds	16039
HLA-V	pseudogene_I	pred	POOLED	False	uncalled	partial_cds	<20
HLA-V	pseudogene_I	pred	POOLED	True	f2_protein	clean	3176
HLA-V	pseudogene_I	pred	POOLED	True	f2_protein	homopolymer_indel	325
HLA-V	pseudogene_I	pred	POOLED	True	f2_protein	partial_cds	2136
HLA-V	pseudogene_I	pred	POOLED	True	f3_synonymous	partial_cds	26
HLA-V	pseudogene_I	pred	POOLED	True	f4_noncoding	partial_cds	1790
HLA-V	pseudogene_I	pred	POOLED	True	known	partial_cds	15528
HLA-V	pseudogene_I	pred	POOLED	True	uncalled	partial_cds	<20
HLA-V	pseudogene_I	pred	SAS	False	f2_protein	clean	204
HLA-V	pseudogene_I	pred	SAS	False	f2_protein	homopolymer_indel	35
HLA-V	pseudogene_I	pred	SAS	False	f2_protein	partial_cds	345
HLA-V	pseudogene_I	pred	SAS	False	f3_synonymous	partial_cds	<20
HLA-V	pseudogene_I	pred	SAS	False	f4_noncoding	partial_cds	255
HLA-V	pseudogene_I	pred	SAS	False	known	partial_cds	1601
HLA-V	pseudogene_I	pred	SAS	True	f2_protein	clean	201
HLA-V	pseudogene_I	pred	SAS	True	f2_protein	homopolymer_indel	35
HLA-V	pseudogene_I	pred	SAS	True	f2_protein	partial_cds	341
HLA-V	pseudogene_I	pred	SAS	True	f3_synonymous	partial_cds	<20
HLA-V	pseudogene_I	pred	SAS	True	f4_noncoding	partial_cds	250
HLA-V	pseudogene_I	pred	SAS	True	known	partial_cds	1570
HLA-V	pseudogene_I	pred	UNASSIGNED	False	f2_protein	clean	<20
HLA-V	pseudogene_I	pred	UNASSIGNED	False	f2_protein	homopolymer_indel	<20
HLA-V	pseudogene_I	pred	UNASSIGNED	False	f2_protein	partial_cds	<20
HLA-V	pseudogene_I	pred	UNASSIGNED	False	known	partial_cds	35
HLA-V	pseudogene_I	pred	UNASSIGNED	True	f2_protein	clean	<20
HLA-V	pseudogene_I	pred	UNASSIGNED	True	f2_protein	homopolymer_indel	<20
HLA-V	pseudogene_I	pred	UNASSIGNED	True	f2_protein	partial_cds	<20
HLA-V	pseudogene_I	pred	UNASSIGNED	True	known	partial_cds	35
HLA-V	pseudogene_I	strict	AFR	False	f2_protein	clean	1270
HLA-V	pseudogene_I	strict	AFR	False	f2_protein	homopolymer_indel	62
HLA-V	pseudogene_I	strict	AFR	False	f2_protein	partial_cds	268
HLA-V	pseudogene_I	strict	AFR	False	f4_noncoding	partial_cds	622
HLA-V	pseudogene_I	strict	AFR	False	known	partial_cds	2432
HLA-V	pseudogene_I	strict	AFR	True	f2_protein	clean	1228
HLA-V	pseudogene_I	strict	AFR	True	f2_protein	homopolymer_indel	59
HLA-V	pseudogene_I	strict	AFR	True	f2_protein	partial_cds	256
HLA-V	pseudogene_I	strict	AFR	True	f4_noncoding	partial_cds	601
HLA-V	pseudogene_I	strict	AFR	True	known	partial_cds	2358
HLA-V	pseudogene_I	strict	AMR	False	f2_protein	clean	429
HLA-V	pseudogene_I	strict	AMR	False	f2_protein	homopolymer_indel	45
HLA-V	pseudogene_I	strict	AMR	False	f2_protein	partial_cds	241
HLA-V	pseudogene_I	strict	AMR	False	f4_noncoding	partial_cds	139
HLA-V	pseudogene_I	strict	AMR	False	known	partial_cds	2415
HLA-V	pseudogene_I	strict	AMR	True	f2_protein	clean	402
HLA-V	pseudogene_I	strict	AMR	True	f2_protein	homopolymer_indel	44
HLA-V	pseudogene_I	strict	AMR	True	f2_protein	partial_cds	223
HLA-V	pseudogene_I	strict	AMR	True	f4_noncoding	partial_cds	135
HLA-V	pseudogene_I	strict	AMR	True	known	partial_cds	2279
HLA-V	pseudogene_I	strict	EAS	False	f2_protein	clean	232
HLA-V	pseudogene_I	strict	EAS	False	f2_protein	homopolymer_indel	21
HLA-V	pseudogene_I	strict	EAS	False	f2_protein	partial_cds	430
HLA-V	pseudogene_I	strict	EAS	False	f3_synonymous	partial_cds	<20
HLA-V	pseudogene_I	strict	EAS	False	f4_noncoding	partial_cds	156
HLA-V	pseudogene_I	strict	EAS	False	known	partial_cds	1681
HLA-V	pseudogene_I	strict	EAS	False	uncalled	partial_cds	<20
HLA-V	pseudogene_I	strict	EAS	True	f2_protein	clean	229
HLA-V	pseudogene_I	strict	EAS	True	f2_protein	homopolymer_indel	21
HLA-V	pseudogene_I	strict	EAS	True	f2_protein	partial_cds	423
HLA-V	pseudogene_I	strict	EAS	True	f3_synonymous	partial_cds	<20
HLA-V	pseudogene_I	strict	EAS	True	f4_noncoding	partial_cds	154
HLA-V	pseudogene_I	strict	EAS	True	known	partial_cds	1630
HLA-V	pseudogene_I	strict	EAS	True	uncalled	partial_cds	<20
HLA-V	pseudogene_I	strict	EUR	False	f2_protein	clean	149
HLA-V	pseudogene_I	strict	EUR	False	f2_protein	homopolymer_indel	46
HLA-V	pseudogene_I	strict	EUR	False	f2_protein	partial_cds	186
HLA-V	pseudogene_I	strict	EUR	False	f3_synonymous	partial_cds	<20
HLA-V	pseudogene_I	strict	EUR	False	f4_noncoding	partial_cds	106
HLA-V	pseudogene_I	strict	EUR	False	known	partial_cds	2162
HLA-V	pseudogene_I	strict	EUR	True	f2_protein	clean	141
HLA-V	pseudogene_I	strict	EUR	True	f2_protein	homopolymer_indel	42
HLA-V	pseudogene_I	strict	EUR	True	f2_protein	partial_cds	170
HLA-V	pseudogene_I	strict	EUR	True	f3_synonymous	partial_cds	<20
HLA-V	pseudogene_I	strict	EUR	True	f4_noncoding	partial_cds	101
HLA-V	pseudogene_I	strict	EUR	True	known	partial_cds	2032
HLA-V	pseudogene_I	strict	MID	False	f2_protein	clean	57
HLA-V	pseudogene_I	strict	MID	False	f2_protein	homopolymer_indel	<20
HLA-V	pseudogene_I	strict	MID	False	f2_protein	partial_cds	70
HLA-V	pseudogene_I	strict	MID	False	f3_synonymous	partial_cds	<20
HLA-V	pseudogene_I	strict	MID	False	f4_noncoding	partial_cds	53
HLA-V	pseudogene_I	strict	MID	False	known	partial_cds	415
HLA-V	pseudogene_I	strict	MID	True	f2_protein	clean	57
HLA-V	pseudogene_I	strict	MID	True	f2_protein	homopolymer_indel	<20
HLA-V	pseudogene_I	strict	MID	True	f2_protein	partial_cds	68
HLA-V	pseudogene_I	strict	MID	True	f3_synonymous	partial_cds	<20
HLA-V	pseudogene_I	strict	MID	True	f4_noncoding	partial_cds	53
HLA-V	pseudogene_I	strict	MID	True	known	partial_cds	406
HLA-V	pseudogene_I	strict	POOLED	False	f2_protein	clean	3273
HLA-V	pseudogene_I	strict	POOLED	False	f2_protein	homopolymer_indel	335
HLA-V	pseudogene_I	strict	POOLED	False	f2_protein	partial_cds	2205
HLA-V	pseudogene_I	strict	POOLED	False	f3_synonymous	partial_cds	26
HLA-V	pseudogene_I	strict	POOLED	False	f4_noncoding	partial_cds	1833
HLA-V	pseudogene_I	strict	POOLED	False	known	partial_cds	16039
HLA-V	pseudogene_I	strict	POOLED	False	uncalled	partial_cds	<20
HLA-V	pseudogene_I	strict	POOLED	True	f2_protein	clean	3176
HLA-V	pseudogene_I	strict	POOLED	True	f2_protein	homopolymer_indel	325
HLA-V	pseudogene_I	strict	POOLED	True	f2_protein	partial_cds	2136
HLA-V	pseudogene_I	strict	POOLED	True	f3_synonymous	partial_cds	26
HLA-V	pseudogene_I	strict	POOLED	True	f4_noncoding	partial_cds	1790
HLA-V	pseudogene_I	strict	POOLED	True	known	partial_cds	15528
HLA-V	pseudogene_I	strict	POOLED	True	uncalled	partial_cds	<20
HLA-V	pseudogene_I	strict	SAS	False	f2_protein	clean	181
HLA-V	pseudogene_I	strict	SAS	False	f2_protein	homopolymer_indel	33
HLA-V	pseudogene_I	strict	SAS	False	f2_protein	partial_cds	326
HLA-V	pseudogene_I	strict	SAS	False	f3_synonymous	partial_cds	<20
HLA-V	pseudogene_I	strict	SAS	False	f4_noncoding	partial_cds	242
HLA-V	pseudogene_I	strict	SAS	False	known	partial_cds	1481
HLA-V	pseudogene_I	strict	SAS	True	f2_protein	clean	179
HLA-V	pseudogene_I	strict	SAS	True	f2_protein	homopolymer_indel	33
HLA-V	pseudogene_I	strict	SAS	True	f2_protein	partial_cds	322
HLA-V	pseudogene_I	strict	SAS	True	f3_synonymous	partial_cds	<20
HLA-V	pseudogene_I	strict	SAS	True	f4_noncoding	partial_cds	238
HLA-V	pseudogene_I	strict	SAS	True	known	partial_cds	1456
HLA-V	pseudogene_I	strict	UNASSIGNED	False	f2_protein	clean	955
HLA-V	pseudogene_I	strict	UNASSIGNED	False	f2_protein	homopolymer_indel	124
HLA-V	pseudogene_I	strict	UNASSIGNED	False	f2_protein	partial_cds	684
HLA-V	pseudogene_I	strict	UNASSIGNED	False	f3_synonymous	partial_cds	<20
HLA-V	pseudogene_I	strict	UNASSIGNED	False	f4_noncoding	partial_cds	515
HLA-V	pseudogene_I	strict	UNASSIGNED	False	known	partial_cds	5453
HLA-V	pseudogene_I	strict	UNASSIGNED	True	f2_protein	clean	940
HLA-V	pseudogene_I	strict	UNASSIGNED	True	f2_protein	homopolymer_indel	122
HLA-V	pseudogene_I	strict	UNASSIGNED	True	f2_protein	partial_cds	674
HLA-V	pseudogene_I	strict	UNASSIGNED	True	f3_synonymous	partial_cds	<20
HLA-V	pseudogene_I	strict	UNASSIGNED	True	f4_noncoding	partial_cds	508
HLA-V	pseudogene_I	strict	UNASSIGNED	True	known	partial_cds	5367
HLA-W	pseudogene_I	pred	AFR	False	f2_protein	clean	1434
HLA-W	pseudogene_I	pred	AFR	False	f2_protein	homopolymer_indel	32
HLA-W	pseudogene_I	pred	AFR	False	f2_protein	partial_cds	2725
HLA-W	pseudogene_I	pred	AFR	False	f3_synonymous	clean	<20
HLA-W	pseudogene_I	pred	AFR	False	f3_synonymous	partial_cds	<20
HLA-W	pseudogene_I	pred	AFR	False	f4_noncoding	clean	280
HLA-W	pseudogene_I	pred	AFR	False	f4_noncoding	partial_cds	547
HLA-W	pseudogene_I	pred	AFR	False	known	clean	521
HLA-W	pseudogene_I	pred	AFR	False	known	partial_cds	374
HLA-W	pseudogene_I	pred	AFR	True	f2_protein	clean	1384
HLA-W	pseudogene_I	pred	AFR	True	f2_protein	homopolymer_indel	31
HLA-W	pseudogene_I	pred	AFR	True	f2_protein	partial_cds	2648
HLA-W	pseudogene_I	pred	AFR	True	f3_synonymous	clean	<20
HLA-W	pseudogene_I	pred	AFR	True	f3_synonymous	partial_cds	<20
HLA-W	pseudogene_I	pred	AFR	True	f4_noncoding	clean	271
HLA-W	pseudogene_I	pred	AFR	True	f4_noncoding	partial_cds	538
HLA-W	pseudogene_I	pred	AFR	True	known	clean	514
HLA-W	pseudogene_I	pred	AFR	True	known	partial_cds	362
HLA-W	pseudogene_I	pred	AMR	False	f1_undetermined	partial_cds	<20
HLA-W	pseudogene_I	pred	AMR	False	f2_protein	clean	840
HLA-W	pseudogene_I	pred	AMR	False	f2_protein	homopolymer_indel	48
HLA-W	pseudogene_I	pred	AMR	False	f2_protein	partial_cds	1745
HLA-W	pseudogene_I	pred	AMR	False	f3_synonymous	clean	<20
HLA-W	pseudogene_I	pred	AMR	False	f3_synonymous	partial_cds	<20
HLA-W	pseudogene_I	pred	AMR	False	f4_noncoding	clean	309
HLA-W	pseudogene_I	pred	AMR	False	f4_noncoding	partial_cds	615
HLA-W	pseudogene_I	pred	AMR	False	known	clean	794
HLA-W	pseudogene_I	pred	AMR	False	known	partial_cds	1009
HLA-W	pseudogene_I	pred	AMR	True	f1_undetermined	partial_cds	<20
HLA-W	pseudogene_I	pred	AMR	True	f2_protein	clean	810
HLA-W	pseudogene_I	pred	AMR	True	f2_protein	homopolymer_indel	46
HLA-W	pseudogene_I	pred	AMR	True	f2_protein	partial_cds	1662
HLA-W	pseudogene_I	pred	AMR	True	f3_synonymous	clean	<20
HLA-W	pseudogene_I	pred	AMR	True	f3_synonymous	partial_cds	<20
HLA-W	pseudogene_I	pred	AMR	True	f4_noncoding	clean	296
HLA-W	pseudogene_I	pred	AMR	True	f4_noncoding	partial_cds	596
HLA-W	pseudogene_I	pred	AMR	True	known	clean	757
HLA-W	pseudogene_I	pred	AMR	True	known	partial_cds	961
HLA-W	pseudogene_I	pred	EAS	False	f2_protein	clean	526
HLA-W	pseudogene_I	pred	EAS	False	f2_protein	homopolymer_indel	20
HLA-W	pseudogene_I	pred	EAS	False	f2_protein	partial_cds	1101
HLA-W	pseudogene_I	pred	EAS	False	f3_synonymous	clean	<20
HLA-W	pseudogene_I	pred	EAS	False	f3_synonymous	partial_cds	<20
HLA-W	pseudogene_I	pred	EAS	False	f4_noncoding	clean	109
HLA-W	pseudogene_I	pred	EAS	False	f4_noncoding	partial_cds	213
HLA-W	pseudogene_I	pred	EAS	False	known	clean	318
HLA-W	pseudogene_I	pred	EAS	False	known	partial_cds	505
HLA-W	pseudogene_I	pred	EAS	True	f2_protein	clean	512
HLA-W	pseudogene_I	pred	EAS	True	f2_protein	homopolymer_indel	20
HLA-W	pseudogene_I	pred	EAS	True	f2_protein	partial_cds	1076
HLA-W	pseudogene_I	pred	EAS	True	f3_synonymous	clean	<20
HLA-W	pseudogene_I	pred	EAS	True	f3_synonymous	partial_cds	<20
HLA-W	pseudogene_I	pred	EAS	True	f4_noncoding	clean	104
HLA-W	pseudogene_I	pred	EAS	True	f4_noncoding	partial_cds	210
HLA-W	pseudogene_I	pred	EAS	True	known	clean	312
HLA-W	pseudogene_I	pred	EAS	True	known	partial_cds	496
HLA-W	pseudogene_I	pred	EUR	False	f2_protein	clean	951
HLA-W	pseudogene_I	pred	EUR	False	f2_protein	homopolymer_indel	69
HLA-W	pseudogene_I	pred	EUR	False	f2_protein	partial_cds	1289
HLA-W	pseudogene_I	pred	EUR	False	f3_synonymous	clean	<20
HLA-W	pseudogene_I	pred	EUR	False	f3_synonymous	partial_cds	<20
HLA-W	pseudogene_I	pred	EUR	False	f4_noncoding	clean	605
HLA-W	pseudogene_I	pred	EUR	False	f4_noncoding	partial_cds	664
HLA-W	pseudogene_I	pred	EUR	False	known	clean	1357
HLA-W	pseudogene_I	pred	EUR	False	known	partial_cds	1007
HLA-W	pseudogene_I	pred	EUR	False	uncalled	partial_cds	<20
HLA-W	pseudogene_I	pred	EUR	True	f2_protein	clean	915
HLA-W	pseudogene_I	pred	EUR	True	f2_protein	homopolymer_indel	69
HLA-W	pseudogene_I	pred	EUR	True	f2_protein	partial_cds	1249
HLA-W	pseudogene_I	pred	EUR	True	f3_synonymous	clean	<20
HLA-W	pseudogene_I	pred	EUR	True	f3_synonymous	partial_cds	<20
HLA-W	pseudogene_I	pred	EUR	True	f4_noncoding	clean	597
HLA-W	pseudogene_I	pred	EUR	True	f4_noncoding	partial_cds	636
HLA-W	pseudogene_I	pred	EUR	True	known	clean	1303
HLA-W	pseudogene_I	pred	EUR	True	known	partial_cds	970
HLA-W	pseudogene_I	pred	EUR	True	uncalled	partial_cds	<20
HLA-W	pseudogene_I	pred	MID	False	f2_protein	clean	201
HLA-W	pseudogene_I	pred	MID	False	f2_protein	homopolymer_indel	<20
HLA-W	pseudogene_I	pred	MID	False	f2_protein	partial_cds	312
HLA-W	pseudogene_I	pred	MID	False	f3_synonymous	clean	<20
HLA-W	pseudogene_I	pred	MID	False	f4_noncoding	clean	58
HLA-W	pseudogene_I	pred	MID	False	f4_noncoding	partial_cds	117
HLA-W	pseudogene_I	pred	MID	False	known	clean	164
HLA-W	pseudogene_I	pred	MID	False	known	partial_cds	106
HLA-W	pseudogene_I	pred	MID	True	f2_protein	clean	198
HLA-W	pseudogene_I	pred	MID	True	f2_protein	homopolymer_indel	<20
HLA-W	pseudogene_I	pred	MID	True	f2_protein	partial_cds	307
HLA-W	pseudogene_I	pred	MID	True	f3_synonymous	clean	<20
HLA-W	pseudogene_I	pred	MID	True	f4_noncoding	clean	58
HLA-W	pseudogene_I	pred	MID	True	f4_noncoding	partial_cds	113
HLA-W	pseudogene_I	pred	MID	True	known	clean	161
HLA-W	pseudogene_I	pred	MID	True	known	partial_cds	105
HLA-W	pseudogene_I	pred	POOLED	False	f1_undetermined	partial_cds	<20
HLA-W	pseudogene_I	pred	POOLED	False	f2_protein	clean	4415
HLA-W	pseudogene_I	pred	POOLED	False	f2_protein	homopolymer_indel	191
HLA-W	pseudogene_I	pred	POOLED	False	f2_protein	partial_cds	8095
HLA-W	pseudogene_I	pred	POOLED	False	f3_synonymous	clean	20
HLA-W	pseudogene_I	pred	POOLED	False	f3_synonymous	partial_cds	<20
HLA-W	pseudogene_I	pred	POOLED	False	f4_noncoding	clean	1498
HLA-W	pseudogene_I	pred	POOLED	False	f4_noncoding	partial_cds	2338
HLA-W	pseudogene_I	pred	POOLED	False	known	clean	3661
HLA-W	pseudogene_I	pred	POOLED	False	known	partial_cds	3301
HLA-W	pseudogene_I	pred	POOLED	False	uncalled	partial_cds	<20
HLA-W	pseudogene_I	pred	POOLED	True	f1_undetermined	partial_cds	<20
HLA-W	pseudogene_I	pred	POOLED	True	f2_protein	clean	4277
HLA-W	pseudogene_I	pred	POOLED	True	f2_protein	homopolymer_indel	188
HLA-W	pseudogene_I	pred	POOLED	True	f2_protein	partial_cds	7850
HLA-W	pseudogene_I	pred	POOLED	True	f3_synonymous	clean	20
HLA-W	pseudogene_I	pred	POOLED	True	f3_synonymous	partial_cds	<20
HLA-W	pseudogene_I	pred	POOLED	True	f4_noncoding	clean	1458
HLA-W	pseudogene_I	pred	POOLED	True	f4_noncoding	partial_cds	2271
HLA-W	pseudogene_I	pred	POOLED	True	known	clean	3547
HLA-W	pseudogene_I	pred	POOLED	True	known	partial_cds	3186
HLA-W	pseudogene_I	pred	POOLED	True	uncalled	partial_cds	<20
HLA-W	pseudogene_I	pred	SAS	False	f2_protein	clean	459
HLA-W	pseudogene_I	pred	SAS	False	f2_protein	homopolymer_indel	<20
HLA-W	pseudogene_I	pred	SAS	False	f2_protein	partial_cds	907
HLA-W	pseudogene_I	pred	SAS	False	f3_synonymous	clean	<20
HLA-W	pseudogene_I	pred	SAS	False	f4_noncoding	clean	131
HLA-W	pseudogene_I	pred	SAS	False	f4_noncoding	partial_cds	178
HLA-W	pseudogene_I	pred	SAS	False	known	clean	500
HLA-W	pseudogene_I	pred	SAS	False	known	partial_cds	293
HLA-W	pseudogene_I	pred	SAS	True	f2_protein	clean	454
HLA-W	pseudogene_I	pred	SAS	True	f2_protein	homopolymer_indel	<20
HLA-W	pseudogene_I	pred	SAS	True	f2_protein	partial_cds	892
HLA-W	pseudogene_I	pred	SAS	True	f3_synonymous	clean	<20
HLA-W	pseudogene_I	pred	SAS	True	f4_noncoding	clean	126
HLA-W	pseudogene_I	pred	SAS	True	f4_noncoding	partial_cds	174
HLA-W	pseudogene_I	pred	SAS	True	known	clean	493
HLA-W	pseudogene_I	pred	SAS	True	known	partial_cds	285
HLA-W	pseudogene_I	pred	UNASSIGNED	False	f2_protein	clean	<20
HLA-W	pseudogene_I	pred	UNASSIGNED	False	f2_protein	homopolymer_indel	<20
HLA-W	pseudogene_I	pred	UNASSIGNED	False	f2_protein	partial_cds	<20
HLA-W	pseudogene_I	pred	UNASSIGNED	False	f4_noncoding	clean	<20
HLA-W	pseudogene_I	pred	UNASSIGNED	False	f4_noncoding	partial_cds	<20
HLA-W	pseudogene_I	pred	UNASSIGNED	False	known	clean	<20
HLA-W	pseudogene_I	pred	UNASSIGNED	False	known	partial_cds	<20
HLA-W	pseudogene_I	pred	UNASSIGNED	True	f2_protein	clean	<20
HLA-W	pseudogene_I	pred	UNASSIGNED	True	f2_protein	homopolymer_indel	<20
HLA-W	pseudogene_I	pred	UNASSIGNED	True	f2_protein	partial_cds	<20
HLA-W	pseudogene_I	pred	UNASSIGNED	True	f4_noncoding	clean	<20
HLA-W	pseudogene_I	pred	UNASSIGNED	True	f4_noncoding	partial_cds	<20
HLA-W	pseudogene_I	pred	UNASSIGNED	True	known	clean	<20
HLA-W	pseudogene_I	pred	UNASSIGNED	True	known	partial_cds	<20
HLA-W	pseudogene_I	strict	AFR	False	f2_protein	clean	1158
HLA-W	pseudogene_I	strict	AFR	False	f2_protein	homopolymer_indel	22
HLA-W	pseudogene_I	strict	AFR	False	f2_protein	partial_cds	2179
HLA-W	pseudogene_I	strict	AFR	False	f3_synonymous	clean	<20
HLA-W	pseudogene_I	strict	AFR	False	f3_synonymous	partial_cds	<20
HLA-W	pseudogene_I	strict	AFR	False	f4_noncoding	clean	211
HLA-W	pseudogene_I	strict	AFR	False	f4_noncoding	partial_cds	417
HLA-W	pseudogene_I	strict	AFR	False	known	clean	355
HLA-W	pseudogene_I	strict	AFR	False	known	partial_cds	227
HLA-W	pseudogene_I	strict	AFR	True	f2_protein	clean	1112
HLA-W	pseudogene_I	strict	AFR	True	f2_protein	homopolymer_indel	21
HLA-W	pseudogene_I	strict	AFR	True	f2_protein	partial_cds	2111
HLA-W	pseudogene_I	strict	AFR	True	f3_synonymous	clean	<20
HLA-W	pseudogene_I	strict	AFR	True	f3_synonymous	partial_cds	<20
HLA-W	pseudogene_I	strict	AFR	True	f4_noncoding	clean	204
HLA-W	pseudogene_I	strict	AFR	True	f4_noncoding	partial_cds	409
HLA-W	pseudogene_I	strict	AFR	True	known	clean	350
HLA-W	pseudogene_I	strict	AFR	True	known	partial_cds	217
HLA-W	pseudogene_I	strict	AMR	False	f1_undetermined	partial_cds	<20
HLA-W	pseudogene_I	strict	AMR	False	f2_protein	clean	490
HLA-W	pseudogene_I	strict	AMR	False	f2_protein	homopolymer_indel	27
HLA-W	pseudogene_I	strict	AMR	False	f2_protein	partial_cds	1048
HLA-W	pseudogene_I	strict	AMR	False	f3_synonymous	clean	<20
HLA-W	pseudogene_I	strict	AMR	False	f3_synonymous	partial_cds	<20
HLA-W	pseudogene_I	strict	AMR	False	f4_noncoding	clean	172
HLA-W	pseudogene_I	strict	AMR	False	f4_noncoding	partial_cds	385
HLA-W	pseudogene_I	strict	AMR	False	known	clean	456
HLA-W	pseudogene_I	strict	AMR	False	known	partial_cds	670
HLA-W	pseudogene_I	strict	AMR	True	f1_undetermined	partial_cds	<20
HLA-W	pseudogene_I	strict	AMR	True	f2_protein	clean	467
HLA-W	pseudogene_I	strict	AMR	True	f2_protein	homopolymer_indel	25
HLA-W	pseudogene_I	strict	AMR	True	f2_protein	partial_cds	984
HLA-W	pseudogene_I	strict	AMR	True	f3_synonymous	clean	<20
HLA-W	pseudogene_I	strict	AMR	True	f3_synonymous	partial_cds	<20
HLA-W	pseudogene_I	strict	AMR	True	f4_noncoding	clean	161
HLA-W	pseudogene_I	strict	AMR	True	f4_noncoding	partial_cds	371
HLA-W	pseudogene_I	strict	AMR	True	known	clean	426
HLA-W	pseudogene_I	strict	AMR	True	known	partial_cds	629
HLA-W	pseudogene_I	strict	EAS	False	f2_protein	clean	453
HLA-W	pseudogene_I	strict	EAS	False	f2_protein	homopolymer_indel	<20
HLA-W	pseudogene_I	strict	EAS	False	f2_protein	partial_cds	1001
HLA-W	pseudogene_I	strict	EAS	False	f3_synonymous	clean	<20
HLA-W	pseudogene_I	strict	EAS	False	f3_synonymous	partial_cds	<20
HLA-W	pseudogene_I	strict	EAS	False	f4_noncoding	clean	87
HLA-W	pseudogene_I	strict	EAS	False	f4_noncoding	partial_cds	176
HLA-W	pseudogene_I	strict	EAS	False	known	clean	244
HLA-W	pseudogene_I	strict	EAS	False	known	partial_cds	457
HLA-W	pseudogene_I	strict	EAS	True	f2_protein	clean	440
HLA-W	pseudogene_I	strict	EAS	True	f2_protein	homopolymer_indel	<20
HLA-W	pseudogene_I	strict	EAS	True	f2_protein	partial_cds	977
HLA-W	pseudogene_I	strict	EAS	True	f3_synonymous	clean	<20
HLA-W	pseudogene_I	strict	EAS	True	f3_synonymous	partial_cds	<20
HLA-W	pseudogene_I	strict	EAS	True	f4_noncoding	clean	82
HLA-W	pseudogene_I	strict	EAS	True	f4_noncoding	partial_cds	173
HLA-W	pseudogene_I	strict	EAS	True	known	clean	238
HLA-W	pseudogene_I	strict	EAS	True	known	partial_cds	448
HLA-W	pseudogene_I	strict	EUR	False	f2_protein	clean	385
HLA-W	pseudogene_I	strict	EUR	False	f2_protein	homopolymer_indel	31
HLA-W	pseudogene_I	strict	EUR	False	f2_protein	partial_cds	464
HLA-W	pseudogene_I	strict	EUR	False	f3_synonymous	clean	<20
HLA-W	pseudogene_I	strict	EUR	False	f3_synonymous	partial_cds	<20
HLA-W	pseudogene_I	strict	EUR	False	f4_noncoding	clean	186
HLA-W	pseudogene_I	strict	EUR	False	f4_noncoding	partial_cds	335
HLA-W	pseudogene_I	strict	EUR	False	known	clean	711
HLA-W	pseudogene_I	strict	EUR	False	known	partial_cds	545
HLA-W	pseudogene_I	strict	EUR	True	f2_protein	clean	358
HLA-W	pseudogene_I	strict	EUR	True	f2_protein	homopolymer_indel	31
HLA-W	pseudogene_I	strict	EUR	True	f2_protein	partial_cds	433
HLA-W	pseudogene_I	strict	EUR	True	f3_synonymous	clean	<20
HLA-W	pseudogene_I	strict	EUR	True	f3_synonymous	partial_cds	<20
HLA-W	pseudogene_I	strict	EUR	True	f4_noncoding	clean	179
HLA-W	pseudogene_I	strict	EUR	True	f4_noncoding	partial_cds	314
HLA-W	pseudogene_I	strict	EUR	True	known	clean	664
HLA-W	pseudogene_I	strict	EUR	True	known	partial_cds	514
HLA-W	pseudogene_I	strict	MID	False	f2_protein	clean	118
HLA-W	pseudogene_I	strict	MID	False	f2_protein	homopolymer_indel	<20
HLA-W	pseudogene_I	strict	MID	False	f2_protein	partial_cds	194
HLA-W	pseudogene_I	strict	MID	False	f4_noncoding	clean	34
HLA-W	pseudogene_I	strict	MID	False	f4_noncoding	partial_cds	82
HLA-W	pseudogene_I	strict	MID	False	known	clean	103
HLA-W	pseudogene_I	strict	MID	False	known	partial_cds	71
HLA-W	pseudogene_I	strict	MID	True	f2_protein	clean	116
HLA-W	pseudogene_I	strict	MID	True	f2_protein	homopolymer_indel	<20
HLA-W	pseudogene_I	strict	MID	True	f2_protein	partial_cds	191
HLA-W	pseudogene_I	strict	MID	True	f4_noncoding	clean	34
HLA-W	pseudogene_I	strict	MID	True	f4_noncoding	partial_cds	79
HLA-W	pseudogene_I	strict	MID	True	known	clean	100
HLA-W	pseudogene_I	strict	MID	True	known	partial_cds	70
HLA-W	pseudogene_I	strict	POOLED	False	f1_undetermined	partial_cds	<20
HLA-W	pseudogene_I	strict	POOLED	False	f2_protein	clean	4415
HLA-W	pseudogene_I	strict	POOLED	False	f2_protein	homopolymer_indel	191
HLA-W	pseudogene_I	strict	POOLED	False	f2_protein	partial_cds	8095
HLA-W	pseudogene_I	strict	POOLED	False	f3_synonymous	clean	20
HLA-W	pseudogene_I	strict	POOLED	False	f3_synonymous	partial_cds	<20
HLA-W	pseudogene_I	strict	POOLED	False	f4_noncoding	clean	1498
HLA-W	pseudogene_I	strict	POOLED	False	f4_noncoding	partial_cds	2338
HLA-W	pseudogene_I	strict	POOLED	False	known	clean	3661
HLA-W	pseudogene_I	strict	POOLED	False	known	partial_cds	3301
HLA-W	pseudogene_I	strict	POOLED	False	uncalled	partial_cds	<20
HLA-W	pseudogene_I	strict	POOLED	True	f1_undetermined	partial_cds	<20
HLA-W	pseudogene_I	strict	POOLED	True	f2_protein	clean	4277
HLA-W	pseudogene_I	strict	POOLED	True	f2_protein	homopolymer_indel	188
HLA-W	pseudogene_I	strict	POOLED	True	f2_protein	partial_cds	7850
HLA-W	pseudogene_I	strict	POOLED	True	f3_synonymous	clean	20
HLA-W	pseudogene_I	strict	POOLED	True	f3_synonymous	partial_cds	<20
HLA-W	pseudogene_I	strict	POOLED	True	f4_noncoding	clean	1458
HLA-W	pseudogene_I	strict	POOLED	True	f4_noncoding	partial_cds	2271
HLA-W	pseudogene_I	strict	POOLED	True	known	clean	3547
HLA-W	pseudogene_I	strict	POOLED	True	known	partial_cds	3186
HLA-W	pseudogene_I	strict	POOLED	True	uncalled	partial_cds	<20
HLA-W	pseudogene_I	strict	SAS	False	f2_protein	clean	434
HLA-W	pseudogene_I	strict	SAS	False	f2_protein	homopolymer_indel	<20
HLA-W	pseudogene_I	strict	SAS	False	f2_protein	partial_cds	849
HLA-W	pseudogene_I	strict	SAS	False	f3_synonymous	clean	<20
HLA-W	pseudogene_I	strict	SAS	False	f4_noncoding	clean	122
HLA-W	pseudogene_I	strict	SAS	False	f4_noncoding	partial_cds	160
HLA-W	pseudogene_I	strict	SAS	False	known	clean	465
HLA-W	pseudogene_I	strict	SAS	False	known	partial_cds	264
HLA-W	pseudogene_I	strict	SAS	True	f2_protein	clean	429
HLA-W	pseudogene_I	strict	SAS	True	f2_protein	homopolymer_indel	<20
HLA-W	pseudogene_I	strict	SAS	True	f2_protein	partial_cds	835
HLA-W	pseudogene_I	strict	SAS	True	f3_synonymous	clean	<20
HLA-W	pseudogene_I	strict	SAS	True	f4_noncoding	clean	118
HLA-W	pseudogene_I	strict	SAS	True	f4_noncoding	partial_cds	157
HLA-W	pseudogene_I	strict	SAS	True	known	clean	458
HLA-W	pseudogene_I	strict	SAS	True	known	partial_cds	261
HLA-W	pseudogene_I	strict	UNASSIGNED	False	f2_protein	clean	1377
HLA-W	pseudogene_I	strict	UNASSIGNED	False	f2_protein	homopolymer_indel	76
HLA-W	pseudogene_I	strict	UNASSIGNED	False	f2_protein	partial_cds	2360
HLA-W	pseudogene_I	strict	UNASSIGNED	False	f3_synonymous	clean	<20
HLA-W	pseudogene_I	strict	UNASSIGNED	False	f3_synonymous	partial_cds	<20
HLA-W	pseudogene_I	strict	UNASSIGNED	False	f4_noncoding	clean	686
HLA-W	pseudogene_I	strict	UNASSIGNED	False	f4_noncoding	partial_cds	783
HLA-W	pseudogene_I	strict	UNASSIGNED	False	known	clean	1327
HLA-W	pseudogene_I	strict	UNASSIGNED	False	known	partial_cds	1067
HLA-W	pseudogene_I	strict	UNASSIGNED	False	uncalled	partial_cds	<20
HLA-W	pseudogene_I	strict	UNASSIGNED	True	f2_protein	clean	1355
HLA-W	pseudogene_I	strict	UNASSIGNED	True	f2_protein	homopolymer_indel	76
HLA-W	pseudogene_I	strict	UNASSIGNED	True	f2_protein	partial_cds	2319
HLA-W	pseudogene_I	strict	UNASSIGNED	True	f3_synonymous	clean	<20
HLA-W	pseudogene_I	strict	UNASSIGNED	True	f3_synonymous	partial_cds	<20
HLA-W	pseudogene_I	strict	UNASSIGNED	True	f4_noncoding	clean	680
HLA-W	pseudogene_I	strict	UNASSIGNED	True	f4_noncoding	partial_cds	768
HLA-W	pseudogene_I	strict	UNASSIGNED	True	known	clean	1311
HLA-W	pseudogene_I	strict	UNASSIGNED	True	known	partial_cds	1047
HLA-W	pseudogene_I	strict	UNASSIGNED	True	uncalled	partial_cds	<20
HLA-Y	pseudogene_I	pred	AFR	False	f2_protein	clean	<20
HLA-Y	pseudogene_I	pred	AFR	False	f2_protein	homopolymer_indel	48
HLA-Y	pseudogene_I	pred	AFR	False	f2_protein	partial_cds	<20
HLA-Y	pseudogene_I	pred	AFR	False	f3_synonymous	partial_cds	<20
HLA-Y	pseudogene_I	pred	AFR	False	f4_noncoding	partial_cds	354
HLA-Y	pseudogene_I	pred	AFR	False	known	clean	<20
HLA-Y	pseudogene_I	pred	AFR	False	known	partial_cds	897
HLA-Y	pseudogene_I	pred	AFR	True	f2_protein	clean	<20
HLA-Y	pseudogene_I	pred	AFR	True	f2_protein	homopolymer_indel	47
HLA-Y	pseudogene_I	pred	AFR	True	f2_protein	partial_cds	<20
HLA-Y	pseudogene_I	pred	AFR	True	f3_synonymous	partial_cds	<20
HLA-Y	pseudogene_I	pred	AFR	True	f4_noncoding	partial_cds	340
HLA-Y	pseudogene_I	pred	AFR	True	known	clean	<20
HLA-Y	pseudogene_I	pred	AFR	True	known	partial_cds	870
HLA-Y	pseudogene_I	pred	AMR	False	f2_protein	clean	<20
HLA-Y	pseudogene_I	pred	AMR	False	f2_protein	homopolymer_indel	36
HLA-Y	pseudogene_I	pred	AMR	False	f2_protein	partial_cds	<20
HLA-Y	pseudogene_I	pred	AMR	False	f3_synonymous	partial_cds	<20
HLA-Y	pseudogene_I	pred	AMR	False	f4_noncoding	partial_cds	197
HLA-Y	pseudogene_I	pred	AMR	False	known	clean	<20
HLA-Y	pseudogene_I	pred	AMR	False	known	partial_cds	706
HLA-Y	pseudogene_I	pred	AMR	True	f2_protein	clean	<20
HLA-Y	pseudogene_I	pred	AMR	True	f2_protein	homopolymer_indel	33
HLA-Y	pseudogene_I	pred	AMR	True	f2_protein	partial_cds	<20
HLA-Y	pseudogene_I	pred	AMR	True	f3_synonymous	partial_cds	<20
HLA-Y	pseudogene_I	pred	AMR	True	f4_noncoding	partial_cds	188
HLA-Y	pseudogene_I	pred	AMR	True	known	clean	<20
HLA-Y	pseudogene_I	pred	AMR	True	known	partial_cds	669
HLA-Y	pseudogene_I	pred	EAS	False	f2_protein	clean	<20
HLA-Y	pseudogene_I	pred	EAS	False	f2_protein	homopolymer_indel	<20
HLA-Y	pseudogene_I	pred	EAS	False	f2_protein	partial_cds	<20
HLA-Y	pseudogene_I	pred	EAS	False	f4_noncoding	clean	<20
HLA-Y	pseudogene_I	pred	EAS	False	f4_noncoding	partial_cds	63
HLA-Y	pseudogene_I	pred	EAS	False	known	clean	96
HLA-Y	pseudogene_I	pred	EAS	False	known	partial_cds	384
HLA-Y	pseudogene_I	pred	EAS	True	f2_protein	clean	<20
HLA-Y	pseudogene_I	pred	EAS	True	f2_protein	homopolymer_indel	<20
HLA-Y	pseudogene_I	pred	EAS	True	f2_protein	partial_cds	<20
HLA-Y	pseudogene_I	pred	EAS	True	f4_noncoding	clean	<20
HLA-Y	pseudogene_I	pred	EAS	True	f4_noncoding	partial_cds	60
HLA-Y	pseudogene_I	pred	EAS	True	known	clean	94
HLA-Y	pseudogene_I	pred	EAS	True	known	partial_cds	379
HLA-Y	pseudogene_I	pred	EUR	False	f2_protein	homopolymer_indel	<20
HLA-Y	pseudogene_I	pred	EUR	False	f2_protein	partial_cds	<20
HLA-Y	pseudogene_I	pred	EUR	False	f4_noncoding	partial_cds	173
HLA-Y	pseudogene_I	pred	EUR	False	known	clean	<20
HLA-Y	pseudogene_I	pred	EUR	False	known	partial_cds	336
HLA-Y	pseudogene_I	pred	EUR	True	f2_protein	homopolymer_indel	<20
HLA-Y	pseudogene_I	pred	EUR	True	f2_protein	partial_cds	<20
HLA-Y	pseudogene_I	pred	EUR	True	f4_noncoding	partial_cds	168
HLA-Y	pseudogene_I	pred	EUR	True	known	clean	<20
HLA-Y	pseudogene_I	pred	EUR	True	known	partial_cds	325
HLA-Y	pseudogene_I	pred	MID	False	f2_protein	clean	<20
HLA-Y	pseudogene_I	pred	MID	False	f2_protein	homopolymer_indel	<20
HLA-Y	pseudogene_I	pred	MID	False	f4_noncoding	partial_cds	47
HLA-Y	pseudogene_I	pred	MID	False	known	partial_cds	89
HLA-Y	pseudogene_I	pred	MID	True	f2_protein	clean	<20
HLA-Y	pseudogene_I	pred	MID	True	f2_protein	homopolymer_indel	<20
HLA-Y	pseudogene_I	pred	MID	True	f4_noncoding	partial_cds	44
HLA-Y	pseudogene_I	pred	MID	True	known	partial_cds	88
HLA-Y	pseudogene_I	pred	POOLED	False	f2_protein	clean	<20
HLA-Y	pseudogene_I	pred	POOLED	False	f2_protein	homopolymer_indel	129
HLA-Y	pseudogene_I	pred	POOLED	False	f2_protein	partial_cds	23
HLA-Y	pseudogene_I	pred	POOLED	False	f3_synonymous	partial_cds	<20
HLA-Y	pseudogene_I	pred	POOLED	False	f4_noncoding	clean	<20
HLA-Y	pseudogene_I	pred	POOLED	False	f4_noncoding	partial_cds	879
HLA-Y	pseudogene_I	pred	POOLED	False	known	clean	102
HLA-Y	pseudogene_I	pred	POOLED	False	known	partial_cds	2763
HLA-Y	pseudogene_I	pred	POOLED	True	f2_protein	clean	<20
HLA-Y	pseudogene_I	pred	POOLED	True	f2_protein	homopolymer_indel	124
HLA-Y	pseudogene_I	pred	POOLED	True	f2_protein	partial_cds	23
HLA-Y	pseudogene_I	pred	POOLED	True	f3_synonymous	partial_cds	<20
HLA-Y	pseudogene_I	pred	POOLED	True	f4_noncoding	clean	<20
HLA-Y	pseudogene_I	pred	POOLED	True	f4_noncoding	partial_cds	845
HLA-Y	pseudogene_I	pred	POOLED	True	known	clean	100
HLA-Y	pseudogene_I	pred	POOLED	True	known	partial_cds	2673
HLA-Y	pseudogene_I	pred	SAS	False	f2_protein	homopolymer_indel	<20
HLA-Y	pseudogene_I	pred	SAS	False	f2_protein	partial_cds	<20
HLA-Y	pseudogene_I	pred	SAS	False	f4_noncoding	partial_cds	44
HLA-Y	pseudogene_I	pred	SAS	False	known	partial_cds	347
HLA-Y	pseudogene_I	pred	SAS	True	f2_protein	homopolymer_indel	<20
HLA-Y	pseudogene_I	pred	SAS	True	f2_protein	partial_cds	<20
HLA-Y	pseudogene_I	pred	SAS	True	f4_noncoding	partial_cds	44
HLA-Y	pseudogene_I	pred	SAS	True	known	partial_cds	338
HLA-Y	pseudogene_I	pred	UNASSIGNED	False	f4_noncoding	partial_cds	<20
HLA-Y	pseudogene_I	pred	UNASSIGNED	False	known	partial_cds	<20
HLA-Y	pseudogene_I	pred	UNASSIGNED	True	f4_noncoding	partial_cds	<20
HLA-Y	pseudogene_I	pred	UNASSIGNED	True	known	partial_cds	<20
HLA-Y	pseudogene_I	strict	AFR	False	f2_protein	clean	<20
HLA-Y	pseudogene_I	strict	AFR	False	f2_protein	homopolymer_indel	35
HLA-Y	pseudogene_I	strict	AFR	False	f2_protein	partial_cds	<20
HLA-Y	pseudogene_I	strict	AFR	False	f3_synonymous	partial_cds	<20
HLA-Y	pseudogene_I	strict	AFR	False	f4_noncoding	partial_cds	288
HLA-Y	pseudogene_I	strict	AFR	False	known	partial_cds	714
HLA-Y	pseudogene_I	strict	AFR	True	f2_protein	clean	<20
HLA-Y	pseudogene_I	strict	AFR	True	f2_protein	homopolymer_indel	34
HLA-Y	pseudogene_I	strict	AFR	True	f2_protein	partial_cds	<20
HLA-Y	pseudogene_I	strict	AFR	True	f3_synonymous	partial_cds	<20
HLA-Y	pseudogene_I	strict	AFR	True	f4_noncoding	partial_cds	278
HLA-Y	pseudogene_I	strict	AFR	True	known	partial_cds	688
HLA-Y	pseudogene_I	strict	AMR	False	f2_protein	clean	<20
HLA-Y	pseudogene_I	strict	AMR	False	f2_protein	homopolymer_indel	<20
HLA-Y	pseudogene_I	strict	AMR	False	f2_protein	partial_cds	<20
HLA-Y	pseudogene_I	strict	AMR	False	f3_synonymous	partial_cds	<20
HLA-Y	pseudogene_I	strict	AMR	False	f4_noncoding	partial_cds	112
HLA-Y	pseudogene_I	strict	AMR	False	known	clean	<20
HLA-Y	pseudogene_I	strict	AMR	False	known	partial_cds	469
HLA-Y	pseudogene_I	strict	AMR	True	f2_protein	clean	<20
HLA-Y	pseudogene_I	strict	AMR	True	f2_protein	homopolymer_indel	<20
HLA-Y	pseudogene_I	strict	AMR	True	f2_protein	partial_cds	<20
HLA-Y	pseudogene_I	strict	AMR	True	f3_synonymous	partial_cds	<20
HLA-Y	pseudogene_I	strict	AMR	True	f4_noncoding	partial_cds	104
HLA-Y	pseudogene_I	strict	AMR	True	known	clean	<20
HLA-Y	pseudogene_I	strict	AMR	True	known	partial_cds	438
HLA-Y	pseudogene_I	strict	EAS	False	f2_protein	clean	<20
HLA-Y	pseudogene_I	strict	EAS	False	f2_protein	homopolymer_indel	<20
HLA-Y	pseudogene_I	strict	EAS	False	f2_protein	partial_cds	<20
HLA-Y	pseudogene_I	strict	EAS	False	f4_noncoding	clean	<20
HLA-Y	pseudogene_I	strict	EAS	False	f4_noncoding	partial_cds	54
HLA-Y	pseudogene_I	strict	EAS	False	known	clean	88
HLA-Y	pseudogene_I	strict	EAS	False	known	partial_cds	351
HLA-Y	pseudogene_I	strict	EAS	True	f2_protein	clean	<20
HLA-Y	pseudogene_I	strict	EAS	True	f2_protein	homopolymer_indel	<20
HLA-Y	pseudogene_I	strict	EAS	True	f2_protein	partial_cds	<20
HLA-Y	pseudogene_I	strict	EAS	True	f4_noncoding	clean	<20
HLA-Y	pseudogene_I	strict	EAS	True	f4_noncoding	partial_cds	51
HLA-Y	pseudogene_I	strict	EAS	True	known	clean	86
HLA-Y	pseudogene_I	strict	EAS	True	known	partial_cds	346
HLA-Y	pseudogene_I	strict	EUR	False	f2_protein	homopolymer_indel	<20
HLA-Y	pseudogene_I	strict	EUR	False	f2_protein	partial_cds	<20
HLA-Y	pseudogene_I	strict	EUR	False	f4_noncoding	partial_cds	29
HLA-Y	pseudogene_I	strict	EUR	False	known	partial_cds	114
HLA-Y	pseudogene_I	strict	EUR	True	f2_protein	homopolymer_indel	<20
HLA-Y	pseudogene_I	strict	EUR	True	f2_protein	partial_cds	<20
HLA-Y	pseudogene_I	strict	EUR	True	f4_noncoding	partial_cds	25
HLA-Y	pseudogene_I	strict	EUR	True	known	partial_cds	105
HLA-Y	pseudogene_I	strict	MID	False	f2_protein	clean	<20
HLA-Y	pseudogene_I	strict	MID	False	f2_protein	homopolymer_indel	<20
HLA-Y	pseudogene_I	strict	MID	False	f4_noncoding	partial_cds	25
HLA-Y	pseudogene_I	strict	MID	False	known	partial_cds	63
HLA-Y	pseudogene_I	strict	MID	True	f2_protein	clean	<20
HLA-Y	pseudogene_I	strict	MID	True	f2_protein	homopolymer_indel	<20
HLA-Y	pseudogene_I	strict	MID	True	f4_noncoding	partial_cds	23
HLA-Y	pseudogene_I	strict	MID	True	known	partial_cds	63
HLA-Y	pseudogene_I	strict	POOLED	False	f2_protein	clean	<20
HLA-Y	pseudogene_I	strict	POOLED	False	f2_protein	homopolymer_indel	129
HLA-Y	pseudogene_I	strict	POOLED	False	f2_protein	partial_cds	23
HLA-Y	pseudogene_I	strict	POOLED	False	f3_synonymous	partial_cds	<20
HLA-Y	pseudogene_I	strict	POOLED	False	f4_noncoding	clean	<20
HLA-Y	pseudogene_I	strict	POOLED	False	f4_noncoding	partial_cds	879
HLA-Y	pseudogene_I	strict	POOLED	False	known	clean	102
HLA-Y	pseudogene_I	strict	POOLED	False	known	partial_cds	2763
HLA-Y	pseudogene_I	strict	POOLED	True	f2_protein	clean	<20
HLA-Y	pseudogene_I	strict	POOLED	True	f2_protein	homopolymer_indel	124
HLA-Y	pseudogene_I	strict	POOLED	True	f2_protein	partial_cds	23
HLA-Y	pseudogene_I	strict	POOLED	True	f3_synonymous	partial_cds	<20
HLA-Y	pseudogene_I	strict	POOLED	True	f4_noncoding	clean	<20
HLA-Y	pseudogene_I	strict	POOLED	True	f4_noncoding	partial_cds	845
HLA-Y	pseudogene_I	strict	POOLED	True	known	clean	100
HLA-Y	pseudogene_I	strict	POOLED	True	known	partial_cds	2673
HLA-Y	pseudogene_I	strict	SAS	False	f2_protein	homopolymer_indel	<20
HLA-Y	pseudogene_I	strict	SAS	False	f2_protein	partial_cds	<20
HLA-Y	pseudogene_I	strict	SAS	False	f4_noncoding	partial_cds	41
HLA-Y	pseudogene_I	strict	SAS	False	known	partial_cds	323
HLA-Y	pseudogene_I	strict	SAS	True	f2_protein	homopolymer_indel	<20
HLA-Y	pseudogene_I	strict	SAS	True	f2_protein	partial_cds	<20
HLA-Y	pseudogene_I	strict	SAS	True	f4_noncoding	partial_cds	41
HLA-Y	pseudogene_I	strict	SAS	True	known	partial_cds	315
HLA-Y	pseudogene_I	strict	UNASSIGNED	False	f2_protein	clean	<20
HLA-Y	pseudogene_I	strict	UNASSIGNED	False	f2_protein	homopolymer_indel	48
HLA-Y	pseudogene_I	strict	UNASSIGNED	False	f2_protein	partial_cds	<20
HLA-Y	pseudogene_I	strict	UNASSIGNED	False	f4_noncoding	clean	<20
HLA-Y	pseudogene_I	strict	UNASSIGNED	False	f4_noncoding	partial_cds	330
HLA-Y	pseudogene_I	strict	UNASSIGNED	False	known	clean	<20
HLA-Y	pseudogene_I	strict	UNASSIGNED	False	known	partial_cds	729
HLA-Y	pseudogene_I	strict	UNASSIGNED	True	f2_protein	clean	<20
HLA-Y	pseudogene_I	strict	UNASSIGNED	True	f2_protein	homopolymer_indel	47
HLA-Y	pseudogene_I	strict	UNASSIGNED	True	f2_protein	partial_cds	<20
HLA-Y	pseudogene_I	strict	UNASSIGNED	True	f4_noncoding	clean	<20
HLA-Y	pseudogene_I	strict	UNASSIGNED	True	f4_noncoding	partial_cds	323
HLA-Y	pseudogene_I	strict	UNASSIGNED	True	known	clean	<20
HLA-Y	pseudogene_I	strict	UNASSIGNED	True	known	partial_cds	718
MICA	mic_tap	pred	AFR	False	f1_undetermined	partial_cds	<20
MICA	mic_tap	pred	AFR	False	f2_protein	clean	47
MICA	mic_tap	pred	AFR	False	f2_protein	homopolymer_indel	210
MICA	mic_tap	pred	AFR	False	f2_protein	partial_cds	37
MICA	mic_tap	pred	AFR	False	f3_synonymous	clean	684
MICA	mic_tap	pred	AFR	False	f3_synonymous	partial_cds	571
MICA	mic_tap	pred	AFR	False	f4_noncoding	clean	603
MICA	mic_tap	pred	AFR	False	f4_noncoding	partial_cds	163
MICA	mic_tap	pred	AFR	False	known	clean	2214
MICA	mic_tap	pred	AFR	False	known	partial_cds	1178
MICA	mic_tap	pred	AFR	True	f1_undetermined	partial_cds	<20
MICA	mic_tap	pred	AFR	True	f2_protein	clean	46
MICA	mic_tap	pred	AFR	True	f2_protein	homopolymer_indel	204
MICA	mic_tap	pred	AFR	True	f2_protein	partial_cds	36
MICA	mic_tap	pred	AFR	True	f3_synonymous	clean	667
MICA	mic_tap	pred	AFR	True	f3_synonymous	partial_cds	552
MICA	mic_tap	pred	AFR	True	f4_noncoding	clean	594
MICA	mic_tap	pred	AFR	True	f4_noncoding	partial_cds	159
MICA	mic_tap	pred	AFR	True	known	clean	2142
MICA	mic_tap	pred	AFR	True	known	partial_cds	1139
MICA	mic_tap	pred	AMR	False	f1_undetermined	clean	<20
MICA	mic_tap	pred	AMR	False	f1_undetermined	partial_cds	<20
MICA	mic_tap	pred	AMR	False	f2_protein	clean	23
MICA	mic_tap	pred	AMR	False	f2_protein	homopolymer_indel	169
MICA	mic_tap	pred	AMR	False	f2_protein	partial_cds	28
MICA	mic_tap	pred	AMR	False	f3_synonymous	clean	746
MICA	mic_tap	pred	AMR	False	f3_synonymous	partial_cds	328
MICA	mic_tap	pred	AMR	False	f4_noncoding	clean	510
MICA	mic_tap	pred	AMR	False	f4_noncoding	partial_cds	50
MICA	mic_tap	pred	AMR	False	known	clean	2326
MICA	mic_tap	pred	AMR	False	known	partial_cds	823
MICA	mic_tap	pred	AMR	True	f1_undetermined	clean	<20
MICA	mic_tap	pred	AMR	True	f1_undetermined	partial_cds	<20
MICA	mic_tap	pred	AMR	True	f2_protein	clean	20
MICA	mic_tap	pred	AMR	True	f2_protein	homopolymer_indel	163
MICA	mic_tap	pred	AMR	True	f2_protein	partial_cds	26
MICA	mic_tap	pred	AMR	True	f3_synonymous	clean	708
MICA	mic_tap	pred	AMR	True	f3_synonymous	partial_cds	315
MICA	mic_tap	pred	AMR	True	f4_noncoding	clean	489
MICA	mic_tap	pred	AMR	True	f4_noncoding	partial_cds	48
MICA	mic_tap	pred	AMR	True	known	clean	2233
MICA	mic_tap	pred	AMR	True	known	partial_cds	787
MICA	mic_tap	pred	EAS	False	f1_undetermined	clean	<20
MICA	mic_tap	pred	EAS	False	f1_undetermined	homopolymer_indel	<20
MICA	mic_tap	pred	EAS	False	f1_undetermined	partial_cds	<20
MICA	mic_tap	pred	EAS	False	f2_protein	clean	50
MICA	mic_tap	pred	EAS	False	f2_protein	homopolymer_indel	79
MICA	mic_tap	pred	EAS	False	f2_protein	partial_cds	<20
MICA	mic_tap	pred	EAS	False	f3_synonymous	clean	737
MICA	mic_tap	pred	EAS	False	f3_synonymous	partial_cds	177
MICA	mic_tap	pred	EAS	False	f4_noncoding	clean	211
MICA	mic_tap	pred	EAS	False	f4_noncoding	partial_cds	<20
MICA	mic_tap	pred	EAS	False	known	clean	1071
MICA	mic_tap	pred	EAS	False	known	partial_cds	394
MICA	mic_tap	pred	EAS	False	uncalled	partial_cds	<20
MICA	mic_tap	pred	EAS	True	f1_undetermined	clean	<20
MICA	mic_tap	pred	EAS	True	f1_undetermined	homopolymer_indel	<20
MICA	mic_tap	pred	EAS	True	f1_undetermined	partial_cds	<20
MICA	mic_tap	pred	EAS	True	f2_protein	clean	50
MICA	mic_tap	pred	EAS	True	f2_protein	homopolymer_indel	78
MICA	mic_tap	pred	EAS	True	f2_protein	partial_cds	<20
MICA	mic_tap	pred	EAS	True	f3_synonymous	clean	722
MICA	mic_tap	pred	EAS	True	f3_synonymous	partial_cds	171
MICA	mic_tap	pred	EAS	True	f4_noncoding	clean	202
MICA	mic_tap	pred	EAS	True	f4_noncoding	partial_cds	<20
MICA	mic_tap	pred	EAS	True	known	clean	1048
MICA	mic_tap	pred	EAS	True	known	partial_cds	389
MICA	mic_tap	pred	EUR	False	f1_undetermined	clean	<20
MICA	mic_tap	pred	EUR	False	f1_undetermined	partial_cds	<20
MICA	mic_tap	pred	EUR	False	f2_protein	clean	<20
MICA	mic_tap	pred	EUR	False	f2_protein	homopolymer_indel	197
MICA	mic_tap	pred	EUR	False	f2_protein	partial_cds	36
MICA	mic_tap	pred	EUR	False	f3_synonymous	clean	649
MICA	mic_tap	pred	EUR	False	f3_synonymous	partial_cds	442
MICA	mic_tap	pred	EUR	False	f4_noncoding	clean	460
MICA	mic_tap	pred	EUR	False	f4_noncoding	partial_cds	46
MICA	mic_tap	pred	EUR	False	known	clean	2298
MICA	mic_tap	pred	EUR	False	known	partial_cds	1568
MICA	mic_tap	pred	EUR	False	uncalled	partial_cds	<20
MICA	mic_tap	pred	EUR	True	f1_undetermined	clean	<20
MICA	mic_tap	pred	EUR	True	f1_undetermined	partial_cds	<20
MICA	mic_tap	pred	EUR	True	f2_protein	clean	<20
MICA	mic_tap	pred	EUR	True	f2_protein	homopolymer_indel	189
MICA	mic_tap	pred	EUR	True	f2_protein	partial_cds	35
MICA	mic_tap	pred	EUR	True	f3_synonymous	clean	630
MICA	mic_tap	pred	EUR	True	f3_synonymous	partial_cds	419
MICA	mic_tap	pred	EUR	True	f4_noncoding	clean	450
MICA	mic_tap	pred	EUR	True	f4_noncoding	partial_cds	44
MICA	mic_tap	pred	EUR	True	known	clean	2222
MICA	mic_tap	pred	EUR	True	known	partial_cds	1509
MICA	mic_tap	pred	EUR	True	uncalled	partial_cds	<20
MICA	mic_tap	pred	MID	False	f1_undetermined	partial_cds	<20
MICA	mic_tap	pred	MID	False	f2_protein	clean	<20
MICA	mic_tap	pred	MID	False	f2_protein	homopolymer_indel	26
MICA	mic_tap	pred	MID	False	f2_protein	partial_cds	<20
MICA	mic_tap	pred	MID	False	f3_synonymous	clean	184
MICA	mic_tap	pred	MID	False	f3_synonymous	partial_cds	41
MICA	mic_tap	pred	MID	False	f4_noncoding	clean	66
MICA	mic_tap	pred	MID	False	f4_noncoding	partial_cds	<20
MICA	mic_tap	pred	MID	False	known	clean	470
MICA	mic_tap	pred	MID	False	known	partial_cds	124
MICA	mic_tap	pred	MID	True	f1_undetermined	partial_cds	<20
MICA	mic_tap	pred	MID	True	f2_protein	clean	<20
MICA	mic_tap	pred	MID	True	f2_protein	homopolymer_indel	25
MICA	mic_tap	pred	MID	True	f2_protein	partial_cds	<20
MICA	mic_tap	pred	MID	True	f3_synonymous	clean	183
MICA	mic_tap	pred	MID	True	f3_synonymous	partial_cds	40
MICA	mic_tap	pred	MID	True	f4_noncoding	clean	64
MICA	mic_tap	pred	MID	True	f4_noncoding	partial_cds	<20
MICA	mic_tap	pred	MID	True	known	clean	464
MICA	mic_tap	pred	MID	True	known	partial_cds	119
MICA	mic_tap	pred	POOLED	False	f1_undetermined	clean	<20
MICA	mic_tap	pred	POOLED	False	f1_undetermined	homopolymer_indel	<20
MICA	mic_tap	pred	POOLED	False	f1_undetermined	partial_cds	<20
MICA	mic_tap	pred	POOLED	False	f2_protein	clean	166
MICA	mic_tap	pred	POOLED	False	f2_protein	homopolymer_indel	759
MICA	mic_tap	pred	POOLED	False	f2_protein	partial_cds	124
MICA	mic_tap	pred	POOLED	False	f3_synonymous	clean	3551
MICA	mic_tap	pred	POOLED	False	f3_synonymous	partial_cds	1699
MICA	mic_tap	pred	POOLED	False	f4_noncoding	clean	1956
MICA	mic_tap	pred	POOLED	False	f4_noncoding	partial_cds	321
MICA	mic_tap	pred	POOLED	False	known	clean	9396
MICA	mic_tap	pred	POOLED	False	known	partial_cds	4546
MICA	mic_tap	pred	POOLED	False	uncalled	partial_cds	<20
MICA	mic_tap	pred	POOLED	True	f1_undetermined	clean	<20
MICA	mic_tap	pred	POOLED	True	f1_undetermined	homopolymer_indel	<20
MICA	mic_tap	pred	POOLED	True	f1_undetermined	partial_cds	<20
MICA	mic_tap	pred	POOLED	True	f2_protein	clean	162
MICA	mic_tap	pred	POOLED	True	f2_protein	homopolymer_indel	736
MICA	mic_tap	pred	POOLED	True	f2_protein	partial_cds	120
MICA	mic_tap	pred	POOLED	True	f3_synonymous	clean	3455
MICA	mic_tap	pred	POOLED	True	f3_synonymous	partial_cds	1636
MICA	mic_tap	pred	POOLED	True	f4_noncoding	clean	1904
MICA	mic_tap	pred	POOLED	True	f4_noncoding	partial_cds	312
MICA	mic_tap	pred	POOLED	True	known	clean	9107
MICA	mic_tap	pred	POOLED	True	known	partial_cds	4391
MICA	mic_tap	pred	POOLED	True	uncalled	partial_cds	<20
MICA	mic_tap	pred	SAS	False	f1_undetermined	partial_cds	<20
MICA	mic_tap	pred	SAS	False	f2_protein	clean	22
MICA	mic_tap	pred	SAS	False	f2_protein	homopolymer_indel	77
MICA	mic_tap	pred	SAS	False	f2_protein	partial_cds	<20
MICA	mic_tap	pred	SAS	False	f3_synonymous	clean	543
MICA	mic_tap	pred	SAS	False	f3_synonymous	partial_cds	137
MICA	mic_tap	pred	SAS	False	f4_noncoding	clean	102
MICA	mic_tap	pred	SAS	False	f4_noncoding	partial_cds	37
MICA	mic_tap	pred	SAS	False	known	clean	999
MICA	mic_tap	pred	SAS	False	known	partial_cds	450
MICA	mic_tap	pred	SAS	True	f1_undetermined	partial_cds	<20
MICA	mic_tap	pred	SAS	True	f2_protein	clean	22
MICA	mic_tap	pred	SAS	True	f2_protein	homopolymer_indel	76
MICA	mic_tap	pred	SAS	True	f2_protein	partial_cds	<20
MICA	mic_tap	pred	SAS	True	f3_synonymous	clean	537
MICA	mic_tap	pred	SAS	True	f3_synonymous	partial_cds	136
MICA	mic_tap	pred	SAS	True	f4_noncoding	clean	101
MICA	mic_tap	pred	SAS	True	f4_noncoding	partial_cds	36
MICA	mic_tap	pred	SAS	True	known	clean	980
MICA	mic_tap	pred	SAS	True	known	partial_cds	439
MICA	mic_tap	pred	UNASSIGNED	False	f2_protein	clean	<20
MICA	mic_tap	pred	UNASSIGNED	False	f2_protein	homopolymer_indel	<20
MICA	mic_tap	pred	UNASSIGNED	False	f2_protein	partial_cds	<20
MICA	mic_tap	pred	UNASSIGNED	False	f3_synonymous	clean	<20
MICA	mic_tap	pred	UNASSIGNED	False	f3_synonymous	partial_cds	<20
MICA	mic_tap	pred	UNASSIGNED	False	f4_noncoding	clean	<20
MICA	mic_tap	pred	UNASSIGNED	False	known	clean	<20
MICA	mic_tap	pred	UNASSIGNED	False	known	partial_cds	<20
MICA	mic_tap	pred	UNASSIGNED	True	f2_protein	clean	<20
MICA	mic_tap	pred	UNASSIGNED	True	f2_protein	homopolymer_indel	<20
MICA	mic_tap	pred	UNASSIGNED	True	f2_protein	partial_cds	<20
MICA	mic_tap	pred	UNASSIGNED	True	f3_synonymous	clean	<20
MICA	mic_tap	pred	UNASSIGNED	True	f3_synonymous	partial_cds	<20
MICA	mic_tap	pred	UNASSIGNED	True	f4_noncoding	clean	<20
MICA	mic_tap	pred	UNASSIGNED	True	known	clean	<20
MICA	mic_tap	pred	UNASSIGNED	True	known	partial_cds	<20
MICA	mic_tap	strict	AFR	False	f1_undetermined	partial_cds	<20
MICA	mic_tap	strict	AFR	False	f2_protein	clean	41
MICA	mic_tap	strict	AFR	False	f2_protein	homopolymer_indel	152
MICA	mic_tap	strict	AFR	False	f2_protein	partial_cds	32
MICA	mic_tap	strict	AFR	False	f3_synonymous	clean	522
MICA	mic_tap	strict	AFR	False	f3_synonymous	partial_cds	454
MICA	mic_tap	strict	AFR	False	f4_noncoding	clean	482
MICA	mic_tap	strict	AFR	False	f4_noncoding	partial_cds	130
MICA	mic_tap	strict	AFR	False	known	clean	1722
MICA	mic_tap	strict	AFR	False	known	partial_cds	859
MICA	mic_tap	strict	AFR	True	f1_undetermined	partial_cds	<20
MICA	mic_tap	strict	AFR	True	f2_protein	clean	40
MICA	mic_tap	strict	AFR	True	f2_protein	homopolymer_indel	146
MICA	mic_tap	strict	AFR	True	f2_protein	partial_cds	31
MICA	mic_tap	strict	AFR	True	f3_synonymous	clean	507
MICA	mic_tap	strict	AFR	True	f3_synonymous	partial_cds	436
MICA	mic_tap	strict	AFR	True	f4_noncoding	clean	475
MICA	mic_tap	strict	AFR	True	f4_noncoding	partial_cds	126
MICA	mic_tap	strict	AFR	True	known	clean	1657
MICA	mic_tap	strict	AFR	True	known	partial_cds	828
MICA	mic_tap	strict	AMR	False	f1_undetermined	clean	<20
MICA	mic_tap	strict	AMR	False	f2_protein	clean	<20
MICA	mic_tap	strict	AMR	False	f2_protein	homopolymer_indel	95
MICA	mic_tap	strict	AMR	False	f2_protein	partial_cds	<20
MICA	mic_tap	strict	AMR	False	f3_synonymous	clean	478
MICA	mic_tap	strict	AMR	False	f3_synonymous	partial_cds	152
MICA	mic_tap	strict	AMR	False	f4_noncoding	clean	343
MICA	mic_tap	strict	AMR	False	f4_noncoding	partial_cds	21
MICA	mic_tap	strict	AMR	False	known	clean	1459
MICA	mic_tap	strict	AMR	False	known	partial_cds	427
MICA	mic_tap	strict	AMR	True	f1_undetermined	clean	<20
MICA	mic_tap	strict	AMR	True	f2_protein	clean	<20
MICA	mic_tap	strict	AMR	True	f2_protein	homopolymer_indel	92
MICA	mic_tap	strict	AMR	True	f2_protein	partial_cds	<20
MICA	mic_tap	strict	AMR	True	f3_synonymous	clean	451
MICA	mic_tap	strict	AMR	True	f3_synonymous	partial_cds	142
MICA	mic_tap	strict	AMR	True	f4_noncoding	clean	323
MICA	mic_tap	strict	AMR	True	f4_noncoding	partial_cds	<20
MICA	mic_tap	strict	AMR	True	known	clean	1384
MICA	mic_tap	strict	AMR	True	known	partial_cds	399
MICA	mic_tap	strict	EAS	False	f1_undetermined	clean	<20
MICA	mic_tap	strict	EAS	False	f1_undetermined	homopolymer_indel	<20
MICA	mic_tap	strict	EAS	False	f1_undetermined	partial_cds	<20
MICA	mic_tap	strict	EAS	False	f2_protein	clean	44
MICA	mic_tap	strict	EAS	False	f2_protein	homopolymer_indel	59
MICA	mic_tap	strict	EAS	False	f2_protein	partial_cds	<20
MICA	mic_tap	strict	EAS	False	f3_synonymous	clean	670
MICA	mic_tap	strict	EAS	False	f3_synonymous	partial_cds	131
MICA	mic_tap	strict	EAS	False	f4_noncoding	clean	183
MICA	mic_tap	strict	EAS	False	f4_noncoding	partial_cds	<20
MICA	mic_tap	strict	EAS	False	known	clean	966
MICA	mic_tap	strict	EAS	False	known	partial_cds	324
MICA	mic_tap	strict	EAS	False	uncalled	partial_cds	<20
MICA	mic_tap	strict	EAS	True	f1_undetermined	clean	<20
MICA	mic_tap	strict	EAS	True	f1_undetermined	homopolymer_indel	<20
MICA	mic_tap	strict	EAS	True	f1_undetermined	partial_cds	<20
MICA	mic_tap	strict	EAS	True	f2_protein	clean	44
MICA	mic_tap	strict	EAS	True	f2_protein	homopolymer_indel	58
MICA	mic_tap	strict	EAS	True	f2_protein	partial_cds	<20
MICA	mic_tap	strict	EAS	True	f3_synonymous	clean	655
MICA	mic_tap	strict	EAS	True	f3_synonymous	partial_cds	125
MICA	mic_tap	strict	EAS	True	f4_noncoding	clean	175
MICA	mic_tap	strict	EAS	True	f4_noncoding	partial_cds	<20
MICA	mic_tap	strict	EAS	True	known	clean	944
MICA	mic_tap	strict	EAS	True	known	partial_cds	319
MICA	mic_tap	strict	EUR	False	f1_undetermined	clean	<20
MICA	mic_tap	strict	EUR	False	f2_protein	clean	<20
MICA	mic_tap	strict	EUR	False	f2_protein	homopolymer_indel	90
MICA	mic_tap	strict	EUR	False	f2_protein	partial_cds	<20
MICA	mic_tap	strict	EUR	False	f3_synonymous	clean	292
MICA	mic_tap	strict	EUR	False	f3_synonymous	partial_cds	283
MICA	mic_tap	strict	EUR	False	f4_noncoding	clean	108
MICA	mic_tap	strict	EUR	False	f4_noncoding	partial_cds	<20
MICA	mic_tap	strict	EUR	False	known	clean	886
MICA	mic_tap	strict	EUR	False	known	partial_cds	901
MICA	mic_tap	strict	EUR	True	f1_undetermined	clean	<20
MICA	mic_tap	strict	EUR	True	f2_protein	clean	<20
MICA	mic_tap	strict	EUR	True	f2_protein	homopolymer_indel	86
MICA	mic_tap	strict	EUR	True	f2_protein	partial_cds	<20
MICA	mic_tap	strict	EUR	True	f3_synonymous	clean	278
MICA	mic_tap	strict	EUR	True	f3_synonymous	partial_cds	264
MICA	mic_tap	strict	EUR	True	f4_noncoding	clean	102
MICA	mic_tap	strict	EUR	True	f4_noncoding	partial_cds	<20
MICA	mic_tap	strict	EUR	True	known	clean	824
MICA	mic_tap	strict	EUR	True	known	partial_cds	851
MICA	mic_tap	strict	MID	False	f2_protein	clean	<20
MICA	mic_tap	strict	MID	False	f2_protein	homopolymer_indel	<20
MICA	mic_tap	strict	MID	False	f2_protein	partial_cds	<20
MICA	mic_tap	strict	MID	False	f3_synonymous	clean	114
MICA	mic_tap	strict	MID	False	f3_synonymous	partial_cds	24
MICA	mic_tap	strict	MID	False	f4_noncoding	clean	40
MICA	mic_tap	strict	MID	False	f4_noncoding	partial_cds	<20
MICA	mic_tap	strict	MID	False	known	clean	304
MICA	mic_tap	strict	MID	False	known	partial_cds	86
MICA	mic_tap	strict	MID	True	f2_protein	clean	<20
MICA	mic_tap	strict	MID	True	f2_protein	homopolymer_indel	<20
MICA	mic_tap	strict	MID	True	f2_protein	partial_cds	<20
MICA	mic_tap	strict	MID	True	f3_synonymous	clean	114
MICA	mic_tap	strict	MID	True	f3_synonymous	partial_cds	23
MICA	mic_tap	strict	MID	True	f4_noncoding	clean	38
MICA	mic_tap	strict	MID	True	f4_noncoding	partial_cds	<20
MICA	mic_tap	strict	MID	True	known	clean	299
MICA	mic_tap	strict	MID	True	known	partial_cds	83
MICA	mic_tap	strict	POOLED	False	f1_undetermined	clean	<20
MICA	mic_tap	strict	POOLED	False	f1_undetermined	homopolymer_indel	<20
MICA	mic_tap	strict	POOLED	False	f1_undetermined	partial_cds	<20
MICA	mic_tap	strict	POOLED	False	f2_protein	clean	166
MICA	mic_tap	strict	POOLED	False	f2_protein	homopolymer_indel	759
MICA	mic_tap	strict	POOLED	False	f2_protein	partial_cds	124
MICA	mic_tap	strict	POOLED	False	f3_synonymous	clean	3551
MICA	mic_tap	strict	POOLED	False	f3_synonymous	partial_cds	1699
MICA	mic_tap	strict	POOLED	False	f4_noncoding	clean	1956
MICA	mic_tap	strict	POOLED	False	f4_noncoding	partial_cds	321
MICA	mic_tap	strict	POOLED	False	known	clean	9396
MICA	mic_tap	strict	POOLED	False	known	partial_cds	4546
MICA	mic_tap	strict	POOLED	False	uncalled	partial_cds	<20
MICA	mic_tap	strict	POOLED	True	f1_undetermined	clean	<20
MICA	mic_tap	strict	POOLED	True	f1_undetermined	homopolymer_indel	<20
MICA	mic_tap	strict	POOLED	True	f1_undetermined	partial_cds	<20
MICA	mic_tap	strict	POOLED	True	f2_protein	clean	162
MICA	mic_tap	strict	POOLED	True	f2_protein	homopolymer_indel	736
MICA	mic_tap	strict	POOLED	True	f2_protein	partial_cds	120
MICA	mic_tap	strict	POOLED	True	f3_synonymous	clean	3455
MICA	mic_tap	strict	POOLED	True	f3_synonymous	partial_cds	1636
MICA	mic_tap	strict	POOLED	True	f4_noncoding	clean	1904
MICA	mic_tap	strict	POOLED	True	f4_noncoding	partial_cds	312
MICA	mic_tap	strict	POOLED	True	known	clean	9107
MICA	mic_tap	strict	POOLED	True	known	partial_cds	4391
MICA	mic_tap	strict	POOLED	True	uncalled	partial_cds	<20
MICA	mic_tap	strict	SAS	False	f1_undetermined	partial_cds	<20
MICA	mic_tap	strict	SAS	False	f2_protein	clean	<20
MICA	mic_tap	strict	SAS	False	f2_protein	homopolymer_indel	72
MICA	mic_tap	strict	SAS	False	f2_protein	partial_cds	<20
MICA	mic_tap	strict	SAS	False	f3_synonymous	clean	502
MICA	mic_tap	strict	SAS	False	f3_synonymous	partial_cds	127
MICA	mic_tap	strict	SAS	False	f4_noncoding	clean	92
MICA	mic_tap	strict	SAS	False	f4_noncoding	partial_cds	33
MICA	mic_tap	strict	SAS	False	known	clean	928
MICA	mic_tap	strict	SAS	False	known	partial_cds	429
MICA	mic_tap	strict	SAS	True	f1_undetermined	partial_cds	<20
MICA	mic_tap	strict	SAS	True	f2_protein	clean	<20
MICA	mic_tap	strict	SAS	True	f2_protein	homopolymer_indel	72
MICA	mic_tap	strict	SAS	True	f2_protein	partial_cds	<20
MICA	mic_tap	strict	SAS	True	f3_synonymous	clean	498
MICA	mic_tap	strict	SAS	True	f3_synonymous	partial_cds	126
MICA	mic_tap	strict	SAS	True	f4_noncoding	clean	92
MICA	mic_tap	strict	SAS	True	f4_noncoding	partial_cds	32
MICA	mic_tap	strict	SAS	True	known	clean	913
MICA	mic_tap	strict	SAS	True	known	partial_cds	418
MICA	mic_tap	strict	UNASSIGNED	False	f1_undetermined	clean	<20
MICA	mic_tap	strict	UNASSIGNED	False	f1_undetermined	partial_cds	<20
MICA	mic_tap	strict	UNASSIGNED	False	f2_protein	clean	34
MICA	mic_tap	strict	UNASSIGNED	False	f2_protein	homopolymer_indel	276
MICA	mic_tap	strict	UNASSIGNED	False	f2_protein	partial_cds	37
MICA	mic_tap	strict	UNASSIGNED	False	f3_synonymous	clean	973
MICA	mic_tap	strict	UNASSIGNED	False	f3_synonymous	partial_cds	528
MICA	mic_tap	strict	UNASSIGNED	False	f4_noncoding	clean	708
MICA	mic_tap	strict	UNASSIGNED	False	f4_noncoding	partial_cds	103
MICA	mic_tap	strict	UNASSIGNED	False	known	clean	3131
MICA	mic_tap	strict	UNASSIGNED	False	known	partial_cds	1520
MICA	mic_tap	strict	UNASSIGNED	False	uncalled	partial_cds	<20
MICA	mic_tap	strict	UNASSIGNED	True	f1_undetermined	clean	<20
MICA	mic_tap	strict	UNASSIGNED	True	f1_undetermined	partial_cds	<20
MICA	mic_tap	strict	UNASSIGNED	True	f2_protein	clean	33
MICA	mic_tap	strict	UNASSIGNED	True	f2_protein	homopolymer_indel	268
MICA	mic_tap	strict	UNASSIGNED	True	f2_protein	partial_cds	37
MICA	mic_tap	strict	UNASSIGNED	True	f3_synonymous	clean	952
MICA	mic_tap	strict	UNASSIGNED	True	f3_synonymous	partial_cds	520
MICA	mic_tap	strict	UNASSIGNED	True	f4_noncoding	clean	699
MICA	mic_tap	strict	UNASSIGNED	True	f4_noncoding	partial_cds	103
MICA	mic_tap	strict	UNASSIGNED	True	known	clean	3086
MICA	mic_tap	strict	UNASSIGNED	True	known	partial_cds	1493
MICA	mic_tap	strict	UNASSIGNED	True	uncalled	partial_cds	<20
MICB	mic_tap	pred	AFR	False	f1_undetermined	clean	<20
MICB	mic_tap	pred	AFR	False	f1_undetermined	partial_cds	<20
MICB	mic_tap	pred	AFR	False	f2_protein	clean	92
MICB	mic_tap	pred	AFR	False	f2_protein	homopolymer_indel	224
MICB	mic_tap	pred	AFR	False	f2_protein	partial_cds	30
MICB	mic_tap	pred	AFR	False	f3_synonymous	clean	4786
MICB	mic_tap	pred	AFR	False	f3_synonymous	partial_cds	<20
MICB	mic_tap	pred	AFR	False	f4_noncoding	clean	75
MICB	mic_tap	pred	AFR	False	known	clean	563
MICB	mic_tap	pred	AFR	True	f1_undetermined	clean	<20
MICB	mic_tap	pred	AFR	True	f1_undetermined	partial_cds	<20
MICB	mic_tap	pred	AFR	True	f2_protein	clean	88
MICB	mic_tap	pred	AFR	True	f2_protein	homopolymer_indel	219
MICB	mic_tap	pred	AFR	True	f2_protein	partial_cds	29
MICB	mic_tap	pred	AFR	True	f3_synonymous	clean	4641
MICB	mic_tap	pred	AFR	True	f3_synonymous	partial_cds	<20
MICB	mic_tap	pred	AFR	True	f4_noncoding	clean	72
MICB	mic_tap	pred	AFR	True	known	clean	557
MICB	mic_tap	pred	AMR	False	f2_protein	clean	54
MICB	mic_tap	pred	AMR	False	f2_protein	homopolymer_indel	231
MICB	mic_tap	pred	AMR	False	f2_protein	partial_cds	21
MICB	mic_tap	pred	AMR	False	f3_synonymous	clean	3969
MICB	mic_tap	pred	AMR	False	f3_synonymous	partial_cds	25
MICB	mic_tap	pred	AMR	False	f4_noncoding	clean	59
MICB	mic_tap	pred	AMR	False	known	clean	851
MICB	mic_tap	pred	AMR	False	uncalled	partial_cds	<20
MICB	mic_tap	pred	AMR	True	f2_protein	clean	50
MICB	mic_tap	pred	AMR	True	f2_protein	homopolymer_indel	226
MICB	mic_tap	pred	AMR	True	f2_protein	partial_cds	21
MICB	mic_tap	pred	AMR	True	f3_synonymous	clean	3788
MICB	mic_tap	pred	AMR	True	f3_synonymous	partial_cds	22
MICB	mic_tap	pred	AMR	True	f4_noncoding	clean	57
MICB	mic_tap	pred	AMR	True	known	clean	816
MICB	mic_tap	pred	AMR	True	uncalled	partial_cds	<20
MICB	mic_tap	pred	EAS	False	f1_undetermined	clean	<20
MICB	mic_tap	pred	EAS	False	f2_protein	clean	<20
MICB	mic_tap	pred	EAS	False	f2_protein	homopolymer_indel	120
MICB	mic_tap	pred	EAS	False	f2_protein	partial_cds	<20
MICB	mic_tap	pred	EAS	False	f3_synonymous	clean	2196
MICB	mic_tap	pred	EAS	False	f3_synonymous	partial_cds	<20
MICB	mic_tap	pred	EAS	False	f4_noncoding	clean	39
MICB	mic_tap	pred	EAS	False	known	clean	440
MICB	mic_tap	pred	EAS	True	f1_undetermined	clean	<20
MICB	mic_tap	pred	EAS	True	f2_protein	clean	<20
MICB	mic_tap	pred	EAS	True	f2_protein	homopolymer_indel	117
MICB	mic_tap	pred	EAS	True	f2_protein	partial_cds	<20
MICB	mic_tap	pred	EAS	True	f3_synonymous	clean	2151
MICB	mic_tap	pred	EAS	True	f3_synonymous	partial_cds	<20
MICB	mic_tap	pred	EAS	True	f4_noncoding	clean	37
MICB	mic_tap	pred	EAS	True	known	clean	431
MICB	mic_tap	pred	EUR	False	f1_undetermined	partial_cds	<20
MICB	mic_tap	pred	EUR	False	f2_protein	clean	32
MICB	mic_tap	pred	EUR	False	f2_protein	homopolymer_indel	253
MICB	mic_tap	pred	EUR	False	f2_protein	partial_cds	37
MICB	mic_tap	pred	EUR	False	f3_synonymous	clean	4129
MICB	mic_tap	pred	EUR	False	f3_synonymous	partial_cds	32
MICB	mic_tap	pred	EUR	False	f4_noncoding	clean	87
MICB	mic_tap	pred	EUR	False	f4_noncoding	partial_cds	<20
MICB	mic_tap	pred	EUR	False	known	clean	1187
MICB	mic_tap	pred	EUR	True	f1_undetermined	partial_cds	<20
MICB	mic_tap	pred	EUR	True	f2_protein	clean	29
MICB	mic_tap	pred	EUR	True	f2_protein	homopolymer_indel	244
MICB	mic_tap	pred	EUR	True	f2_protein	partial_cds	37
MICB	mic_tap	pred	EUR	True	f3_synonymous	clean	3993
MICB	mic_tap	pred	EUR	True	f3_synonymous	partial_cds	31
MICB	mic_tap	pred	EUR	True	f4_noncoding	clean	84
MICB	mic_tap	pred	EUR	True	f4_noncoding	partial_cds	<20
MICB	mic_tap	pred	EUR	True	known	clean	1144
MICB	mic_tap	pred	MID	False	f2_protein	clean	<20
MICB	mic_tap	pred	MID	False	f2_protein	homopolymer_indel	32
MICB	mic_tap	pred	MID	False	f2_protein	partial_cds	<20
MICB	mic_tap	pred	MID	False	f3_synonymous	clean	757
MICB	mic_tap	pred	MID	False	f3_synonymous	partial_cds	<20
MICB	mic_tap	pred	MID	False	f4_noncoding	clean	<20
MICB	mic_tap	pred	MID	False	known	clean	114
MICB	mic_tap	pred	MID	False	uncalled	partial_cds	<20
MICB	mic_tap	pred	MID	True	f2_protein	clean	<20
MICB	mic_tap	pred	MID	True	f2_protein	homopolymer_indel	31
MICB	mic_tap	pred	MID	True	f2_protein	partial_cds	<20
MICB	mic_tap	pred	MID	True	f3_synonymous	clean	742
MICB	mic_tap	pred	MID	True	f3_synonymous	partial_cds	<20
MICB	mic_tap	pred	MID	True	f4_noncoding	clean	<20
MICB	mic_tap	pred	MID	True	known	clean	114
MICB	mic_tap	pred	MID	True	uncalled	partial_cds	<20
MICB	mic_tap	pred	POOLED	False	f1_undetermined	clean	<20
MICB	mic_tap	pred	POOLED	False	f1_undetermined	homopolymer_indel	<20
MICB	mic_tap	pred	POOLED	False	f1_undetermined	partial_cds	<20
MICB	mic_tap	pred	POOLED	False	f2_protein	clean	220
MICB	mic_tap	pred	POOLED	False	f2_protein	homopolymer_indel	952
MICB	mic_tap	pred	POOLED	False	f2_protein	partial_cds	106
MICB	mic_tap	pred	POOLED	False	f3_synonymous	clean	17791
MICB	mic_tap	pred	POOLED	False	f3_synonymous	partial_cds	96
MICB	mic_tap	pred	POOLED	False	f4_noncoding	clean	318
MICB	mic_tap	pred	POOLED	False	f4_noncoding	partial_cds	<20
MICB	mic_tap	pred	POOLED	False	known	clean	3448
MICB	mic_tap	pred	POOLED	False	uncalled	partial_cds	<20
MICB	mic_tap	pred	POOLED	True	f1_undetermined	clean	<20
MICB	mic_tap	pred	POOLED	True	f1_undetermined	homopolymer_indel	<20
MICB	mic_tap	pred	POOLED	True	f1_undetermined	partial_cds	<20
MICB	mic_tap	pred	POOLED	True	f2_protein	clean	209
MICB	mic_tap	pred	POOLED	True	f2_protein	homopolymer_indel	927
MICB	mic_tap	pred	POOLED	True	f2_protein	partial_cds	105
MICB	mic_tap	pred	POOLED	True	f3_synonymous	clean	17233
MICB	mic_tap	pred	POOLED	True	f3_synonymous	partial_cds	91
MICB	mic_tap	pred	POOLED	True	f4_noncoding	clean	308
MICB	mic_tap	pred	POOLED	True	f4_noncoding	partial_cds	<20
MICB	mic_tap	pred	POOLED	True	known	clean	3352
MICB	mic_tap	pred	POOLED	True	uncalled	partial_cds	<20
MICB	mic_tap	pred	SAS	False	f1_undetermined	clean	<20
MICB	mic_tap	pred	SAS	False	f1_undetermined	homopolymer_indel	<20
MICB	mic_tap	pred	SAS	False	f2_protein	clean	20
MICB	mic_tap	pred	SAS	False	f2_protein	homopolymer_indel	91
MICB	mic_tap	pred	SAS	False	f2_protein	partial_cds	<20
MICB	mic_tap	pred	SAS	False	f3_synonymous	clean	1919
MICB	mic_tap	pred	SAS	False	f3_synonymous	partial_cds	<20
MICB	mic_tap	pred	SAS	False	f4_noncoding	clean	39
MICB	mic_tap	pred	SAS	False	known	clean	287
MICB	mic_tap	pred	SAS	True	f1_undetermined	clean	<20
MICB	mic_tap	pred	SAS	True	f1_undetermined	homopolymer_indel	<20
MICB	mic_tap	pred	SAS	True	f2_protein	clean	20
MICB	mic_tap	pred	SAS	True	f2_protein	homopolymer_indel	89
MICB	mic_tap	pred	SAS	True	f2_protein	partial_cds	<20
MICB	mic_tap	pred	SAS	True	f3_synonymous	clean	1883
MICB	mic_tap	pred	SAS	True	f3_synonymous	partial_cds	<20
MICB	mic_tap	pred	SAS	True	f4_noncoding	clean	39
MICB	mic_tap	pred	SAS	True	known	clean	284
MICB	mic_tap	pred	UNASSIGNED	False	f2_protein	clean	<20
MICB	mic_tap	pred	UNASSIGNED	False	f2_protein	homopolymer_indel	<20
MICB	mic_tap	pred	UNASSIGNED	False	f3_synonymous	clean	35
MICB	mic_tap	pred	UNASSIGNED	False	known	clean	<20
MICB	mic_tap	pred	UNASSIGNED	True	f2_protein	clean	<20
MICB	mic_tap	pred	UNASSIGNED	True	f2_protein	homopolymer_indel	<20
MICB	mic_tap	pred	UNASSIGNED	True	f3_synonymous	clean	35
MICB	mic_tap	pred	UNASSIGNED	True	known	clean	<20
MICB	mic_tap	strict	AFR	False	f1_undetermined	partial_cds	<20
MICB	mic_tap	strict	AFR	False	f2_protein	clean	73
MICB	mic_tap	strict	AFR	False	f2_protein	homopolymer_indel	182
MICB	mic_tap	strict	AFR	False	f2_protein	partial_cds	22
MICB	mic_tap	strict	AFR	False	f3_synonymous	clean	3762
MICB	mic_tap	strict	AFR	False	f3_synonymous	partial_cds	<20
MICB	mic_tap	strict	AFR	False	f4_noncoding	clean	59
MICB	mic_tap	strict	AFR	False	known	clean	375
MICB	mic_tap	strict	AFR	True	f1_undetermined	partial_cds	<20
MICB	mic_tap	strict	AFR	True	f2_protein	clean	69
MICB	mic_tap	strict	AFR	True	f2_protein	homopolymer_indel	177
MICB	mic_tap	strict	AFR	True	f2_protein	partial_cds	21
MICB	mic_tap	strict	AFR	True	f3_synonymous	clean	3634
MICB	mic_tap	strict	AFR	True	f3_synonymous	partial_cds	<20
MICB	mic_tap	strict	AFR	True	f4_noncoding	clean	56
MICB	mic_tap	strict	AFR	True	known	clean	370
MICB	mic_tap	strict	AMR	False	f2_protein	clean	36
MICB	mic_tap	strict	AMR	False	f2_protein	homopolymer_indel	124
MICB	mic_tap	strict	AMR	False	f2_protein	partial_cds	<20
MICB	mic_tap	strict	AMR	False	f3_synonymous	clean	2409
MICB	mic_tap	strict	AMR	False	f3_synonymous	partial_cds	<20
MICB	mic_tap	strict	AMR	False	f4_noncoding	clean	34
MICB	mic_tap	strict	AMR	False	known	clean	538
MICB	mic_tap	strict	AMR	True	f2_protein	clean	32
MICB	mic_tap	strict	AMR	True	f2_protein	homopolymer_indel	120
MICB	mic_tap	strict	AMR	True	f2_protein	partial_cds	<20
MICB	mic_tap	strict	AMR	True	f3_synonymous	clean	2268
MICB	mic_tap	strict	AMR	True	f3_synonymous	partial_cds	<20
MICB	mic_tap	strict	AMR	True	f4_noncoding	clean	32
MICB	mic_tap	strict	AMR	True	known	clean	508
MICB	mic_tap	strict	EAS	False	f1_undetermined	clean	<20
MICB	mic_tap	strict	EAS	False	f2_protein	clean	<20
MICB	mic_tap	strict	EAS	False	f2_protein	homopolymer_indel	96
MICB	mic_tap	strict	EAS	False	f2_protein	partial_cds	<20
MICB	mic_tap	strict	EAS	False	f3_synonymous	clean	1928
MICB	mic_tap	strict	EAS	False	f3_synonymous	partial_cds	<20
MICB	mic_tap	strict	EAS	False	f4_noncoding	clean	34
MICB	mic_tap	strict	EAS	False	known	clean	378
MICB	mic_tap	strict	EAS	True	f1_undetermined	clean	<20
MICB	mic_tap	strict	EAS	True	f2_protein	clean	<20
MICB	mic_tap	strict	EAS	True	f2_protein	homopolymer_indel	93
MICB	mic_tap	strict	EAS	True	f2_protein	partial_cds	<20
MICB	mic_tap	strict	EAS	True	f3_synonymous	clean	1884
MICB	mic_tap	strict	EAS	True	f3_synonymous	partial_cds	<20
MICB	mic_tap	strict	EAS	True	f4_noncoding	clean	33
MICB	mic_tap	strict	EAS	True	known	clean	369
MICB	mic_tap	strict	EUR	False	f1_undetermined	partial_cds	<20
MICB	mic_tap	strict	EUR	False	f2_protein	clean	<20
MICB	mic_tap	strict	EUR	False	f2_protein	homopolymer_indel	110
MICB	mic_tap	strict	EUR	False	f2_protein	partial_cds	<20
MICB	mic_tap	strict	EUR	False	f3_synonymous	clean	1688
MICB	mic_tap	strict	EUR	False	f3_synonymous	partial_cds	22
MICB	mic_tap	strict	EUR	False	f4_noncoding	clean	21
MICB	mic_tap	strict	EUR	False	f4_noncoding	partial_cds	<20
MICB	mic_tap	strict	EUR	False	known	clean	694
MICB	mic_tap	strict	EUR	True	f1_undetermined	partial_cds	<20
MICB	mic_tap	strict	EUR	True	f2_protein	clean	<20
MICB	mic_tap	strict	EUR	True	f2_protein	homopolymer_indel	103
MICB	mic_tap	strict	EUR	True	f2_protein	partial_cds	<20
MICB	mic_tap	strict	EUR	True	f3_synonymous	clean	1583
MICB	mic_tap	strict	EUR	True	f3_synonymous	partial_cds	21
MICB	mic_tap	strict	EUR	True	f4_noncoding	clean	20
MICB	mic_tap	strict	EUR	True	f4_noncoding	partial_cds	<20
MICB	mic_tap	strict	EUR	True	known	clean	656
MICB	mic_tap	strict	MID	False	f2_protein	clean	<20
MICB	mic_tap	strict	MID	False	f2_protein	homopolymer_indel	<20
MICB	mic_tap	strict	MID	False	f2_protein	partial_cds	<20
MICB	mic_tap	strict	MID	False	f3_synonymous	clean	478
MICB	mic_tap	strict	MID	False	f3_synonymous	partial_cds	<20
MICB	mic_tap	strict	MID	False	f4_noncoding	clean	<20
MICB	mic_tap	strict	MID	False	known	clean	74
MICB	mic_tap	strict	MID	False	uncalled	partial_cds	<20
MICB	mic_tap	strict	MID	True	f2_protein	clean	<20
MICB	mic_tap	strict	MID	True	f2_protein	homopolymer_indel	<20
MICB	mic_tap	strict	MID	True	f2_protein	partial_cds	<20
MICB	mic_tap	strict	MID	True	f3_synonymous	clean	467
MICB	mic_tap	strict	MID	True	f3_synonymous	partial_cds	<20
MICB	mic_tap	strict	MID	True	f4_noncoding	clean	<20
MICB	mic_tap	strict	MID	True	known	clean	74
MICB	mic_tap	strict	MID	True	uncalled	partial_cds	<20
MICB	mic_tap	strict	POOLED	False	f1_undetermined	clean	<20
MICB	mic_tap	strict	POOLED	False	f1_undetermined	homopolymer_indel	<20
MICB	mic_tap	strict	POOLED	False	f1_undetermined	partial_cds	<20
MICB	mic_tap	strict	POOLED	False	f2_protein	clean	220
MICB	mic_tap	strict	POOLED	False	f2_protein	homopolymer_indel	952
MICB	mic_tap	strict	POOLED	False	f2_protein	partial_cds	106
MICB	mic_tap	strict	POOLED	False	f3_synonymous	clean	17791
MICB	mic_tap	strict	POOLED	False	f3_synonymous	partial_cds	96
MICB	mic_tap	strict	POOLED	False	f4_noncoding	clean	318
MICB	mic_tap	strict	POOLED	False	f4_noncoding	partial_cds	<20
MICB	mic_tap	strict	POOLED	False	known	clean	3448
MICB	mic_tap	strict	POOLED	False	uncalled	partial_cds	<20
MICB	mic_tap	strict	POOLED	True	f1_undetermined	clean	<20
MICB	mic_tap	strict	POOLED	True	f1_undetermined	homopolymer_indel	<20
MICB	mic_tap	strict	POOLED	True	f1_undetermined	partial_cds	<20
MICB	mic_tap	strict	POOLED	True	f2_protein	clean	209
MICB	mic_tap	strict	POOLED	True	f2_protein	homopolymer_indel	927
MICB	mic_tap	strict	POOLED	True	f2_protein	partial_cds	105
MICB	mic_tap	strict	POOLED	True	f3_synonymous	clean	17233
MICB	mic_tap	strict	POOLED	True	f3_synonymous	partial_cds	91
MICB	mic_tap	strict	POOLED	True	f4_noncoding	clean	308
MICB	mic_tap	strict	POOLED	True	f4_noncoding	partial_cds	<20
MICB	mic_tap	strict	POOLED	True	known	clean	3352
MICB	mic_tap	strict	POOLED	True	uncalled	partial_cds	<20
MICB	mic_tap	strict	SAS	False	f1_undetermined	clean	<20
MICB	mic_tap	strict	SAS	False	f1_undetermined	homopolymer_indel	<20
MICB	mic_tap	strict	SAS	False	f2_protein	clean	<20
MICB	mic_tap	strict	SAS	False	f2_protein	homopolymer_indel	84
MICB	mic_tap	strict	SAS	False	f2_protein	partial_cds	<20
MICB	mic_tap	strict	SAS	False	f3_synonymous	clean	1797
MICB	mic_tap	strict	SAS	False	f3_synonymous	partial_cds	<20
MICB	mic_tap	strict	SAS	False	f4_noncoding	clean	37
MICB	mic_tap	strict	SAS	False	known	clean	258
MICB	mic_tap	strict	SAS	True	f1_undetermined	clean	<20
MICB	mic_tap	strict	SAS	True	f1_undetermined	homopolymer_indel	<20
MICB	mic_tap	strict	SAS	True	f2_protein	clean	<20
MICB	mic_tap	strict	SAS	True	f2_protein	homopolymer_indel	83
MICB	mic_tap	strict	SAS	True	f2_protein	partial_cds	<20
MICB	mic_tap	strict	SAS	True	f3_synonymous	clean	1767
MICB	mic_tap	strict	SAS	True	f3_synonymous	partial_cds	<20
MICB	mic_tap	strict	SAS	True	f4_noncoding	clean	37
MICB	mic_tap	strict	SAS	True	known	clean	255
MICB	mic_tap	strict	UNASSIGNED	False	f1_undetermined	clean	<20
MICB	mic_tap	strict	UNASSIGNED	False	f1_undetermined	partial_cds	<20
MICB	mic_tap	strict	UNASSIGNED	False	f2_protein	clean	63
MICB	mic_tap	strict	UNASSIGNED	False	f2_protein	homopolymer_indel	338
MICB	mic_tap	strict	UNASSIGNED	False	f2_protein	partial_cds	45
MICB	mic_tap	strict	UNASSIGNED	False	f3_synonymous	clean	5729
MICB	mic_tap	strict	UNASSIGNED	False	f3_synonymous	partial_cds	25
MICB	mic_tap	strict	UNASSIGNED	False	f4_noncoding	clean	123
MICB	mic_tap	strict	UNASSIGNED	False	f4_noncoding	partial_cds	<20
MICB	mic_tap	strict	UNASSIGNED	False	known	clean	1131
MICB	mic_tap	strict	UNASSIGNED	False	uncalled	partial_cds	<20
MICB	mic_tap	strict	UNASSIGNED	True	f1_undetermined	clean	<20
MICB	mic_tap	strict	UNASSIGNED	True	f1_undetermined	partial_cds	<20
MICB	mic_tap	strict	UNASSIGNED	True	f2_protein	clean	63
MICB	mic_tap	strict	UNASSIGNED	True	f2_protein	homopolymer_indel	334
MICB	mic_tap	strict	UNASSIGNED	True	f2_protein	partial_cds	45
MICB	mic_tap	strict	UNASSIGNED	True	f3_synonymous	clean	5630
MICB	mic_tap	strict	UNASSIGNED	True	f3_synonymous	partial_cds	23
MICB	mic_tap	strict	UNASSIGNED	True	f4_noncoding	clean	120
MICB	mic_tap	strict	UNASSIGNED	True	f4_noncoding	partial_cds	<20
MICB	mic_tap	strict	UNASSIGNED	True	known	clean	1120
MICB	mic_tap	strict	UNASSIGNED	True	uncalled	partial_cds	<20
TAP1	mic_tap	pred	AFR	False	f2_protein	clean	947
TAP1	mic_tap	pred	AFR	False	f2_protein	homopolymer_indel	209
TAP1	mic_tap	pred	AFR	False	f2_protein	partial_cds	85
TAP1	mic_tap	pred	AFR	False	f3_synonymous	clean	48
TAP1	mic_tap	pred	AFR	False	f4_noncoding	clean	3414
TAP1	mic_tap	pred	AFR	False	f4_noncoding	partial_cds	<20
TAP1	mic_tap	pred	AFR	False	known	clean	1221
TAP1	mic_tap	pred	AFR	False	uncalled	clean	<20
TAP1	mic_tap	pred	AFR	True	f2_protein	clean	913
TAP1	mic_tap	pred	AFR	True	f2_protein	homopolymer_indel	203
TAP1	mic_tap	pred	AFR	True	f2_protein	partial_cds	82
TAP1	mic_tap	pred	AFR	True	f3_synonymous	clean	47
TAP1	mic_tap	pred	AFR	True	f4_noncoding	clean	3328
TAP1	mic_tap	pred	AFR	True	f4_noncoding	partial_cds	<20
TAP1	mic_tap	pred	AFR	True	known	clean	1177
TAP1	mic_tap	pred	AFR	True	uncalled	clean	<20
TAP1	mic_tap	pred	AMR	False	f2_protein	clean	364
TAP1	mic_tap	pred	AMR	False	f2_protein	homopolymer_indel	216
TAP1	mic_tap	pred	AMR	False	f2_protein	partial_cds	40
TAP1	mic_tap	pred	AMR	False	f3_synonymous	clean	23
TAP1	mic_tap	pred	AMR	False	f4_noncoding	clean	2489
TAP1	mic_tap	pred	AMR	False	f4_noncoding	partial_cds	<20
TAP1	mic_tap	pred	AMR	False	known	clean	2170
TAP1	mic_tap	pred	AMR	True	f2_protein	clean	350
TAP1	mic_tap	pred	AMR	True	f2_protein	homopolymer_indel	206
TAP1	mic_tap	pred	AMR	True	f2_protein	partial_cds	38
TAP1	mic_tap	pred	AMR	True	f3_synonymous	clean	23
TAP1	mic_tap	pred	AMR	True	f4_noncoding	clean	2370
TAP1	mic_tap	pred	AMR	True	f4_noncoding	partial_cds	<20
TAP1	mic_tap	pred	AMR	True	known	clean	2078
TAP1	mic_tap	pred	EAS	False	f2_protein	clean	71
TAP1	mic_tap	pred	EAS	False	f2_protein	homopolymer_indel	123
TAP1	mic_tap	pred	EAS	False	f2_protein	partial_cds	23
TAP1	mic_tap	pred	EAS	False	f3_synonymous	clean	32
TAP1	mic_tap	pred	EAS	False	f4_noncoding	clean	1560
TAP1	mic_tap	pred	EAS	False	known	clean	1067
TAP1	mic_tap	pred	EAS	True	f2_protein	clean	70
TAP1	mic_tap	pred	EAS	True	f2_protein	homopolymer_indel	120
TAP1	mic_tap	pred	EAS	True	f2_protein	partial_cds	22
TAP1	mic_tap	pred	EAS	True	f3_synonymous	clean	32
TAP1	mic_tap	pred	EAS	True	f4_noncoding	clean	1522
TAP1	mic_tap	pred	EAS	True	known	clean	1043
TAP1	mic_tap	pred	EUR	False	f2_protein	clean	260
TAP1	mic_tap	pred	EUR	False	f2_protein	homopolymer_indel	245
TAP1	mic_tap	pred	EUR	False	f2_protein	partial_cds	26
TAP1	mic_tap	pred	EUR	False	f3_synonymous	clean	31
TAP1	mic_tap	pred	EUR	False	f4_noncoding	clean	2430
TAP1	mic_tap	pred	EUR	False	known	clean	2898
TAP1	mic_tap	pred	EUR	True	f2_protein	clean	253
TAP1	mic_tap	pred	EUR	True	f2_protein	homopolymer_indel	237
TAP1	mic_tap	pred	EUR	True	f2_protein	partial_cds	26
TAP1	mic_tap	pred	EUR	True	f3_synonymous	clean	30
TAP1	mic_tap	pred	EUR	True	f4_noncoding	clean	2345
TAP1	mic_tap	pred	EUR	True	known	clean	2801
TAP1	mic_tap	pred	MID	False	f2_protein	clean	45
TAP1	mic_tap	pred	MID	False	f2_protein	homopolymer_indel	34
TAP1	mic_tap	pred	MID	False	f2_protein	partial_cds	<20
TAP1	mic_tap	pred	MID	False	f3_synonymous	clean	<20
TAP1	mic_tap	pred	MID	False	f4_noncoding	clean	437
TAP1	mic_tap	pred	MID	False	known	clean	429
TAP1	mic_tap	pred	MID	True	f2_protein	clean	43
TAP1	mic_tap	pred	MID	True	f2_protein	homopolymer_indel	34
TAP1	mic_tap	pred	MID	True	f2_protein	partial_cds	<20
TAP1	mic_tap	pred	MID	True	f3_synonymous	clean	<20
TAP1	mic_tap	pred	MID	True	f4_noncoding	clean	428
TAP1	mic_tap	pred	MID	True	known	clean	425
TAP1	mic_tap	pred	POOLED	False	f2_protein	clean	1858
TAP1	mic_tap	pred	POOLED	False	f2_protein	homopolymer_indel	908
TAP1	mic_tap	pred	POOLED	False	f2_protein	partial_cds	195
TAP1	mic_tap	pred	POOLED	False	f3_synonymous	clean	151
TAP1	mic_tap	pred	POOLED	False	f4_noncoding	clean	11371
TAP1	mic_tap	pred	POOLED	False	f4_noncoding	partial_cds	<20
TAP1	mic_tap	pred	POOLED	False	known	clean	8940
TAP1	mic_tap	pred	POOLED	False	uncalled	clean	<20
TAP1	mic_tap	pred	POOLED	True	f2_protein	clean	1800
TAP1	mic_tap	pred	POOLED	True	f2_protein	homopolymer_indel	879
TAP1	mic_tap	pred	POOLED	True	f2_protein	partial_cds	189
TAP1	mic_tap	pred	POOLED	True	f3_synonymous	clean	149
TAP1	mic_tap	pred	POOLED	True	f4_noncoding	clean	11016
TAP1	mic_tap	pred	POOLED	True	f4_noncoding	partial_cds	<20
TAP1	mic_tap	pred	POOLED	True	known	clean	8656
TAP1	mic_tap	pred	POOLED	True	uncalled	clean	<20
TAP1	mic_tap	pred	SAS	False	f2_protein	clean	169
TAP1	mic_tap	pred	SAS	False	f2_protein	homopolymer_indel	79
TAP1	mic_tap	pred	SAS	False	f2_protein	partial_cds	<20
TAP1	mic_tap	pred	SAS	False	f3_synonymous	clean	<20
TAP1	mic_tap	pred	SAS	False	f4_noncoding	clean	1007
TAP1	mic_tap	pred	SAS	False	known	clean	1147
TAP1	mic_tap	pred	SAS	True	f2_protein	clean	169
TAP1	mic_tap	pred	SAS	True	f2_protein	homopolymer_indel	77
TAP1	mic_tap	pred	SAS	True	f2_protein	partial_cds	<20
TAP1	mic_tap	pred	SAS	True	f3_synonymous	clean	<20
TAP1	mic_tap	pred	SAS	True	f4_noncoding	clean	989
TAP1	mic_tap	pred	SAS	True	known	clean	1124
TAP1	mic_tap	pred	UNASSIGNED	False	f2_protein	clean	<20
TAP1	mic_tap	pred	UNASSIGNED	False	f2_protein	homopolymer_indel	<20
TAP1	mic_tap	pred	UNASSIGNED	False	f4_noncoding	clean	34
TAP1	mic_tap	pred	UNASSIGNED	False	known	clean	<20
TAP1	mic_tap	pred	UNASSIGNED	True	f2_protein	clean	<20
TAP1	mic_tap	pred	UNASSIGNED	True	f2_protein	homopolymer_indel	<20
TAP1	mic_tap	pred	UNASSIGNED	True	f4_noncoding	clean	34
TAP1	mic_tap	pred	UNASSIGNED	True	known	clean	<20
TAP1	mic_tap	strict	AFR	False	f2_protein	clean	793
TAP1	mic_tap	strict	AFR	False	f2_protein	homopolymer_indel	160
TAP1	mic_tap	strict	AFR	False	f2_protein	partial_cds	61
TAP1	mic_tap	strict	AFR	False	f3_synonymous	clean	44
TAP1	mic_tap	strict	AFR	False	f4_noncoding	clean	2680
TAP1	mic_tap	strict	AFR	False	known	clean	847
TAP1	mic_tap	strict	AFR	False	uncalled	clean	<20
TAP1	mic_tap	strict	AFR	True	f2_protein	clean	762
TAP1	mic_tap	strict	AFR	True	f2_protein	homopolymer_indel	155
TAP1	mic_tap	strict	AFR	True	f2_protein	partial_cds	59
TAP1	mic_tap	strict	AFR	True	f3_synonymous	clean	43
TAP1	mic_tap	strict	AFR	True	f4_noncoding	clean	2604
TAP1	mic_tap	strict	AFR	True	known	clean	808
TAP1	mic_tap	strict	AFR	True	uncalled	clean	<20
TAP1	mic_tap	strict	AMR	False	f2_protein	clean	189
TAP1	mic_tap	strict	AMR	False	f2_protein	homopolymer_indel	100
TAP1	mic_tap	strict	AMR	False	f2_protein	partial_cds	32
TAP1	mic_tap	strict	AMR	False	f3_synonymous	clean	<20
TAP1	mic_tap	strict	AMR	False	f4_noncoding	clean	1507
TAP1	mic_tap	strict	AMR	False	known	clean	1377
TAP1	mic_tap	strict	AMR	True	f2_protein	clean	179
TAP1	mic_tap	strict	AMR	True	f2_protein	homopolymer_indel	97
TAP1	mic_tap	strict	AMR	True	f2_protein	partial_cds	30
TAP1	mic_tap	strict	AMR	True	f3_synonymous	clean	<20
TAP1	mic_tap	strict	AMR	True	f4_noncoding	clean	1414
TAP1	mic_tap	strict	AMR	True	known	clean	1298
TAP1	mic_tap	strict	EAS	False	f2_protein	clean	46
TAP1	mic_tap	strict	EAS	False	f2_protein	homopolymer_indel	111
TAP1	mic_tap	strict	EAS	False	f2_protein	partial_cds	20
TAP1	mic_tap	strict	EAS	False	f3_synonymous	clean	30
TAP1	mic_tap	strict	EAS	False	f4_noncoding	clean	1385
TAP1	mic_tap	strict	EAS	False	known	clean	919
TAP1	mic_tap	strict	EAS	True	f2_protein	clean	45
TAP1	mic_tap	strict	EAS	True	f2_protein	homopolymer_indel	108
TAP1	mic_tap	strict	EAS	True	f2_protein	partial_cds	<20
TAP1	mic_tap	strict	EAS	True	f3_synonymous	clean	30
TAP1	mic_tap	strict	EAS	True	f4_noncoding	clean	1349
TAP1	mic_tap	strict	EAS	True	known	clean	895
TAP1	mic_tap	strict	EUR	False	f2_protein	clean	107
TAP1	mic_tap	strict	EUR	False	f2_protein	homopolymer_indel	111
TAP1	mic_tap	strict	EUR	False	f2_protein	partial_cds	<20
TAP1	mic_tap	strict	EUR	False	f3_synonymous	clean	<20
TAP1	mic_tap	strict	EUR	False	f4_noncoding	clean	1107
TAP1	mic_tap	strict	EUR	False	known	clean	1275
TAP1	mic_tap	strict	EUR	True	f2_protein	clean	102
TAP1	mic_tap	strict	EUR	True	f2_protein	homopolymer_indel	103
TAP1	mic_tap	strict	EUR	True	f2_protein	partial_cds	<20
TAP1	mic_tap	strict	EUR	True	f3_synonymous	clean	<20
TAP1	mic_tap	strict	EUR	True	f4_noncoding	clean	1040
TAP1	mic_tap	strict	EUR	True	known	clean	1196
TAP1	mic_tap	strict	MID	False	f2_protein	clean	21
TAP1	mic_tap	strict	MID	False	f2_protein	homopolymer_indel	<20
TAP1	mic_tap	strict	MID	False	f2_protein	partial_cds	<20
TAP1	mic_tap	strict	MID	False	f3_synonymous	clean	<20
TAP1	mic_tap	strict	MID	False	f4_noncoding	clean	277
TAP1	mic_tap	strict	MID	False	known	clean	274
TAP1	mic_tap	strict	MID	True	f2_protein	clean	<20
TAP1	mic_tap	strict	MID	True	f2_protein	homopolymer_indel	<20
TAP1	mic_tap	strict	MID	True	f2_protein	partial_cds	<20
TAP1	mic_tap	strict	MID	True	f3_synonymous	clean	<20
TAP1	mic_tap	strict	MID	True	f4_noncoding	clean	271
TAP1	mic_tap	strict	MID	True	known	clean	271
TAP1	mic_tap	strict	POOLED	False	f2_protein	clean	1858
TAP1	mic_tap	strict	POOLED	False	f2_protein	homopolymer_indel	908
TAP1	mic_tap	strict	POOLED	False	f2_protein	partial_cds	195
TAP1	mic_tap	strict	POOLED	False	f3_synonymous	clean	151
TAP1	mic_tap	strict	POOLED	False	f4_noncoding	clean	11371
TAP1	mic_tap	strict	POOLED	False	f4_noncoding	partial_cds	<20
TAP1	mic_tap	strict	POOLED	False	known	clean	8940
TAP1	mic_tap	strict	POOLED	False	uncalled	clean	<20
TAP1	mic_tap	strict	POOLED	True	f2_protein	clean	1800
TAP1	mic_tap	strict	POOLED	True	f2_protein	homopolymer_indel	879
TAP1	mic_tap	strict	POOLED	True	f2_protein	partial_cds	189
TAP1	mic_tap	strict	POOLED	True	f3_synonymous	clean	149
TAP1	mic_tap	strict	POOLED	True	f4_noncoding	clean	11016
TAP1	mic_tap	strict	POOLED	True	f4_noncoding	partial_cds	<20
TAP1	mic_tap	strict	POOLED	True	known	clean	8656
TAP1	mic_tap	strict	POOLED	True	uncalled	clean	<20
TAP1	mic_tap	strict	SAS	False	f2_protein	clean	160
TAP1	mic_tap	strict	SAS	False	f2_protein	homopolymer_indel	71
TAP1	mic_tap	strict	SAS	False	f2_protein	partial_cds	<20
TAP1	mic_tap	strict	SAS	False	f3_synonymous	clean	<20
TAP1	mic_tap	strict	SAS	False	f4_noncoding	clean	923
TAP1	mic_tap	strict	SAS	False	known	clean	1080
TAP1	mic_tap	strict	SAS	True	f2_protein	clean	160
TAP1	mic_tap	strict	SAS	True	f2_protein	homopolymer_indel	70
TAP1	mic_tap	strict	SAS	True	f2_protein	partial_cds	<20
TAP1	mic_tap	strict	SAS	True	f3_synonymous	clean	<20
TAP1	mic_tap	strict	SAS	True	f4_noncoding	clean	910
TAP1	mic_tap	strict	SAS	True	known	clean	1059
TAP1	mic_tap	strict	UNASSIGNED	False	f2_protein	clean	542
TAP1	mic_tap	strict	UNASSIGNED	False	f2_protein	homopolymer_indel	338
TAP1	mic_tap	strict	UNASSIGNED	False	f2_protein	partial_cds	50
TAP1	mic_tap	strict	UNASSIGNED	False	f3_synonymous	clean	37
TAP1	mic_tap	strict	UNASSIGNED	False	f4_noncoding	clean	3492
TAP1	mic_tap	strict	UNASSIGNED	False	f4_noncoding	partial_cds	<20
TAP1	mic_tap	strict	UNASSIGNED	False	known	clean	3168
TAP1	mic_tap	strict	UNASSIGNED	False	uncalled	clean	<20
TAP1	mic_tap	strict	UNASSIGNED	True	f2_protein	clean	533
TAP1	mic_tap	strict	UNASSIGNED	True	f2_protein	homopolymer_indel	329
TAP1	mic_tap	strict	UNASSIGNED	True	f2_protein	partial_cds	49
TAP1	mic_tap	strict	UNASSIGNED	True	f3_synonymous	clean	37
TAP1	mic_tap	strict	UNASSIGNED	True	f4_noncoding	clean	3428
TAP1	mic_tap	strict	UNASSIGNED	True	f4_noncoding	partial_cds	<20
TAP1	mic_tap	strict	UNASSIGNED	True	known	clean	3129
TAP1	mic_tap	strict	UNASSIGNED	True	uncalled	clean	<20
TAP2	mic_tap	pred	AFR	False	f1_undetermined	clean	<20
TAP2	mic_tap	pred	AFR	False	f2_protein	clean	690
TAP2	mic_tap	pred	AFR	False	f2_protein	homopolymer_indel	187
TAP2	mic_tap	pred	AFR	False	f2_protein	partial_cds	62
TAP2	mic_tap	pred	AFR	False	f3_synonymous	clean	154
TAP2	mic_tap	pred	AFR	False	f3_synonymous	partial_cds	<20
TAP2	mic_tap	pred	AFR	False	f4_noncoding	clean	2919
TAP2	mic_tap	pred	AFR	False	f4_noncoding	partial_cds	<20
TAP2	mic_tap	pred	AFR	False	known	clean	1943
TAP2	mic_tap	pred	AFR	True	f1_undetermined	clean	<20
TAP2	mic_tap	pred	AFR	True	f2_protein	clean	672
TAP2	mic_tap	pred	AFR	True	f2_protein	homopolymer_indel	185
TAP2	mic_tap	pred	AFR	True	f2_protein	partial_cds	58
TAP2	mic_tap	pred	AFR	True	f3_synonymous	clean	146
TAP2	mic_tap	pred	AFR	True	f3_synonymous	partial_cds	<20
TAP2	mic_tap	pred	AFR	True	f4_noncoding	clean	2842
TAP2	mic_tap	pred	AFR	True	f4_noncoding	partial_cds	<20
TAP2	mic_tap	pred	AFR	True	known	clean	1879
TAP2	mic_tap	pred	AMR	False	f1_undetermined	homopolymer_indel	<20
TAP2	mic_tap	pred	AMR	False	f1_undetermined	partial_cds	<20
TAP2	mic_tap	pred	AMR	False	f2_protein	clean	294
TAP2	mic_tap	pred	AMR	False	f2_protein	homopolymer_indel	180
TAP2	mic_tap	pred	AMR	False	f2_protein	partial_cds	33
TAP2	mic_tap	pred	AMR	False	f3_synonymous	clean	54
TAP2	mic_tap	pred	AMR	False	f4_noncoding	clean	2551
TAP2	mic_tap	pred	AMR	False	f4_noncoding	partial_cds	<20
TAP2	mic_tap	pred	AMR	False	known	clean	2222
TAP2	mic_tap	pred	AMR	True	f1_undetermined	homopolymer_indel	<20
TAP2	mic_tap	pred	AMR	True	f1_undetermined	partial_cds	<20
TAP2	mic_tap	pred	AMR	True	f2_protein	clean	277
TAP2	mic_tap	pred	AMR	True	f2_protein	homopolymer_indel	169
TAP2	mic_tap	pred	AMR	True	f2_protein	partial_cds	30
TAP2	mic_tap	pred	AMR	True	f3_synonymous	clean	53
TAP2	mic_tap	pred	AMR	True	f4_noncoding	clean	2427
TAP2	mic_tap	pred	AMR	True	f4_noncoding	partial_cds	<20
TAP2	mic_tap	pred	AMR	True	known	clean	2141
TAP2	mic_tap	pred	EAS	False	f2_protein	clean	313
TAP2	mic_tap	pred	EAS	False	f2_protein	homopolymer_indel	102
TAP2	mic_tap	pred	EAS	False	f2_protein	partial_cds	23
TAP2	mic_tap	pred	EAS	False	f3_synonymous	clean	51
TAP2	mic_tap	pred	EAS	False	f4_noncoding	clean	1326
TAP2	mic_tap	pred	EAS	False	f4_noncoding	partial_cds	<20
TAP2	mic_tap	pred	EAS	False	known	clean	1070
TAP2	mic_tap	pred	EAS	True	f2_protein	clean	308
TAP2	mic_tap	pred	EAS	True	f2_protein	homopolymer_indel	100
TAP2	mic_tap	pred	EAS	True	f2_protein	partial_cds	23
TAP2	mic_tap	pred	EAS	True	f3_synonymous	clean	50
TAP2	mic_tap	pred	EAS	True	f4_noncoding	clean	1297
TAP2	mic_tap	pred	EAS	True	f4_noncoding	partial_cds	<20
TAP2	mic_tap	pred	EAS	True	known	clean	1041
TAP2	mic_tap	pred	EUR	False	f1_undetermined	homopolymer_indel	<20
TAP2	mic_tap	pred	EUR	False	f2_protein	clean	113
TAP2	mic_tap	pred	EUR	False	f2_protein	homopolymer_indel	208
TAP2	mic_tap	pred	EUR	False	f2_protein	partial_cds	27
TAP2	mic_tap	pred	EUR	False	f3_synonymous	clean	47
TAP2	mic_tap	pred	EUR	False	f4_noncoding	clean	2393
TAP2	mic_tap	pred	EUR	False	f4_noncoding	partial_cds	<20
TAP2	mic_tap	pred	EUR	False	known	clean	3131
TAP2	mic_tap	pred	EUR	True	f1_undetermined	homopolymer_indel	<20
TAP2	mic_tap	pred	EUR	True	f2_protein	clean	109
TAP2	mic_tap	pred	EUR	True	f2_protein	homopolymer_indel	203
TAP2	mic_tap	pred	EUR	True	f2_protein	partial_cds	27
TAP2	mic_tap	pred	EUR	True	f3_synonymous	clean	47
TAP2	mic_tap	pred	EUR	True	f4_noncoding	clean	2316
TAP2	mic_tap	pred	EUR	True	f4_noncoding	partial_cds	<20
TAP2	mic_tap	pred	EUR	True	known	clean	3015
TAP2	mic_tap	pred	MID	False	f2_protein	clean	39
TAP2	mic_tap	pred	MID	False	f2_protein	homopolymer_indel	37
TAP2	mic_tap	pred	MID	False	f2_protein	partial_cds	<20
TAP2	mic_tap	pred	MID	False	f3_synonymous	clean	<20
TAP2	mic_tap	pred	MID	False	f4_noncoding	clean	413
TAP2	mic_tap	pred	MID	False	f4_noncoding	partial_cds	<20
TAP2	mic_tap	pred	MID	False	known	clean	452
TAP2	mic_tap	pred	MID	True	f2_protein	clean	39
TAP2	mic_tap	pred	MID	True	f2_protein	homopolymer_indel	37
TAP2	mic_tap	pred	MID	True	f2_protein	partial_cds	<20
TAP2	mic_tap	pred	MID	True	f3_synonymous	clean	<20
TAP2	mic_tap	pred	MID	True	f4_noncoding	clean	406
TAP2	mic_tap	pred	MID	True	f4_noncoding	partial_cds	<20
TAP2	mic_tap	pred	MID	True	known	clean	444
TAP2	mic_tap	pred	POOLED	False	f1_undetermined	clean	<20
TAP2	mic_tap	pred	POOLED	False	f1_undetermined	homopolymer_indel	<20
TAP2	mic_tap	pred	POOLED	False	f1_undetermined	partial_cds	<20
TAP2	mic_tap	pred	POOLED	False	f2_protein	clean	1632
TAP2	mic_tap	pred	POOLED	False	f2_protein	homopolymer_indel	789
TAP2	mic_tap	pred	POOLED	False	f2_protein	partial_cds	164
TAP2	mic_tap	pred	POOLED	False	f3_synonymous	clean	342
TAP2	mic_tap	pred	POOLED	False	f3_synonymous	partial_cds	<20
TAP2	mic_tap	pred	POOLED	False	f4_noncoding	clean	10808
TAP2	mic_tap	pred	POOLED	False	f4_noncoding	partial_cds	<20
TAP2	mic_tap	pred	POOLED	False	known	clean	9804
TAP2	mic_tap	pred	POOLED	True	f1_undetermined	clean	<20
TAP2	mic_tap	pred	POOLED	True	f1_undetermined	homopolymer_indel	<20
TAP2	mic_tap	pred	POOLED	True	f1_undetermined	partial_cds	<20
TAP2	mic_tap	pred	POOLED	True	f2_protein	clean	1586
TAP2	mic_tap	pred	POOLED	True	f2_protein	homopolymer_indel	768
TAP2	mic_tap	pred	POOLED	True	f2_protein	partial_cds	157
TAP2	mic_tap	pred	POOLED	True	f3_synonymous	clean	329
TAP2	mic_tap	pred	POOLED	True	f3_synonymous	partial_cds	<20
TAP2	mic_tap	pred	POOLED	True	f4_noncoding	clean	10471
TAP2	mic_tap	pred	POOLED	True	f4_noncoding	partial_cds	<20
TAP2	mic_tap	pred	POOLED	True	known	clean	9492
TAP2	mic_tap	pred	SAS	False	f2_protein	clean	180
TAP2	mic_tap	pred	SAS	False	f2_protein	homopolymer_indel	75
TAP2	mic_tap	pred	SAS	False	f2_protein	partial_cds	<20
TAP2	mic_tap	pred	SAS	False	f3_synonymous	clean	28
TAP2	mic_tap	pred	SAS	False	f4_noncoding	clean	1183
TAP2	mic_tap	pred	SAS	False	known	clean	967
TAP2	mic_tap	pred	SAS	True	f2_protein	clean	178
TAP2	mic_tap	pred	SAS	True	f2_protein	homopolymer_indel	74
TAP2	mic_tap	pred	SAS	True	f2_protein	partial_cds	<20
TAP2	mic_tap	pred	SAS	True	f3_synonymous	clean	25
TAP2	mic_tap	pred	SAS	True	f4_noncoding	clean	1160
TAP2	mic_tap	pred	SAS	True	known	clean	953
TAP2	mic_tap	pred	UNASSIGNED	False	f2_protein	clean	<20
TAP2	mic_tap	pred	UNASSIGNED	False	f3_synonymous	clean	<20
TAP2	mic_tap	pred	UNASSIGNED	False	f4_noncoding	clean	23
TAP2	mic_tap	pred	UNASSIGNED	False	known	clean	<20
TAP2	mic_tap	pred	UNASSIGNED	True	f2_protein	clean	<20
TAP2	mic_tap	pred	UNASSIGNED	True	f3_synonymous	clean	<20
TAP2	mic_tap	pred	UNASSIGNED	True	f4_noncoding	clean	23
TAP2	mic_tap	pred	UNASSIGNED	True	known	clean	<20
TAP2	mic_tap	strict	AFR	False	f1_undetermined	clean	<20
TAP2	mic_tap	strict	AFR	False	f2_protein	clean	565
TAP2	mic_tap	strict	AFR	False	f2_protein	homopolymer_indel	132
TAP2	mic_tap	strict	AFR	False	f2_protein	partial_cds	53
TAP2	mic_tap	strict	AFR	False	f3_synonymous	clean	117
TAP2	mic_tap	strict	AFR	False	f3_synonymous	partial_cds	<20
TAP2	mic_tap	strict	AFR	False	f4_noncoding	clean	2335
TAP2	mic_tap	strict	AFR	False	f4_noncoding	partial_cds	<20
TAP2	mic_tap	strict	AFR	False	known	clean	1398
TAP2	mic_tap	strict	AFR	True	f1_undetermined	clean	<20
TAP2	mic_tap	strict	AFR	True	f2_protein	clean	550
TAP2	mic_tap	strict	AFR	True	f2_protein	homopolymer_indel	130
TAP2	mic_tap	strict	AFR	True	f2_protein	partial_cds	49
TAP2	mic_tap	strict	AFR	True	f3_synonymous	clean	111
TAP2	mic_tap	strict	AFR	True	f3_synonymous	partial_cds	<20
TAP2	mic_tap	strict	AFR	True	f4_noncoding	clean	2265
TAP2	mic_tap	strict	AFR	True	f4_noncoding	partial_cds	<20
TAP2	mic_tap	strict	AFR	True	known	clean	1342
TAP2	mic_tap	strict	AMR	False	f1_undetermined	homopolymer_indel	<20
TAP2	mic_tap	strict	AMR	False	f2_protein	clean	172
TAP2	mic_tap	strict	AMR	False	f2_protein	homopolymer_indel	100
TAP2	mic_tap	strict	AMR	False	f2_protein	partial_cds	<20
TAP2	mic_tap	strict	AMR	False	f3_synonymous	clean	37
TAP2	mic_tap	strict	AMR	False	f4_noncoding	clean	1631
TAP2	mic_tap	strict	AMR	False	known	clean	1284
TAP2	mic_tap	strict	AMR	True	f1_undetermined	homopolymer_indel	<20
TAP2	mic_tap	strict	AMR	True	f2_protein	clean	159
TAP2	mic_tap	strict	AMR	True	f2_protein	homopolymer_indel	92
TAP2	mic_tap	strict	AMR	True	f2_protein	partial_cds	<20
TAP2	mic_tap	strict	AMR	True	f3_synonymous	clean	36
TAP2	mic_tap	strict	AMR	True	f4_noncoding	clean	1530
TAP2	mic_tap	strict	AMR	True	known	clean	1219
TAP2	mic_tap	strict	EAS	False	f2_protein	clean	292
TAP2	mic_tap	strict	EAS	False	f2_protein	homopolymer_indel	86
TAP2	mic_tap	strict	EAS	False	f2_protein	partial_cds	<20
TAP2	mic_tap	strict	EAS	False	f3_synonymous	clean	47
TAP2	mic_tap	strict	EAS	False	f4_noncoding	clean	1181
TAP2	mic_tap	strict	EAS	False	f4_noncoding	partial_cds	<20
TAP2	mic_tap	strict	EAS	False	known	clean	894
TAP2	mic_tap	strict	EAS	True	f2_protein	clean	288
TAP2	mic_tap	strict	EAS	True	f2_protein	homopolymer_indel	84
TAP2	mic_tap	strict	EAS	True	f2_protein	partial_cds	<20
TAP2	mic_tap	strict	EAS	True	f3_synonymous	clean	46
TAP2	mic_tap	strict	EAS	True	f4_noncoding	clean	1153
TAP2	mic_tap	strict	EAS	True	f4_noncoding	partial_cds	<20
TAP2	mic_tap	strict	EAS	True	known	clean	865
TAP2	mic_tap	strict	EUR	False	f2_protein	clean	45
TAP2	mic_tap	strict	EUR	False	f2_protein	homopolymer_indel	108
TAP2	mic_tap	strict	EUR	False	f2_protein	partial_cds	<20
TAP2	mic_tap	strict	EUR	False	f3_synonymous	clean	20
TAP2	mic_tap	strict	EUR	False	f4_noncoding	clean	908
TAP2	mic_tap	strict	EUR	False	f4_noncoding	partial_cds	<20
TAP2	mic_tap	strict	EUR	False	known	clean	1542
TAP2	mic_tap	strict	EUR	True	f2_protein	clean	41
TAP2	mic_tap	strict	EUR	True	f2_protein	homopolymer_indel	105
TAP2	mic_tap	strict	EUR	True	f2_protein	partial_cds	<20
TAP2	mic_tap	strict	EUR	True	f3_synonymous	clean	20
TAP2	mic_tap	strict	EUR	True	f4_noncoding	clean	851
TAP2	mic_tap	strict	EUR	True	f4_noncoding	partial_cds	<20
TAP2	mic_tap	strict	EUR	True	known	clean	1443
TAP2	mic_tap	strict	MID	False	f2_protein	clean	<20
TAP2	mic_tap	strict	MID	False	f2_protein	homopolymer_indel	26
TAP2	mic_tap	strict	MID	False	f2_protein	partial_cds	<20
TAP2	mic_tap	strict	MID	False	f3_synonymous	clean	<20
TAP2	mic_tap	strict	MID	False	f4_noncoding	clean	265
TAP2	mic_tap	strict	MID	False	f4_noncoding	partial_cds	<20
TAP2	mic_tap	strict	MID	False	known	clean	281
TAP2	mic_tap	strict	MID	True	f2_protein	clean	<20
TAP2	mic_tap	strict	MID	True	f2_protein	homopolymer_indel	26
TAP2	mic_tap	strict	MID	True	f2_protein	partial_cds	<20
TAP2	mic_tap	strict	MID	True	f3_synonymous	clean	<20
TAP2	mic_tap	strict	MID	True	f4_noncoding	clean	259
TAP2	mic_tap	strict	MID	True	f4_noncoding	partial_cds	<20
TAP2	mic_tap	strict	MID	True	known	clean	275
TAP2	mic_tap	strict	POOLED	False	f1_undetermined	clean	<20
TAP2	mic_tap	strict	POOLED	False	f1_undetermined	homopolymer_indel	<20
TAP2	mic_tap	strict	POOLED	False	f1_undetermined	partial_cds	<20
TAP2	mic_tap	strict	POOLED	False	f2_protein	clean	1632
TAP2	mic_tap	strict	POOLED	False	f2_protein	homopolymer_indel	789
TAP2	mic_tap	strict	POOLED	False	f2_protein	partial_cds	164
TAP2	mic_tap	strict	POOLED	False	f3_synonymous	clean	342
TAP2	mic_tap	strict	POOLED	False	f3_synonymous	partial_cds	<20
TAP2	mic_tap	strict	POOLED	False	f4_noncoding	clean	10808
TAP2	mic_tap	strict	POOLED	False	f4_noncoding	partial_cds	<20
TAP2	mic_tap	strict	POOLED	False	known	clean	9804
TAP2	mic_tap	strict	POOLED	True	f1_undetermined	clean	<20
TAP2	mic_tap	strict	POOLED	True	f1_undetermined	homopolymer_indel	<20
TAP2	mic_tap	strict	POOLED	True	f1_undetermined	partial_cds	<20
TAP2	mic_tap	strict	POOLED	True	f2_protein	clean	1586
TAP2	mic_tap	strict	POOLED	True	f2_protein	homopolymer_indel	768
TAP2	mic_tap	strict	POOLED	True	f2_protein	partial_cds	157
TAP2	mic_tap	strict	POOLED	True	f3_synonymous	clean	329
TAP2	mic_tap	strict	POOLED	True	f3_synonymous	partial_cds	<20
TAP2	mic_tap	strict	POOLED	True	f4_noncoding	clean	10471
TAP2	mic_tap	strict	POOLED	True	f4_noncoding	partial_cds	<20
TAP2	mic_tap	strict	POOLED	True	known	clean	9492
TAP2	mic_tap	strict	SAS	False	f2_protein	clean	169
TAP2	mic_tap	strict	SAS	False	f2_protein	homopolymer_indel	70
TAP2	mic_tap	strict	SAS	False	f2_protein	partial_cds	<20
TAP2	mic_tap	strict	SAS	False	f3_synonymous	clean	25
TAP2	mic_tap	strict	SAS	False	f4_noncoding	clean	1107
TAP2	mic_tap	strict	SAS	False	known	clean	894
TAP2	mic_tap	strict	SAS	True	f2_protein	clean	167
TAP2	mic_tap	strict	SAS	True	f2_protein	homopolymer_indel	69
TAP2	mic_tap	strict	SAS	True	f2_protein	partial_cds	<20
TAP2	mic_tap	strict	SAS	True	f3_synonymous	clean	24
TAP2	mic_tap	strict	SAS	True	f4_noncoding	clean	1085
TAP2	mic_tap	strict	SAS	True	known	clean	885
TAP2	mic_tap	strict	UNASSIGNED	False	f1_undetermined	homopolymer_indel	<20
TAP2	mic_tap	strict	UNASSIGNED	False	f1_undetermined	partial_cds	<20
TAP2	mic_tap	strict	UNASSIGNED	False	f2_protein	clean	371
TAP2	mic_tap	strict	UNASSIGNED	False	f2_protein	homopolymer_indel	267
TAP2	mic_tap	strict	UNASSIGNED	False	f2_protein	partial_cds	39
TAP2	mic_tap	strict	UNASSIGNED	False	f3_synonymous	clean	92
TAP2	mic_tap	strict	UNASSIGNED	False	f4_noncoding	clean	3381
TAP2	mic_tap	strict	UNASSIGNED	False	f4_noncoding	partial_cds	<20
TAP2	mic_tap	strict	UNASSIGNED	False	known	clean	3511
TAP2	mic_tap	strict	UNASSIGNED	True	f1_undetermined	homopolymer_indel	<20
TAP2	mic_tap	strict	UNASSIGNED	True	f1_undetermined	partial_cds	<20
TAP2	mic_tap	strict	UNASSIGNED	True	f2_protein	clean	363
TAP2	mic_tap	strict	UNASSIGNED	True	f2_protein	homopolymer_indel	262
TAP2	mic_tap	strict	UNASSIGNED	True	f2_protein	partial_cds	37
TAP2	mic_tap	strict	UNASSIGNED	True	f3_synonymous	clean	88
TAP2	mic_tap	strict	UNASSIGNED	True	f4_noncoding	clean	3328
TAP2	mic_tap	strict	UNASSIGNED	True	f4_noncoding	partial_cds	<20
TAP2	mic_tap	strict	UNASSIGNED	True	known	clean	3463
