pair	ancestry	haplotype	n_haplotypes_disp	freq
DQA1~DQB1	AFR	DQA1*01:01~DQB1*05:01	301	0.0726
DQA1~DQB1	AFR	DQA1*01:01~DQB1*05:02	<20	0.00024
DQA1~DQB1	AFR	DQA1*01:01~DQB1*06:03	<20	0.00024
DQA1~DQB1	AFR	DQA1*01:01~DQB1*06:09	<20	0.00024
DQA1~DQB1	AFR	DQA1*01:02~DQB1*05:01	134	0.03232
DQA1~DQB1	AFR	DQA1*01:02~DQB1*05:02	113	0.02726
DQA1~DQB1	AFR	DQA1*01:02~DQB1*05:03	<20	0.00024
DQA1~DQB1	AFR	DQA1*01:02~DQB1*05:04	<20	0.00048
DQA1~DQB1	AFR	DQA1*01:02~DQB1*05:241	<20	0.00096
DQA1~DQB1	AFR	DQA1*01:02~DQB1*06:02	805	0.19416
DQA1~DQB1	AFR	DQA1*01:02~DQB1*06:03	<20	0.00217
DQA1~DQB1	AFR	DQA1*01:02~DQB1*06:04	65	0.01568
DQA1~DQB1	AFR	DQA1*01:02~DQB1*06:09	128	0.03087
DQA1~DQB1	AFR	DQA1*01:02~DQB1*06:11	<20	0.00121
DQA1~DQB1	AFR	DQA1*01:02~DQB1*06:127	<20	0.00048
DQA1~DQB1	AFR	DQA1*01:02~DQB1*06:240	<20	0.00024
DQA1~DQB1	AFR	DQA1*01:02~DQB1*06:49	<20	0.00024
DQA1~DQB1	AFR	DQA1*01:02~DQB1*06:88	<20	0.00048
DQA1~DQB1	AFR	DQA1*01:03~DQB1*05:01	<20	0.00241
DQA1~DQB1	AFR	DQA1*01:03~DQB1*05:02	<20	0.00024
DQA1~DQB1	AFR	DQA1*01:03~DQB1*05:03	<20	0.00072
DQA1~DQB1	AFR	DQA1*01:03~DQB1*06:01	<20	0.00145
DQA1~DQB1	AFR	DQA1*01:03~DQB1*06:02	<20	0.00338
DQA1~DQB1	AFR	DQA1*01:03~DQB1*06:03	92	0.02219
DQA1~DQB1	AFR	DQA1*01:03~DQB1*06:04	<20	0.00241
DQA1~DQB1	AFR	DQA1*01:03~DQB1*06:08	<20	0.00289
DQA1~DQB1	AFR	DQA1*01:03~DQB1*06:09	25	0.00603
DQA1~DQB1	AFR	DQA1*01:04~DQB1*05:02	<20	0.00024
DQA1~DQB1	AFR	DQA1*01:04~DQB1*05:03	36	0.00868
DQA1~DQB1	AFR	DQA1*01:05~DQB1*05:01	218	0.05258
DQA1~DQB1	AFR	DQA1*01:05~DQB1*05:02	<20	0.00072
DQA1~DQB1	AFR	DQA1*01:05~DQB1*05:03	29	0.00699
DQA1~DQB1	AFR	DQA1*01:05~DQB1*05:88	<20	0.00024
DQA1~DQB1	AFR	DQA1*01:05~DQB1*06:02	<20	0.00145
DQA1~DQB1	AFR	DQA1*01:100~DQB1*06:04	<20	0.00024
DQA1~DQB1	AFR	DQA1*01:106~DQB1*06:04	<20	0.00024
DQA1~DQB1	AFR	DQA1*01:13~DQB1*06:02	<20	0.00024
DQA1~DQB1	AFR	DQA1*01:21~DQB1*06:09	<20	0.00024
DQA1~DQB1	AFR	DQA1*01:32~DQB1*05:01	<20	0.00024
DQA1~DQB1	AFR	DQA1*02:01~DQB1*02:02	353	0.08514
DQA1~DQB1	AFR	DQA1*02:01~DQB1*03:01	<20	0.00024
DQA1~DQB1	AFR	DQA1*02:01~DQB1*03:02	<20	0.00145
DQA1~DQB1	AFR	DQA1*02:01~DQB1*03:03	20	0.00482
DQA1~DQB1	AFR	DQA1*03:01~DQB1*02:01	<20	0.00024
DQA1~DQB1	AFR	DQA1*03:01~DQB1*02:02	<20	0.00024
DQA1~DQB1	AFR	DQA1*03:01~DQB1*03:02	57	0.01375
DQA1~DQB1	AFR	DQA1*03:01~DQB1*03:04	<20	0.00024
DQA1~DQB1	AFR	DQA1*03:02~DQB1*03:03	<20	0.00145
DQA1~DQB1	AFR	DQA1*03:02~DQB1*03:136	<20	0.00024
DQA1~DQB1	AFR	DQA1*03:03~DQB1*02:01	<20	0.00048
DQA1~DQB1	AFR	DQA1*03:03~DQB1*02:02	170	0.041
DQA1~DQB1	AFR	DQA1*03:03~DQB1*02:122	<20	0.00072
DQA1~DQB1	AFR	DQA1*03:03~DQB1*03:01	43	0.01037
DQA1~DQB1	AFR	DQA1*03:03~DQB1*03:02	57	0.01375
DQA1~DQB1	AFR	DQA1*03:03~DQB1*03:03	28	0.00675
DQA1~DQB1	AFR	DQA1*03:03~DQB1*03:19	<20	0.00048
DQA1~DQB1	AFR	DQA1*03:03~DQB1*04:02	<20	0.00096
DQA1~DQB1	AFR	DQA1*04:01~DQB1*02:02	<20	0.00024
DQA1~DQB1	AFR	DQA1*04:01~DQB1*03:01	<20	0.00048
DQA1~DQB1	AFR	DQA1*04:01~DQB1*03:19	189	0.04559
DQA1~DQB1	AFR	DQA1*04:01~DQB1*04:02	309	0.07453
DQA1~DQB1	AFR	DQA1*04:02~DQB1*04:02	<20	0.00024
DQA1~DQB1	AFR	DQA1*04:04~DQB1*04:02	<20	0.00024
DQA1~DQB1	AFR	DQA1*05:01~DQB1*02:01	291	0.07019
DQA1~DQB1	AFR	DQA1*05:01~DQB1*02:02	<20	0.00048
DQA1~DQB1	AFR	DQA1*05:01~DQB1*02:180	<20	0.00217
DQA1~DQB1	AFR	DQA1*05:02~DQB1*03:01	<20	0.00024
DQA1~DQB1	AFR	DQA1*05:02~DQB1*03:19	<20	0.00265
DQA1~DQB1	AFR	DQA1*05:03~DQB1*03:01	<20	0.00024
DQA1~DQB1	AFR	DQA1*05:05~DQB1*02:01	<20	0.00024
DQA1~DQB1	AFR	DQA1*05:05~DQB1*02:02	<20	0.00024
DQA1~DQB1	AFR	DQA1*05:05~DQB1*03:01	228	0.05499
DQA1~DQB1	AFR	DQA1*05:05~DQB1*03:02	<20	0.00024
DQA1~DQB1	AFR	DQA1*05:05~DQB1*03:09	<20	0.00121
DQA1~DQB1	AFR	DQA1*05:05~DQB1*03:16	<20	0.00024
DQA1~DQB1	AFR	DQA1*05:05~DQB1*03:19	261	0.06295
DQA1~DQB1	AFR	DQA1*05:05~DQB1*03:243	<20	0.00048
DQA1~DQB1	AFR	DQA1*05:09~DQB1*03:01	<20	0.00048
DQA1~DQB1	AFR	DQA1*05:11~DQB1*03:01	<20	0.00362
DQA1~DQB1	AFR	DQA1*06:01~DQB1*03:01	<20	0.00169
DQA1~DQB1	AMR	DQA1*01:01~DQB1*05:01	239	0.08205
DQA1~DQB1	AMR	DQA1*01:02~DQB1*05:01	22	0.00755
DQA1~DQB1	AMR	DQA1*01:02~DQB1*05:02	39	0.01339
DQA1~DQB1	AMR	DQA1*01:02~DQB1*05:04	<20	0.00103
DQA1~DQB1	AMR	DQA1*01:02~DQB1*06:02	175	0.06008
DQA1~DQB1	AMR	DQA1*01:02~DQB1*06:03	<20	0.0024
DQA1~DQB1	AMR	DQA1*01:02~DQB1*06:04	42	0.01442
DQA1~DQB1	AMR	DQA1*01:02~DQB1*06:09	23	0.0079
DQA1~DQB1	AMR	DQA1*01:02~DQB1*06:41	<20	0.00034
DQA1~DQB1	AMR	DQA1*01:03~DQB1*06:01	23	0.0079
DQA1~DQB1	AMR	DQA1*01:03~DQB1*06:02	<20	0.00206
DQA1~DQB1	AMR	DQA1*01:03~DQB1*06:03	104	0.0357
DQA1~DQB1	AMR	DQA1*01:03~DQB1*06:04	<20	0.00103
DQA1~DQB1	AMR	DQA1*01:03~DQB1*06:08	<20	0.00034
DQA1~DQB1	AMR	DQA1*01:03~DQB1*06:316	<20	0.00034
DQA1~DQB1	AMR	DQA1*01:03~DQB1*06:334	<20	0.00034
DQA1~DQB1	AMR	DQA1*01:03~DQB1*06:39	<20	0.00034
DQA1~DQB1	AMR	DQA1*01:04~DQB1*05:03	48	0.01648
DQA1~DQB1	AMR	DQA1*01:05~DQB1*05:01	62	0.02128
DQA1~DQB1	AMR	DQA1*01:05~DQB1*05:02	<20	0.00034
DQA1~DQB1	AMR	DQA1*01:10~DQB1*06:03	<20	0.00137
DQA1~DQB1	AMR	DQA1*01:112~DQB1*05:01	<20	0.00034
DQA1~DQB1	AMR	DQA1*01:133Q~DQB1*06:02	<20	0.00069
DQA1~DQB1	AMR	DQA1*02:01~DQB1*02:01	<20	0.00034
DQA1~DQB1	AMR	DQA1*02:01~DQB1*02:02	201	0.069
DQA1~DQB1	AMR	DQA1*02:01~DQB1*02:206N	<20	0.00034
DQA1~DQB1	AMR	DQA1*02:01~DQB1*03:01	<20	0.00172
DQA1~DQB1	AMR	DQA1*02:01~DQB1*03:02	<20	0.00137
DQA1~DQB1	AMR	DQA1*02:01~DQB1*03:03	24	0.00824
DQA1~DQB1	AMR	DQA1*02:01~DQB1*04:02	<20	0.00034
DQA1~DQB1	AMR	DQA1*02:40~DQB1*02:02	<20	0.00034
DQA1~DQB1	AMR	DQA1*03:01~DQB1*02:02	<20	0.00034
DQA1~DQB1	AMR	DQA1*03:01~DQB1*03:01	<20	0.00206
DQA1~DQB1	AMR	DQA1*03:01~DQB1*03:02	558	0.19156
DQA1~DQB1	AMR	DQA1*03:01~DQB1*03:04	<20	0.00034
DQA1~DQB1	AMR	DQA1*03:01~DQB1*03:05	<20	0.00069
DQA1~DQB1	AMR	DQA1*03:01~DQB1*03:14	<20	0.00034
DQA1~DQB1	AMR	DQA1*03:01~DQB1*03:19	<20	0.00034
DQA1~DQB1	AMR	DQA1*03:02~DQB1*03:02	<20	0.00034
DQA1~DQB1	AMR	DQA1*03:02~DQB1*03:03	<20	0.00309
DQA1~DQB1	AMR	DQA1*03:03~DQB1*02:02	29	0.00996
DQA1~DQB1	AMR	DQA1*03:03~DQB1*03:01	26	0.00893
DQA1~DQB1	AMR	DQA1*03:03~DQB1*03:02	61	0.02094
DQA1~DQB1	AMR	DQA1*03:03~DQB1*03:03	<20	0.00172
DQA1~DQB1	AMR	DQA1*03:03~DQB1*03:04	<20	0.00137
DQA1~DQB1	AMR	DQA1*03:03~DQB1*03:276N	<20	0.00069
DQA1~DQB1	AMR	DQA1*03:03~DQB1*03:42	<20	0.00069
DQA1~DQB1	AMR	DQA1*03:03~DQB1*04:02	30	0.0103
DQA1~DQB1	AMR	DQA1*04:01~DQB1*03:01	<20	0.00034
DQA1~DQB1	AMR	DQA1*04:01~DQB1*03:02	<20	0.00034
DQA1~DQB1	AMR	DQA1*04:01~DQB1*03:19	<20	0.00206
DQA1~DQB1	AMR	DQA1*04:01~DQB1*04:02	339	0.11637
DQA1~DQB1	AMR	DQA1*04:01~DQB1*04:44	<20	0.00034
DQA1~DQB1	AMR	DQA1*04:02~DQB1*04:02	<20	0.00034
DQA1~DQB1	AMR	DQA1*05:01~DQB1*02:01	151	0.05184
DQA1~DQB1	AMR	DQA1*05:01~DQB1*03:01	<20	0.00103
DQA1~DQB1	AMR	DQA1*05:01~DQB1*03:19	<20	0.00034
DQA1~DQB1	AMR	DQA1*05:03~DQB1*03:01	218	0.07484
DQA1~DQB1	AMR	DQA1*05:03~DQB1*03:02	<20	0.00034
DQA1~DQB1	AMR	DQA1*05:03~DQB1*03:04	<20	0.00103
DQA1~DQB1	AMR	DQA1*05:03~DQB1*03:276N	<20	0.00206
DQA1~DQB1	AMR	DQA1*05:03~DQB1*04:02	<20	0.00034
DQA1~DQB1	AMR	DQA1*05:05~DQB1*03:01	315	0.10814
DQA1~DQB1	AMR	DQA1*05:05~DQB1*03:02	<20	0.00034
DQA1~DQB1	AMR	DQA1*05:05~DQB1*03:03	<20	0.00103
DQA1~DQB1	AMR	DQA1*05:05~DQB1*03:09	<20	0.00034
DQA1~DQB1	AMR	DQA1*05:05~DQB1*03:19	67	0.023
DQA1~DQB1	AMR	DQA1*05:05~DQB1*03:21	<20	0.00069
DQA1~DQB1	AMR	DQA1*05:05~DQB1*04:02	<20	0.00034
DQA1~DQB1	AMR	DQA1*05:09~DQB1*03:01	<20	0.00034
DQA1~DQB1	AMR	DQA1*05:11~DQB1*03:01	<20	0.00034
DQA1~DQB1	AMR	DQA1*06:01~DQB1*03:01	<20	0.00069
DQA1~DQB1	EAS	DQA1*01:01~DQB1*05:01	118	0.04964
DQA1~DQB1	EAS	DQA1*01:01~DQB1*05:02	<20	0.00421
DQA1~DQB1	EAS	DQA1*01:02~DQB1*05:02	211	0.08877
DQA1~DQB1	EAS	DQA1*01:02~DQB1*06:01	68	0.02861
DQA1~DQB1	EAS	DQA1*01:02~DQB1*06:02	91	0.03828
DQA1~DQB1	EAS	DQA1*01:02~DQB1*06:04	22	0.00926
DQA1~DQB1	EAS	DQA1*01:02~DQB1*06:09	40	0.01683
DQA1~DQB1	EAS	DQA1*01:02~DQB1*06:10	<20	0.00042
DQA1~DQB1	EAS	DQA1*01:03~DQB1*05:03	<20	0.0021
DQA1~DQB1	EAS	DQA1*01:03~DQB1*06:01	176	0.07404
DQA1~DQB1	EAS	DQA1*01:03~DQB1*06:03	24	0.0101
DQA1~DQB1	EAS	DQA1*01:04~DQB1*05:02	45	0.01893
DQA1~DQB1	EAS	DQA1*01:04~DQB1*05:03	82	0.0345
DQA1~DQB1	EAS	DQA1*01:04~DQB1*06:02	<20	0.00084
DQA1~DQB1	EAS	DQA1*01:05~DQB1*05:01	50	0.02103
DQA1~DQB1	EAS	DQA1*02:01~DQB1*02:02	72	0.03029
DQA1~DQB1	EAS	DQA1*02:01~DQB1*03:01	<20	0.00084
DQA1~DQB1	EAS	DQA1*02:01~DQB1*03:02	<20	0.00084
DQA1~DQB1	EAS	DQA1*02:01~DQB1*03:03	30	0.01262
DQA1~DQB1	EAS	DQA1*03:01~DQB1*02:02	<20	0.00084
DQA1~DQB1	EAS	DQA1*03:01~DQB1*03:02	152	0.06395
DQA1~DQB1	EAS	DQA1*03:01~DQB1*03:05	<20	0.00168
DQA1~DQB1	EAS	DQA1*03:01~DQB1*04:01	<20	0.00042
DQA1~DQB1	EAS	DQA1*03:02~DQB1*03:01	<20	0.00042
DQA1~DQB1	EAS	DQA1*03:02~DQB1*03:02	<20	0.00084
DQA1~DQB1	EAS	DQA1*03:02~DQB1*03:03	307	0.12915
DQA1~DQB1	EAS	DQA1*03:03~DQB1*03:01	<20	0.00337
DQA1~DQB1	EAS	DQA1*03:03~DQB1*03:02	<20	0.00042
DQA1~DQB1	EAS	DQA1*03:03~DQB1*04:01	133	0.05595
DQA1~DQB1	EAS	DQA1*03:03~DQB1*04:02	30	0.01262
DQA1~DQB1	EAS	DQA1*04:01~DQB1*03:02	<20	0.00126
DQA1~DQB1	EAS	DQA1*04:01~DQB1*04:02	<20	0.00757
DQA1~DQB1	EAS	DQA1*05:01~DQB1*02:01	125	0.05259
DQA1~DQB1	EAS	DQA1*05:03~DQB1*03:01	24	0.0101
DQA1~DQB1	EAS	DQA1*05:05~DQB1*03:01	177	0.07446
DQA1~DQB1	EAS	DQA1*05:05~DQB1*03:13	<20	0.00084
DQA1~DQB1	EAS	DQA1*05:06~DQB1*03:01	<20	0.0021
DQA1~DQB1	EAS	DQA1*05:07~DQB1*03:01	<20	0.00084
DQA1~DQB1	EAS	DQA1*05:08~DQB1*03:01	<20	0.00547
DQA1~DQB1	EAS	DQA1*05:09~DQB1*03:01	<20	0.00042
DQA1~DQB1	EAS	DQA1*05:43~DQB1*03:01	<20	0.00042
DQA1~DQB1	EAS	DQA1*06:01~DQB1*03:01	314	0.1321
DQA1~DQB1	EUR	DQA1*01:01~DQB1*05:01	248	0.10407
DQA1~DQB1	EUR	DQA1*01:02~DQB1*05:01	<20	0.0021
DQA1~DQB1	EUR	DQA1*01:02~DQB1*05:02	38	0.01595
DQA1~DQB1	EUR	DQA1*01:02~DQB1*05:04	<20	0.0021
DQA1~DQB1	EUR	DQA1*01:02~DQB1*06:02	299	0.12547
DQA1~DQB1	EUR	DQA1*01:02~DQB1*06:03	<20	0.00294
DQA1~DQB1	EUR	DQA1*01:02~DQB1*06:04	86	0.03609
DQA1~DQB1	EUR	DQA1*01:02~DQB1*06:09	33	0.01385
DQA1~DQB1	EUR	DQA1*01:03~DQB1*05:03	<20	0.00042
DQA1~DQB1	EUR	DQA1*01:03~DQB1*06:01	<20	0.00713
DQA1~DQB1	EUR	DQA1*01:03~DQB1*06:02	<20	0.00084
DQA1~DQB1	EUR	DQA1*01:03~DQB1*06:03	147	0.06169
DQA1~DQB1	EUR	DQA1*01:03~DQB1*06:88	<20	0.00042
DQA1~DQB1	EUR	DQA1*01:04~DQB1*05:03	64	0.02686
DQA1~DQB1	EUR	DQA1*01:05~DQB1*05:01	<20	0.00504
DQA1~DQB1	EUR	DQA1*01:05~DQB1*06:02	<20	0.00042
DQA1~DQB1	EUR	DQA1*01:07Q~DQB1*05:03	<20	0.00042
DQA1~DQB1	EUR	DQA1*01:10~DQB1*06:03	<20	0.00084
DQA1~DQB1	EUR	DQA1*02:01~DQB1*02:02	189	0.07931
DQA1~DQB1	EUR	DQA1*02:01~DQB1*02:206N	<20	0.00042
DQA1~DQB1	EUR	DQA1*02:01~DQB1*03:01	<20	0.00168
DQA1~DQB1	EUR	DQA1*02:01~DQB1*03:03	92	0.03861
DQA1~DQB1	EUR	DQA1*02:01~DQB1*04:02	<20	0.00042
DQA1~DQB1	EUR	DQA1*03:01~DQB1*03:01	<20	0.00042
DQA1~DQB1	EUR	DQA1*03:01~DQB1*03:02	239	0.10029
DQA1~DQB1	EUR	DQA1*03:01~DQB1*03:04	<20	0.00084
DQA1~DQB1	EUR	DQA1*03:02~DQB1*03:03	22	0.00923
DQA1~DQB1	EUR	DQA1*03:03~DQB1*02:02	<20	0.00084
DQA1~DQB1	EUR	DQA1*03:03~DQB1*03:01	147	0.06169
DQA1~DQB1	EUR	DQA1*03:03~DQB1*03:02	27	0.01133
DQA1~DQB1	EUR	DQA1*03:03~DQB1*03:03	<20	0.00042
DQA1~DQB1	EUR	DQA1*03:03~DQB1*03:276N	<20	0.00168
DQA1~DQB1	EUR	DQA1*03:03~DQB1*04:02	<20	0.00126
DQA1~DQB1	EUR	DQA1*03:10~DQB1*03:02	<20	0.00042
DQA1~DQB1	EUR	DQA1*04:01~DQB1*04:02	54	0.02266
DQA1~DQB1	EUR	DQA1*04:02~DQB1*04:02	<20	0.00168
DQA1~DQB1	EUR	DQA1*04:04~DQB1*04:02	<20	0.00084
DQA1~DQB1	EUR	DQA1*05:01~DQB1*02:01	295	0.12379
DQA1~DQB1	EUR	DQA1*05:03~DQB1*03:01	<20	0.00126
DQA1~DQB1	EUR	DQA1*05:05~DQB1*02:02	<20	0.00042
DQA1~DQB1	EUR	DQA1*05:05~DQB1*03:01	298	0.12505
DQA1~DQB1	EUR	DQA1*05:05~DQB1*03:04	<20	0.00042
DQA1~DQB1	EUR	DQA1*05:05~DQB1*03:115	<20	0.00042
DQA1~DQB1	EUR	DQA1*05:05~DQB1*03:19	<20	0.0021
DQA1~DQB1	EUR	DQA1*05:05~DQB1*03:431	<20	0.00042
DQA1~DQB1	EUR	DQA1*05:09~DQB1*03:01	<20	0.00294
DQA1~DQB1	EUR	DQA1*05:47~DQB1*02:01	<20	0.00042
DQA1~DQB1	EUR	DQA1*06:01~DQB1*03:01	<20	0.0021
DQA1~DQB1	MID	DQA1*01:01~DQB1*05:01	35	0.06217
DQA1~DQB1	MID	DQA1*01:02~DQB1*05:02	<20	0.01421
DQA1~DQB1	MID	DQA1*01:02~DQB1*05:04	<20	0.00178
DQA1~DQB1	MID	DQA1*01:02~DQB1*06:01	<20	0.00178
DQA1~DQB1	MID	DQA1*01:02~DQB1*06:02	24	0.04263
DQA1~DQB1	MID	DQA1*01:02~DQB1*06:03	<20	0.00355
DQA1~DQB1	MID	DQA1*01:02~DQB1*06:04	<20	0.03197
DQA1~DQB1	MID	DQA1*01:02~DQB1*06:09	<20	0.01599
DQA1~DQB1	MID	DQA1*01:02~DQB1*06:293	<20	0.00178
DQA1~DQB1	MID	DQA1*01:02~DQB1*06:41	<20	0.00178
DQA1~DQB1	MID	DQA1*01:03~DQB1*06:01	26	0.04618
DQA1~DQB1	MID	DQA1*01:03~DQB1*06:03	<20	0.03197
DQA1~DQB1	MID	DQA1*01:03~DQB1*06:08	<20	0.00178
DQA1~DQB1	MID	DQA1*01:04~DQB1*05:03	<20	0.02842
DQA1~DQB1	MID	DQA1*01:05~DQB1*05:01	<20	0.03375
DQA1~DQB1	MID	DQA1*01:63~DQB1*05:01	<20	0.00178
DQA1~DQB1	MID	DQA1*02:01~DQB1*02:02	42	0.0746
DQA1~DQB1	MID	DQA1*02:01~DQB1*03:02	<20	0.00178
DQA1~DQB1	MID	DQA1*02:01~DQB1*03:03	<20	0.01776
DQA1~DQB1	MID	DQA1*03:01~DQB1*03:01	<20	0.00178
DQA1~DQB1	MID	DQA1*03:01~DQB1*03:02	58	0.10302
DQA1~DQB1	MID	DQA1*03:01~DQB1*03:04	<20	0.00178
DQA1~DQB1	MID	DQA1*03:01~DQB1*03:05	<20	0.02309
DQA1~DQB1	MID	DQA1*03:01~DQB1*03:276N	<20	0.00178
DQA1~DQB1	MID	DQA1*03:02~DQB1*03:03	<20	0.00533
DQA1~DQB1	MID	DQA1*03:03~DQB1*02:02	<20	0.01954
DQA1~DQB1	MID	DQA1*03:03~DQB1*03:01	<20	0.00533
DQA1~DQB1	MID	DQA1*03:03~DQB1*03:02	<20	0.01243
DQA1~DQB1	MID	DQA1*03:03~DQB1*03:276N	<20	0.00178
DQA1~DQB1	MID	DQA1*03:03~DQB1*03:49	<20	0.00355
DQA1~DQB1	MID	DQA1*03:03~DQB1*04:02	<20	0.01776
DQA1~DQB1	MID	DQA1*04:01~DQB1*04:02	<20	0.01599
DQA1~DQB1	MID	DQA1*04:02~DQB1*04:02	<20	0.00178
DQA1~DQB1	MID	DQA1*05:01~DQB1*02:01	60	0.10657
DQA1~DQB1	MID	DQA1*05:02~DQB1*03:19	<20	0.00178
DQA1~DQB1	MID	DQA1*05:03~DQB1*03:01	<20	0.00533
DQA1~DQB1	MID	DQA1*05:05~DQB1*02:02	<20	0.00355
DQA1~DQB1	MID	DQA1*05:05~DQB1*03:01	132	0.23446
DQA1~DQB1	MID	DQA1*05:05~DQB1*03:19	<20	0.00533
DQA1~DQB1	MID	DQA1*05:05~DQB1*03:253	<20	0.00178
DQA1~DQB1	MID	DQA1*05:09~DQB1*03:01	<20	0.00888
DQA1~DQB1	MID	DQA1*05:54~DQB1*03:01	<20	0.00178
DQA1~DQB1	SAS	DQA1*01:01~DQB1*05:01	86	0.04006
DQA1~DQB1	SAS	DQA1*01:01~DQB1*05:02	<20	0.00186
DQA1~DQB1	SAS	DQA1*01:01~DQB1*05:03	<20	0.00047
DQA1~DQB1	SAS	DQA1*01:02~DQB1*05:01	<20	0.00047
DQA1~DQB1	SAS	DQA1*01:02~DQB1*05:02	50	0.02329
DQA1~DQB1	SAS	DQA1*01:02~DQB1*06:01	69	0.03214
DQA1~DQB1	SAS	DQA1*01:02~DQB1*06:02	57	0.02655
DQA1~DQB1	SAS	DQA1*01:02~DQB1*06:03	<20	0.00186
DQA1~DQB1	SAS	DQA1*01:02~DQB1*06:04	30	0.01397
DQA1~DQB1	SAS	DQA1*01:02~DQB1*06:09	37	0.01723
DQA1~DQB1	SAS	DQA1*01:02~DQB1*06:41	<20	0.00047
DQA1~DQB1	SAS	DQA1*01:03~DQB1*05:03	<20	0.00838
DQA1~DQB1	SAS	DQA1*01:03~DQB1*06:01	284	0.13228
DQA1~DQB1	SAS	DQA1*01:03~DQB1*06:02	<20	0.00047
DQA1~DQB1	SAS	DQA1*01:03~DQB1*06:03	121	0.05636
DQA1~DQB1	SAS	DQA1*01:03~DQB1*06:110	<20	0.00233
DQA1~DQB1	SAS	DQA1*01:04~DQB1*05:02	<20	0.00186
DQA1~DQB1	SAS	DQA1*01:04~DQB1*05:03	188	0.08756
DQA1~DQB1	SAS	DQA1*01:04~DQB1*05:10	<20	0.0014
DQA1~DQB1	SAS	DQA1*01:04~DQB1*05:23	<20	0.00093
DQA1~DQB1	SAS	DQA1*01:04~DQB1*05:293	<20	0.00047
DQA1~DQB1	SAS	DQA1*01:04~DQB1*06:01	<20	0.00186
DQA1~DQB1	SAS	DQA1*01:05~DQB1*05:01	109	0.05077
DQA1~DQB1	SAS	DQA1*01:05~DQB1*06:01	<20	0.00047
DQA1~DQB1	SAS	DQA1*01:104~DQB1*05:03	<20	0.00047
DQA1~DQB1	SAS	DQA1*02:01~DQB1*02:02	217	0.10107
DQA1~DQB1	SAS	DQA1*02:01~DQB1*03:01	<20	0.00047
DQA1~DQB1	SAS	DQA1*02:01~DQB1*03:02	<20	0.00233
DQA1~DQB1	SAS	DQA1*02:01~DQB1*03:03	155	0.07219
DQA1~DQB1	SAS	DQA1*02:01~DQB1*03:38	<20	0.00047
DQA1~DQB1	SAS	DQA1*03:01~DQB1*02:02	<20	0.00047
DQA1~DQB1	SAS	DQA1*03:01~DQB1*03:01	<20	0.00093
DQA1~DQB1	SAS	DQA1*03:01~DQB1*03:02	181	0.0843
DQA1~DQB1	SAS	DQA1*03:01~DQB1*03:05	<20	0.00093
DQA1~DQB1	SAS	DQA1*03:01~DQB1*03:11	<20	0.00047
DQA1~DQB1	SAS	DQA1*03:02~DQB1*03:02	<20	0.00186
DQA1~DQB1	SAS	DQA1*03:02~DQB1*03:03	<20	0.00512
DQA1~DQB1	SAS	DQA1*03:03~DQB1*02:02	<20	0.00047
DQA1~DQB1	SAS	DQA1*03:03~DQB1*03:01	<20	0.00326
DQA1~DQB1	SAS	DQA1*03:03~DQB1*03:02	<20	0.00233
DQA1~DQB1	SAS	DQA1*03:03~DQB1*04:01	<20	0.00047
DQA1~DQB1	SAS	DQA1*03:03~DQB1*04:02	<20	0.00466
DQA1~DQB1	SAS	DQA1*04:01~DQB1*04:02	<20	0.00512
DQA1~DQB1	SAS	DQA1*04:01~DQB1*04:12	<20	0.00093
DQA1~DQB1	SAS	DQA1*04:02~DQB1*04:02	<20	0.00047
DQA1~DQB1	SAS	DQA1*05:01~DQB1*02:01	154	0.07173
DQA1~DQB1	SAS	DQA1*05:01~DQB1*02:07	<20	0.00047
DQA1~DQB1	SAS	DQA1*05:03~DQB1*03:01	<20	0.00512
DQA1~DQB1	SAS	DQA1*05:05~DQB1*03:01	157	0.07313
DQA1~DQB1	SAS	DQA1*05:05~DQB1*03:05	<20	0.00047
DQA1~DQB1	SAS	DQA1*05:05~DQB1*03:29	<20	0.00093
DQA1~DQB1	SAS	DQA1*05:09~DQB1*02:02	<20	0.00047
DQA1~DQB1	SAS	DQA1*05:09~DQB1*03:01	42	0.01956
DQA1~DQB1	SAS	DQA1*05:29Q~DQB1*03:01	<20	0.00047
DQA1~DQB1	SAS	DQA1*06:01~DQB1*03:01	76	0.0354
DPA1~DPB1	AFR	DPA1*01:03~DPB1*01:01	<20	0.00187
DPA1~DPB1	AFR	DPA1*01:03~DPB1*02:01	560	0.13099
DPA1~DPB1	AFR	DPA1*01:03~DPB1*02:02	<20	0.0014
DPA1~DPB1	AFR	DPA1*01:03~DPB1*03:01	100	0.02339
DPA1~DPB1	AFR	DPA1*01:03~DPB1*04:01	331	0.07743
DPA1~DPB1	AFR	DPA1*01:03~DPB1*04:02	77	0.01801
DPA1~DPB1	AFR	DPA1*01:03~DPB1*05:01	<20	0.00023
DPA1~DPB1	AFR	DPA1*01:03~DPB1*06:01	<20	0.00304
DPA1~DPB1	AFR	DPA1*01:03~DPB1*1000:01	<20	0.00023
DPA1~DPB1	AFR	DPA1*01:03~DPB1*1049:01	<20	0.00023
DPA1~DPB1	AFR	DPA1*01:03~DPB1*104:01	113	0.02643
DPA1~DPB1	AFR	DPA1*01:03~DPB1*105:01	32	0.00749
DPA1~DPB1	AFR	DPA1*01:03~DPB1*11:01	<20	0.00023
DPA1~DPB1	AFR	DPA1*01:03~DPB1*124:01	<20	0.00047
DPA1~DPB1	AFR	DPA1*01:03~DPB1*131:01	<20	0.00117
DPA1~DPB1	AFR	DPA1*01:03~DPB1*138:01	<20	0.00047
DPA1~DPB1	AFR	DPA1*01:03~DPB1*13:01	<20	0.0007
DPA1~DPB1	AFR	DPA1*01:03~DPB1*143:01	<20	0.00023
DPA1~DPB1	AFR	DPA1*01:03~DPB1*15:01	<20	0.00094
DPA1~DPB1	AFR	DPA1*01:03~DPB1*16:01	<20	0.0007
DPA1~DPB1	AFR	DPA1*01:03~DPB1*17:01	<20	0.00327
DPA1~DPB1	AFR	DPA1*01:03~DPB1*18:01	312	0.07298
DPA1~DPB1	AFR	DPA1*01:03~DPB1*20:01	<20	0.0007
DPA1~DPB1	AFR	DPA1*01:03~DPB1*23:01	<20	0.00047
DPA1~DPB1	AFR	DPA1*01:03~DPB1*29:01	<20	0.00351
DPA1~DPB1	AFR	DPA1*01:03~DPB1*34:01	<20	0.00023
DPA1~DPB1	AFR	DPA1*01:03~DPB1*352:01	<20	0.0007
DPA1~DPB1	AFR	DPA1*01:03~DPB1*39:01	<20	0.00047
DPA1~DPB1	AFR	DPA1*01:03~DPB1*414:01	<20	0.00023
DPA1~DPB1	AFR	DPA1*01:03~DPB1*46:01	<20	0.0007
DPA1~DPB1	AFR	DPA1*01:03~DPB1*584:01	<20	0.00257
DPA1~DPB1	AFR	DPA1*01:03~DPB1*61:01N	<20	0.00117
DPA1~DPB1	AFR	DPA1*01:03~DPB1*64:01N	<20	0.00023
DPA1~DPB1	AFR	DPA1*01:03~DPB1*835:01	<20	0.0007
DPA1~DPB1	AFR	DPA1*01:03~DPB1*95:01	<20	0.00023
DPA1~DPB1	AFR	DPA1*01:04~DPB1*15:01	<20	0.00281
DPA1~DPB1	AFR	DPA1*01:05~DPB1*104:01	<20	0.00023
DPA1~DPB1	AFR	DPA1*01:104~DPB1*02:01	<20	0.00023
DPA1~DPB1	AFR	DPA1*01:11~DPB1*352:01	<20	0.00047
DPA1~DPB1	AFR	DPA1*01:15~DPB1*105:01	<20	0.00047
DPA1~DPB1	AFR	DPA1*01:19~DPB1*584:01	<20	0.00023
DPA1~DPB1	AFR	DPA1*01:27~DPB1*18:01	<20	0.00023
DPA1~DPB1	AFR	DPA1*01:30~DPB1*04:01	<20	0.00023
DPA1~DPB1	AFR	DPA1*01:33~DPB1*04:01	<20	0.00164
DPA1~DPB1	AFR	DPA1*01:58~DPB1*04:01	<20	0.0007
DPA1~DPB1	AFR	DPA1*01:87Q~DPB1*40:01	<20	0.00023
DPA1~DPB1	AFR	DPA1*02:01~DPB1*01:01	682	0.15953
DPA1~DPB1	AFR	DPA1*02:01~DPB1*02:01	<20	0.0014
DPA1~DPB1	AFR	DPA1*02:01~DPB1*05:01	<20	0.00094
DPA1~DPB1	AFR	DPA1*02:01~DPB1*09:01	<20	0.00117
DPA1~DPB1	AFR	DPA1*02:01~DPB1*105:01	<20	0.00023
DPA1~DPB1	AFR	DPA1*02:01~DPB1*1069:01	<20	0.00023
DPA1~DPB1	AFR	DPA1*02:01~DPB1*106:01	<20	0.0014
DPA1~DPB1	AFR	DPA1*02:01~DPB1*10:01	<20	0.0014
DPA1~DPB1	AFR	DPA1*02:01~DPB1*11:01	117	0.02737
DPA1~DPB1	AFR	DPA1*02:01~DPB1*131:01	87	0.02035
DPA1~DPB1	AFR	DPA1*02:01~DPB1*133:01	<20	0.00187
DPA1~DPB1	AFR	DPA1*02:01~DPB1*13:01	158	0.03696
DPA1~DPB1	AFR	DPA1*02:01~DPB1*1431:01	<20	0.00023
DPA1~DPB1	AFR	DPA1*02:01~DPB1*14:01	<20	0.00398
DPA1~DPB1	AFR	DPA1*02:01~DPB1*162:01	<20	0.00023
DPA1~DPB1	AFR	DPA1*02:01~DPB1*17:01	188	0.04398
DPA1~DPB1	AFR	DPA1*02:01~DPB1*18:01	<20	0.00023
DPA1~DPB1	AFR	DPA1*02:01~DPB1*26:01	<20	0.00047
DPA1~DPB1	AFR	DPA1*02:01~DPB1*30:01	<20	0.00374
DPA1~DPB1	AFR	DPA1*02:01~DPB1*417:01	<20	0.00234
DPA1~DPB1	AFR	DPA1*02:01~DPB1*519:01	<20	0.00023
DPA1~DPB1	AFR	DPA1*02:01~DPB1*63:01	<20	0.0007
DPA1~DPB1	AFR	DPA1*02:01~DPB1*654:01	<20	0.00023
DPA1~DPB1	AFR	DPA1*02:01~DPB1*698:01	<20	0.00023
DPA1~DPB1	AFR	DPA1*02:01~DPB1*745:01	<20	0.00023
DPA1~DPB1	AFR	DPA1*02:01~DPB1*85:01	<20	0.00023
DPA1~DPB1	AFR	DPA1*02:02~DPB1*01:01	610	0.14269
DPA1~DPB1	AFR	DPA1*02:02~DPB1*02:01	<20	0.0007
DPA1~DPB1	AFR	DPA1*02:02~DPB1*04:01	<20	0.00023
DPA1~DPB1	AFR	DPA1*02:02~DPB1*05:01	<20	0.00164
DPA1~DPB1	AFR	DPA1*02:02~DPB1*1050:01	<20	0.00047
DPA1~DPB1	AFR	DPA1*02:02~DPB1*11:01	<20	0.00023
DPA1~DPB1	AFR	DPA1*02:02~DPB1*135:01	<20	0.00023
DPA1~DPB1	AFR	DPA1*02:02~DPB1*15:01	<20	0.00023
DPA1~DPB1	AFR	DPA1*02:02~DPB1*18:01	<20	0.00023
DPA1~DPB1	AFR	DPA1*02:02~DPB1*26:01	<20	0.00023
DPA1~DPB1	AFR	DPA1*02:03~DPB1*13:01	<20	0.00023
DPA1~DPB1	AFR	DPA1*02:06~DPB1*05:01	<20	0.00164
DPA1~DPB1	AFR	DPA1*02:07~DPB1*19:01	<20	0.00211
DPA1~DPB1	AFR	DPA1*02:110~DPB1*01:01	<20	0.00023
DPA1~DPB1	AFR	DPA1*02:12~DPB1*01:01	<20	0.00023
DPA1~DPB1	AFR	DPA1*02:12~DPB1*106:01	<20	0.00023
DPA1~DPB1	AFR	DPA1*02:12~DPB1*1441:01	<20	0.00023
DPA1~DPB1	AFR	DPA1*02:12~DPB1*85:01	60	0.01404
DPA1~DPB1	AFR	DPA1*02:21~DPB1*17:01	<20	0.00023
DPA1~DPB1	AFR	DPA1*02:27~DPB1*01:01	<20	0.00047
DPA1~DPB1	AFR	DPA1*02:49~DPB1*01:01	<20	0.00023
DPA1~DPB1	AFR	DPA1*02:70~DPB1*01:01	<20	0.00023
DPA1~DPB1	AFR	DPA1*02:72~DPB1*01:01	<20	0.00023
DPA1~DPB1	AFR	DPA1*03:01~DPB1*01:01	<20	0.00023
DPA1~DPB1	AFR	DPA1*03:01~DPB1*02:01	<20	0.0007
DPA1~DPB1	AFR	DPA1*03:01~DPB1*04:01	25	0.00585
DPA1~DPB1	AFR	DPA1*03:01~DPB1*1037:01	<20	0.00117
DPA1~DPB1	AFR	DPA1*03:01~DPB1*105:01	404	0.0945
DPA1~DPB1	AFR	DPA1*03:01~DPB1*106:01	<20	0.00023
DPA1~DPB1	AFR	DPA1*03:01~DPB1*18:01	<20	0.0007
DPA1~DPB1	AFR	DPA1*03:01~DPB1*39:01	<20	0.00023
DPA1~DPB1	AFR	DPA1*03:01~DPB1*49:01	<20	0.00047
DPA1~DPB1	AFR	DPA1*03:01~DPB1*762:01	<20	0.00023
DPA1~DPB1	AFR	DPA1*03:02~DPB1*105:01	<20	0.00023
DPA1~DPB1	AFR	DPA1*03:02~DPB1*40:01	<20	0.00023
DPA1~DPB1	AFR	DPA1*03:05~DPB1*40:01	60	0.01404
DPA1~DPB1	AFR	DPA1*03:05~DPB1*584:01	<20	0.00421
DPA1~DPB1	AFR	DPA1*04:01~DPB1*296:01	<20	0.00094
DPA1~DPB1	AFR	DPA1*04:02~DPB1*665:01	32	0.00749
DPA1~DPB1	AMR	DPA1*01:03~DPB1*02:01	309	0.10546
DPA1~DPB1	AMR	DPA1*01:03~DPB1*02:02	22	0.00751
DPA1~DPB1	AMR	DPA1*01:03~DPB1*03:01	144	0.04915
DPA1~DPB1	AMR	DPA1*01:03~DPB1*04:01	668	0.22799
DPA1~DPB1	AMR	DPA1*01:03~DPB1*04:02	863	0.29454
DPA1~DPB1	AMR	DPA1*01:03~DPB1*05:01	<20	0.00102
DPA1~DPB1	AMR	DPA1*01:03~DPB1*06:01	25	0.00853
DPA1~DPB1	AMR	DPA1*01:03~DPB1*1037:01	<20	0.00171
DPA1~DPB1	AMR	DPA1*01:03~DPB1*104:01	73	0.02491
DPA1~DPB1	AMR	DPA1*01:03~DPB1*105:01	<20	0.00273
DPA1~DPB1	AMR	DPA1*01:03~DPB1*1083:01	<20	0.00068
DPA1~DPB1	AMR	DPA1*01:03~DPB1*10:01	<20	0.00102
DPA1~DPB1	AMR	DPA1*01:03~DPB1*124:01	<20	0.00239
DPA1~DPB1	AMR	DPA1*01:03~DPB1*126:01	<20	0.00137
DPA1~DPB1	AMR	DPA1*01:03~DPB1*131:01	<20	0.00171
DPA1~DPB1	AMR	DPA1*01:03~DPB1*138:01	<20	0.00034
DPA1~DPB1	AMR	DPA1*01:03~DPB1*13:01	<20	0.00171
DPA1~DPB1	AMR	DPA1*01:03~DPB1*15:01	<20	0.00102
DPA1~DPB1	AMR	DPA1*01:03~DPB1*16:01	<20	0.00205
DPA1~DPB1	AMR	DPA1*01:03~DPB1*18:01	23	0.00785
DPA1~DPB1	AMR	DPA1*01:03~DPB1*19:01	<20	0.00034
DPA1~DPB1	AMR	DPA1*01:03~DPB1*20:01	<20	0.00273
DPA1~DPB1	AMR	DPA1*01:03~DPB1*210:01	<20	0.00034
DPA1~DPB1	AMR	DPA1*01:03~DPB1*23:01	<20	0.00171
DPA1~DPB1	AMR	DPA1*01:03~DPB1*26:01	<20	0.00034
DPA1~DPB1	AMR	DPA1*01:03~DPB1*29:01	<20	0.00102
DPA1~DPB1	AMR	DPA1*01:03~DPB1*30:01	<20	0.00034
DPA1~DPB1	AMR	DPA1*01:03~DPB1*350:01	<20	0.00034
DPA1~DPB1	AMR	DPA1*01:03~DPB1*352:01	<20	0.00068
DPA1~DPB1	AMR	DPA1*01:03~DPB1*51:01	<20	0.00034
DPA1~DPB1	AMR	DPA1*01:03~DPB1*701:01	<20	0.00034
DPA1~DPB1	AMR	DPA1*01:03~DPB1*71:01	<20	0.00034
DPA1~DPB1	AMR	DPA1*01:03~DPB1*823:01	<20	0.00034
DPA1~DPB1	AMR	DPA1*01:03~DPB1*835:01	<20	0.00068
DPA1~DPB1	AMR	DPA1*01:04~DPB1*104:01	<20	0.00034
DPA1~DPB1	AMR	DPA1*01:04~DPB1*15:01	<20	0.00102
DPA1~DPB1	AMR	DPA1*01:15~DPB1*04:01	<20	0.00034
DPA1~DPB1	AMR	DPA1*01:58~DPB1*04:01	<20	0.00034
DPA1~DPB1	AMR	DPA1*02:01~DPB1*01:01	87	0.02969
DPA1~DPB1	AMR	DPA1*02:01~DPB1*02:01	<20	0.00137
DPA1~DPB1	AMR	DPA1*02:01~DPB1*04:01	<20	0.00102
DPA1~DPB1	AMR	DPA1*02:01~DPB1*05:01	<20	0.00307
DPA1~DPB1	AMR	DPA1*02:01~DPB1*09:01	<20	0.00375
DPA1~DPB1	AMR	DPA1*02:01~DPB1*106:01	<20	0.00034
DPA1~DPB1	AMR	DPA1*02:01~DPB1*10:01	51	0.01741
DPA1~DPB1	AMR	DPA1*02:01~DPB1*11:01	60	0.02048
DPA1~DPB1	AMR	DPA1*02:01~DPB1*131:01	<20	0.00444
DPA1~DPB1	AMR	DPA1*02:01~DPB1*133:01	<20	0.00034
DPA1~DPB1	AMR	DPA1*02:01~DPB1*13:01	60	0.02048
DPA1~DPB1	AMR	DPA1*02:01~DPB1*1431:01	<20	0.00034
DPA1~DPB1	AMR	DPA1*02:01~DPB1*14:01	98	0.03345
DPA1~DPB1	AMR	DPA1*02:01~DPB1*17:01	93	0.03174
DPA1~DPB1	AMR	DPA1*02:01~DPB1*27:01	<20	0.00341
DPA1~DPB1	AMR	DPA1*02:01~DPB1*30:01	<20	0.00068
DPA1~DPB1	AMR	DPA1*02:01~DPB1*35:01	<20	0.00034
DPA1~DPB1	AMR	DPA1*02:01~DPB1*417:01	<20	0.00034
DPA1~DPB1	AMR	DPA1*02:01~DPB1*45:01	<20	0.00068
DPA1~DPB1	AMR	DPA1*02:01~DPB1*63:01	<20	0.00034
DPA1~DPB1	AMR	DPA1*02:02~DPB1*01:01	68	0.02321
DPA1~DPB1	AMR	DPA1*02:02~DPB1*02:01	<20	0.00034
DPA1~DPB1	AMR	DPA1*02:02~DPB1*04:01	<20	0.00171
DPA1~DPB1	AMR	DPA1*02:02~DPB1*04:02	<20	0.00034
DPA1~DPB1	AMR	DPA1*02:02~DPB1*05:01	39	0.01331
DPA1~DPB1	AMR	DPA1*02:02~DPB1*135:01	<20	0.00068
DPA1~DPB1	AMR	DPA1*02:02~DPB1*13:01	<20	0.00034
DPA1~DPB1	AMR	DPA1*02:06~DPB1*05:01	<20	0.00034
DPA1~DPB1	AMR	DPA1*02:07~DPB1*02:01	<20	0.00034
DPA1~DPB1	AMR	DPA1*02:07~DPB1*02:02	<20	0.00034
DPA1~DPB1	AMR	DPA1*02:07~DPB1*04:01	<20	0.00171
DPA1~DPB1	AMR	DPA1*02:07~DPB1*19:01	<20	0.0041
DPA1~DPB1	AMR	DPA1*02:12~DPB1*85:01	<20	0.00205
DPA1~DPB1	AMR	DPA1*02:17~DPB1*01:01	<20	0.00034
DPA1~DPB1	AMR	DPA1*03:01~DPB1*04:01	<20	0.00068
DPA1~DPB1	AMR	DPA1*03:01~DPB1*04:02	<20	0.00034
DPA1~DPB1	AMR	DPA1*03:01~DPB1*105:01	47	0.01604
DPA1~DPB1	AMR	DPA1*03:01~DPB1*39:01	<20	0.00034
DPA1~DPB1	AMR	DPA1*03:01~DPB1*49:01	<20	0.00034
DPA1~DPB1	AMR	DPA1*03:05~DPB1*40:01	<20	0.00068
DPA1~DPB1	AMR	DPA1*03:05~DPB1*584:01	<20	0.00034
DPA1~DPB1	AMR	DPA1*03:05~DPB1*745:01	<20	0.00034
DPA1~DPB1	AMR	DPA1*04:02~DPB1*665:01	<20	0.00239
DPA1~DPB1	EAS	DPA1*01:03~DPB1*02:01	277	0.11693
DPA1~DPB1	EAS	DPA1*01:03~DPB1*02:02	<20	0.00464
DPA1~DPB1	EAS	DPA1*01:03~DPB1*03:01	76	0.03208
DPA1~DPB1	EAS	DPA1*01:03~DPB1*04:01	180	0.07598
DPA1~DPB1	EAS	DPA1*01:03~DPB1*04:02	86	0.0363
DPA1~DPB1	EAS	DPA1*01:03~DPB1*05:01	<20	0.00633
DPA1~DPB1	EAS	DPA1*01:03~DPB1*06:01	<20	0.00042
DPA1~DPB1	EAS	DPA1*01:03~DPB1*104:01	<20	0.0076
DPA1~DPB1	EAS	DPA1*01:03~DPB1*105:01	<20	0.00338
DPA1~DPB1	EAS	DPA1*01:03~DPB1*1286:01	<20	0.00042
DPA1~DPB1	EAS	DPA1*01:03~DPB1*13:01	<20	0.00169
DPA1~DPB1	EAS	DPA1*01:03~DPB1*16:01	<20	0.00042
DPA1~DPB1	EAS	DPA1*01:03~DPB1*21:01	44	0.01857
DPA1~DPB1	EAS	DPA1*01:03~DPB1*26:01	<20	0.00042
DPA1~DPB1	EAS	DPA1*01:03~DPB1*414:01	<20	0.00127
DPA1~DPB1	EAS	DPA1*01:03~DPB1*41:01	<20	0.00042
DPA1~DPB1	EAS	DPA1*01:03~DPB1*48:01	<20	0.00295
DPA1~DPB1	EAS	DPA1*01:03~DPB1*701:01	<20	0.00042
DPA1~DPB1	EAS	DPA1*01:03~DPB1*849:01	<20	0.00042
DPA1~DPB1	EAS	DPA1*01:04~DPB1*15:01	<20	0.00042
DPA1~DPB1	EAS	DPA1*01:06~DPB1*03:01	<20	0.00084
DPA1~DPB1	EAS	DPA1*01:10~DPB1*02:01	<20	0.00042
DPA1~DPB1	EAS	DPA1*01:10~DPB1*48:01	<20	0.00042
DPA1~DPB1	EAS	DPA1*01:106~DPB1*04:01	<20	0.00042
DPA1~DPB1	EAS	DPA1*01:11~DPB1*03:01	<20	0.00084
DPA1~DPB1	EAS	DPA1*01:30~DPB1*02:01	<20	0.00042
DPA1~DPB1	EAS	DPA1*02:01~DPB1*01:01	<20	0.00295
DPA1~DPB1	EAS	DPA1*02:01~DPB1*02:01	<20	0.00127
DPA1~DPB1	EAS	DPA1*02:01~DPB1*02:02	<20	0.00042
DPA1~DPB1	EAS	DPA1*02:01~DPB1*05:01	<20	0.00675
DPA1~DPB1	EAS	DPA1*02:01~DPB1*09:01	48	0.02026
DPA1~DPB1	EAS	DPA1*02:01~DPB1*10:01	<20	0.00127
DPA1~DPB1	EAS	DPA1*02:01~DPB1*11:01	<20	0.00042
DPA1~DPB1	EAS	DPA1*02:01~DPB1*13:01	71	0.02997
DPA1~DPB1	EAS	DPA1*02:01~DPB1*14:01	53	0.02237
DPA1~DPB1	EAS	DPA1*02:01~DPB1*17:01	34	0.01435
DPA1~DPB1	EAS	DPA1*02:01~DPB1*26:01	<20	0.00211
DPA1~DPB1	EAS	DPA1*02:01~DPB1*91:01	<20	0.00042
DPA1~DPB1	EAS	DPA1*02:02~DPB1*01:01	185	0.07809
DPA1~DPB1	EAS	DPA1*02:02~DPB1*02:01	45	0.019
DPA1~DPB1	EAS	DPA1*02:02~DPB1*02:02	117	0.04939
DPA1~DPB1	EAS	DPA1*02:02~DPB1*03:01	30	0.01266
DPA1~DPB1	EAS	DPA1*02:02~DPB1*04:01	<20	0.00042
DPA1~DPB1	EAS	DPA1*02:02~DPB1*04:02	<20	0.00169
DPA1~DPB1	EAS	DPA1*02:02~DPB1*05:01	764	0.3225
DPA1~DPB1	EAS	DPA1*02:02~DPB1*09:01	<20	0.00042
DPA1~DPB1	EAS	DPA1*02:02~DPB1*135:01	66	0.02786
DPA1~DPB1	EAS	DPA1*02:02~DPB1*13:01	33	0.01393
DPA1~DPB1	EAS	DPA1*02:02~DPB1*14:01	<20	0.00338
DPA1~DPB1	EAS	DPA1*02:02~DPB1*19:01	<20	0.00042
DPA1~DPB1	EAS	DPA1*02:02~DPB1*31:01	<20	0.00422
DPA1~DPB1	EAS	DPA1*02:02~DPB1*38:01	<20	0.00127
DPA1~DPB1	EAS	DPA1*02:02~DPB1*48:01	<20	0.00042
DPA1~DPB1	EAS	DPA1*02:07~DPB1*02:02	<20	0.00211
DPA1~DPB1	EAS	DPA1*02:07~DPB1*04:01	<20	0.00211
DPA1~DPB1	EAS	DPA1*02:07~DPB1*05:01	<20	0.00253
DPA1~DPB1	EAS	DPA1*02:07~DPB1*19:01	21	0.00886
DPA1~DPB1	EAS	DPA1*02:38Q~DPB1*05:01	<20	0.00042
DPA1~DPB1	EAS	DPA1*04:01~DPB1*107:01	61	0.02575
DPA1~DPB1	EAS	DPA1*04:01~DPB1*1273:01	<20	0.00127
DPA1~DPB1	EAS	DPA1*04:01~DPB1*1286:01	<20	0.00042
DPA1~DPB1	EAS	DPA1*04:01~DPB1*296:01	<20	0.0038
DPA1~DPB1	EUR	DPA1*01:03~DPB1*01:01	<20	0.00042
DPA1~DPB1	EUR	DPA1*01:03~DPB1*02:01	326	0.13802
DPA1~DPB1	EUR	DPA1*01:03~DPB1*02:02	<20	0.00593
DPA1~DPB1	EUR	DPA1*01:03~DPB1*03:01	206	0.08721
DPA1~DPB1	EUR	DPA1*01:03~DPB1*04:01	965	0.40855
DPA1~DPB1	EUR	DPA1*01:03~DPB1*04:02	270	0.11431
DPA1~DPB1	EUR	DPA1*01:03~DPB1*05:01	<20	0.00085
DPA1~DPB1	EUR	DPA1*01:03~DPB1*06:01	43	0.0182
DPA1~DPB1	EUR	DPA1*01:03~DPB1*104:01	43	0.0182
DPA1~DPB1	EUR	DPA1*01:03~DPB1*124:01	<20	0.00254
DPA1~DPB1	EUR	DPA1*01:03~DPB1*126:01	<20	0.00042
DPA1~DPB1	EUR	DPA1*01:03~DPB1*1322:01	<20	0.00042
DPA1~DPB1	EUR	DPA1*01:03~DPB1*138:01	<20	0.00042
DPA1~DPB1	EUR	DPA1*01:03~DPB1*13:01	<20	0.00169
DPA1~DPB1	EUR	DPA1*01:03~DPB1*15:01	<20	0.00085
DPA1~DPB1	EUR	DPA1*01:03~DPB1*16:01	<20	0.00508
DPA1~DPB1	EUR	DPA1*01:03~DPB1*20:01	<20	0.00677
DPA1~DPB1	EUR	DPA1*01:03~DPB1*23:01	<20	0.00212
DPA1~DPB1	EUR	DPA1*01:03~DPB1*46:01	<20	0.00042
DPA1~DPB1	EUR	DPA1*01:03~DPB1*736:01	<20	0.00042
DPA1~DPB1	EUR	DPA1*01:03~DPB1*81:01	<20	0.00042
DPA1~DPB1	EUR	DPA1*01:04~DPB1*15:01	<20	0.00466
DPA1~DPB1	EUR	DPA1*01:58~DPB1*04:01	<20	0.00042
DPA1~DPB1	EUR	DPA1*02:01~DPB1*01:01	122	0.05165
DPA1~DPB1	EUR	DPA1*02:01~DPB1*02:01	<20	0.00466
DPA1~DPB1	EUR	DPA1*02:01~DPB1*05:01	<20	0.00677
DPA1~DPB1	EUR	DPA1*02:01~DPB1*09:01	<20	0.00508
DPA1~DPB1	EUR	DPA1*02:01~DPB1*104:01	<20	0.00042
DPA1~DPB1	EUR	DPA1*02:01~DPB1*10:01	39	0.01651
DPA1~DPB1	EUR	DPA1*02:01~DPB1*11:01	57	0.02413
DPA1~DPB1	EUR	DPA1*02:01~DPB1*13:01	25	0.01058
DPA1~DPB1	EUR	DPA1*02:01~DPB1*14:01	40	0.01693
DPA1~DPB1	EUR	DPA1*02:01~DPB1*17:01	25	0.01058
DPA1~DPB1	EUR	DPA1*02:01~DPB1*246:01	<20	0.00042
DPA1~DPB1	EUR	DPA1*02:01~DPB1*26:01	<20	0.00042
DPA1~DPB1	EUR	DPA1*02:01~DPB1*35:01	<20	0.00042
DPA1~DPB1	EUR	DPA1*02:01~DPB1*834:01	<20	0.00042
DPA1~DPB1	EUR	DPA1*02:02~DPB1*01:01	20	0.00847
DPA1~DPB1	EUR	DPA1*02:02~DPB1*02:01	<20	0.00085
DPA1~DPB1	EUR	DPA1*02:02~DPB1*03:01	<20	0.00042
DPA1~DPB1	EUR	DPA1*02:02~DPB1*04:01	<20	0.00127
DPA1~DPB1	EUR	DPA1*02:02~DPB1*04:02	<20	0.00169
DPA1~DPB1	EUR	DPA1*02:02~DPB1*05:01	<20	0.00677
DPA1~DPB1	EUR	DPA1*02:06~DPB1*03:01	<20	0.00042
DPA1~DPB1	EUR	DPA1*02:06~DPB1*05:01	<20	0.0072
DPA1~DPB1	EUR	DPA1*02:07~DPB1*04:01	<20	0.00042
DPA1~DPB1	EUR	DPA1*02:07~DPB1*19:01	<20	0.00423
DPA1~DPB1	EUR	DPA1*02:26~DPB1*10:01	<20	0.00042
DPA1~DPB1	EUR	DPA1*03:01~DPB1*105:01	<20	0.00042
DPA1~DPB1	MID	DPA1*01:03~DPB1*02:01	116	0.20351
DPA1~DPB1	MID	DPA1*01:03~DPB1*03:01	<20	0.02632
DPA1~DPB1	MID	DPA1*01:03~DPB1*04:01	176	0.30877
DPA1~DPB1	MID	DPA1*01:03~DPB1*04:02	74	0.12982
DPA1~DPB1	MID	DPA1*01:03~DPB1*104:01	35	0.0614
DPA1~DPB1	MID	DPA1*01:03~DPB1*105:01	<20	0.00351
DPA1~DPB1	MID	DPA1*01:03~DPB1*126:01	<20	0.00175
DPA1~DPB1	MID	DPA1*01:03~DPB1*1326:01	<20	0.00175
DPA1~DPB1	MID	DPA1*01:03~DPB1*1363:01	<20	0.00175
DPA1~DPB1	MID	DPA1*01:03~DPB1*13:01	<20	0.01228
DPA1~DPB1	MID	DPA1*01:03~DPB1*15:01	<20	0.00175
DPA1~DPB1	MID	DPA1*01:03~DPB1*17:01	<20	0.00175
DPA1~DPB1	MID	DPA1*01:03~DPB1*18:01	<20	0.00175
DPA1~DPB1	MID	DPA1*01:03~DPB1*23:01	<20	0.01228
DPA1~DPB1	MID	DPA1*01:03~DPB1*30:01	<20	0.00175
DPA1~DPB1	MID	DPA1*01:03~DPB1*41:01	<20	0.00175
DPA1~DPB1	MID	DPA1*01:03~DPB1*584:01	<20	0.00175
DPA1~DPB1	MID	DPA1*01:03~DPB1*59:01	<20	0.00175
DPA1~DPB1	MID	DPA1*01:04~DPB1*15:01	<20	0.00175
DPA1~DPB1	MID	DPA1*01:14~DPB1*04:01	<20	0.00351
DPA1~DPB1	MID	DPA1*01:58~DPB1*04:01	<20	0.00175
DPA1~DPB1	MID	DPA1*02:01~DPB1*01:01	<20	0.02281
DPA1~DPB1	MID	DPA1*02:01~DPB1*03:01	<20	0.00175
DPA1~DPB1	MID	DPA1*02:01~DPB1*04:01	<20	0.00526
DPA1~DPB1	MID	DPA1*02:01~DPB1*05:01	<20	0.00702
DPA1~DPB1	MID	DPA1*02:01~DPB1*09:01	<20	0.00175
DPA1~DPB1	MID	DPA1*02:01~DPB1*10:01	<20	0.00877
DPA1~DPB1	MID	DPA1*02:01~DPB1*11:01	<20	0.01053
DPA1~DPB1	MID	DPA1*02:01~DPB1*13:01	<20	0.02632
DPA1~DPB1	MID	DPA1*02:01~DPB1*14:01	<20	0.03333
DPA1~DPB1	MID	DPA1*02:01~DPB1*17:01	30	0.05263
DPA1~DPB1	MID	DPA1*02:01~DPB1*63:01	<20	0.00175
DPA1~DPB1	MID	DPA1*02:02~DPB1*01:01	<20	0.01053
DPA1~DPB1	MID	DPA1*02:02~DPB1*02:01	<20	0.00175
DPA1~DPB1	MID	DPA1*02:02~DPB1*03:01	<20	0.00175
DPA1~DPB1	MID	DPA1*02:02~DPB1*04:01	<20	0.00175
DPA1~DPB1	MID	DPA1*02:07~DPB1*04:01	<20	0.0193
DPA1~DPB1	MID	DPA1*03:01~DPB1*105:01	<20	0.01053
DPA1~DPB1	SAS	DPA1*01:03~DPB1*02:01	458	0.21352
DPA1~DPB1	SAS	DPA1*01:03~DPB1*03:01	55	0.02564
DPA1~DPB1	SAS	DPA1*01:03~DPB1*04:01	664	0.30956
DPA1~DPB1	SAS	DPA1*01:03~DPB1*04:02	143	0.06667
DPA1~DPB1	SAS	DPA1*01:03~DPB1*100:01	<20	0.00047
DPA1~DPB1	SAS	DPA1*01:03~DPB1*104:01	42	0.01958
DPA1~DPB1	SAS	DPA1*01:03~DPB1*1055:01	<20	0.00233
DPA1~DPB1	SAS	DPA1*01:03~DPB1*105:01	<20	0.0042
DPA1~DPB1	SAS	DPA1*01:03~DPB1*126:01	<20	0.00047
DPA1~DPB1	SAS	DPA1*01:03~DPB1*13:01	<20	0.00093
DPA1~DPB1	SAS	DPA1*01:03~DPB1*1513:01	<20	0.00047
DPA1~DPB1	SAS	DPA1*01:03~DPB1*16:01	<20	0.00233
DPA1~DPB1	SAS	DPA1*01:03~DPB1*21:01	<20	0.0042
DPA1~DPB1	SAS	DPA1*01:03~DPB1*23:01	<20	0.00093
DPA1~DPB1	SAS	DPA1*01:03~DPB1*26:01	<20	0.00699
DPA1~DPB1	SAS	DPA1*01:03~DPB1*414:01	<20	0.00466
DPA1~DPB1	SAS	DPA1*01:03~DPB1*416:01	<20	0.00047
DPA1~DPB1	SAS	DPA1*01:03~DPB1*849:01	<20	0.00606
DPA1~DPB1	SAS	DPA1*01:03~DPB1*909:01	<20	0.00047
DPA1~DPB1	SAS	DPA1*01:04~DPB1*15:01	<20	0.00653
DPA1~DPB1	SAS	DPA1*01:06~DPB1*03:01	<20	0.00047
DPA1~DPB1	SAS	DPA1*01:60~DPB1*04:01	<20	0.00047
DPA1~DPB1	SAS	DPA1*02:01~DPB1*01:01	20	0.00932
DPA1~DPB1	SAS	DPA1*02:01~DPB1*03:01	<20	0.00093
DPA1~DPB1	SAS	DPA1*02:01~DPB1*04:01	<20	0.00093
DPA1~DPB1	SAS	DPA1*02:01~DPB1*09:01	100	0.04662
DPA1~DPB1	SAS	DPA1*02:01~DPB1*1088:01	<20	0.00047
DPA1~DPB1	SAS	DPA1*02:01~DPB1*10:01	20	0.00932
DPA1~DPB1	SAS	DPA1*02:01~DPB1*11:01	<20	0.00047
DPA1~DPB1	SAS	DPA1*02:01~DPB1*13:01	114	0.05315
DPA1~DPB1	SAS	DPA1*02:01~DPB1*14:01	86	0.04009
DPA1~DPB1	SAS	DPA1*02:01~DPB1*17:01	36	0.01678
DPA1~DPB1	SAS	DPA1*02:01~DPB1*234:01	<20	0.00047
DPA1~DPB1	SAS	DPA1*02:01~DPB1*26:01	78	0.03636
DPA1~DPB1	SAS	DPA1*02:01~DPB1*296:01	<20	0.00047
DPA1~DPB1	SAS	DPA1*02:01~DPB1*45:01	<20	0.00093
DPA1~DPB1	SAS	DPA1*02:01~DPB1*498:01	<20	0.00047
DPA1~DPB1	SAS	DPA1*02:02~DPB1*01:01	31	0.01445
DPA1~DPB1	SAS	DPA1*02:02~DPB1*02:01	<20	0.00186
DPA1~DPB1	SAS	DPA1*02:02~DPB1*02:02	<20	0.00047
DPA1~DPB1	SAS	DPA1*02:02~DPB1*03:01	<20	0.0028
DPA1~DPB1	SAS	DPA1*02:02~DPB1*05:01	<20	0.00373
DPA1~DPB1	SAS	DPA1*02:02~DPB1*13:01	38	0.01772
DPA1~DPB1	SAS	DPA1*02:02~DPB1*26:01	<20	0.00047
DPA1~DPB1	SAS	DPA1*02:02~DPB1*31:01	<20	0.00047
DPA1~DPB1	SAS	DPA1*02:06~DPB1*05:01	<20	0.00047
DPA1~DPB1	SAS	DPA1*02:07~DPB1*04:01	117	0.05455
DPA1~DPB1	SAS	DPA1*02:07~DPB1*19:01	<20	0.00093
DPA1~DPB1	SAS	DPA1*02:07~DPB1*26:01	<20	0.00047
DPA1~DPB1	SAS	DPA1*02:121~DPB1*14:01	<20	0.00047
DPA1~DPB1	SAS	DPA1*02:31~DPB1*26:01	<20	0.00326
DPA1~DPB1	SAS	DPA1*03:01~DPB1*105:01	<20	0.00047
DPA1~DPB1	SAS	DPA1*04:01~DPB1*107:01	<20	0.00047
DPA1~DPB1	SAS	DPA1*04:01~DPB1*296:01	<20	0.0028
DRB1~DQB1	AFR	DRB1*01:01~DQB1*05:01	85	0.02187
DRB1~DQB1	AFR	DRB1*01:01~DQB1*05:04	<20	0.00051
DRB1~DQB1	AFR	DRB1*01:02~DQB1*02:02	<20	0.00026
DRB1~DQB1	AFR	DRB1*01:02~DQB1*03:01	<20	0.00026
DRB1~DQB1	AFR	DRB1*01:02~DQB1*03:19	<20	0.00026
DRB1~DQB1	AFR	DRB1*01:02~DQB1*05:01	179	0.04606
DRB1~DQB1	AFR	DRB1*01:02~DQB1*06:03	<20	0.00026
DRB1~DQB1	AFR	DRB1*01:02~DQB1*06:09	<20	0.00026
DRB1~DQB1	AFR	DRB1*01:03~DQB1*03:01	<20	0.00077
DRB1~DQB1	AFR	DRB1*01:03~DQB1*05:01	<20	0.00154
DRB1~DQB1	AFR	DRB1*03:01~DQB1*02:01	275	0.07077
DRB1~DQB1	AFR	DRB1*03:01~DQB1*02:02	<20	0.00051
DRB1~DQB1	AFR	DRB1*03:01~DQB1*02:180	<20	0.00026
DRB1~DQB1	AFR	DRB1*03:01~DQB1*04:02	<20	0.00026
DRB1~DQB1	AFR	DRB1*03:01~DQB1*05:01	<20	0.00077
DRB1~DQB1	AFR	DRB1*03:01~DQB1*06:02	<20	0.00026
DRB1~DQB1	AFR	DRB1*03:02~DQB1*02:01	<20	0.00051
DRB1~DQB1	AFR	DRB1*03:02~DQB1*02:02	<20	0.00051
DRB1~DQB1	AFR	DRB1*03:02~DQB1*02:180	<20	0.00129
DRB1~DQB1	AFR	DRB1*03:02~DQB1*03:01	<20	0.00051
DRB1~DQB1	AFR	DRB1*03:02~DQB1*03:19	<20	0.00026
DRB1~DQB1	AFR	DRB1*03:02~DQB1*04:02	253	0.06511
DRB1~DQB1	AFR	DRB1*03:03~DQB1*04:02	<20	0.00026
DRB1~DQB1	AFR	DRB1*04:01~DQB1*02:01	<20	0.00026
DRB1~DQB1	AFR	DRB1*04:01~DQB1*03:01	31	0.00798
DRB1~DQB1	AFR	DRB1*04:01~DQB1*03:02	25	0.00643
DRB1~DQB1	AFR	DRB1*04:01~DQB1*05:01	<20	0.00026
DRB1~DQB1	AFR	DRB1*04:01~DQB1*06:02	<20	0.00026
DRB1~DQB1	AFR	DRB1*04:02~DQB1*03:02	<20	0.00051
DRB1~DQB1	AFR	DRB1*04:03~DQB1*03:01	<20	0.00026
DRB1~DQB1	AFR	DRB1*04:03~DQB1*03:02	<20	0.00103
DRB1~DQB1	AFR	DRB1*04:03~DQB1*03:04	<20	0.00026
DRB1~DQB1	AFR	DRB1*04:04~DQB1*02:01	<20	0.00026
DRB1~DQB1	AFR	DRB1*04:04~DQB1*03:02	21	0.0054
DRB1~DQB1	AFR	DRB1*04:05~DQB1*02:02	<20	0.00026
DRB1~DQB1	AFR	DRB1*04:05~DQB1*03:02	40	0.01029
DRB1~DQB1	AFR	DRB1*04:05~DQB1*05:03	<20	0.00051
DRB1~DQB1	AFR	DRB1*04:07~DQB1*03:01	<20	0.00206
DRB1~DQB1	AFR	DRB1*04:07~DQB1*03:02	<20	0.00103
DRB1~DQB1	AFR	DRB1*04:08~DQB1*03:01	<20	0.00026
DRB1~DQB1	AFR	DRB1*04:10~DQB1*04:02	<20	0.00051
DRB1~DQB1	AFR	DRB1*07:01~DQB1*02:02	310	0.07977
DRB1~DQB1	AFR	DRB1*07:01~DQB1*03:02	<20	0.00129
DRB1~DQB1	AFR	DRB1*07:01~DQB1*03:03	<20	0.00463
DRB1~DQB1	AFR	DRB1*07:01~DQB1*06:02	<20	0.00026
DRB1~DQB1	AFR	DRB1*07:81~DQB1*02:02	<20	0.00026
DRB1~DQB1	AFR	DRB1*08:01~DQB1*04:02	<20	0.00309
DRB1~DQB1	AFR	DRB1*08:02~DQB1*03:02	<20	0.00051
DRB1~DQB1	AFR	DRB1*08:02~DQB1*04:02	<20	0.00026
DRB1~DQB1	AFR	DRB1*08:03~DQB1*03:01	<20	0.00026
DRB1~DQB1	AFR	DRB1*08:03~DQB1*06:01	<20	0.00026
DRB1~DQB1	AFR	DRB1*08:04~DQB1*02:02	<20	0.00051
DRB1~DQB1	AFR	DRB1*08:04~DQB1*02:180	<20	0.00051
DRB1~DQB1	AFR	DRB1*08:04~DQB1*03:01	42	0.01081
DRB1~DQB1	AFR	DRB1*08:04~DQB1*03:19	178	0.04581
DRB1~DQB1	AFR	DRB1*08:04~DQB1*04:02	<20	0.00489
DRB1~DQB1	AFR	DRB1*08:04~DQB1*05:01	<20	0.00077
DRB1~DQB1	AFR	DRB1*08:04~DQB1*05:02	<20	0.00026
DRB1~DQB1	AFR	DRB1*08:04~DQB1*06:02	<20	0.00077
DRB1~DQB1	AFR	DRB1*08:04~DQB1*06:04	<20	0.00026
DRB1~DQB1	AFR	DRB1*08:06~DQB1*03:01	<20	0.0036
DRB1~DQB1	AFR	DRB1*08:06~DQB1*05:01	<20	0.00051
DRB1~DQB1	AFR	DRB1*08:06~DQB1*06:02	<20	0.00386
DRB1~DQB1	AFR	DRB1*08:11~DQB1*04:02	<20	0.00077
DRB1~DQB1	AFR	DRB1*09:01~DQB1*02:01	<20	0.00026
DRB1~DQB1	AFR	DRB1*09:01~DQB1*02:02	103	0.02651
DRB1~DQB1	AFR	DRB1*09:01~DQB1*02:122	<20	0.00077
DRB1~DQB1	AFR	DRB1*09:01~DQB1*03:03	<20	0.00077
DRB1~DQB1	AFR	DRB1*09:01~DQB1*03:136	<20	0.00026
DRB1~DQB1	AFR	DRB1*09:01~DQB1*03:19	<20	0.00051
DRB1~DQB1	AFR	DRB1*09:01~DQB1*04:02	<20	0.00051
DRB1~DQB1	AFR	DRB1*09:01~DQB1*05:01	<20	0.00051
DRB1~DQB1	AFR	DRB1*09:01~DQB1*06:02	<20	0.00026
DRB1~DQB1	AFR	DRB1*10:01~DQB1*03:01	<20	0.00051
DRB1~DQB1	AFR	DRB1*10:01~DQB1*05:01	66	0.01698
DRB1~DQB1	AFR	DRB1*10:01~DQB1*06:02	<20	0.00026
DRB1~DQB1	AFR	DRB1*11:01~DQB1*02:02	<20	0.00257
DRB1~DQB1	AFR	DRB1*11:01~DQB1*03:01	44	0.01132
DRB1~DQB1	AFR	DRB1*11:01~DQB1*03:19	84	0.02162
DRB1~DQB1	AFR	DRB1*11:01~DQB1*04:02	<20	0.00026
DRB1~DQB1	AFR	DRB1*11:01~DQB1*05:01	<20	0.00103
DRB1~DQB1	AFR	DRB1*11:01~DQB1*05:02	26	0.00669
DRB1~DQB1	AFR	DRB1*11:01~DQB1*06:02	148	0.03809
DRB1~DQB1	AFR	DRB1*11:01~DQB1*06:03	<20	0.00103
DRB1~DQB1	AFR	DRB1*11:01~DQB1*06:09	<20	0.00077
DRB1~DQB1	AFR	DRB1*11:01~DQB1*06:11	<20	0.00103
DRB1~DQB1	AFR	DRB1*11:01~DQB1*06:127	<20	0.00051
DRB1~DQB1	AFR	DRB1*11:01~DQB1*06:49	<20	0.00026
DRB1~DQB1	AFR	DRB1*11:01~DQB1*06:88	<20	0.00026
DRB1~DQB1	AFR	DRB1*11:02~DQB1*02:01	<20	0.00051
DRB1~DQB1	AFR	DRB1*11:02~DQB1*03:01	32	0.00823
DRB1~DQB1	AFR	DRB1*11:02~DQB1*03:02	<20	0.00026
DRB1~DQB1	AFR	DRB1*11:02~DQB1*03:19	109	0.02805
DRB1~DQB1	AFR	DRB1*11:02~DQB1*03:243	<20	0.00026
DRB1~DQB1	AFR	DRB1*11:02~DQB1*04:02	<20	0.00026
DRB1~DQB1	AFR	DRB1*11:02~DQB1*05:01	<20	0.00077
DRB1~DQB1	AFR	DRB1*11:02~DQB1*06:02	<20	0.00026
DRB1~DQB1	AFR	DRB1*11:03~DQB1*03:01	<20	0.00077
DRB1~DQB1	AFR	DRB1*11:04~DQB1*03:01	<20	0.0018
DRB1~DQB1	AFR	DRB1*11:04~DQB1*05:02	<20	0.00283
DRB1~DQB1	AFR	DRB1*11:04~DQB1*06:02	<20	0.00026
DRB1~DQB1	AFR	DRB1*11:10~DQB1*06:02	<20	0.00232
DRB1~DQB1	AFR	DRB1*11:14~DQB1*03:01	<20	0.00051
DRB1~DQB1	AFR	DRB1*11:17~DQB1*04:02	<20	0.00026
DRB1~DQB1	AFR	DRB1*11:17~DQB1*05:03	<20	0.00026
DRB1~DQB1	AFR	DRB1*11:256~DQB1*03:19	<20	0.00026
DRB1~DQB1	AFR	DRB1*12:01~DQB1*03:01	21	0.0054
DRB1~DQB1	AFR	DRB1*12:01~DQB1*05:01	135	0.03474
DRB1~DQB1	AFR	DRB1*12:01~DQB1*06:02	<20	0.00026
DRB1~DQB1	AFR	DRB1*12:02~DQB1*03:01	<20	0.00154
DRB1~DQB1	AFR	DRB1*12:02~DQB1*06:02	<20	0.00077
DRB1~DQB1	AFR	DRB1*12:04~DQB1*05:01	<20	0.00026
DRB1~DQB1	AFR	DRB1*13:01~DQB1*02:02	<20	0.00026
DRB1~DQB1	AFR	DRB1*13:01~DQB1*03:02	<20	0.00026
DRB1~DQB1	AFR	DRB1*13:01~DQB1*03:03	24	0.00618
DRB1~DQB1	AFR	DRB1*13:01~DQB1*03:19	<20	0.00077
DRB1~DQB1	AFR	DRB1*13:01~DQB1*04:02	<20	0.00026
DRB1~DQB1	AFR	DRB1*13:01~DQB1*05:01	47	0.01209
DRB1~DQB1	AFR	DRB1*13:01~DQB1*05:02	<20	0.00026
DRB1~DQB1	AFR	DRB1*13:01~DQB1*05:03	<20	0.00026
DRB1~DQB1	AFR	DRB1*13:01~DQB1*06:02	<20	0.00335
DRB1~DQB1	AFR	DRB1*13:01~DQB1*06:03	86	0.02213
DRB1~DQB1	AFR	DRB1*13:01~DQB1*06:04	<20	0.00283
DRB1~DQB1	AFR	DRB1*13:01~DQB1*06:08	<20	0.00309
DRB1~DQB1	AFR	DRB1*13:01~DQB1*06:09	24	0.00618
DRB1~DQB1	AFR	DRB1*13:02~DQB1*02:01	<20	0.00026
DRB1~DQB1	AFR	DRB1*13:02~DQB1*02:02	<20	0.00026
DRB1~DQB1	AFR	DRB1*13:02~DQB1*03:01	<20	0.00026
DRB1~DQB1	AFR	DRB1*13:02~DQB1*05:01	67	0.01724
DRB1~DQB1	AFR	DRB1*13:02~DQB1*05:02	<20	0.00232
DRB1~DQB1	AFR	DRB1*13:02~DQB1*06:02	<20	0.00051
DRB1~DQB1	AFR	DRB1*13:02~DQB1*06:04	60	0.01544
DRB1~DQB1	AFR	DRB1*13:02~DQB1*06:09	116	0.02985
DRB1~DQB1	AFR	DRB1*13:03~DQB1*02:02	68	0.0175
DRB1~DQB1	AFR	DRB1*13:03~DQB1*03:01	55	0.01415
DRB1~DQB1	AFR	DRB1*13:03~DQB1*03:09	<20	0.00077
DRB1~DQB1	AFR	DRB1*13:03~DQB1*03:16	<20	0.00026
DRB1~DQB1	AFR	DRB1*13:03~DQB1*03:19	<20	0.00051
DRB1~DQB1	AFR	DRB1*13:03~DQB1*04:02	<20	0.00051
DRB1~DQB1	AFR	DRB1*13:03~DQB1*05:01	<20	0.00026
DRB1~DQB1	AFR	DRB1*13:03~DQB1*06:02	<20	0.00051
DRB1~DQB1	AFR	DRB1*13:03~DQB1*06:03	<20	0.00026
DRB1~DQB1	AFR	DRB1*13:03~DQB1*06:09	<20	0.00026
DRB1~DQB1	AFR	DRB1*13:04~DQB1*03:19	56	0.01441
DRB1~DQB1	AFR	DRB1*13:05~DQB1*03:01	<20	0.00051
DRB1~DQB1	AFR	DRB1*13:05~DQB1*05:01	<20	0.00051
DRB1~DQB1	AFR	DRB1*13:16~DQB1*06:04	<20	0.00026
DRB1~DQB1	AFR	DRB1*13:20~DQB1*06:03	<20	0.00026
DRB1~DQB1	AFR	DRB1*13:31~DQB1*05:02	<20	0.00026
DRB1~DQB1	AFR	DRB1*13:50~DQB1*06:88	<20	0.00026
DRB1~DQB1	AFR	DRB1*14:02~DQB1*03:01	<20	0.00026
DRB1~DQB1	AFR	DRB1*14:04~DQB1*05:03	<20	0.00051
DRB1~DQB1	AFR	DRB1*14:07~DQB1*05:03	<20	0.00026
DRB1~DQB1	AFR	DRB1*14:243~DQB1*05:03	<20	0.00257
DRB1~DQB1	AFR	DRB1*14:54~DQB1*05:01	<20	0.0018
DRB1~DQB1	AFR	DRB1*14:54~DQB1*05:02	<20	0.00051
DRB1~DQB1	AFR	DRB1*14:54~DQB1*05:03	46	0.01184
DRB1~DQB1	AFR	DRB1*14:54~DQB1*05:88	<20	0.00026
DRB1~DQB1	AFR	DRB1*14:54~DQB1*06:02	<20	0.00206
DRB1~DQB1	AFR	DRB1*14:54~DQB1*06:04	<20	0.00026
DRB1~DQB1	AFR	DRB1*15:01~DQB1*02:02	<20	0.00026
DRB1~DQB1	AFR	DRB1*15:01~DQB1*03:01	<20	0.00026
DRB1~DQB1	AFR	DRB1*15:01~DQB1*05:02	<20	0.00051
DRB1~DQB1	AFR	DRB1*15:01~DQB1*06:01	<20	0.00051
DRB1~DQB1	AFR	DRB1*15:01~DQB1*06:02	73	0.01879
DRB1~DQB1	AFR	DRB1*15:01~DQB1*06:03	<20	0.00103
DRB1~DQB1	AFR	DRB1*15:01~DQB1*06:09	<20	0.00026
DRB1~DQB1	AFR	DRB1*15:01~DQB1*06:240	<20	0.00026
DRB1~DQB1	AFR	DRB1*15:02~DQB1*05:01	<20	0.00129
DRB1~DQB1	AFR	DRB1*15:02~DQB1*05:02	<20	0.00026
DRB1~DQB1	AFR	DRB1*15:02~DQB1*06:01	<20	0.00051
DRB1~DQB1	AFR	DRB1*15:03~DQB1*02:01	<20	0.00026
DRB1~DQB1	AFR	DRB1*15:03~DQB1*02:02	<20	0.00051
DRB1~DQB1	AFR	DRB1*15:03~DQB1*05:01	<20	0.00309
DRB1~DQB1	AFR	DRB1*15:03~DQB1*05:03	<20	0.00026
DRB1~DQB1	AFR	DRB1*15:03~DQB1*06:02	466	0.11992
DRB1~DQB1	AFR	DRB1*15:03~DQB1*06:03	<20	0.00026
DRB1~DQB1	AFR	DRB1*15:03~DQB1*06:04	<20	0.00051
DRB1~DQB1	AFR	DRB1*15:03~DQB1*06:09	<20	0.00077
DRB1~DQB1	AFR	DRB1*15:03~DQB1*06:11	<20	0.00026
DRB1~DQB1	AFR	DRB1*16:01~DQB1*05:02	<20	0.00129
DRB1~DQB1	AFR	DRB1*16:02~DQB1*03:01	<20	0.00026
DRB1~DQB1	AFR	DRB1*16:02~DQB1*05:02	46	0.01184
DRB1~DQB1	AFR	DRB1*16:02~DQB1*05:241	<20	0.00103
DRB1~DQB1	AFR	DRB1*16:02~DQB1*06:02	<20	0.00051
DRB1~DQB1	AMR	DRB1*01:01~DQB1*04:02	<20	0.00037
DRB1~DQB1	AMR	DRB1*01:01~DQB1*05:01	103	0.03774
DRB1~DQB1	AMR	DRB1*01:01~DQB1*05:04	<20	0.0011
DRB1~DQB1	AMR	DRB1*01:02~DQB1*04:02	<20	0.00037
DRB1~DQB1	AMR	DRB1*01:02~DQB1*05:01	103	0.03774
DRB1~DQB1	AMR	DRB1*01:03~DQB1*03:01	<20	0.00073
DRB1~DQB1	AMR	DRB1*01:03~DQB1*05:01	<20	0.00366
DRB1~DQB1	AMR	DRB1*01:77~DQB1*05:01	<20	0.00073
DRB1~DQB1	AMR	DRB1*03:01~DQB1*02:01	133	0.04874
DRB1~DQB1	AMR	DRB1*03:01~DQB1*03:01	<20	0.00183
DRB1~DQB1	AMR	DRB1*03:01~DQB1*03:19	<20	0.00037
DRB1~DQB1	AMR	DRB1*03:01~DQB1*04:02	<20	0.00037
DRB1~DQB1	AMR	DRB1*03:01~DQB1*06:03	<20	0.00037
DRB1~DQB1	AMR	DRB1*03:02~DQB1*03:01	<20	0.00037
DRB1~DQB1	AMR	DRB1*03:02~DQB1*03:276N	<20	0.00037
DRB1~DQB1	AMR	DRB1*03:02~DQB1*04:02	32	0.01173
DRB1~DQB1	AMR	DRB1*03:124~DQB1*02:01	<20	0.00037
DRB1~DQB1	AMR	DRB1*03:15~DQB1*02:01	<20	0.00037
DRB1~DQB1	AMR	DRB1*04:01~DQB1*03:01	<20	0.00513
DRB1~DQB1	AMR	DRB1*04:01~DQB1*03:02	26	0.00953
DRB1~DQB1	AMR	DRB1*04:01~DQB1*03:04	<20	0.00037
DRB1~DQB1	AMR	DRB1*04:01~DQB1*03:42	<20	0.00037
DRB1~DQB1	AMR	DRB1*04:02~DQB1*02:02	<20	0.00037
DRB1~DQB1	AMR	DRB1*04:02~DQB1*03:01	<20	0.00037
DRB1~DQB1	AMR	DRB1*04:02~DQB1*03:02	33	0.01209
DRB1~DQB1	AMR	DRB1*04:03~DQB1*03:01	<20	0.00147
DRB1~DQB1	AMR	DRB1*04:03~DQB1*03:02	47	0.01722
DRB1~DQB1	AMR	DRB1*04:03~DQB1*03:05	<20	0.00037
DRB1~DQB1	AMR	DRB1*04:03~DQB1*03:42	<20	0.00037
DRB1~DQB1	AMR	DRB1*04:04~DQB1*02:02	<20	0.00037
DRB1~DQB1	AMR	DRB1*04:04~DQB1*03:02	116	0.04251
DRB1~DQB1	AMR	DRB1*04:04~DQB1*04:02	<20	0.00073
DRB1~DQB1	AMR	DRB1*04:05~DQB1*02:02	<20	0.00183
DRB1~DQB1	AMR	DRB1*04:05~DQB1*03:01	<20	0.0011
DRB1~DQB1	AMR	DRB1*04:05~DQB1*03:02	52	0.01905
DRB1~DQB1	AMR	DRB1*04:05~DQB1*04:02	<20	0.00037
DRB1~DQB1	AMR	DRB1*04:06~DQB1*04:02	<20	0.0011
DRB1~DQB1	AMR	DRB1*04:07~DQB1*03:01	<20	0.00257
DRB1~DQB1	AMR	DRB1*04:07~DQB1*03:02	204	0.07475
DRB1~DQB1	AMR	DRB1*04:07~DQB1*03:03	<20	0.00037
DRB1~DQB1	AMR	DRB1*04:07~DQB1*03:276N	<20	0.00037
DRB1~DQB1	AMR	DRB1*04:07~DQB1*04:02	<20	0.0022
DRB1~DQB1	AMR	DRB1*04:08~DQB1*03:01	<20	0.00183
DRB1~DQB1	AMR	DRB1*04:08~DQB1*03:02	<20	0.00037
DRB1~DQB1	AMR	DRB1*04:08~DQB1*03:04	<20	0.00147
DRB1~DQB1	AMR	DRB1*04:08~DQB1*03:276N	<20	0.00037
DRB1~DQB1	AMR	DRB1*04:10~DQB1*03:02	<20	0.0022
DRB1~DQB1	AMR	DRB1*04:10~DQB1*04:02	<20	0.00366
DRB1~DQB1	AMR	DRB1*04:11~DQB1*03:01	<20	0.00037
DRB1~DQB1	AMR	DRB1*04:11~DQB1*03:02	59	0.02162
DRB1~DQB1	AMR	DRB1*04:11~DQB1*04:02	<20	0.00403
DRB1~DQB1	AMR	DRB1*04:11~DQB1*05:01	<20	0.00037
DRB1~DQB1	AMR	DRB1*04:17~DQB1*04:02	<20	0.00037
DRB1~DQB1	AMR	DRB1*04:92~DQB1*03:02	<20	0.0055
DRB1~DQB1	AMR	DRB1*04:92~DQB1*03:14	<20	0.00037
DRB1~DQB1	AMR	DRB1*07:01~DQB1*02:01	<20	0.00073
DRB1~DQB1	AMR	DRB1*07:01~DQB1*02:02	179	0.06559
DRB1~DQB1	AMR	DRB1*07:01~DQB1*02:206N	<20	0.00037
DRB1~DQB1	AMR	DRB1*07:01~DQB1*03:01	<20	0.00183
DRB1~DQB1	AMR	DRB1*07:01~DQB1*03:02	<20	0.00183
DRB1~DQB1	AMR	DRB1*07:01~DQB1*03:03	22	0.00806
DRB1~DQB1	AMR	DRB1*07:01~DQB1*04:02	<20	0.00037
DRB1~DQB1	AMR	DRB1*07:11~DQB1*02:02	<20	0.00037
DRB1~DQB1	AMR	DRB1*08:01~DQB1*03:19	<20	0.00037
DRB1~DQB1	AMR	DRB1*08:01~DQB1*04:02	31	0.01136
DRB1~DQB1	AMR	DRB1*08:02~DQB1*03:01	<20	0.00366
DRB1~DQB1	AMR	DRB1*08:02~DQB1*03:02	<20	0.0011
DRB1~DQB1	AMR	DRB1*08:02~DQB1*04:02	216	0.07915
DRB1~DQB1	AMR	DRB1*08:02~DQB1*04:44	<20	0.00037
DRB1~DQB1	AMR	DRB1*08:04~DQB1*03:01	<20	0.00366
DRB1~DQB1	AMR	DRB1*08:04~DQB1*03:19	<20	0.0022
DRB1~DQB1	AMR	DRB1*08:04~DQB1*04:02	20	0.00733
DRB1~DQB1	AMR	DRB1*08:06~DQB1*06:02	<20	0.00147
DRB1~DQB1	AMR	DRB1*08:07~DQB1*04:02	<20	0.00147
DRB1~DQB1	AMR	DRB1*08:09~DQB1*04:02	<20	0.00037
DRB1~DQB1	AMR	DRB1*08:11~DQB1*04:02	<20	0.0022
DRB1~DQB1	AMR	DRB1*09:01~DQB1*02:02	<20	0.0066
DRB1~DQB1	AMR	DRB1*09:01~DQB1*03:02	<20	0.00037
DRB1~DQB1	AMR	DRB1*09:01~DQB1*03:03	<20	0.00293
DRB1~DQB1	AMR	DRB1*10:01~DQB1*03:02	<20	0.00037
DRB1~DQB1	AMR	DRB1*10:01~DQB1*05:01	44	0.01612
DRB1~DQB1	AMR	DRB1*11:01~DQB1*02:02	<20	0.00037
DRB1~DQB1	AMR	DRB1*11:01~DQB1*03:01	77	0.02822
DRB1~DQB1	AMR	DRB1*11:01~DQB1*03:19	<20	0.00257
DRB1~DQB1	AMR	DRB1*11:01~DQB1*04:02	<20	0.00037
DRB1~DQB1	AMR	DRB1*11:01~DQB1*05:02	<20	0.00073
DRB1~DQB1	AMR	DRB1*11:01~DQB1*06:02	<20	0.00696
DRB1~DQB1	AMR	DRB1*11:02~DQB1*03:01	<20	0.00366
DRB1~DQB1	AMR	DRB1*11:02~DQB1*03:02	<20	0.00037
DRB1~DQB1	AMR	DRB1*11:02~DQB1*03:19	33	0.01209
DRB1~DQB1	AMR	DRB1*11:03~DQB1*03:01	<20	0.0011
DRB1~DQB1	AMR	DRB1*11:04~DQB1*03:01	76	0.02785
DRB1~DQB1	AMR	DRB1*11:04~DQB1*06:03	<20	0.00183
DRB1~DQB1	AMR	DRB1*11:07~DQB1*03:01	<20	0.00037
DRB1~DQB1	AMR	DRB1*11:15~DQB1*03:01	<20	0.00037
DRB1~DQB1	AMR	DRB1*11:17~DQB1*05:03	<20	0.00037
DRB1~DQB1	AMR	DRB1*12:01~DQB1*03:01	25	0.00916
DRB1~DQB1	AMR	DRB1*12:01~DQB1*05:01	<20	0.00403
DRB1~DQB1	AMR	DRB1*12:02~DQB1*03:01	<20	0.00073
DRB1~DQB1	AMR	DRB1*12:02~DQB1*05:01	<20	0.00073
DRB1~DQB1	AMR	DRB1*12:02~DQB1*05:02	<20	0.00037
DRB1~DQB1	AMR	DRB1*12:02~DQB1*06:02	<20	0.00037
DRB1~DQB1	AMR	DRB1*13:01~DQB1*02:01	<20	0.00037
DRB1~DQB1	AMR	DRB1*13:01~DQB1*03:03	<20	0.00183
DRB1~DQB1	AMR	DRB1*13:01~DQB1*05:01	<20	0.00147
DRB1~DQB1	AMR	DRB1*13:01~DQB1*06:02	<20	0.00183
DRB1~DQB1	AMR	DRB1*13:01~DQB1*06:03	92	0.03371
DRB1~DQB1	AMR	DRB1*13:01~DQB1*06:04	<20	0.0011
DRB1~DQB1	AMR	DRB1*13:01~DQB1*06:08	<20	0.00037
DRB1~DQB1	AMR	DRB1*13:01~DQB1*06:316	<20	0.00037
DRB1~DQB1	AMR	DRB1*13:01~DQB1*06:334	<20	0.00037
DRB1~DQB1	AMR	DRB1*13:01~DQB1*06:39	<20	0.00037
DRB1~DQB1	AMR	DRB1*13:02~DQB1*05:01	<20	0.00476
DRB1~DQB1	AMR	DRB1*13:02~DQB1*05:02	<20	0.00037
DRB1~DQB1	AMR	DRB1*13:02~DQB1*06:04	41	0.01502
DRB1~DQB1	AMR	DRB1*13:02~DQB1*06:09	22	0.00806
DRB1~DQB1	AMR	DRB1*13:02~DQB1*06:41	<20	0.00037
DRB1~DQB1	AMR	DRB1*13:03~DQB1*02:02	<20	0.00257
DRB1~DQB1	AMR	DRB1*13:03~DQB1*03:01	24	0.00879
DRB1~DQB1	AMR	DRB1*13:03~DQB1*03:09	<20	0.00037
DRB1~DQB1	AMR	DRB1*13:03~DQB1*03:19	<20	0.00037
DRB1~DQB1	AMR	DRB1*13:03~DQB1*03:21	<20	0.00073
DRB1~DQB1	AMR	DRB1*13:04~DQB1*03:19	23	0.00843
DRB1~DQB1	AMR	DRB1*13:05~DQB1*03:01	<20	0.00403
DRB1~DQB1	AMR	DRB1*13:05~DQB1*03:02	<20	0.00037
DRB1~DQB1	AMR	DRB1*13:117~DQB1*06:03	<20	0.0011
DRB1~DQB1	AMR	DRB1*13:59~DQB1*06:03	<20	0.00037
DRB1~DQB1	AMR	DRB1*14:01~DQB1*05:03	<20	0.0011
DRB1~DQB1	AMR	DRB1*14:02~DQB1*02:01	<20	0.00037
DRB1~DQB1	AMR	DRB1*14:02~DQB1*02:02	<20	0.00037
DRB1~DQB1	AMR	DRB1*14:02~DQB1*03:01	98	0.03591
DRB1~DQB1	AMR	DRB1*14:02~DQB1*03:02	<20	0.00257
DRB1~DQB1	AMR	DRB1*14:02~DQB1*03:04	<20	0.0011
DRB1~DQB1	AMR	DRB1*14:02~DQB1*03:05	<20	0.00037
DRB1~DQB1	AMR	DRB1*14:02~DQB1*03:276N	<20	0.0011
DRB1~DQB1	AMR	DRB1*14:02~DQB1*04:02	<20	0.00037
DRB1~DQB1	AMR	DRB1*14:04~DQB1*05:03	<20	0.00037
DRB1~DQB1	AMR	DRB1*14:04~DQB1*06:04	<20	0.00037
DRB1~DQB1	AMR	DRB1*14:06~DQB1*02:01	<20	0.00037
DRB1~DQB1	AMR	DRB1*14:06~DQB1*03:01	90	0.03298
DRB1~DQB1	AMR	DRB1*14:06~DQB1*03:02	<20	0.00037
DRB1~DQB1	AMR	DRB1*14:06~DQB1*03:276N	<20	0.00073
DRB1~DQB1	AMR	DRB1*14:06~DQB1*04:02	<20	0.00073
DRB1~DQB1	AMR	DRB1*14:07~DQB1*05:03	<20	0.00037
DRB1~DQB1	AMR	DRB1*14:243~DQB1*05:03	<20	0.00037
DRB1~DQB1	AMR	DRB1*14:54~DQB1*04:02	<20	0.00037
DRB1~DQB1	AMR	DRB1*14:54~DQB1*05:02	<20	0.00037
DRB1~DQB1	AMR	DRB1*14:54~DQB1*05:03	41	0.01502
DRB1~DQB1	AMR	DRB1*14:54~DQB1*06:02	<20	0.00037
DRB1~DQB1	AMR	DRB1*15:01~DQB1*02:02	<20	0.00037
DRB1~DQB1	AMR	DRB1*15:01~DQB1*03:01	<20	0.00037
DRB1~DQB1	AMR	DRB1*15:01~DQB1*05:01	<20	0.0011
DRB1~DQB1	AMR	DRB1*15:01~DQB1*05:02	<20	0.00147
DRB1~DQB1	AMR	DRB1*15:01~DQB1*06:01	<20	0.00037
DRB1~DQB1	AMR	DRB1*15:01~DQB1*06:02	105	0.03848
DRB1~DQB1	AMR	DRB1*15:01~DQB1*06:03	<20	0.00183
DRB1~DQB1	AMR	DRB1*15:02~DQB1*05:02	<20	0.00073
DRB1~DQB1	AMR	DRB1*15:02~DQB1*06:01	20	0.00733
DRB1~DQB1	AMR	DRB1*15:03~DQB1*02:02	<20	0.00037
DRB1~DQB1	AMR	DRB1*15:03~DQB1*06:02	38	0.01392
DRB1~DQB1	AMR	DRB1*16:01~DQB1*05:02	<20	0.0066
DRB1~DQB1	AMR	DRB1*16:02~DQB1*03:01	63	0.02309
DRB1~DQB1	AMR	DRB1*16:02~DQB1*03:03	<20	0.00073
DRB1~DQB1	AMR	DRB1*16:02~DQB1*05:01	<20	0.00037
DRB1~DQB1	AMR	DRB1*16:02~DQB1*05:02	<20	0.00147
DRB1~DQB1	AMR	DRB1*16:07~DQB1*05:02	<20	0.00037
DRB1~DQB1	EAS	DRB1*01:01~DQB1*05:01	29	0.01302
DRB1~DQB1	EAS	DRB1*01:02~DQB1*05:01	<20	0.0009
DRB1~DQB1	EAS	DRB1*01:03~DQB1*05:01	<20	0.00045
DRB1~DQB1	EAS	DRB1*03:01~DQB1*02:01	121	0.05433
DRB1~DQB1	EAS	DRB1*04:01~DQB1*03:01	<20	0.00225
DRB1~DQB1	EAS	DRB1*04:01~DQB1*03:02	<20	0.0018
DRB1~DQB1	EAS	DRB1*04:02~DQB1*03:02	<20	0.00045
DRB1~DQB1	EAS	DRB1*04:03~DQB1*03:02	64	0.02874
DRB1~DQB1	EAS	DRB1*04:03~DQB1*03:05	<20	0.00135
DRB1~DQB1	EAS	DRB1*04:03~DQB1*04:01	<20	0.00045
DRB1~DQB1	EAS	DRB1*04:03~DQB1*05:02	<20	0.00045
DRB1~DQB1	EAS	DRB1*04:03~DQB1*06:01	<20	0.00045
DRB1~DQB1	EAS	DRB1*04:04~DQB1*03:02	<20	0.00629
DRB1~DQB1	EAS	DRB1*04:04~DQB1*04:02	<20	0.0009
DRB1~DQB1	EAS	DRB1*04:05~DQB1*03:01	<20	0.00135
DRB1~DQB1	EAS	DRB1*04:05~DQB1*03:02	<20	0.0018
DRB1~DQB1	EAS	DRB1*04:05~DQB1*04:01	117	0.05254
DRB1~DQB1	EAS	DRB1*04:05~DQB1*04:02	<20	0.00853
DRB1~DQB1	EAS	DRB1*04:05~DQB1*05:01	<20	0.00045
DRB1~DQB1	EAS	DRB1*04:05~DQB1*05:03	<20	0.00225
DRB1~DQB1	EAS	DRB1*04:05~DQB1*06:02	<20	0.00045
DRB1~DQB1	EAS	DRB1*04:06~DQB1*02:02	<20	0.00045
DRB1~DQB1	EAS	DRB1*04:06~DQB1*03:02	39	0.01751
DRB1~DQB1	EAS	DRB1*04:06~DQB1*03:03	<20	0.00045
DRB1~DQB1	EAS	DRB1*04:07~DQB1*03:01	<20	0.00045
DRB1~DQB1	EAS	DRB1*04:07~DQB1*03:02	<20	0.00269
DRB1~DQB1	EAS	DRB1*04:10~DQB1*04:01	<20	0.00045
DRB1~DQB1	EAS	DRB1*04:10~DQB1*04:02	<20	0.00225
DRB1~DQB1	EAS	DRB1*04:88~DQB1*03:02	<20	0.00045
DRB1~DQB1	EAS	DRB1*07:01~DQB1*02:02	66	0.02964
DRB1~DQB1	EAS	DRB1*07:01~DQB1*03:01	<20	0.0009
DRB1~DQB1	EAS	DRB1*07:01~DQB1*03:02	<20	0.0009
DRB1~DQB1	EAS	DRB1*07:01~DQB1*03:03	30	0.01347
DRB1~DQB1	EAS	DRB1*07:142~DQB1*02:02	<20	0.00045
DRB1~DQB1	EAS	DRB1*08:01~DQB1*04:02	<20	0.00045
DRB1~DQB1	EAS	DRB1*08:02~DQB1*03:02	<20	0.00314
DRB1~DQB1	EAS	DRB1*08:02~DQB1*04:02	<20	0.00629
DRB1~DQB1	EAS	DRB1*08:03~DQB1*03:01	<20	0.00314
DRB1~DQB1	EAS	DRB1*08:03~DQB1*05:03	<20	0.00045
DRB1~DQB1	EAS	DRB1*08:03~DQB1*06:01	137	0.06152
DRB1~DQB1	EAS	DRB1*08:09~DQB1*04:02	<20	0.0009
DRB1~DQB1	EAS	DRB1*09:01~DQB1*03:01	<20	0.00135
DRB1~DQB1	EAS	DRB1*09:01~DQB1*03:02	<20	0.00135
DRB1~DQB1	EAS	DRB1*09:01~DQB1*03:03	273	0.12259
DRB1~DQB1	EAS	DRB1*09:01~DQB1*05:03	<20	0.00045
DRB1~DQB1	EAS	DRB1*09:01~DQB1*06:01	<20	0.0009
DRB1~DQB1	EAS	DRB1*09:35~DQB1*03:03	<20	0.00045
DRB1~DQB1	EAS	DRB1*10:01~DQB1*05:01	41	0.01841
DRB1~DQB1	EAS	DRB1*10:01~DQB1*05:02	<20	0.00045
DRB1~DQB1	EAS	DRB1*11:01~DQB1*03:01	116	0.05209
DRB1~DQB1	EAS	DRB1*11:01~DQB1*03:03	<20	0.0018
DRB1~DQB1	EAS	DRB1*11:01~DQB1*03:13	<20	0.0009
DRB1~DQB1	EAS	DRB1*11:01~DQB1*06:01	<20	0.0018
DRB1~DQB1	EAS	DRB1*11:04~DQB1*03:01	<20	0.0009
DRB1~DQB1	EAS	DRB1*11:04~DQB1*03:02	<20	0.00045
DRB1~DQB1	EAS	DRB1*11:05~DQB1*06:02	<20	0.0009
DRB1~DQB1	EAS	DRB1*11:06~DQB1*03:01	<20	0.00135
DRB1~DQB1	EAS	DRB1*11:11~DQB1*03:01	<20	0.00045
DRB1~DQB1	EAS	DRB1*11:129~DQB1*03:01	<20	0.00225
DRB1~DQB1	EAS	DRB1*12:01~DQB1*03:01	52	0.02335
DRB1~DQB1	EAS	DRB1*12:01~DQB1*03:02	<20	0.0018
DRB1~DQB1	EAS	DRB1*12:01~DQB1*03:03	<20	0.0018
DRB1~DQB1	EAS	DRB1*12:01~DQB1*06:01	<20	0.0009
DRB1~DQB1	EAS	DRB1*12:02~DQB1*03:01	287	0.12887
DRB1~DQB1	EAS	DRB1*12:02~DQB1*03:03	<20	0.00135
DRB1~DQB1	EAS	DRB1*12:02~DQB1*05:01	<20	0.00045
DRB1~DQB1	EAS	DRB1*12:02~DQB1*05:02	<20	0.00584
DRB1~DQB1	EAS	DRB1*12:02~DQB1*06:01	<20	0.00045
DRB1~DQB1	EAS	DRB1*12:10~DQB1*03:01	<20	0.00135
DRB1~DQB1	EAS	DRB1*12:68~DQB1*03:01	<20	0.00045
DRB1~DQB1	EAS	DRB1*13:01~DQB1*06:03	22	0.00988
DRB1~DQB1	EAS	DRB1*13:02~DQB1*03:02	<20	0.00045
DRB1~DQB1	EAS	DRB1*13:02~DQB1*05:02	<20	0.00045
DRB1~DQB1	EAS	DRB1*13:02~DQB1*06:01	<20	0.00045
DRB1~DQB1	EAS	DRB1*13:02~DQB1*06:04	20	0.00898
DRB1~DQB1	EAS	DRB1*13:02~DQB1*06:09	37	0.01661
DRB1~DQB1	EAS	DRB1*13:07~DQB1*03:01	<20	0.00045
DRB1~DQB1	EAS	DRB1*13:12~DQB1*03:01	<20	0.00494
DRB1~DQB1	EAS	DRB1*13:50~DQB1*03:01	<20	0.00045
DRB1~DQB1	EAS	DRB1*14:02~DQB1*03:01	<20	0.00045
DRB1~DQB1	EAS	DRB1*14:03~DQB1*03:01	<20	0.00404
DRB1~DQB1	EAS	DRB1*14:04~DQB1*05:03	23	0.01033
DRB1~DQB1	EAS	DRB1*14:05~DQB1*03:01	<20	0.00045
DRB1~DQB1	EAS	DRB1*14:05~DQB1*05:03	32	0.01437
DRB1~DQB1	EAS	DRB1*14:06~DQB1*03:01	<20	0.00314
DRB1~DQB1	EAS	DRB1*14:07~DQB1*05:02	<20	0.00045
DRB1~DQB1	EAS	DRB1*14:07~DQB1*05:03	<20	0.00045
DRB1~DQB1	EAS	DRB1*14:22~DQB1*03:01	<20	0.00045
DRB1~DQB1	EAS	DRB1*14:54~DQB1*03:01	<20	0.00045
DRB1~DQB1	EAS	DRB1*14:54~DQB1*05:02	34	0.01527
DRB1~DQB1	EAS	DRB1*14:54~DQB1*05:03	21	0.00943
DRB1~DQB1	EAS	DRB1*14:61~DQB1*05:03	<20	0.00045
DRB1~DQB1	EAS	DRB1*15:01~DQB1*03:01	<20	0.0009
DRB1~DQB1	EAS	DRB1*15:01~DQB1*03:02	<20	0.00045
DRB1~DQB1	EAS	DRB1*15:01~DQB1*03:03	<20	0.00045
DRB1~DQB1	EAS	DRB1*15:01~DQB1*04:01	<20	0.00045
DRB1~DQB1	EAS	DRB1*15:01~DQB1*05:02	<20	0.00314
DRB1~DQB1	EAS	DRB1*15:01~DQB1*06:01	48	0.02155
DRB1~DQB1	EAS	DRB1*15:01~DQB1*06:02	79	0.03547
DRB1~DQB1	EAS	DRB1*15:01~DQB1*06:10	<20	0.00045
DRB1~DQB1	EAS	DRB1*15:02~DQB1*03:02	<20	0.00045
DRB1~DQB1	EAS	DRB1*15:02~DQB1*04:01	<20	0.00045
DRB1~DQB1	EAS	DRB1*15:02~DQB1*05:01	73	0.03278
DRB1~DQB1	EAS	DRB1*15:02~DQB1*05:02	124	0.05568
DRB1~DQB1	EAS	DRB1*15:02~DQB1*06:01	35	0.01572
DRB1~DQB1	EAS	DRB1*15:02~DQB1*06:02	<20	0.0009
DRB1~DQB1	EAS	DRB1*15:04~DQB1*05:02	<20	0.0009
DRB1~DQB1	EAS	DRB1*15:06~DQB1*05:02	<20	0.00045
DRB1~DQB1	EAS	DRB1*15:14~DQB1*05:02	<20	0.0009
DRB1~DQB1	EAS	DRB1*15:171~DQB1*06:02	<20	0.00045
DRB1~DQB1	EAS	DRB1*16:02~DQB1*05:02	57	0.02559
DRB1~DQB1	EUR	DRB1*01:01~DQB1*02:01	<20	0.00045
DRB1~DQB1	EUR	DRB1*01:01~DQB1*03:02	<20	0.00045
DRB1~DQB1	EUR	DRB1*01:01~DQB1*05:01	192	0.08727
DRB1~DQB1	EUR	DRB1*01:01~DQB1*05:04	<20	0.00227
DRB1~DQB1	EUR	DRB1*01:02~DQB1*05:01	20	0.00909
DRB1~DQB1	EUR	DRB1*01:03~DQB1*03:01	<20	0.00318
DRB1~DQB1	EUR	DRB1*01:03~DQB1*04:02	<20	0.00045
DRB1~DQB1	EUR	DRB1*01:03~DQB1*05:01	<20	0.00727
DRB1~DQB1	EUR	DRB1*03:01~DQB1*02:01	273	0.12409
DRB1~DQB1	EUR	DRB1*03:01~DQB1*05:01	<20	0.00045
DRB1~DQB1	EUR	DRB1*03:01~DQB1*06:02	<20	0.00091
DRB1~DQB1	EUR	DRB1*03:02~DQB1*04:02	<20	0.00045
DRB1~DQB1	EUR	DRB1*03:124~DQB1*02:01	<20	0.00045
DRB1~DQB1	EUR	DRB1*04:01~DQB1*03:01	103	0.04682
DRB1~DQB1	EUR	DRB1*04:01~DQB1*03:02	114	0.05182
DRB1~DQB1	EUR	DRB1*04:01~DQB1*03:03	<20	0.00091
DRB1~DQB1	EUR	DRB1*04:01~DQB1*03:08	<20	0.00045
DRB1~DQB1	EUR	DRB1*04:01~DQB1*03:276N	<20	0.00091
DRB1~DQB1	EUR	DRB1*04:01~DQB1*05:01	<20	0.00091
DRB1~DQB1	EUR	DRB1*04:01~DQB1*06:02	<20	0.00045
DRB1~DQB1	EUR	DRB1*04:01~DQB1*06:04	<20	0.00045
DRB1~DQB1	EUR	DRB1*04:02~DQB1*03:01	<20	0.00045
DRB1~DQB1	EUR	DRB1*04:02~DQB1*03:02	<20	0.00318
DRB1~DQB1	EUR	DRB1*04:03~DQB1*03:02	<20	0.00455
DRB1~DQB1	EUR	DRB1*04:03~DQB1*03:04	<20	0.00091
DRB1~DQB1	EUR	DRB1*04:04~DQB1*03:01	<20	0.00045
DRB1~DQB1	EUR	DRB1*04:04~DQB1*03:02	99	0.045
DRB1~DQB1	EUR	DRB1*04:04~DQB1*04:02	<20	0.00045
DRB1~DQB1	EUR	DRB1*04:04~DQB1*06:02	<20	0.00091
DRB1~DQB1	EUR	DRB1*04:05~DQB1*02:01	<20	0.00045
DRB1~DQB1	EUR	DRB1*04:05~DQB1*02:02	<20	0.00091
DRB1~DQB1	EUR	DRB1*04:05~DQB1*03:01	<20	0.00091
DRB1~DQB1	EUR	DRB1*04:05~DQB1*03:02	<20	0.00273
DRB1~DQB1	EUR	DRB1*04:06~DQB1*04:02	<20	0.00045
DRB1~DQB1	EUR	DRB1*04:07~DQB1*03:01	22	0.01
DRB1~DQB1	EUR	DRB1*04:07~DQB1*03:02	<20	0.00136
DRB1~DQB1	EUR	DRB1*04:08~DQB1*03:01	<20	0.00364
DRB1~DQB1	EUR	DRB1*04:08~DQB1*03:02	<20	0.00045
DRB1~DQB1	EUR	DRB1*07:01~DQB1*02:02	178	0.08091
DRB1~DQB1	EUR	DRB1*07:01~DQB1*02:206N	<20	0.00045
DRB1~DQB1	EUR	DRB1*07:01~DQB1*03:01	<20	0.00182
DRB1~DQB1	EUR	DRB1*07:01~DQB1*03:03	79	0.03591
DRB1~DQB1	EUR	DRB1*07:01~DQB1*04:02	<20	0.00091
DRB1~DQB1	EUR	DRB1*08:01~DQB1*04:02	49	0.02227
DRB1~DQB1	EUR	DRB1*08:02~DQB1*02:01	<20	0.00045
DRB1~DQB1	EUR	DRB1*08:02~DQB1*04:02	<20	0.00045
DRB1~DQB1	EUR	DRB1*08:03~DQB1*03:01	<20	0.00091
DRB1~DQB1	EUR	DRB1*08:04~DQB1*03:01	<20	0.00045
DRB1~DQB1	EUR	DRB1*08:04~DQB1*04:02	<20	0.00091
DRB1~DQB1	EUR	DRB1*08:07~DQB1*04:02	<20	0.00045
DRB1~DQB1	EUR	DRB1*08:10~DQB1*03:01	<20	0.00045
DRB1~DQB1	EUR	DRB1*08:105~DQB1*04:02	<20	0.00045
DRB1~DQB1	EUR	DRB1*09:01~DQB1*03:03	<20	0.00864
DRB1~DQB1	EUR	DRB1*10:01~DQB1*05:01	<20	0.005
DRB1~DQB1	EUR	DRB1*11:01~DQB1*02:02	<20	0.00045
DRB1~DQB1	EUR	DRB1*11:01~DQB1*03:01	122	0.05545
DRB1~DQB1	EUR	DRB1*11:01~DQB1*03:02	<20	0.00045
DRB1~DQB1	EUR	DRB1*11:01~DQB1*03:04	<20	0.00045
DRB1~DQB1	EUR	DRB1*11:01~DQB1*05:02	<20	0.00091
DRB1~DQB1	EUR	DRB1*11:01~DQB1*06:03	<20	0.00045
DRB1~DQB1	EUR	DRB1*11:02~DQB1*03:01	<20	0.00091
DRB1~DQB1	EUR	DRB1*11:02~DQB1*03:19	<20	0.00227
DRB1~DQB1	EUR	DRB1*11:03~DQB1*03:01	21	0.00955
DRB1~DQB1	EUR	DRB1*11:04~DQB1*03:01	51	0.02318
DRB1~DQB1	EUR	DRB1*11:04~DQB1*03:431	<20	0.00045
DRB1~DQB1	EUR	DRB1*11:04~DQB1*06:03	<20	0.00136
DRB1~DQB1	EUR	DRB1*11:33~DQB1*03:01	<20	0.00045
DRB1~DQB1	EUR	DRB1*12:01~DQB1*03:01	41	0.01864
DRB1~DQB1	EUR	DRB1*12:01~DQB1*03:115	<20	0.00045
DRB1~DQB1	EUR	DRB1*12:01~DQB1*04:02	<20	0.00045
DRB1~DQB1	EUR	DRB1*12:02~DQB1*03:01	<20	0.00045
DRB1~DQB1	EUR	DRB1*13:01~DQB1*03:03	<20	0.00045
DRB1~DQB1	EUR	DRB1*13:01~DQB1*06:02	<20	0.00091
DRB1~DQB1	EUR	DRB1*13:01~DQB1*06:03	135	0.06136
DRB1~DQB1	EUR	DRB1*13:01~DQB1*06:88	<20	0.00045
DRB1~DQB1	EUR	DRB1*13:02~DQB1*03:02	<20	0.00045
DRB1~DQB1	EUR	DRB1*13:02~DQB1*05:01	<20	0.00091
DRB1~DQB1	EUR	DRB1*13:02~DQB1*06:04	78	0.03545
DRB1~DQB1	EUR	DRB1*13:02~DQB1*06:09	31	0.01409
DRB1~DQB1	EUR	DRB1*13:03~DQB1*03:01	33	0.015
DRB1~DQB1	EUR	DRB1*13:05~DQB1*03:01	<20	0.00136
DRB1~DQB1	EUR	DRB1*13:36~DQB1*06:09	<20	0.00045
DRB1~DQB1	EUR	DRB1*14:01~DQB1*05:03	<20	0.00318
DRB1~DQB1	EUR	DRB1*14:04~DQB1*05:03	<20	0.00091
DRB1~DQB1	EUR	DRB1*14:07~DQB1*05:03	<20	0.00045
DRB1~DQB1	EUR	DRB1*14:17~DQB1*06:03	<20	0.00045
DRB1~DQB1	EUR	DRB1*14:54~DQB1*03:02	<20	0.00045
DRB1~DQB1	EUR	DRB1*14:54~DQB1*05:03	52	0.02364
DRB1~DQB1	EUR	DRB1*14:54~DQB1*06:02	<20	0.00045
DRB1~DQB1	EUR	DRB1*15:01~DQB1*02:01	<20	0.00045
DRB1~DQB1	EUR	DRB1*15:01~DQB1*02:02	<20	0.00045
DRB1~DQB1	EUR	DRB1*15:01~DQB1*03:01	<20	0.00091
DRB1~DQB1	EUR	DRB1*15:01~DQB1*03:02	<20	0.00091
DRB1~DQB1	EUR	DRB1*15:01~DQB1*05:01	<20	0.00136
DRB1~DQB1	EUR	DRB1*15:01~DQB1*05:02	<20	0.00136
DRB1~DQB1	EUR	DRB1*15:01~DQB1*06:02	257	0.11682
DRB1~DQB1	EUR	DRB1*15:01~DQB1*06:03	<20	0.00273
DRB1~DQB1	EUR	DRB1*15:01~DQB1*06:04	<20	0.00045
DRB1~DQB1	EUR	DRB1*15:02~DQB1*02:02	<20	0.00045
DRB1~DQB1	EUR	DRB1*15:02~DQB1*05:03	<20	0.00045
DRB1~DQB1	EUR	DRB1*15:02~DQB1*06:01	<20	0.00591
DRB1~DQB1	EUR	DRB1*15:04~DQB1*06:02	<20	0.00045
DRB1~DQB1	EUR	DRB1*15:145~DQB1*06:02	<20	0.00045
DRB1~DQB1	EUR	DRB1*16:01~DQB1*05:02	25	0.01136
DRB1~DQB1	EUR	DRB1*16:02~DQB1*03:01	<20	0.00045
DRB1~DQB1	EUR	DRB1*16:02~DQB1*05:02	<20	0.00136
DRB1~DQB1	MID	DRB1*01:01~DQB1*05:01	<20	0.00562
DRB1~DQB1	MID	DRB1*01:01~DQB1*05:04	<20	0.00187
DRB1~DQB1	MID	DRB1*01:02~DQB1*05:01	32	0.05993
DRB1~DQB1	MID	DRB1*03:01~DQB1*02:01	55	0.103
DRB1~DQB1	MID	DRB1*03:01~DQB1*03:01	<20	0.00187
DRB1~DQB1	MID	DRB1*03:01~DQB1*05:02	<20	0.00187
DRB1~DQB1	MID	DRB1*03:02~DQB1*04:02	<20	0.00375
DRB1~DQB1	MID	DRB1*04:01~DQB1*03:01	<20	0.00187
DRB1~DQB1	MID	DRB1*04:01~DQB1*03:02	<20	0.00375
DRB1~DQB1	MID	DRB1*04:01~DQB1*03:49	<20	0.00187
DRB1~DQB1	MID	DRB1*04:02~DQB1*03:01	<20	0.00187
DRB1~DQB1	MID	DRB1*04:02~DQB1*03:02	20	0.03745
DRB1~DQB1	MID	DRB1*04:03~DQB1*03:01	<20	0.00187
DRB1~DQB1	MID	DRB1*04:03~DQB1*03:02	33	0.0618
DRB1~DQB1	MID	DRB1*04:03~DQB1*03:04	<20	0.00187
DRB1~DQB1	MID	DRB1*04:03~DQB1*03:05	<20	0.02434
DRB1~DQB1	MID	DRB1*04:03~DQB1*03:276N	<20	0.00187
DRB1~DQB1	MID	DRB1*04:04~DQB1*03:02	<20	0.00187
DRB1~DQB1	MID	DRB1*04:04~DQB1*04:02	<20	0.01124
DRB1~DQB1	MID	DRB1*04:05~DQB1*02:02	<20	0.01873
DRB1~DQB1	MID	DRB1*04:05~DQB1*03:02	<20	0.00936
DRB1~DQB1	MID	DRB1*04:06~DQB1*04:02	<20	0.00749
DRB1~DQB1	MID	DRB1*04:07~DQB1*03:01	<20	0.00187
DRB1~DQB1	MID	DRB1*04:07~DQB1*03:276N	<20	0.00187
DRB1~DQB1	MID	DRB1*07:01~DQB1*02:02	42	0.07865
DRB1~DQB1	MID	DRB1*07:01~DQB1*03:02	<20	0.00187
DRB1~DQB1	MID	DRB1*07:01~DQB1*03:03	<20	0.01873
DRB1~DQB1	MID	DRB1*08:01~DQB1*04:02	<20	0.00562
DRB1~DQB1	MID	DRB1*08:04~DQB1*03:01	<20	0.00562
DRB1~DQB1	MID	DRB1*08:04~DQB1*04:02	<20	0.00936
DRB1~DQB1	MID	DRB1*08:06~DQB1*06:02	<20	0.00749
DRB1~DQB1	MID	DRB1*09:01~DQB1*03:03	<20	0.00562
DRB1~DQB1	MID	DRB1*10:01~DQB1*05:01	<20	0.03371
DRB1~DQB1	MID	DRB1*11:01~DQB1*03:01	37	0.06929
DRB1~DQB1	MID	DRB1*11:01~DQB1*03:19	<20	0.00375
DRB1~DQB1	MID	DRB1*11:01~DQB1*05:01	<20	0.00187
DRB1~DQB1	MID	DRB1*11:01~DQB1*05:02	<20	0.00187
DRB1~DQB1	MID	DRB1*11:01~DQB1*06:02	<20	0.00187
DRB1~DQB1	MID	DRB1*11:02~DQB1*02:02	<20	0.00375
DRB1~DQB1	MID	DRB1*11:02~DQB1*03:01	<20	0.00187
DRB1~DQB1	MID	DRB1*11:02~DQB1*03:19	<20	0.00375
DRB1~DQB1	MID	DRB1*11:03~DQB1*03:01	<20	0.00375
DRB1~DQB1	MID	DRB1*11:04~DQB1*02:01	<20	0.00187
DRB1~DQB1	MID	DRB1*11:04~DQB1*03:01	57	0.10674
DRB1~DQB1	MID	DRB1*11:04~DQB1*03:253	<20	0.00187
DRB1~DQB1	MID	DRB1*12:01~DQB1*03:01	<20	0.01124
DRB1~DQB1	MID	DRB1*13:01~DQB1*06:03	<20	0.03371
DRB1~DQB1	MID	DRB1*13:01~DQB1*06:08	<20	0.00187
DRB1~DQB1	MID	DRB1*13:02~DQB1*03:02	<20	0.00187
DRB1~DQB1	MID	DRB1*13:02~DQB1*06:04	<20	0.03371
DRB1~DQB1	MID	DRB1*13:02~DQB1*06:09	<20	0.01685
DRB1~DQB1	MID	DRB1*13:02~DQB1*06:41	<20	0.00187
DRB1~DQB1	MID	DRB1*13:03~DQB1*03:01	21	0.03933
DRB1~DQB1	MID	DRB1*13:03~DQB1*03:02	<20	0.00187
DRB1~DQB1	MID	DRB1*13:05~DQB1*03:01	<20	0.00187
DRB1~DQB1	MID	DRB1*14:01~DQB1*02:01	<20	0.00187
DRB1~DQB1	MID	DRB1*14:01~DQB1*05:03	<20	0.01498
DRB1~DQB1	MID	DRB1*14:04~DQB1*05:03	<20	0.00562
DRB1~DQB1	MID	DRB1*14:07~DQB1*05:03	<20	0.00187
DRB1~DQB1	MID	DRB1*14:54~DQB1*05:03	<20	0.00375
DRB1~DQB1	MID	DRB1*15:01~DQB1*05:02	<20	0.00375
DRB1~DQB1	MID	DRB1*15:01~DQB1*06:01	<20	0.00187
DRB1~DQB1	MID	DRB1*15:01~DQB1*06:02	<20	0.02434
DRB1~DQB1	MID	DRB1*15:01~DQB1*06:293	<20	0.00187
DRB1~DQB1	MID	DRB1*15:02~DQB1*06:01	23	0.04307
DRB1~DQB1	MID	DRB1*15:03~DQB1*06:02	<20	0.00562
DRB1~DQB1	MID	DRB1*15:03~DQB1*06:03	<20	0.00375
DRB1~DQB1	MID	DRB1*16:01~DQB1*05:02	<20	0.00187
DRB1~DQB1	MID	DRB1*16:02~DQB1*05:02	<20	0.00375
DRB1~DQB1	SAS	DRB1*01:01~DQB1*05:01	64	0.03154
DRB1~DQB1	SAS	DRB1*01:02~DQB1*05:01	<20	0.00197
DRB1~DQB1	SAS	DRB1*03:01~DQB1*02:01	148	0.07294
DRB1~DQB1	SAS	DRB1*03:01~DQB1*02:07	<20	0.00049
DRB1~DQB1	SAS	DRB1*03:01~DQB1*03:01	<20	0.00099
DRB1~DQB1	SAS	DRB1*03:01~DQB1*05:01	<20	0.00049
DRB1~DQB1	SAS	DRB1*03:01~DQB1*05:03	<20	0.00049
DRB1~DQB1	SAS	DRB1*04:01~DQB1*02:01	<20	0.00049
DRB1~DQB1	SAS	DRB1*04:01~DQB1*03:01	<20	0.00099
DRB1~DQB1	SAS	DRB1*04:01~DQB1*03:02	<20	0.00887
DRB1~DQB1	SAS	DRB1*04:01~DQB1*03:11	<20	0.00049
DRB1~DQB1	SAS	DRB1*04:02~DQB1*03:02	<20	0.00739
DRB1~DQB1	SAS	DRB1*04:03~DQB1*02:01	<20	0.00049
DRB1~DQB1	SAS	DRB1*04:03~DQB1*03:01	<20	0.00049
DRB1~DQB1	SAS	DRB1*04:03~DQB1*03:02	88	0.04337
DRB1~DQB1	SAS	DRB1*04:03~DQB1*03:05	<20	0.00099
DRB1~DQB1	SAS	DRB1*04:03~DQB1*06:01	<20	0.00049
DRB1~DQB1	SAS	DRB1*04:04~DQB1*03:02	26	0.01281
DRB1~DQB1	SAS	DRB1*04:04~DQB1*04:02	<20	0.00049
DRB1~DQB1	SAS	DRB1*04:05~DQB1*02:02	<20	0.00049
DRB1~DQB1	SAS	DRB1*04:05~DQB1*03:02	<20	0.00148
DRB1~DQB1	SAS	DRB1*04:05~DQB1*04:01	<20	0.00049
DRB1~DQB1	SAS	DRB1*04:05~DQB1*04:02	<20	0.00246
DRB1~DQB1	SAS	DRB1*04:05~DQB1*05:02	<20	0.00049
DRB1~DQB1	SAS	DRB1*04:06~DQB1*03:02	<20	0.00296
DRB1~DQB1	SAS	DRB1*04:06~DQB1*04:02	<20	0.00049
DRB1~DQB1	SAS	DRB1*04:06~DQB1*06:03	<20	0.00049
DRB1~DQB1	SAS	DRB1*04:07~DQB1*03:01	<20	0.00049
DRB1~DQB1	SAS	DRB1*04:08~DQB1*03:01	<20	0.00246
DRB1~DQB1	SAS	DRB1*04:08~DQB1*03:02	<20	0.00099
DRB1~DQB1	SAS	DRB1*04:09~DQB1*03:02	<20	0.00049
DRB1~DQB1	SAS	DRB1*04:10~DQB1*04:02	<20	0.00099
DRB1~DQB1	SAS	DRB1*07:01~DQB1*02:01	<20	0.00049
DRB1~DQB1	SAS	DRB1*07:01~DQB1*02:02	199	0.09808
DRB1~DQB1	SAS	DRB1*07:01~DQB1*03:01	<20	0.00099
DRB1~DQB1	SAS	DRB1*07:01~DQB1*03:02	<20	0.00296
DRB1~DQB1	SAS	DRB1*07:01~DQB1*03:03	148	0.07294
DRB1~DQB1	SAS	DRB1*07:01~DQB1*03:38	<20	0.00049
DRB1~DQB1	SAS	DRB1*07:01~DQB1*04:02	<20	0.00049
DRB1~DQB1	SAS	DRB1*07:01~DQB1*05:02	<20	0.00049
DRB1~DQB1	SAS	DRB1*07:01~DQB1*05:03	<20	0.00049
DRB1~DQB1	SAS	DRB1*07:03~DQB1*02:02	<20	0.00049
DRB1~DQB1	SAS	DRB1*07:03~DQB1*03:02	<20	0.00049
DRB1~DQB1	SAS	DRB1*07:117~DQB1*03:03	<20	0.00049
DRB1~DQB1	SAS	DRB1*08:01~DQB1*04:02	<20	0.00394
DRB1~DQB1	SAS	DRB1*08:02~DQB1*03:01	<20	0.00099
DRB1~DQB1	SAS	DRB1*08:02~DQB1*04:02	<20	0.00148
DRB1~DQB1	SAS	DRB1*08:02~DQB1*04:12	<20	0.00099
DRB1~DQB1	SAS	DRB1*08:03~DQB1*03:01	<20	0.00345
DRB1~DQB1	SAS	DRB1*08:04~DQB1*03:01	<20	0.00049
DRB1~DQB1	SAS	DRB1*08:04~DQB1*04:02	<20	0.00099
DRB1~DQB1	SAS	DRB1*09:01~DQB1*03:02	<20	0.00197
DRB1~DQB1	SAS	DRB1*09:01~DQB1*03:03	<20	0.00394
DRB1~DQB1	SAS	DRB1*10:01~DQB1*05:01	103	0.05076
DRB1~DQB1	SAS	DRB1*10:01~DQB1*05:03	<20	0.00049
DRB1~DQB1	SAS	DRB1*10:01~DQB1*06:01	<20	0.00049
DRB1~DQB1	SAS	DRB1*11:01~DQB1*02:02	<20	0.00049
DRB1~DQB1	SAS	DRB1*11:01~DQB1*03:01	122	0.06013
DRB1~DQB1	SAS	DRB1*11:01~DQB1*03:05	<20	0.00049
DRB1~DQB1	SAS	DRB1*11:01~DQB1*06:04	<20	0.00049
DRB1~DQB1	SAS	DRB1*11:03~DQB1*03:01	<20	0.00148
DRB1~DQB1	SAS	DRB1*11:04~DQB1*03:01	39	0.01922
DRB1~DQB1	SAS	DRB1*11:06~DQB1*03:01	<20	0.00493
DRB1~DQB1	SAS	DRB1*11:11~DQB1*03:01	<20	0.00049
DRB1~DQB1	SAS	DRB1*11:18~DQB1*03:01	<20	0.00049
DRB1~DQB1	SAS	DRB1*12:01~DQB1*03:01	<20	0.00739
DRB1~DQB1	SAS	DRB1*12:02~DQB1*03:01	62	0.03056
DRB1~DQB1	SAS	DRB1*12:02~DQB1*05:02	<20	0.00049
DRB1~DQB1	SAS	DRB1*12:69~DQB1*03:01	<20	0.00049
DRB1~DQB1	SAS	DRB1*13:01~DQB1*05:01	<20	0.00049
DRB1~DQB1	SAS	DRB1*13:01~DQB1*05:03	<20	0.00049
DRB1~DQB1	SAS	DRB1*13:01~DQB1*06:02	<20	0.00049
DRB1~DQB1	SAS	DRB1*13:01~DQB1*06:03	116	0.05717
DRB1~DQB1	SAS	DRB1*13:01~DQB1*06:110	<20	0.00246
DRB1~DQB1	SAS	DRB1*13:02~DQB1*05:01	<20	0.00049
DRB1~DQB1	SAS	DRB1*13:02~DQB1*06:04	28	0.0138
DRB1~DQB1	SAS	DRB1*13:02~DQB1*06:09	34	0.01676
DRB1~DQB1	SAS	DRB1*13:03~DQB1*03:01	<20	0.00099
DRB1~DQB1	SAS	DRB1*13:03~DQB1*03:29	<20	0.00099
DRB1~DQB1	SAS	DRB1*14:01~DQB1*05:03	<20	0.00099
DRB1~DQB1	SAS	DRB1*14:02~DQB1*03:01	<20	0.00049
DRB1~DQB1	SAS	DRB1*14:03~DQB1*03:01	<20	0.00049
DRB1~DQB1	SAS	DRB1*14:04~DQB1*03:01	<20	0.00049
DRB1~DQB1	SAS	DRB1*14:04~DQB1*05:03	129	0.06358
DRB1~DQB1	SAS	DRB1*14:04~DQB1*05:23	<20	0.00049
DRB1~DQB1	SAS	DRB1*14:04~DQB1*05:293	<20	0.00049
DRB1~DQB1	SAS	DRB1*14:04~DQB1*06:01	<20	0.00246
DRB1~DQB1	SAS	DRB1*14:05~DQB1*05:03	<20	0.00148
DRB1~DQB1	SAS	DRB1*14:07~DQB1*05:03	<20	0.00246
DRB1~DQB1	SAS	DRB1*14:10~DQB1*05:03	<20	0.00049
DRB1~DQB1	SAS	DRB1*14:10~DQB1*05:10	<20	0.00148
DRB1~DQB1	SAS	DRB1*14:15~DQB1*05:03	<20	0.00444
DRB1~DQB1	SAS	DRB1*14:19~DQB1*03:01	<20	0.00099
DRB1~DQB1	SAS	DRB1*14:33~DQB1*06:03	<20	0.00049
DRB1~DQB1	SAS	DRB1*14:54~DQB1*05:01	<20	0.00049
DRB1~DQB1	SAS	DRB1*14:54~DQB1*05:02	<20	0.00197
DRB1~DQB1	SAS	DRB1*14:54~DQB1*05:03	26	0.01281
DRB1~DQB1	SAS	DRB1*15:01~DQB1*05:01	<20	0.00049
DRB1~DQB1	SAS	DRB1*15:01~DQB1*05:02	<20	0.00493
DRB1~DQB1	SAS	DRB1*15:01~DQB1*06:01	136	0.06703
DRB1~DQB1	SAS	DRB1*15:01~DQB1*06:02	52	0.02563
DRB1~DQB1	SAS	DRB1*15:01~DQB1*06:03	<20	0.00148
DRB1~DQB1	SAS	DRB1*15:02~DQB1*02:01	<20	0.00049
DRB1~DQB1	SAS	DRB1*15:02~DQB1*03:01	<20	0.00049
DRB1~DQB1	SAS	DRB1*15:02~DQB1*03:02	<20	0.00049
DRB1~DQB1	SAS	DRB1*15:02~DQB1*05:01	<20	0.00739
DRB1~DQB1	SAS	DRB1*15:02~DQB1*05:02	<20	0.00197
DRB1~DQB1	SAS	DRB1*15:02~DQB1*05:03	<20	0.0069
DRB1~DQB1	SAS	DRB1*15:02~DQB1*06:01	188	0.09266
DRB1~DQB1	SAS	DRB1*15:02~DQB1*06:02	<20	0.00049
DRB1~DQB1	SAS	DRB1*15:02~DQB1*06:03	<20	0.00049
DRB1~DQB1	SAS	DRB1*15:03~DQB1*06:01	<20	0.00049
DRB1~DQB1	SAS	DRB1*15:03~DQB1*06:02	<20	0.00049
DRB1~DQB1	SAS	DRB1*15:04~DQB1*05:02	<20	0.00099
DRB1~DQB1	SAS	DRB1*15:06~DQB1*03:02	<20	0.00049
DRB1~DQB1	SAS	DRB1*15:06~DQB1*05:02	23	0.01134
DRB1~DQB1	SAS	DRB1*15:104~DQB1*05:01	<20	0.00099
DRB1~DQB1	SAS	DRB1*16:02~DQB1*03:01	<20	0.00049
DRB1~DQB1	SAS	DRB1*16:02~DQB1*03:02	<20	0.00049
DRB1~DQB1	SAS	DRB1*16:02~DQB1*05:02	<20	0.00444
DRB1~DQB1	SAS	DRB1*16:02~DQB1*05:03	<20	0.00049
DRB1~DQB1	SAS	DRB1*16:75~DQB1*05:02	<20	0.00049
B~C	AFR	B*07:02~C*02:10	<20	0.00053
B~C	AFR	B*07:02~C*04:01	<20	0.00105
B~C	AFR	B*07:02~C*05:01	<20	0.00053
B~C	AFR	B*07:02~C*07:01	<20	0.00079
B~C	AFR	B*07:02~C*07:02	194	0.05101
B~C	AFR	B*07:02~C*07:18	21	0.00552
B~C	AFR	B*07:02~C*07:184	<20	0.00026
B~C	AFR	B*07:02~C*07:687	<20	0.00026
B~C	AFR	B*07:02~C*08:02	<20	0.00053
B~C	AFR	B*07:02~C*15:05	32	0.00841
B~C	AFR	B*07:02~C*15:22	<20	0.00026
B~C	AFR	B*07:02~C*15:59	<20	0.00026
B~C	AFR	B*07:02~C*16:01	<20	0.00026
B~C	AFR	B*07:02~C*17:01	<20	0.00026
B~C	AFR	B*07:06~C*07:02	<20	0.00447
B~C	AFR	B*07:06~C*07:18	<20	0.00026
B~C	AFR	B*07:06~C*15:05	<20	0.00237
B~C	AFR	B*07:12~C*15:05	<20	0.00026
B~C	AFR	B*08:01~C*01:02	<20	0.00053
B~C	AFR	B*08:01~C*03:04	35	0.0092
B~C	AFR	B*08:01~C*04:01	<20	0.00026
B~C	AFR	B*08:01~C*07:01	93	0.02445
B~C	AFR	B*08:01~C*07:02	<20	0.00263
B~C	AFR	B*08:01~C*07:18	<20	0.00105
B~C	AFR	B*08:01~C*17:01	<20	0.00053
B~C	AFR	B*08:12~C*07:02	<20	0.00026
B~C	AFR	B*08:16~C*07:02	<20	0.00026
B~C	AFR	B*13:02~C*06:02	<20	0.005
B~C	AFR	B*13:02~C*08:04	<20	0.00053
B~C	AFR	B*13:02~C*16:01	<20	0.00026
B~C	AFR	B*13:02~C*18:02	<20	0.00026
B~C	AFR	B*14:01~C*02:10	<20	0.00105
B~C	AFR	B*14:01~C*06:02	<20	0.00026
B~C	AFR	B*14:01~C*07:05	<20	0.00026
B~C	AFR	B*14:01~C*08:02	<20	0.00342
B~C	AFR	B*14:01~C*08:04	<20	0.00026
B~C	AFR	B*14:01~C*14:02	<20	0.00079
B~C	AFR	B*14:01~C*16:01	<20	0.00026
B~C	AFR	B*14:02~C*02:02	<20	0.00053
B~C	AFR	B*14:02~C*02:10	<20	0.00026
B~C	AFR	B*14:02~C*04:01	<20	0.00026
B~C	AFR	B*14:02~C*05:01	<20	0.00026
B~C	AFR	B*14:02~C*08:02	76	0.01998
B~C	AFR	B*14:02~C*18:02	<20	0.00079
B~C	AFR	B*14:03~C*08:02	<20	0.00289
B~C	AFR	B*14:03~C*17:01	<20	0.00026
B~C	AFR	B*14:05~C*08:02	<20	0.00053
B~C	AFR	B*15:01~C*01:02	<20	0.00053
B~C	AFR	B*15:01~C*03:03	<20	0.00316
B~C	AFR	B*15:01~C*03:04	<20	0.00289
B~C	AFR	B*15:01~C*03:11	<20	0.00026
B~C	AFR	B*15:01~C*04:01	<20	0.00053
B~C	AFR	B*15:01~C*07:02	<20	0.00026
B~C	AFR	B*15:01~C*08:02	<20	0.00053
B~C	AFR	B*15:03~C*02:10	236	0.06206
B~C	AFR	B*15:03~C*03:04	<20	0.00026
B~C	AFR	B*15:03~C*04:01	<20	0.00131
B~C	AFR	B*15:03~C*05:01	<20	0.00053
B~C	AFR	B*15:03~C*06:02	<20	0.00026
B~C	AFR	B*15:03~C*07:02	<20	0.00026
B~C	AFR	B*15:03~C*12:03	<20	0.00158
B~C	AFR	B*15:03~C*16:01	<20	0.00079
B~C	AFR	B*15:03~C*17:01	<20	0.00105
B~C	AFR	B*15:03~C*18:01	<20	0.00026
B~C	AFR	B*15:03~C*18:02	<20	0.00026
B~C	AFR	B*15:07~C*03:03	<20	0.00026
B~C	AFR	B*15:09~C*07:04	<20	0.00026
B~C	AFR	B*15:10~C*03:02	<20	0.00184
B~C	AFR	B*15:10~C*03:04	108	0.0284
B~C	AFR	B*15:10~C*04:01	<20	0.00158
B~C	AFR	B*15:10~C*06:02	<20	0.00026
B~C	AFR	B*15:10~C*07:01	<20	0.00026
B~C	AFR	B*15:10~C*07:05	<20	0.00026
B~C	AFR	B*15:10~C*08:04	<20	0.00263
B~C	AFR	B*15:10~C*14:02	<20	0.00026
B~C	AFR	B*15:13~C*08:01	<20	0.00105
B~C	AFR	B*15:16~C*02:10	<20	0.00053
B~C	AFR	B*15:16~C*03:04	<20	0.00026
B~C	AFR	B*15:16~C*07:18	<20	0.00026
B~C	AFR	B*15:16~C*14:02	60	0.01578
B~C	AFR	B*15:16~C*16:01	<20	0.00473
B~C	AFR	B*15:16~C*17:01	<20	0.00026
B~C	AFR	B*15:17~C*05:01	<20	0.00421
B~C	AFR	B*15:17~C*05:11	<20	0.00026
B~C	AFR	B*15:17~C*16:01	<20	0.00026
B~C	AFR	B*15:18~C*07:01	<20	0.00053
B~C	AFR	B*15:18~C*07:04	<20	0.00053
B~C	AFR	B*15:20~C*04:01	<20	0.00026
B~C	AFR	B*15:220~C*04:01	<20	0.00053
B~C	AFR	B*15:220~C*07:01	<20	0.00026
B~C	AFR	B*15:220~C*12:03	<20	0.00026
B~C	AFR	B*15:25~C*15:02	<20	0.00026
B~C	AFR	B*15:31~C*04:07	<20	0.00026
B~C	AFR	B*15:37~C*03:04	<20	0.00105
B~C	AFR	B*15:47~C*02:10	<20	0.00026
B~C	AFR	B*15:52~C*07:01	<20	0.00026
B~C	AFR	B*15:54~C*02:10	<20	0.00079
B~C	AFR	B*18:01~C*02:02	<20	0.00447
B~C	AFR	B*18:01~C*02:10	<20	0.00289
B~C	AFR	B*18:01~C*03:02	<20	0.00026
B~C	AFR	B*18:01~C*03:04	<20	0.00026
B~C	AFR	B*18:01~C*04:01	<20	0.00079
B~C	AFR	B*18:01~C*05:01	35	0.0092
B~C	AFR	B*18:01~C*07:01	<20	0.00263
B~C	AFR	B*18:01~C*07:02	<20	0.00026
B~C	AFR	B*18:01~C*07:04	23	0.00605
B~C	AFR	B*18:01~C*08:02	<20	0.00026
B~C	AFR	B*18:01~C*12:03	<20	0.00131
B~C	AFR	B*18:01~C*16:01	<20	0.00053
B~C	AFR	B*18:01~C*17:01	<20	0.00026
B~C	AFR	B*18:03~C*07:01	<20	0.00026
B~C	AFR	B*18:03~C*07:02	<20	0.00053
B~C	AFR	B*18:145~C*02:10	<20	0.00105
B~C	AFR	B*18:25~C*05:01	<20	0.00053
B~C	AFR	B*27:03~C*02:02	<20	0.00289
B~C	AFR	B*27:03~C*03:04	<20	0.00026
B~C	AFR	B*27:03~C*05:01	<20	0.00026
B~C	AFR	B*27:03~C*07:18	<20	0.00079
B~C	AFR	B*27:05~C*01:02	<20	0.00368
B~C	AFR	B*27:05~C*02:02	<20	0.0021
B~C	AFR	B*27:05~C*03:04	<20	0.00026
B~C	AFR	B*27:05~C*04:01	<20	0.00026
B~C	AFR	B*27:05~C*06:08	<20	0.00053
B~C	AFR	B*27:05~C*08:02	<20	0.00026
B~C	AFR	B*27:06~C*03:04	<20	0.00026
B~C	AFR	B*27:06~C*04:01	<20	0.00026
B~C	AFR	B*35:01~C*01:02	<20	0.00026
B~C	AFR	B*35:01~C*02:10	<20	0.00053
B~C	AFR	B*35:01~C*03:03	<20	0.00026
B~C	AFR	B*35:01~C*03:04	<20	0.00053
B~C	AFR	B*35:01~C*04:01	177	0.04654
B~C	AFR	B*35:01~C*04:04	<20	0.00026
B~C	AFR	B*35:01~C*04:08	<20	0.00026
B~C	AFR	B*35:01~C*04:180	<20	0.00053
B~C	AFR	B*35:01~C*06:02	<20	0.00237
B~C	AFR	B*35:01~C*07:01	<20	0.00105
B~C	AFR	B*35:01~C*07:02	<20	0.00026
B~C	AFR	B*35:01~C*07:05	<20	0.00053
B~C	AFR	B*35:01~C*07:18	<20	0.00158
B~C	AFR	B*35:01~C*08:02	<20	0.00026
B~C	AFR	B*35:01~C*08:04	<20	0.00026
B~C	AFR	B*35:01~C*14:02	<20	0.00026
B~C	AFR	B*35:01~C*15:05	<20	0.00053
B~C	AFR	B*35:01~C*16:01	41	0.01078
B~C	AFR	B*35:01~C*17:01	<20	0.00053
B~C	AFR	B*35:01~C*18:02	<20	0.00026
B~C	AFR	B*35:03~C*04:01	<20	0.00053
B~C	AFR	B*35:03~C*06:02	<20	0.00026
B~C	AFR	B*35:03~C*12:03	<20	0.00026
B~C	AFR	B*35:05~C*04:01	<20	0.00053
B~C	AFR	B*35:08~C*15:04	<20	0.00026
B~C	AFR	B*35:20~C*04:01	<20	0.00026
B~C	AFR	B*35:421~C*04:01	<20	0.00026
B~C	AFR	B*35:542N~C*04:01	<20	0.00026
B~C	AFR	B*37:01~C*02:10	<20	0.00158
B~C	AFR	B*37:01~C*06:02	<20	0.00158
B~C	AFR	B*38:01~C*06:02	<20	0.00026
B~C	AFR	B*38:01~C*12:03	<20	0.00158
B~C	AFR	B*38:09~C*12:03	<20	0.00026
B~C	AFR	B*39:01~C*04:04	<20	0.00026
B~C	AFR	B*39:01~C*07:02	<20	0.00079
B~C	AFR	B*39:01~C*12:03	<20	0.00079
B~C	AFR	B*39:01~C*15:02	<20	0.00026
B~C	AFR	B*39:06~C*07:02	<20	0.00026
B~C	AFR	B*39:10~C*07:18	<20	0.00079
B~C	AFR	B*39:10~C*12:03	32	0.00841
B~C	AFR	B*39:10~C*15:05	<20	0.00026
B~C	AFR	B*40:01~C*02:10	<20	0.00079
B~C	AFR	B*40:01~C*03:04	42	0.01104
B~C	AFR	B*40:01~C*08:02	<20	0.00026
B~C	AFR	B*40:02~C*02:02	<20	0.00105
B~C	AFR	B*40:02~C*03:04	<20	0.00105
B~C	AFR	B*40:02~C*15:02	<20	0.00026
B~C	AFR	B*40:12~C*15:05	<20	0.00079
B~C	AFR	B*40:16~C*08:02	<20	0.00105
B~C	AFR	B*41:01~C*07:01	<20	0.00184
B~C	AFR	B*41:01~C*08:02	<20	0.00184
B~C	AFR	B*41:01~C*15:05	<20	0.00026
B~C	AFR	B*41:01~C*17:01	<20	0.00053
B~C	AFR	B*41:02~C*07:01	<20	0.00026
B~C	AFR	B*41:02~C*17:01	<20	0.00394
B~C	AFR	B*41:03~C*17:03	<20	0.00105
B~C	AFR	B*42:01~C*04:01	<20	0.00026
B~C	AFR	B*42:01~C*05:01	<20	0.00079
B~C	AFR	B*42:01~C*08:02	<20	0.00026
B~C	AFR	B*42:01~C*16:01	<20	0.00026
B~C	AFR	B*42:01~C*17:01	205	0.0539
B~C	AFR	B*42:02~C*17:01	<20	0.005
B~C	AFR	B*44:02~C*02:02	<20	0.00026
B~C	AFR	B*44:02~C*05:01	37	0.00973
B~C	AFR	B*44:02~C*07:04	<20	0.00158
B~C	AFR	B*44:02~C*07:12	<20	0.00026
B~C	AFR	B*44:02~C*17:01	<20	0.00026
B~C	AFR	B*44:03~C*01:02	<20	0.00026
B~C	AFR	B*44:03~C*03:03	<20	0.00289
B~C	AFR	B*44:03~C*03:04	<20	0.00026
B~C	AFR	B*44:03~C*04:01	109	0.02866
B~C	AFR	B*44:03~C*04:09N	<20	0.00026
B~C	AFR	B*44:03~C*06:02	<20	0.00105
B~C	AFR	B*44:03~C*07:01	<20	0.00079
B~C	AFR	B*44:03~C*07:06	<20	0.00342
B~C	AFR	B*44:03~C*07:18	<20	0.00026
B~C	AFR	B*44:03~C*07:721	<20	0.00026
B~C	AFR	B*44:03~C*08:04	<20	0.00026
B~C	AFR	B*44:03~C*14:02	<20	0.00053
B~C	AFR	B*44:03~C*14:03	<20	0.00158
B~C	AFR	B*44:03~C*15:152	<20	0.00026
B~C	AFR	B*44:03~C*16:01	24	0.00631
B~C	AFR	B*44:03~C*17:01	<20	0.00026
B~C	AFR	B*44:03~C*18:02	<20	0.00079
B~C	AFR	B*44:04~C*16:01	<20	0.00026
B~C	AFR	B*44:10~C*04:01	<20	0.00184
B~C	AFR	B*44:10~C*17:01	<20	0.00053
B~C	AFR	B*44:28~C*04:01	<20	0.00026
B~C	AFR	B*45:01~C*03:04	<20	0.00026
B~C	AFR	B*45:01~C*04:01	<20	0.00026
B~C	AFR	B*45:01~C*04:07	<20	0.00079
B~C	AFR	B*45:01~C*06:02	41	0.01078
B~C	AFR	B*45:01~C*08:04	<20	0.00026
B~C	AFR	B*45:01~C*16:01	138	0.03629
B~C	AFR	B*45:01~C*16:112	<20	0.00079
B~C	AFR	B*45:01~C*17:01	<20	0.00053
B~C	AFR	B*45:07~C*16:01	<20	0.00026
B~C	AFR	B*47:01~C*06:02	<20	0.00079
B~C	AFR	B*47:01~C*07:18	<20	0.00053
B~C	AFR	B*47:03~C*07:18	<20	0.00053
B~C	AFR	B*48:01~C*15:02	<20	0.00053
B~C	AFR	B*49:01~C*03:04	<20	0.00026
B~C	AFR	B*49:01~C*07:01	96	0.02524
B~C	AFR	B*49:01~C*07:02	<20	0.00026
B~C	AFR	B*49:01~C*07:35	<20	0.00053
B~C	AFR	B*49:01~C*16:01	<20	0.00026
B~C	AFR	B*50:01~C*04:01	<20	0.00105
B~C	AFR	B*50:01~C*06:02	34	0.00894
B~C	AFR	B*50:01~C*17:03	<20	0.00053
B~C	AFR	B*51:01~C*01:02	<20	0.00026
B~C	AFR	B*51:01~C*02:02	<20	0.00105
B~C	AFR	B*51:01~C*03:03	<20	0.00079
B~C	AFR	B*51:01~C*03:04	<20	0.00026
B~C	AFR	B*51:01~C*07:02	<20	0.00026
B~C	AFR	B*51:01~C*14:02	<20	0.00158
B~C	AFR	B*51:01~C*14:04	<20	0.00026
B~C	AFR	B*51:01~C*15:02	<20	0.00237
B~C	AFR	B*51:01~C*15:34	<20	0.00026
B~C	AFR	B*51:01~C*16:01	48	0.01262
B~C	AFR	B*51:01~C*16:02	<20	0.00026
B~C	AFR	B*51:02~C*14:02	<20	0.00026
B~C	AFR	B*51:02~C*16:01	<20	0.00053
B~C	AFR	B*51:07~C*14:02	<20	0.00026
B~C	AFR	B*51:09~C*18:02	<20	0.00053
B~C	AFR	B*52:01~C*04:01	<20	0.00026
B~C	AFR	B*52:01~C*06:02	<20	0.00026
B~C	AFR	B*52:01~C*07:02	<20	0.00026
B~C	AFR	B*52:01~C*12:02	<20	0.00053
B~C	AFR	B*52:01~C*15:02	<20	0.00026
B~C	AFR	B*52:01~C*16:01	45	0.01183
B~C	AFR	B*53:01~C*02:02	<20	0.00053
B~C	AFR	B*53:01~C*02:10	<20	0.00053
B~C	AFR	B*53:01~C*04:01	372	0.09782
B~C	AFR	B*53:01~C*04:13	<20	0.00026
B~C	AFR	B*53:01~C*04:53	<20	0.00026
B~C	AFR	B*53:01~C*05:01	<20	0.00026
B~C	AFR	B*53:01~C*06:02	45	0.01183
B~C	AFR	B*53:01~C*07:01	<20	0.00184
B~C	AFR	B*53:01~C*07:02	<20	0.00053
B~C	AFR	B*53:01~C*07:18	<20	0.00158
B~C	AFR	B*53:01~C*08:02	<20	0.00447
B~C	AFR	B*53:01~C*14:02	<20	0.00026
B~C	AFR	B*53:01~C*16:01	<20	0.00131
B~C	AFR	B*53:01~C*17:01	<20	0.00105
B~C	AFR	B*53:15~C*04:01	<20	0.00026
B~C	AFR	B*53:37~C*04:01	<20	0.00053
B~C	AFR	B*55:01~C*03:03	<20	0.00237
B~C	AFR	B*55:01~C*03:04	<20	0.00026
B~C	AFR	B*56:01~C*01:02	<20	0.00263
B~C	AFR	B*56:01~C*07:18	<20	0.00026
B~C	AFR	B*57:01~C*06:02	20	0.00526
B~C	AFR	B*57:01~C*07:01	<20	0.00053
B~C	AFR	B*57:02~C*12:03	<20	0.00026
B~C	AFR	B*57:02~C*18:02	<20	0.00289
B~C	AFR	B*57:03~C*02:10	<20	0.00026
B~C	AFR	B*57:03~C*03:04	<20	0.00026
B~C	AFR	B*57:03~C*04:01	<20	0.00079
B~C	AFR	B*57:03~C*06:02	<20	0.00079
B~C	AFR	B*57:03~C*07:01	45	0.01183
B~C	AFR	B*57:03~C*07:18	25	0.00657
B~C	AFR	B*57:03~C*07:28	<20	0.00026
B~C	AFR	B*57:03~C*08:02	<20	0.00237
B~C	AFR	B*57:03~C*15:05	<20	0.00026
B~C	AFR	B*57:03~C*17:01	<20	0.00079
B~C	AFR	B*57:03~C*18:02	51	0.01341
B~C	AFR	B*57:04~C*18:02	<20	0.00237
B~C	AFR	B*58:01~C*02:10	<20	0.00026
B~C	AFR	B*58:01~C*03:02	52	0.01367
B~C	AFR	B*58:01~C*04:01	<20	0.00053
B~C	AFR	B*58:01~C*05:01	<20	0.00026
B~C	AFR	B*58:01~C*06:02	<20	0.00053
B~C	AFR	B*58:01~C*07:01	<20	0.00053
B~C	AFR	B*58:01~C*07:02	<20	0.00026
B~C	AFR	B*58:01~C*07:18	95	0.02498
B~C	AFR	B*58:01~C*08:02	<20	0.00053
B~C	AFR	B*58:01~C*12:03	<20	0.00026
B~C	AFR	B*58:01~C*17:01	<20	0.00053
B~C	AFR	B*58:02~C*03:04	<20	0.00026
B~C	AFR	B*58:02~C*04:01	<20	0.00053
B~C	AFR	B*58:02~C*06:02	145	0.03813
B~C	AFR	B*58:02~C*12:03	<20	0.00026
B~C	AFR	B*58:02~C*16:01	<20	0.00026
B~C	AFR	B*58:11~C*03:02	<20	0.00026
B~C	AFR	B*58:11~C*07:02	<20	0.00026
B~C	AFR	B*58:11~C*08:02	<20	0.00026
B~C	AFR	B*78:01~C*02:10	<20	0.00026
B~C	AFR	B*78:01~C*08:02	<20	0.00026
B~C	AFR	B*78:01~C*16:01	29	0.00763
B~C	AFR	B*78:01~C*16:213	<20	0.00026
B~C	AFR	B*81:01~C*02:10	<20	0.00026
B~C	AFR	B*81:01~C*02:14	<20	0.00026
B~C	AFR	B*81:01~C*04:01	<20	0.00026
B~C	AFR	B*81:01~C*06:02	<20	0.00026
B~C	AFR	B*81:01~C*08:04	30	0.00789
B~C	AFR	B*81:01~C*17:01	<20	0.00026
B~C	AFR	B*81:01~C*18:01	48	0.01262
B~C	AFR	B*82:01~C*03:02	<20	0.00289
B~C	AFR	B*82:02~C*02:10	<20	0.00079
B~C	AFR	B*82:02~C*08:02	<20	0.00026
B~C	AMR	B*07:02~C*03:04	<20	0.00038
B~C	AMR	B*07:02~C*03:05	<20	0.00038
B~C	AMR	B*07:02~C*06:02	<20	0.00038
B~C	AMR	B*07:02~C*07:01	<20	0.00114
B~C	AMR	B*07:02~C*07:02	118	0.0447
B~C	AMR	B*07:02~C*07:04	<20	0.00038
B~C	AMR	B*07:02~C*07:06	<20	0.00038
B~C	AMR	B*07:02~C*07:17	<20	0.00038
B~C	AMR	B*07:02~C*07:18	<20	0.00038
B~C	AMR	B*07:02~C*08:01	<20	0.00038
B~C	AMR	B*07:02~C*08:02	<20	0.00038
B~C	AMR	B*07:02~C*12:03	<20	0.00076
B~C	AMR	B*07:02~C*15:05	<20	0.00189
B~C	AMR	B*07:06~C*04:01	<20	0.00038
B~C	AMR	B*07:06~C*07:02	<20	0.00114
B~C	AMR	B*07:06~C*15:05	<20	0.00189
B~C	AMR	B*07:09~C*07:02	<20	0.00038
B~C	AMR	B*08:01~C*03:04	<20	0.00227
B~C	AMR	B*08:01~C*07:01	67	0.02538
B~C	AMR	B*08:01~C*07:02	<20	0.00189
B~C	AMR	B*08:01~C*07:18	<20	0.00038
B~C	AMR	B*08:01~C*16:01	<20	0.00038
B~C	AMR	B*13:02~C*06:02	29	0.01098
B~C	AMR	B*13:02~C*08:04	<20	0.00038
B~C	AMR	B*14:01~C*06:02	<20	0.00038
B~C	AMR	B*14:01~C*07:01	<20	0.00038
B~C	AMR	B*14:01~C*08:02	<20	0.00455
B~C	AMR	B*14:01~C*14:06	<20	0.00038
B~C	AMR	B*14:02~C*01:02	<20	0.00038
B~C	AMR	B*14:02~C*02:02	<20	0.00227
B~C	AMR	B*14:02~C*07:02	<20	0.00038
B~C	AMR	B*14:02~C*08:01	<20	0.00038
B~C	AMR	B*14:02~C*08:02	98	0.03712
B~C	AMR	B*14:02~C*15:05	<20	0.00038
B~C	AMR	B*14:03~C*08:02	<20	0.00038
B~C	AMR	B*15:01~C*01:02	23	0.00871
B~C	AMR	B*15:01~C*02:02	<20	0.00038
B~C	AMR	B*15:01~C*03:03	26	0.00985
B~C	AMR	B*15:01~C*03:04	<20	0.00227
B~C	AMR	B*15:01~C*04:01	<20	0.00076
B~C	AMR	B*15:01~C*07:04	<20	0.00076
B~C	AMR	B*15:01~C*07:18	<20	0.00038
B~C	AMR	B*15:01~C*12:03	<20	0.00038
B~C	AMR	B*15:03~C*02:10	35	0.01326
B~C	AMR	B*15:03~C*03:02	<20	0.00038
B~C	AMR	B*15:03~C*04:01	<20	0.00038
B~C	AMR	B*15:03~C*08:02	<20	0.00038
B~C	AMR	B*15:03~C*16:01	<20	0.00038
B~C	AMR	B*15:04~C*01:02	<20	0.00076
B~C	AMR	B*15:04~C*03:03	<20	0.00038
B~C	AMR	B*15:07~C*01:02	<20	0.00114
B~C	AMR	B*15:08~C*01:02	<20	0.00038
B~C	AMR	B*15:09~C*07:04	<20	0.00076
B~C	AMR	B*15:10~C*03:02	<20	0.00114
B~C	AMR	B*15:10~C*03:04	<20	0.00341
B~C	AMR	B*15:10~C*06:02	<20	0.00038
B~C	AMR	B*15:108~C*07:04	<20	0.00038
B~C	AMR	B*15:15~C*01:02	<20	0.0072
B~C	AMR	B*15:15~C*03:05	<20	0.00076
B~C	AMR	B*15:16~C*14:02	<20	0.00379
B~C	AMR	B*15:16~C*16:01	<20	0.00038
B~C	AMR	B*15:17~C*05:01	<20	0.00038
B~C	AMR	B*15:17~C*07:01	<20	0.00265
B~C	AMR	B*15:17~C*14:02	<20	0.00038
B~C	AMR	B*15:18~C*07:04	<20	0.00227
B~C	AMR	B*15:20~C*01:02	<20	0.00076
B~C	AMR	B*15:20~C*03:04	<20	0.00038
B~C	AMR	B*15:20~C*04:01	<20	0.00038
B~C	AMR	B*15:220~C*12:03	<20	0.00114
B~C	AMR	B*15:24~C*03:03	<20	0.00038
B~C	AMR	B*15:25~C*04:03	<20	0.00038
B~C	AMR	B*15:30~C*01:02	<20	0.00455
B~C	AMR	B*15:31~C*04:07	<20	0.00038
B~C	AMR	B*15:39~C*01:02	<20	0.00038
B~C	AMR	B*15:39~C*03:03	<20	0.00076
B~C	AMR	B*15:63~C*01:02	<20	0.00038
B~C	AMR	B*18:01~C*02:02	<20	0.00152
B~C	AMR	B*18:01~C*02:10	<20	0.00038
B~C	AMR	B*18:01~C*05:01	25	0.00947
B~C	AMR	B*18:01~C*05:37	<20	0.00038
B~C	AMR	B*18:01~C*06:02	<20	0.00038
B~C	AMR	B*18:01~C*07:01	28	0.01061
B~C	AMR	B*18:01~C*07:02	<20	0.00114
B~C	AMR	B*18:01~C*07:04	<20	0.00038
B~C	AMR	B*18:01~C*12:03	<20	0.00606
B~C	AMR	B*18:04~C*06:02	<20	0.00038
B~C	AMR	B*18:145~C*02:10	<20	0.00038
B~C	AMR	B*27:02~C*02:02	<20	0.00076
B~C	AMR	B*27:02~C*08:02	<20	0.00038
B~C	AMR	B*27:03~C*02:02	<20	0.00038
B~C	AMR	B*27:03~C*07:18	<20	0.00038
B~C	AMR	B*27:05~C*01:02	<20	0.00606
B~C	AMR	B*27:05~C*02:02	48	0.01818
B~C	AMR	B*27:05~C*03:04	<20	0.00038
B~C	AMR	B*27:05~C*07:01	<20	0.00038
B~C	AMR	B*27:05~C*07:04	<20	0.00038
B~C	AMR	B*27:05~C*15:02	<20	0.00038
B~C	AMR	B*27:07~C*02:10	<20	0.00038
B~C	AMR	B*35:01~C*02:10	<20	0.00038
B~C	AMR	B*35:01~C*03:03	<20	0.00076
B~C	AMR	B*35:01~C*03:04	<20	0.00379
B~C	AMR	B*35:01~C*03:05	<20	0.00114
B~C	AMR	B*35:01~C*04:01	152	0.05758
B~C	AMR	B*35:01~C*04:04	<20	0.00152
B~C	AMR	B*35:01~C*06:02	<20	0.00114
B~C	AMR	B*35:01~C*07:01	<20	0.00038
B~C	AMR	B*35:01~C*07:02	<20	0.00303
B~C	AMR	B*35:01~C*07:18	<20	0.00114
B~C	AMR	B*35:01~C*07:783	<20	0.00038
B~C	AMR	B*35:01~C*12:03	<20	0.00038
B~C	AMR	B*35:01~C*15:02	<20	0.00114
B~C	AMR	B*35:01~C*15:09	<20	0.00038
B~C	AMR	B*35:01~C*16:01	<20	0.00038
B~C	AMR	B*35:02~C*04:01	28	0.01061
B~C	AMR	B*35:03~C*03:04	<20	0.00038
B~C	AMR	B*35:03~C*04:01	21	0.00795
B~C	AMR	B*35:03~C*07:02	<20	0.00076
B~C	AMR	B*35:03~C*12:03	<20	0.00644
B~C	AMR	B*35:03~C*14:02	<20	0.00076
B~C	AMR	B*35:04~C*04:01	<20	0.00303
B~C	AMR	B*35:05~C*04:01	<20	0.00114
B~C	AMR	B*35:06~C*04:01	<20	0.00076
B~C	AMR	B*35:08~C*04:01	<20	0.0053
B~C	AMR	B*35:08~C*12:03	<20	0.00038
B~C	AMR	B*35:10~C*03:04	<20	0.00114
B~C	AMR	B*35:11~C*03:04	<20	0.00076
B~C	AMR	B*35:11~C*08:02	<20	0.00076
B~C	AMR	B*35:12~C*03:04	<20	0.00038
B~C	AMR	B*35:12~C*03:06	<20	0.00038
B~C	AMR	B*35:12~C*04:01	63	0.02386
B~C	AMR	B*35:12~C*04:07	<20	0.00038
B~C	AMR	B*35:14~C*04:01	<20	0.00341
B~C	AMR	B*35:14~C*06:02	<20	0.00038
B~C	AMR	B*35:16~C*04:01	<20	0.00227
B~C	AMR	B*35:17~C*01:02	<20	0.00038
B~C	AMR	B*35:17~C*04:01	27	0.01023
B~C	AMR	B*35:17~C*07:02	<20	0.00038
B~C	AMR	B*35:20~C*04:01	<20	0.00189
B~C	AMR	B*35:20~C*08:01	<20	0.00038
B~C	AMR	B*35:22~C*04:01	<20	0.00038
B~C	AMR	B*35:24~C*04:01	<20	0.00038
B~C	AMR	B*35:26~C*04:01	<20	0.00076
B~C	AMR	B*35:332~C*04:01	<20	0.00038
B~C	AMR	B*35:43~C*01:02	23	0.00871
B~C	AMR	B*37:01~C*02:02	<20	0.00038
B~C	AMR	B*37:01~C*02:10	<20	0.00038
B~C	AMR	B*37:01~C*06:02	<20	0.00417
B~C	AMR	B*37:01~C*07:06	<20	0.00038
B~C	AMR	B*38:01~C*06:02	<20	0.00303
B~C	AMR	B*38:01~C*07:02	<20	0.00152
B~C	AMR	B*38:01~C*12:03	34	0.01288
B~C	AMR	B*38:02~C*12:03	<20	0.00038
B~C	AMR	B*39:01~C*07:02	22	0.00833
B~C	AMR	B*39:01~C*12:03	<20	0.00227
B~C	AMR	B*39:02~C*01:02	<20	0.00038
B~C	AMR	B*39:02~C*03:04	<20	0.00038
B~C	AMR	B*39:02~C*07:01	<20	0.00038
B~C	AMR	B*39:02~C*07:02	<20	0.00417
B~C	AMR	B*39:05~C*01:02	<20	0.00076
B~C	AMR	B*39:05~C*03:05	<20	0.00038
B~C	AMR	B*39:05~C*04:01	<20	0.00076
B~C	AMR	B*39:05~C*07:01	<20	0.00038
B~C	AMR	B*39:05~C*07:02	78	0.02955
B~C	AMR	B*39:05~C*12:03	<20	0.00076
B~C	AMR	B*39:06~C*03:04	<20	0.00038
B~C	AMR	B*39:06~C*03:05	<20	0.00038
B~C	AMR	B*39:06~C*06:02	<20	0.00038
B~C	AMR	B*39:06~C*07:02	83	0.03144
B~C	AMR	B*39:06~C*12:03	<20	0.00114
B~C	AMR	B*39:06~C*15:09	<20	0.00038
B~C	AMR	B*39:08~C*04:01	<20	0.00038
B~C	AMR	B*39:08~C*07:01	<20	0.00038
B~C	AMR	B*39:08~C*07:02	<20	0.00341
B~C	AMR	B*39:08~C*07:17	<20	0.00189
B~C	AMR	B*39:09~C*07:02	<20	0.00076
B~C	AMR	B*39:10~C*12:03	<20	0.00114
B~C	AMR	B*39:11~C*07:02	<20	0.00152
B~C	AMR	B*39:13~C*07:02	<20	0.00038
B~C	AMR	B*39:14~C*07:02	<20	0.00038
B~C	AMR	B*39:75~C*12:03	<20	0.00038
B~C	AMR	B*40:01~C*03:04	31	0.01174
B~C	AMR	B*40:01~C*05:01	<20	0.00038
B~C	AMR	B*40:01~C*07:01	<20	0.00038
B~C	AMR	B*40:01~C*07:02	<20	0.00038
B~C	AMR	B*40:02~C*01:02	<20	0.00038
B~C	AMR	B*40:02~C*02:02	<20	0.00455
B~C	AMR	B*40:02~C*03:03	<20	0.00114
B~C	AMR	B*40:02~C*03:04	59	0.02235
B~C	AMR	B*40:02~C*03:05	32	0.01212
B~C	AMR	B*40:02~C*03:06	<20	0.0053
B~C	AMR	B*40:02~C*03:08	<20	0.00038
B~C	AMR	B*40:02~C*04:01	<20	0.00076
B~C	AMR	B*40:02~C*07:02	<20	0.00076
B~C	AMR	B*40:02~C*08:01	<20	0.00038
B~C	AMR	B*40:02~C*14:02	<20	0.00038
B~C	AMR	B*40:02~C*15:02	<20	0.00455
B~C	AMR	B*40:03~C*03:04	<20	0.00076
B~C	AMR	B*40:03~C*03:05	<20	0.00038
B~C	AMR	B*40:04~C*03:04	<20	0.00417
B~C	AMR	B*40:05~C*03:04	<20	0.00682
B~C	AMR	B*40:05~C*03:06	<20	0.00038
B~C	AMR	B*40:05~C*07:02	<20	0.00076
B~C	AMR	B*40:05~C*15:02	<20	0.00038
B~C	AMR	B*40:08~C*03:04	<20	0.00265
B~C	AMR	B*40:11~C*03:04	<20	0.00076
B~C	AMR	B*40:16~C*08:02	<20	0.00038
B~C	AMR	B*40:27~C*03:04	<20	0.00076
B~C	AMR	B*41:01~C*06:02	<20	0.00114
B~C	AMR	B*41:01~C*07:01	<20	0.00455
B~C	AMR	B*41:01~C*17:01	21	0.00795
B~C	AMR	B*41:02~C*17:03	<20	0.00303
B~C	AMR	B*42:01~C*03:05	<20	0.00038
B~C	AMR	B*42:01~C*17:01	<20	0.00606
B~C	AMR	B*42:02~C*17:01	<20	0.00303
B~C	AMR	B*44:02~C*01:02	<20	0.00152
B~C	AMR	B*44:02~C*02:02	<20	0.00189
B~C	AMR	B*44:02~C*04:01	<20	0.00038
B~C	AMR	B*44:02~C*05:01	60	0.02273
B~C	AMR	B*44:02~C*05:09	<20	0.00038
B~C	AMR	B*44:02~C*06:02	<20	0.00038
B~C	AMR	B*44:02~C*07:04	<20	0.00114
B~C	AMR	B*44:02~C*08:02	<20	0.00038
B~C	AMR	B*44:02~C*15:02	<20	0.00038
B~C	AMR	B*44:02~C*16:01	<20	0.00038
B~C	AMR	B*44:02~C*16:04	<20	0.00114
B~C	AMR	B*44:03~C*01:02	<20	0.00038
B~C	AMR	B*44:03~C*02:02	<20	0.00682
B~C	AMR	B*44:03~C*03:03	<20	0.00076
B~C	AMR	B*44:03~C*04:01	37	0.01402
B~C	AMR	B*44:03~C*04:09N	<20	0.00038
B~C	AMR	B*44:03~C*05:01	<20	0.00038
B~C	AMR	B*44:03~C*06:02	<20	0.00038
B~C	AMR	B*44:03~C*07:02	<20	0.00038
B~C	AMR	B*44:03~C*07:06	<20	0.00227
B~C	AMR	B*44:03~C*12:03	<20	0.00114
B~C	AMR	B*44:03~C*14:02	<20	0.00038
B~C	AMR	B*44:03~C*14:03	<20	0.00076
B~C	AMR	B*44:03~C*16:01	81	0.03068
B~C	AMR	B*44:03~C*16:02	<20	0.00038
B~C	AMR	B*44:05~C*02:02	<20	0.00114
B~C	AMR	B*44:521~C*04:01	<20	0.00038
B~C	AMR	B*45:01~C*04:01	<20	0.00038
B~C	AMR	B*45:01~C*05:01	<20	0.00038
B~C	AMR	B*45:01~C*06:02	<20	0.0072
B~C	AMR	B*45:01~C*16:01	31	0.01174
B~C	AMR	B*46:01~C*01:02	<20	0.00076
B~C	AMR	B*47:01~C*06:02	<20	0.00038
B~C	AMR	B*47:01~C*07:18	<20	0.00076
B~C	AMR	B*48:01~C*03:04	<20	0.00076
B~C	AMR	B*48:01~C*04:01	<20	0.00038
B~C	AMR	B*48:01~C*07:02	<20	0.00038
B~C	AMR	B*48:01~C*08:01	43	0.01629
B~C	AMR	B*48:01~C*08:03	<20	0.00265
B~C	AMR	B*48:01~C*08:10	<20	0.00076
B~C	AMR	B*48:01~C*15:05	<20	0.00038
B~C	AMR	B*48:02~C*04:01	<20	0.00076
B~C	AMR	B*49:01~C*01:02	<20	0.00038
B~C	AMR	B*49:01~C*05:01	<20	0.00038
B~C	AMR	B*49:01~C*06:02	<20	0.00076
B~C	AMR	B*49:01~C*07:01	65	0.02462
B~C	AMR	B*50:01~C*04:01	<20	0.00038
B~C	AMR	B*50:01~C*06:02	24	0.00909
B~C	AMR	B*50:02~C*06:02	<20	0.00038
B~C	AMR	B*51:01~C*01:02	<20	0.00152
B~C	AMR	B*51:01~C*02:02	<20	0.00417
B~C	AMR	B*51:01~C*03:03	<20	0.00114
B~C	AMR	B*51:01~C*03:04	<20	0.00038
B~C	AMR	B*51:01~C*04:01	<20	0.00114
B~C	AMR	B*51:01~C*05:01	<20	0.00114
B~C	AMR	B*51:01~C*07:01	<20	0.00038
B~C	AMR	B*51:01~C*07:02	<20	0.00114
B~C	AMR	B*51:01~C*08:01	<20	0.00189
B~C	AMR	B*51:01~C*14:02	<20	0.0072
B~C	AMR	B*51:01~C*15:02	42	0.01591
B~C	AMR	B*51:01~C*15:04	<20	0.00038
B~C	AMR	B*51:01~C*15:06	<20	0.00038
B~C	AMR	B*51:01~C*15:09	<20	0.00379
B~C	AMR	B*51:01~C*15:13	<20	0.00038
B~C	AMR	B*51:01~C*16:01	<20	0.00265
B~C	AMR	B*51:01~C*16:02	<20	0.00303
B~C	AMR	B*51:02~C*08:01	26	0.00985
B~C	AMR	B*51:07~C*14:02	<20	0.00114
B~C	AMR	B*51:08~C*16:02	<20	0.00076
B~C	AMR	B*51:127~C*16:01	<20	0.00038
B~C	AMR	B*51:285~C*03:04	<20	0.00038
B~C	AMR	B*52:01~C*03:03	22	0.00833
B~C	AMR	B*52:01~C*03:04	<20	0.00114
B~C	AMR	B*52:01~C*04:01	<20	0.00152
B~C	AMR	B*52:01~C*07:02	<20	0.00038
B~C	AMR	B*52:01~C*08:01	<20	0.00038
B~C	AMR	B*52:01~C*12:02	20	0.00758
B~C	AMR	B*52:01~C*15:02	<20	0.00038
B~C	AMR	B*52:01~C*16:01	<20	0.00152
B~C	AMR	B*53:01~C*03:02	<20	0.00038
B~C	AMR	B*53:01~C*03:04	<20	0.00038
B~C	AMR	B*53:01~C*04:01	41	0.01553
B~C	AMR	B*53:01~C*06:02	<20	0.00227
B~C	AMR	B*53:01~C*14:02	<20	0.00038
B~C	AMR	B*55:01~C*01:02	<20	0.00227
B~C	AMR	B*55:01~C*03:03	<20	0.00606
B~C	AMR	B*55:01~C*03:04	<20	0.00038
B~C	AMR	B*56:01~C*01:02	<20	0.00265
B~C	AMR	B*56:01~C*02:02	<20	0.00038
B~C	AMR	B*57:01~C*06:02	<20	0.00606
B~C	AMR	B*57:01~C*07:01	<20	0.00265
B~C	AMR	B*57:01~C*12:03	<20	0.00038
B~C	AMR	B*57:02~C*04:01	<20	0.00038
B~C	AMR	B*57:03~C*07:01	<20	0.00682
B~C	AMR	B*57:03~C*08:02	<20	0.00038
B~C	AMR	B*57:03~C*17:01	<20	0.00038
B~C	AMR	B*57:03~C*18:02	<20	0.00265
B~C	AMR	B*57:04~C*18:02	<20	0.00038
B~C	AMR	B*58:01~C*03:02	<20	0.00303
B~C	AMR	B*58:01~C*07:04	<20	0.00038
B~C	AMR	B*58:01~C*07:18	23	0.00871
B~C	AMR	B*58:02~C*03:04	<20	0.00038
B~C	AMR	B*58:02~C*06:02	<20	0.0053
B~C	AMR	B*73:01~C*15:05	<20	0.00076
B~C	AMR	B*78:01~C*16:01	<20	0.00265
B~C	AMR	B*81:01~C*08:04	<20	0.00076
B~C	AMR	B*81:01~C*18:01	<20	0.00227
B~C	AMR	B*82:01~C*03:02	<20	0.00038
B~C	EAS	B*07:02~C*07:02	27	0.01294
B~C	EAS	B*07:05~C*15:05	29	0.0139
B~C	EAS	B*07:06~C*07:02	<20	0.00623
B~C	EAS	B*07:06~C*07:06	<20	0.00048
B~C	EAS	B*07:06~C*07:666	<20	0.00048
B~C	EAS	B*08:01~C*07:02	<20	0.00431
B~C	EAS	B*13:01~C*01:02	<20	0.00096
B~C	EAS	B*13:01~C*03:03	<20	0.00048
B~C	EAS	B*13:01~C*03:04	54	0.02587
B~C	EAS	B*13:01~C*04:03	<20	0.00144
B~C	EAS	B*13:01~C*04:06	<20	0.00383
B~C	EAS	B*13:01~C*07:02	<20	0.00144
B~C	EAS	B*13:01~C*12:02	<20	0.00096
B~C	EAS	B*13:02~C*06:02	41	0.01965
B~C	EAS	B*14:01~C*08:02	<20	0.00096
B~C	EAS	B*14:02~C*08:02	<20	0.00096
B~C	EAS	B*15:01~C*01:02	<20	0.00719
B~C	EAS	B*15:01~C*03:02	<20	0.00048
B~C	EAS	B*15:01~C*03:03	22	0.01054
B~C	EAS	B*15:01~C*04:01	26	0.01246
B~C	EAS	B*15:01~C*07:02	<20	0.00287
B~C	EAS	B*15:01~C*07:609	<20	0.00048
B~C	EAS	B*15:01~C*08:01	<20	0.00048
B~C	EAS	B*15:01~C*12:02	<20	0.00048
B~C	EAS	B*15:01~C*15:02	<20	0.00048
B~C	EAS	B*15:02~C*01:02	<20	0.00096
B~C	EAS	B*15:02~C*03:03	<20	0.00048
B~C	EAS	B*15:02~C*04:03	<20	0.00048
B~C	EAS	B*15:02~C*07:02	<20	0.00096
B~C	EAS	B*15:02~C*07:04	<20	0.00048
B~C	EAS	B*15:02~C*08:01	106	0.05079
B~C	EAS	B*15:02~C*08:24	<20	0.00096
B~C	EAS	B*15:03~C*08:01	<20	0.00048
B~C	EAS	B*15:06~C*04:03	<20	0.00048
B~C	EAS	B*15:07~C*03:03	<20	0.00096
B~C	EAS	B*15:08~C*01:02	<20	0.00048
B~C	EAS	B*15:08~C*15:02	<20	0.00048
B~C	EAS	B*15:10~C*03:04	<20	0.00048
B~C	EAS	B*15:11~C*03:03	21	0.01006
B~C	EAS	B*15:11~C*15:02	<20	0.00048
B~C	EAS	B*15:12~C*01:02	<20	0.00048
B~C	EAS	B*15:12~C*03:03	<20	0.00575
B~C	EAS	B*15:13~C*08:01	<20	0.00527
B~C	EAS	B*15:17~C*07:01	<20	0.00048
B~C	EAS	B*15:18~C*01:02	<20	0.00048
B~C	EAS	B*15:18~C*07:04	<20	0.00383
B~C	EAS	B*15:18~C*08:01	<20	0.00335
B~C	EAS	B*15:21~C*04:03	25	0.01198
B~C	EAS	B*15:21~C*08:01	<20	0.00048
B~C	EAS	B*15:25~C*01:02	<20	0.00048
B~C	EAS	B*15:25~C*03:02	<20	0.00048
B~C	EAS	B*15:25~C*04:03	22	0.01054
B~C	EAS	B*15:25~C*07:02	<20	0.0024
B~C	EAS	B*15:27~C*04:01	<20	0.00671
B~C	EAS	B*15:35~C*01:02	<20	0.00096
B~C	EAS	B*15:35~C*07:02	25	0.01198
B~C	EAS	B*15:35~C*08:01	<20	0.00192
B~C	EAS	B*15:35~C*12:04	<20	0.00048
B~C	EAS	B*18:01~C*03:03	<20	0.00096
B~C	EAS	B*18:01~C*07:01	<20	0.00335
B~C	EAS	B*18:01~C*07:04	<20	0.00575
B~C	EAS	B*18:02~C*07:04	<20	0.00479
B~C	EAS	B*27:04~C*01:02	<20	0.00096
B~C	EAS	B*27:04~C*07:02	<20	0.00048
B~C	EAS	B*27:04~C*08:01	<20	0.00048
B~C	EAS	B*27:04~C*08:22	<20	0.00048
B~C	EAS	B*27:04~C*12:02	24	0.0115
B~C	EAS	B*27:04~C*15:02	<20	0.00192
B~C	EAS	B*27:05~C*01:02	<20	0.00048
B~C	EAS	B*27:05~C*02:02	<20	0.00144
B~C	EAS	B*27:06~C*03:04	<20	0.00479
B~C	EAS	B*27:06~C*04:06	<20	0.00048
B~C	EAS	B*27:06~C*04:82	<20	0.00096
B~C	EAS	B*27:06~C*07:02	<20	0.00287
B~C	EAS	B*27:07~C*15:02	<20	0.00048
B~C	EAS	B*27:25~C*15:02	<20	0.00048
B~C	EAS	B*35:01~C*01:02	<20	0.00048
B~C	EAS	B*35:01~C*03:03	36	0.01725
B~C	EAS	B*35:01~C*04:01	<20	0.00767
B~C	EAS	B*35:01~C*07:02	<20	0.00096
B~C	EAS	B*35:01~C*08:01	<20	0.00096
B~C	EAS	B*35:01~C*15:02	<20	0.00048
B~C	EAS	B*35:02~C*04:01	<20	0.00048
B~C	EAS	B*35:03~C*04:01	<20	0.00096
B~C	EAS	B*35:03~C*12:03	<20	0.00623
B~C	EAS	B*35:05~C*03:04	<20	0.00048
B~C	EAS	B*35:05~C*04:01	65	0.03115
B~C	EAS	B*35:05~C*04:82	<20	0.00096
B~C	EAS	B*35:05~C*15:02	<20	0.00048
B~C	EAS	B*35:30~C*04:01	<20	0.00144
B~C	EAS	B*37:01~C*06:02	<20	0.00431
B~C	EAS	B*38:01~C*03:04	<20	0.00048
B~C	EAS	B*38:01~C*06:02	<20	0.00048
B~C	EAS	B*38:01~C*12:03	<20	0.00287
B~C	EAS	B*38:02~C*03:04	<20	0.00048
B~C	EAS	B*38:02~C*04:01	<20	0.00048
B~C	EAS	B*38:02~C*04:03	<20	0.00048
B~C	EAS	B*38:02~C*07:02	114	0.05462
B~C	EAS	B*38:02~C*07:04	<20	0.00048
B~C	EAS	B*38:02~C*07:27	<20	0.00048
B~C	EAS	B*39:01~C*03:04	<20	0.00048
B~C	EAS	B*39:01~C*04:03	<20	0.00048
B~C	EAS	B*39:01~C*07:02	33	0.01581
B~C	EAS	B*39:02~C*07:02	<20	0.00048
B~C	EAS	B*39:04~C*07:02	<20	0.00096
B~C	EAS	B*39:05~C*07:02	<20	0.00048
B~C	EAS	B*39:09~C*07:02	<20	0.00192
B~C	EAS	B*40:01~C*01:02	<20	0.00144
B~C	EAS	B*40:01~C*03:03	<20	0.00192
B~C	EAS	B*40:01~C*03:04	56	0.02683
B~C	EAS	B*40:01~C*03:17	<20	0.00144
B~C	EAS	B*40:01~C*04:01	<20	0.0024
B~C	EAS	B*40:01~C*04:03	<20	0.00335
B~C	EAS	B*40:01~C*04:82	<20	0.00767
B~C	EAS	B*40:01~C*07:02	82	0.03929
B~C	EAS	B*40:01~C*07:66	<20	0.00192
B~C	EAS	B*40:01~C*08:01	<20	0.00096
B~C	EAS	B*40:01~C*12:02	<20	0.00144
B~C	EAS	B*40:01~C*12:03	<20	0.00048
B~C	EAS	B*40:01~C*14:02	<20	0.00048
B~C	EAS	B*40:01~C*15:02	<20	0.00335
B~C	EAS	B*40:01~C*15:05	<20	0.00048
B~C	EAS	B*40:02~C*01:02	<20	0.00144
B~C	EAS	B*40:02~C*02:02	<20	0.00048
B~C	EAS	B*40:02~C*03:03	<20	0.00287
B~C	EAS	B*40:02~C*03:04	20	0.00958
B~C	EAS	B*40:02~C*04:01	<20	0.00048
B~C	EAS	B*40:02~C*04:82	<20	0.00048
B~C	EAS	B*40:02~C*07:02	<20	0.00335
B~C	EAS	B*40:02~C*08:01	<20	0.00048
B~C	EAS	B*40:02~C*14:02	<20	0.00048
B~C	EAS	B*40:02~C*15:02	22	0.01054
B~C	EAS	B*40:03~C*03:03	<20	0.00048
B~C	EAS	B*40:03~C*03:04	<20	0.00144
B~C	EAS	B*40:06~C*01:02	<20	0.00048
B~C	EAS	B*40:06~C*03:02	<20	0.00096
B~C	EAS	B*40:06~C*03:03	<20	0.00048
B~C	EAS	B*40:06~C*03:04	<20	0.00096
B~C	EAS	B*40:06~C*08:01	27	0.01294
B~C	EAS	B*40:06~C*08:22	<20	0.00048
B~C	EAS	B*40:06~C*14:02	<20	0.00048
B~C	EAS	B*40:06~C*15:02	<20	0.00144
B~C	EAS	B*40:10~C*04:03	<20	0.0024
B~C	EAS	B*40:229~C*03:04	<20	0.00144
B~C	EAS	B*44:02~C*05:01	<20	0.0024
B~C	EAS	B*44:03~C*07:06	30	0.01437
B~C	EAS	B*44:03~C*14:03	<20	0.0091
B~C	EAS	B*45:01~C*06:02	<20	0.00144
B~C	EAS	B*46:01~C*01:02	168	0.0805
B~C	EAS	B*46:01~C*01:03	<20	0.00192
B~C	EAS	B*46:01~C*01:250	<20	0.00048
B~C	EAS	B*46:01~C*03:03	<20	0.00096
B~C	EAS	B*46:01~C*04:01	<20	0.00048
B~C	EAS	B*46:01~C*07:02	<20	0.00096
B~C	EAS	B*46:01~C*08:01	<20	0.00048
B~C	EAS	B*48:01~C*01:02	<20	0.00048
B~C	EAS	B*48:01~C*03:04	<20	0.00048
B~C	EAS	B*48:01~C*04:82	<20	0.00048
B~C	EAS	B*48:01~C*07:02	<20	0.00144
B~C	EAS	B*48:01~C*08:01	26	0.01246
B~C	EAS	B*48:01~C*08:03	<20	0.00431
B~C	EAS	B*48:01~C*08:22	<20	0.00287
B~C	EAS	B*48:01~C*12:02	<20	0.00096
B~C	EAS	B*48:01~C*15:02	<20	0.00048
B~C	EAS	B*48:03~C*08:01	<20	0.00096
B~C	EAS	B*49:01~C*07:01	<20	0.00048
B~C	EAS	B*50:01~C*06:02	<20	0.0024
B~C	EAS	B*51:01~C*01:02	<20	0.00144
B~C	EAS	B*51:01~C*03:02	<20	0.00048
B~C	EAS	B*51:01~C*03:04	<20	0.00335
B~C	EAS	B*51:01~C*04:01	<20	0.00575
B~C	EAS	B*51:01~C*07:02	<20	0.00096
B~C	EAS	B*51:01~C*07:04	<20	0.00096
B~C	EAS	B*51:01~C*08:01	<20	0.00144
B~C	EAS	B*51:01~C*14:02	60	0.02875
B~C	EAS	B*51:01~C*14:25	<20	0.00048
B~C	EAS	B*51:01~C*15:02	20	0.00958
B~C	EAS	B*51:01~C*16:02	<20	0.00048
B~C	EAS	B*51:02~C*07:02	<20	0.00096
B~C	EAS	B*51:02~C*14:02	<20	0.0024
B~C	EAS	B*51:02~C*15:02	<20	0.0091
B~C	EAS	B*51:06~C*12:04	<20	0.0024
B~C	EAS	B*51:08~C*16:02	<20	0.00048
B~C	EAS	B*51:361N~C*14:02	<20	0.00048
B~C	EAS	B*52:01~C*01:02	<20	0.00048
B~C	EAS	B*52:01~C*07:02	<20	0.00335
B~C	EAS	B*52:01~C*12:02	37	0.01773
B~C	EAS	B*54:01~C*01:02	58	0.02779
B~C	EAS	B*54:01~C*03:02	<20	0.00048
B~C	EAS	B*54:01~C*03:04	<20	0.00048
B~C	EAS	B*54:01~C*07:02	<20	0.00192
B~C	EAS	B*54:01~C*07:04	<20	0.00048
B~C	EAS	B*54:01~C*08:01	<20	0.00096
B~C	EAS	B*54:01~C*08:03	<20	0.00048
B~C	EAS	B*55:01~C*01:02	<20	0.00048
B~C	EAS	B*55:02~C*01:02	<20	0.00623
B~C	EAS	B*55:02~C*01:06	<20	0.00048
B~C	EAS	B*55:02~C*03:03	<20	0.00096
B~C	EAS	B*55:02~C*03:04	<20	0.00048
B~C	EAS	B*55:02~C*04:03	<20	0.00048
B~C	EAS	B*55:02~C*07:02	<20	0.00192
B~C	EAS	B*55:02~C*08:01	<20	0.00096
B~C	EAS	B*55:02~C*12:02	<20	0.00048
B~C	EAS	B*55:02~C*12:03	<20	0.00479
B~C	EAS	B*55:02~C*14:02	<20	0.00048
B~C	EAS	B*55:02~C*15:02	<20	0.00144
B~C	EAS	B*55:04~C*01:02	<20	0.00048
B~C	EAS	B*55:04~C*03:03	<20	0.00048
B~C	EAS	B*55:07~C*01:02	<20	0.00048
B~C	EAS	B*56:01~C*01:02	<20	0.00335
B~C	EAS	B*56:01~C*04:01	<20	0.00048
B~C	EAS	B*56:01~C*04:03	<20	0.00048
B~C	EAS	B*56:01~C*07:02	<20	0.00096
B~C	EAS	B*56:01~C*14:02	<20	0.00048
B~C	EAS	B*56:01~C*15:02	<20	0.00048
B~C	EAS	B*56:02~C*01:02	<20	0.00048
B~C	EAS	B*56:03~C*01:02	<20	0.00144
B~C	EAS	B*56:04~C*01:02	<20	0.00431
B~C	EAS	B*56:04~C*04:01	<20	0.00096
B~C	EAS	B*56:04~C*07:02	<20	0.00048
B~C	EAS	B*56:05~C*14:02	<20	0.00048
B~C	EAS	B*57:01~C*06:02	<20	0.00767
B~C	EAS	B*58:01~C*03:02	146	0.06996
B~C	EAS	B*58:01~C*03:03	<20	0.00048
B~C	EAS	B*58:01~C*07:02	<20	0.00096
B~C	EAS	B*58:01~C*08:01	<20	0.00096
B~C	EAS	B*59:01~C*01:02	<20	0.0024
B~C	EAS	B*67:01~C*07:02	<20	0.00287
B~C	EAS	B*73:01~C*08:01	<20	0.00048
B~C	EAS	B*81:02~C*08:22	<20	0.00096
B~C	EAS	B*81:02~C*14:02	<20	0.00048
B~C	EUR	B*07:02~C*01:02	<20	0.00047
B~C	EUR	B*07:02~C*02:02	<20	0.00187
B~C	EUR	B*07:02~C*03:04	<20	0.00093
B~C	EUR	B*07:02~C*04:01	<20	0.00047
B~C	EUR	B*07:02~C*05:01	<20	0.00093
B~C	EUR	B*07:02~C*07:01	<20	0.00093
B~C	EUR	B*07:02~C*07:02	269	0.12564
B~C	EUR	B*07:02~C*07:46	<20	0.00047
B~C	EUR	B*07:02~C*12:03	<20	0.00047
B~C	EUR	B*07:05~C*15:05	<20	0.00093
B~C	EUR	B*07:06~C*07:02	<20	0.00047
B~C	EUR	B*07:06~C*15:05	<20	0.00093
B~C	EUR	B*07:10~C*07:01	<20	0.00047
B~C	EUR	B*07:160~C*07:02	<20	0.00047
B~C	EUR	B*08:01~C*03:03	<20	0.00047
B~C	EUR	B*08:01~C*07:01	232	0.10836
B~C	EUR	B*08:01~C*07:02	<20	0.00327
B~C	EUR	B*08:01~C*07:18	<20	0.00047
B~C	EUR	B*08:35~C*07:01	<20	0.00047
B~C	EUR	B*13:02~C*04:01	<20	0.00047
B~C	EUR	B*13:02~C*06:02	38	0.01775
B~C	EUR	B*13:02~C*07:01	<20	0.00047
B~C	EUR	B*13:02~C*12:03	<20	0.00047
B~C	EUR	B*14:01~C*03:04	<20	0.00047
B~C	EUR	B*14:01~C*07:02	<20	0.00047
B~C	EUR	B*14:01~C*08:02	21	0.00981
B~C	EUR	B*14:02~C*08:02	46	0.02149
B~C	EUR	B*15:01~C*01:02	<20	0.00234
B~C	EUR	B*15:01~C*02:02	<20	0.00047
B~C	EUR	B*15:01~C*03:03	70	0.0327
B~C	EUR	B*15:01~C*03:04	47	0.02195
B~C	EUR	B*15:01~C*04:01	<20	0.00701
B~C	EUR	B*15:01~C*06:02	<20	0.00047
B~C	EUR	B*15:01~C*07:02	<20	0.00093
B~C	EUR	B*15:03~C*02:10	<20	0.00047
B~C	EUR	B*15:03~C*16:01	<20	0.00047
B~C	EUR	B*15:07~C*03:03	<20	0.00047
B~C	EUR	B*15:16~C*14:02	<20	0.00047
B~C	EUR	B*15:17~C*07:01	<20	0.00467
B~C	EUR	B*15:18~C*07:04	<20	0.00327
B~C	EUR	B*15:220~C*03:03	<20	0.00047
B~C	EUR	B*15:220~C*12:03	<20	0.00047
B~C	EUR	B*15:24~C*03:03	<20	0.00047
B~C	EUR	B*15:34~C*04:01	<20	0.00047
B~C	EUR	B*18:01~C*02:02	<20	0.0014
B~C	EUR	B*18:01~C*04:01	<20	0.00047
B~C	EUR	B*18:01~C*05:01	24	0.01121
B~C	EUR	B*18:01~C*07:01	41	0.01915
B~C	EUR	B*18:01~C*12:03	40	0.01868
B~C	EUR	B*18:01~C*12:05	<20	0.00047
B~C	EUR	B*18:03~C*07:01	<20	0.00093
B~C	EUR	B*18:20~C*07:01	<20	0.00047
B~C	EUR	B*18:34~C*12:03	<20	0.00047
B~C	EUR	B*27:01~C*01:02	<20	0.00047
B~C	EUR	B*27:02~C*02:02	<20	0.00327
B~C	EUR	B*27:02~C*04:01	<20	0.00047
B~C	EUR	B*27:02~C*06:02	<20	0.00047
B~C	EUR	B*27:05~C*01:02	30	0.01401
B~C	EUR	B*27:05~C*01:127	<20	0.00047
B~C	EUR	B*27:05~C*02:02	54	0.02522
B~C	EUR	B*27:05~C*03:03	<20	0.0014
B~C	EUR	B*27:05~C*03:04	<20	0.00047
B~C	EUR	B*27:05~C*05:01	<20	0.00047
B~C	EUR	B*27:05~C*06:02	<20	0.00047
B~C	EUR	B*27:05~C*07:01	<20	0.00047
B~C	EUR	B*27:05~C*07:04	<20	0.0014
B~C	EUR	B*35:01~C*03:03	<20	0.00047
B~C	EUR	B*35:01~C*04:01	121	0.05652
B~C	EUR	B*35:01~C*04:15	<20	0.00047
B~C	EUR	B*35:01~C*05:01	<20	0.00047
B~C	EUR	B*35:01~C*06:02	<20	0.00047
B~C	EUR	B*35:01~C*07:01	<20	0.00047
B~C	EUR	B*35:02~C*03:03	<20	0.00047
B~C	EUR	B*35:02~C*04:01	<20	0.0056
B~C	EUR	B*35:02~C*06:02	<20	0.00047
B~C	EUR	B*35:03~C*04:01	22	0.01028
B~C	EUR	B*35:03~C*06:02	<20	0.00047
B~C	EUR	B*35:03~C*07:02	<20	0.00047
B~C	EUR	B*35:03~C*12:03	<20	0.0028
B~C	EUR	B*35:03~C*15:02	<20	0.00047
B~C	EUR	B*35:08~C*02:02	<20	0.00047
B~C	EUR	B*35:08~C*04:01	<20	0.00467
B~C	EUR	B*35:17~C*04:01	<20	0.00047
B~C	EUR	B*35:41~C*04:01	<20	0.00047
B~C	EUR	B*37:01~C*03:04	<20	0.00093
B~C	EUR	B*37:01~C*06:02	26	0.01214
B~C	EUR	B*38:01~C*05:01	<20	0.00047
B~C	EUR	B*38:01~C*06:02	<20	0.0014
B~C	EUR	B*38:01~C*12:03	29	0.01355
B~C	EUR	B*39:01~C*07:02	<20	0.00327
B~C	EUR	B*39:01~C*12:03	<20	0.00467
B~C	EUR	B*39:01~C*15:02	<20	0.00047
B~C	EUR	B*39:06~C*06:02	<20	0.00047
B~C	EUR	B*39:06~C*07:02	<20	0.00327
B~C	EUR	B*39:06~C*15:02	<20	0.00047
B~C	EUR	B*39:24~C*07:01	<20	0.0014
B~C	EUR	B*40:01~C*03:03	<20	0.00093
B~C	EUR	B*40:01~C*03:04	117	0.05465
B~C	EUR	B*40:01~C*03:359	<20	0.00047
B~C	EUR	B*40:01~C*04:01	<20	0.00093
B~C	EUR	B*40:01~C*05:01	<20	0.00047
B~C	EUR	B*40:01~C*06:02	<20	0.00047
B~C	EUR	B*40:01~C*07:01	<20	0.00093
B~C	EUR	B*40:01~C*07:02	<20	0.00047
B~C	EUR	B*40:01~C*08:02	<20	0.00047
B~C	EUR	B*40:01~C*12:03	<20	0.00047
B~C	EUR	B*40:02~C*02:02	21	0.00981
B~C	EUR	B*40:02~C*03:04	<20	0.00093
B~C	EUR	B*40:02~C*05:01	<20	0.00047
B~C	EUR	B*40:02~C*12:03	<20	0.00047
B~C	EUR	B*40:02~C*15:02	<20	0.00047
B~C	EUR	B*40:06~C*15:02	<20	0.00047
B~C	EUR	B*40:10~C*04:03	<20	0.00047
B~C	EUR	B*41:01~C*07:01	<20	0.0014
B~C	EUR	B*41:01~C*17:01	<20	0.0028
B~C	EUR	B*41:02~C*07:02	<20	0.00047
B~C	EUR	B*41:02~C*17:03	<20	0.00467
B~C	EUR	B*41:05~C*07:01	<20	0.00047
B~C	EUR	B*42:02~C*17:01	<20	0.00047
B~C	EUR	B*44:02~C*01:02	<20	0.00093
B~C	EUR	B*44:02~C*02:02	<20	0.00187
B~C	EUR	B*44:02~C*03:03	<20	0.00093
B~C	EUR	B*44:02~C*03:04	<20	0.00047
B~C	EUR	B*44:02~C*04:01	<20	0.00047
B~C	EUR	B*44:02~C*04:09N	<20	0.00047
B~C	EUR	B*44:02~C*05:01	154	0.07193
B~C	EUR	B*44:02~C*05:35	<20	0.00047
B~C	EUR	B*44:02~C*07:02	<20	0.00093
B~C	EUR	B*44:02~C*07:04	26	0.01214
B~C	EUR	B*44:02~C*12:03	<20	0.00047
B~C	EUR	B*44:02~C*16:01	<20	0.00047
B~C	EUR	B*44:02~C*16:04	<20	0.00093
B~C	EUR	B*44:03~C*02:02	<20	0.00047
B~C	EUR	B*44:03~C*04:01	31	0.01448
B~C	EUR	B*44:03~C*04:09N	<20	0.00093
B~C	EUR	B*44:03~C*05:01	<20	0.00093
B~C	EUR	B*44:03~C*07:06	<20	0.00047
B~C	EUR	B*44:03~C*16:01	69	0.03223
B~C	EUR	B*44:03~C*16:02	<20	0.00047
B~C	EUR	B*44:05~C*02:02	<20	0.0028
B~C	EUR	B*44:05~C*07:02	<20	0.00047
B~C	EUR	B*44:267N~C*05:01	<20	0.00047
B~C	EUR	B*44:27~C*07:04	<20	0.00187
B~C	EUR	B*45:01~C*06:02	<20	0.00467
B~C	EUR	B*45:01~C*16:01	<20	0.00047
B~C	EUR	B*46:01~C*01:02	<20	0.00047
B~C	EUR	B*47:01~C*06:02	<20	0.0028
B~C	EUR	B*48:01~C*08:03	<20	0.00047
B~C	EUR	B*49:01~C*07:01	35	0.01635
B~C	EUR	B*49:01~C*07:02	<20	0.00047
B~C	EUR	B*50:01~C*04:01	<20	0.00187
B~C	EUR	B*50:01~C*06:02	23	0.01074
B~C	EUR	B*50:01~C*07:01	<20	0.00047
B~C	EUR	B*50:02~C*06:02	<20	0.00093
B~C	EUR	B*51:01~C*01:02	<20	0.00374
B~C	EUR	B*51:01~C*02:02	<20	0.00467
B~C	EUR	B*51:01~C*03:03	<20	0.00047
B~C	EUR	B*51:01~C*04:01	<20	0.00187
B~C	EUR	B*51:01~C*05:01	<20	0.0014
B~C	EUR	B*51:01~C*07:01	<20	0.0014
B~C	EUR	B*51:01~C*07:02	<20	0.00187
B~C	EUR	B*51:01~C*12:03	<20	0.0028
B~C	EUR	B*51:01~C*14:02	<20	0.00794
B~C	EUR	B*51:01~C*14:05	<20	0.00047
B~C	EUR	B*51:01~C*15:02	28	0.01308
B~C	EUR	B*51:01~C*15:13	<20	0.00047
B~C	EUR	B*51:01~C*16:01	<20	0.0014
B~C	EUR	B*51:01~C*16:02	<20	0.0014
B~C	EUR	B*51:07~C*14:02	<20	0.00047
B~C	EUR	B*51:08~C*16:02	<20	0.00093
B~C	EUR	B*51:09~C*01:02	<20	0.00047
B~C	EUR	B*52:01~C*12:02	<20	0.00467
B~C	EUR	B*52:01~C*15:02	<20	0.00047
B~C	EUR	B*53:01~C*04:01	<20	0.00187
B~C	EUR	B*53:01~C*06:02	<20	0.00047
B~C	EUR	B*55:01~C*01:02	<20	0.0014
B~C	EUR	B*55:01~C*03:03	31	0.01448
B~C	EUR	B*55:01~C*07:01	<20	0.00093
B~C	EUR	B*56:01~C*01:02	<20	0.00794
B~C	EUR	B*57:01~C*06:02	75	0.03503
B~C	EUR	B*57:01~C*07:01	<20	0.0014
B~C	EUR	B*57:04~C*18:02	<20	0.00047
B~C	EUR	B*58:01~C*03:02	<20	0.00187
B~C	EUR	B*58:01~C*07:01	<20	0.00047
B~C	EUR	B*58:01~C*07:18	<20	0.00374
B~C	EUR	B*73:01~C*15:05	<20	0.00047
B~C	MID	B*07:02~C*07:02	<20	0.01367
B~C	MID	B*07:05~C*07:02	<20	0.00195
B~C	MID	B*07:05~C*15:05	<20	0.00781
B~C	MID	B*08:01~C*04:01	<20	0.00195
B~C	MID	B*08:01~C*07:01	<20	0.01758
B~C	MID	B*08:01~C*07:02	<20	0.00586
B~C	MID	B*08:01~C*07:18	<20	0.00391
B~C	MID	B*13:02~C*06:02	21	0.04102
B~C	MID	B*13:02~C*16:04	<20	0.00391
B~C	MID	B*14:01~C*08:02	<20	0.00586
B~C	MID	B*14:02~C*08:02	23	0.04492
B~C	MID	B*15:01~C*03:03	<20	0.00195
B~C	MID	B*15:01~C*12:03	<20	0.00195
B~C	MID	B*15:03~C*02:10	<20	0.00586
B~C	MID	B*15:08~C*01:02	<20	0.00195
B~C	MID	B*15:09~C*07:04	<20	0.00195
B~C	MID	B*15:10~C*03:04	<20	0.00391
B~C	MID	B*15:17~C*07:01	<20	0.01953
B~C	MID	B*15:17~C*17:03	<20	0.00195
B~C	MID	B*15:220~C*01:02	<20	0.00195
B~C	MID	B*15:220~C*04:01	<20	0.00195
B~C	MID	B*15:220~C*12:03	<20	0.00195
B~C	MID	B*15:220~C*16:02	<20	0.00195
B~C	MID	B*18:01~C*02:02	<20	0.00195
B~C	MID	B*18:01~C*02:10	<20	0.00195
B~C	MID	B*18:01~C*05:01	<20	0.01562
B~C	MID	B*18:01~C*05:37	<20	0.00195
B~C	MID	B*18:01~C*06:02	<20	0.00391
B~C	MID	B*18:01~C*07:01	<20	0.01562
B~C	MID	B*18:01~C*12:03	<20	0.0293
B~C	MID	B*18:01~C*12:05	<20	0.00195
B~C	MID	B*27:02~C*02:02	<20	0.00781
B~C	MID	B*27:03~C*02:02	<20	0.00586
B~C	MID	B*27:05~C*02:02	<20	0.00195
B~C	MID	B*27:05~C*15:13	<20	0.00195
B~C	MID	B*27:05~C*16:01	<20	0.00391
B~C	MID	B*27:07~C*15:02	<20	0.00391
B~C	MID	B*27:09~C*01:02	<20	0.00195
B~C	MID	B*35:01~C*04:01	20	0.03906
B~C	MID	B*35:02~C*04:01	<20	0.0293
B~C	MID	B*35:02~C*17:03	<20	0.00195
B~C	MID	B*35:03~C*04:01	<20	0.00977
B~C	MID	B*35:03~C*12:03	<20	0.00586
B~C	MID	B*35:08~C*04:01	<20	0.02344
B~C	MID	B*37:01~C*06:02	<20	0.01562
B~C	MID	B*38:01~C*04:04	<20	0.00195
B~C	MID	B*38:01~C*06:02	<20	0.00391
B~C	MID	B*38:01~C*12:03	<20	0.03125
B~C	MID	B*39:01~C*12:03	<20	0.00781
B~C	MID	B*39:10~C*12:03	<20	0.00781
B~C	MID	B*39:10~C*17:01	<20	0.00195
B~C	MID	B*39:24~C*07:01	<20	0.01172
B~C	MID	B*40:01~C*03:04	<20	0.01172
B~C	MID	B*40:02~C*02:02	<20	0.00195
B~C	MID	B*40:02~C*15:02	<20	0.00195
B~C	MID	B*40:06~C*12:02	<20	0.00195
B~C	MID	B*41:01~C*05:01	<20	0.00195
B~C	MID	B*41:01~C*07:01	<20	0.00781
B~C	MID	B*41:01~C*17:01	23	0.04492
B~C	MID	B*41:01~C*17:38	<20	0.00195
B~C	MID	B*41:02~C*17:03	<20	0.01367
B~C	MID	B*41:09~C*17:01	<20	0.00195
B~C	MID	B*42:01~C*17:01	<20	0.00391
B~C	MID	B*44:02~C*02:02	<20	0.00391
B~C	MID	B*44:02~C*05:01	<20	0.00781
B~C	MID	B*44:02~C*15:02	<20	0.00195
B~C	MID	B*44:02~C*16:04	<20	0.00977
B~C	MID	B*44:03~C*02:02	<20	0.00195
B~C	MID	B*44:03~C*04:01	<20	0.01758
B~C	MID	B*44:03~C*07:06	<20	0.00391
B~C	MID	B*44:03~C*16:01	<20	0.00195
B~C	MID	B*44:03~C*16:02	<20	0.00391
B~C	MID	B*44:05~C*02:02	<20	0.00195
B~C	MID	B*45:01~C*16:01	<20	0.00391
B~C	MID	B*47:03~C*07:18	<20	0.00195
B~C	MID	B*49:01~C*04:07	<20	0.00195
B~C	MID	B*49:01~C*07:01	28	0.05469
B~C	MID	B*50:01~C*02:02	<20	0.00195
B~C	MID	B*50:01~C*06:02	36	0.07031
B~C	MID	B*50:02~C*06:02	<20	0.00586
B~C	MID	B*51:01~C*02:02	<20	0.00195
B~C	MID	B*51:01~C*04:01	<20	0.00195
B~C	MID	B*51:01~C*07:02	<20	0.00195
B~C	MID	B*51:01~C*12:03	<20	0.00195
B~C	MID	B*51:01~C*14:02	<20	0.00781
B~C	MID	B*51:01~C*15:02	<20	0.02734
B~C	MID	B*51:01~C*15:04	<20	0.00391
B~C	MID	B*51:01~C*15:13	<20	0.00586
B~C	MID	B*51:01~C*16:01	<20	0.00195
B~C	MID	B*51:01~C*16:02	<20	0.01367
B~C	MID	B*51:01~C*16:04	<20	0.00195
B~C	MID	B*51:05~C*04:01	<20	0.00195
B~C	MID	B*51:07~C*14:02	<20	0.00195
B~C	MID	B*51:08~C*16:02	<20	0.01367
B~C	MID	B*52:01~C*07:01	<20	0.00195
B~C	MID	B*52:01~C*12:02	<20	0.03516
B~C	MID	B*53:01~C*04:01	<20	0.02539
B~C	MID	B*53:01~C*06:02	<20	0.00781
B~C	MID	B*55:01~C*01:02	<20	0.01562
B~C	MID	B*55:01~C*03:03	<20	0.00586
B~C	MID	B*55:01~C*07:01	<20	0.00195
B~C	MID	B*56:01~C*01:02	<20	0.00391
B~C	MID	B*57:01~C*06:02	<20	0.00195
B~C	MID	B*57:01~C*07:01	<20	0.00195
B~C	MID	B*57:03~C*07:01	<20	0.00586
B~C	MID	B*57:04~C*18:02	<20	0.00195
B~C	MID	B*58:01~C*03:02	<20	0.01172
B~C	MID	B*58:01~C*07:18	<20	0.00781
B~C	MID	B*58:02~C*06:02	<20	0.00195
B~C	MID	B*73:01~C*15:05	<20	0.00586
B~C	SAS	B*07:02~C*05:01	<20	0.00052
B~C	SAS	B*07:02~C*07:02	79	0.04102
B~C	SAS	B*07:02~C*07:06	<20	0.00052
B~C	SAS	B*07:02~C*12:03	<20	0.00104
B~C	SAS	B*07:02~C*16:02	<20	0.00052
B~C	SAS	B*07:05~C*15:05	24	0.01246
B~C	SAS	B*07:06~C*01:02	<20	0.00052
B~C	SAS	B*07:06~C*03:03	<20	0.00052
B~C	SAS	B*07:06~C*03:04	<20	0.00052
B~C	SAS	B*07:06~C*04:01	<20	0.00052
B~C	SAS	B*07:06~C*07:02	21	0.0109
B~C	SAS	B*08:01~C*02:02	<20	0.00052
B~C	SAS	B*08:01~C*05:01	<20	0.00104
B~C	SAS	B*08:01~C*07:01	<20	0.00156
B~C	SAS	B*08:01~C*07:02	55	0.02856
B~C	SAS	B*08:01~C*14:02	<20	0.00052
B~C	SAS	B*08:01~C*15:02	<20	0.00208
B~C	SAS	B*13:01~C*04:03	21	0.0109
B~C	SAS	B*13:01~C*04:06	<20	0.00052
B~C	SAS	B*13:01~C*12:02	<20	0.00052
B~C	SAS	B*13:01~C*15:02	<20	0.00156
B~C	SAS	B*13:02~C*03:04	<20	0.00052
B~C	SAS	B*13:02~C*06:02	28	0.01454
B~C	SAS	B*14:02~C*08:02	<20	0.00052
B~C	SAS	B*15:01~C*01:02	<20	0.00104
B~C	SAS	B*15:01~C*03:02	<20	0.00052
B~C	SAS	B*15:01~C*03:03	<20	0.0026
B~C	SAS	B*15:01~C*04:01	<20	0.00363
B~C	SAS	B*15:01~C*04:03	<20	0.00052
B~C	SAS	B*15:01~C*12:03	<20	0.00312
B~C	SAS	B*15:02~C*03:03	<20	0.00104
B~C	SAS	B*15:02~C*08:01	56	0.02908
B~C	SAS	B*15:02~C*15:02	<20	0.00052
B~C	SAS	B*15:05~C*03:02	<20	0.00052
B~C	SAS	B*15:05~C*03:03	<20	0.00363
B~C	SAS	B*15:05~C*06:02	<20	0.00052
B~C	SAS	B*15:05~C*07:04	<20	0.00052
B~C	SAS	B*15:05~C*07:29	<20	0.00052
B~C	SAS	B*15:08~C*01:02	<20	0.00208
B~C	SAS	B*15:08~C*03:03	<20	0.00052
B~C	SAS	B*15:10~C*03:04	<20	0.00052
B~C	SAS	B*15:113~C*03:03	<20	0.00052
B~C	SAS	B*15:13~C*08:01	<20	0.00052
B~C	SAS	B*15:17~C*07:01	29	0.01506
B~C	SAS	B*15:18~C*04:01	<20	0.00104
B~C	SAS	B*15:18~C*07:04	22	0.01142
B~C	SAS	B*15:18~C*08:01	<20	0.00052
B~C	SAS	B*15:18~C*16:02	<20	0.00208
B~C	SAS	B*15:18~C*16:12	<20	0.00052
B~C	SAS	B*15:25~C*04:03	<20	0.00104
B~C	SAS	B*15:25~C*07:26	<20	0.00415
B~C	SAS	B*15:29~C*07:04	<20	0.00363
B~C	SAS	B*15:32~C*03:02	<20	0.00052
B~C	SAS	B*15:32~C*12:03	<20	0.00104
B~C	SAS	B*15:38~C*03:03	<20	0.00052
B~C	SAS	B*15:38~C*04:01	<20	0.00052
B~C	SAS	B*15:75~C*03:88	<20	0.00052
B~C	SAS	B*18:01~C*03:02	<20	0.00052
B~C	SAS	B*18:01~C*04:01	<20	0.00052
B~C	SAS	B*18:01~C*07:01	30	0.01558
B~C	SAS	B*18:01~C*07:02	<20	0.00104
B~C	SAS	B*18:01~C*12:03	<20	0.00935
B~C	SAS	B*18:01~C*12:05	<20	0.00052
B~C	SAS	B*18:01~C*14:02	<20	0.00052
B~C	SAS	B*27:04~C*04:01	<20	0.00052
B~C	SAS	B*27:04~C*12:02	<20	0.00156
B~C	SAS	B*27:05~C*01:02	<20	0.00104
B~C	SAS	B*27:05~C*02:02	23	0.01194
B~C	SAS	B*27:07~C*06:02	<20	0.00052
B~C	SAS	B*27:07~C*15:02	<20	0.00675
B~C	SAS	B*35:01~C*03:03	<20	0.00156
B~C	SAS	B*35:01~C*03:04	<20	0.00104
B~C	SAS	B*35:01~C*04:01	91	0.04725
B~C	SAS	B*35:01~C*06:02	<20	0.00052
B~C	SAS	B*35:01~C*15:02	<20	0.00052
B~C	SAS	B*35:02~C*04:01	<20	0.00779
B~C	SAS	B*35:03~C*01:02	<20	0.00052
B~C	SAS	B*35:03~C*03:02	<20	0.00104
B~C	SAS	B*35:03~C*03:03	<20	0.00052
B~C	SAS	B*35:03~C*04:01	96	0.04984
B~C	SAS	B*35:03~C*06:02	<20	0.00052
B~C	SAS	B*35:03~C*07:01	<20	0.00052
B~C	SAS	B*35:03~C*07:02	<20	0.00052
B~C	SAS	B*35:03~C*12:02	<20	0.00052
B~C	SAS	B*35:03~C*12:03	49	0.02544
B~C	SAS	B*35:03~C*14:02	<20	0.00052
B~C	SAS	B*35:03~C*15:02	<20	0.00052
B~C	SAS	B*35:03~C*15:05	<20	0.00052
B~C	SAS	B*35:05~C*04:01	<20	0.00104
B~C	SAS	B*35:08~C*04:01	<20	0.00208
B~C	SAS	B*35:08~C*06:02	<20	0.00052
B~C	SAS	B*35:08~C*14:02	<20	0.00052
B~C	SAS	B*37:01~C*03:02	<20	0.00052
B~C	SAS	B*37:01~C*04:01	<20	0.00052
B~C	SAS	B*37:01~C*06:02	40	0.02077
B~C	SAS	B*37:01~C*07:01	<20	0.00052
B~C	SAS	B*37:01~C*07:04	<20	0.00052
B~C	SAS	B*37:01~C*12:03	<20	0.00052
B~C	SAS	B*37:01~C*15:02	<20	0.00052
B~C	SAS	B*38:01~C*03:04	<20	0.00052
B~C	SAS	B*38:01~C*12:03	<20	0.0026
B~C	SAS	B*38:02~C*07:02	<20	0.00571
B~C	SAS	B*39:01~C*12:03	<20	0.00312
B~C	SAS	B*39:01~C*12:04	<20	0.0026
B~C	SAS	B*39:06~C*07:02	<20	0.00104
B~C	SAS	B*39:06~C*12:03	<20	0.00052
B~C	SAS	B*39:10~C*12:03	<20	0.00052
B~C	SAS	B*40:01~C*03:04	<20	0.00935
B~C	SAS	B*40:01~C*07:02	<20	0.00052
B~C	SAS	B*40:01~C*12:03	<20	0.00675
B~C	SAS	B*40:02~C*02:02	<20	0.00052
B~C	SAS	B*40:02~C*14:02	<20	0.00052
B~C	SAS	B*40:02~C*15:02	<20	0.00312
B~C	SAS	B*40:06~C*01:02	<20	0.00675
B~C	SAS	B*40:06~C*03:02	<20	0.00052
B~C	SAS	B*40:06~C*03:03	<20	0.00052
B~C	SAS	B*40:06~C*04:01	<20	0.00104
B~C	SAS	B*40:06~C*04:10	<20	0.00052
B~C	SAS	B*40:06~C*05:01	<20	0.00052
B~C	SAS	B*40:06~C*06:02	<20	0.00104
B~C	SAS	B*40:06~C*07:01	<20	0.00052
B~C	SAS	B*40:06~C*07:02	<20	0.00104
B~C	SAS	B*40:06~C*08:01	<20	0.00052
B~C	SAS	B*40:06~C*12:02	<20	0.00779
B~C	SAS	B*40:06~C*12:03	<20	0.00052
B~C	SAS	B*40:06~C*14:02	<20	0.00104
B~C	SAS	B*40:06~C*15:02	122	0.06334
B~C	SAS	B*40:06~C*15:05	<20	0.00052
B~C	SAS	B*40:06~C*15:10	<20	0.00052
B~C	SAS	B*40:06~C*16:02	<20	0.00052
B~C	SAS	B*40:23~C*03:04	<20	0.00156
B~C	SAS	B*41:01~C*07:01	<20	0.00052
B~C	SAS	B*41:01~C*17:01	<20	0.00208
B~C	SAS	B*41:02~C*17:03	<20	0.00104
B~C	SAS	B*44:02~C*05:01	<20	0.00779
B~C	SAS	B*44:02~C*06:02	<20	0.00052
B~C	SAS	B*44:02~C*07:04	<20	0.00052
B~C	SAS	B*44:03~C*01:02	<20	0.00052
B~C	SAS	B*44:03~C*04:01	<20	0.00623
B~C	SAS	B*44:03~C*04:09N	<20	0.00052
B~C	SAS	B*44:03~C*06:02	<20	0.00052
B~C	SAS	B*44:03~C*07:02	<20	0.00052
B~C	SAS	B*44:03~C*07:06	157	0.08152
B~C	SAS	B*44:03~C*12:02	<20	0.00052
B~C	SAS	B*44:03~C*12:03	<20	0.00052
B~C	SAS	B*44:03~C*14:03	<20	0.00156
B~C	SAS	B*44:03~C*15:02	<20	0.00052
B~C	SAS	B*48:01~C*08:01	<20	0.00208
B~C	SAS	B*48:01~C*08:03	<20	0.00104
B~C	SAS	B*48:04~C*01:02	<20	0.00052
B~C	SAS	B*48:04~C*07:02	<20	0.00052
B~C	SAS	B*49:01~C*07:01	<20	0.00519
B~C	SAS	B*50:01~C*06:02	31	0.0161
B~C	SAS	B*50:01~C*07:02	<20	0.00052
B~C	SAS	B*50:04~C*06:02	<20	0.00052
B~C	SAS	B*51:01~C*01:02	<20	0.00156
B~C	SAS	B*51:01~C*02:02	<20	0.00052
B~C	SAS	B*51:01~C*03:03	<20	0.00104
B~C	SAS	B*51:01~C*04:01	<20	0.00156
B~C	SAS	B*51:01~C*06:02	<20	0.00052
B~C	SAS	B*51:01~C*07:02	<20	0.0026
B~C	SAS	B*51:01~C*07:04	<20	0.00052
B~C	SAS	B*51:01~C*07:29	<20	0.00052
B~C	SAS	B*51:01~C*12:02	<20	0.00052
B~C	SAS	B*51:01~C*14:02	36	0.01869
B~C	SAS	B*51:01~C*15:02	25	0.01298
B~C	SAS	B*51:01~C*15:13	<20	0.00052
B~C	SAS	B*51:01~C*16:02	42	0.02181
B~C	SAS	B*51:06~C*12:04	<20	0.0026
B~C	SAS	B*51:06~C*14:02	<20	0.00779
B~C	SAS	B*51:07~C*14:02	<20	0.00104
B~C	SAS	B*52:01~C*01:02	<20	0.00052
B~C	SAS	B*52:01~C*03:04	<20	0.00052
B~C	SAS	B*52:01~C*04:01	<20	0.00104
B~C	SAS	B*52:01~C*06:02	<20	0.00104
B~C	SAS	B*52:01~C*07:02	<20	0.00519
B~C	SAS	B*52:01~C*12:02	143	0.07425
B~C	SAS	B*52:01~C*14:02	<20	0.00052
B~C	SAS	B*52:01~C*15:04	<20	0.00052
B~C	SAS	B*52:04~C*06:02	<20	0.00104
B~C	SAS	B*52:04~C*12:02	<20	0.00104
B~C	SAS	B*52:07~C*12:02	<20	0.00052
B~C	SAS	B*53:01~C*04:01	<20	0.00052
B~C	SAS	B*55:01~C*01:02	27	0.01402
B~C	SAS	B*55:01~C*03:03	<20	0.00104
B~C	SAS	B*56:01~C*01:02	<20	0.00208
B~C	SAS	B*56:01~C*04:01	<20	0.00208
B~C	SAS	B*56:01~C*04:10	<20	0.00052
B~C	SAS	B*57:01~C*06:02	131	0.06802
B~C	SAS	B*57:01~C*06:127	<20	0.00052
B~C	SAS	B*57:01~C*06:27	<20	0.00104
B~C	SAS	B*57:01~C*07:01	<20	0.00052
B~C	SAS	B*57:03~C*07:01	<20	0.00052
B~C	SAS	B*57:61~C*06:02	<20	0.00052
B~C	SAS	B*58:01~C*03:02	78	0.0405
B~C	SAS	B*58:01~C*03:146	<20	0.00052
B~C	SAS	B*58:01~C*03:373	<20	0.00052
B~C	SAS	B*58:01~C*04:01	<20	0.00052
B~C	SAS	B*58:01~C*07:06	<20	0.00052
B~C	SAS	B*58:01~C*07:18	<20	0.00052
B~C	SAS	B*58:02~C*06:02	<20	0.00052
B~C	SAS	B*73:01~C*15:05	<20	0.00104
A~B	AFR	A*01:01~B*07:02	<20	0.0075
A~B	AFR	A*01:01~B*08:01	<20	0.00938
A~B	AFR	A*01:01~B*14:01	<20	0.00094
A~B	AFR	A*01:01~B*15:03	<20	0.00188
A~B	AFR	A*01:01~B*15:10	<20	0.00188
A~B	AFR	A*01:01~B*18:01	<20	0.00094
A~B	AFR	A*01:01~B*27:05	<20	0.00094
A~B	AFR	A*01:01~B*35:01	<20	0.00094
A~B	AFR	A*01:01~B*38:01	<20	0.00094
A~B	AFR	A*01:01~B*42:01	<20	0.00281
A~B	AFR	A*01:01~B*44:02	<20	0.00094
A~B	AFR	A*01:01~B*44:03	<20	0.00094
A~B	AFR	A*01:01~B*45:01	<20	0.00094
A~B	AFR	A*01:01~B*53:01	<20	0.00281
A~B	AFR	A*01:01~B*57:01	<20	0.00281
A~B	AFR	A*01:01~B*57:03	<20	0.00094
A~B	AFR	A*01:01~B*58:01	<20	0.00281
A~B	AFR	A*01:01~B*58:02	<20	0.00188
A~B	AFR	A*01:01~B*78:01	<20	0.00094
A~B	AFR	A*01:01~B*81:01	<20	0.00375
A~B	AFR	A*01:01~B*82:01	<20	0.00094
A~B	AFR	A*01:02~B*15:03	<20	0.00188
A~B	AFR	A*01:02~B*45:01	<20	0.00094
A~B	AFR	A*01:02~B*49:01	<20	0.00188
A~B	AFR	A*01:02~B*53:01	<20	0.00094
A~B	AFR	A*01:02~B*58:01	<20	0.00094
A~B	AFR	A*02:01~B*07:02	<20	0.01126
A~B	AFR	A*02:01~B*08:01	<20	0.00375
A~B	AFR	A*02:01~B*13:02	<20	0.00188
A~B	AFR	A*02:01~B*14:02	<20	0.00281
A~B	AFR	A*02:01~B*15:01	<20	0.00375
A~B	AFR	A*02:01~B*15:03	<20	0.00563
A~B	AFR	A*02:01~B*15:09	<20	0.00094
A~B	AFR	A*02:01~B*15:16	<20	0.00094
A~B	AFR	A*02:01~B*15:18	<20	0.00094
A~B	AFR	A*02:01~B*18:01	<20	0.00469
A~B	AFR	A*02:01~B*27:05	<20	0.00375
A~B	AFR	A*02:01~B*35:01	<20	0.00844
A~B	AFR	A*02:01~B*39:10	<20	0.00094
A~B	AFR	A*02:01~B*40:01	<20	0.00281
A~B	AFR	A*02:01~B*42:01	<20	0.00469
A~B	AFR	A*02:01~B*44:02	<20	0.00375
A~B	AFR	A*02:01~B*44:03	<20	0.00469
A~B	AFR	A*02:01~B*44:10	<20	0.00094
A~B	AFR	A*02:01~B*45:01	<20	0.01407
A~B	AFR	A*02:01~B*49:01	<20	0.00281
A~B	AFR	A*02:01~B*50:01	<20	0.00094
A~B	AFR	A*02:01~B*51:01	<20	0.0075
A~B	AFR	A*02:01~B*52:01	<20	0.00938
A~B	AFR	A*02:01~B*53:01	<20	0.00844
A~B	AFR	A*02:01~B*57:01	<20	0.00281
A~B	AFR	A*02:01~B*57:03	<20	0.00094
A~B	AFR	A*02:01~B*58:01	<20	0.00188
A~B	AFR	A*02:01~B*58:02	<20	0.00188
A~B	AFR	A*02:01~B*78:01	<20	0.00094
A~B	AFR	A*02:01~B*81:01	<20	0.00094
A~B	AFR	A*02:02~B*07:02	<20	0.00188
A~B	AFR	A*02:02~B*15:03	<20	0.00188
A~B	AFR	A*02:02~B*15:10	<20	0.00281
A~B	AFR	A*02:02~B*15:16	<20	0.00188
A~B	AFR	A*02:02~B*18:01	<20	0.00281
A~B	AFR	A*02:02~B*18:03	<20	0.00094
A~B	AFR	A*02:02~B*35:01	<20	0.00188
A~B	AFR	A*02:02~B*37:01	<20	0.00094
A~B	AFR	A*02:02~B*40:12	<20	0.00094
A~B	AFR	A*02:02~B*44:03	<20	0.00094
A~B	AFR	A*02:02~B*45:01	<20	0.00094
A~B	AFR	A*02:02~B*49:01	<20	0.00188
A~B	AFR	A*02:02~B*51:01	<20	0.00188
A~B	AFR	A*02:02~B*53:01	<20	0.00563
A~B	AFR	A*02:02~B*57:03	<20	0.00563
A~B	AFR	A*02:02~B*58:01	<20	0.00188
A~B	AFR	A*02:02~B*58:02	<20	0.00188
A~B	AFR	A*02:02~B*78:01	<20	0.00094
A~B	AFR	A*02:02~B*81:01	<20	0.00094
A~B	AFR	A*02:05~B*07:06	<20	0.00094
A~B	AFR	A*02:05~B*15:03	<20	0.00094
A~B	AFR	A*02:05~B*15:220	<20	0.00094
A~B	AFR	A*02:05~B*18:01	<20	0.00094
A~B	AFR	A*02:05~B*18:145	<20	0.00094
A~B	AFR	A*02:05~B*35:01	<20	0.00094
A~B	AFR	A*02:05~B*41:01	<20	0.00094
A~B	AFR	A*02:05~B*53:01	<20	0.00094
A~B	AFR	A*02:05~B*57:03	<20	0.00094
A~B	AFR	A*02:05~B*58:01	<20	0.00188
A~B	AFR	A*02:60~B*53:01	<20	0.00094
A~B	AFR	A*03:01~B*07:02	<20	0.0122
A~B	AFR	A*03:01~B*14:03	<20	0.00094
A~B	AFR	A*03:01~B*15:01	<20	0.00094
A~B	AFR	A*03:01~B*15:03	<20	0.00281
A~B	AFR	A*03:01~B*15:10	<20	0.00469
A~B	AFR	A*03:01~B*15:16	<20	0.00094
A~B	AFR	A*03:01~B*15:17	<20	0.00094
A~B	AFR	A*03:01~B*18:01	<20	0.00094
A~B	AFR	A*03:01~B*18:25	<20	0.00094
A~B	AFR	A*03:01~B*27:05	<20	0.00188
A~B	AFR	A*03:01~B*35:01	<20	0.00563
A~B	AFR	A*03:01~B*35:03	<20	0.00094
A~B	AFR	A*03:01~B*39:10	<20	0.00188
A~B	AFR	A*03:01~B*40:01	<20	0.00094
A~B	AFR	A*03:01~B*42:01	<20	0.00469
A~B	AFR	A*03:01~B*44:03	<20	0.00469
A~B	AFR	A*03:01~B*45:01	<20	0.00469
A~B	AFR	A*03:01~B*49:01	<20	0.00375
A~B	AFR	A*03:01~B*51:01	<20	0.00188
A~B	AFR	A*03:01~B*53:01	<20	0.0075
A~B	AFR	A*03:01~B*57:02	<20	0.00094
A~B	AFR	A*03:01~B*57:03	<20	0.00375
A~B	AFR	A*03:01~B*57:04	<20	0.00094
A~B	AFR	A*03:01~B*58:01	<20	0.00094
A~B	AFR	A*03:01~B*58:02	<20	0.00844
A~B	AFR	A*03:01~B*58:11	<20	0.00094
A~B	AFR	A*03:01~B*81:01	<20	0.00188
A~B	AFR	A*03:01~B*82:02	<20	0.00094
A~B	AFR	A*11:01~B*07:02	<20	0.00094
A~B	AFR	A*11:01~B*18:01	<20	0.00281
A~B	AFR	A*11:01~B*27:05	<20	0.00094
A~B	AFR	A*11:01~B*35:01	<20	0.00094
A~B	AFR	A*11:01~B*51:01	<20	0.00094
A~B	AFR	A*11:01~B*53:01	<20	0.00188
A~B	AFR	A*23:01~B*07:02	<20	0.00375
A~B	AFR	A*23:01~B*07:06	<20	0.00094
A~B	AFR	A*23:01~B*08:01	<20	0.00469
A~B	AFR	A*23:01~B*13:02	<20	0.00094
A~B	AFR	A*23:01~B*14:01	<20	0.00094
A~B	AFR	A*23:01~B*14:02	<20	0.00281
A~B	AFR	A*23:01~B*14:03	<20	0.00094
A~B	AFR	A*23:01~B*15:01	<20	0.00094
A~B	AFR	A*23:01~B*15:03	<20	0.00844
A~B	AFR	A*23:01~B*15:13	<20	0.00094
A~B	AFR	A*23:01~B*15:16	<20	0.00188
A~B	AFR	A*23:01~B*15:17	<20	0.00094
A~B	AFR	A*23:01~B*18:01	<20	0.00188
A~B	AFR	A*23:01~B*35:01	<20	0.00375
A~B	AFR	A*23:01~B*40:01	<20	0.00094
A~B	AFR	A*23:01~B*41:01	<20	0.00094
A~B	AFR	A*23:01~B*41:02	<20	0.00188
A~B	AFR	A*23:01~B*42:01	<20	0.00375
A~B	AFR	A*23:01~B*44:02	<20	0.00188
A~B	AFR	A*23:01~B*44:03	<20	0.00563
A~B	AFR	A*23:01~B*45:01	<20	0.00563
A~B	AFR	A*23:01~B*49:01	<20	0.00094
A~B	AFR	A*23:01~B*50:01	<20	0.00094
A~B	AFR	A*23:01~B*51:01	<20	0.00094
A~B	AFR	A*23:01~B*53:01	<20	0.00938
A~B	AFR	A*23:01~B*56:01	<20	0.00094
A~B	AFR	A*23:01~B*57:03	<20	0.00281
A~B	AFR	A*23:01~B*58:01	<20	0.0122
A~B	AFR	A*23:01~B*58:02	<20	0.00469
A~B	AFR	A*23:01~B*81:01	<20	0.00188
A~B	AFR	A*23:05~B*07:02	<20	0.00094
A~B	AFR	A*23:17~B*14:02	<20	0.00094
A~B	AFR	A*23:17~B*15:03	<20	0.00094
A~B	AFR	A*23:17~B*15:16	<20	0.00094
A~B	AFR	A*23:17~B*35:01	<20	0.00094
A~B	AFR	A*23:17~B*39:01	<20	0.00094
A~B	AFR	A*23:17~B*39:10	<20	0.00094
A~B	AFR	A*23:17~B*40:01	<20	0.00094
A~B	AFR	A*23:17~B*42:01	<20	0.00188
A~B	AFR	A*23:17~B*44:03	<20	0.00281
A~B	AFR	A*23:17~B*47:03	<20	0.00094
A~B	AFR	A*23:17~B*53:01	<20	0.00281
A~B	AFR	A*23:17~B*58:02	<20	0.00094
A~B	AFR	A*23:17~B*81:01	<20	0.00281
A~B	AFR	A*24:02~B*07:02	<20	0.00188
A~B	AFR	A*24:02~B*15:03	<20	0.00281
A~B	AFR	A*24:02~B*15:10	<20	0.00094
A~B	AFR	A*24:02~B*18:01	<20	0.00188
A~B	AFR	A*24:02~B*27:05	<20	0.00094
A~B	AFR	A*24:02~B*39:01	<20	0.00094
A~B	AFR	A*24:02~B*39:10	<20	0.00094
A~B	AFR	A*24:02~B*40:01	<20	0.00188
A~B	AFR	A*24:02~B*40:02	<20	0.00188
A~B	AFR	A*24:02~B*42:01	<20	0.00094
A~B	AFR	A*24:02~B*44:03	<20	0.00094
A~B	AFR	A*24:02~B*45:01	<20	0.00281
A~B	AFR	A*24:02~B*52:01	<20	0.00094
A~B	AFR	A*24:02~B*53:01	<20	0.00094
A~B	AFR	A*24:02~B*56:01	<20	0.00094
A~B	AFR	A*24:02~B*57:01	<20	0.00094
A~B	AFR	A*24:02~B*58:02	<20	0.00094
A~B	AFR	A*24:07~B*35:05	<20	0.00094
A~B	AFR	A*24:23~B*35:01	<20	0.00094
A~B	AFR	A*24:23~B*51:01	<20	0.00094
A~B	AFR	A*25:01~B*15:03	<20	0.00094
A~B	AFR	A*25:01~B*18:01	<20	0.00094
A~B	AFR	A*26:01~B*08:01	<20	0.00375
A~B	AFR	A*26:01~B*15:01	<20	0.00094
A~B	AFR	A*26:01~B*15:03	<20	0.00188
A~B	AFR	A*26:01~B*15:10	<20	0.00094
A~B	AFR	A*26:01~B*15:16	<20	0.00094
A~B	AFR	A*26:01~B*18:01	<20	0.00094
A~B	AFR	A*26:01~B*38:01	<20	0.00188
A~B	AFR	A*26:01~B*42:01	<20	0.00094
A~B	AFR	A*26:01~B*45:01	<20	0.00094
A~B	AFR	A*26:01~B*49:01	<20	0.00094
A~B	AFR	A*26:01~B*53:01	<20	0.00281
A~B	AFR	A*26:01~B*58:01	<20	0.00188
A~B	AFR	A*26:01~B*58:02	<20	0.00188
A~B	AFR	A*26:01~B*78:01	<20	0.00094
A~B	AFR	A*29:02~B*07:02	<20	0.00188
A~B	AFR	A*29:02~B*08:01	<20	0.00188
A~B	AFR	A*29:02~B*15:03	<20	0.00188
A~B	AFR	A*29:02~B*35:01	<20	0.00188
A~B	AFR	A*29:02~B*38:01	<20	0.00094
A~B	AFR	A*29:02~B*40:16	<20	0.00094
A~B	AFR	A*29:02~B*42:01	<20	0.00094
A~B	AFR	A*29:02~B*44:03	<20	0.00469
A~B	AFR	A*29:02~B*45:01	<20	0.00281
A~B	AFR	A*29:02~B*49:01	<20	0.00188
A~B	AFR	A*29:02~B*53:01	<20	0.00469
A~B	AFR	A*29:02~B*78:01	<20	0.00094
A~B	AFR	A*29:02~B*81:01	<20	0.00188
A~B	AFR	A*30:01~B*07:02	<20	0.00188
A~B	AFR	A*30:01~B*08:01	<20	0.00188
A~B	AFR	A*30:01~B*13:02	<20	0.00188
A~B	AFR	A*30:01~B*14:02	<20	0.00281
A~B	AFR	A*30:01~B*14:03	<20	0.00094
A~B	AFR	A*30:01~B*15:03	<20	0.00375
A~B	AFR	A*30:01~B*15:10	<20	0.00188
A~B	AFR	A*30:01~B*18:01	<20	0.00094
A~B	AFR	A*30:01~B*35:01	<20	0.00375
A~B	AFR	A*30:01~B*39:01	<20	0.00094
A~B	AFR	A*30:01~B*40:01	<20	0.00094
A~B	AFR	A*30:01~B*41:02	<20	0.00094
A~B	AFR	A*30:01~B*42:01	24	0.02251
A~B	AFR	A*30:01~B*42:02	<20	0.00563
A~B	AFR	A*30:01~B*44:02	<20	0.00188
A~B	AFR	A*30:01~B*44:03	<20	0.00281
A~B	AFR	A*30:01~B*45:01	<20	0.00375
A~B	AFR	A*30:01~B*49:01	<20	0.00094
A~B	AFR	A*30:01~B*51:01	<20	0.00094
A~B	AFR	A*30:01~B*52:01	<20	0.00281
A~B	AFR	A*30:01~B*53:01	<20	0.01032
A~B	AFR	A*30:01~B*57:03	<20	0.00375
A~B	AFR	A*30:01~B*58:01	<20	0.00375
A~B	AFR	A*30:01~B*58:02	<20	0.00094
A~B	AFR	A*30:02~B*07:02	<20	0.00188
A~B	AFR	A*30:02~B*08:01	<20	0.00657
A~B	AFR	A*30:02~B*14:01	<20	0.00188
A~B	AFR	A*30:02~B*14:02	<20	0.00375
A~B	AFR	A*30:02~B*15:03	<20	0.00281
A~B	AFR	A*30:02~B*15:10	<20	0.00281
A~B	AFR	A*30:02~B*15:16	<20	0.00188
A~B	AFR	A*30:02~B*18:01	<20	0.00188
A~B	AFR	A*30:02~B*35:01	<20	0.00281
A~B	AFR	A*30:02~B*42:01	<20	0.00281
A~B	AFR	A*30:02~B*42:02	<20	0.00094
A~B	AFR	A*30:02~B*44:03	<20	0.00375
A~B	AFR	A*30:02~B*45:01	<20	0.00469
A~B	AFR	A*30:02~B*49:01	<20	0.00094
A~B	AFR	A*30:02~B*50:01	<20	0.00094
A~B	AFR	A*30:02~B*51:01	<20	0.00094
A~B	AFR	A*30:02~B*53:01	<20	0.00844
A~B	AFR	A*30:02~B*57:03	<20	0.0075
A~B	AFR	A*30:02~B*58:01	<20	0.00188
A~B	AFR	A*30:02~B*81:01	<20	0.00188
A~B	AFR	A*30:04~B*08:01	<20	0.00188
A~B	AFR	A*30:04~B*15:03	<20	0.00094
A~B	AFR	A*30:78N~B*42:01	<20	0.00094
A~B	AFR	A*31:01~B*08:01	<20	0.00094
A~B	AFR	A*31:01~B*40:01	<20	0.00188
A~B	AFR	A*31:01~B*42:01	<20	0.00094
A~B	AFR	A*31:01~B*57:03	<20	0.00094
A~B	AFR	A*32:01~B*07:02	<20	0.00188
A~B	AFR	A*32:01~B*08:01	<20	0.00094
A~B	AFR	A*32:01~B*15:18	<20	0.00094
A~B	AFR	A*32:01~B*18:01	<20	0.00094
A~B	AFR	A*32:01~B*27:05	<20	0.00094
A~B	AFR	A*32:01~B*35:01	<20	0.00188
A~B	AFR	A*32:01~B*40:01	<20	0.00188
A~B	AFR	A*32:01~B*45:01	<20	0.00094
A~B	AFR	A*32:01~B*52:01	<20	0.00094
A~B	AFR	A*32:01~B*53:01	<20	0.00188
A~B	AFR	A*32:01~B*81:01	<20	0.00094
A~B	AFR	A*32:106~B*58:02	<20	0.00094
A~B	AFR	A*33:01~B*07:02	<20	0.00094
A~B	AFR	A*33:01~B*14:02	<20	0.00188
A~B	AFR	A*33:01~B*15:03	<20	0.00188
A~B	AFR	A*33:01~B*15:10	<20	0.00281
A~B	AFR	A*33:01~B*15:17	<20	0.00188
A~B	AFR	A*33:01~B*18:01	<20	0.00094
A~B	AFR	A*33:01~B*18:145	<20	0.00094
A~B	AFR	A*33:01~B*35:01	<20	0.00094
A~B	AFR	A*33:01~B*40:02	<20	0.00094
A~B	AFR	A*33:01~B*41:02	<20	0.00094
A~B	AFR	A*33:01~B*42:01	<20	0.00188
A~B	AFR	A*33:01~B*44:03	<20	0.00094
A~B	AFR	A*33:01~B*45:01	<20	0.00094
A~B	AFR	A*33:01~B*50:01	<20	0.00094
A~B	AFR	A*33:01~B*52:01	<20	0.00094
A~B	AFR	A*33:01~B*53:01	<20	0.00281
A~B	AFR	A*33:01~B*57:03	<20	0.00094
A~B	AFR	A*33:01~B*58:01	<20	0.00281
A~B	AFR	A*33:01~B*58:02	<20	0.00094
A~B	AFR	A*33:01~B*78:01	<20	0.00281
A~B	AFR	A*33:03~B*07:02	<20	0.00188
A~B	AFR	A*33:03~B*08:01	<20	0.00188
A~B	AFR	A*33:03~B*14:01	<20	0.00094
A~B	AFR	A*33:03~B*15:03	<20	0.00188
A~B	AFR	A*33:03~B*15:10	<20	0.00281
A~B	AFR	A*33:03~B*15:16	<20	0.00094
A~B	AFR	A*33:03~B*18:01	<20	0.00094
A~B	AFR	A*33:03~B*35:01	<20	0.00094
A~B	AFR	A*33:03~B*35:421	<20	0.00094
A~B	AFR	A*33:03~B*37:01	<20	0.00281
A~B	AFR	A*33:03~B*42:01	<20	0.00094
A~B	AFR	A*33:03~B*44:03	<20	0.00281
A~B	AFR	A*33:03~B*51:01	<20	0.00094
A~B	AFR	A*33:03~B*53:01	<20	0.01313
A~B	AFR	A*33:03~B*57:03	<20	0.00094
A~B	AFR	A*33:03~B*58:01	<20	0.00563
A~B	AFR	A*33:03~B*58:02	<20	0.00094
A~B	AFR	A*33:03~B*78:01	<20	0.00094
A~B	AFR	A*34:02~B*07:02	<20	0.00188
A~B	AFR	A*34:02~B*13:02	<20	0.00094
A~B	AFR	A*34:02~B*15:03	<20	0.00188
A~B	AFR	A*34:02~B*15:16	<20	0.00188
A~B	AFR	A*34:02~B*15:52	<20	0.00094
A~B	AFR	A*34:02~B*18:01	<20	0.00094
A~B	AFR	A*34:02~B*27:05	<20	0.00094
A~B	AFR	A*34:02~B*35:01	<20	0.00657
A~B	AFR	A*34:02~B*42:01	<20	0.00094
A~B	AFR	A*34:02~B*44:03	<20	0.00469
A~B	AFR	A*34:02~B*45:01	<20	0.00281
A~B	AFR	A*34:02~B*49:01	<20	0.00188
A~B	AFR	A*34:02~B*51:01	<20	0.00188
A~B	AFR	A*34:02~B*53:01	<20	0.00469
A~B	AFR	A*34:02~B*57:02	<20	0.00094
A~B	AFR	A*34:02~B*57:03	<20	0.00094
A~B	AFR	A*34:02~B*57:04	<20	0.00094
A~B	AFR	A*34:02~B*81:01	<20	0.00094
A~B	AFR	A*36:01~B*07:02	<20	0.00188
A~B	AFR	A*36:01~B*07:12	<20	0.00094
A~B	AFR	A*36:01~B*08:01	<20	0.00094
A~B	AFR	A*36:01~B*14:02	<20	0.00094
A~B	AFR	A*36:01~B*15:01	<20	0.00094
A~B	AFR	A*36:01~B*15:03	<20	0.00094
A~B	AFR	A*36:01~B*15:10	<20	0.00188
A~B	AFR	A*36:01~B*35:01	<20	0.00188
A~B	AFR	A*36:01~B*38:01	<20	0.00094
A~B	AFR	A*36:01~B*39:10	<20	0.00188
A~B	AFR	A*36:01~B*42:01	<20	0.00188
A~B	AFR	A*36:01~B*44:03	<20	0.00188
A~B	AFR	A*36:01~B*45:01	<20	0.00281
A~B	AFR	A*36:01~B*53:01	<20	0.00938
A~B	AFR	A*36:01~B*57:03	<20	0.00094
A~B	AFR	A*36:01~B*58:02	<20	0.00094
A~B	AFR	A*43:01~B*15:220	<20	0.00094
A~B	AFR	A*66:01~B*15:03	<20	0.00094
A~B	AFR	A*66:01~B*40:01	<20	0.00188
A~B	AFR	A*66:01~B*41:01	<20	0.00188
A~B	AFR	A*66:01~B*44:03	<20	0.00094
A~B	AFR	A*66:01~B*51:01	<20	0.00094
A~B	AFR	A*66:01~B*53:01	<20	0.00188
A~B	AFR	A*66:01~B*58:02	<20	0.00281
A~B	AFR	A*66:02~B*15:03	<20	0.00094
A~B	AFR	A*66:02~B*15:10	<20	0.00094
A~B	AFR	A*66:02~B*15:16	<20	0.00281
A~B	AFR	A*66:02~B*53:01	<20	0.00094
A~B	AFR	A*66:02~B*58:01	<20	0.00281
A~B	AFR	A*66:03~B*44:03	<20	0.00094
A~B	AFR	A*68:01~B*07:02	<20	0.00094
A~B	AFR	A*68:01~B*08:01	<20	0.00094
A~B	AFR	A*68:01~B*14:01	<20	0.00094
A~B	AFR	A*68:01~B*15:01	<20	0.00094
A~B	AFR	A*68:01~B*15:03	<20	0.00469
A~B	AFR	A*68:01~B*35:01	<20	0.00375
A~B	AFR	A*68:01~B*39:10	<20	0.00094
A~B	AFR	A*68:01~B*40:01	<20	0.00094
A~B	AFR	A*68:01~B*42:01	<20	0.00188
A~B	AFR	A*68:01~B*44:03	<20	0.00281
A~B	AFR	A*68:01~B*44:10	<20	0.00094
A~B	AFR	A*68:01~B*45:01	<20	0.00281
A~B	AFR	A*68:01~B*47:01	<20	0.00094
A~B	AFR	A*68:01~B*48:01	<20	0.00094
A~B	AFR	A*68:01~B*53:01	<20	0.00281
A~B	AFR	A*68:01~B*57:02	<20	0.00094
A~B	AFR	A*68:01~B*57:03	<20	0.00094
A~B	AFR	A*68:01~B*58:01	<20	0.00188
A~B	AFR	A*68:01~B*58:02	<20	0.00469
A~B	AFR	A*68:01~B*78:01	<20	0.00094
A~B	AFR	A*68:01~B*81:01	<20	0.00094
A~B	AFR	A*68:02~B*07:02	<20	0.00281
A~B	AFR	A*68:02~B*07:06	<20	0.00188
A~B	AFR	A*68:02~B*08:01	<20	0.00094
A~B	AFR	A*68:02~B*13:02	<20	0.00094
A~B	AFR	A*68:02~B*14:01	<20	0.00188
A~B	AFR	A*68:02~B*14:02	<20	0.00188
A~B	AFR	A*68:02~B*15:03	<20	0.00375
A~B	AFR	A*68:02~B*15:10	<20	0.01032
A~B	AFR	A*68:02~B*15:16	<20	0.00094
A~B	AFR	A*68:02~B*15:37	<20	0.00094
A~B	AFR	A*68:02~B*35:01	<20	0.00375
A~B	AFR	A*68:02~B*39:10	<20	0.00188
A~B	AFR	A*68:02~B*42:01	<20	0.00281
A~B	AFR	A*68:02~B*42:02	<20	0.00094
A~B	AFR	A*68:02~B*44:03	<20	0.00281
A~B	AFR	A*68:02~B*45:01	<20	0.00188
A~B	AFR	A*68:02~B*47:01	<20	0.00094
A~B	AFR	A*68:02~B*49:01	<20	0.00281
A~B	AFR	A*68:02~B*50:01	<20	0.00094
A~B	AFR	A*68:02~B*53:01	<20	0.0075
A~B	AFR	A*68:02~B*57:03	<20	0.00094
A~B	AFR	A*68:02~B*58:01	<20	0.00094
A~B	AFR	A*68:02~B*58:02	<20	0.00375
A~B	AFR	A*68:02~B*78:01	<20	0.00281
A~B	AFR	A*68:02~B*81:01	<20	0.00094
A~B	AFR	A*68:15~B*15:10	<20	0.00094
A~B	AFR	A*74:01~B*07:02	<20	0.00469
A~B	AFR	A*74:01~B*07:06	<20	0.00188
A~B	AFR	A*74:01~B*08:01	<20	0.00188
A~B	AFR	A*74:01~B*14:01	<20	0.00188
A~B	AFR	A*74:01~B*14:02	<20	0.00188
A~B	AFR	A*74:01~B*14:05	<20	0.00094
A~B	AFR	A*74:01~B*15:03	<20	0.00938
A~B	AFR	A*74:01~B*15:10	<20	0.00094
A~B	AFR	A*74:01~B*15:16	<20	0.00375
A~B	AFR	A*74:01~B*15:17	<20	0.00094
A~B	AFR	A*74:01~B*15:54	<20	0.00094
A~B	AFR	A*74:01~B*18:01	<20	0.00281
A~B	AFR	A*74:01~B*35:01	<20	0.00844
A~B	AFR	A*74:01~B*41:01	<20	0.00094
A~B	AFR	A*74:01~B*42:01	<20	0.00094
A~B	AFR	A*74:01~B*44:03	<20	0.00094
A~B	AFR	A*74:01~B*45:01	<20	0.00375
A~B	AFR	A*74:01~B*52:01	<20	0.00188
A~B	AFR	A*74:01~B*53:01	<20	0.00375
A~B	AFR	A*74:01~B*57:03	<20	0.00563
A~B	AFR	A*74:01~B*57:04	<20	0.00094
A~B	AFR	A*74:01~B*58:01	<20	0.00094
A~B	AFR	A*74:01~B*58:02	<20	0.00188
A~B	AFR	A*74:01~B*78:01	<20	0.00188
A~B	AFR	A*74:11~B*44:03	<20	0.00094
A~B	AFR	A*74:39~B*53:01	<20	0.00094
A~B	AFR	A*80:01~B*15:03	<20	0.00094
A~B	AFR	A*80:01~B*18:01	<20	0.00188
A~B	AFR	A*80:01~B*50:01	<20	0.00094
A~B	AFR	A*80:01~B*53:01	<20	0.00094
A~B	AFR	A*80:01~B*82:01	<20	0.00094
A~B	AMR	A*01:01~B*07:02	<20	0.00075
A~B	AMR	A*01:01~B*08:01	<20	0.01344
A~B	AMR	A*01:01~B*13:02	<20	0.00149
A~B	AMR	A*01:01~B*14:02	<20	0.00075
A~B	AMR	A*01:01~B*15:01	<20	0.00075
A~B	AMR	A*01:01~B*15:17	<20	0.00149
A~B	AMR	A*01:01~B*15:18	<20	0.00075
A~B	AMR	A*01:01~B*18:01	<20	0.00224
A~B	AMR	A*01:01~B*35:01	<20	0.00672
A~B	AMR	A*01:01~B*35:02	<20	0.00075
A~B	AMR	A*01:01~B*35:03	<20	0.00075
A~B	AMR	A*01:01~B*35:04	<20	0.00075
A~B	AMR	A*01:01~B*35:10	<20	0.00075
A~B	AMR	A*01:01~B*35:12	<20	0.00075
A~B	AMR	A*01:01~B*35:14	<20	0.00075
A~B	AMR	A*01:01~B*37:01	<20	0.00149
A~B	AMR	A*01:01~B*38:01	<20	0.00149
A~B	AMR	A*01:01~B*39:05	<20	0.00149
A~B	AMR	A*01:01~B*39:06	<20	0.00075
A~B	AMR	A*01:01~B*40:01	<20	0.00075
A~B	AMR	A*01:01~B*40:02	<20	0.00149
A~B	AMR	A*01:01~B*42:02	<20	0.00075
A~B	AMR	A*01:01~B*44:02	<20	0.00149
A~B	AMR	A*01:01~B*44:03	<20	0.00075
A~B	AMR	A*01:01~B*45:01	<20	0.00075
A~B	AMR	A*01:01~B*48:01	<20	0.00075
A~B	AMR	A*01:01~B*48:02	<20	0.00075
A~B	AMR	A*01:01~B*49:01	<20	0.00075
A~B	AMR	A*01:01~B*51:01	<20	0.00075
A~B	AMR	A*01:01~B*52:01	<20	0.00149
A~B	AMR	A*01:01~B*55:01	<20	0.00075
A~B	AMR	A*01:01~B*57:01	<20	0.00448
A~B	AMR	A*01:02~B*18:01	<20	0.00075
A~B	AMR	A*01:02~B*44:03	<20	0.00075
A~B	AMR	A*02:01~B*07:02	<20	0.01195
A~B	AMR	A*02:01~B*07:06	<20	0.00075
A~B	AMR	A*02:01~B*08:01	<20	0.00224
A~B	AMR	A*02:01~B*13:02	<20	0.00299
A~B	AMR	A*02:01~B*14:02	<20	0.00597
A~B	AMR	A*02:01~B*15:01	<20	0.00672
A~B	AMR	A*02:01~B*15:03	<20	0.00373
A~B	AMR	A*02:01~B*15:04	<20	0.00075
A~B	AMR	A*02:01~B*15:07	<20	0.00075
A~B	AMR	A*02:01~B*15:10	<20	0.00075
A~B	AMR	A*02:01~B*15:15	<20	0.00448
A~B	AMR	A*02:01~B*15:17	<20	0.00075
A~B	AMR	A*02:01~B*15:18	<20	0.00075
A~B	AMR	A*02:01~B*15:63	<20	0.00075
A~B	AMR	A*02:01~B*18:01	<20	0.00747
A~B	AMR	A*02:01~B*27:03	<20	0.00075
A~B	AMR	A*02:01~B*27:05	<20	0.00448
A~B	AMR	A*02:01~B*35:01	21	0.01568
A~B	AMR	A*02:01~B*35:02	<20	0.00075
A~B	AMR	A*02:01~B*35:03	<20	0.00299
A~B	AMR	A*02:01~B*35:04	<20	0.00149
A~B	AMR	A*02:01~B*35:05	<20	0.00075
A~B	AMR	A*02:01~B*35:08	<20	0.00149
A~B	AMR	A*02:01~B*35:12	<20	0.0112
A~B	AMR	A*02:01~B*35:16	<20	0.00224
A~B	AMR	A*02:01~B*35:17	<20	0.00299
A~B	AMR	A*02:01~B*35:20	<20	0.00075
A~B	AMR	A*02:01~B*35:43	<20	0.00224
A~B	AMR	A*02:01~B*37:01	<20	0.00075
A~B	AMR	A*02:01~B*38:01	<20	0.00373
A~B	AMR	A*02:01~B*39:01	<20	0.00672
A~B	AMR	A*02:01~B*39:02	<20	0.00149
A~B	AMR	A*02:01~B*39:05	<20	0.00523
A~B	AMR	A*02:01~B*39:06	<20	0.00672
A~B	AMR	A*02:01~B*39:08	<20	0.00299
A~B	AMR	A*02:01~B*39:09	<20	0.00075
A~B	AMR	A*02:01~B*39:14	<20	0.00075
A~B	AMR	A*02:01~B*40:01	<20	0.00448
A~B	AMR	A*02:01~B*40:02	<20	0.01046
A~B	AMR	A*02:01~B*40:03	<20	0.00075
A~B	AMR	A*02:01~B*40:04	<20	0.00075
A~B	AMR	A*02:01~B*40:05	<20	0.00149
A~B	AMR	A*02:01~B*40:08	<20	0.00075
A~B	AMR	A*02:01~B*41:01	<20	0.00224
A~B	AMR	A*02:01~B*42:01	<20	0.00224
A~B	AMR	A*02:01~B*44:02	<20	0.01195
A~B	AMR	A*02:01~B*44:03	<20	0.00672
A~B	AMR	A*02:01~B*45:01	<20	0.00597
A~B	AMR	A*02:01~B*48:01	<20	0.00822
A~B	AMR	A*02:01~B*48:02	<20	0.00075
A~B	AMR	A*02:01~B*49:01	<20	0.00523
A~B	AMR	A*02:01~B*50:01	<20	0.00448
A~B	AMR	A*02:01~B*51:01	28	0.02091
A~B	AMR	A*02:01~B*51:02	<20	0.00299
A~B	AMR	A*02:01~B*52:01	<20	0.00448
A~B	AMR	A*02:01~B*53:01	<20	0.00075
A~B	AMR	A*02:01~B*55:01	<20	0.00149
A~B	AMR	A*02:01~B*56:01	<20	0.00075
A~B	AMR	A*02:01~B*57:01	<20	0.00075
A~B	AMR	A*02:01~B*58:01	<20	0.00075
A~B	AMR	A*02:01~B*78:01	<20	0.00075
A~B	AMR	A*02:02~B*07:02	<20	0.00075
A~B	AMR	A*02:02~B*14:02	<20	0.00075
A~B	AMR	A*02:02~B*15:16	<20	0.00075
A~B	AMR	A*02:02~B*39:10	<20	0.00075
A~B	AMR	A*02:02~B*40:02	<20	0.00075
A~B	AMR	A*02:02~B*45:01	<20	0.00075
A~B	AMR	A*02:02~B*53:01	<20	0.00075
A~B	AMR	A*02:02~B*58:02	<20	0.00075
A~B	AMR	A*02:04~B*35:01	<20	0.00075
A~B	AMR	A*02:04~B*51:01	<20	0.00149
A~B	AMR	A*02:05~B*07:06	<20	0.00075
A~B	AMR	A*02:05~B*08:01	<20	0.00075
A~B	AMR	A*02:05~B*14:02	<20	0.00075
A~B	AMR	A*02:05~B*15:01	<20	0.00075
A~B	AMR	A*02:05~B*15:220	<20	0.00075
A~B	AMR	A*02:05~B*18:01	<20	0.00075
A~B	AMR	A*02:05~B*41:01	<20	0.00075
A~B	AMR	A*02:05~B*44:03	<20	0.00075
A~B	AMR	A*02:05~B*45:01	<20	0.00075
A~B	AMR	A*02:05~B*49:01	<20	0.00224
A~B	AMR	A*02:05~B*50:01	<20	0.00075
A~B	AMR	A*02:05~B*51:01	<20	0.00075
A~B	AMR	A*02:05~B*58:01	<20	0.00224
A~B	AMR	A*02:06~B*07:02	<20	0.00149
A~B	AMR	A*02:06~B*15:01	<20	0.00149
A~B	AMR	A*02:06~B*15:15	<20	0.00075
A~B	AMR	A*02:06~B*18:01	<20	0.00075
A~B	AMR	A*02:06~B*27:05	<20	0.00224
A~B	AMR	A*02:06~B*35:01	<20	0.00373
A~B	AMR	A*02:06~B*35:03	<20	0.00149
A~B	AMR	A*02:06~B*35:04	<20	0.00075
A~B	AMR	A*02:06~B*35:08	<20	0.00075
A~B	AMR	A*02:06~B*35:12	<20	0.00075
A~B	AMR	A*02:06~B*35:17	<20	0.00299
A~B	AMR	A*02:06~B*35:43	<20	0.00075
A~B	AMR	A*02:06~B*39:01	<20	0.00075
A~B	AMR	A*02:06~B*39:05	<20	0.00448
A~B	AMR	A*02:06~B*39:06	<20	0.00149
A~B	AMR	A*02:06~B*39:08	<20	0.00075
A~B	AMR	A*02:06~B*40:02	<20	0.00523
A~B	AMR	A*02:06~B*40:05	<20	0.00075
A~B	AMR	A*02:06~B*44:02	<20	0.00075
A~B	AMR	A*02:06~B*48:01	<20	0.00149
A~B	AMR	A*02:06~B*49:01	<20	0.00075
A~B	AMR	A*02:06~B*51:01	<20	0.00299
A~B	AMR	A*02:06~B*52:01	<20	0.00075
A~B	AMR	A*02:06~B*55:01	<20	0.00075
A~B	AMR	A*02:06~B*56:01	<20	0.00149
A~B	AMR	A*02:09~B*39:06	<20	0.00075
A~B	AMR	A*02:11~B*15:04	<20	0.00075
A~B	AMR	A*02:11~B*40:02	<20	0.00075
A~B	AMR	A*02:11~B*40:04	<20	0.00299
A~B	AMR	A*02:11~B*51:01	<20	0.00075
A~B	AMR	A*02:13~B*48:01	<20	0.00075
A~B	AMR	A*02:13~B*51:01	<20	0.00149
A~B	AMR	A*02:17~B*51:01	<20	0.00075
A~B	AMR	A*02:20~B*07:02	<20	0.00075
A~B	AMR	A*02:20~B*38:01	<20	0.00075
A~B	AMR	A*02:22~B*35:20	<20	0.00075
A~B	AMR	A*02:22~B*40:03	<20	0.00075
A~B	AMR	A*02:22~B*44:02	<20	0.00075
A~B	AMR	A*02:33~B*35:03	<20	0.00075
A~B	AMR	A*02:33~B*39:02	<20	0.00075
A~B	AMR	A*02:481~B*35:01	<20	0.00075
A~B	AMR	A*02:642~B*35:12	<20	0.00075
A~B	AMR	A*02:742~B*49:01	<20	0.00075
A~B	AMR	A*02:759~B*35:12	<20	0.00075
A~B	AMR	A*03:01~B*07:02	<20	0.00971
A~B	AMR	A*03:01~B*08:01	<20	0.00075
A~B	AMR	A*03:01~B*14:02	<20	0.00299
A~B	AMR	A*03:01~B*15:01	<20	0.00075
A~B	AMR	A*03:01~B*15:03	<20	0.00075
A~B	AMR	A*03:01~B*15:16	<20	0.00075
A~B	AMR	A*03:01~B*15:39	<20	0.00075
A~B	AMR	A*03:01~B*18:01	<20	0.00149
A~B	AMR	A*03:01~B*27:05	<20	0.00224
A~B	AMR	A*03:01~B*35:01	<20	0.00523
A~B	AMR	A*03:01~B*35:02	<20	0.00075
A~B	AMR	A*03:01~B*35:03	<20	0.00075
A~B	AMR	A*03:01~B*35:08	<20	0.00149
A~B	AMR	A*03:01~B*35:20	<20	0.00075
A~B	AMR	A*03:01~B*39:05	<20	0.00075
A~B	AMR	A*03:01~B*39:06	<20	0.00149
A~B	AMR	A*03:01~B*39:11	<20	0.00075
A~B	AMR	A*03:01~B*40:01	<20	0.00149
A~B	AMR	A*03:01~B*40:02	<20	0.00149
A~B	AMR	A*03:01~B*44:02	<20	0.00149
A~B	AMR	A*03:01~B*44:03	<20	0.00224
A~B	AMR	A*03:01~B*44:05	<20	0.00075
A~B	AMR	A*03:01~B*45:01	<20	0.00149
A~B	AMR	A*03:01~B*49:01	<20	0.00373
A~B	AMR	A*03:01~B*50:02	<20	0.00075
A~B	AMR	A*03:01~B*51:01	<20	0.00224
A~B	AMR	A*03:01~B*52:01	<20	0.00075
A~B	AMR	A*03:01~B*53:01	<20	0.00149
A~B	AMR	A*03:01~B*57:02	<20	0.00075
A~B	AMR	A*03:01~B*58:01	<20	0.00149
A~B	AMR	A*03:01~B*78:01	<20	0.00075
A~B	AMR	A*03:02~B*38:01	<20	0.00075
A~B	AMR	A*03:02~B*51:01	<20	0.00075
A~B	AMR	A*11:01~B*07:02	<20	0.00149
A~B	AMR	A*11:01~B*08:01	<20	0.00075
A~B	AMR	A*11:01~B*14:02	<20	0.00149
A~B	AMR	A*11:01~B*15:01	<20	0.00075
A~B	AMR	A*11:01~B*15:03	<20	0.00224
A~B	AMR	A*11:01~B*15:15	<20	0.00075
A~B	AMR	A*11:01~B*15:18	<20	0.00075
A~B	AMR	A*11:01~B*15:25	<20	0.00075
A~B	AMR	A*11:01~B*18:01	<20	0.00149
A~B	AMR	A*11:01~B*27:05	<20	0.00299
A~B	AMR	A*11:01~B*35:01	<20	0.00672
A~B	AMR	A*11:01~B*35:02	<20	0.00075
A~B	AMR	A*11:01~B*35:03	<20	0.00149
A~B	AMR	A*11:01~B*35:12	<20	0.00149
A~B	AMR	A*11:01~B*35:17	<20	0.00075
A~B	AMR	A*11:01~B*35:332	<20	0.00075
A~B	AMR	A*11:01~B*39:06	<20	0.00075
A~B	AMR	A*11:01~B*39:11	<20	0.00075
A~B	AMR	A*11:01~B*40:01	<20	0.00448
A~B	AMR	A*11:01~B*40:02	<20	0.00149
A~B	AMR	A*11:01~B*40:05	<20	0.00075
A~B	AMR	A*11:01~B*42:01	<20	0.00075
A~B	AMR	A*11:01~B*44:02	<20	0.00149
A~B	AMR	A*11:01~B*44:03	<20	0.00448
A~B	AMR	A*11:01~B*45:01	<20	0.00075
A~B	AMR	A*11:01~B*46:01	<20	0.00075
A~B	AMR	A*11:01~B*49:01	<20	0.00075
A~B	AMR	A*11:01~B*51:01	<20	0.00224
A~B	AMR	A*11:01~B*53:01	<20	0.00149
A~B	AMR	A*11:01~B*55:01	<20	0.00149
A~B	AMR	A*11:01~B*57:01	<20	0.00075
A~B	AMR	A*23:01~B*07:02	<20	0.00299
A~B	AMR	A*23:01~B*07:06	<20	0.00075
A~B	AMR	A*23:01~B*08:01	<20	0.00224
A~B	AMR	A*23:01~B*15:03	<20	0.00149
A~B	AMR	A*23:01~B*15:17	<20	0.00075
A~B	AMR	A*23:01~B*18:01	<20	0.00075
A~B	AMR	A*23:01~B*35:01	<20	0.00075
A~B	AMR	A*23:01~B*40:05	<20	0.00075
A~B	AMR	A*23:01~B*41:01	<20	0.00075
A~B	AMR	A*23:01~B*44:02	<20	0.00075
A~B	AMR	A*23:01~B*44:03	<20	0.00373
A~B	AMR	A*23:01~B*45:01	<20	0.00075
A~B	AMR	A*23:01~B*49:01	<20	0.00224
A~B	AMR	A*23:01~B*50:01	<20	0.00075
A~B	AMR	A*23:01~B*51:01	<20	0.00075
A~B	AMR	A*23:01~B*53:01	<20	0.00075
A~B	AMR	A*23:01~B*58:02	<20	0.00075
A~B	AMR	A*23:17~B*07:02	<20	0.00075
A~B	AMR	A*23:17~B*15:03	<20	0.00224
A~B	AMR	A*24:02~B*07:02	<20	0.00448
A~B	AMR	A*24:02~B*08:01	<20	0.00224
A~B	AMR	A*24:02~B*13:02	<20	0.00075
A~B	AMR	A*24:02~B*14:01	<20	0.00075
A~B	AMR	A*24:02~B*14:02	<20	0.00224
A~B	AMR	A*24:02~B*15:01	<20	0.00224
A~B	AMR	A*24:02~B*15:15	<20	0.00149
A~B	AMR	A*24:02~B*15:20	<20	0.00149
A~B	AMR	A*24:02~B*15:220	<20	0.00075
A~B	AMR	A*24:02~B*15:39	<20	0.00075
A~B	AMR	A*24:02~B*18:01	<20	0.00373
A~B	AMR	A*24:02~B*27:05	<20	0.00224
A~B	AMR	A*24:02~B*35:01	22	0.01643
A~B	AMR	A*24:02~B*35:02	<20	0.00448
A~B	AMR	A*24:02~B*35:03	<20	0.00523
A~B	AMR	A*24:02~B*35:05	<20	0.00075
A~B	AMR	A*24:02~B*35:08	<20	0.00149
A~B	AMR	A*24:02~B*35:12	<20	0.00373
A~B	AMR	A*24:02~B*35:14	<20	0.00373
A~B	AMR	A*24:02~B*35:17	<20	0.00149
A~B	AMR	A*24:02~B*35:43	<20	0.00224
A~B	AMR	A*24:02~B*38:01	<20	0.00299
A~B	AMR	A*24:02~B*39:01	<20	0.00299
A~B	AMR	A*24:02~B*39:05	<20	0.00448
A~B	AMR	A*24:02~B*39:06	25	0.01867
A~B	AMR	A*24:02~B*40:01	<20	0.00224
A~B	AMR	A*24:02~B*40:02	20	0.01494
A~B	AMR	A*24:02~B*40:05	<20	0.00149
A~B	AMR	A*24:02~B*41:01	<20	0.00075
A~B	AMR	A*24:02~B*44:02	<20	0.00299
A~B	AMR	A*24:02~B*44:03	<20	0.00448
A~B	AMR	A*24:02~B*45:01	<20	0.00448
A~B	AMR	A*24:02~B*48:01	<20	0.00373
A~B	AMR	A*24:02~B*49:01	<20	0.00373
A~B	AMR	A*24:02~B*51:01	<20	0.00448
A~B	AMR	A*24:02~B*51:02	<20	0.00224
A~B	AMR	A*24:02~B*51:07	<20	0.00075
A~B	AMR	A*24:02~B*52:01	<20	0.00149
A~B	AMR	A*24:02~B*58:01	<20	0.00149
A~B	AMR	A*24:03~B*35:04	<20	0.00075
A~B	AMR	A*24:03~B*35:08	<20	0.00075
A~B	AMR	A*24:03~B*38:01	<20	0.00075
A~B	AMR	A*24:03~B*40:01	<20	0.00075
A~B	AMR	A*24:03~B*51:01	<20	0.00075
A~B	AMR	A*24:25~B*07:02	<20	0.00075
A~B	AMR	A*24:25~B*15:01	<20	0.00075
A~B	AMR	A*24:25~B*35:43	<20	0.00075
A~B	AMR	A*24:25~B*39:05	<20	0.00075
A~B	AMR	A*24:25~B*48:01	<20	0.00075
A~B	AMR	A*24:25~B*52:01	<20	0.00149
A~B	AMR	A*24:53~B*48:01	<20	0.00075
A~B	AMR	A*25:01~B*08:01	<20	0.00075
A~B	AMR	A*25:01~B*15:01	<20	0.00149
A~B	AMR	A*25:01~B*18:01	<20	0.00299
A~B	AMR	A*25:01~B*44:02	<20	0.00075
A~B	AMR	A*25:01~B*44:03	<20	0.00224
A~B	AMR	A*25:01~B*49:01	<20	0.00075
A~B	AMR	A*25:01~B*57:03	<20	0.00075
A~B	AMR	A*26:01~B*07:02	<20	0.00075
A~B	AMR	A*26:01~B*08:01	<20	0.00149
A~B	AMR	A*26:01~B*14:01	<20	0.00075
A~B	AMR	A*26:01~B*14:02	<20	0.00075
A~B	AMR	A*26:01~B*15:01	<20	0.00075
A~B	AMR	A*26:01~B*15:03	<20	0.00075
A~B	AMR	A*26:01~B*35:02	<20	0.00149
A~B	AMR	A*26:01~B*35:03	<20	0.00075
A~B	AMR	A*26:01~B*35:12	<20	0.00075
A~B	AMR	A*26:01~B*35:17	<20	0.00075
A~B	AMR	A*26:01~B*38:01	<20	0.00672
A~B	AMR	A*26:01~B*39:06	<20	0.00075
A~B	AMR	A*26:01~B*40:02	<20	0.00075
A~B	AMR	A*26:01~B*44:02	<20	0.00149
A~B	AMR	A*26:01~B*44:03	<20	0.00149
A~B	AMR	A*26:01~B*51:01	<20	0.00149
A~B	AMR	A*26:01~B*52:01	<20	0.00149
A~B	AMR	A*26:01~B*55:01	<20	0.00075
A~B	AMR	A*26:01~B*57:01	<20	0.00075
A~B	AMR	A*26:01~B*58:01	<20	0.00149
A~B	AMR	A*29:01~B*14:02	<20	0.00075
A~B	AMR	A*29:02~B*07:02	<20	0.00075
A~B	AMR	A*29:02~B*13:02	<20	0.00075
A~B	AMR	A*29:02~B*14:01	<20	0.00075
A~B	AMR	A*29:02~B*14:02	<20	0.00149
A~B	AMR	A*29:02~B*15:01	<20	0.00075
A~B	AMR	A*29:02~B*15:31	<20	0.00075
A~B	AMR	A*29:02~B*35:01	<20	0.00299
A~B	AMR	A*29:02~B*35:03	<20	0.00075
A~B	AMR	A*29:02~B*35:12	<20	0.00149
A~B	AMR	A*29:02~B*35:17	<20	0.00075
A~B	AMR	A*29:02~B*35:43	<20	0.00075
A~B	AMR	A*29:02~B*40:01	<20	0.00075
A~B	AMR	A*29:02~B*40:02	<20	0.00149
A~B	AMR	A*29:02~B*40:11	<20	0.00075
A~B	AMR	A*29:02~B*41:01	<20	0.00075
A~B	AMR	A*29:02~B*42:01	<20	0.00075
A~B	AMR	A*29:02~B*44:02	<20	0.00149
A~B	AMR	A*29:02~B*44:03	21	0.01568
A~B	AMR	A*29:02~B*45:01	<20	0.00299
A~B	AMR	A*29:02~B*51:01	<20	0.00075
A~B	AMR	A*29:02~B*52:01	<20	0.00075
A~B	AMR	A*30:01~B*07:02	<20	0.00149
A~B	AMR	A*30:01~B*08:01	<20	0.00075
A~B	AMR	A*30:01~B*13:02	<20	0.00299
A~B	AMR	A*30:01~B*15:01	<20	0.00075
A~B	AMR	A*30:01~B*35:01	<20	0.00075
A~B	AMR	A*30:01~B*35:02	<20	0.00075
A~B	AMR	A*30:01~B*41:01	<20	0.00075
A~B	AMR	A*30:01~B*42:01	<20	0.00149
A~B	AMR	A*30:01~B*42:02	<20	0.00224
A~B	AMR	A*30:01~B*44:02	<20	0.00075
A~B	AMR	A*30:01~B*45:01	<20	0.00075
A~B	AMR	A*30:01~B*48:01	<20	0.00075
A~B	AMR	A*30:01~B*51:01	<20	0.00075
A~B	AMR	A*30:01~B*52:01	<20	0.00075
A~B	AMR	A*30:01~B*53:01	<20	0.00149
A~B	AMR	A*30:02~B*07:02	<20	0.00075
A~B	AMR	A*30:02~B*08:01	<20	0.00075
A~B	AMR	A*30:02~B*14:02	<20	0.00299
A~B	AMR	A*30:02~B*18:01	<20	0.00448
A~B	AMR	A*30:02~B*27:05	<20	0.00075
A~B	AMR	A*30:02~B*35:01	<20	0.00075
A~B	AMR	A*30:02~B*40:01	<20	0.00075
A~B	AMR	A*30:02~B*41:01	<20	0.00075
A~B	AMR	A*30:02~B*44:02	<20	0.00075
A~B	AMR	A*30:02~B*51:01	<20	0.00149
A~B	AMR	A*30:02~B*51:07	<20	0.00075
A~B	AMR	A*30:02~B*53:01	<20	0.00149
A~B	AMR	A*30:02~B*56:01	<20	0.00075
A~B	AMR	A*30:02~B*57:03	<20	0.00075
A~B	AMR	A*30:02~B*58:01	<20	0.00075
A~B	AMR	A*30:02~B*58:02	<20	0.00075
A~B	AMR	A*30:04~B*14:01	<20	0.00075
A~B	AMR	A*30:04~B*44:03	<20	0.00224
A~B	AMR	A*30:04~B*58:02	<20	0.00075
A~B	AMR	A*30:10~B*41:01	<20	0.00149
A~B	AMR	A*30:10~B*55:01	<20	0.00075
A~B	AMR	A*31:01~B*07:02	<20	0.00149
A~B	AMR	A*31:01~B*08:01	<20	0.00075
A~B	AMR	A*31:01~B*14:02	<20	0.00075
A~B	AMR	A*31:01~B*15:01	<20	0.00075
A~B	AMR	A*31:01~B*15:15	<20	0.00075
A~B	AMR	A*31:01~B*15:30	<20	0.00224
A~B	AMR	A*31:01~B*18:01	<20	0.00224
A~B	AMR	A*31:01~B*27:05	<20	0.00448
A~B	AMR	A*31:01~B*35:01	<20	0.00523
A~B	AMR	A*31:01~B*35:03	<20	0.00075
A~B	AMR	A*31:01~B*35:11	<20	0.00075
A~B	AMR	A*31:01~B*35:12	<20	0.00523
A~B	AMR	A*31:01~B*35:17	<20	0.00075
A~B	AMR	A*31:01~B*35:43	<20	0.00075
A~B	AMR	A*31:01~B*39:01	<20	0.00075
A~B	AMR	A*31:01~B*39:05	<20	0.00822
A~B	AMR	A*31:01~B*39:06	<20	0.00299
A~B	AMR	A*31:01~B*40:01	<20	0.00224
A~B	AMR	A*31:01~B*40:02	<20	0.00523
A~B	AMR	A*31:01~B*44:03	<20	0.00075
A~B	AMR	A*31:01~B*48:01	<20	0.00149
A~B	AMR	A*31:01~B*51:01	<20	0.00448
A~B	AMR	A*31:01~B*51:02	<20	0.00672
A~B	AMR	A*31:01~B*52:01	<20	0.00075
A~B	AMR	A*31:01~B*56:01	<20	0.00075
A~B	AMR	A*31:02~B*51:01	<20	0.00075
A~B	AMR	A*32:01~B*07:02	<20	0.00149
A~B	AMR	A*32:01~B*13:02	<20	0.00075
A~B	AMR	A*32:01~B*14:01	<20	0.00224
A~B	AMR	A*32:01~B*14:02	<20	0.00224
A~B	AMR	A*32:01~B*15:03	<20	0.00075
A~B	AMR	A*32:01~B*15:16	<20	0.00075
A~B	AMR	A*32:01~B*15:17	<20	0.00075
A~B	AMR	A*32:01~B*18:01	<20	0.00149
A~B	AMR	A*32:01~B*27:05	<20	0.00149
A~B	AMR	A*32:01~B*35:01	<20	0.00224
A~B	AMR	A*32:01~B*35:03	<20	0.00075
A~B	AMR	A*32:01~B*35:12	<20	0.00075
A~B	AMR	A*32:01~B*38:01	<20	0.00075
A~B	AMR	A*32:01~B*39:05	<20	0.00075
A~B	AMR	A*32:01~B*40:01	<20	0.00075
A~B	AMR	A*32:01~B*40:02	<20	0.00075
A~B	AMR	A*32:01~B*42:02	<20	0.00075
A~B	AMR	A*32:01~B*44:02	<20	0.00075
A~B	AMR	A*32:01~B*44:03	<20	0.00149
A~B	AMR	A*32:01~B*44:05	<20	0.00075
A~B	AMR	A*32:01~B*45:01	<20	0.00075
A~B	AMR	A*32:01~B*49:01	<20	0.00149
A~B	AMR	A*32:01~B*53:01	<20	0.00149
A~B	AMR	A*32:01~B*57:01	<20	0.00075
A~B	AMR	A*32:01~B*58:01	<20	0.00075
A~B	AMR	A*32:122~B*35:01	<20	0.00075
A~B	AMR	A*33:01~B*14:02	<20	0.01046
A~B	AMR	A*33:01~B*15:10	<20	0.00075
A~B	AMR	A*33:01~B*18:01	<20	0.00075
A~B	AMR	A*33:01~B*27:05	<20	0.00149
A~B	AMR	A*33:01~B*35:01	<20	0.00075
A~B	AMR	A*33:01~B*35:03	<20	0.00075
A~B	AMR	A*33:01~B*35:24	<20	0.00075
A~B	AMR	A*33:01~B*42:01	<20	0.00075
A~B	AMR	A*33:01~B*44:03	<20	0.00224
A~B	AMR	A*33:01~B*50:01	<20	0.00075
A~B	AMR	A*33:01~B*51:01	<20	0.00224
A~B	AMR	A*33:01~B*78:01	<20	0.00149
A~B	AMR	A*33:03~B*07:02	<20	0.00075
A~B	AMR	A*33:03~B*08:01	<20	0.00075
A~B	AMR	A*33:03~B*13:02	<20	0.00075
A~B	AMR	A*33:03~B*15:10	<20	0.00149
A~B	AMR	A*33:03~B*18:01	<20	0.00075
A~B	AMR	A*33:03~B*27:03	<20	0.00075
A~B	AMR	A*33:03~B*35:14	<20	0.00075
A~B	AMR	A*33:03~B*38:01	<20	0.00075
A~B	AMR	A*33:03~B*44:02	<20	0.00075
A~B	AMR	A*33:03~B*58:01	<20	0.00075
A~B	AMR	A*33:05~B*14:02	<20	0.00075
A~B	AMR	A*34:02~B*07:02	<20	0.00075
A~B	AMR	A*34:02~B*39:06	<20	0.00075
A~B	AMR	A*34:02~B*44:03	<20	0.00149
A~B	AMR	A*34:02~B*53:01	<20	0.00075
A~B	AMR	A*34:02~B*57:03	<20	0.00075
A~B	AMR	A*34:02~B*58:01	<20	0.00075
A~B	AMR	A*36:01~B*53:01	<20	0.00075
A~B	AMR	A*66:01~B*41:02	<20	0.00149
A~B	AMR	A*66:01~B*57:01	<20	0.00075
A~B	AMR	A*66:01~B*58:02	<20	0.00299
A~B	AMR	A*66:01~B*81:01	<20	0.00075
A~B	AMR	A*68:01~B*07:02	<20	0.00075
A~B	AMR	A*68:01~B*14:02	<20	0.00075
A~B	AMR	A*68:01~B*15:01	<20	0.00075
A~B	AMR	A*68:01~B*15:15	<20	0.00149
A~B	AMR	A*68:01~B*15:24	<20	0.00075
A~B	AMR	A*68:01~B*27:05	<20	0.00075
A~B	AMR	A*68:01~B*35:01	<20	0.00672
A~B	AMR	A*68:01~B*35:02	<20	0.00075
A~B	AMR	A*68:01~B*35:03	<20	0.00075
A~B	AMR	A*68:01~B*35:12	<20	0.00075
A~B	AMR	A*68:01~B*39:01	<20	0.00075
A~B	AMR	A*68:01~B*39:02	<20	0.00075
A~B	AMR	A*68:01~B*39:05	<20	0.00149
A~B	AMR	A*68:01~B*39:06	<20	0.00299
A~B	AMR	A*68:01~B*39:08	<20	0.00075
A~B	AMR	A*68:01~B*40:01	<20	0.00075
A~B	AMR	A*68:01~B*40:02	<20	0.00373
A~B	AMR	A*68:01~B*40:04	<20	0.00075
A~B	AMR	A*68:01~B*40:08	<20	0.00149
A~B	AMR	A*68:01~B*44:02	<20	0.00224
A~B	AMR	A*68:01~B*45:01	<20	0.00149
A~B	AMR	A*68:01~B*48:01	<20	0.00597
A~B	AMR	A*68:01~B*49:01	<20	0.00149
A~B	AMR	A*68:01~B*51:01	<20	0.00075
A~B	AMR	A*68:01~B*52:01	<20	0.00224
A~B	AMR	A*68:01~B*57:01	<20	0.00075
A~B	AMR	A*68:01~B*58:01	<20	0.00075
A~B	AMR	A*68:02~B*07:02	<20	0.00149
A~B	AMR	A*68:02~B*14:02	<20	0.00299
A~B	AMR	A*68:02~B*15:01	<20	0.00075
A~B	AMR	A*68:02~B*15:10	<20	0.00149
A~B	AMR	A*68:02~B*27:05	<20	0.00075
A~B	AMR	A*68:02~B*35:01	<20	0.00149
A~B	AMR	A*68:02~B*35:02	<20	0.00075
A~B	AMR	A*68:02~B*38:01	<20	0.00075
A~B	AMR	A*68:02~B*40:08	<20	0.00075
A~B	AMR	A*68:02~B*44:03	<20	0.00149
A~B	AMR	A*68:02~B*48:01	<20	0.00075
A~B	AMR	A*68:02~B*50:01	<20	0.00075
A~B	AMR	A*68:02~B*53:01	<20	0.00448
A~B	AMR	A*68:02~B*57:03	<20	0.00523
A~B	AMR	A*68:02~B*58:01	<20	0.00075
A~B	AMR	A*68:02~B*78:01	<20	0.00075
A~B	AMR	A*68:02~B*81:01	<20	0.00075
A~B	AMR	A*68:03~B*14:02	<20	0.00149
A~B	AMR	A*68:03~B*15:01	<20	0.00149
A~B	AMR	A*68:03~B*15:30	<20	0.00075
A~B	AMR	A*68:03~B*27:05	<20	0.00075
A~B	AMR	A*68:03~B*35:01	<20	0.00149
A~B	AMR	A*68:03~B*35:02	<20	0.00075
A~B	AMR	A*68:03~B*35:12	<20	0.00149
A~B	AMR	A*68:03~B*35:16	<20	0.00075
A~B	AMR	A*68:03~B*35:26	<20	0.00075
A~B	AMR	A*68:03~B*35:43	<20	0.00075
A~B	AMR	A*68:03~B*39:05	<20	0.00672
A~B	AMR	A*68:03~B*39:06	<20	0.00149
A~B	AMR	A*68:03~B*40:02	<20	0.00075
A~B	AMR	A*68:03~B*40:05	<20	0.00075
A~B	AMR	A*68:03~B*40:08	<20	0.00075
A~B	AMR	A*68:03~B*51:02	<20	0.00075
A~B	AMR	A*68:05~B*35:12	<20	0.00075
A~B	AMR	A*68:05~B*35:17	<20	0.00075
A~B	AMR	A*68:05~B*35:20	<20	0.00075
A~B	AMR	A*68:05~B*40:02	<20	0.00149
A~B	AMR	A*68:05~B*40:05	<20	0.00075
A~B	AMR	A*68:12~B*40:02	<20	0.00075
A~B	AMR	A*69:01~B*35:03	<20	0.00075
A~B	AMR	A*69:01~B*40:02	<20	0.00075
A~B	AMR	A*69:01~B*41:01	<20	0.00075
A~B	AMR	A*69:01~B*55:01	<20	0.00149
A~B	AMR	A*74:01~B*14:02	<20	0.00149
A~B	AMR	A*74:01~B*15:03	<20	0.00149
A~B	AMR	A*74:01~B*15:10	<20	0.00075
A~B	AMR	A*74:01~B*18:145	<20	0.00075
A~B	AMR	A*74:01~B*35:01	<20	0.00149
A~B	AMR	A*74:01~B*53:01	<20	0.00149
A~B	AMR	A*74:01~B*57:03	<20	0.00075
A~B	EAS	A*01:01~B*07:05	<20	0.00152
A~B	EAS	A*01:01~B*15:01	<20	0.00152
A~B	EAS	A*01:01~B*35:03	<20	0.00303
A~B	EAS	A*01:01~B*38:01	<20	0.00152
A~B	EAS	A*01:01~B*40:06	<20	0.00152
A~B	EAS	A*01:01~B*40:10	<20	0.00152
A~B	EAS	A*01:01~B*51:361N	<20	0.00152
A~B	EAS	A*01:01~B*57:01	<20	0.00303
A~B	EAS	A*02:01~B*07:02	<20	0.00303
A~B	EAS	A*02:01~B*13:01	<20	0.00607
A~B	EAS	A*02:01~B*15:01	<20	0.00607
A~B	EAS	A*02:01~B*15:02	<20	0.00455
A~B	EAS	A*02:01~B*15:07	<20	0.00152
A~B	EAS	A*02:01~B*15:11	<20	0.00152
A~B	EAS	A*02:01~B*15:13	<20	0.00303
A~B	EAS	A*02:01~B*15:18	<20	0.00152
A~B	EAS	A*02:01~B*15:35	<20	0.00152
A~B	EAS	A*02:01~B*35:01	<20	0.00607
A~B	EAS	A*02:01~B*38:02	<20	0.00152
A~B	EAS	A*02:01~B*39:01	<20	0.00607
A~B	EAS	A*02:01~B*40:01	<20	0.01517
A~B	EAS	A*02:01~B*40:02	<20	0.00152
A~B	EAS	A*02:01~B*40:06	<20	0.00303
A~B	EAS	A*02:01~B*40:229	<20	0.00152
A~B	EAS	A*02:01~B*44:03	<20	0.00152
A~B	EAS	A*02:01~B*46:01	<20	0.0091
A~B	EAS	A*02:01~B*48:01	<20	0.00152
A~B	EAS	A*02:01~B*51:01	<20	0.00607
A~B	EAS	A*02:01~B*54:01	<20	0.00152
A~B	EAS	A*02:01~B*55:02	<20	0.00152
A~B	EAS	A*02:01~B*56:04	<20	0.00152
A~B	EAS	A*02:01~B*59:01	<20	0.00152
A~B	EAS	A*02:01~B*67:01	<20	0.00152
A~B	EAS	A*02:01~B*81:02	<20	0.00152
A~B	EAS	A*02:03~B*07:06	<20	0.00152
A~B	EAS	A*02:03~B*13:01	<20	0.00303
A~B	EAS	A*02:03~B*13:02	<20	0.00152
A~B	EAS	A*02:03~B*15:02	<20	0.00303
A~B	EAS	A*02:03~B*15:25	<20	0.00152
A~B	EAS	A*02:03~B*18:01	<20	0.00152
A~B	EAS	A*02:03~B*27:06	<20	0.00152
A~B	EAS	A*02:03~B*35:01	<20	0.00152
A~B	EAS	A*02:03~B*35:05	<20	0.00152
A~B	EAS	A*02:03~B*38:01	<20	0.00152
A~B	EAS	A*02:03~B*38:02	<20	0.0091
A~B	EAS	A*02:03~B*39:01	<20	0.00152
A~B	EAS	A*02:03~B*40:01	<20	0.00455
A~B	EAS	A*02:03~B*40:02	<20	0.00152
A~B	EAS	A*02:03~B*46:01	<20	0.00455
A~B	EAS	A*02:03~B*51:01	<20	0.00152
A~B	EAS	A*02:03~B*55:02	<20	0.00152
A~B	EAS	A*02:03~B*56:01	<20	0.00152
A~B	EAS	A*02:03~B*57:01	<20	0.00152
A~B	EAS	A*02:03~B*58:01	<20	0.00152
A~B	EAS	A*02:06~B*07:05	<20	0.00152
A~B	EAS	A*02:06~B*13:01	<20	0.00152
A~B	EAS	A*02:06~B*15:01	<20	0.00152
A~B	EAS	A*02:06~B*15:02	<20	0.00152
A~B	EAS	A*02:06~B*15:11	<20	0.00152
A~B	EAS	A*02:06~B*15:13	<20	0.00152
A~B	EAS	A*02:06~B*35:01	<20	0.00455
A~B	EAS	A*02:06~B*35:05	<20	0.00152
A~B	EAS	A*02:06~B*38:02	<20	0.00152
A~B	EAS	A*02:06~B*39:01	<20	0.00152
A~B	EAS	A*02:06~B*40:01	<20	0.00152
A~B	EAS	A*02:06~B*40:02	<20	0.00303
A~B	EAS	A*02:06~B*40:06	<20	0.00303
A~B	EAS	A*02:06~B*46:01	<20	0.00455
A~B	EAS	A*02:06~B*48:01	<20	0.00152
A~B	EAS	A*02:06~B*51:01	<20	0.00455
A~B	EAS	A*02:06~B*51:02	<20	0.00152
A~B	EAS	A*02:06~B*54:01	<20	0.00152
A~B	EAS	A*02:06~B*58:01	<20	0.00152
A~B	EAS	A*02:06~B*59:01	<20	0.00152
A~B	EAS	A*02:07~B*13:01	<20	0.00607
A~B	EAS	A*02:07~B*15:01	<20	0.00152
A~B	EAS	A*02:07~B*15:02	<20	0.0091
A~B	EAS	A*02:07~B*15:25	<20	0.00303
A~B	EAS	A*02:07~B*18:01	<20	0.00152
A~B	EAS	A*02:07~B*35:03	<20	0.00152
A~B	EAS	A*02:07~B*35:05	<20	0.00455
A~B	EAS	A*02:07~B*38:02	<20	0.00607
A~B	EAS	A*02:07~B*40:01	<20	0.00759
A~B	EAS	A*02:07~B*40:03	<20	0.00152
A~B	EAS	A*02:07~B*40:06	<20	0.00152
A~B	EAS	A*02:07~B*46:01	25	0.03794
A~B	EAS	A*02:07~B*48:01	<20	0.00152
A~B	EAS	A*02:07~B*51:01	<20	0.00607
A~B	EAS	A*02:07~B*51:02	<20	0.00152
A~B	EAS	A*02:07~B*52:01	<20	0.00152
A~B	EAS	A*02:07~B*54:01	<20	0.00152
A~B	EAS	A*02:07~B*55:02	<20	0.00152
A~B	EAS	A*02:07~B*55:07	<20	0.00152
A~B	EAS	A*02:07~B*58:01	<20	0.00152
A~B	EAS	A*02:10~B*15:01	<20	0.00152
A~B	EAS	A*02:10~B*40:06	<20	0.00152
A~B	EAS	A*03:01~B*07:02	<20	0.00303
A~B	EAS	A*03:01~B*27:05	<20	0.00152
A~B	EAS	A*03:01~B*27:07	<20	0.00152
A~B	EAS	A*03:01~B*35:03	<20	0.00303
A~B	EAS	A*03:01~B*56:04	<20	0.00152
A~B	EAS	A*03:01~B*67:01	<20	0.00152
A~B	EAS	A*11:01~B*07:02	<20	0.00303
A~B	EAS	A*11:01~B*07:06	<20	0.00303
A~B	EAS	A*11:01~B*13:01	<20	0.01062
A~B	EAS	A*11:01~B*13:02	<20	0.00759
A~B	EAS	A*11:01~B*15:01	<20	0.00759
A~B	EAS	A*11:01~B*15:02	<20	0.02883
A~B	EAS	A*11:01~B*15:12	<20	0.00303
A~B	EAS	A*11:01~B*15:13	<20	0.00152
A~B	EAS	A*11:01~B*15:18	<20	0.00303
A~B	EAS	A*11:01~B*15:21	<20	0.00303
A~B	EAS	A*11:01~B*15:25	<20	0.00607
A~B	EAS	A*11:01~B*15:27	<20	0.00152
A~B	EAS	A*11:01~B*15:35	<20	0.00303
A~B	EAS	A*11:01~B*18:01	<20	0.00152
A~B	EAS	A*11:01~B*18:02	<20	0.00152
A~B	EAS	A*11:01~B*27:04	<20	0.00607
A~B	EAS	A*11:01~B*27:06	<20	0.00303
A~B	EAS	A*11:01~B*35:01	<20	0.00303
A~B	EAS	A*11:01~B*35:05	<20	0.00303
A~B	EAS	A*11:01~B*38:02	<20	0.01517
A~B	EAS	A*11:01~B*39:01	<20	0.00607
A~B	EAS	A*11:01~B*40:01	<20	0.02731
A~B	EAS	A*11:01~B*40:02	<20	0.00152
A~B	EAS	A*11:01~B*40:03	<20	0.00152
A~B	EAS	A*11:01~B*44:02	<20	0.00152
A~B	EAS	A*11:01~B*44:03	<20	0.00152
A~B	EAS	A*11:01~B*46:01	<20	0.01366
A~B	EAS	A*11:01~B*48:01	<20	0.00607
A~B	EAS	A*11:01~B*50:01	<20	0.00152
A~B	EAS	A*11:01~B*51:01	<20	0.01517
A~B	EAS	A*11:01~B*51:02	<20	0.00152
A~B	EAS	A*11:01~B*52:01	<20	0.00303
A~B	EAS	A*11:01~B*54:01	<20	0.00759
A~B	EAS	A*11:01~B*55:02	<20	0.00303
A~B	EAS	A*11:01~B*56:01	<20	0.00455
A~B	EAS	A*11:01~B*56:03	<20	0.00152
A~B	EAS	A*11:01~B*58:01	<20	0.00607
A~B	EAS	A*11:01~B*59:01	<20	0.00152
A~B	EAS	A*11:01~B*67:01	<20	0.00303
A~B	EAS	A*11:02~B*07:05	<20	0.00152
A~B	EAS	A*11:02~B*13:02	<20	0.00152
A~B	EAS	A*11:02~B*15:01	<20	0.00152
A~B	EAS	A*11:02~B*15:02	<20	0.00303
A~B	EAS	A*11:02~B*15:11	<20	0.00152
A~B	EAS	A*11:02~B*15:27	<20	0.00152
A~B	EAS	A*11:02~B*27:04	<20	0.00152
A~B	EAS	A*11:02~B*35:01	<20	0.00152
A~B	EAS	A*11:02~B*38:02	<20	0.00303
A~B	EAS	A*11:02~B*39:01	<20	0.00152
A~B	EAS	A*11:02~B*40:01	<20	0.00303
A~B	EAS	A*11:02~B*46:01	<20	0.00152
A~B	EAS	A*11:02~B*48:01	<20	0.00152
A~B	EAS	A*11:02~B*54:01	<20	0.00152
A~B	EAS	A*11:02~B*58:01	<20	0.00152
A~B	EAS	A*23:01~B*45:01	<20	0.00152
A~B	EAS	A*23:01~B*50:01	<20	0.00152
A~B	EAS	A*24:02~B*07:02	<20	0.00607
A~B	EAS	A*24:02~B*08:01	<20	0.00303
A~B	EAS	A*24:02~B*13:01	<20	0.00303
A~B	EAS	A*24:02~B*13:02	<20	0.00152
A~B	EAS	A*24:02~B*14:01	<20	0.00152
A~B	EAS	A*24:02~B*15:01	<20	0.00759
A~B	EAS	A*24:02~B*15:02	<20	0.00303
A~B	EAS	A*24:02~B*15:11	<20	0.00607
A~B	EAS	A*24:02~B*15:12	<20	0.00152
A~B	EAS	A*24:02~B*15:18	<20	0.00303
A~B	EAS	A*24:02~B*15:21	<20	0.00152
A~B	EAS	A*24:02~B*15:25	<20	0.00152
A~B	EAS	A*24:02~B*15:27	<20	0.00152
A~B	EAS	A*24:02~B*15:35	<20	0.00455
A~B	EAS	A*24:02~B*18:01	<20	0.00303
A~B	EAS	A*24:02~B*18:02	<20	0.00152
A~B	EAS	A*24:02~B*27:06	<20	0.00303
A~B	EAS	A*24:02~B*35:01	<20	0.00303
A~B	EAS	A*24:02~B*35:05	<20	0.00455
A~B	EAS	A*24:02~B*35:30	<20	0.00152
A~B	EAS	A*24:02~B*38:02	<20	0.00759
A~B	EAS	A*24:02~B*39:01	<20	0.00152
A~B	EAS	A*24:02~B*39:05	<20	0.00152
A~B	EAS	A*24:02~B*40:01	<20	0.01517
A~B	EAS	A*24:02~B*40:02	<20	0.0091
A~B	EAS	A*24:02~B*46:01	<20	0.01366
A~B	EAS	A*24:02~B*48:01	<20	0.01214
A~B	EAS	A*24:02~B*51:01	<20	0.00455
A~B	EAS	A*24:02~B*51:02	<20	0.00303
A~B	EAS	A*24:02~B*52:01	<20	0.00303
A~B	EAS	A*24:02~B*54:01	<20	0.00759
A~B	EAS	A*24:02~B*55:02	<20	0.00152
A~B	EAS	A*24:02~B*56:01	<20	0.00759
A~B	EAS	A*24:02~B*56:02	<20	0.00152
A~B	EAS	A*24:02~B*56:03	<20	0.00152
A~B	EAS	A*24:02~B*56:04	<20	0.00152
A~B	EAS	A*24:02~B*58:01	<20	0.00303
A~B	EAS	A*24:02~B*73:01	<20	0.00152
A~B	EAS	A*24:03~B*15:12	<20	0.00152
A~B	EAS	A*24:07~B*07:06	<20	0.00152
A~B	EAS	A*24:07~B*15:02	<20	0.00455
A~B	EAS	A*24:07~B*15:13	<20	0.00152
A~B	EAS	A*24:07~B*15:35	<20	0.00152
A~B	EAS	A*24:07~B*27:06	<20	0.00152
A~B	EAS	A*24:07~B*35:05	<20	0.01214
A~B	EAS	A*24:07~B*35:30	<20	0.00152
A~B	EAS	A*24:07~B*38:02	<20	0.00152
A~B	EAS	A*24:07~B*40:01	<20	0.00455
A~B	EAS	A*24:07~B*44:03	<20	0.00152
A~B	EAS	A*24:07~B*46:01	<20	0.00303
A~B	EAS	A*24:07~B*51:01	<20	0.00152
A~B	EAS	A*24:07~B*51:02	<20	0.00152
A~B	EAS	A*24:07~B*54:01	<20	0.00152
A~B	EAS	A*24:07~B*56:04	<20	0.00152
A~B	EAS	A*24:07~B*58:01	<20	0.00303
A~B	EAS	A*24:10~B*18:02	<20	0.00152
A~B	EAS	A*24:10~B*35:05	<20	0.00152
A~B	EAS	A*24:10~B*55:02	<20	0.00152
A~B	EAS	A*24:10~B*58:01	<20	0.00152
A~B	EAS	A*24:33~B*51:06	<20	0.00152
A~B	EAS	A*24:353~B*13:01	<20	0.00152
A~B	EAS	A*26:01~B*13:02	<20	0.00152
A~B	EAS	A*26:01~B*35:01	<20	0.00152
A~B	EAS	A*26:01~B*38:02	<20	0.00303
A~B	EAS	A*26:01~B*39:01	<20	0.00152
A~B	EAS	A*26:01~B*40:01	<20	0.00455
A~B	EAS	A*26:01~B*46:01	<20	0.00152
A~B	EAS	A*26:01~B*52:01	<20	0.00303
A~B	EAS	A*26:01~B*54:01	<20	0.00455
A~B	EAS	A*26:01~B*55:02	<20	0.00759
A~B	EAS	A*26:02~B*15:01	<20	0.00152
A~B	EAS	A*26:02~B*52:01	<20	0.00152
A~B	EAS	A*26:03~B*52:01	<20	0.00303
A~B	EAS	A*29:01~B*07:05	<20	0.0091
A~B	EAS	A*29:01~B*15:02	<20	0.00152
A~B	EAS	A*29:01~B*46:01	<20	0.00152
A~B	EAS	A*30:01~B*07:02	<20	0.00152
A~B	EAS	A*30:01~B*13:02	<20	0.01214
A~B	EAS	A*30:01~B*27:04	<20	0.00303
A~B	EAS	A*30:01~B*38:01	<20	0.00152
A~B	EAS	A*30:01~B*40:01	<20	0.00303
A~B	EAS	A*30:01~B*40:02	<20	0.00152
A~B	EAS	A*30:01~B*46:01	<20	0.00152
A~B	EAS	A*30:01~B*50:01	<20	0.00152
A~B	EAS	A*30:01~B*51:01	<20	0.00303
A~B	EAS	A*31:01~B*15:02	<20	0.00152
A~B	EAS	A*31:01~B*15:18	<20	0.00303
A~B	EAS	A*31:01~B*35:03	<20	0.00152
A~B	EAS	A*31:01~B*35:05	<20	0.00152
A~B	EAS	A*31:01~B*38:02	<20	0.00152
A~B	EAS	A*31:01~B*40:06	<20	0.00303
A~B	EAS	A*31:01~B*51:01	<20	0.0091
A~B	EAS	A*31:01~B*51:02	<20	0.00152
A~B	EAS	A*31:01~B*54:01	<20	0.00152
A~B	EAS	A*33:03~B*15:01	<20	0.00303
A~B	EAS	A*33:03~B*15:02	<20	0.00455
A~B	EAS	A*33:03~B*15:11	<20	0.00152
A~B	EAS	A*33:03~B*15:32	<20	0.00152
A~B	EAS	A*33:03~B*27:04	<20	0.00152
A~B	EAS	A*33:03~B*35:03	<20	0.00152
A~B	EAS	A*33:03~B*37:01	<20	0.00303
A~B	EAS	A*33:03~B*39:01	<20	0.00152
A~B	EAS	A*33:03~B*40:01	<20	0.00152
A~B	EAS	A*33:03~B*40:02	<20	0.00152
A~B	EAS	A*33:03~B*44:03	<20	0.01366
A~B	EAS	A*33:03~B*46:01	<20	0.00152
A~B	EAS	A*33:03~B*48:01	<20	0.00152
A~B	EAS	A*33:03~B*50:01	<20	0.00152
A~B	EAS	A*33:03~B*51:01	<20	0.00455
A~B	EAS	A*33:03~B*51:02	<20	0.00303
A~B	EAS	A*33:03~B*52:01	<20	0.00152
A~B	EAS	A*33:03~B*58:01	<20	0.01821
A~B	EAS	A*34:01~B*15:02	<20	0.00152
A~B	EAS	A*34:01~B*15:21	<20	0.00607
A~B	EAS	A*34:01~B*15:35	<20	0.00607
A~B	EAS	A*34:01~B*18:01	<20	0.00152
A~B	EAS	A*34:01~B*38:02	<20	0.0091
A~B	EAS	A*34:01~B*39:01	<20	0.00152
A~B	EAS	A*34:01~B*40:01	<20	0.00303
A~B	EAS	A*34:01~B*40:02	<20	0.00607
A~B	EAS	A*34:01~B*48:01	<20	0.00152
A~B	EAS	A*34:01~B*51:01	<20	0.00152
A~B	EAS	A*34:01~B*56:01	<20	0.00152
A~B	EAS	A*34:05~B*35:05	<20	0.00152
A~B	EAS	A*34:05~B*38:02	<20	0.00303
A~B	EAS	A*34:05~B*55:02	<20	0.00152
A~B	EAS	A*68:01~B*08:01	<20	0.00152
A~B	EAS	A*68:01~B*15:18	<20	0.00303
A~B	EAS	A*68:01~B*57:01	<20	0.00152
A~B	EAS	A*69:01~B*14:02	<20	0.00152
A~B	EAS	A*69:01~B*52:01	<20	0.00152
A~B	EAS	A*74:02~B*15:02	<20	0.00152
A~B	EUR	A*01:01~B*07:02	<20	0.01183
A~B	EUR	A*01:01~B*08:01	42	0.05519
A~B	EUR	A*01:01~B*13:02	<20	0.00131
A~B	EUR	A*01:01~B*14:01	<20	0.00131
A~B	EUR	A*01:01~B*14:02	<20	0.00131
A~B	EUR	A*01:01~B*15:01	<20	0.00657
A~B	EUR	A*01:01~B*15:17	<20	0.00131
A~B	EUR	A*01:01~B*18:01	<20	0.00394
A~B	EUR	A*01:01~B*27:05	<20	0.00131
A~B	EUR	A*01:01~B*35:01	<20	0.00788
A~B	EUR	A*01:01~B*37:01	<20	0.00657
A~B	EUR	A*01:01~B*38:01	<20	0.00263
A~B	EUR	A*01:01~B*39:01	<20	0.00131
A~B	EUR	A*01:01~B*40:01	<20	0.00657
A~B	EUR	A*01:01~B*40:02	<20	0.00131
A~B	EUR	A*01:01~B*41:01	<20	0.00131
A~B	EUR	A*01:01~B*41:02	<20	0.00131
A~B	EUR	A*01:01~B*44:02	<20	0.01051
A~B	EUR	A*01:01~B*44:03	<20	0.00394
A~B	EUR	A*01:01~B*45:01	<20	0.00131
A~B	EUR	A*01:01~B*50:01	<20	0.00131
A~B	EUR	A*01:01~B*51:01	<20	0.00526
A~B	EUR	A*01:01~B*52:01	<20	0.00131
A~B	EUR	A*01:01~B*55:01	<20	0.00131
A~B	EUR	A*01:01~B*56:01	<20	0.00131
A~B	EUR	A*01:01~B*57:01	<20	0.01577
A~B	EUR	A*02:01~B*07:02	29	0.03811
A~B	EUR	A*02:01~B*08:01	<20	0.01577
A~B	EUR	A*02:01~B*13:02	<20	0.00788
A~B	EUR	A*02:01~B*14:01	<20	0.00394
A~B	EUR	A*02:01~B*14:02	<20	0.00526
A~B	EUR	A*02:01~B*15:01	20	0.02628
A~B	EUR	A*02:01~B*15:03	<20	0.00131
A~B	EUR	A*02:01~B*15:17	<20	0.00131
A~B	EUR	A*02:01~B*15:18	<20	0.00263
A~B	EUR	A*02:01~B*15:220	<20	0.00131
A~B	EUR	A*02:01~B*18:01	<20	0.01577
A~B	EUR	A*02:01~B*18:03	<20	0.00131
A~B	EUR	A*02:01~B*27:02	<20	0.00263
A~B	EUR	A*02:01~B*27:05	<20	0.00657
A~B	EUR	A*02:01~B*35:01	<20	0.00788
A~B	EUR	A*02:01~B*35:02	<20	0.00131
A~B	EUR	A*02:01~B*35:03	<20	0.00131
A~B	EUR	A*02:01~B*35:08	<20	0.00131
A~B	EUR	A*02:01~B*37:01	<20	0.00263
A~B	EUR	A*02:01~B*38:01	<20	0.00131
A~B	EUR	A*02:01~B*39:01	<20	0.00394
A~B	EUR	A*02:01~B*39:06	<20	0.00131
A~B	EUR	A*02:01~B*40:01	<20	0.02102
A~B	EUR	A*02:01~B*40:02	<20	0.00394
A~B	EUR	A*02:01~B*41:02	<20	0.00131
A~B	EUR	A*02:01~B*44:02	40	0.05256
A~B	EUR	A*02:01~B*44:03	<20	0.01051
A~B	EUR	A*02:01~B*44:05	<20	0.00131
A~B	EUR	A*02:01~B*44:267N	<20	0.00131
A~B	EUR	A*02:01~B*49:01	<20	0.00394
A~B	EUR	A*02:01~B*50:01	<20	0.00263
A~B	EUR	A*02:01~B*50:02	<20	0.00131
A~B	EUR	A*02:01~B*51:01	<20	0.01708
A~B	EUR	A*02:01~B*55:01	<20	0.00131
A~B	EUR	A*02:01~B*57:01	<20	0.00526
A~B	EUR	A*02:01~B*58:01	<20	0.00131
A~B	EUR	A*02:02~B*08:01	<20	0.00131
A~B	EUR	A*02:02~B*15:16	<20	0.00131
A~B	EUR	A*02:02~B*41:01	<20	0.00131
A~B	EUR	A*02:05~B*07:02	<20	0.00131
A~B	EUR	A*02:05~B*27:05	<20	0.00131
A~B	EUR	A*02:05~B*50:01	<20	0.00263
A~B	EUR	A*02:05~B*58:01	<20	0.00131
A~B	EUR	A*02:06~B*07:02	<20	0.00131
A~B	EUR	A*02:06~B*27:05	<20	0.00131
A~B	EUR	A*02:156~B*44:02	<20	0.00131
A~B	EUR	A*03:01~B*07:02	41	0.05388
A~B	EUR	A*03:01~B*08:01	<20	0.01183
A~B	EUR	A*03:01~B*08:35	<20	0.00131
A~B	EUR	A*03:01~B*13:02	<20	0.00131
A~B	EUR	A*03:01~B*14:01	<20	0.00131
A~B	EUR	A*03:01~B*14:02	<20	0.00788
A~B	EUR	A*03:01~B*15:01	<20	0.0092
A~B	EUR	A*03:01~B*18:01	<20	0.00788
A~B	EUR	A*03:01~B*27:05	<20	0.00263
A~B	EUR	A*03:01~B*35:01	<20	0.01051
A~B	EUR	A*03:01~B*35:02	<20	0.00131
A~B	EUR	A*03:01~B*35:03	<20	0.00394
A~B	EUR	A*03:01~B*38:01	<20	0.00263
A~B	EUR	A*03:01~B*39:06	<20	0.00131
A~B	EUR	A*03:01~B*40:01	<20	0.00526
A~B	EUR	A*03:01~B*44:02	<20	0.01051
A~B	EUR	A*03:01~B*44:03	<20	0.00131
A~B	EUR	A*03:01~B*47:01	<20	0.00131
A~B	EUR	A*03:01~B*49:01	<20	0.00131
A~B	EUR	A*03:01~B*50:01	<20	0.00131
A~B	EUR	A*03:01~B*51:01	<20	0.01183
A~B	EUR	A*03:01~B*55:01	<20	0.00131
A~B	EUR	A*03:01~B*56:01	<20	0.00131
A~B	EUR	A*03:01~B*57:01	<20	0.00263
A~B	EUR	A*11:01~B*07:02	<20	0.00263
A~B	EUR	A*11:01~B*08:01	<20	0.01051
A~B	EUR	A*11:01~B*13:02	<20	0.00131
A~B	EUR	A*11:01~B*14:02	<20	0.00131
A~B	EUR	A*11:01~B*15:01	<20	0.00131
A~B	EUR	A*11:01~B*18:01	<20	0.00131
A~B	EUR	A*11:01~B*18:03	<20	0.00131
A~B	EUR	A*11:01~B*27:05	<20	0.00394
A~B	EUR	A*11:01~B*35:01	<20	0.01445
A~B	EUR	A*11:01~B*35:03	<20	0.00131
A~B	EUR	A*11:01~B*35:41	<20	0.00131
A~B	EUR	A*11:01~B*37:01	<20	0.00131
A~B	EUR	A*11:01~B*38:01	<20	0.00131
A~B	EUR	A*11:01~B*39:01	<20	0.00131
A~B	EUR	A*11:01~B*40:01	<20	0.00131
A~B	EUR	A*11:01~B*44:02	<20	0.00526
A~B	EUR	A*11:01~B*44:03	<20	0.00394
A~B	EUR	A*11:01~B*45:01	<20	0.00131
A~B	EUR	A*11:01~B*49:01	<20	0.00131
A~B	EUR	A*11:01~B*51:01	<20	0.00394
A~B	EUR	A*11:01~B*55:01	<20	0.00526
A~B	EUR	A*11:01~B*56:01	<20	0.00131
A~B	EUR	A*11:01~B*57:01	<20	0.00131
A~B	EUR	A*11:248~B*40:01	<20	0.00131
A~B	EUR	A*23:01~B*13:02	<20	0.00131
A~B	EUR	A*23:01~B*18:01	<20	0.00394
A~B	EUR	A*23:01~B*27:05	<20	0.00131
A~B	EUR	A*23:01~B*41:01	<20	0.00131
A~B	EUR	A*23:01~B*44:03	<20	0.00526
A~B	EUR	A*23:01~B*49:01	<20	0.00131
A~B	EUR	A*23:01~B*50:02	<20	0.00131
A~B	EUR	A*24:02~B*07:02	<20	0.00657
A~B	EUR	A*24:02~B*08:01	<20	0.00263
A~B	EUR	A*24:02~B*13:02	<20	0.00394
A~B	EUR	A*24:02~B*15:01	<20	0.01051
A~B	EUR	A*24:02~B*15:17	<20	0.00131
A~B	EUR	A*24:02~B*18:01	<20	0.00394
A~B	EUR	A*24:02~B*27:05	<20	0.00526
A~B	EUR	A*24:02~B*35:01	<20	0.00657
A~B	EUR	A*24:02~B*35:03	<20	0.00131
A~B	EUR	A*24:02~B*37:01	<20	0.00263
A~B	EUR	A*24:02~B*39:06	<20	0.00131
A~B	EUR	A*24:02~B*40:01	<20	0.00263
A~B	EUR	A*24:02~B*40:02	<20	0.00263
A~B	EUR	A*24:02~B*44:02	<20	0.00394
A~B	EUR	A*24:02~B*44:03	<20	0.00131
A~B	EUR	A*24:02~B*47:01	<20	0.00131
A~B	EUR	A*24:02~B*50:01	<20	0.00131
A~B	EUR	A*24:02~B*51:01	<20	0.00394
A~B	EUR	A*24:02~B*55:01	<20	0.00131
A~B	EUR	A*24:03~B*07:02	<20	0.00131
A~B	EUR	A*24:03~B*18:01	<20	0.00131
A~B	EUR	A*24:03~B*35:01	<20	0.00131
A~B	EUR	A*24:03~B*40:01	<20	0.00131
A~B	EUR	A*24:03~B*53:01	<20	0.00131
A~B	EUR	A*25:01~B*07:02	<20	0.00131
A~B	EUR	A*25:01~B*08:01	<20	0.00657
A~B	EUR	A*25:01~B*18:01	<20	0.01051
A~B	EUR	A*25:01~B*35:01	<20	0.00131
A~B	EUR	A*25:01~B*35:02	<20	0.00131
A~B	EUR	A*25:01~B*39:01	<20	0.00263
A~B	EUR	A*25:01~B*40:01	<20	0.00131
A~B	EUR	A*25:01~B*44:02	<20	0.00263
A~B	EUR	A*25:01~B*55:01	<20	0.00131
A~B	EUR	A*25:01~B*58:01	<20	0.00131
A~B	EUR	A*26:01~B*07:02	<20	0.00263
A~B	EUR	A*26:01~B*08:01	<20	0.00131
A~B	EUR	A*26:01~B*13:02	<20	0.00131
A~B	EUR	A*26:01~B*14:01	<20	0.00131
A~B	EUR	A*26:01~B*15:01	<20	0.00131
A~B	EUR	A*26:01~B*35:01	<20	0.00394
A~B	EUR	A*26:01~B*37:01	<20	0.00131
A~B	EUR	A*26:01~B*41:02	<20	0.00131
A~B	EUR	A*26:01~B*44:02	<20	0.00131
A~B	EUR	A*26:01~B*44:03	<20	0.00263
A~B	EUR	A*26:01~B*45:01	<20	0.00131
A~B	EUR	A*26:01~B*51:01	<20	0.00131
A~B	EUR	A*26:01~B*55:01	<20	0.00131
A~B	EUR	A*26:01~B*57:01	<20	0.00131
A~B	EUR	A*26:08~B*27:05	<20	0.00131
A~B	EUR	A*29:01~B*18:01	<20	0.00131
A~B	EUR	A*29:01~B*35:02	<20	0.00131
A~B	EUR	A*29:02~B*08:01	<20	0.00263
A~B	EUR	A*29:02~B*13:02	<20	0.00131
A~B	EUR	A*29:02~B*15:01	<20	0.00263
A~B	EUR	A*29:02~B*27:05	<20	0.00263
A~B	EUR	A*29:02~B*35:01	<20	0.00131
A~B	EUR	A*29:02~B*40:01	<20	0.00131
A~B	EUR	A*29:02~B*44:03	<20	0.01708
A~B	EUR	A*29:02~B*45:01	<20	0.00263
A~B	EUR	A*29:02~B*53:01	<20	0.00131
A~B	EUR	A*29:02~B*56:01	<20	0.00131
A~B	EUR	A*30:01~B*07:02	<20	0.00131
A~B	EUR	A*30:01~B*08:01	<20	0.00131
A~B	EUR	A*30:01~B*13:02	<20	0.00657
A~B	EUR	A*30:01~B*14:02	<20	0.00131
A~B	EUR	A*30:01~B*35:08	<20	0.00131
A~B	EUR	A*30:01~B*53:01	<20	0.00131
A~B	EUR	A*30:02~B*07:02	<20	0.00131
A~B	EUR	A*30:02~B*15:01	<20	0.00131
A~B	EUR	A*30:02~B*18:01	<20	0.00131
A~B	EUR	A*30:02~B*27:05	<20	0.00263
A~B	EUR	A*30:02~B*35:02	<20	0.00131
A~B	EUR	A*30:02~B*44:02	<20	0.00131
A~B	EUR	A*30:02~B*49:01	<20	0.00131
A~B	EUR	A*30:02~B*51:01	<20	0.00131
A~B	EUR	A*31:01~B*07:02	<20	0.00394
A~B	EUR	A*31:01~B*08:01	<20	0.00131
A~B	EUR	A*31:01~B*15:01	<20	0.00394
A~B	EUR	A*31:01~B*27:05	<20	0.00131
A~B	EUR	A*31:01~B*35:08	<20	0.00131
A~B	EUR	A*31:01~B*39:01	<20	0.00131
A~B	EUR	A*31:01~B*40:01	<20	0.00788
A~B	EUR	A*31:01~B*55:01	<20	0.00131
A~B	EUR	A*32:01~B*07:02	<20	0.00263
A~B	EUR	A*32:01~B*07:160	<20	0.00131
A~B	EUR	A*32:01~B*08:01	<20	0.00263
A~B	EUR	A*32:01~B*14:01	<20	0.00131
A~B	EUR	A*32:01~B*15:01	<20	0.00526
A~B	EUR	A*32:01~B*15:17	<20	0.00131
A~B	EUR	A*32:01~B*15:18	<20	0.00131
A~B	EUR	A*32:01~B*18:01	<20	0.00263
A~B	EUR	A*32:01~B*27:05	<20	0.00131
A~B	EUR	A*32:01~B*35:01	<20	0.00263
A~B	EUR	A*32:01~B*35:03	<20	0.00131
A~B	EUR	A*32:01~B*38:01	<20	0.00131
A~B	EUR	A*32:01~B*40:01	<20	0.00526
A~B	EUR	A*32:01~B*40:02	<20	0.00131
A~B	EUR	A*32:01~B*44:02	<20	0.00788
A~B	EUR	A*32:01~B*49:01	<20	0.00131
A~B	EUR	A*32:01~B*57:01	<20	0.00131
A~B	EUR	A*33:01~B*08:01	<20	0.00131
A~B	EUR	A*33:01~B*14:02	<20	0.00526
A~B	EUR	A*33:01~B*49:01	<20	0.00131
A~B	EUR	A*33:03~B*15:01	<20	0.00131
A~B	EUR	A*33:03~B*27:05	<20	0.00131
A~B	EUR	A*33:03~B*58:01	<20	0.00131
A~B	EUR	A*66:01~B*18:34	<20	0.00131
A~B	EUR	A*66:01~B*41:02	<20	0.00394
A~B	EUR	A*66:01~B*44:02	<20	0.00131
A~B	EUR	A*68:01~B*07:02	<20	0.00131
A~B	EUR	A*68:01~B*08:01	<20	0.00131
A~B	EUR	A*68:01~B*13:02	<20	0.00131
A~B	EUR	A*68:01~B*14:02	<20	0.00131
A~B	EUR	A*68:01~B*15:01	<20	0.00131
A~B	EUR	A*68:01~B*18:01	<20	0.00131
A~B	EUR	A*68:01~B*27:05	<20	0.00263
A~B	EUR	A*68:01~B*35:01	<20	0.00131
A~B	EUR	A*68:01~B*35:08	<20	0.00131
A~B	EUR	A*68:01~B*38:01	<20	0.00131
A~B	EUR	A*68:01~B*40:01	<20	0.00788
A~B	EUR	A*68:01~B*44:02	<20	0.00788
A~B	EUR	A*68:01~B*44:05	<20	0.00131
A~B	EUR	A*68:01~B*49:01	<20	0.00131
A~B	EUR	A*68:01~B*57:01	<20	0.00131
A~B	EUR	A*68:02~B*14:02	<20	0.00131
A~B	EUR	A*68:02~B*35:03	<20	0.00131
A~B	EUR	A*68:02~B*45:01	<20	0.00131
A~B	EUR	A*68:02~B*49:01	<20	0.00131
A~B	EUR	A*69:01~B*14:01	<20	0.00131
A~B	EUR	A*74:03~B*57:01	<20	0.00131
A~B	MID	A*01:01~B*08:01	<20	0.00571
A~B	MID	A*01:01~B*13:02	<20	0.00571
A~B	MID	A*01:01~B*14:01	<20	0.01143
A~B	MID	A*01:01~B*14:02	<20	0.01143
A~B	MID	A*01:01~B*35:01	<20	0.00571
A~B	MID	A*01:01~B*35:08	<20	0.00571
A~B	MID	A*01:01~B*37:01	<20	0.00571
A~B	MID	A*01:01~B*38:01	<20	0.01714
A~B	MID	A*01:01~B*40:01	<20	0.00571
A~B	MID	A*01:01~B*41:01	<20	0.01143
A~B	MID	A*01:01~B*44:03	<20	0.00571
A~B	MID	A*01:01~B*49:01	<20	0.01714
A~B	MID	A*01:01~B*51:01	<20	0.00571
A~B	MID	A*01:01~B*57:01	<20	0.00571
A~B	MID	A*02:01~B*14:02	<20	0.00571
A~B	MID	A*02:01~B*15:10	<20	0.00571
A~B	MID	A*02:01~B*15:17	<20	0.00571
A~B	MID	A*02:01~B*18:01	<20	0.01143
A~B	MID	A*02:01~B*35:01	<20	0.00571
A~B	MID	A*02:01~B*35:02	<20	0.01714
A~B	MID	A*02:01~B*39:10	<20	0.00571
A~B	MID	A*02:01~B*40:06	<20	0.00571
A~B	MID	A*02:01~B*41:01	<20	0.00571
A~B	MID	A*02:01~B*44:02	<20	0.01143
A~B	MID	A*02:01~B*44:03	<20	0.00571
A~B	MID	A*02:01~B*45:01	<20	0.00571
A~B	MID	A*02:01~B*49:01	<20	0.01143
A~B	MID	A*02:01~B*50:01	<20	0.01714
A~B	MID	A*02:01~B*51:01	<20	0.01143
A~B	MID	A*02:01~B*52:01	<20	0.01143
A~B	MID	A*02:01~B*53:01	<20	0.00571
A~B	MID	A*02:01~B*55:01	<20	0.00571
A~B	MID	A*02:02~B*39:10	<20	0.00571
A~B	MID	A*02:02~B*41:01	<20	0.00571
A~B	MID	A*02:05~B*35:03	<20	0.00571
A~B	MID	A*02:05~B*41:01	<20	0.01143
A~B	MID	A*02:05~B*44:03	<20	0.00571
A~B	MID	A*02:05~B*49:01	<20	0.00571
A~B	MID	A*02:05~B*50:01	<20	0.03429
A~B	MID	A*03:01~B*07:02	<20	0.00571
A~B	MID	A*03:01~B*07:05	<20	0.00571
A~B	MID	A*03:01~B*13:02	<20	0.00571
A~B	MID	A*03:01~B*18:01	<20	0.00571
A~B	MID	A*03:01~B*50:01	<20	0.01714
A~B	MID	A*03:01~B*57:04	<20	0.00571
A~B	MID	A*03:01~B*58:02	<20	0.00571
A~B	MID	A*03:02~B*07:05	<20	0.00571
A~B	MID	A*03:02~B*44:03	<20	0.00571
A~B	MID	A*03:02~B*51:01	<20	0.01143
A~B	MID	A*03:02~B*55:01	<20	0.00571
A~B	MID	A*11:01~B*40:01	<20	0.00571
A~B	MID	A*11:01~B*41:01	<20	0.00571
A~B	MID	A*11:01~B*44:02	<20	0.00571
A~B	MID	A*11:01~B*45:01	<20	0.00571
A~B	MID	A*11:01~B*55:01	<20	0.00571
A~B	MID	A*23:01~B*38:01	<20	0.00571
A~B	MID	A*23:01~B*39:10	<20	0.00571
A~B	MID	A*23:01~B*41:01	<20	0.00571
A~B	MID	A*23:01~B*49:01	<20	0.00571
A~B	MID	A*23:01~B*50:01	<20	0.00571
A~B	MID	A*23:01~B*53:01	<20	0.00571
A~B	MID	A*23:01~B*58:01	<20	0.00571
A~B	MID	A*24:02~B*13:02	<20	0.00571
A~B	MID	A*24:02~B*18:01	<20	0.02286
A~B	MID	A*24:02~B*27:07	<20	0.00571
A~B	MID	A*24:02~B*35:01	<20	0.01143
A~B	MID	A*24:02~B*35:02	<20	0.01143
A~B	MID	A*24:02~B*35:03	<20	0.00571
A~B	MID	A*24:02~B*38:01	<20	0.00571
A~B	MID	A*24:02~B*44:03	<20	0.01143
A~B	MID	A*24:02~B*50:01	<20	0.00571
A~B	MID	A*24:02~B*50:02	<20	0.00571
A~B	MID	A*24:02~B*51:01	<20	0.01714
A~B	MID	A*24:02~B*52:01	<20	0.01714
A~B	MID	A*24:02~B*55:01	<20	0.00571
A~B	MID	A*24:03~B*14:02	<20	0.00571
A~B	MID	A*24:03~B*35:01	<20	0.00571
A~B	MID	A*24:03~B*41:09	<20	0.00571
A~B	MID	A*24:03~B*51:07	<20	0.00571
A~B	MID	A*26:01~B*14:02	<20	0.01143
A~B	MID	A*26:01~B*18:01	<20	0.00571
A~B	MID	A*26:01~B*35:01	<20	0.00571
A~B	MID	A*26:01~B*35:08	<20	0.00571
A~B	MID	A*26:01~B*49:01	<20	0.00571
A~B	MID	A*26:01~B*50:01	<20	0.00571
A~B	MID	A*26:01~B*51:01	<20	0.00571
A~B	MID	A*29:01~B*50:01	<20	0.01143
A~B	MID	A*29:02~B*50:01	<20	0.01143
A~B	MID	A*29:02~B*51:01	<20	0.00571
A~B	MID	A*30:01~B*07:02	<20	0.00571
A~B	MID	A*30:01~B*13:02	<20	0.02857
A~B	MID	A*30:01~B*41:01	<20	0.00571
A~B	MID	A*30:01~B*44:03	<20	0.01143
A~B	MID	A*30:01~B*49:01	<20	0.00571
A~B	MID	A*30:02~B*08:01	<20	0.00571
A~B	MID	A*30:02~B*18:01	<20	0.00571
A~B	MID	A*30:04~B*40:01	<20	0.00571
A~B	MID	A*30:04~B*41:02	<20	0.00571
A~B	MID	A*30:04~B*49:01	<20	0.00571
A~B	MID	A*30:04~B*53:01	<20	0.01143
A~B	MID	A*30:04~B*55:01	<20	0.00571
A~B	MID	A*31:01~B*07:02	<20	0.00571
A~B	MID	A*31:01~B*14:01	<20	0.00571
A~B	MID	A*32:01~B*35:02	<20	0.00571
A~B	MID	A*32:01~B*35:08	<20	0.00571
A~B	MID	A*32:01~B*39:24	<20	0.00571
A~B	MID	A*32:01~B*51:08	<20	0.01143
A~B	MID	A*32:01~B*53:01	<20	0.00571
A~B	MID	A*33:01~B*14:02	<20	0.01714
A~B	MID	A*43:01~B*53:01	<20	0.00571
A~B	MID	A*66:01~B*35:02	<20	0.00571
A~B	MID	A*66:01~B*41:02	<20	0.00571
A~B	MID	A*68:01~B*07:02	<20	0.00571
A~B	MID	A*68:01~B*18:01	<20	0.00571
A~B	MID	A*68:01~B*27:07	<20	0.00571
A~B	MID	A*68:01~B*35:02	<20	0.00571
A~B	MID	A*68:01~B*41:01	<20	0.00571
A~B	MID	A*68:01~B*41:02	<20	0.00571
A~B	MID	A*68:01~B*73:01	<20	0.00571
A~B	MID	A*68:02~B*14:02	<20	0.00571
A~B	MID	A*68:02~B*27:03	<20	0.00571
A~B	MID	A*68:02~B*35:02	<20	0.00571
A~B	MID	A*68:02~B*41:01	<20	0.01143
A~B	MID	A*68:02~B*52:01	<20	0.00571
A~B	MID	A*68:02~B*53:01	<20	0.00571
A~B	MID	A*69:01~B*18:01	<20	0.00571
A~B	MID	A*69:01~B*51:01	<20	0.00571
A~B	SAS	A*01:01~B*07:02	<20	0.00156
A~B	SAS	A*01:01~B*07:05	<20	0.00156
A~B	SAS	A*01:01~B*08:01	<20	0.00312
A~B	SAS	A*01:01~B*15:01	<20	0.00312
A~B	SAS	A*01:01~B*15:02	<20	0.00312
A~B	SAS	A*01:01~B*15:08	<20	0.00312
A~B	SAS	A*01:01~B*15:17	<20	0.00936
A~B	SAS	A*01:01~B*15:18	<20	0.00156
A~B	SAS	A*01:01~B*18:01	<20	0.00312
A~B	SAS	A*01:01~B*27:05	<20	0.00156
A~B	SAS	A*01:01~B*27:07	<20	0.00156
A~B	SAS	A*01:01~B*35:01	<20	0.00936
A~B	SAS	A*01:01~B*35:03	<20	0.01248
A~B	SAS	A*01:01~B*35:08	<20	0.00156
A~B	SAS	A*01:01~B*37:01	<20	0.01248
A~B	SAS	A*01:01~B*40:06	<20	0.00936
A~B	SAS	A*01:01~B*44:02	<20	0.00156
A~B	SAS	A*01:01~B*44:03	<20	0.0078
A~B	SAS	A*01:01~B*48:04	<20	0.00156
A~B	SAS	A*01:01~B*49:01	<20	0.00156
A~B	SAS	A*01:01~B*51:01	<20	0.00624
A~B	SAS	A*01:01~B*52:01	<20	0.0078
A~B	SAS	A*01:01~B*52:04	<20	0.00312
A~B	SAS	A*01:01~B*55:01	<20	0.00312
A~B	SAS	A*01:01~B*57:01	25	0.039
A~B	SAS	A*01:01~B*58:01	<20	0.00624
A~B	SAS	A*01:03~B*27:07	<20	0.00156
A~B	SAS	A*02:01~B*07:02	<20	0.00624
A~B	SAS	A*02:01~B*08:01	<20	0.00156
A~B	SAS	A*02:01~B*13:02	<20	0.00156
A~B	SAS	A*02:01~B*15:02	<20	0.00156
A~B	SAS	A*02:01~B*15:05	<20	0.00156
A~B	SAS	A*02:01~B*15:113	<20	0.00156
A~B	SAS	A*02:01~B*18:01	<20	0.00156
A~B	SAS	A*02:01~B*35:01	<20	0.00156
A~B	SAS	A*02:01~B*35:03	<20	0.00156
A~B	SAS	A*02:01~B*37:01	<20	0.00156
A~B	SAS	A*02:01~B*40:02	<20	0.00156
A~B	SAS	A*02:01~B*40:06	<20	0.00156
A~B	SAS	A*02:01~B*44:02	<20	0.00156
A~B	SAS	A*02:01~B*44:03	<20	0.00624
A~B	SAS	A*02:01~B*51:01	<20	0.00468
A~B	SAS	A*02:01~B*52:01	<20	0.00312
A~B	SAS	A*02:01~B*57:02	<20	0.00156
A~B	SAS	A*02:01~B*58:01	<20	0.00468
A~B	SAS	A*02:02~B*58:01	<20	0.00156
A~B	SAS	A*02:03~B*15:02	<20	0.00624
A~B	SAS	A*02:03~B*37:01	<20	0.00156
A~B	SAS	A*02:03~B*38:02	<20	0.00156
A~B	SAS	A*02:03~B*51:01	<20	0.00156
A~B	SAS	A*02:03~B*51:06	<20	0.00156
A~B	SAS	A*02:03~B*52:01	<20	0.00156
A~B	SAS	A*02:03~B*56:01	<20	0.00156
A~B	SAS	A*02:05~B*44:03	<20	0.00156
A~B	SAS	A*02:05~B*50:01	<20	0.00312
A~B	SAS	A*02:06~B*07:02	<20	0.00156
A~B	SAS	A*02:06~B*15:01	<20	0.00156
A~B	SAS	A*02:06~B*27:05	<20	0.00156
A~B	SAS	A*02:06~B*35:03	<20	0.00156
A~B	SAS	A*02:06~B*44:03	<20	0.00468
A~B	SAS	A*02:06~B*51:01	<20	0.00312
A~B	SAS	A*02:06~B*52:01	<20	0.00156
A~B	SAS	A*02:08~B*50:01	<20	0.00156
A~B	SAS	A*02:11~B*07:02	<20	0.00156
A~B	SAS	A*02:11~B*07:06	<20	0.00156
A~B	SAS	A*02:11~B*08:01	<20	0.00156
A~B	SAS	A*02:11~B*15:02	<20	0.00156
A~B	SAS	A*02:11~B*18:01	<20	0.00156
A~B	SAS	A*02:11~B*27:04	<20	0.00156
A~B	SAS	A*02:11~B*35:01	<20	0.00156
A~B	SAS	A*02:11~B*35:03	<20	0.00936
A~B	SAS	A*02:11~B*37:01	<20	0.00156
A~B	SAS	A*02:11~B*40:06	<20	0.01716
A~B	SAS	A*02:11~B*44:03	<20	0.00156
A~B	SAS	A*02:11~B*49:01	<20	0.00156
A~B	SAS	A*02:11~B*51:01	<20	0.00468
A~B	SAS	A*02:11~B*52:01	<20	0.00624
A~B	SAS	A*02:11~B*57:01	<20	0.00468
A~B	SAS	A*02:131~B*07:06	<20	0.00156
A~B	SAS	A*02:131~B*37:01	<20	0.00156
A~B	SAS	A*03:01~B*07:02	<20	0.00468
A~B	SAS	A*03:01~B*08:01	<20	0.00156
A~B	SAS	A*03:01~B*13:01	<20	0.00312
A~B	SAS	A*03:01~B*15:02	<20	0.00156
A~B	SAS	A*03:01~B*15:17	<20	0.00156
A~B	SAS	A*03:01~B*18:01	<20	0.00312
A~B	SAS	A*03:01~B*35:01	<20	0.00936
A~B	SAS	A*03:01~B*35:02	<20	0.00156
A~B	SAS	A*03:01~B*35:03	<20	0.0078
A~B	SAS	A*03:01~B*40:06	<20	0.00624
A~B	SAS	A*03:01~B*41:01	<20	0.00156
A~B	SAS	A*03:01~B*44:02	<20	0.00156
A~B	SAS	A*03:01~B*48:01	<20	0.00156
A~B	SAS	A*03:01~B*50:01	<20	0.00156
A~B	SAS	A*03:01~B*50:04	<20	0.00156
A~B	SAS	A*03:01~B*51:01	<20	0.00468
A~B	SAS	A*03:01~B*52:01	<20	0.00156
A~B	SAS	A*03:01~B*56:01	<20	0.00156
A~B	SAS	A*03:01~B*57:01	<20	0.00468
A~B	SAS	A*03:01~B*58:01	<20	0.00156
A~B	SAS	A*03:02~B*07:02	<20	0.00156
A~B	SAS	A*03:02~B*07:05	<20	0.00156
A~B	SAS	A*03:02~B*13:01	<20	0.00156
A~B	SAS	A*03:02~B*15:01	<20	0.00156
A~B	SAS	A*03:02~B*51:01	<20	0.00156
A~B	SAS	A*03:02~B*57:01	<20	0.00156
A~B	SAS	A*11:01~B*07:02	<20	0.00312
A~B	SAS	A*11:01~B*07:06	<20	0.00156
A~B	SAS	A*11:01~B*08:01	<20	0.00468
A~B	SAS	A*11:01~B*13:02	<20	0.00156
A~B	SAS	A*11:01~B*15:01	<20	0.00156
A~B	SAS	A*11:01~B*15:02	<20	0.01092
A~B	SAS	A*11:01~B*15:05	<20	0.00156
A~B	SAS	A*11:01~B*15:18	<20	0.00312
A~B	SAS	A*11:01~B*18:01	<20	0.00312
A~B	SAS	A*11:01~B*27:05	<20	0.00156
A~B	SAS	A*11:01~B*27:07	<20	0.00156
A~B	SAS	A*11:01~B*35:01	<20	0.01092
A~B	SAS	A*11:01~B*35:02	<20	0.00156
A~B	SAS	A*11:01~B*35:03	<20	0.01404
A~B	SAS	A*11:01~B*37:01	<20	0.00312
A~B	SAS	A*11:01~B*39:01	<20	0.00156
A~B	SAS	A*11:01~B*40:01	<20	0.00312
A~B	SAS	A*11:01~B*40:06	<20	0.0156
A~B	SAS	A*11:01~B*44:02	<20	0.00156
A~B	SAS	A*11:01~B*44:03	<20	0.00936
A~B	SAS	A*11:01~B*48:01	<20	0.00156
A~B	SAS	A*11:01~B*51:01	<20	0.00936
A~B	SAS	A*11:01~B*51:06	<20	0.00156
A~B	SAS	A*11:01~B*52:01	<20	0.02652
A~B	SAS	A*11:01~B*52:04	<20	0.00312
A~B	SAS	A*11:01~B*56:01	<20	0.00156
A~B	SAS	A*11:01~B*57:01	<20	0.00624
A~B	SAS	A*11:03~B*52:01	<20	0.00312
A~B	SAS	A*23:01~B*07:02	<20	0.00156
A~B	SAS	A*23:01~B*40:06	<20	0.00156
A~B	SAS	A*23:01~B*41:01	<20	0.00156
A~B	SAS	A*23:01~B*44:03	<20	0.00156
A~B	SAS	A*23:01~B*58:01	<20	0.00156
A~B	SAS	A*24:02~B*07:02	<20	0.0156
A~B	SAS	A*24:02~B*07:05	<20	0.00156
A~B	SAS	A*24:02~B*07:06	<20	0.00312
A~B	SAS	A*24:02~B*08:01	<20	0.00468
A~B	SAS	A*24:02~B*13:01	<20	0.00156
A~B	SAS	A*24:02~B*13:02	<20	0.00156
A~B	SAS	A*24:02~B*15:01	<20	0.00312
A~B	SAS	A*24:02~B*15:02	<20	0.00468
A~B	SAS	A*24:02~B*15:05	<20	0.00156
A~B	SAS	A*24:02~B*15:18	<20	0.00156
A~B	SAS	A*24:02~B*15:25	<20	0.00312
A~B	SAS	A*24:02~B*18:01	<20	0.00156
A~B	SAS	A*24:02~B*27:05	<20	0.00312
A~B	SAS	A*24:02~B*35:01	<20	0.00624
A~B	SAS	A*24:02~B*35:02	<20	0.00468
A~B	SAS	A*24:02~B*35:03	<20	0.0234
A~B	SAS	A*24:02~B*38:02	<20	0.00312
A~B	SAS	A*24:02~B*39:06	<20	0.00156
A~B	SAS	A*24:02~B*40:01	<20	0.00468
A~B	SAS	A*24:02~B*40:06	<20	0.01092
A~B	SAS	A*24:02~B*44:02	<20	0.00312
A~B	SAS	A*24:02~B*44:03	<20	0.00468
A~B	SAS	A*24:02~B*48:01	<20	0.00156
A~B	SAS	A*24:02~B*50:01	<20	0.00156
A~B	SAS	A*24:02~B*51:01	<20	0.00312
A~B	SAS	A*24:02~B*51:06	<20	0.00156
A~B	SAS	A*24:02~B*52:01	<20	0.00624
A~B	SAS	A*24:02~B*55:01	<20	0.00156
A~B	SAS	A*24:02~B*56:01	<20	0.00156
A~B	SAS	A*24:02~B*57:01	<20	0.00312
A~B	SAS	A*24:02~B*58:01	<20	0.00468
A~B	SAS	A*24:03~B*18:01	<20	0.00468
A~B	SAS	A*24:07~B*35:03	<20	0.00156
A~B	SAS	A*24:07~B*35:05	<20	0.00156
A~B	SAS	A*24:07~B*52:01	<20	0.00312
A~B	SAS	A*24:07~B*58:01	<20	0.00156
A~B	SAS	A*24:17~B*15:02	<20	0.00468
A~B	SAS	A*24:17~B*27:05	<20	0.00156
A~B	SAS	A*24:33~B*39:01	<20	0.00156
A~B	SAS	A*24:33~B*51:06	<20	0.00156
A~B	SAS	A*24:422~B*13:01	<20	0.00156
A~B	SAS	A*26:01~B*07:02	<20	0.00156
A~B	SAS	A*26:01~B*07:06	<20	0.00312
A~B	SAS	A*26:01~B*08:01	<20	0.01092
A~B	SAS	A*26:01~B*15:05	<20	0.00156
A~B	SAS	A*26:01~B*15:08	<20	0.00156
A~B	SAS	A*26:01~B*15:17	<20	0.00156
A~B	SAS	A*26:01~B*15:25	<20	0.00156
A~B	SAS	A*26:01~B*35:01	<20	0.00156
A~B	SAS	A*26:01~B*35:03	<20	0.00156
A~B	SAS	A*26:01~B*37:01	<20	0.00156
A~B	SAS	A*26:01~B*40:06	<20	0.00468
A~B	SAS	A*26:01~B*44:03	<20	0.00312
A~B	SAS	A*26:01~B*50:01	<20	0.00156
A~B	SAS	A*26:01~B*51:01	<20	0.00312
A~B	SAS	A*26:01~B*51:06	<20	0.00156
A~B	SAS	A*26:01~B*55:01	<20	0.00156
A~B	SAS	A*26:01~B*57:01	<20	0.00156
A~B	SAS	A*29:01~B*07:05	<20	0.00936
A~B	SAS	A*29:01~B*35:01	<20	0.00312
A~B	SAS	A*29:01~B*37:01	<20	0.00156
A~B	SAS	A*29:01~B*57:01	<20	0.00156
A~B	SAS	A*29:02~B*18:01	<20	0.00156
A~B	SAS	A*30:01~B*07:05	<20	0.00312
A~B	SAS	A*30:01~B*08:01	<20	0.00156
A~B	SAS	A*30:01~B*13:02	<20	0.00312
A~B	SAS	A*30:01~B*15:02	<20	0.00156
A~B	SAS	A*30:01~B*37:01	<20	0.00156
A~B	SAS	A*30:01~B*49:01	<20	0.00156
A~B	SAS	A*30:01~B*51:01	<20	0.00156
A~B	SAS	A*30:01~B*52:01	<20	0.00156
A~B	SAS	A*30:02~B*35:03	<20	0.00156
A~B	SAS	A*30:02~B*57:01	<20	0.00156
A~B	SAS	A*31:01~B*13:02	<20	0.00468
A~B	SAS	A*31:01~B*15:01	<20	0.00156
A~B	SAS	A*31:01~B*35:03	<20	0.00468
A~B	SAS	A*31:01~B*37:01	<20	0.00156
A~B	SAS	A*31:01~B*40:01	<20	0.00156
A~B	SAS	A*31:01~B*40:06	<20	0.00156
A~B	SAS	A*31:01~B*51:01	<20	0.00468
A~B	SAS	A*31:01~B*57:61	<20	0.00156
A~B	SAS	A*32:01~B*08:01	<20	0.00468
A~B	SAS	A*32:01~B*15:02	<20	0.00156
A~B	SAS	A*32:01~B*15:29	<20	0.00156
A~B	SAS	A*32:01~B*35:01	<20	0.0078
A~B	SAS	A*32:01~B*35:03	<20	0.00156
A~B	SAS	A*32:01~B*39:06	<20	0.00156
A~B	SAS	A*32:01~B*40:06	<20	0.00312
A~B	SAS	A*32:01~B*48:01	<20	0.00156
A~B	SAS	A*32:01~B*49:01	<20	0.00312
A~B	SAS	A*32:01~B*50:01	<20	0.00156
A~B	SAS	A*32:01~B*51:01	<20	0.00156
A~B	SAS	A*32:01~B*52:01	<20	0.00468
A~B	SAS	A*32:01~B*57:01	<20	0.00312
A~B	SAS	A*32:01~B*58:01	<20	0.00156
A~B	SAS	A*33:03~B*07:02	<20	0.00156
A~B	SAS	A*33:03~B*07:06	<20	0.00156
A~B	SAS	A*33:03~B*08:01	<20	0.00156
A~B	SAS	A*33:03~B*15:02	<20	0.00156
A~B	SAS	A*33:03~B*15:17	<20	0.00156
A~B	SAS	A*33:03~B*15:29	<20	0.00156
A~B	SAS	A*33:03~B*18:01	<20	0.00312
A~B	SAS	A*33:03~B*35:01	<20	0.00156
A~B	SAS	A*33:03~B*35:03	<20	0.00468
A~B	SAS	A*33:03~B*35:08	<20	0.00156
A~B	SAS	A*33:03~B*37:01	<20	0.00156
A~B	SAS	A*33:03~B*38:02	<20	0.00312
A~B	SAS	A*33:03~B*39:01	<20	0.00156
A~B	SAS	A*33:03~B*40:01	<20	0.00156
A~B	SAS	A*33:03~B*40:02	<20	0.00312
A~B	SAS	A*33:03~B*40:06	<20	0.00468
A~B	SAS	A*33:03~B*44:03	23	0.03588
A~B	SAS	A*33:03~B*51:01	<20	0.00468
A~B	SAS	A*33:03~B*52:01	<20	0.00312
A~B	SAS	A*33:03~B*55:01	<20	0.00156
A~B	SAS	A*33:03~B*56:01	<20	0.00156
A~B	SAS	A*33:03~B*57:01	<20	0.00468
A~B	SAS	A*33:03~B*58:01	<20	0.01872
A~B	SAS	A*66:01~B*35:01	<20	0.00156
A~B	SAS	A*68:01~B*07:02	<20	0.00312
A~B	SAS	A*68:01~B*07:05	<20	0.00156
A~B	SAS	A*68:01~B*08:01	<20	0.00156
A~B	SAS	A*68:01~B*13:01	<20	0.00156
A~B	SAS	A*68:01~B*15:02	<20	0.00156
A~B	SAS	A*68:01~B*15:18	<20	0.00156
A~B	SAS	A*68:01~B*18:01	<20	0.00312
A~B	SAS	A*68:01~B*35:01	<20	0.00312
A~B	SAS	A*68:01~B*35:03	<20	0.00156
A~B	SAS	A*68:01~B*40:01	<20	0.00624
A~B	SAS	A*68:01~B*40:06	<20	0.01092
A~B	SAS	A*68:01~B*44:03	<20	0.00624
A~B	SAS	A*68:01~B*51:01	<20	0.01092
A~B	SAS	A*68:01~B*51:06	<20	0.00156
A~B	SAS	A*68:01~B*52:01	<20	0.00312
A~B	SAS	A*68:01~B*57:01	<20	0.00312
A~B	SAS	A*68:01~B*58:01	<20	0.00156
A~B	SAS	A*68:02~B*53:01	<20	0.00156
