column	raw_var_frac	std_var_frac	pc1_abs_loading	pc2_abs_loading	pc3_abs_loading	ancestry_f_stat	is_disease_proxy
A:HLA-A*01:01:01:01	0.009276880200519363	0.0001833852924995613	0.009856528523656158	0.0014832550568395603	0.08590742947828008	91.7902047304483	False
A:HLA-A*01:01:01:03	0.0001066028879158975	0.00018338529249958436	0.008909757235869065	0.0008325457660643297	0.00042383966202974577	14.868822304853449	False
A:HLA-A*01:01:01:07	6.670703309822185e-06	0.00018338529249953378	0.0005247759015966358	8.124353106927357e-06	0.002698898177491582	0.6880876388067212	False
A:HLA-A*01:01:01:109	1.3339980341409153e-05	0.0001833852924995847	0.00249483322173924	0.00016471276975155852	0.0005951201831861375	1.3768305991742118	False
A:HLA-A*01:01:01:11	5.9984983771891336e-05	0.0001833852924995958	0.009861977858197646	0.0009087420296582036	0.004513294373720611	3.933848384973946	False
A:HLA-A*01:01:01:117	6.670703309822347e-06	0.0001833852924995271	0.0020502268883865193	0.0004355272017228934	0.0010376635605958695	4.683899434417869	False
A:HLA-A*01:01:01:32	6.670703309822291e-06	0.00018338529249952942	0.0014865196004010262	0.00021842297231652527	0.0038366146724139183	0.6880876388067215	False
A:HLA-A*01:01:01:58	1.3339980341409585e-05	0.00018338529249955975	0.0008549311223523814	2.9855231978598296e-05	0.005000327748004768	2.4392648122455474	False
A:HLA-A*01:01:01:89	1.3339980341410188e-05	0.00018338529249956932	0.0027031127175985575	0.0004164911542320626	0.005024625828401269	0.4438038458086559	False
A:HLA-A*01:02:01:01	0.00025931164608906205	0.00018338529249955308	0.019427353300074002	0.0020336482659042976	0.016135170895740594	6.87104153890542	False
A:HLA-A*01:03:01:01	1.3339980341410366e-05	0.00018338529249949665	0.0005786246430776257	0.0001194624979731218	0.0017329594567423341	2.987590457562321	False
A:HLA-A*01:03:01:02	4.666497132579567e-05	0.0001833852924995532	0.0008575057236962121	0.00011685943310935087	0.0039160682958510155	2.425912756742161	False
A:HLA-A*01:356	6.670703309821836e-06	0.00018338529249954834	0.002272813507985928	0.000272360188230264	0.002692662027233275	4.683899434417872	False
A:HLA-A*01:379N	3.333925376674756e-05	0.0001833852924995736	2.4599814983200432e-05	0.00012374284743454228	0.005976851244676349	0.40744774307124687	False
A:HLA-A*02:01:01:01	0.016243459225288803	0.00018338529249953584	0.0033179656247927618	0.005173874391474981	0.07216442522319895	86.27274474503639	False
A:HLA-A*02:01:01:05	4.000282568539093e-05	0.00018338529249952733	0.0006714753229350479	0.00029949913240661253	0.005344729364822766	1.2128685908286798	False
A:HLA-A*02:01:01:08	0.0001264994693082727	0.00018338529249954408	0.0005571313857556649	0.00025593472411192	0.010467826284662788	0.7490835110994538	False
A:HLA-A*02:01:01:11	6.670703309822147e-06	0.00018338529249953536	0.0002654049911919529	0.0001107265448754687	0.0019870720493393263	0.5909730946714781	False
A:HLA-A*02:01:01:115	6.6707033098223e-06	0.00018338529249952904	3.0145879524041746e-05	0.0002057964719376837	0.0031878959810506453	0.6880876388067214	False
A:HLA-A*02:01:01:129	6.670703309822319e-06	0.0001833852924995283	0.0013063561449885045	8.316055520556472e-05	0.00016245692252880324	0.6880876388067215	False
A:HLA-A*02:01:01:167	6.670703309821859e-06	0.0001833852924995474	0.0020112926016082884	5.889752550022869e-05	0.003984685108379158	0.5994439990488051	False
A:HLA-A*02:01:01:195	6.670703309822371e-06	0.00018338529249952606	0.0017360625034400403	0.0003182294070664739	0.0038827640758573216	0.599443999048805	False
A:HLA-A*02:01:01:206	6.670703309822158e-06	0.00018338529249953498	0.0016316905127597668	0.00034767742014518775	0.0036403698322637545	0.6880876388067215	False
A:HLA-A*02:01:01:247	6.670703309821773e-06	0.00018338529249955089	0.003398343585619057	0.0003209375669915175	0.0006481031818079898	4.68389943441787	False
A:HLA-A*02:01:01:29	6.67070330982246e-06	0.00018338529249952245	0.003205145717733941	0.00043637230132776144	0.0009309913149413798	0.5909730946714782	False
A:HLA-A*02:01:01:39	1.3339980341409331e-05	0.0001833852924995394	0.004389070119024057	0.0005717327005561032	0.0007930525045304188	1.3768305991742118	False
A:HLA-A*02:01:01:63	1.3339980341409685e-05	0.00018338529249956308	0.006010004245192149	0.0007299791215754593	0.005346238965437683	3.391722864910944	False
A:HLA-A*02:01:01:74	6.6707033098220205e-06	0.00018338529249954061	0.0009750200087649777	0.00026335357469862454	0.0016225183162011001	0.6880876388067214	False
A:HLA-A*02:01:01:77	6.670703309821862e-06	0.00018338529249954725	0.002898735674615083	0.0005536893994017837	0.00411094548693916	0.6880876388067213	False
A:HLA-A*02:01:01:83	6.67070330982252e-06	0.00018338529249951993	0.0024339765771727176	0.0005675711290308966	0.004721579992649791	0.6880876388067215	False
A:HLA-A*02:01:01:88	1.3339980341409938e-05	0.0001833852924994856	0.0034777311587053843	0.0006710149713882601	0.005228250966739731	0.8863469342385849	False
A:HLA-A*02:01:01:97	6.670703309822055e-06	0.00018338529249953915	0.004789043104412895	0.0007669504527218955	0.0034972086515128805	1.3973898468176043	False
A:HLA-A*02:01:04	2.0007831094752802e-05	0.00018338529249960938	0.0015806952701334634	0.0003737477856668189	0.008187544111907351	1.799874305891823	False
A:HLA-A*02:01:05	3.333925376674819e-05	0.0001833852924995578	0.004141098020641044	0.0006908932716857303	0.005907246442030586	3.002365437295946	False
A:HLA-A*02:01:135	6.670703309822544e-06	0.00018338529249951893	0.0013329447892476971	3.457887518145234e-05	0.003712774985983424	0.5994439990488051	False
A:HLA-A*02:01:14Q	6.6707033098218e-06	0.0001833852924995497	0.0003736149272303709	0.00014527368451672468	0.004053858984731952	0.5994439990488051	False
A:HLA-A*02:02:01:01	0.001351013533496208	0.00018338529249956737	0.054980540319992305	0.005994598274443806	0.027190090944707677	35.3363709859661	False
A:HLA-A*02:02:01:02	0.0003383873640499422	0.00018338529249962412	0.030825918914356487	0.00323759768850162	0.016729048312293427	18.930600536083848	False
A:HLA-A*02:02:01:03	6.670703309822362e-06	0.00018338529249952646	0.006926042553779326	0.0008092252614854733	0.004472570984322696	0.5909730946714781	False
A:HLA-A*02:02:01:04	6.670703309822214e-06	0.00018338529249953264	0.00227097711893773	0.00017005457305999922	3.3226523871701454e-05	4.683899434417871	False
A:HLA-A*02:03:01:01	0.0007453972528691093	0.00018338529249957444	0.06293785560393449	0.007931061800590722	0.07656909765526197	87.90523763287564	False
A:HLA-A*02:03:01:02	6.6707033098223135e-06	0.00018338529249952847	0.009861987702687626	0.0015673578320182077	0.0150122867193558	1.3973898468176043	False
A:HLA-A*02:04:01	0.00012649946930825463	0.00018338529249954303	0.001379922731567239	0.0006108340176228119	0.001266439957245813	9.859243409320985	False
A:HLA-A*02:05:01:01	0.0017552735578762761	0.00018338529249955148	0.019115193674558096	0.001969761995365643	0.014306580264398126	13.105452430993438	False
A:HLA-A*02:05:01:09	6.670703309822085e-06	0.00018338529249953793	0.002108715050890818	0.00017329789993182176	0.0005059382570281161	0.6880876388067214	False
A:HLA-A*02:05:01:10	6.670703309822351e-06	0.00018338529249952693	0.008655037137837331	0.0010124996411006897	0.006800132368439656	0.6880876388067214	False
A:HLA-A*02:06:01:01	0.001824587827590254	0.00018338529249954918	0.05629469438371821	0.008690454610774952	0.011701622985312764	57.840968213325226	False
A:HLA-A*02:06:01:02	6.670703309822527e-06	0.0001833852924995196	0.008083380516561618	0.0013158833744080472	0.010854404740681433	1.3973898468176043	False
A:HLA-A*02:06:01:04	4.666497132580452e-05	0.00018338529249949852	0.008714977863206328	0.001598264509419996	0.0051240579135213215	9.832236994475673	False
A:HLA-A*02:07:01:01	0.00105951506645512	0.00018338529249956888	0.07831885578516354	0.011849561395862025	0.09735609637858864	195.45444211474825	False
A:HLA-A*02:08:01	2.667425556987273e-05	0.0001833852924995269	0.001201267688674415	0.00012330945314942618	0.006375042988705578	2.514920995363018	False
A:HLA-A*02:09:01:01	4.00028256853908e-05	0.00018338529249952823	0.0015237714264066788	0.0002629820517063353	0.005044390427763315	1.3946421488139702	False
A:HLA-A*02:10	2.6674255569875778e-05	0.00018338529249951982	0.011168673987907196	0.0017650006827588203	0.009169569502599024	5.60395310243077	False
A:HLA-A*02:11:01:01	0.0008826480075205873	0.00018338529249953693	0.028500678036920968	0.0015686428163164178	0.00666529981226358	156.7343854282756	False
A:HLA-A*02:12	6.670703309821978e-06	0.00018338529249954238	0.002315861890767285	0.0004969686192692636	0.003941689583158405	1.3973898468176043	False
A:HLA-A*02:122	6.670703309822539e-06	0.00018338529249951923	0.0030321815344874757	0.00022984830464933275	0.0027385282486230116	0.5909730946714781	False
A:HLA-A*02:13	2.6674255569876384e-05	0.00018338529249955056	0.0054463752904118775	0.0009937967013937043	0.006533062658233254	2.7562862328559046	False
A:HLA-A*02:131:01:01	2.0007831094755773e-05	0.00018338529249959444	0.004197590023234745	2.688818081877664e-05	0.0008792570279367993	5.092759866336272	False
A:HLA-A*02:179	6.670703309822415e-06	0.0001833852924995243	0.004536770606228085	0.00047705692509044165	0.003240358066652037	0.5909730946714782	False
A:HLA-A*02:17:02:01	6.664285057759358e-05	0.00018338529249956195	0.005622390131216522	0.0010297754014672604	0.0059842058332100455	2.042999684354855	False
A:HLA-A*02:189	6.6707033098219535e-06	0.00018338529249954346	0.005232518964524153	0.0008661946097559308	0.00703611873164439	1.3973898468176043	False
A:HLA-A*02:20:01	2.667425556987406e-05	0.00018338529249951633	0.0014207193050151516	7.915807116181717e-05	0.005748342928627523	2.756286232855904	False
A:HLA-A*02:20:02	1.3339980341410585e-05	0.00018338529249959344	0.002095970672001936	0.00017268263403291424	0.0012158803053146582	3.391722864910944	False
A:HLA-A*02:22:01:01	5.9984983771891024e-05	0.00018338529249960613	0.003967825177108257	0.0010831464137138304	0.007109475473069335	6.216459227040754	False
A:HLA-A*02:22:01:02	6.670703309822002e-06	0.00018338529249954143	0.0010192551036670963	5.274513641086517e-05	0.0009376864389089221	0.6880876388067214	False
A:HLA-A*02:24:01	2.0007831094752002e-05	0.00018338529249961973	0.0015371388303742721	0.00040053012885805033	0.003167880651441033	0.7622318739809018	False
A:HLA-A*02:30:01	2.0007831094756756e-05	0.00018338529249956685	0.002136114601791928	0.0005232291117290169	0.0075352523239215746	1.799874305891823	False
A:HLA-A*02:33	2.000783109475693e-05	0.00018338529249955552	0.004061612783587675	0.0009228858364055434	0.008355425562733637	2.0662298177221365	False
A:HLA-A*02:39	6.670703309822271e-06	0.00018338529249953026	0.002551819280074233	0.0004338864894007834	0.004664439092553577	0.6880876388067214	False
A:HLA-A*02:481	1.3339980341410134e-05	0.00018338529249957788	0.0009883343405784229	0.0003116984958153616	0.003678472799900767	1.3768305991742118	False
A:HLA-A*02:642	2.0007831094753185e-05	0.00018338529249961103	0.004809972379631549	0.001176475737706327	0.009602704529298883	2.0662298177221365	False
A:HLA-A*02:64:01	6.670703309821833e-06	0.00018338529249954842	0.007168821367472536	0.0010458689230696205	0.009861220610800317	1.3973898468176043	False
A:HLA-A*02:742	6.670703309822069e-06	0.00018338529249953858	1.0912390346388239e-05	5.435975036089397e-05	0.003542767970676822	0.6880876388067215	False
A:HLA-A*02:744	6.670703309822183e-06	0.00018338529249953386	0.00321877912549754	0.0001238852370538654	0.0003243153798320071	1.694139745722015	False
A:HLA-A*02:759	6.6707033098220704e-06	0.00018338529249953853	0.002751961512063204	0.0006128172068856566	0.004828033899545523	0.6880876388067215	False
A:HLA-A*02:85	6.670703309822442e-06	0.0001833852924995232	0.00025299493459752387	0.00016491923353480044	0.002926800933857898	4.683899434417871	False
A:HLA-A*03:01:01:01	0.0067050723364744155	0.00018338529249958244	0.008638380779728155	0.002589449417221426	0.06766450795192405	52.24752888201275	False
A:HLA-A*03:01:01:03	0.00020612858322467084	0.0001833852924995947	0.006734537015192864	0.0010680823423618348	0.022256263005755467	11.959540854519458	False
A:HLA-A*03:01:01:05	0.0019414499348573988	0.00018338529249957772	0.061358958038317556	0.006677208990473145	0.02788309829818454	56.03334553854003	False
A:HLA-A*03:01:01:07	0.00027244338980799256	0.0001833852924996087	0.025311813840926574	0.0028081119268481007	0.01618216020946111	10.134970011826013	False
A:HLA-A*03:01:01:11	6.670703309822413e-06	0.00018338529249952443	0.0012224949680263275	0.0003269515404089524	0.003570737479439351	0.5994439990488052	False
A:HLA-A*03:01:01:24	6.6707033098225075e-06	0.0001833852924995205	0.00081014891864424	1.859570857253928e-05	0.0006821349312596657	0.6880876388067217	False
A:HLA-A*03:01:01:26	1.3339980341410417e-05	0.00018338529249949941	0.0019560706372828123	0.00014913242287055285	0.0032781973205006374	0.4438038458086558	False
A:HLA-A*03:01:01:30	6.670703309822415e-06	0.0001833852924995243	0.005785714265203381	0.0007976039481166544	0.008940010103231382	1.694139745722015	False
A:HLA-A*03:01:01:47	2.000783109475184e-05	0.00018338529249961813	0.0083625383959775	0.0009150941241559079	0.004609027882362849	0.7213758221733102	False
A:HLA-A*03:01:01:72	6.670703309822213e-06	0.00018338529249953264	0.002091573601736353	0.00044409820946696133	0.0047751440138054215	0.6880876388067214	False
A:HLA-A*03:01:03:01	1.3339980341410356e-05	0.00018338529249951462	0.0017217841001233851	8.995820185926755e-05	0.005019779586950004	0.4438038458086559	False
A:HLA-A*03:01:84	6.67070330982226e-06	0.0001833852924995307	0.00137272271506779	0.00026786724503710966	0.00530277685415791	0.5909730946714781	False
A:HLA-A*03:02:01:01	0.0006469498239067507	0.0001833852924995863	0.008659243230105555	0.0010868820004442848	0.023803801309226227	31.258478163944037	False
A:HLA-A*03:279N	6.670703309822436e-06	0.0001833852924995234	0.001335470301657852	0.0002746164924139653	0.0018907217718482714	0.5994439990488052	False
A:HLA-A*11:01:01:01	0.007986751632362128	0.00018338529249954983	0.10395424975853937	0.012488930393111558	0.04791909212207443	197.4302038438412	False
A:HLA-A*11:01:01:07	0.00013314307333157934	0.0001833852924995625	0.031478144256590734	0.004694466031161458	0.04245629980884832	28.4099450144989	False
A:HLA-A*11:01:01:13	6.67070330982202e-06	0.00018338529249954075	0.002068196784819208	0.00016809089505081013	0.002037761454380549	0.5909730946714781	False
A:HLA-A*11:01:01:14	6.670703309821858e-06	0.00018338529249954742	0.0006401046232121524	0.00018218981410073225	0.002456021754912564	0.6880876388067214	False
A:HLA-A*11:01:01:25	4.000282568539078e-05	0.0001833852924995256	0.007060000859087931	0.0005886175595760499	0.0008522177199871358	10.2166998951195	False
A:HLA-A*11:01:01:75	2.0007831094750888e-05	0.00018338529249964407	0.0006956009759185435	3.766576945548722e-05	0.002092792385424647	2.211069840618446	False
A:HLA-A*11:01:79	6.670703309822323e-06	0.00018338529249952815	1.8521311324610366e-05	0.0001260452530273102	0.0034113908715059553	0.6880876388067217	False
A:HLA-A*11:02:01:01	0.00029216168642088333	0.00018338529249955105	0.041362446081903016	0.006164356217082794	0.05069704565871947	60.46896469733337	False
A:HLA-A*11:03:01:01	3.333925376674772e-05	0.0001833852924995611	0.007640075589232474	0.0005697795244474385	0.0021830718617429066	8.505237765220105	False
A:HLA-A*11:04	1.3339980341408045e-05	0.00018338529249955278	0.004925680539224636	0.0006064447298149835	0.0006807327450042105	1.3456954518650195	False
A:HLA-A*11:248	6.670703309821817e-06	0.00018338529249954907	0.0015048532949025312	0.00040220315736870396	0.004587180074954216	0.599443999048805	False
A:HLA-A*11:263	6.670703309821931e-06	0.00018338529249954435	0.006273891717536773	0.0009981367000629936	0.005262044952017994	1.3973898468176043	False
A:HLA-A*11:366	6.670703309821856e-06	0.00018338529249954744	0.0006139826209732793	0.0002014001165858478	0.0033978199765879145	1.6941397457220149	False
A:HLA-A*23:01:01:01	0.004702636170523457	0.00018338529249956317	0.07843711175721169	0.008133084855707486	0.030478827090820775	88.16635965604148	False
A:HLA-A*23:01:01:05	6.670703309822287e-06	0.0001833852924995296	0.0023061705481124723	0.0004804991953854262	0.003401777289523401	0.6880876388067215	False
A:HLA-A*23:01:01:07	2.0007831094754886e-05	0.00018338529249957515	0.00018509480912406315	9.037881694977452e-06	0.0002158988810136358	5.092759866336272	False
A:HLA-A*23:01:01:30	6.670703309822313e-06	0.00018338529249952847	0.0061469382877625935	0.0006938915791903775	0.004487641745874997	0.5909730946714782	False
A:HLA-A*23:01:25	6.67070330982201e-06	0.00018338529249954107	0.003966154934153172	0.0004196977955032723	0.0017414572375261633	0.5909730946714782	False
A:HLA-A*23:05	2.000783109474944e-05	0.0001833852924996543	0.008694543308855569	0.0009492481020558393	0.0072552504329097935	0.7509329605986619	False
A:HLA-A*23:133	6.670703309822097e-06	0.0001833852924995375	0.0008319638773229465	3.4213775609662684e-06	0.0010151794908179075	0.6880876388067212	False
A:HLA-A*23:15	2.0007831094754587e-05	0.0001833852924995857	0.006049524213509416	0.0005888459323503658	0.002046792166536163	1.7744236703394358	False
A:HLA-A*23:17:01:01	0.0007062758671335063	0.00018338529249959938	0.044877176607040006	0.0049497808640626174	0.026173624867849073	38.161181836806044	False
A:HLA-A*23:17:01:02	6.670703309822158e-06	0.00018338529249953498	0.0002283950879126516	0.00021993968623173276	0.009436266083428456	0.5909730946714781	False
A:HLA-A*23:17:01:03	6.670703309822529e-06	0.00018338529249951958	0.0007427980373112235	0.00018551008360804681	0.002862509152288026	0.599443999048805	False
A:HLA-A*23:18	6.670703309822539e-06	0.00018338529249951923	0.0017482619557031994	0.00013955884726817385	0.002191883503690351	0.6880876388067214	False
A:HLA-A*23:19N	1.3339980341410099e-05	0.0001833852924995423	0.006509177842905357	0.0006830761703554184	0.003479430849190764	0.7892220745480357	False
A:HLA-A*23:88	6.670703309822185e-06	0.00018338529249953378	0.001849622903194819	0.00013219388280697304	0.0005299144664616084	0.6880876388067212	False
A:HLA-A*24:02:01:01	0.009948222234819204	0.00018338529249954346	0.09186864452273756	0.012673991983166641	0.010953363600769353	102.14469736264803	False
A:HLA-A*24:02:01:02L	7.995430535428645e-05	0.00018338529249950047	0.007351825307863318	0.001679599553097659	0.004409870693569451	4.395594787498797	False
A:HLA-A*24:02:01:04	0.0003847057497643859	0.0001833852924995594	0.011430069085782006	0.0011427819876725243	0.011801533522108831	19.67654980399902	False
A:HLA-A*24:02:01:05	0.00010656009956881037	0.00018338529249956883	0.0025595987179172176	0.0005294416328154016	0.010114075649730221	4.8733676801147245	False
A:HLA-A*24:02:01:06	7.99543053542865e-05	0.00018338529249948676	0.006361828754314928	0.0017451789615992622	0.012737433052954557	6.64984808259803	False
A:HLA-A*24:02:01:07	3.333925376674769e-05	0.00018338529249957428	0.010263296200169964	0.00108375990511846	0.005927151017880996	1.6927974902670533	False
A:HLA-A*24:02:01:08	6.670703309822305e-06	0.0001833852924995288	0.0011659185123629914	0.00029767398327022244	0.0035427756180320966	0.599443999048805	False
A:HLA-A*24:02:01:12	0.0001331972719045286	0.00018338529249961786	0.003885675328710458	0.00017737415721221257	0.01724072450467623	5.998150338913998	False
A:HLA-A*24:02:01:125	6.670703309821988e-06	0.00018338529249954205	0.005269953287444663	0.00014935337575409675	0.000659000400694792	1.6941397457220146	False
A:HLA-A*24:02:01:15	1.3339980341410095e-05	0.00018338529249952993	0.0025488029359107905	0.00015684434303704853	1.08679825652524e-05	1.1824474387871216	False
A:HLA-A*24:02:01:21	6.6707033098220975e-06	0.00018338529249953744	0.000324024099925769	0.00011336683967198826	0.0006882394953919682	1.6941397457220144	False
A:HLA-A*24:02:01:30	6.670703309822303e-06	0.00018338529249952896	0.0018027690269550515	0.0003598102128516177	0.003979797119471587	0.6880876388067217	False
A:HLA-A*24:02:01:34	6.670703309822269e-06	0.00018338529249953037	0.007740192102963873	0.001107742671250683	0.009902202911202435	1.3973898468176043	False
A:HLA-A*24:02:01:36	6.670703309822169e-06	0.00018338529249953451	0.007122832606805069	0.0008226107879321054	0.004025798785646355	0.5909730946714781	False
A:HLA-A*24:02:01:56	6.670703309821863e-06	0.00018338529249954712	0.0005684601511176442	0.00015307263071062186	0.005389879243053696	0.5994439990488052	False
A:HLA-A*24:02:01:60	6.670703309821975e-06	0.00018338529249954257	0.0001607192329607259	0.00012595421981257998	0.0006853345109161191	0.5994439990488051	False
A:HLA-A*24:02:01:79	1.3339980341409448e-05	0.00018338529249951183	0.008534178989692016	0.0009706594658163642	0.004933564498486782	1.1824474387871216	False
A:HLA-A*24:02:02	6.670703309822371e-06	0.00018338529249952609	0.0007269435765619706	0.00021583071438766182	0.004962675275236533	0.599443999048805	False
A:HLA-A*24:02:04	6.670703309822178e-06	0.00018338529249953405	1.5511464284007088e-05	4.7476930867113464e-05	0.0030023620109424984	0.6880876388067213	False
A:HLA-A*24:02:05	6.670703309822148e-06	0.00018338529249953536	0.0014281464531638068	0.00026359226837689226	0.0019121954974931157	1.6941397457220153	False
A:HLA-A*24:02:13	4.000282568539096e-05	0.0001833852924995011	0.004628503884035117	3.0013746714146888e-05	0.003325641852443215	6.862810824424803	False
A:HLA-A*24:02:40:01	6.664285057759386e-05	0.0001833852924995427	0.018654908943506226	0.002979860848823685	0.028438914583906818	8.580780112349887	False
A:HLA-A*24:02:65	6.670703309822476e-06	0.00018338529249952175	0.00040582775944118316	0.0001401454056639215	0.0030985816099079228	0.6880876388067215	False
A:HLA-A*24:02:98	2.0007831094755682e-05	0.00018338529249958704	0.0036084683984336573	0.0009502080394086402	0.007895864703990039	2.0662298177221365	False
A:HLA-A*24:03:01:01	0.0004443313114208933	0.00018338529249949166	0.007477920490337132	0.0014202745780206322	0.01889370400472968	6.350447099582024	False
A:HLA-A*24:03:01:02	4.000282568539095e-05	0.000183385292499492	0.001449518095805362	0.0002976972974674602	0.0020175578761925344	4.138374415456836	False
A:HLA-A*24:03:02	6.670703309821816e-06	0.00018338529249954907	0.00019812802282308654	0.00014504599257243343	0.002832518896232168	0.6880876388067214	False
A:HLA-A*24:07:01:01	0.0007916243567765821	0.00018338529249955105	0.054094718597419086	0.00669760509922477	0.0665661120811738	78.19867851615999	False
A:HLA-A*24:07:01:02	4.00028256853909e-05	0.00018338529249953506	0.01619372663076014	0.0017292693249984854	0.021260147506771864	5.619461139933397	False
A:HLA-A*24:07:01:03	5.998498377189309e-05	0.0001833852924995851	0.02002710699614838	0.002697683523057414	0.027955125603595175	12.663243163574705	False
A:HLA-A*24:10:01:01	0.0001066028879158945	0.00018338529249957889	0.021457119708724378	0.002934996532262533	0.03072440152320933	14.597832300230992	False
A:HLA-A*24:11N	1.3339980341409873e-05	0.0001833852924995437	0.0030488968945697925	0.0003238284766466545	0.002615084140522386	0.9466166068903514	False
A:HLA-A*24:14:01:03	1.3339980341409783e-05	0.00018338529249958957	0.002983245244075708	0.0006592977070828334	0.006025412526993764	1.3768305991742118	False
A:HLA-A*24:17:01:01	3.333925376674791e-05	0.00018338529249960027	0.00902219050852266	0.0002643570570901966	0.006932676196295045	8.505237765220107	False
A:HLA-A*24:20:01:01	3.33392537667477e-05	0.00018338529249956276	0.011649281549758793	0.0018395132995594134	0.01335321986084108	7.010959368913067	False
A:HLA-A*24:23	3.333925376674758e-05	0.00018338529249959306	0.001182571067303727	0.00020688442096398967	2.5032115119907093e-05	1.7105539307163764	False
A:HLA-A*24:25	7.329929110505791e-05	0.000183385292499589	0.003644831701840856	0.0012351508894857092	0.008414539784415644	7.605161846227712	False
A:HLA-A*24:29	6.670703309821773e-06	0.00018338529249955089	0.0006712119864918278	0.0001060998414902484	0.00430699479917261	0.5994439990488052	False
A:HLA-A*24:314	1.3339980341410466e-05	0.00018338529249958477	0.0014048711304843098	0.00028642677636474647	0.005927350399515223	9.392386267441605	False
A:HLA-A*24:33:01	9.991079043253577e-05	0.0001833852924995586	0.013218845119141431	0.0010109582953934469	0.010691523194240968	10.363338049096843	False
A:HLA-A*24:353	1.3339980341407673e-05	0.00018338529249954812	0.005354373255107623	0.0009352162050173429	0.006284319940028195	2.7971745348465493	False
A:HLA-A*24:427N	2.667425556987818e-05	0.00018338529249946242	0.00870516516181513	0.0014055681874051338	0.008634043192607075	2.997518904886354	False
A:HLA-A*24:53	1.3339980341410182e-05	0.00018338529249954557	0.003995285378172287	0.000937383350679905	0.0007159892721052243	1.3768305991742118	False
A:HLA-A*24:95	1.3339980341410595e-05	0.00018338529249960252	0.00010999722021041812	0.00010140722470135679	0.004676013767066557	1.3768305991742118	False
A:HLA-A*25:01:01:01	0.0009911235987601495	0.00018338529249955834	0.0028374340594968244	0.0015046188072462398	0.03576970288868469	30.543258852325287	False
A:HLA-A*25:62	6.670703309821815e-06	0.0001833852924995492	0.0005029526503286657	0.00010109107469487527	0.00024716157823762486	1.3973898468176043	False
A:HLA-A*26:01:01:01	0.0037242378261851	0.00018338529249955327	0.02956532385104449	0.0036441688278597223	0.04036717639984784	33.20659795898976	False
A:HLA-A*26:01:01:02	0.00010656009956881766	0.0001833852924995728	0.008036175070866668	0.0005335843405896226	0.0048849223438109475	20.341943839023696	False
A:HLA-A*26:01:01:13	0.00020621415991892172	0.00018338529249949055	0.023122909723665555	0.0024858817502898542	0.015186950384318991	6.978802957469044	False
A:HLA-A*26:01:01:18	2.000783109475605e-05	0.00018338529249957585	0.004148846294811796	0.0006297310288890253	0.0031138583573474855	2.0662298177221365	False
A:HLA-A*26:01:01:43	6.670703309822085e-06	0.00018338529249953793	8.966037441692428e-05	0.00015506182004773204	0.0019129327371515735	0.6880876388067214	False
A:HLA-A*26:01:04	1.3339980341410378e-05	0.00018338529249955105	0.0034086133860613847	0.0003483762333112692	0.007498600161721373	1.1824474387871216	False
A:HLA-A*26:01:40	1.3339980341409343e-05	0.00018338529249950521	4.728216660806081e-05	0.000260805547967723	0.005817971903132284	1.1994018806514455	False
A:HLA-A*26:01:46:01	3.3339253766747715e-05	0.00018338529249953592	0.012111728604211964	0.001343193097098683	0.006241757790047995	1.7105539307163764	False
A:HLA-A*26:02:01	5.3325690687962114e-05	0.00018338529249957037	0.011125896551757395	0.0016929467528317666	0.005409963399667122	5.817214723750445	False
A:HLA-A*26:03:01:01	5.3325690687962073e-05	0.00018338529249958255	0.009025661693556968	0.000943687941175644	0.0036763842085009105	11.24652086878871	False
A:HLA-A*26:05	6.670703309821827e-06	0.0001833852924995487	0.004055807305645965	0.0007763788105395237	0.002213829957559208	1.3973898468176043	False
A:HLA-A*26:07:02	6.670703309822057e-06	0.00018338529249953915	0.0011908819244083393	0.000268280637067403	0.003671367376658367	0.599443999048805	False
A:HLA-A*26:08:01:01	5.332569068796085e-05	0.00018338529249958206	0.00232284911963772	0.00032324943155035443	0.0005041765094915419	1.1990410960486326	False
A:HLA-A*26:12:01:01	1.3339980341409316e-05	0.00018338529249959347	0.004779192695430511	0.0004990145539544021	0.0004175582352644781	2.4350205413387176	False
A:HLA-A*26:16	6.6707033098219425e-06	0.0001833852924995439	0.0008693884464285876	0.00019260685008149378	0.0022780521841827554	0.5994439990488049	False
A:HLA-A*29:01:01:01	0.000725537754710914	0.0001833852924995711	0.016357486384566834	0.0010988102707700626	0.005945023978503317	18.696225209300408	False
A:HLA-A*29:01:01:04	2.000783109475404e-05	0.0001833852924995804	0.001296003873150955	8.279170129973066e-05	0.00543425100415332	1.799874305891823	False
A:HLA-A*29:02:01:01	0.002480480416036412	0.00018338529249956913	0.03340020776200293	0.0026426989253056006	0.015893203354123624	24.90359369515038	True
A:HLA-A*29:02:01:02	0.00045712645347607286	0.00018338529249959997	0.020605920178523054	0.0023028382280213876	0.006692200409034386	9.257031073663928	True
A:HLA-A*29:02:01:03	6.664285057759355e-05	0.00018338529249952514	0.00994359674622743	0.0009648972986696388	0.003316828745827461	1.345796793089829	True
A:HLA-A*29:02:01:04	5.3325690687963435e-05	0.00018338529249958436	0.0018971082799123734	0.0001068511072190047	0.007395612299266632	5.523102690097123	True
A:HLA-A*29:02:01:09	2.0007831094755716e-05	0.0001833852924995643	0.008360619414776397	0.0009540009721442209	0.00449900415929624	1.0862576414893992	True
A:HLA-A*29:02:03	2.6674255569880186e-05	0.00018338529249950958	0.0006921052982787067	0.0002323055784765365	0.00033574401580115483	1.396978839570283	True
A:HLA-A*29:02:20	6.67070330982236e-06	0.00018338529249952657	0.00012972350498280177	5.863274357351731e-05	0.0030005193284845374	0.599443999048805	True
A:HLA-A*30:01:01:01	0.003888034471365241	0.00018338529249953953	0.06640781495792397	0.007003274218120609	0.04256961556231134	53.80497644175362	False
A:HLA-A*30:02:01:01	0.0015480781185315824	0.00018338529249952085	0.03597770744086245	0.00341838039258036	0.005098569925228524	15.606229479274838	False
A:HLA-A*30:02:01:02	0.0008296332454881087	0.00018338529249949147	0.04954673238255776	0.005716372875318862	0.030586523787027604	53.39601191732446	False
A:HLA-A*30:02:01:03	0.0005424920584577866	0.00018338529249953088	0.03967199630623647	0.004301574414487173	0.02121260017510858	30.021105144731354	False
A:HLA-A*30:02:01:04	0.00016633969927473148	0.00018338529249955446	0.019007346600254816	0.001979094803169149	0.0076881320087941974	9.372632591954448	False
A:HLA-A*30:02:01:05	1.3339980341410205e-05	0.00018338529249959612	0.004278744433817631	0.0008243404397770036	0.0017596510292221298	1.1824474387871216	False
A:HLA-A*30:02:01:06	1.333998034140952e-05	0.00018338529249952646	0.004034426086262809	0.0003167384261563871	0.0013838012460698067	0.43956863663656204	False
A:HLA-A*30:04:01:01	0.0003845431540454779	0.0001833852924995842	0.004981857180301473	0.00023110839113542675	0.00981693807174303	44.50240536713063	False
A:HLA-A*30:10	4.0002825685390944e-05	0.00018338529249949264	0.0019557103108434263	8.996822310036729e-05	0.0040163013934099105	7.474139396456621	False
A:HLA-A*30:139	6.67070330982199e-06	0.0001833852924995419	0.0005632061656591195	0.00021011799410369753	0.004053556259018141	1.3973898468176043	False
A:HLA-A*30:16	6.670703309822396e-06	0.0001833852924995251	0.0010055950611741187	1.0491871993863557e-05	0.0026418802124381488	0.5909730946714782	False
A:HLA-A*30:78N	6.670703309822546e-06	0.0001833852924995189	0.009153012162739806	0.0010866090547494156	0.007771355519515125	0.5909730946714782	False
A:HLA-A*31:01:02:01	0.0025990112688401173	0.00018338529249958146	0.033653827257958256	0.005976107055613569	0.03134839386421399	26.97018791764687	False
A:HLA-A*31:01:02:04	7.329929110505744e-05	0.00018338529249959526	0.0019450173028960809	5.771325428582178e-05	0.003695344557411656	1.4330413863993314	False
A:HLA-A*31:01:02:07	3.333925376674769e-05	0.0001833852924995817	0.013788473742512892	0.001568474641124696	0.009783644367770163	1.7105539307163764	False
A:HLA-A*31:01:02:11	6.670703309821813e-06	0.00018338529249954931	0.001466420758605297	9.980110275424157e-05	0.001194844046404144	1.6941397457220146	False
A:HLA-A*31:01:02:13	2.0007831094751196e-05	0.0001833852924996182	0.005579837622082929	0.0005240373003098544	0.002278911376736754	1.7744236703394358	False
A:HLA-A*31:01:02:20	1.3339980341409248e-05	0.00018338529249953674	0.002017549042713879	0.0001412422803423698	0.0036550449012431397	0.39525281868272705	False
A:HLA-A*31:01:02:31	6.670703309822015e-06	0.00018338529249954086	0.0016028943796288244	0.00025999579561281473	0.0030019780164033736	4.683899434417872	False
A:HLA-A*31:01:02:50	1.3339980341410212e-05	0.00018338529249960352	0.0023849969014400523	0.0005524774657002865	0.0035133966879086933	1.3768305991742118	False
A:HLA-A*31:02:01	2.0007831094747025e-05	0.00018338529249968443	0.0030238841579699484	0.0007690860538867424	0.006352442277263207	2.0662298177221365	False
A:HLA-A*31:02:02	6.6707033098219425e-06	0.0001833852924995439	0.00438745466579025	7.396729750185784e-05	0.002029897853989515	0.6880876388067215	False
A:HLA-A*31:12	6.670703309821894e-06	0.00018338529249954584	0.0022632998833975143	0.0003754468152786519	0.0026579275000422793	1.6941397457220142	False
A:HLA-A*31:143	6.670703309822174e-06	0.00018338529249953427	0.0025588297154004636	0.00025196947417798274	0.0008737306389194701	1.694139745722015	False
A:HLA-A*31:146	6.670703309822201e-06	0.00018338529249953313	0.006543522545409142	0.0007484392648507165	0.0045148271913702355	0.5909730946714781	False
A:HLA-A*31:48	6.670703309822079e-06	0.00018338529249953823	0.001999124982314293	0.00041447595207238955	0.0024613107080744255	0.6880876388067214	False
A:HLA-A*32:01:01:01	0.0028799153411448665	0.00018338529249954034	0.0006674237377828049	0.0004764135779644916	0.038141834291553905	21.188028939143123	False
A:HLA-A*32:01:01:04	2.6682813239287486e-05	0.00018338529249954687	0.0013484116838491582	0.0003755064133598903	0.004641829807332478	0.599443999048805	False
A:HLA-A*32:01:01:09	4.666497132580458e-05	0.00018338529249949204	0.00545386823011442	0.000527889534866637	0.004530903091551911	5.838272525494512	False
A:HLA-A*32:02	6.67070330982193e-06	0.00018338529249954444	0.001500045235669407	0.00030907651540873157	0.005567445278044097	0.5994439990488051	False
A:HLA-A*32:106:01:01	4.000282568539082e-05	0.00018338529249952094	0.011678771447831037	0.0012482716144336457	0.01073870099707903	3.5533700858029307	False
A:HLA-A*32:111	6.670703309821795e-06	0.00018338529249955002	0.0002834528282895055	4.2373083940909415e-05	0.0011477612463814246	4.683899434417871	False
A:HLA-A*32:122	6.6707033098224245e-06	0.0001833852924995239	0.0009300361213074002	0.00014982810826198097	0.00436891000976321	0.6880876388067215	False
A:HLA-A*33:01:01:01	0.0019210213516831199	0.00018338529249957005	0.041153519845894736	0.0038314144651353027	0.007906748957368712	16.521489806751838	False
A:HLA-A*33:01:01:02	6.6707033098218655e-06	0.00018338529249954706	0.0006577444200924356	0.00033659097889463414	0.0038459886078425617	0.6880876388067213	False
A:HLA-A*33:01:01:08	5.9984983771888896e-05	0.00018338529249961111	0.0025915486198736523	6.010681223860198e-06	0.00945915673521357	1.8533073934931141	False
A:HLA-A*33:01:01:10	6.670703309822204e-06	0.00018338529249953305	0.006816491547802276	0.0007707681936014063	0.006127122330704944	0.5909730946714782	False
A:HLA-A*33:03:01:01	0.004171264803472475	0.00018338529249952183	0.031113039831402404	0.0035909864864983355	0.05953857697968907	142.32535273955833	False
A:HLA-A*33:03:01:03	0.00043062905640740547	0.00018338529249956333	0.04228453254781815	0.004786402381877336	0.027417962851704388	21.736323078151067	False
A:HLA-A*33:03:01:06	1.3339980341407696e-05	0.00018338529249955105	0.0016446743975884897	0.000172803872127179	0.0015227240601645025	3.3917228649109443	False
A:HLA-A*33:05	1.3339980341410292e-05	0.00018338529249948253	0.0013815787233324372	9.655771350759426e-06	0.0011839269675674403	0.4438038458086558	False
A:HLA-A*33:129N	6.670703309822218e-06	0.00018338529249953248	0.0007511752086401678	4.853523608352661e-07	0.0039054171797794682	0.6880876388067217	False
A:HLA-A*33:258N	1.333998034141059e-05	0.00018338529249960174	0.0021943954342228495	0.00039919748670631805	0.005305898582555985	0.7983327472301327	False
A:HLA-A*34:01:01:01	0.0005295942243696129	0.00018338529249956338	0.048730666228326544	0.005369832608875399	0.07184193554305952	88.09505240641488	False
A:HLA-A*34:02:01:01	0.0013079941293419387	0.00018338529249953763	0.05752716429036874	0.006130384707621249	0.03432176265575664	64.78067408589001	False
A:HLA-A*34:02:01:03	6.670703309821827e-06	0.0001833852924995487	0.004820498606607254	0.0005322959055201308	0.002412318388219558	0.5909730946714781	False
A:HLA-A*34:02:01:06	1.3339980341409296e-05	0.00018338529249953232	0.009488518996262612	0.0011102558502071392	0.006608704118615167	1.1824474387871218	False
A:HLA-A*34:05	5.998498377189299e-05	0.00018338529249958577	0.019062420269189487	0.001965677342700853	0.027552994869620925	12.663243163574705	False
A:HLA-A*36:01:01:01	0.0007974792289352388	0.0001833852924995548	0.04619607367301997	0.005023853379239078	0.03152817747229337	43.566672038045546	False
A:HLA-A*36:01:02	6.670703309821973e-06	0.00018338529249954262	0.005652509956943246	0.0006083489120125819	0.003308309826508698	0.5909730946714781	False
A:HLA-A*43:01	2.6674255569879254e-05	0.00018338529249950925	0.001271453642443066	7.750885695939685e-05	0.005001331134775642	1.2161449255120191	False
A:HLA-A*66:01:01:01	0.0009798631320869352	0.00018338529249957013	0.022736182957051286	0.003544878110458509	0.002393944958128191	8.64274175667635	False
A:HLA-A*66:02:01:01	0.0004178167990134724	0.0001833852924995465	0.034469100114839654	0.003760456389767146	0.02336848629099864	24.025333727812388	False
A:HLA-A*66:03:01:01	1.3339980341409844e-05	0.0001833852924994855	0.006888472858221994	0.0008125097919057623	0.007089442011222019	0.43956863663656204	False
A:HLA-A*66:03:01:02	6.664285057759279e-05	0.0001833852924995477	0.014337125895107208	0.0015114893596686611	0.008215944179543149	4.50955503403649	False
A:HLA-A*68:01:01:02	0.0017334301066923082	0.00018338529249954365	0.03679121842822979	0.0036722980040868195	0.010560107416315084	18.108307307688204	False
A:HLA-A*68:01:02:01	0.0012044349191816749	0.00018338529249949418	0.021013513839145122	0.0035867414795271078	0.030046393100302788	32.28743080351499	False
A:HLA-A*68:01:02:02	0.001120923475906562	0.0001833852924995422	0.018381020182023106	0.0006172714828186635	0.02693717974858278	29.123297053160176	False
A:HLA-A*68:01:02:03	2.0007831094755485e-05	0.00018338529249957517	0.0005477512140677097	7.549369814475649e-05	0.0036334912725378243	0.7298497260073943	False
A:HLA-A*68:01:02:04	6.6707033098224965e-06	0.00018338529249952085	0.00016525176688811553	0.000176314486222262	0.003262514650689392	0.5994439990488051	False
A:HLA-A*68:01:02:08	6.670703309822319e-06	0.0001833852924995283	0.0019856289032805165	0.0004350226888490166	0.002415384724278209	0.6880876388067215	False
A:HLA-A*68:01:02:12	6.670703309822008e-06	0.00018338529249954118	2.7042805032595144e-05	3.790505713581643e-05	0.002874528361024397	0.5909730946714782	False
A:HLA-A*68:01:02:13	6.670703309821844e-06	0.00018338529249954799	0.0018515647393833432	0.00013456587668145474	0.001248909173062882	0.5909730946714781	False
A:HLA-A*68:02:01:01	0.003068095639046634	0.00018338529249957344	0.07324912495284995	0.007718423181335959	0.02480764630221154	63.01927248238985	False
A:HLA-A*68:02:01:02	6.670703309821961e-06	0.0001833852924995431	0.004044297859401329	0.00041923267346968346	0.0003033274498333345	4.683899434417871	False
A:HLA-A*68:02:01:03	1.3339980341409968e-05	0.00018338529249948358	0.0033935915103882595	0.00029556602667168605	0.0029169909989099027	9.392386267441605	False
A:HLA-A*68:02:01:05	6.670703309822077e-06	0.00018338529249953826	0.0009660935440621367	0.00028776038536318957	0.0035520493530594283	0.599443999048805	False
A:HLA-A*68:02:01:09	1.3339980341409856e-05	0.0001833852924995241	0.004030223651011025	0.00030990998952268545	0.0010075801685167042	0.4395686366365621	False
A:HLA-A*68:02:02	1.3339980341409268e-05	0.00018338529249958092	0.006365255617751092	0.0006671787912315336	0.00568744079534182	1.1824474387871216	False
A:HLA-A*68:03:01:01	0.0003781134917575406	0.00018338529249962879	0.013454741841449121	0.003322478877862681	0.027482050098326955	33.98988300871709	False
A:HLA-A*68:05	7.329929110505046e-05	0.00018338529249961616	0.004482017744077009	0.0013388034543205928	0.011237781745495511	5.968711266347276	False
A:HLA-A*68:15	6.670703309822051e-06	0.0001833852924995394	0.00500625738976832	0.0005323260635470219	0.0019341294316731377	0.5909730946714781	False
A:HLA-A*68:289	6.670703309822234e-06	0.0001833852924995318	0.005854924969563	0.0007632600150086069	0.004512594836656948	0.5909730946714781	False
A:HLA-A*68:40	6.670703309822047e-06	0.00018338529249953958	0.003731449839860281	0.0005466826221140826	0.0027485363051441237	0.5909730946714781	False
A:HLA-A*69:01:01:01	0.0003383873640499571	0.00018338529249960667	0.00366092759148711	0.000838601766290426	0.01675649750987888	10.462434588269238	False
A:HLA-A*74:01:01:01	0.0021123993653912117	0.00018338529249953012	0.07954357107995641	0.009070520968831208	0.04977481491671508	101.21725853016508	False
A:HLA-A*74:02:01:02	1.3339980341410292e-05	0.00018338529249948993	0.00889232261687114	0.0010078708894311064	0.009645742422651751	2.797174534846549	False
A:HLA-A*74:03:01:01	6.670703309822473e-06	0.0001833852924995219	0.000884068284675803	1.0596802088259095e-05	0.003868369317539966	0.5994439990488051	False
A:HLA-A*74:09	6.6707033098221585e-06	0.00018338529249953492	0.006042446150899835	0.0006993197412408017	0.004389493857878332	0.5909730946714782	False
A:HLA-A*74:11	2.0007831094757362e-05	0.00018338529249956956	0.006246816815130366	0.000650660585528385	0.004856713258622284	1.7744236703394358	False
A:HLA-A*74:39	6.670703309822423e-06	0.00018338529249952392	0.005244901762132491	0.000601229850488855	0.005001623085608372	0.5909730946714781	False
A:HLA-A*80:01:01:02	0.00023262598029329955	0.00018338529249961502	0.024626438873890336	0.0025871617821749794	0.014600617449363964	13.917516153870144	False
A:HLA-A_nov_00a4edb7	0.00023934660334140408	0.0001833852924995681	0.013204526162945965	0.0022005745001783534	0.0028755639634362824	2.056415983755474	False
A:HLA-A_nov_00c1422d	6.670703309822368e-06	0.00018338529249952625	0.001535624608183577	0.00040131532231493496	0.0033416192907720892	0.6880876388067216	False
A:HLA-A_nov_01471ce5	6.670703309821792e-06	0.00018338529249955013	0.003974151314433769	0.0006665241122049582	0.003317854021290976	1.3973898468176043	False
A:HLA-A_nov_015fc6c1	6.670703309822071e-06	0.00018338529249953853	0.000403917887196462	2.7412247037500212e-05	0.001218512512404846	0.5909730946714781	False
A:HLA-A_nov_01a4afc4	6.6707033098225295e-06	0.00018338529249951955	0.007673812262255346	0.0009100315411920257	0.006409224180929201	0.5909730946714781	False
A:HLA-A_nov_01d27d9d	1.333998034140831e-05	0.00018338529249955858	0.004304428915020753	0.00037086658625528094	0.0011165652899996054	1.1824474387871216	False
A:HLA-A_nov_022ffad2	6.6707033098225465e-06	0.00018338529249951882	0.002484311393175398	0.00021831523432342206	0.00257389334007048	0.5909730946714782	False
A:HLA-A_nov_03374f6d	6.670703309822464e-06	0.00018338529249952226	0.005757822152613212	0.0006183070832232412	0.005301505432363814	0.5909730946714782	False
A:HLA-A_nov_03b9a290	6.6707033098219705e-06	0.00018338529249954275	0.00042084857176681145	0.00016235757733983023	0.002432683424976344	1.3973898468176043	False
A:HLA-A_nov_03e55fd6	2.6674255569873935e-05	0.00018338529249949966	0.008178007970304216	0.0008776215872297496	0.0042224726114582795	1.202549823977856	False
A:HLA-A_nov_045e8b4f	1.3339980341409795e-05	0.00018338529249949302	0.0036656474251372975	0.0002998741502950174	0.0022398981907213863	0.9909586150694831	False
A:HLA-A_nov_046093f7	6.670703309822424e-06	0.00018338529249952392	0.0038795549412270207	0.000485510168290067	0.0019526909024453272	0.5909730946714781	False
A:HLA-A_nov_0474fe59	6.670703309822084e-06	0.00018338529249953793	0.006462218392647631	0.000749237447020531	0.004390077787213943	0.5909730946714782	False
A:HLA-A_nov_049399af	6.670703309822485e-06	0.00018338529249952142	0.002357828659554041	0.0005219007870469266	0.005931123879930089	0.6880876388067214	False
A:HLA-A_nov_065810de	6.67070330982192e-06	0.00018338529249954484	0.0020851666269082613	0.0003853400953970152	0.005593005900951012	0.599443999048805	False
A:HLA-A_nov_06e418c1	2.0007831094754645e-05	0.0001833852924996053	0.0054037622745562175	0.0007464590283880851	0.0007042235133390998	1.824978711601008	False
A:HLA-A_nov_072e14db	6.670703309821873e-06	0.0001833852924995468	0.001897336663780482	0.0003796141079081769	0.0033068254401572997	0.599443999048805	False
A:HLA-A_nov_073ea9e7	6.670703309822017e-06	0.00018338529249954086	0.009167586897260481	0.0010735574974115032	0.011719361664545796	1.3973898468176043	False
A:HLA-A_nov_074500f7	6.670703309822178e-06	0.00018338529249953405	0.004747924948682536	0.0008274507375876421	0.0022221076191159365	0.5994439990488051	False
A:HLA-A_nov_07b37a83	2.6674255569876598e-05	0.00018338529249949023	0.003390840086289307	0.00024990770500790937	0.001376576822822637	1.0387462584001335	False
A:HLA-A_nov_08485c34	6.6707033098225185e-06	0.00018338529249952004	0.002984078512224203	0.0004897020168892266	0.005134338350110525	0.5909730946714782	False
A:HLA-A_nov_0968dd79	6.6707033098217935e-06	0.00018338529249955007	0.0035845296780816693	0.0006309290269197479	0.0009161627003680659	1.3973898468176043	False
A:HLA-A_nov_09fd3b7c	6.670703309822538e-06	0.00018338529249951923	0.0007073308459769256	0.00021767849246507993	0.00360070356757419	0.599443999048805	False
A:HLA-A_nov_0b238c39	6.670703309822281e-06	0.0001833852924995298	0.0002554997512364568	6.571492549993017e-05	0.003297581809958819	0.599443999048805	False
A:HLA-A_nov_0b251d0e	6.67070330982208e-06	0.0001833852924995382	0.0013235167181827616	0.00012078883568852376	0.000650733367951611	0.5909730946714782	False
A:HLA-A_nov_0bc96a0a	6.670703309822335e-06	0.00018338529249952766	0.03792865905011904	0.33890123322196514	0.0004201108726334317	1.6941397457220146	False
A:HLA-A_nov_0c85ba93	6.670703309822083e-06	0.00018338529249953807	0.0004150633432348757	0.00017986935527263638	0.00561303860933064	0.599443999048805	False
A:HLA-A_nov_0cabceee	6.67070330982194e-06	0.00018338529249954403	0.005826166520127091	0.00010869915084455605	0.0039915348988448784	1.6941397457220144	False
A:HLA-A_nov_0ce62004	6.670703309822201e-06	0.00018338529249953313	0.004547996899564102	0.00047980811556141463	0.0017579279044563803	0.5909730946714781	False
A:HLA-A_nov_0eac5950	6.670703309822301e-06	0.00018338529249952904	0.0012548047524369647	0.00012944440864381463	0.0012086888472079235	0.6880876388067214	False
A:HLA-A_nov_0f6c4743	6.670703309822043e-06	0.00018338529249953972	0.003248888561483658	0.0005447652184878449	0.0035304483196446686	1.3973898468176043	False
A:HLA-A_nov_0fb409fa	6.670703309822305e-06	0.00018338529249952885	0.0006601222923556251	0.00018039942976903203	0.0036747715479736546	0.599443999048805	False
A:HLA-A_nov_1141d19e	6.6707033098224245e-06	0.0001833852924995239	0.005288613798559142	0.0005662769545847874	0.003038963391662244	0.5909730946714781	False
A:HLA-A_nov_119540e9	6.670703309821873e-06	0.0001833852924995468	0.001897336663780482	0.0003796141079081769	0.0033068254401572997	0.599443999048805	False
A:HLA-A_nov_120277f8	6.670703309822288e-06	0.00018338529249952947	0.0011736784854967633	4.3864680645077476e-05	0.0008588848284511519	0.6880876388067215	False
A:HLA-A_nov_1221835f	6.6707033098221534e-06	0.00018338529249953508	0.0028353542090858975	0.0003930409076266883	0.0002588776715868253	0.6880876388067216	False
A:HLA-A_nov_1233ab1f	6.670703309822087e-06	0.00018338529249953788	0.004624430785490772	0.0007189816464993817	0.0035856889429661427	1.3973898468176043	False
A:HLA-A_nov_12c69eec	6.670703309822544e-06	0.00018338529249951893	0.0017993723941957564	0.00022081071712475186	0.0085122041479449	0.5994439990488051	False
A:HLA-A_nov_13616609	6.6707033098223584e-06	0.00018338529249952663	0.0015939197408688466	0.00027991812463964207	0.005480167512013255	4.683899434417869	False
A:HLA-A_nov_143964c3	6.670703309822056e-06	0.00018338529249953915	0.0028644970560969233	0.00032283617602000034	0.0011150363831860354	0.599443999048805	False
A:HLA-A_nov_1457f596	6.670703309821822e-06	0.00018338529249954888	0.0035304811224970644	4.685131083001157e-05	0.0004578500298216905	1.6941397457220146	False
A:HLA-A_nov_1472bd39	6.670703309822077e-06	0.00018338529249953826	0.00098855191761404	0.0002339920180956244	0.004469437323445692	0.6880876388067214	False
A:HLA-A_nov_1588eb90	6.6707033098220145e-06	0.00018338529249954094	0.00188397706182675	0.00019801956391410868	0.00012560909424044864	0.6880876388067216	False
A:HLA-A_nov_1667c83d	6.670703309821873e-06	0.0001833852924995468	0.0007781843375154888	0.0002767493395964191	0.0032840409466235324	0.599443999048805	False
A:HLA-A_nov_168b3617	6.67070330982253e-06	0.00018338529249951947	0.004805162847297303	0.00040029407324927696	8.609977275917844e-05	1.6941397457220144	False
A:HLA-A_nov_175d860c	6.6707033098221e-06	0.0001833852924995373	0.0025020262759805926	0.00027325047550858964	0.002127025831286974	4.683899434417869	False
A:HLA-A_nov_17b3a7b2	6.670703309822405e-06	0.00018338529249952468	0.002349796224898182	0.00021797776175672926	0.0006308201814979214	0.5909730946714781	False
A:HLA-A_nov_18114fe5	6.67070330982246e-06	0.00018338529249952245	0.0022566385467122016	0.00026430260204015184	0.0012303475812844719	0.5909730946714782	False
A:HLA-A_nov_1932523a	6.6707033098224635e-06	0.00018338529249952226	0.0037466702103416227	0.000492154004640851	0.002871832981232217	0.5909730946714782	False
A:HLA-A_nov_19843d60	0.000252589596762767	0.0001833852924995544	0.0017189677929946323	0.0004517646511514002	0.014671831648644365	2.1249555258992485	False
A:HLA-A_nov_1a0f13e8	6.6707033098222e-06	0.00018338529249953321	0.0014073950370662306	0.00015057481688522973	0.0037570832500367192	0.5994439990488052	False
A:HLA-A_nov_1cf2d257	6.6707033098225244e-06	0.00018338529249951974	0.0032700527191749026	0.00033155754819537273	0.0008744915453383314	0.5909730946714782	False
A:HLA-A_nov_1dc91f29	6.670703309822245e-06	0.00018338529249953134	0.004854008708673683	0.0005460837813749949	0.003647945355239292	0.6880876388067216	False
A:HLA-A_nov_1e097739	6.670703309821806e-06	0.00018338529249954953	0.004745148972172385	0.0005098294905711006	0.0020768839245061147	0.6880876388067216	False
A:HLA-A_nov_1e62b5da	6.670703309821843e-06	0.000183385292499548	0.0015325698335586675	0.0002898374627587801	0.000567618938564342	0.599443999048805	False
A:HLA-A_nov_1e8e02bd	6.670703309822003e-06	0.0001833852924995414	0.0019531258361561023	0.00035813416187957916	0.0034532974694089108	1.6941397457220146	False
A:HLA-A_nov_1ef0e927	3.3339253766748263e-05	0.00018338529249956373	0.01528966217503096	0.002226803626271153	0.01649626190493867	4.279949363168902	False
A:HLA-A_nov_1fec0aac	6.6707033098220586e-06	0.0001833852924995391	0.007572374290497596	0.0009024422454613814	0.006071097304216358	0.5909730946714782	False
A:HLA-A_nov_20360d13	6.670703309821838e-06	0.0001833852924995482	0.0001620102178744538	0.0001710644304949271	0.004284677961636036	0.5994439990488051	False
A:HLA-A_nov_20c285de	6.670703309822261e-06	0.0001833852924995306	0.0031621231264463297	0.0003184723107705521	0.0005749606898746284	0.5909730946714781	False
A:HLA-A_nov_211fa0f4	6.670703309822479e-06	0.00018338529249952159	0.0012735433293846298	0.0002977841494105359	0.005860632702240116	0.5994439990488052	False
A:HLA-A_nov_21ecc9cb	6.670703309822058e-06	0.0001833852924995391	0.004658826155577064	0.0005199461165042807	0.0021519611191529345	0.5909730946714782	False
A:HLA-A_nov_21fb4f34	6.670703309822335e-06	0.00018338529249952766	0.006187451430205581	0.0010217780493133157	0.0057947358027420955	1.3973898468176043	False
A:HLA-A_nov_2207ddd3	6.670703309822355e-06	0.00018338529249952676	0.006166339269515442	0.0007268992486011193	0.003936842316650691	0.5909730946714782	False
A:HLA-A_nov_223877d4	1.3339980341409231e-05	0.0001833852924995204	0.00151579581287481	0.00047033431566971133	0.0018543479291026226	1.1994018806514453	False
A:HLA-A_nov_22899179	6.670703309822518e-06	0.00018338529249952004	0.005940762132156467	0.000673086541153841	0.0036648559417271805	0.5909730946714782	False
A:HLA-A_nov_24503bc8	6.670703309821853e-06	0.0001833852924995476	0.0006897443944616662	0.00018779812076304608	0.001550237684004164	4.683899434417873	False
A:HLA-A_nov_2642afdb	6.670703309822325e-06	0.00018338529249952804	0.0034498174337125	0.000402024230340988	0.001434461816609761	0.5909730946714782	False
A:HLA-A_nov_26ae3b92	6.6707033098224186e-06	0.0001833852924995241	1.5361205819027258e-05	0.0001620389086015414	0.004930718467425313	0.5909730946714782	False
A:HLA-A_nov_27b2ebdd	6.670703309821997e-06	0.00018338529249954167	0.0005859036122299923	4.095913871923012e-05	0.0049087898586506	4.683899434417872	False
A:HLA-A_nov_282714ed	6.670703309822305e-06	0.0001833852924995288	0.005703569316909724	0.0009738698931418843	0.0063188717998920296	1.3973898468176043	False
A:HLA-A_nov_29a420d4	6.670703309822222e-06	0.00018338529249953232	0.005577307134732905	0.0006422247242722115	0.00349699963168545	0.5909730946714781	False
A:HLA-A_nov_29cfb816	6.67070330982196e-06	0.00018338529249954313	0.0007478843666455503	0.0002117209995057924	0.004633639434442367	0.5994439990488051	False
A:HLA-A_nov_2aed33b0	6.670703309822103e-06	0.00018338529249953723	0.003360854675383312	0.0002991706757999438	0.0016344998204219634	0.5909730946714782	False
A:HLA-A_nov_2c170e01	6.670703309822191e-06	0.0001833852924995336	0.0021273408638493073	0.0006150268407467758	0.0034527532423306202	0.6880876388067217	False
A:HLA-A_nov_2ceded57	6.670703309822312e-06	0.0001833852924995286	0.004650663310662022	0.0004785709360931149	0.004194800521471435	0.5909730946714782	False
A:HLA-A_nov_2cfec61d	6.670703309822014e-06	0.00018338529249954094	0.002434678705170068	0.0004336396572775394	0.0036168773063180427	0.5994439990488051	False
A:HLA-A_nov_2d91b8a9	6.670703309822544e-06	0.00018338529249951893	0.001724491178180845	0.0002925225296842258	0.004008161626741065	0.5994439990488051	False
A:HLA-A_nov_2d964c43	6.670703309822473e-06	0.0001833852924995219	0.00016295826015756267	0.0001379997564015407	0.003620866292078336	0.5994439990488051	False
A:HLA-A_nov_2def69fc	1.3339980341410617e-05	0.00018338529249956468	0.0016736903491016185	4.877163259074541e-05	0.004262398539229112	0.39525281868272705	False
A:HLA-A_nov_2e1b08a6	6.6707033098222475e-06	0.00018338529249953124	0.0012116779156013866	0.00017029889501707886	0.0021207565902512304	0.599443999048805	False
A:HLA-A_nov_2f0b098e	6.670703309822472e-06	0.0001833852924995219	0.0014286540462541731	6.051849791801223e-05	0.0016511150473005008	0.5994439990488051	False
A:HLA-A_nov_306e3d8f	6.670703309822181e-06	0.00018338529249953395	0.002524330560539459	0.00021728383960591311	0.0005777505687753054	1.694139745722015	False
A:HLA-A_nov_31445634	0.0001597688354414673	0.00018338529249950635	0.004413014834028606	0.0006842249566727215	0.01065658195323853	1.973174714471002	False
A:HLA-A_nov_31ce9f15	6.6707033098217875e-06	0.00018338529249955026	0.0004147271313666733	9.45465146612096e-05	0.0037049820104115365	0.599443999048805	False
A:HLA-A_nov_327bf305	6.670703309822264e-06	0.0001833852924995305	0.005295597654219323	0.0005873357712969988	0.003850995831142147	0.5909730946714782	False
A:HLA-A_nov_3310f474	6.67070330982193e-06	0.00018338529249954444	0.0020824703787394347	0.0004557990954412883	0.0034739506839567475	0.5994439990488052	False
A:HLA-A_nov_3469dd66	6.670703309822155e-06	0.00018338529249953506	0.0020570297957733727	0.0004467581830508586	0.002557413852045767	0.5994439990488049	False
A:HLA-A_nov_34f6188a	6.670703309822281e-06	0.0001833852924995298	0.001202170358837316	0.0001177945020504468	0.0006351195544947697	0.599443999048805	False
A:HLA-A_nov_34fffb69	6.670703309822301e-06	0.00018338529249952904	0.0012548047524369647	0.00012944440864381463	0.0012086888472079235	0.6880876388067214	False
A:HLA-A_nov_358f8a8f	1.3339980341410624e-05	0.00018338529249961624	0.006605415429315023	0.000740929499295174	0.004670514584252196	1.1824474387871216	False
A:HLA-A_nov_35ef9844	6.670703309822444e-06	0.0001833852924995231	0.0012972124992317018	0.00016849459994983787	0.0014193275269079215	1.6941397457220149	False
A:HLA-A_nov_3673cdad	2.0007831094752548e-05	0.00018338529249959873	0.008936533739885205	0.0009752850040041055	0.006300065872943995	0.7509329605986619	False
A:HLA-A_nov_37d4f116	6.670703309822362e-06	0.00018338529249952646	0.0013143304821787202	8.34868851657233e-05	0.005177963708255665	0.5994439990488051	False
A:HLA-A_nov_386af535	6.670703309822361e-06	0.00018338529249952652	0.008313171827795061	0.0013285049126565277	0.01110949672212349	1.3973898468176043	False
A:HLA-A_nov_390389e6	6.670703309822509e-06	0.0001833852924995204	0.005789436893303143	0.0006819976571418115	0.006463022027305092	0.5909730946714781	False
A:HLA-A_nov_390c824f	6.670703309821973e-06	0.00018338529249954262	0.0016705103446669873	0.00011121429752489907	0.0020660004450754723	4.683899434417871	False
A:HLA-A_nov_398801e9	6.670703309821979e-06	0.00018338529249954238	0.00042670522287629374	3.2010095547345535e-05	0.0019661912739953324	0.5994439990488051	False
A:HLA-A_nov_3a620ebe	6.6707033098220145e-06	0.00018338529249954094	0.0002952219379111084	0.00021459637166382103	0.0013332619451198449	0.6880876388067216	False
A:HLA-A_nov_3b4156d3	7.329929110505921e-05	0.0001833852924995719	0.00045374449665985415	0.00010239318081423661	0.0047869291377199965	1.9002295072464268	False
A:HLA-A_nov_3ba72b57	6.670703309822318e-06	0.0001833852924995283	0.006736962380272629	0.0009587985305951791	0.009761059485727383	1.3973898468176043	False
A:HLA-A_nov_3bfe06a9	6.670703309822439e-06	0.0001833852924995233	8.226323753146976e-05	9.245907252159138e-05	0.0016060228148398734	0.599443999048805	False
A:HLA-A_nov_3c8b0cc5	6.670703309822014e-06	0.00018338529249954094	0.0004289659771195362	7.18756562955037e-05	0.0004407182486468314	0.5909730946714782	False
A:HLA-A_nov_3ccb4814	6.670703309822545e-06	0.0001833852924995189	0.0018347053649392163	0.00031188122134729056	0.004536599223480974	0.5994439990488051	False
A:HLA-A_nov_3ccb55b8	6.67070330982199e-06	0.0001833852924995419	0.003490477019624724	0.0005958665428935787	0.001761193096565155	0.5994439990488049	False
A:HLA-A_nov_3d98f8da	6.6707033098224135e-06	0.00018338529249952435	0.0008702437430406564	0.00021165703908996013	0.004041287152228254	1.6941397457220142	False
A:HLA-A_nov_3f490dc1	6.670703309821785e-06	0.0001833852924995504	0.004302126168565169	0.0007017120324191063	0.006404225188792864	1.3973898468176043	False
A:HLA-A_nov_3f55016a	7.995430535428652e-05	0.00018338529249949584	0.0044478192141008755	0.0009118472842505769	0.006002137647643362	1.3610752193952373	False
A:HLA-A_nov_3fec34a5	6.670703309822094e-06	0.00018338529249953758	0.002996294556397377	0.0006271912031423783	0.0016910298775106238	1.3973898468176043	False
A:HLA-A_nov_410c80bc	6.6707033098219815e-06	0.00018338529249954232	0.0014205003134213257	0.0001887369449425394	0.0010285145892757195	0.5909730946714781	False
A:HLA-A_nov_4194a48c	6.6707033098225e-06	0.00018338529249952077	0.0025146138480795495	0.00021372932055863426	0.00035545329184228703	0.5909730946714782	False
A:HLA-A_nov_41da39a7	6.670703309821841e-06	0.0001833852924995481	0.0002810348642786258	0.00027960463475547336	0.002716580200830366	0.6880876388067214	False
A:HLA-A_nov_41f11f5d	6.670703309821823e-06	0.00018338529249954885	0.0007532399566894154	0.00025790914815619387	0.003897287258524331	0.6880876388067217	False
A:HLA-A_nov_4238aa30	6.670703309822289e-06	0.00018338529249952947	0.0014902024499185102	1.1907558646460163e-05	0.0036782732312686485	0.5909730946714782	False
A:HLA-A_nov_42bc6040	4.0002825685390964e-05	0.0001833852924995232	0.007349105032701736	0.0008691605894821058	0.00499733556701447	0.861797339224561	False
A:HLA-A_nov_42d74c9a	6.670703309821941e-06	0.00018338529249954403	0.0031848238843981353	0.0003273682805564131	0.0028653496852560586	0.5909730946714781	False
A:HLA-A_nov_4464d291	6.6707033098221755e-06	0.00018338529249953422	0.0015969614200510344	0.0001793514487709055	0.0033545082358736366	0.6880876388067214	False
A:HLA-A_nov_44bec958	6.67070330982207e-06	0.00018338529249953858	0.0002743394355897927	0.00010074464932080418	0.002885733057579469	0.5994439990488051	False
A:HLA-A_nov_44cfcecd	6.670703309822018e-06	0.00018338529249954075	0.0035027280459603125	1.333464672223928e-05	0.0007717603756261808	1.694139745722015	False
A:HLA-A_nov_45a58c9d	6.670703309821851e-06	0.0001833852924995477	0.0072638831341840975	0.0011208043111205998	0.009526728434460141	1.3973898468176043	False
A:HLA-A_nov_46e983bf	6.6707033098220255e-06	0.00018338529249954042	0.0044709550721606425	0.0004751738559468967	0.0013814919080459285	0.5909730946714781	False
A:HLA-A_nov_4749f778	6.670703309821787e-06	0.00018338529249955032	0.0034258559978057267	0.00033640367932188947	0.0022657227022900616	1.6941397457220146	False
A:HLA-A_nov_47913f0c	6.670703309822427e-06	0.00018338529249952373	0.007431036803126404	0.0011414317614136548	0.008001670120840921	1.3973898468176043	False
A:HLA-A_nov_47f6fd53	6.670703309822436e-06	0.0001833852924995234	0.0028658020982804083	0.0004612026394451943	0.005337112744227226	1.3973898468176043	False
A:HLA-A_nov_48f27202	6.670703309822232e-06	0.00018338529249953183	0.0026424588630650156	0.0003329428874152086	0.0007470522808520838	1.3973898468176043	False
A:HLA-A_nov_48fa5df9	6.67070330982216e-06	0.00018338529249953484	0.00015257158901815454	0.0002407139800961742	0.0023690383338018893	0.6880876388067214	False
A:HLA-A_nov_49a93c10	6.6707033098220425e-06	0.00018338529249953977	0.006214571156261605	0.0007205289134024016	0.004609964799525451	0.5909730946714781	False
A:HLA-A_nov_4a1c3968	6.670703309822514e-06	0.00018338529249952015	0.004312799933991229	0.0005807209573670764	0.002115258624089473	0.5909730946714781	False
A:HLA-A_nov_4a588ccc	6.670703309822324e-06	0.0001833852924995281	0.0014699123413208003	0.00025778126101456343	0.0032777778958610554	0.599443999048805	False
A:HLA-A_nov_4acbbb34	6.670703309822137e-06	0.0001833852924995358	0.0007534146031244474	0.00015991829204395225	0.005151410794185855	0.599443999048805	False
A:HLA-A_nov_4b4f5c3f	6.67070330982211e-06	0.00018338529249953693	0.00553743681379396	0.0006189829276060163	0.005669765939298189	0.6880876388067215	False
A:HLA-A_nov_4cae15aa	6.670703309822332e-06	0.00018338529249952774	0.0018455479404717355	0.00011457571516055117	0.0005018101445206414	0.6880876388067216	False
A:HLA-A_nov_4d51d4eb	6.670703309822449e-06	0.0001833852924995229	0.0025368912519405525	0.00035790300371710135	0.0009068010199413953	0.5994439990488051	False
A:HLA-A_nov_4d958df9	1.333998034140941e-05	0.00018338529249957303	0.004242378093882493	0.0002983225131275927	0.0022306435188943334	2.98759045756232	False
A:HLA-A_nov_4dfaaae7	6.670703309822479e-06	0.00018338529249952159	0.0012735433293846298	0.0002977841494105359	0.005860632702240116	0.5994439990488052	False
A:HLA-A_nov_4e4c3dd2	6.670703309822448e-06	0.0001833852924995229	0.005111015303352874	0.0005520530313827886	0.0018398650868299098	0.5909730946714781	False
A:HLA-A_nov_4e7b5bce	6.670703309822413e-06	0.00018338529249952443	0.00043261480614763004	2.6410119328524244e-05	0.0010623617030420475	0.5994439990488052	False
A:HLA-A_nov_50997d69	6.670703309822038e-06	0.0001833852924995399	0.0007330442121012424	0.00013729198588821782	0.003713651975167899	0.599443999048805	False
A:HLA-A_nov_516189a6	6.670703309822136e-06	0.00018338529249953584	0.00303075720679302	0.00030442938417111055	0.0015053175068543236	0.5909730946714781	False
A:HLA-A_nov_524dab1e	6.670703309822179e-06	0.00018338529249953405	0.0019250995311857343	0.00034549022941205554	0.0043509803531771715	0.5994439990488051	False
A:HLA-A_nov_53139de9	4.000282568539086e-05	0.00018338529249953283	0.015710358020163327	0.0024167287512302502	0.018547975196605507	8.420385250642964	False
A:HLA-A_nov_537b8700	6.670703309822417e-06	0.00018338529249952422	0.006840378290299381	0.0011076717971950022	0.007856388100917969	1.3973898468176043	False
A:HLA-A_nov_53e57df8	6.670703309822041e-06	0.0001833852924995398	0.0035129883991818138	0.0002660135564576861	0.0052013449471780635	0.6880876388067217	False
A:HLA-A_nov_54221811	2.6674255569880162e-05	0.0001833852924995001	1.751901247446555e-05	0.0020685456889432386	0.0055552429668538445	1.3990990693880305	False
A:HLA-A_nov_5424e2ed	5.3325690687961436e-05	0.00018338529249958723	0.00608959171527742	0.0006022789624492448	0.0005223152707963909	2.8015242761773704	False
A:HLA-A_nov_545269db	6.670703309822372e-06	0.00018338529249952606	0.0010038568661509015	0.00026796572894235656	0.003475215729942865	0.599443999048805	False
A:HLA-A_nov_5469e08d	0.00044397188930531253	0.00018338529249954557	0.001380153904799362	0.0008317893623373148	0.005141953632691738	1.772423141489128	False
A:HLA-A_nov_546aeb66	2.0007831094754503e-05	0.00018338529249957596	0.0005705803199654346	0.0002169661292317371	0.00699616342373758	1.7998743058918227	False
A:HLA-A_nov_5522d7a1	6.670703309822377e-06	0.0001833852924995259	0.004279933594920521	0.00048411536148839566	0.0021705723162693705	0.5909730946714781	False
A:HLA-A_nov_552d602c	6.670703309822162e-06	0.00018338529249953484	0.00024315943380188762	0.0002037084411692585	0.003809900239905471	4.683899434417871	False
A:HLA-A_nov_55458db6	6.67070330982214e-06	0.00018338529249953565	0.0018724867924222784	0.00015971888029571465	0.0019333936434401291	0.599443999048805	False
A:HLA-A_nov_55f05682	6.670703309822228e-06	0.00018338529249953202	0.004912257608229192	0.0005387508911486148	0.005121223624661754	0.5909730946714782	False
A:HLA-A_nov_55f3e0fa	6.670703309821912e-06	0.00018338529249954517	0.0017001540199585697	0.0002552774523400031	0.0006689523245939372	1.6941397457220149	False
A:HLA-A_nov_5639df47	6.670703309822473e-06	0.0001833852924995219	0.0006112751650114676	4.175643817413969e-05	0.0024109296941409388	0.5994439990488051	False
A:HLA-A_nov_5761b9db	6.670703309821823e-06	0.00018338529249954883	0.001560757763300992	0.00017187303425216066	0.0036167396910270293	0.5994439990488051	False
A:HLA-A_nov_57be3fd5	6.670703309822335e-06	0.00018338529249952766	0.03792865905011904	0.33890123322196514	0.0004201108726334317	1.6941397457220146	False
A:HLA-A_nov_57e98adb	6.67070330982251e-06	0.00018338529249952028	0.002309084421280314	0.00017648609483540684	0.0005151529122558449	0.6880876388067216	False
A:HLA-A_nov_58b87360	6.67070330982233e-06	0.00018338529249952785	0.001465329195884307	0.0001285421534589004	0.003686799885046957	0.599443999048805	False
A:HLA-A_nov_58bfaa37	6.6707033098220535e-06	0.00018338529249953926	0.0011153219125522665	0.00014514083851027674	0.004175132866101492	0.599443999048805	False
A:HLA-A_nov_591a2ce2	1.33399803414082e-05	0.00018338529249956056	0.003557843299499683	0.00012773192313253852	0.003275456622358418	3.391722864910944	False
A:HLA-A_nov_59475ac2	6.670703309822147e-06	0.00018338529249953536	0.0047480356239599395	0.0006826066621121287	0.0027871245067448386	1.3973898468176043	False
A:HLA-A_nov_5984d61f	6.670703309822217e-06	0.00018338529249953248	0.0033152847464938445	0.00032763893815265435	0.003824008466756871	0.6880876388067217	False
A:HLA-A_nov_5b12ce23	6.6707033098220865e-06	0.00018338529249953788	0.004194997480040958	0.0004550425641447601	0.0019548953326133534	0.5909730946714781	False
A:HLA-A_nov_5b865f5e	5.9984983771892074e-05	0.0001833852924995999	0.00791772855899508	0.006798623145007689	0.003459025742524371	0.9958044709494385	False
A:HLA-A_nov_5b9f17fa	6.670703309822492e-06	0.0001833852924995211	0.00554279773947362	0.0009180395364127575	0.008117942096141544	1.3973898468176043	False
A:HLA-A_nov_5d81f597	6.670703309822005e-06	0.00018338529249954124	0.00015920191086131268	2.3644500805425622e-05	0.0029108450862556988	0.599443999048805	False
A:HLA-A_nov_5e07ee91	0.00011985443900664989	0.00018338529249965638	0.011254677774986708	0.0012194684931623896	0.0031543620832567014	1.6067660558293702	False
A:HLA-A_nov_5e4dd431	6.6707033098220975e-06	0.00018338529249953744	0.004067382116359037	0.0005717829180938801	7.928181378942269e-05	1.6941397457220144	False
A:HLA-A_nov_5e51ba1e	6.670703309822182e-06	0.00018338529249953392	2.294704355438832e-06	6.200454638127559e-05	0.0001212532036390872	1.3973898468176043	False
A:HLA-A_nov_5eebe4a7	6.670703309822187e-06	0.00018338529249953373	0.0035363456517756974	0.0003378508614535251	0.0006551945119315125	0.5909730946714782	False
A:HLA-A_nov_5f2bcae1	6.670703309822485e-06	0.00018338529249952142	0.002357828659554041	0.0005219007870469266	0.005931123879930089	0.6880876388067214	False
A:HLA-A_nov_5f7b06af	6.670703309822046e-06	0.00018338529249953958	0.005739635986451285	0.0006768740819733302	0.002896262550641828	0.6880876388067216	False
A:HLA-A_nov_5f7c709d	6.670703309822038e-06	0.0001833852924995399	0.001457908359433879	6.0932260262000345e-05	0.003403903027013166	0.6880876388067214	False
A:HLA-A_nov_601ebabb	6.6707033098218375e-06	0.00018338529249954826	0.0015334000922223477	0.0002317347781333696	0.004031891029942136	0.599443999048805	False
A:HLA-A_nov_6165f8f9	6.670703309821873e-06	0.0001833852924995468	0.0011527096774321286	0.00028172562491824956	0.004074100895171885	0.599443999048805	False
A:HLA-A_nov_622f8e3e	6.6707033098224135e-06	0.00018338529249952435	0.00462047535050491	0.00031509959158053	0.00368396783174483	1.6941397457220142	False
A:HLA-A_nov_627296d3	6.670703309822408e-06	0.0001833852924995246	0.003698141422261636	0.00032827276881253447	0.002276677184258876	0.6880876388067215	False
A:HLA-A_nov_627ba16e	6.6707033098224524e-06	0.00018338529249952275	0.003501532824139846	0.00032074571557029594	0.00257120384568651	0.5909730946714781	False
A:HLA-A_nov_630e1129	6.670703309822198e-06	0.00018338529249953321	0.004184112372596633	0.0004239242979317445	0.0012183027235942135	0.5909730946714781	False
A:HLA-A_nov_63dff20c	6.67070330982231e-06	0.00018338529249952863	0.005462531586780809	0.0007687732389926047	0.007821045402518307	1.3973898468176043	False
A:HLA-A_nov_646a0386	6.670703309822049e-06	0.00018338529249953948	0.0066734872262968516	0.0008887273517951609	0.005265311180922942	0.5909730946714781	False
A:HLA-A_nov_646ebcde	6.670703309822197e-06	0.0001833852924995333	0.004308567614319297	0.00045200005328869614	0.002691128647353547	0.5909730946714781	False
A:HLA-A_nov_6546209a	0.00017968253217260106	0.0001833852924995817	0.01143803785647448	0.001507629944761862	0.008494376619263333	5.242182511486947	False
A:HLA-A_nov_655ff891	6.670703309821899e-06	0.00018338529249954568	0.002202689392371348	0.00037001897924693615	0.006810252864611712	0.599443999048805	False
A:HLA-A_nov_65b705e5	6.670703309821871e-06	0.00018338529249954685	0.0025999415568298246	0.000454359856436674	0.005530541890292579	0.599443999048805	False
A:HLA-A_nov_65c53ba6	6.670703309822168e-06	0.00018338529249953451	0.004676175234659963	0.0005143263931678124	0.0033493547106205417	0.5909730946714781	False
A:HLA-A_nov_65ea2185	6.670703309822408e-06	0.0001833852924995246	0.003825669669974448	0.0003256883691717053	0.0014937276037644027	0.6880876388067215	False
A:HLA-A_nov_6685cab4	6.670703309821805e-06	0.00018338529249954953	0.0017372162087908604	0.00041664202030166156	0.002689910023629993	0.6880876388067216	False
A:HLA-A_nov_684b9efc	6.670703309821926e-06	0.00018338529249954452	0.007935279895608877	0.001143766529699004	0.00972861468576885	1.3973898468176043	False
A:HLA-A_nov_68cdd924	6.670703309822153e-06	0.00018338529249953517	0.00020372251904536708	2.816503450617439e-05	0.005337709872657451	0.5909730946714781	False
A:HLA-A_nov_694e7d32	6.670703309822479e-06	0.00018338529249952164	0.002223731573848359	0.00045142463675491005	0.004120323804255497	0.6880876388067214	False
A:HLA-A_nov_6aa0d82e	6.670703309822118e-06	0.00018338529249953657	0.004661670518675205	0.0005078707360979002	0.005289075101011981	0.5909730946714782	False
A:HLA-A_nov_6ad3ac01	6.67070330982252e-06	0.00018338529249951993	0.0028190078844227773	0.0005708026073089483	0.002984320329615427	1.3973898468176043	False
A:HLA-A_nov_6c3c45ec	6.670703309822451e-06	0.00018338529249952278	0.00010758721112499955	0.00017206805578676062	0.00406262955371377	0.6880876388067213	False
A:HLA-A_nov_6d1bdf29	6.670703309822536e-06	0.0001833852924995193	0.0017439309141082085	0.00011265295479161684	0.001767144479529223	1.3973898468176043	False
A:HLA-A_nov_6ead6d20	6.670703309822306e-06	0.00018338529249952877	0.0062372891736578425	0.0007463175609593716	0.005926686156649247	0.5909730946714782	False
A:HLA-A_nov_70ce1e3b	6.670703309821822e-06	0.00018338529249954888	0.004861212447755101	0.0005371934512118036	0.00244223960106117	0.5909730946714782	False
A:HLA-A_nov_712604a6	6.670703309822368e-06	0.00018338529249952625	0.0012699411314495788	9.298108762835375e-05	0.004099907231452992	0.599443999048805	False
A:HLA-A_nov_71bfde4f	6.670703309822097e-06	0.0001833852924995375	0.0039491704657181395	0.0001732437793436135	0.0009003653447923861	0.5994439990488051	False
A:HLA-A_nov_71c8655f	6.670703309822423e-06	0.00018338529249952392	0.0015794464678538362	5.216412787295922e-05	0.0014462296548817747	0.5909730946714781	False
A:HLA-A_nov_720b766f	6.67070330982213e-06	0.00018338529249953611	0.00389269803199303	0.00043767698771173663	0.0029029726001882908	0.5909730946714781	False
A:HLA-A_nov_726bd8d2	6.670703309822538e-06	0.00018338529249951923	0.0017550315593650447	0.00022326828344079028	0.004831206360560186	0.599443999048805	False
A:HLA-A_nov_73071f1b	6.670703309822114e-06	0.0001833852924995368	0.002232798496634146	0.0002910539048816788	0.004619379181264174	0.599443999048805	False
A:HLA-A_nov_7310eaa3	6.670703309822298e-06	0.00018338529249952912	7.716042811860411e-05	6.45874066716877e-05	0.0016733446542156157	4.683899434417873	False
A:HLA-A_nov_73261a10	6.670703309822058e-06	0.0001833852924995391	0.007201078492147045	0.0008320583965935723	0.0059409965745246705	0.5909730946714782	False
A:HLA-A_nov_73874ac5	6.670703309822228e-06	0.000183385292499532	0.0036820336413630485	0.00047291685643780125	0.002186240403809675	0.6880876388067216	False
A:HLA-A_nov_73c85f92	6.670703309822491e-06	0.00018338529249952115	0.004009200565818678	0.0004385567720766749	0.002010574990237168	0.6880876388067214	False
A:HLA-A_nov_76769067	3.333925376674781e-05	0.00018338529249957002	0.008258101473394132	0.0008946406366466401	0.0017998188547190084	2.2147126480814294	False
A:HLA-A_nov_767f5ef5	6.670703309822226e-06	0.00018338529249953208	0.005915814018119464	0.0006740753255970343	0.003941305162090058	0.5909730946714782	False
A:HLA-A_nov_773fede9	6.670703309821852e-06	0.0001833852924995476	0.000467142019702193	6.871544807566958e-05	0.000598106009171122	1.3973898468176043	False
A:HLA-A_nov_778ec2b4	6.670703309821907e-06	0.0001833852924995454	0.0029585886267827514	0.000353625477223112	0.0019209741752348663	1.694139745722015	False
A:HLA-A_nov_78898f83	6.670703309822058e-06	0.0001833852924995391	0.004658826155577064	0.0005199461165042807	0.0021519611191529345	0.5909730946714782	False
A:HLA-A_nov_791437af	6.670703309821836e-06	0.00018338529249954834	0.000535030292504119	4.315945171714936e-05	0.003241792622467421	0.599443999048805	False
A:HLA-A_nov_7954b3d2	6.670703309822334e-06	0.00018338529249952766	0.0006390337234179509	1.2733678169868684e-05	0.003652229606938697	0.599443999048805	False
A:HLA-A_nov_79d7d68f	6.670703309822218e-06	0.00018338529249953248	0.006521397248351672	0.0007391273178295202	0.004142803222493474	0.5909730946714781	False
A:HLA-A_nov_79e210b0	6.670703309821969e-06	0.0001833852924995428	0.006211750840107994	0.0008828502095633176	0.006921893375050941	1.694139745722015	False
A:HLA-A_nov_7a580960	6.670703309822237e-06	0.00018338529249953167	0.009174123637800694	0.0014210818417976021	0.012623153535779917	1.3973898468176043	False
A:HLA-A_nov_7a9d6099	6.670703309822133e-06	0.00018338529249953598	0.005557318606261236	0.0005534525075692868	0.002049751016548199	1.6941397457220142	False
A:HLA-A_nov_7ac68827	6.67070330982198e-06	0.00018338529249954232	0.0009188258479990529	5.752333544837739e-05	0.0038834236632134317	0.5909730946714781	False
A:HLA-A_nov_7b0ee3e9	2.668281323928932e-05	0.00018338529249952785	0.0034748249375941695	0.00032335481715362556	0.0052303057516554265	0.5909730946714782	False
A:HLA-A_nov_7b36957e	6.670703309822143e-06	0.0001833852924995356	0.0003997561184977537	0.00012083609042054545	0.004679821077597531	0.599443999048805	False
A:HLA-A_nov_7b48d13b	6.670703309822277e-06	0.00018338529249952993	0.0063586062827006825	0.0007087265297989644	0.004392991312709915	0.5909730946714781	False
A:HLA-A_nov_7b671a9f	6.670703309822186e-06	0.00018338529249953378	0.0033455098504238984	0.0007729978500853828	0.005728198503906277	0.6880876388067212	False
A:HLA-A_nov_7b823a8b	6.670703309821823e-06	0.00018338529249954883	0.0001768260082940254	0.00015442621368219316	0.006600651474619152	1.3973898468176043	False
A:HLA-A_nov_7c26c705	6.670703309822431e-06	0.00018338529249952367	0.0001741019108472471	0.00015284042845822483	0.0028561118071671093	0.5994439990488051	False
A:HLA-A_nov_7cd1bd46	6.670703309821852e-06	0.00018338529249954763	0.002700049054067276	0.0004531361834539655	0.00014524445461463963	4.683899434417873	False
A:HLA-A_nov_7d0dd031	6.67070330982253e-06	0.00018338529249951947	0.0002776323027292849	1.2228249957051492e-05	0.003698986894763849	0.599443999048805	False
A:HLA-A_nov_7d9dbd52	6.670703309822231e-06	0.0001833852924995319	0.0038071461765575893	6.798539482569345e-05	0.0010760406702103639	1.6941397457220146	False
A:HLA-A_nov_7de10c32	6.670703309821805e-06	0.00018338529249954956	0.0022283377225357733	0.00044770401224456473	0.003112945021304355	0.5994439990488052	False
A:HLA-A_nov_7de373f8	1.3339980341409038e-05	0.0001833852924995477	0.00248605237905284	0.0004902683669576498	0.005227809058979987	0.4438038458086558	False
A:HLA-A_nov_7e9a9555	6.6707033098225134e-06	0.0001833852924995202	0.001737288003743025	5.389869111809099e-05	0.0015201238940153238	1.6941397457220144	False
A:HLA-A_nov_7f222475	6.67070330982221e-06	0.00018338529249953278	0.004567158397048099	0.0007825260907817802	0.005254621519835484	1.3973898468176043	False
A:HLA-A_nov_7f4735fe	6.6707033098224906e-06	0.00018338529249952118	0.002090834905082114	0.00016071945507880163	0.0007717800105614232	0.5909730946714781	False
A:HLA-A_nov_80bcdb82	0.0002987696334882604	0.0001833852924995525	0.005127627468359265	0.0009846488661681989	0.0077924399679728425	4.894358961094312	False
A:HLA-A_nov_813e6a3a	6.670703309822004e-06	0.0001833852924995413	0.002120262364264461	0.00033163960214658184	0.001779579357752005	0.6880876388067213	False
A:HLA-A_nov_828fa2a5	6.670703309822184e-06	0.00018338529249953386	0.0044601647659344	0.00047497233811994577	0.002623816091987146	0.5909730946714782	False
A:HLA-A_nov_839983da	6.670703309822466e-06	0.00018338529249952216	0.005378505434820465	0.0005970850238295278	0.0026826030621070304	0.5909730946714781	False
A:HLA-A_nov_8409d69a	6.670703309822534e-06	0.0001833852924995194	5.8906115978457925e-05	0.00011499134324762216	0.00290745452444877	0.599443999048805	False
A:HLA-A_nov_8659d14b	6.670703309821851e-06	0.0001833852924995477	0.0038975644678937607	0.0007120065212026207	0.0018679436997352528	1.3973898468176043	False
A:HLA-A_nov_86749156	6.670703309822531e-06	0.00018338529249951947	0.005142396315863931	0.0005639950045139937	0.003390162918769627	0.5909730946714781	False
A:HLA-A_nov_86966b3d	6.670703309822488e-06	0.0001833852924995213	0.004602413148204485	0.000441552124026516	0.004290576784136302	0.5909730946714781	False
A:HLA-A_nov_8838977f	6.67070330982202e-06	0.00018338529249954075	0.0028512123448515164	0.0005759825752186471	0.005205654434606245	0.6880876388067215	False
A:HLA-A_nov_89546f76	6.670703309821876e-06	0.0001833852924995467	0.00030750073539489466	0.00018294043449342993	0.003716909992156572	0.599443999048805	False
A:HLA-A_nov_89925d79	6.6707033098223356e-06	0.00018338529249952758	0.0004380312849858255	0.00010193379817798038	0.0038812534830855983	0.599443999048805	False
A:HLA-A_nov_89b34341	6.670703309822364e-06	0.00018338529249952638	0.00014768320371459596	0.00014552049331665264	0.0029413583726566376	0.5994439990488051	False
A:HLA-A_nov_8a76a1ec	6.6707033098224906e-06	0.00018338529249952118	0.0016998957624397596	0.00017147538183737233	0.0014628407095809307	0.599443999048805	False
A:HLA-A_nov_8a9d0e28	6.670703309822275e-06	0.00018338529249953004	0.007614057479779695	0.0007500995103608537	0.007311761739734206	1.3973898468176043	False
A:HLA-A_nov_8aee2c57	6.670703309822494e-06	0.00018338529249952107	0.0054882318551587195	0.0006335968947514753	0.0028375264842967	0.5909730946714781	False
A:HLA-A_nov_8b21ed64	6.67070330982215e-06	0.00018338529249953525	0.0004439049802222306	0.00016465880413891332	0.004061037859539723	0.5994439990488049	False
A:HLA-A_nov_8b52d392	6.670703309821911e-06	0.00018338529249954517	0.0007776687915278187	5.9363537016367255e-05	0.0005305595998424938	0.5994439990488052	False
A:HLA-A_nov_8b5dc51a	6.6707033098218155e-06	0.00018338529249954918	0.004824862918667426	0.0004909378364327538	0.002222350518192114	0.5909730946714782	False
A:HLA-A_nov_8b892059	6.670703309822052e-06	0.0001833852924995394	0.0019167988569448425	0.0002770259997309309	0.007403492705635703	0.599443999048805	False
A:HLA-A_nov_8ba106b9	6.6707033098224965e-06	0.00018338529249952085	0.004057091460054323	0.0007923426009935398	0.000295638502388272	0.6880876388067213	False
A:HLA-A_nov_8dd50234	6.670703309821859e-06	0.0001833852924995474	0.0020112926016082893	5.889752550022868e-05	0.003984685108379158	0.5994439990488051	False
A:HLA-A_nov_8e305297	2.6682813239288854e-05	0.00018338529249953264	0.00023117148148934407	5.405073736395228e-05	0.003961583719464085	0.6880876388067214	False
A:HLA-A_nov_8e71c5da	6.670703309822035e-06	0.0001833852924995401	0.0007673408773907578	0.00031222834173539617	0.005205887012481437	0.599443999048805	False
A:HLA-A_nov_8f01a66b	4.6664971325793946e-05	0.00018338529249955422	0.002416671198968481	0.00015136687718365118	0.0017170144670627969	0.7928873209861202	False
A:HLA-A_nov_8f066b5a	6.670703309822063e-06	0.0001833852924995389	0.0015439361418706045	0.00016704324023320062	0.0010616562346927386	0.5909730946714781	False
A:HLA-A_nov_8f0b297c	6.670703309822171e-06	0.0001833852924995344	0.0031904018685260816	0.0003416030862048735	0.0008033227495795113	4.683899434417871	False
A:HLA-A_nov_902d392d	6.670703309822052e-06	0.0001833852924995394	0.006753121226320664	0.000801831858847261	0.005691720586972695	0.5909730946714781	False
A:HLA-A_nov_90901108	1.333998034140868e-05	0.00018338529249957897	0.008653484306553603	0.0011929106025877028	0.012730347998955545	2.7971745348465493	False
A:HLA-A_nov_90f9bf65	6.670703309821774e-06	0.00018338529249955089	0.0011310623946841286	0.00015491306110315524	0.0032607653647709913	4.68389943441787	False
A:HLA-A_nov_929818f8	6.670703309821951e-06	0.00018338529249954357	0.0012710684333558666	0.0002733404495692187	0.0031138534304588805	0.599443999048805	False
A:HLA-A_nov_94639455	6.670703309821804e-06	0.00018338529249954964	0.0012985095222212597	0.00032093390038460414	0.0039991776439151664	1.6941397457220149	False
A:HLA-A_nov_97c567d6	6.670703309822371e-06	0.00018338529249952606	0.00803915341634812	0.001315993581265522	0.010347467265945223	1.3973898468176043	False
A:HLA-A_nov_97d05659	6.670703309822153e-06	0.00018338529249953517	0.0039686796368681955	0.00037998234172541127	0.0021900982825833267	0.6880876388067216	False
A:HLA-A_nov_99689105	6.670703309822155e-06	0.00018338529249953506	0.006767116846342811	0.0007448890353915643	0.0050165945461256856	0.6880876388067215	False
A:HLA-A_nov_99c6063c	6.670703309822467e-06	0.00018338529249952216	0.002799046603846956	0.0003681064269470861	0.0012416705465407958	1.6941397457220149	False
A:HLA-A_nov_9a1d4565	6.670703309822494e-06	0.00018338529249952107	0.00039473234845249685	0.00015491706840695376	0.003540706278845878	0.6880876388067214	False
A:HLA-A_nov_9c9846cd	6.67070330982242e-06	0.00018338529249952403	0.007977769952141979	0.0013260215172177612	0.010894092500297594	1.3973898468176043	False
A:HLA-A_nov_9dd32555	6.670703309822335e-06	0.00018338529249952766	0.007470049000763999	0.0008506645726735438	0.005905050775147971	0.5909730946714782	False
A:HLA-A_nov_9e2b6a2f	6.670703309821978e-06	0.00018338529249954238	0.006819005128259379	0.000777905401890117	0.005006880600206458	0.5909730946714781	False
A:HLA-A_nov_9e3a3c3f	6.670703309822043e-06	0.00018338529249953972	0.006607481694310689	0.0007745320638480803	0.0046524388421963145	0.5909730946714781	False
A:HLA-A_nov_9e8b0b08	2.000783109475722e-05	0.0001833852924995504	0.0008104582330900442	1.9619202898413944e-05	0.0019382547644671495	0.561385312293538	False
A:HLA-A_nov_9ed1571c	6.670703309821991e-06	0.00018338529249954186	0.003939210673173139	0.00043254985728863126	0.004218516433027295	0.5909730946714782	False
A:HLA-A_nov_9f7a34bf	1.3339980341410607e-05	0.0001833852924996153	0.0037301845830912	0.0005547358976292113	0.005901080099844978	0.9909586150694827	False
A:HLA-A_nov_9fb136f7	6.6707033098222974e-06	0.00018338529249952918	0.0074978960933551764	0.0008796681158020775	0.005981377927631194	0.5909730946714781	False
A:HLA-A_nov_a0628448	6.670703309822409e-06	0.00018338529249952449	0.0024052216148306685	0.0001866482985845595	0.0012961737836388214	0.6880876388067215	False
A:HLA-A_nov_a0b6502c	6.670703309822467e-06	0.00018338529249952216	0.00033890408953180976	0.00013822271276595346	0.004263388687566898	0.599443999048805	False
A:HLA-A_nov_a19ec3c1	6.670703309822411e-06	0.00018338529249952449	0.004092442629966446	0.00045031822602288054	0.0025319862858555835	0.5909730946714782	False
A:HLA-A_nov_a1ebbb46	6.670703309821776e-06	0.00018338529249955078	0.005123850923724338	0.0006954558127370312	0.006299760695324609	1.3973898468176043	False
A:HLA-A_nov_a209803f	6.670703309822086e-06	0.0001833852924995379	0.001801206065214189	2.8023293718138596e-05	0.0036535068388329184	1.6941397457220146	False
A:HLA-A_nov_a4610be6	6.670703309822489e-06	0.00018338529249952126	0.0011755687763898937	6.912519077290587e-05	0.0003665909406439395	0.5909730946714781	False
A:HLA-A_nov_a67a445a	6.670703309822148e-06	0.00018338529249953536	0.0005714602894497663	6.787275314313515e-05	0.003751236113466353	0.5994439990488051	False
A:HLA-A_nov_a6c91c4e	6.670703309822532e-06	0.00018338529249951944	0.004982254521982462	0.0005504205741486409	0.0038938089856061743	0.5909730946714781	False
A:HLA-A_nov_a6d0772a	6.670703309822241e-06	0.0001833852924995316	0.002740921264032601	0.00022212943757135545	8.84438337386537e-05	1.6941397457220146	False
A:HLA-A_nov_a854b19a	2.0007831094752324e-05	0.00018338529249961756	0.01018578492383602	0.0010553184132251526	0.013963695572499515	4.199360225770915	False
A:HLA-A_nov_a8a1df61	6.6707033098218155e-06	0.0001833852924995492	0.00014125686621821963	0.0002105451847561999	0.002558498786170024	0.6880876388067215	False
A:HLA-A_nov_a8e641b6	6.670703309822228e-06	0.000183385292499532	0.0011874187251384762	0.00025013761199683764	0.004443784057473484	0.5994439990488051	False
A:HLA-A_nov_a91ea682	6.670703309822123e-06	0.0001833852924995364	0.007927373142789825	0.0009377637113388547	0.006572038490734754	0.5909730946714781	False
A:HLA-A_nov_a9898644	6.6707033098224524e-06	0.00018338529249952275	0.00011858111972540278	0.00018317104529650094	0.0058493112251987636	0.5909730946714781	False
A:HLA-A_nov_aa584f6f	6.670703309822329e-06	0.00018338529249952785	0.00010827719868584925	1.7075481174454848e-06	0.00013467006477824015	0.5909730946714782	False
A:HLA-A_nov_aad0a78b	6.67070330982234e-06	0.00018338529249952739	0.0039627661234874646	0.0004356643876653523	0.0030034590253229846	0.5909730946714781	False
A:HLA-A_nov_ab7ae0aa	6.67070330982231e-06	0.00018338529249952866	0.0022507589922317562	0.00015672176075085876	0.0006544441525570967	1.6941397457220149	False
A:HLA-A_nov_abc84ba7	6.670703309821904e-06	0.0001833852924995455	0.0066196288256726785	0.000774287515133917	0.005556030830925084	0.5909730946714781	False
A:HLA-A_nov_ac2c7f2f	6.67070330982255e-06	0.00018338529249951874	0.0049938402662298926	0.0005482532676940502	0.0027339580837545414	0.5909730946714782	False
A:HLA-A_nov_ac5da0ec	6.670703309822158e-06	0.00018338529249953498	0.005550326170357504	0.0006252241655639953	0.0036124053536808814	0.6880876388067215	False
A:HLA-A_nov_ac70fbf5	6.6707033098221805e-06	0.00018338529249953397	0.0004260691398034047	8.280257464575849e-05	0.0029610789612775253	0.599443999048805	False
A:HLA-A_nov_add69f78	6.670703309821935e-06	0.00018338529249954422	0.000800121370607451	2.190179459594879e-05	0.004471029782804749	4.68389943441787	False
A:HLA-A_nov_ae3ea356	6.67070330982206e-06	0.00018338529249953901	0.001537961066974301	0.0002806665461808845	0.0007018420468243794	0.599443999048805	False
A:HLA-A_nov_ae5abc08	6.67070330982235e-06	0.00018338529249952703	0.0045155577487971605	0.00053338945585912	0.006670775386705197	1.3973898468176043	False
A:HLA-A_nov_ae856c30	6.67070330982208e-06	0.0001833852924995382	0.0013235167181827616	0.00012078883568852376	0.000650733367951611	0.5909730946714782	False
A:HLA-A_nov_aec28c91	6.670703309822008e-06	0.00018338529249954118	0.000337619795877478	6.996730970262446e-05	0.002936120174475223	0.6880876388067212	False
A:HLA-A_nov_af199aa6	6.670703309822337e-06	0.00018338529249952747	0.00615759034558122	0.0006506098571773649	0.007200984793736166	0.5909730946714781	False
A:HLA-A_nov_af1d36bf	6.670703309822395e-06	0.00018338529249952514	0.00785801466855248	0.0009431321897236679	0.006134825175231801	0.5909730946714782	False
A:HLA-A_nov_afcc2e03	6.670703309822386e-06	0.0001833852924995255	0.004662720429842882	0.0006637593064338596	0.0025802011546882803	1.3973898468176043	False
A:HLA-A_nov_b09350bd	6.670703309821783e-06	0.00018338529249955053	0.0002920013027138285	0.00018588469886490557	0.0027792225138194276	0.5994439990488052	False
A:HLA-A_nov_b0d017d7	7.329929110505044e-05	0.00018338529249961667	0.011012403356337467	0.0011493676376311767	0.005372032955327965	1.9408001366916268	False
A:HLA-A_nov_b20cd17b	6.670703309821969e-06	0.0001833852924995428	0.006211750840107994	0.0008828502095633176	0.006921893375050941	1.694139745722015	False
A:HLA-A_nov_b2399cc1	6.6707033098218765e-06	0.00018338529249954663	0.0001459129199383132	0.0001037976966854307	0.0038006545435591414	0.599443999048805	False
A:HLA-A_nov_b26de2ab	5.9984983771888564e-05	0.00018338529249961412	0.005051369033400825	0.0004803602960638441	0.0008123581024445355	0.4453161803525055	False
A:HLA-A_nov_b28e70d6	2.000783109475664e-05	0.0001833852924995425	0.006610165959265997	0.0006588767567870798	0.010282881080840607	0.987373732702319	False
A:HLA-A_nov_b2f59b18	6.670703309822017e-06	0.00018338529249954086	0.009167586897260481	0.0010735574974115032	0.011719361664545796	1.3973898468176043	False
A:HLA-A_nov_b331a20f	6.670703309822022e-06	0.0001833852924995406	0.007627853139410282	0.000888906569791311	0.005466641552175738	0.5909730946714781	False
A:HLA-A_nov_b3ca01d1	6.670703309822493e-06	0.0001833852924995211	0.00019269662519364925	7.88022810730692e-06	0.005008507928736682	0.6880876388067214	False
A:HLA-A_nov_b3d289f8	6.670703309822131e-06	0.000183385292499536	0.003232212002286017	0.0003048104953803268	0.0004998573020027329	0.5909730946714781	False
A:HLA-A_nov_b5861889	6.670703309821794e-06	0.00018338529249955007	0.0005047181742467833	9.963622192111685e-05	0.0033757283164176396	0.6880876388067212	False
A:HLA-A_nov_b62737d0	6.670703309822294e-06	0.0001833852924995293	0.00747460872048388	0.0008765026135822872	0.0062729995093079045	0.5909730946714781	False
A:HLA-A_nov_b65b5d97	6.670703309822034e-06	0.0001833852924995401	0.005094466624844264	0.0005659033013643473	0.00258708748644397	0.6880876388067214	False
A:HLA-A_nov_b690c71f	6.670703309822216e-06	0.00018338529249953248	0.0030048831338833327	0.0004493330265862439	0.0030925310868361085	0.6880876388067217	False
A:HLA-A_nov_b6a5fd6e	6.6707033098223915e-06	0.00018338529249952527	0.0034718147502493272	0.0003565630046286992	0.0026660357900016125	0.599443999048805	False
A:HLA-A_nov_b6c875d2	6.670703309822284e-06	0.00018338529249952974	0.0039472073287860196	0.0004092782589107678	0.002533019844400416	0.6880876388067216	False
A:HLA-A_nov_b727f147	6.670703309822517e-06	0.00018338529249952004	0.002237519677333478	0.0002967318171322481	0.0010339871070383958	0.5909730946714781	False
A:HLA-A_nov_b73741df	6.6707033098224906e-06	0.00018338529249952118	0.0008691778123724009	7.54956956936911e-05	0.0004617288928881987	0.5909730946714781	False
A:HLA-A_nov_b740c85d	6.670703309822441e-06	0.0001833852924995232	0.0018081738359547648	7.860309790748979e-05	0.0011599191873843606	0.5909730946714782	False
A:HLA-A_nov_b7e80c9a	6.664285057759306e-05	0.00018338529249955883	0.011032438445360835	0.0009806118457204693	0.006983035632538868	2.6807829910297114	False
A:HLA-A_nov_b834820b	6.670703309822325e-06	0.00018338529249952798	0.0006030060532723078	9.177710221003148e-05	0.003393680512919827	0.599443999048805	False
A:HLA-A_nov_b85b8360	6.670703309822366e-06	0.00018338529249952633	0.005386597318424967	0.0007651163037767312	0.0011133447543912448	1.3973898468176043	False
A:HLA-A_nov_b8a50687	6.670703309821791e-06	0.0001833852924995502	0.006584938316188345	0.0009592642954977317	0.00997455239545785	1.3973898468176043	False
A:HLA-A_nov_b8bd22a2	6.670703309822225e-06	0.00018338529249953224	0.0009689331395696295	0.0003141512307397169	0.0044034630398914745	0.6880876388067217	False
A:HLA-A_nov_b941d1af	6.67070330982235e-06	0.00018338529249952703	0.0004990219692211105	0.00010909519003768219	0.0035097184921824274	0.6880876388067214	False
A:HLA-A_nov_b950d1c3	6.670703309822031e-06	0.00018338529249954026	0.0013750986278130656	0.00014085902584302972	0.005354961160497247	0.599443999048805	False
A:HLA-A_nov_baf21b56	6.6707033098221695e-06	0.00018338529249953443	0.002242099862442635	0.0001458805250108599	0.000584877088207225	0.5909730946714781	False
A:HLA-A_nov_bb68b2ac	6.670703309822377e-06	0.0001833852924995259	0.004279933594920521	0.00048411536148839566	0.0021705723162693705	0.5909730946714781	False
A:HLA-A_nov_bbecd952	6.6707033098219866e-06	0.00018338529249954208	0.007114418382152279	0.0008323466550514988	0.005476385314701979	0.5909730946714782	False
A:HLA-A_nov_bc2fcf94	6.670703309822054e-06	0.00018338529249953926	0.008610449401821199	0.0012891107959489964	0.013107131353157931	1.3973898468176043	False
A:HLA-A_nov_bc425680	6.670703309822312e-06	0.0001833852924995286	4.8465620681736914e-05	6.477775833198982e-05	0.0035104615321346244	4.683899434417869	False
A:HLA-A_nov_bc9c58ac	6.670703309822216e-06	0.00018338529249953248	0.0040739597634855875	0.00039008318152935627	0.0041454305490125016	0.5909730946714781	False
A:HLA-A_nov_bd56e327	6.670703309821864e-06	0.00018338529249954712	0.0016023907027927296	0.00017432506551596477	0.0024361426025491582	1.6941397457220146	False
A:HLA-A_nov_bec1d722	6.670703309822391e-06	0.00018338529249952533	0.004972253348577223	3.932649013934441e-05	0.0017566661002273126	1.3973898468176043	False
A:HLA-A_nov_bf8a7444	6.670703309822286e-06	0.0001833852924995297	0.00011350687709666183	0.00011666611795023779	0.0037723430096366383	0.5994439990488051	False
A:HLA-A_nov_bf9745e6	0.00013984230220612083	0.0001833852924995379	0.016710919608137705	0.0018569428031602916	0.010113108657050911	3.7311707847805167	False
A:HLA-A_nov_bfe8f8e5	6.6707033098221424e-06	0.0001833852924995356	0.0012348973315148989	0.0012813293453272593	0.002920722231232991	0.6880876388067212	False
A:HLA-A_nov_c03897d1	1.3339980341410502e-05	0.0001833852924996014	0.00039160857497880783	0.00010171859161698872	0.00654852398342307	1.3768305991742118	False
A:HLA-A_nov_c043d545	6.670703309821826e-06	0.00018338529249954875	0.0020572326917170656	0.0001708984721086227	0.002334290416894741	4.683899434417872	False
A:HLA-A_nov_c090ac89	6.670703309821941e-06	0.00018338529249954403	0.0031848238843981353	0.0003273682805564131	0.0028653496852560586	0.5909730946714781	False
A:HLA-A_nov_c1ef7cea	6.670703309822358e-06	0.00018338529249952663	0.0014902153248327527	0.0003753587882300506	0.005389149425229754	0.6880876388067214	False
A:HLA-A_nov_c1fdf162	6.670703309822258e-06	0.00018338529249953075	0.0034365829052831636	0.00028499335310767785	0.004623803889109827	1.3973898468176043	False
A:HLA-A_nov_c23480a6	6.670703309822354e-06	0.00018338529249952676	0.0024158456573021006	0.0002347136818938806	0.0022230399902506636	1.6941397457220146	False
A:HLA-A_nov_c265de47	6.670703309822235e-06	0.00018338529249953178	0.0009553363577857761	0.00013491889022377681	8.660697306794189e-05	0.5994439990488049	False
A:HLA-A_nov_c3080540	6.670703309822508e-06	0.00018338529249952045	0.000866264349617944	0.00017514067337624857	0.0014870910384518507	0.5909730946714781	False
A:HLA-A_nov_c326d452	6.670703309822293e-06	0.0001833852924995293	0.0022434743945584797	0.00014874298103487684	0.0014253677696244933	0.5909730946714781	False
A:HLA-A_nov_c32986cc	6.670703309822009e-06	0.0001833852924995411	2.0761116108768878e-06	0.0001623257643794109	0.004558327236067051	0.599443999048805	False
A:HLA-A_nov_c57d59cf	6.67070330982221e-06	0.00018338529249953278	0.0010606155288922922	5.96325196085647e-05	0.0010110566908254268	4.683899434417871	False
A:HLA-A_nov_c5a172bf	0.00014642600254355986	0.00018338529249955316	0.008155720328901746	0.0009179934688643605	0.015389174793448309	5.4470506006098205	False
A:HLA-A_nov_c5aef1b5	6.670703309822156e-06	0.000183385292499535	0.00021984110954085411	2.0262127654048116e-05	0.002901234109791505	1.6941397457220153	False
A:HLA-A_nov_c6aa1553	9.991079043253649e-05	0.00018338529249957441	0.012153183362185113	0.0011247983550034563	0.0014957360822260362	1.7434130809080592	False
A:HLA-A_nov_c6b33da4	6.670703309822302e-06	0.00018338529249952899	0.00719090972024874	0.0008469286167539814	0.005741796000796897	0.5909730946714781	False
A:HLA-A_nov_c9c31edc	6.67070330982194e-06	0.00018338529249954403	0.0030423711534546356	0.0002955613758766396	0.0027863890797014644	0.5909730946714781	False
A:HLA-A_nov_cab6ea74	6.670703309822533e-06	0.0001833852924995194	0.00030746459080572007	0.00019759722353266987	0.0031360641173553204	0.6880876388067214	False
A:HLA-A_nov_cadfd6eb	6.6707033098224965e-06	0.00018338529249952088	0.0019430599423997494	0.00028371633260108377	0.0019290405729823444	1.3973898468176043	False
A:HLA-A_nov_cb44a895	6.670703309822251e-06	0.0001833852924995311	0.002850363047969825	0.0005930191919505185	0.000860225453159475	1.3973898468176043	False
A:HLA-A_nov_cb590c5f	6.670703309822301e-06	0.00018338529249952904	0.002071911372106493	0.00039089043176711606	0.002976140088644179	0.6880876388067214	False
A:HLA-A_nov_cb7f32c7	1.3339980341410615e-05	0.00018338529249954888	0.0027329728157253663	0.0005043463595607888	0.004661861500584822	1.3768305991742118	False
A:HLA-A_nov_cca6073d	5.3325690687961545e-05	0.0001833852924995806	0.010702986244807042	0.00109476953792733	0.008071328076846579	2.2738813234459876	False
A:HLA-A_nov_ccb2c0ee	6.670703309822507e-06	0.0001833852924995205	0.007684801276365612	0.0009268764484640103	0.006283158211378204	0.5909730946714781	False
A:HLA-A_nov_ccb5ecff	6.6707033098221805e-06	0.00018338529249953395	0.0011974099003511252	0.00028483326143776533	0.00459451961048481	0.599443999048805	False
A:HLA-A_nov_cdc9e8c5	6.670703309822236e-06	0.00018338529249953178	0.0006795246454493253	0.0001577098228170463	0.0048664686759586715	0.5994439990488049	False
A:HLA-A_nov_ce153c27	6.6707033098223356e-06	0.00018338529249952752	0.0036298863302094823	0.0001221277790080633	0.0014457434114920576	1.6941397457220146	False
A:HLA-A_nov_ce566d14	6.670703309822208e-06	0.00018338529249953292	0.0013520121935615887	6.020157077375647e-05	0.0038432764311642767	0.5909730946714782	False
A:HLA-A_nov_cf26e691	6.670703309821966e-06	0.00018338529249954294	0.0023919553204881008	0.00020380551944817977	0.0008467194294863865	0.5909730946714781	False
A:HLA-A_nov_cf51f6aa	6.670703309821894e-06	0.00018338529249954584	0.0013640954735478822	0.00012619397922551033	0.002656767650651066	4.6838994344178735	False
A:HLA-A_nov_cf6ba21b	6.670703309822028e-06	0.00018338529249954037	0.0021291198820809092	0.00016261247601780744	0.0022917766760570373	0.5909730946714781	False
A:HLA-A_nov_cf97dc18	2.000783109475641e-05	0.00018338529249958244	0.0012039100076100826	1.917785684497922e-05	0.005195969795414539	0.7298497260073944	False
A:HLA-A_nov_cfef4ee2	9.991079043253636e-05	0.00018338529249959314	0.012366102016264665	0.0013452688382593633	0.006933782215449971	2.68244897103681	False
A:HLA-A_nov_d034fc3d	2.6674255569878173e-05	0.00018338529249954392	0.006605016029164256	0.0007605240014798795	0.003753812747295791	1.1803687771429217	False
A:HLA-A_nov_d03f6c56	6.670703309822102e-06	0.00018338529249953723	0.008472276803012387	0.0010131735968064786	0.006885381683355914	0.5909730946714782	False
A:HLA-A_nov_d140a5e0	6.670703309822501e-06	0.00018338529249952077	0.0061309680600753385	0.000716188547965196	0.005056253543063143	0.5909730946714782	False
A:HLA-A_nov_d1614861	6.670703309822253e-06	0.00018338529249953102	0.000594943581142016	3.996810753550401e-05	0.0030685653599549475	0.6880876388067215	False
A:HLA-A_nov_d180bc6d	6.67070330982197e-06	0.00018338529249954278	0.0023512641928930835	0.00015381902721465525	0.005167552742074905	0.599443999048805	False
A:HLA-A_nov_d196d5c4	6.670703309821816e-06	0.00018338529249954907	0.0018389337065851654	0.00012240277393029067	0.005157643260567107	0.5909730946714782	False
A:HLA-A_nov_d2351df2	6.67070330982224e-06	0.0001833852924995316	0.0010107002324126948	3.308653948451354e-05	0.004546791423653482	0.599443999048805	False
A:HLA-A_nov_d268faf5	6.670703309821966e-06	0.0001833852924995429	0.0018892079964199894	0.0003832940163081283	0.005292701741562454	0.6880876388067216	False
A:HLA-A_nov_d3072b69	6.67070330982179e-06	0.00018338529249955024	0.010627875372285973	0.0015307960820645109	0.017770238795611654	1.3973898468176043	False
A:HLA-A_nov_d335617c	6.670703309822138e-06	0.00018338529249953576	0.001564699153986693	0.0003281041181155254	0.002329158548245313	0.5909730946714782	False
A:HLA-A_nov_d339731a	6.670703309822006e-06	0.00018338529249954124	0.0006888683453902965	0.00021903655341616756	0.004152257708457352	0.599443999048805	False
A:HLA-A_nov_d38e154b	6.670703309822262e-06	0.00018338529249953058	0.004976541685901729	0.0005388486880052753	0.003891107795379384	0.5909730946714781	False
A:HLA-A_nov_d42a900b	6.670703309821942e-06	0.0001833852924995439	0.001960340883766052	6.437800422524666e-05	0.001262105313347777	0.6880876388067216	False
A:HLA-A_nov_d4e049f6	6.670703309822235e-06	0.00018338529249953178	0.0021770700359781017	9.320314549001611e-05	0.0028037371385918695	0.5994439990488049	False
A:HLA-A_nov_d4e40710	6.670703309821954e-06	0.00018338529249954346	0.0017239280152173437	0.0001618107167532189	0.0006675873659370251	0.599443999048805	False
A:HLA-A_nov_d5808658	6.670703309821813e-06	0.00018338529249954926	0.0028407782992187565	0.0004699747199446436	0.0029284868863802926	0.599443999048805	False
A:HLA-A_nov_d757bfbc	6.670703309822251e-06	0.0001833852924995311	0.006286959757179343	0.0008540986501416994	0.006456869304683081	1.3973898468176043	False
A:HLA-A_nov_d80a2245	6.670703309821783e-06	0.00018338529249955053	0.0007583662980327044	0.00026313192950350205	0.004277245673377764	0.5994439990488053	False
A:HLA-A_nov_d9f5fea5	6.6707033098225244e-06	0.00018338529249951974	0.0005353212097572265	0.0001768850009882783	0.004600470454282667	0.5994439990488052	False
A:HLA-A_nov_db474f9c	6.670703309822315e-06	0.00018338529249952847	0.0049782984910811375	0.0005343141501684273	0.0023980073984714726	0.5909730946714781	False
A:HLA-A_nov_dbfb8e30	6.6707033098220255e-06	0.00018338529249954042	0.0006074050052526708	7.395349837198932e-06	0.003777599903167123	0.5909730946714781	False
A:HLA-A_nov_dc031a04	1.333998034140992e-05	0.00018338529249959843	0.001292942239016639	0.00013715741871831783	0.0008728425976210675	0.43956863663656215	False
A:HLA-A_nov_dc0a9ac8	6.670703309822312e-06	0.0001833852924995286	0.007522106275887233	0.0009258359451785995	0.006046409472057906	0.5909730946714782	False
A:HLA-A_nov_dc80fc0f	2.6674255569876608e-05	0.00018338529249954617	0.01140550404092387	0.0017436029302562953	0.016804795777020865	5.60395310243077	False
A:HLA-A_nov_dca9fb7d	6.670703309822209e-06	0.0001833852924995329	0.0010428731891741559	0.0002318416948625115	0.0039617151357750815	0.599443999048805	False
A:HLA-A_nov_dce49614	6.670703309822467e-06	0.00018338529249952216	0.0023519770117296094	0.00019045694149231982	0.003041872124586246	0.599443999048805	False
A:HLA-A_nov_dd66e786	2.6682813239288292e-05	0.0001833852924995384	0.000847309957491322	2.1339757431144806e-05	0.0014140524156402686	0.6880876388067215	False
A:HLA-A_nov_de1544b1	6.670703309822457e-06	0.0001833852924995226	0.0018032237601093948	0.00017786629835955895	0.0050862875379746155	0.5994439990488052	False
A:HLA-A_nov_df335d4f	6.6707033098224524e-06	0.00018338529249952275	0.005686239916895873	0.0006270188264634652	0.004490209506988094	0.5909730946714781	False
A:HLA-A_nov_e16d88d4	6.670703309822192e-06	0.00018338529249953354	0.0012151291541130551	0.00011740229483308374	0.00023409899052312958	0.5909730946714781	False
A:HLA-A_nov_e1a475de	6.670703309821996e-06	0.00018338529249954167	0.008033585653773788	0.001260299944499148	0.010844641205675494	1.3973898468176043	False
A:HLA-A_nov_e1e5f6a5	6.6707033098222636e-06	0.00018338529249953056	0.005408385420734168	0.0006016152830683136	0.003049590353583829	0.5909730946714782	False
A:HLA-A_nov_e2a12465	6.670703309822362e-06	0.00018338529249952646	0.0010064487485567412	0.00021276190853159336	0.00832762822971108	0.5909730946714781	False
A:HLA-A_nov_e35411eb	2.667425556988029e-05	0.0001833852924995483	0.0003309264378432885	9.023449933410656e-06	0.007057314948452815	1.2216280918469598	False
A:HLA-A_nov_e3eb78be	4.6664971325800485e-05	0.00018338529249951335	0.005604898144677776	0.0004129439183625601	0.000750877434321953	1.4567853029443734	False
A:HLA-A_nov_e4889c8b	6.670703309822169e-06	0.00018338529249953451	0.0019608190984980313	0.0001487928090584554	0.002078046563063944	0.6880876388067214	False
A:HLA-A_nov_e4f21684	6.670703309822477e-06	0.00018338529249952175	0.0061718825500815715	0.0006799889370420329	0.00393079905796729	0.5909730946714782	False
A:HLA-A_nov_e6c0cedd	6.670703309822443e-06	0.0001833852924995231	0.0024054236910585496	0.00042206973391326324	0.0009380097507278044	0.6880876388067214	False
A:HLA-A_nov_e6c69007	6.6707033098225244e-06	0.0001833852924995198	0.0014057947542174133	0.00028124512276727487	0.003126199004824449	1.6941397457220144	False
A:HLA-A_nov_e72127cd	6.670703309822371e-06	0.00018338529249952606	0.0017360625034400401	0.00031822940706647385	0.003882764075857321	0.599443999048805	False
A:HLA-A_nov_e8011b20	6.67070330982181e-06	0.0001833852924995494	0.005778856752710929	0.0009207886975164762	0.007766654090727155	1.3973898468176043	False
A:HLA-A_nov_e8edefba	6.670703309821936e-06	0.00018338529249954422	0.003026145021280795	9.799772216336186e-05	0.00017504318285366038	1.6941397457220144	False
A:HLA-A_nov_e91c1704	6.670703309822115e-06	0.00018338529249953666	0.008809021829667337	0.0008789882959867298	0.011506710513264014	1.3973898468176043	False
A:HLA-A_nov_ea4b0dc3	6.670703309822084e-06	0.00018338529249953793	0.0005144132853297259	0.00026427448884102674	0.003988052998476054	0.6880876388067214	False
A:HLA-A_nov_ea9e3700	6.670703309822027e-06	0.0001833852924995404	0.007233157759435486	0.0008475514050468022	0.004778066908484465	0.5909730946714781	False
A:HLA-A_nov_eb066ce4	6.670703309822124e-06	0.0001833852924995364	0.0025421480555603217	0.0002429388651162893	0.0011634543778926518	0.5909730946714781	False
A:HLA-A_nov_ebe59d3f	6.670703309822202e-06	0.00018338529249953313	0.0026915901248925522	0.00017409515337555093	0.00118500705491203	1.6941397457220149	False
A:HLA-A_nov_ee56c7bc	6.67070330982227e-06	0.00018338529249953026	0.00030489306365732115	0.00011155739392480046	0.004617106057115368	0.599443999048805	False
A:HLA-A_nov_eefcf120	6.670703309822544e-06	0.00018338529249951893	0.000736106016893593	0.00018639556680507974	0.00036441326830865314	0.5994439990488051	False
A:HLA-A_nov_efb060b8	1.3339980341409223e-05	0.0001833852924995881	0.001062675150976845	4.135585265126082e-05	0.002932866715493763	2.4392648122455474	False
A:HLA-A_nov_f0b000f0	6.670703309822101e-06	0.00018338529249953725	0.0005791404832085929	0.00010749728859092006	0.0016703991462939153	0.5994439990488049	False
A:HLA-A_nov_f0cf62bc	6.670703309822302e-06	0.00018338529249952899	0.0015398514243151135	0.0003279952018054164	0.005023874568161592	0.599443999048805	False
A:HLA-A_nov_f0d9aaae	6.67070330982242e-06	0.00018338529249952403	0.0014255094165181574	4.8427270730678506e-05	0.000717548776920138	0.599443999048805	False
A:HLA-A_nov_f131740d	6.670703309822368e-06	0.00018338529249952625	0.0012882322313763257	0.00021285722756721624	0.002933727525557019	0.6880876388067216	False
A:HLA-A_nov_f1f200fc	6.670703309822543e-06	0.00018338529249951898	0.0024866439681744744	0.0004857015709103754	0.004158432679437935	0.6880876388067213	False
A:HLA-A_nov_f2560187	6.670703309822183e-06	0.00018338529249953386	0.002027135989650796	0.00037953129711396744	0.0024741079707695252	0.599443999048805	False
A:HLA-A_nov_f2d7e4cc	6.6707033098218705e-06	0.00018338529249954687	0.004157121728405792	0.0007031497630217719	0.004141256100255019	1.3973898468176043	False
A:HLA-A_nov_f36029ca	7.995430535428658e-05	0.0001833852924995022	0.014034194257999252	0.0014810823053910036	0.007412973877736745	2.557144507342509	False
A:HLA-A_nov_f3f37dc6	6.670703309822454e-06	0.00018338529249952264	0.0026504126334215357	0.00022950488067368424	0.0008946403893877163	0.5909730946714781	False
A:HLA-A_nov_f438654c	6.67070330982202e-06	0.00018338529249954075	0.010757534181483796	0.001568489823378194	0.016604421989972612	1.3973898468176043	False
A:HLA-A_nov_f4656208	6.670703309822143e-06	0.0001833852924995356	0.0075216157967770364	0.0011973091203510183	0.01153291261282692	1.3973898468176043	False
A:HLA-A_nov_f492ef79	6.6707033098223025e-06	0.00018338529249952899	0.006009184020707621	0.0006973931580144485	0.0038605483144322312	0.5909730946714781	False
A:HLA-A_nov_f4ca4bf1	6.670703309822146e-06	0.0001833852924995355	0.0027099830560664948	0.00015443045996950904	0.000449306228497327	0.6880876388067212	False
A:HLA-A_nov_f4dd2037	6.6707033098222085e-06	0.0001833852924995329	0.0008407886804600157	2.487564143672954e-07	0.002215455714022942	0.6880876388067214	False
A:HLA-A_nov_f534c024	6.670703309821898e-06	0.0001833852924995457	0.0025371468932489792	0.0005065871520827297	0.0037732927062930147	0.6880876388067214	False
A:HLA-A_nov_f5772885	3.333925376674784e-05	0.00018338529249958043	0.00790277939279407	0.0008509632048520505	0.0036421535150863147	0.45024402840013245	False
A:HLA-A_nov_f582c1ef	6.670703309822025e-06	0.00018338529249954048	0.0013352135525634063	0.00010529087855385518	0.0008178314281060403	0.6880876388067214	False
A:HLA-A_nov_f5a947cd	6.670703309822117e-06	0.00018338529249953663	0.006905854569439186	0.0008213712629283967	0.005046958076864616	0.5909730946714782	False
A:HLA-A_nov_f6b5d65e	6.670703309821884e-06	0.0001833852924995463	0.0025453886746386423	0.00027855807264403574	0.00032822036950989116	0.5909730946714781	False
A:HLA-A_nov_f6bfa546	6.670703309822389e-06	0.00018338529249952535	0.00017566907092424116	2.3379635555552818e-05	0.004473870256945545	0.5994439990488052	False
A:HLA-A_nov_f7ecf085	6.670703309822059e-06	0.00018338529249953901	0.001984575762139396	0.00014786891830928864	0.001812185627339157	1.3973898468176043	False
A:HLA-A_nov_f90c07fa	6.670703309822418e-06	0.00018338529249952416	0.00401168103640833	0.0004915322814094702	0.004344315853656116	1.3973898468176043	False
A:HLA-A_nov_f912b3df	6.670703309822053e-06	0.00018338529249953926	0.004156897828451375	0.0004160914490033612	0.0013101930168499607	0.6880876388067215	False
A:HLA-A_nov_fa628984	6.670703309822411e-06	0.00018338529249952449	0.0003930054423110784	9.953351832699424e-05	0.0022829634315067572	0.6880876388067214	False
A:HLA-A_nov_fb828831	6.6707033098219705e-06	0.00018338529249954275	0.0018279586367087066	0.0002810807424034837	0.002871581120521273	1.694139745722015	False
A:HLA-A_nov_fc0b5f6e	6.670703309822422e-06	0.00018338529249952403	0.007175560116484748	0.0007456169540157952	0.010875532520532534	1.3973898468176043	False
A:HLA-A_nov_fc2976b0	6.6707033098223745e-06	0.00018338529249952595	0.0016036005647390703	9.826281221413467e-05	0.00025524446610064784	0.5909730946714782	False
A:HLA-A_nov_fc3edfe6	6.670703309822294e-06	0.0001833852924995293	0.00747460872048388	0.0008765026135822872	0.0062729995093079045	0.5909730946714781	False
A:HLA-A_nov_ff0d4a8f	6.670703309822024e-06	0.00018338529249954053	0.00044187422634963866	2.500049649753338e-05	0.00433212148909817	0.599443999048805	False
A:HLA-A_nov_ff895f2c	6.670703309822492e-06	0.0001833852924995211	0.0026250793075962694	0.0004967955101995782	0.010941717456700497	0.5909730946714781	False
A:HLA-A_nov_ffab7348	6.670703309821999e-06	0.00018338529249954156	0.005703634494464694	0.0006348178492365047	0.004781344850612936	0.5909730946714781	False
A:HLA-A_nov_ffd304a1	6.670703309822395e-06	0.00018338529249952514	0.008009440243726521	0.0013359616573925658	0.008609811285950085	1.3973898468176043	False
A:HLA-A_nov_ffe7b366	6.67070330982251e-06	0.00018338529249952028	0.005345223801046613	0.0006040957962917017	0.003797331481383556	0.5909730946714781	False
B:HLA-B*07:02:01:01	0.005234458241496824	0.0001833852924996166	0.012211060531029291	0.00285141563633782	0.06207324155993478	39.71756568178926	False
B:HLA-B*07:02:01:100	6.670703309822295e-06	0.00018338529249952923	0.0016051845144645699	6.787657363364431e-05	0.0010510173184801546	0.5909730946714781	False
B:HLA-B*07:02:01:111	2.0007831094753252e-05	0.00018338529249961903	0.0003390727327768748	0.00023723883331196844	0.0055183488808079025	0.8509099797355898	False
B:HLA-B*07:02:01:118	0.00031871898717543266	0.00018338529249954105	0.023628842949268303	0.002517520048901099	0.017628878984793806	11.959158716693725	False
B:HLA-B*07:02:01:13	2.0007831094748655e-05	0.00018338529249966093	0.0004920604210911986	0.0002479168894781102	0.005272178712326455	1.799874305891823	False
B:HLA-B*07:02:01:14	0.0012252129405237804	0.00018338529249957116	0.052467237285533534	0.005829607447764519	0.03828456563314603	59.378242830012745	False
B:HLA-B*07:02:01:21	6.67070330982213e-06	0.00018338529249953611	0.006066882921125598	0.0006902775881731734	0.0030515060107320054	0.5909730946714781	False
B:HLA-B*07:02:01:26	1.3339980341408723e-05	0.00018338529249955352	0.00545824972660887	0.0005637259925714406	0.004126910789086433	0.43956863663656215	False
B:HLA-B*07:02:01:41	6.67070330982209e-06	0.00018338529249953777	0.00067902827331594	0.00015681435781053654	0.0028246654870972454	1.6941397457220146	False
B:HLA-B*07:02:01:47	6.670703309822328e-06	0.0001833852924995279	0.0022145879388242246	0.00036708525069380633	0.003837355937545687	0.6880876388067217	False
B:HLA-B*07:02:01:85	6.670703309821823e-06	0.00018338529249954885	0.0024425084213896015	0.00018816169879849894	0.0006622361249867156	0.5909730946714782	False
B:HLA-B*07:02:01:86	1.3339980341409934e-05	0.00018338529249954685	0.005122559310599229	0.0004804526452575362	0.00437648387650247	1.1824474387871216	False
B:HLA-B*07:05:01:01	0.0005820527378900091	0.00018338529249953953	0.014893102107660658	0.0016441851454704046	0.005121897487422785	18.603218432829763	False
B:HLA-B*07:05:01:05	1.333998034141025e-05	0.0001833852924995577	0.006147901077278211	0.0006720478642271352	0.0030777259043595294	9.392386267441605	False
B:HLA-B*07:05:01:07	3.333925376674774e-05	0.00018338529249956544	0.0020461076094899907	0.0002726243344321596	0.006445277559653531	4.348619287103805	False
B:HLA-B*07:06:01:01	0.0007252268260556475	0.00018338529249950963	0.0016272313886869084	0.00012132372053650185	0.015586996380014498	4.629401529584721	False
B:HLA-B*07:06:01:03	6.670703309821787e-06	0.00018338529249955032	0.0034258559978057267	0.00033640367932188947	0.0022657227022900616	1.6941397457220146	False
B:HLA-B*07:06:01:04	6.670703309822378e-06	0.00018338529249952581	0.008378097460819753	0.0010225466778122972	0.007841344384702019	0.5909730946714781	False
B:HLA-B*07:09:01	6.670703309822521e-06	0.00018338529249951988	0.0035887401274465134	0.00038705542783890035	0.002450965594772498	0.6880876388067215	False
B:HLA-B*07:12	1.3339980341408349e-05	0.00018338529249954067	0.007721984533850822	0.000829456687778443	0.004433438369393234	1.1824474387871218	False
B:HLA-B*07:14:01	6.670703309822313e-06	0.00018338529249952847	0.001239299400342307	0.0003224259130026873	0.002656594272447689	0.6880876388067216	False
B:HLA-B*08:01:01:01	0.004229673749792618	0.00018338529249957257	0.02788122980861356	0.0013010036777395314	0.056132193897550246	56.97143117844282	False
B:HLA-B*08:01:01:02	0.0005818102705900119	0.00018338529249955194	0.019949773270434325	0.0015373896891519969	0.008875401821926797	59.64534953122143	False
B:HLA-B*08:01:01:16	7.995430535428647e-05	0.000183385292499512	0.011475956349228093	0.0010726331598121363	0.007359430793975275	2.557144507342509	False
B:HLA-B*08:01:01:20	6.6707033098221805e-06	0.00018338529249953395	0.0011974099003511252	0.00028483326143776533	0.00459451961048481	0.599443999048805	False
B:HLA-B*08:01:01:37	0.0001397852510767213	0.00018338529249953378	0.01931806191025813	0.0019943525818861747	0.0062137304314795715	6.53458489678986	False
B:HLA-B*08:01:01:68	6.670703309822534e-06	0.0001833852924995194	5.8906115978457925e-05	0.00011499134324762216	0.00290745452444877	0.599443999048805	False
B:HLA-B*08:09	6.670703309821893e-06	0.00018338529249954598	0.00013840168879399354	8.969635460639354e-05	0.003096445127482568	0.6880876388067215	False
B:HLA-B*08:12:01	6.6707033098219984e-06	0.00018338529249954156	0.006128033361622529	0.0007139868490270701	0.005356752680751657	0.5909730946714781	False
B:HLA-B*08:35	6.670703309822528e-06	0.00018338529249951958	0.0002621001598131254	0.00011458118773108	0.005071638117962976	0.5994439990488052	False
B:HLA-B*13:01:01:01	0.00030537615427755124	0.0001833852924995512	0.04065572813547466	0.005276447931628232	0.04835308158936151	44.807725904388334	False
B:HLA-B*13:01:01:02	4.000282568539089e-05	0.00018338529249954942	0.01652873521548308	0.0025086173184535212	0.019992843880729635	8.420385250642966	False
B:HLA-B*13:01:01:03	1.3339980341409665e-05	0.00018338529249954154	0.0064030141380140675	0.000709780370401038	0.00410089947184891	3.391722864910944	False
B:HLA-B*13:01:01:11	0.00017304605954047026	0.00018338529249953137	0.02751783454083124	0.003948055403062149	0.032015322728470824	28.577937590835287	False
B:HLA-B*13:02:01:01	0.001788550055400725	0.0001833852924995727	0.001863023508660909	0.0012604316353692468	0.016260847579944226	9.035156236048993	False
B:HLA-B*13:02:01:07	4.6664971325802504e-05	0.0001833852924994887	0.01192112957591769	0.0012844977335897607	0.008152725440399484	1.5516680107500795	False
B:HLA-B*13:02:01:13	6.670703309822377e-06	0.0001833852924995259	0.0032586404373690816	0.0003365983759950736	0.0019794571780253458	0.5909730946714781	False
B:HLA-B*14:01:01:01	0.0005946510535486527	0.00018338529249957756	0.011733099273507495	0.0007834665230255671	0.007412530925227982	4.1599204414012405	False
B:HLA-B*14:01:01:03	1.333998034140956e-05	0.00018338529249952348	3.7259408070250655e-06	0.00020723631890596622	0.00227048067518171	1.1994018806514455	False
B:HLA-B*14:02:01:01	0.0031201376793229293	0.0001833852924995328	0.027095807688114478	0.0016157124691354692	0.04842864376724136	48.0607596177273	False
B:HLA-B*14:02:01:02	1.3339980341410437e-05	0.00018338529249961	0.000651886419004074	1.6419871290299325e-05	0.002746918135807267	1.199401880651445	False
B:HLA-B*14:02:01:03	0.00021938013431550664	0.0001833852924995369	0.025881754480206975	0.0028903390084667655	0.013267167683403353	10.690473466781793	False
B:HLA-B*14:02:01:12	6.670703309822166e-06	0.0001833852924995346	0.0007560204016171573	0.0001882477101372954	0.003097061279343333	0.6880876388067214	False
B:HLA-B*14:02:01:18	6.670703309822057e-06	0.00018338529249953915	0.00022806983723960695	0.0001318742591477267	0.002997225792515383	0.599443999048805	False
B:HLA-B*14:02:01:28	1.333998034140895e-05	0.00018338529249954365	0.007051790498385427	0.0007523153362857697	0.0033403047533237785	0.44380384580865595	False
B:HLA-B*14:02:02	2.667425556987726e-05	0.00018338529249953853	0.0012735778730358182	0.00020518487379339936	0.00486618393095157	1.3990990693880305	False
B:HLA-B*14:03	7.329929110506192e-05	0.00018338529249957376	0.01812607358129863	0.0020636700451105734	0.011110694885177883	6.528378388092882	False
B:HLA-B*14:05	1.3339980341408947e-05	0.0001833852924995377	0.006634093603310399	0.0007252231502616611	0.003512825559045237	1.1824474387871216	False
B:HLA-B*15:01:01:01	0.0026351460279495664	0.00018338529249956251	0.031120817086999018	0.004709345810967047	0.02284505485800744	20.512695011596126	False
B:HLA-B*15:01:01:04	0.00016633969927472034	0.00018338529249956582	0.0034059815451341164	0.00024096199896017542	0.012587600158468623	3.5255542058334806	False
B:HLA-B*15:01:01:05	6.670703309821767e-06	0.00018338529249955116	0.0005119220034608021	8.612762732658059e-05	0.003291316503274016	0.599443999048805	False
B:HLA-B*15:01:01:06	5.998498377188967e-05	0.00018338529249960824	0.0014959579485349722	0.00016819009256383268	0.0004353925842125406	0.807936503096836	False
B:HLA-B*15:01:01:16	6.6707033098222974e-06	0.00018338529249952918	0.0007204407014400521	0.00023081757157904272	0.004703691457971632	0.599443999048805	False
B:HLA-B*15:01:01:60	6.670703309821882e-06	0.0001833852924995464	0.006456830093677321	0.001090810108007971	0.005363260020109868	1.3973898468176043	False
B:HLA-B*15:01:01:61	6.670703309821788e-06	0.00018338529249955026	0.001003582548639542	0.000191667804971325	0.004221436915382982	0.599443999048805	False
B:HLA-B*15:01:01:66	6.670703309822295e-06	0.00018338529249952923	0.008113524070596479	0.0011194683742197674	0.011414537405445731	1.3973898468176043	False
B:HLA-B*15:02:01:01	0.000941015591772661	0.00018338529249960756	0.06777137915731692	0.008834028578497537	0.07665406756756271	92.6141943242644	True
B:HLA-B*15:02:01:05	6.666852358584777e-05	0.00018338529249953782	0.01860922271641973	0.002193313071125157	0.025563086019438144	6.65853700935204	True
B:HLA-B*15:03:01:01	2.0007831094750268e-05	0.00018338529249965258	0.0009305648608734382	0.00030054271593907186	0.0069562810855986635	0.987373732702319	False
B:HLA-B*15:03:01:02	0.0022711099023818957	0.00018338529249954712	0.0824062850159251	0.009283427681348773	0.050014426685673755	119.70050048883495	False
B:HLA-B*15:03:01:06	6.6707033098221755e-06	0.00018338529249953422	0.006885827900314271	0.0007822916881713347	0.005021759511972235	0.5909730946714781	False
B:HLA-B*15:03:01:07	6.6707033098219036e-06	0.0001833852924995455	0.0034899429756605894	0.0003628549652252223	0.0007409957699610015	0.5909730946714781	False
B:HLA-B*15:03:01:10	6.670703309822169e-06	0.00018338529249953451	0.004472314170063719	0.0005104095170682853	0.006577076343867173	0.5909730946714781	False
B:HLA-B*15:03:01:13	6.670703309822122e-06	0.0001833852924995364	0.00763754962232431	0.000886192561068346	0.0064222178464825265	0.5909730946714782	False
B:HLA-B*15:04:01:01	1.3339980341410625e-05	0.00018338529249958813	0.00020246267069798265	0.00016307304697840903	0.0012245466862946847	1.376830599174212	False
B:HLA-B*15:04:01:02	4.001708846776073e-05	0.00018338529249953118	0.003825414376475256	0.0008853852108142409	0.001945143451240625	1.8363571027410888	False
B:HLA-B*15:05:01:01	6.664285057759329e-05	0.0001833852924995545	0.006994412571548436	0.0005110022642373159	0.0056721201238501065	17.097619360001893	False
B:HLA-B*15:06	6.670703309822409e-06	0.00018338529249952454	0.00656555107689938	0.0006771359625492673	0.009968395820345716	1.3973898468176043	False
B:HLA-B*15:07:01:01	5.332569068796075e-05	0.0001833852924995985	0.010536314812228791	0.0018697186579392175	0.002110602717932278	2.6967745336049482	False
B:HLA-B*15:07:01:02	6.6707033098222144e-06	0.0001833852924995326	0.0009086438354483668	0.00026246568932204706	0.00441922682090034	0.599443999048805	False
B:HLA-B*15:08:01:01	5.332569068796091e-05	0.0001833852924996181	0.004246692036399787	0.0005285602060300782	0.004892802300107172	7.159608781246652	False
B:HLA-B*15:09:01	2.0007831094757355e-05	0.0001833852924995753	0.0006822464568750219	0.00029192392592842397	0.005947197645192056	6.214271745852295	False
B:HLA-B*15:108	6.670703309822315e-06	0.00018338529249952842	0.002015886840575117	0.0004661788549345934	0.002722022070244863	0.6880876388067216	False
B:HLA-B*15:10:01:01	0.0011905757735620388	0.00018338529249959637	0.0600511423264142	0.006675314958019184	0.034053855789728575	54.848316658498945	False
B:HLA-B*15:10:01:02	5.998498377189074e-05	0.00018338529249960228	0.01722844979562656	0.0019514758947166463	0.012725018416307337	5.336856560174459	False
B:HLA-B*15:113	6.670703309822549e-06	0.00018338529249951874	0.0020901117064231426	0.0003793922587298711	0.003451923874607533	1.6941397457220142	False
B:HLA-B*15:11:01	0.00017960836570438736	0.00018338529249951757	0.026130839823408535	0.004265469989631907	0.023462292877480955	32.25163066562573	False
B:HLA-B*15:12:01	9.326005501801103e-05	0.00018338529249955975	0.02200158141136	0.0029482113867208403	0.02354854540469901	16.77823328707489	False
B:HLA-B*15:13:01	0.00010656009956881288	0.0001833852924995806	0.015805391145639034	0.0021603960412504473	0.029597219685240678	6.254450443460018	False
B:HLA-B*15:15:01:01	0.0001863175785265456	0.00018338529249954124	0.009500257272418893	0.002376056716603399	0.014840892161213894	13.799130469869759	False
B:HLA-B*15:16:01:02	0.0008364808072991971	0.00018338529249951137	0.04758298617039425	0.005181950196099359	0.0266332150248614	29.88983294188176	False
B:HLA-B*15:17:01:01	0.00012649946930824683	0.00018338529249955465	0.019841539437644218	0.0023340840795999674	0.011908268733335744	6.275366788268054	False
B:HLA-B*15:17:01:02	6.670703309821938e-06	0.00018338529249954408	0.0007362196710963202	0.0002396783440921429	0.003968391694875772	0.5994439990488049	False
B:HLA-B*15:17:01:03	0.0006011933918172199	0.00018338529249957127	0.001155241938244997	4.1638442519969734e-05	0.01588793371917511	17.329262557207056	False
B:HLA-B*15:18:01:02	0.00037136291686651606	0.00018338529249955755	0.023686079741523022	0.002750771794980191	0.004482420970067939	22.35397895968505	False
B:HLA-B*15:18:01:03	5.332569068796204e-05	0.00018338529249957116	0.003735733423293362	0.00031295550761283736	0.005689121097822291	4.875017444967538	False
B:HLA-B*15:18:01:05	8.660789332527505e-05	0.00018338529249952175	0.0005847818802657034	0.00022886533626120928	0.00465284214462163	2.575141643241147	False
B:HLA-B*15:20	3.333925376674773e-05	0.00018338529249958477	0.0006985484884392407	0.0003491709123382173	0.002769918075568832	3.4470007847709137	False
B:HLA-B*15:21:01:01	0.00020621415991891063	0.00018338529249950389	0.031224261411733855	0.0031085069742015125	0.04627450048913794	27.53429131243467	False
B:HLA-B*15:220:01:01	0.0001397852510767222	0.00018338529249953189	0.006786550281993628	0.0005344531178854896	0.0056290554928935385	5.151440570504576	False
B:HLA-B*15:24:01	4.666497132579469e-05	0.00018338529249955522	0.00346344997251107	0.000687718471335656	0.00888136551786304	1.6598556345890518	False
B:HLA-B*15:25:01:01	0.0002790584682666103	0.0001833852924995989	0.031901427664345304	0.004213322428866379	0.03211237809607467	30.406465425724193	False
B:HLA-B*15:27:01:01	7.329929110504924e-05	0.00018338529249961003	0.019229087625091373	0.002939717613151478	0.01875337181279053	15.504028283171479	False
B:HLA-B*15:29:01:01	5.9984983771892894e-05	0.0001833852924995958	0.006523251858984661	0.0013292835498856165	0.0014213025991761782	15.372107314048785	False
B:HLA-B*15:30:01:02	6.664285057759329e-05	0.00018338529249953083	0.007746735696225702	0.001727643130193826	0.012768106760456316	6.910478628742454	False
B:HLA-B*15:30:01:03	6.670703309822293e-06	0.0001833852924995293	0.0024691900896400163	0.0005448569684768275	0.0039537591303456165	0.6880876388067214	False
B:HLA-B*15:31:01:01	6.67070330982234e-06	0.00018338529249952739	0.007675149159177868	0.0009022257389142948	0.006953618439092269	0.5909730946714781	False
B:HLA-B*15:31:01:03	6.67070330982181e-06	0.00018338529249954934	0.006087880791795671	0.0006706162146012848	0.0028291131979682888	0.6880876388067215	False
B:HLA-B*15:32:01	2.6674255569878353e-05	0.00018338529249947038	0.009249258621594945	0.0013978162115298124	0.007460933650529918	2.6939115700775065	False
B:HLA-B*15:34:01	1.3339980341409236e-05	0.00018338529249951213	0.0017139250391424942	0.00036401735744527694	0.005083319954791026	0.4438038458086559	False
B:HLA-B*15:35:01:01	0.00021275507190923035	0.00018338529249954926	0.032066333061085965	0.0037512152049428184	0.04997643753204051	39.49756909475034	False
B:HLA-B*15:37	4.000282568539097e-05	0.00018338529249951874	0.01137078705226981	0.001290134496110258	0.0057090682025793885	2.4149691314587116	False
B:HLA-B*15:38:01	2.0007831094757095e-05	0.00018338529249954755	0.003095054846903049	0.000288093016037081	0.0004874201577485898	2.222679570087625	False
B:HLA-B*15:39:01:02	2.66742555698735e-05	0.0001833852924995457	0.006323391362310156	0.0012515566624737046	0.004643043714810302	2.756286232855904	False
B:HLA-B*15:40:01	6.67070330982202e-06	0.00018338529249954075	0.0028512123448515164	0.0005759825752186471	0.005205654434606245	0.6880876388067215	False
B:HLA-B*15:47:01	6.6707033098223855e-06	0.0001833852924995255	0.0050246702502637994	0.0005604199623547872	0.0027691471376667456	0.5909730946714781	False
B:HLA-B*15:52	6.670703309822278e-06	0.00018338529249952993	0.0022899367187160535	0.00019036408100496982	0.003095925834809329	0.5909730946714781	False
B:HLA-B*15:54	2.00078310947511e-05	0.00018338529249961716	0.009363937379777256	0.001097772005000714	0.007872549368559219	1.7744236703394358	False
B:HLA-B*15:63	6.67070330982249e-06	0.00018338529249952118	0.004308987589491281	0.0008010607692239544	0.0015223357853785151	0.6880876388067214	False
B:HLA-B*15:75	6.67070330982205e-06	0.00018338529249953942	0.0020212083330595457	0.0002966059167865375	0.0007530753678050163	1.6941397457220149	False
B:HLA-B*18:01:01:01	0.0004043028127272522	0.0001833852924995283	0.0030301814306984936	0.0003610445863975444	0.016188913369307358	8.515776018922237	False
B:HLA-B*18:01:01:02	6.670703309822389e-06	0.00018338529249952533	0.00046560286923181133	0.0001485739420880416	0.0039966827660029	0.599443999048805	False
B:HLA-B*18:01:01:03	6.66428505775932e-05	0.00018338529249956056	0.013559008946957779	0.0014207041154917638	0.007736888447250143	4.734257320019666	False
B:HLA-B*18:01:01:05	0.0010882745408063341	0.00018338529249952007	0.004997009189239752	0.0012635167333291117	0.035714390134693845	18.667873731680476	False
B:HLA-B*18:01:01:06	0.0003713629168664976	0.0001833852924995634	0.017999299608721077	0.0016514753703240955	0.001808692564620159	5.725720148852571	False
B:HLA-B*18:01:01:11	1.3339980341408957e-05	0.0001833852924995454	0.00266905742764127	0.0005170634943076737	0.00482780352734628	9.392386267441605	False
B:HLA-B*18:01:01:17	0.00011985443900666913	0.00018338529249960005	0.01113618996079008	0.0011437879192966677	0.015825167718569604	1.7146736079434424	False
B:HLA-B*18:01:01:18	1.3339980341410439e-05	0.00018338529249959152	0.0062474089959555215	0.0006689896498115982	0.0039908185154779955	1.1824474387871216	False
B:HLA-B*18:01:01:20	6.6707033098225295e-06	0.00018338529249951955	0.0009450802840113647	6.286117711649816e-05	0.0026413013327188273	0.599443999048805	False
B:HLA-B*18:01:01:31	1.3339980341409357e-05	0.00018338529249955105	0.002554510994464438	0.0002892334532237971	0.001909202790209701	1.1824474387871216	False
B:HLA-B*18:01:01:45	6.670703309822123e-06	0.0001833852924995364	0.006877094654937907	0.0007883310520487118	0.004051443319838309	0.5994439990488051	False
B:HLA-B*18:01:01:47	6.670703309822042e-06	0.0001833852924995398	0.004301261221003149	0.0004754669018639412	0.002621158623217557	0.5994439990488051	False
B:HLA-B*18:01:01:51	0.0003119812487885736	0.00018338529249948345	0.02579387002288007	0.00266119159759603	0.010060057300743766	19.523489287833115	False
B:HLA-B*18:01:01:52	0.0009782086493331083	0.00018338529249956127	0.011153591697040324	0.001790009270372013	0.017158767513741683	9.871198894623225	False
B:HLA-B*18:01:01:67	6.670703309822462e-06	0.0001833852924995224	0.00463604853172936	0.0005000378106447621	0.001788792123540843	0.5909730946714782	False
B:HLA-B*18:01:01:77	1.3339980341408899e-05	0.00018338529249951476	0.0068052041664072365	0.0007729329926339803	0.00503592764207405	1.1824474387871218	False
B:HLA-B*18:01:01:79	6.670703309822168e-06	0.00018338529249953451	0.0034000922531981135	0.0003124146259805754	0.0006286587469895449	0.6880876388067214	False
B:HLA-B*18:01:01:80	2.0007831094755936e-05	0.00018338529249955324	0.0010609024364345433	1.3482839076722277e-05	0.004948641394572874	2.2110698406184466	False
B:HLA-B*18:01:01:82	6.670703309821945e-06	0.00018338529249954378	0.0011923691307093062	0.0002686058934695734	0.00398979290773199	4.683899434417871	False
B:HLA-B*18:01:01:83	9.991079043253678e-05	0.00018338529249955734	1.1924739187345649e-05	0.00037819436969509153	0.00975068381050682	1.7119726729424316	False
B:HLA-B*18:01:02	6.67070330982231e-06	0.00018338529249952863	0.004201201898162159	0.0004181260563729508	0.0012461317397053032	0.5909730946714782	False
B:HLA-B*18:02:01	4.0002825685390923e-05	0.00018338529249951755	0.016292652930969407	0.0022711901161994144	0.023238243466320557	8.420385250642966	False
B:HLA-B*18:03:01:01	2.0007831094750464e-05	0.00018338529249962673	0.002693317706724289	0.00046401665873317704	0.006235927331362908	0.7298497260073942	False
B:HLA-B*18:03:01:02	1.3339980341409185e-05	0.0001833852924995065	0.005377881290537606	0.0005238043876768645	0.002024073555566558	1.1824474387871216	False
B:HLA-B*18:04:01	1.3339980341408621e-05	0.00018338529249955677	0.002088220138188368	0.00038947844300408113	0.008492112090844032	1.3768305991742118	False
B:HLA-B*18:05:01:02	6.670703309822493e-06	0.0001833852924995211	0.0003053617164826414	5.4997185459896195e-05	0.004015858339436395	0.6880876388067214	False
B:HLA-B*18:13	6.670703309822084e-06	0.00018338529249953793	0.0013160395989822288	0.00035860499807029964	0.005120542230502405	0.6880876388067214	False
B:HLA-B*18:145	3.3339253766747606e-05	0.000183385292499587	0.008798309306959278	0.0009020165198444201	0.004552513169475034	0.7617715763219032	False
B:HLA-B*18:20	6.670703309822166e-06	0.0001833852924995346	0.0011111737310724754	0.00023677485636480414	0.004108736174751021	0.599443999048805	False
B:HLA-B*18:25	1.3339980341409346e-05	0.0001833852924995791	0.007202897820112826	0.0008183722150722219	0.005373083277277418	1.1824474387871216	False
B:HLA-B*18:34	6.670703309822067e-06	0.00018338529249953872	3.216895704462248e-05	5.717404766580924e-05	0.003170806595833523	0.5994439990488051	False
B:HLA-B*27:01	6.670703309821773e-06	0.00018338529249955089	0.0006712119864918278	0.0001060998414902484	0.00430699479917261	0.5994439990488052	True
B:HLA-B*27:02:01:01	0.00011990293246669571	0.00018338529249956647	0.0049418306771091885	0.0010694820648874965	0.009366995837622658	7.233848603951556	True
B:HLA-B*27:02:01:04	0.00018631757852654568	0.0001833852924995518	0.0016492158250517837	0.0001543915173360272	0.01232418703149288	7.882804849023966	True
B:HLA-B*27:02:01:06	2.0007831094753883e-05	0.00018338529249958943	0.0004452680942486994	3.8998684043579065e-05	0.004918216892250262	1.799874305891823	True
B:HLA-B*27:03	0.0001862405595018153	0.00018338529249952373	0.020898822322318163	0.0023103057051864235	0.012024406903634256	9.05958852861378	True
B:HLA-B*27:04:01	0.0002524840521733142	0.00018338529249956203	0.0345338255424461	0.005025358751719858	0.03568136471387482	37.572222702041095	True
B:HLA-B*27:05:02:01	0.00035173019694783	0.00018338529249954725	0.009184233100176742	0.0024086332220494126	0.02219757446721644	14.323420961033666	True
B:HLA-B*27:05:02:05	0.0012177777520795692	0.00018338529249955685	0.008403434009076286	0.002277707856621494	0.025228454601483003	7.267993557475986	True
B:HLA-B*27:05:02:09	0.00018624055950181606	0.00018338529249951538	0.0015964800229426902	0.0005575259104115628	0.013788498143662117	6.753766974237366	True
B:HLA-B*27:05:02:10	6.670703309821909e-06	0.00018338529249954533	0.0020443770880103945	0.00042413883536320153	0.003412545610079426	0.5994439990488051	True
B:HLA-B*27:05:02:21	6.670703309822233e-06	0.00018338529249953183	0.0010449966327172302	0.00023999131352609753	0.0009461166155810432	0.5994439990488051	True
B:HLA-B*27:05:02:35	6.670703309822516e-06	0.00018338529249952012	0.0013482988731613004	0.00027193070416368725	0.004474788242708396	0.5994439990488051	True
B:HLA-B*27:05:02:38	1.3339980341410602e-05	0.00018338529249951947	0.0008499144168789429	0.0003093612781913063	0.005655391878301745	1.1994018806514453	True
B:HLA-B*27:05:03	6.670703309821956e-06	0.00018338529249954338	0.0024111049716700546	0.00040166329026581146	0.0036177882413489784	0.6880876388067214	True
B:HLA-B*27:06:01:01	0.00016633969927472804	0.0001833852924995567	0.02969135076170194	0.003669775392353728	0.042265076162531064	26.547780770892047	True
B:HLA-B*27:07:01	0.00016633969927473208	0.00018338529249955276	0.012417019628830427	0.012186865459428662	0.009089854550238934	12.275808070181025	True
B:HLA-B*27:08	6.670703309822333e-06	0.0001833852924995277	0.0003394077988541534	3.5411273638278374e-05	0.0035950780545158504	0.6880876388067216	True
B:HLA-B*27:09	6.670703309822415e-06	0.0001833852924995243	2.2133527339100477e-05	9.030180250093468e-05	0.0017738971372868338	4.683899434417871	True
B:HLA-B*27:14	6.67070330982177e-06	0.00018338529249955105	0.0012390169217453987	0.0002580339949712188	0.0030771650414673493	0.6880876388067214	True
B:HLA-B*27:25	6.670703309821872e-06	0.0001833852924995468	0.0024986076724515397	0.0003010752242413981	0.002802324447719467	1.3973898468176043	True
B:HLA-B*35:01:01:02	0.00024586612115821185	0.00018338529249955221	0.02790590585132205	0.004362182579192114	0.026734626686661565	37.867389418751536	False
B:HLA-B*35:01:01:05	0.004317418386872055	0.00018338529249953953	0.007811848637495609	0.0024865999584532715	0.0524736952584407	24.182136275333672	False
B:HLA-B*35:01:01:06	0.0010560691782372411	0.00018338529249946228	0.05025562324742652	0.005363266051620663	0.03228064172849417	46.65249122312667	False
B:HLA-B*35:01:01:10	6.670703309822306e-06	0.00018338529249952877	0.0012891359082099073	0.00022004222828662224	0.004511942039802121	0.5994439990488051	False
B:HLA-B*35:01:01:14	6.670703309822502e-06	0.0001833852924995207	0.0005485364316406266	0.00011134838100939824	0.004937159463652324	0.5994439990488052	False
B:HLA-B*35:01:01:16	4.0002825685390666e-05	0.00018338529249952774	0.004953492718800698	0.00044242229244482507	0.0037089451619503363	10.216699895119502	False
B:HLA-B*35:01:01:17	2.667425556987683e-05	0.00018338529249952175	0.0022250786152357956	0.0005069537120127547	0.007903187175239707	2.7562862328559046	False
B:HLA-B*35:01:01:18	0.0002326259802933162	0.00018338529249958935	0.025833954516609907	0.0027920676985816292	0.016639031379752922	8.669578833812714	False
B:HLA-B*35:01:01:19	2.0007831094755343e-05	0.00018338529249956615	0.0012223580110454731	9.944403171287373e-05	0.0002561132613760912	1.9211231202702357	False
B:HLA-B*35:01:01:26	6.670703309822282e-06	0.00018338529249952977	0.00048701675660689985	6.420042826000336e-05	0.0028252856039175885	4.683899434417873	False
B:HLA-B*35:01:01:35	1.3339980341409907e-05	0.00018338529249951462	0.007045490999744635	0.0007637047020550633	0.00339896113664252	1.1824474387871216	False
B:HLA-B*35:01:01:36	2.0007831094752287e-05	0.0001833852924996301	0.008861417112568083	0.000971747172425017	0.006603154260156387	1.7744236703394358	False
B:HLA-B*35:01:01:43	6.670703309822171e-06	0.0001833852924995344	0.00035186942537150705	0.00011488835670938503	0.003688261575157076	0.6880876388067214	False
B:HLA-B*35:01:01:46	6.670703309821995e-06	0.00018338529249954167	0.005216231668735397	0.0005865876978928593	0.0032633530949019193	0.5909730946714781	False
B:HLA-B*35:01:01:51	3.333925376674761e-05	0.00018338529249958894	0.009565007052395684	0.0016509537790971942	0.004684350683109547	7.010959368913069	False
B:HLA-B*35:01:01:53	1.3339980341410486e-05	0.00018338529249955235	0.0015017722182788583	0.0004136748308416944	0.0003441933416546169	0.9423791152708428	False
B:HLA-B*35:01:01:61	5.3325690687962514e-05	0.00018338529249957544	0.008640523621135906	0.0007963351468963656	0.0019383087706980242	4.741855545340194	False
B:HLA-B*35:01:01:67	6.670703309822352e-06	0.0001833852924995269	0.004470410732910969	0.0004606410965588511	0.0019739720259123374	0.5909730946714782	False
B:HLA-B*35:01:01:72	6.670703309822015e-06	0.00018338529249954086	0.0011524760912006262	5.453625437602024e-05	0.00147185104795105	0.5909730946714782	False
B:HLA-B*35:01:01:80	4.000282568539095e-05	0.00018338529249953522	0.0002802516484626997	0.0003070912629063858	0.0043095575431368206	1.2106509319754806	False
B:HLA-B*35:01:01:81	1.3339980341409436e-05	0.00018338529249956167	0.0068204381795029965	0.0007293498902233576	0.004221273193220454	0.39525281868272705	False
B:HLA-B*35:01:01:82	2.000783109475663e-05	0.00018338529249955804	0.002363465295390552	0.0004598271536706499	0.005004132901097794	0.7622318739809016	False
B:HLA-B*35:01:01:84	2.0007831094757318e-05	0.00018338529249955788	0.0018472409193471765	0.00020597697776893824	0.006461973875777597	1.923951378682199	False
B:HLA-B*35:01:01:85	2.667425556987567e-05	0.0001833852924994952	0.0046896130928189474	0.0008870795699633782	0.004446721894595151	1.5987566944121543	False
B:HLA-B*35:01:01:86	6.670703309822079e-06	0.00018338529249953823	0.0017892546483584608	0.00029590794374162016	0.0008377610841546531	1.3973898468176043	False
B:HLA-B*35:02:01:02	0.0014986433148712966	0.0001833852924995447	0.015856780499220593	0.0024751268538660562	0.06027718179576449	45.59782239704182	False
B:HLA-B*35:02:01:06	6.670703309821869e-06	0.00018338529249954696	0.0026672934347252157	0.0001284727222597471	0.003260668986327856	1.6941397457220146	False
B:HLA-B*35:03:01:01	0.0012044349191816638	0.00018338529249950627	0.025472713174291478	0.0024374318519319142	0.014875925634131742	95.10817765590608	False
B:HLA-B*35:03:01:03	0.0009135483255036048	0.00018338529249952435	0.006619426035385872	0.001321450369658594	0.02927895451220909	17.629519655699486	False
B:HLA-B*35:03:01:08	5.998498377189293e-05	0.0001833852924995855	0.010158632377983557	0.0009405115401483331	0.0008782750701651849	11.921920014687634	False
B:HLA-B*35:03:01:09	6.670703309822091e-06	0.00018338529249953769	0.0023252631684092776	0.0003729401759319755	0.004068137206240753	0.6880876388067213	False
B:HLA-B*35:03:01:11	3.3350663992629025e-05	0.00018338529249966985	0.0038450244211637907	0.0001300319640034396	0.00052557031510816	3.051930267389892	False
B:HLA-B*35:03:01:16	6.670703309821796e-06	0.00018338529249954996	0.0019064291114807895	0.00020112601266734635	0.00023156056132957496	1.6941397457220144	False
B:HLA-B*35:03:01:24	6.670703309822172e-06	0.00018338529249953435	2.5084217822031912e-05	0.00010741608520256792	0.002435039462152842	0.599443999048805	False
B:HLA-B*35:03:01:29	6.67070330982215e-06	0.00018338529249953525	0.003662641505115868	3.182019474691373e-05	0.0028312497080372227	1.6941397457220153	False
B:HLA-B*35:03:23	6.6707033098220476e-06	0.00018338529249953958	0.0017740019344545247	0.00021459570517762678	0.001953257413454688	1.6941397457220149	False
B:HLA-B*35:04:01:01	5.9984983771889316e-05	0.00018338529249961204	0.0019987397326111296	0.00028646609673699946	0.005619072456040938	4.616886685486472	False
B:HLA-B*35:05:01:01	0.0004969609783297092	0.00018338529249955652	0.04695811611869944	0.00638896100643737	0.06446093128107054	75.38167282485047	False
B:HLA-B*35:05:01:02	2.6674255569874897e-05	0.00018338529249954655	0.0007694547617714223	0.00050859510332587	0.005528010785969898	2.756286232855904	False
B:HLA-B*35:05:01:03	1.333998034140972e-05	0.0001833852924995872	0.003602986866709814	0.000866621333704441	0.006687809088327146	1.3768305991742118	False
B:HLA-B*35:06	2.000783109475042e-05	0.00018338529249964464	0.0012857053122550955	0.0005508913484731075	0.0042785446646315525	2.0662298177221365	False
B:HLA-B*35:08:01:01	0.000535705826610951	0.00018338529249953194	0.008273834403636196	0.0014888014834747235	0.029028770753404893	19.534594585299022	False
B:HLA-B*35:12:01:01	0.00047684760264552086	0.00018338529249950402	0.00994510424690935	0.0030643261560249924	0.030405918904946434	44.091980486073204	False
B:HLA-B*35:12:03	6.670703309822189e-06	0.0001833852924995337	0.00290985557813608	0.0006605299930499443	0.0034364102578826944	0.6880876388067217	False
B:HLA-B*35:14:01	6.6642850577593e-05	0.00018338529249958198	0.005980281773160696	0.0013134887605069736	0.008968752927396541	6.910478628742453	False
B:HLA-B*35:16	4.0002825685390774e-05	0.00018338529249950123	0.00633408625485736	0.001075870649079082	0.010335043264556414	4.138374415456835	False
B:HLA-B*35:17:01:01	0.0001796083657044012	0.00018338529249951432	0.009189633222678874	0.0023267851800826797	0.0189970617175237	16.36560683572049	False
B:HLA-B*35:20:01	5.998498377189094e-05	0.0001833852924996027	0.0019728663409470785	0.0002917371100537098	0.005549474722351717	4.616886685486472	False
B:HLA-B*35:22:01:02	6.670703309822033e-06	0.0001833852924995401	0.00258113846416024	0.0006534171047883648	0.004738645099832639	0.6880876388067214	False
B:HLA-B*35:24:01	6.670703309822357e-06	0.0001833852924995267	0.0002612617136631178	0.00020143639895753583	0.0030156600947820133	0.6880876388067214	False
B:HLA-B*35:26	1.333998034140916e-05	0.000183385292499576	0.004392445064858257	0.0010402868196969174	0.008034608349045248	1.3768305991742118	False
B:HLA-B*35:28:01:01	1.3339980341409272e-05	0.0001833852924995806	0.0021875333143983483	0.0005629285103782499	0.005777908412930107	1.3768305991742118	False
B:HLA-B*35:30:01:01	1.3339980341409143e-05	0.00018338529249954094	0.007648444346127135	0.001170983630052196	0.011364830388999134	2.797174534846549	False
B:HLA-B*35:332	6.670703309822228e-06	0.00018338529249953202	0.000390670987058023	0.00011767055504226293	0.002753998844422348	0.6880876388067216	False
B:HLA-B*35:41	6.670703309822026e-06	0.00018338529249954042	0.0013576387618647625	0.00021571513977116605	0.0030065607479184023	0.599443999048805	False
B:HLA-B*35:421	1.333998034140964e-05	0.0001833852924995998	0.00557008281639016	0.0006286099094187726	0.005601784452090517	1.1824474387871216	False
B:HLA-B*35:43:01	0.00013314307333157886	0.00018338529249957528	0.007491339907499732	0.001938929408272482	0.01291905331862686	13.88734033749204	False
B:HLA-B*35:49:01	6.67070330982233e-06	0.00018338529249952785	0.00024186639241273317	0.00014450506143687478	0.0010637183324344404	0.6880876388067217	False
B:HLA-B*35:542N	6.670703309822397e-06	0.00018338529249952506	0.00410137023522752	0.00044307247807755983	0.002636965808718634	0.5909730946714782	False
B:HLA-B*35:55	6.670703309821811e-06	0.00018338529249954931	0.0012737943695220414	7.119566446049689e-05	0.0016642604306529114	0.599443999048805	False
B:HLA-B*37:01:01:01	0.0009268911584014788	0.0001833852924995566	0.01222360284363939	0.001695969063456805	0.022224070795804667	17.025724915566283	False
B:HLA-B*37:01:01:20	1.333998034140866e-05	0.00018338529249955032	0.0008897870513440092	7.76052259845208e-05	0.0028320361261724015	0.44380384580865584	False
B:HLA-B*37:01:01:21	4.66649713258071e-05	0.0001833852924994384	0.008787715792995785	0.00088030075846529	0.004693433212908809	2.7872096871450847	False
B:HLA-B*37:01:01:22	6.67070330982245e-06	0.00018338529249952283	0.00048510661726073706	0.00013360368684580862	0.0037538527782323867	0.5994439990488051	False
B:HLA-B*38:01:01:01	0.0024539930029161727	0.00018338529249949844	0.02070357959394743	0.00334606292273462	0.06736727757601427	96.19744676930414	False
B:HLA-B*38:01:01:19	1.33399803414089e-05	0.0001833852924995283	0.0028646934666476088	0.00028937216462131705	0.00417822909512236	1.3768305991742118	False
B:HLA-B*38:02:01:01	0.0007844672925882807	0.00018338529249955511	0.06357644015919237	0.008230138183929777	0.07977795020394886	126.7804319096781	False
B:HLA-B*38:02:02:01	7.995430535428656e-05	0.0001833852924995272	0.018452313389429795	0.0016380680698247138	0.02099112167388015	16.928103796884656	False
B:HLA-B*38:09	6.6707033098225185e-06	0.00018338529249952004	0.002984078512224203	0.0004897020168892266	0.005134338350110525	0.5909730946714782	False
B:HLA-B*38:91	6.670703309822224e-06	0.00018338529249953224	0.0017221645210172324	0.00031793956685743165	0.006566059787486785	0.599443999048805	False
B:HLA-B*39:01:01:03	0.0005492768640265065	0.00018338529249956105	0.029713603664877693	0.004607037965480971	0.011208893202781053	10.958918807972086	False
B:HLA-B*39:01:01:04	6.670703309822235e-06	0.00018338529249953178	0.004272344758910753	0.0007143238739338413	0.0038629577395629636	1.3973898468176043	False
B:HLA-B*39:01:01:05	0.00029876963348827724	0.0001833852924995566	0.003565647660267963	0.0010216296096903087	0.019235393303314207	2.806161203196424	False
B:HLA-B*39:01:01:07	2.000783109475401e-05	0.00018338529249958862	0.005813214272112184	0.0011498177237809345	0.0028868425085844763	1.475580654917064	False
B:HLA-B*39:01:01:12	6.6707033098221534e-06	0.00018338529249953508	0.002535555157069581	0.00021220295293864107	0.0018252392434011295	0.5909730946714781	False
B:HLA-B*39:01:01:28	6.670703309821805e-06	0.00018338529249954953	0.002753732485446018	0.0005655413569343574	0.0007431203452161582	1.3973898468176043	False
B:HLA-B*39:01:03:01	6.67070330982237e-06	0.00018338529249952614	0.0010809361063622094	0.00023553724771135172	0.0018524609788131466	1.3973898468176043	False
B:HLA-B*39:02:02:01	7.998568347547309e-05	0.0001833852924995438	0.004980961412422823	0.0013700874042060914	0.0126801348859211	5.754147942735715	False
B:HLA-B*39:02:02:03	1.3339980341410608e-05	0.00018338529249949933	0.002233305410504474	4.484141781280446e-06	0.0015657157998165633	1.3768305991742118	False
B:HLA-B*39:02:02:04	6.670703309822208e-06	0.00018338529249953292	0.0013520121935615887	6.020157077375647e-05	0.0038432764311642767	0.5909730946714782	False
B:HLA-B*39:04	1.3339980341410271e-05	0.00018338529249947253	0.006806873009083782	0.0005249596247819982	0.0032989602549591346	2.7971745348465493	False
B:HLA-B*39:05:01:01	0.00045073530070058646	0.0001833852924995608	0.01425815603375028	0.0034333802648923418	0.02591211605684403	34.39212317071599	False
B:HLA-B*39:05:01:02	3.333925376674756e-05	0.00018338529249959466	0.004861873078096898	0.0008994630812684678	0.004705854522670223	1.0786079284533139	False
B:HLA-B*39:05:03	6.6707033098220255e-06	0.00018338529249954048	0.001174179665873481	0.00035715144055143826	0.004679559633546425	0.6880876388067214	False
B:HLA-B*39:06:01:01	2.6674255569879003e-05	0.00018338529249952733	0.0038592636224290032	0.0005341292408909303	0.005277391126161387	2.756286232855904	False
B:HLA-B*39:06:02:01	0.00021275507190920308	0.0001833852924995628	0.002495673025481104	0.0007571723473052861	0.010921227504128134	4.762308777722382	False
B:HLA-B*39:06:02:02	0.0005228136976355234	0.00018338529249956728	0.018335671088038567	0.004262463035126599	0.02692212469210288	47.438740551969445	False
B:HLA-B*39:06:02:03	1.3339980341410271e-05	0.00018338529249951419	0.00019281582747186982	0.0001027294251750357	0.0001964930075123701	0.9909586150694828	False
B:HLA-B*39:08	7.329929110504682e-05	0.00018338529249961732	0.00316368022199553	0.0010697057440327692	0.010912175666012878	7.605161846227712	False
B:HLA-B*39:09:01:01	4.000282568539091e-05	0.00018338529249951833	0.011042510171861673	0.0018286636238744219	0.008048017999907663	2.5313750664371084	False
B:HLA-B*39:09:01:03	6.670703309822378e-06	0.00018338529249952581	0.003913054911771979	2.6378856894858414e-06	0.00010359591114803673	1.3973898468176043	False
B:HLA-B*39:10:01	0.00011985443900666802	0.0001833852924996015	0.008674429758775639	0.0009763520420750439	0.00034756794302625763	20.902302074587276	False
B:HLA-B*39:11	2.0007831094753236e-05	0.0001833852924996112	0.001812389483653731	0.0005726799690254498	0.0048342121221419355	2.0662298177221365	False
B:HLA-B*39:13:01	6.6707033098222525e-06	0.00018338529249953102	0.0021881451013698134	2.2462455642904903e-05	0.000467349019217898	0.6880876388067215	False
B:HLA-B*39:14:01:03	6.670703309821882e-06	0.0001833852924995464	0.0022229578755748433	0.0004779908620190045	0.0035208211226597412	0.6880876388067216	False
B:HLA-B*39:15	6.670703309821811e-06	0.00018338529249954931	0.001693371584394683	0.00027587855901266815	0.0005310018518743947	1.3973898468176043	False
B:HLA-B*39:24:01:01	4.0002825685390964e-05	0.00018338529249954205	0.0017202868476988396	3.0017131983615888e-05	0.003656942716114433	4.387681762587302	False
B:HLA-B*39:31:01:02	6.6707033098219535e-06	0.00018338529249954346	0.0009295879772408937	4.792404382918674e-05	0.002196651747602973	0.599443999048805	False
B:HLA-B*40:01:02:01	0.0007056768302746129	0.0001833852924995094	0.005575872261482268	0.0012752625230439726	0.01985790608209504	9.224059462643234	False
B:HLA-B*40:01:02:02	6.670703309822085e-06	0.00018338529249953793	0.0035292707565186955	0.00046299963752734327	0.0017393597039754628	0.6880876388067214	False
B:HLA-B*40:01:02:04	0.002461182871503878	0.00018338529249952682	0.05521400140866949	0.009050904888459669	0.028626850337020195	71.15173921912728	False
B:HLA-B*40:01:02:06	6.670703309822244e-06	0.00018338529249953137	0.0024453530924420626	0.0004704279857581141	0.0025684044332809144	1.3973898468176043	False
B:HLA-B*40:01:02:10	2.0007831094756424e-05	0.00018338529249955392	0.0033021695060570255	0.0005860523703233453	0.004218757054470528	0.5937616151521613	False
B:HLA-B*40:01:02:11	5.332569068796177e-05	0.0001833852924995877	0.009718476899231582	0.001435374834938207	0.012198854361528897	5.816149128677416	False
B:HLA-B*40:01:02:14	2.667425556987972e-05	0.00018338529249953866	0.009387958806330077	0.0010551442510940369	0.004448926981193391	2.366902428404103	False
B:HLA-B*40:01:02:33	6.670703309822033e-06	0.0001833852924995401	0.007809175050501675	0.001195187747106561	0.009490495433275152	1.3973898468176043	False
B:HLA-B*40:01:02:34	8.664212400293994e-05	0.00018338529249955764	0.01587325251617398	0.0024897867547723673	0.013959772608000947	13.09964926180939	False
B:HLA-B*40:01:02:40	2.667425556987441e-05	0.00018338529249951522	0.014104868295156179	0.0018936034101873407	0.015282093965144718	5.603953102430771	False
B:HLA-B*40:01:02:61	6.670703309821873e-06	0.0001833852924995468	0.0007781843375154888	0.0002767493395964191	0.0032840409466235324	0.599443999048805	False
B:HLA-B*40:02:01:01	0.0013266213231039672	0.00018338529249959298	0.03466948516166795	0.006387044539553177	0.010762975269668908	44.761030061898225	False
B:HLA-B*40:02:01:02	1.3339980341410351e-05	0.0001833852924995545	0.006269947170918486	0.003379852073524893	0.005341218247535387	2.797174534846549	False
B:HLA-B*40:02:01:07	6.670703309821806e-06	0.00018338529249954953	0.001911287399925651	0.00022960060374378825	0.0013465116088445693	0.6880876388067216	False
B:HLA-B*40:02:01:08	0.0003847057497643534	0.00018338529249957458	0.00248138374606963	0.0008620352098175652	0.017206988783167863	3.3332941432666763	False
B:HLA-B*40:02:01:10	6.670703309822209e-06	0.0001833852924995329	6.274483209230467e-06	0.00021560250133488947	0.002259141830436125	0.6880876388067214	False
B:HLA-B*40:02:01:18	9.991079043253688e-05	0.00018338529249954433	0.013537871572139775	0.00211838068724921	0.005600150278967931	2.7719094761883176	False
B:HLA-B*40:02:01:20	6.670703309822243e-06	0.00018338529249953137	0.006245746891146806	0.0009573561327370662	0.006257024191114572	1.3973898468176043	False
B:HLA-B*40:02:01:23	6.670703309822432e-06	0.00018338529249952356	0.006128149937819716	0.000929676284430605	0.005240175908889695	1.3973898468176043	False
B:HLA-B*40:02:01:24	1.3339980341410214e-05	0.0001833852924995955	0.0034296471046032784	0.0008402038281828687	0.006350107853664824	1.3768305991742118	False
B:HLA-B*40:02:01:25	6.670703309822492e-06	0.0001833852924995211	0.00554279773947362	0.0009180395364127575	0.008117942096141544	1.3973898468176043	False
B:HLA-B*40:02:01:43	6.670703309821839e-06	0.00018338529249954818	0.007838398465312712	0.0013071493322371803	0.01031852065160157	1.3973898468176043	False
B:HLA-B*40:03:01:02	5.332569068796192e-05	0.0001833852924995758	0.010358979286518865	0.0019505430535579917	0.0028867544967336738	2.977747796783891	False
B:HLA-B*40:03:01:03	6.6707033098220425e-06	0.00018338529249953977	0.003088282526764534	0.0005151977914124128	0.0007221761876361286	1.3973898468176043	False
B:HLA-B*40:04:01:01	0.00011320798242689338	0.0001833852924995108	0.00563933956429214	0.0015018593965534664	0.007518803254304791	10.087903978306684	False
B:HLA-B*40:05:01:01	0.00011985443900666476	0.00018338529249961068	0.0074687796051751045	0.0018299638789748337	0.011708784776389267	9.26566494225913	False
B:HLA-B*40:06:01:04	2.6682813239287685e-05	0.00018338529249954476	0.0015744024201802525	0.0002681951242259675	0.0015074913786403486	1.6941397457220146	False
B:HLA-B*40:06:01:12	0.0002193801343155067	0.0001833852924995384	0.03030518827127624	0.004456100354754394	0.02465979184023377	40.98802940676568	False
B:HLA-B*40:06:01:13	0.0010267634393217849	0.00018338529249952993	0.03086838921041764	0.0008523271453059805	0.00529071831114561	183.56290244865696	False
B:HLA-B*40:06:01:15	6.670703309821786e-06	0.0001833852924995504	0.00222880148163762	0.00036511887439646474	0.0027778322301992876	1.6941397457220146	False
B:HLA-B*40:06:01:18	6.67070330982197e-06	0.00018338529249954278	0.003319433590628412	0.000265773292321368	0.0008460203877941259	1.694139745722015	False
B:HLA-B*40:06:04:01	7.329929110505437e-05	0.00018338529249959783	0.009231952016688364	0.0005109861212511084	0.0012487395638831943	15.59442871673183	False
B:HLA-B*40:06:17	6.67070330982183e-06	0.00018338529249954856	0.0015357621236543545	9.376322028118026e-05	0.0003289662871205108	1.6941397457220144	False
B:HLA-B*40:08:01:01	7.329929110505188e-05	0.0001833852924996161	0.007009762460388498	0.0016972563354048175	0.010415788644766498	7.605161846227712	False
B:HLA-B*40:10:01:02	4.666497132580001e-05	0.00018338529249953676	0.016230149827418473	0.0017453444155088465	0.02034876999582488	6.954412172993474	False
B:HLA-B*40:11:01:01	2.0007831094752917e-05	0.0001833852924996324	0.0016149900380156023	0.0005727637771595622	0.0018056569931800186	2.0662298177221365	False
B:HLA-B*40:12:01	3.3339253766748006e-05	0.00018338529249956195	0.005666815729646552	0.0004952455578007487	0.007650520053081059	2.5095669906462175	False
B:HLA-B*40:16:01:01	2.0007831094749597e-05	0.0001833852924996477	0.009820399255084	0.0011438612162810594	0.0069120648877484744	1.7744236703394358	False
B:HLA-B*40:16:01:02	2.000783109475319e-05	0.00018338529249960726	0.008203140353248086	0.0009042748962271707	0.004107834247758354	0.7509329605986619	False
B:HLA-B*40:229	2.0007831094756156e-05	0.00018338529249955284	0.0103802666545191	0.0015976846663043817	0.011561369250749118	4.199360225770915	False
B:HLA-B*40:23	2.6674255569874104e-05	0.00018338529249951513	0.005017372901245848	0.0007428252890838447	0.0034538461760458975	6.797261301573056	False
B:HLA-B*40:27:01	2.0007831094756054e-05	0.00018338529249958805	0.00023782666630641755	0.0003203518790661287	0.0017129366950260354	0.8480849701594958	False
B:HLA-B*41:01:01:01	0.0009458963158964897	0.00018338529249953316	0.00759027804601353	0.0006227572158469762	0.02456370808187647	42.608850124322096	False
B:HLA-B*41:01:01:03	6.670703309822351e-06	0.00018338529249952693	0.00015448966394626193	1.9146493125520167e-05	0.001651062110507025	0.599443999048805	False
B:HLA-B*41:02:01:01	0.0005815620981768934	0.00018338529249952172	0.007209039171258856	0.0003583065244169755	0.014332545939601142	12.022381089254258	False
B:HLA-B*41:02:01:05	6.67070330982204e-06	0.00018338529249953983	0.001602497691321141	0.0001705684267100096	0.002219957994920727	4.683899434417873	False
B:HLA-B*41:03:01	2.6674255569875368e-05	0.00018338529249949825	0.009003994326214449	0.0009099428555106898	0.005393354329957239	2.366902428404103	False
B:HLA-B*42:01:01:01	0.0018089515392888968	0.00018338529249952823	0.0876803080767107	0.009992044293522922	0.06330838422278766	98.48188778590884	False
B:HLA-B*42:02:01:02	0.00027232928754917845	0.0001833852924995144	0.024977550346412	0.0026773329244608336	0.015574415781028274	6.817145182015181	False
B:HLA-B*44:02:01:01	0.0031879743247843853	0.00018338529249953194	0.007113097244576549	0.0027702929743552746	0.05958797749072408	46.87733462074396	False
B:HLA-B*44:02:01:03	0.0003715198074725115	0.0001833852924995164	0.0048789780967773	0.0010986540625939492	0.021755919179577476	10.417517334050103	False
B:HLA-B*44:02:01:11	6.670703309822003e-06	0.0001833852924995414	0.0019973705866603896	0.00046250004418866127	0.003167277927418005	0.6880876388067214	False
B:HLA-B*44:02:01:17	6.670703309821847e-06	0.00018338529249954788	0.0004896799177909305	7.856449655633902e-05	0.004567624058137417	0.6880876388067214	False
B:HLA-B*44:02:01:24	6.670703309822201e-06	0.00018338529249953313	0.0024686968047575564	0.00018520727140385537	0.004131005911447275	0.5994439990488052	False
B:HLA-B*44:02:01:55	3.333925376674793e-05	0.00018338529249958238	0.00023309906524998793	0.00030788648832586125	0.006963843974360589	0.9172547767561038	False
B:HLA-B*44:02:01:75	9.326005501801503e-05	0.00018338529249955213	0.0003248508521809161	0.0002883339606359819	0.011810808767379	1.5247183170779883	False
B:HLA-B*44:02:01:77	3.3339253766747796e-05	0.00018338529249958696	0.0020637111917296614	0.0004040155195333217	0.007733720091556927	3.567321935625155	False
B:HLA-B*44:02:01:79	1.3339980341410446e-05	0.00018338529249957805	0.00012718639415350798	6.143454680934419e-05	0.005819164754840558	1.1994018806514453	False
B:HLA-B*44:02:01:81	3.333925376674769e-05	0.00018338529249955707	0.004646658945303647	0.0004067245105853251	0.003463831414993517	0.5155095806077216	False
B:HLA-B*44:03:01:01	0.001592386878211022	0.00018338529249956463	0.016190892775460618	0.0005544642127349538	0.02515789398129448	30.082453251968946	False
B:HLA-B*44:03:01:02	0.00019950066826195556	0.00018338529249958997	0.009512707815537745	0.000571676499584817	0.005494066716829726	7.51868365755777	False
B:HLA-B*44:03:01:03	2.6674255569880203e-05	0.0001833852924994608	0.006446720654758358	0.0006467245009385327	0.005632714030994897	1.1803687771429219	False
B:HLA-B*44:03:01:09	6.670703309822244e-06	0.00018338529249953134	0.002503915135687076	0.00022222642416151717	0.0005138532466458145	0.6880876388067217	False
B:HLA-B*44:03:01:10	0.00016633969927473569	0.0001833852924995484	0.02164504935742227	0.0032061406982013914	0.02253545424089452	29.417813692949707	False
B:HLA-B*44:03:01:16	8.660789332527499e-05	0.0001833852924995326	0.0056728628472677185	0.0003333192028440714	0.0050002449635689296	1.6433794637506125	False
B:HLA-B*44:03:01:19	0.00205742061822808	0.00018338529249953966	0.03353432104777503	0.0034164077588616747	0.005495070728456291	13.416852705879725	False
B:HLA-B*44:03:01:23	2.000783109475262e-05	0.00018338529249960374	0.0009859483014378653	3.656687931407938e-05	0.001953912710745471	2.0662298177221365	False
B:HLA-B*44:03:01:27	6.670703309822256e-06	0.0001833852924995309	0.0023187712359109608	0.00016566740350304644	0.0026643274933955633	0.5994439990488051	False
B:HLA-B*44:03:01:31	6.670703309822407e-06	0.0001833852924995246	0.003659491542717104	0.00038181503604671284	0.0009655311001451228	0.5909730946714781	False
B:HLA-B*44:03:01:34	1.333998034140849e-05	0.00018338529249952581	0.003316483170764458	0.00029778546063751214	0.0013576246726068409	0.39525281868272716	False
B:HLA-B*44:03:01:35	6.670703309822085e-06	0.00018338529249953793	0.00020780013084006785	0.0001548663243483487	0.001682179159500241	0.6880876388067214	False
B:HLA-B*44:03:01:45	6.670703309822056e-06	0.00018338529249953915	0.004142328334314445	0.00038993731504758766	0.0030680324177871704	0.5909730946714782	False
B:HLA-B*44:03:01:57	1.3339980341408725e-05	0.00018338529249952167	0.007330380279733767	0.0008134732452180944	0.005023185582833957	1.1824474387871218	False
B:HLA-B*44:03:01:61	6.670703309822258e-06	0.00018338529249953075	0.00014665359458350082	2.397112374089175e-05	0.0034175022412989433	0.6880876388067214	False
B:HLA-B*44:03:01:64	2.667425556987219e-05	0.00018338529249949069	4.683819021165571e-05	0.0002584950512609133	0.0001359672271549425	0.2189740812845208	False
B:HLA-B*44:03:01:67	1.3339980341410132e-05	0.0001833852924995585	0.0004854390233950605	0.00012568089987048304	0.0037465153557584415	1.3768305991742118	False
B:HLA-B*44:03:02:01	6.670703309822001e-06	0.0001833852924995415	0.005438548140328202	0.0005986512697425971	0.003086776051138771	0.5909730946714781	False
B:HLA-B*44:03:02:04	0.0014286857936729766	0.0001833852924995475	0.02184129084561806	0.002094329116972331	0.005645912046327975	178.74090027930868	False
B:HLA-B*44:03:02:05	6.670703309821794e-06	0.00018338529249955007	0.0016949727753369551	0.00019805825342098123	0.0006335407545269735	1.6941397457220144	False
B:HLA-B*44:04	1.3339980341409582e-05	0.0001833852924995406	0.003061266868231055	0.00023673985018554615	0.0009612046859062685	0.43956863663656215	False
B:HLA-B*44:05:01:01	0.00013978525107670255	0.00018338529249955717	0.004461961573579323	0.0010601703359098499	0.013192889217873007	2.7677126863853228	False
B:HLA-B*44:06	6.6707033098224296e-06	0.00018338529249952373	0.00012388420041911327	6.896279209134432e-05	0.0006967685700302919	0.5994439990488051	False
B:HLA-B*44:10	7.329929110504933e-05	0.00018338529249961632	0.013976668374425022	0.0014639419678844831	0.011306021940116737	6.528378388092882	False
B:HLA-B*44:27:01:01	0.00010656009956881329	0.00018338529249957577	0.005214577521299732	0.0008226211993537744	0.01262140753375965	6.988489435851132	False
B:HLA-B*45:01:01:01	0.0004043028127272578	0.0001833852924995252	0.002628728804129251	0.0004770593505990023	0.010709340676133716	6.150995305528868	False
B:HLA-B*45:01:01:03	0.0013707346826654467	0.000183385292499614	0.054925436689044475	0.005679223734198306	0.028984486457571366	60.68818030498834	False
B:HLA-B*45:01:01:06	6.670703309822075e-06	0.0001833852924995384	0.001607964119668258	5.58650609986297e-05	0.001327333618404168	0.5909730946714781	False
B:HLA-B*45:01:01:14	0.00011985443900665837	0.00018338529249963554	0.006322820401836814	0.0006940939432796701	0.0007821469160430477	6.546563315819633	False
B:HLA-B*45:07	6.670703309822e-06	0.00018338529249954154	0.004634963651347249	0.0005179716141115653	0.00385147959464603	0.5909730946714781	False
B:HLA-B*46:01:01:01	0.001245978125361817	0.00018338529249955845	0.08413842019214364	0.012686690248101495	0.10269859333734202	228.05148039556832	False
B:HLA-B*46:01:01:02	6.670703309821907e-06	0.0001833852924995454	0.007952583297122121	0.0008826743474975785	0.010246223623038581	1.3973898468176043	False
B:HLA-B*47:01:01:03	8.660789332527502e-05	0.00018338529249953338	0.003249308573888472	9.270329142551317e-05	0.0076421519330128794	2.161464707040369	False
B:HLA-B*47:01:01:06	3.3339253766747715e-05	0.00018338529249957845	0.005890395408467346	0.0005060521103442174	0.0022268863503600365	0.45024402840013245	False
B:HLA-B*47:03	1.3339980341409951e-05	0.000183385292499492	0.0032392716479077046	0.0003111674748260179	0.0010239211506872575	2.4350205413387176	False
B:HLA-B*48:01:01:01	0.00066001025371404	0.0001833852924995502	0.03137334360751803	0.0055835623961008355	0.008955916255699177	20.064563599862236	False
B:HLA-B*48:01:01:02	1.3339980341409504e-05	0.00018338529249958073	0.008937981153964217	0.0012208237984863203	0.010795203844623303	2.797174534846549	False
B:HLA-B*48:01:01:10	6.6707033098221e-06	0.0001833852924995373	0.005667512813765772	0.0011035486320334483	0.0020672349544015867	0.6880876388067217	False
B:HLA-B*48:01:01:13	0.00010656009956881223	0.00018338529249958414	0.024085297927270426	0.0034358264916117243	0.027332010402580945	19.537823987335734	False
B:HLA-B*48:02:01	4.666497132580008e-05	0.00018338529249949264	0.003808743945727784	0.000921913338824111	0.004441754121931785	3.40261488538808	False
B:HLA-B*48:03:01:03	1.3339980341410107e-05	0.00018338529249960144	0.008666232197913546	0.0010596459961023058	0.00633782145954899	2.797174534846549	False
B:HLA-B*48:04:01:01	1.333998034140991e-05	0.00018338529249953682	0.005985458964621228	0.0007643128246063762	0.002535799311182646	3.391722864910944	False
B:HLA-B*48:04:01:02	6.670703309821791e-06	0.0001833852924995502	0.004227377927949601	0.0006310256412196966	0.0019482553433108245	1.6941397457220146	False
B:HLA-B*49:01:01:01	0.0018450435100506736	0.0001833852924995959	0.029527152187889337	0.0024710011847358638	0.006641961378393836	19.885932919136376	False
B:HLA-B*49:01:01:02	4.000282568539091e-05	0.00018338529249954755	0.0020704666564201296	7.764814612609442e-05	0.00183408907570453	1.4347580679369085	False
B:HLA-B*49:01:01:04	0.0002990149533449045	0.00018338529249957674	0.0040466711298851364	0.00047190239229765124	0.012158714768961465	23.31454554920014	False
B:HLA-B*49:01:01:19	2.0007831094751836e-05	0.00018338529249961163	0.001942310230101156	6.957857102020163e-06	0.0011535221524539099	2.0662298177221365	False
B:HLA-B*50:01:01:01	0.0014719576490755586	0.00018338529249950367	0.0036033840215920153	0.0006758339372749883	0.024004529328953306	28.99889527940228	False
B:HLA-B*50:01:01:02	0.00010656009956881284	0.00018338529249955392	0.007066854911349557	0.0006305909295525514	0.0005774842840967279	1.1095328116163043	False
B:HLA-B*50:02:01:01	9.329713825216568e-05	0.00018338529249956414	0.0011114336156674755	0.0003647100377084535	0.008761997154117549	2.734549093449101	False
B:HLA-B*50:04:01	6.67070330982239e-06	0.00018338529249952533	0.0007733989338053848	0.00019851991548515706	0.0033968759595165163	1.6941397457220144	False
B:HLA-B*51:01:01:01	0.0010367288453568071	0.00018338529249953606	0.039000263167643504	0.005617863347318615	0.015656569402642644	24.833651933036762	True
B:HLA-B*51:01:01:03	0.00019287132702104886	0.0001833852924994847	0.003578189042084354	0.0008953276433845468	0.013331346045758306	5.941080017087895	True
B:HLA-B*51:01:01:04	0.0007457053289682379	0.00018338529249951858	0.013680595211513867	0.0020393815682861246	0.027769477440053057	10.36721810152305	True
B:HLA-B*51:01:01:05	0.00023924676386489414	0.00018338529249953934	0.013583647380428462	0.0017218796485355553	0.00809550561630021	11.906346104685756	True
B:HLA-B*51:01:01:06	0.0007837997943736787	0.00018338529249958287	0.015314232449820516	0.0026123036172926947	0.020392966871610373	8.371597559094662	True
B:HLA-B*51:01:01:07	0.00013978525107670415	0.00018338529249955422	0.0050737833921209495	0.0005978509352119307	0.00847141627588501	2.1778044323702184	True
B:HLA-B*51:01:01:08	6.670703309822036e-06	0.00018338529249954004	0.0013850124877379743	0.00025609110622765803	0.003547742693343377	0.6880876388067214	True
B:HLA-B*51:01:01:09	3.333925376674794e-05	0.000183385292499594	0.0005186920930467515	5.784124134321303e-05	0.004389415122399882	1.0726164099310571	True
B:HLA-B*51:01:01:10	0.0007581068182303216	0.000183385292499518	0.012958029222977304	0.0015853218968923375	0.0012466969510669047	14.719979897514706	True
B:HLA-B*51:01:01:11	0.00019287132702105052	0.0001833852924994869	0.0020202798622016324	0.0007425395456064178	0.014755868314402032	3.2275228930026043	True
B:HLA-B*51:01:01:113	2.667425556987225e-05	0.00018338529249952416	0.0009197762249276928	0.00020780568273679183	0.005302247827298017	0.670825432265978	True
B:HLA-B*51:01:01:114	2.0007831094756678e-05	0.0001833852924995487	0.003964682089762499	0.000628135513162581	0.0005318570726272044	0.5937616151521612	True
B:HLA-B*51:01:01:116	2.0007831094751755e-05	0.00018338529249961876	0.0024101481796301324	0.0004940629733342655	0.005185799600877682	0.7298497260073943	True
B:HLA-B*51:01:01:12	6.664285057759356e-05	0.00018338529249956802	0.003597979862905083	0.0004071985390826012	0.005571192883115539	4.673407010721664	True
B:HLA-B*51:01:01:14	6.670703309822331e-06	0.00018338529249952774	0.001749211987818758	0.00024261342103833197	0.001997171850552593	0.599443999048805	True
B:HLA-B*51:01:01:21	6.670703309822133e-06	0.00018338529249953598	0.001220176200927632	0.0002466280604336134	0.003304937601029114	0.5909730946714781	True
B:HLA-B*51:01:01:26	6.670703309822516e-06	0.00018338529249952012	0.0013482988731613004	0.00027193070416368725	0.004474788242708396	0.5994439990488051	True
B:HLA-B*51:01:01:36	2.6674255569876682e-05	0.00018338529249948903	0.005465198552962221	0.0009394674849483529	0.000661327998036692	2.997518904886354	True
B:HLA-B*51:01:01:38	6.6707033098218316e-06	0.00018338529249954842	0.0019525712511652975	0.0002682688135643165	0.003434600737613833	0.6880876388067216	True
B:HLA-B*51:01:01:41	6.670703309821913e-06	0.0001833852924995451	0.0019507248426738986	0.00037964525902384145	0.0018770082836839447	4.683899434417869	True
B:HLA-B*51:01:01:50	6.670703309822133e-06	0.00018338529249953598	0.0014344003546434773	8.108275315335883e-05	0.0009677881278742205	0.6880876388067214	True
B:HLA-B*51:01:01:59	3.333925376674775e-05	0.00018338529249957287	0.010272178816746445	0.0010811547395856748	0.005518730957809818	2.959884353142287	True
B:HLA-B*51:01:01:79	6.670703309822137e-06	0.0001833852924995358	0.0007664653952888984	3.3525804307502234e-05	0.0045069930269227435	0.6880876388067213	True
B:HLA-B*51:01:01:91	6.67070330982196e-06	0.00018338529249954313	0.0017308559691961247	0.0003305470373048331	0.002159379914825596	1.6941397457220153	True
B:HLA-B*51:01:02:01	0.00011320798242688429	0.00018338529249952115	0.02249808048783017	0.002744138667584389	0.02874635779719023	20.95401541460154	True
B:HLA-B*51:01:05	1.3339980341408986e-05	0.00018338529249951551	0.0066370430888285	0.0007880188513868201	0.004462282994638682	3.3917228649109434	True
B:HLA-B*51:01:09	6.670703309822467e-06	0.00018338529249952216	0.004275781569361712	0.0004959386108671139	0.0022584036670148487	0.6880876388067216	True
B:HLA-B*51:01:64	6.6707033098218765e-06	0.0001833852924995466	0.001526256879580364	0.0003482906540150372	0.0034077977487783967	0.5994439990488051	True
B:HLA-B*51:02:01:01	0.00019295119860226852	0.00018338529249953687	0.01231935909492702	0.0027099320793501805	0.013556517909796915	14.514211064246496	True
B:HLA-B*51:02:01:02	0.00011985443900666336	0.0001833852924996152	0.025033031766494	0.003227542038503416	0.027183454390545224	25.524521407031546	True
B:HLA-B*51:02:02	2.6674255569873138e-05	0.00018338529249953202	0.012074960170648422	0.0019635164222425215	0.020693074603142084	2.995395043462252	True
B:HLA-B*51:05:01:03	2.667425556987343e-05	0.0001833852924995194	0.002123349445208739	0.0003016062073031026	0.0026746489833073973	1.216144925512019	True
B:HLA-B*51:06:01:01	0.00017297474562866583	0.00018338529249957596	0.01941964023874732	0.0013278346576026633	0.009597663814718391	26.571558273051522	True
B:HLA-B*51:07:01	6.66428505775932e-05	0.00018338529249953473	0.002208229146853689	0.00019190381513524071	0.0015285833918139552	0.9781920311459581	True
B:HLA-B*51:08:01:01	0.00015312808397458143	0.00018338529249954547	0.001510551388866878	0.00042632412040243467	0.012102127483235563	15.639292334831248	True
B:HLA-B*51:09:01	4.0002825685390795e-05	0.00018338529249949313	0.0058309950400817195	0.0005609229544715755	0.001475072363261517	1.4437741658652934	True
B:HLA-B*51:127	6.67070330982184e-06	0.00018338529249954818	0.0009511638245206378	9.479602412764145e-05	0.001579026228580182	0.6880876388067215	True
B:HLA-B*51:14	6.670703309821795e-06	0.00018338529249955002	0.0014478633856109873	0.0003158346416008203	0.00406959200021686	0.6880876388067212	True
B:HLA-B*51:361N	6.670703309822364e-06	0.00018338529249952638	0.0008103284452801253	0.00017549550504163673	0.0033260470203722702	1.3973898468176043	True
B:HLA-B*52:01:01:01	0.0005359340311286826	0.00018338529249954384	0.029476536518333925	0.0006972201895055707	0.00368487698189036	73.49179010551909	False
B:HLA-B*52:01:01:02	0.0015860613342343587	0.00018338529249955327	0.03867150199229812	0.0029502391421844165	0.010603688928506425	26.645777691140854	False
B:HLA-B*52:01:01:03	6.670703309821774e-06	0.00018338529249955089	0.0011310623946841286	0.00015491306110315524	0.0032607653647709913	4.68389943441787	False
B:HLA-B*52:01:01:18	1.333998034141011e-05	0.00018338529249950318	0.002309964653102766	0.00014060802570177095	0.003842347122666164	0.9423791152708428	False
B:HLA-B*52:01:01:26	6.670703309822479e-06	0.00018338529249952159	0.0003654799344923515	2.4595138909118702e-05	0.004043134176604547	1.6941397457220146	False
B:HLA-B*52:01:02:01	0.0001597032266425916	0.00018338529249955213	0.009874499044913136	0.0022054498543361088	0.015323965543352223	16.696886958224308	False
B:HLA-B*52:01:02:02	0.0004174687871238813	0.00018338529249954143	0.036073584722699684	0.0038313472294832715	0.020342100128861937	26.62395840825509	False
B:HLA-B*52:01:02:03	1.3339980341410283e-05	0.00018338529249953872	0.0019651030924222293	0.00018403754602066167	0.003809489088102174	0.4438038458086559	False
B:HLA-B*52:01:02:05	2.000783109475057e-05	0.0001833852924996391	0.0012216225962959513	0.0001596761651508368	0.00046305588153261457	2.0662298177221365	False
B:HLA-B*52:04	3.3339253766747606e-05	0.00018338529249953847	0.007209739943241207	0.00018836111043420378	0.00013629057572478188	8.505237765220105	False
B:HLA-B*53:01:01:01	0.0039772809794276585	0.0001833852924995442	0.10171077558470909	0.011625290320234327	0.061513570391609075	184.25202532594028	False
B:HLA-B*53:01:05	6.670703309822334e-06	0.00018338529249952766	0.003183033339236507	0.00038018257815589925	0.0009134157025586878	0.5909730946714782	False
B:HLA-B*53:05:01	6.670703309822255e-06	0.0001833852924995309	0.0018817777276181613	0.00019924896138655504	0.001708103108630408	4.683899434417872	False
B:HLA-B*53:37	6.670703309822457e-06	0.0001833852924995226	0.004649165418610972	0.00046348991625347894	0.0030904630456784704	0.5909730946714781	False
B:HLA-B*54:01:01:01	0.00039771768611152286	0.00018338529249959168	0.04877223306864245	0.0074781268683074215	0.056158828070892945	78.14274930720654	False
B:HLA-B*54:01:01:05	6.670703309822055e-06	0.00018338529249953915	0.006147569315533379	0.0010625397243459072	0.004217735935739861	1.3973898468176043	False
B:HLA-B*55:01:01:01	0.0011856864917693755	0.0001833852924995133	0.01694076125844446	0.0018813276606947222	0.024578331226800778	10.877029055818072	False
B:HLA-B*55:01:01:08	6.6707033098225244e-06	0.0001833852924995198	0.0014057947542174133	0.00028124512276727487	0.003126199004824449	1.6941397457220144	False
B:HLA-B*55:01:01:11	6.6707033098224965e-06	0.00018338529249952085	0.003404122410823233	0.00012153588391445058	7.154135852299707e-05	1.6941397457220146	False
B:HLA-B*55:01:01:18	6.67070330982179e-06	0.0001833852924995502	0.0022681209481394495	0.00029600651745350715	0.00322250202847302	0.599443999048805	False
B:HLA-B*55:01:01:19	6.670703309822257e-06	0.00018338529249953075	0.0002941902206767268	0.00013758923211575142	0.0006503140152194203	0.6880876388067215	False
B:HLA-B*55:01:03	2.66742555698744e-05	0.00018338529249952449	0.001825680278101173	0.0003643568691495742	0.002952036156491432	1.1973268152650935	False
B:HLA-B*55:01:06	6.670703309822382e-06	0.0001833852924995256	0.0010382471157167348	0.00023159906310493036	0.0033119371915378993	0.5994439990488051	False
B:HLA-B*55:02:01:04	0.00020612858322470015	0.00018338529249956897	0.03228922619639983	0.004775399634680999	0.033856011744445726	44.46106465164483	False
B:HLA-B*55:97N	6.670703309821811e-06	0.00018338529249954931	0.0006061313071086462	1.3517688934141914e-05	0.0010738514400625348	0.6880876388067215	False
B:HLA-B*56:01:01:01	6.670703309822147e-06	0.00018338529249953536	0.005591282581857569	0.0007870020277467777	0.006610852433254417	1.3973898468176043	False
B:HLA-B*56:01:01:02	2.6674255569872298e-05	0.00018338529249948478	0.0011986976814376226	0.0003604942966729125	0.006472835081240621	0.4194056031456891	False
B:HLA-B*56:01:01:03	6.6707033098223e-06	0.00018338529249952904	0.0016004567562832215	0.00032743328288441947	0.004199298092829529	0.599443999048805	False
B:HLA-B*56:01:01:04	0.0005029085585738788	0.00018338529249956048	0.01015575609849357	0.0007281787273739428	9.501897879361379e-05	2.4927624864103644	False
B:HLA-B*56:01:01:06	6.670703309822524e-06	0.0001833852924995198	0.0056254061493058215	0.0006281967376357723	0.004497725904056571	0.5994439990488052	False
B:HLA-B*56:01:01:11	6.6707033098223584e-06	0.00018338529249952663	0.005818444920983305	0.0006466175715706126	0.004815825435984588	0.5909730946714781	False
B:HLA-B*56:01:17	6.6707033098223745e-06	0.00018338529249952595	0.003672102528468598	0.0006447740869408232	0.004518567283208934	1.3973898468176043	False
B:HLA-B*56:03	2.0007831094752554e-05	0.00018338529249961358	0.01137826993541092	0.0015695093699942821	0.012216086071970491	4.199360225770915	False
B:HLA-B*56:04:01:01	5.3325690687962134e-05	0.00018338529249957775	0.0139761384260305	0.0015144477175647677	0.01635613219925895	8.458863172750025	False
B:HLA-B*56:05:01	6.670703309822405e-06	0.00018338529249952468	0.010893223431555625	0.0016036844335601125	0.01452455611251343	1.3973898468176043	False
B:HLA-B*57:01:01:01	0.0024991290039726726	0.0001833852924995576	0.01628414623910276	0.002232147946917844	0.04210641293194386	59.00709566942351	True
B:HLA-B*57:01:01:03	6.670703309822431e-06	0.00018338529249952367	0.0005764674051401173	3.553808922794182e-05	0.00189924674880167	0.5994439990488051	True
B:HLA-B*57:01:01:28	6.670703309821808e-06	0.00018338529249954945	0.0022576104852541625	0.0001211766671352549	0.004385213761324479	1.6941397457220149	True
B:HLA-B*57:01:01:29	3.335066399263071e-05	0.000183385292499646	0.00034112786120999285	5.890929096126701e-05	0.0039129483425903895	1.239029536443795	True
B:HLA-B*57:02:01:01	3.3339253766747654e-05	0.00018338529249955826	0.005268856688402507	0.0008478024143123517	0.0025407296971655083	3.6226324768801055	False
B:HLA-B*57:02:01:05	6.670703309821833e-06	0.00018338529249954842	0.004731919353843711	0.0005193677025792673	0.0026397545328896827	0.6880876388067215	False
B:HLA-B*57:03:01:01	0.0002855523130751998	0.00018338529249953733	0.033436767723759295	0.003731482286074203	0.02090160579561848	14.509995634767163	False
B:HLA-B*57:03:01:02	0.0005225911982307886	0.00018338529249952562	0.03480435864364755	0.0036295187534539325	0.015574842926774005	15.294211694972699	False
B:HLA-B*57:03:01:04	2.6674255569873253e-05	0.00018338529249951408	0.009927774431513537	0.0010510935231066354	0.004492259282657473	2.366902428404103	False
B:HLA-B*57:03:01:05	0.00041746878712388137	0.00018338529249952866	0.03930747438900614	0.004235043940393651	0.02300615770936868	24.549869665051567	False
B:HLA-B*57:03:01:10	2.6674255569878068e-05	0.00018338529249953723	0.006299441259524788	0.0006182407847389839	0.0021078840044467077	1.4104299354150325	False
B:HLA-B*57:03:05	6.670703309821937e-06	0.0001833852924995442	0.005509693637707492	0.0006117136755119763	0.0032696761472915995	0.5909730946714781	False
B:HLA-B*57:04:01	7.995430535428658e-05	0.00018338529249952142	0.011064716873339661	0.001224260998577294	0.005029590202934743	3.0102708260192963	False
B:HLA-B*58:01:01:01	0.0013643563663940739	0.00018338529249955563	0.043851395833682125	0.004414125371707377	0.012987747651447152	18.52565475875163	True
B:HLA-B*58:01:01:03	0.0019656282035145404	0.00018338529249956585	0.03574131631944234	0.00409194851451879	0.056801514185038364	91.9186599765347	True
B:HLA-B*58:01:01:04	1.3339980341408911e-05	0.00018338529249957872	0.0027628867859020925	0.0002598785719120695	0.0027323357740139105	1.1994018806514455	True
B:HLA-B*58:01:01:06	6.670703309821999e-06	0.00018338529249954156	0.005703634494464694	0.0006348178492365047	0.004781344850612936	0.5909730946714781	True
B:HLA-B*58:01:01:10	6.670703309821774e-06	0.00018338529249955089	0.0016477972031692688	0.0001607943779860056	4.915670083869679e-05	4.683899434417871	True
B:HLA-B*58:01:06	6.670703309822024e-06	0.00018338529249954053	0.0049931449570811805	0.0006233556628801554	0.003386371960501168	1.3973898468176043	True
B:HLA-B*58:02:01:01	0.0011797574531419437	0.00018338529249955506	0.06013194917531316	0.006791887336816719	0.03701172619369775	70.64939274997603	False
B:HLA-B*58:11	2.667425556987543e-05	0.00018338529249952332	0.006304176466955992	0.0006338387090261291	0.004207873251425958	1.202549823977856	False
B:HLA-B*59:01:01:01	3.333925376674785e-05	0.00018338529249956176	0.012296248647661488	0.0019196152349038363	0.01079444746285699	7.010959368913067	False
B:HLA-B*67:01:01	2.6674255569872732e-05	0.00018338529249954004	0.009092638918480302	0.0014641195659500633	0.00802228079244725	5.60395310243077	False
B:HLA-B*67:01:02	6.670703309822464e-06	0.00018338529249952226	0.0040809505326634835	0.00027975425615598066	0.001383698108693617	1.3973898468176043	False
B:HLA-B*73:01:01:01	0.0001331430733315782	0.000183385292499581	0.004409578986981054	0.0006938778362243912	0.010664463333480497	5.848129426438374	False
B:HLA-B*78:01:01:02	0.00029216168642085227	0.00018338529249957043	0.02851709015073325	0.0030113806692278803	0.014350080377361754	12.200495350090975	False
B:HLA-B*81:01:01:01	0.0007906402247938213	0.00018338529249955975	0.050935341153723696	0.005691504678187731	0.03135092230428247	43.37887907977436	False
B:HLA-B*81:02:01	2.000783109475501e-05	0.0001833852924995795	0.0115857225668802	0.0013853714758560332	0.011878976338803476	4.199360225770915	False
B:HLA-B*82:01:01:01	6.6642850577593e-05	0.00018338529249952202	0.013035295957068468	0.0013662576834097746	0.00989228644675726	3.4260866106640484	False
B:HLA-B_nov_001d03b1	6.67070330982177e-06	0.00018338529249955102	0.004372049894013622	7.241182673795485e-05	0.0027206360893782377	1.6941397457220149	False
B:HLA-B_nov_0087a08e	6.670703309821969e-06	0.0001833852924995428	0.003218048759773012	0.0006093167046558864	0.001038414194440982	0.6880876388067216	False
B:HLA-B_nov_009a400c	6.67070330982207e-06	0.00018338529249953858	0.0006062192924157026	0.00012561470601285028	0.0012072156978740571	1.6941397457220149	False
B:HLA-B_nov_009d823b	6.670703309821894e-06	0.00018338529249954582	0.002655430334100356	0.00048454078990118737	0.004993431182910771	0.599443999048805	False
B:HLA-B_nov_01d74970	6.67070330982206e-06	0.00018338529249953901	0.005598290605483163	0.000593551259920569	0.002474766985324019	0.5909730946714782	False
B:HLA-B_nov_026afb40	6.6707033098221975e-06	0.0001833852924995333	0.003190561218996371	0.00040000481247118964	0.00012654801333042607	1.6941397457220149	False
B:HLA-B_nov_027777b6	6.67070330982196e-06	0.00018338529249954313	0.0017308559691961247	0.0003305470373048331	0.002159379914825596	1.6941397457220153	False
B:HLA-B_nov_02ffb226	6.670703309822083e-06	0.00018338529249953807	0.006802205981427727	0.0010670913031828524	0.010700218345748946	1.3973898468176043	False
B:HLA-B_nov_03cd7f7f	6.670703309822222e-06	0.00018338529249953232	0.0004755467078663626	0.00014606074732509853	0.004593412923835022	0.599443999048805	False
B:HLA-B_nov_03e38808	6.670703309822531e-06	0.00018338529249951947	0.001043130007064072	0.0002025217804131894	0.00321237178869089	0.6880876388067214	False
B:HLA-B_nov_043f30a2	6.670703309822023e-06	0.00018338529249954053	0.002736201517529691	0.0006544533260383193	0.005008259639366074	0.6880876388067214	False
B:HLA-B_nov_04733de3	6.6707033098222915e-06	0.00018338529249952942	0.0012907216157988287	3.165548761196877e-05	0.0010624388647563195	0.6880876388067215	False
B:HLA-B_nov_04e3516e	6.670703309821936e-06	0.00018338529249954422	0.0067249369454320815	0.0007568921310026966	0.004670888054395053	0.5909730946714781	False
B:HLA-B_nov_05c6957c	6.67070330982211e-06	0.00018338529249953693	0.00553743681379396	0.0006189829276060163	0.005669765939298189	0.6880876388067215	False
B:HLA-B_nov_0628de16	6.670703309821792e-06	0.00018338529249955013	0.0004894047047642818	0.00018536359167162055	0.004269779374951239	0.599443999048805	False
B:HLA-B_nov_087e3604	6.670703309822287e-06	0.0001833852924995296	0.002679092292112344	0.00021247223948355363	0.0002580764911983736	0.5909730946714782	False
B:HLA-B_nov_088dcf0d	6.67070330982216e-06	0.00018338529249953484	0.002530720968700645	0.00011828833771919803	0.005292321111441957	1.3973898468176043	False
B:HLA-B_nov_0903559e	2.0007831094750203e-05	0.00018338529249963686	0.000894548418114309	8.055151865274724e-05	0.0028782862857563013	6.184541329863083	False
B:HLA-B_nov_091f0220	6.670703309821786e-06	0.0001833852924995504	0.00222880148163762	0.00036511887439646474	0.0027778322301992876	1.6941397457220146	False
B:HLA-B_nov_095f95ad	6.66428505775933e-05	0.00018338529249958	0.020467076703803166	0.0028867759887460463	0.03253204016349547	11.085763527754729	False
B:HLA-B_nov_09c249df	6.670703309822049e-06	0.00018338529249953948	0.0016890248042737315	0.00022471738840693027	0.003224216804762038	0.599443999048805	False
B:HLA-B_nov_09d9054d	6.670703309821954e-06	0.00018338529249954343	0.00110104133423325	1.2062778303814191e-05	6.385220060073014e-05	0.599443999048805	False
B:HLA-B_nov_0ae312f6	6.670703309821919e-06	0.00018338529249954484	0.004801948120307738	0.000546499178337823	0.004453431843987633	0.6880876388067214	False
B:HLA-B_nov_0c2c9d42	6.6707033098220425e-06	0.00018338529249953977	0.003057609822353773	0.00028086473571471243	0.0021165859406735875	0.5909730946714781	False
B:HLA-B_nov_0d837470	2.0007831094750247e-05	0.00018338529249964535	0.010023946661120078	0.0011306610541372741	0.00625006310629339	1.7744236703394358	False
B:HLA-B_nov_0d9622c0	6.670703309822157e-06	0.00018338529249953498	0.003949520742567384	0.00042734935397320593	0.0020714588440399395	0.5909730946714781	False
B:HLA-B_nov_0dc0b6f4	6.670703309822163e-06	0.00018338529249953468	0.006882670562249551	0.0007825642284616461	0.006103445477689433	0.5909730946714782	False
B:HLA-B_nov_0e2a36dc	6.670703309822187e-06	0.0001833852924995337	0.008294873913037817	0.0005295672526589529	0.01094079725382373	1.3973898468176043	False
B:HLA-B_nov_0e304d54	6.67070330982233e-06	0.00018338529249952785	0.0009639476647649469	0.00014919493546349725	0.004046189500584969	0.599443999048805	False
B:HLA-B_nov_0e39d3d2	6.670703309821826e-06	0.00018338529249954875	3.748366318115974e-06	5.264073061291447e-05	0.003779092745816274	0.5994439990488049	False
B:HLA-B_nov_0fedbd23	6.670703309822216e-06	0.00018338529249953248	0.004668479715391499	0.0004932567655292185	0.0031638378588548276	0.5909730946714781	False
B:HLA-B_nov_0fee0b6b	6.670703309822262e-06	0.00018338529249953058	0.003094033939090478	0.000667564595490868	0.003139201411435928	0.6880876388067214	False
B:HLA-B_nov_10aabe32	6.670703309821944e-06	0.00018338529249954378	0.005731480368267824	0.0006588929198984095	0.0035941642710840636	0.6880876388067215	False
B:HLA-B_nov_10d36ffc	6.6707033098225405e-06	0.00018338529249951912	0.0077026104393673085	0.0009043270261600813	0.005893476360630742	0.6880876388067213	False
B:HLA-B_nov_114217e3	6.670703309821966e-06	0.00018338529249954294	0.0063306352094688	0.0007300254790233587	0.005810170106733704	0.5909730946714781	False
B:HLA-B_nov_118d7054	0.00023934660334141959	0.00018338529249956856	0.0070599236459831455	0.0005928183459658592	0.015249733860276738	14.12812645130894	False
B:HLA-B_nov_1202a22c	6.670703309822005e-06	0.00018338529249954124	0.005041542704515881	0.0005472650968243467	0.0034099751768532746	0.5909730946714781	False
B:HLA-B_nov_13b01f0f	6.670703309821922e-06	0.00018338529249954476	0.000832354230547265	1.9590183851685856e-05	0.00025086212918705116	0.5909730946714782	False
B:HLA-B_nov_149a7a9c	6.6707033098222974e-06	0.00018338529249952912	0.001644613848132801	8.625447452346936e-05	0.00120781057021213	0.5909730946714781	False
B:HLA-B_nov_14c347fc	6.670703309822063e-06	0.0001833852924995389	0.0015439361418706045	0.00016704324023320062	0.0010616562346927386	0.5909730946714781	False
B:HLA-B_nov_15670a99	6.670703309822365e-06	0.00018338529249952638	0.005481592178451738	0.00023316592126817494	0.005419227075775099	1.6941397457220144	False
B:HLA-B_nov_158ad9c3	6.6707033098220535e-06	0.00018338529249953926	0.0008644002235032405	0.00015267790129864202	0.003829819314109587	0.6880876388067215	False
B:HLA-B_nov_15e124e2	6.67070330982252e-06	0.00018338529249951993	0.006918126339882475	0.000821831379219528	0.00499720894727343	0.5909730946714782	False
B:HLA-B_nov_163a5aba	6.670703309822112e-06	0.00018338529249953687	0.01037243390190463	0.001611345174994309	0.01551686045633846	1.3973898468176043	False
B:HLA-B_nov_1728bc61	6.670703309821844e-06	0.00018338529249954799	0.001091779634584062	8.3776953391537e-05	0.002117354022753042	0.6880876388067214	False
B:HLA-B_nov_1745f037	6.670703309821836e-06	0.00018338529249954834	0.0011048605262216314	4.4420447490295075e-05	0.0018435308609144822	1.694139745722015	False
B:HLA-B_nov_17621e32	6.670703309822133e-06	0.00018338529249953598	0.005557318606261236	0.0005534525075692868	0.002049751016548199	1.6941397457220142	False
B:HLA-B_nov_180180d4	6.670703309822287e-06	0.0001833852924995296	0.004804054971621923	0.0004978883940036975	0.0004171506979497883	0.5909730946714782	False
B:HLA-B_nov_18232e17	0.00017297474562866602	0.0001833852924995733	0.026687397313836014	0.0029999239787006525	0.018185855288190757	11.295394674312474	False
B:HLA-B_nov_1879609c	6.67070330982219e-06	0.00018338529249953362	0.0035437039979674388	0.0006521674016037736	0.003380656274270632	0.6880876388067217	False
B:HLA-B_nov_1904755d	6.6707033098221085e-06	0.00018338529249953693	0.009124546068133173	0.0014044084926629753	0.01245974329696632	1.3973898468176043	False
B:HLA-B_nov_1928d7e3	6.670703309822545e-06	0.0001833852924995189	0.005345225465889539	0.000606774591593784	0.004051458664579996	0.5909730946714782	False
B:HLA-B_nov_19a19987	6.670703309822085e-06	0.00018338529249953793	0.0007893615754830443	0.0001268035127064669	0.003731046756703662	0.6880876388067214	False
B:HLA-B_nov_1a1089bc	6.67070330982221e-06	0.00018338529249953278	0.0005113008835303484	0.00022124741597261182	0.003756254031552288	0.6880876388067214	False
B:HLA-B_nov_1a2f8bcc	6.670703309821913e-06	0.0001833852924995451	0.004506580567623214	0.0006094362702726565	0.006450746779564388	0.5909730946714781	False
B:HLA-B_nov_1a6efd18	6.670703309822228e-06	0.000183385292499532	0.0011874187251384762	0.00025013761199683764	0.004443784057473484	0.5994439990488051	False
B:HLA-B_nov_1aa951a6	6.67070330982215e-06	0.00018338529249953525	0.0001793134763510736	7.054551032225177e-05	0.002024919734652045	0.6880876388067216	False
B:HLA-B_nov_1c3ee464	6.670703309822008e-06	0.00018338529249954118	0.003112660164220202	0.00033172541454611196	0.0018784153033990774	0.5909730946714782	False
B:HLA-B_nov_1c72f545	6.6707033098221865e-06	0.00018338529249953378	0.00014791497493047505	1.1150311746291247e-05	0.0006408756485944692	4.683899434417871	False
B:HLA-B_nov_1caccbe8	6.670703309822258e-06	0.00018338529249953075	0.0021447863240773774	0.00015753734801994096	0.0011756142865444413	0.5909730946714781	False
B:HLA-B_nov_1cad5d70	0.00031871898717543277	0.0001833852924995545	0.013185447833548282	0.0022734602822107653	0.0007919984475012583	3.5666455232707257	False
B:HLA-B_nov_1d3870fc	0.0002525895967627386	0.00018338529249959225	0.02314278227327562	0.0024614498418975136	0.01328468206904019	13.830918109817382	False
B:HLA-B_nov_1d6684b4	6.670703309822113e-06	0.00018338529249953687	0.003958682698906707	0.00037351226942771435	0.0038861613670967627	0.5909730946714781	False
B:HLA-B_nov_1dd91039	6.670703309822509e-06	0.0001833852924995204	0.005789436893303143	0.0006819976571418115	0.006463022027305092	0.5909730946714781	False
B:HLA-B_nov_1e22404d	6.670703309822055e-06	0.00018338529249953915	0.007530299223337547	0.0008985069581137311	0.006395396807643699	0.5909730946714782	False
B:HLA-B_nov_1e84ffb4	1.3339980341409731e-05	0.0001833852924995509	0.011201835315198581	0.0013119223979104963	0.0168774836314031	2.797174534846549	False
B:HLA-B_nov_1ef08883	6.67070330982213e-06	0.00018338529249953611	0.00389269803199303	0.00043767698771173663	0.0029029726001882908	0.5909730946714781	False
B:HLA-B_nov_1f65d474	6.670703309822191e-06	0.0001833852924995336	0.0021273408638493073	0.0006150268407467758	0.0034527532423306202	0.6880876388067217	False
B:HLA-B_nov_1f821d4b	6.670703309822079e-06	0.00018338529249953823	0.005948816265482517	0.0006698129834817036	0.0036034120914521465	0.5909730946714782	False
B:HLA-B_nov_207ec506	0.00016633969927472574	0.00018338529249955964	0.010141958407483387	0.0007775470527827466	0.0003510377431064993	2.5436165501096815	False
B:HLA-B_nov_20e7ad3f	6.67070330982192e-06	0.00018338529249954484	0.001398189848438026	0.00023565537588643483	0.003182840494299855	0.599443999048805	False
B:HLA-B_nov_216797a7	6.670703309822229e-06	0.000183385292499532	0.0014466427349988365	0.0004028814208184774	0.003493497155434187	0.6880876388067216	False
B:HLA-B_nov_21f78371	2.668281323928898e-05	0.00018338529249953134	0.0019250708256355051	0.00020768607285578602	0.003384627416897169	0.6880876388067216	False
B:HLA-B_nov_224d4cee	6.6707033098220145e-06	0.00018338529249954094	0.00286362502693117	0.0006863480236949654	0.00479814211869465	0.6880876388067215	False
B:HLA-B_nov_2329b766	1.3339980341410422e-05	0.00018338529249958398	0.0038627537721928223	0.0009599231360616528	0.0055829952753584395	1.3768305991742118	False
B:HLA-B_nov_23ed1117	6.6707033098224965e-06	0.00018338529249952085	0.000507558663981755	7.65307309857343e-05	0.003863912401074794	0.6880876388067213	False
B:HLA-B_nov_2423c642	6.670703309822209e-06	0.0001833852924995329	0.0011137800037487747	0.0005722073218460173	0.0024864349543405593	0.599443999048805	False
B:HLA-B_nov_249d46ed	6.6707033098222695e-06	0.00018338529249953034	0.0036484089093700434	0.00035137066131384466	0.0010857945706212666	0.5909730946714782	False
B:HLA-B_nov_24a8297a	6.670703309821821e-06	0.00018338529249954888	0.0036196750721409206	0.0006966910443670791	0.0035402640417804966	1.3973898468176045	False
B:HLA-B_nov_24d4ad14	6.670703309822358e-06	0.00018338529249952663	0.004948691747123414	0.0006788606549121094	0.003139248885219761	1.3973898468176043	False
B:HLA-B_nov_2516c759	6.670703309822079e-06	0.00018338529249953823	0.0035272211041802505	0.0003473235236930043	0.0004563108228887947	0.6880876388067214	False
B:HLA-B_nov_2670c4c2	0.0003185849170212493	0.00018338529249950684	0.0026790776080999356	0.0006997659538659496	0.023545961300023347	7.75822936662259	False
B:HLA-B_nov_27431add	6.670703309821836e-06	0.00018338529249954834	0.002272813507985933	0.0002723601882303451	0.0026926620272332753	4.683899434417872	False
B:HLA-B_nov_274e126e	6.670703309822139e-06	0.00018338529249953573	0.0003946991309986084	1.029601121428975e-05	0.0007488859994823164	0.6880876388067213	False
B:HLA-B_nov_2755f44b	6.670703309822266e-06	0.00018338529249953045	0.0006418165503655598	0.00021707515216903313	0.003561751949746439	0.599443999048805	False
B:HLA-B_nov_2868079e	6.670703309822002e-06	0.00018338529249954143	0.00430875634234552	0.00044810947699309463	8.419518466272258e-05	0.6880876388067214	False
B:HLA-B_nov_28a66739	4.0002825685390815e-05	0.000183385292499514	0.007537675958823018	0.0008401121782073026	0.0002826843751445219	0.7123263044391438	False
B:HLA-B_nov_296c34c7	6.6707033098221975e-06	0.0001833852924995333	0.003190561218996371	0.00040000481247118964	0.00012654801333042607	1.6941397457220149	False
B:HLA-B_nov_296d3d00	6.670703309822542e-06	0.000183385292499519	0.004075169995952831	4.508970108350397e-05	0.0009525269907544608	0.6880876388067213	False
B:HLA-B_nov_296e2bcf	6.670703309822436e-06	0.0001833852924995234	0.0028658020982804083	0.0004612026394451943	0.005337112744227226	1.3973898468176043	False
B:HLA-B_nov_297f6a9c	2.000783109475605e-05	0.00018338529249957515	0.0017333141512557474	0.0020879755170966283	0.006642288378536218	1.5883257291003339	False
B:HLA-B_nov_2a7f9a38	0.00020612858322468627	0.00018338529249958203	0.01897087997786721	0.002059567012381333	0.007968966701573384	8.533826939218377	False
B:HLA-B_nov_2a9ca252	0.0002326259802933162	0.00018338529249959168	0.02511235176768132	0.0027419505788424756	0.01499781118990144	7.807769050267089	False
B:HLA-B_nov_2b2961f7	2.6674255569876638e-05	0.00018338529249954338	0.005201582481230979	0.0004821387545685872	0.000422975261991943	2.3669024284041034	False
B:HLA-B_nov_2b5013b1	6.670703309822118e-06	0.00018338529249953657	0.0031278408439220245	0.0004405825526664001	0.000738399848982982	0.5909730946714782	False
B:HLA-B_nov_2d657694	9.991079043253675e-05	0.00018338529249954864	0.006507543759413155	0.00102201789996084	0.007916857876968645	2.4676674948607364	False
B:HLA-B_nov_2df45ea3	6.67070330982199e-06	0.0001833852924995419	0.00018482568394786493	0.0001528513687620565	0.0014842134140553478	0.5994439990488049	False
B:HLA-B_nov_2e4f87ea	6.670703309822369e-06	0.00018338529249952617	0.0021443657184751	0.00033716843950922247	0.003313870512714648	1.3973898468176043	False
B:HLA-B_nov_2e864900	6.670703309822143e-06	0.0001833852924995356	0.0075216157967770364	0.0011973091203510183	0.01153291261282692	1.3973898468176043	False
B:HLA-B_nov_2ec5cc9c	1.3339980341408667e-05	0.00018338529249954877	0.003474821577177292	0.0007230270215977225	0.004829283814528985	1.3768305991742118	False
B:HLA-B_nov_2ef23553	6.6707033098218595e-06	0.00018338529249954736	0.001441506670707792	0.0002654777643809553	0.0023907206587120327	4.683899434417873	False
B:HLA-B_nov_2f24cf74	6.670703309822407e-06	0.00018338529249952462	0.0004991226033813238	0.00015634439267416856	0.002240915868559256	0.5994439990488051	False
B:HLA-B_nov_2fdaced0	6.670703309822405e-06	0.00018338529249952468	0.003557944516818482	0.0003725729760784919	0.001275007339039406	0.5909730946714781	False
B:HLA-B_nov_30cc397d	6.670703309822143e-06	0.0001833852924995356	0.0007090352305981501	9.763333576950038e-06	0.0039049134429578612	0.599443999048805	False
B:HLA-B_nov_3123b867	6.670703309822513e-06	0.0001833852924995202	0.004849668227470474	0.0005280149016711734	0.0023985256662214863	0.5909730946714781	False
B:HLA-B_nov_32a5c027	6.6707033098225e-06	0.00018338529249952077	0.0001780216533553957	0.00010963525127836609	0.004614248954155243	0.6880876388067213	False
B:HLA-B_nov_32ecffa1	6.670703309821839e-06	0.00018338529249954818	0.0019334843121136928	8.485543265042658e-05	0.00808575905277551	1.3973898468176043	False
B:HLA-B_nov_33724e64	6.670703309822063e-06	0.0001833852924995389	0.004564258982654009	0.0005245781916377348	0.002933272702830158	0.5909730946714782	False
B:HLA-B_nov_3414ed58	6.670703309822386e-06	0.0001833852924995255	0.006979573411948761	0.0008245668489906238	0.006023685952396345	0.5909730946714781	False
B:HLA-B_nov_348960dc	6.6707033098219595e-06	0.00018338529249954313	0.0021311938293529322	0.00037560293071120396	0.003125993921605572	1.6941397457220153	False
B:HLA-B_nov_34a394d7	7.995430535428632e-05	0.00018338529249952752	0.000417998669688491	0.0004190573207887026	0.004288167554655823	0.8277061021110174	False
B:HLA-B_nov_34f5e896	6.670703309822097e-06	0.0001833852924995375	0.00281532791951739	0.00024347008425380855	0.0012913196461900047	0.5909730946714782	False
B:HLA-B_nov_35db003c	0.00031198124878854854	0.00018338529249952863	0.005654886025856094	0.0002674364395127768	0.012173048316796204	2.917544868487275	False
B:HLA-B_nov_35f7e815	6.670703309821782e-06	0.0001833852924995506	0.0010723865779639523	0.00021606362579980632	0.005238667347892358	0.5994439990488052	False
B:HLA-B_nov_36b49aa0	6.670703309822463e-06	0.0001833852924995224	0.0029484954127975216	0.0006104951333033101	0.0031210723290779506	0.0	False
B:HLA-B_nov_374a687a	6.670703309821925e-06	0.00018338529249954468	0.0030951100192130538	0.00027554662762173024	0.0006722084508446905	0.6880876388067217	False
B:HLA-B_nov_3891497d	2.6674255569875313e-05	0.000183385292499524	0.0030003870802539677	0.000753803307573051	0.006224807760527413	2.756286232855904	False
B:HLA-B_nov_3893b442	6.670703309822041e-06	0.0001833852924995398	0.0035129883991818138	0.0002660135564576861	0.0052013449471780635	0.6880876388067217	False
B:HLA-B_nov_38e03e62	6.670703309822197e-06	0.0001833852924995333	0.0028204441866875943	0.000508635494784871	0.004786472942956005	0.5994439990488051	False
B:HLA-B_nov_3995636d	6.670703309822443e-06	0.0001833852924995231	0.0006663375276515191	1.7915600081456575e-05	0.003765121938979871	0.599443999048805	False
B:HLA-B_nov_39c31ef1	1.3339980341409616e-05	0.0001833852924996002	0.0070295577671925895	0.0007560284282469286	0.005533482303971135	1.1824474387871216	False
B:HLA-B_nov_3a379e69	6.670703309822389e-06	0.00018338529249952533	0.00535958752140172	0.0004867728189417106	0.005802746572834944	0.599443999048805	False
B:HLA-B_nov_3a91837f	6.670703309822293e-06	0.0001833852924995293	0.0009702933221140492	0.00019773139143295892	0.004987508041801865	0.6880876388067214	False
B:HLA-B_nov_3acc735a	6.670703309822506e-06	0.00018338529249952053	0.003013908887288418	0.0004971796924439954	0.002084945156875267	0.6880876388067212	False
B:HLA-B_nov_3afdde33	6.670703309822166e-06	0.0001833852924995346	0.00033308981950884084	0.00015464150141185663	0.0006280763761099527	0.6880876388067214	False
B:HLA-B_nov_3b05e11b	6.670703309822303e-06	0.00018338529249952896	0.0008498045394272195	8.319633360108425e-05	0.000871193422779296	0.5909730946714782	False
B:HLA-B_nov_3be52441	6.670703309822228e-06	0.00018338529249953202	0.0038494057143899285	0.000376735606044585	0.0012877330247802175	0.6880876388067216	False
B:HLA-B_nov_3c2934f0	0.0001862405595018149	0.00018338529249953386	0.0010416579224390033	0.0005806344765527499	0.005853896831393053	1.7560013763469047	False
B:HLA-B_nov_3c32a88a	6.670703309822249e-06	0.00018338529249953118	0.005244112021677472	0.0006119865428593444	0.0041743116443988745	0.6880876388067216	False
B:HLA-B_nov_3cdacf93	6.67070330982182e-06	0.000183385292499549	0.001736901370270117	0.00027633396905363234	0.004771749270370536	0.599443999048805	False
B:HLA-B_nov_3d91afb3	6.670703309821937e-06	0.00018338529249954422	0.007192948892011286	0.0008296028765839704	0.00604953725204201	0.5909730946714781	False
B:HLA-B_nov_3dfbd43b	6.670703309822129e-06	0.00018338529249953611	0.005868241736721068	0.0006693077967734785	0.005997872813585715	0.5909730946714781	False
B:HLA-B_nov_3e25c4fd	6.670703309822429e-06	0.00018338529249952373	0.0008350521451703457	0.0002350735692753497	0.0035418055770225416	0.5994439990488051	False
B:HLA-B_nov_3e66ec37	6.670703309822485e-06	0.00018338529249952142	0.005424859345181356	0.0005912333754132438	0.0043179774381628695	0.5909730946714782	False
B:HLA-B_nov_3ecd044d	6.670703309822058e-06	0.0001833852924995391	0.004658826155577064	0.0005199461165042807	0.0021519611191529345	0.5909730946714782	False
B:HLA-B_nov_3ecf65c4	6.670703309822145e-06	0.0001833852924995355	0.008100178758837109	0.0009834468939971302	0.007016369623464857	0.5909730946714782	False
B:HLA-B_nov_3f16cac8	6.670703309822243e-06	0.00018338529249953137	0.002320567418209209	0.00031360064034933414	0.0032484992504939057	0.599443999048805	False
B:HLA-B_nov_3f8f404d	6.670703309822388e-06	0.00018338529249952543	0.0030103560377495045	0.00030518865671156747	0.002177703502177731	1.6941397457220144	False
B:HLA-B_nov_40a4247f	6.670703309822397e-06	0.00018338529249952506	0.0032144549216960574	0.0002883194836251506	0.000239913572571452	0.6880876388067217	False
B:HLA-B_nov_40b6e9d2	6.67070330982205e-06	0.00018338529249953942	0.007888908627165054	0.0013153055507337784	0.009742994949243702	1.3973898468176043	False
B:HLA-B_nov_41152288	6.670703309822344e-06	0.0001833852924995272	0.0017659168573464412	0.00011842528143658372	0.0009332274723270014	0.5909730946714782	False
B:HLA-B_nov_411bb40d	6.670703309821776e-06	0.00018338529249955078	0.0009120117202011929	0.000259796605016484	0.0038606341920446726	0.6880876388067214	False
B:HLA-B_nov_41499f6d	6.670703309821876e-06	0.0001833852924995467	0.00030750073539489466	0.00018294043449342993	0.003716909992156572	0.599443999048805	False
B:HLA-B_nov_415f5cea	6.670703309822196e-06	0.00018338529249953338	0.004680868716165953	0.0005113101425682984	0.005474038834142423	0.5909730946714781	False
B:HLA-B_nov_41b5eac8	6.670703309822444e-06	0.0001833852924995231	0.0028775172412269707	0.00029730754197738655	0.0029162260861631795	0.6880876388067214	False
B:HLA-B_nov_41e2694d	6.6707033098219485e-06	0.00018338529249954365	0.0012107867028845211	0.0001685126039435758	0.003819424667215226	0.599443999048805	False
B:HLA-B_nov_41eb4588	6.67070330982183e-06	0.00018338529249954856	0.002696286330704947	3.8780625305139975e-05	0.0006692129772444711	1.6941397457220144	False
B:HLA-B_nov_42309e46	6.670703309822163e-06	0.00018338529249953468	0.0033566161977815435	0.0003126265506524889	0.001003814368516063	0.5909730946714782	False
B:HLA-B_nov_42b8e4ab	6.670703309822234e-06	0.0001833852924995318	0.0036094369739799554	0.0005742600359647397	0.002606895070770314	1.3973898468176043	False
B:HLA-B_nov_4379b659	6.670703309822389e-06	0.00018338529249952533	0.0011743120389842493	3.3095827818213535e-05	0.00290009475438823	0.6880876388067214	False
B:HLA-B_nov_442f4a56	6.670703309822346e-06	0.0001833852924995272	0.0033531665474268533	0.00030064865440598636	0.0011474013937563914	0.5909730946714782	False
B:HLA-B_nov_44b4b59d	7.99543053542866e-05	0.00018338529249950627	0.019905744044381772	0.0025244708642814377	0.028924677595138153	13.889534625578102	False
B:HLA-B_nov_44eb7f8e	6.67070330982217e-06	0.0001833852924995344	0.0030268406491320878	0.00028993509164498317	0.0009430291016365529	0.5909730946714781	False
B:HLA-B_nov_451add33	6.670703309822018e-06	0.00018338529249954075	0.0006040462127195074	2.082828005344971e-05	0.0028575346660632225	4.683899434417873	False
B:HLA-B_nov_457dac52	6.670703309822297e-06	0.00018338529249952923	6.695060820659727e-05	7.345479634396697e-05	0.00270511367522787	0.6880876388067214	False
B:HLA-B_nov_45aa1780	6.670703309822258e-06	0.00018338529249953075	0.0032666183941671137	0.0006922634429170286	0.0028499754324408885	0.6880876388067214	False
B:HLA-B_nov_45b8df76	6.670703309822327e-06	0.0001833852924995279	0.0016659466139187546	0.00046735675846855146	0.0037514638773376253	0.6880876388067217	False
B:HLA-B_nov_4641b6bc	6.670703309822107e-06	0.00018338529249953706	0.006322769648054174	0.0007035320908817243	0.0038951402752306773	0.5909730946714781	False
B:HLA-B_nov_4708e0d4	6.670703309822128e-06	0.00018338529249953622	0.0024478550398832457	0.0005554834106290961	0.004473302065491373	0.6880876388067214	False
B:HLA-B_nov_48134f61	6.670703309822415e-06	0.0001833852924995243	0.004536770606228085	0.00047705692509044165	0.003240358066652037	0.5909730946714782	False
B:HLA-B_nov_497bf2e5	6.670703309822362e-06	0.00018338529249952646	0.0022038436687590894	0.0005236439898273481	0.0037193486717555396	0.6880876388067213	False
B:HLA-B_nov_4a14d990	6.670703309821796e-06	0.00018338529249954996	0.001250777403523829	3.04122912924042e-05	0.0009087199718277637	1.6941397457220144	False
B:HLA-B_nov_4a3fccf1	6.670703309822309e-06	0.00018338529249952866	0.004053926850296595	0.0004678003922725491	0.0016001524442372892	0.5909730946714782	False
B:HLA-B_nov_4bf64393	6.6707033098222365e-06	0.00018338529249953167	0.003216937673165794	0.0007784739916730682	0.005619972151623318	0.6880876388067217	False
B:HLA-B_nov_4c3ab01e	6.670703309822365e-06	0.00018338529249952638	0.006629509535505439	0.001107206078080731	0.006761664776940004	1.3973898468176043	False
B:HLA-B_nov_4c450148	6.670703309821917e-06	0.00018338529249954492	0.002487993714915423	0.00021435748551128464	0.003281662651757565	0.6880876388067214	False
B:HLA-B_nov_4c946edc	6.670703309822124e-06	0.0001833852924995364	0.0001896788708624109	2.6416773201535976e-05	0.0024815173947261913	4.68389943441787	False
B:HLA-B_nov_4cdba16a	5.998498377189255e-05	0.00018338529249959209	0.015985285175609862	0.0016381805401964593	0.023926053352756473	9.69825629020793	False
B:HLA-B_nov_4d179b4c	6.670703309822411e-06	0.00018338529249952449	0.00039300544231107745	9.953351832699424e-05	0.0022829634315067564	0.6880876388067214	False
B:HLA-B_nov_4e217d42	6.6707033098224795e-06	0.00018338529249952159	0.00027975612691586934	0.00018365218049988476	0.0026145992491425954	0.6880876388067214	False
B:HLA-B_nov_4e2d3568	6.670703309822097e-06	0.0001833852924995375	0.00281532791951739	0.0002434700842538082	0.001291319646190005	0.5909730946714782	False
B:HLA-B_nov_4f621ce7	6.670703309822234e-06	0.0001833852924995318	0.005964382336562353	0.000677552093180245	0.0036681998673823353	0.5909730946714781	False
B:HLA-B_nov_4f805aaa	6.670703309821919e-06	0.00018338529249954484	0.0006690260218367637	0.00020883512292967947	0.004435646082806463	0.599443999048805	False
B:HLA-B_nov_4fa3d83a	6.670703309821907e-06	0.0001833852924995454	0.0005856611717790524	0.00013661863933643056	0.004014414047115553	4.683899434417869	False
B:HLA-B_nov_4fb34829	6.670703309822197e-06	0.0001833852924995333	0.005547273829358928	0.000607700492957993	0.0034105119092340992	0.5909730946714781	False
B:HLA-B_nov_509a423f	1.3339980341407981e-05	0.0001833852924995438	0.01044921401017337	0.001162216167530963	0.017256754685247958	2.797174534846549	False
B:HLA-B_nov_515802b9	6.670703309822321e-06	0.00018338529249952817	0.005332515399146942	0.0005211255150845657	0.007823000165479734	1.3973898468176043	False
B:HLA-B_nov_51a1ac75	0.0006602926568045892	0.00018338529249957837	0.0036516060638547643	0.00029968329855310625	0.0029192602217615587	1.0632202947114822	False
B:HLA-B_nov_51f79b75	6.670703309822166e-06	0.0001833852924995346	0.0015000412129596748	0.0002508791618005856	0.00521970746710984	4.683899434417871	False
B:HLA-B_nov_52b829e0	4.6664971325792035e-05	0.00018338529249956184	0.00607297693535869	0.0006015215297602892	0.0008727168844596431	1.4460043541700207	False
B:HLA-B_nov_530c73c3	6.6707033098223e-06	0.00018338529249952904	0.0032650815522846394	0.0006835500199561038	0.0005792374099532533	1.3973898468176043	False
B:HLA-B_nov_53b6524c	6.6707033098224965e-06	0.00018338529249952085	0.000507558663981755	7.65307309857343e-05	0.003863912401074794	0.6880876388067213	False
B:HLA-B_nov_53f13a25	4.000282568539093e-05	0.00018338529249949966	0.007406064598129127	0.0007048141984813788	0.0009993847738103555	0.8656500855890781	False
B:HLA-B_nov_53f8de08	8.660789332527509e-05	0.00018338529249955013	0.014169250136982985	0.001503672080007125	0.010321047839542912	3.8309261794632627	False
B:HLA-B_nov_541b65b4	6.670703309822027e-06	0.0001833852924995404	0.005146803707398784	0.0005569950177162891	0.0040519373559999294	0.5909730946714781	False
B:HLA-B_nov_5484b26e	5.332569068796202e-05	0.0001833852924995788	0.016082852036871355	0.002572872331839089	0.018083027658696568	11.24652086878871	False
B:HLA-B_nov_54cd9fa3	6.670703309822232e-06	0.00018338529249953183	0.00023115509553012708	3.616204268804657e-05	0.0012875832961117078	0.5994439990488051	False
B:HLA-B_nov_54da8a2c	6.670703309822308e-06	0.00018338529249952874	0.00010281255995338175	5.577699458265939e-05	0.004594423123428172	0.5994439990488051	False
B:HLA-B_nov_562d19f4	6.6707033098223e-06	0.00018338529249952904	0.0003229731997173183	2.7111720233697482e-05	0.003281742722240218	0.6880876388067214	False
B:HLA-B_nov_565856be	6.670703309821937e-06	0.0001833852924995442	0.0010612126217809385	4.474648659079441e-05	0.0004625545904602359	0.5909730946714781	False
B:HLA-B_nov_56b81227	9.326005501801163e-05	0.000183385292499572	0.0229868876369649	0.0031428178974862277	0.02885143471929586	12.311901548644524	False
B:HLA-B_nov_57b7bbb4	4.6664971325801826e-05	0.00018338529249950906	0.002430202640591792	0.0001371630596682938	0.004211980031222628	0.759858859196701	False
B:HLA-B_nov_584448c0	6.670703309821948e-06	0.0001833852924995437	0.0013219815062605427	0.0003909245644311512	0.004281443647699885	0.6880876388067215	False
B:HLA-B_nov_5947d4af	6.670703309821952e-06	0.00018338529249954351	0.000784604486711422	6.242308746744382e-05	0.0002663778906844917	0.5909730946714782	False
B:HLA-B_nov_5957fead	0.00035817697457463164	0.00018338529249955137	0.02130086672579114	0.0020825492704794665	0.007607347141025042	5.394587955007864	False
B:HLA-B_nov_59bcae82	0.00014642600254358257	0.00018338529249952487	0.0005183155078034308	0.0009398171893918318	0.005263276451731801	2.019989894428698	False
B:HLA-B_nov_59d5eed5	6.670703309822444e-06	0.0001833852924995231	0.000788233768710791	0.00011689560085764986	0.003988623506927785	0.6880876388067214	False
B:HLA-B_nov_5a90260b	1.3339980341409973e-05	0.00018338529249959024	0.0015098864282906152	4.6145435579525275e-05	0.003776456025430856	2.4392648122455474	False
B:HLA-B_nov_5ae13cb0	6.670703309821955e-06	0.00018338529249954338	0.0012316703221443173	0.00034749345581196596	0.00390839441021012	0.6880876388067214	False
B:HLA-B_nov_5b19fb36	0.00019287132702102406	0.00018338529249951318	0.015666032574230205	0.0009649096802764254	0.00171322210367393	36.31268519763897	False
B:HLA-B_nov_5c3c76bb	6.670703309822381e-06	0.00018338529249952576	0.007091447140099689	0.0008223081656086812	0.006102777719277573	0.5909730946714781	False
B:HLA-B_nov_5ca36281	6.670703309822039e-06	0.0001833852924995399	0.0016893856128716112	0.0003287433800359031	0.003002964895407288	0.6880876388067214	False
B:HLA-B_nov_5d00e6a1	6.670703309822149e-06	0.0001833852924995353	0.001994361790828206	0.0003950760543480385	0.0040059049878552674	0.5994439990488051	False
B:HLA-B_nov_5d23f27a	6.670703309821948e-06	0.0001833852924995437	0.0019214198384313996	2.622428378881624e-05	0.0016528877937248801	1.6941397457220142	False
B:HLA-B_nov_5de4168d	1.3339980341409148e-05	0.00018338529249957805	0.0018586497570417073	0.0001704773879869691	0.002063755054043139	0.8426677110455664	False
B:HLA-B_nov_5e16dd02	6.670703309822432e-06	0.00018338529249952354	0.006170421301852358	0.000992675517718102	0.005549157601350039	1.3973898468176043	False
B:HLA-B_nov_5e2c4f54	6.670703309822162e-06	0.00018338529249953484	0.0018437261928674158	0.00018244124168253847	0.0012752496388716002	0.5909730946714782	False
B:HLA-B_nov_5e41ec2f	6.670703309822056e-06	0.00018338529249953915	0.004588669316451177	0.0004895267128504195	0.001980718777847234	0.5909730946714782	False
B:HLA-B_nov_5e92b57a	6.670703309822123e-06	0.0001833852924995364	0.0021232422555336828	0.0004268879471374319	0.0007709703160541939	0.5994439990488051	False
B:HLA-B_nov_5ea37b02	6.670703309821814e-06	0.0001833852924995492	0.0009837163447651595	0.00015338112097458234	0.0025498980664957773	1.6941397457220146	False
B:HLA-B_nov_5ee74302	6.670703309822146e-06	0.0001833852924995355	0.003500363555578583	0.0003709337455171909	0.0028047913188681277	0.5909730946714782	False
B:HLA-B_nov_5f30e7ec	6.67070330982248e-06	0.00018338529249952159	0.0014925418437658064	0.00026190211356823457	0.004345952507316821	0.5994439990488052	False
B:HLA-B_nov_5f4e9a68	2.0007831094757152e-05	0.00018338529249952947	0.003950317944214907	0.00034826745433799776	3.79905176421193e-07	0.2262491400561556	False
B:HLA-B_nov_60277aac	6.670703309822048e-06	0.00018338529249953948	0.005103365232204906	0.0005565931202587265	0.0037307268204431706	0.6880876388067216	False
B:HLA-B_nov_60472dca	6.6707033098221975e-06	0.0001833852924995333	0.00630176161655479	0.0007157141371501285	0.004785613262650108	0.5909730946714781	False
B:HLA-B_nov_617fa75b	6.670703309822105e-06	0.00018338529249953712	0.002869656977242296	0.000256455526531569	0.00029794950590202057	0.5909730946714781	False
B:HLA-B_nov_61b1817d	6.670703309822278e-06	0.00018338529249952993	0.006863288281524755	0.0012057973588787503	0.005863686517904842	1.3973898468176043	False
B:HLA-B_nov_61fbc128	6.670703309822311e-06	0.0001833852924995286	0.0018675257759784415	0.0003594991218331814	0.0028019334902947665	0.6880876388067217	False
B:HLA-B_nov_62fbec54	6.6707033098222144e-06	0.0001833852924995326	0.0022710847350366744	0.00023574179887023332	0.001468160821846128	0.6880876388067214	False
B:HLA-B_nov_6312be7c	6.670703309822293e-06	0.0001833852924995293	0.0028071148988034877	0.0003965406184152454	0.0014433378857375233	0.599443999048805	False
B:HLA-B_nov_633f823f	6.670703309822305e-06	0.0001833852924995288	0.002872154518314368	0.0005112718593488358	0.005445314324894726	0.599443999048805	False
B:HLA-B_nov_639c4dd0	6.670703309821868e-06	0.00018338529249954696	0.0006580671483304354	8.495131077369142e-05	0.002630069035472274	4.683899434417873	False
B:HLA-B_nov_63aa1ae4	6.670703309822428e-06	0.00018338529249952373	0.0029249407076688953	0.00014831569944284145	0.0012912582949778215	1.694139745722015	False
B:HLA-B_nov_63c119eb	6.670703309821817e-06	0.00018338529249954907	0.0055498224908787355	0.0007483085446209475	0.008728026307846637	1.3973898468176045	False
B:HLA-B_nov_64107ce0	6.670703309822176e-06	0.0001833852924995342	0.0028954644194057245	0.013026561556904206	0.004568257173730606	0.599443999048805	False
B:HLA-B_nov_654c769f	6.670703309822153e-06	0.00018338529249953517	0.00020372251904536708	2.816503450617439e-05	0.005337709872657451	0.5909730946714781	False
B:HLA-B_nov_656b54ac	6.67070330982234e-06	0.00018338529249952739	0.007675149159177868	0.0009022257389142948	0.006953618439092269	0.5909730946714781	False
B:HLA-B_nov_67071646	6.670703309822489e-06	0.0001833852924995213	0.0015367179011596941	0.0002540050468095168	0.004363199441978678	0.6880876388067214	False
B:HLA-B_nov_672c5e49	6.670703309822391e-06	0.00018338529249952533	0.000288429487597897	0.00013960651822947059	0.0023363063962365724	0.599443999048805	False
B:HLA-B_nov_67648ed0	6.670703309821852e-06	0.00018338529249954763	0.002700049054067276	0.0004531361834539655	0.00014524445461463963	4.683899434417873	False
B:HLA-B_nov_67886062	6.6707033098218926e-06	0.00018338529249954598	0.00025887682901512674	0.00011131192796826114	0.003728711821244941	0.599443999048805	False
B:HLA-B_nov_67f61a63	6.67070330982177e-06	0.00018338529249955102	0.0020898431664435196	0.00029568018843450784	0.0033324816075670956	1.6941397457220149	False
B:HLA-B_nov_68a9e512	6.670703309822145e-06	0.0001833852924995355	0.001967324447993689	0.00036033952373244776	0.003949694881426066	0.6880876388067212	False
B:HLA-B_nov_694dd122	6.670703309821946e-06	0.00018338529249954376	0.007424946567917566	0.0012019408350101787	0.009292001668356305	1.3973898468176043	False
B:HLA-B_nov_6969be6c	0.0005096876590296131	0.00018338529249951622	0.009349939678111525	0.0006882905106967864	0.0032883513015763035	1.6502927682031734	False
B:HLA-B_nov_69a8b14c	6.670703309822133e-06	0.00018338529249953598	0.005521961830297046	0.000614747257393093	0.00388324713283902	0.5909730946714781	False
B:HLA-B_nov_69b8d710	6.670703309822068e-06	0.0001833852924995387	0.00029639790001044134	0.00012990127569423546	0.0031265683847707237	0.6880876388067215	False
B:HLA-B_nov_69ee4ede	6.67070330982234e-06	0.00018338529249952739	0.0005028985656224292	0.00022946770375824598	0.007645904526894264	0.5994439990488051	False
B:HLA-B_nov_6a4e0ed5	6.670703309822253e-06	0.00018338529249953102	0.002862605260170703	0.00030151851589288215	0.0029428268531213834	1.6941397457220146	False
B:HLA-B_nov_6a8fd8e2	6.670703309822162e-06	0.00018338529249953484	0.0038122471691657846	0.004452784765736377	0.0016553810836514896	1.6941397457220153	False
B:HLA-B_nov_6afb2f6a	6.670703309822096e-06	0.00018338529249953755	0.0016377045385105576	0.0001154122428711466	0.0010973308698580435	1.6941397457220144	False
B:HLA-B_nov_6afdcf32	6.670703309822132e-06	0.00018338529249953598	0.006534591230903202	0.0009720865122659181	0.008598630682499917	1.3973898468176045	False
B:HLA-B_nov_6b37665d	6.670703309822341e-06	0.00018338529249952739	0.00393307238278565	0.00039815239266829917	0.0019913121228992943	0.5909730946714781	False
B:HLA-B_nov_6b929f85	6.670703309822404e-06	0.00018338529249952478	0.0010753408755757772	0.0002558732380367774	0.003970031761933135	0.0	False
B:HLA-B_nov_6c14ecd9	6.670703309821866e-06	0.00018338529249954706	0.0005204496506901416	5.7518416905979405e-05	0.003555177486514309	0.599443999048805	False
B:HLA-B_nov_6c52313d	3.333925376674801e-05	0.0001833852924995646	0.0013063517139521796	0.000257730603334647	0.0012074170831384938	1.0110533767100975	False
B:HLA-B_nov_6ca27245	6.67070330982215e-06	0.00018338529249953525	0.0004439049802222306	0.00016465880413891332	0.004061037859539723	0.5994439990488049	False
B:HLA-B_nov_6cbd58c1	6.670703309822546e-06	0.0001833852924995189	0.001457805924634207	0.00023448939103492647	0.0024755415148546974	0.5994439990488051	False
B:HLA-B_nov_6d041ba3	6.670703309822408e-06	0.0001833852924995246	0.003698141422261636	0.00032827276881253447	0.002276677184258876	0.6880876388067215	False
B:HLA-B_nov_6d208db1	6.670703309822317e-06	0.00018338529249952842	0.0009304091591429232	0.0003302768524228825	0.002701774073129835	0.6880876388067216	False
B:HLA-B_nov_6d42ea59	6.670703309822036e-06	0.0001833852924995401	0.0009301982156476908	0.0002180884668452526	0.003710020952318498	0.6880876388067214	False
B:HLA-B_nov_6de6f05c	6.670703309821964e-06	0.000183385292499543	0.0025322426920592663	0.0003909935443144721	0.0005821021219285502	0.5994439990488051	False
B:HLA-B_nov_6df32fb8	6.67070330982187e-06	0.00018338529249954687	0.004569231437080358	0.0004843180633056103	0.005709169198757933	1.3973898468176043	False
B:HLA-B_nov_6e4db735	6.670703309821805e-06	0.00018338529249954956	0.0018395794665027612	0.0001164315844669338	0.0029343332624366066	0.6880876388067216	False
B:HLA-B_nov_6e966e59	6.670703309822043e-06	0.00018338529249953972	0.0004773486153100897	3.8710026696660176e-05	0.003716541779870044	0.5994439990488051	False
B:HLA-B_nov_6edc2a7d	6.670703309822302e-06	0.00018338529249952899	0.0015398514243151135	0.0003279952018054164	0.005023874568161592	0.599443999048805	False
B:HLA-B_nov_6f36e254	6.670703309822085e-06	0.00018338529249953793	0.002918720396502765	0.000263132967864125	0.0022343196447380314	4.683899434417869	False
B:HLA-B_nov_6f552993	2.6674255569873545e-05	0.00018338529249952422	0.006347894973089077	0.0006224521299521393	0.003072546224189093	1.202549823977856	False
B:HLA-B_nov_6f6320ab	6.670703309822127e-06	0.00018338529249953622	0.008098144865767215	0.0012303457421186023	0.010486781974145553	1.3973898468176045	False
B:HLA-B_nov_6fe77099	6.670703309821886e-06	0.00018338529249954625	0.0072393960867891865	0.001073283234801368	0.007940231556351965	1.3973898468176043	False
B:HLA-B_nov_708e0c17	6.6707033098224524e-06	0.00018338529249952275	0.002635906485175828	0.00024515467993624303	0.0006629037121189101	0.5909730946714781	False
B:HLA-B_nov_709461de	6.670703309822005e-06	0.00018338529249954124	0.0011019806563624635	6.398131951836715e-05	0.002732998948348393	0.5909730946714781	False
B:HLA-B_nov_7227aa04	6.670703309822303e-06	0.00018338529249952896	6.088129380938068e-05	7.466138535572091e-05	0.0012712863070670597	1.3973898468176043	False
B:HLA-B_nov_72428e2d	6.67070330982196e-06	0.00018338529249954313	0.004045522341027373	0.0004440928295078819	0.003193874324404095	0.5909730946714782	False
B:HLA-B_nov_7302f76d	6.670703309822425e-06	0.00018338529249952386	0.0007746225926943995	0.00018939701640975997	0.0016213212375202366	0.5909730946714781	False
B:HLA-B_nov_73714420	6.6707033098221865e-06	0.00018338529249953378	0.004177186942106309	2.9706277579873834e-05	0.00025641809868151474	0.599443999048805	False
B:HLA-B_nov_7409cfcb	6.670703309821914e-06	0.00018338529249954509	0.0032693172871534285	0.0005943420544346583	0.004537720670292637	0.5994439990488052	False
B:HLA-B_nov_746946c1	6.670703309821828e-06	0.0001833852924995487	0.0024097137677036437	8.049245760488357e-05	0.0017644411737872407	1.6941397457220144	False
B:HLA-B_nov_74d648cd	0.00021938013431550664	0.0001833852924995358	0.01415727429131382	0.0023681589306756693	0.0017739653848601533	5.187380345438714	False
B:HLA-B_nov_7571b4cf	0.00032545529928402307	0.0001833852924995836	0.027478119769116068	0.004338138653794947	0.031314999281307154	21.366071497581405	False
B:HLA-B_nov_75c0c1a4	6.6707033098220425e-06	0.00018338529249953972	2.333930417462109e-05	6.086749429950097e-05	0.00342327620273862	0.5994439990488051	False
B:HLA-B_nov_75cec853	6.670703309822048e-06	0.00018338529249953948	0.0011307742817332196	8.049302827243091e-05	0.00247206281068345	0.599443999048805	False
B:HLA-B_nov_75d764e9	6.6707033098224414e-06	0.0001833852924995232	0.0007585782882365683	3.540165653668969e-05	0.0022518827736951732	0.599443999048805	False
B:HLA-B_nov_766af2c2	6.670703309822246e-06	0.00018338529249953126	0.006480569429677309	0.0009272888922972054	0.008711275107780499	1.3973898468176043	False
B:HLA-B_nov_7716f50b	0.00047007563358085345	0.0001833852924995262	0.00789631988472623	0.0005215624294620034	0.0034555091476723113	2.072675456120535	False
B:HLA-B_nov_7752bb66	0.00026571563536874094	0.0001833852924995885	0.0009280546070110974	0.000918082065431474	0.018852008021916784	6.323553087600448	False
B:HLA-B_nov_77a21fe5	6.670703309822335e-06	0.00018338529249952766	0.0032671228361402602	0.0005572687370508911	0.0012242785001286376	0.6880876388067216	False
B:HLA-B_nov_77dab031	6.670703309822085e-06	0.00018338529249953793	0.0016067713673100497	0.00013080662764983027	0.004143557576077229	4.683899434417869	False
B:HLA-B_nov_785793cf	6.670703309821901e-06	0.00018338529249954557	1.2742527315013453e-05	0.00010772947301371908	0.002397080653136309	0.5994439990488051	False
B:HLA-B_nov_78748980	6.670703309822292e-06	0.00018338529249952934	0.0009470408889357087	0.0003056100845964001	0.0039039542138139707	0.6880876388067215	False
B:HLA-B_nov_79772159	2.6674255569874168e-05	0.00018338529249952682	0.0019029989064232443	6.131040791214271e-05	0.00038301256876497675	2.7562862328559046	False
B:HLA-B_nov_79c3a6b5	6.670703309822097e-06	0.0001833852924995375	0.007164373948660667	0.0010640441964230116	0.006582058350898812	1.3973898468176043	False
B:HLA-B_nov_7a05cd54	6.67070330982252e-06	0.00018338529249951993	0.004593160423210887	0.0003514616351020709	0.0032626556775776513	1.3973898468176043	False
B:HLA-B_nov_7ab154bd	6.6707033098217935e-06	0.00018338529249955007	0.0003696580748526068	6.519921058276604e-05	0.00045090486148855553	0.599443999048805	False
B:HLA-B_nov_7c4a4f49	6.670703309822508e-06	0.0001833852924995204	0.00018979771346130898	0.0001596182490371619	0.002477512330378911	0.599443999048805	False
B:HLA-B_nov_7cdbfe7c	6.67070330982233e-06	0.00018338529249952785	0.0014746949264757719	3.6278625853144206e-05	0.0014680975264125548	0.599443999048805	False
B:HLA-B_nov_7d093379	6.670703309822259e-06	0.0001833852924995307	0.0019011315895820305	6.83849848416671e-05	0.0016501481906060036	0.5994439990488049	False
B:HLA-B_nov_7d255483	6.670703309822055e-06	0.00018338529249953915	0.004627487174005814	0.0005274223511049212	0.00216832918229554	0.5909730946714782	False
B:HLA-B_nov_7d4604b5	6.670703309822476e-06	0.00018338529249952175	0.0009651969967025661	3.2371427391849714e-05	0.005469463095515754	0.5994439990488051	False
B:HLA-B_nov_7d6911e6	6.670703309821847e-06	0.00018338529249954788	0.006205739751653895	0.0009857881083676437	0.007800884676544587	1.3973898468176043	False
B:HLA-B_nov_7d8c1f06	6.67070330982226e-06	0.0001833852924995307	0.0004330950575113096	5.473262205424281e-05	0.0012067620926315271	0.5909730946714781	False
B:HLA-B_nov_7dfe68fe	6.670703309822531e-06	0.00018338529249951947	0.005142396315863931	0.0005639950045139937	0.003390162918769627	0.5909730946714781	False
B:HLA-B_nov_7fe285e8	6.670703309822106e-06	0.00018338529249953712	0.0014723842846344037	0.00018251249551254445	0.0025027746352125307	0.599443999048805	False
B:HLA-B_nov_80c40461	6.67070330982234e-06	0.00018338529249952739	0.0039627661234874646	0.0004356643876653523	0.0030034590253229846	0.5909730946714781	False
B:HLA-B_nov_82017cd4	6.670703309822548e-06	0.00018338529249951874	0.0026231618829563215	0.0002807701941443359	0.0009419914900866317	1.6941397457220142	False
B:HLA-B_nov_8343f020	6.670703309821904e-06	0.0001833852924995455	0.0066196288256726785	0.000774287515133917	0.005556030830925084	0.5909730946714781	False
B:HLA-B_nov_8345fbf0	6.6707033098221534e-06	0.00018338529249953508	0.0037295552284388597	0.00035606090455684924	0.00039850576314289985	0.5909730946714781	False
B:HLA-B_nov_83b7b3bf	6.670703309822341e-06	0.00018338529249952739	0.0003315955705080165	0.000238891618018091	0.0034555374694036803	0.6880876388067215	False
B:HLA-B_nov_843c5aa2	6.670703309821797e-06	0.00018338529249954996	0.007617773935854335	0.001304947272978233	0.008222336544271265	1.3973898468176043	False
B:HLA-B_nov_85407195	6.670703309822298e-06	0.00018338529249952912	0.006196758722976504	0.0007049428545119778	0.0046553753275683915	0.5909730946714781	False
B:HLA-B_nov_85bdf62f	6.670703309822465e-06	0.00018338529249952218	0.0010103114341245268	0.00010352693317661009	0.0005857974116890409	0.6880876388067216	False
B:HLA-B_nov_85ee38b4	6.67070330982177e-06	0.00018338529249955102	0.0020898431664435196	0.00029568018843450784	0.0033324816075670956	1.6941397457220149	False
B:HLA-B_nov_85fca092	6.6707033098221255e-06	0.0001833852924995363	0.0033901767972022287	0.00047267164481565473	0.003100573618772032	4.68389943441787	False
B:HLA-B_nov_8604a1ed	6.6707033098220255e-06	0.00018338529249954042	0.00499232011425403	0.0005295342091561579	0.002357405390313286	0.5909730946714781	False
B:HLA-B_nov_860e6c9d	2.6674255569880863e-05	0.0001833852924995234	0.004087053289024004	0.0010405578418751108	0.008427408825561764	2.7562862328559046	False
B:HLA-B_nov_8738690d	6.670703309822064e-06	0.00018338529249953882	0.0009666951409984927	0.00028790943058334576	0.0036555902377120074	0.5994439990488051	False
B:HLA-B_nov_877845eb	6.670703309822082e-06	0.00018338529249953807	0.004519218394547394	0.0004895751944469891	0.0018933413868126236	0.5909730946714782	False
B:HLA-B_nov_886a10c6	6.670703309822401e-06	0.00018338529249952487	0.001028930700852929	0.00023438661400494552	0.00239157522063364	0.5994439990488051	False
B:HLA-B_nov_88b5e881	6.6707033098218595e-06	0.00018338529249954736	0.0015667832312805247	3.727723938123468e-05	0.0007406720330344391	0.6880876388067214	False
B:HLA-B_nov_88f0f010	6.670703309822155e-06	0.00018338529249953506	0.006767116846342811	0.0007448890353915643	0.0050165945461256856	0.6880876388067215	False
B:HLA-B_nov_89319c90	6.670703309822267e-06	0.00018338529249953042	0.0064914513741357975	0.0007580028166531771	0.004882753294896986	0.5909730946714782	False
B:HLA-B_nov_89424f29	6.670703309822103e-06	0.00018338529249953723	0.002554346367138572	0.000284286070359368	0.0007299767038385774	0.5909730946714782	False
B:HLA-B_nov_8976677d	6.6707033098224245e-06	0.00018338529249952392	0.0025935777966264156	0.00032270469066698237	0.0006395132307993436	1.694139745722015	False
B:HLA-B_nov_89cf2b08	6.670703309821794e-06	0.00018338529249955007	0.0023919844871040387	0.0003954795654035713	0.0035307502339979617	0.5994439990488051	False
B:HLA-B_nov_8a010d86	6.670703309822416e-06	0.00018338529249952422	0.0009271727413767469	7.459073623005515e-05	0.004774820478430789	0.5994439990488052	False
B:HLA-B_nov_8a2e0836	0.000166408160630042	0.00018338529249959802	0.019207325063152692	0.0020145354000763037	0.017271354117674262	13.20915366121566	False
B:HLA-B_nov_8b4d2aff	6.670703309821989e-06	0.00018338529249954194	0.006295178987547868	0.0007131724913986679	0.00428402119142561	0.5909730946714782	False
B:HLA-B_nov_8b9103a4	6.6707033098220755e-06	0.00018338529249953834	0.003808341506415926	0.0005547405805896003	0.0033538660046997996	0.599443999048805	False
B:HLA-B_nov_8c0e6332	6.670703309822208e-06	0.00018338529249953292	0.005406262909588836	0.0006061813150697233	0.004743988217800999	0.5909730946714782	False
B:HLA-B_nov_8c14ef54	6.670703309822018e-06	0.0001833852924995408	0.0032180296743776794	0.00042580214491365017	2.9082535759766426e-05	4.683899434417872	False
B:HLA-B_nov_8c43039b	6.670703309822531e-06	0.00018338529249951947	0.0020908047771880985	0.00014341106800489384	0.0015167453814326699	1.3973898468176043	False
B:HLA-B_nov_8c596552	6.670703309821834e-06	0.00018338529249954834	0.0013513615618978335	0.0003712116213516995	0.004346562366637378	0.6880876388067215	False
B:HLA-B_nov_8c6fe73c	6.670703309822244e-06	0.00018338529249953134	0.008505829710420618	0.0012647648806804722	0.012632551229835488	1.3973898468176043	False
B:HLA-B_nov_8cc7819b	6.670703309821812e-06	0.00018338529249954931	0.002360851108403	0.00023870917503940363	0.0009538513786700632	0.5909730946714782	False
B:HLA-B_nov_8dc202a4	6.670703309822242e-06	0.00018338529249953142	0.004403067650782912	0.0004814142773378119	0.0021978250297320263	0.5909730946714782	False
B:HLA-B_nov_8ddb92d2	6.6707033098220366e-06	0.00018338529249954004	0.002059384555509694	0.0003963564817092272	0.0021570583023076315	0.599443999048805	False
B:HLA-B_nov_8df7809d	6.670703309822277e-06	0.00018338529249952993	0.006117070363052666	0.0006932480376855964	0.004546886471339757	0.5909730946714781	False
B:HLA-B_nov_8e0e0943	6.670703309821883e-06	0.0001833852924995463	0.0038726312349249346	7.812200414282989e-05	0.001515134027882253	1.6941397457220144	False
B:HLA-B_nov_8e8d3c8f	6.670703309822345e-06	0.0001833852924995272	0.0003659571041831134	0.00016026016968587862	0.003780355066174761	0.599443999048805	False
B:HLA-B_nov_8ecf43de	1.3339980341410129e-05	0.00018338529249948822	0.0013925816726383735	0.00029534253607787727	0.006008126286374782	0.7940959287881594	False
B:HLA-B_nov_8f012d91	6.670703309822186e-06	0.00018338529249953378	0.0068155362208727355	0.0009940657626020838	0.007261404571039828	1.3973898468176043	False
B:HLA-B_nov_8fec16fc	6.6707033098220094e-06	0.0001833852924995411	0.0007643072602908953	2.9631624169595134e-05	0.0016196274181688244	0.6880876388067212	False
B:HLA-B_nov_900e5341	6.6707033098218375e-06	0.00018338529249954826	0.005362916219373607	0.0005955579535500637	0.003920892136074717	0.5909730946714781	False
B:HLA-B_nov_903af24a	6.670703309822287e-06	0.0001833852924995296	0.002216440030200094	0.00019343442932445544	0.003434032261937158	4.683899434417873	False
B:HLA-B_nov_90596be6	6.670703309822395e-06	0.00018338529249952514	0.00785801466855248	0.0009431321897236679	0.006134825175231801	0.5909730946714782	False
B:HLA-B_nov_9080fd27	6.670703309821853e-06	0.0001833852924995476	0.0023230425541305687	0.0005461591554279648	0.004680017081722014	0.5994439990488051	False
B:HLA-B_nov_915a65b7	6.670703309821925e-06	0.00018338529249954468	0.0036376681371634695	0.00034292107493369043	0.0028222297272833185	4.683899434417869	False
B:HLA-B_nov_91625672	6.670703309822477e-06	0.00018338529249952175	0.0061718825500815715	0.0006799889370420329	0.00393079905796729	0.5909730946714782	False
B:HLA-B_nov_921de884	6.6707033098220865e-06	0.00018338529249953788	0.0036232550871782517	0.0007846332331871401	0.004144992777775066	0.6880876388067213	False
B:HLA-B_nov_92dad439	6.670703309821931e-06	0.00018338529249954438	0.00396794601877677	0.00045128539541477834	0.0019160974446450585	0.5909730946714782	False
B:HLA-B_nov_93267114	6.670703309822482e-06	0.0001833852924995215	0.004384375125599297	0.0004492175582966502	0.0022101816751597396	0.5909730946714782	False
B:HLA-B_nov_93bc130b	2.667425556987163e-05	0.00018338529249951703	0.02485648609745047	0.19307758345047735	0.0030455025288090003	3.6666992974354833	False
B:HLA-B_nov_93fcb251	6.670703309822135e-06	0.00018338529249953592	0.006667011090194777	0.0007720270224645199	0.0048052144643691	0.5909730946714781	False
B:HLA-B_nov_942ad49d	6.670703309822353e-06	0.00018338529249952676	0.005668177579943847	0.000818779889250058	0.002174467911277431	1.3973898468176043	False
B:HLA-B_nov_94a057b6	6.67070330982197e-06	0.00018338529249954278	0.0023512641928930835	0.00015381902721465525	0.005167552742074905	0.599443999048805	False
B:HLA-B_nov_94facc98	6.670703309822194e-06	0.0001833852924995334	0.00721433458604378	0.0008402674837524306	0.005205927768438932	0.5909730946714781	False
B:HLA-B_nov_950f781a	6.670703309822103e-06	0.00018338529249953723	0.003360854675383312	0.0002991706757999438	0.0016344998204219634	0.5909730946714782	False
B:HLA-B_nov_950fe3aa	6.670703309822517e-06	0.00018338529249952004	0.0017306632963888494	0.00010832477640269303	0.001369701943879807	0.6880876388067215	False
B:HLA-B_nov_95a6cace	6.670703309822021e-06	0.00018338529249954061	0.0060363633564751214	0.000947872937246441	0.005998787548202541	1.3973898468176043	False
B:HLA-B_nov_95c80fc7	6.670703309822437e-06	0.00018338529249952335	0.00383391752130966	0.0003839028715485293	1.8433984322570542e-05	0.5909730946714782	False
B:HLA-B_nov_960090af	6.670703309822069e-06	0.00018338529249953858	0.005337583833592313	0.0007664541592262141	0.007432028055851273	1.3973898468176043	False
B:HLA-B_nov_96a3d8c0	6.670703309822162e-06	0.00018338529249953484	0.00024315943380188762	0.0002037084411692585	0.003809900239905471	4.683899434417871	False
B:HLA-B_nov_97003b12	6.670703309821978e-06	0.00018338529249954238	0.0062425053008771806	0.0009232377936464187	0.007666626647389751	1.3973898468176043	False
B:HLA-B_nov_970e6c4a	6.670703309821845e-06	0.00018338529249954793	0.001549790421211636	0.0003052847832081107	0.003255721354037893	0.599443999048805	False
B:HLA-B_nov_97890c08	6.6707033098219925e-06	0.0001833852924995418	0.003817294350133063	0.0005929914864989639	0.0059713323707044075	0.5909730946714782	False
B:HLA-B_nov_978b3f67	6.670703309822061e-06	0.00018338529249953896	0.0015400794355033473	2.2896050999972517e-06	0.0008365929378859162	0.5909730946714782	False
B:HLA-B_nov_97d4c44c	6.6707033098223584e-06	0.00018338529249952663	0.0007538227587158953	1.559978599092318e-05	0.002849041908405691	0.599443999048805	False
B:HLA-B_nov_98197dc1	6.670703309821805e-06	0.00018338529249954956	0.005489625028373229	0.0005728894991700584	0.007821919898107847	1.6941397457220149	False
B:HLA-B_nov_983d840a	6.670703309822174e-06	0.00018338529249953427	0.002721067046691074	0.0005571746972839758	0.002977071914421496	1.3973898468176043	False
B:HLA-B_nov_995a3ec9	6.6707033098222805e-06	0.00018338529249952988	0.0023519232603359283	0.00024196856596913984	0.00044001387907149247	0.5909730946714781	False
B:HLA-B_nov_997b815e	6.670703309822488e-06	0.0001833852924995213	0.0005537156587913758	0.00011477005072187206	0.0001187278637437925	0.6880876388067214	False
B:HLA-B_nov_99e3a911	6.670703309822538e-06	0.00018338529249951923	0.0025215131132326125	0.00012552791778602449	0.0035730279229960866	1.6941397457220144	False
B:HLA-B_nov_99ead9b9	6.6707033098223635e-06	0.00018338529249952646	0.0002742186849940193	1.9872717607668643e-05	0.0018626823836020612	0.5994439990488051	False
B:HLA-B_nov_9a1bd411	6.670703309822364e-06	0.00018338529249952638	0.0019749911465178154	0.0002753180385780295	0.003841318094933292	1.6941397457220144	False
B:HLA-B_nov_9a4b1870	1.3339980341410127e-05	0.00018338529249960903	0.008443463070937872	0.0006527599004971286	0.01117544507701302	0.8426677110455664	False
B:HLA-B_nov_9a779eb0	6.670703309822237e-06	0.00018338529249953167	0.0052661067533054245	0.00017347064566219602	0.000714994039957684	1.6941397457220146	False
B:HLA-B_nov_9abb80b8	6.670703309822156e-06	0.000183385292499535	0.0027844696973683323	0.0004677996168468469	0.002385044726168064	0.6880876388067215	False
B:HLA-B_nov_9ad05e51	6.670703309821824e-06	0.00018338529249954883	0.0005594617628322215	0.00017798403268091953	0.0034686818716426616	0.5994439990488051	False
B:HLA-B_nov_9d08ae6f	6.670703309822473e-06	0.0001833852924995219	0.0071838776725161105	0.0007704678332498741	0.007385696492402111	1.3973898468176043	False
B:HLA-B_nov_9e1df2cd	6.670703309821826e-06	0.0001833852924995487	0.0017677614044857713	0.00016807623950615682	0.0001059179293804351	1.6941397457220144	False
B:HLA-B_nov_9ee0b8f8	6.670703309822192e-06	0.0001833852924995335	0.0023221367804736243	0.00016384021516986752	0.00010150204499811852	0.5909730946714781	False
B:HLA-B_nov_9f0c5e12	6.670703309822115e-06	0.00018338529249953666	0.003767118026427975	0.00019630710190265537	0.0020252019042053043	1.6941397457220144	False
B:HLA-B_nov_9f3e174f	6.6707033098221805e-06	0.00018338529249953395	0.0007850400886230671	0.00019239488445571087	0.0017118104373524414	0.599443999048805	False
B:HLA-B_nov_9f7d2aaf	6.670703309822469e-06	0.00018338529249952207	0.007025256299138675	0.000820912735421483	0.005714506604661051	0.5909730946714781	False
B:HLA-B_nov_9f907b71	6.6707033098223694e-06	0.00018338529249952614	0.00564274703731137	0.000620071632436996	0.0022641118641006414	0.5909730946714782	False
B:HLA-B_nov_9fbe8078	6.670703309822336e-06	0.00018338529249952752	0.0010565424033580416	0.00019716560924778318	0.0057837608681351555	0.5994439990488051	False
B:HLA-B_nov_a023356a	6.670703309822031e-06	0.00018338529249954026	0.0013750986278130656	0.00014085902584302972	0.005354961160497247	0.599443999048805	False
B:HLA-B_nov_a05cc281	6.670703309822006e-06	0.00018338529249954124	0.0020051636527715915	0.0001813792578939706	6.77630891885889e-05	4.683899434417872	False
B:HLA-B_nov_a14c370b	6.6707033098219e-06	0.00018338529249954566	0.004060682232769014	0.00041335002857174235	0.002983082785968307	0.5909730946714782	False
B:HLA-B_nov_a2393038	0.00013978525107669664	0.0001833852924995643	0.003021845081257232	0.00035444250012149473	0.008466839409509538	2.933138609285429	False
B:HLA-B_nov_a3e9f87a	4.6664971325803277e-05	0.0001833852924994815	0.01798739980812172	0.0028098453833573507	0.021725549315735945	9.832236994475672	False
B:HLA-B_nov_a3f62ec9	6.670703309821895e-06	0.00018338529249954582	0.001671590204776467	0.00025111342564366844	0.003141871484524208	1.694139745722015	False
B:HLA-B_nov_a4143085	6.670703309822289e-06	0.00018338529249952947	0.0014902024499185102	1.1907558646460163e-05	0.0036782732312686485	0.5909730946714782	False
B:HLA-B_nov_a4ba84de	4.6664971325803703e-05	0.00018338529249949435	4.2726131264157744e-05	0.00038727250692993306	0.006027517070206275	0.987895338238142	False
B:HLA-B_nov_a5149631	6.670703309822413e-06	0.00018338529249952443	0.005332233779343286	0.0005516332162085498	0.00403621942770527	0.6880876388067214	False
B:HLA-B_nov_a58ba6da	8.660789332527502e-05	0.00018338529249952457	0.0064428535339679845	0.0016869658848983025	0.012006815788707404	8.99652354175586	False
B:HLA-B_nov_a58e54e7	6.67070330982217e-06	0.0001833852924995344	0.0008011568157255402	1.772357733395829e-05	0.0029670518931676523	0.5909730946714781	False
B:HLA-B_nov_a5d0748a	6.670703309822461e-06	0.0001833852924995224	0.004887141827087188	0.0005424867153211937	0.003739336931800981	0.5909730946714782	False
B:HLA-B_nov_a625005e	6.670703309822474e-06	0.00018338529249952188	0.005448539040921669	0.0003814673201188648	0.006141028948532009	1.3973898468176043	False
B:HLA-B_nov_a6fe07fd	6.670703309822547e-06	0.0001833852924995188	0.005767325595649669	0.0005632481227107804	0.00444513996326032	1.6941397457220142	False
B:HLA-B_nov_a7aafd80	6.67070330982229e-06	0.00018338529249952947	0.004008379593985413	0.00038159717379179173	0.00377279422974521	0.5909730946714782	False
B:HLA-B_nov_a80fc10b	6.6707033098222636e-06	0.00018338529249953056	0.001864690434610455	0.00015915278010409503	0.005155530754412712	0.599443999048805	False
B:HLA-B_nov_a875de23	6.670703309822047e-06	0.00018338529249953958	0.003731449839860281	0.0005466826221140826	0.0027485363051441237	0.5909730946714781	False
B:HLA-B_nov_a8d3b5ae	6.6707033098218875e-06	0.00018338529249954614	5.991046123006542e-05	1.2298948011623436e-05	0.0044195108822527775	0.5994439990488052	False
B:HLA-B_nov_a8e4136a	6.670703309821911e-06	0.00018338529249954517	0.0007776687915278187	5.9363537016367255e-05	0.0005305595998424938	0.5994439990488052	False
B:HLA-B_nov_a93b0a2b	6.6707033098218265e-06	0.0001833852924995487	0.008000408022237542	0.0009228395433978136	0.006247675746280499	0.5909730946714782	False
B:HLA-B_nov_a9522e91	6.670703309822366e-06	0.00018338529249952633	0.005386597318424967	0.0007651163037767312	0.0011133447543912448	1.3973898468176043	False
B:HLA-B_nov_a97e900d	6.670703309822084e-06	0.00018338529249953793	0.0005884262654594031	0.00021552218527284825	0.0033715240297721902	0.599443999048805	False
B:HLA-B_nov_a98e7bc5	6.67070330982179e-06	0.0001833852924995502	0.0028745622363395037	0.0004630032308295331	0.00272802012177931	1.3973898468176043	False
B:HLA-B_nov_a9c9570f	6.670703309822101e-06	0.0001833852924995373	0.007482583917539883	0.0012039948759937163	0.007645640055355898	1.3973898468176043	False
B:HLA-B_nov_ab01cadc	6.670703309822211e-06	0.00018338529249953273	0.006883366991874857	0.0009453027480314445	0.008328372975351255	1.3973898468176043	False
B:HLA-B_nov_ab1351b4	0.00037795374859508907	0.00018338529249958976	0.03374479957216428	0.003653817575158872	0.018955184706733522	21.629182098368624	False
B:HLA-B_nov_ab3dd779	6.670703309821899e-06	0.00018338529249954568	0.001317929169636857	0.0002993137307165351	0.00290605980617676	0.599443999048805	False
B:HLA-B_nov_ab73e528	6.670703309822062e-06	0.00018338529249953893	0.0025105783734968587	0.0003451800529060215	0.0008267984001064107	1.6941397457220149	False
B:HLA-B_nov_ab7a1970	6.670703309822278e-06	0.00018338529249952993	0.008081395937985661	0.0013223681441353807	0.010304619562267085	1.3973898468176043	False
B:HLA-B_nov_ab839558	6.670703309822244e-06	0.00018338529249953137	0.0024453530924420626	0.0004704279857581141	0.0025684044332809144	1.3973898468176043	False
B:HLA-B_nov_abcae738	6.670703309822018e-06	0.0001833852924995408	0.0006404676741459934	0.00027248881702311614	0.0031354925422628576	0.6880876388067215	False
B:HLA-B_nov_abf2f906	0.00011320798242689029	0.00018338529249948662	0.017011859823340865	0.0018989929922538075	0.009756874164896963	5.195078709894008	False
B:HLA-B_nov_abfaeb71	6.670703309822008e-06	0.00018338529249954118	0.004706079388897103	0.0005033977631043613	0.0037082458435180733	0.5909730946714782	False
B:HLA-B_nov_adac2bc6	6.670703309822302e-06	0.00018338529249952899	0.0015398514243151135	0.0003279952018054164	0.005023874568161592	0.599443999048805	False
B:HLA-B_nov_ae080ac9	6.670703309821848e-06	0.00018338529249954777	0.0013368047546065754	0.0003942664817322827	0.003944235110351497	0.6880876388067214	False
B:HLA-B_nov_ae28592c	6.670703309822457e-06	0.0001833852924995226	0.004649165418610972	0.00046348991625347894	0.0030904630456784704	0.5909730946714781	False
B:HLA-B_nov_ae76889a	6.670703309822203e-06	0.00018338529249953305	0.0013042328404911604	0.0003085820683982209	0.0033007250004835555	0.6880876388067215	False
B:HLA-B_nov_aec7bc6f	6.6707033098223635e-06	0.00018338529249952644	0.003278182671342042	0.0005408615718698169	0.004218490393399264	1.3973898468176043	False
B:HLA-B_nov_af30735e	6.670703309821866e-06	0.00018338529249954704	0.004663729162981523	0.0006599429049891624	0.008317328833123003	1.6941397457220146	False
B:HLA-B_nov_af51adc0	0.00012649946930824935	0.0001833852924995598	0.02229431899183839	0.003138589725907793	0.017538798766599747	7.2234812137041535	False
B:HLA-B_nov_af64f753	6.670703309822187e-06	0.00018338529249953373	0.0035363456517756974	0.0003378508614535251	0.0006551945119315125	0.5909730946714782	False
B:HLA-B_nov_af6a8541	6.670703309822165e-06	0.0001833852924995346	0.0029524677647926162	0.000297644504271319	0.0004102333658629496	0.5909730946714782	False
B:HLA-B_nov_af8b859b	8.664212400292144e-05	0.00018338529249958976	0.021099068037516627	0.0029747127926704245	0.024384422645417313	13.099649261809386	False
B:HLA-B_nov_b03a9586	6.670703309821802e-06	0.0001833852924995497	0.0012044184655924093	0.00034299507107395257	0.003930275489113269	0.6880876388067217	False
B:HLA-B_nov_b0c6c4a8	6.670703309821893e-06	0.00018338529249954598	0.0034125749868433096	0.0001968928761132516	0.000977901546607312	1.6941397457220142	False
B:HLA-B_nov_b1992d3b	6.670703309822496e-06	0.00018338529249952096	0.0020290939742150446	0.00041307351570916897	0.001642398452559131	1.3973898468176043	False
B:HLA-B_nov_b1d82175	6.670703309821866e-06	0.00018338529249954706	0.005308581032483591	0.0005970659327674383	0.004627139533163747	0.5909730946714782	False
B:HLA-B_nov_b277757c	6.670703309822475e-06	0.00018338529249952183	0.0064581077892126686	0.0007723958800833637	0.005541487325296014	0.5909730946714781	False
B:HLA-B_nov_b44619c9	6.670703309822377e-06	0.0001833852924995259	0.0005621381793124754	0.00012065694467832221	0.0016116358158565715	0.599443999048805	False
B:HLA-B_nov_b4bcc5dc	6.670703309822399e-06	0.000183385292499525	0.004873964307543599	0.0005320289050085447	0.005042452764632105	0.5909730946714782	False
B:HLA-B_nov_b5602c21	6.6707033098218375e-06	0.00018338529249954826	0.0073929265670365455	0.0011524568642361727	0.010107481439292583	1.3973898468176043	False
B:HLA-B_nov_b57de30e	6.670703309821962e-06	0.00018338529249954308	0.003490343562682195	0.0005757010667626644	0.000997570603794836	1.3973898468176043	False
B:HLA-B_nov_b5feb9c0	6.67070330982236e-06	0.00018338529249952657	0.002677035383417678	0.00030792737140276336	0.0015498546748156374	0.6880876388067214	False
B:HLA-B_nov_b6619d8d	6.6707033098220535e-06	0.00018338529249953926	0.0011153219125522665	0.00014514083851027674	0.004175132866101492	0.599443999048805	False
B:HLA-B_nov_b6c41ddd	6.670703309822419e-06	0.0001833852924995241	0.0001995651729164366	2.475312466357412e-05	0.0005334774466275823	1.694139745722015	False
B:HLA-B_nov_b6e49b3c	6.670703309821875e-06	0.0001833852924995467	0.007128395799614364	0.0009420814181029562	0.005784695194045083	0.5909730946714781	False
B:HLA-B_nov_b732cb1c	0.0001663396992747279	0.0001833852924995574	0.004547205742251029	0.0003868231211839735	0.008958713941625744	5.762004614400845	False
B:HLA-B_nov_b7d1f5da	6.670703309822357e-06	0.0001833852924995267	9.894586412045764e-05	7.86213993250492e-06	0.002760386459684898	0.5909730946714781	False
B:HLA-B_nov_b7dcf573	6.670703309822335e-06	0.00018338529249952766	0.007470049000763999	0.0008506645726735438	0.005905050775147971	0.5909730946714782	False
B:HLA-B_nov_b85da312	6.6707033098219036e-06	0.0001833852924995455	0.0045262601314182156	0.0007091367253660021	0.003822523694844481	1.3973898468176043	False
B:HLA-B_nov_b8f68360	6.6707033098219154e-06	0.000183385292499545	0.0063589668596476375	0.001010199837482105	0.006519292086931744	1.3973898468176043	False
B:HLA-B_nov_b947dcb4	2.6682813239288793e-05	0.00018338529249953321	9.441894234410909e-05	5.638155434891394e-05	0.004365185498960322	0.5994439990488051	False
B:HLA-B_nov_b99b4797	0.00025910055691013455	0.00018338529249958577	0.010214919315900814	0.0006734734697261757	0.007687680247351057	2.6412988485377413	False
B:HLA-B_nov_ba21176a	0.0001199029324666912	0.00018338529249963223	0.004839218438984145	0.0006826615296917172	0.014048841301466018	4.557961990187216	False
B:HLA-B_nov_bad7b9fc	6.670703309822088e-06	0.00018338529249953782	0.0001138654543359186	6.850524677212188e-06	0.0016743025405258302	0.599443999048805	False
B:HLA-B_nov_bb3d5087	6.670703309822156e-06	0.000183385292499535	0.006332398524757295	0.0007324610039671727	0.004814955366539497	0.5909730946714781	False
B:HLA-B_nov_bb5af146	6.670703309822443e-06	0.0001833852924995231	0.0063432428847669045	0.0010763559928474347	0.007305809218795265	1.3973898468176043	False
B:HLA-B_nov_bca4b2b9	0.00012649946930823905	0.00018338529249954964	0.02002360888363321	0.0021689287257157224	0.01293897226715235	5.55374071530221	False
B:HLA-B_nov_bcdf3834	6.670703309822183e-06	0.00018338529249953386	0.0006487700900903657	3.319657326444494e-05	0.0004927314091393718	0.5909730946714782	False
B:HLA-B_nov_bd37224e	6.670703309822238e-06	0.00018338529249953167	0.002416956185005061	0.0004923978414584685	0.005230354095655308	0.6880876388067217	False
B:HLA-B_nov_bdf27ef9	6.6707033098219485e-06	0.00018338529249954365	0.002029868127503707	0.0001922309294033691	0.004415896734076681	1.6941397457220142	False
B:HLA-B_nov_be498733	6.670703309821999e-06	0.00018338529249954156	0.008575829499260794	0.0012018222100350104	0.011596288614996795	1.3973898468176043	False
B:HLA-B_nov_be69758b	6.670703309822205e-06	0.00018338529249953294	0.005705197413631319	0.0006408385235620332	0.004552873000313162	0.5909730946714782	False
B:HLA-B_nov_beb4d124	6.6707033098222e-06	0.00018338529249953321	0.00483351220023725	0.0002607261955793237	0.0012101301928843721	1.6941397457220149	False
B:HLA-B_nov_beb4db1f	6.6707033098222636e-06	0.0001833852924995305	0.00047271285885734453	2.054006576878234e-05	0.004247464052742479	0.599443999048805	False
B:HLA-B_nov_bef98926	6.6707033098221865e-06	0.00018338529249953378	0.001397190316797347	0.00023068398792778236	0.0029477938879552247	4.683899434417871	False
B:HLA-B_nov_beff239d	6.67070330982236e-06	0.00018338529249952657	0.003643213450607995	0.0006575221877163791	0.0013557247025259278	0.599443999048805	False
B:HLA-B_nov_bf1a69a3	6.670703309822122e-06	0.0001833852924995364	0.0010372070715107193	0.00026376990846385375	0.00402740914429952	0.599443999048805	False
B:HLA-B_nov_bf505b36	6.670703309822344e-06	0.0001833852924995272	0.00166688555571335	0.0002486764827687009	0.0016295546020180943	0.599443999048805	False
B:HLA-B_nov_bf61ed92	6.670703309822425e-06	0.00018338529249952386	0.001136818715979999	3.8051029518280485e-05	0.005548899831125013	0.5994439990488051	False
B:HLA-B_nov_bf76c177	6.670703309822087e-06	0.00018338529249953788	0.0023966452790976644	0.00038972831077082085	0.005521646779631795	0.599443999048805	False
B:HLA-B_nov_bfa755fa	6.670703309822083e-06	0.00018338529249953804	0.0031380988799088565	0.0005386049095344888	0.0032975205259820864	0.599443999048805	False
B:HLA-B_nov_bfb6333b	6.670703309821789e-06	0.00018338529249955024	0.001456981477382692	0.00032737693394141747	0.0064211801057558575	0.599443999048805	False
B:HLA-B_nov_c0369ebd	6.670703309822316e-06	0.00018338529249952842	0.004137140157639028	3.7936103412116914e-06	0.00046296358940131415	1.6941397457220149	False
B:HLA-B_nov_c0671265	6.670703309821967e-06	0.0001833852924995429	0.0020827433082443014	0.0003723394106157498	0.004138335343597496	0.599443999048805	False
B:HLA-B_nov_c0b4cb4c	6.670703309822023e-06	0.00018338529249954053	0.002736201517529691	0.0006544533260383193	0.005008259639366074	0.6880876388067214	False
B:HLA-B_nov_c17448dc	6.6707033098219646e-06	0.00018338529249954294	0.001635794136049217	0.00023142689789577188	0.0026502056497281342	1.3973898468176043	False
B:HLA-B_nov_c1c31457	6.670703309822057e-06	0.00018338529249953915	0.0011908819244083393	0.000268280637067403	0.003671367376658367	0.599443999048805	False
B:HLA-B_nov_c2365afe	2.6682813239288854e-05	0.00018338529249953264	0.00023117148148934407	5.405073736395228e-05	0.003961583719464085	0.6880876388067214	False
B:HLA-B_nov_c2686f98	6.670703309821793e-06	0.00018338529249955013	0.005196731818972466	0.0005883042212289879	0.003705125287839348	0.5909730946714781	False
B:HLA-B_nov_c272771c	6.670703309822034e-06	0.0001833852924995401	0.001993097506887804	0.00027155000930071733	0.005264754165931987	0.6880876388067214	False
B:HLA-B_nov_c30ccde0	2.6682813239288516e-05	0.00018338529249953617	0.003955338672350959	0.0006200428787215087	0.003893993485190919	1.3973898468176045	False
B:HLA-B_nov_c30cf4d2	1.3339980341410639e-05	0.00018338529249953812	0.004935041195127077	0.000391220597514513	0.0006655335217156407	0.9909586150694825	False
B:HLA-B_nov_c31c522f	6.670703309821859e-06	0.0001833852924995474	0.0005208204575736512	0.00017599200595934085	0.005178159136407785	0.5994439990488051	False
B:HLA-B_nov_c368473f	6.6707033098221865e-06	0.00018338529249953378	0.00013987192260922338	0.00011334981888049437	0.0006434034128771972	4.683899434417871	False
B:HLA-B_nov_c3a4bc1a	6.670703309822439e-06	0.0001833852924995233	8.226323753146976e-05	9.245907252159138e-05	0.0016060228148398734	0.599443999048805	False
B:HLA-B_nov_c3e62ffe	6.670703309822501e-06	0.00018338529249952077	0.004904742745095793	0.000555678593184468	0.006201697991565827	0.5909730946714782	False
B:HLA-B_nov_c4e5fc19	8.660789332527505e-05	0.00018338529249956306	0.0010032861802095575	0.0003845195016531067	0.013409113048295755	4.941869898598478	False
B:HLA-B_nov_c4efb5c4	6.670703309821991e-06	0.00018338529249954186	0.002379423590814668	8.37966931450342e-05	0.005142066021407709	0.6880876388067214	False
B:HLA-B_nov_c60316d0	6.670703309822041e-06	0.0001833852924995398	0.0035129883991818138	0.0002660135564576861	0.0052013449471780635	0.6880876388067217	False
B:HLA-B_nov_c646eb03	6.670703309821953e-06	0.00018338529249954346	0.0024165324062585124	0.0005499654083728986	0.004910734285135575	0.6880876388067214	False
B:HLA-B_nov_c6839d69	6.670703309822223e-06	0.00018338529249953227	0.0034509533900203746	0.0003098739950649998	0.002582229325958314	0.5909730946714782	False
B:HLA-B_nov_c6d6cdb1	6.670703309822143e-06	0.0001833852924995356	0.0003997561184977537	0.00012083609042054545	0.004679821077597531	0.599443999048805	False
B:HLA-B_nov_c734a2f0	6.670703309822072e-06	0.00018338529249953853	0.0024077279702999894	0.0002748899002541614	0.0019163558844214961	0.6880876388067215	False
B:HLA-B_nov_c7440247	6.670703309821926e-06	0.00018338529249954452	0.004778825753118416	0.0007476806908729655	0.007883676113968487	1.3973898468176043	False
B:HLA-B_nov_c75cde5b	2.0007831094750942e-05	0.00018338529249963174	0.0015529817309980376	0.00039260860839178895	0.008180346046505164	0.7622318739809016	False
B:HLA-B_nov_c8698013	6.670703309822013e-06	0.000183385292499541	0.004664237224998926	0.0005146770619024148	0.0030532197808492006	0.5909730946714782	False
B:HLA-B_nov_c9864187	6.670703309822011e-06	0.00018338529249954105	0.006712120091119189	0.000787732637103498	0.0054429598801198345	0.5909730946714782	False
B:HLA-B_nov_cb340e43	6.670703309822461e-06	0.0001833852924995224	0.0010963321930255365	0.00014437620564326645	0.002705800701466406	0.599443999048805	False
B:HLA-B_nov_cb50fa9c	6.6707033098222085e-06	0.0001833852924995329	0.005806023968241742	0.0006486395632973538	0.00472409623748842	0.5909730946714782	False
B:HLA-B_nov_cbda84f5	6.6707033098222365e-06	0.00018338529249953167	0.0016510329769076103	0.00013224966868143856	0.002340506642930004	0.599443999048805	False
B:HLA-B_nov_cc3f5e23	6.670703309821961e-06	0.00018338529249954313	0.00048350264883502	0.0001980724593128797	0.002473260776597352	4.683899434417871	False
B:HLA-B_nov_cca9288a	6.670703309822254e-06	0.0001833852924995309	0.0024162575147248845	0.0005112214312819784	0.000685234880082428	1.3973898468176043	False
B:HLA-B_nov_cd0f9284	0.00030537615427755297	0.00018338529249955205	0.010948999740794023	0.0010744237682318975	0.01175086434544869	1.406741335809601	False
B:HLA-B_nov_cda60249	6.670703309821807e-06	0.0001833852924995495	0.0053685808637934235	0.0005917064788984031	0.004496811106058288	0.5909730946714782	False
B:HLA-B_nov_ce029c60	6.670703309821853e-06	0.0001833852924995476	0.0021515452072760847	0.0002397555766021468	0.0016535124571514367	0.599443999048805	False
B:HLA-B_nov_cfb772eb	6.670703309821806e-06	0.00018338529249954953	0.000961164051246037	0.000226901046479141	0.004530463395154475	0.5994439990488049	False
B:HLA-B_nov_d082bee6	6.670703309822428e-06	0.00018338529249952373	0.0013252299961088007	0.00031934932196028576	0.0040487831348132094	0.5994439990488051	False
B:HLA-B_nov_d0894e4e	9.326005501801533e-05	0.00018338529249955997	0.0028043815000162657	0.0005648710850168349	0.006017058098185164	0.9916588877125838	False
B:HLA-B_nov_d0b27b55	2.667425556987696e-05	0.00018338529249951603	0.011553585166451205	0.0012951162075894905	0.006321039604806272	0.8795330063557589	False
B:HLA-B_nov_d12e5487	6.6707033098217875e-06	0.00018338529249955026	0.0004147271313666733	9.45465146612096e-05	0.0037049820104115365	0.599443999048805	False
B:HLA-B_nov_d15615ce	0.0001995833923996796	0.000183385292499565	0.011459015838986435	0.002590081437143706	0.01724256876627937	16.564222129871805	False
B:HLA-B_nov_d1683cd8	6.670703309822399e-06	0.000183385292499525	0.004873964307543599	0.0005320289050085447	0.005042452764632105	0.5909730946714782	False
B:HLA-B_nov_d1996f44	6.670703309821776e-06	0.00018338529249955078	0.00186855341610199	0.00033848010715246344	0.0039215241174610695	1.6941397457220146	False
B:HLA-B_nov_d24423c2	9.991079043253583e-05	0.00018338529249954408	0.007729738993462992	0.0006071198298333839	0.0018145751314790645	3.38332195477442	False
B:HLA-B_nov_d27b7922	6.670703309822018e-06	0.00018338529249954075	0.003180474327921326	0.0006826924671721473	0.0032587087830455988	0.6880876388067215	False
B:HLA-B_nov_d284e465	6.670703309822092e-06	0.00018338529249953769	0.0008923571632298233	0.00011747524998046132	0.0009415770658816537	1.6941397457220146	False
B:HLA-B_nov_d2bfdcde	6.670703309822228e-06	0.00018338529249953202	0.0012214544547092035	5.447138417877088e-05	0.003773526248188017	4.683899434417871	False
B:HLA-B_nov_d30b9a84	6.6707033098221975e-06	0.0001833852924995333	0.00015618690283128954	3.743347967185539e-05	0.002112054718063782	0.6880876388067215	False
B:HLA-B_nov_d31fdb30	6.670703309821889e-06	0.00018338529249954614	0.005171479670333109	0.0005608600913867325	0.0033757436176434785	0.5909730946714782	False
B:HLA-B_nov_d39c0c1c	6.670703309822463e-06	0.0001833852924995224	0.0037706998057504527	0.000694898168047803	0.0027809279938002403	1.3973898468176043	False
B:HLA-B_nov_d40006ff	6.670703309822496e-06	0.00018338529249952096	0.003409033716484765	0.0007515154958134647	0.0038517890308220255	0.6880876388067213	False
B:HLA-B_nov_d4b14b9a	6.670703309821996e-06	0.00018338529249954167	0.003303192655129324	0.00031428195741374125	0.000724466969128694	0.6880876388067214	False
B:HLA-B_nov_d4c5cfff	6.6707033098219e-06	0.00018338529249954566	0.002045657605804131	0.00016958280152670746	0.0018781632238591224	0.599443999048805	False
B:HLA-B_nov_d4f09b7d	2.000783109475147e-05	0.00018338529249963505	0.006293297707270341	0.0009244238555336796	0.006780557045335834	2.162436569616678	False
B:HLA-B_nov_d5ae3969	0.00030550451931876476	0.0001833852924995178	0.018356255552193293	0.0005185389756474625	0.0038394600093863236	8.672631370050885	False
B:HLA-B_nov_d5cd981a	1.3339980341410502e-05	0.00018338529249961027	0.0012061885976795707	0.0002639930784077758	0.0023287981965405932	9.392386267441605	False
B:HLA-B_nov_d62c1684	6.670703309822299e-06	0.0001833852924995291	0.0060963354192729875	0.0008541925314397258	0.008563033851882684	1.3973898468176043	False
B:HLA-B_nov_d63ce2a9	6.670703309822288e-06	0.00018338529249952947	0.0011199465111491067	0.00010611000935415413	0.0006226526436550381	0.5994439990488049	False
B:HLA-B_nov_d661c981	6.670703309822178e-06	0.00018338529249953405	0.0011638636164346332	4.5526794309392366e-05	0.005181430140040265	0.5994439990488051	False
B:HLA-B_nov_d687a2c5	6.670703309822408e-06	0.0001833852924995246	0.006432380781758793	0.0007234572390578613	0.00473719743311655	0.5909730946714781	False
B:HLA-B_nov_d857b794	6.670703309822335e-06	0.00018338529249952766	0.03792865905011904	0.33890123322196514	0.0004201108726334317	1.6941397457220146	False
B:HLA-B_nov_d8a464bb	6.6707033098223525e-06	0.0001833852924995269	0.002801684413261245	0.00015287346554139757	0.0009620918648003604	1.3973898468176043	False
B:HLA-B_nov_d8cdc4a8	3.333925376674758e-05	0.0001833852924995438	0.0019216832456529429	0.0004754224957542955	0.003240249739665137	1.0760604775279428	False
B:HLA-B_nov_d9bb7679	6.6707033098223356e-06	0.00018338529249952752	0.0036298863302094823	0.0001221277790080633	0.0014457434114920576	1.6941397457220146	False
B:HLA-B_nov_d9ef93f6	6.670703309822061e-06	0.00018338529249953896	0.0010668750646974515	0.0002948862780587744	0.002658064598847975	0.6880876388067217	False
B:HLA-B_nov_dace3103	6.670703309822262e-06	0.00018338529249953058	0.003094033939090478	0.000667564595490868	0.003139201411435928	0.6880876388067214	False
B:HLA-B_nov_dadd5742	6.670703309822318e-06	0.0001833852924995283	0.0005200346086009157	0.0001470795708076694	0.0019496953249793336	4.683899434417869	False
B:HLA-B_nov_dbe98bfc	1.3339980341410365e-05	0.00018338529249947431	0.000968892963243187	0.0002898484333180352	0.005490602451415378	1.1994018806514453	False
B:HLA-B_nov_dc21985f	6.67070330982253e-06	0.00018338529249951947	0.0002776323027292849	1.2228249957051492e-05	0.003698986894763849	0.599443999048805	False
B:HLA-B_nov_dc7878dd	6.670703309822434e-06	0.00018338529249952346	0.000524259330444633	6.0463017679040097e-05	0.00232591993061885	0.6880876388067214	False
B:HLA-B_nov_dc9657cb	6.670703309821811e-06	0.00018338529249954931	0.005083947395063238	0.0007839704133238926	0.005302674361920308	1.3973898468176043	False
B:HLA-B_nov_dd140996	6.670703309822551e-06	0.00018338529249951866	0.002500637106312842	0.0004190070007956013	0.004850371548703543	0.5994439990488052	False
B:HLA-B_nov_dd34539a	6.670703309822207e-06	0.00018338529249953294	0.007320833212341169	0.0008067538125617975	0.008937559986523756	1.3973898468176043	False
B:HLA-B_nov_def7a880	0.0004503587632463051	0.00018338529249952855	0.03355975498305115	0.0035801796248558196	0.020060808633128206	17.750781303749704	False
B:HLA-B_nov_dfac340c	6.670703309822536e-06	0.0001833852924995193	0.00013059682866070526	8.495220094237333e-06	0.0016438916123169137	0.599443999048805	False
B:HLA-B_nov_e048626d	6.670703309822502e-06	0.0001833852924995207	0.0006390079223674287	2.1640413453987934e-05	0.0027778680975532656	0.5909730946714782	False
B:HLA-B_nov_e056d52f	0.00018624055950181744	0.00018338529249954685	0.009866412062669423	0.0006471797270133744	0.003796581429563444	11.623826741657805	False
B:HLA-B_nov_e0f96dec	6.670703309822011e-06	0.00018338529249954105	0.002797636031048285	0.0005129481679498002	0.005455992333162023	1.3973898468176043	False
B:HLA-B_nov_e258e8f9	6.670703309821839e-06	0.00018338529249954818	0.0010580049177331906	0.00022516482206774444	4.2053593765913457e-05	0.5994439990488051	False
B:HLA-B_nov_e2b93788	6.670703309822214e-06	0.00018338529249953264	0.0018434460832670418	0.00014967232461733377	0.0024325376982192014	0.599443999048805	False
B:HLA-B_nov_e30cee8e	6.670703309822514e-06	0.00018338529249952015	0.0019308079244075309	0.0001875836719214656	0.0001998865573770052	1.6941397457220144	False
B:HLA-B_nov_e3452f6d	6.670703309822246e-06	0.00018338529249953126	0.008082974541684844	0.0009696731727316006	0.006326502584692662	0.5909730946714782	False
B:HLA-B_nov_e368bf67	6.670703309822491e-06	0.00018338529249952115	0.0010740645125011453	0.0009119726098449194	0.002571420211788403	0.5909730946714781	False
B:HLA-B_nov_e3a8b2e1	6.67070330982217e-06	0.0001833852924995344	0.0011089209049020784	2.3541199547277093e-05	0.0008495803336684579	0.599443999048805	False
B:HLA-B_nov_e3fc05f4	6.670703309821988e-06	0.00018338529249954205	0.005838955509124695	0.0008291559869260465	0.006418972597265026	1.3973898468176043	False
B:HLA-B_nov_e4455130	9.326005501801343e-05	0.00018338529249956176	0.0015159748235644168	0.00021718827781308796	0.005681728719480738	4.352066560793801	False
B:HLA-B_nov_e524bf6b	6.670703309821786e-06	0.0001833852924995504	0.0034207244475975055	0.0006050332787844008	0.0014942845942361492	0.5994439990488053	False
B:HLA-B_nov_e5aa62e4	6.670703309821925e-06	0.00018338529249954468	0.005942427389221633	0.0008855368701784247	0.004814008925217515	1.3973898468176043	False
B:HLA-B_nov_e609b2a7	6.670703309821853e-06	0.0001833852924995476	0.0023230425541305687	0.0005461591554279648	0.004680017081722014	0.5994439990488051	False
B:HLA-B_nov_e6e2087c	6.67070330982231e-06	0.00018338529249952866	0.005881368981382618	0.0007165919754152988	0.0055909563165163914	0.5909730946714782	False
B:HLA-B_nov_e74d1f15	6.670703309822362e-06	0.00018338529249952646	0.0010064487485567412	0.00021276190853159336	0.00832762822971108	0.5909730946714781	False
B:HLA-B_nov_e7abe413	6.670703309822337e-06	0.00018338529249952747	0.00615759034558122	0.0006506098571773649	0.007200984793736166	0.5909730946714781	False
B:HLA-B_nov_e81ee869	6.670703309822387e-06	0.00018338529249952543	0.0003132987281599566	0.00019423211456031883	0.0024587073598685057	0.5994439990488052	False
B:HLA-B_nov_e91987c0	6.670703309822387e-06	0.00018338529249952543	0.0008182151635668626	0.00012147890441372489	0.0012462724873634858	0.6880876388067214	False
B:HLA-B_nov_e9ce0e06	6.67070330982204e-06	0.00018338529249953983	0.006292344504269884	0.0007095470345099532	0.005004315964600973	0.5909730946714781	False
B:HLA-B_nov_ea3116e4	6.670703309822357e-06	0.0001833852924995267	0.0002612617136631178	0.00020143639895753583	0.0030156600947820133	0.6880876388067214	False
B:HLA-B_nov_ea54482e	6.670703309822318e-06	0.0001833852924995283	0.0010761028714604995	4.5696089455520856e-05	0.002429045650600909	0.6880876388067215	False
B:HLA-B_nov_ea5e695b	6.670703309822008e-06	0.00018338529249954118	0.004247283147717098	0.00048426320399188157	0.0026272315211926817	0.5909730946714782	False
B:HLA-B_nov_eaa1f00a	6.670703309822348e-06	0.00018338529249952706	0.0013348372736776588	0.0001863310699841448	0.004684837134716725	0.599443999048805	False
B:HLA-B_nov_ead802fb	6.6707033098220425e-06	0.00018338529249953977	0.003088282526764534	0.0005151977914124128	0.0007221761876361286	1.3973898468176043	False
B:HLA-B_nov_eb1b4e4b	6.6707033098224524e-06	0.00018338529249952275	0.00011858111972540278	0.00018317104529650094	0.0058493112251987636	0.5909730946714781	False
B:HLA-B_nov_ed61f8b6	6.670703309821846e-06	0.00018338529249954793	0.0013449411094053577	7.6509495702809e-05	0.003924087924692087	0.599443999048805	False
B:HLA-B_nov_ede46040	6.670703309822467e-06	0.00018338529249952216	0.0029376944850960144	2.2954708680949913e-05	0.0004936712927300871	1.6941397457220149	False
B:HLA-B_nov_ef0da28e	6.670703309822308e-06	0.00018338529249952874	0.0016717799162929551	0.0004638132854703661	0.006301297706045155	0.5994439990488051	False
B:HLA-B_nov_ef674346	1.333998034140985e-05	0.00018338529249954663	0.008584718795969495	0.0012435535351537656	0.010050509545599367	2.797174534846549	False
B:HLA-B_nov_f02db3fe	6.670703309822308e-06	0.00018338529249952874	0.0016717799162929551	0.0004638132854703661	0.006301297706045155	0.5994439990488051	False
B:HLA-B_nov_f02e6ac0	6.670703309821802e-06	0.0001833852924995497	0.004132054033656539	0.0007043601838453774	0.0025334233714027934	1.3973898468176043	False
B:HLA-B_nov_f07b2d2c	6.670703309822383e-06	0.0001833852924995256	0.0006058852328852343	0.00016589307945937798	0.0028755370034135213	0.5994439990488051	False
B:HLA-B_nov_f0ecc128	6.670703309822362e-06	0.00018338529249952646	0.0009604310493146327	6.132593773923177e-05	0.0001987928181564626	0.5909730946714781	False
B:HLA-B_nov_f12cfa5b	6.670703309821824e-06	0.00018338529249954883	0.004690651194864543	0.0005112792812876198	0.003641210353373759	0.5909730946714782	False
B:HLA-B_nov_f18f7081	6.6707033098219485e-06	0.00018338529249954365	0.003141286839481271	4.264438536953532e-05	0.0012539295782746445	1.6941397457220142	False
B:HLA-B_nov_f1cd89ab	6.6707033098217985e-06	0.00018338529249954988	4.3277658722100086e-05	7.598270505210802e-05	0.0011876993270409635	1.6941397457220144	False
B:HLA-B_nov_f1d08636	6.670703309822517e-06	0.00018338529249952004	0.004339309855424835	0.00047572106891518304	0.004951730067382919	0.5909730946714781	False
B:HLA-B_nov_f1efcbf8	6.670703309821972e-06	0.0001833852924995427	0.0007142389678255717	8.076148097773964e-07	0.002642436302797031	0.599443999048805	False
B:HLA-B_nov_f2462ce0	6.6707033098222365e-06	0.00018338529249953167	0.004125924929627593	0.0004278127638156578	0.0031353659704090485	0.5909730946714781	False
B:HLA-B_nov_f3b4f0b2	6.670703309822088e-06	0.00018338529249953782	0.004823409710500146	0.0004971122247970606	0.004920205125629844	0.5909730946714781	False
B:HLA-B_nov_f468ba32	6.670703309822295e-06	0.00018338529249952923	0.004259364972488362	0.00048615846072866387	0.0028849657353510875	0.5909730946714781	False
B:HLA-B_nov_f4e609fe	6.670703309822273e-06	0.00018338529249953012	0.0010321124354004472	0.0002094806570244486	0.0033859368524220422	0.599443999048805	False
B:HLA-B_nov_f4ec8517	0.00037795374859509893	0.00018338529249957254	0.006578769537290981	0.000934829170467422	0.010813302056019825	1.0946723851295517	False
B:HLA-B_nov_f50f5dda	6.670703309822164e-06	0.00018338529249953468	0.0006964002289516354	0.00015599348900732026	0.0027063249095568877	0.599443999048805	False
B:HLA-B_nov_f62b3ed6	6.670703309822515e-06	0.00018338529249952012	0.00011612335388956129	5.351667041954656e-05	0.00243696076275225	0.6880876388067215	False
B:HLA-B_nov_f65a63ce	6.670703309821971e-06	0.00018338529249954275	0.004677938360963997	0.0007093654397072648	0.0017222878214142024	1.3973898468176043	False
B:HLA-B_nov_f718667b	6.670703309822098e-06	0.0001833852924995374	0.000790606390803077	1.6703457650416074e-05	0.0013583186303928554	4.683899434417869	False
B:HLA-B_nov_f72ccc05	6.670703309822485e-06	0.00018338529249952142	0.001967912163793972	0.00017113301071911048	0.001693164669393794	0.599443999048805	False
B:HLA-B_nov_f760e3e5	6.670703309822491e-06	0.00018338529249952115	0.004121020686224972	0.0004460909845965843	0.0018786727395442861	0.5909730946714781	False
B:HLA-B_nov_f8139703	6.670703309822539e-06	0.00018338529249951923	0.004749518019058139	0.0008806578259174515	4.122311248924917e-05	0.6880876388067214	False
B:HLA-B_nov_f83c8686	6.670703309821808e-06	0.00018338529249954945	0.0005177872757236325	0.00015672554864146942	0.0031484750075264807	0.6880876388067216	False
B:HLA-B_nov_f8a83d5c	6.670703309822367e-06	0.00018338529249952625	0.0009365524102136875	0.0001585648928686357	0.000913513235886675	0.6880876388067216	False
B:HLA-B_nov_f8b10fb2	6.670703309822427e-06	0.00018338529249952378	0.004853474858573272	0.0005296000543173094	0.0026758474206930657	0.6880876388067215	False
B:HLA-B_nov_f96ccee4	6.670703309822105e-06	0.00018338529249953712	0.0028392264575472113	0.0006147214474559366	0.004093371793957434	0.6880876388067216	False
B:HLA-B_nov_f98f02f4	6.670703309822401e-06	0.00018338529249952487	0.0018710388842741472	0.00019268107227559268	0.0023855302285515096	1.6941397457220142	False
B:HLA-B_nov_f9c021a8	4.66649713258047e-05	0.0001833852924995157	0.0034124935542530145	0.0004503271875365584	0.0011214625996563263	1.6187064956541246	False
B:HLA-B_nov_fa264b30	6.670703309821832e-06	0.00018338529249954842	0.000593445125319928	5.955553026982438e-06	0.0036484985371016917	0.599443999048805	False
B:HLA-B_nov_fa36f7c9	6.670703309822132e-06	0.00018338529249953598	0.006364471186427022	0.0007747651656824063	0.004311516838062828	0.5909730946714781	False
B:HLA-B_nov_faaa0ea8	6.6707033098220476e-06	0.00018338529249953953	0.0001996607406703847	4.534212269808165e-05	6.655232765636313e-06	1.6941397457220149	False
B:HLA-B_nov_fb611334	6.670703309821819e-06	0.000183385292499549	6.219499415297095e-05	1.5223951638939196e-05	0.0035315203065092193	0.599443999048805	False
B:HLA-B_nov_fb8ee4e5	6.670703309822289e-06	0.00018338529249952947	0.0014902024499185102	1.1907558646460163e-05	0.0036782732312686485	0.5909730946714782	False
B:HLA-B_nov_fc3bd25b	1.3339980341410403e-05	0.0001833852924996063	0.007868028979758362	0.0008747184347642753	0.006169349726101393	1.3456954518650193	False
B:HLA-B_nov_fc728f83	1.3339980341409851e-05	0.0001833852924995566	0.004022093281094986	0.0008892960217153437	0.004783148118257059	1.3768305991742118	False
B:HLA-B_nov_fc9e0671	6.670703309822126e-06	0.00018338529249953625	0.0003626087475686409	0.00028854616703776544	0.0007257870319098806	0.5909730946714781	False
B:HLA-B_nov_fce99c63	1.333998034140932e-05	0.0001833852924995231	0.005089231223222031	0.0008365781606983476	0.004549711391445219	2.797174534846549	False
B:HLA-B_nov_fcebb155	6.6707033098219705e-06	0.00018338529249954275	0.006439129903720074	0.0009648025074918343	0.005049437219927713	1.3973898468176043	False
B:HLA-B_nov_fd209ef1	6.6707033098217714e-06	0.00018338529249955097	0.007900017642383489	0.0012244255071675054	0.010592871696893774	1.3973898468176045	False
B:HLA-B_nov_fd593752	6.670703309822517e-06	0.00018338529249952004	0.000255660533947558	2.135548476409022e-05	0.002318378970466074	0.5994439990488051	False
B:HLA-B_nov_fd7ba8ef	1.3339980341408742e-05	0.00018338529249954655	0.0005086368342937712	5.607930618177115e-06	0.0013984710380245933	0.7892220745480357	False
B:HLA-B_nov_fdc9e59d	6.670703309822102e-06	0.00018338529249953723	0.008472276803012387	0.0010131735968064786	0.006885381683355914	0.5909730946714782	False
B:HLA-B_nov_fde1221b	6.670703309822339e-06	0.0001833852924995274	0.004254355056463647	0.0005737674465219258	0.0035764273741396495	0.5909730946714781	False
B:HLA-B_nov_feaa531e	6.670703309821968e-06	0.0001833852924995429	0.003627624951955651	0.0003679207867144533	0.0013734939406092024	1.694139745722015	False
B:HLA-B_nov_feb4cad1	6.6707033098224745e-06	0.00018338529249952183	0.003000376518403045	0.0005244009305263088	0.0023624719584846056	0.6880876388067215	False
B:HLA-B_nov_fef19996	1.33399803414099e-05	0.0001833852924995301	0.007925286259904001	0.000988283485661703	0.008709367001058146	2.797174534846549	False
B:HLA-B_nov_ff49c3b2	6.670703309822305e-06	0.0001833852924995288	0.002872154518314368	0.0005112718593488358	0.005445314324894726	0.599443999048805	False
B:HLA-B_nov_ff663f66	6.670703309821987e-06	0.00018338529249954205	0.004799676516424568	0.0004970897660783302	0.0024306070860181804	0.5909730946714782	False
B:HLA-B_nov_ffb8b272	6.670703309822212e-06	0.00018338529249953264	0.005167071901878124	0.0005684183830050005	0.003972939931848908	0.5909730946714781	False
C:HLA-C*01:02:01:01	0.0038563497003512048	0.00018338529249959336	0.07297028541895585	0.011513592013079606	0.039737942665175656	66.75684543362274	False
C:HLA-C*01:02:01:05	0.0004108865130646952	0.0001833852924995391	0.04741147903603397	0.007415433242221371	0.05368195890238285	77.97940420572225	False
C:HLA-C*01:02:01:06	6.670703309821817e-06	0.00018338529249954907	0.004784283056544181	0.0006513110886037735	0.00811176994210707	1.3973898468176043	False
C:HLA-C*01:02:01:08	6.6707033098224465e-06	0.00018338529249952302	0.004873911095584032	0.000715848709433876	0.0024759739726015573	1.3973898468176043	False
C:HLA-C*01:02:01:13	2.000783109475489e-05	0.00018338529249959954	0.001810863501533282	0.0005660434141975449	0.0038073764627938895	2.0662298177221365	False
C:HLA-C*01:02:01:27	2.6674255569874887e-05	0.00018338529249956235	0.01027447199161605	0.0016244667532318016	0.010798949812009968	5.60395310243077	False
C:HLA-C*01:02:01:29	6.670703309821812e-06	0.00018338529249954931	0.0004016702964504764	0.00011416318959555093	0.0024272956401469987	0.599443999048805	False
C:HLA-C*01:02:01:32	1.3339980341408282e-05	0.0001833852924995298	0.0036480123515699645	2.3061194367251797e-05	0.0020217548375912834	3.391722864910944	False
C:HLA-C*01:02:01:43	6.670703309821832e-06	0.00018338529249954842	0.0068608358551360635	0.0011164554070264767	0.00815933487257092	1.3973898468176043	False
C:HLA-C*01:02:01:66	6.670703309822115e-06	0.00018338529249953666	0.008809021829667337	0.0008789882959867298	0.011506710513264014	1.3973898468176043	False
C:HLA-C*01:02:01:71	8.660789332527507e-05	0.00018338529249953617	2.317999630837816e-05	0.00040520670889398103	0.00913423620102411	3.8957448199963753	False
C:HLA-C*01:02:01:72	7.995430535428637e-05	0.00018338529249950774	0.014851493049851568	0.0017469059372619785	0.013024155936917215	6.643998460999414	False
C:HLA-C*01:02:03	3.333925376674766e-05	0.00018338529249959637	0.014992785721556942	0.0023115955485604562	0.015438893075330298	7.010959368913067	False
C:HLA-C*01:02:16	6.670703309822496e-06	0.00018338529249952096	0.003409033716484765	0.0007515154958134647	0.0038517890308220255	0.6880876388067213	False
C:HLA-C*01:02:30:01	4.66649713257991e-05	0.00018338529249952703	0.004889976094126555	0.0011553968048478261	0.00517263223036833	4.830408068701887	False
C:HLA-C*01:02:58	6.6707033098220366e-06	0.00018338529249954004	0.009120055638133074	0.0014691420351415835	0.01408170613862739	1.3973898468176043	False
C:HLA-C*01:03:01	4.0002825685390896e-05	0.00018338529249953901	0.015910359696916253	0.0024042705864272176	0.016004619073137428	5.60460048166218	False
C:HLA-C*01:06	6.670703309821978e-06	0.00018338529249954238	0.0025471538880784757	0.0003939079181102102	0.0029460778357321836	1.3973898468176043	False
C:HLA-C*01:127	1.3339980341408974e-05	0.00018338529249954593	0.0007255415585783873	0.00028904511014022814	0.004428761119679479	1.199401880651445	False
C:HLA-C*02:02:02:01	0.002426266154007262	0.00018338529249958488	0.009946640613189237	0.002605351335384474	0.045567295820473024	28.360119361355284	False
C:HLA-C*02:02:02:02	5.998498377189081e-05	0.00018338529249959978	0.0029958881680680976	0.0006488316289637597	0.009936492838125468	1.39863981450495	False
C:HLA-C*02:02:02:03	0.0002062141599189074	0.000183385292499509	0.0028158253255379712	0.0010672786769799433	0.016000222427047066	7.557486343724648	False
C:HLA-C*02:02:02:05	6.670703309822252e-06	0.00018338529249953105	0.00032694637484481187	7.224658122695975e-05	0.004815165172913015	0.599443999048805	False
C:HLA-C*02:02:02:14	6.670703309821847e-06	0.00018338529249954788	0.0009007073097254438	2.9890910989062486e-05	0.0013983350888027626	0.6880876388067214	False
C:HLA-C*02:02:02:20	4.000282568539092e-05	0.00018338529249952275	0.006349067455313888	0.0006761036417882665	0.0037316609807553883	6.847930413169662	False
C:HLA-C*02:02:02:31	6.670703309822268e-06	0.00018338529249953037	0.0009728812750831851	0.00024171069170988093	0.004786995635930294	0.599443999048805	False
C:HLA-C*02:02:02:43	0.00027894151345128734	0.00018338529249954365	0.027331828746005503	0.0029774371732846205	0.016121306980251434	13.859761922562672	False
C:HLA-C*02:02:02:47	6.670703309821908e-06	0.00018338529249954533	0.0006689781891884112	0.00011143694236417933	0.0019969198826768684	0.5994439990488051	False
C:HLA-C*02:02:02:56	6.670703309822275e-06	0.00018338529249953004	0.0014203154604287515	0.00011017011526479315	0.0019324774732145523	0.6880876388067213	False
C:HLA-C*02:02:02:66	6.670703309822472e-06	0.0001833852924995219	0.003967151340315902	0.0003678305434532429	0.0008746482781980535	0.5909730946714781	False
C:HLA-C*02:02:02:77	6.67070330982186e-06	0.00018338529249954736	0.003405413646824905	0.0003718023554533999	0.000800063117381172	0.5994439990488051	False
C:HLA-C*02:02:02:78	2.0007831094757017e-05	0.00018338529249955845	0.0008203922575411755	0.00024472848216118104	0.0077972726393062235	0.7622318739809016	False
C:HLA-C*02:02:02:79	6.670703309822497e-06	0.00018338529249952085	0.0018844595545158146	0.00028622027392142114	0.0038404219950066705	0.5994439990488051	False
C:HLA-C*02:02:02:83	6.670703309822247e-06	0.00018338529249953124	0.0004140127283747556	0.00019982868460966148	0.003809442814015138	0.599443999048805	False
C:HLA-C*02:02:36	6.6707033098220094e-06	0.0001833852924995411	0.0007643072602908953	2.9631624169595134e-05	0.0016196274181688244	0.6880876388067212	False
C:HLA-C*02:04	6.6707033098218045e-06	0.00018338529249954956	0.0011023862615784257	0.00033221562541361815	0.0029841352784519652	0.6880876388067217	False
C:HLA-C*02:10:01:01	0.002470338151500137	0.00018338529249956962	0.08624732055122124	0.009708634889895979	0.053495194925470724	126.48292721963229	False
C:HLA-C*02:10:01:02	6.664285057759309e-05	0.00018338529249956064	0.012324812194614253	0.0013348654829315563	0.006169111050800513	3.159820168155128	False
C:HLA-C*02:10:01:04	6.67070330982195e-06	0.0001833852924995436	0.006051764519778718	0.000695722292668407	0.00400231184752251	0.5909730946714782	False
C:HLA-C*02:10:01:05	6.670703309821824e-06	0.00018338529249954883	0.004690651194864543	0.0005112792812876198	0.003641210353373759	0.5909730946714782	False
C:HLA-C*02:10:01:06	2.667425556987972e-05	0.0001833852924994798	0.008111727757099313	0.0008314725543620638	0.0029669819004592697	1.2025498239778556	False
C:HLA-C*02:14:01	6.670703309822198e-06	0.00018338529249953321	0.004648632092010685	0.0005109135912267745	0.0034262506396098035	0.5909730946714781	False
C:HLA-C*02:14:02	6.670703309821958e-06	0.00018338529249954324	0.00465894771913245	0.000494290221275638	0.0037633971455192142	0.5909730946714782	False
C:HLA-C*03:02:02:02	2.0007831094755766e-05	0.00018338529249956986	0.0027144076799178207	1.0625526550108739e-05	2.5592450622085638e-05	0.9986755087989369	False
C:HLA-C*03:02:02:03	2.0007831094756183e-05	0.00018338529249955392	0.006372517177422313	0.0008117534574498313	0.002417314572250657	4.199360225770915	False
C:HLA-C*03:02:02:04	2.000783109475159e-05	0.00018338529249964136	0.010043040218786244	0.0011515519958747915	0.007713183504657753	0.7509329605986619	False
C:HLA-C*03:02:02:05	0.0019630694603589008	0.00018338529249957092	0.034524820439959816	0.0039052879869391753	0.05481453130222769	87.09168935225874	False
C:HLA-C*03:02:02:17	4.0002825685390964e-05	0.0001833852924994814	0.011898341566558087	0.0012725425806413661	0.006290187013611141	2.246998984198375	False
C:HLA-C*03:03:01:01	0.0030847759630175955	0.00018338529249953302	0.0373962986612085	0.006751969727175721	0.012202792345772057	22.57505360629904	False
C:HLA-C*03:03:01:09	1.3339980341409528e-05	0.0001833852924995364	0.004766996869804686	0.0008827070612753935	6.522587808468705e-05	0.8426677110455664	False
C:HLA-C*03:03:01:18	6.67070330982201e-06	0.00018338529249954107	0.0017670239451716763	0.0003267011205267923	0.005207600215751239	0.5994439990488051	False
C:HLA-C*03:03:01:31	2.6674255569877465e-05	0.00018338529249954172	0.00023844650846167358	0.00021386202125466355	0.005106003872189898	1.3990990693880305	False
C:HLA-C*03:03:01:34	6.670703309822522e-06	0.00018338529249951988	0.008185194160667299	0.0012286873797214299	0.012898501449088235	1.3973898468176043	False
C:HLA-C*03:03:01:36	2.0007831094751738e-05	0.0001833852924996122	0.0012511463483819332	0.00021466223186136047	0.004362098470196036	0.7622318739809014	False
C:HLA-C*03:03:01:37	2.000783109475419e-05	0.00018338529249956994	0.003107573442682371	0.0004224264792374159	0.0028307450386027473	2.1902467294309043	False
C:HLA-C*03:03:01:38	1.3339980341409953e-05	0.00018338529249960182	0.008897489270229245	0.0014508593502337852	0.008925442254789445	2.797174534846549	False
C:HLA-C*03:03:01:61	6.670703309822027e-06	0.0001833852924995404	0.0020027698377909384	0.0001504350414975151	0.002224120108785785	1.694139745722015	False
C:HLA-C*03:03:01:69	6.6707033098221424e-06	0.0001833852924995356	1.0319143504226928e-05	7.250485675107503e-05	0.0028349343913925307	0.599443999048805	False
C:HLA-C*03:03:04	5.3325690687962046e-05	0.0001833852924995473	0.005038377871899155	0.00029729928194242974	0.007479987447076449	2.7631883451680297	False
C:HLA-C*03:04:01:01	0.0020218135820655532	0.00018338529249957314	0.007278287934566627	0.002984685057123255	0.04132444218626162	39.286697426186215	False
C:HLA-C*03:04:01:02	0.002365485306979817	0.00018338529249958493	0.05771388466380937	0.009654630832057236	0.02381140189618633	76.38676235464183	False
C:HLA-C*03:04:01:12	0.0002458661211582115	0.0001833852924995387	0.02735847838110382	0.003754972330724557	0.022661497244530125	40.860514073295924	False
C:HLA-C*03:04:01:13	0.00035158186401140003	0.0001833852924995171	0.029415512338599	0.003062416991645737	0.014575260484578145	8.5562316768607	False
C:HLA-C*03:04:01:15	5.332569068796231e-05	0.00018338529249959564	0.0011145365860435765	0.0005588741709526346	0.004562146065063711	5.523102690097123	False
C:HLA-C*03:04:01:18	5.332569068796264e-05	0.00018338529249956322	0.01835545147920986	0.001865558329705468	0.02401161742175312	8.458863172750025	False
C:HLA-C*03:04:01:24	3.333925376674756e-05	0.0001833852924995986	0.0014906077426917515	0.0006234672352725267	0.0034827434985810054	1.2323303935860688	False
C:HLA-C*03:04:01:43	6.670703309822401e-06	0.00018338529249952487	0.003923729247874011	0.0007587152293026181	0.0011607715499223916	0.6880876388067216	False
C:HLA-C*03:04:01:45	3.333925376674764e-05	0.0001833852924995425	0.002598965430912365	0.0006425821202089819	0.007218695332419148	3.4470007847709137	False
C:HLA-C*03:04:01:68	6.670703309822278e-06	0.00018338529249952993	0.0023690940196630663	0.0005735481519737484	0.003618824808373149	0.6880876388067217	False
C:HLA-C*03:04:01:86	6.670703309822495e-06	0.00018338529249952096	0.0027525755336362213	0.00048736230747199136	0.0033452230618810884	0.5994439990488051	False
C:HLA-C*03:04:01:87	6.670703309822407e-06	0.00018338529249952462	0.007369480410600941	0.0007879038585704081	0.008838791806391917	1.3973898468176043	False
C:HLA-C*03:04:01:88	3.333925376674756e-05	0.00018338529249960144	0.0020018869282580594	2.235329736645073e-05	0.0030996848567993985	1.1503806671336232	False
C:HLA-C*03:04:02:01	0.0012103297271311851	0.00018338529249953996	0.060319371954119516	0.006715269921491671	0.034340600088064624	58.30686919096438	False
C:HLA-C*03:04:02:03	1.3339980341410566e-05	0.00018338529249961496	0.009734584822887506	0.0011357038547945416	0.00711019076412543	1.1824474387871218	False
C:HLA-C*03:04:04	1.3339980341408396e-05	0.00018338529249955392	0.011607152840215488	0.0016854569126346004	0.017063957706642152	2.7971745348465498	False
C:HLA-C*03:04:58	2.0007831094751013e-05	0.00018338529249963207	0.003871957691855869	0.0002981818982554653	0.0009642630511379644	0.7509329605986619	False
C:HLA-C*03:05:01:01	0.0003319277499191285	0.00018338529249956008	0.010787395607691746	0.0028083293500876898	0.02473618473221856	27.346295002072868	False
C:HLA-C*03:06:01:01	0.00013314307333157774	0.00018338529249957523	0.009195466729622409	0.0022275728294231687	0.015603677138108186	13.887340337492036	False
C:HLA-C*03:07:01:02	6.670703309822468e-06	0.0001833852924995221	0.0032586565547458955	0.000584690742928949	0.00023812568048477815	0.6880876388067216	False
C:HLA-C*03:08	6.670703309821998e-06	0.00018338529249954156	0.003107318023216182	0.0007006945398157717	0.004381377457625577	0.6880876388067214	False
C:HLA-C*03:11:02	6.670703309822336e-06	0.00018338529249952752	0.0016789307853168215	9.090757550070472e-05	0.0010718662819627705	0.5909730946714781	False
C:HLA-C*03:146	6.670703309822545e-06	0.0001833852924995189	0.0012175866567099803	6.784579009432368e-05	0.00028645819067710964	1.6941397457220142	False
C:HLA-C*03:17:01	1.3339980341409421e-05	0.00018338529249952535	0.008085038749646596	0.0013302869929150683	0.00836991199638779	2.7971745348465498	False
C:HLA-C*03:359	6.670703309822158e-06	0.00018338529249953498	0.0007618505127668456	2.945455509317431e-05	0.0021144397732291574	0.5994439990488049	False
C:HLA-C*03:362	6.670703309821767e-06	0.00018338529249955116	0.002698552985510039	0.00028666419406441943	0.001648398851032306	0.599443999048805	False
C:HLA-C*03:373	6.670703309822435e-06	0.00018338529249952346	0.002266843693240264	0.0003154595146619812	9.327563329199223e-05	1.694139745722015	False
C:HLA-C*03:442Q	6.670703309821776e-06	0.00018338529249955078	0.0031399248626248605	0.00041738545240135454	0.0002584280005994727	0.5994439990488052	False
C:HLA-C*03:484	6.6707033098222974e-06	0.00018338529249952912	0.0013025975196325156	0.0002585424886587386	0.004296896328596625	0.6880876388067214	False
C:HLA-C*04:01:01:05	0.0005094708647376523	0.00018338529249959575	0.005202605338670317	0.0013729863354191	0.01720289219408874	5.411105847152864	False
C:HLA-C*04:01:01:06	0.003027703439403058	0.00018338529249959276	0.019569389093105728	0.003136554437129426	0.07828674520897022	101.87417917205669	False
C:HLA-C*04:01:01:10	1.333998034141045e-05	0.00018338529249961382	0.0015819540094074685	0.0004088041599245062	0.008617925129754109	0.7940959287881594	False
C:HLA-C*04:01:01:11	0.0008292766759290861	0.00018338529249953966	0.003038394278940051	0.001527333916123722	0.02907673703119986	8.561475775515653	False
C:HLA-C*04:01:01:12	2.000783109475288e-05	0.00018338529249961445	0.007075128566516027	0.0008270147280162247	0.0031430127886867697	1.5854984870591897	False
C:HLA-C*04:01:01:132	1.3339980341409887e-05	0.0001833852924995882	0.006280133466359497	0.0006785587390590276	0.0025822002054810347	1.1824474387871218	False
C:HLA-C*04:01:01:14	0.0056567293074415706	0.00018338529249955812	0.016568197871120016	0.0010695881068478823	0.042026836807088734	14.882147119006923	False
C:HLA-C*04:01:01:145	2.667425556987459e-05	0.00018338529249949863	0.004195558477793185	0.000278153548091225	0.0016906678456574682	0.8795330063557589	False
C:HLA-C*04:01:01:151	6.670703309822091e-06	0.0001833852924995377	3.163946570279846e-05	1.6545308935080583e-05	0.0022828651590811803	0.5909730946714781	False
C:HLA-C*04:01:01:159	6.670703309822475e-06	0.00018338529249952183	0.0025956347637786786	0.0001878021593441455	0.0014549484971030486	0.5994439990488051	False
C:HLA-C*04:01:01:177	7.995430535428607e-05	0.0001833852924995293	0.007704637599806957	0.0022584657717818844	0.006834313957568283	6.497545685303656	False
C:HLA-C*04:01:01:178	0.00020612858322471164	0.0001833852924995589	0.013325643876095444	0.0006521519941124718	0.0066241032227842885	43.00069361623242	False
C:HLA-C*04:01:01:179	3.333925376674771e-05	0.00018338529249958607	0.0008784939483559326	0.0003592684077809169	0.0062936325879123225	0.9172547767561038	False
C:HLA-C*04:01:01:32	0.00012649946930825596	0.0001833852924995442	0.01987278504445016	0.0022043989004675614	0.012968560330744233	11.314824893750671	False
C:HLA-C*04:01:01:38	6.670703309821973e-06	0.00018338529249954262	0.0058608795811844515	0.0006674445705603383	0.005140680727493849	0.5909730946714781	False
C:HLA-C*04:01:01:53	6.670703309822067e-06	0.00018338529249953872	0.0008843676597543018	5.177509489819918e-05	0.0004777992995414791	0.6880876388067215	False
C:HLA-C*04:01:01:58	6.670703309822229e-06	0.000183385292499532	0.004553003110876631	0.0004966091160532297	0.004086926905651608	0.5909730946714782	False
C:HLA-C*04:01:01:61	6.6707033098220476e-06	0.00018338529249953953	0.0015209545381744368	6.921273202093232e-05	0.00244804855252293	0.6880876388067216	False
C:HLA-C*04:01:01:75	0.00345418487870147	0.0001833852924995008	0.09404738877084565	0.010832382040796304	0.0562763487714301	133.16301560497092	False
C:HLA-C*04:01:01:79	0.002736654250007032	0.00018338529249955278	0.02551962863775904	0.006139544341473782	0.05643520895707572	108.29276577435608	False
C:HLA-C*04:01:01:87	6.6707033098222636e-06	0.00018338529249953056	0.0020911692322405553	0.00024319617587927988	0.00018853938242319784	0.5909730946714782	False
C:HLA-C*04:01:01:90	5.998498377188858e-05	0.0001833852924996126	0.011504774168461738	0.0011561477814264096	0.009065638736659484	2.1410596816394163	False
C:HLA-C*04:01:01:92	0.00012655081532477838	0.00018338529249952356	0.010405279646892918	0.001119662921231817	0.005529512920118257	2.0288940012604555	False
C:HLA-C*04:01:110	6.6707033098222636e-06	0.00018338529249953056	0.004879444000509259	0.0005488872424206684	0.002600631523037082	0.5909730946714781	False
C:HLA-C*04:01:117	6.67070330982196e-06	0.00018338529249954313	0.004045522341027373	0.0004440928295078819	0.003193874324404095	0.5909730946714782	False
C:HLA-C*04:01:79	6.670703309822405e-06	0.00018338529249952468	0.002349796224898182	0.00021797776175672926	0.0006308201814979214	0.5909730946714781	False
C:HLA-C*04:03:01:01	0.0006673769808027854	0.0001833852924995778	0.05302286083420417	0.005914938235923412	0.06507512117077001	66.8825326026901	False
C:HLA-C*04:03:01:05	6.67070330982203e-06	0.0001833852924995403	0.008507498065129238	0.0011562582315478985	0.01091828100383551	1.3973898468176043	False
C:HLA-C*04:04:01:01	8.664212400294454e-05	0.0001833852924995507	0.0015576009430519344	0.0006648174653498158	0.009457910540490368	4.119009268057348	False
C:HLA-C*04:06:01	5.9984983771892156e-05	0.00018338529249959152	0.02006078126211077	0.0019739894300915663	0.02454206099833814	9.822070680990098	False
C:HLA-C*04:07:01	4.66649713257994e-05	0.00018338529249953083	0.011075820599505772	0.0011325531527185218	0.00384444271108941	1.6137319643376515	False
C:HLA-C*04:08	2.000783109475469e-05	0.00018338529249959106	0.007230241415644009	0.0007510723508583	0.0023447631625640865	0.7213758221733103	False
C:HLA-C*04:09N	5.332569068796204e-05	0.00018338529249959995	0.004804940478266438	0.0003958482131983457	0.0033191262319624054	0.37602222090078596	False
C:HLA-C*04:10	1.3339980341410105e-05	0.00018338529249957674	0.006372405783898001	0.00022344164568486596	0.0007520029079951821	3.391722864910944	False
C:HLA-C*04:15:02	6.6707033098219984e-06	0.00018338529249954156	0.00140192614944696	0.0002953740692198791	0.004252693610750133	0.599443999048805	False
C:HLA-C*04:180:01	6.670703309822324e-06	0.0001833852924995281	0.004608301845422227	0.0005018738734545044	0.002426977538554374	0.5909730946714781	False
C:HLA-C*04:82:01	0.0001665279680018848	0.00018338529249958883	0.023951757692677007	0.0035532090015572373	0.026877882930831373	18.034659849502628	False
C:HLA-C*05:01:01:01	0.0008891389997726552	0.0001833852924995279	0.016412482547357617	0.0011309911193116758	0.011347737768910625	7.9164707464002735	False
C:HLA-C*05:01:01:02	0.0029932987557942537	0.0001833852924995257	0.0002045160782035917	0.001720036635085315	0.05137139254661976	35.33732993966037	False
C:HLA-C*05:01:01:03	1.3339980341409702e-05	0.00018338529249960165	0.0026896574984816455	6.103855911492587e-05	0.0015185082084431037	3.3917228649109443	False
C:HLA-C*05:01:01:39	6.670703309821923e-06	0.00018338529249954476	0.00028656322174922737	0.00016480941853891837	0.004030828394481199	0.599443999048805	False
C:HLA-C*05:01:01:45	9.326005501800838e-05	0.00018338529249956818	0.0024014389076018844	0.0005382909854282636	0.010750256977840635	3.5485067241264256	False
C:HLA-C*05:01:01:74	6.670703309822527e-06	0.0001833852924995196	0.004002516751096667	0.0004209468227127469	0.00045736362600226263	0.5909730946714781	False
C:HLA-C*05:01:05	3.3339253766747776e-05	0.00018338529249957458	0.0015267870985599047	0.00040204124178695077	0.00910281502963282	3.0023654372959454	False
C:HLA-C*05:01:11	6.670703309822034e-06	0.0001833852924995401	0.001993097506887804	0.00027155000930071733	0.005264754165931987	0.6880876388067214	False
C:HLA-C*05:04:01	6.670703309822453e-06	0.00018338529249952272	4.1280923921682926e-05	0.0001372066995625158	0.003373183588482058	0.6880876388067213	False
C:HLA-C*05:09:01	2.0007831094755302e-05	0.00018338529249957176	0.0015409373246329874	5.237461858667397e-05	0.004217379063881753	0.7622318739809016	False
C:HLA-C*05:35	6.670703309821991e-06	0.00018338529249954186	0.00011603092456808885	0.00013794200017263654	0.0033447873620799156	0.599443999048805	False
C:HLA-C*05:37	1.3339980341410627e-05	0.00018338529249959013	0.0005126817930669478	0.0002765849911283807	0.004559199256022466	2.4836777612446235	False
C:HLA-C*06:02:01:01	0.005680927543995578	0.00018338529249952118	0.011433223435338901	0.0020323825322671957	0.050131376063439925	56.14645667369067	True
C:HLA-C*06:02:01:02	0.0014471632282207765	0.00018338529249953026	0.0021110053166541404	0.00014327396628398812	0.03082784928893759	40.13304664428928	True
C:HLA-C*06:02:01:03	0.0006472265218846451	0.00018338529249953877	0.01912531255990311	0.0014822312131969576	0.0021048724125457287	7.080936074328177	True
C:HLA-C*06:02:01:06	1.3339980341409494e-05	0.0001833852924995286	0.004926541307445099	0.000560971327298431	0.001269018506587132	0.39525281868272705	True
C:HLA-C*06:02:01:12	2.667425556987857e-05	0.00018338529249953473	0.007684398687329901	0.0007886637429360011	0.004629044968151563	2.366902428404103	True
C:HLA-C*06:02:01:13	2.000783109475462e-05	0.00018338529249959146	0.0014321937316647908	0.0004076783839764792	0.006594367794362684	1.799874305891823	True
C:HLA-C*06:02:01:21	3.333925376674758e-05	0.00018338529249958973	0.008316571942477336	0.0010476357746875857	0.003093561021809618	3.395381009126691	True
C:HLA-C*06:02:01:36	6.670703309822175e-06	0.00018338529249953422	0.0010483462561729673	0.0001706812405414641	0.002905914656884676	0.599443999048805	True
C:HLA-C*06:02:01:38	6.670703309821917e-06	0.00018338529249954492	0.0022821335808934345	0.00039311694782971337	0.0025759691389869947	1.6941397457220146	True
C:HLA-C*06:02:01:47	1.333998034140952e-05	0.00018338529249958073	0.0017235925119769588	0.00025969490168863525	0.0035556294579203417	1.3768305991742118	True
C:HLA-C*06:02:01:48	6.670703309822364e-06	0.00018338529249952638	0.0008103284452801253	0.00017549550504163673	0.0033260470203722702	1.3973898468176043	True
C:HLA-C*06:02:01:54	6.67070330982238e-06	0.00018338529249952576	0.0016326146444704097	9.933793596679201e-05	0.002707263254055068	0.5994439990488051	True
C:HLA-C*06:02:01:58	6.670703309821842e-06	0.00018338529249954807	0.003069802367021597	0.0003456620911418458	5.180644539590932e-05	1.694139745722015	True
C:HLA-C*06:02:01:71	6.670703309822049e-06	0.00018338529249953948	0.0066734872262968516	0.0008887273517951609	0.005265311180922942	0.5909730946714781	True
C:HLA-C*06:02:01:72	6.670703309821841e-06	0.0001833852924995481	0.0011593160082069619	1.6961347060915006e-05	0.003447603109438395	4.683899434417873	True
C:HLA-C*06:02:01:95	0.001257806250773231	0.0001833852924995203	0.05863514556524501	0.006693558343381733	0.034991182081466635	67.68889048395116	True
C:HLA-C*06:02:01:96	8.660789332527502e-05	0.0001833852924995476	0.0026154596639524617	0.0005618128156373098	0.01362386598374393	6.351426999904552	True
C:HLA-C*06:02:01:97	6.670703309822308e-06	0.00018338529249952874	0.0012504323935045815	6.349690456532746e-05	0.0022596854131496278	0.5994439990488051	True
C:HLA-C*06:02:03	1.3339980341408606e-05	0.0001833852924995492	0.007440537163957887	0.0008324025740250048	0.004577557812495121	1.1824474387871216	True
C:HLA-C*06:02:07	6.670703309822514e-06	0.00018338529249952015	0.001822505879246663	0.00040303603892599313	0.0033669988146439803	0.6880876388067216	True
C:HLA-C*06:127:01:02	6.670703309822073e-06	0.00018338529249953845	0.001134933874435185	0.0001436522312004005	0.0018315495671157927	1.6941397457220146	False
C:HLA-C*06:27	1.3339980341407986e-05	0.00018338529249954566	0.0022245769183613425	0.0004370600219562995	0.003701173803326212	3.391722864910944	False
C:HLA-C*06:58	6.670703309822184e-06	0.00018338529249953386	8.523626710208829e-05	7.989715252707011e-05	0.002187349307105637	0.599443999048805	False
C:HLA-C*07:01:01:01	0.004101330102725075	0.00018338529249958165	0.020719246181099132	0.0005521171409155682	0.06327580158344594	63.60441842843804	False
C:HLA-C*07:01:01:04	0.00011985443900667317	0.0001833852924995989	0.01286167781178736	0.0015915828166483401	0.003923504641323008	23.792880449366084	False
C:HLA-C*07:01:01:06	2.0007831094754337e-05	0.000183385292499596	0.002281182156677816	0.0001353790194955541	0.0028025177420463593	0.7298497260073943	False
C:HLA-C*07:01:01:09	0.00022600377044353003	0.00018338529249953018	0.00594115743611265	0.0004926523725299738	0.005881343965083267	1.5631374995375602	False
C:HLA-C*07:01:01:131	2.0007831094754408e-05	0.00018338529249960797	0.0005404671611446577	0.00011157477007284647	0.0012468368836696178	1.5854984870591897	False
C:HLA-C*07:01:01:133	1.3339980341407957e-05	0.00018338529249955796	0.0059322539694547744	0.001041994331412888	0.004613140727251506	1.3456954518650193	False
C:HLA-C*07:01:01:15	6.666852358585084e-05	0.00018338529249949264	0.00388386652318112	0.00029047598849527137	0.0034851657660311067	0.8005099350189955	False
C:HLA-C*07:01:01:16	0.003293692920193222	0.00018338529249959428	0.016909484587365423	0.0007654930366535086	0.02535916473107967	29.62415614121004	False
C:HLA-C*07:01:01:48	6.670703309822459e-06	0.00018338529249952245	0.0028787056940662724	0.00027082358485220763	0.0004482219706946296	0.5909730946714782	False
C:HLA-C*07:01:01:69	1.333998034140959e-05	0.00018338529249957783	0.0006114289432626632	9.030294816980716e-05	0.0064246617676777945	1.1994018806514455	False
C:HLA-C*07:01:01:71	6.670703309822414e-06	0.00018338529249952435	0.002538959741027856	0.0003215757156441191	0.0014046849991587642	0.5909730946714782	False
C:HLA-C*07:01:02:01	0.0013573918497676014	0.0001833852924995465	0.030805601620827856	0.0033597319509570574	0.00388004199092632	11.427295610649686	False
C:HLA-C*07:02:01:01	0.005155622138281253	0.00018338529249954376	0.03860830825341234	0.006729314483261485	0.0368605779171349	56.729352766402144	False
C:HLA-C*07:02:01:03	0.004770301662597058	0.00018338529249953866	0.012805985828038607	0.0028199898529720764	0.06304666119439034	42.118349298365814	False
C:HLA-C*07:02:01:05	6.670703309821937e-06	0.0001833852924995442	0.009959052454498109	0.0016013031336692529	0.013586180007415046	1.3973898468176043	False
C:HLA-C*07:02:01:10	2.6674255569877648e-05	0.00018338529249951348	0.001163334608671445	0.0002750038040008337	0.006284312326778404	1.22162809184696	False
C:HLA-C*07:02:01:103	1.3339980341408864e-05	0.00018338529249957962	0.004169753129010204	0.00032376639682578313	0.00504750647450985	0.43956863663656215	False
C:HLA-C*07:02:01:107	2.00078310947565e-05	0.00018338529249956224	0.009933046119965037	0.00118226019231432	0.010427944627771886	4.199360225770915	False
C:HLA-C*07:02:01:11	6.6707033098217935e-06	0.00018338529249955007	0.0005155208640088707	0.00014840020035663585	0.0029995261213538057	0.6880876388067213	False
C:HLA-C*07:02:01:15	0.0009471029472839456	0.00018338529249956363	0.06948800029590348	0.010316290472484028	0.07877767218987296	175.56358003922597	False
C:HLA-C*07:02:01:157	6.670703309822338e-06	0.0001833852924995274	0.001003778050314018	8.008939578585865e-06	0.0008474993057129103	0.6880876388067215	False
C:HLA-C*07:02:01:18	6.670703309821839e-06	0.00018338529249954818	0.0015589212921298763	0.0002930537790369515	0.003908267220569789	0.5994439990488051	False
C:HLA-C*07:02:01:184	1.3339980341408247e-05	0.00018338529249956525	0.002174212897398452	9.62681582893385e-05	0.0009198538651295555	3.391722864910944	False
C:HLA-C*07:02:01:185	6.6707033098223415e-06	0.00018338529249952733	0.006346088641881289	0.0007439043915709402	0.004199038938683138	0.5909730946714781	False
C:HLA-C*07:02:01:186	0.000424049634904881	0.00018338529249953088	0.0009169035891780835	0.0005311281614230344	0.012314996890087337	5.426603417256448	False
C:HLA-C*07:02:01:189	6.670703309822508e-06	0.00018338529249952045	0.0004699528526412348	0.000100539123042482	0.00306594782172689	0.599443999048805	False
C:HLA-C*07:02:01:19	6.670703309822519e-06	0.00018338529249951996	0.0015379925967321743	0.00018354999482486599	0.003982809830923272	0.5909730946714782	False
C:HLA-C*07:02:01:190	6.6707033098218595e-06	0.00018338529249954736	0.0008435343686558189	0.00011234888887414635	0.00167422061228546	1.6941397457220149	False
C:HLA-C*07:02:01:193	3.3339253766748026e-05	0.0001833852924995439	0.0014096438921640758	6.038222305445388e-05	0.007594683671925452	0.6630300850389068	False
C:HLA-C*07:02:01:197	2.000783109474908e-05	0.00018338529249965692	0.00022554124426902656	0.00012337750055077998	0.005875636137720966	0.8480849701594958	False
C:HLA-C*07:02:01:26	1.333998034140899e-05	0.000183385292499581	0.001561297177056109	0.0001690972410649406	0.0028019875450067044	1.1994018806514453	False
C:HLA-C*07:02:01:27	6.6707033098217875e-06	0.00018338529249955026	0.0033070968164182635	0.0003726574355111848	0.0019037330655197972	0.5909730946714781	False
C:HLA-C*07:02:01:37	2.6674255569874436e-05	0.00018338529249954793	0.003682844282600136	0.0006239346398255265	0.004829538888149462	1.5142421943081243	False
C:HLA-C*07:02:01:39	7.332781666976978e-05	0.00018338529249959038	0.004358690740589282	0.0012447585258958806	0.01162686492324435	5.082220496496101	False
C:HLA-C*07:02:01:40	2.6674255569876865e-05	0.00018338529249952934	0.005103478684353422	0.0011216333185264896	0.008879918755844332	2.756286232855904	False
C:HLA-C*07:02:01:44	3.333925376674763e-05	0.00018338529249957046	0.01339469332415844	0.0015303371508061856	0.019255378908404022	7.010959368913067	False
C:HLA-C*07:02:01:48	2.000783109475519e-05	0.0001833852924995547	0.0005534056887567082	7.070536848611483e-05	0.002197729092950183	5.092759866336272	False
C:HLA-C*07:02:01:51	4.000282568539097e-05	0.0001833852924994848	0.01638341466832047	0.002530687494390755	0.017079567226530406	8.420385250642964	False
C:HLA-C*07:02:01:52	2.0007831094750976e-05	0.00018338529249964809	0.009154984477441107	0.0010091977799645123	0.008741815499684245	4.199360225770916	False
C:HLA-C*07:02:01:55	1.3339980341408875e-05	0.000183385292499524	0.003461149477686241	0.0001512478022631152	0.0030605115536813943	3.391722864910944	False
C:HLA-C*07:02:01:89	1.3339980341409163e-05	0.00018338529249951551	0.0011825455415211586	0.0002204478803604685	0.0062357501042963875	2.4392648122455474	False
C:HLA-C*07:02:01:91	6.67070330982255e-06	0.00018338529249951874	0.00432165324596821	0.0007235212292622684	0.004995710096846439	1.3973898468176043	False
C:HLA-C*07:02:01:98	8.660789332527502e-05	0.00018338529249953923	0.010766038808341791	0.0004502509435899815	0.0009296837119894737	22.29543622196342	False
C:HLA-C*07:02:80	1.3339980341410505e-05	0.000183385292499616	0.002567114518416455	0.0002625983866419858	0.002652876763695091	0.39525281868272705	False
C:HLA-C*07:04:01:01	0.0007190196631724813	0.000183385292499519	0.01216589850513978	0.0012357391928698319	0.01739788228448465	2.733421137652529	False
C:HLA-C*07:04:01:03	0.0006338836889867534	0.000183385292499502	0.012506014024354646	0.001530416874638046	0.021575821454158504	12.664254246763164	False
C:HLA-C*07:05	4.666497132580019e-05	0.0001833852924995049	0.014137984125036817	0.0016092853338891388	0.009658350596125204	4.147360268725083	False
C:HLA-C*07:06:01:01	0.0013637687397611087	0.0001833852924995513	0.025305766903574452	0.0024461843774237	0.0059555183094998155	193.09131091679717	False
C:HLA-C*07:06:01:02	1.3339980341409296e-05	0.0001833852924995234	0.0014248384700366477	4.410856166866013e-05	0.0023155723092195667	1.182447438787122	False
C:HLA-C*07:17:01:01	2.667425556987866e-05	0.00018338529249952525	2.9085071269601827e-05	0.00047955807109919944	0.005311126037395554	2.756286232855904	False
C:HLA-C*07:18:01:01	0.002117013375485196	0.00018338529249949155	0.06271833754371756	0.00653693568325198	0.026131935743322246	46.44239881234639	False
C:HLA-C*07:18:04	2.0007831094753395e-05	0.00018338529249958244	0.00499442276387058	0.00048574808218313555	0.0031572376901829427	0.7509329605986618	False
C:HLA-C*07:18:05	6.670703309822467e-06	0.00018338529249952216	0.0023519770117296094	0.00019045694149231982	0.003041872124586246	0.599443999048805	False
C:HLA-C*07:26:01:01	4.666497132579929e-05	0.00018338529249952652	0.008278291890661905	0.0009563251562032263	7.179559020464008e-05	11.931658372577418	False
C:HLA-C*07:27:01	6.670703309821795e-06	0.00018338529249955002	0.006303087118799904	0.0008881215711304662	0.010911037075543889	1.3973898468176043	False
C:HLA-C*07:28	1.3339980341410514e-05	0.00018338529249946523	0.010508467448822147	0.0012055654497681132	0.007336034802545201	1.1824474387871218	False
C:HLA-C*07:29:01:01	6.670703309821957e-06	0.00018338529249954324	0.001420136656644347	0.0001682483432046184	0.004137774934999637	1.6941397457220153	False
C:HLA-C*07:35	6.6707033098221035e-06	0.0001833852924995372	0.0035639794416499598	0.0004977152704895645	0.0023998552824625384	0.5909730946714781	False
C:HLA-C*07:359	6.670703309822073e-06	0.0001833852924995384	0.008248029208690477	0.0009076120966444783	0.013528453122107707	1.3973898468176043	False
C:HLA-C*07:46	6.670703309822346e-06	0.0001833852924995272	0.0016246814045881794	0.00033894801897391456	0.003022079528308183	0.599443999048805	False
C:HLA-C*07:66	6.670703309822098e-06	0.0001833852924995374	0.007719518332201345	0.001126848603682615	0.008777584627483919	1.3973898468176043	False
C:HLA-C*07:666	6.670703309822386e-06	0.0001833852924995255	0.005246583132594019	0.0007481092712627691	0.008759365865282432	1.3973898468176043	False
C:HLA-C*07:687	6.670703309822157e-06	0.000183385292499535	0.006412390730557678	0.0007547991560778398	0.005483447301539723	0.5909730946714781	False
C:HLA-C*07:721	6.670703309822089e-06	0.00018338529249953777	0.006396222546796745	0.0007373994829543525	0.004329026192369326	0.5909730946714781	False
C:HLA-C*07:876	6.670703309822035e-06	0.0001833852924995401	0.00015910079099568908	8.258933066852279e-05	0.0019494312496071847	0.599443999048805	False
C:HLA-C*08:01:01:01	0.002112577650171066	0.0001833852924995271	0.08400220910293756	0.012142007300266034	0.06921422120986949	131.72630849659654	False
C:HLA-C*08:01:01:03	6.67070330982244e-06	0.0001833852924995233	6.329805022270065e-05	0.00019040334202578976	0.0019865197033981275	0.6880876388067214	False
C:HLA-C*08:01:01:04	6.670703309822222e-06	0.00018338529249953232	0.002322903829546732	0.0005423602175001575	0.004403529355459104	0.6880876388067217	False
C:HLA-C*08:01:01:05	6.6707033098224795e-06	0.00018338529249952159	0.004730447474540767	0.00043447546481802145	0.003709734297029116	1.6941397457220146	False
C:HLA-C*08:01:01:11	6.670703309821775e-06	0.00018338529249955089	0.003652552881354432	0.0007199097694362137	0.0019790652352389896	0.6880876388067214	False
C:HLA-C*08:01:01:18	2.6674255569874856e-05	0.00018338529249950893	0.014999929241489964	0.002069099298476721	0.021997582743341595	5.60395310243077	False
C:HLA-C*08:01:01:19	6.670703309821917e-06	0.00018338529249954492	0.0087481379583559	0.0013521627977265648	0.012028482594487425	1.3973898468176043	False
C:HLA-C*08:01:01:20	6.670703309822448e-06	0.0001833852924995229	0.008236581549166407	0.001251596303817877	0.010224968981647861	1.3973898468176043	False
C:HLA-C*08:01:01:21	1.3339980341410348e-05	0.00018338529249954351	0.006537006670828893	0.0005687252647633493	0.0027628406039779518	3.391722864910944	False
C:HLA-C*08:02:01:01	0.003013964101155418	0.00018338529249955227	0.040253867500569425	0.003355305907396682	0.028276663898250985	26.090572846061928	False
C:HLA-C*08:02:01:02	0.0005946510535486429	0.0001833852924995775	0.013029123579758306	0.0009716659560701193	0.006940554889989061	4.275177543160229	False
C:HLA-C*08:02:01:04	1.3339980341409755e-05	0.00018338529249956395	0.00010859376066339358	0.0001683895239115183	0.0007991700377726319	0.4438038458086558	False
C:HLA-C*08:02:01:05	0.0005558348913556963	0.00018338529249954926	0.008996132362229164	0.00035903630723722077	0.025351433553695055	17.981674511315298	False
C:HLA-C*08:02:01:09	6.670703309822232e-06	0.00018338529249953183	0.00023115509553012708	3.616204268804657e-05	0.0012875832961117078	0.5994439990488051	False
C:HLA-C*08:02:01:15	3.333925376674781e-05	0.00018338529249956178	0.011780157136543793	0.0012961208076041279	0.0071220523504986625	1.7105539307163764	False
C:HLA-C*08:02:01:16	6.670703309822012e-06	0.00018338529249954105	0.001201163739878021	7.21044459605847e-05	0.0026355766198061887	0.5994439990488051	False
C:HLA-C*08:02:01:42	2.6674255569874937e-05	0.00018338529249951362	0.00482377008343374	0.000463311436956966	0.0018349387923471674	0.48589608896404174	False
C:HLA-C*08:02:08	6.67070330982228e-06	0.00018338529249952988	0.005284676745812849	0.0006949335794642025	0.0030176813505266463	0.5909730946714781	False
C:HLA-C*08:02:24	6.670703309821991e-06	0.00018338529249954186	0.002379423590814668	8.37966931450342e-05	0.005142066021407709	0.6880876388067214	False
C:HLA-C*08:03:01:01	0.00020612858322468323	0.00018338529249958382	0.018695451762083645	0.003256307720347234	0.007615743718565013	3.244275732997378	False
C:HLA-C*08:03:01:02	1.3339980341410619e-05	0.00018338529249951898	0.007365755713744594	0.0011158087783403141	0.005660747575810537	2.797174534846549	False
C:HLA-C*08:03:01:03	6.670703309821988e-06	0.00018338529249954205	0.005269953287444663	0.00014935337575409675	0.000659000400694792	1.6941397457220146	False
C:HLA-C*08:04:01:01	0.00012655081532477196	0.00018338529249950128	0.020484179674373396	0.0022874068214490664	0.015352356408645691	6.542506229292761	False
C:HLA-C*08:10	1.3339980341408762e-05	0.00018338529249955536	0.003995429821388265	0.000899460290160971	0.004283360441649628	1.3768305991742118	False
C:HLA-C*08:22:01:01	5.998498377189511e-05	0.000183385292499574	0.01672267291630267	0.002353139986939241	0.014604059629139758	12.663243163574705	False
C:HLA-C*08:24	1.3339980341407901e-05	0.00018338529249956032	0.008608757017541626	0.001251545790546612	0.011792546403983521	2.7971745348465493	False
C:HLA-C*12:02:02:01	0.002153390601894325	0.00018338529249954137	0.04887826607278572	0.02180497552318368	0.011294999130891445	68.3248024055714	False
C:HLA-C*12:02:02:02	6.670703309822051e-06	0.0001833852924995394	0.0012666365980556022	0.00018311164225286267	0.001526585731244643	4.683899434417869	False
C:HLA-C*12:02:02:13	6.670703309821811e-06	0.00018338529249954931	0.002336614253898908	0.0001269662893461843	0.002555822319555281	0.599443999048805	False
C:HLA-C*12:02:02:25	2.6674255569874053e-05	0.00018338529249951598	0.008535697701276808	9.584549023973494e-05	0.0032984544132374435	3.8668421871061924	False
C:HLA-C*12:03:01:01	0.005031966667775753	0.000183385292499514	0.02050419214871414	0.0031345759924050675	0.0748295267015333	82.6594732377112	False
C:HLA-C*12:03:01:02	6.664285057759381e-05	0.00018338529249955625	0.012668479493682152	0.0012729290188609672	0.005904270787664659	5.932363958851135	False
C:HLA-C*12:03:01:14	1.3339980341409819e-05	0.00018338529249952302	0.0011441275583188024	0.00032726409697142423	0.005892030147695255	1.3768305991742118	False
C:HLA-C*12:03:01:39	6.6707033098224245e-06	0.00018338529249952392	0.000963189634862019	7.905658958622356e-05	0.0023324802984043278	0.599443999048805	False
C:HLA-C*12:03:01:51	6.670703309822162e-06	0.00018338529249953484	0.0003548484867332215	8.857539985793753e-05	0.004736756190741606	0.599443999048805	False
C:HLA-C*12:03:06	6.670703309822457e-06	0.0001833852924995226	0.00013904889066980753	0.0001755668158499858	0.00317617523205053	0.6880876388067212	False
C:HLA-C*12:04:02:01	9.991079043253576e-05	0.0001833852924995635	0.01427769830394581	0.001276333698614703	0.009126809595446343	11.134716430818521	False
C:HLA-C*12:05:01	2.6674255569878878e-05	0.00018338529249949928	0.0014153923542766145	0.00018329878564807278	0.003649283643631989	1.492087808411604	False
C:HLA-C*12:12	2.0007831094754266e-05	0.00018338529249958173	0.003591591694462287	0.00063979847549698	0.007641064287225099	2.066229817722137	False
C:HLA-C*12:143	6.670703309822378e-06	0.00018338529249952581	3.76173373528776e-05	0.00012163980108483718	0.003123453488061601	0.5994439990488051	False
C:HLA-C*12:23	6.67070330982199e-06	0.0001833852924995419	0.0005632061656591195	0.00021011799410369753	0.004053556259018141	1.3973898468176043	False
C:HLA-C*14:02:01:01	0.0014344394000769265	0.00018338529249958715	0.03949888737932964	0.005445934683678045	0.0123864472287469	26.34286436828753	False
C:HLA-C*14:02:01:02	0.0006602926568045617	0.0001833852924995868	0.041098912239428124	0.004388813896492733	0.0224176055058651	19.608716393339463	False
C:HLA-C*14:02:01:04	2.0007831094755977e-05	0.00018338529249956257	0.004881614387048026	0.0008613125918562899	0.0019494338119411308	2.190292182102921	False
C:HLA-C*14:02:01:19	0.00013314307333158346	0.000183385292499559	0.014586892826343921	0.0023199370682443665	0.019671498373226046	5.317389274281167	False
C:HLA-C*14:02:03	6.67070330982208e-06	0.0001833852924995382	0.004107540145243336	0.0005238192416751615	0.0019961297617223125	0.6880876388067214	False
C:HLA-C*14:03:01:01	0.0002987696334882756	0.00018338529249955327	0.012774149540158392	0.0019974476017811283	0.019247649033204806	12.54759048329693	False
C:HLA-C*14:04	6.670703309822454e-06	0.00018338529249952264	0.0026504126334215357	0.00022950488067368424	0.0008946403893877163	0.5909730946714781	False
C:HLA-C*14:06	6.67070330982243e-06	0.00018338529249952367	0.001585190990233741	0.0001687840023159307	0.0008910616112524228	0.6880876388067215	False
C:HLA-C*15:02:01:01	0.0030032113895348896	0.00018338529249952422	0.05025631795287929	0.0023762415811727612	0.011214677685536235	71.54405167642696	False
C:HLA-C*15:02:01:02	5.3325690687961335e-05	0.00018338529249957889	0.0021316254603235374	6.625765605682624e-05	0.004801437237602244	1.1758090809905268	False
C:HLA-C*15:02:01:03	6.670703309821853e-06	0.0001833852924995476	0.005367757525917981	0.000867764690256238	0.004205085552783433	1.3973898468176043	False
C:HLA-C*15:02:01:06	1.3339980341409995e-05	0.00018338529249951283	0.008163198101013116	0.0012828118203127544	0.0058976076837008815	2.797174534846549	False
C:HLA-C*15:02:01:09	6.670703309822365e-06	0.00018338529249952638	0.00020612971787332447	0.00016790341504656413	0.003238321253293722	0.5994439990488051	False
C:HLA-C*15:02:01:33	6.670703309821998e-06	0.00018338529249954156	0.0009056654939030057	0.0002084720838965449	0.0029985411774617254	1.6941397457220146	False
C:HLA-C*15:02:01:48	6.670703309822374e-06	0.00018338529249952595	0.005268061163911312	0.0005309097103973185	0.006244307791421054	1.3973898468176043	False
C:HLA-C*15:02:02:01	6.670703309822157e-06	0.00018338529249953498	0.0033524940136099362	0.0005577332589125629	0.0017887306652084928	0.6880876388067215	False
C:HLA-C*15:04:01:01	5.332569068796194e-05	0.00018338529249956428	0.0017013082067113816	0.00037990585208642533	0.00801622387628863	5.235647174894358	False
C:HLA-C*15:05:01:01	0.00012649946930826998	0.00018338529249954953	0.004600526037234843	0.0007194432552007412	0.012398383377748977	4.583221773153409	False
C:HLA-C*15:05:02:01	0.0008815440681658343	0.00018338529249955137	0.004215521776467655	0.0003339430543421971	0.013858011562713868	7.111626027641814	False
C:HLA-C*15:05:02:02	6.670703309822487e-06	0.00018338529249952131	0.0017692044491535023	0.00033990866531453446	0.0012602813733031389	0.599443999048805	False
C:HLA-C*15:05:02:03	1.3339980341408774e-05	0.0001833852924995809	9.650243837017513e-06	4.701352344149848e-06	0.0067239099317908104	0.8426677110455663	False
C:HLA-C*15:05:02:06	1.3339980341409899e-05	0.0001833852924995964	0.0010019990381542445	0.00012876350471474203	0.0020055092091683458	3.391722864910944	False
C:HLA-C*15:05:02:14	0.0002524840521733211	0.00018338529249955633	0.008599118207617384	0.0004788882320918572	0.003231135703277722	2.9038575087935294	False
C:HLA-C*15:05:03	4.000282568539084e-05	0.00018338529249953826	0.007928860895953136	0.0007671911920020698	0.009822842674125042	3.5533700858029302	False
C:HLA-C*15:05:13	6.670703309822063e-06	0.00018338529249953893	0.004062923815498622	0.0004698972694690088	0.00129521747669774	0.6880876388067217	False
C:HLA-C*15:06:01:01	6.670703309822036e-06	0.00018338529249954004	0.0013850124877379743	0.00025609110622765803	0.003547742693343377	0.6880876388067214	False
C:HLA-C*15:09:01:01	6.664285057759291e-05	0.00018338529249954433	0.005450117160947063	0.0012265284420793928	0.0108514425434431	5.701718489010763	False
C:HLA-C*15:09:01:02	2.0007831094756868e-05	0.00018338529249957433	0.002538071468300057	0.0006830637841253377	0.006923192611193624	2.0662298177221365	False
C:HLA-C*15:10:02	6.670703309821972e-06	0.0001833852924995427	0.003038513309763322	0.00015953609460493256	0.0034987142398328437	1.694139745722015	False
C:HLA-C*15:11	1.3339980341409055e-05	0.00018338529249951497	0.0017347478505585132	0.00037659738961981585	0.004946205142982669	1.1994018806514455	False
C:HLA-C*15:13:01:01	4.000282568539089e-05	0.00018338529249954061	0.004313805315837714	0.0008617570946856387	0.010668287255935206	3.0958976536699945	False
C:HLA-C*15:152:02	6.670703309821843e-06	0.000183385292499548	0.005233627349843085	0.0005721739273984364	0.00256634557120616	0.5909730946714781	False
C:HLA-C*15:22	6.6707033098221645e-06	0.00018338529249953465	0.002163788989511343	0.00015053533834578713	0.0015691525199722602	0.5909730946714782	False
C:HLA-C*16:01:01:01	0.004819496851512753	0.00018338529249955834	0.07913221762849108	0.007540368245815818	0.021435011256334513	105.25488569760623	False
C:HLA-C*16:01:01:02	6.664285057759369e-05	0.0001833852924995162	0.011421715507012983	0.0014598805647493772	0.005730287297557776	3.4260866106640484	False
C:HLA-C*16:01:01:32	6.670703309822341e-06	0.00018338529249952733	0.006484852579745508	0.0007387125251200497	0.005766519788380436	0.5909730946714781	False
C:HLA-C*16:01:01:33	6.67070330982239e-06	0.00018338529249952533	0.006412773338798171	0.0007369307332479813	0.005185311353410172	0.5909730946714781	False
C:HLA-C*16:01:01:40	2.00078310947523e-05	0.0001833852924996198	0.0035120384400602425	0.00020860849267016095	0.0003209766889406003	0.2262491400561556	False
C:HLA-C*16:02:01:01	0.0007913020178952589	0.0001833852924995389	0.007673023894947228	0.0007390677477622494	0.019422338235026117	37.6605130988565	False
C:HLA-C*16:04:01:01	0.0002789415134512943	0.00018338529249954427	0.006537073426555741	0.0010723634278867887	0.02167136744062905	36.710545105186156	False
C:HLA-C*16:112	2.6674255569875866e-05	0.00018338529249950792	0.008816981374908392	0.000932861450095602	0.004488848235945983	1.2025498239778556	False
C:HLA-C*16:157	6.670703309822034e-06	0.0001833852924995401	0.004609369805440714	0.0004612202792706384	0.001087860403082342	0.5909730946714782	False
C:HLA-C*16:213	6.670703309822116e-06	0.00018338529249953663	0.004360535876860669	0.00044182190880048984	0.0008853081611978836	0.5909730946714782	False
C:HLA-C*17:01:01:02	0.0024047293526437506	0.0001833852924995742	0.09647314215381185	0.010852202483786556	0.06818442609889745	116.72582846697063	False
C:HLA-C*17:01:01:05	0.0006600102537140131	0.00018338529249955053	0.0023247271903371835	0.00012400327933567254	0.02625762730455964	46.146598773244605	False
C:HLA-C*17:01:01:25	6.670703309822187e-06	0.00018338529249953373	0.0010411582800750508	0.00010419700547388097	0.003227300372583871	4.683899434417871	False
C:HLA-C*17:01:01:30	7.329929110505237e-05	0.00018338529249960423	0.01264104215211461	0.0012955546590877386	0.00730225720776333	4.528670546500823	False
C:HLA-C*17:03:01:01	0.00032518715897566846	0.00018338529249958114	0.005560490274713028	0.000328621832751593	0.008146605702442824	4.519703021969628	False
C:HLA-C*17:03:01:03	0.0002326259802933188	0.00018338529249958894	0.00048528571178928925	0.00029193170767165174	0.01729208766779688	15.545620059530805	False
C:HLA-C*17:38:01:01	6.6707033098219264e-06	0.00018338529249954452	0.0013355294245295845	4.6067411040589035e-05	0.0025355797634732573	0.5994439990488051	False
C:HLA-C*18:01:01:01	0.00016633969927472585	0.000183385292499559	0.026415315308144723	0.0029714489582093224	0.01702724722952255	11.96816622698521	False
C:HLA-C*18:01:01:03	0.00033178797465194785	0.00018338529249958344	0.03194024411081275	0.0035505568424237426	0.017665967888018063	14.028145339430312	False
C:HLA-C*18:02:01:01	0.0006273484821091248	0.00018338529249959135	0.044571962183878815	0.004821130047966874	0.026022118634644285	32.535635860453915	False
C:HLA-C_nov_0062540f	6.670703309822536e-06	0.0001833852924995193	0.001623427360170316	0.00027097730211001977	0.002701195927102186	0.599443999048805	False
C:HLA-C_nov_00afec26	6.670703309821848e-06	0.00018338529249954777	0.0013368047546065754	0.0003942664817322827	0.003944235110351497	0.6880876388067214	False
C:HLA-C_nov_00d99ac5	6.670703309822479e-06	0.00018338529249952164	0.0026068019629051455	0.0003642837703115373	0.0035734916846473373	4.683899434417871	False
C:HLA-C_nov_00e9fcd8	6.6707033098222636e-06	0.00018338529249953056	0.0009876124972717636	9.25646331950945e-05	0.0007789789254079842	0.5994439990488049	False
C:HLA-C_nov_00f1c0c8	6.670703309822114e-06	0.0001833852924995368	0.0014126059988144428	0.00014420853984383833	0.002628971577345426	0.599443999048805	False
C:HLA-C_nov_01c6bd54	6.670703309822417e-06	0.00018338529249952422	0.002279938256977403	0.00038159496145605243	0.0027141026217272326	0.6880876388067217	False
C:HLA-C_nov_021a2067	6.670703309822488e-06	0.0001833852924995213	0.0005537156587913758	0.00011477005072187206	0.0001187278637437925	0.6880876388067214	False
C:HLA-C_nov_02324f95	1.3339980341410434e-05	0.0001833852924994991	0.0032518521414882564	0.0004201177614163225	0.0013414691345007587	0.9909586150694828	False
C:HLA-C_nov_0235c84a	6.670703309821956e-06	0.00018338529249954338	0.005210762549590357	3.530130742727664e-05	0.0018581223486922843	1.3973898468176043	False
C:HLA-C_nov_02dcd49f	2.0007831094757267e-05	0.00018338529249954555	0.002998317577868001	0.0006257494174450899	0.008504487161883921	1.5883257291003339	False
C:HLA-C_nov_02f7122a	6.670703309822278e-06	0.00018338529249952993	0.006863288281524755	0.0012057973588787503	0.005863686517904842	1.3973898468176043	False
C:HLA-C_nov_0316b0e3	6.670703309821852e-06	0.0001833852924995476	0.005788898483264873	0.0006685707699820835	0.004097738821936448	0.5909730946714781	False
C:HLA-C_nov_0339b64e	6.670703309821931e-06	0.00018338529249954438	0.004312149621207703	0.00047454983913255923	0.002954673071148567	0.5909730946714782	False
C:HLA-C_nov_0373507f	6.670703309821959e-06	0.00018338529249954324	0.0004471705154527544	8.147287491663953e-05	0.0045706010392316575	0.599443999048805	False
C:HLA-C_nov_042d6378	6.670703309821779e-06	0.0001833852924995507	0.0030347161297291534	0.0003002365557497533	0.0014674756974807194	4.683899434417871	False
C:HLA-C_nov_044f40bd	6.67070330982245e-06	0.00018338529249952278	0.0010460916068846886	0.00012118367582421499	0.00188826048988373	0.6880876388067213	False
C:HLA-C_nov_05d68c16	6.670703309822124e-06	0.0001833852924995364	0.00025328675336362206	0.00012566638940616018	0.004170794895563464	0.5994439990488051	False
C:HLA-C_nov_05f67a3a	6.670703309822273e-06	0.00018338529249953012	0.0017092320195080813	0.0002518824475642302	0.0025758731357718822	0.6880876388067213	False
C:HLA-C_nov_06841d3b	6.670703309822294e-06	0.0001833852924995293	0.006983616462178443	0.0008294438137690227	0.0053261135059335	0.5909730946714781	False
C:HLA-C_nov_06c55510	6.670703309822207e-06	0.00018338529249953294	0.000472392133746988	0.0001072972858263057	0.0029672653066777715	0.6880876388067214	False
C:HLA-C_nov_06d11948	0.00017297474562866583	0.00018338529249957078	0.02459845853784202	0.002804633644710526	0.017278698605835186	7.688382218438403	False
C:HLA-C_nov_06e24681	6.670703309822381e-06	0.00018338529249952576	0.0032282025379044166	0.0002083643722882687	0.0005699218326507212	1.6941397457220144	False
C:HLA-C_nov_07dea583	6.670703309821992e-06	0.00018338529249954186	0.007282018659428743	0.000852854463690321	0.005210148582730957	0.5909730946714782	False
C:HLA-C_nov_08048c7f	6.670703309821791e-06	0.0001833852924995502	0.002509735370248492	0.00016593658215456836	0.0020846625503160724	1.6941397457220146	False
C:HLA-C_nov_08164469	6.6707033098219095e-06	0.00018338529249954533	0.0021375451090447904	0.00039273534601661235	4.133476414630843e-05	1.6941397457220149	False
C:HLA-C_nov_08523a10	6.670703309821915e-06	0.00018338529249954503	0.005777444500947534	0.0006658687435206066	0.006369998550633438	0.5909730946714781	False
C:HLA-C_nov_0868626b	0.0006671031353815361	0.00018338529249956243	0.018452644483467597	0.002771236918137121	0.003971847108156186	14.916272304891354	False
C:HLA-C_nov_086fde40	6.670703309822193e-06	0.0001833852924995335	0.0014181383124814936	0.0002763427708634279	0.004897241839091626	0.5994439990488051	False
C:HLA-C_nov_090420cd	6.670703309822345e-06	0.0001833852924995272	0.0033116454912459825	0.000276648105454778	0.0005472877305791584	0.5909730946714782	False
C:HLA-C_nov_0929c207	6.670703309822521e-06	0.00018338529249951988	0.0009203123287577755	0.00010903663021345133	7.817455881797239e-05	0.6880876388067215	False
C:HLA-C_nov_0978c502	6.670703309821803e-06	0.00018338529249954967	0.0003595863391346893	0.00016323118365462163	0.0022291364176914167	0.6880876388067217	False
C:HLA-C_nov_0a4f1145	6.6707033098221755e-06	0.00018338529249953422	0.0015969614200510344	0.0001793514487709055	0.0033545082358736366	0.6880876388067214	False
C:HLA-C_nov_0c06ffcf	6.670703309822088e-06	0.00018338529249953788	0.0015985844670181686	0.0003280623404069884	0.0038466921197996898	0.6880876388067213	False
C:HLA-C_nov_0ca92a3b	6.67070330982224e-06	0.0001833852924995316	0.005126798484063186	0.0005784460880066079	0.004132779134638685	0.5909730946714781	False
C:HLA-C_nov_0ce35727	6.670703309821819e-06	0.000183385292499549	6.219499415297095e-05	1.5223951638939196e-05	0.0035315203065092193	0.599443999048805	False
C:HLA-C_nov_0ce4a662	6.670703309821782e-06	0.0001833852924995506	0.005971624739648452	0.0006790806546861901	0.004045454661400133	0.6880876388067214	False
C:HLA-C_nov_0d0bd75e	6.670703309822189e-06	0.0001833852924995337	0.0004990682173148239	0.00015674347438124938	0.0035848336537853322	0.599443999048805	False
C:HLA-C_nov_0d957acf	6.670703309821984e-06	0.00018338529249954219	0.005779608893255391	0.0008613453654403099	0.005806935418175786	1.3973898468176043	False
C:HLA-C_nov_0da09207	6.670703309822163e-06	0.00018338529249953468	0.0048654059727433864	0.0005421196909602219	0.002837205943352052	0.5909730946714782	False
C:HLA-C_nov_0f2abc7f	6.670703309822347e-06	0.0001833852924995271	0.0073898788238432505	0.0008742519893784969	0.007827285663030165	1.3973898468176043	False
C:HLA-C_nov_0f8f5f52	6.670703309822178e-06	0.00018338529249953405	0.004747924948682536	0.0008274507375876421	0.0022221076191159365	0.5994439990488051	False
C:HLA-C_nov_101e8469	2.6682813239288685e-05	0.0001833852924995344	0.00021588922697656282	0.00018598029721409205	0.003034847892145494	0.6880876388067214	False
C:HLA-C_nov_105c508f	6.670703309822035e-06	0.0001833852924995401	0.003977597233188575	0.0004104249207763656	0.002000125909749443	0.5909730946714782	False
C:HLA-C_nov_10a5f7a4	6.670703309822158e-06	0.00018338529249953498	0.005550326170357504	0.0006252241655639953	0.0036124053536808814	0.6880876388067215	False
C:HLA-C_nov_10be8334	6.670703309822486e-06	0.00018338529249952131	0.00275348252701872	0.0006589451763202317	0.004771913488364426	0.6880876388067214	False
C:HLA-C_nov_1186f9fa	6.670703309822506e-06	0.00018338529249952053	0.003013908887288418	0.0004971796924439954	0.002084945156875267	0.6880876388067212	False
C:HLA-C_nov_11ba8f09	6.670703309822395e-06	0.00018338529249952514	0.0013923978245157307	0.0001758754541425433	0.0020157916611844885	0.599443999048805	False
C:HLA-C_nov_1274d5a2	6.6707033098220704e-06	0.00018338529249953853	0.007523614611846742	0.0011466950034208269	0.008801579529566136	1.3973898468176043	False
C:HLA-C_nov_12fc99e4	6.670703309822014e-06	0.00018338529249954094	0.0007664063553803957	6.461943948408157e-05	0.000714934545752328	0.5909730946714782	False
C:HLA-C_nov_13d0fbba	6.670703309822353e-06	0.00018338529249952682	0.006139713483515759	0.0006809398192561484	0.0028269993204893995	0.6880876388067214	False
C:HLA-C_nov_1546a61a	6.670703309822355e-06	0.00018338529249952676	0.0004655471195156671	6.547398259027496e-05	0.004364600322424178	0.599443999048805	False
C:HLA-C_nov_155778cd	6.670703309822045e-06	0.0001833852924995396	0.0007082334888685541	0.00022409169720286732	0.0043605232428575655	0.6880876388067216	False
C:HLA-C_nov_15dffffe	6.67070330982239e-06	0.00018338529249952533	0.0026741093645875702	0.0006232406859436603	0.003537452321739764	0.6880876388067214	False
C:HLA-C_nov_15fea1c9	0.00043081162002174946	0.00018338529249956897	0.013151185615270365	0.001052762710634376	0.005421130789886438	2.601786296262702	False
C:HLA-C_nov_16adaee6	6.670703309822079e-06	0.00018338529249953823	0.005948816265482517	0.0006698129834817036	0.0036034120914521465	0.5909730946714782	False
C:HLA-C_nov_1721f5b9	6.670703309822491e-06	0.00018338529249952115	0.004009200565818678	0.0004385567720766749	0.002010574990237168	0.6880876388067214	False
C:HLA-C_nov_17914049	6.670703309822102e-06	0.00018338529249953723	0.00142216872930334	5.130022721495375e-06	0.0023186316209637776	0.6880876388067216	False
C:HLA-C_nov_187dab4c	6.670703309821962e-06	0.00018338529249954308	0.0012358794180276666	0.00030060699982984405	0.0015906125472036653	0.5994439990488051	False
C:HLA-C_nov_1943f293	6.6707033098221534e-06	0.00018338529249953508	0.0037295552284388597	0.00035606090455684924	0.00039850576314289985	0.5909730946714781	False
C:HLA-C_nov_195f683d	6.6707033098220094e-06	0.0001833852924995411	0.0018093957678112478	0.0002123858744987916	0.0024167403574863197	0.599443999048805	False
C:HLA-C_nov_19eb9953	6.670703309822198e-06	0.00018338529249953321	0.0036765557106746083	0.0003638723411048444	0.0013112353418831047	0.6880876388067215	False
C:HLA-C_nov_1a5099a5	6.6707033098225075e-06	0.0001833852924995205	0.0006621869316825894	0.00012708182734862093	0.0025055982253402416	0.5909730946714781	False
C:HLA-C_nov_1a7ee14a	6.670703309822017e-06	0.00018338529249954086	3.380956798737738e-05	9.311716280062688e-05	0.004658529465310185	0.5994439990488049	False
C:HLA-C_nov_1b1706f9	6.6707033098225e-06	0.00018338529249952077	0.0001780216533553957	0.00010963525127836609	0.004614248954155243	0.6880876388067213	False
C:HLA-C_nov_1b69bf65	6.6707033098220925e-06	0.00018338529249953769	0.0032653974971044407	4.6421028635850786e-05	6.0550404085049006e-05	1.6941397457220146	False
C:HLA-C_nov_1b71ba49	6.670703309822126e-06	0.00018338529249953625	0.0003626087475686409	0.00028854616703776544	0.0007257870319098806	0.5909730946714781	False
C:HLA-C_nov_1c494378	6.670703309822141e-06	0.00018338529249953565	0.004507700132668055	0.0004957934931166699	0.0021958664035192105	0.5909730946714782	False
C:HLA-C_nov_1c728542	6.670703309822055e-06	0.00018338529249953918	0.007422344298793928	0.000799138218816251	0.009023372685052109	1.3973898468176043	False
C:HLA-C_nov_1c9f9111	6.670703309822391e-06	0.00018338529249952533	0.000288429487597897	0.00013960651822947059	0.0023363063962365724	0.599443999048805	False
C:HLA-C_nov_1d9733b9	6.670703309822235e-06	0.00018338529249953178	0.0017540643615456977	7.27575685940929e-05	0.002803697695769258	0.5994439990488049	False
C:HLA-C_nov_1d97f4f9	6.67070330982179e-06	0.00018338529249955024	0.010627875372285973	0.0015307960820645109	0.017770238795611654	1.3973898468176043	False
C:HLA-C_nov_1d9ea899	6.670703309822505e-06	0.00018338529249952058	0.004399863817429023	0.0004564780444404244	0.003627321630862191	0.5909730946714782	False
C:HLA-C_nov_1e5d2aa6	6.670703309821778e-06	0.0001833852924995507	0.0026060340674486215	0.00021311411379174543	0.0004514770527190832	0.5909730946714781	False
C:HLA-C_nov_1f176a28	6.670703309821973e-06	0.00018338529249954262	0.0016705103446669873	0.00011121429752489907	0.0020660004450754723	4.683899434417871	False
C:HLA-C_nov_1fb64163	6.67070330982252e-06	0.00018338529249951993	0.003770376799065028	0.00035442973920457745	0.0010458376429137205	0.5994439990488051	False
C:HLA-C_nov_1fd29d02	6.6707033098224965e-06	0.00018338529249952088	0.0019430599423997494	0.00028371633260108377	0.0019290405729823444	1.3973898468176043	False
C:HLA-C_nov_203f4f49	6.670703309821835e-06	0.00018338529249954834	0.0008302823723806616	2.0402297606122487e-05	0.0014654213232347816	0.6880876388067215	False
C:HLA-C_nov_218a1c17	6.670703309821943e-06	0.0001833852924995439	0.003885099617625537	0.0006626719728721084	0.005389510556903112	1.3973898468176043	False
C:HLA-C_nov_219fbb74	4.666497132579844e-05	0.00018338529249954015	0.0010184188058140259	9.415987009149135e-05	0.005948292917427475	3.41507632390322	False
C:HLA-C_nov_21ce9859	6.670703309821906e-06	0.0001833852924995454	0.0007537877246757412	0.00016650219284781718	0.005025657233383753	0.5994439990488051	False
C:HLA-C_nov_22fc8a18	6.670703309822517e-06	0.00018338529249952004	0.005395848518540151	0.0006001508931173183	0.004708960904156072	0.5909730946714781	False
C:HLA-C_nov_23b84f58	6.670703309822084e-06	0.00018338529249953793	0.0013160395989822288	0.00035860499807029964	0.005120542230502405	0.6880876388067214	False
C:HLA-C_nov_243c1075	6.6707033098224025e-06	0.00018338529249952478	0.0055811491207681104	0.0008193439922718264	0.0053377988289037845	1.3973898468176043	False
C:HLA-C_nov_24b28bb6	6.670703309822178e-06	0.00018338529249953405	0.0011638636164346332	4.5526794309392366e-05	0.005181430140040265	0.5994439990488051	False
C:HLA-C_nov_24cb054a	6.670703309822043e-06	0.00018338529249953972	0.0035910805371029008	0.00046093373060823945	0.0008873863653149077	0.5994439990488051	False
C:HLA-C_nov_250a2d23	6.670703309822451e-06	0.00018338529249952278	0.003863133666452736	0.00039150251384158675	0.0015643883469278824	0.5909730946714781	False
C:HLA-C_nov_2517e050	6.670703309822309e-06	0.00018338529249952866	0.006848871261112158	0.0007857737160062343	0.004260199920228369	0.6880876388067217	False
C:HLA-C_nov_267afd8f	6.670703309822098e-06	0.00018338529249953744	0.00784548847498533	0.0011853753591156634	0.009888047008931283	1.3973898468176043	False
C:HLA-C_nov_2762fa04	6.670703309822401e-06	0.00018338529249952487	0.0014326153833563485	6.616371517735063e-05	0.001092023807085904	0.5909730946714781	False
C:HLA-C_nov_27b13826	6.670703309822544e-06	0.00018338529249951893	0.0017993723941957564	0.00022081071712475186	0.0085122041479449	0.5994439990488051	False
C:HLA-C_nov_286c0044	6.670703309822482e-06	0.0001833852924995215	0.002230760497483585	0.00022406862187670062	6.199205448999573e-05	0.6880876388067214	False
C:HLA-C_nov_28794336	6.6707033098220315e-06	0.00018338529249954023	0.0033048180086648494	5.01686932375394e-05	0.0004870682794201757	1.694139745722015	False
C:HLA-C_nov_2891ec57	6.6707033098220476e-06	0.00018338529249953958	0.001415346607141798	0.00019063908739214	0.004664231110741401	1.6941397457220149	False
C:HLA-C_nov_29970e32	6.670703309822085e-06	0.00018338529249953793	0.004446334427550106	0.0004735000049180105	0.0039907970603524036	0.5909730946714782	False
C:HLA-C_nov_2a177699	6.670703309822136e-06	0.00018338529249953584	0.00303075720679302	0.00030442938417111055	0.0015053175068543236	0.5909730946714781	False
C:HLA-C_nov_2a45f9a4	6.670703309821964e-06	0.000183385292499543	0.0017152286325781661	7.633633601421849e-05	0.0011618833196342067	0.5909730946714782	False
C:HLA-C_nov_2a851835	6.67070330982212e-06	0.0001833852924995365	0.004453402060572381	0.0005943688104568545	0.006290280781484823	1.3973898468176043	False
C:HLA-C_nov_2afda455	6.670703309822017e-06	0.00018338529249954086	0.0030302115080882448	9.287940450802933e-05	0.0009101874310923803	1.694139745722015	False
C:HLA-C_nov_2b691b47	6.670703309822097e-06	0.0001833852924995375	0.0007388750362786852	0.00022277322691745174	0.004865215144176554	0.5909730946714782	False
C:HLA-C_nov_2d07f3be	6.670703309822084e-06	0.00018338529249953793	0.006462218392647631	0.000749237447020531	0.004390077787213943	0.5909730946714782	False
C:HLA-C_nov_2d393166	6.670703309822042e-06	0.0001833852924995398	0.0026657931024360263	0.0005234988488961302	0.004719335310390216	0.6880876388067217	False
C:HLA-C_nov_2e04fbb9	6.670703309822473e-06	0.0001833852924995219	0.004806458130122607	0.0005199569617929154	0.003417764847261445	0.5909730946714781	False
C:HLA-C_nov_2e0c68f4	6.670703309822264e-06	0.0001833852924995305	0.00439799883826794	6.607253932458979e-05	0.0015070563497636426	0.599443999048805	False
C:HLA-C_nov_2e4c47f3	6.670703309822051e-06	0.0001833852924995394	0.003197110537837828	0.0004049376244978419	0.001703878261186434	0.599443999048805	False
C:HLA-C_nov_2e84d17a	6.670703309822448e-06	0.0001833852924995229	0.0033986521750177605	0.00044378275829431806	0.002686316692795894	1.3973898468176043	False
C:HLA-C_nov_2eb1b40f	6.67070330982201e-06	0.00018338529249954107	0.0005497511320134167	5.565838115252058e-05	0.004810261169886612	0.5994439990488051	False
C:HLA-C_nov_2fc0d57e	6.670703309822484e-06	0.00018338529249952142	0.004042881208916694	0.00042928317361537926	0.0019105888376046915	0.5909730946714782	False
C:HLA-C_nov_2fd51f3c	6.6707033098217875e-06	0.00018338529249955032	0.005735370269280964	0.0009369000947396856	0.007089579246884961	1.3973898468176043	False
C:HLA-C_nov_30874f5e	6.6707033098223245e-06	0.00018338529249952804	0.0076474062535257965	0.0012431630961998476	0.008339976089416312	1.3973898468176043	False
C:HLA-C_nov_313b0dda	6.6707033098220366e-06	0.00018338529249954004	0.003565879044658083	0.0003818654992065704	0.0021604649655594717	0.5909730946714782	False
C:HLA-C_nov_3145e0b5	6.670703309822137e-06	0.0001833852924995358	0.0034277471055635072	0.0003436804955025612	0.0011117376043409937	0.6880876388067213	False
C:HLA-C_nov_31bdf231	6.670703309822103e-06	0.00018338529249953723	0.004664211621903497	0.0004978567865570472	0.0033423368071523953	0.5909730946714782	False
C:HLA-C_nov_326ccdb3	6.670703309822234e-06	0.0001833852924995318	0.0042352534374181855	0.0005479693415667764	0.0013099319052132662	0.5909730946714781	False
C:HLA-C_nov_32cad6c1	6.670703309822136e-06	0.00018338529249953584	0.006293110377226859	0.0007384828944909836	0.004797754684874573	0.6880876388067214	False
C:HLA-C_nov_331ee249	6.670703309822132e-06	0.00018338529249953598	0.0012990487635778612	0.00025124735722517236	0.006462150507919411	0.599443999048805	False
C:HLA-C_nov_336e9b3c	0.0009596470643698895	0.00018338529249954257	0.004521063132409605	0.0012003307940167364	0.0017629883960327995	3.0374067084570684	False
C:HLA-C_nov_3486f5f0	6.670703309822126e-06	0.0001833852924995363	0.001093885830323682	0.00026622480376393666	0.0049468703272181344	0.5994439990488051	False
C:HLA-C_nov_3512f987	6.670703309822449e-06	0.0001833852924995229	0.0009281014796435792	7.243221533793368e-05	0.001102424820604504	0.5909730946714781	False
C:HLA-C_nov_351e5ab1	6.670703309822371e-06	0.00018338529249952606	0.00041911002544109654	7.527040533618336e-06	0.003994663476131599	0.599443999048805	False
C:HLA-C_nov_351fbff1	6.670703309822401e-06	0.00018338529249952487	0.0002734006415545966	7.93882925668203e-05	0.0034812492841069134	4.68389943441787	False
C:HLA-C_nov_3537666c	6.670703309821996e-06	0.00018338529249954167	0.0033689939644462956	0.00028842112696686147	0.0008164296451698769	1.6941397457220146	False
C:HLA-C_nov_35482de0	6.670703309822311e-06	0.0001833852924995286	0.00692836528800312	0.0009985726348116033	0.00813537915059716	1.3973898468176043	False
C:HLA-C_nov_35a02495	6.670703309821959e-06	0.00018338529249954324	0.0031816462822418616	6.252737964006071e-05	0.0014116729204931952	1.6941397457220153	False
C:HLA-C_nov_35aa2771	6.6707033098219036e-06	0.0001833852924995455	0.0017553050308742302	0.000102264707917368	0.002019290132699063	1.694139745722015	False
C:HLA-C_nov_360c664b	6.670703309821927e-06	0.00018338529249954452	0.006844172857988713	0.0007849855415787819	0.006433848129628744	0.5909730946714782	False
C:HLA-C_nov_3669394c	6.6707033098224575e-06	0.0001833852924995226	0.0063322995471759335	0.0007351825682157392	0.004985417186279993	0.5909730946714782	False
C:HLA-C_nov_3769a042	6.670703309822426e-06	0.00018338529249952386	0.0009040752556500976	0.00022822407315302326	0.004438910412356719	0.5994439990488051	False
C:HLA-C_nov_37a85233	6.670703309821903e-06	0.00018338529249954555	0.002018211596117208	0.00015487624787797338	0.002522817872762357	1.694139745722015	False
C:HLA-C_nov_38527885	6.670703309821835e-06	0.00018338529249954834	0.0025646750428907814	0.00026742464429827434	0.0007625480654945346	0.599443999048805	False
C:HLA-C_nov_3859eb99	9.991079043253831e-05	0.00018338529249956138	0.004193315971696537	0.0006005461122600566	0.004186260940214317	1.599748772970872	False
C:HLA-C_nov_38da0173	6.670703309822132e-06	0.00018338529249953598	0.0038618741879347697	0.009609383932681433	0.0030070131343252994	1.6941397457220142	False
C:HLA-C_nov_39abd9be	6.670703309822526e-06	0.0001833852924995196	0.0009768305496669152	0.0002282295476103279	0.004281465244555629	0.5909730946714781	False
C:HLA-C_nov_39feb10f	6.670703309822267e-06	0.00018338529249953045	0.0009969634647881294	2.2207778050303353e-05	0.0005504146836526777	0.5909730946714782	False
C:HLA-C_nov_3a2c7cf4	6.670703309822172e-06	0.00018338529249953435	0.0011108726726487487	2.2776711746189086e-05	0.0037001035379825168	0.599443999048805	False
C:HLA-C_nov_3ac7d808	1.3339980341410197e-05	0.00018338529249959176	0.0015697437338499528	0.0001902815368859873	0.002394360866098837	2.4350205413387176	False
C:HLA-C_nov_3ad399bf	6.670703309821948e-06	0.0001833852924995437	0.0006273922978573331	6.379495114731386e-05	0.0039403250502316614	0.6880876388067215	False
C:HLA-C_nov_3adf3ae5	6.670703309822402e-06	0.00018338529249952487	0.00021919394015779885	8.004052646443814e-05	0.002890946879335218	4.68389943441787	False
C:HLA-C_nov_3aef8b9d	6.670703309822401e-06	0.00018338529249952487	0.001028930700852929	0.00023438661400494552	0.00239157522063364	0.5994439990488051	False
C:HLA-C_nov_3b910226	6.67070330982252e-06	0.00018338529249951993	0.004381260088680542	0.0007251749162110045	0.004111048049074069	1.3973898468176043	False
C:HLA-C_nov_3bec9cdc	6.670703309822371e-06	0.00018338529249952606	0.0016578468775264787	0.0001517523621699711	0.002003482498148039	0.599443999048805	False
C:HLA-C_nov_3c9f5b0e	6.670703309822147e-06	0.00018338529249953536	0.00011954477636155422	0.00017611899230774808	0.003505268338951405	0.6880876388067217	False
C:HLA-C_nov_3cbe66f6	6.670703309822222e-06	0.00018338529249953232	0.0004755467078663626	0.00014606074732509853	0.004593412923835022	0.599443999048805	False
C:HLA-C_nov_3dc1e6d6	0.00031211246638613557	0.00018338529249961708	0.003708682885088678	0.00010140579633006215	0.012477503288269794	2.007840361530247	False
C:HLA-C_nov_3e739e10	4.001708846776215e-05	0.0001833852924994883	0.004663181638343324	0.001042020248336738	0.005471595115872227	1.836357102741089	False
C:HLA-C_nov_3eea8b9d	0.0009139419782967462	0.00018338529249957295	0.026154963013275065	0.002556970604982841	0.01074056684825066	10.55170837934141	False
C:HLA-C_nov_40306637	6.670703309821894e-06	0.00018338529249954584	0.003635117825655262	0.0004573429995761762	0.0035945837924881373	0.5909730946714782	False
C:HLA-C_nov_409ffecb	6.67070330982226e-06	0.0001833852924995307	0.00137272271506779	0.00026786724503710966	0.00530277685415791	0.5909730946714781	False
C:HLA-C_nov_41524d0e	6.67070330982213e-06	0.00018338529249953611	0.007938549207809675	0.0009269706959858414	0.006486726811678208	0.5909730946714781	False
C:HLA-C_nov_41828671	6.67070330982249e-06	0.00018338529249952118	0.004466163465773853	0.000735280471320824	0.005285937595306051	1.3973898468176043	False
C:HLA-C_nov_41fc9647	6.670703309822079e-06	0.00018338529249953823	0.002341519916991658	0.00022091519715078164	0.000985997997169959	0.599443999048805	False
C:HLA-C_nov_424715ed	6.670703309822364e-06	0.00018338529249952638	0.0019749911465178154	0.0002753180385780295	0.003841318094933292	1.6941397457220144	False
C:HLA-C_nov_42a37530	6.6707033098224245e-06	0.0001833852924995239	0.000726115833912547	0.00018622550898628223	0.0042932950630132	0.6880876388067215	False
C:HLA-C_nov_43ad71ff	6.670703309822036e-06	0.0001833852924995401	0.0008245272554471041	2.163500915441516e-05	0.0020138024857359444	0.6880876388067214	False
C:HLA-C_nov_43b1f507	6.670703309821907e-06	0.0001833852924995454	0.00043137059421039176	0.00010378783395588688	0.0034148342805217524	0.5994439990488051	False
C:HLA-C_nov_443a532d	6.670703309821886e-06	0.00018338529249954625	0.0009407227371708756	8.751016256368323e-05	0.0016930919197951917	0.5994439990488052	False
C:HLA-C_nov_447be827	6.670703309822217e-06	0.00018338529249953248	0.0033152847464938445	0.00032763893815265435	0.003824008466756871	0.6880876388067217	False
C:HLA-C_nov_4528ee0a	6.67070330982206e-06	0.00018338529249953901	0.005598290605483163	0.000593551259920569	0.002474766985324019	0.5909730946714782	False
C:HLA-C_nov_45e8f716	6.670703309821799e-06	0.00018338529249954988	0.0038229976135001186	0.0007405533839147285	0.0005474964780652537	0.6880876388067217	False
C:HLA-C_nov_46000517	6.670703309822503e-06	0.0001833852924995206	0.005333502201246447	0.0006325501354719352	0.0045100205902661936	0.5909730946714782	False
C:HLA-C_nov_46e04442	6.670703309822457e-06	0.0001833852924995226	0.004649165418610972	0.00046348991625347894	0.0030904630456784704	0.5909730946714781	False
C:HLA-C_nov_471f8088	6.67070330982199e-06	0.0001833852924995419	0.0027361245476887485	0.0006285939351414131	0.003607675636064028	0.6880876388067214	False
C:HLA-C_nov_475fc6ec	6.670703309822234e-06	0.0001833852924995318	0.004563381347572183	0.0007386521235297938	0.0034931862064597197	1.3973898468176043	False
C:HLA-C_nov_4763a39b	6.670703309822193e-06	0.0001833852924995335	0.003126993687086609	0.00018155614873970537	0.0007229485058619592	1.694139745722015	False
C:HLA-C_nov_477c933b	6.670703309822378e-06	0.00018338529249952581	0.008378097460819753	0.0010225466778122972	0.007841344384702019	0.5909730946714781	False
C:HLA-C_nov_478b3537	2.0007831094756393e-05	0.00018338529249957485	0.0033176448817517404	0.00018936114091032107	0.005486816949575674	0.9873737327023192	False
C:HLA-C_nov_47cc3640	6.6707033098217714e-06	0.00018338529249955097	0.007900017642383489	0.0012244255071675054	0.010592871696893774	1.3973898468176045	False
C:HLA-C_nov_48bbf81b	6.670703309821805e-06	0.00018338529249954953	0.0025825277677524023	0.0004851096204644337	0.003787008640208263	0.6880876388067216	False
C:HLA-C_nov_49bb3e5d	6.670703309822408e-06	0.0001833852924995246	0.003825669669974448	0.0003256883691717053	0.0014937276037644027	0.6880876388067215	False
C:HLA-C_nov_4a18f882	6.6707033098218926e-06	0.00018338529249954598	0.004961435281888299	0.00040579078743454314	0.008450942270504972	1.3973898468176043	False
C:HLA-C_nov_4aac05f8	6.670703309822117e-06	0.00018338529249953663	0.0012251375428852084	0.00020457631855442092	0.005497463229643257	1.6941397457220144	False
C:HLA-C_nov_4af95984	6.670703309822328e-06	0.0001833852924995279	0.0022145879388242246	0.00036708525069380633	0.003837355937545687	0.6880876388067217	False
C:HLA-C_nov_4afef60f	6.670703309822019e-06	0.00018338529249954075	0.0005695053341711008	0.0001729857852148195	0.002685159681328139	0.5994439990488049	False
C:HLA-C_nov_4cd2f22a	6.670703309822284e-06	0.00018338529249952974	0.002548151632350767	0.0003769775333488141	0.0004908658061538782	4.683899434417873	False
C:HLA-C_nov_4db7f11c	6.670703309822504e-06	0.00018338529249952058	0.001769241983740779	0.0003267884058362446	0.004986913586294622	1.6941397457220146	False
C:HLA-C_nov_4ed4d588	6.670703309822397e-06	0.00018338529249952506	0.003873690583309023	1.3789144633158582e-05	0.001797423283693221	1.6941397457220144	False
C:HLA-C_nov_4fac0a43	6.670703309822369e-06	0.00018338529249952617	0.006207486615014775	0.0007150108635558235	0.0055570052770111305	0.5909730946714782	False
C:HLA-C_nov_4fec8399	6.670703309821907e-06	0.0001833852924995454	0.0009383415878166685	0.0002457766350277735	0.002446148903250046	0.5994439990488051	False
C:HLA-C_nov_50c5bcfd	6.670703309821935e-06	0.00018338529249954422	0.0020592282412300873	0.00021573231678983785	0.0036615227609013406	0.5994439990488052	False
C:HLA-C_nov_5138755f	6.670703309822e-06	0.0001833852924995415	0.00039910476280370123	0.0001081023175208451	0.0039228059782803444	0.599443999048805	False
C:HLA-C_nov_52098b78	6.670703309821817e-06	0.00018338529249954907	0.001124526619083289	1.307320536512186e-05	0.003968755198950212	0.6880876388067214	False
C:HLA-C_nov_525462fa	6.67070330982213e-06	0.00018338529249953611	0.006066882921125598	0.0006902775881731734	0.0030515060107320054	0.5909730946714781	False
C:HLA-C_nov_52af2c61	6.670703309822513e-06	0.0001833852924995202	0.004165461622790717	0.00041868482136249105	0.0015899614941802312	0.5909730946714781	False
C:HLA-C_nov_53aa89f2	6.670703309822526e-06	0.00018338529249951963	0.006707664941693261	0.0007127793447670743	0.008932596417976483	1.3973898468176043	False
C:HLA-C_nov_53b5251c	7.995430535428647e-05	0.00018338529249950475	0.005825316387846498	0.0006434876152099745	0.0014169722325946593	1.5527643845522556	False
C:HLA-C_nov_53ed9add	6.670703309822008e-06	0.00018338529249954118	0.004076786228349591	0.0005925349598131335	0.005562955734153612	1.3973898468176043	False
C:HLA-C_nov_540cf674	6.670703309822241e-06	0.0001833852924995316	0.002179796501450854	0.00018753414592493806	0.00012871169160674537	0.5909730946714781	False
C:HLA-C_nov_54437425	6.670703309821961e-06	0.0001833852924995431	0.0017905670404660078	0.00010182690645544256	0.0037961772832354676	0.5994439990488051	False
C:HLA-C_nov_546d870c	6.670703309821833e-06	0.00018338529249954842	0.002223975993944081	0.00045614305793156455	0.002112157392254986	0.6880876388067215	False
C:HLA-C_nov_54e39375	1.333998034140945e-05	0.00018338529249959385	0.004055084231540822	6.826329976636831e-05	0.004910463158201018	0.39525281868272705	False
C:HLA-C_nov_555b1e74	6.670703309822538e-06	0.00018338529249951923	0.0017550315593650447	0.00022326828344079028	0.004831206360560186	0.599443999048805	False
C:HLA-C_nov_55a79859	6.670703309822449e-06	0.0001833852924995229	0.005872092049689179	0.000981283018583053	0.008361144084470936	1.3973898468176043	False
C:HLA-C_nov_55b19785	6.670703309822157e-06	0.000183385292499535	0.007848538403331705	0.0012055850811536857	0.008839592850106824	1.3973898468176043	False
C:HLA-C_nov_564aa959	6.670703309821854e-06	0.00018338529249954755	0.005495795137467422	0.00048023030110297307	0.006182334407125075	1.3973898468176043	False
C:HLA-C_nov_567a9355	6.6707033098219205e-06	0.00018338529249954484	0.0002174320827986857	0.00013460468999528782	0.001958855340223198	4.683899434417869	False
C:HLA-C_nov_5694b25c	5.332569068796186e-05	0.00018338529249958545	0.006224731852933905	0.0003635319455459257	0.0020358605830544676	1.4241394834250107	False
C:HLA-C_nov_56d05b54	6.670703309822387e-06	0.00018338529249952543	0.00011179867193776972	0.0001034985202138792	0.003609863868480544	0.6880876388067214	False
C:HLA-C_nov_56ed4066	6.670703309822345e-06	0.0001833852924995272	0.006464478843939284	0.0007492642636898033	0.00417693668978519	0.5909730946714782	False
C:HLA-C_nov_573cc114	1.3339980341409973e-05	0.00018338529249952609	0.005847714352829815	0.000875252587954555	0.004372319616825539	2.797174534846549	False
C:HLA-C_nov_5793fb8d	6.670703309822418e-06	0.00018338529249952416	0.00237234148140976	0.00020981533548208704	0.00048051562499219395	0.5909730946714782	False
C:HLA-C_nov_584fb020	6.670703309822324e-06	0.0001833852924995281	0.004608301845422227	0.0005018738734545044	0.002426977538554374	0.5909730946714781	False
C:HLA-C_nov_5864004d	6.670703309822058e-06	0.0001833852924995391	0.0011423536705977482	0.00028113129405840285	0.0028537129711912485	0.599443999048805	False
C:HLA-C_nov_59711515	6.67070330982182e-06	0.000183385292499549	0.00010740438116321841	7.099677168069266e-05	0.0028320877906830013	0.599443999048805	False
C:HLA-C_nov_5985b5a9	6.6707033098220586e-06	0.0001833852924995391	0.008898836354728126	0.0012754554920342282	0.014742812555033836	1.3973898468176043	False
C:HLA-C_nov_5986fc9a	6.6707033098223135e-06	0.00018338529249952847	0.009861987702687626	0.0015673578320182077	0.0150122867193558	1.3973898468176043	False
C:HLA-C_nov_59d8c1eb	6.670703309821868e-06	0.00018338529249954696	0.004183547133680125	0.0004644421115415971	0.00171466357432326	0.5909730946714781	False
C:HLA-C_nov_59f5b2a1	6.670703309822434e-06	0.00018338529249952346	0.00014787787939172644	0.00010965526642273013	0.003302242282496142	4.683899434417871	False
C:HLA-C_nov_5a0360d4	6.670703309822262e-06	0.00018338529249953058	0.00070182094018591	0.0002424234216799322	0.0036659728224322894	0.6880876388067214	False
C:HLA-C_nov_5a218888	6.670703309821907e-06	0.0001833852924995454	0.0029792051663762335	0.0002996008968226983	0.003001666257498363	1.694139745722015	False
C:HLA-C_nov_5a49c442	6.670703309822429e-06	0.00018338529249952373	0.004385048334228676	0.0006715732700231375	0.004323986154554813	1.694139745722015	False
C:HLA-C_nov_5ad3e735	6.6707033098222365e-06	0.00018338529249953167	0.006224052493344826	0.0007305933914276027	0.0044685785793918895	0.5909730946714781	False
C:HLA-C_nov_5b292987	6.670703309821775e-06	0.00018338529249955089	0.002746896524120949	0.0002537142812757586	0.0013352805427950419	0.5909730946714781	False
C:HLA-C_nov_5b4e8df8	0.00023924676386487964	0.00018338529249954744	0.014006397275319766	0.0013301208918295017	0.002517159322236748	3.1377671122786017	False
C:HLA-C_nov_5c289b93	6.670703309821829e-06	0.00018338529249954864	0.0018572333783516267	0.0003193674587756228	0.0023300447932598067	0.599443999048805	False
C:HLA-C_nov_5c7e8b71	6.67070330982217e-06	0.0001833852924995344	0.00047343875808858883	4.200155561611063e-06	0.0038646908351966294	0.6880876388067214	False
C:HLA-C_nov_5cab98ef	6.670703309822133e-06	0.00018338529249953598	0.005557318606261236	0.0005534525075692868	0.002049751016548199	1.6941397457220142	False
C:HLA-C_nov_5ce679e0	6.670703309821786e-06	0.0001833852924995504	0.0034207244475975055	0.0006050332787844008	0.0014942845942361492	0.5994439990488053	False
C:HLA-C_nov_5ceebb49	6.670703309822514e-06	0.00018338529249952012	0.0028063354154991074	0.00030981489153603163	2.2208566214747894e-05	0.5909730946714781	False
C:HLA-C_nov_5db955eb	6.6707033098218655e-06	0.00018338529249954706	0.0006577444200924356	0.00033659097889463414	0.0038459886078425617	0.6880876388067213	False
C:HLA-C_nov_5dcd81ba	6.670703309821963e-06	0.00018338529249954308	0.003632690096774863	0.0005727068584275999	0.0004494853481670793	1.3973898468176043	False
C:HLA-C_nov_5e2f8e95	6.6707033098224186e-06	0.0001833852924995241	0.007523870557791207	0.0008730511044020034	0.005275972796419418	0.5909730946714782	False
C:HLA-C_nov_5e7974a7	6.6707033098220145e-06	0.00018338529249954094	0.00188397706182675	0.00019801956391410868	0.00012560909424044864	0.6880876388067216	False
C:HLA-C_nov_5ea793a9	6.67070330982227e-06	0.00018338529249953026	0.0019285002725925168	0.00034223562569633625	0.0037830732320288394	0.599443999048805	False
C:HLA-C_nov_5ecf986e	6.670703309822156e-06	0.000183385292499535	0.0015304922825091732	7.493005811792587e-05	0.0008667742202903082	0.5909730946714781	False
C:HLA-C_nov_5ee80b84	6.670703309822114e-06	0.0001833852924995368	0.002884994995891347	0.0006444129714879601	0.004701574020615896	0.6880876388067215	False
C:HLA-C_nov_5eebc74e	6.670703309822397e-06	0.00018338529249952506	0.00410137023522752	0.00044307247807755983	0.002636965808718634	0.5909730946714782	False
C:HLA-C_nov_5f98012c	6.670703309822093e-06	0.00018338529249953763	0.0008597748096882921	0.0002491230737301967	0.002283918273997133	0.5994439990488051	False
C:HLA-C_nov_601f6bff	6.6707033098221975e-06	0.0001833852924995333	0.00630176161655479	0.0007157141371501285	0.004785613262650108	0.5909730946714781	False
C:HLA-C_nov_60d6c127	6.670703309822212e-06	0.00018338529249953264	0.00708611245950702	0.00112020508845316	0.007124272690958647	1.3973898468176043	False
C:HLA-C_nov_618b0c2b	6.670703309822085e-06	0.00018338529249953793	0.0016067713673100497	0.00013080662764983027	0.004143557576077229	4.683899434417869	False
C:HLA-C_nov_62071b76	6.670703309822115e-06	0.00018338529249953666	0.004391821543710517	0.0004460880919905325	0.0029789618593217514	0.5909730946714782	False
C:HLA-C_nov_62a679b1	6.670703309822332e-06	0.00018338529249952774	0.0018455479404717355	0.00011457571516055117	0.0005018101445206414	0.6880876388067216	False
C:HLA-C_nov_6339c25a	6.670703309822008e-06	0.00018338529249954118	0.0012987344817618177	0.00014271840271684673	0.003904618751512657	0.599443999048805	False
C:HLA-C_nov_634311a9	1.3339980341410368e-05	0.00018338529249961624	0.0014588336077110708	0.00038646608469575396	0.00497070876815636	1.3768305991742118	False
C:HLA-C_nov_635a4b15	6.6707033098219374e-06	0.00018338529249954408	0.002271371360250359	0.00031532233896843675	0.0008541989906742881	1.6941397457220144	False
C:HLA-C_nov_6403c027	6.6707033098218095e-06	0.0001833852924995494	0.00017950339695284613	6.96781891207622e-05	0.0004147965159218041	0.599443999048805	False
C:HLA-C_nov_6471a963	6.670703309821893e-06	0.00018338529249954598	0.0024201303526176113	9.181109351734475e-05	0.0013086493526307046	1.6941397457220142	False
C:HLA-C_nov_6498fc0d	6.670703309821931e-06	0.00018338529249954438	0.0036970572013784496	0.0006180188313045623	0.0005780755913833594	1.3973898468176043	False
C:HLA-C_nov_64cbffbc	6.670703309822262e-06	0.00018338529249953058	0.003094033939090478	0.000667564595490868	0.003139201411435928	0.6880876388067214	False
C:HLA-C_nov_6586d613	6.670703309822034e-06	0.0001833852924995401	0.004609369805440714	0.0004612202792706384	0.001087860403082342	0.5909730946714782	False
C:HLA-C_nov_65eacc3f	6.670703309822041e-06	0.0001833852924995398	0.0035129883991818138	0.0002660135564576861	0.0052013449471780635	0.6880876388067217	False
C:HLA-C_nov_660a43a7	6.67070330982201e-06	0.00018338529249954107	0.003309579292425477	0.0006155603845395259	0.002806720889620534	0.6880876388067212	False
C:HLA-C_nov_66352c22	6.670703309822404e-06	0.00018338529249952478	0.007860902795785519	0.0009317377122542468	0.005947584693718456	0.5909730946714781	False
C:HLA-C_nov_664a5ec1	6.670703309822271e-06	0.00018338529249953026	0.0076762380563736455	0.0008911872443195696	0.00534746718718553	0.5909730946714782	False
C:HLA-C_nov_67025c00	6.670703309821809e-06	0.00018338529249954945	0.006071135570051132	0.0004015992147422945	0.010445202042551189	1.3973898468176043	False
C:HLA-C_nov_6786c6ee	6.670703309822173e-06	0.00018338529249953435	0.007174915045817962	0.001088675452404073	0.007528369194251029	1.3973898468176043	False
C:HLA-C_nov_687c11af	6.670703309822344e-06	0.0001833852924995272	0.0029934120657571536	0.00032793734876570093	0.001932930797570433	0.5909730946714781	False
C:HLA-C_nov_68d17b86	6.670703309822093e-06	0.00018338529249953763	0.004772334074034262	0.0005308380616944879	0.0016992846687509146	0.5909730946714781	False
C:HLA-C_nov_68e967e9	6.67070330982211e-06	0.00018338529249953693	0.002897388614066192	0.0001472064763241541	0.0023553278662672983	0.599443999048805	False
C:HLA-C_nov_691497df	6.670703309822245e-06	0.00018338529249953134	0.0019250708256355051	0.00020768607285578602	0.003384627416897169	0.6880876388067216	False
C:HLA-C_nov_6942ed15	6.6707033098224906e-06	0.00018338529249952118	0.005407678786255621	0.0005760082054628819	0.004580715676570189	0.5909730946714781	False
C:HLA-C_nov_6b538d12	6.670703309821829e-06	0.00018338529249954864	0.0006102812741957256	0.00013917055790485655	0.0009500238970837063	0.599443999048805	False
C:HLA-C_nov_6bff631e	6.670703309821854e-06	0.00018338529249954755	0.0007697142891829646	9.042168941952287e-05	0.002167691239740784	0.5994439990488051	False
C:HLA-C_nov_6d3cf1a2	6.670703309822093e-06	0.00018338529249953758	0.004950639797753642	0.0007417427963627203	0.005754964516530135	1.3973898468176043	False
C:HLA-C_nov_6df7ef22	6.6707033098221645e-06	0.00018338529249953465	0.002163788989511343	0.00015053533834578713	0.0015691525199722602	0.5909730946714782	False
C:HLA-C_nov_6e0daac7	6.670703309822247e-06	0.00018338529249953124	0.0008294324438406683	0.00018308097047615347	0.004719467805934756	0.599443999048805	False
C:HLA-C_nov_6e664f1f	6.67070330982195e-06	0.0001833852924995436	0.004606442664648864	0.0006663115204342577	0.005816810490687875	1.3973898468176043	False
C:HLA-C_nov_6e820902	6.670703309822463e-06	0.0001833852924995224	0.0013391656575756899	2.8645169428723327e-05	0.0009585073375057121	1.6941397457220149	False
C:HLA-C_nov_6ebb42df	6.670703309822011e-06	0.00018338529249954105	0.00033518409266714423	0.00013029452494951583	0.002388068933164302	0.6880876388067212	False
C:HLA-C_nov_6eedfd37	6.670703309822248e-06	0.00018338529249953118	0.002471687135509368	0.0004812157107283247	0.004919942675454198	0.5909730946714782	False
C:HLA-C_nov_6f2985fa	6.670703309822087e-06	0.00018338529249953788	0.002702988465816733	0.0002640465006024652	0.0005768702283795622	0.5909730946714781	False
C:HLA-C_nov_6f30f0e9	6.67070330982252e-06	0.00018338529249951993	0.003770376799065028	0.00035442973920457745	0.0010458376429137205	0.5994439990488051	False
C:HLA-C_nov_6f516f14	6.670703309821992e-06	0.00018338529249954186	0.0026105950992084967	0.00046357949424781183	0.003388579805959296	0.6880876388067214	False
C:HLA-C_nov_6ff06874	6.6707033098223855e-06	0.0001833852924995255	0.0008622383995179241	2.5755000635949308e-05	0.0004046619522473821	0.6880876388067214	False
C:HLA-C_nov_70377e97	5.334565858327047e-05	0.00018338529249959697	0.008406480935234854	0.0008259236473318493	0.008887768175796387	3.0313602839005127	False
C:HLA-C_nov_70a2c8fd	6.670703309822055e-06	0.00018338529249953915	0.00829932611329749	0.0012821608376083545	0.01150122636526538	1.3973898468176043	False
C:HLA-C_nov_70a2f15c	6.670703309822506e-06	0.00018338529249952053	0.001574645089873026	0.00039787317638638215	0.004370090695998522	0.6880876388067212	False
C:HLA-C_nov_7101e540	6.6707033098221975e-06	0.0001833852924995333	0.005020302414259279	0.0005564933492868229	0.0024164923392483275	0.5909730946714781	False
C:HLA-C_nov_71e045ca	6.670703309822118e-06	0.00018338529249953657	0.002309745149283024	0.00032212338976533606	0.0017578502487758901	1.6941397457220144	False
C:HLA-C_nov_73932fd5	6.670703309821791e-06	0.0001833852924995502	0.004227377927949601	0.0006310256412196966	0.0019482553433108245	1.6941397457220146	False
C:HLA-C_nov_7478011f	6.67070330982224e-06	0.0001833852924995316	0.005126798484063186	0.0005784460880066079	0.004132779134638685	0.5909730946714781	False
C:HLA-C_nov_75170ab5	6.67070330982236e-06	0.00018338529249952657	0.002677035383417678	0.00030792737140276336	0.0015498546748156374	0.6880876388067214	False
C:HLA-C_nov_75b0bf40	6.67070330982214e-06	0.00018338529249953565	0.0017901117835286734	0.0003144535288152049	0.0038690453301050915	0.599443999048805	False
C:HLA-C_nov_75d84c24	6.670703309822062e-06	0.00018338529249953893	0.00034878315280374093	0.00021114686062043817	0.0038509959592194416	0.599443999048805	False
C:HLA-C_nov_76044f08	6.67070330982207e-06	0.00018338529249953858	0.0002743394355897927	0.00010074464932080418	0.002885733057579469	0.5994439990488051	False
C:HLA-C_nov_7608d3a2	6.670703309822509e-06	0.0001833852924995204	0.005789436893303143	0.0006819976571418115	0.006463022027305092	0.5909730946714781	False
C:HLA-C_nov_7613ab57	6.6707033098224414e-06	0.0001833852924995232	0.004661978209755258	0.0007184893376608961	0.005374817051475808	1.3973898468176043	False
C:HLA-C_nov_7651c0a9	6.670703309822499e-06	0.00018338529249952077	0.0002484102369046894	0.0001952022358410864	0.004290844013359046	0.5994439990488051	False
C:HLA-C_nov_7728af02	6.670703309821805e-06	0.00018338529249954956	0.004385007623503077	0.0004309842428407685	0.002536134701297531	0.5909730946714782	False
C:HLA-C_nov_774b9ef1	6.6707033098224635e-06	0.00018338529249952226	0.002543557544211966	0.00018807361090880274	0.0005034697074296282	0.5909730946714782	False
C:HLA-C_nov_778eb36a	6.670703309822151e-06	0.00018338529249953525	0.005685995389570149	0.0006480918781083966	0.003744385054355668	0.5909730946714781	False
C:HLA-C_nov_779c55f5	6.670703309822274e-06	0.00018338529249953012	0.005320228747913099	0.000573623100297183	0.0046778368111866355	0.5909730946714781	False
C:HLA-C_nov_77cc47b2	6.670703309822298e-06	0.00018338529249952912	0.0015387163111132017	0.00028932686291542847	0.0028519743500703882	0.599443999048805	False
C:HLA-C_nov_783a9484	0.00023262598029331484	0.00018338529249959114	0.0275002293422834	0.0030913276179981315	0.01807093792845009	13.917516153870144	False
C:HLA-C_nov_78bb4ce6	6.6707033098222915e-06	0.00018338529249952942	0.006103394288632224	0.0007040041318329202	0.0037665150708584188	0.5909730946714781	False
C:HLA-C_nov_78ca8c5c	6.670703309822307e-06	0.00018338529249952877	0.002571441164771446	0.00020468440208515774	8.406996274753526e-05	0.6880876388067217	False
C:HLA-C_nov_79b29053	6.670703309822191e-06	0.0001833852924995336	0.0005547101632265969	0.00012220338036837347	0.0026222627676805526	1.694139745722015	False
C:HLA-C_nov_7a5fe4fc	6.6707033098223965e-06	0.00018338529249952506	0.007079546095635953	0.0009698332803397756	0.005868893475125622	1.3973898468176043	False
C:HLA-C_nov_7abc7b25	6.670703309821837e-06	0.00018338529249954826	0.0012975807862647254	0.0002866017024695934	0.005237926336049927	0.599443999048805	False
C:HLA-C_nov_7aed0855	6.670703309822202e-06	0.00018338529249953313	0.0026915901248925522	0.00017409515337555093	0.00118500705491203	1.6941397457220149	False
C:HLA-C_nov_7b656768	6.670703309821775e-06	0.00018338529249955089	0.0019401790890438305	0.00031385925911448897	0.004129734225942531	0.5994439990488052	False
C:HLA-C_nov_7c0c119c	6.670703309822524e-06	0.0001833852924995198	0.0018691593916764493	0.00032637087054894926	0.0037316682586635464	0.6880876388067214	False
C:HLA-C_nov_7c38ba82	6.670703309822125e-06	0.0001833852924995363	0.001383162147082489	5.745385560431711e-05	0.006022309223624109	0.5994439990488051	False
C:HLA-C_nov_7c9dfed0	6.670703309822461e-06	0.00018338529249952243	0.0026148816708545185	0.0002704623075573237	0.0002043999677269917	0.6880876388067217	False
C:HLA-C_nov_7ca8e0da	6.670703309822295e-06	0.00018338529249952923	0.0021851529900315052	0.00016389200042168345	0.0033308419108880956	0.599443999048805	False
C:HLA-C_nov_7d135e63	6.670703309822512e-06	0.00018338529249952028	0.004254337409706209	0.0004527036190942015	0.002050664470218232	0.5909730946714781	False
C:HLA-C_nov_7d497af4	6.670703309821796e-06	0.00018338529249954996	0.00612638441006443	0.0007148957564143641	0.00483548132507869	0.5909730946714782	False
C:HLA-C_nov_7eb02de7	6.670703309821843e-06	0.000183385292499548	0.0015325698335586675	0.0002898374627587801	0.000567618938564342	0.599443999048805	False
C:HLA-C_nov_7ece5298	6.670703309821948e-06	0.0001833852924995437	5.436992509658138e-05	0.0001326940434750803	0.0030434061233604757	0.5909730946714781	False
C:HLA-C_nov_7efd28f5	6.670703309822186e-06	0.00018338529249953378	0.0033455098504238984	0.0007729978500853828	0.005728198503906277	0.6880876388067212	False
C:HLA-C_nov_80ef8015	0.0005621575827760353	0.00018338529249952752	0.019506852588968185	0.0031239373780208727	0.015072085170456806	6.225729181154223	False
C:HLA-C_nov_828254b6	6.67070330982225e-06	0.0001833852924995311	0.0006907349342354768	1.5019880867826285e-05	0.0023195022539910324	1.6941397457220146	False
C:HLA-C_nov_82939339	6.670703309821899e-06	0.00018338529249954568	0.002202689392371348	0.00037001897924693615	0.006810252864611712	0.599443999048805	False
C:HLA-C_nov_82bf51f2	6.670703309822314e-06	0.00018338529249952847	0.002018732366671471	0.00015203877029219725	0.00046637736233304754	0.6880876388067216	False
C:HLA-C_nov_83deb78e	6.670703309822175e-06	0.00018338529249953427	0.0006180444976734528	4.7423385848150193e-05	0.0002499704430933871	0.599443999048805	False
C:HLA-C_nov_84a0be7b	6.6707033098224355e-06	0.00018338529249952343	0.001696684832139394	0.0003548680779043928	0.0044547760799052635	0.5994439990488052	False
C:HLA-C_nov_84ab09f1	0.000146426002543563	0.00018338529249954926	0.025122533089168363	0.003441889670644484	0.026571197539991005	14.294977550117322	False
C:HLA-C_nov_867cdab8	6.67070330982252e-06	0.00018338529249951993	0.0006727669159697014	4.5949523021157556e-05	0.0048760958256207085	0.5994439990488051	False
C:HLA-C_nov_87222fcc	6.670703309822044e-06	0.00018338529249953966	0.005432268641688884	0.0006290036841673996	0.004786577544973803	0.5909730946714781	False
C:HLA-C_nov_881f1116	6.670703309822539e-06	0.00018338529249951923	0.0012429274990927758	0.00032862364200741197	0.00626526143007933	0.5994439990488051	False
C:HLA-C_nov_88e4e4c6	6.670703309822142e-06	0.00018338529249953565	0.004150351702226905	0.0004380291093268177	0.0007608225615102707	0.5909730946714782	False
C:HLA-C_nov_8a5e70fc	6.67070330982241e-06	0.00018338529249952449	0.007982655236783308	0.0009140259156932437	0.006774102743073819	0.5909730946714782	False
C:HLA-C_nov_8a71b51a	6.670703309822211e-06	0.00018338529249953273	0.006883366991874857	0.0009453027480314445	0.008328372975351255	1.3973898468176043	False
C:HLA-C_nov_8ae2283f	6.670703309822289e-06	0.00018338529249952947	0.0006520648453897761	0.00017552402875631998	0.005040390354233023	0.5994439990488049	False
C:HLA-C_nov_8cbb1323	6.67070330982254e-06	0.00018338529249951912	0.005040833354280171	0.0006974759650389786	0.0035527422182508117	1.3973898468176043	False
C:HLA-C_nov_8d0c4f81	1.333998034140946e-05	0.0001833852924995406	0.00704813429367051	0.0012604644878810778	0.0055413535187090225	2.797174534846549	False
C:HLA-C_nov_8de49f9e	6.670703309822168e-06	0.00018338529249953451	0.005040025695367334	0.0005544626768233437	0.004923191276648852	0.5909730946714781	False
C:HLA-C_nov_8e20d75e	6.670703309822198e-06	0.00018338529249953321	0.0036765557106746083	0.0003638723411048444	0.0013112353418831047	0.6880876388067215	False
C:HLA-C_nov_8e32f83b	6.670703309821871e-06	0.00018338529249954687	0.006254764730588155	0.0005696125362198052	0.0086827264241767	1.3973898468176043	False
C:HLA-C_nov_8e508d67	6.670703309822441e-06	0.0001833852924995232	0.000781568047636572	0.00025915740326035625	0.004349562832982705	0.599443999048805	False
C:HLA-C_nov_8e53c4c2	6.6707033098225295e-06	0.00018338529249951955	0.0011244798730128988	0.00048590751681855404	0.0017425574564553649	1.6941397457220144	False
C:HLA-C_nov_8ea025ba	6.670703309822232e-06	0.00018338529249953183	0.0017304561731429423	0.00025101514166650366	0.004308353956473419	4.683899434417871	False
C:HLA-C_nov_8ed1afea	6.6707033098220586e-06	0.0001833852924995391	0.008898836354728126	0.0012754554920342282	0.014742812555033836	1.3973898468176043	False
C:HLA-C_nov_90fad998	6.6707033098223195e-06	0.0001833852924995282	0.0005315917340202338	0.00021640434441210169	0.002673193083701346	0.6880876388067215	False
C:HLA-C_nov_91155cec	6.6707033098223245e-06	0.00018338529249952804	0.0012506813695801634	0.00017927460286586237	0.0017396364961384874	1.6941397457220149	False
C:HLA-C_nov_9180a561	8.664212400293344e-05	0.00018338529249958488	0.0013762765673400689	0.0002305602149807731	0.003383668356269674	4.433208944183806	False
C:HLA-C_nov_922546a8	6.670703309821954e-06	0.00018338529249954343	0.005597790438773423	0.000917867409054614	0.009648178476934355	1.3973898468176043	False
C:HLA-C_nov_92c45320	6.670703309822068e-06	0.0001833852924995387	0.0003568703482909109	5.24206088721161e-05	0.004404816645836629	0.5994439990488051	False
C:HLA-C_nov_93df6141	6.670703309822362e-06	0.00018338529249952646	0.0013143304821787202	8.34868851657233e-05	0.005177963708255665	0.5994439990488051	False
C:HLA-C_nov_942d5418	6.670703309822491e-06	0.00018338529249952115	0.004172567029461903	0.0004290862471179768	0.0031826782401069673	0.5909730946714781	False
C:HLA-C_nov_95332fd6	6.670703309822335e-06	0.00018338529249952766	0.03792865905011904	0.33890123322196514	0.0004201108726334317	1.6941397457220146	False
C:HLA-C_nov_954bf96c	6.670703309822156e-06	0.000183385292499535	0.00021984110954085411	2.0262127654048116e-05	0.002901234109791505	1.6941397457220153	False
C:HLA-C_nov_962ac8bf	0.0002193801343155067	0.00018338529249953598	0.016220706867819422	0.0026377476208333077	0.010670679925397091	7.0593968775928735	False
C:HLA-C_nov_96739b93	6.670703309821786e-06	0.0001833852924995504	0.0031433714724338137	0.00035877954878947224	0.0025484605396513356	1.6941397457220146	False
C:HLA-C_nov_96b87205	6.67070330982203e-06	0.0001833852924995403	0.004173204508767966	0.0006340356692739849	0.00742235255199271	1.3973898468176043	False
C:HLA-C_nov_978c08ae	6.670703309821878e-06	0.0001833852924995466	0.0010456367683630546	0.0002634220282056602	0.0035864628972214767	0.5994439990488051	False
C:HLA-C_nov_9823341f	6.6707033098217875e-06	0.00018338529249955032	0.001225335759052576	0.0002939844681966228	0.0031642969845566906	0.599443999048805	False
C:HLA-C_nov_991cce7e	6.670703309821824e-06	0.00018338529249954883	0.004788297496932375	0.0007289663851923106	0.003622816891076031	1.3973898468176043	False
C:HLA-C_nov_99570532	6.6707033098222636e-06	0.00018338529249953056	0.001864690434610455	0.00015915278010409503	0.005155530754412712	0.599443999048805	False
C:HLA-C_nov_996e49bf	6.670703309821787e-06	0.00018338529249955032	0.0002915695903938475	0.00011458793247014336	0.002835499923862613	0.5994439990488053	False
C:HLA-C_nov_99a8fc53	6.670703309821841e-06	0.00018338529249954807	0.0038043133441565697	0.0006956295009999669	0.00012859266890743123	0.6880876388067214	False
C:HLA-C_nov_99d403a7	6.670703309822419e-06	0.0001833852924995241	0.000880712278013355	4.7734796767345204e-05	0.0025283450899718997	0.6880876388067216	False
C:HLA-C_nov_99db41af	6.670703309821837e-06	0.00018338529249954826	0.007199472125074958	0.0011235415493090887	0.005793655946122308	1.3973898468176043	False
C:HLA-C_nov_9a27a2b6	6.67070330982196e-06	0.00018338529249954313	0.0027399352301797734	0.000390655246048027	0.0019269797408109682	1.6941397457220153	False
C:HLA-C_nov_9aa890b3	6.670703309822413e-06	0.00018338529249952443	0.005332233779343286	0.0005516332162085498	0.00403621942770527	0.6880876388067214	False
C:HLA-C_nov_9b4e3af6	6.670703309822343e-06	0.00018338529249952728	0.005227505052397249	0.0005592044304508137	0.0023756979847137827	0.5909730946714781	False
C:HLA-C_nov_9b842ca5	6.67070330982205e-06	0.00018338529249953942	0.0020212083330595457	0.0002966059167865375	0.0007530753678050163	1.6941397457220149	False
C:HLA-C_nov_9c2c3b39	6.670703309821934e-06	0.00018338529249954425	0.0015274569103408398	6.208917296166328e-05	0.00010528589637238397	0.5909730946714781	False
C:HLA-C_nov_9c33ee07	6.670703309822089e-06	0.00018338529249953777	0.006396222546796745	0.0007373994829543525	0.004329026192369326	0.5909730946714781	False
C:HLA-C_nov_9c9fa84b	1.3339980341410339e-05	0.00018338529249951532	0.004532731237263654	0.0005107571463438228	0.004449074311954271	0.8426677110455663	False
C:HLA-C_nov_9ca7272b	6.670703309822456e-06	0.0001833852924995226	0.0011252985312677642	3.6357695266157775e-05	0.0015619671822775837	1.6941397457220149	False
C:HLA-C_nov_9cb3a62a	6.670703309822279e-06	0.00018338529249952993	0.004311364903116343	0.0004586069752715867	0.0021696424561540675	0.6880876388067217	False
C:HLA-C_nov_9d0f02b0	6.6707033098222636e-06	0.00018338529249953056	0.0020911692322405553	0.00024319617587927988	0.00018853938242319784	0.5909730946714782	False
C:HLA-C_nov_9d164c7e	6.6707033098225e-06	0.00018338529249952077	0.003798909098862729	0.0002034603643439184	0.0026277712124332165	1.6941397457220146	False
C:HLA-C_nov_9d4d1f48	6.670703309822418e-06	0.00018338529249952416	0.0005064742234697916	0.00031335829153012677	0.004628262125343644	0.6880876388067217	False
C:HLA-C_nov_9da49d9c	6.670703309822012e-06	0.00018338529249954105	0.0027550122094232923	0.00025388131136761763	0.0003268259383620879	0.5994439990488051	False
C:HLA-C_nov_9dc4f576	6.670703309821955e-06	0.00018338529249954338	0.0018495842602207315	0.0002599675415238321	0.0007431177100932899	1.6941397457220153	False
C:HLA-C_nov_9dd65a19	6.670703309822433e-06	0.00018338529249952354	0.0003231938536722767	0.0001373747097162184	0.002432658829473256	4.683899434417871	False
C:HLA-C_nov_9e058159	6.6707033098218705e-06	0.00018338529249954687	0.0037655715612143234	0.0003840800501325848	0.003112778119506402	0.5909730946714781	False
C:HLA-C_nov_9e20ce5d	6.6707033098222026e-06	0.00018338529249953313	0.004236027316903914	0.0004467479489843058	0.00109971939102738	0.6880876388067215	False
C:HLA-C_nov_9f71f906	6.670703309821869e-06	0.00018338529249954696	0.001679792063270355	0.00015114513629003776	0.001241150830896639	0.599443999048805	False
C:HLA-C_nov_a005f0cc	6.670703309821807e-06	0.0001833852924995495	0.008179211305555522	0.0009631808059036661	0.007889075850481595	0.5909730946714782	False
C:HLA-C_nov_a05a41e2	6.670703309822387e-06	0.00018338529249952543	0.0051740408366498635	0.0006124504733696592	0.00428757055352066	0.5909730946714781	False
C:HLA-C_nov_a0c5a96f	0.0002592089540561181	0.00018338529249952083	0.010487875395255603	0.0008174707391328363	0.008028796294910897	5.64928148067632	False
C:HLA-C_nov_a1c2801d	6.670703309822443e-06	0.0001833852924995231	0.0006691548413859713	1.4140786673665993e-05	0.0010350933026668958	0.5909730946714782	False
C:HLA-C_nov_a1cbb587	6.670703309822021e-06	0.00018338529249954061	0.00048704163477050484	6.672816592501974e-05	0.005075539669769403	0.599443999048805	False
C:HLA-C_nov_a28f5a6e	6.670703309822331e-06	0.00018338529249952774	0.0022011460629120273	0.00043868389637220594	0.004106811259606534	0.599443999048805	False
C:HLA-C_nov_a2b61d3b	6.670703309822128e-06	0.00018338529249953622	0.0024478550398832457	0.0005554834106290961	0.004473302065491373	0.6880876388067214	False
C:HLA-C_nov_a2ba3c76	6.670703309821801e-06	0.0001833852924995497	0.0008347012962732296	0.00018010489853104175	0.004322957654110487	0.6880876388067217	False
C:HLA-C_nov_a3249f55	6.670703309822377e-06	0.0001833852924995259	0.0016291665368528964	0.0003347042632282416	0.002452580691842565	0.599443999048805	False
C:HLA-C_nov_a3eced14	6.670703309822334e-06	0.00018338529249952766	0.0032133069770314666	0.0002969481305502908	0.00010275846053141386	0.5909730946714782	False
C:HLA-C_nov_a400272c	2.6674255569876516e-05	0.00018338529249950706	0.005464389438344295	0.0005500678381177903	0.004465546203178516	0.8795330063557588	False
C:HLA-C_nov_a4e0401e	6.67070330982199e-06	0.0001833852924995419	0.003555737320945605	0.0003531352726358224	0.00011992648008481393	0.6880876388067214	False
C:HLA-C_nov_a5401978	6.670703309822536e-06	0.0001833852924995193	0.00013059682866070526	8.495220094237333e-06	0.0016438916123169137	0.599443999048805	False
C:HLA-C_nov_a553918a	6.670703309822365e-06	0.00018338529249952638	0.0003759250766133719	0.00017372453187619884	0.004052654094605336	0.5994439990488051	False
C:HLA-C_nov_a575c24e	6.670703309822407e-06	0.00018338529249952462	0.004022351524073487	0.00046298433885100975	0.004851555179171631	0.5909730946714781	False
C:HLA-C_nov_a57a0190	6.670703309822001e-06	0.0001833852924995415	0.00023443972924660085	0.0001468574481958215	0.00363237474458587	0.5909730946714781	False
C:HLA-C_nov_a5b7ca65	6.670703309822122e-06	0.0001833852924995364	0.0010372070715107193	0.00026376990846385375	0.00402740914429952	0.599443999048805	False
C:HLA-C_nov_a67ea823	0.0004768476026454878	0.0001833852924995166	0.0357057509047934	0.004213541024880092	0.027723914604273658	28.391043566953243	False
C:HLA-C_nov_a6a7c2ff	6.670703309822361e-06	0.00018338529249952652	0.00040266589804218957	0.00018181039502884942	0.0023368941250725083	0.6880876388067213	False
C:HLA-C_nov_a73a49b5	2.000783109475634e-05	0.0001833852924995318	0.0028311885259260376	0.00034349551085912093	0.005881166948369413	0.8509099797355897	False
C:HLA-C_nov_a78503cc	6.670703309822485e-06	0.00018338529249952142	0.002357828659554041	0.0005219007870469266	0.005931123879930089	0.6880876388067214	False
C:HLA-C_nov_a7892556	6.670703309822467e-06	0.00018338529249952216	0.0023519770117296094	0.00019045694149231982	0.003041872124586246	0.599443999048805	False
C:HLA-C_nov_a8848f37	6.670703309822439e-06	0.0001833852924995233	0.0055249247134867	0.0006354581092182959	0.003140539556485894	0.5909730946714782	False
C:HLA-C_nov_a9c2041e	6.6707033098224575e-06	0.0001833852924995226	0.004766552840104961	0.0005135736025067121	0.002906862440810053	0.5909730946714781	False
C:HLA-C_nov_aa0fd506	6.670703309822479e-06	0.00018338529249952159	0.002054581837147499	0.00038820503370821723	0.0057850026683877315	0.5994439990488051	False
C:HLA-C_nov_aa13b258	6.6707033098222415e-06	0.00018338529249953142	0.0024011094495055433	0.0003626299200409258	0.001034549886392336	1.3973898468176043	False
C:HLA-C_nov_aab010ec	6.670703309821774e-06	0.00018338529249955089	0.0008363248138484533	0.00021746343884360362	0.002086834362694845	0.5994439990488052	False
C:HLA-C_nov_aad57939	6.6707033098225244e-06	0.0001833852924995198	0.0014057947542174133	0.00028124512276727487	0.003126199004824449	1.6941397457220144	False
C:HLA-C_nov_ab0ba9a7	6.670703309822453e-06	0.00018338529249952272	0.007283270647619279	0.0010920948641289158	0.009205308849835335	1.3973898468176043	False
C:HLA-C_nov_aba258c8	6.6707033098217985e-06	0.00018338529249954988	0.0007365148543193216	7.2891881173250095e-06	0.002164495272002862	0.6880876388067212	False
C:HLA-C_nov_ae880ae9	6.670703309822449e-06	0.0001833852924995229	0.00047490124879441846	0.00024422224685279086	0.00447223070819985	0.5994439990488051	False
C:HLA-C_nov_aeccf75a	6.67070330982189e-06	0.00018338529249954603	0.002688077244708245	0.00034871807745056954	0.0013650560043469396	1.6941397457220142	False
C:HLA-C_nov_af915047	6.670703309822167e-06	0.00018338529249953454	0.005500156920262124	0.0006273956586819334	0.0035932316600897	0.5909730946714782	False
C:HLA-C_nov_afa1f0e3	6.670703309822478e-06	0.00018338529249952175	0.00622019243416543	0.0009409389495023563	0.007569726913391421	1.3973898468176043	False
C:HLA-C_nov_b06c3d08	6.6707033098220865e-06	0.00018338529249953788	0.0012946888667125192	3.75670072299991e-05	0.004629499161682071	0.599443999048805	False
C:HLA-C_nov_b08e3aca	6.6707033098223356e-06	0.00018338529249952752	0.0027625223662932842	0.0005024942721147678	0.004431022459334495	0.5909730946714782	False
C:HLA-C_nov_b1c71d66	6.670703309822266e-06	0.00018338529249953045	0.0011913055074979655	4.461547145440733e-05	0.0011912886250033535	0.5909730946714782	False
C:HLA-C_nov_b1dea34c	6.670703309821978e-06	0.00018338529249954238	0.007177607325334581	0.00114341191995339	0.008055852729785642	1.3973898468176043	False
C:HLA-C_nov_b376c458	6.670703309821894e-06	0.00018338529249954584	0.00027313546699177195	0.00018638637648779675	0.00357680601616267	0.599443999048805	False
C:HLA-C_nov_b3c83b2d	6.670703309822522e-06	0.00018338529249951988	0.00035478129291786247	8.789163053007046e-05	0.0038197597471538764	0.5994439990488051	False
C:HLA-C_nov_b3df4654	6.67070330982232e-06	0.00018338529249952817	0.004782352829466463	0.0008261602209505631	0.007219514472718175	1.3973898468176043	False
C:HLA-C_nov_b3f9c5b6	6.670703309821842e-06	0.00018338529249954807	0.000852380242869075	0.00010926381809654862	0.002045768431251798	4.683899434417873	False
C:HLA-C_nov_b4c98ba7	6.670703309822454e-06	0.00018338529249952264	0.0015711495175667525	0.00019084509933876755	0.002684595351132673	1.6941397457220149	False
C:HLA-C_nov_b4f5db81	6.670703309821799e-06	0.00018338529249954988	1.025582263415968e-05	6.932972022158249e-05	0.0007606566579731591	1.3973898468176043	False
C:HLA-C_nov_b579e3fd	6.670703309822177e-06	0.0001833852924995342	0.004336941490349987	0.00046671584322645826	0.0014453133940931493	0.5909730946714781	False
C:HLA-C_nov_b6b5876c	6.670703309822451e-06	0.00018338529249952278	0.002632383192716259	0.0002397097136022355	0.0003114254975407117	0.5909730946714781	False
C:HLA-C_nov_b6f3edd0	6.670703309822143e-06	0.0001833852924995356	0.0007090352305981501	9.763333576950038e-06	0.0039049134429578612	0.599443999048805	False
C:HLA-C_nov_b77d175b	6.670703309822018e-06	0.0001833852924995408	0.0032180296743776794	0.00042580214491365017	2.9082535759766426e-05	4.683899434417872	False
C:HLA-C_nov_b81b162d	6.670703309822281e-06	0.0001833852924995298	8.643352428899567e-05	0.00010333227491673734	0.0037777954079515315	0.6880876388067216	False
C:HLA-C_nov_b8cde684	2.6674255569876096e-05	0.0001833852924995223	0.011715092488583595	0.0012946450767435992	0.007571417835816575	1.202549823977856	False
C:HLA-C_nov_b8eff30a	6.6707033098222746e-06	0.0001833852924995301	0.00853934580201419	0.0010075631241640624	0.006745177947738438	0.5909730946714781	False
C:HLA-C_nov_b8f165ed	6.670703309821968e-06	0.0001833852924995429	0.0038535349568320563	3.335232201910494e-05	0.001588998930289664	1.694139745722015	False
C:HLA-C_nov_b8f48ddf	6.670703309822179e-06	0.00018338529249953405	0.0019250995311857343	0.00034549022941205554	0.0043509803531771715	0.5994439990488051	False
C:HLA-C_nov_b913f270	6.670703309822186e-06	0.00018338529249953378	0.004946978572188233	0.0008173586049517258	0.005211063110100954	1.3973898468176043	False
C:HLA-C_nov_b94c39c7	6.670703309822106e-06	0.00018338529249953712	0.004606493192859179	0.0005225746405411024	0.0031873003135063083	0.5909730946714781	False
C:HLA-C_nov_b96219d5	6.670703309822527e-06	0.0001833852924995196	0.007695203662575942	0.0008914337116193263	0.005428740225607885	0.5909730946714781	False
C:HLA-C_nov_ba0fe8ef	6.670703309822484e-06	0.00018338529249952142	0.0018206995277616695	0.0001343139473406411	0.0005562693035780452	0.6880876388067214	False
C:HLA-C_nov_baa33489	6.67070330982177e-06	0.00018338529249955105	0.0012390169217453987	0.0002580339949712188	0.0030771650414673493	0.6880876388067214	False
C:HLA-C_nov_babba26b	6.670703309822411e-06	0.00018338529249952449	0.0003930054423110784	9.953351832699424e-05	0.0022829634315067572	0.6880876388067214	False
C:HLA-C_nov_bad6495b	6.670703309822123e-06	0.0001833852924995364	0.006877094654937907	0.0007883310520487118	0.004051443319838309	0.5994439990488051	False
C:HLA-C_nov_bafd9108	6.670703309822544e-06	0.00018338529249951893	0.00010761941043458918	0.000134699727241425	0.0008968963442346391	0.6880876388067212	False
C:HLA-C_nov_bb566bc4	0.0001331430733315766	0.0001833852924995664	0.0014332862763811432	0.00020881784345788064	0.006133951561936144	2.4895316861400776	False
C:HLA-C_nov_bb666862	6.670703309822244e-06	0.00018338529249953134	0.008505829710420618	0.0012647648806804722	0.012632551229835488	1.3973898468176043	False
C:HLA-C_nov_bb78f93b	6.670703309822417e-06	0.00018338529249952422	0.0038223584790865574	0.0005218898285327165	0.0020398134007445783	1.694139745722015	False
C:HLA-C_nov_bc2c2703	6.670703309821986e-06	0.00018338529249954213	0.002203714455935595	0.00030160656268821574	0.0016807790148806493	0.5994439990488052	False
C:HLA-C_nov_bc82a0a8	6.670703309821799e-06	0.00018338529249954988	0.0018042931549837017	7.566077222535121e-05	0.0036803995557155703	1.6941397457220144	False
C:HLA-C_nov_bcd2db8c	6.670703309822347e-06	0.0001833852924995271	0.006093605491380892	0.0008935408058977268	0.006176635425274491	1.3973898468176043	False
C:HLA-C_nov_bd8530c2	6.670703309822005e-06	0.00018338529249954124	0.0011019806563624635	6.398131951836715e-05	0.002732998948348393	0.5909730946714781	False
C:HLA-C_nov_bdabdbe4	6.670703309822236e-06	0.00018338529249953178	0.0006795246454493253	0.0001577098228170463	0.0048664686759586715	0.5994439990488049	False
C:HLA-C_nov_bdefc4f2	6.670703309822337e-06	0.00018338529249952747	0.0022022625139741037	0.00019531516886922294	0.0007241852893501514	0.5994439990488051	False
C:HLA-C_nov_bdfcf7dd	6.670703309822136e-06	0.00018338529249953584	0.006293110377226859	0.0007384828944909836	0.004797754684874573	0.6880876388067214	False
C:HLA-C_nov_be3ff449	6.670703309821985e-06	0.00018338529249954213	0.006863800057983185	0.0010974729674882388	0.009463874333731827	1.3973898468176043	False
C:HLA-C_nov_be60dbbf	6.6707033098218265e-06	0.0001833852924995487	0.008000408022237542	0.0009228395433978136	0.006247675746280499	0.5909730946714782	False
C:HLA-C_nov_be9a464d	6.670703309822185e-06	0.00018338529249953378	0.0005247759015969423	8.124353106973335e-06	0.0026988981774915682	0.6880876388067212	False
C:HLA-C_nov_bea624f2	6.6707033098225134e-06	0.0001833852924995202	0.0018155386372853577	0.00013608458042286482	0.0012250734523260296	0.5909730946714781	False
C:HLA-C_nov_bf16f4de	6.670703309821939e-06	0.00018338529249954403	0.001355820476662437	0.00028999387655284333	0.003104435997257386	0.5994439990488049	False
C:HLA-C_nov_bf75f5f5	6.670703309822376e-06	0.00018338529249952592	0.0015780656751519003	0.00040627108261393104	0.003876824023489993	0.6880876388067214	False
C:HLA-C_nov_bfb6e053	2.000783109475377e-05	0.0001833852924996015	0.014414486409032982	0.0022457922364505687	0.018452409476913564	4.199360225770915	False
C:HLA-C_nov_c0cd9f2a	6.67070330982177e-06	0.00018338529249955105	0.00882986767528445	0.0013204145634268642	0.01257486054778412	1.3973898468176045	False
C:HLA-C_nov_c110ab9d	6.670703309822292e-06	0.0001833852924995293	0.0019569051157465106	0.00014549951065753457	0.0007689988821124753	0.6880876388067215	False
C:HLA-C_nov_c16b099b	6.670703309822011e-06	0.00018338529249954105	0.002797636031048285	0.0005129481679498002	0.005455992333162023	1.3973898468176043	False
C:HLA-C_nov_c2013cff	6.670703309822504e-06	0.00018338529249952058	0.0030715904419828413	0.0003517268366778446	0.0006162805524806841	4.683899434417872	False
C:HLA-C_nov_c52cf882	6.670703309821863e-06	0.00018338529249954712	0.0005046856646750205	8.354873846781487e-05	0.0032666821047877053	0.5994439990488052	False
C:HLA-C_nov_c58ae2f4	6.670703309821804e-06	0.00018338529249954964	0.0024600093083810685	0.00026323917798256035	0.00016208377105849465	4.683899434417871	False
C:HLA-C_nov_c5ca7849	6.670703309822008e-06	0.00018338529249954118	0.002486717908684556	0.00017279644506875072	4.0753536144580854e-05	1.6941397457220144	False
C:HLA-C_nov_c67359d4	6.67070330982222e-06	0.0001833852924995324	0.007183426354305321	0.0011616622938104594	0.0078769134053902	1.3973898468176043	False
C:HLA-C_nov_c678262b	6.67070330982206e-06	0.00018338529249953896	0.004946825226194064	0.0006459596260088007	0.006842497955599725	1.3973898468176043	False
C:HLA-C_nov_c7192534	0.00021275507190920176	0.00018338529249958788	0.013850680712598644	0.002276141355876098	0.009361195459263822	4.239939012575035	False
C:HLA-C_nov_c7bf7ed5	6.670703309821905e-06	0.00018338529249954547	0.0009577139610329571	0.00014009707044149207	0.000598303225153171	1.3973898468176043	False
C:HLA-C_nov_c7fbc72a	6.670703309822046e-06	0.00018338529249953958	0.003229930351455229	0.00011551401966328349	0.00022710798481506684	1.6941397457220149	False
C:HLA-C_nov_c80a9014	6.6707033098223305e-06	0.00018338529249952774	6.575517442683429e-05	0.0001687099020244584	0.0044229574692557895	0.599443999048805	False
C:HLA-C_nov_c8c3ebf5	6.6707033098223415e-06	0.00018338529249952733	0.0009143572862844567	8.320901909202139e-05	0.0028199300890663194	0.5994439990488049	False
C:HLA-C_nov_c94aafa7	6.6707033098219485e-06	0.00018338529249954365	0.0031010610875590186	0.0002453287779757085	0.0016416933377614916	0.5909730946714782	False
C:HLA-C_nov_c9b35cb3	6.6707033098221695e-06	0.00018338529249953443	0.0006672616681058734	0.0004999578599965966	0.0023305828759851736	0.5909730946714781	False
C:HLA-C_nov_c9db638f	6.670703309821873e-06	0.0001833852924995468	0.004090151689302591	0.0004525650613496111	0.004062213666904554	0.5909730946714781	False
C:HLA-C_nov_ca6dbba8	6.670703309822237e-06	0.00018338529249953167	0.005547767029015371	0.0007583248582837213	0.004865281576597163	1.3973898468176043	False
C:HLA-C_nov_caae6a83	6.670703309821984e-06	0.00018338529249954219	0.005356717403457512	0.0007816016339755121	0.005496863718734701	1.3973898468176043	False
C:HLA-C_nov_cb5a8972	6.67070330982254e-06	0.00018338529249951912	0.005040833354280171	0.0006974759650389786	0.0035527422182508117	1.3973898468176043	False
C:HLA-C_nov_cbabd78b	6.6707033098220975e-06	0.00018338529249953744	0.004067382116359037	0.0005717829180938801	7.928181378942269e-05	1.6941397457220144	False
C:HLA-C_nov_cc0e8bd9	6.664285057759359e-05	0.00018338529249954246	0.010711819467644677	0.001122021688584957	0.00855262819260279	2.2084506703638587	False
C:HLA-C_nov_cc2742a1	2.667425556987175e-05	0.00018338529249953058	0.004773314150430259	0.0007792422056186649	0.007024997522317216	4.959414525007557	False
C:HLA-C_nov_cc73ce7b	6.670703309822116e-06	0.00018338529249953663	0.005908823374421138	0.0006990383439588344	0.004715973030805006	0.5909730946714782	False
C:HLA-C_nov_ccd358eb	6.670703309822378e-06	0.00018338529249952581	0.003913054911771979	2.6378856894858414e-06	0.00010359591114803673	1.3973898468176043	False
C:HLA-C_nov_cd143ef1	6.670703309821972e-06	0.0001833852924995427	0.009640212950128145	0.0013914295532713714	0.01208001621392023	1.3973898468176043	False
C:HLA-C_nov_cd3e4508	6.670703309822105e-06	0.00018338529249953712	0.007622404747228578	0.0011998938946655101	0.010144225709166753	1.3973898468176043	False
C:HLA-C_nov_cdc01e90	6.6707033098225355e-06	0.0001833852924995193	0.00787555580605925	0.0009225220243633677	0.005135470080918577	0.5909730946714781	False
C:HLA-C_nov_ce8a7044	6.670703309822038e-06	0.0001833852924995399	0.002205060219104631	0.00020969305675591938	0.0014256008701568476	0.5909730946714781	False
C:HLA-C_nov_ceaf2edc	6.6707033098220755e-06	0.00018338529249953834	0.003887436660463996	0.0003586562623204976	0.0024463197316141453	0.6880876388067214	False
C:HLA-C_nov_cee94261	6.6707033098218655e-06	0.00018338529249954706	0.0006577444200924356	0.00033659097889463414	0.0038459886078425617	0.6880876388067213	False
C:HLA-C_nov_cf978878	6.670703309822542e-06	0.000183385292499519	0.004075169995952831	4.508970108350397e-05	0.0009525269907544608	0.6880876388067213	False
C:HLA-C_nov_cfbcc7e5	6.670703309822293e-06	0.0001833852924995293	0.0001415715014166732	0.00012544644132952076	0.005167699114548618	0.599443999048805	False
C:HLA-C_nov_d01ab6db	6.67070330982204e-06	0.00018338529249953983	0.0016421866101504108	0.0002743893112936932	0.004337618651606637	0.5994439990488051	False
C:HLA-C_nov_d056f74d	6.670703309822335e-06	0.00018338529249952766	0.007470049000763999	0.0008506645726735438	0.005905050775147971	0.5909730946714782	False
C:HLA-C_nov_d129d456	6.670703309822383e-06	0.0001833852924995256	0.003544211474669064	0.00036858289197356847	0.0033197565278661727	0.5909730946714781	False
C:HLA-C_nov_d1a1cb4a	6.670703309821766e-06	0.0001833852924995512	0.00025890431319914214	0.00027439774381305245	0.005003676416743068	0.6880876388067217	False
C:HLA-C_nov_d1de29cc	6.670703309822308e-06	0.00018338529249952874	0.00010281255995338175	5.577699458265939e-05	0.004594423123428172	0.5994439990488051	False
C:HLA-C_nov_d2b23546	6.670703309821976e-06	0.0001833852924995425	0.005917187483986495	0.0009629987129015259	0.007336756220041433	1.3973898468176043	False
C:HLA-C_nov_d2c788a8	6.6707033098218095e-06	0.0001833852924995494	0.00116078808898817	0.00018945060924460471	0.004255499826194973	0.599443999048805	False
C:HLA-C_nov_d2f79d10	6.670703309822436e-06	0.0001833852924995234	0.0068778969061534445	0.0008077644612599081	0.004426655045721685	0.5909730946714782	False
C:HLA-C_nov_d2fab3cc	6.670703309822438e-06	0.0001833852924995233	0.006283702251736111	0.0007164019436231692	0.0050891899536974605	0.5909730946714782	False
C:HLA-C_nov_d32588aa	6.6707033098221365e-06	0.00018338529249953584	0.002904857593592365	0.00031735185758596796	0.0004216582008255859	0.5909730946714782	False
C:HLA-C_nov_d3387896	6.670703309822225e-06	0.00018338529249953224	0.0009689331395696295	0.0003141512307397169	0.0044034630398914745	0.6880876388067217	False
C:HLA-C_nov_d34a3f3d	6.670703309822416e-06	0.00018338529249952422	0.0010567109494475136	8.418814850355452e-06	0.00045039639166453803	0.5909730946714782	False
C:HLA-C_nov_d435beff	6.6707033098221534e-06	0.00018338529249953508	0.0028353542090858975	0.0003930409076266883	0.0002588776715868253	0.6880876388067216	False
C:HLA-C_nov_d4b1983a	6.670703309822089e-06	0.00018338529249953777	0.0018255172425039596	0.00025895522282091504	0.004825221937973752	0.5909730946714781	False
C:HLA-C_nov_d52e08fd	6.670703309822107e-06	0.00018338529249953706	0.0018395826176471769	0.0003800075705467544	0.00127286099080861	0.6880876388067216	False
C:HLA-C_nov_d55d1d85	6.67070330982179e-06	0.00018338529249955024	5.194323636672931e-05	4.374237180705608e-05	0.004931514070781603	0.5909730946714781	False
C:HLA-C_nov_d5ff04f4	6.6707033098219095e-06	0.00018338529249954533	0.000780583911087422	0.000257708887901001	0.0033441054054693755	0.5994439990488052	False
C:HLA-C_nov_d6833bcf	6.670703309822181e-06	0.00018338529249953395	0.0005133171388154554	0.00012513817864400064	0.0045762879498288025	0.5909730946714782	False
C:HLA-C_nov_d6a2f705	6.670703309821947e-06	0.0001833852924995437	0.004849915234788862	0.0005248803459784152	0.0030758158179059122	0.5909730946714781	False
C:HLA-C_nov_d6e73de9	6.670703309822143e-06	0.0001833852924995356	0.003158431907493656	0.0003230793801989285	0.0006085519051804579	0.6880876388067212	False
C:HLA-C_nov_d72370bf	6.670703309822325e-06	0.00018338529249952798	0.0015620928634179042	8.888685584462388e-05	4.5945876483175834e-05	0.5909730946714782	False
C:HLA-C_nov_d76b36f5	2.668281323928912e-05	0.00018338529249952988	0.0006926088512045907	0.0002177610388158387	0.002676946295201378	0.6880876388067216	False
C:HLA-C_nov_d7ac9a5c	6.6707033098220366e-06	0.00018338529249954004	0.0029775718513472154	0.0002290422651539381	0.00018172542863951956	1.694139745722015	False
C:HLA-C_nov_d7c1b9bf	6.67070330982211e-06	0.00018338529249953693	0.00553743681379396	0.0006189829276060163	0.005669765939298189	0.6880876388067215	False
C:HLA-C_nov_d7d445c1	6.670703309822025e-06	0.00018338529249954048	0.009297880110560808	0.0013391978687332434	0.013442377824059106	1.3973898468176043	False
C:HLA-C_nov_d7f01a81	6.670703309822126e-06	0.0001833852924995363	0.0007521648795277531	1.5178789630713949e-05	0.004463265294784961	0.5994439990488051	False
C:HLA-C_nov_d7f4c82f	6.670703309822204e-06	0.00018338529249953305	0.005537716720967086	0.0006241314286535583	0.0033606377796836094	0.5909730946714782	False
C:HLA-C_nov_d89fc3aa	6.67070330982234e-06	0.00018338529249952739	0.0005028985656224292	0.00022946770375824598	0.007645904526894264	0.5994439990488051	False
C:HLA-C_nov_d93ea8cc	1.3339980341409883e-05	0.00018338529249955398	0.010828406819810045	0.0015038633817639562	0.013072922279654156	1.3456954518650193	False
C:HLA-C_nov_d9d48e61	6.6707033098225465e-06	0.00018338529249951882	0.0007698574154729391	0.00011115842520999438	0.002378632370275159	0.6880876388067212	False
C:HLA-C_nov_da14c6da	6.6707033098218765e-06	0.00018338529249954663	0.0026554900670641415	0.00032357615808507157	0.0022072943301197716	4.683899434417873	False
C:HLA-C_nov_da2132aa	6.6707033098224414e-06	0.0001833852924995232	0.0018592845283632317	0.0003756832131444428	0.004585099140570544	0.6880876388067214	False
C:HLA-C_nov_dad3dfda	6.670703309822126e-06	0.0001833852924995363	0.001188885713936217	0.0002738731970400849	0.005635625568409209	0.5994439990488051	False
C:HLA-C_nov_db4548d7	0.00011320798242689159	0.00018338529249950286	0.00524521774049093	0.0005281718528722879	0.005320537907789049	1.5179328088534578	False
C:HLA-C_nov_dbcc2e61	6.670703309822454e-06	0.00018338529249952264	0.0030777984987856314	0.0004923652038482581	0.003473064170040754	1.6941397457220149	False
C:HLA-C_nov_dc7d8e98	6.670703309821779e-06	0.0001833852924995507	0.00048377503036808135	0.00017030108553435028	0.00386003157314636	0.6880876388067214	False
C:HLA-C_nov_dcad8f0b	6.67070330982188e-06	0.00018338529249954647	0.0021508944184858055	0.00021929886110092593	0.0005427596747931637	1.6941397457220144	False
C:HLA-C_nov_dccd202c	6.670703309821999e-06	0.00018338529249954156	0.002001029474454432	0.00011811110761854772	0.0012273802843251322	0.599443999048805	False
C:HLA-C_nov_dcee2676	6.6707033098221534e-06	0.00018338529249953508	0.0024346117937468275	0.00015230655989386486	0.0003760092944064601	0.6880876388067216	False
C:HLA-C_nov_dd41abb4	6.670703309821924e-06	0.00018338529249954468	0.0011291571791116775	0.00027382765873416393	0.00122883359838591	0.5994439990488051	False
C:HLA-C_nov_dd5218c4	6.670703309822116e-06	0.00018338529249953663	0.005908823374421138	0.0006990383439588344	0.004715973030805006	0.5909730946714782	False
C:HLA-C_nov_dd54ad79	6.67070330982204e-06	0.00018338529249953983	0.001602497691321141	0.0001705684267100096	0.002219957994920727	4.683899434417873	False
C:HLA-C_nov_dd9c48d3	6.67070330982179e-06	0.00018338529249955024	0.00011536687131428578	7.056449544078498e-05	0.0039483905251461735	0.599443999048805	False
C:HLA-C_nov_ddb2dad7	0.00012649946930824347	0.00018338529249953996	0.013204902091289963	0.0012367069060798441	0.003146691491624558	1.8953856044222375	False
C:HLA-C_nov_ddc44ca6	6.670703309822084e-06	0.00018338529249953793	0.0025571006730541646	0.0005402699398863655	0.003125822120016576	0.6880876388067214	False
C:HLA-C_nov_de2fe163	6.670703309822426e-06	0.00018338529249952386	0.000867453297746383	0.00017064411804277847	0.002533389823684088	0.5994439990488051	False
C:HLA-C_nov_de994cad	6.670703309821856e-06	0.00018338529249954744	0.003961796716441587	0.000689552951206044	0.005718724287159243	1.3973898468176043	False
C:HLA-C_nov_df7af88a	6.670703309822444e-06	0.0001833852924995231	0.000788233768710791	0.00011689560085764986	0.003988623506927785	0.6880876388067214	False
C:HLA-C_nov_df822405	0.00013314307333157615	0.00018338529249955967	0.020366385326733984	0.002281064627752115	0.012507397676243598	7.897904921657463	False
C:HLA-C_nov_e089cd37	6.670703309822064e-06	0.00018338529249953882	0.000632803527645028	0.00017678897681772408	0.0033451707245978624	0.6880876388067216	False
C:HLA-C_nov_e0a6f49f	6.670703309822376e-06	0.00018338529249952592	0.0008258318814477407	0.00010496811407910202	0.0008525897030435781	0.5909730946714781	False
C:HLA-C_nov_e0be0342	0.0002127550719092062	0.00018338529249956696	0.012855108676747131	0.0012320692667048543	0.006091807020305755	14.85738925203783	False
C:HLA-C_nov_e0db7a07	0.0001597032266425903	0.00018338529249955221	0.0012667817719552669	0.00013257244909475955	0.01472483230559605	2.7357523926257152	False
C:HLA-C_nov_e0fa3586	6.670703309822522e-06	0.00018338529249951988	0.0006846996150732049	0.00011008252434812149	0.0037391133611596617	0.5994439990488051	False
C:HLA-C_nov_e12243ca	6.670703309822273e-06	0.00018338529249953012	0.003523322465938001	0.0008596076206690016	0.006043183827139399	0.6880876388067213	False
C:HLA-C_nov_e1bc582c	6.670703309822412e-06	0.00018338529249952446	0.006185668067059227	0.0007299647146940559	0.004461960702439452	0.5909730946714782	False
C:HLA-C_nov_e1c7712d	6.670703309822285e-06	0.0001833852924995297	0.006191800782503206	0.0008512376329605722	0.007953004620731818	1.3973898468176043	False
C:HLA-C_nov_e275ac24	6.670703309822424e-06	0.00018338529249952392	0.00012452474843867105	0.0001027399191850709	0.0034156739284281726	0.599443999048805	False
C:HLA-C_nov_e2aaa666	6.670703309822159e-06	0.00018338529249953487	0.005217413271746343	0.0005260225288877781	0.005800388245064975	1.6941397457220153	False
C:HLA-C_nov_e2d2ae24	6.670703309822273e-06	0.00018338529249953012	0.006276170062618913	0.0006196889784594126	0.007708006080536493	1.6941397457220144	False
C:HLA-C_nov_e309864a	6.670703309822371e-06	0.00018338529249952606	0.005250351013976143	0.0005819324044167828	0.002231530391719361	0.6880876388067215	False
C:HLA-C_nov_e33c1859	6.670703309822489e-06	0.00018338529249952126	0.000280161536488017	0.00021076108323573196	0.0006136528348462405	0.6880876388067214	False
C:HLA-C_nov_e39f52e5	6.670703309822208e-06	0.00018338529249953292	0.003967932116663665	0.0004216517986866458	0.0023245902870401196	0.6880876388067214	False
C:HLA-C_nov_e41e87bf	6.670703309822407e-06	0.0001833852924995246	0.001304390140444728	0.0002209034267644419	0.00421419795016428	0.5994439990488051	False
C:HLA-C_nov_e531073c	2.000783109475179e-05	0.0001833852924996135	0.007755750839547055	0.0008909435365122784	0.0039461212602567115	0.7509329605986618	False
C:HLA-C_nov_e5660f4a	6.670703309822413e-06	0.00018338529249952443	0.004277792526131313	0.0006946503593786119	0.0022352115227373555	1.3973898468176043	False
C:HLA-C_nov_e669997c	6.670703309822239e-06	0.00018338529249953164	0.0026091311327507832	5.0802452800306194e-05	5.3864070574543474e-05	1.6941397457220146	False
C:HLA-C_nov_e6763931	6.670703309821829e-06	0.00018338529249954864	0.0002363905352260479	9.767426161088523e-05	0.004383320986040956	0.599443999048805	False
C:HLA-C_nov_e6a6d54b	6.670703309822526e-06	0.00018338529249951963	0.0024897331492354535	0.0005888782116351244	0.003973789463820343	0.6880876388067214	False
C:HLA-C_nov_e71989ae	6.670703309822327e-06	0.0001833852924995279	0.003497857646607067	0.0003361917572010039	0.001884545222661524	0.6880876388067217	False
C:HLA-C_nov_e727175d	6.670703309822526e-06	0.00018338529249951963	0.0013166320393017735	0.0003672686368169948	0.0019861290129717345	0.6880876388067214	False
C:HLA-C_nov_e85dd453	6.67070330982178e-06	0.0001833852924995506	0.0005849871402041414	6.888842177582134e-05	0.0022405694996186624	0.5994439990488052	False
C:HLA-C_nov_e88e2c89	6.670703309822252e-06	0.0001833852924995311	0.006855252322058	0.0007840182651122987	0.004880016349355956	0.5909730946714782	False
C:HLA-C_nov_ea870938	6.670703309822369e-06	0.00018338529249952617	0.001995902239605424	0.00023436635611875207	0.0005876009810919592	0.5909730946714782	False
C:HLA-C_nov_eb13cac9	6.670703309822097e-06	0.0001833852924995375	0.0039491704657181395	0.0001732437793436135	0.0009003653447923861	0.5994439990488051	False
C:HLA-C_nov_ebf1bb53	6.6707033098223745e-06	0.00018338529249952595	0.003672102528468598	0.0006447740869408232	0.004518567283208934	1.3973898468176043	False
C:HLA-C_nov_ebff31a8	6.670703309821944e-06	0.00018338529249954378	0.001614134003888008	0.0003534435334255949	0.0012759483374542636	1.3973898468176043	False
C:HLA-C_nov_ec63f483	6.670703309822208e-06	0.00018338529249953292	0.007174977844895129	0.0008477394744032443	0.005997466744844267	0.5909730946714782	False
C:HLA-C_nov_eca1b808	6.670703309822543e-06	0.00018338529249951898	0.000986717626524785	3.6148974324214306e-05	0.00021489000403096114	0.6880876388067213	False
C:HLA-C_nov_ecfe91ef	6.670703309822105e-06	0.00018338529249953712	0.00015083935189395394	5.858550766105077e-05	0.0037173790092496417	0.599443999048805	False
C:HLA-C_nov_ed945eb9	6.670703309822329e-06	0.00018338529249952785	0.005143931046178747	0.0005713784642894237	0.0036061029619054176	0.5909730946714782	False
C:HLA-C_nov_edf2d9fc	6.6707033098220035e-06	0.0001833852924995414	0.004966725672931802	0.000554699384083285	0.002751081013876747	0.5909730946714781	False
C:HLA-C_nov_ee25bfca	6.670703309822539e-06	0.00018338529249951923	0.0012429274990927758	0.00032862364200741197	0.00626526143007933	0.5994439990488051	False
C:HLA-C_nov_ee4d70e8	6.670703309821974e-06	0.00018338529249954262	0.002874079584417252	0.00013876984936379415	0.002225922850288222	1.694139745722015	False
C:HLA-C_nov_ef46b588	6.670703309822022e-06	0.0001833852924995406	0.007627853139410282	0.000888906569791311	0.005466641552175738	0.5909730946714781	False
C:HLA-C_nov_ef63bff1	6.670703309821987e-06	0.00018338529249954205	0.004799676516424568	0.0004970897660783302	0.0024306070860181804	0.5909730946714782	False
C:HLA-C_nov_eff7f34e	0.0003121124663861434	0.00018338529249959575	0.003926797719417767	0.0013614714522595132	0.0024378976233044654	1.1268012937140073	False
C:HLA-C_nov_f013c1f1	6.670703309822223e-06	0.00018338529249953224	0.0018270651962232444	0.00035679844091951517	0.006413793597742435	0.599443999048805	False
C:HLA-C_nov_f03b3cf7	6.670703309822046e-06	0.00018338529249953958	0.005739635986451285	0.0006768740819733302	0.002896262550641828	0.6880876388067216	False
C:HLA-C_nov_f0fdb2d8	6.670703309821859e-06	0.00018338529249954736	0.00371072696996471	0.0006127731626160959	0.0047829360477532855	1.3973898468176043	False
C:HLA-C_nov_f1104ea5	6.670703309821792e-06	0.00018338529249955013	0.001316765753920974	0.0003218174616022116	0.0039051830323513564	0.599443999048805	False
C:HLA-C_nov_f133b78b	6.670703309821894e-06	0.00018338529249954582	0.002655430334100356	0.00048454078990118737	0.004993431182910771	0.599443999048805	False
C:HLA-C_nov_f17e7957	6.670703309822168e-06	0.00018338529249953451	0.0021650187605933573	0.00013675161932859655	0.00013511171676216396	0.5909730946714782	False
C:HLA-C_nov_f241422f	1.3339980341409213e-05	0.00018338529249954622	0.0034942599442531045	0.00035138723227391087	0.005542863115466487	0.9466166068903514	False
C:HLA-C_nov_f25079aa	6.670703309821813e-06	0.00018338529249954931	0.0010762077749889747	4.0545327485524815e-05	0.0019278804185567727	4.683899434417872	False
C:HLA-C_nov_f27ddff7	6.670703309822042e-06	0.0001833852924995398	0.0019420235463271844	0.00012323728910762887	0.004065337799626819	0.5994439990488051	False
C:HLA-C_nov_f439c3e0	6.670703309822449e-06	0.0001833852924995229	0.00047490124879441846	0.00024422224685279086	0.00447223070819985	0.5994439990488051	False
C:HLA-C_nov_f441b48c	6.670703309821777e-06	0.00018338529249955072	0.0009981377217225076	0.00018747555018693693	0.003295757399574348	0.5994439990488052	False
C:HLA-C_nov_f480aea9	6.67070330982243e-06	0.00018338529249952367	0.003512484664951764	0.0005586357274425746	3.138713565442477e-05	0.5994439990488051	False
C:HLA-C_nov_f48369e3	6.670703309821773e-06	0.00018338529249955089	0.0006712119864918278	0.0001060998414902484	0.00430699479917261	0.5994439990488052	False
C:HLA-C_nov_f5137ed2	6.67070330982234e-06	0.00018338529249952739	0.0005028985656224292	0.00022946770375824598	0.007645904526894264	0.5994439990488051	False
C:HLA-C_nov_f5b4a4c0	6.670703309822486e-06	0.00018338529249952131	0.00856170707591488	0.0013892919989299689	0.011103814142358325	1.3973898468176043	False
C:HLA-C_nov_f62b3533	6.670703309822016e-06	0.00018338529249954086	0.003385476733393876	0.0007540151890223318	0.004075017971064631	0.0	False
C:HLA-C_nov_f66bd6fb	6.670703309822526e-06	0.00018338529249951963	0.0004020633219340026	0.00016129241276523326	0.0015449965950403647	0.6880876388067214	False
C:HLA-C_nov_f68b8b6e	6.670703309822445e-06	0.00018338529249952308	0.0005615432585562893	0.00018075202321345956	0.002606883892599252	0.599443999048805	False
C:HLA-C_nov_f691376c	6.6707033098222305e-06	0.00018338529249953194	0.0010451894123438246	0.00020171099999840273	0.0040511835439922435	0.5994439990488051	False
C:HLA-C_nov_f6bc02ea	6.670703309821913e-06	0.00018338529249954509	0.005765446902705356	0.0009339824557829246	0.006175296264500917	1.3973898468176043	False
C:HLA-C_nov_f6cc114b	6.670703309822483e-06	0.00018338529249952145	0.0026038224163766545	0.00037743600172709203	0.0015697037893676788	0.5994439990488052	False
C:HLA-C_nov_f709346d	6.670703309822225e-06	0.00018338529249953224	0.0017496238605059198	0.00024134610671481174	0.0017571017545375894	1.3973898468176043	False
C:HLA-C_nov_f75e5589	6.670703309821835e-06	0.00018338529249954834	0.0054839711646470024	0.0007612801431165168	0.006720116283634228	1.3973898468176043	False
C:HLA-C_nov_f7ebd675	6.67070330982202e-06	0.00018338529249954075	0.010757534181483796	0.001568489823378194	0.016604421989972612	1.3973898468176043	False
C:HLA-C_nov_f854992e	6.670703309821945e-06	0.00018338529249954378	0.00937515357732473	0.0013558023698328377	0.012705151507822521	1.3973898468176043	False
C:HLA-C_nov_f8f48079	6.6707033098222805e-06	0.00018338529249952988	0.0023519232603359283	0.00024196856596913984	0.00044001387907149247	0.5909730946714781	False
C:HLA-C_nov_f964ac8f	6.6707033098223415e-06	0.00018338529249952733	0.0016307751352384009	0.00019378858808933832	0.00472848270082459	0.5994439990488051	False
C:HLA-C_nov_f9876311	6.670703309821778e-06	0.0001833852924995507	0.002152273523607791	0.000212582814659834	0.004279198284403491	1.6941397457220146	False
C:HLA-C_nov_f9bdb416	6.670703309822373e-06	0.00018338529249952606	0.0011677831317300736	0.00013116357835846155	0.0022464525411230595	0.599443999048805	False
C:HLA-C_nov_f9cc462d	6.670703309822023e-06	0.0001833852924995406	0.0028938077916776227	0.00017094285984911627	0.00019440763852190016	0.6880876388067214	False
C:HLA-C_nov_fac4432c	6.670703309822138e-06	0.00018338529249953576	0.0029018389061893973	0.0008933144337731174	0.0037103111903043903	0.5909730946714782	False
C:HLA-C_nov_faccd16b	6.670703309822541e-06	0.000183385292499519	0.0037951642408514783	0.0004095071330316844	0.0010295487695190831	0.6880876388067213	False
C:HLA-C_nov_fae6eebd	6.670703309821964e-06	0.000183385292499543	0.0033077000879966232	0.00030482568481571016	0.0018125546679680802	0.5909730946714782	False
C:HLA-C_nov_fc2b2f1e	6.670703309822189e-06	0.0001833852924995337	0.0004901937657607483	0.00017580346770849854	0.0031567793218065863	0.599443999048805	False
C:HLA-C_nov_fc4ac5fb	6.670703309822134e-06	0.00018338529249953592	0.004573806350628274	0.0002776001888623856	0.0003799689021233537	1.6941397457220153	False
C:HLA-C_nov_fcb66846	6.6707033098222475e-06	0.00018338529249953124	0.0060519419685082345	0.0009066785115168578	0.003970529102581747	1.3973898468176043	False
C:HLA-C_nov_fe442252	6.670703309822042e-06	0.0001833852924995398	0.004301261221003149	0.0004754669018639412	0.002621158623217557	0.5994439990488051	False
C:HLA-C_nov_feb73f41	6.67070330982229e-06	0.00018338529249952947	0.004008379593985413	0.00038159717379179173	0.00377279422974521	0.5909730946714782	False
C:HLA-C_nov_fee4b4ec	6.6707033098222365e-06	0.00018338529249953167	0.001737204861675591	0.00032741892192070655	0.002658076557584717	4.683899434417871	False
C:HLA-C_nov_fee88cb7	6.670703309822353e-06	0.00018338529249952682	0.002494075911692997	0.0006364963231576385	0.0050368180566626244	0.6880876388067214	False
C:HLA-C_nov_ffb01de1	6.6707033098224965e-06	0.00018338529249952085	0.004057091460054324	0.0007923426009935394	0.00029563850238827267	0.6880876388067213	False
DPA1:HLA-DPA1*01:03:01:01	0.009929866033920622	0.0001833852924995514	0.05920885557103371	0.008713807260929737	0.053627001133873094	90.06227069860084	False
DPA1:HLA-DPA1*01:03:01:02	0.014212681484512343	0.00018338529249950058	0.016147775485327694	0.0005904484540131205	0.08017452673908922	81.74000841014544	False
DPA1:HLA-DPA1*01:03:01:03	0.005762161220925151	0.00018338529249960767	0.029004490200873357	0.006323698017608515	0.02636144725691122	28.5336121123233	False
DPA1:HLA-DPA1*01:03:01:04	0.012679516531216226	0.0001833852924995174	0.039878682783830534	0.0032332577382972647	0.09914165002095326	162.62411920103534	False
DPA1:HLA-DPA1*01:03:01:05	0.006796269993162881	0.00018338529249955788	0.0172254317944754	0.0044107728715698175	0.0832096160017244	73.25205497803334	False
DPA1:HLA-DPA1*01:03:01:09	0.00027905846826662784	0.0001833852924995878	0.006616875708770783	0.0004129307907507006	0.02203637412977031	10.331561959922997	False
DPA1:HLA-DPA1*01:03:01:10	3.333925376674795e-05	0.00018338529249959266	0.0016020707449933092	2.744981480721225e-05	0.004438140012038646	0.9508398075919814	False
DPA1:HLA-DPA1*01:03:01:12	0.0003185849170212506	0.00018338529249951283	0.006415450574416484	0.0010178360610798695	0.005771870848430184	10.08158981071278	False
DPA1:HLA-DPA1*01:03:01:13	0.00011320798242690082	0.0001833852924994703	0.022148137649528735	0.0024946466460701727	0.013959102587712779	8.615030590520751	False
DPA1:HLA-DPA1*01:03:01:14	8.660789332527507e-05	0.00018338529249952733	0.0020424149319276555	0.00014289615336581998	0.004142963370450341	5.64376642375061	False
DPA1:HLA-DPA1*01:03:01:15	0.005140653348194228	0.0001833852924995223	0.048425122472642024	0.011238031204357518	0.06331249266548572	335.56791031475467	False
DPA1:HLA-DPA1*01:03:01:16	0.00015970322664258943	0.00018338529249955221	0.0016330518025814836	0.00013854052272942692	0.011980930198801261	8.584259724004578	False
DPA1:HLA-DPA1*01:03:01:17	0.00017297474562866604	0.00018338529249957528	0.018732746411960502	0.0019342621031732052	0.008089840657857646	5.032272603724698	False
DPA1:HLA-DPA1*01:03:01:20	6.664285057759354e-05	0.0001833852924995671	0.007633610116913145	0.001430854626458312	0.01947647803352303	6.563562071380231	False
DPA1:HLA-DPA1*01:03:01:21	3.333925376674799e-05	0.00018338529249955997	0.009247505451898314	0.0013835148610195174	0.0009695610355437923	2.749627537683523	False
DPA1:HLA-DPA1*01:03:01:22	0.0014871917269144669	0.00018338529249949256	0.0614077753055141	0.006913545623035866	0.03586976554906837	43.64435222748556	False
DPA1:HLA-DPA1*01:03:01:23	2.667425556987648e-05	0.0001833852924994985	0.010850174633749795	0.0016416426355653194	0.01270583632360308	2.9953950434622514	False
DPA1:HLA-DPA1*01:03:01:24	7.329929110504399e-05	0.00018338529249961903	0.010638852978401921	0.001390787192652483	0.004616052076919001	3.1364357652165107	False
DPA1:HLA-DPA1*01:03:01:25	6.670703309822132e-06	0.00018338529249953598	0.0017555916613986513	0.00023951704987988683	0.00269127265297542	1.6941397457220142	False
DPA1:HLA-DPA1*01:03:01:27	0.00023262598029332007	0.0001833852924995823	0.021290482906968694	0.0021767913051673727	0.008542131914919308	3.907913722260182	False
DPA1:HLA-DPA1*01:03:01:31	0.0005357058266109473	0.00018338529249952796	0.0022773288824624953	0.00034648417281942065	0.008995561897437308	14.865238341710066	False
DPA1:HLA-DPA1*01:03:01:33	0.00031871898717543336	0.00018338529249954484	0.006367233149373901	0.000301103914590676	0.0015976001638796325	4.286543684221894	False
DPA1:HLA-DPA1*01:03:01:34	0.002782939831321252	0.00018338529249958027	0.03325318804992377	0.0027473350930204547	0.01354494105372628	16.656019615568308	False
DPA1:HLA-DPA1*01:03:01:35	0.002632303455425607	0.00018338529249951126	0.067023961333937	0.007200842271718941	0.043293677387973406	82.27592743242823	False
DPA1:HLA-DPA1*01:03:01:38	6.670703309821798e-06	0.00018338529249954996	0.0008109543013324117	0.0002505741646880973	0.004849273949991782	0.6880876388067212	False
DPA1:HLA-DPA1*01:03:01:39	1.3339980341410348e-05	0.0001833852924995365	0.004232525466599619	0.0003961115130415604	0.0009571157474623982	1.3768305991742118	False
DPA1:HLA-DPA1*01:03:01:40	1.3339980341409426e-05	0.00018338529249951562	0.0022114714931155094	0.00013342682682667437	0.0036191616472087424	3.3917228649109443	False
DPA1:HLA-DPA1*01:03:01:46	9.3260055018008e-05	0.00018338529249956948	0.017223412453809376	0.11332804098449446	8.209009693101581e-05	5.3536930945224395	False
DPA1:HLA-DPA1*01:03:01:48	6.670703309822449e-06	0.0001833852924995229	0.0035224607878632385	0.00036820888866975136	0.0012986564553373046	4.683899434417871	False
DPA1:HLA-DPA1*01:03:01:49	1.3339980341409357e-05	0.0001833852924995035	0.0015386981885226344	7.072246317475821e-05	0.0008626421582564528	1.1824474387871216	False
DPA1:HLA-DPA1*01:03:01:50	3.33392537667477e-05	0.0001833852924995613	0.0016890556566569845	0.00044953781350524685	0.0035618417521200946	1.5929970663070976	False
DPA1:HLA-DPA1*01:03:01:51	6.670703309822479e-06	0.00018338529249952159	0.0016722432023105424	0.0003401460806745655	0.004226741833814496	0.5994439990488052	False
DPA1:HLA-DPA1*01:03:01:57	0.00017960836570438175	0.00018338529249952934	0.007373626486001273	0.0008090190966480656	0.026958199195375145	12.058017344644758	False
DPA1:HLA-DPA1*01:03:01:63	9.326005501801633e-05	0.000183385292499557	0.011577868784047124	0.0008624129264393574	0.0024220067116605295	20.409604254770304	False
DPA1:HLA-DPA1*01:03:01:65	6.67070330982207e-06	0.00018338529249953858	0.0008239367807609446	4.563317874574168e-05	0.003814417883194121	0.5994439990488049	False
DPA1:HLA-DPA1*01:03:01:67	6.664285057759354e-05	0.00018338529249956718	0.0033331982717977947	0.00034920454032753053	0.009354345970232715	2.42789710443329	False
DPA1:HLA-DPA1*01:03:01:68	6.6707033098225016e-06	0.0001833852924995207	0.0016858793057397607	0.0003614030549803167	0.006191506339497882	0.5994439990488051	False
DPA1:HLA-DPA1*01:03:01:69	6.670703309821833e-06	0.00018338529249954842	0.002205495532626162	0.00048367147568555754	0.0029367850055311727	0.6880876388067215	False
DPA1:HLA-DPA1*01:03:01:70	2.000783109475584e-05	0.00018338529249956485	0.0013339367603569872	5.9711856555427794e-05	0.004710142987132165	0.8480849701594958	False
DPA1:HLA-DPA1*01:03:01:72	4.000282568539086e-05	0.000183385292499531	0.002303855084477819	0.0004866547065476199	0.0078162776969658	2.197120420831057	False
DPA1:HLA-DPA1*01:03:01:74	0.00018631757852654568	0.0001833852924995532	0.0021362804071875107	4.700367386225224e-05	0.012156206221906822	2.5557555774465848	False
DPA1:HLA-DPA1*01:03:01:76	4.666497132579887e-05	0.00018338529249953885	0.0031247644437434234	0.000519622539851317	0.009327859683829234	2.8436071610791673	False
DPA1:HLA-DPA1*01:03:01:77	5.998498377189126e-05	0.00018338529249960466	0.002020994697074876	9.079352181766257e-06	0.00819283542459658	1.2896998558505228	False
DPA1:HLA-DPA1*01:03:01:78	6.670703309821861e-06	0.00018338529249954728	0.0004224302819207864	0.00018703614613492866	0.0012591960330690217	0.5909730946714782	False
DPA1:HLA-DPA1*01:03:01:79	1.3339980341408604e-05	0.00018338529249956468	0.0002894701612580037	5.460473234980323e-05	0.004002521969570089	9.392386267441605	False
DPA1:HLA-DPA1*01:03:01:80	6.670703309822431e-06	0.00018338529249952367	1.7628074294203122e-05	0.00022204075313930462	0.0030797425675481178	0.6880876388067215	False
DPA1:HLA-DPA1*01:03:04	1.3339980341410092e-05	0.0001833852924995771	0.0028537010054422137	0.0005259073831865405	0.003767392631170001	2.4392648122455474	False
DPA1:HLA-DPA1*01:03:05	9.995072622315464e-05	0.0001833852924995594	0.007175359583140595	0.0012796908619820706	0.002407049447838318	2.6057404714632093	False
DPA1:HLA-DPA1*01:03:07	5.332569068796303e-05	0.00018338529249956325	0.008283262734808115	0.0006369675318844788	0.0029937202901401134	13.650123922586381	False
DPA1:HLA-DPA1*01:03:14	1.3339980341410588e-05	0.00018338529249961003	0.0005025485551091158	0.00014345971260697793	0.003024730918588396	1.3768305991742118	False
DPA1:HLA-DPA1*01:03:27	6.670703309821928e-06	0.00018338529249954446	0.0015497258228727114	0.00020111374371291755	0.0039040046523026394	0.5994439990488051	False
DPA1:HLA-DPA1*01:03:32	1.3339980341409053e-05	0.00018338529249956387	0.005127675148248977	0.0005890025481514344	0.002276049482286684	1.1824474387871216	False
DPA1:HLA-DPA1*01:03:34	6.670703309821997e-06	0.00018338529249954167	0.0017923908406979041	0.00025479288878079386	0.003666159568189415	4.683899434417872	False
DPA1:HLA-DPA1*01:03:38:02	6.670703309822097e-06	0.0001833852924995375	0.0007388750362786852	0.00022277322691745174	0.004865215144176554	0.5909730946714782	False
DPA1:HLA-DPA1*01:04:01	0.0005820527378900027	0.0001833852924995409	0.0052842323986449944	0.00047331407839824326	0.013984701385862426	9.7221736146694	False
DPA1:HLA-DPA1*01:06:01	6.670703309822234e-06	0.00018338529249953183	0.004553725642470417	0.0007186545496992529	0.0020112045151476714	1.6941397457220146	False
DPA1:HLA-DPA1*01:104	1.3339980341410226e-05	0.00018338529249948873	0.005990991470534931	0.0009153734511814691	0.004355239618156754	1.1824474387871216	False
DPA1:HLA-DPA1*01:106	6.670703309822498e-06	0.00018338529249952085	0.0024531199304385753	0.0004365110545619948	0.0022910000298561614	1.3973898468176043	False
DPA1:HLA-DPA1*01:30	1.3339980341409002e-05	0.0001833852924995232	0.0028354504407437386	0.00025582532517895586	0.0010054695468013396	0.9423791152708431	False
DPA1:HLA-DPA1*01:58:01:01	7.995430535428644e-05	0.00018338529249951343	0.008087699775925933	0.0006907783212886412	0.0017239863179686161	3.1223939190252197	False
DPA1:HLA-DPA1*02:01:01:01	0.0026699400855176194	0.00018338529249954978	0.011812546954401277	0.0010287319044890184	0.014659578981889822	6.907246455397533	False
DPA1:HLA-DPA1*02:01:01:02	0.00592113704566925	0.00018338529249950034	0.008876952898059598	0.0021406595017271638	0.021208491601092557	16.38601291428833	False
DPA1:HLA-DPA1*02:01:01:03	0.002448730036224632	0.00018338529249957853	0.026558906761658695	0.0026236167311143622	0.0033584809339388387	5.332029664387684	False
DPA1:HLA-DPA1*02:01:01:06	0.0014738488940165568	0.0001833852924995467	0.0005904133143728878	0.0005946944640636292	0.015328697650202418	6.242411836090604	False
DPA1:HLA-DPA1*02:01:01:07	0.0007258429782533911	0.00018338529249957168	0.03331041816822563	5.084066428940548e-05	0.0028022989592055665	127.29793711874804	False
DPA1:HLA-DPA1*02:01:01:08	0.0005684674376921785	0.00018338529249953872	0.041010089242944574	0.004371307241201346	0.023598950817955953	26.891948103438413	False
DPA1:HLA-DPA1*02:01:01:09	9.991079043253642e-05	0.00018338529249953048	0.00322116401458186	3.422313761570272e-05	0.002622842606833542	3.2422942205742005	False
DPA1:HLA-DPA1*02:01:01:11	3.33392537667483e-05	0.0001833852924995582	0.011455571525671067	0.001410938921110907	0.014505816989655211	3.3953810091266914	False
DPA1:HLA-DPA1*02:01:01:12	4.666497132579454e-05	0.00018338529249955221	0.014470729859406723	0.0006146874477578983	0.01329145791008785	9.832236994475675	False
DPA1:HLA-DPA1*02:01:01:13	2.667425556987957e-05	0.00018338529249950592	0.010213655751568226	0.001450721991849925	0.009714378315924733	5.60395310243077	False
DPA1:HLA-DPA1*02:01:01:14	0.0009527724032720836	0.00018338529249960764	0.04894688250251003	0.005272305989347168	0.028621164376046965	35.51227637527451	False
DPA1:HLA-DPA1*02:01:01:15	9.326005501801941e-05	0.0001833852924995427	0.007245526597750751	0.000667136337343131	0.0011363357020057066	4.968980232992888	False
DPA1:HLA-DPA1*02:01:01:16	0.00016633969927472351	0.00018338529249956138	0.020162429980508365	0.0020984544790689165	0.01484042895164647	6.045550713144801	False
DPA1:HLA-DPA1*02:01:01:17	6.664285057759285e-05	0.00018338529249952316	0.010748475962977408	0.0019268302973092432	0.004931603675226543	2.8614236574508984	False
DPA1:HLA-DPA1*02:01:01:18	6.664285057759377e-05	0.0001833852924995472	0.01525495479034228	0.001678971568834962	0.010510847076212906	4.509555034036491	False
DPA1:HLA-DPA1*02:01:01:19	2.0007831094754926e-05	0.00018338529249960951	0.000507862895751573	2.4942226312399318e-05	0.0018985416474194005	0.7298497260073943	False
DPA1:HLA-DPA1*02:01:01:24	1.3339980341410114e-05	0.00018338529249960333	0.009223214550253047	0.0010681124735518169	0.008393315504648027	1.1824474387871216	False
DPA1:HLA-DPA1*02:01:01:27	5.332569068796228e-05	0.00018338529249955408	0.0028705365684500374	0.0011314789549271413	0.008838421610645207	1.4236098022824037	False
DPA1:HLA-DPA1*02:01:01:28	6.670703309821848e-06	0.00018338529249954777	0.0006536047481836919	0.0002659155187750498	0.0015455259365030841	0.5909730946714781	False
DPA1:HLA-DPA1*02:01:01:29	1.333998034140829e-05	0.00018338529249956308	0.00262588838722202	0.00021780248527443564	0.0021201652398451253	2.439264812245547	False
DPA1:HLA-DPA1*02:01:01:30	1.3339980341409272e-05	0.00018338529249954452	0.004016465992469082	0.00011176920299449267	0.0033425455631654797	0.9909586150694831	False
DPA1:HLA-DPA1*02:01:01:32	6.670703309822524e-06	0.0001833852924995198	0.0056254061493058215	0.0006281967376357723	0.004497725904056571	0.5994439990488052	False
DPA1:HLA-DPA1*02:01:02:02	0.0016380406182674309	0.00018338529249954408	0.020660119204182276	0.0011609253551119081	0.03136058952122405	27.99405434668913	False
DPA1:HLA-DPA1*02:01:02:03	2.000783109474943e-05	0.0001833852924996619	0.0013655649576602875	2.8073858844156648e-05	0.006500377041180366	2.0662298177221365	False
DPA1:HLA-DPA1*02:01:04	0.00018624055950182086	0.00018338529249952172	0.0005003854655871304	0.00048211527882586846	0.010954366216280527	4.0614729471971165	False
DPA1:HLA-DPA1*02:01:07	0.0004899879040338567	0.00018338529249952918	0.028644819574310913	0.0029125222363082536	0.01740498158081814	8.82067228485042	False
DPA1:HLA-DPA1*02:01:08:01	6.670703309822069e-06	0.00018338529249953858	0.004192515393078498	0.00043887779959462267	0.003192913265388795	0.5909730946714781	False
DPA1:HLA-DPA1*02:01:08:03	0.0032468339750268147	0.00018338529249958927	0.09553342134115626	0.01056659100316979	0.05826836177913535	183.71285607379346	False
DPA1:HLA-DPA1*02:01:08:05	0.0005422610013835166	0.00018338529249960255	0.0382544986726229	0.004146684187759789	0.02029728441074581	25.71896648190279	False
DPA1:HLA-DPA1*02:02:02:01	0.009526152274104298	0.0001833852924995536	0.16488083888194666	0.02299388337608557	0.18758586581777917	1553.0277565295057	False
DPA1:HLA-DPA1*02:02:02:02	0.00015970322664259122	0.0001833852924995521	0.027256542099456608	0.003734851912820376	0.02706220787407181	27.987050392006427	False
DPA1:HLA-DPA1*02:02:02:05	0.00034498532716979626	0.00018338529249950925	0.006651051980286204	9.906772643092259e-06	0.011680147059919162	4.974948854112278	False
DPA1:HLA-DPA1*02:02:02:07	9.3297138252166e-05	0.00018338529249958528	0.006427632672911922	0.001038392021508796	0.005113950250181705	2.942793954114698	False
DPA1:HLA-DPA1*02:02:02:08	6.670703309822083e-06	0.00018338529249953807	0.006802205981427727	0.0010670913031828524	0.010700218345748946	1.3973898468176043	False
DPA1:HLA-DPA1*02:02:02:11	6.670703309821857e-06	0.00018338529249954742	0.0045984895446061795	0.0007641310600999811	0.006310622674447334	1.3973898468176043	False
DPA1:HLA-DPA1*02:02:02:12	0.00500348817023749	0.00018338529249952633	0.12816734228772697	0.01405875022853663	0.08748269711929646	289.3305523210787	False
DPA1:HLA-DPA1*02:02:02:15	5.998498377189062e-05	0.00018338529249959938	0.0012111003232830198	0.000394493088689059	0.002131803491993215	2.8345858185576707	False
DPA1:HLA-DPA1*02:02:08	1.3339980341409528e-05	0.00018338529249953858	0.007523886636870682	0.0012929462350357013	0.00573258459962964	2.797174534846549	False
DPA1:HLA-DPA1*02:06	0.0002856721204470722	0.0001833852924995074	0.00103521731094143	0.00022458724763726892	0.006242237648133303	3.1799564877720052	False
DPA1:HLA-DPA1*02:07:01:04	0.0014229193507646516	0.00018338529249958924	0.034025600728396874	2.6473700259018112e-05	0.0025448108646489967	62.37154647353171	False
DPA1:HLA-DPA1*02:07:02	6.670703309822342e-06	0.00018338529249952728	0.0009502968218666229	0.00024408270643360097	0.004410036865000838	0.5994439990488049	False
DPA1:HLA-DPA1*02:09:01:01	6.670703309822167e-06	0.00018338529249953454	0.005171519538564567	0.0005821595113038017	0.003053672595878509	4.683899434417871	False
DPA1:HLA-DPA1*02:12:01	0.00041764564562515774	0.000183385292499553	0.03571726766526292	0.0037842479918806337	0.0231867976602878	25.99800752410322	False
DPA1:HLA-DPA1*02:17	6.6707033098225134e-06	0.0001833852924995202	0.005338736618131709	0.0006316832612632805	0.002542360940331284	0.6880876388067216	False
DPA1:HLA-DPA1*02:26:01:01	6.670703309822475e-06	0.00018338529249952183	0.00013105519591207618	7.622277373358495e-05	0.003944554255698797	0.5994439990488051	False
DPA1:HLA-DPA1*02:31	5.332569068796197e-05	0.00018338529249956308	0.009044207334873385	0.00013848902940662397	0.0017228427464136596	13.650123922586383	False
DPA1:HLA-DPA1*03:01:01:01	5.3325690687961294e-05	0.0001833852924996133	0.014669805807855906	0.0015925997162631823	0.008352432550351068	4.741855545340194	False
DPA1:HLA-DPA1*03:01:01:02	0.0002458661211582147	0.0001833852924995293	0.027616200818496625	0.0029591011652439878	0.019895557019909346	13.918002650187256	False
DPA1:HLA-DPA1*03:01:01:03	1.3339980341410051e-05	0.0001833852924995454	0.006952174403867819	0.000775750954363649	0.004700596091317209	1.1824474387871216	False
DPA1:HLA-DPA1*03:01:01:04	4.0002825685390896e-05	0.0001833852924995346	0.01044394881241833	0.0013555675820716615	0.006624697285436384	1.3198936438017337	False
DPA1:HLA-DPA1*03:01:01:05	0.0023625414687009146	0.00018338529249955693	0.07840172533933804	0.008457798699419462	0.04590049597319383	107.01048308488416	False
DPA1:HLA-DPA1*03:01:01:06	0.00013314307333157886	0.00018338529249952495	0.015311586696731001	0.0016644207973998374	0.007485629148788137	6.872175419137217	False
DPA1:HLA-DPA1*03:01:01:11	6.67070330982184e-06	0.00018338529249954818	0.0009511638245206378	9.479602412764145e-05	0.001579026228580182	0.6880876388067215	False
DPA1:HLA-DPA1*03:01:01:12	6.670703309822301e-06	0.00018338529249952904	0.005808747402106733	0.0006898461426282219	0.00495277219635071	0.5909730946714781	False
DPA1:HLA-DPA1*03:01:01:14	9.326005501801214e-05	0.00018338529249955842	0.0158742269877343	0.0016893520455135713	0.010211760911114996	3.372145813875304	False
DPA1:HLA-DPA1*03:01:01:15	6.670703309821786e-06	0.0001833852924995504	0.006633724409247813	0.0007748206020745016	0.005427431784665455	0.5909730946714781	False
DPA1:HLA-DPA1*03:01:02:02	0.0004174687871238804	0.00018338529249954002	0.034864511985431654	0.003698307141564065	0.018839193572262006	16.526843131824826	False
DPA1:HLA-DPA1*03:05:01:02Q	0.000542261001383557	0.00018338529249958924	0.03956330424737071	0.004208115561372902	0.02172173090635989	26.89714615427085	False
DPA1:HLA-DPA1*03:05:02Q	2.0007831094755916e-05	0.00018338529249959184	0.008900222013604863	0.0010237179938069306	0.007060315007655469	1.7744236703394358	False
DPA1:HLA-DPA1*03:13	6.670703309822425e-06	0.00018338529249952386	0.0035578019293501157	0.00033242011947102177	0.0013444633266988244	0.6880876388067215	False
DPA1:HLA-DPA1*04:01:01:02	0.0002658268850711973	0.00018338529249955522	0.03973276082626032	0.005654324274907368	0.04857074402688969	48.88990305932588	False
DPA1:HLA-DPA1*04:01:01:03	0.0002724433898080126	0.00018338529249958092	0.034017759367083435	0.004895549898568118	0.05123288646670889	22.006957820286065	False
DPA1:HLA-DPA1*04:02:01:02	0.00031198124878856426	0.00018338529249949334	0.029651417023207397	0.0031496140341868424	0.013751477694535953	14.496027757715138	False
DPA1:HLA-DPA1_nov_00633548	7.329929110504655e-05	0.00018338529249962768	0.014791013541457171	0.0017219881652834228	0.008737112120421359	3.926494419699937	False
DPA1:HLA-DPA1_nov_01047ca5	6.670703309822401e-06	0.00018338529249952487	0.005542042006013711	0.0006254262277140578	0.0036870912931487834	0.6880876388067216	False
DPA1:HLA-DPA1_nov_013cd966	6.6707033098220535e-06	0.00018338529249953926	0.0011153219125522665	0.00014514083851027674	0.004175132866101492	0.599443999048805	False
DPA1:HLA-DPA1_nov_01992280	6.670703309822256e-06	0.0001833852924995309	0.002227720134523476	0.00017710025712130273	0.001891868076291224	0.5909730946714781	False
DPA1:HLA-DPA1_nov_025c1d6b	6.670703309822492e-06	0.0001833852924995211	0.0026250793075962694	0.0004967955101995782	0.010941717456700497	0.5909730946714781	False
DPA1:HLA-DPA1_nov_02c68023	6.670703309822307e-06	0.00018338529249952877	2.283402893006949e-05	0.00017292193073399842	0.0038204302574120627	0.5994439990488051	False
DPA1:HLA-DPA1_nov_060bc3f6	6.670703309822349e-06	0.00018338529249952703	0.0008008290031424132	4.849573391654968e-05	0.0020276042658182486	0.599443999048805	False
DPA1:HLA-DPA1_nov_06577e55	6.6707033098225e-06	0.00018338529249952077	0.004787333331365508	0.000512982486013261	0.0014427899851522604	0.5909730946714782	False
DPA1:HLA-DPA1_nov_07d2fce9	2.6674255569878302e-05	0.00018338529249954598	0.008369653200682588	0.0008995281105784095	0.005003218943832565	1.1803687771429219	False
DPA1:HLA-DPA1_nov_0859115b	6.6707033098224524e-06	0.00018338529249952275	0.003501532824139846	0.00032074571557029594	0.00257120384568651	0.5909730946714781	False
DPA1:HLA-DPA1_nov_089b7927	6.6707033098221916e-06	0.00018338529249953354	0.004507319376262969	0.0004993021648104617	0.003622303917110593	0.5909730946714781	False
DPA1:HLA-DPA1_nov_08a0322f	0.000358176974574632	0.00018338529249955408	0.03496771041778068	0.0038573152322477935	0.020570450522376122	15.54591474210094	False
DPA1:HLA-DPA1_nov_08ee7ef0	6.6707033098222805e-06	0.00018338529249952988	0.0014809562047463454	0.0001569448714372609	0.004133593838769939	0.599443999048805	False
DPA1:HLA-DPA1_nov_099cd014	6.670703309822254e-06	0.0001833852924995309	0.0009567830193587323	0.0001516871365979791	3.8889955398213044e-05	1.6941397457220146	False
DPA1:HLA-DPA1_nov_0b4cfda8	6.670703309821908e-06	0.00018338529249954533	0.0026437802947435855	0.0003702326329567644	0.0007126406580208238	1.6941397457220149	False
DPA1:HLA-DPA1_nov_0b7430eb	0.00011985443900667592	0.00018338529249958496	0.010754977307698485	0.0006180656190053341	0.0021158313833545377	7.2147099339379155	False
DPA1:HLA-DPA1_nov_0c6b91dd	6.670703309822497e-06	0.00018338529249952085	0.0012051552053686315	0.00034105779799930663	0.005185845231506914	0.5994439990488051	False
DPA1:HLA-DPA1_nov_0c6b9e32	6.670703309822208e-06	0.00018338529249953292	0.0019893739028144877	0.000178245826760082	0.0010900272701415592	1.6941397457220149	False
DPA1:HLA-DPA1_nov_0cb8d85b	6.670703309822209e-06	0.0001833852924995329	0.003936722828266581	0.000302344197324856	0.0023535002301831366	1.6941397457220149	False
DPA1:HLA-DPA1_nov_0cefc04c	6.670703309822131e-06	0.000183385292499536	0.003273741265867215	0.00034593498827663376	0.0012036923300002625	0.6880876388067214	False
DPA1:HLA-DPA1_nov_0d5dacb3	6.670703309822383e-06	0.0001833852924995256	0.0009075379533259355	3.931631889696342e-05	0.0038268250712354276	0.5994439990488051	False
DPA1:HLA-DPA1_nov_0d963907	6.670703309821799e-06	0.00018338529249954988	0.0025584271730320247	0.0006355644054264707	0.005624997860778425	0.6880876388067217	False
DPA1:HLA-DPA1_nov_0eb8f3e0	2.6682813239289305e-05	0.0001833852924995279	0.0005720807764373855	9.019866626764528e-06	0.0026185309971525077	1.6941397457220149	False
DPA1:HLA-DPA1_nov_0ebb8f15	6.670703309822408e-06	0.0001833852924995246	0.0011772981019794295	0.0002474780318060562	0.0042697303118851325	0.5994439990488051	False
DPA1:HLA-DPA1_nov_0f49966f	6.670703309822099e-06	0.0001833852924995374	0.005944953379324959	0.0007341503542028433	0.005529302915421224	1.6941397457220144	False
DPA1:HLA-DPA1_nov_113ff4ea	6.67070330982213e-06	0.00018338529249953611	0.007938549207809675	0.0009269706959858414	0.006486726811678208	0.5909730946714781	False
DPA1:HLA-DPA1_nov_11739d37	6.6707033098219425e-06	0.0001833852924995439	0.00438745466579025	7.396729750185784e-05	0.002029897853989515	0.6880876388067215	False
DPA1:HLA-DPA1_nov_1182faa3	6.670703309821833e-06	0.00018338529249954842	0.002223975993944081	0.00045614305793156455	0.002112157392254986	0.6880876388067215	False
DPA1:HLA-DPA1_nov_11f3ee8d	6.670703309822419e-06	0.00018338529249952405	0.0010719450246458957	0.00015662437068209072	0.003480836745373543	0.599443999048805	False
DPA1:HLA-DPA1_nov_135300b9	1.3339980341409904e-05	0.0001833852924995848	0.002233985282226951	0.0002454826723788857	0.001516962550234258	0.7983327472301327	False
DPA1:HLA-DPA1_nov_13e225bb	4.000282568539097e-05	0.00018338529249949573	0.0076717518942218945	0.0007427304209019814	0.0035666634070887614	1.1916661939603248	False
DPA1:HLA-DPA1_nov_14547f1e	6.670703309822443e-06	0.0001833852924995231	9.936101231852185e-05	8.781491723235654e-05	0.0012141645211753312	0.599443999048805	False
DPA1:HLA-DPA1_nov_1551ae34	6.670703309821881e-06	0.00018338529249954641	0.000740793887095009	0.00010999600738336552	0.005325062993106968	0.5994439990488051	False
DPA1:HLA-DPA1_nov_165aac3d	6.670703309822008e-06	0.00018338529249954124	0.0014976664785259356	0.00024207438640904942	0.0003838664093257556	1.6941397457220144	False
DPA1:HLA-DPA1_nov_169ce335	6.67070330982226e-06	0.0001833852924995307	0.004708198453170556	0.0005160880684149648	0.0023888775741963035	0.5909730946714781	False
DPA1:HLA-DPA1_nov_17ae3284	6.670703309822431e-06	0.00018338529249952367	0.004588498694390253	0.0005097314788510532	0.0034661804068845145	0.5909730946714781	False
DPA1:HLA-DPA1_nov_181950e9	6.67070330982194e-06	0.00018338529249954403	0.0035730770896003046	0.000302126796989695	0.001011328590341745	0.5909730946714781	False
DPA1:HLA-DPA1_nov_18270173	6.670703309822175e-06	0.00018338529249953427	0.007149542574476793	0.0007459718077946996	0.009632611127846753	1.3973898468176043	False
DPA1:HLA-DPA1_nov_1b9f3e7f	6.670703309821974e-06	0.00018338529249954257	0.001985887798996519	0.00011718536512868623	0.001972187742167931	0.5994439990488051	False
DPA1:HLA-DPA1_nov_1e1057e0	0.007183575848153209	0.00018338529249952134	0.021584280050367558	0.004479475364296833	0.023802929864634007	15.189120454587476	False
DPA1:HLA-DPA1_nov_1e47ea18	6.670703309822231e-06	0.0001833852924995319	0.006777069290562867	0.0008123836595720867	0.0052245274998151065	0.5909730946714781	False
DPA1:HLA-DPA1_nov_2018b35d	6.6707033098224855e-06	0.00018338529249952134	0.004557495487937977	0.0004770415224012039	0.004893368345918226	0.5909730946714781	False
DPA1:HLA-DPA1_nov_2140671f	6.6707033098225185e-06	0.00018338529249952004	0.002984078512224203	0.0004897020168892266	0.005134338350110525	0.5909730946714782	False
DPA1:HLA-DPA1_nov_22d57332	6.6707033098220925e-06	0.00018338529249953769	0.0011055163739864548	0.00015657170602718533	0.0025955308883684886	0.5994439990488051	False
DPA1:HLA-DPA1_nov_2358f372	6.6707033098223635e-06	0.00018338529249952646	0.004402766055930118	0.0004800332791242834	0.004779299642795628	0.5909730946714781	False
DPA1:HLA-DPA1_nov_23b20753	6.670703309822103e-06	0.00018338529249953723	0.001718780156498351	0.0003565864542638538	0.002004638767822457	0.599443999048805	False
DPA1:HLA-DPA1_nov_246d7b2b	6.670703309821857e-06	0.00018338529249954742	0.005438169139869384	0.0005842236882162815	0.0021431959790921737	0.6880876388067214	False
DPA1:HLA-DPA1_nov_2675939a	6.670703309822172e-06	0.00018338529249953435	0.001676024979285014	0.0002827982741261166	0.0022535470002228845	1.694139745722015	False
DPA1:HLA-DPA1_nov_2a96e025	6.6707033098223135e-06	0.00018338529249952847	0.007255839097754015	0.0008660463454516249	0.005970043078055213	0.5909730946714782	False
DPA1:HLA-DPA1_nov_2ab2a96e	6.670703309821806e-06	0.00018338529249954953	0.0012463882977963232	0.0001973858401672567	0.0035696567135142868	4.683899434417871	False
DPA1:HLA-DPA1_nov_2ba3192e	6.670703309822038e-06	0.0001833852924995399	0.002146212982389919	0.0002229584538965146	0.000999615848195967	0.5909730946714782	False
DPA1:HLA-DPA1_nov_2d4e1b0c	6.6707033098219646e-06	0.00018338529249954294	0.0007447276309608033	0.0002486550617742637	0.003936510531432507	0.599443999048805	False
DPA1:HLA-DPA1_nov_2da0ee06	6.670703309822005e-06	0.00018338529249954124	0.0011019806563624635	6.398131951836715e-05	0.002732998948348393	0.5909730946714781	False
DPA1:HLA-DPA1_nov_2e68e5cf	6.67070330982199e-06	0.0001833852924995419	0.0005632061656591195	0.00021011799410369753	0.004053556259018141	1.3973898468176043	False
DPA1:HLA-DPA1_nov_2e938bda	1.333998034140932e-05	0.00018338529249957295	0.005680239590353946	0.0005399723854071233	0.0056794967022425575	1.1824474387871216	False
DPA1:HLA-DPA1_nov_3064de12	6.67070330982247e-06	0.00018338529249952202	0.006777216433306698	0.0008016527728544006	0.004605880377360079	0.5909730946714781	False
DPA1:HLA-DPA1_nov_33a8672d	6.670703309822236e-06	0.00018338529249953178	0.0018109614952802285	0.00038470741349531663	0.006547801549383777	0.6880876388067217	False
DPA1:HLA-DPA1_nov_3500f3b3	6.670703309822002e-06	0.00018338529249954143	0.008022290292628556	0.0009575152086702504	0.0065615143168689105	0.5909730946714781	False
DPA1:HLA-DPA1_nov_36b22ca6	6.670703309821861e-06	0.00018338529249954728	0.0061219072589566515	0.0006311173638403763	0.010643993863895522	1.3973898468176043	False
DPA1:HLA-DPA1_nov_38e1b3b3	6.670703309821796e-06	0.00018338529249954996	0.001720834820023176	0.00029792284056744946	0.0015597771613498372	1.3973898468176043	False
DPA1:HLA-DPA1_nov_39ef0757	6.670703309821795e-06	0.00018338529249955007	0.0010222654129409612	3.968023304053788e-05	0.0018409680891164643	0.6880876388067212	False
DPA1:HLA-DPA1_nov_3ab74b74	6.6707033098219595e-06	0.00018338529249954313	0.0013287545866828279	0.00024042516071875574	0.0027015003539843114	0.599443999048805	False
DPA1:HLA-DPA1_nov_3cb2bc43	6.670703309821867e-06	0.00018338529249954704	0.003187192547417839	0.0005199182211831425	0.0005934004324173438	1.6941397457220146	False
DPA1:HLA-DPA1_nov_3d5e691f	0.001609124253310543	0.00018338529249957314	0.062151241270113324	0.008417457995470065	0.09149911005509072	160.02952421167157	False
DPA1:HLA-DPA1_nov_3eec8a23	6.6707033098221865e-06	0.00018338529249953378	0.00013987192260922338	0.00011334981888049437	0.0006434034128771972	4.683899434417871	False
DPA1:HLA-DPA1_nov_3f4664c3	6.6707033098225244e-06	0.00018338529249951974	0.0032700527191749026	0.00033155754819537273	0.0008744915453383314	0.5909730946714782	False
DPA1:HLA-DPA1_nov_40cd3bb0	6.670703309822303e-06	0.00018338529249952896	0.0008498045394272195	8.319633360108425e-05	0.000871193422779296	0.5909730946714782	False
DPA1:HLA-DPA1_nov_414a5d51	6.67070330982214e-06	0.00018338529249953565	0.0017901117835286734	0.0003144535288152049	0.0038690453301050915	0.599443999048805	False
DPA1:HLA-DPA1_nov_41687221	1.3339980341410576e-05	0.0001833852924995431	0.0010695771348272153	0.0009147322440327227	0.00055034563958987	0.4438038458086558	False
DPA1:HLA-DPA1_nov_442fd979	6.67070330982248e-06	0.00018338529249952159	0.0012805038192057598	8.297678874472023e-05	0.0012951798018510257	0.5994439990488052	False
DPA1:HLA-DPA1_nov_4446c486	6.67070330982186e-06	0.00018338529249954736	0.0011142500481372646	0.0001551334928943477	0.003283043726877482	0.5994439990488051	False
DPA1:HLA-DPA1_nov_46ededb3	1.3339980341410082e-05	0.000183385292499515	0.0034513875860896783	0.0003597368489560633	0.004622566105349632	1.1824474387871216	False
DPA1:HLA-DPA1_nov_471947d4	1.3339980341410573e-05	0.00018338529249952546	0.0005502539129635488	0.00011162233485264629	0.0019331393336307707	0.7940959287881594	False
DPA1:HLA-DPA1_nov_4783e9ff	6.670703309821871e-06	0.00018338529249954687	0.0013484116838491582	0.0003755064133598903	0.004641829807332478	0.599443999048805	False
DPA1:HLA-DPA1_nov_48319e18	6.67070330982252e-06	0.00018338529249951993	0.004381260088680542	0.0007251749162110045	0.004111048049074069	1.3973898468176043	False
DPA1:HLA-DPA1_nov_48f42e98	6.6707033098220035e-06	0.0001833852924995414	0.005078851751941511	0.0005940529114006347	0.0035001034598811285	0.5909730946714781	False
DPA1:HLA-DPA1_nov_4b1a93ef	6.6707033098218265e-06	0.0001833852924995487	0.0013672114706910793	2.183231754469129e-05	0.0008486785851637293	0.5909730946714781	False
DPA1:HLA-DPA1_nov_4b3fea4c	6.6707033098223965e-06	0.00018338529249952506	0.007079546095635953	0.0009698332803397756	0.005868893475125622	1.3973898468176043	False
DPA1:HLA-DPA1_nov_4b680a2e	6.670703309822174e-06	0.00018338529249953427	0.0012723898876170422	7.125579890934755e-05	0.003809074475506033	0.5909730946714781	False
DPA1:HLA-DPA1_nov_4b9a4e28	6.670703309822399e-06	0.000183385292499525	0.0031068381755751696	0.00032724526457007173	0.0016275880117475312	1.6941397457220142	False
DPA1:HLA-DPA1_nov_4b9a85a8	6.670703309821981e-06	0.00018338529249954232	0.0003922036406725692	0.00011217275919739119	0.004521576533818368	0.5994439990488051	False
DPA1:HLA-DPA1_nov_4baf6053	6.670703309822178e-06	0.00018338529249953405	0.0011638636164346332	4.5526794309392366e-05	0.005181430140040265	0.5994439990488051	False
DPA1:HLA-DPA1_nov_4bec89b3	6.670703309822234e-06	0.00018338529249953183	0.0023668286497348415	0.00021266429558067598	0.0008124202723779509	0.5909730946714781	False
DPA1:HLA-DPA1_nov_4ca6bae3	4.0002825685390944e-05	0.000183385292499527	0.011179554280668594	0.0015142115614208802	0.00826566018652928	3.5533700858029307	False
DPA1:HLA-DPA1_nov_4f4971a5	1.3339980341408357e-05	0.00018338529249956742	0.003955477652078647	0.0007314197760785809	0.0018305064091732265	0.7983327472301327	False
DPA1:HLA-DPA1_nov_4f935b4c	6.670703309822109e-06	0.00018338529249953693	0.002950791773001308	0.00029587303627970064	0.0002164787095068327	4.683899434417869	False
DPA1:HLA-DPA1_nov_4fe7981f	6.6707033098219154e-06	0.000183385292499545	0.0017261358362529512	0.0001588939423737764	0.001887582983396942	1.6941397457220149	False
DPA1:HLA-DPA1_nov_5083c7c1	6.670703309822522e-06	0.00018338529249951988	0.005815249015648606	0.0006763799949027916	0.003468181896335487	0.5909730946714782	False
DPA1:HLA-DPA1_nov_509ea7fe	6.670703309822035e-06	0.0001833852924995401	0.002101962157290194	0.00027520378655047207	0.003464929016570488	0.599443999048805	False
DPA1:HLA-DPA1_nov_50dfb42a	6.670703309822248e-06	0.00018338529249953118	0.0011105844072410332	0.0002640598712733168	0.004356565254384564	0.599443999048805	False
DPA1:HLA-DPA1_nov_51ef5388	6.67070330982231e-06	0.00018338529249952866	0.0022507589922317562	0.00015672176075085876	0.0006544441525570967	1.6941397457220149	False
DPA1:HLA-DPA1_nov_52c445f2	6.670703309822415e-06	0.0001833852924995243	0.005785714265203381	0.0007976039481166544	0.008940010103231382	1.694139745722015	False
DPA1:HLA-DPA1_nov_536df1e6	6.670703309822337e-06	0.00018338529249952747	0.001884301771388359	0.00012976237620305336	0.0005860267779706033	0.6880876388067215	False
DPA1:HLA-DPA1_nov_53cda943	6.670703309821923e-06	0.0001833852924995447	0.001967125476316002	0.0001641795077487246	0.0008652382277107643	0.5909730946714782	False
DPA1:HLA-DPA1_nov_54cfaddb	6.670703309822093e-06	0.00018338529249953758	0.0017755221695960398	0.0002160310694736053	0.003610609556114123	0.5994439990488051	False
DPA1:HLA-DPA1_nov_54d578f6	6.67070330982236e-06	0.00018338529249952657	0.0026496526359191374	0.0005200982250889443	0.0031804890254045963	0.6880876388067214	False
DPA1:HLA-DPA1_nov_55eaa010	6.6707033098222e-06	0.00018338529249953321	0.0014073950370662306	0.00015057481688522973	0.0037570832500367192	0.5994439990488052	False
DPA1:HLA-DPA1_nov_57813ff1	6.6707033098219925e-06	0.0001833852924995418	0.003817294350133063	0.0005929914864989639	0.0059713323707044075	0.5909730946714782	False
DPA1:HLA-DPA1_nov_5874dc18	6.6707033098224245e-06	0.00018338529249952392	0.0006647901991169196	0.0001086146563757435	0.0025911194725844215	0.599443999048805	False
DPA1:HLA-DPA1_nov_59f9880d	6.670703309821911e-06	0.00018338529249954517	0.003589452659728495	0.0003435122349578553	0.0014757703423526752	0.5909730946714781	False
DPA1:HLA-DPA1_nov_5ab08017	6.6707033098220975e-06	0.00018338529249953744	0.007766336712567067	0.0009117424812279196	0.005398497276224906	0.5909730946714782	False
DPA1:HLA-DPA1_nov_5b766d72	1.3339980341410119e-05	0.0001833852924995894	0.0007102087585725899	9.841906958061705e-05	0.004559785032519569	2.4392648122455474	False
DPA1:HLA-DPA1_nov_5b8d1581	6.670703309822042e-06	0.0001833852924995398	0.00015207295116607188	4.430546895544177e-06	0.001986758567050043	0.6880876388067217	False
DPA1:HLA-DPA1_nov_5f9458f2	6.670703309822519e-06	0.00018338529249951993	0.0054162875422071755	0.0006234817269662325	0.004350736132988936	0.5909730946714782	False
DPA1:HLA-DPA1_nov_5ffcaad8	6.670703309822198e-06	0.00018338529249953321	0.0006940388230922917	0.00016145384060696683	0.002293686490836861	0.5994439990488051	False
DPA1:HLA-DPA1_nov_60cc13d7	6.6707033098219036e-06	0.0001833852924995455	0.0015158640608404763	0.0003106685477552618	0.0026223952539147265	0.5994439990488051	False
DPA1:HLA-DPA1_nov_617720b3	6.670703309822402e-06	0.0001833852924995248	0.003231059411364809	0.0002828607407159608	0.002061775000558271	0.5909730946714781	False
DPA1:HLA-DPA1_nov_61963b1b	6.670703309822127e-06	0.00018338529249953622	0.0007834031713140789	7.607029791357659e-05	0.0014760864357934566	0.6880876388067214	False
DPA1:HLA-DPA1_nov_6266b1ac	0.0021161091150828063	0.00018338529249961773	0.02481090902387449	0.0024487040237651	0.019814986461291467	9.858703714870988	False
DPA1:HLA-DPA1_nov_63e99a3e	6.670703309822365e-06	0.00018338529249952638	0.006629509535505438	0.0011072060780807319	0.0067616647769400025	1.3973898468176043	False
DPA1:HLA-DPA1_nov_642debde	6.670703309822043e-06	0.00018338529249953972	0.0035910805371029008	0.00046093373060823945	0.0008873863653149077	0.5994439990488051	False
DPA1:HLA-DPA1_nov_6577155c	6.670703309822428e-06	0.00018338529249952373	0.00032878416131971815	7.622681018736056e-05	0.0034708251770573864	0.5909730946714781	False
DPA1:HLA-DPA1_nov_657f3dfe	6.670703309822075e-06	0.0001833852924995384	0.007719523366596918	0.0005193542363867911	0.011780796218040375	1.3973898468176043	False
DPA1:HLA-DPA1_nov_6649c385	6.670703309822501e-06	0.00018338529249952077	0.0061309680600753385	0.000716188547965196	0.005056253543063143	0.5909730946714782	False
DPA1:HLA-DPA1_nov_666e57fe	6.6707033098224524e-06	0.00018338529249952275	0.005686239916895873	0.0006270188264634652	0.004490209506988094	0.5909730946714781	False
DPA1:HLA-DPA1_nov_67290459	6.6707033098223525e-06	0.0001833852924995269	0.0005144081953493097	2.4513948742321258e-05	0.004221141729798175	0.599443999048805	False
DPA1:HLA-DPA1_nov_6783b411	6.670703309821936e-06	0.00018338529249954422	0.0067249369454320815	0.0007568921310026966	0.004670888054395053	0.5909730946714781	False
DPA1:HLA-DPA1_nov_688aad4f	4.666497132580259e-05	0.00018338529249951858	0.016390744151608187	0.002071237121676992	0.016849306311068346	7.111886216540508	False
DPA1:HLA-DPA1_nov_69b9f13f	6.67070330982219e-06	0.00018338529249953362	0.0035437039979674388	0.0006521674016037736	0.003380656274270632	0.6880876388067217	False
DPA1:HLA-DPA1_nov_69da32e1	2.0007831094752826e-05	0.0001833852924995949	0.008252361758405125	0.0008844468089690327	0.004114564980676331	1.7744236703394358	False
DPA1:HLA-DPA1_nov_6b307db6	6.670703309822286e-06	0.0001833852924995297	0.00011350687709666183	0.00011666611795023779	0.0037723430096366383	0.5994439990488051	False
DPA1:HLA-DPA1_nov_6b3880b7	6.670703309822259e-06	0.0001833852924995307	0.0019011315895820305	6.83849848416671e-05	0.0016501481906060036	0.5994439990488049	False
DPA1:HLA-DPA1_nov_6b5b6529	6.670703309822468e-06	0.0001833852924995221	0.002338313766420453	0.00028227791531169915	0.0025643674015030198	0.6880876388067216	False
DPA1:HLA-DPA1_nov_6b80d4e6	6.670703309822138e-06	0.00018338529249953576	0.001564699153986693	0.0003281041181155254	0.002329158548245313	0.5909730946714782	False
DPA1:HLA-DPA1_nov_6bfb9e3d	6.6707033098224465e-06	0.00018338529249952302	0.004306566110747672	0.0006278904841457532	0.005025729839142946	1.3973898468176043	False
DPA1:HLA-DPA1_nov_6d6c21f8	6.6707033098221865e-06	0.00018338529249953378	0.006162358293697478	0.0007113375525775366	0.0040451431193507924	0.5909730946714782	False
DPA1:HLA-DPA1_nov_6f10a2c1	6.670703309822191e-06	0.0001833852924995336	0.0021273408638493073	0.0006150268407467758	0.0034527532423306202	0.6880876388067217	False
DPA1:HLA-DPA1_nov_705a0e14	4.6664971325803493e-05	0.00018338529249949218	0.0011986475697436285	0.0003471830116526603	0.0029939645623621243	5.6247182941140546	False
DPA1:HLA-DPA1_nov_7227063d	6.670703309822337e-06	0.00018338529249952747	0.001383424112675067	0.00011322515695826107	0.00168493885108842	0.6880876388067215	False
DPA1:HLA-DPA1_nov_7249f2bd	1.3339980341410088e-05	0.00018338529249948133	0.0045050439959580775	0.0003620080933710484	0.0025800426213939812	1.1824474387871216	False
DPA1:HLA-DPA1_nov_72cff524	6.670703309822244e-06	0.00018338529249953134	0.008505829710420618	0.0012647648806804722	0.012632551229835488	1.3973898468176043	False
DPA1:HLA-DPA1_nov_7377997d	6.670703309822097e-06	0.0001833852924995375	0.0060590354173711836	0.0006925800500492718	0.004094410428771824	0.5909730946714782	False
DPA1:HLA-DPA1_nov_743d34fe	6.670703309822513e-06	0.0001833852924995202	0.00044663662345019683	1.5474468824947158e-05	0.002227698150220653	0.599443999048805	False
DPA1:HLA-DPA1_nov_7462d9aa	6.670703309821898e-06	0.0001833852924995457	0.00022971934399472287	6.518919728878157e-05	0.0035111235385617704	4.6838994344178735	False
DPA1:HLA-DPA1_nov_74982a8d	6.67070330982207e-06	0.00018338529249953858	0.0011465037078233348	0.00020083451071490314	0.0015320647299346393	0.5994439990488049	False
DPA1:HLA-DPA1_nov_765f360a	6.670703309822017e-06	0.00018338529249954086	0.005456081193817458	0.0006045965858195358	0.0038623588567181953	0.5909730946714782	False
DPA1:HLA-DPA1_nov_76c76bae	6.670703309821913e-06	0.0001833852924995451	0.0019507248426738986	0.00037964525902384145	0.0018770082836839447	4.683899434417869	False
DPA1:HLA-DPA1_nov_77a99a13	2.668281323928852e-05	0.00018338529249953611	0.0023269760537713686	0.00023839230003654824	0.0015031214050790496	0.5909730946714781	False
DPA1:HLA-DPA1_nov_787467d3	6.670703309821937e-06	0.0001833852924995442	0.009959052454498109	0.0016013031336692529	0.013586180007415046	1.3973898468176043	False
DPA1:HLA-DPA1_nov_78e281c3	6.6707033098218316e-06	0.00018338529249954842	0.0036805705116058633	0.0004064696347789469	0.0009468760598326933	4.683899434417872	False
DPA1:HLA-DPA1_nov_7a718f59	2.0007831094753205e-05	0.00018338529249960529	0.005415602140296286	0.0005171886394540643	0.003982865849656422	0.5382691230673228	False
DPA1:HLA-DPA1_nov_7b2df337	6.67070330982177e-06	0.00018338529249955102	0.0011354315532508504	6.881553666117573e-05	0.0011838432891201269	0.5994439990488051	False
DPA1:HLA-DPA1_nov_7c50a9ce	6.670703309822463e-06	0.0001833852924995224	0.0013391656575756899	2.8645169428723327e-05	0.0009585073375057121	1.6941397457220149	False
DPA1:HLA-DPA1_nov_7da9c5b6	6.670703309822538e-06	0.00018338529249951923	0.001197861087568693	5.803680908607697e-05	0.0009520328436065786	0.6880876388067214	False
DPA1:HLA-DPA1_nov_7dc37aaf	6.670703309822307e-06	0.00018338529249952877	0.002571441164771446	0.00020468440208515774	8.406996274753526e-05	0.6880876388067217	False
DPA1:HLA-DPA1_nov_7dd75035	6.670703309821844e-06	0.00018338529249954799	0.0018199803473167222	0.00019896860735941585	0.003968284521036731	0.6880876388067214	False
DPA1:HLA-DPA1_nov_7e44a373	6.670703309822385e-06	0.0001833852924995255	0.0075886903017136275	0.0008946965671559894	0.005924325328945658	0.5909730946714781	False
DPA1:HLA-DPA1_nov_7f6d855b	6.670703309822173e-06	0.00018338529249953435	0.002294135197351538	0.0004058942045612577	0.0036713151110932844	1.3973898468176043	False
DPA1:HLA-DPA1_nov_7fef32cf	6.670703309822343e-06	0.00018338529249952725	0.001306902104689624	4.4830214405304996e-05	0.0011609953991999495	4.683899434417869	False
DPA1:HLA-DPA1_nov_80fc2320	6.670703309822335e-06	0.00018338529249952766	0.03792865905011904	0.33890123322196514	0.0004201108726334317	1.6941397457220146	False
DPA1:HLA-DPA1_nov_81bc381f	6.670703309822185e-06	0.00018338529249953378	0.0035223461299101863	0.00022867950095875427	0.000256543112943413	1.694139745722015	False
DPA1:HLA-DPA1_nov_83301d39	6.6707033098225355e-06	0.0001833852924995193	0.002452479884925107	0.00020481227872991324	0.00018696395540794547	0.6880876388067214	False
DPA1:HLA-DPA1_nov_833bbc5e	6.670703309822245e-06	0.00018338529249953134	0.0076196944439763424	0.0008782468742309983	0.006264217973900436	0.5909730946714782	False
DPA1:HLA-DPA1_nov_84627246	6.670703309822506e-06	0.00018338529249952053	0.003013908887288418	0.0004971796924439954	0.002084945156875267	0.6880876388067212	False
DPA1:HLA-DPA1_nov_8469a734	6.670703309821834e-06	0.00018338529249954834	0.0033282986964834043	0.0003667157646052869	0.0016535504951135224	1.3973898468176043	False
DPA1:HLA-DPA1_nov_84bbcfda	6.670703309822049e-06	0.00018338529249953948	0.0036630166540655264	0.00024209037729118748	0.004145006906707256	1.3973898468176043	False
DPA1:HLA-DPA1_nov_859cb336	6.6707033098218926e-06	0.00018338529249954598	0.00025887682901512674	0.00011131192796826114	0.003728711821244941	0.599443999048805	False
DPA1:HLA-DPA1_nov_85a797ed	6.670703309822212e-06	0.00018338529249953264	0.0015520317947235788	0.0002828261736751032	0.005953528339294304	0.599443999048805	False
DPA1:HLA-DPA1_nov_871b6de7	2.000783109475341e-05	0.00018338529249960529	0.004711630976880922	0.0005025711322637876	0.004411114533738165	0.7509329605986619	False
DPA1:HLA-DPA1_nov_87272e8c	6.670703309822332e-06	0.00018338529249952774	0.006842844149181597	0.0008053737172678461	0.0049727473905522585	0.5909730946714782	False
DPA1:HLA-DPA1_nov_89e01db0	6.670703309821792e-06	0.00018338529249955013	0.002341348593951405	0.000377174319399258	0.0026951502494872775	0.6880876388067213	False
DPA1:HLA-DPA1_nov_89e6e9fc	6.6707033098221534e-06	0.00018338529249953508	0.002535555157069581	0.00021220295293864107	0.0018252392434011295	0.5909730946714781	False
DPA1:HLA-DPA1_nov_8ab13e8a	6.670703309822089e-06	0.00018338529249953777	0.001361470647307772	0.0003107258498429277	0.003308160479056034	0.599443999048805	False
DPA1:HLA-DPA1_nov_8ba7a318	6.670703309822343e-06	0.00018338529249952725	0.000883290764686946	0.0001426156516789459	0.0026662459814548725	0.5994439990488049	False
DPA1:HLA-DPA1_nov_8bc9d875	6.6707033098223635e-06	0.00018338529249952646	0.0002742186849940193	1.9872717607668643e-05	0.0018626823836020612	0.5994439990488051	False
DPA1:HLA-DPA1_nov_8c774f3f	6.6707033098221805e-06	0.00018338529249953395	0.0011974099003511252	0.00028483326143776533	0.00459451961048481	0.599443999048805	False
DPA1:HLA-DPA1_nov_8e4d96c1	6.670703309822378e-06	0.00018338529249952581	0.007040098816903728	0.0009331003962627709	0.005694681264354303	0.5909730946714781	False
DPA1:HLA-DPA1_nov_8e6a3701	6.670703309822154e-06	0.00018338529249953508	0.002244174524234985	0.00022391622124836043	0.0007563095963821495	0.5909730946714781	False
DPA1:HLA-DPA1_nov_90060ba4	6.670703309822345e-06	0.0001833852924995272	0.0010128698011114983	4.948553564167511e-06	0.000266216577832761	0.5909730946714782	False
DPA1:HLA-DPA1_nov_921d2bb5	6.670703309822035e-06	0.0001833852924995401	0.0007673408773907578	0.00031222834173539617	0.005205887012481437	0.599443999048805	False
DPA1:HLA-DPA1_nov_9367135e	6.670703309822349e-06	0.00018338529249952703	3.101769472730226e-06	7.60040550477228e-05	0.0043095323135504	0.599443999048805	False
DPA1:HLA-DPA1_nov_9514f0be	1.3339980341409402e-05	0.0001833852924995595	0.0005804951964588101	0.00015426137151533384	0.007055792407670492	0.7940959287881593	False
DPA1:HLA-DPA1_nov_964a5117	6.6707033098223305e-06	0.00018338529249952777	0.0009606450142376759	0.00022395445786024286	0.004484360570306839	0.6880876388067216	False
DPA1:HLA-DPA1_nov_96b7b3d7	6.670703309822005e-06	0.00018338529249954124	0.002077894545570707	0.0004428634554294928	0.003506463260855823	0.6880876388067213	False
DPA1:HLA-DPA1_nov_96c64e5f	4.666497132580281e-05	0.0001833852924995175	0.01089080280591975	0.0011558499951586912	0.003889688831488821	1.5516680107500795	False
DPA1:HLA-DPA1_nov_994dfdc1	6.670703309822304e-06	0.00018338529249952885	0.0027424729689215594	0.0002545598877769895	0.00012677150120896365	0.5909730946714782	False
DPA1:HLA-DPA1_nov_99d17442	6.670703309822289e-06	0.00018338529249952947	0.0006413819067779894	6.921394041944898e-07	0.003787822709783455	0.5994439990488049	False
DPA1:HLA-DPA1_nov_9c03b15b	1.3339980341409092e-05	0.00018338529249957563	0.0002425364979223628	0.00020059175849763833	0.0019591067262230183	0.7940959287881594	False
DPA1:HLA-DPA1_nov_9c4e48a8	6.670703309822504e-06	0.00018338529249952058	0.0005366000628984758	0.00018017356937904356	0.0035577063723339383	0.5994439990488052	False
DPA1:HLA-DPA1_nov_9c6f0069	6.670703309822038e-06	0.0001833852924995399	0.007622462454376002	0.000906202272499307	0.005591867034713559	0.5909730946714782	False
DPA1:HLA-DPA1_nov_9d52973c	6.6707033098221085e-06	0.00018338529249953698	0.00693313996849659	0.0007705798834391285	0.00849335853996195	1.3973898468176043	False
DPA1:HLA-DPA1_nov_9e15537b	6.670703309822279e-06	0.00018338529249952993	0.0025208136686026552	0.0004299941186512533	0.002933617227575666	0.5909730946714781	False
DPA1:HLA-DPA1_nov_9f6e19fd	1.3339980341409209e-05	0.0001833852924995118	0.010542789917122377	0.000812429480437078	0.013972039199026941	2.797174534846549	False
DPA1:HLA-DPA1_nov_a007c74e	6.670703309822201e-06	0.00018338529249953313	0.0024686968047575564	0.00018520727140385537	0.004131005911447275	0.5994439990488052	False
DPA1:HLA-DPA1_nov_a0092bb2	6.670703309822228e-06	0.00018338529249953202	0.005326566344988764	0.0005859208482097214	0.0031144284542686793	0.5909730946714782	False
DPA1:HLA-DPA1_nov_a1392992	6.670703309822376e-06	0.00018338529249952592	0.005295789041958532	0.0005861806020997833	0.0023041960023127647	0.5909730946714781	False
DPA1:HLA-DPA1_nov_a266e173	6.670703309822246e-06	0.00018338529249953126	0.001521009725426288	0.00011050140856097581	0.0005436493185825738	4.683899434417872	False
DPA1:HLA-DPA1_nov_a56427f1	6.670703309822437e-06	0.00018338529249952335	0.00013222654064981465	0.00017691919108473676	0.0004815352941939719	0.6880876388067214	False
DPA1:HLA-DPA1_nov_a5689526	6.6707033098222974e-06	0.00018338529249952912	0.0012136168462770272	0.0002592927249240833	0.0048466067455035485	0.599443999048805	False
DPA1:HLA-DPA1_nov_a6308283	6.670703309821894e-06	0.00018338529249954584	0.006438856854935488	0.0009804858559650403	0.007542258335349921	1.3973898468176043	False
DPA1:HLA-DPA1_nov_a6494e1a	6.670703309822021e-06	0.00018338529249954061	0.00941940646336639	0.0011564927345990537	0.007991796043766024	0.5909730946714781	False
DPA1:HLA-DPA1_nov_a746d316	2.6674255569878803e-05	0.00018338529249945767	0.0029592737090720894	0.00035297683732634787	0.00501224176501179	1.4732641351906588	False
DPA1:HLA-DPA1_nov_a82650b9	2.0007831094755926e-05	0.00018338529249956607	9.413062024942503e-05	0.00017466511140791478	0.004666958051516546	0.7622318739809014	False
DPA1:HLA-DPA1_nov_a8fbe1b2	6.670703309822025e-06	0.00018338529249954048	0.0019992124534747007	0.0001370299002949169	0.004585151829931243	0.599443999048805	False
DPA1:HLA-DPA1_nov_aa71014f	6.670703309821865e-06	0.00018338529249954712	8.77659142957475e-05	2.7012642544105228e-05	0.00022926875875226303	1.3973898468176043	False
DPA1:HLA-DPA1_nov_aa885c18	6.6707033098220425e-06	0.00018338529249953977	0.00016209904153918734	0.00011712682302250795	0.003317356408193069	0.6880876388067217	False
DPA1:HLA-DPA1_nov_ac59e1e1	6.6707033098218095e-06	0.0001833852924995494	0.00116078808898817	0.00018945060924460471	0.004255499826194973	0.599443999048805	False
DPA1:HLA-DPA1_nov_ac5ed825	6.670703309822094e-06	0.00018338529249953758	0.002996294556397377	0.0006271912031423783	0.0016910298775106238	1.3973898468176043	False
DPA1:HLA-DPA1_nov_ac6124a7	6.670703309822477e-06	0.00018338529249952175	0.006660870528612316	0.0007834361500651253	0.004953085730562299	0.5909730946714781	False
DPA1:HLA-DPA1_nov_ac891a9e	6.670703309822485e-06	0.00018338529249952142	0.005424859345181356	0.0005912333754132438	0.0043179774381628695	0.5909730946714782	False
DPA1:HLA-DPA1_nov_adff0598	6.670703309821834e-06	0.00018338529249954834	0.005164613762483969	0.0005539824254475295	0.00501953568489113	0.5909730946714781	False
DPA1:HLA-DPA1_nov_ae42d81d	6.670703309822136e-06	0.00018338529249953584	0.006777043214581851	0.0007893951814148863	0.004944549889845404	0.5909730946714781	False
DPA1:HLA-DPA1_nov_ae6f8f07	6.670703309821926e-06	0.00018338529249954452	0.004778825753118416	0.0007476806908729655	0.007883676113968487	1.3973898468176043	False
DPA1:HLA-DPA1_nov_ae9428ba	6.670703309822389e-06	0.00018338529249952533	0.0011743120389842493	3.3095827818213535e-05	0.00290009475438823	0.6880876388067214	False
DPA1:HLA-DPA1_nov_af3a3c82	3.333925376674781e-05	0.00018338529249957767	0.0027097031226547483	0.0002450262188792717	0.00016654138795486594	0.9807399600304396	False
DPA1:HLA-DPA1_nov_b088653a	6.670703309821817e-06	0.00018338529249954907	0.00011269686837736113	0.0001357187054175962	0.0036538270262525293	0.6880876388067214	False
DPA1:HLA-DPA1_nov_b094ac35	6.670703309822513e-06	0.0001833852924995202	0.002400927199699376	0.0003098185067391133	0.0006155035574480594	0.5909730946714781	False
DPA1:HLA-DPA1_nov_b0a1a0a9	6.670703309821972e-06	0.00018338529249954275	0.0015720690975362841	0.00023000334618001347	0.002327973434288854	1.694139745722015	False
DPA1:HLA-DPA1_nov_b14ee411	2.667425556987613e-05	0.0001833852924994833	0.003110763417499048	0.0003574043606463672	0.003016806313039006	6.797261301573056	False
DPA1:HLA-DPA1_nov_b174c165	6.670703309822411e-06	0.00018338529249952449	0.00839894260266048	0.0010250478769333674	0.007102912041558807	0.5909730946714782	False
DPA1:HLA-DPA1_nov_b1dcbf38	6.670703309822541e-06	0.000183385292499519	0.0037951642408514783	0.0004095071330316844	0.0010295487695190831	0.6880876388067213	False
DPA1:HLA-DPA1_nov_b35a14f7	6.670703309822505e-06	0.00018338529249952058	0.0013809066244186434	0.0003756061229303718	0.004234242717822196	0.5909730946714781	False
DPA1:HLA-DPA1_nov_b4529d6c	6.6707033098223245e-06	0.00018338529249952804	0.006229466210887963	0.0007275846963208617	0.004089010143403708	0.5909730946714781	False
DPA1:HLA-DPA1_nov_b53714f7	6.67070330982249e-06	0.00018338529249952118	0.001451656368123742	0.00032215400580777847	0.0030325667309199465	0.599443999048805	False
DPA1:HLA-DPA1_nov_b99c4a95	6.6707033098221805e-06	0.00018338529249953395	0.004326068430079414	0.000687526887989645	0.0028944805770690463	1.3973898468176043	False
DPA1:HLA-DPA1_nov_b9c404d7	6.670703309822506e-06	0.00018338529249952053	0.0013632436197270243	0.0001789539410155117	0.0020102475269393816	1.6941397457220146	False
DPA1:HLA-DPA1_nov_bb490eb9	6.6707033098218815e-06	0.00018338529249954641	0.0033044750913239756	0.00016978651035702018	0.0012729046194282488	1.6941397457220144	False
DPA1:HLA-DPA1_nov_bd07442f	6.670703309822316e-06	0.00018338529249952842	0.0015823842159956934	0.0001239292464664577	0.00239850892653212	0.599443999048805	False
DPA1:HLA-DPA1_nov_bdbcf9d8	6.670703309822491e-06	0.00018338529249952115	0.0026910605364938943	0.0006969351255836431	0.0043545322328352835	0.6880876388067214	False
DPA1:HLA-DPA1_nov_c1580734	6.670703309822042e-06	0.0001833852924995398	0.0006156343502352628	0.00020303980251335397	0.002143197514417769	0.0	False
DPA1:HLA-DPA1_nov_c22626ee	6.670703309822493e-06	0.0001833852924995211	0.005188009676093564	0.0005742797885912623	0.0024051279986017243	0.5909730946714781	False
DPA1:HLA-DPA1_nov_c3c72a32	6.670703309822377e-06	0.0001833852924995259	0.004279933594920521	0.00048411536148839566	0.0021705723162693705	0.5909730946714781	False
DPA1:HLA-DPA1_nov_c418b88a	6.67070330982214e-06	0.00018338529249953565	0.0038917562582149985	0.0004351739770771191	0.0040628277225427	0.5909730946714782	False
DPA1:HLA-DPA1_nov_c45e52e0	6.670703309822316e-06	0.00018338529249952842	0.0015823842159956934	0.0001239292464664577	0.00239850892653212	0.599443999048805	False
DPA1:HLA-DPA1_nov_c58b9084	6.670703309822457e-06	0.0001833852924995226	0.0018032237601093948	0.00017786629835955895	0.0050862875379746155	0.5994439990488052	False
DPA1:HLA-DPA1_nov_c5a9434c	6.67070330982252e-06	0.00018338529249951993	0.003339312121907937	0.0006702519890847309	0.004006917925763855	0.6880876388067215	False
DPA1:HLA-DPA1_nov_c5fdba89	6.670703309822549e-06	0.00018338529249951874	0.0013308295197632784	0.0001850627954030938	0.00031664252245476544	0.5994439990488052	False
DPA1:HLA-DPA1_nov_c646cc6a	6.670703309821884e-06	0.0001833852924995463	0.0029580316010237116	0.0004839051470479489	0.0024815644780998548	1.3973898468176043	False
DPA1:HLA-DPA1_nov_c670c5b7	6.6707033098225405e-06	0.00018338529249951912	0.0007133074149549781	3.0394441010819013e-05	0.004446423601544354	0.5994439990488051	False
DPA1:HLA-DPA1_nov_c68cf1bb	6.670703309821879e-06	0.00018338529249954647	0.0017420888356329514	0.00011324390275887751	0.0016150828860230133	0.5909730946714781	False
DPA1:HLA-DPA1_nov_c691cbad	6.670703309822274e-06	0.00018338529249953012	0.0033857779664886066	0.0001298345164529199	0.001909396777600011	1.6941397457220144	False
DPA1:HLA-DPA1_nov_ca6b3ec6	6.670703309822031e-06	0.0001833852924995403	0.004428490102592974	0.0005213174137001096	0.002808020747642335	0.5909730946714782	False
DPA1:HLA-DPA1_nov_cc446760	6.670703309821821e-06	0.00018338529249954888	0.0034040226933430917	0.0005036968612418479	0.0021659955138851753	1.6941397457220146	False
DPA1:HLA-DPA1_nov_cf459859	6.670703309822478e-06	0.00018338529249952175	0.0012604445276514333	0.00021807493495002537	0.005226323119359197	0.5994439990488051	False
DPA1:HLA-DPA1_nov_d096b428	6.67070330982242e-06	0.00018338529249952403	0.0012518609040772337	0.00020911070471115017	0.004026089742093629	1.694139745722015	False
DPA1:HLA-DPA1_nov_d10c2998	6.670703309822532e-06	0.00018338529249951944	0.001306895395548709	0.00023187576068926745	0.0018562240387442796	0.5909730946714781	False
DPA1:HLA-DPA1_nov_d1e29635	6.6707033098218485e-06	0.00018338529249954774	0.0014708740357580485	0.00017081606621609835	0.0030233718917667585	4.683899434417873	False
DPA1:HLA-DPA1_nov_d3225ffe	6.67070330982204e-06	0.00018338529249953983	0.00648774920249264	0.0007463379150951805	0.004596651615251341	0.5909730946714781	False
DPA1:HLA-DPA1_nov_d5e80ed5	6.670703309822185e-06	0.00018338529249953378	0.0035223461299101863	0.00022867950095875427	0.000256543112943413	1.694139745722015	False
DPA1:HLA-DPA1_nov_d756b4a8	1.333998034141023e-05	0.00018338529249954308	0.000988124014766362	0.00016570564091390237	0.004966720012075259	0.8426677110455663	False
DPA1:HLA-DPA1_nov_d782a0f2	6.67070330982182e-06	0.000183385292499549	0.0012070229519366633	0.0003169394442163789	0.004420751339859317	0.599443999048805	False
DPA1:HLA-DPA1_nov_d784f85d	0.00013314307333157666	0.0001833852924995703	0.010958092564578742	0.0009599539824162858	0.0022091969073825316	1.6109041344903972	False
DPA1:HLA-DPA1_nov_d7938be2	6.670703309822118e-06	0.00018338529249953657	0.0007569850981237431	0.00016144457935482313	0.004149000640597503	0.599443999048805	False
DPA1:HLA-DPA1_nov_d88ae97a	6.670703309821926e-06	0.00018338529249954452	0.006903063319553267	0.0007912008474865515	0.00554351859544008	0.6880876388067217	False
DPA1:HLA-DPA1_nov_d8c3a19e	6.670703309822423e-06	0.00018338529249952392	0.0015794464678538362	5.216412787295922e-05	0.0014462296548817747	0.5909730946714781	False
DPA1:HLA-DPA1_nov_d9bda21f	6.670703309821925e-06	0.00018338529249954468	0.0041304673043893935	0.00041273015051930556	0.0015270931008293642	0.5909730946714782	False
DPA1:HLA-DPA1_nov_dbc41ba8	0.0003911311332177099	0.00018338529249956325	0.03419616551450344	0.0036868783769959577	0.02345932519145537	14.39969778620137	False
DPA1:HLA-DPA1_nov_dc9c5923	6.670703309822258e-06	0.00018338529249953075	0.002705207188588063	4.795868673229415e-05	0.00017822387631845165	1.6941397457220146	False
DPA1:HLA-DPA1_nov_dd67b71b	6.670703309822032e-06	0.00018338529249954023	0.004171571215593877	0.00045408602737207507	0.0033540001667096003	0.5909730946714782	False
DPA1:HLA-DPA1_nov_de547324	1.3339980341409236e-05	0.00018338529249959268	0.0003089770486051289	0.00040902315117424164	0.0022030855208668024	2.98759045756232	False
DPA1:HLA-DPA1_nov_de92fc1a	3.3339253766747606e-05	0.00018338529249956243	0.006281742864400387	0.0005563744346228476	0.005988310997891839	0.7617715763219032	False
DPA1:HLA-DPA1_nov_deaea853	6.670703309822321e-06	0.00018338529249952817	0.004205986272139457	0.00042309831287486236	0.003894261902759538	0.5909730946714781	False
DPA1:HLA-DPA1_nov_df08fa01	6.670703309822248e-06	0.00018338529249953118	0.002471687135509368	0.0004812157107283247	0.004919942675454198	0.5909730946714782	False
DPA1:HLA-DPA1_nov_e012b03a	6.670703309822376e-06	0.00018338529249952592	0.0015836590096205128	0.00029482735236240895	0.004160465287570625	0.6880876388067214	False
DPA1:HLA-DPA1_nov_e0fc69ba	1.3339980341408696e-05	0.00018338529249956184	8.619440962011128e-05	0.00010044135117858282	0.001571718224610712	0.39525281868272705	False
DPA1:HLA-DPA1_nov_e1ba4007	1.3339980341410058e-05	0.00018338529249948724	0.005737142773551801	0.0005895527576009711	0.0031960336913652273	1.1824474387871216	False
DPA1:HLA-DPA1_nov_e25a819b	6.670703309821852e-06	0.00018338529249954763	0.002700049054067276	0.0004531361834539655	0.00014524445461463963	4.683899434417873	False
DPA1:HLA-DPA1_nov_e2e5d6a2	6.670703309822025e-06	0.00018338529249954048	0.0013352135525634063	0.00010529087855385518	0.0008178314281060403	0.6880876388067214	False
DPA1:HLA-DPA1_nov_e385516c	6.6707033098222e-06	0.00018338529249953321	0.00483351220023725	0.0002607261955793237	0.0012101301928843721	1.6941397457220149	False
DPA1:HLA-DPA1_nov_e43691ec	6.670703309822532e-06	0.00018338529249951944	0.004071330928835938	0.00046677157006790406	0.002964829085589571	0.5909730946714781	False
DPA1:HLA-DPA1_nov_e4f657d8	6.670703309822508e-06	0.00018338529249952045	0.0004300433717165142	8.151534639210067e-05	0.001614854438262571	0.6880876388067217	False
DPA1:HLA-DPA1_nov_e5e3c50a	6.670703309822538e-06	0.00018338529249951923	0.007521492878786519	0.0008746634403683277	0.0061940179101780445	0.6880876388067214	False
DPA1:HLA-DPA1_nov_e651880f	6.670703309822401e-06	0.00018338529249952487	0.0025621053198643046	0.00022509949176114388	0.0008319777558245856	0.6880876388067216	False
DPA1:HLA-DPA1_nov_e8149e8e	6.670703309822449e-06	0.0001833852924995229	0.0017810469611219495	0.00032878730869633703	0.0031607958571135773	0.5994439990488051	False
DPA1:HLA-DPA1_nov_e9fa0872	6.6707033098218705e-06	0.00018338529249954687	0.0009796253452353288	0.00010382672221228712	0.0016564640471643805	1.6941397457220146	False
DPA1:HLA-DPA1_nov_eab73694	6.670703309821929e-06	0.00018338529249954444	0.005389780472923747	0.0006042881234839706	0.0029581024911255528	0.5909730946714782	False
DPA1:HLA-DPA1_nov_ec0adaad	6.670703309822331e-06	0.00018338529249952774	0.004901944072028817	0.0005399032052945857	0.0036033871029386754	0.5909730946714782	False
DPA1:HLA-DPA1_nov_ec607c63	6.670703309821996e-06	0.00018338529249954167	0.005855122106425447	8.516617538468885e-05	0.0026540781770370797	1.6941397457220146	False
DPA1:HLA-DPA1_nov_ecc74753	6.670703309822417e-06	0.00018338529249952422	0.006230800755370747	0.0007412949970432411	0.004740329938034885	0.5909730946714782	False
DPA1:HLA-DPA1_nov_ececad2f	6.670703309822164e-06	0.00018338529249953468	1.3905327485761006e-05	6.91554983025181e-05	0.0035419063654831984	4.683899434417871	False
DPA1:HLA-DPA1_nov_ee5644f1	6.670703309821855e-06	0.00018338529249954753	0.0007717590352509186	0.00019480918027904695	0.0022706822243303442	0.5994439990488051	False
DPA1:HLA-DPA1_nov_eeefd4e3	6.670703309821961e-06	0.0001833852924995431	0.004044297859401329	0.00041923267346968346	0.0003033274498333345	4.683899434417871	False
DPA1:HLA-DPA1_nov_ef0963ed	6.670703309821951e-06	0.00018338529249954357	0.003887121869322835	0.0003831098918069893	0.0005310074699120158	0.5909730946714782	False
DPA1:HLA-DPA1_nov_ef0b2555	6.67070330982242e-06	0.00018338529249952403	0.00535201802587948	0.0006949519469417153	0.0026906780560110636	0.6880876388067216	False
DPA1:HLA-DPA1_nov_f060a383	6.670703309822096e-06	0.0001833852924995375	0.005183132503390289	0.0005686458543518062	0.003899171664355768	0.5909730946714782	False
DPA1:HLA-DPA1_nov_f1a0c5a1	2.667425556987407e-05	0.00018338529249952275	0.008678504185440075	0.0009224399480797159	0.005392638558967366	1.202549823977856	False
DPA1:HLA-DPA1_nov_f2610691	6.670703309821775e-06	0.00018338529249955083	0.004340784466046065	0.0006414988209737961	0.004181736208652482	1.3973898468176045	False
DPA1:HLA-DPA1_nov_f2abe8df	6.670703309822128e-06	0.00018338529249953622	0.0010086700170280837	5.5218069821003714e-05	0.000772405909622957	0.5994439990488049	False
DPA1:HLA-DPA1_nov_f6094b84	6.670703309822373e-06	0.00018338529249952606	0.0016842250366176747	0.0003879110693813676	0.0035159181662450427	0.599443999048805	False
DPA1:HLA-DPA1_nov_f6a73cdb	6.670703309822108e-06	0.00018338529249953706	0.0006740307633230951	1.8293302794565967e-05	0.004404983898562774	0.599443999048805	False
DPA1:HLA-DPA1_nov_f7ba555d	6.6707033098222195e-06	0.0001833852924995324	0.0014178393857447774	0.00027131287726475434	0.0020296671733373915	1.6941397457220146	False
DPA1:HLA-DPA1_nov_f8016426	6.670703309822444e-06	0.0001833852924995231	0.0012972124992317018	0.00016849459994983787	0.0014193275269079215	1.6941397457220149	False
DPA1:HLA-DPA1_nov_fa2c49a5	6.670703309822216e-06	0.00018338529249953248	0.001897246167944357	0.0002755328543196958	0.0045038300092259025	4.683899434417871	False
DPA1:HLA-DPA1_nov_fa7b0a73	2.0007831094754076e-05	0.00018338529249957897	0.0014862910479177525	1.9003186691660233e-05	0.006068799525083561	1.794306118781354	False
DPA1:HLA-DPA1_nov_fcbc1d78	6.670703309822273e-06	0.00018338529249953012	0.006276170062618913	0.0006196889784594126	0.007708006080536493	1.6941397457220144	False
DPA1:HLA-DPA1_nov_fe4210c4	6.670703309822311e-06	0.0001833852924995286	0.0018675257759784415	0.0003594991218331814	0.0028019334902947665	0.6880876388067217	False
DPB1:HLA-DPB1*01:01:01:01	0.0034912338821589672	0.00018338529249957515	0.07083729574601577	0.006984030853310954	0.011942664087537448	66.95003344640618	False
DPB1:HLA-DPB1*01:01:01:02	0.004326341183517124	0.0001833852924995401	0.11867458184554933	0.013062011278954113	0.07962114777554007	234.84761385344953	False
DPB1:HLA-DPB1*01:01:01:03	0.0009984347009978998	0.00018338529249959843	0.05635742108371061	0.006557368814123389	0.03490710524967717	56.55169930455335	False
DPB1:HLA-DPB1*01:01:01:04	9.326005501801918e-05	0.00018338529249955652	0.012291085317116354	5.1731640197461995e-05	0.001128862297940508	24.03517190689979	False
DPB1:HLA-DPB1*01:01:01:09	0.0008378386241797873	0.00018338529249954517	0.05945020989534656	0.006489304821263275	0.0816173747862247	133.52298047293752	False
DPB1:HLA-DPB1*01:01:01:10	3.333925376674773e-05	0.00018338529249959352	0.01547319247116125	0.001723058295386455	0.021889197261371354	7.010959368913067	False
DPB1:HLA-DPB1*01:01:01:12	0.0002591005569101197	0.00018338529249958835	0.004399188600639381	0.00017754363604892133	0.012086362078602773	4.098027733245812	False
DPB1:HLA-DPB1*01:01:01:13	4.0002825685390923e-05	0.00018338529249950833	0.005860959847977419	0.0008082714688275412	0.004418488289681817	1.3198936438017337	False
DPB1:HLA-DPB1*01:01:01:16	0.0003713629168664594	0.0001833852924996039	0.03301398241296061	0.0035094677621153297	0.019056019564483734	16.87739764280538	False
DPB1:HLA-DPB1*01:01:01:17	0.00013314307333158555	0.00018338529249956224	0.014580923084230207	0.0009576025631775519	0.002381776663506281	30.803479585470136	False
DPB1:HLA-DPB1*01:01:01:23	6.6707033098220586e-06	0.0001833852924995391	0.00424051194508071	0.0005614280998409298	0.0028329400687638544	4.683899434417869	False
DPB1:HLA-DPB1*01:01:02:01	0.0009786308276911958	0.00018338529249955837	0.053824651274336915	0.005866122546234332	0.031720785494313994	52.12763477459443	False
DPB1:HLA-DPB1*01:01:02:02	5.332569068796084e-05	0.00018338529249959648	0.00617158625120659	0.0006581462516793501	0.00257679537198909	0.9105135560723189	False
DPB1:HLA-DPB1*02:01:02:01	0.004110473972496454	0.0001833852924995783	0.030138550217187865	0.003751589261293381	0.03906494996026836	31.404557870895864	False
DPB1:HLA-DPB1*02:01:02:02	0.0006864078113058801	0.00018338529249958366	0.04406540333541624	0.0048572775752738105	0.027853981794243293	35.10722501732775	False
DPB1:HLA-DPB1*02:01:02:03	0.0006079938864465035	0.00018338529249959209	0.02525588796540216	0.0026435823838521677	0.01386916833088843	9.04166483760808	False
DPB1:HLA-DPB1*02:01:02:04	0.0019062821923920392	0.0001833852924995694	0.019367742027530464	0.0027868272229748373	0.037946357348762144	19.041861009704586	False
DPB1:HLA-DPB1*02:01:02:05	0.0014246907883341973	0.00018338529249953554	0.023495431371759884	0.0036201183056183994	0.022929123603859555	17.733168390914884	False
DPB1:HLA-DPB1*02:01:02:06	0.0002524840521733479	0.00018338529249954118	0.0004977431090961755	0.0006301144691064685	0.01185665391798227	6.406225707693391	False
DPB1:HLA-DPB1*02:01:02:07	0.00037151980747251177	0.00018338529249951963	0.00509160946949867	0.0012043607262016381	0.01931429178397312	3.2559937018615175	False
DPB1:HLA-DPB1*02:01:02:08	7.329929110504479e-05	0.0001833852924996301	0.016651761674131474	0.0018206052699006692	0.00898140944469286	5.089152812072205	False
DPB1:HLA-DPB1*02:01:02:09	0.0006926363683628118	0.0001833852924995418	0.0417409762489458	0.004477817909435981	0.023790326122846865	28.69846368201283	False
DPB1:HLA-DPB1*02:01:02:10	0.00044378362057816986	0.0001833852924995732	0.0007404069937380425	0.0008158540271302133	0.02216196623087685	5.566514120744155	False
DPB1:HLA-DPB1*02:01:02:11	0.00019287132702104054	0.00018338529249949592	0.02902249508130488	0.004021684451014756	0.028738748933552143	28.037075226748723	False
DPB1:HLA-DPB1*02:01:02:12	6.664285057759279e-05	0.00018338529249952774	1.3574377924738215e-05	0.0001693445236555337	0.0033928212861932473	1.9354206938863383	False
DPB1:HLA-DPB1*02:01:02:15	1.333998034140873e-05	0.00018338529249953145	0.0004937152126687084	0.0001465828518418312	0.005977127268368673	0.4438038458086559	False
DPB1:HLA-DPB1*02:01:02:17	5.332569068796199e-05	0.00018338529249957536	0.005965364560014676	0.0008325049220867822	0.0002337103028811822	2.946005643198128	False
DPB1:HLA-DPB1*02:01:02:18	0.00021938013431550656	0.00018338529249953714	0.02720690234038391	0.002941855027693127	0.018878393440437426	18.20037595263318	False
DPB1:HLA-DPB1*02:01:02:19	0.00011985443900665821	0.00018338529249963106	0.023794554588454437	0.0026525610684650014	0.01589472302385696	6.766007308662015	False
DPB1:HLA-DPB1*02:01:02:21	0.0001132079824268782	0.0001833852924995456	0.003520480400719175	0.0005109276785292956	0.008575984377957705	3.0872374601127253	False
DPB1:HLA-DPB1*02:01:02:22	5.3325690687962344e-05	0.00018338529249959466	0.0004592317929725761	0.0003336416645795527	0.0054082065052973305	0.9724624093887209	False
DPB1:HLA-DPB1*02:01:02:26	0.00033852999187354945	0.0001833852924996179	0.007792675803745686	0.00045662805539391335	0.0038846979718825357	5.857877962466236	False
DPB1:HLA-DPB1*02:01:02:27	4.000282568539091e-05	0.0001833852924995305	0.0019235272240324841	6.475516404539024e-05	0.007120528030640402	0.797546927168602	False
DPB1:HLA-DPB1*02:01:02:28	0.00031198124878853217	0.00018338529249952798	0.007927655665271219	0.0009639007451277278	0.006387839359493449	20.37233552223675	False
DPB1:HLA-DPB1*02:01:02:29	2.0007831094756115e-05	0.00018338529249954636	0.01376911444824329	0.0020868808892554585	0.016569488200977714	4.199360225770915	False
DPB1:HLA-DPB1*02:01:02:30	1.3339980341409362e-05	0.00018338529249958593	0.010794632227948455	0.0016456298277562457	0.013198759035730171	2.797174534846549	False
DPB1:HLA-DPB1*02:01:02:32	0.0002924013011644971	0.00018338529249957637	0.02378611236375797	0.0038570998552329146	0.01662147857846839	18.643827133538178	False
DPB1:HLA-DPB1*02:01:02:34	4.666497132580205e-05	0.00018338529249950925	0.0008530665104978352	0.00017668248459812365	0.008127337494023675	2.8296920277873454	False
DPB1:HLA-DPB1*02:01:02:35	0.0003383873640499458	0.00018338529249962475	0.003944806489855116	0.0009489108459792076	0.02910627923902929	17.57929982116631	False
DPB1:HLA-DPB1*02:01:02:37	4.666497132580028e-05	0.00018338529249952912	0.000987166093446541	0.00015947157039635645	0.004734474805647758	2.815485743137415	False
DPB1:HLA-DPB1*02:01:02:44	5.3325690687960915e-05	0.00018338529249956438	0.0068950776070108594	0.0005948158542945257	0.0003979595018293995	1.2855791190820216	False
DPB1:HLA-DPB1*02:01:02:49	0.00013978525107672274	0.00018338529249953194	0.01283018868125051	0.0011818327993524296	0.0014189716034343363	2.412257110575052	False
DPB1:HLA-DPB1*02:01:02:50	9.326005501800676e-05	0.0001833852924995749	0.015421099700834582	0.0016744321951766652	0.010383290498577146	3.877184977161455	False
DPB1:HLA-DPB1*02:01:02:51	3.333925376674759e-05	0.00018338529249953592	0.00039684834855078697	0.00020633662419038067	0.007962885767056463	0.5085277330061709	False
DPB1:HLA-DPB1*02:01:02:52	0.0003053761542775503	0.00018338529249955072	0.018868076654725587	0.0010341203171201543	0.006795338665860686	67.00033875692571	False
DPB1:HLA-DPB1*02:01:02:54	1.3339980341410263e-05	0.0001833852924995248	0.007919381184858318	0.0008832149021497014	0.006221072617664927	1.1824474387871216	False
DPB1:HLA-DPB1*02:01:02:57	3.333925376674775e-05	0.00018338529249955316	0.004218110070040669	0.0008192781398720118	0.002411655016667923	1.0955010062161399	False
DPB1:HLA-DPB1*02:01:02:58	6.670703309822324e-06	0.0001833852924995281	0.0014341016470783288	0.00029581970372238766	0.003896236067138447	0.599443999048805	False
DPB1:HLA-DPB1*02:01:02:70	6.670703309822506e-06	0.00018338529249952053	0.003013908887288418	0.0004971796924439954	0.002084945156875267	0.6880876388067212	False
DPB1:HLA-DPB1*02:01:02:71	2.6674255569873718e-05	0.00018338529249953042	0.002011052388047644	2.9691025946527913e-05	0.005577714468000903	2.4008619369882642	False
DPB1:HLA-DPB1*02:01:02:72	6.67070330982244e-06	0.0001833852924995233	0.0006828090049839725	7.841696683694857e-05	0.0037817972377375444	0.599443999048805	False
DPB1:HLA-DPB1*02:01:02:73	5.9984983771892854e-05	0.00018338529249959306	0.0001220925689945914	0.00020331881095655136	0.006592353121105329	18.32605334291003	False
DPB1:HLA-DPB1*02:01:02:75	2.6674255569877834e-05	0.00018338529249954116	0.001325997025404647	5.0370492016775447e-05	0.004348539620648633	2.4197419078601197	False
DPB1:HLA-DPB1*02:01:02:77	6.670703309821948e-06	0.0001833852924995437	0.0013219815062605427	0.0003909245644311512	0.004281443647699885	0.6880876388067215	False
DPB1:HLA-DPB1*02:01:02:79	1.3339980341410607e-05	0.00018338529249962564	0.0031253483499801915	0.0002653138126022474	0.0012795666142494473	0.4438038458086558	False
DPB1:HLA-DPB1*02:01:02:82	6.670703309822401e-06	0.00018338529249952487	0.0025621053198643046	0.00022509949176114388	0.0008319777558245856	0.6880876388067216	False
DPB1:HLA-DPB1*02:01:02:84	6.670703309822509e-06	0.0001833852924995204	0.00019398933528970295	3.311067175919045e-05	0.0010974474285487422	0.599443999048805	False
DPB1:HLA-DPB1*02:01:02:85	6.6707033098225e-06	0.00018338529249952077	0.0018996597742003993	0.00034036340328919235	0.004473563845189923	0.6880876388067213	False
DPB1:HLA-DPB1*02:01:02:86	3.333925376674775e-05	0.0001833852924995756	0.012136263585742935	0.0016600949961683824	0.013357252117089454	8.505237765220107	False
DPB1:HLA-DPB1*02:01:02:89	0.00034498532716979534	0.0001833852924995334	0.018200061968264156	0.0027971799338164125	0.006570813002459058	9.468749247880023	False
DPB1:HLA-DPB1*02:01:02:90	7.329929110503994e-05	0.00018338529249964792	0.020726757612442002	0.0030302173291923457	0.02627431538109981	15.504028283171479	False
DPB1:HLA-DPB1*02:01:02:91	6.670703309822081e-06	0.00018338529249953815	0.0003887024047253986	0.0001007709962662884	0.0011850923104268127	0.6880876388067214	False
DPB1:HLA-DPB1*02:01:04	2.667425556987697e-05	0.0001833852924995398	0.0005339442469220816	0.0003324756651046167	0.004980036262901788	2.7562862328559046	False
DPB1:HLA-DPB1*02:01:19:01	0.0009276727588748262	0.0001833852924995334	0.056322987417834335	0.006675832423459264	0.034798694663645345	41.21115321528555	False
DPB1:HLA-DPB1*02:01:19:02	6.6707033098219425e-06	0.0001833852924995439	0.0005412156538433749	0.0002515138787403535	0.0008380075938960851	0.5909730946714781	False
DPB1:HLA-DPB1*02:01:22	6.670703309821817e-06	0.00018338529249954907	0.002077897388681473	0.0002199521579513697	0.0004901616394403979	4.683899434417872	False
DPB1:HLA-DPB1*02:02:01:01	0.00033178797465197057	0.00018338529249957368	0.0031673349056793305	0.0005066327649205086	0.014781140936609661	6.822097616164525	False
DPB1:HLA-DPB1*02:02:01:02	0.0004108865130646909	0.00018338529249953576	0.05240459297312523	0.0077794274081671565	0.062206935998861686	91.41227023228872	False
DPB1:HLA-DPB1*02:02:01:03	5.9984983771892664e-05	0.00018338529249958924	0.02421160573245645	0.0037259935063867484	0.0318679245654776	12.663243163574705	False
DPB1:HLA-DPB1*02:02:01:04	6.670703309822376e-06	0.00018338529249952592	0.0017859996278673355	0.00010332475730585403	0.002607295211895886	0.6880876388067214	False
DPB1:HLA-DPB1*02:02:01:05	4.000282568539086e-05	0.0001833852924995436	0.007734525913871808	0.0012911448966786453	0.0006586969585357683	3.598892491934132	False
DPB1:HLA-DPB1*02:02:01:08	1.333998034141013e-05	0.00018338529249949288	0.008951958660663064	0.0013302807329167044	0.008624306578410085	2.797174534846549	False
DPB1:HLA-DPB1*02:02:01:10	6.664285057759346e-05	0.00018338529249952625	0.023270156560984172	0.0029733447369134857	0.02786333581559652	11.197372654619517	False
DPB1:HLA-DPB1*03:01:01:01	0.004080061441670192	0.00018338529249957894	0.02186877672480169	0.004471602808094562	0.0297963085498919	16.262063548887	False
DPB1:HLA-DPB1*03:01:01:02	4.000282568539097e-05	0.00018338529249951869	0.006202756988598907	0.0004963340375190473	0.000820788031336488	4.807425698442695	False
DPB1:HLA-DPB1*03:01:01:03	0.00011985443900665963	0.00018338529249962632	0.0007257572552900683	0.000429742497391767	0.012243489865550104	4.2076655101453895	False
DPB1:HLA-DPB1*03:01:01:04	9.991079043253722e-05	0.00018338529249953088	0.002208647679150216	0.0007689520674804313	0.009428753715463428	4.713738754996556	False
DPB1:HLA-DPB1*03:01:01:06	6.670703309821964e-06	0.000183385292499543	0.0025322426920592663	0.0003909935443144721	0.0005821021219285502	0.5994439990488051	False
DPB1:HLA-DPB1*03:01:01:08	3.3339253766747735e-05	0.00018338529249958732	0.015360344550187031	0.0018625689216457502	0.018465240515209154	7.010959368913069	False
DPB1:HLA-DPB1*03:01:01:09	5.3325690687962155e-05	0.00018338529249957344	0.012697449371472772	0.002208494348240364	0.01584243077470164	8.319790435388509	False
DPB1:HLA-DPB1*03:01:01:13	1.3339980341409168e-05	0.00018338529249951907	0.0023211574758574918	0.0004798067049798686	0.005276678929658064	1.1994018806514455	False
DPB1:HLA-DPB1*03:01:01:14	1.3339980341409482e-05	0.00018338529249959257	0.007194843014658292	0.0012044725769360868	0.00034763002279875207	0.4438038458086559	False
DPB1:HLA-DPB1*03:01:01:17	2.0007831094753395e-05	0.00018338529249960211	0.0002755558756612546	0.00019401621345460757	0.004418617437469697	0.5937616151521612	False
DPB1:HLA-DPB1*03:01:01:19	6.6707033098221475e-06	0.00018338529249953536	0.0021052600822416565	0.0003243573665440296	0.004689824378932874	0.5994439990488051	False
DPB1:HLA-DPB1*03:01:01:22	2.0007831094753645e-05	0.00018338529249960277	0.001537997990266924	4.3489966442077546e-05	0.0022928661445486354	0.987373732702319	False
DPB1:HLA-DPB1*04:01:01:01	0.014359686556015648	0.00018338529249955617	0.03263571202263199	0.0016946633085645338	0.10146394077997255	120.60542264562055	False
DPB1:HLA-DPB1*04:01:01:02	0.00035874748586906994	0.0001833852924995277	0.0011899834486413488	6.388875712441039e-05	0.012943301138604778	3.106678330484439	False
DPB1:HLA-DPB1*04:01:01:03	0.0023410360454585014	0.00018338529249953763	0.012025850842812245	0.0023503985755801123	0.057745812180202014	51.40074110828893	False
DPB1:HLA-DPB1*04:01:01:04	0.00389449836433103	0.00018338529249953156	0.02399677583660303	0.002688243329119851	0.025711718636074164	31.55259036903273	False
DPB1:HLA-DPB1*04:01:01:05	0.0014159477027471516	0.00018338529249957084	0.0013972073148227225	0.0009775780323390039	0.04120433124166347	31.395212154698243	False
DPB1:HLA-DPB1*04:01:01:06	0.001478219010531776	0.0001833852924994939	0.00873713695477805	0.0009315908357341362	0.023543824162026408	8.70109552583834	False
DPB1:HLA-DPB1*04:01:01:08	6.670703309822061e-06	0.00018338529249953896	0.00396102117394928	0.00045087781222601515	0.0026536408022063015	0.5909730946714782	False
DPB1:HLA-DPB1*04:01:01:09	2.0007831094753385e-05	0.00018338529249961087	0.009221263223745021	0.0010154853755012033	0.0037231368429853345	0.7509329605986618	False
DPB1:HLA-DPB1*04:01:01:10	0.0003317879746520061	0.00018338529249955633	0.0076986707365222454	0.0011244113501530325	0.025925134246288884	17.218221300578698	False
DPB1:HLA-DPB1*04:01:01:102	2.000783109475215e-05	0.00018338529249961065	0.007179039903060381	0.0008002629546102249	0.0032396611092505765	1.7744236703394358	False
DPB1:HLA-DPB1*04:01:01:107	1.333998034140832e-05	0.00018338529249954885	0.00018369726837267654	0.00019105771958060106	0.006180866545196429	0.4438038458086558	False
DPB1:HLA-DPB1*04:01:01:108	6.6707033098221145e-06	0.00018338529249953676	0.0013378204348294927	0.00030433272747398355	0.0056073014754969485	0.599443999048805	False
DPB1:HLA-DPB1*04:01:01:109	1.333998034141058e-05	0.0001833852924995286	0.0017642517377131248	0.00037072103778923297	0.0034505677984627355	1.3768305991742118	False
DPB1:HLA-DPB1*04:01:01:110	7.329929110503949e-05	0.00018338529249964055	0.0003448815177615582	0.00036965891622545697	0.01032520455242219	1.7343824731925588	False
DPB1:HLA-DPB1*04:01:01:113	2.0007831094754062e-05	0.00018338529249959257	0.006301601303173402	0.0008547230085432598	0.0018682813143365165	2.459493372642169	False
DPB1:HLA-DPB1*04:01:01:116	2.667425556987393e-05	0.0001833852924995143	9.22642746915209e-05	0.0001083561486767192	0.0062168953768724266	0.8880092546028687	False
DPB1:HLA-DPB1*04:01:01:12	0.00011320798242689694	0.00018338529249948445	0.0007942989878872977	0.0001580719521455772	0.010027594695454353	6.343288185632925	False
DPB1:HLA-DPB1*04:01:01:130	6.670703309822277e-06	0.00018338529249952993	0.00017340703460510577	8.00249770583647e-05	0.0012351128413543983	4.683899434417872	False
DPB1:HLA-DPB1*04:01:01:134	6.670703309822337e-06	0.00018338529249952747	0.001383424112675067	0.00011322515695826107	0.00168493885108842	0.6880876388067215	False
DPB1:HLA-DPB1*04:01:01:136	4.666497132579621e-05	0.00018338529249954118	0.007141948522700036	0.0005313296255509235	0.0028871649845100184	11.931658372577418	False
DPB1:HLA-DPB1*04:01:01:138	6.670703309821947e-06	0.0001833852924995437	0.001568189839980256	0.00028916304000701706	0.0024057742598311087	1.6941397457220144	False
DPB1:HLA-DPB1*04:01:01:14	6.666852358585452e-05	0.00018338529249948692	0.00043290375859175446	0.00013920320911905927	0.0037880657103865163	0.5076228628384555	False
DPB1:HLA-DPB1*04:01:01:16	6.670703309822103e-06	0.00018338529249953723	0.0005629648061880648	0.0002039777839302098	0.0033457200413924003	0.599443999048805	False
DPB1:HLA-DPB1*04:01:01:26	0.00014648590622945692	0.00018338529249955997	0.013504379515101172	0.0023446125398988785	0.009701139191391662	10.231271045381703	False
DPB1:HLA-DPB1*04:01:01:27	2.000783109475542e-05	0.0001833852924995932	0.003478909853477456	0.0003026667478336782	0.0011991765764959876	1.7744236703394358	False
DPB1:HLA-DPB1*04:01:01:28	5.998498377189118e-05	0.00018338529249960296	0.002119296123001132	0.00044193150104638944	0.01109229703500894	2.9880557788601316	False
DPB1:HLA-DPB1*04:01:01:35	8.660789332527503e-05	0.0001833852924995194	0.0003126591943377409	0.00020484889835274098	0.010613258030151224	4.1779348506089224	False
DPB1:HLA-DPB1*04:01:01:36	0.00011985443900666138	0.00018338529249962152	0.0022651700402849246	2.144852362893432e-05	0.010355643225377957	2.9547768682904367	False
DPB1:HLA-DPB1*04:01:01:37	0.00021938013431550664	0.00018338529249953576	0.005545552443527613	0.0006230006038149317	0.015219508166248086	20.469815101844578	False
DPB1:HLA-DPB1*04:01:01:38	0.00011320798242688839	0.00018338529249951847	0.0011947221207264202	0.00027150680902782723	0.009917287437880357	3.8760860011211387	False
DPB1:HLA-DPB1*04:01:01:39	3.333925376674775e-05	0.00018338529249956346	0.0035239670989056586	0.00028661973765584266	0.0014814944445725611	1.7350428611880893	False
DPB1:HLA-DPB1*04:01:01:40	0.00017297474562866618	0.00018338529249957225	0.0015734731321957515	0.0005035427553595554	0.017554640357333246	15.754291744598385	False
DPB1:HLA-DPB1*04:01:01:41	6.664285057759359e-05	0.00018338529249955254	0.0059723304618507006	4.026340521433005e-05	0.007928280091956737	3.8626249154608785	False
DPB1:HLA-DPB1*04:01:01:43	4.0002825685390856e-05	0.00018338529249953216	0.002843967742223976	6.880113893219108e-05	0.004144322671178609	0.797546927168602	False
DPB1:HLA-DPB1*04:01:01:44	1.3339980341408186e-05	0.00018338529249954457	0.0016748826312876642	6.357162118674553e-05	0.0036712685230926288	1.199401880651445	False
DPB1:HLA-DPB1*04:01:01:46	1.3339980341410312e-05	0.000183385292499481	0.0011758087838486646	0.0003888753361827625	0.004237276350660909	0.4438038458086559	False
DPB1:HLA-DPB1*04:01:01:49	0.0007776311410028547	0.0001833852924995861	0.018131591066945646	0.0015926395709028411	0.02167171472973715	14.028320227550452	False
DPB1:HLA-DPB1*04:01:01:50	2.000783109475606e-05	0.00018338529249955162	0.009200335391215808	0.0010482522649270308	0.006816763483823381	0.8480849701594958	False
DPB1:HLA-DPB1*04:01:01:51	1.3339980341409462e-05	0.00018338529249955376	0.002036039024979313	0.00021074137699108952	0.00017243961257980227	0.7983327472301327	False
DPB1:HLA-DPB1*04:01:01:52	1.3339980341410525e-05	0.00018338529249960277	0.007489776090816286	0.0008997759008715873	0.0056991998244892905	1.3456954518650193	False
DPB1:HLA-DPB1*04:01:01:53	0.00010656009956881406	0.00018338529249957878	0.0032883454786060673	0.00013412545125174796	0.014875631744499037	3.1963760837881634	False
DPB1:HLA-DPB1*04:01:01:57	6.670703309822179e-06	0.00018338529249953405	0.002558510296258328	0.00022077257648626087	0.000745785255665833	0.5994439990488051	False
DPB1:HLA-DPB1*04:01:01:61	6.670703309822369e-06	0.00018338529249952617	0.0023728013642762536	0.0004323955908113644	0.002863101058107077	0.599443999048805	False
DPB1:HLA-DPB1*04:01:01:65	3.333925376674807e-05	0.00018338529249956024	0.0035554563660104214	0.00021924519045410428	0.0012648756740885005	0.5085277330061709	False
DPB1:HLA-DPB1*04:01:01:66	1.3339980341408999e-05	0.0001833852924995492	0.0037377551943630874	0.0007226251542620364	0.003457231278076842	0.7983327472301326	False
DPB1:HLA-DPB1*04:01:01:67	6.670703309822183e-06	0.00018338529249953386	0.00321877912549754	0.0001238852370538654	0.0003243153798320071	1.694139745722015	False
DPB1:HLA-DPB1*04:01:01:75	6.670703309821787e-06	0.00018338529249955032	0.001475401450115454	0.0002736846297632107	0.0030476724631991864	1.6941397457220146	False
DPB1:HLA-DPB1*04:01:01:78	3.333925376674777e-05	0.00018338529249958916	0.0011137866008495644	0.0004207290680196498	0.008116763138369721	2.26885194321558	False
DPB1:HLA-DPB1*04:01:01:83	6.670703309822327e-06	0.0001833852924995279	0.003629081361320353	0.0006840118018080064	0.001733688342683586	0.6880876388067217	False
DPB1:HLA-DPB1*04:01:01:84	2.000783109475491e-05	0.0001833852924995958	0.001386274358528552	0.0002994888383983877	0.0043360463033309945	1.7998743058918234	False
DPB1:HLA-DPB1*04:01:01:85	1.333998034141058e-05	0.00018338529249961933	0.0005601216998930456	3.708019123363093e-05	0.0038122028054330586	0.39525281868272705	False
DPB1:HLA-DPB1*04:01:01:86	0.00017304605954047132	0.00018338529249952728	0.007692568088643574	0.0007776667344757256	0.02580976312726191	11.968498934364575	False
DPB1:HLA-DPB1*04:01:01:94	4.666497132579921e-05	0.00018338529249953498	0.0017480268364073648	0.000384950922367283	0.006992322068885071	2.26801260587166	False
DPB1:HLA-DPB1*04:01:01:96	4.000282568539092e-05	0.0001833852924995296	0.000958096676540911	0.00042250918008265224	0.006322250511012373	1.3326167716431794	False
DPB1:HLA-DPB1*04:01:01:99	6.670703309821912e-06	0.00018338529249954517	0.0009314654883934243	9.448237898438662e-06	0.0037906093813938765	4.683899434417869	False
DPB1:HLA-DPB1*04:01:34	1.3339980341409755e-05	0.0001833852924995094	0.006122819461418893	0.00018935931891743657	0.006631000762513213	2.8389821865697775	False
DPB1:HLA-DPB1*04:02:01:02	0.009958431534432797	0.0001833852924995391	0.04870083819074243	0.01152268200386761	0.09871454512647275	229.86413551429214	False
DPB1:HLA-DPB1*04:02:01:03	0.0015450230305494926	0.00018338529249956924	0.003402054827073401	0.0011061533749818471	0.04020773743274623	25.38647833248547	False
DPB1:HLA-DPB1*04:02:01:04	0.00047664507113597226	0.0001833852924995523	0.00037769011224145747	0.0007544773553408967	0.027342656798666747	13.961443918618016	False
DPB1:HLA-DPB1*04:02:01:16	1.333998034140991e-05	0.0001833852924995607	0.0049906677633857425	0.0004363049086037984	0.002729036309936423	3.3917228649109434	False
DPB1:HLA-DPB1*04:02:01:17	2.6674255569873152e-05	0.0001833852924995001	0.0007980977149486996	0.00032367472321198615	0.0036899774585697088	1.1973268152650935	False
DPB1:HLA-DPB1*04:02:01:19	1.333998034140963e-05	0.00018338529249959954	0.0005781378251013095	0.00017727557974215436	0.005242286964854751	0.44380384580865584	False
DPB1:HLA-DPB1*04:02:01:22	2.0007831094757034e-05	0.00018338529249953102	0.005903542755831883	0.0008916670434661106	0.0012582273950404448	5.092759866336271	False
DPB1:HLA-DPB1*04:02:01:25	6.670703309822217e-06	0.00018338529249953248	0.0028440441283182493	0.00044158142974795806	0.0041087072149386	0.6880876388067217	False
DPB1:HLA-DPB1*04:02:01:26	6.670703309822485e-06	0.00018338529249952142	0.0025084390577494666	0.0001731493350067095	0.00014503383666626882	0.5909730946714782	False
DPB1:HLA-DPB1*04:02:01:27	6.6707033098221306e-06	0.00018338529249953611	0.0014984445720663427	0.0003044705149414385	0.002927019561570919	0.599443999048805	False
DPB1:HLA-DPB1*04:02:01:30	6.670703309822463e-06	0.0001833852924995224	0.0010887100587782413	0.0002128582796734303	0.002499517936789242	0.6880876388067217	False
DPB1:HLA-DPB1*04:02:01:34	6.670703309822112e-06	0.00018338529249953687	0.0013341614591978654	0.0002145100506018093	0.0034092841518723336	0.599443999048805	False
DPB1:HLA-DPB1*05:01:01:01	0.003577008828994461	0.0001833852924995608	0.10210213803575816	0.015139804933639561	0.10808950764126055	381.5145305701541	False
DPB1:HLA-DPB1*05:01:01:02	6.66428505775929e-05	0.00018338529249957658	0.015035023298705232	0.0021382707225540195	0.01760397154575288	14.082410190534617	False
DPB1:HLA-DPB1*05:01:01:04	0.00023924676386489582	0.0001833852924995408	0.03643671209852288	0.00532480818911947	0.04126996514152369	51.860060263889316	False
DPB1:HLA-DPB1*05:01:01:05	5.998498377188817e-05	0.0001833852924996156	0.013641458729470549	0.002103790624140133	0.011802195040055414	7.11210022662415	False
DPB1:HLA-DPB1*05:01:01:08	0.0002326259802933261	0.00018338529249957287	0.030686434611140342	0.004607810309683206	0.03495016411714478	35.07393202308656	False
DPB1:HLA-DPB1*05:01:01:09	2.6674255569878783e-05	0.0001833852924994524	0.011713769890572693	0.0016624445962046671	0.010613536772842233	5.60395310243077	False
DPB1:HLA-DPB1*05:01:01:10	6.670703309821859e-06	0.00018338529249954736	0.0038600155193494385	0.0003243331591378378	0.0016869656141286844	1.3973898468176043	False
DPB1:HLA-DPB1*05:01:01:11	0.00022600377044354556	0.00018338529249951825	0.034448015159672093	0.0052197191412963785	0.039223118172400546	39.52367231458287	False
DPB1:HLA-DPB1*05:01:01:12	6.670703309821856e-06	0.00018338529249954744	0.009424023665340396	0.0015260025043010996	0.013051246194715383	1.3973898468176043	False
DPB1:HLA-DPB1*05:01:01:13	6.670703309822366e-06	0.00018338529249952633	0.008763237024999678	0.0009814804361010638	0.012854938812864675	1.3973898468176043	False
DPB1:HLA-DPB1*05:01:01:16	1.3339980341409607e-05	0.00018338529249957832	0.0076057553646745645	0.0007344283863452136	0.002548158810964246	0.842667711045566	False
DPB1:HLA-DPB1*05:01:01:17	0.00018631757852654576	0.00018338529249957132	0.031039798020729977	0.004572410457675847	0.03770900389532773	31.430166020883348	False
DPB1:HLA-DPB1*05:01:01:19	6.664285057759272e-05	0.00018338529249957363	0.003911410270257924	0.00030684152110508305	0.0024897701760560765	3.9639076741555708	False
DPB1:HLA-DPB1*05:01:01:21	1.3339980341409797e-05	0.00018338529249952088	0.0030388641013634403	0.0003541055522860854	0.00012849954008353697	0.7983327472301327	False
DPB1:HLA-DPB1*05:01:01:22	1.3339980341409299e-05	0.00018338529249950402	0.004095904039948533	0.00017269955552968094	0.000648891391550903	0.4438038458086558	False
DPB1:HLA-DPB1*05:01:01:24	6.670703309821862e-06	0.00018338529249954725	0.005094129647080035	0.0005586013491778563	0.0042750541176675965	0.5909730946714782	False
DPB1:HLA-DPB1*05:01:01:28	0.00011320798242688796	0.0001833852924995315	0.0031218383428342025	0.0006566284576207037	0.014059370132139676	9.572055265704105	False
DPB1:HLA-DPB1*05:01:01:30	6.670703309822287e-06	0.0001833852924995296	0.002679092292112344	0.00021247223948355363	0.0002580764911983736	0.5909730946714782	False
DPB1:HLA-DPB1*05:01:01:32	2.6674255569872054e-05	0.00018338529249954557	0.012000945827744	0.0019984629196533217	0.015081933356042174	5.60395310243077	False
DPB1:HLA-DPB1*05:01:01:33	4.000282568539096e-05	0.000183385292499525	0.015935230517695676	0.0023983478859216072	0.020664949680789066	8.420385250642964	False
DPB1:HLA-DPB1*05:01:01:35	0.00013984230220612945	0.00018338529249956325	0.024613598454099002	0.003690579286596733	0.027223520500146148	21.564899520873478	False
DPB1:HLA-DPB1*05:01:01:36	1.3339980341409761e-05	0.00018338529249957084	0.003291516170935502	0.0004361638303257686	0.005493278206259705	1.3456954518650195	False
DPB1:HLA-DPB1*06:01:01:01	0.0006406913150070347	0.00018338529249962597	0.001896878677295962	0.0013395155194353438	0.025826316699963315	10.803917076213065	False
DPB1:HLA-DPB1*06:01:01:04	1.3339980341410614e-05	0.00018338529249960548	0.00025967270110098577	0.00022477196183362768	0.005164788876993401	1.199401880651445	False
DPB1:HLA-DPB1*09:01:01:01	0.001036280993990648	0.00018338529249953666	0.02695168025489851	0.002259535493246827	0.00033967437765917806	60.834805211254405	False
DPB1:HLA-DPB1*104:01:01:02	0.0017916079959389855	0.000183385292499569	0.023654956743751038	0.00188553031082041	0.014170008891193714	10.957473484138683	False
DPB1:HLA-DPB1*104:01:01:03	0.0003317879746519772	0.00018338529249955604	0.007995443295039576	0.0010926345089608321	0.004629807321758033	9.357956663847492	False
DPB1:HLA-DPB1*104:01:01:05	0.0002856721204470557	0.00018338529249951988	0.0008324274784283418	0.00014907473243588925	0.014228049669747951	7.97252001927375	False
DPB1:HLA-DPB1*104:01:01:06	6.664285057759346e-05	0.0001833852924995694	0.009423612317082459	0.000903277169136043	0.002542885801333823	3.6391258893985747	False
DPB1:HLA-DPB1*104:01:01:08	4.0002825685390964e-05	0.0001833852924995149	0.005540946594183983	0.0004280979916952774	0.002337337145756957	1.478972893394587	False
DPB1:HLA-DPB1*104:01:01:11	6.670703309822152e-06	0.00018338529249953517	0.004576852352320005	0.0003745366802016032	0.008650477701085716	1.3973898468176043	False
DPB1:HLA-DPB1*104:01:01:13	6.670703309821848e-06	0.00018338529249954777	0.0036280113719260113	0.0005425839823307662	0.0023056544143181053	1.3973898468176043	False
DPB1:HLA-DPB1*104:01:01:14	6.664285057759367e-05	0.00018338529249955685	0.0024589806362515384	0.0004712239937689655	0.0008280317418075865	3.701141955618346	False
DPB1:HLA-DPB1*105:01:01:01	0.000797479228935233	0.00018338529249955105	0.03939952583235138	0.004072172849602651	0.017323000566893242	20.229049512584577	False
DPB1:HLA-DPB1*105:01:01:02	3.3339253766748053e-05	0.0001833852924995675	0.0017912615623148194	0.0005829745322504021	0.006469712685542199	1.1362596439295056	False
DPB1:HLA-DPB1*105:01:01:03	0.00011320798242689662	0.00018338529249944466	0.020927877475291998	0.0024013802996561613	0.012666130952733876	7.270873105717175	False
DPB1:HLA-DPB1*105:01:01:04	6.670703309822277e-06	0.00018338529249952993	0.006117070363052666	0.0006932480376855964	0.004546886471339757	0.5909730946714781	False
DPB1:HLA-DPB1*105:01:01:05	1.3339980341409487e-05	0.00018338529249953723	0.003545196031697338	0.00033500148772240047	0.00039599988351898016	9.392386267441605	False
DPB1:HLA-DPB1*105:01:01:06	0.0003649246969092927	0.0001833852924995008	0.03144616859470807	0.0033725349236305847	0.017098943616712364	11.325901276955406	False
DPB1:HLA-DPB1*105:01:01:08	1.3339980341409733e-05	0.0001833852924994995	0.0003911331153542493	0.00024118559255887788	0.0026410650339661083	1.3768305991742118	False
DPB1:HLA-DPB1*105:01:01:09	9.991079043253572e-05	0.00018338529249954238	0.01733456453908017	0.0018156209486047553	0.012052750621028655	5.14661980829183	False
DPB1:HLA-DPB1*105:01:01:11	0.00014642600254357276	0.00018338529249953733	0.018533491975131166	0.001911782475847312	0.009517406870250045	4.723760896110809	False
DPB1:HLA-DPB1*105:01:01:12	3.3339253766747837e-05	0.00018338529249956186	0.01214688212704184	0.0019130556094370346	0.013977752859870535	7.010959368913069	False
DPB1:HLA-DPB1*105:01:01:13	7.995430535428621e-05	0.00018338529249952733	0.019301415011503384	0.0021814045091659517	0.013364141150308926	7.124900495724103	False
DPB1:HLA-DPB1*105:01:01:16	0.0001530653277321533	0.00018338529249958835	0.01804382121715711	0.001892209985808756	0.007364690691816838	8.844096102245278	False
DPB1:HLA-DPB1*105:01:01:18	0.00016633969927472398	0.00018338529249956243	0.021607109437294797	0.002369092213210028	0.012740702232930149	9.372632591954446	False
DPB1:HLA-DPB1*105:01:01:19	2.6674255569875015e-05	0.0001833852924995279	0.004967607461663725	0.00012634416368808714	0.002839460156620624	6.797261301573056	False
DPB1:HLA-DPB1*107:01	0.0002193801343155067	0.00018338529249953714	0.039149165076963525	0.005713348740771135	0.04759581386517945	44.161591824974934	False
DPB1:HLA-DPB1*10:01:01:01	0.0011594971707995783	0.0001833852924995701	0.0007773439439467503	0.0010179808488768002	0.027610282245478613	13.898624098289238	False
DPB1:HLA-DPB1*10:01:01:03	6.670703309822425e-06	0.00018338529249952386	0.00230203486865448	0.00041710109776538115	0.0026216583542494902	0.5994439990488051	False
DPB1:HLA-DPB1*11:01:01:01	0.0017319410722136841	0.00018338529249954606	0.03390651859241058	0.003228262978435026	0.0004659755894396006	18.017790491062584	False
DPB1:HLA-DPB1*11:01:02	6.6707033098218e-06	0.0001833852924995497	0.0010093340892814177	0.00026778201284373974	0.0016405282940077758	0.6880876388067217	False
DPB1:HLA-DPB1*124:01:01:01	5.9984983771890096e-05	0.0001833852924996061	0.0017181587820197278	8.73873138660655e-05	0.006501960118494165	2.556706517847908	False
DPB1:HLA-DPB1*124:01:01:02	6.670703309822322e-06	0.00018338529249952815	0.0005593960539731148	0.00018440459318026664	0.003340800832718119	0.599443999048805	False
DPB1:HLA-DPB1*124:01:02:01	9.329713825216588e-05	0.00018338529249957127	0.002176174933113622	0.00010904860381138861	0.004403870653606307	1.3305378565930481	False
DPB1:HLA-DPB1*126:01:01:01	2.6674255569878427e-05	0.00018338529249950565	0.0023082263537156267	0.0007696031645701341	0.00431160284287797	2.756286232855905	False
DPB1:HLA-DPB1*131:01:01:01	0.0006273484821091247	0.00018338529249959138	0.04132333826488989	0.0045170006853359245	0.02494007407776738	24.831610183878084	False
DPB1:HLA-DPB1*131:01:01:02	4.6664971325802775e-05	0.00018338529249950416	0.009804192415088104	0.0010921533901267686	0.005896760142699582	1.9351255879944518	False
DPB1:HLA-DPB1*135:01:01:02	6.6707033098222305e-06	0.00018338529249953194	0.0074550676960576275	0.0011716203017131872	0.00951917211441939	1.3973898468176043	False
DPB1:HLA-DPB1*1363:01	6.670703309821829e-06	0.00018338529249954864	0.0021762832090869654	0.00016223929704600726	0.0011507072759669203	4.683899434417872	False
DPB1:HLA-DPB1*138:01	2.000783109474566e-05	0.00018338529249969983	0.0026508761462510563	0.00013792579925820555	0.001424797577122321	0.7213758221733103	False
DPB1:HLA-DPB1*13:01:01:01	0.001529729049025145	0.00018338529249954864	0.0022776515995647207	0.0004382586560254615	0.017994140623748676	7.85867056545301	False
DPB1:HLA-DPB1*13:01:01:02	4.6664971325796175e-05	0.00018338529249953316	0.0022854780304007337	0.0005781813161833195	0.007168598918197776	1.1641493177163558	False
DPB1:HLA-DPB1*13:01:01:03	0.0002789415134512839	0.00018338529249954557	0.024020653795855433	0.0025285989830705707	0.013456079414778438	3.875170499262655	False
DPB1:HLA-DPB1*13:01:01:04	0.0004569324796360604	0.0001833852924995234	0.011314041421594598	0.00043431862869529114	0.01046525732504259	38.879171839583805	False
DPB1:HLA-DPB1*13:01:01:05	3.33392537667477e-05	0.00018338529249954004	0.01573013501890905	0.0016928157102582928	0.0175813055463619	7.010959368913067	False
DPB1:HLA-DPB1*13:01:01:06	0.0003185849170212525	0.00018338529249950798	0.028872909186876752	0.0034980740747964497	0.035850084153385815	35.45704765671558	False
DPB1:HLA-DPB1*13:01:01:07	4.000282568539065e-05	0.0001833852924995442	0.012013182096753377	0.0015146064527697726	0.014612222967689046	2.5948479023222237	False
DPB1:HLA-DPB1*13:01:01:08	6.670703309821959e-06	0.00018338529249954324	0.0030620778928523214	0.00014445427293384233	0.0019673921037802584	0.599443999048805	False
DPB1:HLA-DPB1*13:01:01:09	0.00041106051900936265	0.0001833852924995517	0.029416342523831178	0.0030339661817234734	0.01734327938049876	16.941656821689183	False
DPB1:HLA-DPB1*13:01:01:10	1.3339980341408013e-05	0.0001833852924995611	0.003638663753787766	0.00048808755876135777	0.0014149019505507738	3.3917228649109457	False
DPB1:HLA-DPB1*13:01:01:12	0.00011320798242689543	0.00018338529249949215	0.01231675706527454	0.0009212776954859514	0.0022697022526171973	19.069552229812775	False
DPB1:HLA-DPB1*13:01:01:15	5.998498377189012e-05	0.00018338529249960637	0.0011312659048951957	0.0003409321238479665	0.010002505012242037	4.616886685486472	False
DPB1:HLA-DPB1*13:01:01:16	7.995430535428659e-05	0.00018338529249951473	0.008985037301899165	0.0008165014653014092	0.0009201001170977128	16.922414684008366	False
DPB1:HLA-DPB1*14:01:01:01	0.0019180275936661357	0.00018338529249952416	0.030296581221285354	0.004753837897744111	0.015167674349404194	21.686798269702663	False
DPB1:HLA-DPB1*14:01:01:02	0.00010656009956881443	0.00018338529249955381	0.006514986564688166	0.0004476515417812271	0.005648839225472146	9.440997141757164	False
DPB1:HLA-DPB1*14:01:01:04	2.0007831094755008e-05	0.00018338529249957222	0.008933997170717764	0.001180622080176339	0.005989537712276482	4.199360225770915	False
DPB1:HLA-DPB1*14:01:01:05	2.000783109475513e-05	0.00018338529249956227	0.009617579065770229	0.0012498115813122691	0.012817992999093163	4.199360225770915	False
DPB1:HLA-DPB1*14:01:01:06	1.333998034141015e-05	0.00018338529249960862	0.00259753891105517	0.0005060695546014518	0.0016572824449031468	0.39525281868272705	False
DPB1:HLA-DPB1*14:01:01:07	6.670703309822279e-06	0.00018338529249952993	0.0035522346864744355	0.0002119364726501979	0.00013912660909442458	0.599443999048805	False
DPB1:HLA-DPB1*15:01:01:01	0.0005558348913556872	0.00018338529249955942	0.006308930327274732	0.0004981458912345705	0.013502551319161964	8.818923811961218	False
DPB1:HLA-DPB1*15:01:01:05	4.666497132580493e-05	0.00018338529249949042	0.004403211162266295	0.00034968747681631386	0.0015277231772280059	0.9926571230005837	False
DPB1:HLA-DPB1*16:01:01:01	0.00017960836570438316	0.00018338529249952806	0.0016108857503103588	0.0002554121517676776	0.0034773354258553477	0.8391228908762484	False
DPB1:HLA-DPB1*17:01:01:01	0.0026223166552166092	0.00018338529249956569	0.03777868924040801	0.00386232318275705	0.00900508029353932	9.12428637686672	False
DPB1:HLA-DPB1*17:01:01:02	1.3339980341410236e-05	0.00018338529249950698	0.0048654273698061894	0.0005054634726013721	0.0017143364169937244	1.1824474387871216	False
DPB1:HLA-DPB1*17:01:01:03	6.670703309821915e-06	0.00018338529249954503	0.005895611788662899	0.0006729131874165118	0.0041457124232325325	0.5909730946714781	False
DPB1:HLA-DPB1*18:01:01:01	0.0009413978343398043	0.00018338529249959612	0.04830478738039075	0.005315713725729622	0.027420718288397667	54.816715936586256	False
DPB1:HLA-DPB1*18:01:01:02	0.0010376074327502949	0.00018338529249956127	0.04701966953345522	0.005002798082505362	0.026530069275892933	62.609454931159824	False
DPB1:HLA-DPB1*18:01:01:04	6.670703309822027e-06	0.0001833852924995404	0.007233157759435486	0.0008475514050468022	0.004778066908484465	0.5909730946714781	False
DPB1:HLA-DPB1*19:01:01:01	0.0004174687871238798	0.00018338529249951635	0.017057882972629952	0.0024923937781856464	0.010031154811687874	6.683469861930964	False
DPB1:HLA-DPB1*19:01:01:05	6.670703309822091e-06	0.00018338529249953769	0.0023252631684092776	0.0003729401759319755	0.004068137206240753	0.6880876388067213	False
DPB1:HLA-DPB1*20:01:01:01	0.0001862405595018027	0.00018338529249955335	0.0016020539992583449	0.0007572423207142815	0.013834970130793635	3.576935060730979	False
DPB1:HLA-DPB1*20:01:01:03	6.670703309821973e-06	0.00018338529249954262	0.0010109287697734712	0.0003062359840722593	0.004334935119890157	0.5994439990488051	False
DPB1:HLA-DPB1*21:01:01	0.0003517301969478181	0.0001833852924995324	0.044193821032703695	0.006388052022021485	0.05067056951574451	47.63518774775545	False
DPB1:HLA-DPB1*23:01:01:01	0.00023262598029330807	0.00018338529249960168	0.0014070529116776403	0.00012784186355382582	0.015218360950281538	5.406507581871453	False
DPB1:HLA-DPB1*26:01:02:01	0.0005359340311286815	0.00018338529249955032	0.027171708758592296	0.0007752981466855605	0.001964812610423761	109.75297317466153	False
DPB1:HLA-DPB1*26:01:02:03	2.0007831094752985e-05	0.00018338529249962575	0.004602716978823419	0.0001481743743335143	0.0019640904728783033	5.092759866336272	False
DPB1:HLA-DPB1*27:01	6.664285057759375e-05	0.0001833852924995628	0.0020807694309897084	0.0008215596462004259	0.004569690606599911	5.290775693193478	False
DPB1:HLA-DPB1*296:01	0.0001597688354414709	0.00018338529249950264	0.022349271795338434	0.0031062719908509693	0.03869464177523223	6.350024972768745	False
DPB1:HLA-DPB1*29:01	9.991079043253679e-05	0.00018338529249958344	0.017776398580914756	0.001906233665234738	0.007071458469347696	5.14661980829183	False
DPB1:HLA-DPB1*30:01:01:01	2.0007831094755763e-05	0.00018338529249955124	0.003157113722496375	0.0004573220613314679	0.006333133749450607	6.214271745852293	False
DPB1:HLA-DPB1*31:01:01:01	6.670703309822116e-06	0.00018338529249953663	0.005291596074365085	0.0006522554617088815	0.00786889410976953	1.3973898468176043	False
DPB1:HLA-DPB1*31:01:01:02	5.9984983771891905e-05	0.0001833852924995963	0.015703439201481945	0.002241475295509411	0.015368929538724381	9.822070680990098	False
DPB1:HLA-DPB1*34:01:01:01	3.33392537667477e-05	0.00018338529249955522	0.0005832459563099164	0.0002890557475827209	0.0042899482422836515	1.5735461751484812	False
DPB1:HLA-DPB1*352:01:02:02	1.333998034140963e-05	0.00018338529249954926	0.007910221156947658	0.0008746724254708451	0.005929471702726108	1.182447438787122	False
DPB1:HLA-DPB1*35:01:01	2.667425556987465e-05	0.00018338529249953018	0.00195612070800816	0.0001872079081100398	0.007427414831345771	2.4008619369882642	False
DPB1:HLA-DPB1*38:01	2.000783109475661e-05	0.00018338529249957287	0.008535181476970459	0.001100729430002499	0.009599064714711524	2.162436569616678	False
DPB1:HLA-DPB1*39:01:01:01	6.67070330982184e-06	0.00018338529249954818	0.0009511638245206378	9.479602412764145e-05	0.001579026228580182	0.6880876388067215	False
DPB1:HLA-DPB1*39:01:01:02	6.670703309822545e-06	0.0001833852924995189	0.005345225465889539	0.000606774591593784	0.004051458664579996	0.5909730946714782	False
DPB1:HLA-DPB1*39:01:01:04	1.3339980341409357e-05	0.0001833852924995035	0.0015386981885226344	7.072246317475821e-05	0.0008626421582564528	1.1824474387871216	False
DPB1:HLA-DPB1*40:01:01:01	0.0002723292875491744	0.00018338529249951692	0.029567511986391817	0.0031829560833769584	0.015631792128563464	17.29180181811931	False
DPB1:HLA-DPB1*40:01:01:03	4.000282568539087e-05	0.00018338529249954704	0.01000107779433288	0.0010021340646955623	0.004391601222670394	1.191666193960325	False
DPB1:HLA-DPB1*414:01:01:02	7.995430535428652e-05	0.00018338529249952871	0.011621473059213383	0.0010885814326673327	0.001798106241637878	11.052343518050074	False
DPB1:HLA-DPB1*416:01:01:01	1.3339980341409495e-05	0.00018338529249950242	0.0024166676270100185	0.00040458571370232543	0.0026986326819576356	0.9909586150694829	False
DPB1:HLA-DPB1*417:01:02	4.000282568539094e-05	0.0001833852924995022	0.012848757893900609	0.001511098095590627	0.010395848076528788	3.5533700858029307	False
DPB1:HLA-DPB1*41:01:01:02	6.670703309822164e-06	0.00018338529249953468	0.005255699410080092	0.0006337789844497113	0.004784183586239916	1.3973898468176043	False
DPB1:HLA-DPB1*45:01	2.6674255569880294e-05	0.0001833852924995006	0.001216192663284151	0.00033063482417466786	0.0051309297086241075	0.7616231382282501	False
DPB1:HLA-DPB1*46:01:01:02	1.3339980341410026e-05	0.00018338529249958973	0.0076540043017940245	0.0008812903292973507	0.006788194202222727	1.1824474387871216	False
DPB1:HLA-DPB1*48:01	2.6674255569877072e-05	0.00018338529249948207	0.014000639317517792	0.0017099729548267903	0.017100182067335924	5.603953102430771	False
DPB1:HLA-DPB1*498:01	6.670703309821896e-06	0.00018338529249954582	0.0006028498571213031	2.3693379091747146e-06	0.0006532404881669607	1.694139745722015	False
DPB1:HLA-DPB1*51:01:01:01	6.670703309822308e-06	0.00018338529249952874	0.002725776385143206	0.0005458317577668223	0.003105532873748933	0.6880876388067217	False
DPB1:HLA-DPB1*535:01	5.3325690687962175e-05	0.00018338529249957143	0.0014958009013891697	0.00012075012209382604	0.009505811795638223	4.809977804142366	False
DPB1:HLA-DPB1*55:01:01:01	6.670703309822301e-06	0.00018338529249952904	0.005808747402106733	0.0006898461426282219	0.00495277219635071	0.5909730946714781	False
DPB1:HLA-DPB1*584:01:01:01	5.9984983771888415e-05	0.00018338529249961559	0.011504500149109816	0.0012199367162002768	0.004609443759420982	4.378908470624263	False
DPB1:HLA-DPB1*584:01:02:02	8.660789332527502e-05	0.0001833852924995463	0.013220454235985252	0.0012447409991590194	0.006068349144348207	2.454406924373784	False
DPB1:HLA-DPB1*585:01:01:02	6.670703309821776e-06	0.00018338529249955078	0.0008644191884442778	9.964129871608463e-05	0.0036235585572280027	0.5994439990488052	False
DPB1:HLA-DPB1*61:01N	3.3339253766747945e-05	0.0001833852924995947	0.010574812497185558	0.0011555970845731484	0.008171317351053723	1.7105539307163764	False
DPB1:HLA-DPB1*63:01	4.000282568539091e-05	0.0001833852924995305	0.003933194318114356	0.0003856988853205339	0.0020456111318025716	3.390624489865783	False
DPB1:HLA-DPB1*64:01N	6.6707033098223415e-06	0.00018338529249952733	0.001782459176128463	0.00010977915524050576	0.0011270627682019526	0.5909730946714781	False
DPB1:HLA-DPB1*665:01:01	0.00024586612115822334	0.00018338529249954116	0.026150138265090946	0.0027616435351591174	0.012978554542814935	10.68354483671382	False
DPB1:HLA-DPB1*78:01	6.670703309822175e-06	0.00018338529249953422	0.0010483462561729673	0.0001706812405414641	0.002905914656884676	0.599443999048805	False
DPB1:HLA-DPB1*80:01	1.333998034141057e-05	0.00018338529249962193	0.0038696291087481527	0.00033996315810791346	0.0006784010173698926	1.3768305991742118	False
DPB1:HLA-DPB1*835:01:01:01	6.670703309822129e-06	0.00018338529249953611	0.0055623485873328715	0.0006285910701785296	0.0031198615050659025	0.5909730946714781	False
DPB1:HLA-DPB1*835:01:01:03	4.0002825685390856e-05	0.00018338529249947692	0.006492778793707635	0.001036491699178174	0.0030919070138540165	1.5029541724201159	False
DPB1:HLA-DPB1*849:01	6.664285057759365e-05	0.00018338529249955373	0.009736451829085096	0.0007241908222220411	0.001471300192924807	13.601365907476078	False
DPB1:HLA-DPB1*85:01:01:01	0.0002921616864208575	0.00018338529249956712	0.030904382549235523	0.0032872572211480305	0.017883932547354157	17.02590980549527	False
DPB1:HLA-DPB1*87:01	6.670703309822257e-06	0.00018338529249953075	0.0018137538586782851	9.922492600862787e-05	0.002388884468946757	0.5994439990488051	False
DPB1:HLA-DPB1*91:01:01:01	6.67070330982242e-06	0.00018338529249952403	0.007977769952141979	0.0013260215172177612	0.010894092500297594	1.3973898468176043	False
DPB1:HLA-DPB1_nov_00d5301e	6.6707033098220814e-06	0.00018338529249953815	0.00304626129175437	0.0002858895113553273	0.0001628450567213203	0.599443999048805	False
DPB1:HLA-DPB1_nov_00dea971	6.6707033098224685e-06	0.00018338529249952207	0.005778360725949681	0.0009430428599936251	0.007585844453327912	1.3973898468176043	False
DPB1:HLA-DPB1_nov_01ae20f3	6.670703309822371e-06	0.00018338529249952606	0.0017360625034400401	0.00031822940706647385	0.003882764075857321	0.599443999048805	False
DPB1:HLA-DPB1_nov_02210789	6.670703309822014e-06	0.00018338529249954094	0.002434678705170068	0.0004336396572775394	0.0036168773063180427	0.5994439990488051	False
DPB1:HLA-DPB1_nov_02551d66	6.670703309822097e-06	0.0001833852924995375	0.0038200631618077793	0.00041221444772573647	0.0013259714428482125	0.6880876388067212	False
DPB1:HLA-DPB1_nov_0410beeb	6.670703309822391e-06	0.00018338529249952533	0.004294540748619639	0.0004505043044949228	0.0018075068362899643	0.5909730946714782	False
DPB1:HLA-DPB1_nov_041c595d	6.6707033098219e-06	0.00018338529249954568	0.002634113631885199	0.000153386536363955	0.0001463042580035941	1.694139745722015	False
DPB1:HLA-DPB1_nov_04a70206	6.670703309822145e-06	0.0001833852924995355	0.0001257589362913512	0.0001464212244827242	0.0042478900020754985	0.5994439990488051	False
DPB1:HLA-DPB1_nov_06a9128b	6.6707033098225244e-06	0.0001833852924995198	0.0014057947542174133	0.00028124512276727487	0.003126199004824449	1.6941397457220144	False
DPB1:HLA-DPB1_nov_06e1bbb4	5.998498377188785e-05	0.00018338529249961708	0.006785530411902428	0.0004034523980655556	0.004006686244320131	2.0766139392729737	False
DPB1:HLA-DPB1_nov_07408b4f	6.670703309822383e-06	0.0001833852924995256	0.002541513117544088	0.0005890992136647979	0.003932889916589652	0.6880876388067214	False
DPB1:HLA-DPB1_nov_07b46349	1.333998034141015e-05	0.00018338529249959095	0.002056860462320889	0.00011325320980348167	0.002477010610895121	0.39525281868272705	False
DPB1:HLA-DPB1_nov_07cf57f9	6.670703309822199e-06	0.00018338529249953321	0.007050370046295761	0.0008289808490887651	0.005882283208675472	0.5909730946714781	False
DPB1:HLA-DPB1_nov_0803d234	6.670703309822465e-06	0.00018338529249952218	0.0010103114341245268	0.00010352693317661009	0.0005857974116890409	0.6880876388067216	False
DPB1:HLA-DPB1_nov_081914f8	6.670703309821911e-06	0.00018338529249954517	0.0068804150853523215	0.0008140126026481626	0.004633238773040068	0.5909730946714781	False
DPB1:HLA-DPB1_nov_084bb097	1.3339980341409082e-05	0.0001833852924995751	0.002557597553313158	0.0005217958770120914	0.002321238249174526	0.8426677110455663	False
DPB1:HLA-DPB1_nov_08b0dde3	6.670703309822524e-06	0.0001833852924995198	0.002997990759538819	0.0002738159677968813	0.0002667935001105663	0.5909730946714782	False
DPB1:HLA-DPB1_nov_0966b20d	6.670703309821992e-06	0.00018338529249954186	0.0026105950992084967	0.00046357949424781183	0.003388579805959296	0.6880876388067214	False
DPB1:HLA-DPB1_nov_0ad945e1	6.670703309822161e-06	0.00018338529249953484	0.0010049224020919174	0.0001756227727157866	0.004865440531319094	0.599443999048805	False
DPB1:HLA-DPB1_nov_0ae7f6c4	6.670703309822351e-06	0.00018338529249952693	0.008655037137837331	0.0010124996411006897	0.006800132368439656	0.6880876388067214	False
DPB1:HLA-DPB1_nov_0b05ead3	6.670703309821875e-06	0.0001833852924995467	5.8396801860391706e-05	8.12333867368004e-05	0.0013322908123324809	1.6941397457220144	False
DPB1:HLA-DPB1_nov_0b58e135	5.334565858327044e-05	0.00018338529249959905	0.010137533112388783	0.0014250861510407263	0.008938189938388108	2.6633304548864674	False
DPB1:HLA-DPB1_nov_0bda0bc5	6.670703309821949e-06	0.0001833852924995436	0.0024497898379543374	5.6998422164123875e-05	0.0018987308846810007	1.6941397457220142	False
DPB1:HLA-DPB1_nov_0c982cae	6.670703309822427e-06	0.00018338529249952373	0.005454352724877119	0.0006303249401347486	0.004099861918358457	0.5909730946714781	False
DPB1:HLA-DPB1_nov_0c99cac1	6.670703309822313e-06	0.00018338529249952847	0.0010812762482451388	0.0002711984042886524	0.003821884299745565	0.5994439990488049	False
DPB1:HLA-DPB1_nov_0cd689de	6.670703309821767e-06	0.00018338529249955116	0.0005119220034608021	8.612762732658059e-05	0.003291316503274016	0.599443999048805	False
DPB1:HLA-DPB1_nov_0d5f24dd	6.670703309822228e-06	0.00018338529249953202	0.0038494057143899285	0.000376735606044585	0.0012877330247802175	0.6880876388067216	False
DPB1:HLA-DPB1_nov_0e4b0037	6.670703309822522e-06	0.00018338529249951988	0.0014313942933675788	0.00033517250605125305	0.003078490162796418	0.5994439990488051	False
DPB1:HLA-DPB1_nov_0f314842	6.670703309822229e-06	0.000183385292499532	0.0014466427349988365	0.0004028814208184774	0.003493497155434187	0.6880876388067216	False
DPB1:HLA-DPB1_nov_1091be46	6.6707033098224186e-06	0.0001833852924995241	0.0009689875485080555	1.626483468475463e-05	0.002830048608433958	0.6880876388067216	False
DPB1:HLA-DPB1_nov_11045965	6.670703309821966e-06	0.00018338529249954294	0.0029971689381923976	0.00030100443701955835	0.002021623724447507	1.3973898468176043	False
DPB1:HLA-DPB1_nov_11522233	6.670703309822407e-06	0.0001833852924995246	0.0064249426347195646	0.0007269080868014747	0.003994218141302914	0.5909730946714781	False
DPB1:HLA-DPB1_nov_11d04089	1.3339980341409157e-05	0.00018338529249950855	0.002324848027561388	0.0004820887957466255	0.004440129791177153	0.4438038458086558	False
DPB1:HLA-DPB1_nov_11d4d515	6.67070330982188e-06	0.00018338529249954647	0.007575491155462217	0.0005604148796044339	0.009923554507333796	1.3973898468176043	False
DPB1:HLA-DPB1_nov_121edb01	6.670703309822522e-06	0.00018338529249951988	0.0014385003777841773	0.0003040699983798317	0.0034514113452991484	0.5909730946714782	False
DPB1:HLA-DPB1_nov_12740378	6.6707033098221805e-06	0.00018338529249953395	0.0007850400886230671	0.00019239488445571087	0.0017118104373524414	0.599443999048805	False
DPB1:HLA-DPB1_nov_12cb3709	6.670703309821771e-06	0.00018338529249955102	0.003953855234554911	0.0003711658636508796	0.0004563406509697916	0.5909730946714781	False
DPB1:HLA-DPB1_nov_155fa96a	6.6707033098225355e-06	0.0001833852924995193	0.0017757320046101843	0.000100462134844923	0.0010322948847621056	0.5909730946714781	False
DPB1:HLA-DPB1_nov_159c234f	6.6707033098225244e-06	0.0001833852924995198	0.0016839551638388344	0.00012365731471075	0.0024430410374310855	0.6880876388067214	False
DPB1:HLA-DPB1_nov_15c9d2c8	6.670703309822181e-06	0.00018338529249953395	0.004799109841337045	0.0005157507036559136	0.0026933005841865165	0.5909730946714781	False
DPB1:HLA-DPB1_nov_161fa3fa	5.3325690687961436e-05	0.00018338529249959282	0.012523451593249416	0.0013110144838685608	0.008091069812883982	3.363301938778603	False
DPB1:HLA-DPB1_nov_16d29cbe	6.670703309822362e-06	0.00018338529249952646	0.0013143304821787202	8.34868851657233e-05	0.005177963708255665	0.5994439990488051	False
DPB1:HLA-DPB1_nov_179c7028	6.670703309822048e-06	0.00018338529249953948	0.007794238600127921	0.0008245603346304185	0.01026159023913491	1.3973898468176043	False
DPB1:HLA-DPB1_nov_179c9f51	1.3339980341409597e-05	0.00018338529249953492	0.0003595645140946678	8.924455410164468e-05	0.005779379024572853	0.39525281868272705	False
DPB1:HLA-DPB1_nov_17f440ba	6.670703309822047e-06	0.00018338529249953958	0.003731449839860281	0.0005466826221140826	0.0027485363051441237	0.5909730946714781	False
DPB1:HLA-DPB1_nov_18803c26	1.3339980341409368e-05	0.000183385292499559	0.0016524387456887878	0.00014115470162470224	0.005620851220828279	2.4392648122455474	False
DPB1:HLA-DPB1_nov_18c69243	6.6707033098225185e-06	0.00018338529249952004	0.003487603889647431	0.00031897117711211884	0.0007102792716308799	0.5909730946714782	False
DPB1:HLA-DPB1_nov_19a1871d	6.670703309821927e-06	0.00018338529249954452	0.005483840750237953	0.0006193418749898988	0.0034946581547890794	0.5909730946714782	False
DPB1:HLA-DPB1_nov_19be7481	6.6707033098219984e-06	0.00018338529249954156	0.006128033361622529	0.0007139868490270701	0.005356752680751657	0.5909730946714781	False
DPB1:HLA-DPB1_nov_1bab2977	0.0004174687871238813	0.00018338529249952001	0.04828058749177929	0.006914616851680841	0.0601892410031576	79.42342079555208	False
DPB1:HLA-DPB1_nov_1d25e214	6.670703309821817e-06	0.00018338529249954907	0.00011269686837736113	0.0001357187054175962	0.0036538270262525293	0.6880876388067214	False
DPB1:HLA-DPB1_nov_1db41e14	6.6707033098223084e-06	0.00018338529249952866	0.006897876239858913	0.0008133932586668443	0.005219904147397839	0.5909730946714782	False
DPB1:HLA-DPB1_nov_1e0d797d	6.67070330982255e-06	0.00018338529249951874	0.0012612304119960288	0.0001236499432422765	0.0019513653222306292	0.5994439990488052	False
DPB1:HLA-DPB1_nov_1e305920	6.670703309821945e-06	0.00018338529249954378	0.0013109834201489746	9.928597201912946e-05	0.002201152343334455	0.599443999048805	False
DPB1:HLA-DPB1_nov_1e400a8c	6.670703309822066e-06	0.00018338529249953872	0.00774118740376792	0.0011868045302901675	0.01129139219911255	1.3973898468176043	False
DPB1:HLA-DPB1_nov_1ec103fa	6.670703309822526e-06	0.00018338529249951963	0.0024897331492354535	0.0005888782116351244	0.003973789463820343	0.6880876388067214	False
DPB1:HLA-DPB1_nov_1f498053	0.0018795965265962558	0.00018338529249959217	0.07053773108336614	0.00757541112029893	0.04643425949161143	88.64828390988644	False
DPB1:HLA-DPB1_nov_1fb63903	6.67070330982243e-06	0.00018338529249952367	0.003778206533697823	0.0003506082520783072	0.00485008083105261	0.6880876388067215	False
DPB1:HLA-DPB1_nov_20d91ecb	6.670703309822036e-06	0.0001833852924995401	0.0008245272554471041	2.163500915441516e-05	0.0020138024857359444	0.6880876388067214	False
DPB1:HLA-DPB1_nov_20f86e87	6.670703309822273e-06	0.00018338529249953012	0.006276170062618913	0.0006196889784594126	0.007708006080536493	1.6941397457220144	False
DPB1:HLA-DPB1_nov_21181b03	2.6674255569877394e-05	0.00018338529249950966	0.0036166543937928256	0.0008053757158339055	9.247281374497838e-06	0.2189740812845208	False
DPB1:HLA-DPB1_nov_22ffc9b2	6.670703309822237e-06	0.00018338529249953167	0.0052661067533054245	0.00017347064566219602	0.000714994039957684	1.6941397457220146	False
DPB1:HLA-DPB1_nov_2380b697	6.670703309822443e-06	0.0001833852924995231	0.00024244094140374686	8.142621814224734e-05	0.002844207777530515	0.599443999048805	False
DPB1:HLA-DPB1_nov_23a4c295	6.670703309822239e-06	0.0001833852924995316	0.0023178651688413087	0.00022776568238279252	0.0007286388954000058	0.5909730946714781	False
DPB1:HLA-DPB1_nov_2464e354	6.670703309821856e-06	0.00018338529249954744	0.004808371132538645	0.000620375426516792	0.005148298285679164	1.6941397457220149	False
DPB1:HLA-DPB1_nov_24a8aaa8	6.670703309822109e-06	0.00018338529249953693	0.002837614511179564	0.0005045378736358285	0.005497977427240059	1.3973898468176043	False
DPB1:HLA-DPB1_nov_261f8f85	6.670703309821968e-06	0.0001833852924995429	0.001162529707820427	5.886069598541812e-05	0.0031321484588379424	4.683899434417871	False
DPB1:HLA-DPB1_nov_29cd5e7d	6.670703309822009e-06	0.0001833852924995411	2.0761116108768878e-06	0.0001623257643794109	0.004558327236067051	0.599443999048805	False
DPB1:HLA-DPB1_nov_2aada89f	2.6674255569876327e-05	0.00018338529249953395	0.0005487595030665032	0.00029057817848948133	0.0043894855132943595	0.8880092546028687	False
DPB1:HLA-DPB1_nov_2b4df109	6.6707033098222636e-06	0.00018338529249953056	0.001864690434610455	0.00015915278010409503	0.005155530754412712	0.599443999048805	False
DPB1:HLA-DPB1_nov_2b94fe48	6.670703309822499e-06	0.00018338529249952077	0.0002484102369046894	0.0001952022358410864	0.004290844013359046	0.5994439990488051	False
DPB1:HLA-DPB1_nov_2c0a8cde	6.670703309822471e-06	0.00018338529249952197	0.003634797324995703	0.0004122778953032391	0.0023152937193851924	0.5909730946714781	False
DPB1:HLA-DPB1_nov_2c2d4df9	6.670703309821928e-06	0.00018338529249954446	0.0010276045254671382	0.0002150706684305506	0.0018096868119291567	0.5909730946714782	False
DPB1:HLA-DPB1_nov_2c337da2	6.670703309821841e-06	0.00018338529249954807	0.008217288689355841	0.0013537343548806146	0.01084472031003309	1.3973898468176043	False
DPB1:HLA-DPB1_nov_2e18b385	6.6707033098218815e-06	0.00018338529249954641	0.004354732334529226	0.0004752241075922862	0.0015379311923656208	0.5909730946714781	False
DPB1:HLA-DPB1_nov_2e3a586d	6.670703309822343e-06	0.00018338529249952725	0.001306902104689624	4.4830214405304996e-05	0.0011609953991999495	4.683899434417869	False
DPB1:HLA-DPB1_nov_2e9f8110	6.670703309822486e-06	0.00018338529249952131	0.005309456871433571	0.0006087943615850262	0.0030224218198330217	0.5909730946714781	False
DPB1:HLA-DPB1_nov_2ff48ebc	0.00020612858322467716	0.00018338529249959024	0.02439541211995661	0.0025631529979146905	0.015173609836479692	10.605675099158795	False
DPB1:HLA-DPB1_nov_316befaf	6.67070330982202e-06	0.00018338529249954075	0.00329293289758729	0.0003259034602178153	0.0007196348730591675	0.5909730946714781	False
DPB1:HLA-DPB1_nov_324554fc	6.670703309822077e-06	0.00018338529249953826	0.0024991103125084763	0.00022946668568137754	0.0012871492532555257	0.5909730946714782	False
DPB1:HLA-DPB1_nov_334d5e90	6.670703309821849e-06	0.0001833852924995477	0.002966325066647806	0.0005742500591569243	0.0015961884173031314	1.3973898468176043	False
DPB1:HLA-DPB1_nov_3352a244	6.670703309822007e-06	0.00018338529249954124	0.003371984385216075	3.726145648186919e-05	0.006914687417496308	0.599443999048805	False
DPB1:HLA-DPB1_nov_3375f27e	6.670703309822245e-06	0.00018338529249953134	0.0076196944439763424	0.0008782468742309983	0.006264217973900436	0.5909730946714782	False
DPB1:HLA-DPB1_nov_342174a3	6.670703309822287e-06	0.0001833852924995296	0.0018307404258515781	0.00017666083175170723	0.002000866957211891	0.5909730946714782	False
DPB1:HLA-DPB1_nov_36794fa5	1.3339980341410122e-05	0.00018338529249950313	0.005116143996095526	0.000508283294682539	0.0021339607727599037	3.391722864910944	False
DPB1:HLA-DPB1_nov_3790adb1	6.670703309822488e-06	0.0001833852924995213	0.00045226372974603536	4.684360673222479e-05	0.0012678123895917884	0.6880876388067214	False
DPB1:HLA-DPB1_nov_37b6d107	6.6707033098218316e-06	0.00018338529249954842	0.004929487231112615	0.0008837204794720501	0.004527806205207008	1.6941397457220144	False
DPB1:HLA-DPB1_nov_38498d01	1.3339980341410088e-05	0.0001833852924995795	0.0034249607886690002	0.000648433154456876	0.010101557462311122	0.8426677110455663	False
DPB1:HLA-DPB1_nov_389622ac	6.6707033098225075e-06	0.0001833852924995205	0.0006621869316825894	0.00012708182734862093	0.0025055982253402416	0.5909730946714781	False
DPB1:HLA-DPB1_nov_393bf578	6.670703309822181e-06	0.00018338529249953395	0.0005133171388154554	0.00012513817864400064	0.0045762879498288025	0.5909730946714782	False
DPB1:HLA-DPB1_nov_39ce0425	6.670703309822321e-06	0.00018338529249952817	0.005332515399146942	0.0005211255150845657	0.007823000165479734	1.3973898468176043	False
DPB1:HLA-DPB1_nov_3a2da3f4	6.6707033098222144e-06	0.0001833852924995326	0.0022710847350366744	0.00023574179887023332	0.001468160821846128	0.6880876388067214	False
DPB1:HLA-DPB1_nov_3ac09572	6.670703309821911e-06	0.00018338529249954517	0.0007776687915278187	5.9363537016367255e-05	0.0005305595998424938	0.5994439990488052	False
DPB1:HLA-DPB1_nov_3af63df7	0.0025442521685256105	0.00018338529249951348	0.0396095024881416	0.004098692393890542	0.06526576772650257	60.15238830478925	False
DPB1:HLA-DPB1_nov_3bcc2d03	6.670703309821906e-06	0.0001833852924995454	0.0004912015296661147	0.0001660813703012044	0.001806811385334705	4.683899434417869	False
DPB1:HLA-DPB1_nov_3bf4e3fd	6.670703309821847e-06	0.00018338529249954788	0.00810752693186889	0.0011606952670267772	0.01037069355005364	1.3973898468176043	False
DPB1:HLA-DPB1_nov_3c07b178	1.3339980341409406e-05	0.00018338529249955013	0.003141618195166696	0.00022188782679480288	8.477324583484343e-05	0.4395686366365622	False
DPB1:HLA-DPB1_nov_3ca81851	1.33399803414101e-05	0.0001833852924995732	0.007950368600232073	0.0009176594075291638	0.005056086060881643	1.1824474387871216	False
DPB1:HLA-DPB1_nov_3cfface9	3.333925376674764e-05	0.00018338529249956086	0.011925461906087216	0.0015926066822865052	0.011777001107167551	7.010959368913067	False
DPB1:HLA-DPB1_nov_3dff1c83	6.670703309821972e-06	0.0001833852924995427	0.003038513309763322	0.00015953609460493256	0.0034987142398328437	1.694139745722015	False
DPB1:HLA-DPB1_nov_3e3d0fd6	6.6707033098223245e-06	0.00018338529249952804	0.003148068911620753	0.0005357810930767496	0.0020563991955821434	1.6941397457220149	False
DPB1:HLA-DPB1_nov_3eca957b	6.670703309822365e-06	0.00018338529249952638	0.0014451522144225512	7.134029565323396e-05	0.0010799073310806232	0.5994439990488051	False
DPB1:HLA-DPB1_nov_3f714b39	6.670703309822505e-06	0.00018338529249952058	0.0003694069343795934	0.0001029127644848754	0.003901773490370853	0.5994439990488052	False
DPB1:HLA-DPB1_nov_3fed0986	6.670703309821897e-06	0.00018338529249954574	0.002499241658184512	0.0001982798087282169	0.000650087318743918	0.6880876388067214	False
DPB1:HLA-DPB1_nov_40772f24	6.67070330982239e-06	0.00018338529249952533	0.0016174059561216165	0.00028759411516810586	0.00020376225396069708	1.3973898468176043	False
DPB1:HLA-DPB1_nov_40f8c7d1	6.670703309821943e-06	0.00018338529249954384	0.0012274850062637627	6.869293652315095e-05	0.0038398227972451155	0.5994439990488049	False
DPB1:HLA-DPB1_nov_421fde33	6.6707033098218375e-06	0.00018338529249954826	0.005362916219373607	0.0005955579535500637	0.003920892136074717	0.5909730946714781	False
DPB1:HLA-DPB1_nov_4274a90f	6.670703309822387e-06	0.00018338529249952543	8.693431322265856e-05	5.69166847407083e-05	0.003408639374447706	0.5994439990488052	False
DPB1:HLA-DPB1_nov_428b7357	5.332569068796072e-05	0.00018338529249958891	0.004496208970738638	9.330892935161161e-05	0.0064324162224535675	2.950123380353265	False
DPB1:HLA-DPB1_nov_433481a3	6.670703309822361e-06	0.00018338529249952652	0.006647722903011259	0.0007706723981632434	0.003975993435967547	0.5909730946714781	False
DPB1:HLA-DPB1_nov_434f14c4	6.670703309822049e-06	0.00018338529249953948	0.004008557504007006	0.0007043434581655284	0.003036236189331197	1.3973898468176043	False
DPB1:HLA-DPB1_nov_436007f3	3.333925376674757e-05	0.0001833852924995374	0.0017309533865566397	0.0004916502910320146	0.004531704857819035	0.7291318495565612	False
DPB1:HLA-DPB1_nov_454ab30b	6.6707033098219264e-06	0.00018338529249954452	0.0029106875533515494	0.000619435414512426	0.00406154322984725	0.6880876388067217	False
DPB1:HLA-DPB1_nov_458d10f6	6.670703309822109e-06	0.00018338529249953693	0.00456415019579398	0.0004082888001038686	0.0023049350484341574	1.6941397457220144	False
DPB1:HLA-DPB1_nov_45e5d80b	6.670703309822157e-06	0.00018338529249953498	0.006774897498136099	0.0007816807650937349	0.004634961116338811	0.5909730946714781	False
DPB1:HLA-DPB1_nov_466b6f1c	6.670703309821931e-06	0.00018338529249954438	0.002543670725435422	0.00022664306254260733	0.00023119102125988662	0.5909730946714782	False
DPB1:HLA-DPB1_nov_46b49ef9	6.6707033098224685e-06	0.00018338529249952207	0.0003801245783033339	0.00014722234005124627	0.0009874621581955063	0.6880876388067215	False
DPB1:HLA-DPB1_nov_46bc0f1d	0.00011320798242688549	0.00018338529249953706	0.02292148628316927	0.003457172345988204	0.02593880944544551	24.085566665286773	False
DPB1:HLA-DPB1_nov_46e8dcbb	6.670703309822548e-06	0.00018338529249951874	0.003048382913338218	0.0003413442182977734	4.907565368349286e-05	0.5909730946714782	False
DPB1:HLA-DPB1_nov_472be8a8	6.670703309822245e-06	0.00018338529249953134	0.0019250708256355051	0.00020768607285578602	0.003384627416897169	0.6880876388067216	False
DPB1:HLA-DPB1_nov_472fb37f	6.67070330982235e-06	0.00018338529249952703	0.0020981366756189306	0.0004221406724960599	0.0038091174038730616	0.599443999048805	False
DPB1:HLA-DPB1_nov_473ce0a1	6.67070330982252e-06	0.00018338529249951993	0.0004964101944962636	0.0001267930137527166	0.0024978264770928317	0.5994439990488051	False
DPB1:HLA-DPB1_nov_478a1735	6.670703309822204e-06	0.00018338529249953305	0.0012118942264366806	0.00010508871414370441	0.0018278682567835483	0.5994439990488052	False
DPB1:HLA-DPB1_nov_47b8d8b5	6.670703309821852e-06	0.0001833852924995476	0.004150495861298622	0.00040568096922398607	0.000791686090439384	0.599443999048805	False
DPB1:HLA-DPB1_nov_47ca8826	6.670703309822358e-06	0.00018338529249952663	0.0004429908478131322	0.00016166499179942848	0.002423848491848824	0.6880876388067214	False
DPB1:HLA-DPB1_nov_47df9bbd	6.67070330982217e-06	0.0001833852924995344	0.0011089209049020784	2.3541199547277093e-05	0.0008495803336684579	0.599443999048805	False
DPB1:HLA-DPB1_nov_48068d38	5.3325690687962046e-05	0.00018338529249956718	0.006211388861234568	0.0010525416536117415	0.003372767199389665	1.5974567887525137	False
DPB1:HLA-DPB1_nov_49092661	6.670703309821778e-06	0.0001833852924995507	0.007905428465436622	0.0009512298905711301	0.013022936909161845	1.3973898468176043	False
DPB1:HLA-DPB1_nov_497ebb9a	6.6707033098220094e-06	0.0001833852924995411	0.005421458571932067	0.0006136494833561425	0.003030510111874565	0.5909730946714782	False
DPB1:HLA-DPB1_nov_4b0d6f9a	6.670703309822321e-06	0.00018338529249952817	0.0062384728695708035	0.0006896721161864497	0.0037963900591970992	0.5909730946714781	False
DPB1:HLA-DPB1_nov_4b7ec4ab	6.6707033098223e-06	0.00018338529249952904	0.0011751403157915035	0.00020899112619392253	0.0009514045353321653	0.6880876388067214	False
DPB1:HLA-DPB1_nov_4bc9b92e	2.0007831094757227e-05	0.00018338529249957861	0.010509342594374685	0.001431250030063278	0.014969286803134533	4.199360225770915	False
DPB1:HLA-DPB1_nov_4c62ecb1	6.670703309822221e-06	0.00018338529249953235	0.00317409361663278	0.0003230480785200675	0.00013119514531746967	0.5909730946714781	False
DPB1:HLA-DPB1_nov_4cf53e54	6.670703309821799e-06	0.00018338529249954988	0.004461464720434985	0.0005020015366514441	0.0008484365689027194	0.5994439990488051	False
DPB1:HLA-DPB1_nov_4d5ee85c	0.0010565198821594034	0.0001833852924996182	0.009823374092398002	0.0013461774784415653	0.04547167658395757	16.922478401637473	False
DPB1:HLA-DPB1_nov_4de758f2	6.670703309822099e-06	0.0001833852924995374	0.005944953379324959	0.0007341503542028433	0.005529302915421224	1.6941397457220144	False
DPB1:HLA-DPB1_nov_4ee4ddee	6.6707033098224965e-06	0.00018338529249952085	0.005401843167350822	0.0005892151651055164	0.0033029597062754455	0.5909730946714782	False
DPB1:HLA-DPB1_nov_4f2413d6	6.670703309822188e-06	0.0001833852924995337	0.003807248348196424	0.0003683808100360187	0.0013473929936463909	0.5909730946714782	False
DPB1:HLA-DPB1_nov_4f60eea9	6.670703309822373e-06	0.00018338529249952606	0.00067518025944292	0.00017728593884995837	0.004315356105793037	0.599443999048805	False
DPB1:HLA-DPB1_nov_503f46a5	1.3339980341409804e-05	0.00018338529249959526	0.0023667813647867486	0.00047490288664826357	0.007903186556153484	1.1824474387871218	False
DPB1:HLA-DPB1_nov_504ea5ab	6.670703309822222e-06	0.00018338529249953232	0.0004755467078663626	0.00014606074732509853	0.004593412923835022	0.599443999048805	False
DPB1:HLA-DPB1_nov_50c2b84c	0.00023272296721338622	0.00018338529249957184	0.014960056870335088	0.0010634290091361821	0.003930691716600585	28.97858166574694	False
DPB1:HLA-DPB1_nov_519274bf	6.67070330982183e-06	0.00018338529249954856	2.6119520752010132e-05	4.0746049738604625e-05	0.002212962060576133	0.599443999048805	False
DPB1:HLA-DPB1_nov_529ff116	6.6707033098224135e-06	0.00018338529249952435	0.005599739042922642	0.0009322569818069259	0.0036911440887585625	1.3973898468176043	False
DPB1:HLA-DPB1_nov_52d65672	1.3339980341410654e-05	0.00018338529249954116	0.005524368137265389	0.0005498167512455148	0.0016851841307122357	1.1824474387871216	False
DPB1:HLA-DPB1_nov_535effa3	6.670703309822511e-06	0.00018338529249952028	0.00170051517306498	0.0003480721314280341	0.006779100549913506	0.5909730946714781	False
DPB1:HLA-DPB1_nov_536947f8	9.329713825216587e-05	0.00018338529249957824	0.000765910907011563	7.236115858189509e-05	0.0031090659044677024	1.5217477219998752	False
DPB1:HLA-DPB1_nov_53fd0a52	6.6707033098223415e-06	0.00018338529249952733	0.003712463435196004	0.0006086159491777367	0.005903665351408187	1.3973898468176043	False
DPB1:HLA-DPB1_nov_54cd89d5	6.670703309822293e-06	0.0001833852924995293	0.006979434903212874	0.0007906783667315948	0.005136556431380597	0.5909730946714781	False
DPB1:HLA-DPB1_nov_54ecae33	6.670703309821868e-06	0.00018338529249954696	0.002411016453129561	0.0003452456509993537	0.0014643109086970435	0.599443999048805	False
DPB1:HLA-DPB1_nov_55f3dade	6.670703309821773e-06	0.00018338529249955089	0.0006221147164923184	5.284969460884815e-05	0.003439849315583668	0.5994439990488052	False
DPB1:HLA-DPB1_nov_563098b0	6.670703309821811e-06	0.00018338529249954931	0.005083947395063238	0.0007839704133238926	0.005302674361920308	1.3973898468176043	False
DPB1:HLA-DPB1_nov_56e33024	6.670703309822371e-06	0.00018338529249952609	0.0006872484631069987	2.7888049221933486e-05	0.003121541096778603	0.6880876388067215	False
DPB1:HLA-DPB1_nov_57782543	6.670703309822231e-06	0.0001833852924995319	0.0038071461765575893	6.798539482569345e-05	0.0010760406702103639	1.6941397457220146	False
DPB1:HLA-DPB1_nov_57cd49d1	6.670703309822129e-06	0.00018338529249953617	0.003955338672350959	0.0006200428787215087	0.003893993485190919	1.3973898468176045	False
DPB1:HLA-DPB1_nov_5810cfa5	6.6707033098219925e-06	0.0001833852924995418	0.003817294350133063	0.0005929914864989639	0.0059713323707044075	0.5909730946714782	False
DPB1:HLA-DPB1_nov_589455d0	6.670703309822229e-06	0.000183385292499532	0.004724362250566465	0.00048821045129832455	0.0038074605105612074	0.5909730946714782	False
DPB1:HLA-DPB1_nov_592a8fb3	6.67070330982238e-06	0.00018338529249952576	0.0016326146444704097	9.933793596679201e-05	0.002707263254055068	0.5994439990488051	False
DPB1:HLA-DPB1_nov_592c5ad6	2.6674255569873914e-05	0.00018338529249948307	0.004306236531169869	0.0003364309237597449	0.0018225797075115933	1.4104299354150327	False
DPB1:HLA-DPB1_nov_59da1fba	6.670703309822436e-06	0.0001833852924995234	0.001855047477125134	0.000150157625135307	0.0017744410435378323	0.6880876388067214	False
DPB1:HLA-DPB1_nov_59f86c4f	3.333925376674778e-05	0.00018338529249956184	0.0005498444991947793	4.418971726944151e-05	0.0016497194737770976	1.8271992514866933	False
DPB1:HLA-DPB1_nov_5b095264	6.67070330982228e-06	0.00018338529249952988	0.0006926088512045907	0.0002177610388158387	0.002676946295201378	0.6880876388067216	False
DPB1:HLA-DPB1_nov_5b3e4477	5.3325690687961064e-05	0.00018338529249958536	0.002522954913460645	2.391944762100171e-06	0.0009121078902164518	0.8753187760257055	False
DPB1:HLA-DPB1_nov_5b884718	0.0006798811620978584	0.00018338529249956766	0.011130475924737803	0.002332500205497137	0.011638388532207939	1.9992603831248796	False
DPB1:HLA-DPB1_nov_5c4f3f31	6.670703309822214e-06	0.00018338529249953264	0.000556921478063458	0.00019028276191707634	0.0030844928217550194	0.599443999048805	False
DPB1:HLA-DPB1_nov_5ca3201a	6.670703309822073e-06	0.0001833852924995384	0.008248029208690477	0.0009076120966444783	0.013528453122107707	1.3973898468176043	False
DPB1:HLA-DPB1_nov_5cc512ff	6.670703309822142e-06	0.00018338529249953565	0.006782312203757828	0.000789995578448687	0.0045745156040348945	0.5909730946714782	False
DPB1:HLA-DPB1_nov_5ccc7fc1	6.670703309822058e-06	0.0001833852924995391	0.0008375153177188942	0.0003245062328965991	0.004608284903830163	0.6880876388067214	False
DPB1:HLA-DPB1_nov_5d1f72f3	0.00029889514597307025	0.000183385292499577	0.016252871657719752	0.0014889913728448783	0.0023405434292097225	6.078092782467681	False
DPB1:HLA-DPB1_nov_5d8b3b62	6.670703309822059e-06	0.00018338529249953901	0.006100761435408515	0.000640668521488454	0.006510470089912188	1.3973898468176043	False
DPB1:HLA-DPB1_nov_5dd22e69	6.670703309821839e-06	0.00018338529249954818	0.004180923958056473	8.43181529150925e-05	0.0026736019819003625	1.3973898468176043	False
DPB1:HLA-DPB1_nov_5ddbbb09	6.670703309821786e-06	0.0001833852924995504	0.006633724409247813	0.0007748206020745016	0.005427431784665455	0.5909730946714781	False
DPB1:HLA-DPB1_nov_5e0597fa	6.6707033098223635e-06	0.00018338529249952644	0.003278182671342042	0.0005408615718698169	0.004218490393399264	1.3973898468176043	False
DPB1:HLA-DPB1_nov_5e3dcb84	1.3339980341408572e-05	0.0001833852924995571	0.002414210923522713	0.00022543584595597065	0.004477428051433636	0.9466166068903512	False
DPB1:HLA-DPB1_nov_5f6967c9	6.6707033098217935e-06	0.00018338529249955007	0.007673059759126322	0.0008983945321853731	0.013331491842881748	1.3973898468176043	False
DPB1:HLA-DPB1_nov_5f814786	6.6707033098220425e-06	0.00018338529249953977	0.0038558600600771655	0.00035600589966542273	0.0038799228389914202	0.5909730946714781	False
DPB1:HLA-DPB1_nov_605de418	0.0003386669145843352	0.00018338529249951627	0.030683630148199248	0.004636959098908797	0.0319926925350484	35.80656502544296	False
DPB1:HLA-DPB1_nov_606edc7e	1.33399803414088e-05	0.0001833852924995346	0.001197780697327606	5.606486064641817e-05	0.006558642932385428	0.9466166068903514	False
DPB1:HLA-DPB1_nov_6180c543	6.670703309822104e-06	0.00018338529249953712	0.004748027034394879	0.0004996301972736884	0.0038575913256334916	0.5909730946714781	False
DPB1:HLA-DPB1_nov_62a1237d	1.3339980341409824e-05	0.00018338529249958344	0.005046821340695207	0.000507619814692137	0.0034683732844438715	1.1824474387871218	False
DPB1:HLA-DPB1_nov_6352fb47	6.6707033098223694e-06	0.00018338529249952614	0.003425682615079805	0.0002719834901184114	0.0028349677505657414	1.6941397457220144	False
DPB1:HLA-DPB1_nov_6581ce3c	6.670703309822288e-06	0.00018338529249952947	0.0011199465111491067	0.00010611000935415413	0.0006226526436550381	0.5994439990488049	False
DPB1:HLA-DPB1_nov_65f86c1f	6.670703309822002e-06	0.0001833852924995414	0.0010025821135811678	0.00019123498173031876	0.004044692695851857	4.683899434417872	False
DPB1:HLA-DPB1_nov_6687953b	6.670703309821885e-06	0.00018338529249954628	7.937509211501838e-05	1.231549980580992e-06	0.002248175723857962	0.6880876388067216	False
DPB1:HLA-DPB1_nov_66d39d44	6.670703309822492e-06	0.0001833852924995211	0.00011886367724257104	6.345231170854927e-05	0.004532390579974088	0.599443999048805	False
DPB1:HLA-DPB1_nov_67156f53	6.670703309821787e-06	0.00018338529249955032	0.003669864714029079	0.00036734703391734904	0.0005983108590227263	0.5909730946714781	False
DPB1:HLA-DPB1_nov_67fc92ee	6.670703309822515e-06	0.00018338529249952012	0.0005262831066246147	0.00014064830714449896	0.0016513067936033195	0.599443999048805	False
DPB1:HLA-DPB1_nov_68a8bada	6.670703309822115e-06	0.00018338529249953666	0.00638024168648364	0.0007367892130700853	0.004042829394364551	0.5909730946714782	False
DPB1:HLA-DPB1_nov_6a417b83	6.670703309822325e-06	0.00018338529249952798	0.002259369014232874	0.0004660895586750289	0.006257296943525576	0.6880876388067217	False
DPB1:HLA-DPB1_nov_6aa5af1f	6.670703309822353e-06	0.00018338529249952682	0.004887966127030314	0.0005356059661675531	0.0033689617549712406	0.5909730946714782	False
DPB1:HLA-DPB1_nov_6b76413a	6.670703309822462e-06	0.0001833852924995224	0.001518819461766341	0.00033399523854147825	0.0030517113986208593	4.683899434417871	False
DPB1:HLA-DPB1_nov_6ba5dd39	6.6707033098224965e-06	0.00018338529249952085	0.0075593293692779095	0.0008766621598241373	0.005523013196323439	0.5909730946714782	False
DPB1:HLA-DPB1_nov_6cbc9e6a	6.670703309822156e-06	0.000183385292499535	0.005031655020957041	0.0005303709821140087	0.0036705208957489126	0.5909730946714781	False
DPB1:HLA-DPB1_nov_6d904e02	6.6707033098221916e-06	0.00018338529249953354	0.004507319376262969	0.0004993021648104617	0.003622303917110593	0.5909730946714781	False
DPB1:HLA-DPB1_nov_6e1a5127	6.670703309822385e-06	0.0001833852924995255	0.0075886903017136275	0.0008946965671559894	0.005924325328945658	0.5909730946714781	False
DPB1:HLA-DPB1_nov_6e8a6921	6.670703309822364e-06	0.00018338529249952638	0.0009663938382482214	3.154333665001266e-05	0.002783153676836307	0.6880876388067213	False
DPB1:HLA-DPB1_nov_6ec59a17	4.000282568539092e-05	0.00018338529249953397	0.011966817689560016	0.0012767617532718988	0.007883300295178692	0.9263507983367233	False
DPB1:HLA-DPB1_nov_6ecbf298	6.670703309822427e-06	0.00018338529249952378	0.004853474858573272	0.0005296000543173094	0.0026758474206930657	0.6880876388067215	False
DPB1:HLA-DPB1_nov_6ee20b2f	6.670703309822294e-06	0.0001833852924995293	0.007027716276347386	0.0008262749137792501	0.005314717981999637	0.5909730946714781	False
DPB1:HLA-DPB1_nov_6f2485c6	6.670703309822342e-06	0.00018338529249952728	0.0049636369544176885	0.0005775194034586531	0.0022596837655369647	0.6880876388067215	False
DPB1:HLA-DPB1_nov_7060072c	6.6707033098218434e-06	0.00018338529249954799	0.0014091989772811815	0.00010741998198838557	0.0030290083144295784	0.6880876388067214	False
DPB1:HLA-DPB1_nov_7189b746	0.000745397252868996	0.00018338529249961412	0.030450592872500588	0.0031249638920602257	0.016563121074334677	13.196169705697535	False
DPB1:HLA-DPB1_nov_7236acd4	6.670703309821909e-06	0.00018338529249954533	0.002058870221458662	0.00017636980243043948	0.0021956027538617786	0.5994439990488051	False
DPB1:HLA-DPB1_nov_72a750ed	6.67070330982184e-06	0.00018338529249954818	0.0038286271599833875	0.0006459343153360691	0.004395769018406714	1.3973898468176043	False
DPB1:HLA-DPB1_nov_73832351	6.670703309822195e-06	0.00018338529249953338	0.0014941857274693364	0.00018380521587293432	0.004001923574173543	0.5994439990488051	False
DPB1:HLA-DPB1_nov_74296d82	6.670703309822228e-06	0.00018338529249953202	0.005326566344988764	0.0005859208482097214	0.0031144284542686793	0.5909730946714782	False
DPB1:HLA-DPB1_nov_7491cea2	6.6707033098219925e-06	0.0001833852924995418	0.002725236409409543	0.0002199030502168527	0.001442085262305857	0.5909730946714782	False
DPB1:HLA-DPB1_nov_756fa9fa	6.67070330982188e-06	0.00018338529249954647	0.001748070090453071	0.00027678213131903306	0.004028735315305437	4.683899434417873	False
DPB1:HLA-DPB1_nov_75d55bb4	6.670703309822208e-06	0.00018338529249953292	0.00024786508651533987	4.2202588269859935e-05	0.0013148989376710156	0.5994439990488049	False
DPB1:HLA-DPB1_nov_75fbb1fb	1.3339980341409971e-05	0.00018338529249955457	5.2629228696766115e-05	6.251369094534312e-06	0.0016917884737482581	1.1824474387871216	False
DPB1:HLA-DPB1_nov_78615f52	1.3339980341409531e-05	0.00018338529249953365	0.007601026494962882	0.0008526031286828265	0.005090915753944171	1.1824474387871216	False
DPB1:HLA-DPB1_nov_78765737	6.670703309822171e-06	0.0001833852924995344	0.00035186942537150705	0.00011488835670938503	0.003688261575157076	0.6880876388067214	False
DPB1:HLA-DPB1_nov_787d133c	6.670703309822475e-06	0.00018338529249952183	0.002234410639499027	0.0003671911142312939	0.001711481545295934	1.6941397457220149	False
DPB1:HLA-DPB1_nov_78f28277	6.6707033098224906e-06	0.00018338529249952118	0.0029381647030467988	0.0002768119628427157	0.0008108008919914197	0.6880876388067214	False
DPB1:HLA-DPB1_nov_79996d04	6.6707033098224855e-06	0.00018338529249952134	0.004557495487937977	0.0004770415224012039	0.004893368345918226	0.5909730946714781	False
DPB1:HLA-DPB1_nov_79c583c2	6.67070330982229e-06	0.00018338529249952945	0.0007776409195776712	0.00022729536662547003	0.004484906401463625	0.599443999048805	False
DPB1:HLA-DPB1_nov_79f96803	6.670703309822251e-06	0.0001833852924995311	0.002850363047969825	0.0005930191919505185	0.000860225453159475	1.3973898468176043	False
DPB1:HLA-DPB1_nov_7aeecef9	0.00025910055691010794	0.0001833852924996075	0.012580887438428093	0.0012057131415698695	0.014674809039537905	8.062199878518731	False
DPB1:HLA-DPB1_nov_7b9e8423	6.670703309822013e-06	0.000183385292499541	0.004015496629670055	0.00041156081833358194	0.0017267828740052968	0.6880876388067212	False
DPB1:HLA-DPB1_nov_7c209f15	6.670703309822122e-06	0.0001833852924995364	0.004715842856756196	0.0005216383034630808	0.0027855934752025633	0.5909730946714782	False
DPB1:HLA-DPB1_nov_7c2696a8	6.670703309821991e-06	0.00018338529249954186	0.002379423590814668	8.37966931450342e-05	0.005142066021407709	0.6880876388067214	False
DPB1:HLA-DPB1_nov_7c518d74	6.670703309821916e-06	0.000183385292499545	0.0025718482954318273	0.00020212487802308816	0.0014039181371609784	1.6941397457220149	False
DPB1:HLA-DPB1_nov_7c6149a9	6.670703309822155e-06	0.00018338529249953506	0.006767116846342811	0.0007448890353915643	0.0050165945461256856	0.6880876388067215	False
DPB1:HLA-DPB1_nov_7c70ec51	6.67070330982215e-06	0.00018338529249953525	0.004207234447242137	0.00043904418234703806	0.0027686644956234595	0.6880876388067216	False
DPB1:HLA-DPB1_nov_7d4fc264	6.670703309822041e-06	0.0001833852924995398	0.0035129883991818138	0.0002660135564576861	0.0052013449471780635	0.6880876388067217	False
DPB1:HLA-DPB1_nov_8065a154	6.67070330982226e-06	0.0001833852924995307	0.0023619464918370704	0.00020082750224955327	0.0013379578068196867	0.6880876388067214	False
DPB1:HLA-DPB1_nov_8155cf71	6.670703309821919e-06	0.00018338529249954484	0.001353494463554654	0.0002587071621953868	0.00017633448522286956	1.3973898468176043	False
DPB1:HLA-DPB1_nov_82272aa3	1.3339980341410497e-05	0.000183385292499474	0.0009771142176905657	4.081243180571448e-06	0.0028716577400900306	2.4350205413387176	False
DPB1:HLA-DPB1_nov_826631c1	6.670703309821947e-06	0.0001833852924995437	0.006529528590496721	0.0009823418815960467	0.005371359309726894	1.3973898468176043	False
DPB1:HLA-DPB1_nov_83059868	1.3339980341409744e-05	0.00018338529249957637	0.001542717235298197	0.00017944745907107348	0.0034764435053113826	9.392386267441605	False
DPB1:HLA-DPB1_nov_83d67352	6.670703309822066e-06	0.00018338529249953872	0.0006485354580146426	1.2299300294596271e-05	0.0017043978674996909	0.5994439990488051	False
DPB1:HLA-DPB1_nov_841788f4	6.670703309822118e-06	0.00018338529249953657	0.004661670518675205	0.0005078707360979002	0.005289075101011981	0.5909730946714782	False
DPB1:HLA-DPB1_nov_857410b3	6.670703309821776e-06	0.00018338529249955078	0.0015331494722543666	0.00024446835931418395	0.00123354237336002	0.5994439990488052	False
DPB1:HLA-DPB1_nov_865c76cf	6.670703309822084e-06	0.00018338529249953793	0.006205075915645606	0.0004918989903890345	0.005821977705026969	1.3973898468176043	False
DPB1:HLA-DPB1_nov_869975ef	6.670703309821829e-06	0.0001833852924995487	0.003735124818787688	0.0006504061957579599	0.002937079540388992	1.3973898468176043	False
DPB1:HLA-DPB1_nov_879e1685	2.667425556987421e-05	0.0001833852924995544	0.005299957170386188	0.0003101765875838637	0.0025049931225814307	6.797261301573056	False
DPB1:HLA-DPB1_nov_87b2a5bf	6.670703309822379e-06	0.00018338529249952581	0.0009301722416896451	6.731362108525392e-05	0.001242984145438807	0.5909730946714781	False
DPB1:HLA-DPB1_nov_88ad7256	6.670703309822098e-06	0.0001833852924995374	0.000790606390803077	1.6703457650416074e-05	0.0013583186303928554	4.683899434417869	False
DPB1:HLA-DPB1_nov_8963b7d7	6.67070330982234e-06	0.00018338529249952739	0.005890940118683147	0.0006681412017252227	0.004209233722311426	0.5909730946714781	False
DPB1:HLA-DPB1_nov_8a7c2608	6.670703309822461e-06	0.0001833852924995224	0.0009016367618360111	5.281700661804267e-05	0.002509364973739274	0.5909730946714782	False
DPB1:HLA-DPB1_nov_8b2a838e	6.670703309822243e-06	0.00018338529249953137	0.0009361437472206809	9.568675988149487e-06	0.0021298352634216704	4.683899434417872	False
DPB1:HLA-DPB1_nov_8b537dc1	6.670703309822101e-06	0.00018338529249953725	0.006213423622616256	0.0009192581912304644	0.005921824390061235	1.3973898468176043	False
DPB1:HLA-DPB1_nov_8b80495a	6.670703309822153e-06	0.00018338529249953517	0.006188985731997762	0.0007335791815481392	0.0065166261881145545	0.5909730946714781	False
DPB1:HLA-DPB1_nov_8be92af6	6.67070330982185e-06	0.0001833852924995477	0.0008848011038528395	0.00019269186912277848	0.003796331065977748	4.683899434417873	False
DPB1:HLA-DPB1_nov_8c360ffb	0.004801177733849382	0.00018338529249955867	0.016662675815730006	0.015434850283183437	0.0337639202737086	43.80944173438606	False
DPB1:HLA-DPB1_nov_8f009c94	6.670703309821928e-06	0.00018338529249954446	0.006634469509847716	0.001130847186796627	0.007676236960358132	1.3973898468176043	False
DPB1:HLA-DPB1_nov_8f2f5eec	6.670703309821799e-06	0.00018338529249954988	0.0017021793431962764	7.893645423108421e-05	0.0002924763388534298	0.6880876388067212	False
DPB1:HLA-DPB1_nov_91599a80	0.00018631757852654552	0.00018338529249955078	0.016445801745632652	0.0016216775190683239	0.006073447786987578	6.199422520072562	False
DPB1:HLA-DPB1_nov_9261902d	0.00017297474562866618	0.00018338529249957384	0.021998970448647726	0.002386703755652454	0.012996490958911583	5.572414012987712	False
DPB1:HLA-DPB1_nov_9306e395	2.0007831094749854e-05	0.0001833852924996416	0.003802543647022608	0.0003161463381250489	0.0006626243509077357	0.7213758221733102	False
DPB1:HLA-DPB1_nov_94a30a4f	6.670703309822394e-06	0.0001833852924995252	0.002838899394713982	0.0003423377615897597	0.0004174859318500645	0.6880876388067214	False
DPB1:HLA-DPB1_nov_94b336f6	6.67070330982202e-06	0.00018338529249954072	0.004923813497141213	0.0005024114736039698	0.005019372616553207	0.5909730946714781	False
DPB1:HLA-DPB1_nov_95af8837	6.670703309821936e-06	0.00018338529249954422	0.0037462412799488896	0.0005972982834046811	0.0021417188517191582	1.3973898468176043	False
DPB1:HLA-DPB1_nov_95f81a99	6.670703309821806e-06	0.00018338529249954953	0.0012463882977963232	0.0001973858401672567	0.0035696567135142868	4.683899434417871	False
DPB1:HLA-DPB1_nov_963fc88a	6.670703309821889e-06	0.00018338529249954614	0.0019843248753936885	0.00038810751133434244	0.00013094240082065276	1.3973898468176043	False
DPB1:HLA-DPB1_nov_96b118a2	6.670703309821996e-06	0.00018338529249954167	0.0017138059511548735	0.0004124559575994389	0.0013512682036031813	0.6880876388067214	False
DPB1:HLA-DPB1_nov_9773eb32	1.3339980341407978e-05	0.00018338529249955699	0.012420588137162326	0.001766932081868382	0.016653686227567077	1.3456954518650193	False
DPB1:HLA-DPB1_nov_977be48f	6.670703309822178e-06	0.00018338529249953405	0.00041329657313177935	8.099064343840243e-05	0.004098545814419383	0.6880876388067213	False
DPB1:HLA-DPB1_nov_97c59a6e	6.670703309822532e-06	0.00018338529249951944	0.00472318024971693	0.0005264853991646341	0.0027666382512661607	0.5909730946714781	False
DPB1:HLA-DPB1_nov_97e2e267	6.670703309822339e-06	0.0001833852924995274	0.00019858460547185171	0.00014764824890007287	0.0028475882443305734	4.683899434417869	False
DPB1:HLA-DPB1_nov_9803d493	6.670703309822275e-06	0.00018338529249953004	0.007614057479779695	0.0007500995103608537	0.007311761739734206	1.3973898468176043	False
DPB1:HLA-DPB1_nov_98ae7273	6.670703309822376e-06	0.00018338529249952592	0.0008258318814477407	0.00010496811407910202	0.0008525897030435781	0.5909730946714781	False
DPB1:HLA-DPB1_nov_997e4e4d	1.3339980341409433e-05	0.00018338529249956184	0.011405347309356582	0.0012766466593893363	0.016224147473425116	2.7971745348465493	False
DPB1:HLA-DPB1_nov_9986bdbb	6.670703309822524e-06	0.0001833852924995198	0.0062836462813747945	0.0007294739583850786	0.003855487328238983	0.5909730946714782	False
DPB1:HLA-DPB1_nov_9a65c259	6.6707033098223245e-06	0.00018338529249952804	0.006229466210887963	0.0007275846963208617	0.004089010143403708	0.5909730946714781	False
DPB1:HLA-DPB1_nov_9a8f3155	6.670703309822393e-06	0.00018338529249952525	0.0035127984354482197	0.0003759204562200192	0.001675094732046446	0.6880876388067214	False
DPB1:HLA-DPB1_nov_9b0a7dbb	1.3339980341410407e-05	0.0001833852924996177	0.00031842108091448447	9.108103653176229e-05	0.0009664384340232567	0.4438038458086558	False
DPB1:HLA-DPB1_nov_9b2903cb	6.6707033098220205e-06	0.00018338529249954061	0.0009312733334111599	0.0001915260133794303	0.003178651989258669	4.683899434417873	False
DPB1:HLA-DPB1_nov_9c1477ae	6.6707033098219425e-06	0.0001833852924995439	0.004402467562429793	0.00019434441747788635	0.0038531085347209854	1.6941397457220144	False
DPB1:HLA-DPB1_nov_9c5e2962	6.670703309822544e-06	0.00018338529249951893	0.0006708293357095427	0.000351401126884624	0.00410866502904297	0.6880876388067212	False
DPB1:HLA-DPB1_nov_9cbd35d7	6.670703309822177e-06	0.0001833852924995342	0.00018635951805440434	9.051603111093799e-05	0.0006703099998406298	0.5909730946714781	False
DPB1:HLA-DPB1_nov_9d266ace	6.670703309822407e-06	0.0001833852924995246	0.00012760983157602705	0.00016392708476904095	0.004784763425545075	0.6880876388067215	False
DPB1:HLA-DPB1_nov_9d2a5699	6.670703309822307e-06	0.00018338529249952877	2.283402893006949e-05	0.00017292193073399842	0.0038204302574120627	0.5994439990488051	False
DPB1:HLA-DPB1_nov_9dfebb85	1.3339980341410446e-05	0.00018338529249960523	0.006727034091306339	0.0007580444543799053	0.0064393446885911915	2.797174534846549	False
DPB1:HLA-DPB1_nov_9edac7a5	6.6707033098220586e-06	0.0001833852924995391	0.001990108569479817	0.00027642875600721137	0.0033715565445773007	4.683899434417869	False
DPB1:HLA-DPB1_nov_a0082d76	6.670703309822452e-06	0.00018338529249952275	9.770293557563525e-05	3.886026571941581e-05	0.0016913964276687955	0.5994439990488051	False
DPB1:HLA-DPB1_nov_a0730114	6.6707033098220865e-06	0.00018338529249953788	0.004194997480040958	0.0004550425641447601	0.0019548953326133534	0.5909730946714781	False
DPB1:HLA-DPB1_nov_a15742a6	6.670703309822164e-06	0.00018338529249953468	1.3905327485761006e-05	6.91554983025181e-05	0.0035419063654831984	4.683899434417871	False
DPB1:HLA-DPB1_nov_a252204f	1.3339980341410268e-05	0.0001833852924995035	0.0010991375388728602	0.0002504697453428208	0.0037880103250962213	2.4392648122455474	False
DPB1:HLA-DPB1_nov_a2601b3e	6.670703309822378e-06	0.00018338529249952581	0.007040098816903728	0.0009331003962627709	0.005694681264354303	0.5909730946714781	False
DPB1:HLA-DPB1_nov_a4419868	0.0001264994693082555	0.00018338529249954346	0.01879886519303887	0.0019397650810115913	0.014845999110447306	9.80194335158162	False
DPB1:HLA-DPB1_nov_a53b46cc	3.3339253766748006e-05	0.00018338529249956135	0.004406865793479093	0.00039010024844860137	0.0008059679512474652	3.4470007847709137	False
DPB1:HLA-DPB1_nov_a5d64b68	6.6707033098219815e-06	0.00018338529249954232	0.0014205003134213257	0.0001887369449425394	0.0010285145892757195	0.5909730946714781	False
DPB1:HLA-DPB1_nov_a6688a0d	9.991079043253848e-05	0.00018338529249955742	0.016533145180819074	0.0017736534184296746	0.005984061312274858	5.14661980829183	False
DPB1:HLA-DPB1_nov_a713f0b3	6.670703309821857e-06	0.00018338529249954742	0.003486071605981033	0.00035461623028933375	0.0009770364083976106	0.5909730946714782	False
DPB1:HLA-DPB1_nov_a7d953b9	6.670703309822029e-06	0.0001833852924995403	0.0016811210911975873	1.7331933098213202e-05	0.0010301082929085883	0.6880876388067214	False
DPB1:HLA-DPB1_nov_a86b6c15	1.3339980341408543e-05	0.000183385292499559	0.010094615843447096	0.0011884895047966227	0.0068822246197900614	1.1824474387871218	False
DPB1:HLA-DPB1_nov_a9db06ff	6.670703309821968e-06	0.0001833852924995429	0.003627624951955651	0.0003679207867144533	0.0013734939406092024	1.694139745722015	False
DPB1:HLA-DPB1_nov_a9f39512	6.670703309821974e-06	0.00018338529249954257	0.001985887798996519	0.00011718536512868623	0.001972187742167931	0.5994439990488051	False
DPB1:HLA-DPB1_nov_aadeb06d	6.670703309822337e-06	0.00018338529249952747	0.0029982156806754477	0.00037341238301704256	0.00018349834481678386	0.5909730946714781	False
DPB1:HLA-DPB1_nov_aaf12ab2	2.000783109475367e-05	0.00018338529249960708	0.001990043116797294	8.797242985115473e-05	0.0021120823938344723	0.5937616151521613	False
DPB1:HLA-DPB1_nov_abd40c70	6.670703309822072e-06	0.00018338529249953853	0.008026260001955905	0.0009616766612035899	0.006693168893118705	0.5909730946714781	False
DPB1:HLA-DPB1_nov_ac7d8c33	0.0001730460595404705	0.00018338529249952606	0.0043271493229613146	0.000643463197742955	0.006722391013098228	1.3478180809850469	False
DPB1:HLA-DPB1_nov_ac9e0a6f	6.67070330982181e-06	0.0001833852924995494	0.006614085579475806	0.0006193201205674266	0.008817593844133612	1.3973898468176043	False
DPB1:HLA-DPB1_nov_adaf9238	2.6674255569874507e-05	0.00018338529249952562	0.014862473623463266	0.0022432992562423826	0.019373649510009083	3.271864158238	False
DPB1:HLA-DPB1_nov_addcbb59	6.670703309821926e-06	0.00018338529249954452	0.004582587556786888	0.0005067114398734078	0.003764697892459896	0.5909730946714782	False
DPB1:HLA-DPB1_nov_adfe1873	6.670703309822341e-06	0.00018338529249952739	0.006286088751350285	0.0008728887435237677	0.006562150981136826	1.3973898468176043	False
DPB1:HLA-DPB1_nov_ae39f1a1	6.670703309822476e-06	0.00018338529249952175	0.0011840961442208806	0.0002540671471770856	0.004104836013715467	0.5994439990488051	False
DPB1:HLA-DPB1_nov_af887000	6.6707033098224355e-06	0.00018338529249952343	0.0029468999573460755	0.00026841322383169976	0.0004800523898463201	0.6880876388067214	False
DPB1:HLA-DPB1_nov_af9de842	6.670703309822075e-06	0.0001833852924995384	0.007719523366596918	0.0005193542363867911	0.011780796218040375	1.3973898468176043	False
DPB1:HLA-DPB1_nov_afddf7e6	6.670703309821905e-06	0.00018338529249954547	4.175405294791585e-05	9.805698513537578e-05	0.0023619098928185987	0.5994439990488051	False
DPB1:HLA-DPB1_nov_b044f34f	2.000783109475106e-05	0.000183385292499634	0.007871969397135886	0.0008240414823907056	0.003681294518528433	0.8480849701594958	False
DPB1:HLA-DPB1_nov_b14f75ef	6.670703309821893e-06	0.00018338529249954598	0.00162520478834066	0.0003019219830101785	0.0046477672273766745	0.6880876388067215	False
DPB1:HLA-DPB1_nov_b1ab274f	0.0005427174104191435	0.0001833852924995343	0.03780734179353357	0.0041345862301702	0.021374345134484673	22.87001623790786	False
DPB1:HLA-DPB1_nov_b209d9c8	6.670703309822286e-06	0.0001833852924995297	0.0016617321065647876	0.00029856923919448404	0.004364613958706747	0.5994439990488051	False
DPB1:HLA-DPB1_nov_b257248b	6.670703309822471e-06	0.00018338529249952197	0.0015105423578018957	0.00031998446360089616	0.005063979403059642	0.5994439990488051	False
DPB1:HLA-DPB1_nov_b260f293	4.000282568539087e-05	0.00018338529249953105	0.006768286061521522	0.0005959925309943998	0.0035660560065971982	1.697487464601871	False
DPB1:HLA-DPB1_nov_b3e1df2f	6.670703309822194e-06	0.0001833852924995334	0.003504951704667608	0.000309363029102407	0.002836856329440656	0.5909730946714781	False
DPB1:HLA-DPB1_nov_b3ff98d0	6.670703309821859e-06	0.0001833852924995474	0.005294725690028072	0.0005684867126980156	0.002338006947424234	0.5909730946714782	False
DPB1:HLA-DPB1_nov_b48ff85e	6.67070330982201e-06	0.00018338529249954107	4.4918696970804996e-05	2.0077604451320117e-05	0.002886425319838854	1.6941397457220144	False
DPB1:HLA-DPB1_nov_b5a88c91	6.670703309821853e-06	0.0001833852924995476	0.0006897443944616662	0.00018779812076304608	0.001550237684004164	4.683899434417873	False
DPB1:HLA-DPB1_nov_b5e3e009	6.670703309821919e-06	0.00018338529249954484	0.001353494463554654	0.0002587071621953868	0.00017633448522286956	1.3973898468176043	False
DPB1:HLA-DPB1_nov_b729e67f	2.6682813239289667e-05	0.00018338529249952422	0.006230800755370747	0.0007412949970432411	0.004740329938034885	0.5909730946714782	False
DPB1:HLA-DPB1_nov_b74f2863	6.670703309822209e-06	0.0001833852924995329	0.007426713890653052	0.001099669507208759	0.009271168330963534	1.3973898468176043	False
DPB1:HLA-DPB1_nov_b77ca665	2.6682813239289715e-05	0.00018338529249952373	0.004982258284827061	0.0005600796079558927	0.0033632915019816433	0.5909730946714781	False
DPB1:HLA-DPB1_nov_b84f8a8b	6.670703309822293e-06	0.0001833852924995293	0.005232682167902128	0.0005500201993934237	0.0029831098960587843	0.5909730946714781	False
DPB1:HLA-DPB1_nov_b8c6704b	6.670703309822054e-06	0.00018338529249953926	0.0012524018050785793	9.21105763054367e-05	0.003729261079456524	0.6880876388067214	False
DPB1:HLA-DPB1_nov_b904b682	6.670703309822252e-06	0.00018338529249953105	0.00593918914510075	0.0006667173437954377	0.003975843318629934	0.5909730946714782	False
DPB1:HLA-DPB1_nov_ba8f9b74	6.670703309822022e-06	0.0001833852924995406	0.00207583617792009	0.00033503705954033956	0.0017008380958357958	0.599443999048805	False
DPB1:HLA-DPB1_nov_bb1ac87e	6.67070330982203e-06	0.0001833852924995403	0.008507498065129238	0.0011562582315478985	0.01091828100383551	1.3973898468176043	False
DPB1:HLA-DPB1_nov_bb41ef14	1.3339980341409772e-05	0.00018338529249957666	0.00358712665027502	0.0007075115126014305	0.0039136693824260715	0.4438038458086559	False
DPB1:HLA-DPB1_nov_bb5f59ac	6.670703309822414e-06	0.00018338529249952435	0.0006941767392381895	0.0002001175627658191	0.0039849254808691	0.5909730946714782	False
DPB1:HLA-DPB1_nov_bc05d939	0.00011985443900666538	0.00018338529249961602	0.007176178529386605	0.0005244434862564429	0.0004912255566727937	5.262093147308978	False
DPB1:HLA-DPB1_nov_bc384119	6.670703309822457e-06	0.0001833852924995226	0.00013904889066980753	0.0001755668158499858	0.00317617523205053	0.6880876388067212	False
DPB1:HLA-DPB1_nov_bc4072fb	6.670703309822519e-06	0.00018338529249951996	0.002056885756435407	0.00034794387559209376	0.0024773210026161055	1.6941397457220144	False
DPB1:HLA-DPB1_nov_bced2e9c	6.670703309821927e-06	0.00018338529249954452	0.006844172857988713	0.0007849855415787819	0.006433848129628744	0.5909730946714782	False
DPB1:HLA-DPB1_nov_bde058a1	6.670703309822154e-06	0.00018338529249953508	0.002244174524234985	0.00022391622124836043	0.0007563095963821495	0.5909730946714781	False
DPB1:HLA-DPB1_nov_be3183aa	6.670703309822174e-06	0.00018338529249953427	0.0012723898876170422	7.125579890934755e-05	0.003809074475506033	0.5909730946714781	False
DPB1:HLA-DPB1_nov_bf60f475	6.6707033098222636e-06	0.00018338529249953056	0.003413165517229226	0.00033584335995690765	0.0004368435977025623	0.5909730946714781	False
DPB1:HLA-DPB1_nov_bf794911	6.670703309822076e-06	0.00018338529249953834	0.003202755793813871	0.0003305153004840523	0.0029545908891401543	0.599443999048805	False
DPB1:HLA-DPB1_nov_bfe5d2c7	6.670703309822079e-06	0.00018338529249953823	0.00463275855405866	0.000512559870517096	0.003378853403662571	0.5909730946714782	False
DPB1:HLA-DPB1_nov_c1d12b13	6.670703309822247e-06	0.00018338529249953124	0.004473493885928347	0.0004306332522451652	0.0030327693725161666	1.3973898468176043	False
DPB1:HLA-DPB1_nov_c237d9c2	0.0012364905225360164	0.00018338529249951657	0.0166232124381192	0.0034461195012345795	0.02509987077183924	9.83805123288805	False
DPB1:HLA-DPB1_nov_c2c8847e	2.0007831094752937e-05	0.000183385292499613	0.001947275082234334	0.0004997545348668827	0.0016450907622882495	0.4625569963499336	False
DPB1:HLA-DPB1_nov_c4c25174	6.670703309822096e-06	0.00018338529249953755	0.00745337135237617	0.0008728445394663582	0.00570949498820639	0.5909730946714782	False
DPB1:HLA-DPB1_nov_c551b5df	6.670703309821912e-06	0.00018338529249954517	0.000388578510529855	0.0001504262923670748	0.005937557519812025	0.5909730946714781	False
DPB1:HLA-DPB1_nov_c59f14c2	6.670703309822175e-06	0.00018338529249953427	0.001401914287241241	0.0002594583285711252	0.0025066061336474392	0.6880876388067214	False
DPB1:HLA-DPB1_nov_c6a98d8d	6.670703309822381e-06	0.00018338529249952576	9.440524881445164e-05	0.00016202384503962832	0.00536581634328348	0.5994439990488051	False
DPB1:HLA-DPB1_nov_c7306f67	6.67070330982214e-06	0.00018338529249953565	0.0038144891561730865	0.00037227094571648663	0.0024385003813025435	0.5909730946714782	False
DPB1:HLA-DPB1_nov_c7a27ce2	6.670703309821821e-06	0.00018338529249954888	0.0034040226933430917	0.0005036968612418479	0.0021659955138851753	1.6941397457220146	False
DPB1:HLA-DPB1_nov_c7ddca42	6.670703309822381e-06	0.00018338529249952576	0.0006824550892241783	0.00020129645197872482	0.004251712098409779	1.3973898468176043	False
DPB1:HLA-DPB1_nov_c811667d	6.670703309821996e-06	0.00018338529249954167	0.005855122106425447	8.516617538468885e-05	0.0026540781770370797	1.6941397457220146	False
DPB1:HLA-DPB1_nov_c835f176	6.670703309822156e-06	0.000183385292499535	0.008003463566546971	0.0013038612327524292	0.010254743332086773	1.3973898468176043	False
DPB1:HLA-DPB1_nov_c8df797a	6.670703309821999e-06	0.00018338529249954156	0.002001029474454432	0.00011811110761854772	0.0012273802843251322	0.599443999048805	False
DPB1:HLA-DPB1_nov_c99775ae	6.6707033098221306e-06	0.00018338529249953611	0.00023447646418572508	0.00012147400409976554	0.001094597227478745	0.6880876388067214	False
DPB1:HLA-DPB1_nov_c9c1fdd2	6.670703309822318e-06	0.0001833852924995283	0.0010761028714604995	4.5696089455520856e-05	0.002429045650600909	0.6880876388067215	False
DPB1:HLA-DPB1_nov_c9eb6b38	6.6707033098221196e-06	0.00018338529249953655	0.001544827584952974	0.00012758350644067015	0.00043824210795986174	0.599443999048805	False
DPB1:HLA-DPB1_nov_ca735c86	6.670703309821818e-06	0.00018338529249954902	0.0023478097145971356	0.0005748245739569559	0.0044901367097912965	0.6880876388067214	False
DPB1:HLA-DPB1_nov_cb4e9353	6.6707033098223025e-06	0.00018338529249952896	0.0005995341420279384	4.87333088449345e-05	0.0015861672864264282	0.6880876388067214	False
DPB1:HLA-DPB1_nov_cb6a1737	6.670703309822177e-06	0.00018338529249953416	0.0031144630305328953	0.00022837741882977459	0.002560590921631923	0.5909730946714781	False
DPB1:HLA-DPB1_nov_cc91b17c	6.670703309822332e-06	0.00018338529249952774	0.0018455479404717355	0.00011457571516055117	0.0005018101445206414	0.6880876388067216	False
DPB1:HLA-DPB1_nov_cce0a18a	6.670703309822367e-06	0.00018338529249952625	0.0024487412766571893	0.00018783723314965241	0.004237231326300034	0.5909730946714782	False
DPB1:HLA-DPB1_nov_cd7080ce	6.670703309822437e-06	0.0001833852924995234	0.0030590145570699484	0.00032701261082217773	0.0008104432557781606	0.5909730946714782	False
DPB1:HLA-DPB1_nov_cea371e0	2.6674255569875225e-05	0.00018338529249950784	0.0015124836468353396	3.316275839385177e-05	0.003917879650575874	0.48589608896404174	False
DPB1:HLA-DPB1_nov_cf978ef4	6.670703309822545e-06	0.0001833852924995189	0.0018347053649392163	0.00031188122134729056	0.004536599223480974	0.5994439990488051	False
DPB1:HLA-DPB1_nov_cfdaa363	6.6707033098220975e-06	0.00018338529249953744	0.0031692514002292	0.00072067839160664	0.004869743039511641	0.6880876388067212	False
DPB1:HLA-DPB1_nov_d0542174	6.670703309822037e-06	0.00018338529249954004	0.003453454480183677	0.00015815823056853436	0.00025597063242664323	1.694139745722015	False
DPB1:HLA-DPB1_nov_d072e4de	2.0007831094752192e-05	0.00018338529249961082	0.008249509730923256	0.000918171268295896	0.00374106133406347	0.7509329605986618	False
DPB1:HLA-DPB1_nov_d0a2b1af	6.670703309822494e-06	0.00018338529249952107	0.005610583999739265	0.0006233811946149933	0.004409987081738422	0.5909730946714781	False
DPB1:HLA-DPB1_nov_d0f52f26	6.670703309822335e-06	0.00018338529249952766	0.006311561921052143	0.0011094455433874667	0.005656603503010441	1.3973898468176043	False
DPB1:HLA-DPB1_nov_d1178569	6.670703309821788e-06	0.00018338529249955026	0.00020090967479965676	6.202210059638274e-05	0.003593341447962001	0.599443999048805	False
DPB1:HLA-DPB1_nov_d2f98fdd	6.664285057759388e-05	0.00018338529249956455	0.0012806468212390202	0.0004595603919457481	0.00393580462751798	2.398165876339003	False
DPB1:HLA-DPB1_nov_d33a2add	0.0013427026102150554	0.00018338529249953853	0.06826979621717606	0.009910153635899043	0.0741387028579343	160.07921176075487	False
DPB1:HLA-DPB1_nov_d3a16651	6.6707033098224965e-06	0.00018338529249952088	0.002377555174667971	0.0005553773102310113	0.0048695791990230105	0.6880876388067213	False
DPB1:HLA-DPB1_nov_d40c498c	6.6707033098218485e-06	0.00018338529249954777	0.0006034744997815982	7.517425494598612e-06	0.0021472731304754493	0.599443999048805	False
DPB1:HLA-DPB1_nov_d51805f3	6.670703309822078e-06	0.00018338529249953826	0.0020566828364224797	0.00043326804612029644	0.0036738113308726187	0.599443999048805	False
DPB1:HLA-DPB1_nov_d5ed5583	6.6707033098225134e-06	0.0001833852924995202	0.005688432695746895	0.0006110243377823836	0.002612484413201228	0.6880876388067216	False
DPB1:HLA-DPB1_nov_d60c4de0	6.670703309822503e-06	0.0001833852924995206	0.005276216261246972	0.0005925972747511873	0.0033538374246212532	0.5909730946714782	False
DPB1:HLA-DPB1_nov_d71f0524	0.0005359340311286751	0.00018338529249955221	0.02013980095159793	0.0018332482968898378	0.006208285911349632	7.960603773476128	False
DPB1:HLA-DPB1_nov_d721d65a	2.6682813239287394e-05	0.00018338529249954777	0.009264641845817928	0.0014740439950840637	0.013758010336635915	1.3973898468176043	False
DPB1:HLA-DPB1_nov_d808ff16	6.670703309822258e-06	0.00018338529249953075	0.0006647672996846621	1.7634792938729472e-05	0.0031596250956530056	0.5909730946714781	False
DPB1:HLA-DPB1_nov_d86e058b	6.670703309822321e-06	0.00018338529249952817	0.005004886044336288	0.0005453345005192511	0.003360806626159732	0.5909730946714781	False
DPB1:HLA-DPB1_nov_d886ffab	6.670703309822419e-06	0.0001833852924995241	0.0001995651729164366	2.475312466357412e-05	0.0005334774466275823	1.694139745722015	False
DPB1:HLA-DPB1_nov_d8c72221	6.670703309822436e-06	0.0001833852924995234	0.0028658020982804083	0.0004612026394451943	0.005337112744227226	1.3973898468176043	False
DPB1:HLA-DPB1_nov_d93aab26	1.3339980341410619e-05	0.0001833852924995123	0.007922922699214926	0.0009074875841381844	0.006316188526554291	1.1824474387871216	False
DPB1:HLA-DPB1_nov_d968b9cc	6.670703309821982e-06	0.0001833852924995422	0.0031449131845858636	0.0003178995611553704	0.0016480418919294772	0.5909730946714782	False
DPB1:HLA-DPB1_nov_d99380fd	2.668281323928965e-05	0.00018338529249952443	0.0003613048445530007	2.6442826563864064e-05	0.0034103558994319416	0.6880876388067214	False
DPB1:HLA-DPB1_nov_d9ab0b19	6.670703309822239e-06	0.0001833852924995316	0.0008404334080660749	0.00021254740877938385	0.002557107436000552	0.599443999048805	False
DPB1:HLA-DPB1_nov_dba66d67	1.3339980341410205e-05	0.00018338529249950277	0.005520623221826642	0.0005851071794511576	0.002974139912975912	0.43956863663656204	False
DPB1:HLA-DPB1_nov_dc685655	6.670703309822397e-06	0.00018338529249952506	0.0032144549216960574	0.0002883194836251506	0.000239913572571452	0.6880876388067217	False
DPB1:HLA-DPB1_nov_dcc67c9a	6.670703309822411e-06	0.00018338529249952449	0.0003930054423110784	9.953351832699424e-05	0.0022829634315067572	0.6880876388067214	False
DPB1:HLA-DPB1_nov_dd20c8a1	6.670703309821799e-06	0.00018338529249954988	0.0025584271730320247	0.0006355644054264707	0.005624997860778425	0.6880876388067217	False
DPB1:HLA-DPB1_nov_ddf87277	5.332569068796224e-05	0.00018338529249957588	0.008482570169440755	0.0007928172092867426	0.002243072852845059	2.4076842374962264	False
DPB1:HLA-DPB1_nov_ddf98040	6.670703309821969e-06	0.0001833852924995428	0.00046801736971410996	0.00011174614360873892	0.003660014102683541	0.599443999048805	False
DPB1:HLA-DPB1_nov_dec76530	6.670703309821885e-06	0.00018338529249954628	0.003126630704381163	0.0006948270240967041	0.004028431413162696	0.6880876388067215	False
DPB1:HLA-DPB1_nov_df1eb82d	6.67070330982209e-06	0.00018338529249953777	0.004681504524036515	0.0004923425722314395	0.0023063603789569183	0.5909730946714781	False
DPB1:HLA-DPB1_nov_dfc252c3	6.670703309822186e-06	0.00018338529249953378	0.0033455098504238984	0.0007729978500853828	0.005728198503906277	0.6880876388067212	False
DPB1:HLA-DPB1_nov_e00c5076	6.670703309821825e-06	0.00018338529249954875	0.005637365416042565	0.0008231331338342556	0.006876495268078893	1.3973898468176043	False
DPB1:HLA-DPB1_nov_e04fd6c1	6.670703309822473e-06	0.0001833852924995219	0.0018778348104013776	3.6337087804930123e-05	0.0006426360450933456	0.6880876388067215	False
DPB1:HLA-DPB1_nov_e1d65592	6.67070330982179e-06	0.00018338529249955024	5.194323636672931e-05	4.374237180705608e-05	0.004931514070781603	0.5909730946714781	False
DPB1:HLA-DPB1_nov_e1ef471d	6.670703309821859e-06	0.00018338529249954736	0.0038600155193494385	0.0003243331591378378	0.0016869656141286844	1.3973898468176043	False
DPB1:HLA-DPB1_nov_e2eeaf30	1.3339980341410083e-05	0.0001833852924995698	0.005661757078023362	0.0006071374249763309	0.0028937596385834726	1.1824474387871216	False
DPB1:HLA-DPB1_nov_e35f090e	6.670703309822392e-06	0.00018338529249952525	0.00264170534824783	0.00035310203032945736	0.005294331275818198	0.599443999048805	False
DPB1:HLA-DPB1_nov_e36c8a8b	6.67070330982199e-06	0.0001833852924995419	0.00018482568394786493	0.0001528513687620565	0.0014842134140553478	0.5994439990488049	False
DPB1:HLA-DPB1_nov_e3d86c6a	3.333925376674784e-05	0.00018338529249955842	0.002857287254626608	0.00010053113986730657	0.004117572631793249	0.5085277330061709	False
DPB1:HLA-DPB1_nov_e54d67bb	6.670703309822335e-06	0.00018338529249952766	0.03792865905011904	0.33890123322196514	0.0004201108726334317	1.6941397457220146	False
DPB1:HLA-DPB1_nov_e57d9c13	6.670703309822e-06	0.00018338529249954154	0.004634963651347249	0.0005179716141115653	0.00385147959464603	0.5909730946714781	False
DPB1:HLA-DPB1_nov_e715f64c	6.670703309822465e-06	0.00018338529249952218	0.0017215688480892689	0.00027375636826894404	0.0023939540790104256	0.599443999048805	False
DPB1:HLA-DPB1_nov_e86bad35	6.670703309822376e-06	0.00018338529249952592	0.005295789041958532	0.0005861806020997833	0.0023041960023127647	0.5909730946714781	False
DPB1:HLA-DPB1_nov_e8de0bc5	2.000783109475473e-05	0.00018338529249959607	0.00017427551813511405	0.00026874727413261814	0.001961796108890836	1.799874305891823	False
DPB1:HLA-DPB1_nov_e8fe76a0	1.3339980341410451e-05	0.0001833852924994868	0.010410217582226747	0.0016399021209533126	0.014261999910021552	0.7983327472301327	False
DPB1:HLA-DPB1_nov_e910888f	6.670703309822343e-06	0.00018338529249952725	0.0026158331638572413	0.0003292955877978098	0.0013396114850247715	1.6941397457220146	False
DPB1:HLA-DPB1_nov_e94073a6	3.333925376674768e-05	0.0001833852924995887	0.0007240806557449241	0.0003314692908854558	0.006098965375674972	0.7291318495565612	False
DPB1:HLA-DPB1_nov_eb23d111	2.0007831094748648e-05	0.00018338529249966175	0.0026011530198341267	0.0007049042601958049	0.006150118517851803	2.0662298177221365	False
DPB1:HLA-DPB1_nov_ebc5342e	6.670703309821874e-06	0.0001833852924995468	0.001222900852098106	0.00010808462057172217	0.0009931209186766518	1.6941397457220144	False
DPB1:HLA-DPB1_nov_ec26cb49	6.67070330982219e-06	0.00018338529249953362	0.005269457016901628	0.0005887154458645282	0.0034071267130556387	0.5909730946714782	False
DPB1:HLA-DPB1_nov_ec2d4bc0	6.670703309821783e-06	0.00018338529249955053	0.0002920013027138285	0.00018588469886490557	0.0027792225138194276	0.5994439990488052	False
DPB1:HLA-DPB1_nov_ec897eca	6.670703309822262e-06	0.00018338529249953058	0.004976541685901729	0.0005388486880052753	0.003891107795379384	0.5909730946714781	False
DPB1:HLA-DPB1_nov_ec997aad	6.670703309821958e-06	0.00018338529249954324	0.0009375766750295365	0.00031051825126349284	0.004248893221985025	0.5909730946714782	False
DPB1:HLA-DPB1_nov_ecafc3bb	0.00017297474562866607	0.00018338529249957528	0.019760447170160348	0.002249575732721792	0.010125407981818888	6.139682493301286	False
DPB1:HLA-DPB1_nov_ed0f8ee5	6.670703309822359e-06	0.0001833852924995266	0.0033176943480768043	0.0003362501444656422	9.107944772903303e-05	0.5909730946714781	False
DPB1:HLA-DPB1_nov_ef228ae8	9.326005501801416e-05	0.0001833852924995625	0.016824967738931718	0.001875533804575526	0.011555352947153567	4.623763914437432	False
DPB1:HLA-DPB1_nov_f0155c7a	1.3339980341410502e-05	0.0001833852924995373	0.004822023276993135	0.0011208610940308516	0.008028625576608201	1.3768305991742118	False
DPB1:HLA-DPB1_nov_f044bf8a	6.670703309821808e-06	0.0001833852924995495	0.0009331851700688224	4.874382030854984e-05	0.0012398512741810183	4.683899434417871	False
DPB1:HLA-DPB1_nov_f0696db8	6.670703309822173e-06	0.00018338529249953435	0.002294135197351538	0.0004058942045612577	0.0036713151110932844	1.3973898468176043	False
DPB1:HLA-DPB1_nov_f08b3229	6.670703309821813e-06	0.00018338529249954931	0.001466420758605297	9.980110275424157e-05	0.001194844046404144	1.6941397457220146	False
DPB1:HLA-DPB1_nov_f0c2e276	6.6707033098221035e-06	0.0001833852924995372	0.0031836849543134555	0.00034000336226678516	0.0017057852290849973	0.5909730946714782	False
DPB1:HLA-DPB1_nov_f0dcf553	7.99543053542865e-05	0.00018338529249951565	0.00011692467396488869	4.666045793897237e-05	0.0072096571201774795	2.4555551131756967	False
DPB1:HLA-DPB1_nov_f0eb3008	6.670703309822472e-06	0.0001833852924995219	0.001039420145748173	0.0002590666778145236	0.004164696255158735	0.6880876388067215	False
DPB1:HLA-DPB1_nov_f0f9efd8	6.6707033098224186e-06	0.0001833852924995241	0.004883870288258449	0.0006276462081289942	0.00312345046738206	1.3973898468176043	False
DPB1:HLA-DPB1_nov_f2dd4674	6.670703309822074e-06	0.0001833852924995384	0.0012414961621059495	0.00015429213915112218	0.0010576143602586943	1.6941397457220146	False
DPB1:HLA-DPB1_nov_f3223c70	2.6682813239287746e-05	0.0001833852924995442	0.0007015613063201617	3.443300333124367e-06	0.00041391412277551147	4.68389943441787	False
DPB1:HLA-DPB1_nov_f4802b19	6.670703309822091e-06	0.0001833852924995377	0.001958345398317791	0.0002225045629540544	0.0003309516701165826	1.6941397457220146	False
DPB1:HLA-DPB1_nov_f49f88f6	6.670703309821961e-06	0.00018338529249954313	0.00048350264883502	0.0001980724593128797	0.002473260776597352	4.683899434417871	False
DPB1:HLA-DPB1_nov_f60af9e5	6.670703309822426e-06	0.00018338529249952386	0.0008980949345528166	1.3234638554050823e-05	0.0025308485637545457	0.5994439990488051	False
DPB1:HLA-DPB1_nov_f79aca97	6.670703309822545e-06	0.0001833852924995189	0.002721550121258481	0.0002471877130172512	0.002000875933942444	0.5994439990488051	False
DPB1:HLA-DPB1_nov_f7e04239	6.67070330982228e-06	0.00018338529249952988	0.0051362289303238775	0.0005970779285876398	0.006674254643734327	0.5909730946714781	False
DPB1:HLA-DPB1_nov_f912381f	6.67070330982252e-06	0.00018338529249951993	0.004593160423210887	0.0003514616351020709	0.0032626556775776513	1.3973898468176043	False
DPB1:HLA-DPB1_nov_f99acde5	6.670703309821795e-06	0.00018338529249955002	0.006303087118799904	0.0008881215711304662	0.010911037075543889	1.3973898468176043	False
DPB1:HLA-DPB1_nov_f9ee620f	6.670703309822168e-06	0.00018338529249953451	0.004836675558980208	0.0007103690592811039	0.006553243060448614	1.6941397457220153	False
DPB1:HLA-DPB1_nov_f9fcbe6e	6.67070330982195e-06	0.0001833852924995436	0.002646808085129201	0.0005689296251720073	0.003262377753267109	0.6880876388067215	False
DPB1:HLA-DPB1_nov_fa233dc5	6.6707033098223e-06	0.00018338529249952904	0.0032650815522846394	0.0006835500199561038	0.0005792374099532533	1.3973898468176043	False
DPB1:HLA-DPB1_nov_fb5dd6fb	0.0034702661658114363	0.00018338529249955327	0.018546191896141345	0.0033437612484474946	0.016512132218554947	17.00353216739814	False
DPB1:HLA-DPB1_nov_fc2a47f2	1.3339980341408708e-05	0.00018338529249952576	0.0004132567197772652	0.0001148424299341684	0.0035999650350419504	2.4392648122455474	False
DPB1:HLA-DPB1_nov_fcea4ff1	6.670703309822227e-06	0.00018338529249953208	0.0036173691594174754	0.0003358258216098462	0.002520092826510766	0.5909730946714782	False
DPB1:HLA-DPB1_nov_fd39cc41	6.6707033098223804e-06	0.00018338529249952576	0.0014197468609114053	0.0002801492102777744	0.0034718773503395117	0.5994439990488051	False
DPB1:HLA-DPB1_nov_fdfe1751	6.67070330982178e-06	0.00018338529249955064	0.0004266659116648434	0.0002124098681708847	0.003861518481239921	0.6880876388067214	False
DPB1:HLA-DPB1_nov_ffb3ec97	6.670703309822508e-06	0.00018338529249952045	0.0007968775480940005	0.00019218987255694854	0.004370539179354726	0.599443999048805	False
DQA1:HLA-DQA1*01:01:01:01	0.004084030774001276	0.00018338529249954197	0.00518741769034357	0.0030281029276879455	0.058390150125077304	29.59554018966026	False
DQA1:HLA-DQA1*01:01:01:03	0.0004046394143908633	0.00018338529249953462	0.0018857169928984472	0.0007568227442023649	0.01481505035537073	3.480570778658024	False
DQA1:HLA-DQA1*01:01:01:05	2.6674255569880013e-05	0.00018338529249944897	0.0010872716930814424	0.00010551132332181015	0.0011708345693803982	0.41940560314568903	False
DQA1:HLA-DQA1*01:01:01:06	6.670703309822299e-06	0.0001833852924995291	0.0029240578657083976	0.000571160519632213	0.001710443146363816	0.6880876388067214	False
DQA1:HLA-DQA1*01:01:01:07	0.0005164653332069832	0.00018338529249956737	0.049546428286498335	0.004886778595660637	0.07066776310401388	65.50190777310598	False
DQA1:HLA-DQA1*01:01:02:01	0.0030600129202836513	0.0001833852924995297	0.04821442162482984	0.004105594070278448	0.023454898214430753	23.416818571568523	False
DQA1:HLA-DQA1*01:01:02:02	0.00047684760264549673	0.00018338529249951343	0.0079218803231071	0.0002283792882342692	0.025728601921585714	17.882097124993795	False
DQA1:HLA-DQA1*01:01:04	6.670703309822396e-06	0.0001833852924995251	0.0010055950611741187	1.0491871993863557e-05	0.0026418802124381488	0.5909730946714782	False
DQA1:HLA-DQA1*01:01:09:01	1.3339980341409746e-05	0.000183385292499566	0.0092065218961261	0.0009438976449739912	0.010478761990931675	2.7971745348465493	False
DQA1:HLA-DQA1*01:02:01:01	0.00452120502123307	0.0001833852924996015	0.003482461231577865	0.0008808028236920852	0.04994252686903143	35.825641693298714	False
DQA1:HLA-DQA1*01:02:01:02	0.0006537603024836521	0.00018338529249958027	0.047942323928380715	0.005234522990675154	0.030830578788504856	34.938392610543445	False
DQA1:HLA-DQA1*01:02:01:03	0.006334672157418971	0.0001833852924995386	0.07494156983806836	0.009240519538690112	0.08647801735882402	159.33681657868706	False
DQA1:HLA-DQA1*01:02:01:04	0.0023913366000079877	0.0001833852924995481	0.02348412818227884	0.0018651790889989825	0.011393463783470779	16.758219401606468	False
DQA1:HLA-DQA1*01:02:01:05	0.00019309382642579174	0.00018338529249960764	0.0036015228048193295	0.0007123577514517698	0.0036129479513749264	0.8347027401848123	False
DQA1:HLA-DQA1*01:02:01:06	5.9984983771891654e-05	0.00018338529249959425	0.006214271825808109	0.0004527749348247415	0.00011627662008830837	1.3121754362947038	False
DQA1:HLA-DQA1*01:02:01:07	2.000783109475617e-05	0.0001833852924995692	0.000701853436171255	4.138995804149886e-05	0.004453148279833712	0.561385312293538	False
DQA1:HLA-DQA1*01:02:01:08	0.00013978525107670198	0.00018338529249955685	0.01843292049867738	0.002848770706178557	0.01860100666195852	23.743123988036473	False
DQA1:HLA-DQA1*01:02:01:10	0.0006864078113059456	0.0001833852924995664	0.0068343212795032885	0.0003219606633925519	0.025015984981397732	8.349709967545252	False
DQA1:HLA-DQA1*01:02:01:11	2.0007831094757294e-05	0.00018338529249953823	0.0030277484892275953	0.00044992204488217844	0.006103269646796248	1.097560614933711	False
DQA1:HLA-DQA1*01:02:01:13	2.0007831094752883e-05	0.0001833852924996234	0.007436775708337364	0.0008810001173889645	0.0065826199725679485	0.987373732702319	False
DQA1:HLA-DQA1*01:02:01:14	0.001377699199291955	0.00018338529249952628	0.05023835948192033	0.005023787393002063	0.01905674863272519	39.392690942177765	False
DQA1:HLA-DQA1*01:02:01:21	3.3339253766747566e-05	0.00018338529249954002	0.011866728307395762	0.001334753804882662	0.007336566285049772	1.2323303935860688	False
DQA1:HLA-DQA1*01:02:01:23	0.000894507511052929	0.00018338529249953004	0.0018216382847921961	0.00019705143823426312	0.026386955791212575	6.944575698492445	False
DQA1:HLA-DQA1*01:02:01:26	2.6674255569876045e-05	0.0001833852924995309	0.01095091860802335	0.0012206421097253491	0.00844013266606831	1.202549823977856	False
DQA1:HLA-DQA1*01:02:01:29	6.670703309822528e-06	0.00018338529249951958	6.826539965777616e-05	3.274714470497646e-07	0.0024767986327238127	0.5994439990488052	False
DQA1:HLA-DQA1*01:02:01:30	6.670703309822344e-06	0.0001833852924995272	0.001199341120281917	0.0002450334181990222	0.0029991913884342553	0.5994439990488049	False
DQA1:HLA-DQA1*01:02:02:01	0.0013521716714242006	0.00018338529249954834	0.031762099614563964	0.005137698668706808	0.017573366357892525	12.387414126700305	False
DQA1:HLA-DQA1*01:02:02:02	5.998498377189236e-05	0.00018338529249960203	0.016572508330931077	0.001921405029544836	0.013421615211733842	5.336856560174459	False
DQA1:HLA-DQA1*01:02:02:04	7.329929110506469e-05	0.00018338529249958436	0.003287338109148788	0.0005378380932393078	0.008892601936631946	6.466219055383979	False
DQA1:HLA-DQA1*01:03:01:01	0.002579555407423082	0.00018338529249954693	0.05701751179912846	0.021013094386912467	0.007914219521296366	213.76447046345027	False
DQA1:HLA-DQA1*01:03:01:02	0.003771150969923522	0.0001833852924995635	0.017588165869906042	0.0037903260993312174	0.06230981849918859	36.85370002790307	False
DQA1:HLA-DQA1*01:03:01:04	2.0007831094751945e-05	0.00018338529249960886	0.012910436578745391	0.0016859775202876552	0.017221472244571098	4.199360225770916	False
DQA1:HLA-DQA1*01:03:01:07	0.0009017458731005	0.00018338529249957225	0.07280769616004286	0.010002731833483883	0.08345515368839959	177.5782651472964	False
DQA1:HLA-DQA1*01:03:01:08	2.0007831094755153e-05	0.00018338529249958157	0.009071026665233982	0.0009731052464445494	0.01259225257751554	4.199360225770915	False
DQA1:HLA-DQA1*01:03:01:09	4.000282568539096e-05	0.00018338529249951603	0.006869023215400902	0.0006512976432200546	0.007402487429590373	1.3742399141909678	False
DQA1:HLA-DQA1*01:03:01:10	0.0008945075110529471	0.00018338529249952446	0.04391396738545841	0.004638896631349525	0.024581330022693394	29.76769102786454	False
DQA1:HLA-DQA1*01:03:01:17	0.0002460658001112657	0.00018338529249953232	0.0028456975913005995	0.0007364672432095229	0.013164588396567771	4.433726040971512	False
DQA1:HLA-DQA1*01:04:01:01	0.0007841363960373644	0.00018338529249956978	0.025390284031853925	0.0034719007415832466	0.021289235601000944	14.276723580945134	False
DQA1:HLA-DQA1*01:04:01:02	0.0013143909872306624	0.0001833852924995239	0.03403747510766978	0.0052040540701470805	0.00664996863462691	9.949137449253486	False
DQA1:HLA-DQA1*01:04:01:03	6.670703309822382e-06	0.0001833852924995256	0.0023911423934650467	7.177997204670859e-05	0.00011398781856995075	1.6941397457220144	False
DQA1:HLA-DQA1*01:04:01:04	2.000783109475453e-05	0.00018338529249958485	0.004776637745902313	0.000834426593341267	0.002254306716608414	0.9986755087989367	False
DQA1:HLA-DQA1*01:04:01:05	1.3339980341409079e-05	0.00018338529249954636	1.8236658388707153e-05	0.0001661606714181906	0.002930050317201545	0.39525281868272705	False
DQA1:HLA-DQA1*01:04:01:06	6.6707033098220366e-06	0.00018338529249954004	0.009120055638133074	0.0014691420351415835	0.01408170613862739	1.3973898468176043	False
DQA1:HLA-DQA1*01:04:02:01	7.995430535428651e-05	0.00018338529249952102	0.012486789752846682	0.0008633599712681777	0.002037183737838154	16.99013167649523	False
DQA1:HLA-DQA1*01:05:01:01	0.0024098710856850164	0.00018338529249952094	0.024020644353592944	0.002549123443961206	0.018052080829064156	21.7166087066743	False
DQA1:HLA-DQA1*01:05:01:02	0.0005357058266109511	0.00018338529249952424	0.029369246939879586	0.002931704477672098	0.014806768092441958	13.733652326290718	False
DQA1:HLA-DQA1*01:05:01:03	4.6664971325806685e-05	0.00018338529249949256	0.011511944402282445	0.0012116482737793042	0.009388101018544254	2.7999104168801834	False
DQA1:HLA-DQA1*01:05:02:01	0.0001663396992747211	0.00018338529249956395	0.01735948961858991	0.0020201716804384463	0.01376733148686613	10.57080670211498	False
DQA1:HLA-DQA1*01:07Q	6.6707033098217875e-06	0.00018338529249955032	0.0014499280935782151	0.00019312311542762998	0.0037241331155616684	0.599443999048805	False
DQA1:HLA-DQA1*01:10	0.0001862405595018169	0.00018338529249954704	0.006126210650768582	0.0011989269070356533	0.024519467303221902	9.432748796667507	False
DQA1:HLA-DQA1*01:133Q	2.6682813239288183e-05	0.00018338529249953958	0.00024748797751740796	0.00011815505224915542	0.003347847513615958	0.6880876388067216	False
DQA1:HLA-DQA1*01:14	6.670703309822503e-06	0.0001833852924995206	0.0007134493607683424	0.00018242199371157653	0.0050816741788219525	0.5994439990488052	False
DQA1:HLA-DQA1*01:63:01:01	1.3339980341409141e-05	0.00018338529249955536	0.003674016004885599	0.0003698241307159679	0.0005201470280273364	9.392386267441605	False
DQA1:HLA-DQA1*02:01:01:01	0.011329313123754231	0.0001833852924995603	0.022346044270746292	0.0014695723504082226	0.034631130902929415	36.11637267460499	False
DQA1:HLA-DQA1*02:01:01:02	0.00027232928754916485	0.00018338529249951874	0.004295336413395857	0.0004130081951269057	0.0031868405353682925	2.9018149193442833	False
DQA1:HLA-DQA1*02:01:01:03	2.6682813239290047e-05	0.00018338529249952026	0.002171055085778913	0.00025745070591011026	0.000881291890799622	4.683899434417872	False
DQA1:HLA-DQA1*02:03	6.670703309822342e-06	0.00018338529249952728	0.0049636369544176885	0.0005775194034586531	0.0022596837655369647	0.6880876388067215	False
DQA1:HLA-DQA1*03:01:01:01	0.00987275072195916	0.0001833852924995594	0.06622561761496813	0.012577834362201912	0.09825546122013104	104.06768048672417	False
DQA1:HLA-DQA1*03:02:01:01	0.0014165467396062804	0.00018338529249955278	0.06437275481740676	0.010208194448538056	0.062002727077044614	109.78798761113535	False
DQA1:HLA-DQA1*03:02:01:02	0.0008696617441817563	0.00018338529249952823	0.06978877490830498	0.010931150193645127	0.08622907605765788	162.99076292096592	False
DQA1:HLA-DQA1*03:02:01:04	6.67070330982249e-06	0.00018338529249952118	0.004466163465773853	0.000735280471320824	0.005285937595306051	1.3973898468176043	False
DQA1:HLA-DQA1*03:02:03	6.670703309822465e-06	0.00018338529249952218	0.0012136758284211006	0.00031489016834688365	0.0003013656269926784	1.3973898468176043	False
DQA1:HLA-DQA1*03:03:01:01	0.004743615996801554	0.00018338529249951532	0.0321637406360594	0.0011053507734849414	0.016214484427226592	37.999805344490134	False
DQA1:HLA-DQA1*03:03:01:02	0.0001928713270210275	0.00018338529249950538	0.026438994304080195	0.0035557409993225726	0.03256886621254322	23.584895233162403	False
DQA1:HLA-DQA1*03:03:01:03	0.0008498236401970399	0.0001833852924995306	0.0671775884055657	0.010513212451417689	0.0788073312445079	144.18889364700232	False
DQA1:HLA-DQA1*03:03:01:05	0.000226003770443524	0.00018338529249953088	0.001061835476471059	0.0001261256087068267	0.012299844452299797	18.703367779297295	False
DQA1:HLA-DQA1*03:03:01:06	0.0001796083657044123	0.0001833852924994891	0.0076821375900242685	0.0018986162087232831	0.003317841933007028	11.035379701478972	False
DQA1:HLA-DQA1*03:03:01:08	2.0007831094753693e-05	0.00018338529249958626	0.006136222150824156	0.0005516628694781522	0.002946651672161561	1.7744236703394356	False
DQA1:HLA-DQA1*03:03:01:09	0.00023924676386485308	0.00018338529249955997	0.020913893437060578	0.002399404438615759	0.008771410526042016	10.430183673150761	False
DQA1:HLA-DQA1*03:03:01:10	2.667425556987037e-05	0.0001833852924995549	0.002371783630698819	0.0003954178004441492	0.007979592048337234	2.514920995363018	False
DQA1:HLA-DQA1*03:03:01:12	0.00032532408168643213	0.00018338529249949952	0.0018522858264887194	0.0005933470141371905	0.024130188974132265	15.061866712419702	False
DQA1:HLA-DQA1*03:03:01:13	6.670703309822247e-06	0.00018338529249953124	0.0026375472496572828	0.00019583884919383617	0.0006094982038826444	0.6880876388067216	False
DQA1:HLA-DQA1*03:03:01:14	0.00013314307333158002	0.00018338529249955734	0.020624922376699786	0.0022253611973713713	0.013434131780414856	9.050714513868245	False
DQA1:HLA-DQA1*03:03:01:15	5.332569068796181e-05	0.000183385292499584	0.011347989092189679	0.001094426517068582	0.009673218228994565	2.4076842374962264	False
DQA1:HLA-DQA1*03:03:01:18	1.3339980341409096e-05	0.00018338529249954213	0.005302331873079395	0.0004261443582824824	0.004562272752840818	3.3917228649109443	False
DQA1:HLA-DQA1*03:10	6.670703309821911e-06	0.00018338529249954517	0.004754679747647989	0.0007853655706077739	0.0033996445056052997	0.5994439990488052	False
DQA1:HLA-DQA1*04:01:01:01	6.670703309822303e-06	0.00018338529249952896	0.001478465851989117	5.981001198122568e-05	0.002329028282589751	0.5909730946714781	False
DQA1:HLA-DQA1*04:01:01:02	0.000509470864737649	0.00018338529249959672	0.025091430149880776	0.0048557794133984545	0.014897992454511457	19.55687597651538	False
DQA1:HLA-DQA1*04:01:01:03	0.0009588255281055734	0.00018338529249960054	0.004464055548799529	0.0018321402654199136	0.03154691489610024	13.248831442388154	False
DQA1:HLA-DQA1*04:01:01:04	1.3339980341409785e-05	0.00018338529249955717	0.009753406104119325	0.0011435465101913502	0.008992511275310514	1.1824474387871216	False
DQA1:HLA-DQA1*04:01:01:05	0.002261635136059757	0.00018338529249957628	0.09907614548342544	0.011146161050706038	0.0711008832881845	115.59756680374507	False
DQA1:HLA-DQA1*04:01:01:07	1.3339980341409765e-05	0.00018338529249960157	0.003105583121112805	0.0007164707690348371	0.004848888096140902	1.3768305991742116	False
DQA1:HLA-DQA1*04:01:01:09	0.0015220856239580199	0.00018338529249957593	0.02403369138538827	0.006187071797786493	0.04591802900401094	128.68289495010302	False
DQA1:HLA-DQA1*04:01:02:01	0.0001264994693082683	0.00018338529249953994	0.005413869411555376	0.0005480701457306357	0.005723781230026366	9.765572274521777	False
DQA1:HLA-DQA1*04:01:02:02	0.0015760987807560095	0.00018338529249951714	0.0832510119882893	0.009506655233060516	0.05945609537218766	104.40778123276307	False
DQA1:HLA-DQA1*04:02	0.00011320798242688851	0.0001833852924995203	0.0031523414304746667	0.0009183484260600789	0.012516704960165104	0.701765245640007	False
DQA1:HLA-DQA1*04:04	6.67070330982199e-06	0.0001833852924995419	0.00018482568394786493	0.0001528513687620565	0.0014842134140553478	0.5994439990488049	False
DQA1:HLA-DQA1*05:01:01:01	0.002172012090543691	0.0001833852924995608	0.0471143326938631	0.004544872863060944	0.0037884326155356563	25.84032718351168	True
DQA1:HLA-DQA1*05:01:01:02	0.003719964696589762	0.00018338529249957677	0.02165984345794873	0.0006690293021517324	0.05859123342232283	55.983363951784604	True
DQA1:HLA-DQA1*05:01:01:03	0.0022525568750877117	0.00018338529249955194	0.04300465920028799	0.004007277091575504	0.008881449555360538	99.34805979190556	True
DQA1:HLA-DQA1*05:01:01:04	0.00013978525107671225	0.000183385292499544	0.0005326438661904269	0.0004164657380069759	0.016436460856990454	3.4335062720381595	True
DQA1:HLA-DQA1*05:01:01:06	0.0001729747456286659	0.00018338529249957536	0.019011861196120968	0.001913654524456594	0.007893194901140325	6.110921857400476	True
DQA1:HLA-DQA1*05:02	7.332781666977056e-05	0.00018338529249958607	0.016142867390741895	0.0018486178913361291	0.010928980578861307	3.580585673646375	False
DQA1:HLA-DQA1*05:03:01:01	0.001594553394851465	0.00018338529249957124	0.028002639946247607	0.006721529089272402	0.04280444417685093	136.5420038409395	False
DQA1:HLA-DQA1*05:03:01:02	0.0004766450711359709	0.00018338529249955194	0.025170897580943482	0.0037854811248420024	0.0032461182480176144	5.963949815187502	False
DQA1:HLA-DQA1*05:05:01:01	0.0019179876578753225	0.0001833852924995694	0.015626459396688656	0.0009904931419779668	0.0392570500044516	26.401237319808175	False
DQA1:HLA-DQA1*05:05:01:02	0.0018515259446336776	0.00018338529249955926	0.01765509741140607	0.00039863758458518476	0.04325078336078296	25.691032987031978	False
DQA1:HLA-DQA1*05:05:01:03	0.00024586612115819434	0.00018338529249955777	0.00778521338567631	0.0018478870681110867	0.006723451300156188	4.279746482115855	False
DQA1:HLA-DQA1*05:05:01:04	0.0011866734763083379	0.00018338529249960005	0.01845305309249921	0.0019328137526627802	0.023931801889206787	11.755718899728546	False
DQA1:HLA-DQA1*05:05:01:05	0.0002987696334882616	0.00018338529249955628	0.006048738904304768	0.0014331846203949577	0.01583104629248172	4.722349414710574	False
DQA1:HLA-DQA1*05:05:01:06	0.0005225911982307674	0.00018338529249953568	0.005363879984373793	0.0016095655994704141	0.021598508536206984	8.787020973728486	False
DQA1:HLA-DQA1*05:05:01:08	6.670703309821961e-06	0.0001833852924995431	0.0030937421851723037	0.000444875641350535	0.002183016154670991	1.6941397457220153	False
DQA1:HLA-DQA1*05:05:01:09	0.0018205272134518575	0.00018338529249961667	0.015578752660092572	0.00011787879525412092	0.034677606025722514	19.7068338615362	False
DQA1:HLA-DQA1*05:05:01:10	1.3339980341410632e-05	0.00018338529249953815	0.007692722557773043	0.0012973232149736493	0.005594137171581871	2.797174534846549	False
DQA1:HLA-DQA1*05:05:01:13	0.00022600377044352282	0.0001833852924995341	0.011454444449163763	0.0010607077565099336	0.003454238866534583	5.108058267303367	False
DQA1:HLA-DQA1*05:05:01:15	0.0005096876590295839	0.00018338529249953094	0.00017291445932741923	0.0007162823381957637	0.005769737111337519	0.5363309271960457	False
DQA1:HLA-DQA1*05:05:01:16	0.00047007563358087936	0.00018338529249951988	0.023575012921211006	0.0024703397973068436	0.006194499839958957	5.1413019931001305	False
DQA1:HLA-DQA1*05:05:01:17	0.0005492768640265578	0.00018338529249953294	0.01145553205737262	0.0009495352951279613	0.007398540254132074	5.090787349755748	False
DQA1:HLA-DQA1*05:05:01:19	5.998498377188978e-05	0.00018338529249960726	0.01081421835019604	0.001030510376375555	0.005476958158262687	1.3760121643652523	False
DQA1:HLA-DQA1*05:05:01:20	0.00013978525107673112	0.0001833852924995197	0.0026659291817016295	0.0009258777458310837	0.0015482287814362597	4.141572867489693	False
DQA1:HLA-DQA1*05:05:01:22	0.00022609790480707285	0.00018338529249954097	0.029950712995467497	0.003470266477274254	0.018545260124813695	7.904112103071054	False
DQA1:HLA-DQA1*05:05:01:25	6.670703309822232e-06	0.00018338529249953183	0.002140353193973058	0.0004624049154828185	0.0026327198410093246	0.6880876388067215	False
DQA1:HLA-DQA1*05:05:01:26	1.3339980341409026e-05	0.00018338529249957485	0.0012284205424392418	0.00025083149333582957	0.004539101397933153	2.439264812245547	False
DQA1:HLA-DQA1*05:05:01:27	9.32600550180068e-05	0.00018338529249956525	0.005270928381933935	0.00042350273562533004	0.0037511923009618036	1.4280927892280006	False
DQA1:HLA-DQA1*05:05:01:28	3.333925376674786e-05	0.00018338529249957254	0.0052648779802747505	0.0008184787035879017	0.0005473456646152033	1.893987740387351	False
DQA1:HLA-DQA1*05:05:01:29	0.00041814199045118436	0.0001833852924995413	0.02980842523681154	0.0032262969096015027	0.013910314145744585	10.852980645803667	False
DQA1:HLA-DQA1*05:05:01:30	0.0007916243567765932	0.00018338529249955316	0.046698076596360126	0.005066160666996826	0.028618396745934627	20.296370906246327	False
DQA1:HLA-DQA1*05:05:01:32	0.00019958339239967583	0.00018338529249957208	0.006605416430505945	0.0010256117946389855	0.014752990755803922	2.32748299918797	False
DQA1:HLA-DQA1*05:05:01:33	2.6674255569877655e-05	0.0001833852924994597	0.009658499179840047	0.001125140151195549	0.005110722055557457	1.1803687771429219	False
DQA1:HLA-DQA1*05:05:01:34	4.666497132580459e-05	0.00018338529249951833	0.014762310193813334	0.001665368155379797	0.010748283899102005	1.5516680107500795	False
DQA1:HLA-DQA1*05:05:01:35	0.0012197859518355847	0.00018338529249958805	0.05902542131431802	0.006999503846031826	0.03657076258223741	42.7240268805402	False
DQA1:HLA-DQA1*05:05:01:36	5.99849837718913e-05	0.00018338529249959564	0.014552019214326075	0.0016677161564808455	0.009557172688457915	4.686886419616449	False
DQA1:HLA-DQA1*05:05:01:37	0.00015970322664259087	0.00018338529249955205	0.027393481189047508	0.003316440257905666	0.019380872252843573	5.05633877180035	False
DQA1:HLA-DQA1*05:05:01:39	2.0007831094753317e-05	0.00018338529249961217	0.001181192702718823	5.993500380904556e-05	0.003635551686337519	0.22624914005615565	False
DQA1:HLA-DQA1*05:06:01:01	3.3339253766747674e-05	0.0001833852924995921	0.013751814551180616	0.0023434147712636244	0.013997948483128467	4.279949363168902	False
DQA1:HLA-DQA1*05:07	6.670703309821823e-06	0.00018338529249954885	0.004403044123378014	9.829572565476571e-05	0.001892800266095282	1.3973898468176043	False
DQA1:HLA-DQA1*05:08:01	2.667425556987879e-05	0.0001833852924994757	0.0056966889390048245	0.0009175788180974935	0.0035708602687669353	2.9975189048863546	False
DQA1:HLA-DQA1*05:09:01:01	0.0001264994693082578	0.00018338529249955384	0.004620990897610764	0.0006857480126985106	0.00858561467162454	2.7198257648480197	False
DQA1:HLA-DQA1*05:09:01:02	6.6707033098217765e-06	0.00018338529249955078	0.002003839558288984	0.00025279097891794765	0.0037363975775737556	1.6941397457220146	False
DQA1:HLA-DQA1*05:11:01:01	1.3339980341409243e-05	0.0001833852924995827	0.005918953418475197	0.0006567926265993458	0.00245923439095272	1.1824474387871218	False
DQA1:HLA-DQA1*05:11:01:02	2.6674255569877072e-05	0.0001833852924994616	0.0065585491068016885	0.0006311598866135861	0.004570105883958105	2.366902428404103	False
DQA1:HLA-DQA1*05:47	6.670703309822457e-06	0.0001833852924995226	0.0001839037450434686	0.00016583197261006344	0.004772959880067134	0.5994439990488052	False
DQA1:HLA-DQA1*06:01:01:01	2.6674255569875805e-05	0.0001833852924995454	0.011048705324584194	0.0017515793468981745	0.010966812986978661	3.0197431510477695	False
DQA1:HLA-DQA1*06:01:01:02	0.002149004796318227	0.00018338529249956864	0.10585454346321546	0.015102287672391556	0.1308757510121242	266.30202203699963	False
DQA1:HLA-DQA1*06:01:01:03	0.0001198544390066569	0.00018338529249963402	0.008713793299080725	0.0009063574323359297	1.6568496713252656e-05	1.7073970721665952	False
DQA1:HLA-DQA1*06:01:01:04	0.00011320798242688748	0.00018338529249951546	0.027403948397098428	0.003801502744272082	0.03802863580670323	12.048400494324175	False
DQA1:HLA-DQA1*06:01:01:05	4.000282568539091e-05	0.00018338529249953118	0.011206960616574323	0.003211573320299336	0.001960101836205135	4.9270676019925865	False
DQA1:HLA-DQA1_nov_00da77da	6.670703309822388e-06	0.00018338529249952543	0.000581636260236041	0.0001891093922072311	0.002451238554602587	0.5994439990488052	False
DQA1:HLA-DQA1_nov_017e5361	0.0001597032266425901	0.00018338529249955162	0.025729272053565948	0.0041594584534079635	0.02642749117910374	19.889570966358015	False
DQA1:HLA-DQA1_nov_034aee1c	6.670703309822049e-06	0.00018338529249953948	0.00590621294473916	0.0009924501608753336	0.005194521049590498	1.3973898468176043	False
DQA1:HLA-DQA1_nov_04146cb5	6.670703309822113e-06	0.00018338529249953687	0.0007581169659583347	0.00016748464043293533	0.0008810848980305764	0.6880876388067215	False
DQA1:HLA-DQA1_nov_0745cfa1	6.670703309821862e-06	0.00018338529249954725	0.004559263292633875	0.00047013302971966333	0.0020071762158694693	0.5909730946714782	False
DQA1:HLA-DQA1_nov_0a18ef69	0.0010311520974538135	0.00018338529249955967	0.03283114189089482	0.00222525530598584	0.008097043422894298	202.3576005827714	False
DQA1:HLA-DQA1_nov_0a38acc0	6.67070330982221e-06	0.00018338529249953273	0.0006950672487921978	5.8217448350086964e-05	0.004267447304515622	0.6880876388067214	False
DQA1:HLA-DQA1_nov_0b571926	6.670703309822063e-06	0.0001833852924995389	0.0015439361418706045	0.00016704324023320062	0.0010616562346927386	0.5909730946714781	False
DQA1:HLA-DQA1_nov_0be32a5a	1.3339980341409992e-05	0.00018338529249961052	0.0014374142537143825	0.00016285046864616796	0.0029911609620312473	2.98759045756232	False
DQA1:HLA-DQA1_nov_0d6b97fb	6.670703309822477e-06	0.00018338529249952175	0.0011732680663371902	0.00026824514131208374	0.0035454012581141586	0.5994439990488051	False
DQA1:HLA-DQA1_nov_0e89d538	6.670703309822341e-06	0.00018338529249952739	0.006286088751350285	0.0008728887435237677	0.006562150981136826	1.3973898468176043	False
DQA1:HLA-DQA1_nov_0f485259	6.670703309822272e-06	0.00018338529249953023	0.0030425308968285653	0.00010149734687203757	0.002765777106669355	0.599443999048805	False
DQA1:HLA-DQA1_nov_0fda0a2f	6.670703309822058e-06	0.0001833852924995391	0.0008375153177188942	0.0003245062328965991	0.004608284903830163	0.6880876388067214	False
DQA1:HLA-DQA1_nov_1021dc7e	6.670703309821858e-06	0.00018338529249954742	0.005336794091561153	0.0006009997681054282	0.003790812028683455	0.5909730946714782	False
DQA1:HLA-DQA1_nov_1281c51c	6.670703309822177e-06	0.00018338529249953416	0.0014422060984881782	0.00028886813546908236	0.0036403594658428557	0.6880876388067213	False
DQA1:HLA-DQA1_nov_12dcac27	6.670703309821913e-06	0.00018338529249954509	0.005765446902705356	0.0009339824557829246	0.006175296264500917	1.3973898468176043	False
DQA1:HLA-DQA1_nov_138446d0	6.670703309822331e-06	0.00018338529249952774	0.002091893024148769	0.0004533919810453783	0.005031361071617054	0.6880876388067216	False
DQA1:HLA-DQA1_nov_13f7c92c	6.670703309822012e-06	0.00018338529249954105	0.00011240761829635866	0.00010574663686294733	0.005105232720493052	0.5994439990488051	False
DQA1:HLA-DQA1_nov_153ed88f	6.670703309822336e-06	0.00018338529249952752	0.0034453882079080807	0.0003548315387343699	0.00391523460877494	0.5909730946714781	False
DQA1:HLA-DQA1_nov_15e29581	6.670703309822294e-06	0.0001833852924995293	0.007027716276347386	0.0008262749137792501	0.005314717981999637	0.5909730946714781	False
DQA1:HLA-DQA1_nov_16021bcf	6.670703309822479e-06	0.00018338529249952159	0.0012735433293846298	0.0002977841494105359	0.005860632702240116	0.5994439990488052	False
DQA1:HLA-DQA1_nov_181ae8d4	6.670703309822107e-06	0.00018338529249953706	0.0024628740605798574	0.000170330373514826	0.0013549228227568203	0.6880876388067216	False
DQA1:HLA-DQA1_nov_19276174	6.670703309822274e-06	0.00018338529249953012	0.006663360023257643	0.0009731550433743997	0.007989685781525022	1.3973898468176043	False
DQA1:HLA-DQA1_nov_19c57823	6.6707033098224575e-06	0.0001833852924995226	0.0010797487011034053	0.00022702731912658728	0.0030128277438297014	0.5994439990488052	False
DQA1:HLA-DQA1_nov_1b5e7837	2.0007831094754696e-05	0.00018338529249958436	0.0019175058573185381	0.00021842282920862558	0.008493941185064297	0.987373732702319	False
DQA1:HLA-DQA1_nov_1d01487f	6.670703309822391e-06	0.00018338529249952533	0.003932554889979453	0.0003248628071998317	0.0005226667504469061	1.6941397457220144	False
DQA1:HLA-DQA1_nov_1d39837e	6.670703309822379e-06	0.00018338529249952581	0.0009301722416896451	6.731362108525392e-05	0.001242984145438807	0.5909730946714781	False
DQA1:HLA-DQA1_nov_1d68786a	6.670703309822479e-06	0.00018338529249952159	0.003035412262870752	0.00030731651375388283	0.0027758628323880236	0.5909730946714782	False
DQA1:HLA-DQA1_nov_1d6f067a	6.670703309821806e-06	0.00018338529249954953	0.0017686736112637641	0.0003944056551107477	0.00263957539375583	0.5994439990488049	False
DQA1:HLA-DQA1_nov_1e04901a	0.00013978525107671085	0.00018338529249954663	0.02657971603017839	0.003547012798659822	0.03044297904968546	14.118866002447273	False
DQA1:HLA-DQA1_nov_1e18f3fa	6.67070330982231e-06	0.00018338529249952863	0.004201201898162159	0.0004181260563729508	0.0012461317397053032	0.5909730946714782	False
DQA1:HLA-DQA1_nov_1f17b4e9	6.670703309822202e-06	0.00018338529249953313	0.002937912756224992	0.00010200693940249743	0.001271180851235489	1.6941397457220149	False
DQA1:HLA-DQA1_nov_1f7b469d	6.6707033098221424e-06	0.0001833852924995356	0.0012348973315148989	0.0012813293453272593	0.002920722231232991	0.6880876388067212	False
DQA1:HLA-DQA1_nov_21450eb4	6.670703309821866e-06	0.00018338529249954706	0.0036724658286748924	0.00014969207709007457	0.0032396099821666484	1.6941397457220146	False
DQA1:HLA-DQA1_nov_22f12c7c	6.670703309821992e-06	0.00018338529249954186	0.0031390056108533495	0.00030398515883658765	0.001094889742294013	0.6880876388067214	False
DQA1:HLA-DQA1_nov_249440a8	6.670703309822305e-06	0.0001833852924995288	0.005703569316909724	0.0009738698931418843	0.0063188717998920296	1.3973898468176043	False
DQA1:HLA-DQA1_nov_263f0d50	6.670703309821997e-06	0.00018338529249954164	0.0017381810563330952	0.0003190005322102587	0.0019315490137281344	0.599443999048805	False
DQA1:HLA-DQA1_nov_265e411e	6.670703309821874e-06	0.0001833852924995468	0.001222900852098106	0.00010808462057172217	0.0009931209186766518	1.6941397457220144	False
DQA1:HLA-DQA1_nov_27a69794	6.670703309822308e-06	0.00018338529249952874	0.0016717799162929551	0.0004638132854703661	0.006301297706045155	0.5994439990488051	False
DQA1:HLA-DQA1_nov_2971e6a5	6.670703309822063e-06	0.0001833852924995389	0.001372382996827816	0.00026432243024223035	0.0043111558159684244	0.599443999048805	False
DQA1:HLA-DQA1_nov_2a336c52	6.670703309822549e-06	0.00018338529249951874	0.0032612057589515866	0.0003871304052935557	0.0011134829842717917	0.5994439990488052	False
DQA1:HLA-DQA1_nov_2a906a4e	6.670703309822351e-06	0.00018338529249952693	0.008655037137837331	0.0010124996411006897	0.006800132368439656	0.6880876388067214	False
DQA1:HLA-DQA1_nov_2ae148bf	6.670703309822126e-06	0.00018338529249953625	0.0015408851985328404	0.00025238474296471446	0.0031523679919870733	0.5994439990488049	False
DQA1:HLA-DQA1_nov_2b8f5d02	6.670703309821995e-06	0.00018338529249954167	0.0018747066096000545	0.0003200362569965938	0.002655940022172939	1.3973898468176043	False
DQA1:HLA-DQA1_nov_2c1cac0e	6.670703309822345e-06	0.0001833852924995272	0.006464478843939284	0.0007492642636898033	0.00417693668978519	0.5909730946714782	False
DQA1:HLA-DQA1_nov_2db3c208	6.670703309822328e-06	0.0001833852924995279	0.007234858883779678	0.0011121015343397201	0.0091373216609251	1.3973898468176043	False
DQA1:HLA-DQA1_nov_2e146c5f	6.670703309822519e-06	0.00018338529249951996	0.0015379925967321743	0.00018354999482486599	0.003982809830923272	0.5909730946714782	False
DQA1:HLA-DQA1_nov_2e172aaa	2.0007831094748553e-05	0.0001833852924996585	0.0010883362011497133	9.705932182095483e-05	0.0030860995076372653	0.8480849701594958	False
DQA1:HLA-DQA1_nov_2e40edad	6.670703309822473e-06	0.0001833852924995219	0.0018778348104013776	3.6337087804930123e-05	0.0006426360450933456	0.6880876388067215	False
DQA1:HLA-DQA1_nov_2eee06dc	6.670703309822353e-06	0.00018338529249952682	0.00039609080394729923	2.069424660166595e-05	0.0013202096812132147	0.599443999048805	False
DQA1:HLA-DQA1_nov_2ef93469	6.670703309822499e-06	0.00018338529249952077	0.00399169729954281	0.0004105956400134226	0.0024368843175938907	0.5909730946714782	False
DQA1:HLA-DQA1_nov_2f2188d8	2.668281323928814e-05	0.0001833852924995401	0.002101962157290194	0.00027520378655047207	0.003464929016570488	0.599443999048805	False
DQA1:HLA-DQA1_nov_2f2b7178	6.670703309822415e-06	0.0001833852924995243	0.003442543903580687	0.000573942940819907	0.004075073500733205	1.3973898468176043	False
DQA1:HLA-DQA1_nov_2fe0e224	2.0007831094755963e-05	0.00018338529249959786	0.011681531849804716	0.0017215239570472088	0.010627247471915359	4.199360225770915	False
DQA1:HLA-DQA1_nov_30a91fd0	6.6707033098223135e-06	0.00018338529249952847	0.0001602028484495281	0.00013677025329974815	0.005330477086851249	0.6880876388067216	False
DQA1:HLA-DQA1_nov_314cf9f9	6.6707033098218434e-06	0.000183385292499548	0.00013863243395264457	0.00013255533341144526	0.004495737202980141	0.599443999048805	False
DQA1:HLA-DQA1_nov_32a19d73	6.670703309822281e-06	0.00018338529249952977	0.0004755927510516602	1.5006714404133739e-05	0.0024924107906541667	4.683899434417873	False
DQA1:HLA-DQA1_nov_333759c7	6.670703309822383e-06	0.0001833852924995256	0.0009150846863850119	4.9028569336315945e-05	0.001810265380368062	0.5994439990488051	False
DQA1:HLA-DQA1_nov_34e4d1f4	6.6707033098224245e-06	0.0001833852924995239	0.0026164497255975294	0.00025930942855842203	0.00082792766348236	0.5909730946714781	False
DQA1:HLA-DQA1_nov_366ee785	6.670703309822181e-06	0.00018338529249953395	0.0005133171388154554	0.00012513817864400064	0.0045762879498288025	0.5909730946714782	False
DQA1:HLA-DQA1_nov_3785dc8f	6.664285057759293e-05	0.0001833852924995821	0.015237410568327213	0.0024210542576366	0.013207191434192909	11.086620994706148	False
DQA1:HLA-DQA1_nov_37866340	6.6707033098220425e-06	0.00018338529249953972	0.0006065523831040489	2.3270389295073234e-05	0.0009983245199925135	0.5909730946714781	False
DQA1:HLA-DQA1_nov_392db6eb	1.333998034140924e-05	0.00018338529249956078	0.0018957076724889668	0.0004310467607170167	0.0029682127374727396	1.3768305991742118	False
DQA1:HLA-DQA1_nov_394c1006	5.99849837718906e-05	0.0001833852924996001	0.016137059866202747	0.0018672791741113732	0.011874774803424389	3.9338483849739467	False
DQA1:HLA-DQA1_nov_3a376be5	6.67070330982225e-06	0.0001833852924995311	0.0005954570164271428	2.808473523309807e-07	0.003285671560950544	4.683899434417872	False
DQA1:HLA-DQA1_nov_3b330ca1	6.6707033098220035e-06	0.0001833852924995414	0.004966725672931802	0.000554699384083285	0.002751081013876747	0.5909730946714781	False
DQA1:HLA-DQA1_nov_3d43fb70	6.6707033098223084e-06	0.00018338529249952866	0.005236865495321308	0.0007533772240807607	0.0068571242567906825	1.3973898468176043	False
DQA1:HLA-DQA1_nov_3e0c655d	6.670703309822271e-06	0.00018338529249953026	0.002551819280074233	0.0004338864894007834	0.004664439092553577	0.6880876388067214	False
DQA1:HLA-DQA1_nov_3e43bbd1	0.0004963448261316769	0.0001833852924995779	0.015038494313891955	0.0025733635992303077	0.014695856452527753	3.047802478063103	False
DQA1:HLA-DQA1_nov_3f22b860	6.670703309822053e-06	0.00018338529249953926	0.002768758489383555	0.0002785012653581847	0.00017897004331960705	0.6880876388067215	False
DQA1:HLA-DQA1_nov_3fd8c97d	6.670703309822234e-06	0.0001833852924995318	0.005964382336562353	0.000677552093180245	0.0036681998673823353	0.5909730946714781	False
DQA1:HLA-DQA1_nov_40159cbd	6.670703309822526e-06	0.00018338529249951963	0.0007499093023874706	0.0002522282894760193	0.003253840656701844	0.6880876388067214	False
DQA1:HLA-DQA1_nov_41c13a38	6.670703309822293e-06	0.0001833852924995293	0.004526932083366879	0.000481895025290495	0.002321140120271834	0.5909730946714781	False
DQA1:HLA-DQA1_nov_424ff099	6.670703309822357e-06	0.0001833852924995267	0.009367907819096053	0.0013925199500759023	0.01295761281070963	1.3973898468176043	False
DQA1:HLA-DQA1_nov_43071421	6.670703309821904e-06	0.0001833852924995455	0.0066196288256726785	0.000774287515133917	0.005556030830925084	0.5909730946714781	False
DQA1:HLA-DQA1_nov_434e4024	6.670703309821978e-06	0.00018338529249954238	0.0021699494856975057	0.00017506516517411038	0.0002464922416048229	0.5909730946714781	False
DQA1:HLA-DQA1_nov_4567d284	6.670703309821993e-06	0.00018338529249954175	0.000268876369415202	4.729738277658977e-05	0.0026312413787217383	0.599443999048805	False
DQA1:HLA-DQA1_nov_45ba8d5e	6.670703309821904e-06	0.0001833852924995455	0.007764934174874235	0.0009129879525236946	0.006719502023067413	0.5909730946714781	False
DQA1:HLA-DQA1_nov_45e8289e	6.670703309822461e-06	0.0001833852924995224	0.006996502306038088	0.0007749222698279946	0.007094464952024218	1.3973898468176043	False
DQA1:HLA-DQA1_nov_46541659	6.67070330982208e-06	0.0001833852924995382	0.00089922536092979	8.815486924608965e-05	0.0005078507600293633	0.599443999048805	False
DQA1:HLA-DQA1_nov_46e6f876	6.670703309821939e-06	0.00018338529249954403	0.001355820476662437	0.00028999387655284333	0.003104435997257386	0.5994439990488049	False
DQA1:HLA-DQA1_nov_4845e541	6.670703309822341e-06	0.00018338529249952739	0.0003315955705080165	0.000238891618018091	0.0034555374694036803	0.6880876388067215	False
DQA1:HLA-DQA1_nov_49137e05	2.6682813239289335e-05	0.00018338529249952766	0.00017900766458891416	4.862932726679396e-05	0.002773736716162053	4.683899434417869	False
DQA1:HLA-DQA1_nov_494e9d71	6.670703309822509e-06	0.0001833852924995204	0.005789436893303143	0.0006819976571418115	0.006463022027305092	0.5909730946714781	False
DQA1:HLA-DQA1_nov_4a34b55a	0.0003119812487885581	0.00018338529249950768	0.011927528359258942	0.0010579783710385814	0.010706888054379464	34.36337191914045	False
DQA1:HLA-DQA1_nov_4a79905e	6.670703309822295e-06	0.00018338529249952923	0.0011450714311393583	0.00023365861862901925	0.004075879798677003	0.5909730946714781	False
DQA1:HLA-DQA1_nov_4af95dfe	6.670703309822247e-06	0.00018338529249953124	0.004473493885928348	0.0004306332522451645	0.0030327693725161627	1.3973898468176043	False
DQA1:HLA-DQA1_nov_4b026994	6.670703309822077e-06	0.00018338529249953826	0.0006474907677781247	0.0001341072792732559	0.002982053812700167	0.5909730946714782	False
DQA1:HLA-DQA1_nov_4b918c27	6.670703309822293e-06	0.0001833852924995293	0.0015133359259095047	0.00011281006312965115	0.0015709635157425306	0.5909730946714781	False
DQA1:HLA-DQA1_nov_4d5a8b76	6.670703309822119e-06	0.00018338529249953657	0.0011897668934980822	0.00010052924615102584	0.0009598315069772796	1.6941397457220144	False
DQA1:HLA-DQA1_nov_4d9582cf	2.66742555698768e-05	0.00018338529249949966	0.00915245690401529	0.0009887863965681002	0.0049754447604970185	2.366902428404103	False
DQA1:HLA-DQA1_nov_4eec7f6d	6.67070330982206e-06	0.00018338529249953901	0.005598290605483163	0.000593551259920569	0.002474766985324019	0.5909730946714782	False
DQA1:HLA-DQA1_nov_4f8b8636	6.67070330982216e-06	0.00018338529249953484	0.007371548050324932	0.0008682122118342129	0.005267373345601777	0.6880876388067214	False
DQA1:HLA-DQA1_nov_541ab017	6.670703309822191e-06	0.0001833852924995336	0.0005547101632265969	0.00012220338036837347	0.0026222627676805526	1.694139745722015	False
DQA1:HLA-DQA1_nov_548b4d03	6.670703309821787e-06	0.00018338529249955032	0.002603468530879502	0.00026826373811664883	0.0039039023838969306	0.5994439990488053	False
DQA1:HLA-DQA1_nov_55382600	6.670703309822241e-06	0.00018338529249953156	0.0017831450442295	0.0003176037799493391	0.00656377642209765	0.599443999048805	False
DQA1:HLA-DQA1_nov_5578c2db	6.6707033098224465e-06	0.00018338529249952302	0.0006348001463343516	2.8663780703275007e-05	0.0035191813486915684	0.6880876388067214	False
DQA1:HLA-DQA1_nov_55ffdf5a	6.670703309821954e-06	0.00018338529249954343	0.00110104133423325	1.2062778303814191e-05	6.385220060073014e-05	0.599443999048805	False
DQA1:HLA-DQA1_nov_56ad5c24	6.670703309822408e-06	0.0001833852924995246	0.0019789290837244618	0.00036483405105273883	0.004834844236991907	0.5994439990488051	False
DQA1:HLA-DQA1_nov_571cc529	6.670703309822413e-06	0.00018338529249952443	0.0001838796369759466	0.00012775641742789363	0.0006397449668592785	1.3973898468176043	False
DQA1:HLA-DQA1_nov_5854dbf3	6.670703309821932e-06	0.00018338529249954427	0.001957367455481426	9.363389807208562e-06	0.0034628015221137842	1.6941397457220144	False
DQA1:HLA-DQA1_nov_5ab586d9	6.6707033098219205e-06	0.00018338529249954484	0.0027585125756391052	0.00023457344452959818	0.0006797126194586371	0.5909730946714781	False
DQA1:HLA-DQA1_nov_5c3f22f8	6.670703309822146e-06	0.0001833852924995355	0.0008788236861949032	0.00018956497177457103	0.0027185637189295776	0.6880876388067212	False
DQA1:HLA-DQA1_nov_5cc8c2dc	6.670703309821949e-06	0.0001833852924995436	0.0024497898379543374	5.6998422164123875e-05	0.0018987308846810007	1.6941397457220142	False
DQA1:HLA-DQA1_nov_5ccc9dcc	6.670703309821837e-06	0.00018338529249954826	0.007199472125074958	0.0011235415493090887	0.005793655946122308	1.3973898468176043	False
DQA1:HLA-DQA1_nov_5d29f4f0	6.670703309822228e-06	0.000183385292499532	0.0011874187251384762	0.00025013761199683764	0.004443784057473484	0.5994439990488051	False
DQA1:HLA-DQA1_nov_5f8e897b	6.670703309822212e-06	0.00018338529249953264	0.005167071901878124	0.0005684183830050005	0.003972939931848908	0.5909730946714781	False
DQA1:HLA-DQA1_nov_6038634d	0.004138798431985658	0.00018338529249955146	0.0016742206764361934	0.0012941929862290331	0.02046011452596603	10.204425160644504	False
DQA1:HLA-DQA1_nov_61e1d70d	6.6707033098218544e-06	0.00018338529249954753	0.009272504288400011	0.0007968650332096151	0.013103287891057188	1.3973898468176043	False
DQA1:HLA-DQA1_nov_62d40eb9	6.6707033098221196e-06	0.00018338529249953655	0.0008388855379203185	2.463252397546231e-05	0.004474483992913252	0.6880876388067214	False
DQA1:HLA-DQA1_nov_652f99db	6.670703309822145e-06	0.0001833852924995355	0.008100178758837109	0.0009834468939971302	0.007016369623464857	0.5909730946714782	False
DQA1:HLA-DQA1_nov_65af466e	6.67070330982254e-06	0.00018338529249951912	0.006206511313703448	0.0007143102155060615	0.003911127365294287	0.5909730946714782	False
DQA1:HLA-DQA1_nov_6731fb2a	6.670703309822023e-06	0.00018338529249954053	0.0014663179606066547	0.00018922314153716052	0.004010750632743572	0.599443999048805	False
DQA1:HLA-DQA1_nov_6769807d	6.670703309822325e-06	0.00018338529249952798	0.0028938616991436516	2.7915251359960884e-05	0.0007765221664292561	1.6941397457220149	False
DQA1:HLA-DQA1_nov_67905130	6.670703309821795e-06	0.00018338529249955007	0.0010222654129409612	3.968023304053788e-05	0.0018409680891164643	0.6880876388067212	False
DQA1:HLA-DQA1_nov_69021b1a	6.67070330982199e-06	0.0001833852924995419	0.00861488088112587	0.0014023724312657415	0.011254460042186354	1.3973898468176043	False
DQA1:HLA-DQA1_nov_69a1b975	6.6707033098221306e-06	0.00018338529249953611	0.0014414868479162284	0.00034687069703058976	0.0038621486980976163	0.6880876388067214	False
DQA1:HLA-DQA1_nov_69fb10b5	6.670703309822196e-06	0.00018338529249953338	0.004680868716165953	0.0005113101425682984	0.005474038834142423	0.5909730946714781	False
DQA1:HLA-DQA1_nov_6abb59bf	6.670703309821771e-06	0.00018338529249955102	0.003953855234554911	0.0003711658636508796	0.0004563406509697916	0.5909730946714781	False
DQA1:HLA-DQA1_nov_6ac68daf	6.670703309821943e-06	0.0001833852924995439	0.0005435117443241514	9.986768841655103e-05	0.0029208161638623067	4.683899434417871	False
DQA1:HLA-DQA1_nov_6cea8ba2	6.670703309822154e-06	0.00018338529249953508	0.0012150689580886066	0.00025241812213779366	0.005028831266864345	4.683899434417871	False
DQA1:HLA-DQA1_nov_6e004dd8	6.670703309821829e-06	0.00018338529249954864	0.005595254670768716	0.0006427734115687789	0.005103638583470964	0.5909730946714781	False
DQA1:HLA-DQA1_nov_6e32baca	6.670703309822222e-06	0.00018338529249953232	0.005577307134732905	0.0006422247242722115	0.00349699963168545	0.5909730946714781	False
DQA1:HLA-DQA1_nov_6f86a349	6.670703309822177e-06	0.0001833852924995342	0.004336941490349987	0.00046671584322645826	0.0014453133940931493	0.5909730946714781	False
DQA1:HLA-DQA1_nov_6fb20f28	1.3339980341408984e-05	0.00018338529249953075	0.0004563009176611404	0.00019034927204045356	0.0013801815780141971	3.3917228649109434	False
DQA1:HLA-DQA1_nov_7182a3f8	6.670703309821835e-06	0.00018338529249954834	0.0004112203004158909	0.00012905628016454145	0.0035139244947096334	0.599443999048805	False
DQA1:HLA-DQA1_nov_71bfec22	6.670703309821925e-06	0.00018338529249954468	0.0007912790545512334	3.742646307745222e-05	0.0019580812139725927	0.6880876388067217	False
DQA1:HLA-DQA1_nov_71d5ac4a	6.6707033098223415e-06	0.00018338529249952733	0.0016307751352384009	0.00019378858808933832	0.00472848270082459	0.5994439990488051	False
DQA1:HLA-DQA1_nov_720c2ac7	0.0007772973918959238	0.0001833852924994739	0.01979933596526618	0.002257449290833434	0.006082886494202732	4.187463507459859	False
DQA1:HLA-DQA1_nov_73742c3f	6.670703309822258e-06	0.00018338529249953075	0.002053784704133174	0.0001916040454656293	0.00035205382097187296	1.6941397457220144	False
DQA1:HLA-DQA1_nov_747fc77a	6.67070330982205e-06	0.00018338529249953942	0.001097465975873566	2.5303873296635556e-05	0.0035237593332038985	4.683899434417873	False
DQA1:HLA-DQA1_nov_75c694ba	6.670703309822103e-06	0.00018338529249953723	0.003360854675383312	0.0002991706757999438	0.0016344998204219634	0.5909730946714782	False
DQA1:HLA-DQA1_nov_77a03732	6.670703309822284e-06	0.00018338529249952974	0.002548151632350767	0.0003769775333488141	0.0004908658061538782	4.683899434417873	False
DQA1:HLA-DQA1_nov_77cc4a76	6.670703309822144e-06	0.00018338529249953554	0.0013120390789778903	0.00011139973705915622	0.0002994188787914028	0.5909730946714782	False
DQA1:HLA-DQA1_nov_78917608	6.670703309822213e-06	0.00018338529249953264	0.0009135782362160642	8.092269804056892e-05	0.003914049218058949	0.5909730946714781	False
DQA1:HLA-DQA1_nov_78d0ce69	6.670703309822488e-06	0.0001833852924995213	0.0005537156587913758	0.00011477005072187206	0.0001187278637437925	0.6880876388067214	False
DQA1:HLA-DQA1_nov_79113705	6.670703309821829e-06	0.00018338529249954864	0.0008926051167909792	0.00012279263834708554	0.004147092675846963	0.599443999048805	False
DQA1:HLA-DQA1_nov_7c2941bd	6.670703309822429e-06	0.00018338529249952373	0.0012305370138430897	0.00030862636758847615	0.003396954611683181	0.5994439990488051	False
DQA1:HLA-DQA1_nov_7c9b9c59	6.670703309822517e-06	0.00018338529249952004	0.001290066782328799	1.1798377633119722e-05	0.0012901542532310882	0.5909730946714781	False
DQA1:HLA-DQA1_nov_7cad4ad5	6.670703309822421e-06	0.00018338529249952403	0.006156624829952027	0.001009440850654006	0.005033432538636149	1.3973898468176043	False
DQA1:HLA-DQA1_nov_7ce664ea	6.670703309822444e-06	0.0001833852924995231	0.0028775172412269707	0.00029730754197738655	0.0029162260861631795	0.6880876388067214	False
DQA1:HLA-DQA1_nov_7fd34f96	6.670703309822518e-06	0.00018338529249952004	0.0036683124804332444	0.00015174988385271477	0.0011682323907496817	1.6941397457220144	False
DQA1:HLA-DQA1_nov_80fbdf14	6.670703309822105e-06	0.00018338529249953712	0.0010245434122643656	0.0002287425452639883	0.004727058258893315	0.599443999048805	False
DQA1:HLA-DQA1_nov_815654eb	6.670703309822283e-06	0.00018338529249952977	0.00024622779028713116	0.00015047753922181172	0.00538525458831816	0.5994439990488051	False
DQA1:HLA-DQA1_nov_825b93c7	6.670703309822416e-06	0.00018338529249952422	0.0013063156795186082	0.00016006800515020679	0.0011114851556097486	0.5909730946714782	False
DQA1:HLA-DQA1_nov_83c274bd	1.3339980341409523e-05	0.0001833852924995549	0.0024681121919540175	0.00016743770367866546	0.007592835448667755	0.7940959287881594	False
DQA1:HLA-DQA1_nov_84bd607b	6.670703309822107e-06	0.00018338529249953706	0.007560187291646288	0.0009052026033172391	0.006434546168388971	0.5909730946714781	False
DQA1:HLA-DQA1_nov_86931d75	0.0006409594553153751	0.0001833852924995856	0.01484777092376221	0.0008270303379492381	0.015912539855817975	9.106909375090467	False
DQA1:HLA-DQA1_nov_8a0b2a08	6.670703309822364e-06	0.00018338529249952638	0.00014768320371459596	0.00014552049331665264	0.0029413583726566376	0.5994439990488051	False
DQA1:HLA-DQA1_nov_8aa2d8f6	6.670703309821835e-06	0.00018338529249954834	0.0025646750428907814	0.00026742464429827434	0.0007625480654945346	0.599443999048805	False
DQA1:HLA-DQA1_nov_8b5a61e0	6.670703309822107e-06	0.00018338529249953706	0.0024628740605798574	0.000170330373514826	0.0013549228227568203	0.6880876388067216	False
DQA1:HLA-DQA1_nov_8bf1633e	6.670703309822347e-06	0.0001833852924995271	0.0062820349980376635	0.0007254959924511643	0.0038543172822191707	0.5909730946714782	False
DQA1:HLA-DQA1_nov_8cc32909	6.670703309822413e-06	0.00018338529249952443	0.00043261480614763004	2.6410119328524244e-05	0.0010623617030420475	0.5994439990488052	False
DQA1:HLA-DQA1_nov_8d4c9ea2	0.0005621575827760337	0.00018338529249952557	0.024158659538651633	0.0026374118770978805	0.015146756879216556	5.800808394823577	False
DQA1:HLA-DQA1_nov_8e2504f8	6.670703309821774e-06	0.00018338529249955089	0.0008363248138484533	0.00021746343884360362	0.002086834362694845	0.5994439990488052	False
DQA1:HLA-DQA1_nov_8f19d7f9	6.670703309822353e-06	0.00018338529249952682	0.006139713483515759	0.0006809398192561484	0.0028269993204893995	0.6880876388067214	False
DQA1:HLA-DQA1_nov_8f56153c	6.67070330982184e-06	0.00018338529249954818	0.0017482553904430052	0.00040129199224085845	0.00383241396503135	0.5994439990488051	False
DQA1:HLA-DQA1_nov_8fff9e65	6.670703309821852e-06	0.0001833852924995476	0.004150495861298622	0.00040568096922398607	0.000791686090439384	0.599443999048805	False
DQA1:HLA-DQA1_nov_9003303c	6.670703309822321e-06	0.00018338529249952817	0.0021548673981521796	0.0001706219476575662	0.0014412119647731494	0.5909730946714781	False
DQA1:HLA-DQA1_nov_903f5920	6.670703309821937e-06	0.0001833852924995442	0.0031554594952883006	0.0002376472163665322	0.0018300325109758748	1.6941397457220144	False
DQA1:HLA-DQA1_nov_9075a9d5	6.670703309822125e-06	0.0001833852924995363	0.003630704760178361	9.304348788426772e-05	0.001089005385657121	1.6941397457220142	False
DQA1:HLA-DQA1_nov_90a85aba	6.670703309822391e-06	0.00018338529249952533	0.003932554889979453	0.0003248628071998317	0.0005226667504469061	1.6941397457220144	False
DQA1:HLA-DQA1_nov_90f88377	6.670703309822449e-06	0.0001833852924995229	0.0007594409616448286	0.00019669385679103337	0.002777594100506437	0.5994439990488051	False
DQA1:HLA-DQA1_nov_912ea3ea	0.000470275312533989	0.00018338529249946995	0.018068151777948557	0.0015460171586139197	0.009427246988095453	4.235125649148026	False
DQA1:HLA-DQA1_nov_91e0af42	6.6707033098220535e-06	0.00018338529249953926	0.0020529655395736092	7.361727295807461e-05	0.00011907616919837209	1.3973898468176043	False
DQA1:HLA-DQA1_nov_926b4db3	6.670703309821857e-06	0.00018338529249954742	0.005438169139869384	0.0005842236882162815	0.0021431959790921737	0.6880876388067214	False
DQA1:HLA-DQA1_nov_9462ada2	6.670703309822528e-06	0.00018338529249951958	0.006324118701301632	0.0007197104064588848	0.004577048746763333	0.5909730946714781	False
DQA1:HLA-DQA1_nov_948ef0a5	6.670703309821812e-06	0.00018338529249954931	0.003484287785633091	0.0006100994121015983	0.000637964850596018	1.3973898468176043	False
DQA1:HLA-DQA1_nov_95d2d524	6.670703309822408e-06	0.0001833852924995246	0.0011772981019794295	0.0002474780318060562	0.0042697303118851325	0.5994439990488051	False
DQA1:HLA-DQA1_nov_9654446e	6.670703309822169e-06	0.00018338529249953451	0.004472314170063719	0.0005104095170682853	0.006577076343867173	0.5909730946714781	False
DQA1:HLA-DQA1_nov_96663620	6.670703309822106e-06	0.00018338529249953706	0.0003434374306062827	0.00010176050345254163	0.0011721085863403338	0.5909730946714781	False
DQA1:HLA-DQA1_nov_970f9589	6.670703309821926e-06	0.00018338529249954452	0.003765939542595655	0.0003677892746789416	0.0002758485766896436	1.6941397457220146	False
DQA1:HLA-DQA1_nov_991dcba3	0.00011985443900665818	0.00018338529249963106	0.016982933970495807	0.0018687866458312694	0.010779800893265815	7.891968296773135	False
DQA1:HLA-DQA1_nov_9a10338b	0.0009402339912993985	0.0001833852924995688	0.01943779364878754	0.0018353290719434554	0.002985870904546846	5.69110848430858	False
DQA1:HLA-DQA1_nov_9bc0ab57	6.670703309821948e-06	0.0001833852924995437	0.0019214198384313996	2.622428378881624e-05	0.0016528877937248801	1.6941397457220142	False
DQA1:HLA-DQA1_nov_9c16f1b7	6.67070330982228e-06	0.00018338529249952988	0.0051362289303238775	0.0005970779285876398	0.006674254643734327	0.5909730946714781	False
DQA1:HLA-DQA1_nov_9c5be24a	6.670703309821999e-06	0.00018338529249954156	0.002001029474454432	0.00011811110761854772	0.0012273802843251322	0.599443999048805	False
DQA1:HLA-DQA1_nov_9df3fde0	1.333998034140955e-05	0.00018338529249954327	0.0044296180981300655	0.0010857242869291009	0.0075743429869052714	1.3768305991742118	False
DQA1:HLA-DQA1_nov_9e263f36	1.3339980341408372e-05	0.0001833852924995336	0.00031812122473433096	3.974651149262392e-05	0.003342284828573118	2.4392648122455474	False
DQA1:HLA-DQA1_nov_9e654e7c	6.6707033098224965e-06	0.00018338529249952088	0.004780540090893282	0.0005251163756897498	0.0036559119626348923	0.5909730946714782	False
DQA1:HLA-DQA1_nov_9eecb755	6.670703309822199e-06	0.00018338529249953321	0.007050370046295761	0.0008289808490887651	0.005882283208675472	0.5909730946714781	False
DQA1:HLA-DQA1_nov_9fb7bfb8	6.670703309822472e-06	0.0001833852924995219	0.0014286540462541731	6.051849791801223e-05	0.0016511150473005008	0.5994439990488051	False
DQA1:HLA-DQA1_nov_9fff3bae	6.670703309821941e-06	0.00018338529249954403	8.495806514933466e-06	6.725422495117729e-05	0.0032419829533702153	0.5994439990488049	False
DQA1:HLA-DQA1_nov_a05e3c06	6.670703309822299e-06	0.0001833852924995291	0.00231887158644523	0.00015384450623120988	0.00512915747769615	0.599443999048805	False
DQA1:HLA-DQA1_nov_a1334dab	6.670703309821976e-06	0.0001833852924995425	0.0003844989612254224	5.585334170920938e-05	0.0012635289799924796	0.5909730946714781	False
DQA1:HLA-DQA1_nov_a181b487	6.67070330982255e-06	0.00018338529249951874	0.002978555382719308	0.0002765853614074865	0.0034038745275070527	0.5909730946714782	False
DQA1:HLA-DQA1_nov_a26d65cc	6.670703309822083e-06	0.00018338529249953807	0.006802205981427727	0.0010670913031828524	0.010700218345748946	1.3973898468176043	False
DQA1:HLA-DQA1_nov_a32e1395	6.670703309821839e-06	0.00018338529249954818	0.006542883219091089	0.0007902545587390301	0.004801881724861715	0.5909730946714781	False
DQA1:HLA-DQA1_nov_a45dd68f	6.6707033098221865e-06	0.00018338529249953378	0.001397190316797347	0.00023068398792778236	0.0029477938879552247	4.683899434417871	False
DQA1:HLA-DQA1_nov_a5d8d750	6.670703309821833e-06	0.00018338529249954842	0.0018350017668514582	0.00020836903225737792	0.003602568471582244	0.599443999048805	False
DQA1:HLA-DQA1_nov_a6035b4d	1.3339980341410022e-05	0.00018338529249950483	0.004959407198821983	0.0005168824377450775	0.0011214493258515157	0.43956863663656215	False
DQA1:HLA-DQA1_nov_a61082ea	6.670703309822167e-06	0.00018338529249953454	0.005171519538564567	0.0005821595113038017	0.003053672595878509	4.683899434417871	False
DQA1:HLA-DQA1_nov_a8c6547f	6.670703309822236e-06	0.00018338529249953178	0.0018109614952802285	0.00038470741349531663	0.006547801549383777	0.6880876388067217	False
DQA1:HLA-DQA1_nov_a8e0f257	6.67070330982214e-06	0.00018338529249953565	0.0009604027179729098	0.0003071237110269169	0.002554150242124474	0.6880876388067213	False
DQA1:HLA-DQA1_nov_a94347d4	6.670703309822529e-06	0.00018338529249951958	0.0068205200318075905	0.0009653587883310238	0.007216535367444237	1.3973898468176043	False
DQA1:HLA-DQA1_nov_a98dda10	6.67070330982177e-06	0.00018338529249955105	0.004116315567957664	0.00015495454186613978	0.00016345705251686265	1.3973898468176045	False
DQA1:HLA-DQA1_nov_ab60b983	6.670703309822104e-06	0.00018338529249953712	0.003852548820396791	0.0003631933794272396	0.004011817516802104	0.5909730946714781	False
DQA1:HLA-DQA1_nov_abaa0bff	6.670703309822521e-06	0.00018338529249951988	0.0035887401274465134	0.00038705542783890035	0.002450965594772498	0.6880876388067215	False
DQA1:HLA-DQA1_nov_ad75f13a	6.670703309822335e-06	0.00018338529249952766	0.03792865905011904	0.33890123322196514	0.0004201108726334317	1.6941397457220146	False
DQA1:HLA-DQA1_nov_add75c7b	6.670703309821859e-06	0.0001833852924995474	0.0017838268149620406	0.0003534053326717649	0.004544042665901989	0.5994439990488051	False
DQA1:HLA-DQA1_nov_ae2a3d6f	6.670703309821966e-06	0.00018338529249954294	0.0041470947684988995	0.00022038184628793368	0.0008286260117785655	1.694139745722015	False
DQA1:HLA-DQA1_nov_aee54099	6.670703309821786e-06	0.0001833852924995504	0.005161902396775645	4.688000618627905e-05	0.0022210171693717016	0.6880876388067214	False
DQA1:HLA-DQA1_nov_afa7c714	6.670703309822273e-06	0.00018338529249953012	0.003523322465938001	0.0008596076206690016	0.006043183827139399	0.6880876388067213	False
DQA1:HLA-DQA1_nov_b0131053	6.670703309821974e-06	0.00018338529249954262	0.002874079584417252	0.00013876984936379415	0.002225922850288222	1.694139745722015	False
DQA1:HLA-DQA1_nov_b0af5331	6.67070330982254e-06	0.00018338529249951912	0.005040833354280171	0.0006974759650389786	0.0035527422182508117	1.3973898468176043	False
DQA1:HLA-DQA1_nov_b0ff6705	6.670703309822328e-06	0.0001833852924995279	0.0022145879388242246	0.00036708525069380633	0.003837355937545687	0.6880876388067217	False
DQA1:HLA-DQA1_nov_b12bb2d9	6.67070330982241e-06	0.00018338529249952449	0.00524678140678961	0.000352924742357979	0.003863424874958362	1.6941397457220142	False
DQA1:HLA-DQA1_nov_b43dbc34	6.670703309822204e-06	0.00018338529249953305	0.005499305060009916	0.0006024284981547712	0.00422632364617044	0.5909730946714782	False
DQA1:HLA-DQA1_nov_b4942dda	6.670703309822006e-06	0.00018338529249954124	0.0001901955152238957	0.00020056197164181492	0.0017565117186432873	0.6880876388067213	False
DQA1:HLA-DQA1_nov_b4c1a9c3	6.670703309822407e-06	0.0001833852924995246	0.0064249426347195646	0.0007269080868014747	0.003994218141302914	0.5909730946714781	False
DQA1:HLA-DQA1_nov_b4c28e6a	6.6707033098222144e-06	0.0001833852924995326	0.0022710847350366744	0.00023574179887023332	0.001468160821846128	0.6880876388067214	False
DQA1:HLA-DQA1_nov_b659d27e	6.670703309822494e-06	0.00018338529249952107	0.0054882318551587195	0.0006335968947514753	0.0028375264842967	0.5909730946714781	False
DQA1:HLA-DQA1_nov_b7925acd	2.0007831094757267e-05	0.00018338529249958002	0.004358197952980047	0.00035234068175452103	0.007789828785661199	1.7998743058918234	False
DQA1:HLA-DQA1_nov_b8582830	6.670703309821778e-06	0.0001833852924995507	0.0012576794406997686	0.0002489423412420484	0.0035916277679058244	0.5994439990488052	False
DQA1:HLA-DQA1_nov_b8fc2051	6.6707033098224186e-06	0.0001833852924995241	1.5361205819027258e-05	0.0001620389086015414	0.004930718467425313	0.5909730946714782	False
DQA1:HLA-DQA1_nov_b9823086	6.670703309822034e-06	0.0001833852924995401	0.005063860941964574	0.0005633345857030869	0.0033297363441413407	0.5909730946714782	False
DQA1:HLA-DQA1_nov_b9f6f087	6.670703309821994e-06	0.00018338529249954175	0.005111524011643521	0.0005466495068125749	0.004307570369148815	1.6941397457220146	False
DQA1:HLA-DQA1_nov_ba4dd661	6.6707033098223965e-06	0.0001833852924995251	0.0007606827400906998	0.0002426379301447601	0.0043243333973981	0.6880876388067217	False
DQA1:HLA-DQA1_nov_ba664d6e	6.670703309822155e-06	0.00018338529249953506	0.004806961778324616	0.0006715470977628764	0.008474604796125157	1.3973898468176043	False
DQA1:HLA-DQA1_nov_bb700def	0.0006472265218846287	0.0001833852924995436	0.019679657488194262	0.0027972485291421897	0.0027703910741534573	2.439100815605868	False
DQA1:HLA-DQA1_nov_bc2eaf1f	6.670703309822444e-06	0.0001833852924995231	0.0012972124992317018	0.00016849459994983787	0.0014193275269079215	1.6941397457220149	False
DQA1:HLA-DQA1_nov_bc83af86	6.670703309822064e-06	0.00018338529249953882	0.000632803527645028	0.00017678897681772408	0.0033451707245978624	0.6880876388067216	False
DQA1:HLA-DQA1_nov_bc89a7e2	6.670703309822352e-06	0.0001833852924995269	0.007591288233077691	0.0012132122697220713	0.009287521023834906	1.3973898468176043	False
DQA1:HLA-DQA1_nov_c065e083	6.6707033098219315e-06	0.00018338529249954435	0.003815685627789909	0.0003925169989352017	0.0023363979440849145	0.5909730946714781	False
DQA1:HLA-DQA1_nov_c33dd219	6.670703309821834e-06	0.00018338529249954834	0.0013513615618978335	0.0003712116213516995	0.004346562366637378	0.6880876388067215	False
DQA1:HLA-DQA1_nov_c347464c	6.670703309822275e-06	0.00018338529249953004	0.007614057479779695	0.0007500995103608537	0.007311761739734206	1.3973898468176043	False
DQA1:HLA-DQA1_nov_c42322b8	6.670703309821932e-06	0.00018338529249954427	0.0029475116425153763	0.00025611762542766006	0.0008035522644139394	0.5909730946714781	False
DQA1:HLA-DQA1_nov_c4a0cd54	0.0013446337909469152	0.00018338529249950104	0.012952125289948716	8.597221233663045e-05	0.010722858494716745	11.81043166728088	False
DQA1:HLA-DQA1_nov_c4b8daab	0.0006733530866119838	0.00018338529249952703	0.026957774244558686	0.002844645546129822	0.01734285279198605	8.634923490765164	False
DQA1:HLA-DQA1_nov_c61b39c2	6.670703309822186e-06	0.00018338529249953378	0.004946978572188233	0.0008173586049517258	0.005211063110100954	1.3973898468176043	False
DQA1:HLA-DQA1_nov_c6e80b6e	6.670703309822055e-06	0.00018338529249953915	0.007530299223337547	0.0008985069581137311	0.006395396807643699	0.5909730946714782	False
DQA1:HLA-DQA1_nov_c70dad46	6.6707033098224465e-06	0.00018338529249952302	0.0006348001463343516	2.8663780703275007e-05	0.0035191813486915684	0.6880876388067214	False
DQA1:HLA-DQA1_nov_c72dc93f	6.670703309822093e-06	0.00018338529249953763	0.0008597748096882921	0.0002491230737301967	0.002283918273997133	0.5994439990488051	False
DQA1:HLA-DQA1_nov_c72e7f3e	6.670703309822043e-06	0.00018338529249953972	0.0013023717162178152	0.0002999262811232979	0.0025644856145374826	0.5994439990488051	False
DQA1:HLA-DQA1_nov_c77a4817	6.6707033098221695e-06	0.00018338529249953443	0.0006672616681058734	0.0004999578599965966	0.0023305828759851736	0.5909730946714781	False
DQA1:HLA-DQA1_nov_c7ca2718	6.670703309822115e-06	0.00018338529249953666	0.004391821543710517	0.0004460880919905325	0.0029789618593217514	0.5909730946714782	False
DQA1:HLA-DQA1_nov_c90a1459	6.670703309822421e-06	0.00018338529249952403	0.0008115546557188692	8.683701770101086e-06	0.0006358281970653406	0.6880876388067216	False
DQA1:HLA-DQA1_nov_ca57bc50	6.670703309822293e-06	0.0001833852924995293	0.0012244233490969444	0.00011055248795076085	0.001927856459607855	0.599443999048805	False
DQA1:HLA-DQA1_nov_cb4911ab	6.67070330982252e-06	0.00018338529249951993	0.0017435525257613862	0.0003254024782918957	0.002499152108433269	0.5994439990488051	False
DQA1:HLA-DQA1_nov_cbea1df7	6.670703309822467e-06	0.00018338529249952216	0.002710303410666421	0.00024421116346199804	0.0001225487887513859	0.5909730946714781	False
DQA1:HLA-DQA1_nov_ccac42a1	6.670703309822136e-06	0.00018338529249953584	0.004990233194744016	0.0005594990539417958	0.0034769293604628698	0.5909730946714781	False
DQA1:HLA-DQA1_nov_ce95c795	6.670703309822214e-06	0.00018338529249953264	0.0029165726917170652	0.00030237798596644276	0.00012959081211280527	0.5909730946714781	False
DQA1:HLA-DQA1_nov_d02b6996	6.670703309821893e-06	0.00018338529249954598	0.0036193433698837596	0.00033694321133753734	0.0002523363166770895	0.5909730946714782	False
DQA1:HLA-DQA1_nov_d1d656d7	6.670703309821806e-06	0.00018338529249954953	0.004745148972172385	0.0005098294905711006	0.0020768839245061147	0.6880876388067216	False
DQA1:HLA-DQA1_nov_d23e6486	6.670703309821921e-06	0.00018338529249954476	0.007581445315981475	0.0011715708343162882	0.008419558872413802	1.3973898468176043	False
DQA1:HLA-DQA1_nov_d25dcb07	6.670703309822278e-06	0.00018338529249952993	0.0018771711688148492	0.000427138668035699	0.0049143218971898954	0.6880876388067217	False
DQA1:HLA-DQA1_nov_d2984b9b	6.670703309822461e-06	0.0001833852924995224	0.005432889424010595	0.0006052728698803236	0.0028982051030372173	0.5909730946714782	False
DQA1:HLA-DQA1_nov_d2e89c4d	6.670703309822382e-06	0.0001833852924995256	0.00580846571596998	0.0006825897218110285	0.0047643771485059855	0.5909730946714781	False
DQA1:HLA-DQA1_nov_d42be1e4	6.670703309822308e-06	0.00018338529249952874	0.0027598487554635147	0.00027432290352208833	0.000211669966076925	0.5909730946714782	False
DQA1:HLA-DQA1_nov_d4da3733	6.6707033098225e-06	0.00018338529249952077	0.00038920365896268636	0.00020712571537544427	0.0042779471669495755	0.6880876388067213	False
DQA1:HLA-DQA1_nov_d5488c72	6.670703309822038e-06	0.00018338529249953994	0.004530259805725953	0.00048605225285235044	0.0025377471632126204	0.5909730946714782	False
DQA1:HLA-DQA1_nov_d67f5924	0.0031366397185137503	0.00018338529249955726	0.016589433413194948	0.0017898017671278698	0.06641382922496612	50.239542773183736	False
DQA1:HLA-DQA1_nov_d7196ce3	6.670703309822099e-06	0.0001833852924995374	0.0033768596489053087	0.0003391555208605575	5.4879387589862665e-05	0.5909730946714782	False
DQA1:HLA-DQA1_nov_d930ac44	0.0006600102537140768	0.00018338529249954452	0.014910431488391308	0.0009666264051951108	0.024724566085208444	9.581737493533192	False
DQA1:HLA-DQA1_nov_d9aa3b06	6.670703309822194e-06	0.0001833852924995334	0.003504951704667608	0.000309363029102407	0.002836856329440656	0.5909730946714781	False
DQA1:HLA-DQA1_nov_d9feda36	6.670703309822064e-06	0.00018338529249953882	0.005127982755259518	0.0005503480473063567	0.002872465855627659	0.5909730946714781	False
DQA1:HLA-DQA1_nov_db0d4209	6.670703309821859e-06	0.00018338529249954736	0.004377228984360603	0.00048647694997115253	0.0026968726885033003	0.6880876388067214	False
DQA1:HLA-DQA1_nov_dbba7faf	6.670703309821798e-06	0.00018338529249954996	0.0025476845102207967	0.00020064497560596403	0.0007721275666248072	0.5994439990488051	False
DQA1:HLA-DQA1_nov_dc197701	6.670703309822449e-06	0.0001833852924995229	0.0021011934310433493	9.134161398486445e-05	0.0031920755714321585	1.6941397457220149	False
DQA1:HLA-DQA1_nov_de60b2bd	6.6707033098225134e-06	0.0001833852924995202	0.005424587667413352	0.0006161382359338625	0.0031005023882080558	0.5909730946714781	False
DQA1:HLA-DQA1_nov_dee6fb18	6.670703309822508e-06	0.00018338529249952045	0.0019726603064937525	0.00012001596834975835	0.002396084734819533	1.6941397457220144	False
DQA1:HLA-DQA1_nov_df63b890	6.6707033098220975e-06	0.00018338529249953744	0.0031692514002292	0.00072067839160664	0.004869743039511641	0.6880876388067212	False
DQA1:HLA-DQA1_nov_dfc5f9d5	6.670703309822021e-06	0.00018338529249954061	0.00941940646336639	0.0011564927345990537	0.007991796043766024	0.5909730946714781	False
DQA1:HLA-DQA1_nov_e1780c2a	2.6682813239289705e-05	0.00018338529249952386	0.0009040752556500976	0.00022822407315302326	0.004438910412356719	0.5994439990488051	False
DQA1:HLA-DQA1_nov_e28a0e1b	6.670703309822372e-06	0.00018338529249952606	0.0002138560773227481	0.0001308782981947567	0.00357755693622528	0.599443999048805	False
DQA1:HLA-DQA1_nov_e3cd5065	6.670703309821973e-06	0.00018338529249954262	0.0016705103446669873	0.00011121429752489907	0.0020660004450754723	4.683899434417871	False
DQA1:HLA-DQA1_nov_e47add12	6.670703309821985e-06	0.00018338529249954213	0.00267937508575713	0.000549164182072796	0.004561387225169582	0.5994439990488052	False
DQA1:HLA-DQA1_nov_e60eef9b	1.3339980341408542e-05	0.00018338529249957067	0.004059515606780998	0.0004960647743489488	0.0012661618505559094	0.9909586150694828	False
DQA1:HLA-DQA1_nov_e644042d	6.670703309822444e-06	0.0001833852924995231	0.0063612118114753325	0.0007402273157102656	0.004513973219350408	0.6880876388067214	False
DQA1:HLA-DQA1_nov_eb1a09f7	6.670703309821909e-06	0.00018338529249954533	0.00017303022405031927	5.4363278091636823e-05	0.0016928171467462643	0.5994439990488051	False
DQA1:HLA-DQA1_nov_ed6ba5d1	6.670703309822134e-06	0.00018338529249953592	0.0016517755437092834	0.00017027928403681185	0.00474163328031544	0.599443999048805	False
DQA1:HLA-DQA1_nov_ee247102	6.670703309822405e-06	0.00018338529249952468	0.010893223431555625	0.0016036844335601125	0.01452455611251343	1.3973898468176043	False
DQA1:HLA-DQA1_nov_ef418e63	6.670703309821842e-06	0.00018338529249954807	0.005425059518882288	0.0005950521889078004	0.002282074639095762	0.5909730946714781	False
DQA1:HLA-DQA1_nov_f0f72a45	6.6707033098222864e-06	0.0001833852924995296	0.005582803681944117	0.0008662125770879924	0.005834891258406074	1.3973898468176043	False
DQA1:HLA-DQA1_nov_f102b971	6.670703309822309e-06	0.00018338529249952866	0.006848871261112158	0.0007857737160062343	0.004260199920228369	0.6880876388067217	False
DQA1:HLA-DQA1_nov_f14743b8	6.670703309822515e-06	0.00018338529249952012	0.00011612335388956129	5.351667041954656e-05	0.00243696076275225	0.6880876388067215	False
DQA1:HLA-DQA1_nov_f18d6577	6.670703309822306e-06	0.00018338529249952877	0.0012891359082099073	0.00022004222828662224	0.004511942039802121	0.5994439990488051	False
DQA1:HLA-DQA1_nov_f25bab44	0.00035847364044773314	0.00018338529249956544	0.01771965687346935	0.0016314182181383435	0.005692025148098296	3.9843126628155456	False
DQA1:HLA-DQA1_nov_f2f15bf0	6.670703309822313e-06	0.00018338529249952847	0.0061469382877625935	0.0006938915791903775	0.004487641745874997	0.5909730946714782	False
DQA1:HLA-DQA1_nov_f2f30975	6.670703309822149e-06	0.0001833852924995353	0.003061810366950109	0.00031157103927538315	0.001820395082286171	0.5909730946714781	False
DQA1:HLA-DQA1_nov_f4272b5e	6.670703309821927e-06	0.00018338529249954452	0.006844172857988713	0.0007849855415787819	0.006433848129628744	0.5909730946714782	False
DQA1:HLA-DQA1_nov_f494ec4a	6.670703309822023e-06	0.0001833852924995406	0.0028938077916776227	0.00017094285984911627	0.00019440763852190016	0.6880876388067214	False
DQA1:HLA-DQA1_nov_f5bda9c9	0.00011985443900666869	0.00018338529249960848	0.011637691686434345	0.002145588294002022	0.00828992718066089	3.626143217733994	False
DQA1:HLA-DQA1_nov_f8928862	9.326005501801111e-05	0.00018338529249956298	0.014165457566179073	0.0015646892531332066	0.004677211902453809	5.612461220311013	False
DQA1:HLA-DQA1_nov_f8c23a03	6.6707033098224135e-06	0.00018338529249952435	0.005599739042922642	0.0009322569818069259	0.0036911440887585625	1.3973898468176043	False
DQA1:HLA-DQA1_nov_fcc41dff	6.67070330982212e-06	0.0001833852924995365	0.0011508240977738948	0.0002503490094974005	0.004353396543547341	0.599443999048805	False
DQA1:HLA-DQA1_nov_fce0198e	6.670703309822332e-06	0.00018338529249952774	0.005599786921882164	0.0006230540110365575	0.0033470897912347445	0.5909730946714782	False
DQA1:HLA-DQA1_nov_fcfc7a8a	6.6707033098223356e-06	0.00018338529249952758	0.0005134195560169224	0.00014547325918078905	0.004455321552763043	0.6880876388067216	False
DQA1:HLA-DQA1_nov_fd03152e	2.0007831094748767e-05	0.00018338529249966248	0.0034213715299554253	0.00029759085082490714	0.0008068338304593638	0.7298497260073944	False
DQA1:HLA-DQA1_nov_fd1bc98e	6.670703309822035e-06	0.0001833852924995401	0.00047900849879682324	0.00020414944785855025	0.0037068877654719045	0.599443999048805	False
DQA1:HLA-DQA1_nov_fd5a1ffd	6.670703309821996e-06	0.00018338529249954167	0.0017138059511548735	0.0004124559575994389	0.0013512682036031813	0.6880876388067214	False
DQA1:HLA-DQA1_nov_fe87e590	2.6682813239288295e-05	0.0001833852924995384	0.0030635357821117266	0.0006530145252279553	0.003180386176374738	0.6880876388067214	False
DQA1:HLA-DQA1_nov_fe9a7a7c	6.670703309821945e-06	0.00018338529249954378	0.00937515357732473	0.0013558023698328377	0.012705151507822521	1.3973898468176043	False
DQA1:HLA-DQA1_nov_fef1f855	6.670703309821816e-06	0.00018338529249954907	0.0018389337065851654	0.00012240277393029067	0.005157643260567107	0.5909730946714782	False
DQA1:HLA-DQA1_nov_feff5d67	6.67070330982198e-06	0.00018338529249954232	0.0067660777838115345	0.000781534823251583	0.004357393339329146	0.5909730946714781	False
DQB1:HLA-DQB1*02:01:01:01	0.007738439444027606	0.00018338529249961672	0.022169052783050376	0.0012444237135266123	0.033912982913996595	11.529958111024389	False
DQB1:HLA-DQB1*02:01:01:06	6.6707033098220586e-06	0.0001833852924995391	0.007572374290497596	0.0009024422454613814	0.006071097304216358	0.5909730946714782	False
DQB1:HLA-DQB1*02:01:01:08	6.670703309822234e-06	0.0001833852924995318	0.004051522138790724	0.00031424250227748225	0.00027898590361036935	1.6941397457220146	False
DQB1:HLA-DQB1*02:01:01:12	1.3339980341410046e-05	0.00018338529249951064	0.0040187674744445985	0.00038484381953577475	0.003380155436534308	0.7940959287881594	False
DQB1:HLA-DQB1*02:01:01:13	6.6707033098222254e-06	0.00018338529249953213	0.006728135999264933	0.0007695561519226047	0.004268959276287093	0.5909730946714782	False
DQB1:HLA-DQB1*02:01:01:15	6.6707033098221865e-06	0.00018338529249953378	0.0008149583241613233	1.6705708565782633e-05	0.002577032757436997	0.6880876388067212	False
DQB1:HLA-DQB1*02:02:01:01	0.007342506031990779	0.00018338529249955398	0.03798491718588315	0.0032068088294304065	0.019152455716097444	12.851572537634425	False
DQB1:HLA-DQB1*02:02:01:02	0.0013090781008010897	0.00018338529249952728	0.040811347674804474	0.003950222919204056	0.027650111408173146	37.50471994612633	False
DQB1:HLA-DQB1*02:02:01:06	6.670703309821898e-06	0.0001833852924995457	0.00013684242077022287	2.8176091613248433e-05	0.0025760902305466565	0.599443999048805	False
DQB1:HLA-DQB1*02:02:01:07	0.00026571563536875785	0.00018338529249958067	0.017030129678613875	0.0019361759163131224	0.004263233181796043	52.61655725566117	False
DQB1:HLA-DQB1*02:07:01	6.670703309821869e-06	0.00018338529249954696	0.00360815404042707	0.00016776880545928341	2.5497216821424146e-06	1.6941397457220146	False
DQB1:HLA-DQB1*02:122	1.3339980341409577e-05	0.00018338529249957493	0.007295138107190187	0.000866467481094008	0.004729525976720012	1.1824474387871216	False
DQB1:HLA-DQB1*02:206N	6.6707033098222085e-06	0.0001833852924995329	0.0021832816459073476	0.00017074454650713885	0.0003647928847082407	0.6880876388067214	False
DQB1:HLA-DQB1*03:01:01:01	0.0044448506421465575	0.00018338529249958648	0.036058118804700785	0.008251807859657864	0.0490188615004977	45.75474283861156	False
DQB1:HLA-DQB1*03:01:01:02	0.0012508773911024122	0.00018338529249954061	0.013988892616774447	0.0020005898384133323	0.052955505106867876	38.771464780129406	False
DQB1:HLA-DQB1*03:01:01:03	0.00808155206787548	0.00018338529249953823	0.021327552288370483	0.002614269097938581	0.05939675939440934	68.21877742349447	False
DQB1:HLA-DQB1*03:01:01:04	0.00011320798242687502	0.0001833852924995523	0.011447064974191032	0.00041942156428988555	0.004925634311223619	23.118008556168643	False
DQB1:HLA-DQB1*03:01:01:05	0.0013132784902060895	0.0001833852924995868	0.006350307753879149	0.00022052661603145815	0.023529601938040903	9.837690581818416	False
DQB1:HLA-DQB1*03:01:01:06	0.0004108865130646959	0.00018338529249953747	0.012328972567326119	0.0029788313960829108	0.021241768247666187	34.40920829828162	False
DQB1:HLA-DQB1*03:01:01:10	4.666497132579689e-05	0.0001833852924995499	0.015448728939413098	0.0019013374384030377	0.010902834258495716	7.111886216540507	False
DQB1:HLA-DQB1*03:01:01:11	6.6707033098218265e-06	0.0001833852924995487	0.006890830769289339	0.0011974702507095197	0.005794587066294442	1.3973898468176043	False
DQB1:HLA-DQB1*03:01:01:14	1.3339980341409448e-05	0.00018338529249957002	0.00908435814547796	0.0013150460069492986	0.006966485993961488	2.797174534846549	False
DQB1:HLA-DQB1*03:01:01:15	9.991079043253821e-05	0.00018338529249955373	0.01991972708704953	0.1103031886825944	0.00871900575471704	10.621380909955603	False
DQB1:HLA-DQB1*03:01:01:16	0.0002591005569101144	0.00018338529249960474	0.03198517933688592	0.003698655833620747	0.01874104244500918	15.053189539629424	False
DQB1:HLA-DQB1*03:01:01:17	0.00017297474562866574	0.00018338529249957428	0.014188027386677023	0.0006753402219452165	0.0018702198937101235	3.995469879640621	False
DQB1:HLA-DQB1*03:01:01:18	6.67070330982193e-06	0.00018338529249954444	0.001500045235669407	0.00030907651540873157	0.005567445278044097	0.5994439990488051	False
DQB1:HLA-DQB1*03:01:01:19	0.00012649946930825697	0.0001833852924995527	0.004013448532723324	0.0007202838850478916	0.01288659717967797	6.159818830367819	False
DQB1:HLA-DQB1*03:01:01:22	0.0019257865472696674	0.00018338529249955406	0.09983517593599991	0.01433307124563105	0.12785295775626132	204.5555005183779	False
DQB1:HLA-DQB1*03:01:01:23	1.333998034140991e-05	0.00018338529249953682	0.005985458964621228	0.0007643128246063762	0.002535799311182646	3.391722864910944	False
DQB1:HLA-DQB1*03:01:01:28	6.664285057759347e-05	0.00018338529249956363	0.0013810199444686435	0.00022351450904382582	0.01029319048490164	1.7877925901809297	False
DQB1:HLA-DQB1*03:01:01:29	7.995430535428643e-05	0.00018338529249951722	0.0058295169262778225	0.0004524843459357325	0.0032772958374024815	1.8699723808976143	False
DQB1:HLA-DQB1*03:01:01:30	7.998568347547289e-05	0.00018338529249956167	0.0007687114710200636	0.0001634171059260687	0.004904842865443877	0.5907087634448133	False
DQB1:HLA-DQB1*03:01:01:31	1.3339980341409385e-05	0.0001833852924995179	0.0015386194672775955	4.090391496507755e-05	0.005460027522068703	1.1994018806514455	False
DQB1:HLA-DQB1*03:01:01:33	0.00027894151345129347	0.00018338529249954476	0.004672026682436025	0.0016156445664169013	0.02391208588897645	9.918116345616838	False
DQB1:HLA-DQB1*03:01:01:37	2.667425556987187e-05	0.000183385292499538	0.008464098844054113	0.0009227233628228924	0.004158313433637868	0.8795330063557587	False
DQB1:HLA-DQB1*03:01:01:42	7.329929110505437e-05	0.00018338529249957954	0.005303312591863326	3.835483611359501e-05	0.007154102956034553	3.748152897550521	False
DQB1:HLA-DQB1*03:01:01:44	2.6674255569872993e-05	0.00018338529249952159	0.0018053864758456545	0.00030086097400623994	0.00026779337847193126	0.6209722198120938	False
DQB1:HLA-DQB1*03:01:01:50	6.670703309822028e-06	0.00018338529249954037	0.004926984808547381	0.0005524930945948881	0.001691662792968773	0.5909730946714781	False
DQB1:HLA-DQB1*03:01:01:56	6.670703309822099e-06	0.0001833852924995374	0.0022227005981519383	0.00036740745035616267	0.0027974460277214747	0.6880876388067212	False
DQB1:HLA-DQB1*03:01:04:02	0.0005096876590296012	0.00018338529249951522	0.04359751265380707	0.0055519250857611275	0.027075133188135852	12.745223232433808	False
DQB1:HLA-DQB1*03:01:43	6.6707033098221e-06	0.0001833852924995373	0.005667512813765772	0.0011035486320334483	0.0020672349544015867	0.6880876388067217	False
DQB1:HLA-DQB1*03:02:01:01	0.009576977699044975	0.00018338529249958623	0.054088816023601806	0.011488130232345324	0.08431353145065518	92.97116610549674	True
DQB1:HLA-DQB1*03:02:01:02	0.0009398346333933703	0.00018338529249953327	0.01232052244077605	0.0023301551108141547	0.029360746180989418	8.653809093883657	True
DQB1:HLA-DQB1*03:02:01:05	0.00025910055691013857	0.00018338529249957878	0.005618390562421406	9.501435182439878e-05	0.004753861461525049	11.392464614419245	True
DQB1:HLA-DQB1*03:02:01:10	3.3339253766747654e-05	0.00018338529249951725	0.0002605019108988281	0.00023038029320507808	0.0036406210456228867	0.9172547767561038	True
DQB1:HLA-DQB1*03:02:01:11	6.670703309822138e-06	0.00018338529249953576	0.0015332633346233848	2.6303180189101716e-05	0.0021555939207298434	1.6941397457220153	True
DQB1:HLA-DQB1*03:02:01:15	3.333925376674812e-05	0.0001833852924995612	0.0056362352391878855	0.0005361010950242104	0.006892195957056615	8.505237765220107	True
DQB1:HLA-DQB1*03:02:01:18	2.0007831094748573e-05	0.0001833852924996615	0.004342446495731249	0.0008966366787167589	0.007021312610020813	2.0662298177221365	True
DQB1:HLA-DQB1*03:02:01:21	6.670703309821806e-06	0.00018338529249954953	0.0017686736112637641	0.0003944056551107477	0.00263957539375583	0.5994439990488049	True
DQB1:HLA-DQB1*03:02:03	6.6707033098222974e-06	0.00018338529249952912	0.0013025975196325156	0.0002585424886587386	0.004296896328596625	0.6880876388067214	True
DQB1:HLA-DQB1*03:03:02:01	0.0027534629390177268	0.0001833852924995557	0.013972392467068434	0.0016962351915344482	0.032131538259000406	40.86335502717735	False
DQB1:HLA-DQB1*03:03:02:02	0.0020223313210654486	0.0001833852924995534	0.08648131831015851	0.013688554005386084	0.09351223622032107	240.20803221783353	False
DQB1:HLA-DQB1*03:03:02:03	0.0002392467638649031	0.00018338529249954395	0.035205837645740624	0.0053997036416581845	0.03970347446664672	45.38176580729772	False
DQB1:HLA-DQB1*03:03:02:04	5.3325690687961816e-05	0.00018338529249957628	0.006939741229592821	0.0015415410224502754	0.001814399121684247	3.948312750571346	False
DQB1:HLA-DQB1*03:03:02:07	6.670703309822446e-06	0.00018338529249952302	0.0023594607914935277	0.0004526657836084001	0.001181064832633932	0.599443999048805	False
DQB1:HLA-DQB1*03:03:02:12	6.670703309822195e-06	0.0001833852924995334	0.00031074621346413735	0.00010190125849716069	0.003008168841319633	0.5994439990488051	False
DQB1:HLA-DQB1*03:03:02:16	6.670703309822145e-06	0.0001833852924995355	0.006345269541672769	0.001071248002177405	0.005467145952291427	1.3973898468176043	False
DQB1:HLA-DQB1*03:03:04	6.6707033098218655e-06	0.00018338529249954706	0.003316987868549361	6.065642001683791e-05	0.0014199951573051301	1.6941397457220146	False
DQB1:HLA-DQB1*03:04:01:01	0.00010656009956881539	0.00018338529249954893	0.0077962017058567975	0.0011809729359733457	0.012775859181796884	4.43122384437622	False
DQB1:HLA-DQB1*03:04:01:02	0.00011320798242689285	0.0001833852924995006	0.0031129014080233247	0.0007940781684310092	0.014673036187496248	4.696352448178893	False
DQB1:HLA-DQB1*03:05:01	0.000292284346349167	0.00018338529249955162	0.010145696150942123	0.0008877238059362946	0.019558031424744663	24.923105121373755	False
DQB1:HLA-DQB1*03:08	1.3339980341410322e-05	0.00018338529249959743	0.00012613372402803184	0.00024078609435666449	0.003517227619447473	1.1994018806514453	False
DQB1:HLA-DQB1*03:09	4.000282568539093e-05	0.00018338529249951982	0.009187505321397909	0.0009120960365457806	0.0026268139819118274	1.191666193960325	False
DQB1:HLA-DQB1*03:11	6.670703309821818e-06	0.000183385292499549	0.0023907576535197837	0.00039759551204454976	0.0035333878919451677	1.6941397457220146	False
DQB1:HLA-DQB1*03:115	6.670703309822551e-06	0.00018338529249951866	0.0017007839982669042	0.00037037054183123994	0.0037355365149680953	0.5994439990488052	False
DQB1:HLA-DQB1*03:13	1.3339980341409933e-05	0.0001833852924995162	0.006357898877960626	0.0009524920643067931	0.004962285879929342	2.797174534846549	False
DQB1:HLA-DQB1*03:19:01:01	0.0042021508586730675	0.00018338529249953877	0.11685987372508086	0.01328927129299341	0.07654357095769501	191.16473841812444	False
DQB1:HLA-DQB1*03:21	1.3339980341410351e-05	0.00018338529249956127	0.0006141384580189015	2.437193717114731e-07	7.960573529708234e-05	1.3768305991742118	False
DQB1:HLA-DQB1*03:276N	8.6607893325275e-05	0.00018338529249954663	0.004526601113342451	0.0011850694648402602	0.0066097181448033495	2.9922161138992944	False
DQB1:HLA-DQB1*03:29	1.3339980341408486e-05	0.00018338529249955438	0.0029607237967040874	0.0003027101369247552	0.0005018646536985956	3.3917228649109434	False
DQB1:HLA-DQB1*03:42	1.3339980341409778e-05	0.00018338529249955056	0.0006715982786156946	0.00019680838422688656	0.005676340450708328	1.3768305991742118	False
DQB1:HLA-DQB1*03:49:01:01	6.670703309821965e-06	0.00018338529249954294	0.00018911949898181156	8.838697311370701e-05	0.003537539689785423	4.683899434417871	False
DQB1:HLA-DQB1*04:01:01:03	0.0007844672925882746	0.0001833852924995562	0.0654581138030171	0.010230652893422303	0.07761849041573658	136.9125445314694	False
DQB1:HLA-DQB1*04:02:01:04	0.003118553084202013	0.00018338529249955514	0.02608894181069678	0.006939400136810852	0.059756940558313355	111.6709809520648	False
DQB1:HLA-DQB1*04:02:01:07	2.6674255569874307e-05	0.00018338529249950128	0.00724246929954212	0.0011553961016381622	0.0017046209748381887	5.60395310243077	False
DQB1:HLA-DQB1*04:02:01:08	0.002379056344395174	0.0001833852924996225	0.09871757190892345	0.011037251786120143	0.06804833044995502	106.88432183721119	False
DQB1:HLA-DQB1*04:02:01:09	0.0003977176861114795	0.00018338529249961298	0.025745376295201836	0.004051537180854195	0.023058085731279432	15.724972227525152	False
DQB1:HLA-DQB1*04:02:01:12	2.667425556987074e-05	0.00018338529249954926	0.0013939808849645567	0.0003157044977864166	0.007913449238242672	1.894600646922611	False
DQB1:HLA-DQB1*04:02:01:13	0.0002921616864208853	0.00018338529249955105	0.00223662352962895	0.0006494902814190235	0.02405346692680611	13.894626685120581	False
DQB1:HLA-DQB1*04:02:01:17	6.670703309821861e-06	0.00018338529249954728	0.0011340729945063695	6.884714202601737e-05	0.0006505955972418441	0.6880876388067214	False
DQB1:HLA-DQB1*04:02:01:19	6.670703309821842e-06	0.00018338529249954807	0.00033526583380168585	0.00017215453285363285	0.0030095975386767123	0.5994439990488051	False
DQB1:HLA-DQB1*04:02:13	0.00014642600254357346	0.00018338529249953633	0.02186131497277942	0.00258613979050119	0.018111523466179766	6.15861081633414	False
DQB1:HLA-DQB1*05:01:01:01	0.0036170744109224975	0.00018338529249955514	0.04908713474618339	0.0041315424322288736	0.02986131045338988	28.986211572998478	False
DQB1:HLA-DQB1*05:01:01:02	0.002290634225153846	0.00018338529249956913	0.05912975115221847	0.006219293140077963	0.041928320650451004	47.84355994279624	False
DQB1:HLA-DQB1*05:01:01:03	0.005504043369720142	0.000183385292499568	0.013927563459873627	0.000975337684230614	0.04755025031004186	26.820026414034086	False
DQB1:HLA-DQB1*05:01:01:04	3.333925376674756e-05	0.00018338529249958683	0.0004227974606693508	0.00028622270381921226	0.009900596246230391	3.002365437295945	False
DQB1:HLA-DQB1*05:01:01:05	0.0011337870793171729	0.00018338529249954959	0.014264542902714561	0.001500302197554646	0.014445679347456752	55.33774443948812	False
DQB1:HLA-DQB1*05:01:01:06	7.995430535428656e-05	0.0001833852924995229	0.0015870191134991721	0.0003828402209350897	0.010413916410902646	8.300509832342131	False
DQB1:HLA-DQB1*05:01:01:08	2.6674255569879352e-05	0.00018338529249953373	0.009425722918409558	0.0010081079899275493	0.006636795680035911	2.3669024284041034	False
DQB1:HLA-DQB1*05:01:01:09	1.3339980341407962e-05	0.0001833852924995586	0.0005283614564282384	0.000256115574392354	0.0036761605187626643	0.39525281868272705	False
DQB1:HLA-DQB1*05:01:01:10	2.0007831094757213e-05	0.00018338529249953536	0.0001507035347235944	0.00018570908211753062	0.0047758326219248535	0.7622318739809016	False
DQB1:HLA-DQB1*05:01:01:11	1.3339980341409799e-05	0.00018338529249950115	0.001177358644595512	4.994445604842736e-05	0.000936529896820145	0.43956863663656215	False
DQB1:HLA-DQB1*05:01:01:16	0.0002128435011598411	0.00018338529249956143	0.02415147774875126	0.0025870454331234907	0.013250508576253124	11.458796981450972	False
DQB1:HLA-DQB1*05:01:01:22	1.3339980341410363e-05	0.00018338529249953536	0.0019999638117886957	0.00012326507345357014	0.0020784288162174077	0.4395686366365621	False
DQB1:HLA-DQB1*05:01:01:25	6.67070330982206e-06	0.00018338529249953896	0.004102640757923151	0.00043525246384108903	0.0024621441961456226	0.5909730946714782	False
DQB1:HLA-DQB1*05:01:01:26	1.3339980341409804e-05	0.0001833852924995504	0.0014244427964451856	0.00027376199566476865	0.007066219965587908	0.4438038458086559	False
DQB1:HLA-DQB1*05:01:01:32	1.3339980341408828e-05	0.00018338529249956712	0.0026495155774362523	0.0004343549660551558	0.0016441801602319229	0.7983327472301327	False
DQB1:HLA-DQB1*05:01:24:01	0.0006741831805451411	0.00018338529249956856	0.054926653431824866	0.005169778542945255	0.07363231003607333	63.3294663062595	False
DQB1:HLA-DQB1*05:02:01:01	0.0031392070193385926	0.00018338529249950443	0.07734769724785744	0.008910594865408787	0.07189113693071755	133.84211762597664	False
DQB1:HLA-DQB1*05:02:01:03	6.670703309821898e-06	0.0001833852924995457	0.008757347365289478	0.0013363427455387283	0.014693431779665147	1.3973898468176043	False
DQB1:HLA-DQB1*05:02:01:04	0.0003647706588596627	0.00018338529249961358	0.03072114038538332	0.003170906165493578	0.020886789799539632	19.09355861183027	False
DQB1:HLA-DQB1*05:02:01:05	1.3339980341410656e-05	0.00018338529249946897	0.006709911111655866	0.0011152529473348791	0.008835391172524722	2.797174534846549	False
DQB1:HLA-DQB1*05:02:01:08	0.0002724433898079739	0.0001833852924996345	0.028334097768358588	0.0038117850355630467	0.021394018262189795	19.399795326964487	False
DQB1:HLA-DQB1*05:02:01:10	2.0007831094754784e-05	0.00018338529249958957	0.0006865538211605253	0.0002899004181054419	0.004613416833079076	0.7622318739809018	False
DQB1:HLA-DQB1*05:02:01:12	5.9984983771892915e-05	0.00018338529249959686	0.005573947583025629	0.0004600981989736095	0.0071458085696829545	6.598988193199836	False
DQB1:HLA-DQB1*05:02:01:13	6.670703309822123e-06	0.0001833852924995364	0.0001757274909325698	0.00012867185294568797	0.0016434556418492992	0.6880876388067214	False
DQB1:HLA-DQB1*05:02:01:14	6.67070330982233e-06	0.00018338529249952785	0.0011573580088375108	0.00018763082340441121	0.0029197481922927436	0.599443999048805	False
DQB1:HLA-DQB1*05:03:01:01	0.003141449128724651	0.0001833852924995966	0.035144396676061465	0.0033498144347517108	0.014947310953303877	69.88968217872696	False
DQB1:HLA-DQB1*05:03:01:02	0.0002061285832246956	0.00018338529249957412	0.039091128014289545	0.005807976244499303	0.048061333381509926	35.49678206731576	False
DQB1:HLA-DQB1*05:03:01:04	0.00015306532773217145	0.00018338529249957086	0.01999108345123851	0.0033557336412125176	0.012438631746651588	5.186750334121057	False
DQB1:HLA-DQB1*05:03:01:05	2.667425556987475e-05	0.00018338529249951907	0.004656411329204518	0.0003710902925322252	0.002337711740068593	2.366902428404103	False
DQB1:HLA-DQB1*05:03:01:06	1.3339980341410109e-05	0.00018338529249954257	0.002066130662572713	0.0003665354114898307	0.002507521456717276	0.4438038458086558	False
DQB1:HLA-DQB1*05:03:01:10	4.6664971325797374e-05	0.0001833852924995358	0.003776485121981909	0.0001892686301683227	0.0006189814574894485	3.86003044511285	False
DQB1:HLA-DQB1*05:04	9.326005501800888e-05	0.00018338529249956186	0.0008471350557359117	0.00022474260821393977	0.004658387704871185	0.8587041633839639	False
DQB1:HLA-DQB1*05:10	1.3339980341409895e-05	0.00018338529249952928	0.003797526389568133	0.0004567442078656708	0.0017318277200282731	3.391722864910944	False
DQB1:HLA-DQB1*05:23	6.670703309821823e-06	0.00018338529249954883	0.002590409726900621	2.8878099479630656e-05	0.001230700546406189	1.6941397457220146	False
DQB1:HLA-DQB1*06:01:01:01	0.004662400861485223	0.00018338529249955045	0.09699642361539038	0.003392947889885271	0.05325860276066183	288.9994908018457	False
DQB1:HLA-DQB1*06:01:01:02	1.3339980341410154e-05	0.00018338529249960529	0.006970444692348098	0.00011936412441154571	0.0029763471752608686	2.797174534846549	False
DQB1:HLA-DQB1*06:01:01:05	6.670703309821961e-06	0.00018338529249954313	0.0006937660626765827	0.00024294360242991582	0.001380621328869053	1.6941397457220153	False
DQB1:HLA-DQB1*06:01:01:07	3.333925376674793e-05	0.0001833852924995265	0.004424345074924198	0.0006918125681552918	0.004986103914724144	1.1503806671336232	False
DQB1:HLA-DQB1*06:01:03	3.333925376674794e-05	0.0001833852924995465	0.0034460142037445055	0.00071124747117832	0.005347658870451512	2.5367415606018118	False
DQB1:HLA-DQB1*06:01:05	1.333998034140907e-05	0.00018338529249950755	0.01051805006649663	0.0013454263414392033	0.014784438172181781	2.797174534846549	False
DQB1:HLA-DQB1*06:02:01:01	0.009225766667374635	0.00018338529249958311	0.06259889945158648	0.0056765248807658	0.014531724162262555	70.55180905182002	True
DQB1:HLA-DQB1*06:02:01:03	0.00010656009956881853	0.0001833852924995664	0.015716440974444294	0.0015692054749643757	0.010956183643277941	2.7895434842279854	True
DQB1:HLA-DQB1*06:02:01:04	0.0011337870793171692	0.00018338529249954883	0.05684568571292118	0.0062959937378295324	0.03883488497613149	46.515316035187645	True
DQB1:HLA-DQB1*06:02:01:05	5.332569068796227e-05	0.00018338529249960043	0.012069012814403464	0.0012885999364074569	0.007519747227999118	4.741855545340194	True
DQB1:HLA-DQB1*06:02:01:06	0.00011985443900665017	0.00018338529249965605	0.023623550375022177	0.0027208121879170183	0.01733119372919766	9.202964370825569	True
DQB1:HLA-DQB1*06:02:01:07	1.3339980341409184e-05	0.00018338529249956718	0.0013144574855854631	0.0002673479501555923	0.0006670986463263596	0.7940959287881594	True
DQB1:HLA-DQB1*06:02:01:16	1.333998034140963e-05	0.00018338529249949616	0.0005416452345353154	0.00018247526202677563	0.00576134310553751	0.44380384580865584	True
DQB1:HLA-DQB1*06:02:01:24	2.000783109475617e-05	0.00018338529249959236	0.005193675585251224	0.0004910878167285737	0.004384413228747537	0.7213758221733102	True
DQB1:HLA-DQB1*06:02:01:26	6.67070330982195e-06	0.0001833852924995436	0.001290274224328765	0.0002313045632182184	0.005772586435913539	0.599443999048805	True
DQB1:HLA-DQB1*06:02:01:27	2.6674255569877905e-05	0.00018338529249948413	0.003390642824284464	0.00026600734011112065	0.0015769349217699907	2.366902428404103	True
DQB1:HLA-DQB1*06:02:01:31	6.670703309821819e-06	0.000183385292499549	0.002376285666379678	0.0002625255174113758	0.0011848631390738078	0.5909730946714782	True
DQB1:HLA-DQB1*06:02:01:33	6.6707033098221475e-06	0.00018338529249953536	0.000805046718413702	7.571211721033795e-05	0.0031530559614165667	0.5994439990488051	True
DQB1:HLA-DQB1*06:02:02	1.3339980341409844e-05	0.00018338529249959458	0.0056244136515308605	0.0008231368045185814	0.002507358034650234	0.7983327472301327	True
DQB1:HLA-DQB1*06:02:23	6.670703309822246e-06	0.00018338529249953126	0.001521009725426288	0.00011050140856097581	0.0005436493185825738	4.683899434417872	True
DQB1:HLA-DQB1*06:02:27	6.670703309822295e-06	0.00018338529249952923	0.0011450714311393578	0.00023365861862901954	0.004075879798676999	0.5909730946714781	True
DQB1:HLA-DQB1*06:03:01:01	0.004216174026288824	0.00018338529249955932	0.019954594318360004	0.004128614020851102	0.06718656361776901	47.40272301831825	False
DQB1:HLA-DQB1*06:03:01:02	0.0006210771367056273	0.000183385292499496	0.030933589066581203	0.0032966126610437757	0.019513289128293327	14.324315680259282	False
DQB1:HLA-DQB1*06:03:01:03	1.3339980341409868e-05	0.00018338529249954224	0.008091439928547923	0.0009088488718366075	0.006578766785548472	1.1824474387871216	False
DQB1:HLA-DQB1*06:03:01:04	6.6707033098220145e-06	0.00018338529249954094	0.00188397706182675	0.00019801956391410868	0.00012560909424044864	0.6880876388067216	False
DQB1:HLA-DQB1*06:03:01:05	0.00011985443900664977	0.0001833852924996596	0.0030550997056787966	0.0005833105509245462	0.012632982883755618	4.153451921335261	False
DQB1:HLA-DQB1*06:03:01:06	6.670703309821985e-06	0.00018338529249954213	0.00267937508575713	0.000549164182072796	0.004561387225169582	0.5994439990488052	False
DQB1:HLA-DQB1*06:03:01:14	1.333998034141003e-05	0.00018338529249959352	0.007780361025768801	0.0012726933389702974	0.008686450790600634	2.7971745348465493	False
DQB1:HLA-DQB1*06:03:01:16	2.0007831094755865e-05	0.000183385292499545	0.0018182437778897682	6.345939652939973e-05	0.0014823934852978404	6.55156244751289	False
DQB1:HLA-DQB1*06:04:01:01	0.002411876432884935	0.00018338529249953693	0.013107400023293983	0.00031169840781507664	0.010289202287356677	10.45519448334792	False
DQB1:HLA-DQB1*06:04:01:04	1.3339980341410095e-05	0.00018338529249960472	0.00032614583716407685	6.059200035709627e-06	0.0046153694672836885	0.4438038458086558	False
DQB1:HLA-DQB1*06:08:01:01	4.0002825685390896e-05	0.00018338529249954728	0.00943203062437472	0.0010315679797798698	0.00409833919334427	3.5533700858029307	False
DQB1:HLA-DQB1*06:08:01:02	4.6664971325796995e-05	0.00018338529249953885	0.006712515949882436	0.0005948975269701007	0.0042332936511387175	2.251592436768464	False
DQB1:HLA-DQB1*06:09:01:01	0.0019647809942421597	0.00018338529249957143	0.02982578086007987	0.003223994337905213	0.03162961666191969	15.2948123702764	False
DQB1:HLA-DQB1*06:09:01:02	7.329929110506035e-05	0.0001833852924995874	0.005169906370022108	0.00061743644871305	0.0006633522035930411	1.952475759543954	False
DQB1:HLA-DQB1*06:10	6.670703309822322e-06	0.00018338529249952815	0.007523621416861901	0.0011370865628920488	0.010219482710275915	1.3973898468176043	False
DQB1:HLA-DQB1*06:110	2.667425556987227e-05	0.00018338529249952037	0.002984781117239221	0.0001918941836410164	0.006480311102374527	6.797261301573056	False
DQB1:HLA-DQB1*06:11:01:01	4.0002825685390856e-05	0.00018338529249949966	0.01374402224678658	0.0015652595690481053	0.010381866247895577	2.2469989841983744	False
DQB1:HLA-DQB1*06:127	6.67070330982204e-06	0.00018338529249953983	0.0013849910996443634	0.0001518351316052992	0.004958472294166044	0.5909730946714781	False
DQB1:HLA-DQB1*06:14:01	6.670703309822532e-06	0.00018338529249951944	0.0003362318278863589	1.5035005931464948e-06	0.001239506651629747	0.6880876388067214	False
DQB1:HLA-DQB1*06:293	6.670703309821931e-06	0.00018338529249954435	0.0005705062206762579	1.6940156354730155e-05	0.0016593334347264864	4.68389943441787	False
DQB1:HLA-DQB1*06:329	6.670703309822396e-06	0.0001833852924995251	0.0012868159314812487	0.00023290472707876973	0.0024376590250547265	0.599443999048805	False
DQB1:HLA-DQB1*06:33	6.670703309821938e-06	0.00018338529249954408	0.0007362196710963202	0.0002396783440921429	0.003968391694875772	0.5994439990488049	False
DQB1:HLA-DQB1*06:41:01:02	1.3339980341409643e-05	0.00018338529249955398	0.0010724813715830225	0.00016480046684780542	0.003960383555058805	2.9875904575623204	False
DQB1:HLA-DQB1*06:88:01:02	6.670703309822032e-06	0.00018338529249954023	0.00039117609608212996	0.0001349454549896449	0.0058685669615356146	0.599443999048805	False
DQB1:HLA-DQB1_nov_00ff4a3c	6.670703309821854e-06	0.0001833852924995476	0.004008887843353975	0.00040113473909546347	0.002452833617350024	0.5909730946714781	False
DQB1:HLA-DQB1_nov_0141138c	6.670703309822413e-06	0.00018338529249952443	0.006587070395885776	0.0006797057446746003	0.006788086038293324	1.3973898468176043	False
DQB1:HLA-DQB1_nov_0141f978	6.670703309822401e-06	0.00018338529249952487	0.0018710388842741472	0.00019268107227559268	0.0023855302285515096	1.6941397457220142	False
DQB1:HLA-DQB1_nov_0142e72b	6.670703309822536e-06	0.0001833852924995193	0.000849195944155772	0.0001026831288547151	0.0030235054123502404	4.683899434417872	False
DQB1:HLA-DQB1_nov_01962f97	3.3339253766747626e-05	0.00018338529249959065	0.002426071552613828	0.0015212736215195945	0.0027017502196541934	1.1379255007381266	False
DQB1:HLA-DQB1_nov_01db9e5e	6.670703309821794e-06	0.00018338529249955007	0.0030423548781467425	0.00015045698847053737	0.00013470324420912188	1.6941397457220144	False
DQB1:HLA-DQB1_nov_01e06be8	6.670703309822087e-06	0.00018338529249953788	0.00043217251189166033	6.863606229553505e-05	0.00042433662159432667	0.5909730946714781	False
DQB1:HLA-DQB1_nov_029dd2e0	6.670703309822542e-06	0.000183385292499519	0.004075169995952831	4.508970108350397e-05	0.0009525269907544608	0.6880876388067213	False
DQB1:HLA-DQB1_nov_02d24d3f	6.670703309822483e-06	0.00018338529249952145	0.0007134229999404267	6.623875670324641e-06	0.003100118298922365	0.599443999048805	False
DQB1:HLA-DQB1_nov_0343fc88	6.670703309821814e-06	0.0001833852924995492	0.0028373028237749127	2.091836644641443e-05	1.9374972428638753e-05	1.6941397457220146	False
DQB1:HLA-DQB1_nov_03f11d37	6.6707033098221645e-06	0.00018338529249953468	0.003031161926695096	0.0003055031113234885	0.0010532158337702754	0.6880876388067214	False
DQB1:HLA-DQB1_nov_046ca1da	0.00035832816006767595	0.00018338529249957975	0.005598402409278925	9.58932633567805e-05	0.013061790726201856	2.0268513662792147	False
DQB1:HLA-DQB1_nov_04797adc	0.0016899970818492216	0.00018338529249951722	0.037891806570695706	0.005579052624462018	0.02009221555794394	30.788122523650564	False
DQB1:HLA-DQB1_nov_04ea7b5b	6.670703309822281e-06	0.0001833852924995298	0.0012115722720228402	0.0003954399435243018	8.431010133058688e-06	0.6880876388067216	False
DQB1:HLA-DQB1_nov_04f0ced9	6.67070330982187e-06	0.00018338529249954687	0.0017939197050558908	0.0001618017505027157	0.002271204566488993	0.6880876388067212	False
DQB1:HLA-DQB1_nov_05275995	6.670703309822432e-06	0.00018338529249952356	0.0046596665520917905	0.0004917871970473234	0.0024823425324569668	0.6880876388067215	False
DQB1:HLA-DQB1_nov_055d4fa9	6.6707033098217935e-06	0.00018338529249955007	0.004315675423685707	0.014314144114223585	0.0004945817790412652	1.6941397457220146	False
DQB1:HLA-DQB1_nov_06869180	6.6707033098222e-06	0.00018338529249953321	0.0014073950370662306	0.00015057481688522973	0.0037570832500367192	0.5994439990488052	False
DQB1:HLA-DQB1_nov_072df541	6.670703309822281e-06	0.0001833852924995298	0.0026687381431564003	0.00020663174729461628	0.00105978549785146	0.5909730946714781	False
DQB1:HLA-DQB1_nov_07c7175c	6.670703309822043e-06	0.00018338529249953972	0.001475051018185632	0.0002713578539164098	0.0019145590275543218	1.694139745722015	False
DQB1:HLA-DQB1_nov_07cbaab5	6.6707033098220476e-06	0.00018338529249953958	0.0031291867978424986	0.0003764579769548471	0.00044235350462449804	0.599443999048805	False
DQB1:HLA-DQB1_nov_08d5e3e3	6.670703309822103e-06	0.00018338529249953723	4.493644668197172e-05	0.00010910715628100714	0.0008018981291178261	0.599443999048805	False
DQB1:HLA-DQB1_nov_09190582	0.00025258959676271276	0.000183385292499635	0.006870364015539713	0.0008795598090178837	0.011459160730325038	3.8192314098315454	False
DQB1:HLA-DQB1_nov_0982373d	6.670703309822341e-06	0.00018338529249952733	0.006484852579745508	0.0007387125251200497	0.005766519788380436	0.5909730946714781	False
DQB1:HLA-DQB1_nov_0aea0512	6.670703309822411e-06	0.00018338529249952449	0.007325519363521554	0.000857685243611576	0.005052920291495454	0.5909730946714782	False
DQB1:HLA-DQB1_nov_0b0a007c	6.6707033098225405e-06	0.00018338529249951912	0.00016034550232832653	6.063209409568203e-05	0.001283039716903336	0.5994439990488051	False
DQB1:HLA-DQB1_nov_0b128a2d	6.670703309822279e-06	0.00018338529249952993	0.0001501887463279978	0.00034281209065050816	0.0013250287219569662	0.599443999048805	False
DQB1:HLA-DQB1_nov_0b3d2d5f	1.3339980341410505e-05	0.00018338529249956167	0.003886709395342348	0.0003559807265471238	0.00020725232955032396	0.39525281868272705	False
DQB1:HLA-DQB1_nov_0d6e0999	6.670703309822317e-06	0.00018338529249952842	0.0003136430534123682	0.00011681867086914973	0.004454795332416258	0.599443999048805	False
DQB1:HLA-DQB1_nov_0d6e2f3c	6.670703309822091e-06	0.0001833852924995377	0.0017714144506618269	0.00029688612781025387	0.0008064410838663384	1.3973898468176043	False
DQB1:HLA-DQB1_nov_0d6e8ef4	6.67070330982177e-06	0.00018338529249955105	0.0022387052197955343	0.00018064651321662235	0.00011087764391351771	0.5909730946714781	False
DQB1:HLA-DQB1_nov_0d88bd9f	1.3339980341410597e-05	0.00018338529249957094	0.0016093965087511709	9.351447231004649e-05	0.0015278231168322223	0.4438038458086558	False
DQB1:HLA-DQB1_nov_0d9e86a4	6.6707033098220205e-06	0.00018338529249954061	0.00012727061864861486	0.0001788748965850998	0.0034735326635136287	1.3973898468176043	False
DQB1:HLA-DQB1_nov_0f1e7af6	6.670703309822536e-06	0.0001833852924995193	0.00013059682866070526	8.495220094237333e-06	0.0016438916123169137	0.599443999048805	False
DQB1:HLA-DQB1_nov_0f343960	6.670703309821931e-06	0.00018338529249954435	0.0005705062206762579	1.6940156354730155e-05	0.0016593334347264864	4.68389943441787	False
DQB1:HLA-DQB1_nov_11194567	6.670703309822112e-06	0.00018338529249953687	0.01037243390190463	0.001611345174994309	0.01551686045633846	1.3973898468176043	False
DQB1:HLA-DQB1_nov_111c3118	6.670703309822155e-06	0.00018338529249953506	0.0002277080563376193	7.55972965610671e-05	0.001167672113628877	0.6880876388067215	False
DQB1:HLA-DQB1_nov_1147323e	6.670703309821886e-06	0.00018338529249954625	0.002241209249355139	0.00017560331942053465	0.002844940672030677	0.5994439990488052	False
DQB1:HLA-DQB1_nov_1149b97e	6.670703309821914e-06	0.00018338529249954509	0.0032693172871534285	0.0005943420544346583	0.004537720670292637	0.5994439990488052	False
DQB1:HLA-DQB1_nov_11e91177	6.670703309821812e-06	0.00018338529249954931	0.0006212866864024629	3.7154634541782505e-05	0.0025043942351416436	0.599443999048805	False
DQB1:HLA-DQB1_nov_12464a8b	6.670703309822128e-06	0.00018338529249953622	0.0010086700170280837	5.5218069821003714e-05	0.000772405909622957	0.5994439990488049	False
DQB1:HLA-DQB1_nov_12d7d3f4	6.670703309822238e-06	0.00018338529249953167	0.0028482737271335995	0.00045190350766750523	0.0008206166821183237	0.599443999048805	False
DQB1:HLA-DQB1_nov_138947b1	6.670703309822192e-06	0.00018338529249953354	0.00437789798193843	0.00048410641142298904	0.0032711970865324466	0.6880876388067217	False
DQB1:HLA-DQB1_nov_13d4c174	2.667425556987935e-05	0.00018338529249946925	0.010740195254845573	0.0012100435467723826	0.007858947943792771	1.202549823977856	False
DQB1:HLA-DQB1_nov_14aaab8e	6.670703309821789e-06	0.00018338529249955024	0.0013906994812220882	0.00011986187429211335	0.002481013780915771	1.6941397457220146	False
DQB1:HLA-DQB1_nov_159ca092	6.670703309822206e-06	0.00018338529249953294	0.005691819332037272	0.0006424692860835305	0.0038589169118951913	0.5909730946714782	False
DQB1:HLA-DQB1_nov_15b9b060	6.67070330982226e-06	0.0001833852924995307	0.00137272271506779	0.00026786724503710966	0.00530277685415791	0.5909730946714781	False
DQB1:HLA-DQB1_nov_1665e993	6.670703309822278e-06	0.00018338529249952993	0.00037126357065154483	6.56329777299354e-05	0.004178847770221667	0.6880876388067217	False
DQB1:HLA-DQB1_nov_18b8e10c	6.670703309821869e-06	0.00018338529249954696	0.0052509106074475655	0.0005761213336835786	0.004917639873113978	0.5909730946714781	False
DQB1:HLA-DQB1_nov_191e5021	6.670703309822444e-06	0.0001833852924995231	0.0012972124992317018	0.00016849459994983787	0.0014193275269079215	1.6941397457220149	False
DQB1:HLA-DQB1_nov_196ee560	6.670703309822147e-06	0.00018338529249953536	0.00011954477636155422	0.00017611899230774808	0.003505268338951405	0.6880876388067217	False
DQB1:HLA-DQB1_nov_1b03258b	6.670703309822452e-06	0.00018338529249952275	0.0027359612714074394	0.0005609045842240644	0.002973671631403157	0.6880876388067213	False
DQB1:HLA-DQB1_nov_1bab911a	6.670703309822043e-06	0.00018338529249953972	0.0052814198893643945	0.0005833778490680153	0.002306227320537306	0.5909730946714781	False
DQB1:HLA-DQB1_nov_1bb15c1a	6.670703309821954e-06	0.00018338529249954343	0.005910661347179203	0.0006727264968811454	0.0038678311310387714	0.5909730946714782	False
DQB1:HLA-DQB1_nov_1bb4f923	6.670703309822314e-06	0.00018338529249952847	0.004526471036302022	0.0005310840607555869	0.0035386388753217736	0.5909730946714781	False
DQB1:HLA-DQB1_nov_1ec04263	6.670703309822227e-06	0.00018338529249953208	0.002002803509187455	0.0001625415398726873	0.002253281665420889	0.5994439990488051	False
DQB1:HLA-DQB1_nov_1ffb49eb	6.670703309821783e-06	0.00018338529249955053	0.0008281655247090636	0.0002780279712494456	0.0041086664602103355	0.6880876388067214	False
DQB1:HLA-DQB1_nov_203783e0	6.670703309822079e-06	0.00018338529249953823	0.004695881211153334	0.0005213014479016869	0.0035832638058883605	0.5909730946714782	False
DQB1:HLA-DQB1_nov_21d73f01	5.99849837718905e-05	0.00018338529249960068	0.016488557110059317	0.0020248329879329644	0.01118801519766302	5.336856560174459	False
DQB1:HLA-DQB1_nov_21d84c23	6.6707033098222636e-06	0.00018338529249953056	0.0020911692322405553	0.00024319617587927988	0.00018853938242319784	0.5909730946714782	False
DQB1:HLA-DQB1_nov_228c268a	0.00022600377044352976	0.00018338529249952576	0.016008855503753718	0.00259622548188338	0.012432685329576356	3.1059620289046483	False
DQB1:HLA-DQB1_nov_23a8ebcf	6.67070330982237e-06	0.00018338529249952614	0.004230702012416708	0.0002157715190698946	0.00019957778279702145	1.3973898468176043	False
DQB1:HLA-DQB1_nov_246aa706	6.670703309822106e-06	0.00018338529249953706	0.0013078056783039158	6.453117720215618e-05	0.00013606293008287294	0.6880876388067216	False
DQB1:HLA-DQB1_nov_2620e2ed	6.670703309822159e-06	0.00018338529249953492	0.004637692924785762	0.0005060761753872892	0.002262784121856357	0.5909730946714782	False
DQB1:HLA-DQB1_nov_272f9c52	0.00041781679901346894	0.0001833852924995474	0.005684504727151908	8.932014249019745e-05	0.008889669103228765	3.852505440301812	False
DQB1:HLA-DQB1_nov_27af330e	6.670703309822209e-06	0.0001833852924995329	0.0011137800037487747	0.0005722073218460173	0.0024864349543405593	0.599443999048805	False
DQB1:HLA-DQB1_nov_27d7083b	6.670703309822297e-06	0.00018338529249952923	6.695060820659727e-05	7.345479634396697e-05	0.00270511367522787	0.6880876388067214	False
DQB1:HLA-DQB1_nov_294bec6f	6.6707033098223245e-06	0.00018338529249952804	0.003148068911620753	0.0005357810930767496	0.0020563991955821434	1.6941397457220149	False
DQB1:HLA-DQB1_nov_2990dd95	6.6707033098224855e-06	0.00018338529249952134	0.004557495487937977	0.0004770415224012039	0.004893368345918226	0.5909730946714781	False
DQB1:HLA-DQB1_nov_2badc3cc	6.670703309822175e-06	0.00018338529249953422	0.0020134079818532216	0.0001465681033748963	0.0018679822868897106	0.5909730946714781	False
DQB1:HLA-DQB1_nov_2e86aad3	6.670703309822062e-06	0.00018338529249953893	0.00041120012543588593	8.114593658039616e-05	0.001584152102651464	0.5909730946714782	False
DQB1:HLA-DQB1_nov_2eac4cb9	6.670703309822411e-06	0.00018338529249952449	0.002567718744973742	4.6273569998195964e-05	0.0014722777804877002	1.6941397457220142	False
DQB1:HLA-DQB1_nov_320f4ad7	6.670703309822504e-06	0.00018338529249952058	0.002733869281426676	0.0003886939297423353	7.023399607274778e-05	0.5909730946714782	False
DQB1:HLA-DQB1_nov_32d04540	6.670703309821994e-06	0.00018338529249954175	0.004724470350024754	0.0005003372483419322	0.0008631611703781142	0.5909730946714782	False
DQB1:HLA-DQB1_nov_3338381d	6.670703309822089e-06	0.00018338529249953777	0.0027145963035235332	0.0001790298830501281	0.0008434280619800468	0.6880876388067213	False
DQB1:HLA-DQB1_nov_3562a794	6.670703309822506e-06	0.00018338529249952053	0.0013632436197270243	0.0001789539410155117	0.0020102475269393816	1.6941397457220146	False
DQB1:HLA-DQB1_nov_35bf7052	6.670703309822071e-06	0.00018338529249953853	0.000403917887196462	2.7412247037500212e-05	0.001218512512404846	0.5909730946714781	False
DQB1:HLA-DQB1_nov_366a7deb	6.670703309822082e-06	0.00018338529249953807	0.006165664202467983	0.0007012453459429327	0.004333989150072649	0.5909730946714782	False
DQB1:HLA-DQB1_nov_391b0dfa	6.670703309822374e-06	0.00018338529249952595	0.003729867309541129	0.00013292109811336691	0.0005680101431480043	1.6941397457220144	False
DQB1:HLA-DQB1_nov_3a4bbbcb	6.670703309822231e-06	0.0001833852924995319	0.0019426875437785914	0.0001672804513565585	0.0006270514712002304	0.5909730946714781	False
DQB1:HLA-DQB1_nov_3a7e204d	6.670703309822544e-06	0.00018338529249951893	0.0006708293357095427	0.000351401126884624	0.00410866502904297	0.6880876388067212	False
DQB1:HLA-DQB1_nov_3c607f1f	6.670703309821874e-06	0.0001833852924995468	0.001222900852098106	0.00010808462057172217	0.0009931209186766518	1.6941397457220144	False
DQB1:HLA-DQB1_nov_3c726348	6.670703309821911e-06	0.00018338529249954517	0.00209809635826569	0.00016991520364990128	0.0005684023316814433	0.5909730946714781	False
DQB1:HLA-DQB1_nov_3d88f7ee	6.670703309822489e-06	0.0001833852924995213	0.00048739552548622756	8.174297947469287e-05	0.002446495569185116	0.6880876388067214	False
DQB1:HLA-DQB1_nov_3ffc8ed4	0.0007059792012606832	0.00018338529249952874	0.021550472418571873	0.0020032187323403296	0.0034254912196763914	5.741493633357228	False
DQB1:HLA-DQB1_nov_403929fd	6.67070330982215e-06	0.00018338529249953525	0.008342505203950655	0.0012593964201097533	0.009870481232203012	1.3973898468176043	False
DQB1:HLA-DQB1_nov_4109e143	6.670703309822478e-06	0.00018338529249952175	0.005948258221687989	0.0006944644367451662	0.004119457381653678	0.5909730946714782	False
DQB1:HLA-DQB1_nov_4175dc66	6.6707033098223415e-06	0.00018338529249952733	0.0010530511745753003	0.0002051512783802276	0.0013572885873968617	0.6880876388067215	False
DQB1:HLA-DQB1_nov_41dc4f15	6.670703309822538e-06	0.00018338529249951923	0.001197861087568693	5.803680908607697e-05	0.0009520328436065786	0.6880876388067214	False
DQB1:HLA-DQB1_nov_42de7bef	0.0030587064494197757	0.00018338529249955788	0.03207423746609545	0.0029791200822526192	0.0052074653657811255	13.92631208130423	False
DQB1:HLA-DQB1_nov_43683ee1	6.67070330982201e-06	0.00018338529249954107	0.003309579292425477	0.0006155603845395259	0.002806720889620534	0.6880876388067212	False
DQB1:HLA-DQB1_nov_43ba0425	6.670703309822285e-06	0.0001833852924995297	0.00012095835748790187	4.1155788514663253e-05	0.003071100739017508	0.5994439990488051	False
DQB1:HLA-DQB1_nov_43fe701c	6.6707033098221424e-06	0.0001833852924995356	0.0012348973315148989	0.0012813293453272593	0.002920722231232991	0.6880876388067212	False
DQB1:HLA-DQB1_nov_43fec7c8	6.670703309822016e-06	0.00018338529249954086	0.0016653726681154742	0.00034419834892251554	0.0030445537284499308	0.5994439990488049	False
DQB1:HLA-DQB1_nov_4418357f	6.670703309822095e-06	0.00018338529249953758	0.004274860925919675	0.000531638180023611	0.004107401250887998	1.3973898468176043	False
DQB1:HLA-DQB1_nov_45ea60b1	6.6707033098219535e-06	0.00018338529249954346	0.0012119165355715003	7.025514559960069e-05	0.0029456296641385896	0.5909730946714782	False
DQB1:HLA-DQB1_nov_461cf674	6.670703309822498e-06	0.00018338529249952085	0.003161863047978617	0.0005470306786084937	2.2158962500484733e-05	1.3973898468176043	False
DQB1:HLA-DQB1_nov_46227f13	6.670703309821937e-06	0.0001833852924995442	0.004749083618679418	0.0007351981774349923	0.004821230637130852	1.3973898468176043	False
DQB1:HLA-DQB1_nov_46778760	2.0007831094751447e-05	0.0001833852924996339	0.0005085811646268669	0.00011817571475176858	0.0054985103428474335	1.5883257291003339	False
DQB1:HLA-DQB1_nov_4747349c	6.670703309822181e-06	0.00018338529249953395	0.00732278939126456	0.0008561014149174876	0.006356154770186843	0.5909730946714782	False
DQB1:HLA-DQB1_nov_47609268	5.332569068796207e-05	0.00018338529249957772	0.01749837566053432	0.0025939084118414796	0.019410917876466545	11.24652086878871	False
DQB1:HLA-DQB1_nov_48a95927	6.67070330982213e-06	0.00018338529249953611	0.005878165389911385	0.000673837140672534	0.003763307228044934	0.5909730946714781	False
DQB1:HLA-DQB1_nov_492d2f99	6.670703309822169e-06	0.00018338529249953451	0.004472314170063719	0.0005104095170682853	0.006577076343867173	0.5909730946714781	False
DQB1:HLA-DQB1_nov_4a2134ec	6.670703309822077e-06	0.00018338529249953826	0.00098855191761404	0.0002339920180956244	0.004469437323445692	0.6880876388067214	False
DQB1:HLA-DQB1_nov_4b7683bb	6.670703309822441e-06	0.0001833852924995232	0.0018081738359547648	7.860309790748979e-05	0.0011599191873843606	0.5909730946714782	False
DQB1:HLA-DQB1_nov_4b9d8aa7	6.670703309822031e-06	0.0001833852924995403	0.0014535246300924412	0.00016656442440489045	0.0011767288155152742	0.5909730946714782	False
DQB1:HLA-DQB1_nov_4bdc9f6e	6.670703309822266e-06	0.00018338529249953045	0.0012199487370489123	0.00023126915536228024	0.0028543224098787215	0.599443999048805	False
DQB1:HLA-DQB1_nov_4eb83417	6.670703309822436e-06	0.0001833852924995234	0.0016625662099216986	8.197103314262474e-06	0.001551802265524041	1.694139745722015	False
DQB1:HLA-DQB1_nov_4f470d86	6.6707033098224186e-06	0.0001833852924995241	0.005713197626844274	0.0007968789599693879	0.005263356400323053	1.3973898468176043	False
DQB1:HLA-DQB1_nov_4f941edd	6.670703309822041e-06	0.0001833852924995398	0.006050612305497334	0.0006981930911472336	0.004619219429939033	0.5909730946714781	False
DQB1:HLA-DQB1_nov_506b4fad	6.670703309822162e-06	0.00018338529249953479	0.0006365484098869079	0.00015054129220316652	0.0030510280770098615	0.599443999048805	False
DQB1:HLA-DQB1_nov_51414314	0.0006213367193443675	0.00018338529249958002	0.019926137057320062	0.002391356312986257	0.007668500264552535	6.618423538868896	False
DQB1:HLA-DQB1_nov_523c1c40	6.670703309822509e-06	0.0001833852924995204	0.007190231910523257	0.0008177056893451583	0.004688144480100695	0.5909730946714781	False
DQB1:HLA-DQB1_nov_52441f1a	6.6707033098223635e-06	0.00018338529249952646	0.001552586497360418	5.715553640560807e-05	0.0018725494225497507	0.6880876388067213	False
DQB1:HLA-DQB1_nov_52fb1224	6.67070330982255e-06	0.00018338529249951874	0.0011723071384479148	0.00021974008074434885	0.0036316657338443825	0.5994439990488052	False
DQB1:HLA-DQB1_nov_53213d53	6.67070330982228e-06	0.00018338529249952988	0.0051362289303238775	0.0005970779285876398	0.006674254643734327	0.5909730946714781	False
DQB1:HLA-DQB1_nov_549f47d9	6.6707033098221365e-06	0.0001833852924995358	0.0006504887464436559	0.0002539552431721625	0.0018824495997916012	0.6880876388067214	False
DQB1:HLA-DQB1_nov_553af1d4	0.000646949823906696	0.00018338529249959924	0.012106762728839532	0.002164039519433075	0.01664956146935336	3.438682709375897	False
DQB1:HLA-DQB1_nov_55719eb2	6.670703309822299e-06	0.0001833852924995291	0.00103562169440095	0.0001589401505955989	0.004201009258703857	0.599443999048805	False
DQB1:HLA-DQB1_nov_55da02dc	6.670703309822311e-06	0.0001833852924995286	0.00012179582942949631	0.00012081667455399605	0.0038258654394763606	0.5994439990488049	False
DQB1:HLA-DQB1_nov_564f2df5	6.670703309821903e-06	0.00018338529249954555	0.0010429183709296935	0.00021932878060441712	0.0035763525758821875	0.5994439990488051	False
DQB1:HLA-DQB1_nov_56d38d3f	6.6707033098224245e-06	0.00018338529249952392	0.0025935777966264156	0.00032270469066698237	0.0006395132307993436	1.694139745722015	False
DQB1:HLA-DQB1_nov_58bf45b2	6.670703309822139e-06	0.00018338529249953573	0.00038013203122768774	0.00019370540956039725	0.0020405699045974494	0.5909730946714782	False
DQB1:HLA-DQB1_nov_5941e417	6.670703309822046e-06	0.00018338529249953958	0.005739635986451285	0.0006768740819733302	0.002896262550641828	0.6880876388067216	False
DQB1:HLA-DQB1_nov_5958aa62	6.67070330982224e-06	0.0001833852924995316	0.008510689233205559	0.0009790360915863953	0.010828528379559131	1.3973898468176043	False
DQB1:HLA-DQB1_nov_5a464c7f	6.67070330982183e-06	0.00018338529249954856	0.0006834703166503074	2.2317936423205355e-05	0.0017325670930018109	0.6880876388067216	False
DQB1:HLA-DQB1_nov_5b366162	6.6707033098218e-06	0.0001833852924995497	0.002467207910039539	0.00017155401701115887	0.0036243860138412544	0.5994439990488051	False
DQB1:HLA-DQB1_nov_5ba95bb8	6.6707033098224524e-06	0.00018338529249952275	0.00011858111972540278	0.00018317104529650094	0.0058493112251987636	0.5909730946714781	False
DQB1:HLA-DQB1_nov_5c611fb4	6.67070330982181e-06	0.0001833852924995494	0.0004250279252551086	4.706486372262051e-06	0.0026867751901493	0.599443999048805	False
DQB1:HLA-DQB1_nov_5cc20e58	1.3339980341409421e-05	0.00018338529249954877	0.0013600624598180465	0.00020687346730160816	0.0020965252456027787	0.942379115270843	False
DQB1:HLA-DQB1_nov_5cd8b595	6.670703309822335e-06	0.00018338529249952766	0.03792865905011904	0.33890123322196514	0.0004201108726334317	1.6941397457220146	False
DQB1:HLA-DQB1_nov_5e63f622	6.670703309821857e-06	0.00018338529249954742	0.005438169139869384	0.0005842236882162815	0.0021431959790921737	0.6880876388067214	False
DQB1:HLA-DQB1_nov_5f60066b	3.3339253766747796e-05	0.0001833852924995607	0.0010955859983968078	6.830911224650584e-05	0.006133439977308158	0.9960005522592992	False
DQB1:HLA-DQB1_nov_5fc1814f	6.670703309822497e-06	0.00018338529249952085	0.0055012732726935805	0.0005804471616713295	0.004761805948564525	1.3973898468176043	False
DQB1:HLA-DQB1_nov_5fe7f9c1	4.6664971325802037e-05	0.00018338529249952001	0.015239799659943985	0.0017709159824339893	0.010206217244463247	1.5516680107500795	False
DQB1:HLA-DQB1_nov_60000458	6.670703309822298e-06	0.00018338529249952912	0.00016504818860610396	0.00012572674645945924	0.004654324051954318	0.599443999048805	False
DQB1:HLA-DQB1_nov_60c9fbad	6.670703309822343e-06	0.00018338529249952728	0.005227505052397249	0.0005592044304508137	0.0023756979847137827	0.5909730946714781	False
DQB1:HLA-DQB1_nov_61002b9e	2.667425556987567e-05	0.00018338529249953416	0.01279411656451502	0.0014621806617949214	0.009190116443253307	2.366902428404103	False
DQB1:HLA-DQB1_nov_61f1f4a0	6.670703309822146e-06	0.0001833852924995355	0.001108271460875429	2.771380958405423e-05	0.0006805980495049457	4.68389943441787	False
DQB1:HLA-DQB1_nov_63bda4a0	6.670703309822379e-06	0.00018338529249952581	0.0009301722416896451	6.731362108525392e-05	0.001242984145438807	0.5909730946714781	False
DQB1:HLA-DQB1_nov_644560a7	6.670703309822337e-06	0.00018338529249952747	0.00615759034558122	0.0006506098571773649	0.007200984793736166	0.5909730946714781	False
DQB1:HLA-DQB1_nov_645b0d24	6.670703309822426e-06	0.00018338529249952386	0.0009040752556500976	0.00022822407315302326	0.004438910412356719	0.5994439990488051	False
DQB1:HLA-DQB1_nov_646e0bb5	6.670703309822097e-06	0.0001833852924995375	0.0026274997580535875	0.0003622138932411398	8.521187460712869e-05	0.6880876388067212	False
DQB1:HLA-DQB1_nov_660365d7	6.670703309822047e-06	0.00018338529249953958	0.0011185570477859994	4.466477507983371e-06	0.0015726395255341494	0.5994439990488049	False
DQB1:HLA-DQB1_nov_664dbcdd	6.6707033098225016e-06	0.0001833852924995207	0.0016858793057397607	0.0003614030549803167	0.006191506339497882	0.5994439990488051	False
DQB1:HLA-DQB1_nov_669eec13	6.670703309822535e-06	0.0001833852924995193	0.003082800910409281	0.00026946684027956023	0.0004409442923607727	0.6880876388067214	False
DQB1:HLA-DQB1_nov_66cc5b72	6.670703309822133e-06	0.00018338529249953598	0.001220176200927632	0.0002466280604336134	0.003304937601029114	0.5909730946714781	False
DQB1:HLA-DQB1_nov_673c01f6	6.670703309822411e-06	0.00018338529249952449	0.004359792439086611	0.00046140160024272196	0.0023297569540655936	0.0	False
DQB1:HLA-DQB1_nov_678f7361	6.670703309821899e-06	0.00018338529249954568	0.002202689392371348	0.00037001897924693615	0.006810252864611712	0.599443999048805	False
DQB1:HLA-DQB1_nov_68ca7087	6.670703309821852e-06	0.0001833852924995476	0.004150495861298622	0.00040568096922398607	0.000791686090439384	0.599443999048805	False
DQB1:HLA-DQB1_nov_693a39f8	6.670703309822021e-06	0.00018338529249954061	0.00941940646336639	0.0011564927345990537	0.007991796043766024	0.5909730946714781	False
DQB1:HLA-DQB1_nov_699163de	6.670703309822347e-06	0.0001833852924995271	0.0001402745599204787	0.00012845104948972682	0.0034948268562682502	0.599443999048805	False
DQB1:HLA-DQB1_nov_6a4fadc2	6.670703309822389e-06	0.00018338529249952535	0.0037733449624062425	0.0007594973626449935	0.003502450088407127	0.6880876388067214	False
DQB1:HLA-DQB1_nov_6c8e729f	6.670703309822147e-06	0.00018338529249953536	0.0002654049911919528	0.00011072654487546867	0.0019870720493393263	0.5909730946714781	False
DQB1:HLA-DQB1_nov_6dd8ba14	6.670703309822191e-06	0.0001833852924995336	0.004359418582882603	0.0004844580518234918	0.0027144073832652085	0.5909730946714781	False
DQB1:HLA-DQB1_nov_6e83fba6	6.670703309822248e-06	0.00018338529249953118	0.005039606318760337	0.0005483172295167827	0.0015682420684871767	0.5909730946714782	False
DQB1:HLA-DQB1_nov_6fd996a9	3.333925376674796e-05	0.00018338529249953164	0.011096185226150863	0.0012424490741396314	0.007918077833785774	1.7105539307163766	False
DQB1:HLA-DQB1_nov_7012932b	6.670703309822231e-06	0.0001833852924995319	0.0019426875437785914	0.0001672804513565585	0.0006270514712002304	0.5909730946714781	False
DQB1:HLA-DQB1_nov_70771478	6.6707033098218206e-06	0.00018338529249954893	0.0004018885800297214	8.477410522824995e-06	0.004227704590810974	0.5994439990488051	False
DQB1:HLA-DQB1_nov_71b0e5cc	6.670703309822103e-06	0.00018338529249953723	0.0008530370232738164	0.00026181635750797895	0.004260317564546782	0.599443999048805	False
DQB1:HLA-DQB1_nov_73d3337a	6.670703309822324e-06	0.0001833852924995281	0.0011581388931054446	0.00022511767709323556	0.0038549961632548635	0.599443999048805	False
DQB1:HLA-DQB1_nov_73de1496	6.670703309822494e-06	0.00018338529249952107	0.005191230051661239	0.0005932657451776479	0.003620244967699899	0.5909730946714781	False
DQB1:HLA-DQB1_nov_74d96d90	6.670703309821829e-06	0.00018338529249954864	0.005453912537712649	0.0009755345150137658	0.00387390824584078	0.6880876388067216	False
DQB1:HLA-DQB1_nov_75071ca7	6.67070330982219e-06	0.00018338529249953362	0.0035437039979674388	0.0006521674016037736	0.003380656274270632	0.6880876388067217	False
DQB1:HLA-DQB1_nov_7508feb5	6.67070330982212e-06	0.0001833852924995365	0.0028542813696343632	0.0004116228573436523	0.00016473730216833067	0.599443999048805	False
DQB1:HLA-DQB1_nov_75ec0a63	2.00078310947473e-05	0.000183385292499684	0.0010892480267539043	5.644113504805657e-05	0.0011481380377608875	0.7509329605986619	False
DQB1:HLA-DQB1_nov_75f624a4	6.670703309821912e-06	0.00018338529249954517	0.0009314654883934243	9.448237898438662e-06	0.0037906093813938765	4.683899434417869	False
DQB1:HLA-DQB1_nov_765b310d	5.998498377189283e-05	0.00018338529249959753	0.014937324383054932	0.0015371510554564726	0.02200026805907546	9.822070680990098	False
DQB1:HLA-DQB1_nov_76d8678b	6.670703309822486e-06	0.00018338529249952131	0.005732399203309289	0.000652229349587641	0.0037732979809439776	0.6880876388067214	False
DQB1:HLA-DQB1_nov_77091751	6.6707033098220315e-06	0.00018338529249954023	0.008179268603832463	0.0013085315401535828	0.010655999305655887	1.3973898468176043	False
DQB1:HLA-DQB1_nov_77ad6c88	6.670703309821844e-06	0.00018338529249954799	0.00211170861576193	0.0002190891765104763	0.0022464694786762454	1.694139745722015	False
DQB1:HLA-DQB1_nov_77ffe5c6	1.333998034141026e-05	0.00018338529249952012	0.00668488557249179	0.0007201311588029155	0.004357697249631592	1.1824474387871216	False
DQB1:HLA-DQB1_nov_781e6ef2	6.670703309822014e-06	0.00018338529249954094	0.005578313837956733	0.0006403930477136121	0.004337751856089579	0.5909730946714782	False
DQB1:HLA-DQB1_nov_782e3640	6.67070330982214e-06	0.00018338529249953565	8.78675239987986e-05	7.23397359716775e-05	0.003660853496931868	0.6880876388067213	False
DQB1:HLA-DQB1_nov_78e238fa	6.670703309822122e-06	0.0001833852924995364	0.004715842856756196	0.0005216383034630808	0.0027855934752025633	0.5909730946714782	False
DQB1:HLA-DQB1_nov_790313fa	6.670703309822097e-06	0.0001833852924995375	0.003807983283901561	0.0004069981134824392	0.0023287817954170354	0.5909730946714782	False
DQB1:HLA-DQB1_nov_791500aa	0.0002128435011598431	0.0001833852924995733	0.020021973795820054	0.0005148983279204289	0.014084119006707915	8.245484247623118	False
DQB1:HLA-DQB1_nov_7979018c	6.670703309821892e-06	0.00018338529249954603	0.0058610243300889365	0.0008417201461757255	0.006618446034702779	1.3973898468176043	False
DQB1:HLA-DQB1_nov_798bcbc5	6.67070330982253e-06	0.00018338529249951947	0.0022702967291753145	0.00014176745983843106	8.930707237005525e-05	1.6941397457220144	False
DQB1:HLA-DQB1_nov_79996531	6.670703309821915e-06	0.00018338529249954503	0.00023439856750280427	7.159597694167231e-07	0.003579633020937349	4.683899434417869	False
DQB1:HLA-DQB1_nov_79e43003	6.670703309822126e-06	0.0001833852924995363	0.003221293408179904	0.00031422552729430816	0.0006012151650863324	0.5909730946714781	False
DQB1:HLA-DQB1_nov_7a64add8	6.670703309821986e-06	0.00018338529249954213	0.003289542705372309	0.0006045294909677493	0.005268056812184888	1.3973898468176043	False
DQB1:HLA-DQB1_nov_7b2e8cb0	6.670703309822395e-06	0.00018338529249952514	0.008009440243726521	0.0013359616573925658	0.008609811285950085	1.3973898468176043	False
DQB1:HLA-DQB1_nov_7c8c2210	6.670703309821966e-06	0.00018338529249954294	0.005381870726298495	0.0007085406214335324	0.0029932617784373342	0.5909730946714782	False
DQB1:HLA-DQB1_nov_7c9f35c8	6.670703309822499e-06	0.00018338529249952077	0.003055479764037654	0.0004155447084105888	0.0022864254038979983	0.5909730946714782	False
DQB1:HLA-DQB1_nov_7d52cd0e	6.670703309822065e-06	0.0001833852924995388	0.0025477400676601827	0.00014861949263192555	0.0008051243206541523	1.6941397457220149	False
DQB1:HLA-DQB1_nov_7db96702	6.670703309822031e-06	0.0001833852924995403	0.004428490102592974	0.0005213174137001096	0.002808020747642335	0.5909730946714782	False
DQB1:HLA-DQB1_nov_7e26d7d7	6.670703309822408e-06	0.0001833852924995246	0.003698141422261636	0.00032827276881253447	0.002276677184258876	0.6880876388067215	False
DQB1:HLA-DQB1_nov_7e67043e	6.670703309822036e-06	0.00018338529249954004	0.002534108092297741	0.00025275887930276326	8.115746890349987e-05	0.5909730946714782	False
DQB1:HLA-DQB1_nov_7facc760	2.6682813239289773e-05	0.0001833852924995231	0.0063432428847669045	0.0010763559928474347	0.007305809218795265	1.3973898468176043	False
DQB1:HLA-DQB1_nov_80377ecc	6.670703309822138e-06	0.00018338529249953576	0.002285678690192998	5.524753319880219e-05	0.004031243120441364	0.599443999048805	False
DQB1:HLA-DQB1_nov_8039628c	6.6707033098217935e-06	0.00018338529249955007	0.007673059759126322	0.0008983945321853731	0.013331491842881748	1.3973898468176043	False
DQB1:HLA-DQB1_nov_810b4807	6.670703309821898e-06	0.0001833852924995457	0.003785726749735495	0.0004978603870104445	0.002096580014427462	1.3973898468176043	False
DQB1:HLA-DQB1_nov_83666042	6.670703309821935e-06	0.00018338529249954422	0.00463820061612428	0.00047662208724947507	0.0015024874314370255	0.5909730946714781	False
DQB1:HLA-DQB1_nov_84c2dbb6	6.67070330982228e-06	0.00018338529249952988	0.0057607631965789705	0.0006679040570914276	0.004161891893689771	0.5909730946714781	False
DQB1:HLA-DQB1_nov_85715178	6.6707033098223466e-06	0.0001833852924995271	0.0026420191819255317	0.00034661621861863947	0.0011837856772973737	0.6880876388067214	False
DQB1:HLA-DQB1_nov_8583f6d0	6.670703309821905e-06	0.0001833852924995455	0.005164802890677409	0.0005766400633891777	0.0028704154914944552	0.5909730946714781	False
DQB1:HLA-DQB1_nov_860f78cb	6.670703309822194e-06	0.0001833852924995334	4.4212112619555726e-05	0.00010956955605103605	0.004551234562307606	0.6880876388067216	False
DQB1:HLA-DQB1_nov_86fc9c4b	6.670703309821984e-06	0.00018338529249954219	0.00638270290996116	0.000991766371954743	0.010331249653326505	1.3973898468176043	False
DQB1:HLA-DQB1_nov_873cbe0c	1.3339980341409133e-05	0.0001833852924995808	0.0005398669111772138	0.00016747987533366962	0.0009572067652796206	0.9423791152708431	False
DQB1:HLA-DQB1_nov_87c144c9	6.6707033098223356e-06	0.00018338529249952758	0.0020644156653023362	0.0003509622787050595	0.002445440578605802	0.599443999048805	False
DQB1:HLA-DQB1_nov_88cdbf48	6.670703309822277e-06	0.00018338529249952993	0.0034563336959731283	0.00042209766694740883	0.0011843092635545197	0.6880876388067213	False
DQB1:HLA-DQB1_nov_89252e7f	0.00013314307333157875	0.0001833852924995545	0.012319148574464436	0.0011885786927509894	0.013492988772986691	4.55322448575169	False
DQB1:HLA-DQB1_nov_895a323f	6.670703309822308e-06	0.00018338529249952874	0.00010281255995338175	5.577699458265939e-05	0.004594423123428172	0.5994439990488051	False
DQB1:HLA-DQB1_nov_8a21739c	6.670703309822107e-06	0.00018338529249953706	0.007560187291646288	0.0009052026033172391	0.006434546168388971	0.5909730946714781	False
DQB1:HLA-DQB1_nov_8a2a16c9	6.670703309821931e-06	0.00018338529249954438	0.00396794601877677	0.00045128539541477834	0.0019160974446450585	0.5909730946714782	False
DQB1:HLA-DQB1_nov_8ad701e5	6.670703309822186e-06	0.00018338529249953378	0.004946978572188233	0.0008173586049517258	0.005211063110100954	1.3973898468176043	False
DQB1:HLA-DQB1_nov_8b679635	6.670703309822457e-06	0.0001833852924995226	0.0007191329075964557	6.317585019406621e-05	0.003745733636953988	0.5994439990488052	False
DQB1:HLA-DQB1_nov_8b7826a6	6.670703309822039e-06	0.0001833852924995399	0.0016893856128716112	0.0003287433800359031	0.003002964895407288	0.6880876388067214	False
DQB1:HLA-DQB1_nov_8bc20db1	6.670703309822526e-06	0.00018338529249951963	0.0007499093023874706	0.0002522282894760193	0.003253840656701844	0.6880876388067214	False
DQB1:HLA-DQB1_nov_8c648464	2.000783109475375e-05	0.0001833852924995962	0.0065737668425401	0.0006926659773147227	0.004282497122918487	0.7213758221733102	False
DQB1:HLA-DQB1_nov_8ce3c276	6.670703309822222e-06	0.00018338529249953232	0.0025488830796882586	0.00021354291008254703	0.0011028891887180487	0.5909730946714781	False
DQB1:HLA-DQB1_nov_8d028942	6.67070330982255e-06	0.00018338529249951874	0.000440338994320372	5.4458203560326967e-05	0.0020033667430907425	0.6880876388067212	False
DQB1:HLA-DQB1_nov_8d13809e	6.6707033098221805e-06	0.00018338529249953395	0.005622310977961493	0.00062327830732821	0.003587785166487807	0.5909730946714781	False
DQB1:HLA-DQB1_nov_8d3cea4c	6.670703309821776e-06	0.00018338529249955078	0.0031399248626248605	0.00041738545240135454	0.0002584280005994727	0.5994439990488052	False
DQB1:HLA-DQB1_nov_8d762350	6.670703309821911e-06	0.00018338529249954517	0.0068804150853523215	0.0008140126026481626	0.004633238773040068	0.5909730946714781	False
DQB1:HLA-DQB1_nov_8da8c824	6.670703309822324e-06	0.0001833852924995281	0.006473222395174008	0.0007529594738255612	0.0044641733344268865	0.5909730946714781	False
DQB1:HLA-DQB1_nov_8df32c35	6.670703309821803e-06	0.00018338529249954964	0.006646668644192242	0.0007488713580909131	0.004286072708523631	0.5909730946714782	False
DQB1:HLA-DQB1_nov_8e348fa3	0.000298769633488292	0.00018338529249955246	0.0016316344423026655	0.0004483410583113893	0.01754550101628562	2.632874944373753	False
DQB1:HLA-DQB1_nov_8ea9cc38	6.670703309822517e-06	0.00018338529249952004	0.004339309855424835	0.00047572106891518304	0.004951730067382919	0.5909730946714781	False
DQB1:HLA-DQB1_nov_8f6fd8c9	6.670703309822333e-06	0.0001833852924995277	0.0003394077988541534	3.5411273638278374e-05	0.0035950780545158504	0.6880876388067216	False
DQB1:HLA-DQB1_nov_90ce521c	6.670703309822007e-06	0.00018338529249954124	0.003371984385216075	3.726145648186919e-05	0.006914687417496308	0.599443999048805	False
DQB1:HLA-DQB1_nov_90d4c98d	6.670703309822177e-06	0.00018338529249953416	0.0014422060984881782	0.00028886813546908236	0.0036403594658428557	0.6880876388067213	False
DQB1:HLA-DQB1_nov_91668363	6.670703309821807e-06	0.0001833852924995495	0.00031023126382954784	6.292810770398803e-05	0.004418134100065098	0.6880876388067216	False
DQB1:HLA-DQB1_nov_91ea255c	6.670703309822075e-06	0.0001833852924995384	0.006564476701998636	0.0010039125227143649	0.008285980910408823	1.3973898468176043	False
DQB1:HLA-DQB1_nov_92261a30	1.3339980341409831e-05	0.00018338529249959144	0.006480871347193467	0.0007092160241446834	0.0037438700583063444	1.1824474387871216	False
DQB1:HLA-DQB1_nov_92dbc993	6.670703309822411e-06	0.00018338529249952449	0.00839894260266048	0.0010250478769333674	0.007102912041558807	0.5909730946714782	False
DQB1:HLA-DQB1_nov_92de5ed1	6.670703309822372e-06	0.00018338529249952606	0.0002138560773227481	0.0001308782981947567	0.00357755693622528	0.599443999048805	False
DQB1:HLA-DQB1_nov_92e508bd	6.670703309821888e-06	0.00018338529249954614	0.00011785248331175159	9.472452994247407e-05	0.004478700489989882	0.5994439990488052	False
DQB1:HLA-DQB1_nov_93282e4e	6.670703309822204e-06	0.00018338529249953305	0.006816491547802276	0.0007707681936014063	0.006127122330704944	0.5909730946714782	False
DQB1:HLA-DQB1_nov_933a4335	6.670703309822233e-06	0.00018338529249953183	0.0010449966327172302	0.00023999131352609753	0.0009461166155810432	0.5994439990488051	False
DQB1:HLA-DQB1_nov_94b13562	2.6682813239287963e-05	0.00018338529249954186	0.002379423590814668	8.37966931450342e-05	0.005142066021407709	0.6880876388067214	False
DQB1:HLA-DQB1_nov_94f2cecc	6.670703309822089e-06	0.00018338529249953777	0.0014283397639947282	5.162710863868172e-05	0.00024599496208396586	0.5909730946714781	False
DQB1:HLA-DQB1_nov_9508b2c5	6.6707033098224795e-06	0.00018338529249952159	0.0014625815670030868	0.000286712285283087	0.0019379564076768374	0.6880876388067214	False
DQB1:HLA-DQB1_nov_95948b76	6.670703309821859e-06	0.00018338529249954736	0.00371072696996471	0.0006127731626160959	0.0047829360477532855	1.3973898468176043	False
DQB1:HLA-DQB1_nov_95d5896f	6.67070330982254e-06	0.00018338529249951912	0.005040833354280171	0.0006974759650389786	0.0035527422182508117	1.3973898468176043	False
DQB1:HLA-DQB1_nov_9656b394	6.670703309821847e-06	0.00018338529249954788	0.009063130116967077	0.001348136903680816	0.010922871598495174	1.3973898468176043	False
DQB1:HLA-DQB1_nov_968ede67	6.670703309821901e-06	0.00018338529249954557	0.004768765569936232	0.000505146101070186	0.002195815060605097	0.5909730946714782	False
DQB1:HLA-DQB1_nov_9696658d	1.3339980341409953e-05	0.00018338529249959466	0.00841302712769193	0.000952086004240186	0.004472583193606325	1.1824474387871216	False
DQB1:HLA-DQB1_nov_9760cf08	6.670703309822246e-06	0.00018338529249953124	0.0054417895708030635	0.0006041805136086115	0.0036741121575177794	0.6880876388067216	False
DQB1:HLA-DQB1_nov_978156f4	0.0010440613417681281	0.0001833852924995276	0.005083878309770127	0.0004470252084257715	0.010793010354172843	1.8661736753758176	False
DQB1:HLA-DQB1_nov_999fcf25	6.670703309822507e-06	0.0001833852924995205	0.004447470712575089	0.0004469448577357658	0.0035065685213388075	0.6880876388067212	False
DQB1:HLA-DQB1_nov_9a1af64a	6.670703309821878e-06	0.0001833852924995466	0.0017081680865218371	0.0003156992682660478	0.0037643938757946395	0.5994439990488051	False
DQB1:HLA-DQB1_nov_9aaebe98	6.670703309822189e-06	0.0001833852924995337	0.0038141538425413035	0.0006808352781925353	0.0010555239066254698	1.3973898468176043	False
DQB1:HLA-DQB1_nov_9b0191c7	1.3339980341408875e-05	0.0001833852924995751	0.003015086962831904	0.00019944832086297537	0.003957159593204623	1.1824474387871216	False
DQB1:HLA-DQB1_nov_9ca6263f	1.3339980341410178e-05	0.0001833852924995869	0.0046082000038145735	0.0005496317480222537	0.002810094439687095	1.1824474387871218	False
DQB1:HLA-DQB1_nov_9f0355b5	6.670703309821995e-06	0.00018338529249954167	0.0005423038362139174	0.00019676967150652976	0.0039002025829269994	0.599443999048805	False
DQB1:HLA-DQB1_nov_9f215e23	6.67070330982252e-06	0.00018338529249951993	0.000542336328831417	0.00015870867982249214	0.00347497611372594	0.6880876388067215	False
DQB1:HLA-DQB1_nov_9f43ec80	6.67070330982179e-06	0.00018338529249955024	5.194323636672931e-05	4.374237180705608e-05	0.004931514070781603	0.5909730946714781	False
DQB1:HLA-DQB1_nov_9f6a31ba	6.670703309822481e-06	0.0001833852924995215	0.008937016990985171	0.0010763520833760806	0.007645986619594641	0.5909730946714782	False
DQB1:HLA-DQB1_nov_9f7cab2f	6.670703309822191e-06	0.0001833852924995336	0.0021273408638493073	0.0006150268407467758	0.0034527532423306202	0.6880876388067217	False
DQB1:HLA-DQB1_nov_9ffd4639	6.670703309822103e-06	0.00018338529249953723	0.003360854675383312	0.0002991706757999438	0.0016344998204219634	0.5909730946714782	False
DQB1:HLA-DQB1_nov_a0a39a8a	6.6707033098220255e-06	0.00018338529249954048	0.006210681899207705	0.0006854765710445934	0.0036149970432760993	0.5909730946714781	False
DQB1:HLA-DQB1_nov_a0a3ba07	6.670703309822031e-06	0.00018338529249954026	0.002477632281393441	0.0002257004553350997	0.0006870137611987422	0.5909730946714782	False
DQB1:HLA-DQB1_nov_a0d006c5	6.670703309822103e-06	0.00018338529249953723	0.0013714191608835606	0.0004058049870129683	0.005302405843835659	0.6880876388067216	False
DQB1:HLA-DQB1_nov_a0edfd31	6.670703309821892e-06	0.00018338529249954603	0.000955083683033383	0.0002562512268477317	0.0035223590517193715	4.6838994344178735	False
DQB1:HLA-DQB1_nov_a1e44380	0.00014648590622946326	0.00018338529249957433	0.004059946915770067	0.0005017689349817116	0.0015364817899896953	0.8004486738902217	False
DQB1:HLA-DQB1_nov_a1f89882	6.670703309821775e-06	0.00018338529249955089	0.0016881376988555111	0.00025932032836308716	0.0009800082835278966	1.6941397457220149	False
DQB1:HLA-DQB1_nov_a24dc3e6	1.3339980341408404e-05	0.00018338529249954568	0.0026704331927401475	0.00037785765359398584	0.004590317599038403	3.391722864910944	False
DQB1:HLA-DQB1_nov_a2673922	6.670703309822158e-06	0.00018338529249953498	0.0016316905127597666	0.00034767742014518775	0.0036403698322637545	0.6880876388067215	False
DQB1:HLA-DQB1_nov_a27829d9	6.670703309822081e-06	0.00018338529249953815	3.589163908319998e-05	6.78996626783378e-05	0.0035417198429810765	0.6880876388067214	False
DQB1:HLA-DQB1_nov_a2f2e902	6.670703309821899e-06	0.00018338529249954568	0.0013180741349193622	0.00023200250132877407	0.005473613363304268	0.599443999048805	False
DQB1:HLA-DQB1_nov_a30e88e0	6.670703309822407e-06	0.0001833852924995246	0.00012760983157602705	0.00016392708476904095	0.004784763425545075	0.6880876388067215	False
DQB1:HLA-DQB1_nov_a537e84b	6.670703309822245e-06	0.00018338529249953134	0.0076196944439763424	0.0008782468742309983	0.006264217973900436	0.5909730946714782	False
DQB1:HLA-DQB1_nov_a63f3359	6.670703309822252e-06	0.0001833852924995311	0.00022370314788780542	9.537095654801994e-05	0.004106950369329164	0.6880876388067216	False
DQB1:HLA-DQB1_nov_a7ad156f	6.6707033098219095e-06	0.00018338529249954533	0.0008032126980545417	0.00023850690794758952	0.0028746343391185644	0.5909730946714781	False
DQB1:HLA-DQB1_nov_a7b39080	6.67070330982205e-06	0.00018338529249953942	0.0020212083330595457	0.0002966059167865375	0.0007530753678050163	1.6941397457220149	False
DQB1:HLA-DQB1_nov_a7b88b68	6.670703309821797e-06	0.00018338529249954996	0.007617773935854335	0.001304947272978233	0.008222336544271265	1.3973898468176043	False
DQB1:HLA-DQB1_nov_a8268864	6.670703309821774e-06	0.00018338529249955089	0.0005026705238589251	0.00014159192755248785	0.004487086879860895	0.6880876388067214	False
DQB1:HLA-DQB1_nov_a8507849	6.670703309822207e-06	0.00018338529249953294	0.0016310500406640982	0.00020481307420874693	0.0037044378670253167	0.5994439990488049	False
DQB1:HLA-DQB1_nov_a8aee2c5	6.6707033098218485e-06	0.00018338529249954777	0.009264641845817928	0.0014740439950840637	0.013758010336635915	1.3973898468176043	False
DQB1:HLA-DQB1_nov_a8fbe274	6.670703309821805e-06	0.00018338529249954953	0.0025825277677524023	0.0004851096204644337	0.003787008640208263	0.6880876388067216	False
DQB1:HLA-DQB1_nov_a93ba730	6.670703309822454e-06	0.00018338529249952264	0.0014846792956671785	0.0001792296270231263	5.963346126732166e-05	0.6880876388067213	False
DQB1:HLA-DQB1_nov_a9a9ae6b	6.67070330982221e-06	0.00018338529249953278	0.0010606155288922922	5.96325196085647e-05	0.0010110566908254268	4.683899434417871	False
DQB1:HLA-DQB1_nov_aa4c3b08	6.6707033098221196e-06	0.00018338529249953655	0.0008388855379203185	2.463252397546231e-05	0.004474483992913252	0.6880876388067214	False
DQB1:HLA-DQB1_nov_aaa2a517	6.6707033098217875e-06	0.00018338529249955032	0.0005878680454580673	0.0005336676714309733	0.002971932091189396	0.599443999048805	False
DQB1:HLA-DQB1_nov_ab3e686b	6.670703309822386e-06	0.0001833852924995255	0.004662720429842882	0.0006637593064338596	0.0025802011546882803	1.3973898468176043	False
DQB1:HLA-DQB1_nov_ab89a553	6.670703309821882e-06	0.00018338529249954641	0.000685438873371864	2.9535593373304787e-05	0.0028373958898178435	0.5994439990488051	False
DQB1:HLA-DQB1_nov_ac3bda01	6.670703309822371e-06	0.00018338529249952606	0.004624713105144902	0.0005128401418473963	0.003532088384969041	0.5909730946714782	False
DQB1:HLA-DQB1_nov_ac9d0db9	6.670703309822054e-06	0.00018338529249953926	0.0017453459295852397	0.00012923821938720336	0.0027441361213697128	0.5909730946714782	False
DQB1:HLA-DQB1_nov_acfa2f77	0.0001464859062294571	0.0001833852924995643	0.005193847923405149	0.0008981195397113012	0.0024274074170775022	0.338620134361496	False
DQB1:HLA-DQB1_nov_adccd94e	6.670703309822449e-06	0.0001833852924995229	0.00021901089892631178	4.034043698370359e-05	0.0024556371897763254	0.5994439990488051	False
DQB1:HLA-DQB1_nov_ae15dc37	6.670703309822114e-06	0.0001833852924995368	0.002232798496634146	0.0002910539048816788	0.004619379181264174	0.599443999048805	False
DQB1:HLA-DQB1_nov_aec53935	6.670703309822123e-06	0.0001833852924995364	0.0018594760994066998	0.0001306733498398731	0.0002355699174694131	1.6941397457220144	False
DQB1:HLA-DQB1_nov_afce98c2	6.670703309821924e-06	0.00018338529249954468	0.0011291571791116775	0.00027382765873416393	0.00122883359838591	0.5994439990488051	False
DQB1:HLA-DQB1_nov_b069d5db	6.670703309822413e-06	0.00018338529249952443	0.0001838796369759466	0.00012775641742789363	0.0006397449668592785	1.3973898468176043	False
DQB1:HLA-DQB1_nov_b10bf278	6.67070330982198e-06	0.00018338529249954232	0.0067660777838115345	0.000781534823251583	0.004357393339329146	0.5909730946714781	False
DQB1:HLA-DQB1_nov_b14f34b4	6.670703309822462e-06	0.0001833852924995224	0.001518819461766341	0.00033399523854147825	0.0030517113986208593	4.683899434417871	False
DQB1:HLA-DQB1_nov_b1e8d590	2.0007831094756922e-05	0.00018338529249958493	0.007840141806354414	0.0008614820305322314	0.0060066753104580616	0.7509329605986619	False
DQB1:HLA-DQB1_nov_b27b906c	6.670703309822153e-06	0.00018338529249953517	0.0009360397393046267	0.0001209427427170648	0.003796011410234592	0.5994439990488049	False
DQB1:HLA-DQB1_nov_b2d66f8a	6.670703309822376e-06	0.0001833852924995259	0.0002828327306433559	2.833755781500425e-05	0.0037830765912451577	0.599443999048805	False
DQB1:HLA-DQB1_nov_b2e52197	6.670703309822305e-06	0.0001833852924995288	0.002872154518314368	0.0005112718593488358	0.005445314324894726	0.599443999048805	False
DQB1:HLA-DQB1_nov_b3020a84	6.670703309821915e-06	0.00018338529249954503	0.0008892508705479711	0.0001415646624126717	0.0031648314103468493	4.683899434417869	False
DQB1:HLA-DQB1_nov_b3fcd53a	6.670703309821943e-06	0.00018338529249954384	0.0012274850062637627	6.869293652315095e-05	0.0038398227972451155	0.5994439990488049	False
DQB1:HLA-DQB1_nov_b4f2dc7e	6.670703309821811e-06	0.00018338529249954931	0.00197156083226163	0.0004015120326490316	0.004617917601915464	4.683899434417872	False
DQB1:HLA-DQB1_nov_b5c8cc14	6.670703309822181e-06	0.00018338529249953395	0.00652044508118518	0.0007457374099598733	0.004759358102327931	0.5909730946714782	False
DQB1:HLA-DQB1_nov_b63a46f9	6.670703309822391e-06	0.00018338529249952533	0.003932554889979453	0.0003248628071998317	0.0005226667504469061	1.6941397457220144	False
DQB1:HLA-DQB1_nov_b6948369	6.670703309822511e-06	0.00018338529249952028	0.0031512738498749348	0.0005670358412448612	0.0009642523651369345	0.6880876388067216	False
DQB1:HLA-DQB1_nov_b6bdd2f9	6.670703309822364e-06	0.00018338529249952638	0.0024796761691082076	0.00024354380135012822	0.0009882662265335795	0.5909730946714781	False
DQB1:HLA-DQB1_nov_b6c8b39f	6.670703309821911e-06	0.00018338529249954517	0.0068804150853523215	0.0008140126026481626	0.004633238773040068	0.5909730946714781	False
DQB1:HLA-DQB1_nov_b6da15bc	6.670703309822008e-06	0.00018338529249954118	0.000851082184437279	1.191893537245926e-05	0.002493994217421999	0.599443999048805	False
DQB1:HLA-DQB1_nov_b71d3c23	6.670703309822214e-06	0.00018338529249953264	0.00023117148148934407	5.405073736395228e-05	0.003961583719464085	0.6880876388067214	False
DQB1:HLA-DQB1_nov_b7d912f9	6.6707033098222195e-06	0.0001833852924995324	0.0038158347852529067	0.0005257079841523873	0.004980822714483132	0.5909730946714781	False
DQB1:HLA-DQB1_nov_b8be566a	6.670703309822148e-06	0.00018338529249953536	4.530762463524184e-05	0.00017380716049021465	0.0038656195967894194	0.6880876388067217	False
DQB1:HLA-DQB1_nov_b8f931d8	6.670703309822325e-06	0.00018338529249952798	0.002259369014232874	0.0004660895586750289	0.006257296943525576	0.6880876388067217	False
DQB1:HLA-DQB1_nov_b9f12c20	6.670703309822406e-06	0.00018338529249952468	0.0034355861256659278	0.00035160899430730153	0.0008447019725521396	1.6941397457220142	False
DQB1:HLA-DQB1_nov_bb0e401d	6.6707033098220704e-06	0.00018338529249953853	0.0010264608451042128	0.00016778393623857396	0.0021864363236277417	1.6941397457220146	False
DQB1:HLA-DQB1_nov_bbb9dee1	6.670703309822455e-06	0.00018338529249952264	0.0022429267970886556	0.0005753719152075695	0.0027779261599501005	0.5909730946714781	False
DQB1:HLA-DQB1_nov_bcec5a83	6.67070330982248e-06	0.00018338529249952159	0.0012701807968681653	1.8269655213894477e-05	0.00046557488807679083	0.6880876388067214	False
DQB1:HLA-DQB1_nov_bd47d61d	6.670703309822497e-06	0.00018338529249952085	0.0037714368517274962	0.0006346102606855309	0.002401001920965006	1.3973898468176043	False
DQB1:HLA-DQB1_nov_be129eb1	6.670703309821911e-06	0.00018338529249954517	0.00031292956673231037	0.00011851202075233885	0.004447145369315297	0.5994439990488052	False
DQB1:HLA-DQB1_nov_bfda9c42	6.67070330982224e-06	0.0001833852924995316	0.0004112721477957838	0.00012379522531846452	0.0035804673643100395	0.599443999048805	False
DQB1:HLA-DQB1_nov_bfdad23e	6.6707033098219535e-06	0.00018338529249954346	0.0030151144131990684	0.0006858933680625302	0.004169483519820114	0.6880876388067214	False
DQB1:HLA-DQB1_nov_c05d11a8	1.3339980341409036e-05	0.00018338529249951598	0.003731993318448947	0.0003430679312274314	0.00029718490900547157	0.4438038458086559	False
DQB1:HLA-DQB1_nov_c1b72964	6.670703309822228e-06	0.00018338529249953202	0.0012214544547092035	5.447138417877088e-05	0.003773526248188017	4.683899434417871	False
DQB1:HLA-DQB1_nov_c225a1d8	6.670703309822496e-06	0.00018338529249952096	0.0025108330983931847	0.00028754970452234287	0.0003340483979617415	0.5909730946714782	False
DQB1:HLA-DQB1_nov_c2af908e	6.670703309822312e-06	0.0001833852924995286	4.8465620681736914e-05	6.477775833198982e-05	0.0035104615321346244	4.683899434417869	False
DQB1:HLA-DQB1_nov_c2fc32cd	6.670703309822309e-06	0.00018338529249952866	0.005394550926741649	0.0007919554615809489	0.005617593614915614	1.3973898468176043	False
DQB1:HLA-DQB1_nov_c35a891d	6.670703309822368e-06	0.00018338529249952625	0.0007565881177120181	0.00018162075105981863	0.004055766058851105	0.599443999048805	False
DQB1:HLA-DQB1_nov_c3a8f751	6.670703309822043e-06	0.00018338529249953972	0.002175423690800625	0.00020249732660850174	0.00030991469229401725	0.5909730946714781	False
DQB1:HLA-DQB1_nov_c505281f	6.67070330982196e-06	0.00018338529249954313	0.0007075945418722389	0.00015393770493509794	0.003278396796800595	0.6880876388067217	False
DQB1:HLA-DQB1_nov_c58eb272	6.670703309822052e-06	0.0001833852924995394	0.0019167988569448425	0.0002770259997309309	0.007403492705635703	0.599443999048805	False
DQB1:HLA-DQB1_nov_c5a82cd6	6.670703309822466e-06	0.00018338529249952216	0.000566531109400419	7.420570954071036e-05	0.0023585533354455956	1.3973898468176043	False
DQB1:HLA-DQB1_nov_c5c48677	6.670703309821827e-06	0.0001833852924995487	0.001466746427689994	0.00011038002872348904	0.004470398649153181	0.599443999048805	False
DQB1:HLA-DQB1_nov_c5e86345	6.670703309821796e-06	0.00018338529249954996	0.0021129753851160107	0.0002769641575004654	0.0022064721940974245	1.6941397457220144	False
DQB1:HLA-DQB1_nov_c6bfb835	6.670703309822413e-06	0.00018338529249952443	0.004754164431420568	0.0005335772886344466	0.0020831370785103246	0.5909730946714782	False
DQB1:HLA-DQB1_nov_c6ede60a	6.6707033098220425e-06	0.00018338529249953977	0.005461197319088726	0.0006047301781031214	0.002897883495214994	0.5909730946714781	False
DQB1:HLA-DQB1_nov_c779488d	6.67070330982234e-06	0.00018338529249952739	0.0005028985656224292	0.00022946770375824598	0.007645904526894264	0.5994439990488051	False
DQB1:HLA-DQB1_nov_c82e0e4e	0.00025248405217334624	0.00018338529249954357	0.026084925576396693	0.0027445550057847504	0.015867371791461835	5.527473995815101	False
DQB1:HLA-DQB1_nov_c8a3f92a	6.67070330982253e-06	0.00018338529249951947	0.0022702967291753145	0.00014176745983843106	8.930707237005525e-05	1.6941397457220144	False
DQB1:HLA-DQB1_nov_c8e4a23a	6.670703309822157e-06	0.00018338529249953498	0.0036548351434578406	0.0003683807392149637	0.0016502093070677895	0.5909730946714781	False
DQB1:HLA-DQB1_nov_c93aae41	6.670703309822011e-06	0.00018338529249954105	0.002797636031048285	0.0005129481679498002	0.005455992333162023	1.3973898468176043	False
DQB1:HLA-DQB1_nov_c93e8d53	6.670703309821896e-06	0.00018338529249954582	0.0011171114600401775	0.00013927497275165033	0.0037778896022529485	0.6880876388067214	False
DQB1:HLA-DQB1_nov_cb1bf8a1	6.670703309822027e-06	0.0001833852924995404	0.007233157759435486	0.0008475514050468022	0.004778066908484465	0.5909730946714781	False
DQB1:HLA-DQB1_nov_cc65277b	1.3339980341410539e-05	0.00018338529249947613	0.0015383282800651068	2.4852321904290582e-05	0.0011497185864070116	0.43956863663656215	False
DQB1:HLA-DQB1_nov_cd4b12a2	1.3339980341408936e-05	0.00018338529249954213	0.00922578860061072	0.0010605142529232236	0.00698502731959935	1.1824474387871216	False
DQB1:HLA-DQB1_nov_cd57ccf7	6.670703309822207e-06	0.00018338529249953294	0.0016310500406640982	0.00020481307420874693	0.0037044378670253167	0.5994439990488049	False
DQB1:HLA-DQB1_nov_ce414102	6.670703309822159e-06	0.00018338529249953492	0.001472218902470554	6.470862718617556e-05	0.0009978462475404028	0.5909730946714782	False
DQB1:HLA-DQB1_nov_cf4464f3	1.333998034141053e-05	0.00018338529249955633	0.004107780366901425	0.00041692153314049974	0.0027370338289448666	1.1824474387871216	False
DQB1:HLA-DQB1_nov_cf5d6c02	2.667425556987765e-05	0.00018338529249946678	0.007930163423530163	0.0007726680444329403	0.005831854049531879	2.366902428404103	False
DQB1:HLA-DQB1_nov_d17f0687	6.670703309822375e-06	0.00018338529249952592	0.001122785397551105	2.0100784650096905e-05	0.002030238763713577	0.599443999048805	False
DQB1:HLA-DQB1_nov_d341e872	6.670703309821779e-06	0.0001833852924995507	0.001805285824637223	0.0004215744664681688	0.0015968923373138044	0.5994439990488052	False
DQB1:HLA-DQB1_nov_d4b7d48b	2.0007831094749695e-05	0.00018338529249963342	0.00954708831264319	0.0010785968207069779	0.0077388502370481895	1.7744236703394358	False
DQB1:HLA-DQB1_nov_d57e90c3	1.3339980341409809e-05	0.00018338529249949134	0.00046969958348712707	0.00020369357076800926	0.0027899226232223407	0.4438038458086558	False
DQB1:HLA-DQB1_nov_d5815b9b	6.6707033098221145e-06	0.00018338529249953676	0.0016783555262811396	0.0002492492389905564	0.000429719439750837	1.6941397457220144	False
DQB1:HLA-DQB1_nov_d641495b	6.670703309822352e-06	0.0001833852924995269	0.00048567104520084553	0.00013156283980676354	0.002343240584858177	0.6880876388067214	False
DQB1:HLA-DQB1_nov_da1ce9d8	6.670703309822215e-06	0.0001833852924995326	0.00020473897915440316	7.132436930136661e-05	0.003604805125278165	0.6880876388067217	False
DQB1:HLA-DQB1_nov_daca5986	6.6707033098221424e-06	0.0001833852924995356	0.005041461531332049	0.0004935596029737816	0.005949505380305368	1.3973898468176043	False
DQB1:HLA-DQB1_nov_dc337cd2	6.6707033098224685e-06	0.00018338529249952207	0.0003801245783033339	0.00014722234005124627	0.0009874621581955063	0.6880876388067215	False
DQB1:HLA-DQB1_nov_dc955c6d	6.670703309822096e-06	0.00018338529249953755	0.006451456977723987	0.000730204474298448	0.004342808531668697	0.5909730946714782	False
DQB1:HLA-DQB1_nov_dd9e067e	6.670703309822152e-06	0.00018338529249953517	0.004576852352320005	0.0003745366802016032	0.008650477701085716	1.3973898468176043	False
DQB1:HLA-DQB1_nov_dde12b1d	6.670703309822158e-06	0.00018338529249953498	0.005550326170357504	0.0006252241655639953	0.0036124053536808814	0.6880876388067215	False
DQB1:HLA-DQB1_nov_de19de59	1.3339980341409958e-05	0.00018338529249948448	0.0013224077299617205	0.0004187397521252569	0.004706787241368405	0.4438038458086559	False
DQB1:HLA-DQB1_nov_de99fff5	6.6707033098221e-06	0.0001833852924995373	0.006001858894912501	0.0006738562770107891	0.00322348057262863	0.5909730946714782	False
DQB1:HLA-DQB1_nov_deb666ed	2.6674255569874073e-05	0.00018338529249952633	0.0029843753628916074	0.0005281779244606099	0.0017084317659398307	1.454180724286513	False
DQB1:HLA-DQB1_nov_dfc3f4cf	6.6707033098222305e-06	0.00018338529249953194	0.0010451894123438246	0.00020171099999840273	0.0040511835439922435	0.5994439990488051	False
DQB1:HLA-DQB1_nov_e086dada	6.670703309822251e-06	0.0001833852924995311	0.002850363047969825	0.0005930191919505185	0.000860225453159475	1.3973898468176043	False
DQB1:HLA-DQB1_nov_e155c1e8	6.670703309822445e-06	0.00018338529249952308	0.00564114665899557	0.0006260343577656429	0.005096941964686334	0.5909730946714781	False
DQB1:HLA-DQB1_nov_e17ea207	6.6707033098221475e-06	0.00018338529249953536	0.0014532762963575733	0.00010439264778383185	0.0011839327689999977	0.5994439990488051	False
DQB1:HLA-DQB1_nov_e1aa2cc1	6.67070330982191e-06	0.00018338529249954522	0.0029997054279894625	0.0002864051877005645	0.0015490754611654685	0.6880876388067214	False
DQB1:HLA-DQB1_nov_e213e7b7	6.6707033098224e-06	0.00018338529249952487	0.0021559499232735764	0.00018291041811483618	0.0030028129904689778	0.599443999048805	False
DQB1:HLA-DQB1_nov_e2c8b51c	6.670703309822202e-06	0.00018338529249953313	0.006123450208534302	0.0006716329660563556	0.005052946018893989	1.3973898468176043	False
DQB1:HLA-DQB1_nov_e3273ece	6.670703309822372e-06	0.00018338529249952606	0.005402099208852159	0.0005881383922415179	0.0015279418044766597	0.5909730946714782	False
DQB1:HLA-DQB1_nov_e48a3950	6.670703309821888e-06	0.00018338529249954614	0.0013118419215359535	5.820849866438164e-05	0.0013583621245303924	0.5909730946714782	False
DQB1:HLA-DQB1_nov_e51babdd	6.6707033098219485e-06	0.0001833852924995436	0.0019035089826119438	0.00025679332426195003	0.0016427037914297274	1.3973898468176043	False
DQB1:HLA-DQB1_nov_e5862f7d	6.670703309821816e-06	0.00018338529249954907	0.0018389337065851654	0.00012240277393029067	0.005157643260567107	0.5909730946714782	False
DQB1:HLA-DQB1_nov_e65b2c5f	6.670703309822541e-06	0.000183385292499519	0.003754348829737607	0.000516455745627288	0.002591931516516785	1.6941397457220142	False
DQB1:HLA-DQB1_nov_e8a71fff	6.670703309822007e-06	0.00018338529249954124	0.003371984385216075	3.726145648186919e-05	0.006914687417496308	0.599443999048805	False
DQB1:HLA-DQB1_nov_e8f05e09	6.6707033098223635e-06	0.00018338529249952646	0.004402766055930118	0.0004800332791242834	0.004779299642795628	0.5909730946714781	False
DQB1:HLA-DQB1_nov_e9a6e216	6.670703309822502e-06	0.0001833852924995207	0.0006390079223674287	2.1640413453987934e-05	0.0027778680975532656	0.5909730946714782	False
DQB1:HLA-DQB1_nov_ea3bb41d	6.670703309822194e-06	0.0001833852924995334	0.00344538370708225	0.000548425416747653	0.0034769270412911652	1.3973898468176043	False
DQB1:HLA-DQB1_nov_ea7b0a5b	2.0007831094751575e-05	0.00018338529249963735	0.010612334196529972	0.0012690019509553733	0.00697850536773412	1.7744236703394356	False
DQB1:HLA-DQB1_nov_ed0e2b18	6.670703309822379e-06	0.00018338529249952581	0.0009403695369363135	0.0001655880242893081	0.003360529650404382	0.5994439990488051	False
DQB1:HLA-DQB1_nov_ef2d3867	6.670703309821783e-06	0.00018338529249955053	0.0007583662980327044	0.00026313192950350205	0.004277245673377764	0.5994439990488053	False
DQB1:HLA-DQB1_nov_f041877d	6.6707033098224245e-06	0.00018338529249952392	0.0006647901991169196	0.0001086146563757435	0.0025911194725844215	0.599443999048805	False
DQB1:HLA-DQB1_nov_f1c75231	6.6707033098219705e-06	0.00018338529249954275	0.0004490346245556636	0.0001654598932036936	0.003761897588678685	1.694139745722015	False
DQB1:HLA-DQB1_nov_f2930e64	1.3339980341409888e-05	0.00018338529249955368	0.0004947246666892218	0.0002536211735537829	0.004771435472652779	2.4836777612446235	False
DQB1:HLA-DQB1_nov_f2d28e88	6.670703309822348e-06	0.00018338529249952706	0.0013348372736776588	0.0001863310699841448	0.004684837134716725	0.599443999048805	False
DQB1:HLA-DQB1_nov_f33032e7	6.670703309822472e-06	0.0001833852924995219	0.0014286540462541731	6.051849791801223e-05	0.0016511150473005008	0.5994439990488051	False
DQB1:HLA-DQB1_nov_f3c3e1f1	6.6707033098222636e-06	0.00018338529249953056	0.0028604264542913794	0.0002540590766462429	0.0016450564575216668	0.5909730946714782	False
DQB1:HLA-DQB1_nov_f58da4b6	6.670703309822073e-06	0.0001833852924995384	0.001394910538570458	4.671312478964822e-05	0.0034139521652773682	0.5994439990488049	False
DQB1:HLA-DQB1_nov_f62e1dde	6.670703309822473e-06	0.0001833852924995219	0.0006112751650114676	4.175643817413969e-05	0.0024109296941409388	0.5994439990488051	False
DQB1:HLA-DQB1_nov_f65f9179	6.670703309822527e-06	0.0001833852924995196	0.007695203662575942	0.0008914337116193263	0.005428740225607885	0.5909730946714781	False
DQB1:HLA-DQB1_nov_f8bfddcd	6.6707033098223415e-06	0.00018338529249952733	0.0009512918655555377	0.00011392615312775698	0.002397753635563684	1.6941397457220146	False
DQB1:HLA-DQB1_nov_f9053021	6.67070330982215e-06	0.00018338529249953525	0.0006075530894527726	0.000265164496442049	0.002875534357923619	0.6880876388067217	False
DQB1:HLA-DQB1_nov_fbc5ed95	6.6707033098224575e-06	0.0001833852924995226	0.004766552840104961	0.0005135736025067121	0.002906862440810053	0.5909730946714781	False
DQB1:HLA-DQB1_nov_fbf8d489	6.670703309821841e-06	0.0001833852924995481	0.0021110956660462107	9.382025928550173e-05	0.0006641065115146753	1.694139745722015	False
DQB1:HLA-DQB1_nov_fc1ce592	3.333925376674758e-05	0.00018338529249958358	0.0024279491531483174	0.0004997204882200735	0.007965139281496272	2.5367415606018127	False
DQB1:HLA-DQB1_nov_fd5baf26	6.670703309822533e-06	0.0001833852924995194	0.004261637718635224	0.0007005538897976354	0.00223521131871953	1.3973898468176043	False
DQB1:HLA-DQB1_nov_fda31cbd	6.670703309822092e-06	0.00018338529249953769	0.004466631143191626	0.000442571193225515	0.0028842772311565797	0.5909730946714781	False
DQB1:HLA-DQB1_nov_fdfc2d7f	6.670703309822094e-06	0.00018338529249953758	0.0014272449279009512	0.00027943051968198234	0.003314790827036281	0.5994439990488051	False
DQB1:HLA-DQB1_nov_fe391614	1.3339980341410295e-05	0.00018338529249960588	0.004150829514430665	0.000618689926805584	0.0012718662326148265	0.8426677110455664	False
DQB1:HLA-DQB1_nov_ff5025da	6.6707033098222e-06	0.00018338529249953321	0.0018163921974951823	0.00023567171347630927	0.0006035309970617042	1.3973898468176043	False
DRB1:HLA-DRB1*01:01:01:01	0.0033326303160367086	0.00018338529249958195	0.01069349769941209	0.003523879386533386	0.05598820494832781	32.107046942731685	False
DRB1:HLA-DRB1*01:01:01:02	0.00022600377044352428	0.00018338529249953796	0.0013984306920043913	0.0006377438398670133	0.020199404472281884	6.6700701987963225	False
DRB1:HLA-DRB1*01:01:01:17	1.3339980341408235e-05	0.00018338529249953544	0.0009910436992333629	0.0003779970832781296	0.006588640303988493	0.4438038458086559	False
DRB1:HLA-DRB1*01:02:01:01	0.0011154251733070408	0.00018338529249955113	0.052315153435348746	0.005487733341204329	0.02324465927001514	50.485157205217114	False
DRB1:HLA-DRB1*01:02:01:02	0.0001729747456286661	0.00018338529249956818	0.0033925738568257677	0.00013616874821015807	0.014120566363126705	5.273344534029343	False
DRB1:HLA-DRB1*01:02:01:03	0.0018458422258631803	0.00018338529249959705	0.018674978133158444	0.0008136500393988081	0.047919093567644226	35.43446157728532	False
DRB1:HLA-DRB1*01:02:01:04	1.333998034141038e-05	0.00018338529249953308	0.00012721372011974147	0.00014220472297820695	0.0030558409785349347	0.4438038458086559	False
DRB1:HLA-DRB1*01:03:01:01	0.0005488147498781581	0.00018338529249949147	0.0032937066023984263	0.0012095402522764513	0.02210062462039929	8.382083008594453	False
DRB1:HLA-DRB1*01:03:01:02	6.670703309822389e-06	0.00018338529249952533	0.0014117419424018436	0.00029335476800260916	0.00399622148173596	0.599443999048805	False
DRB1:HLA-DRB1*01:77	6.67070330982244e-06	0.0001833852924995233	0.0011486989815100424	2.9704523703749897e-05	0.0038989963825482596	0.6880876388067214	False
DRB1:HLA-DRB1*03:01:01:01	0.003308447768545308	0.0001833852924995129	0.011849298341848715	0.0005004463447700966	0.06625116963540673	75.93995688674218	False
DRB1:HLA-DRB1*03:01:01:02	0.0008887738725439848	0.00018338529249958203	0.017751331986135172	0.001200765122625491	0.011753190763590163	12.398332725867697	False
DRB1:HLA-DRB1*03:01:01:03	0.0018332924036644957	0.00018338529249952562	0.04200737908120488	0.0037866602351834073	0.008057711799456316	82.11241272860919	False
DRB1:HLA-DRB1*03:01:01:06	6.670703309822213e-06	0.00018338529249953264	0.003149181546866092	0.0003011693023496171	0.0015325133691341927	0.5909730946714781	False
DRB1:HLA-DRB1*03:01:01:08	6.6707033098218875e-06	0.00018338529249954614	5.991046123006542e-05	1.2298948011623436e-05	0.0044195108822527775	0.5994439990488052	False
DRB1:HLA-DRB1*03:01:01:10	6.670703309822103e-06	0.00018338529249953723	0.004328489061685679	0.000429736399562311	0.0028965789541922867	0.5909730946714782	False
DRB1:HLA-DRB1*03:01:01:11	1.3339980341408631e-05	0.00018338529249955829	0.0013592142459131014	0.0002575111480622218	0.00224861309994526	3.3917228649109434	False
DRB1:HLA-DRB1*03:01:01:14	6.670703309821944e-06	0.00018338529249954378	0.001614134003888008	0.0003534435334255949	0.0012759483374542636	1.3973898468176043	False
DRB1:HLA-DRB1*03:01:01:19	6.670703309821966e-06	0.00018338529249954294	0.000808645400716383	1.6226260932459227e-05	0.004158119245668816	0.599443999048805	False
DRB1:HLA-DRB1*03:02:01:01	2.0007831094749092e-05	0.00018338529249965952	0.012803070109975145	0.0015101772460365858	0.010290141779793333	1.7744236703394356	False
DRB1:HLA-DRB1*03:02:01:02	3.333925376674772e-05	0.00018338529249958333	0.013563466384249254	0.0015686413564783594	0.01040111305089034	2.9598843531422867	False
DRB1:HLA-DRB1*03:124	1.3339980341410434e-05	0.00018338529249955368	0.0006395651161602393	0.0002860091528676894	0.0028643279192570505	0.4438038458086558	False
DRB1:HLA-DRB1*04:01:01:01	0.0002127550719092044	0.00018338529249958607	0.003581501929789198	0.001083505188606444	0.01764899526119152	5.0422541317921645	True
DRB1:HLA-DRB1*04:01:01:04	2.0007831094753937e-05	0.00018338529249958336	0.0009982813051074995	0.0003202214512089514	0.004352263054939189	0.22624914005615565	True
DRB1:HLA-DRB1*04:01:01:05	2.000783109475614e-05	0.00018338529249955197	0.0011559994912957931	0.00033620043380451145	0.006361904731144102	1.799874305891823	True
DRB1:HLA-DRB1*04:03:01:05	1.3339980341409619e-05	0.00018338529249951912	0.002782115137750873	0.00040206933535486553	0.0039716582591491426	0.39525281868272705	True
DRB1:HLA-DRB1*04:04:01:04	0.0002458661211582133	0.00018338529249953484	0.005870112212390807	0.0012887504764327034	0.013702815219241658	0.9512847541444283	True
DRB1:HLA-DRB1*04:04:01:05	7.32992911050586e-05	0.00018338529249957474	0.004959629080734218	0.000934752200776147	0.007768800941643605	1.6600464604245355	True
DRB1:HLA-DRB1*04:05:01:09	6.664285057759381e-05	0.00018338529249955552	0.004250182635406321	0.0005137395038625327	0.006894530710230562	1.773639781491607	True
DRB1:HLA-DRB1*04:06:02	6.670703309822318e-06	0.0001833852924995283	0.0014442617558802957	0.00012331419075411245	0.0009784264743009782	0.6880876388067215	True
DRB1:HLA-DRB1*04:08:01:01	6.670703309821779e-06	0.0001833852924995507	0.002775963171064409	0.0002725354125947339	0.0015014383600690903	1.6941397457220146	True
DRB1:HLA-DRB1*07:01:01:01	0.0059023415510738786	0.0001833852924995821	0.026842000860377656	0.0016210621996102562	0.033520631190360674	27.789500517597617	False
DRB1:HLA-DRB1*07:01:01:02	0.001564068123835283	0.00018338529249956119	0.019736900292938595	0.002490260286210803	0.02758074308243398	53.85354098662612	False
DRB1:HLA-DRB1*07:01:01:06	6.670703309821862e-06	0.00018338529249954725	0.00020525053668636454	4.7227943141312736e-05	0.0016120359665903494	4.683899434417873	False
DRB1:HLA-DRB1*07:01:01:07	2.000783109474895e-05	0.00018338529249965226	0.006025896329029823	0.0006140152076749739	0.0013623170438533641	0.7509329605986618	False
DRB1:HLA-DRB1*07:01:01:08	1.3339980341409031e-05	0.00018338529249954351	0.003920058666514449	0.00037336224548795025	0.0011347962857738792	2.4836777612446235	False
DRB1:HLA-DRB1*07:01:01:11	6.670703309822467e-06	0.00018338529249952216	0.0014314709618304452	7.713256423742518e-05	0.0024069778017835395	0.6880876388067216	False
DRB1:HLA-DRB1*07:01:01:12	6.670703309821832e-06	0.00018338529249954842	0.0005806002484379134	0.00014373176618498422	0.004207724362555439	1.6941397457220144	False
DRB1:HLA-DRB1*07:01:01:15	1.3339980341409582e-05	0.00018338529249956945	0.003135749457833848	0.00029884283393995253	9.564996889664208e-05	0.39525281868272705	False
DRB1:HLA-DRB1*07:01:01:18	5.3325690687961985e-05	0.00018338529249955563	0.004266721662360723	0.00030122152009838765	0.0037677090379650757	1.4430819549680636	False
DRB1:HLA-DRB1*07:01:01:20	6.670703309822442e-06	0.0001833852924995232	0.0029945438853843137	0.00023686571664666148	0.00048399910754797084	4.683899434417871	False
DRB1:HLA-DRB1*07:01:01:23	8.660789332527507e-05	0.00018338529249955734	0.0020054946669052776	5.574872008154389e-05	0.007921630253393134	1.8461289107426975	False
DRB1:HLA-DRB1*07:01:01:25	1.3339980341410507e-05	0.00018338529249947318	0.0023941929892848774	0.0006951890111887314	0.0015647893825826054	0.44380384580865595	False
DRB1:HLA-DRB1*08:01:01:01	0.0008032984441381265	0.0001833852924995675	0.00360226481939956	0.0016541295460129645	0.028798218750414446	10.346449861381146	False
DRB1:HLA-DRB1*08:01:01:02	1.3339980341410392e-05	0.00018338529249948852	0.00026704885524682175	0.00019311314487313253	0.0035700291541459293	0.44380384580865584	False
DRB1:HLA-DRB1*08:02:01:01	0.001341624343868872	0.00018338529249951115	0.026045758088228455	0.006264319262833905	0.04028595860861942	104.24075835371204	False
DRB1:HLA-DRB1*08:03:02:02	0.000810822061833116	0.0001833852924995699	0.06882812843176991	0.009521134142088678	0.07841696780094379	154.0252969546335	False
DRB1:HLA-DRB1*08:04:01:01	0.0013138375912747256	0.0001833852924995774	0.07629548880429031	0.008720033073635483	0.05525376125140467	94.71453042436087	False
DRB1:HLA-DRB1*08:04:01:03	6.670703309822363e-06	0.00018338529249952646	0.006047304012667672	0.0006820971087746499	0.0037378104057569955	0.5994439990488051	False
DRB1:HLA-DRB1*08:04:04	2.0007831094748543e-05	0.00018338529249966885	0.0023454056291478866	0.0007301142909223158	0.0068820780781944715	2.0662298177221365	False
DRB1:HLA-DRB1*08:06:01:01	0.00014648590622945494	0.00018338529249959225	0.015113840880997532	0.0016147796375893678	0.006724786529413749	4.177090827975023	False
DRB1:HLA-DRB1*08:07	4.000282568539082e-05	0.00018338529249953216	0.0022716683945675003	0.0005445314839979094	0.00462658778894639	2.6378319529114935	False
DRB1:HLA-DRB1*08:09:01	2.667425556987628e-05	0.00018338529249949058	0.009702682740635755	0.0015674848944650177	0.007467263230182152	1.4933973566706693	False
DRB1:HLA-DRB1*08:11:01:01	3.333925376674756e-05	0.00018338529249961187	0.0018341551471578322	0.0006213672546755585	0.006076031010708653	1.4459380906574872	False
DRB1:HLA-DRB1*09:01:02:03	2.6674255569875313e-05	0.00018338529249952278	0.010023925227508555	0.0015562346091402826	0.01093634069533911	5.60395310243077	False
DRB1:HLA-DRB1*09:01:02:04	1.3339980341410525e-05	0.00018338529249951874	0.0020396515182618574	0.00012719219342944478	0.0008186149046477616	0.9466166068903512	False
DRB1:HLA-DRB1*09:01:02:05	5.332569068796194e-05	0.00018338529249958393	0.005137553995028263	0.0009382645382123859	0.0033605390619005355	1.5811359278826496	False
DRB1:HLA-DRB1*09:01:02:07	5.332569068796205e-05	0.00018338529249960382	0.012921983851695453	0.0014357907101081565	0.007840154226832026	3.3633019387786036	False
DRB1:HLA-DRB1*09:01:02:08	7.995430535428632e-05	0.0001833852924995181	0.013047964596956764	0.0019750982910020126	0.0150613603576953	3.7224127462083936	False
DRB1:HLA-DRB1*10:01:01:03	0.0013904544055568925	0.00018338529249951676	0.005089669552817791	0.0006454189694456716	0.003841953237069679	26.66287940099456	False
DRB1:HLA-DRB1*11:01:01:01	0.0005361565305334065	0.0001833852924995762	0.005238671133002138	0.0010937115406270226	0.020746484088590166	9.50176166288211	False
DRB1:HLA-DRB1*11:01:01:03	0.0008104854601694495	0.000183385292499549	0.02055241491695213	0.0029259738210236997	0.009118301374171446	12.510077209771678	False
DRB1:HLA-DRB1*11:01:01:05	0.00017297474562866593	0.00018338529249957417	0.0072562241163212395	0.0014663175289593778	0.01510991827427841	3.232859741034762	False
DRB1:HLA-DRB1*11:01:01:14	6.670703309822379e-06	0.00018338529249952576	0.0001780510823958856	6.654916509024206e-05	0.004199159965043192	0.6880876388067214	False
DRB1:HLA-DRB1*11:01:01:15	4.000282568539069e-05	0.0001833852924995449	0.008055849699511869	0.025335822181473476	0.005157164325067748	6.847930413169661	False
DRB1:HLA-DRB1*11:01:02:01	6.67070330982192e-06	0.00018338529249954484	0.006013190673096606	0.0006819801015459014	0.003296398273248853	0.5909730946714781	False
DRB1:HLA-DRB1*11:01:02:03	9.991079043253595e-05	0.000183385292499598	0.01947212402113219	0.0022052470554407345	0.014092181670147537	6.176262856407002	False
DRB1:HLA-DRB1*11:01:02:04	2.6674255569878397e-05	0.0001833852924994514	0.01061583824740421	0.0012480140170631842	0.007866166780201644	2.366902428404103	False
DRB1:HLA-DRB1*11:03:01	0.00033852999187354105	0.00018338529249962274	0.005069444338135723	0.0009438703249769691	0.019423140213353122	9.875282489547162	False
DRB1:HLA-DRB1*11:04:01:01	0.0008902001507800837	0.00018338529249958984	0.009946985886179482	0.0014359568309324114	0.03823317993113304	28.54509972963432	False
DRB1:HLA-DRB1*11:04:01:02	0.00032532408168645804	0.00018338529249948827	0.006483256371017538	0.0011840038402108947	0.0322153137302205	19.34520586968703	False
DRB1:HLA-DRB1*11:04:01:03	0.0004909435104519498	0.00018338529249956406	0.005913956339298714	0.003075349843784941	0.022904174132038622	27.190029523247105	False
DRB1:HLA-DRB1*11:04:01:04	7.998568347547394e-05	0.00018338529249956997	0.0021108011810433993	0.0001643885733396827	0.009502074741519843	2.293546727117472	False
DRB1:HLA-DRB1*11:11:01	6.6707033098223965e-06	0.00018338529249952506	0.007079546095635953	0.0009698332803397756	0.005868893475125622	1.3973898468176043	False
DRB1:HLA-DRB1*11:15:01:02	6.6707033098221255e-06	0.0001833852924995363	0.0005728534114525756	0.0001741123481950742	0.0039623436024384265	0.6880876388067214	False
DRB1:HLA-DRB1*12:01:01:01	0.0006276166224174506	0.00018338529249958902	0.04786479943470607	0.005409534224069561	0.030399722765320235	42.639707196197904	False
DRB1:HLA-DRB1*12:01:01:03	0.0003383873640499476	0.00018338529249962364	0.0030527722057468397	0.0005681131983769521	0.010842697189958377	2.243837393942301	False
DRB1:HLA-DRB1*12:01:01:06	5.3325690687961965e-05	0.00018338529249957596	0.0153830865876679	0.0024403730318210424	0.016472125087263183	11.24652086878871	False
DRB1:HLA-DRB1*12:01:01:08	8.664212400293111e-05	0.00018338529249955433	0.015984179156925064	0.002272571923807368	0.013458792362967452	10.555211157999281	False
DRB1:HLA-DRB1*12:01:01:11	2.0007831094750203e-05	0.00018338529249964939	0.0006466635002004026	9.611252799715993e-05	0.005422283331419209	0.7298497260073944	False
DRB1:HLA-DRB1*12:02:01:07	1.3339980341409482e-05	0.00018338529249959257	0.007194843014658292	0.0012044725769360868	0.00034763002279875207	0.4438038458086559	False
DRB1:HLA-DRB1*12:02:02:01	3.333925376674762e-05	0.00018338529249956357	0.008162475152989495	0.0008300551616456181	0.005969044757438049	2.002402675187501	False
DRB1:HLA-DRB1*13:01:01:01	0.0006404174695858059	0.0001833852924995487	0.01342481832209318	0.0022131684159338158	0.019038287895869074	14.087932541668719	False
DRB1:HLA-DRB1*13:01:01:02	0.001352171671424229	0.00018338529249954395	0.007600134382580078	0.002211890200773441	0.047849532450261426	22.858410597879764	False
DRB1:HLA-DRB1*13:01:01:04	0.00033838736404994215	0.00018338529249962076	0.006971039411930212	0.001339919421505533	0.015096822739984356	5.5812620354732605	False
DRB1:HLA-DRB1*13:01:01:05	2.6674255569876133e-05	0.00018338529249954777	0.002328501884954332	0.0004702491053284315	0.007123126956897332	0.8880092546028687	False
DRB1:HLA-DRB1*13:01:01:07	0.00025910055691013634	0.00018338529249957338	0.0007600654154118193	0.0005010992433154038	0.017452764599136784	3.9819488701899686	False
DRB1:HLA-DRB1*13:01:01:09	4.0002825685390923e-05	0.0001833852924994821	0.001458404912607843	0.0001036669744702966	0.004467059281444461	0.8656500855890781	False
DRB1:HLA-DRB1*13:01:01:10	5.998498377188864e-05	0.00018338529249961366	0.007723149567569214	0.0006505317166885433	0.008533341277578575	1.6377540325556712	False
DRB1:HLA-DRB1*13:01:01:11	2.6674255569875086e-05	0.00018338529249949584	0.0012766615676284478	0.00037711294558565343	0.004310490231310043	0.8795330063557589	False
DRB1:HLA-DRB1*13:02:01:01	2.6674255569873918e-05	0.0001833852924995147	0.008561674119874511	0.0009586175117313971	0.004943099649136675	2.366902428404103	False
DRB1:HLA-DRB1*13:02:01:02	0.00015306532773217497	0.00018338529249957075	0.0031577402058741966	0.0006804933861857023	0.00819219452616638	3.940118355555043	False
DRB1:HLA-DRB1*13:02:01:03	0.0006534807519493361	0.00018338529249961155	0.001955451594866	0.00010119997239677483	0.012497080049772619	3.3554356929115263	False
DRB1:HLA-DRB1*13:02:01:04	0.00020612858322468743	0.00018338529249958002	0.02280281705206438	0.002436155384269577	0.01998789791548247	9.400287741659588	False
DRB1:HLA-DRB1*13:02:01:06	6.670703309822426e-06	0.00018338529249952386	0.0008980949345528166	1.3234638554050823e-05	0.0025308485637545457	0.5994439990488051	False
DRB1:HLA-DRB1*13:02:01:07	0.00021275507190921208	0.00018338529249956146	0.018916634213468828	0.0019112590521914025	0.005699142960181693	4.526504733880017	False
DRB1:HLA-DRB1*13:02:01:12	1.3339980341409717e-05	0.00018338529249955064	0.004274561666612986	0.0004231778661738299	0.0008495029287442066	0.39525281868272705	False
DRB1:HLA-DRB1*13:03:01:01	0.000206128583224698	0.0001833852924995712	0.006818227479342869	0.0006443984127980773	0.004951790366140469	2.5079666116215993	False
DRB1:HLA-DRB1*13:04	0.00011990293246669424	0.00018338529249960504	0.017515074681788343	0.001955154470515633	0.01367571327459819	5.045276059583036	False
DRB1:HLA-DRB1*13:05:01:01	0.0003185849170212501	0.00018338529249950597	0.0019482483405796423	0.00030179981066587503	0.024085754378641962	16.93703493418642	False
DRB1:HLA-DRB1*13:117:01:02	3.333925376674758e-05	0.00018338529249955408	0.0017264746036079962	4.025727091810983e-05	0.002114067970603698	3.4470007847709137	False
DRB1:HLA-DRB1*13:16:01:01	6.6707033098219925e-06	0.0001833852924995418	0.003817294350133063	0.0005929914864989639	0.0059713323707044075	0.5909730946714782	False
DRB1:HLA-DRB1*14:03:01	6.670703309822405e-06	0.00018338529249952468	0.010893223431555625	0.0016036844335601125	0.01452455611251343	1.3973898468176043	False
DRB1:HLA-DRB1*14:04:01:03	2.0007831094754953e-05	0.0001833852924995602	0.004893761194130436	0.0005131654235890568	0.0010325039963644841	5.092759866336271	False
DRB1:HLA-DRB1*14:06:01	6.670703309822261e-06	0.0001833852924995306	0.002506118736242553	0.0005894152132081219	0.0037976766472593015	0.6880876388067214	False
DRB1:HLA-DRB1*14:08	6.670703309822165e-06	0.0001833852924995346	0.003418031300161301	0.0051610444577638755	0.0014121905615951346	1.3973898468176043	False
DRB1:HLA-DRB1*14:12:01	1.3339980341409761e-05	0.00018338529249952538	0.0032787497676124893	0.0003980593528584113	0.0030362359798543504	2.797174534846549	False
DRB1:HLA-DRB1*14:243	7.995430535428653e-05	0.0001833852924995222	0.010189313851373243	0.0010002794261430904	0.005051824722002578	5.671795917395718	False
DRB1:HLA-DRB1*14:54:01:09	6.664285057759259e-05	0.00018338529249958558	0.004336663007438061	0.0008298417934280994	0.008075501757993538	2.7659371385321188	False
DRB1:HLA-DRB1*14:54:01:10	7.329929110505493e-05	0.00018338529249958948	0.022564079755755716	0.0033253818347209418	0.02694920560381317	12.481296302521889	False
DRB1:HLA-DRB1*14:54:01:11	2.0007831094752907e-05	0.00018338529249962743	0.004898832772244868	0.0008756104798142532	0.006521896408964787	4.199360225770915	False
DRB1:HLA-DRB1*15:01:01:01	0.001782680920459992	0.00018338529249948692	0.002948529447409281	0.0006021779164456471	0.03460120642072109	19.937507045623963	True
DRB1:HLA-DRB1*15:01:01:02	0.0002596653630916482	0.00018338529249950868	0.004649056022280035	0.0004509872454487195	0.006403638318150607	0.6495047846755859	True
DRB1:HLA-DRB1*15:01:01:03	0.0027546068141629156	0.00018338529249957832	0.021774529221515848	0.0028634855799202015	0.023412098213411975	17.168002805899732	True
DRB1:HLA-DRB1*15:01:01:04	0.00024606580011126577	0.00018338529249952088	0.030710784181704986	0.004211740601374466	0.037835025757377336	39.2714594252823	True
DRB1:HLA-DRB1*15:01:01:05	7.99543053542864e-05	0.00018338529249952077	0.00735973070347257	0.0007387313290153147	0.0018448387631957088	2.711377529893012	True
DRB1:HLA-DRB1*15:01:01:06	6.6707033098224635e-06	0.00018338529249952226	0.0003259447003135541	2.934827936810667e-05	0.003840993203251483	0.599443999048805	True
DRB1:HLA-DRB1*15:01:01:07	0.0003185849170212488	0.00018338529249953034	0.0025627694975123173	9.859453101934896e-05	0.011197663014448021	1.5007027076712525	True
DRB1:HLA-DRB1*15:01:01:10	6.670703309822142e-06	0.00018338529249953565	0.004150351702226905	0.0004380291093268177	0.0007608225615102707	0.5909730946714782	True
DRB1:HLA-DRB1*15:01:01:17	6.670703309821818e-06	0.000183385292499549	0.002281788697962548	0.0002067278637734911	0.0011638786703625345	0.5909730946714782	True
DRB1:HLA-DRB1*15:02:01:02	8.664212400293857e-05	0.00018338529249957257	0.00538058782108407	0.0008288928306395546	0.0031376423713833155	1.547511679191423	False
DRB1:HLA-DRB1*15:02:01:03	2.6674255569872996e-05	0.0001833852924995266	0.006587052988910618	0.00026415844713208734	0.0005572724942164653	2.5149209953630174	False
DRB1:HLA-DRB1*15:02:01:04	0.0001331972719045496	0.0001833852924995796	0.022503629917075982	0.0030024260992770474	0.03344373681936515	20.11381928648593	False
DRB1:HLA-DRB1*15:02:01:05	2.000783109475443e-05	0.0001833852924995962	0.0070199440345414445	0.0010012863700944656	0.014088013706826812	4.199360225770915	False
DRB1:HLA-DRB1*15:02:01:06	6.670703309821902e-06	0.00018338529249954557	0.0023211824230531222	0.00011556013808356171	0.0019924009824696166	1.694139745722015	False
DRB1:HLA-DRB1*15:02:02:01	6.670703309822162e-06	0.00018338529249953484	0.0038122471691657846	0.004452784765736377	0.0016553810836514896	1.6941397457220153	False
DRB1:HLA-DRB1*15:02:02:02	6.670703309821766e-06	0.0001833852924995512	0.0035917802259417754	0.0004121857836275846	0.00040208996440922273	1.694139745722015	False
DRB1:HLA-DRB1*15:03:01:01	0.0003449853271697952	0.00018338529249951083	0.03420844693744783	0.0037671644742812223	0.02342399547970121	16.85218210455925	False
DRB1:HLA-DRB1*15:03:01:02	2.6674255569876787e-05	0.00018338529249950218	0.008363945524318248	0.0008834059938672848	0.0038600413877523236	1.4326164491977131	False
DRB1:HLA-DRB1*15:03:01:03	0.002636593700359281	0.00018338529249953915	0.08097354078316955	0.00876335155075112	0.052801357743693884	139.39238909483575	False
DRB1:HLA-DRB1*15:03:01:04	7.995430535428639e-05	0.00018338529249951473	0.015399556995808509	0.0016811610624539641	0.010615243836371323	2.6863505731810147	False
DRB1:HLA-DRB1*15:04	1.3339980341409045e-05	0.00018338529249952487	0.005266873416089531	0.000758949728724029	0.002746132687765558	1.3456954518650195	False
DRB1:HLA-DRB1*16:01:01:02	0.0005750154810736544	0.00018338529249955964	0.008989181611550172	0.0019388323371366406	0.016320367843097313	14.05202932677387	False
DRB1:HLA-DRB1*16:02:01:01	0.0001132079824268891	0.00018338529249950839	0.027171348049531016	0.00409495384651279	0.03504328152456157	24.085566665286773	False
DRB1:HLA-DRB1*16:02:01:02	0.00015970322664259033	0.00018338529249955165	0.0033508058323202987	0.0012595252594753592	0.011537983585319041	11.828672209995862	False
DRB1:HLA-DRB1*16:02:01:03	0.0002855523130752097	0.00018338529249955636	0.01879327239683513	0.0035235140955592525	0.010439143657344732	15.129737592835559	False
DRB1:HLA-DRB1*16:02:01:04	6.6707033098222915e-06	0.00018338529249952942	0.0010031586052760017	0.00024679093502414143	0.0027889183106564776	0.599443999048805	False
DRB1:HLA-DRB1*16:02:01:05	9.326005501801186e-05	0.0001833852924995586	0.024281269669697868	0.0033584401116863185	0.02944094344673649	19.783652619187414	False
DRB1:HLA-DRB1_nov_004ba604	6.670703309821824e-06	0.00018338529249954883	0.00021165875442749312	0.00012845302755723996	0.002393913105016046	0.5994439990488051	False
DRB1:HLA-DRB1_nov_01353e58	6.6707033098220255e-06	0.00018338529249954042	0.005227490542652818	0.0005854483075404318	0.003301808997750382	0.5909730946714781	False
DRB1:HLA-DRB1_nov_01460d41	6.670703309822235e-06	0.00018338529249953178	0.0075005635798551145	0.0012411517116788456	0.008734583555311872	1.3973898468176043	False
DRB1:HLA-DRB1_nov_01bbcfd7	3.335066399263142e-05	0.0001833852924996416	0.004042738618815543	0.0008659535389350324	0.004707219987434927	1.2390295364437947	False
DRB1:HLA-DRB1_nov_0234d287	6.670703309822343e-06	0.00018338529249952728	0.005227505052397249	0.0005592044304508137	0.0023756979847137827	0.5909730946714781	False
DRB1:HLA-DRB1_nov_02aeca47	6.670703309821944e-06	0.00018338529249954378	0.00385782039750512	0.0006963719016396378	0.004775171643793116	0.599443999048805	False
DRB1:HLA-DRB1_nov_03058c69	6.670703309822208e-06	0.00018338529249953292	0.003107702745258149	0.00011276515500221155	0.0011174712929942715	1.6941397457220149	False
DRB1:HLA-DRB1_nov_03531b26	1.3339980341409623e-05	0.00018338529249955926	0.003696083140155605	0.00012196854217089346	0.0015550149342255896	0.9466166068903514	False
DRB1:HLA-DRB1_nov_03989817	0.002938086098999892	0.00018338529249959032	0.005379526327987815	0.0028154194545985476	0.05008727835825532	35.23321393086868	False
DRB1:HLA-DRB1_nov_0452bb1d	6.6707033098225e-06	0.00018338529249952077	0.0025146138480795495	0.00021372932055863426	0.00035545329184228703	0.5909730946714782	False
DRB1:HLA-DRB1_nov_047138a3	6.670703309822104e-06	0.00018338529249953712	0.0042484586732868795	0.0004461643613596959	0.0022058125236522176	0.6880876388067216	False
DRB1:HLA-DRB1_nov_04988574	6.670703309822079e-06	0.00018338529249953823	0.002341519916991658	0.00022091519715078164	0.000985997997169959	0.599443999048805	False
DRB1:HLA-DRB1_nov_04b667ae	6.670703309822277e-06	0.00018338529249952993	0.0063586062827006825	0.0007087265297989644	0.004392991312709915	0.5909730946714781	False
DRB1:HLA-DRB1_nov_04cc99ae	6.6707033098222636e-06	0.00018338529249953056	0.0020911692322405553	0.00024319617587927988	0.00018853938242319784	0.5909730946714782	False
DRB1:HLA-DRB1_nov_0560fe0f	6.670703309822475e-06	0.00018338529249952183	0.0012448725864547044	8.242978556104271e-05	0.0036333278914947613	0.5994439990488051	False
DRB1:HLA-DRB1_nov_062b3093	2.6682813239287364e-05	0.0001833852924995481	0.0002810348642786258	0.00027960463475547336	0.002716580200830366	0.6880876388067214	False
DRB1:HLA-DRB1_nov_06f642ff	6.670703309821846e-06	0.00018338529249954793	0.0013449411094053577	7.6509495702809e-05	0.003924087924692087	0.599443999048805	False
DRB1:HLA-DRB1_nov_0786af8c	6.670703309821903e-06	0.00018338529249954555	0.006824194742574424	0.0012042637297929666	0.008305022422327151	1.3973898468176043	False
DRB1:HLA-DRB1_nov_07edf404	6.670703309822534e-06	0.0001833852924995194	0.004785676380704494	0.0005544396921914764	0.003202042448645237	0.5909730946714781	False
DRB1:HLA-DRB1_nov_080f9b41	6.670703309822471e-06	0.00018338529249952197	0.005006339605157579	0.0004436756805983473	0.007837025574877532	1.3973898468176043	False
DRB1:HLA-DRB1_nov_08a3f20e	0.00010656009956881487	0.00018338529249956094	0.001994380108579622	0.0004528056913280922	0.014712755096722156	10.139374256334111	False
DRB1:HLA-DRB1_nov_08ee8bfb	6.670703309821776e-06	0.00018338529249955078	0.0001582609709404378	3.076421909066562e-05	0.00014697781029067973	1.6941397457220146	False
DRB1:HLA-DRB1_nov_096b4859	6.670703309822092e-06	0.00018338529249953769	0.0028387587000168147	0.0005384871823760632	0.0036758687362750406	0.6880876388067213	False
DRB1:HLA-DRB1_nov_099b39d4	6.67070330982205e-06	0.00018338529249953942	0.001097465975873566	2.5303873296635556e-05	0.0035237593332038985	4.683899434417873	False
DRB1:HLA-DRB1_nov_0aaaf786	6.67070330982235e-06	0.00018338529249952703	0.0020981366756189306	0.0004221406724960599	0.0038091174038730616	0.599443999048805	False
DRB1:HLA-DRB1_nov_0b340026	6.670703309822375e-06	0.00018338529249952592	0.0005806391433490536	0.00023732056835398525	0.004277381321129518	0.599443999048805	False
DRB1:HLA-DRB1_nov_0b8a2179	6.670703309822462e-06	0.0001833852924995224	0.00463604853172936	0.0005000378106447621	0.001788792123540843	0.5909730946714782	False
DRB1:HLA-DRB1_nov_0be56a79	6.67070330982252e-06	0.00018338529249951993	0.0017435525257613862	0.0003254024782918957	0.002499152108433269	0.5994439990488051	False
DRB1:HLA-DRB1_nov_0becefbc	6.670703309822179e-06	0.00018338529249953405	0.0028490570288678867	2.89920348279194e-05	0.001480316991979182	1.694139745722015	False
DRB1:HLA-DRB1_nov_0bffbb09	6.670703309822391e-06	0.00018338529249952533	0.0008211593447594523	0.00012830031261901035	0.0012440529099433753	0.599443999048805	False
DRB1:HLA-DRB1_nov_0c48db37	2.000783109474984e-05	0.00018338529249965223	0.0072483374586964425	0.0011387763032278707	0.0052965978302093935	4.199360225770915	False
DRB1:HLA-DRB1_nov_0e28f3a9	1.333998034140946e-05	0.00018338529249953232	0.0016105816011242652	1.5354112882428776e-05	0.005320523914525407	0.9466166068903512	False
DRB1:HLA-DRB1_nov_0e359e9c	0.0002592089540560874	0.0001833852924995365	0.008727558189231509	0.0012096529717331359	0.017413024123710923	26.324831629084382	False
DRB1:HLA-DRB1_nov_0f0736a8	6.670703309821859e-06	0.0001833852924995474	0.0008155305885244354	6.600398735551726e-05	0.0026211827941835675	0.6880876388067214	False
DRB1:HLA-DRB1_nov_0f2aa0ed	0.00016647091687247486	0.0001833852924995241	0.005018747465588561	0.0006920129780288069	0.01734125880484338	4.769446924962023	False
DRB1:HLA-DRB1_nov_0f878161	6.670703309822074e-06	0.0001833852924995384	0.0008262594768112709	0.00024253850305827314	0.004214935574434057	0.599443999048805	False
DRB1:HLA-DRB1_nov_0fc829dc	6.670703309822532e-06	0.00018338529249951944	0.0024291915804809145	0.00011744178238164992	0.0007947630747437259	1.6941397457220144	False
DRB1:HLA-DRB1_nov_10026ac0	6.670703309821963e-06	0.00018338529249954308	0.0037681624499660547	9.588687885514997e-05	0.00024671058391547904	1.6941397457220153	False
DRB1:HLA-DRB1_nov_105c099c	6.670703309821991e-06	0.00018338529249954186	0.002379423590814668	8.37966931450342e-05	0.005142066021407709	0.6880876388067214	False
DRB1:HLA-DRB1_nov_10db7566	1.3339980341409809e-05	0.0001833852924995941	0.0017718516218528208	0.0005052169009535411	0.005195927085033863	1.3768305991742116	False
DRB1:HLA-DRB1_nov_1142bd38	6.6707033098224186e-06	0.0001833852924995241	0.0004196157586706461	6.113937795782652e-05	0.0035005316153343233	0.6880876388067217	False
DRB1:HLA-DRB1_nov_12d16727	0.0007536924870896941	0.00018338529249956842	0.02240933074693327	0.0046547458304896355	0.02416144924975271	30.05657296894527	False
DRB1:HLA-DRB1_nov_12d2083d	6.67070330982216e-06	0.00018338529249953484	0.0015113849911235668	0.00010773495546269935	0.00042252894818264934	0.5909730946714782	False
DRB1:HLA-DRB1_nov_13d7dd25	6.670703309822148e-06	0.00018338529249953536	0.0005714602894497663	6.787275314313515e-05	0.003751236113466353	0.5994439990488051	False
DRB1:HLA-DRB1_nov_1444a24b	6.670703309822231e-06	0.0001833852924995319	0.0002084187118468328	6.468299272275455e-05	0.0027825815945260036	4.683899434417871	False
DRB1:HLA-DRB1_nov_14b15e47	6.670703309821958e-06	0.00018338529249954324	0.0013372011457994128	0.0003279569278436912	0.0010059265405361418	0.599443999048805	False
DRB1:HLA-DRB1_nov_14d6a43c	6.670703309822133e-06	0.00018338529249953598	0.00316173212379951	0.0002801606541121366	0.0006293121702099567	0.5909730946714781	False
DRB1:HLA-DRB1_nov_14d9df5c	1.3339980341409175e-05	0.00018338529249958116	0.00017588605112360125	0.00021448628693397523	0.005265444586835067	0.4438038458086558	False
DRB1:HLA-DRB1_nov_14dc5a42	0.0027546068141629065	0.00018338529249957897	0.08804206885418675	0.01018882575564968	0.05802934992255416	135.41911871797802	False
DRB1:HLA-DRB1_nov_1586f729	6.670703309822515e-06	0.00018338529249952012	0.00011612335388956129	5.351667041954656e-05	0.00243696076275225	0.6880876388067215	False
DRB1:HLA-DRB1_nov_16d3996b	6.670703309822021e-06	0.00018338529249954061	0.004026909193176001	0.00028904807355076154	0.00043925934074689137	1.694139745722015	False
DRB1:HLA-DRB1_nov_1721a394	6.6707033098220814e-06	0.00018338529249953815	0.0017474752711487591	0.00028220548111850755	0.003583981228304066	4.683899434417869	False
DRB1:HLA-DRB1_nov_1737419a	6.6707033098223025e-06	0.00018338529249952896	0.0018704082841974165	0.00025400227617532	0.0012948927756890067	0.5909730946714781	False
DRB1:HLA-DRB1_nov_18f4f368	6.6707033098221475e-06	0.00018338529249953536	0.001174878684128793	0.00017873471311609764	0.004811622888910911	4.68389943441787	False
DRB1:HLA-DRB1_nov_192a4d88	0.004038007627881195	0.00018338529249955707	0.09324236589154869	0.025526520022986315	0.06418055686189764	160.26268589943263	False
DRB1:HLA-DRB1_nov_1a16bee8	6.670703309822524e-06	0.0001833852924995198	0.002997990759538819	0.0002738159677968813	0.0002667935001105663	0.5909730946714782	False
DRB1:HLA-DRB1_nov_1ae7a704	6.6707033098218705e-06	0.00018338529249954687	0.0009796253452353288	0.00010382672221228712	0.0016564640471643805	1.6941397457220146	False
DRB1:HLA-DRB1_nov_1bd4d8e9	6.670703309821799e-06	0.00018338529249954988	0.0025584271730320247	0.0006355644054264707	0.005624997860778425	0.6880876388067217	False
DRB1:HLA-DRB1_nov_1c55850e	6.670703309822119e-06	0.00018338529249953657	0.00821174800849511	0.0007953512366477528	0.01287327605556133	1.3973898468176043	False
DRB1:HLA-DRB1_nov_1c6ab408	0.0018197884013262473	0.00018338529249951153	0.06578413257034073	0.007146578035193648	0.035865935671983276	44.178705851858616	False
DRB1:HLA-DRB1_nov_1c6c7757	6.67070330982204e-06	0.00018338529249953983	0.0016421866101504108	0.0002743893112936932	0.004337618651606637	0.5994439990488051	False
DRB1:HLA-DRB1_nov_1dc83db3	6.670703309821796e-06	0.00018338529249954996	0.006457765723769288	0.0007111814847377304	0.003919388123714584	0.5909730946714782	False
DRB1:HLA-DRB1_nov_1dd1dfbb	6.670703309822021e-06	0.00018338529249954061	0.004026909193176001	0.00028904807355076154	0.00043925934074689137	1.694139745722015	False
DRB1:HLA-DRB1_nov_1e8f138c	6.6707033098221306e-06	0.00018338529249953611	0.0014414868479162284	0.00034687069703058976	0.0038621486980976163	0.6880876388067214	False
DRB1:HLA-DRB1_nov_1eb20495	6.670703309821913e-06	0.00018338529249954509	0.007562465507794655	0.0008950953375130087	0.005515784994984796	0.5909730946714781	False
DRB1:HLA-DRB1_nov_20244525	6.6707033098224685e-06	0.00018338529249952207	0.0009345690452158267	7.661104223178842e-05	0.0031700829551510575	0.599443999048805	False
DRB1:HLA-DRB1_nov_205f5e57	0.0019485342588559963	0.0001833852924995506	0.04629087044341338	0.004967280199923272	0.008229546577144546	31.80949934901273	False
DRB1:HLA-DRB1_nov_207a8dd3	6.670703309821791e-06	0.0001833852924995502	0.004227377927949601	0.0006310256412196966	0.0019482553433108245	1.6941397457220146	False
DRB1:HLA-DRB1_nov_21915bab	0.001095179153746791	0.00018338529249951104	0.03866196220705873	0.0030750487509649004	0.0004700767592647945	164.6899157069878	False
DRB1:HLA-DRB1_nov_226b1b98	6.6707033098222475e-06	0.00018338529249953124	0.0060519419685082345	0.0009066785115168578	0.003970529102581747	1.3973898468176043	False
DRB1:HLA-DRB1_nov_22d380e4	0.0002128435011598407	0.0001833852924995599	0.015196315196478976	0.0006302050780030466	0.0016257256001191594	38.60830801532518	False
DRB1:HLA-DRB1_nov_22d93ebd	9.326005501801358e-05	0.00018338529249955587	0.021910475141726754	0.0034202903378661017	0.024375957728788665	19.783652619187414	False
DRB1:HLA-DRB1_nov_22e6e9b2	6.670703309822534e-06	0.0001833852924995194	0.0028879303835668384	0.00020777763849827855	0.00022001132840676954	0.6880876388067214	False
DRB1:HLA-DRB1_nov_232f80eb	6.670703309822511e-06	0.00018338529249952028	0.0031512738498749348	0.0005670358412448612	0.0009642523651369345	0.6880876388067216	False
DRB1:HLA-DRB1_nov_23f67e93	6.670703309822202e-06	0.00018338529249953313	0.006123450208534302	0.0006716329660563556	0.005052946018893989	1.3973898468176043	False
DRB1:HLA-DRB1_nov_24265f65	6.670703309821805e-06	0.00018338529249954953	0.0025825277677524023	0.0004851096204644337	0.003787008640208263	0.6880876388067216	False
DRB1:HLA-DRB1_nov_24824a7d	6.670703309821817e-06	0.00018338529249954907	0.001124526619083289	1.307320536512186e-05	0.003968755198950212	0.6880876388067214	False
DRB1:HLA-DRB1_nov_259853bf	6.670703309822361e-06	0.00018338529249952652	0.006647722903011259	0.0007706723981632434	0.003975993435967547	0.5909730946714781	False
DRB1:HLA-DRB1_nov_25edc134	6.670703309822061e-06	0.00018338529249953896	0.002580653694929386	0.000365301174606272	0.004510529924613794	0.599443999048805	False
DRB1:HLA-DRB1_nov_26345cb9	6.670703309822148e-06	0.00018338529249953536	0.0020574276271792826	0.00032126973268247725	0.001549234667283892	1.3973898468176043	False
DRB1:HLA-DRB1_nov_27274486	6.6707033098223915e-06	0.00018338529249952525	0.004258323880939186	0.0004490049767233669	0.003841910822301452	0.5909730946714782	False
DRB1:HLA-DRB1_nov_288fbaa7	2.6682813239287103e-05	0.00018338529249955078	0.005123850923724338	0.0006954558127370312	0.006299760695324609	1.3973898468176043	False
DRB1:HLA-DRB1_nov_28c324b3	6.670703309822047e-06	0.00018338529249953958	7.1814968099828e-05	0.00012402919382069872	0.004407900708269731	0.5994439990488049	False
DRB1:HLA-DRB1_nov_2916cbcb	1.3339980341408535e-05	0.00018338529249955406	0.0008884475011594884	0.0004171644236567437	0.002353654041335032	0.9466166068903512	False
DRB1:HLA-DRB1_nov_2929add2	7.995430535428656e-05	0.00018338529249951343	0.01944123266509903	0.0022441106365877973	0.015502385097611588	7.124900495724104	False
DRB1:HLA-DRB1_nov_29754ed4	1.3339980341410608e-05	0.00018338529249962524	0.0029159550553998007	0.0004067138559383719	0.009121360893477792	0.7940959287881593	False
DRB1:HLA-DRB1_nov_2a720f9c	6.6707033098224795e-06	0.00018338529249952159	0.0007906117716391359	0.00022087942186100064	0.004500269200446071	0.5994439990488052	False
DRB1:HLA-DRB1_nov_2ab3f400	1.3339980341408806e-05	0.0001833852924995767	0.0015579392307927015	0.00011305240496034437	0.003264624933007501	1.1824474387871216	False
DRB1:HLA-DRB1_nov_2ad4805a	6.6707033098219705e-06	0.00018338529249954275	0.0018279586367087066	0.0002810807424034837	0.002871581120521273	1.694139745722015	False
DRB1:HLA-DRB1_nov_2bd356b4	6.670703309822287e-06	0.0001833852924995296	0.0068508333471417335	0.0009788324007660302	0.007791112090014423	1.3973898468176043	False
DRB1:HLA-DRB1_nov_2c899c65	6.670703309822389e-06	0.00018338529249952533	0.00535958752140172	0.0004867728189417106	0.005802746572834944	0.599443999048805	False
DRB1:HLA-DRB1_nov_2d0f6ac4	6.6707033098223084e-06	0.00018338529249952866	0.0001261976999794123	8.66379406407153e-05	0.0009643679921351442	0.6880876388067217	False
DRB1:HLA-DRB1_nov_2d500973	6.6707033098223356e-06	0.00018338529249952752	0.0027284282202107626	0.00037881186685595323	0.0010302683990663234	0.6880876388067216	False
DRB1:HLA-DRB1_nov_2d67868f	6.670703309822058e-06	0.0001833852924995391	0.0008375153177188942	0.0003245062328965991	0.004608284903830163	0.6880876388067214	False
DRB1:HLA-DRB1_nov_2e183c3b	1.333998034140799e-05	0.00018338529249955593	0.008756679402197787	0.0010331317048661109	0.013543416834551923	2.797174534846549	False
DRB1:HLA-DRB1_nov_2e430d0b	6.670703309822085e-06	0.00018338529249953793	0.00653041294886915	0.0009694342257149967	0.007794146564355954	1.3973898468176043	False
DRB1:HLA-DRB1_nov_2eef8e9c	6.670703309822252e-06	0.00018338529249953105	0.0032681703253026597	0.0005102117154064568	0.004910138282393718	1.3973898468176043	False
DRB1:HLA-DRB1_nov_2f36fe0e	6.670703309821915e-06	0.00018338529249954503	0.005777444500947534	0.0006658687435206066	0.006369998550633438	0.5909730946714781	False
DRB1:HLA-DRB1_nov_2f730af2	6.67070330982195e-06	0.0001833852924995436	0.0021118660396469446	0.00028623816884746684	0.0007390393833063869	0.599443999048805	False
DRB1:HLA-DRB1_nov_2fb45dcc	6.670703309822258e-06	0.00018338529249953075	0.0016948003780006178	0.00012367441829785598	0.0010815443539774455	0.5909730946714781	False
DRB1:HLA-DRB1_nov_2fe63731	6.670703309822105e-06	0.00018338529249953712	0.004488414300945008	0.000168045137676978	0.0009605443026184841	1.6941397457220144	False
DRB1:HLA-DRB1_nov_30d88e0f	6.670703309822077e-06	0.00018338529249953826	0.008689640956739474	0.0013313886543791366	0.010766075012451222	1.3973898468176043	False
DRB1:HLA-DRB1_nov_3112aa05	6.670703309822451e-06	0.00018338529249952278	0.005912299074267724	0.0006660017829663303	0.004927833582424971	0.5909730946714781	False
DRB1:HLA-DRB1_nov_3189ac02	6.670703309822207e-06	0.00018338529249953294	0.000472392133746988	0.0001072972858263057	0.0029672653066777715	0.6880876388067214	False
DRB1:HLA-DRB1_nov_31eac933	6.670703309822259e-06	0.0001833852924995307	0.003175403386848898	0.00010263026359920573	0.002210587288048738	0.6880876388067214	False
DRB1:HLA-DRB1_nov_32d15219	6.670703309821925e-06	0.00018338529249954468	0.0007912790545512334	3.742646307745222e-05	0.0019580812139725927	0.6880876388067217	False
DRB1:HLA-DRB1_nov_34404b79	0.00036492469690927115	0.00018338529249951833	0.03417934266361882	0.0027776305959825304	0.030786046309899284	28.819007855552403	False
DRB1:HLA-DRB1_nov_3475d7c4	6.670703309822297e-06	0.00018338529249952923	0.0010240803401484974	6.105628410253744e-05	0.003909072658763107	0.6880876388067214	False
DRB1:HLA-DRB1_nov_34abb6c1	6.670703309822253e-06	0.00018338529249953102	0.003834286680749788	0.0005974996898246263	0.0023085168931526183	1.3973898468176043	False
DRB1:HLA-DRB1_nov_36a8e269	6.670703309821809e-06	0.00018338529249954945	0.00032218124666814397	9.814672214514083e-06	0.0028840802788057257	0.6880876388067216	False
DRB1:HLA-DRB1_nov_36dfc30b	0.0011140131578531967	0.0001833852924995797	0.055420017031226294	0.006501638764496048	0.03105695280821238	28.040243308702852	False
DRB1:HLA-DRB1_nov_386ce939	3.3339253766747586e-05	0.00018338529249960846	0.012029332545857054	0.001668228074588162	0.013294098735349162	7.010959368913067	False
DRB1:HLA-DRB1_nov_38eee261	6.670703309822246e-06	0.00018338529249953126	0.006480569429677309	0.0009272888922972054	0.008711275107780499	1.3973898468176043	False
DRB1:HLA-DRB1_nov_392850e8	6.670703309822441e-06	0.0001833852924995232	0.0014801900223804236	0.00020889749534436992	0.0013427581676676323	0.599443999048805	False
DRB1:HLA-DRB1_nov_3aa9f0fe	6.670703309821912e-06	0.00018338529249954517	0.0009314654883934243	9.448237898438662e-06	0.0037906093813938765	4.683899434417869	False
DRB1:HLA-DRB1_nov_3b0406dc	6.670703309822055e-06	0.00018338529249953915	0.007530299223337547	0.0008985069581137311	0.006395396807643699	0.5909730946714782	False
DRB1:HLA-DRB1_nov_3b46a80e	6.670703309822298e-06	0.00018338529249952912	0.004111433067895888	0.0005942960671635083	0.0004260370253125507	1.694139745722015	False
DRB1:HLA-DRB1_nov_3c135226	6.670703309822165e-06	0.0001833852924995346	0.003418031300161301	0.0051610444577638755	0.0014121905615951346	1.3973898468176043	False
DRB1:HLA-DRB1_nov_3cd552b6	6.670703309822216e-06	0.00018338529249953248	0.004668479715391499	0.0004932567655292185	0.0031638378588548276	0.5909730946714781	False
DRB1:HLA-DRB1_nov_3d78bf0a	0.0005752608009300688	0.00018338529249959054	0.03539960893632097	0.003905352705614866	0.020865867079158405	17.36428017297764	False
DRB1:HLA-DRB1_nov_3e1b3be8	6.670703309822423e-06	0.00018338529249952392	0.004720151355167857	0.0005007647565861712	0.002594841413864278	0.6880876388067216	False
DRB1:HLA-DRB1_nov_3fdc12d4	6.6707033098225355e-06	0.0001833852924995193	0.00787555580605925	0.0009225220243633677	0.005135470080918577	0.5909730946714781	False
DRB1:HLA-DRB1_nov_3ff7a811	2.6682813239289888e-05	0.0001833852924995219	0.0024218342656538118	0.0002127208981811271	0.002122390760993889	0.5909730946714781	False
DRB1:HLA-DRB1_nov_40f4615c	6.670703309822202e-06	0.00018338529249953313	0.0003972211308626262	0.00012242454929071756	0.001847931563090009	0.5909730946714782	False
DRB1:HLA-DRB1_nov_41410cd0	0.00013319727190454512	0.00018338529249958035	0.008447321891863174	0.001624370589068722	0.01249071029084736	11.228252225502604	False
DRB1:HLA-DRB1_nov_41f74291	0.002123233374871627	0.00018338529249955308	0.017533581950526515	0.0032657158182318943	0.002931540114503752	2.44452141855875	False
DRB1:HLA-DRB1_nov_422e318a	6.6707033098218875e-06	0.00018338529249954614	0.002810244419084079	0.0002746993774439131	0.0003029551260619317	0.6880876388067215	False
DRB1:HLA-DRB1_nov_426924de	0.0033294511418482304	0.00018338529249958024	0.03839383618867832	0.002213043138853809	0.023453759062756537	26.471195462335515	False
DRB1:HLA-DRB1_nov_436ab9ca	6.67070330982196e-06	0.00018338529249954313	0.0007075945418722389	0.00015393770493509794	0.003278396796800595	0.6880876388067217	False
DRB1:HLA-DRB1_nov_446d6450	6.6707033098222636e-06	0.00018338529249953056	0.00113369848120601	0.00012542150885628422	0.0038707090341242806	0.599443999048805	False
DRB1:HLA-DRB1_nov_44ef1230	6.670703309821834e-06	0.00018338529249954834	0.0039086487621469886	0.0005640983688658416	7.66196537093333e-05	1.694139745722015	False
DRB1:HLA-DRB1_nov_458c0286	1.3339980341410226e-05	0.00018338529249950004	0.0011155517512419564	3.757028671648172e-05	0.0005595401561435783	1.1824474387871216	False
DRB1:HLA-DRB1_nov_462b392a	0.00023281424902044359	0.00018338529249959054	0.004798660984419601	0.0009815756017127677	0.005468645436994959	6.599998616780797	False
DRB1:HLA-DRB1_nov_465f1844	2.0007831094757183e-05	0.00018338529249956387	0.005052835116134314	0.00040360296058911555	0.0009179779653122822	1.097560614933711	False
DRB1:HLA-DRB1_nov_47598b55	6.670703309822202e-06	0.00018338529249953313	0.0011471056168791698	2.273639565178824e-05	0.002068766109089482	0.5909730946714781	False
DRB1:HLA-DRB1_nov_479589e3	0.001075855936205253	0.0001833852924995269	0.023971105466352432	0.0024150707750646115	0.006990653515717492	5.353586900408248	False
DRB1:HLA-DRB1_nov_482b0193	6.6707033098225016e-06	0.00018338529249952072	0.003913496386523217	0.0004673415236501056	0.0008895718365967037	1.6941397457220146	False
DRB1:HLA-DRB1_nov_4839b6cb	3.333925376674773e-05	0.00018338529249959575	0.008763958881066373	0.000871139228610534	0.0026365074564231694	2.9598843531422867	False
DRB1:HLA-DRB1_nov_48ff5e6f	6.670703309822484e-06	0.00018338529249952142	0.004378716322982871	0.0004937812673232976	0.00225595069818934	0.599443999048805	False
DRB1:HLA-DRB1_nov_49e46354	6.670703309821871e-06	0.00018338529249954687	0.0004446243314766273	6.6964507106511095e-06	0.004091005115406189	4.683899434417873	False
DRB1:HLA-DRB1_nov_4a0a13e0	6.6707033098220586e-06	0.0001833852924995391	0.008898836354728126	0.0012754554920342282	0.014742812555033836	1.3973898468176043	False
DRB1:HLA-DRB1_nov_4a26be3d	6.670703309822068e-06	0.0001833852924995387	0.001302637886070735	0.0004162725745901885	0.0010564959467525405	0.5994439990488051	False
DRB1:HLA-DRB1_nov_4a5c7ad4	6.670703309821783e-06	0.00018338529249955053	0.0007583662980327044	0.00026313192950350205	0.004277245673377764	0.5994439990488053	False
DRB1:HLA-DRB1_nov_4c2a80da	6.6707033098218815e-06	0.00018338529249954641	0.0033044750913239756	0.00016978651035702018	0.0012729046194282488	1.6941397457220144	False
DRB1:HLA-DRB1_nov_4d6c9f38	6.6707033098220425e-06	0.00018338529249953977	0.006214571156261605	0.0007205289134024016	0.004609964799525451	0.5909730946714781	False
DRB1:HLA-DRB1_nov_4dd19f3e	6.670703309822121e-06	0.00018338529249953644	0.0023988528283113673	0.0004858589714719618	0.003250584553066716	0.6880876388067214	False
DRB1:HLA-DRB1_nov_4e3fed30	6.670703309822064e-06	0.00018338529249953882	0.0010012545369171687	0.0002598597457093987	0.004252250043174374	0.6880876388067216	False
DRB1:HLA-DRB1_nov_4eeea47e	6.67070330982255e-06	0.00018338529249951874	0.00432165324596821	0.0007235212292622684	0.004995710096846439	1.3973898468176043	False
DRB1:HLA-DRB1_nov_4f71159a	6.670703309822058e-06	0.0001833852924995391	0.0008375153177188942	0.0003245062328965991	0.004608284903830163	0.6880876388067214	False
DRB1:HLA-DRB1_nov_516c9508	6.670703309821997e-06	0.00018338529249954167	0.0012465198406167038	3.173713825927454e-05	0.0002595870663003522	0.6880876388067214	False
DRB1:HLA-DRB1_nov_52617dbf	0.0015867488003446044	0.00018338529249948917	0.008350269982425055	0.0003290601659914337	0.004293918368303989	3.5919244803802592	False
DRB1:HLA-DRB1_nov_53f5efad	6.6707033098224575e-06	0.0001833852924995226	0.0033049066944072915	0.0003224156371607588	0.0006940046140297486	0.5909730946714782	False
DRB1:HLA-DRB1_nov_54baf319	6.670703309821855e-06	0.00018338529249954753	0.0078016972952282895	0.0008219352239215328	0.010320492115219565	1.3973898468176043	False
DRB1:HLA-DRB1_nov_55177cb0	0.00021284350115984436	0.00018338529249957653	0.014830883885586166	0.0018810127892949452	0.0005797260881618595	38.611306081489815	False
DRB1:HLA-DRB1_nov_55564b14	6.670703309822486e-06	0.00018338529249952131	0.005732399203309289	0.000652229349587641	0.0037732979809439776	0.6880876388067214	False
DRB1:HLA-DRB1_nov_562ba757	0.0022706777400757928	0.0001833852924995319	0.022414734830992766	0.005267346431782828	0.04782190339391213	26.01159974731581	False
DRB1:HLA-DRB1_nov_57526f81	0.0009024818326704954	0.000183385292499543	0.024140769757656586	0.002048545286222393	0.01424008205965572	9.562715213853727	False
DRB1:HLA-DRB1_nov_57f27c1d	0.0024940215016098534	0.0001833852924995197	0.10168944006834572	0.011464888917332333	0.07317304317896313	125.29266067376449	False
DRB1:HLA-DRB1_nov_57f87663	6.670703309822513e-06	0.0001833852924995202	0.004165461622790717	0.00041868482136249105	0.0015899614941802312	0.5909730946714781	False
DRB1:HLA-DRB1_nov_5970a221	6.6707033098222e-06	0.00018338529249953321	0.00483351220023725	0.0002607261955793237	0.0012101301928843721	1.6941397457220149	False
DRB1:HLA-DRB1_nov_59e3a3a9	6.670703309821866e-06	0.00018338529249954706	0.007562805543916072	0.00024750846783141143	0.00850271310870521	1.3973898468176043	False
DRB1:HLA-DRB1_nov_5ac65302	6.6707033098223135e-06	0.00018338529249952847	0.0016349238529022184	0.00015407226243792683	0.0007323051861572321	0.5909730946714782	False
DRB1:HLA-DRB1_nov_5b05999e	6.670703309821863e-06	0.00018338529249954712	0.0005046856646750205	8.354873846781487e-05	0.0032666821047877053	0.5994439990488052	False
DRB1:HLA-DRB1_nov_5b4c4655	6.670703309821982e-06	0.00018338529249954224	0.0028528940716363634	0.000447652464453156	0.0027889936724885362	1.6941397457220149	False
DRB1:HLA-DRB1_nov_5bbce201	6.670703309821833e-06	0.00018338529249954842	0.001528655953258476	0.00014033825630595316	0.0009845131056667876	0.599443999048805	False
DRB1:HLA-DRB1_nov_5beb5d26	6.670703309822256e-06	0.0001833852924995309	0.003353899680362899	0.0005034392082492652	0.0057337834066800335	1.3973898468176043	False
DRB1:HLA-DRB1_nov_5e57ef68	6.670703309822061e-06	0.00018338529249953896	0.0026790416947430388	0.0002805950741647374	2.5469573015369488e-05	0.5909730946714782	False
DRB1:HLA-DRB1_nov_5e8bc88a	6.670703309822192e-06	0.00018338529249953354	0.005772017242833839	0.0006635138918350849	0.004331144756106534	0.5909730946714781	False
DRB1:HLA-DRB1_nov_5f371dd3	2.6682813239289258e-05	0.00018338529249952847	0.006827943292613156	0.0009227823503897132	0.009471536918815983	1.6941397457220149	False
DRB1:HLA-DRB1_nov_5f5ff2f9	6.670703309822388e-06	0.00018338529249952543	0.0030103560377495045	0.00030518865671156747	0.002177703502177731	1.6941397457220144	False
DRB1:HLA-DRB1_nov_60170aa2	0.0002061285832246956	0.00018338529249957412	0.040194247728354074	0.005950414297009575	0.047487498975204684	35.49678206731576	False
DRB1:HLA-DRB1_nov_6024b28b	6.67070330982239e-06	0.00018338529249952533	0.005490457451659363	0.0006251866320666532	0.004145538683909603	0.5909730946714781	False
DRB1:HLA-DRB1_nov_608c0fd7	1.3339980341409387e-05	0.00018338529249958545	0.00043495744290265447	5.965927673086385e-05	0.005134793995685994	1.1994018806514453	False
DRB1:HLA-DRB1_nov_61135186	6.670703309822059e-06	0.00018338529249953901	0.0033887011273175858	0.00037504925613658717	0.0012909523620673034	0.6880876388067217	False
DRB1:HLA-DRB1_nov_615dc57c	6.6707033098221865e-06	0.00018338529249953378	0.0056803114897556245	0.0006542211955425505	0.0039517264716240185	0.5909730946714782	False
DRB1:HLA-DRB1_nov_6320e3f3	6.670703309821898e-06	0.0001833852924995457	0.008757347365289478	0.0013363427455387283	0.014693431779665147	1.3973898468176043	False
DRB1:HLA-DRB1_nov_64753e24	6.670703309822002e-06	0.00018338529249954143	0.0006959530955400882	0.00027005668795192206	0.0011112897522786828	0.6880876388067214	False
DRB1:HLA-DRB1_nov_64b87fec	6.670703309822436e-06	0.0001833852924995234	0.0068778969061534445	0.0008077644612599081	0.004426655045721685	0.5909730946714782	False
DRB1:HLA-DRB1_nov_64bdcf98	6.670703309822063e-06	0.0001833852924995389	0.0010374384044014389	0.0002100891600309162	0.005597636723442631	0.599443999048805	False
DRB1:HLA-DRB1_nov_659302f3	6.670703309821774e-06	0.00018338529249955089	0.00434138249916696	0.0004441927499760307	0.004077755995976332	0.5909730946714781	False
DRB1:HLA-DRB1_nov_66b26cfa	6.670703309822526e-06	0.00018338529249951963	0.0038675714472686247	0.000418335417818715	0.0027446172536434612	0.6880876388067214	False
DRB1:HLA-DRB1_nov_66c73697	6.6707033098223745e-06	0.00018338529249952595	0.0016036005647390703	9.826281221413467e-05	0.00025524446610064784	0.5909730946714782	False
DRB1:HLA-DRB1_nov_66ed314d	6.6707033098222085e-06	0.0001833852924995329	0.0036016054815408358	0.000314933994948184	0.0026963887934644483	1.3973898468176043	False
DRB1:HLA-DRB1_nov_6745452c	2.6682813239289796e-05	0.0001833852924995229	0.0009281014796435792	7.243221533793368e-05	0.001102424820604504	0.5909730946714781	False
DRB1:HLA-DRB1_nov_67913fcb	6.670703309822347e-06	0.0001833852924995271	0.003558860098902103	0.0004119602159504861	0.0023876738976569447	0.5909730946714782	False
DRB1:HLA-DRB1_nov_67dd8386	6.670703309822077e-06	0.00018338529249953826	0.000647490767778124	0.00013410727927325554	0.00298205381270017	0.5909730946714782	False
DRB1:HLA-DRB1_nov_684fe7a0	6.670703309822417e-06	0.00018338529249952422	0.0054615378320790565	0.0006125666069385846	0.0027481083610957167	0.5909730946714782	False
DRB1:HLA-DRB1_nov_6898c343	1.3339980341409351e-05	0.0001833852924995955	0.0011233023519982193	0.0002595972538613266	0.0027734656459233336	1.1994018806514455	False
DRB1:HLA-DRB1_nov_693e6425	5.998498377189227e-05	0.00018338529249959244	0.007402027278484336	0.0006496877110872512	0.003516060492956769	15.372107314048785	False
DRB1:HLA-DRB1_nov_69c02fbb	6.6707033098222085e-06	0.0001833852924995329	0.002674057217213214	0.0002688044284118362	0.0013581583311069714	4.683899434417871	False
DRB1:HLA-DRB1_nov_6a6c9112	6.670703309822387e-06	0.00018338529249952543	0.0008182151635668626	0.00012147890441372489	0.0012462724873634858	0.6880876388067214	False
DRB1:HLA-DRB1_nov_6b765bda	6.6707033098221695e-06	0.00018338529249953443	0.0006672616681058734	0.0004999578599965966	0.0023305828759851736	0.5909730946714781	False
DRB1:HLA-DRB1_nov_6c9df38f	6.670703309821847e-06	0.00018338529249954788	0.000259173859614978	6.000961199900776e-05	0.004209148612523177	0.6880876388067214	False
DRB1:HLA-DRB1_nov_6d15ac2e	6.670703309822304e-06	0.00018338529249952885	0.0008446974504541285	5.2956023697509354e-05	0.002017937133278168	0.6880876388067217	False
DRB1:HLA-DRB1_nov_6da3869c	6.670703309822041e-06	0.0001833852924995398	0.005367749633038332	0.0005250726706918007	0.0022504681077760336	1.3973898468176043	False
DRB1:HLA-DRB1_nov_6f20c703	6.67070330982217e-06	0.0001833852924995344	0.0018404356305344828	0.0004314209831193326	0.0037973698726993673	0.6880876388067214	False
DRB1:HLA-DRB1_nov_6f5c9904	6.6707033098224965e-06	0.00018338529249952085	0.0020144936514470764	0.0003885288624599259	0.0034607921257997477	0.6880876388067213	False
DRB1:HLA-DRB1_nov_6fa9a031	6.6707033098221585e-06	0.00018338529249953492	0.006834525012663425	0.0007968107211284567	0.0054916738976845385	0.5909730946714781	False
DRB1:HLA-DRB1_nov_701d87e7	6.6707033098221196e-06	0.00018338529249953655	0.003118142273685098	0.00029622610689314887	0.0014596676861048305	4.68389943441787	False
DRB1:HLA-DRB1_nov_7036fb75	6.6707033098222085e-06	0.0001833852924995329	0.005806023968241742	0.0006486395632973538	0.00472409623748842	0.5909730946714782	False
DRB1:HLA-DRB1_nov_71a09a40	6.670703309822425e-06	0.00018338529249952386	0.005578468015713809	0.0006236182097792231	0.00393610497812319	0.5909730946714781	False
DRB1:HLA-DRB1_nov_7238ba7f	6.670703309822101e-06	0.00018338529249953725	0.006213423622616256	0.0009192581912304644	0.005921824390061235	1.3973898468176043	False
DRB1:HLA-DRB1_nov_730d0275	6.670703309822263e-06	0.00018338529249953058	0.005852640273703407	0.00061748283546338	0.0029560270936142335	0.5909730946714781	False
DRB1:HLA-DRB1_nov_735b88b5	2.66828132392888e-05	0.00018338529249953321	0.0014219254032980314	2.508346410053352e-05	0.0012391818315637914	0.5909730946714781	False
DRB1:HLA-DRB1_nov_739dfc00	6.670703309821898e-06	0.0001833852924995457	0.0020741142801265575	0.0003622568147739345	0.00040423529060275797	1.3973898468176043	False
DRB1:HLA-DRB1_nov_74b190c2	2.668281323928903e-05	0.00018338529249953075	0.0006647672996846621	1.7634792938729472e-05	0.0031596250956530056	0.5909730946714781	False
DRB1:HLA-DRB1_nov_74bf7d78	6.670703309822495e-06	0.00018338529249952096	0.0027525755336362213	0.00048736230747199136	0.0033452230618810884	0.5994439990488051	False
DRB1:HLA-DRB1_nov_74d2850d	1.3339980341410407e-05	0.00018338529249947724	0.00821487228769461	0.0009055969912330262	0.010757815903764819	2.797174534846549	False
DRB1:HLA-DRB1_nov_751721ba	3.333925376674758e-05	0.00018338529249960987	0.007521124351220446	0.0010767050632650205	0.004210166834640442	2.8918192638883204	False
DRB1:HLA-DRB1_nov_754f2f28	1.3339980341409014e-05	0.00018338529249950955	0.008620271544604754	0.0013655836924311617	0.005970031735375134	2.7971745348465493	False
DRB1:HLA-DRB1_nov_75503631	6.670703309822042e-06	0.0001833852924995398	0.0013950265088689337	0.0002511050025887447	0.00602316595806283	0.6880876388067217	False
DRB1:HLA-DRB1_nov_75ae4df5	6.664285057759286e-05	0.00018338529249954037	0.019411568980919364	0.0022265515834951873	0.01430018477957021	5.932363958851135	False
DRB1:HLA-DRB1_nov_75d765d8	6.670703309822299e-06	0.0001833852924995291	0.0006435225728028385	0.00020535444005798694	0.0012424914421348516	0.5909730946714781	False
DRB1:HLA-DRB1_nov_75fa0ecf	6.670703309822512e-06	0.00018338529249952026	0.003660832593030192	0.0008587418431861482	0.005792264650481803	0.6880876388067216	False
DRB1:HLA-DRB1_nov_7636c21f	6.67070330982203e-06	0.0001833852924995403	0.008507498065129238	0.0011562582315478985	0.01091828100383551	1.3973898468176043	False
DRB1:HLA-DRB1_nov_76528cd6	6.670703309822138e-06	0.00018338529249953576	0.0029018389061893973	0.0008933144337731174	0.0037103111903043903	0.5909730946714782	False
DRB1:HLA-DRB1_nov_770b76b5	6.670703309822449e-06	0.0001833852924995229	0.00047490124879441846	0.00024422224685279086	0.00447223070819985	0.5994439990488051	False
DRB1:HLA-DRB1_nov_7713b6db	6.670703309822389e-06	0.00018338529249952535	0.0018015482241127178	5.135894161780498e-05	0.0013163357261949727	0.6880876388067214	False
DRB1:HLA-DRB1_nov_77342eb5	6.670703309822303e-06	0.00018338529249952896	0.0010780206087686655	0.0001003778699841811	0.0008408431945954318	0.6880876388067217	False
DRB1:HLA-DRB1_nov_77b3a214	6.6707033098219154e-06	0.00018338529249954503	0.0028859988716089828	0.00029941194225022264	0.0013226923562346536	1.6941397457220149	False
DRB1:HLA-DRB1_nov_79876065	6.670703309822033e-06	0.0001833852924995401	0.0031486932607115	0.0006792146123952088	0.004305040131685154	0.6880876388067214	False
DRB1:HLA-DRB1_nov_7a248521	2.6682813239288726e-05	0.00018338529249953395	0.00732278939126456	0.0008561014149174876	0.006356154770186843	0.5909730946714782	False
DRB1:HLA-DRB1_nov_7b04d30e	2.6682813239289766e-05	0.0001833852924995232	0.0007585782882365683	3.540165653668969e-05	0.0022518827736951732	0.599443999048805	False
DRB1:HLA-DRB1_nov_7bba7bf8	6.670703309822436e-06	0.0001833852924995234	0.001335470301657852	0.0002746164924139653	0.0018907217718482714	0.5994439990488052	False
DRB1:HLA-DRB1_nov_7c53663b	6.670703309822114e-06	0.0001833852924995368	0.004522623842033666	0.00048124004869985797	0.002266468259728425	0.5909730946714781	False
DRB1:HLA-DRB1_nov_7cd3b331	0.00017996778781981522	0.0001833852924995716	0.00364317406942086	0.00040671312852225757	0.010456758596728163	5.0499939002353145	False
DRB1:HLA-DRB1_nov_7d459522	6.670703309822232e-06	0.00018338529249953183	0.002140353193973058	0.0004624049154828185	0.0026327198410093246	0.6880876388067215	False
DRB1:HLA-DRB1_nov_7d628497	1.3339980341410403e-05	0.0001833852924995778	0.0015903128166468885	7.99533452119602e-05	7.107041817028355e-05	1.1824474387871216	False
DRB1:HLA-DRB1_nov_7f105eb8	6.6707033098224745e-06	0.00018338529249952183	0.007103797312665922	0.0008423241643813437	0.005108351690340547	0.5909730946714781	False
DRB1:HLA-DRB1_nov_7fe2ced5	6.670703309821875e-06	0.0001833852924995467	5.8396801860391706e-05	8.12333867368004e-05	0.0013322908123324809	1.6941397457220144	False
DRB1:HLA-DRB1_nov_801b260c	6.6707033098219984e-06	0.00018338529249954156	0.007386779297123287	0.0008835674254509396	0.010905073521348407	1.3973898468176043	False
DRB1:HLA-DRB1_nov_805b456f	6.670703309822072e-06	0.00018338529249953853	0.0011633166418925233	1.0373426822402873e-05	0.0004030601999497022	0.6880876388067215	False
DRB1:HLA-DRB1_nov_80a44926	0.0014966037369935567	0.00018338529249954942	0.055186521796732786	0.0059427924133611	0.033982998206211555	63.47855379718609	False
DRB1:HLA-DRB1_nov_81d463d3	0.0003583281600676757	0.0001833852924995813	0.005699171647514879	0.0012793292717544944	0.019027566812179278	6.384552064481628	False
DRB1:HLA-DRB1_nov_825ab81f	6.6707033098222636e-06	0.00018338529249953056	0.001864690434610455	0.00015915278010409503	0.005155530754412712	0.599443999048805	False
DRB1:HLA-DRB1_nov_829b23a8	1.333998034140899e-05	0.0001833852924995211	0.008437402445155666	0.0010569265247947002	0.007377118946772309	1.3456954518650193	False
DRB1:HLA-DRB1_nov_83b27ef8	0.0035298175610004854	0.0001833852924995071	0.035243099642741145	0.003240405357665598	0.0037639005388101494	22.18316952441353	False
DRB1:HLA-DRB1_nov_83e6b791	6.670703309822063e-06	0.0001833852924995389	0.0015439361418706045	0.00016704324023320062	0.0010616562346927386	0.5909730946714781	False
DRB1:HLA-DRB1_nov_84fec70d	6.67070330982248e-06	0.00018338529249952159	0.0009196265326330538	1.886851984167926e-06	0.0031046691775823724	0.5994439990488052	False
DRB1:HLA-DRB1_nov_8515cb42	6.67070330982249e-06	0.00018338529249952118	0.0012287710507768099	0.00010768726784690746	0.001075272187420936	0.5909730946714781	False
DRB1:HLA-DRB1_nov_8552d404	4.0002825685390774e-05	0.00018338529249955045	0.01291924899624962	0.0012335476789194133	0.007700041875839284	5.788038348861545	False
DRB1:HLA-DRB1_nov_8733df18	6.670703309822159e-06	0.00018338529249953492	0.003352782205457452	0.000292453689188797	0.00011560400481595514	0.6880876388067215	False
DRB1:HLA-DRB1_nov_87cfad23	6.6707033098222475e-06	0.00018338529249953124	0.00854150850660285	0.0012452467111368174	0.012008318741943181	1.3973898468176043	False
DRB1:HLA-DRB1_nov_8838d7cb	3.33506639926317e-05	0.00018338529249958352	0.0041865141785023706	0.00043109188067524295	0.0013936768508435982	0.651519033600611	False
DRB1:HLA-DRB1_nov_888f0a91	1.3339980341408328e-05	0.00018338529249956382	0.008193830583284786	0.0009987673377086404	0.0055323095209206825	1.182447438787122	False
DRB1:HLA-DRB1_nov_891e9908	6.67070330982194e-06	0.00018338529249954403	0.0005804020467231643	0.00023424213936186814	0.0041648387937527455	0.5994439990488049	False
DRB1:HLA-DRB1_nov_89403121	6.670703309822295e-06	0.00018338529249952923	0.004259364972488362	0.00048615846072866387	0.0028849657353510875	0.5909730946714781	False
DRB1:HLA-DRB1_nov_8a07ddc8	6.6707033098224245e-06	0.0001833852924995239	0.005288613798559142	0.0005662769545847874	0.003038963391662244	0.5909730946714781	False
DRB1:HLA-DRB1_nov_8a38782d	6.670703309822371e-06	0.00018338529249952606	0.0016578468775264787	0.0001517523621699711	0.002003482498148039	0.599443999048805	False
DRB1:HLA-DRB1_nov_8c3653cc	6.670703309822481e-06	0.0001833852924995215	0.008937016990985171	0.0010763520833760806	0.007645986619594641	0.5909730946714782	False
DRB1:HLA-DRB1_nov_8c7da10d	6.670703309822068e-06	0.0001833852924995387	0.00029639790001044134	0.00012990127569423546	0.0031265683847707237	0.6880876388067215	False
DRB1:HLA-DRB1_nov_8cabd1df	6.670703309822451e-06	0.00018338529249952278	0.002012551491379984	0.0004311386295807893	0.0022927895181795535	0.6880876388067213	False
DRB1:HLA-DRB1_nov_8d3f1f4e	6.670703309822451e-06	0.00018338529249952278	0.00010758721112499955	0.00017206805578676062	0.00406262955371377	0.6880876388067213	False
DRB1:HLA-DRB1_nov_8dc85b80	6.6707033098224135e-06	0.00018338529249952435	0.005599739042922642	0.0009322569818069259	0.0036911440887585625	1.3973898468176043	False
DRB1:HLA-DRB1_nov_8dfd2e48	0.0005822895000771675	0.00018338529249956536	0.01032419135006418	0.002699344032449268	0.0151435353326785	47.75869960652381	False
DRB1:HLA-DRB1_nov_8ecb0ab6	6.67070330982242e-06	0.00018338529249952403	0.0011466680992383775	3.0099974568139433e-05	0.0007618997306502168	0.599443999048805	False
DRB1:HLA-DRB1_nov_8eee5aab	6.6707033098223356e-06	0.00018338529249952752	0.0036298863302094823	0.0001221277790080633	0.0014457434114920576	1.6941397457220146	False
DRB1:HLA-DRB1_nov_8f275195	6.670703309822181e-06	0.00018338529249953395	0.0016405825308163772	0.00021641081572300818	0.0020409971385151175	4.683899434417871	False
DRB1:HLA-DRB1_nov_8fddd7e4	6.670703309821956e-06	0.00018338529249954335	0.00013041621837679238	2.646340075537433e-05	0.0030554265759219577	0.599443999048805	False
DRB1:HLA-DRB1_nov_8ff8ce12	6.670703309821987e-06	0.00018338529249954205	0.0025723655483468	0.0003092822601028821	0.00594137181537623	0.5994439990488049	False
DRB1:HLA-DRB1_nov_90c4cb48	6.670703309821987e-06	0.00018338529249954205	0.0025723655483468	0.0003092822601028821	0.00594137181537623	0.5994439990488049	False
DRB1:HLA-DRB1_nov_90c8e1ff	6.67070330982252e-06	0.00018338529249951993	0.0030605040376154697	0.0003340919275480177	0.0028404980766603815	0.5909730946714782	False
DRB1:HLA-DRB1_nov_915d38e8	2.6682813239287292e-05	0.00018338529249954883	0.0005768065876767476	1.3003533262843448e-05	0.0019440101892628924	0.5994439990488051	False
DRB1:HLA-DRB1_nov_9215c169	2.6682813239288597e-05	0.0001833852924995353	0.005851816533363726	0.0007040772024229551	0.004381571813016605	0.5909730946714781	False
DRB1:HLA-DRB1_nov_928a231e	6.670703309822536e-06	0.0001833852924995193	0.00013059682866070526	8.495220094237333e-06	0.0016438916123169137	0.599443999048805	False
DRB1:HLA-DRB1_nov_930caf08	6.6707033098222585e-06	0.00018338529249953075	0.0005994408653073985	3.992263271681871e-05	0.0026154564289214035	0.5994439990488051	False
DRB1:HLA-DRB1_nov_9385f829	6.6707033098220315e-06	0.00018338529249954023	0.003012984516809421	0.00029658321554343494	0.0004919624534439213	0.5909730946714782	False
DRB1:HLA-DRB1_nov_94e34d1d	6.67070330982203e-06	0.0001833852924995403	0.004173204508767966	0.0006340356692739849	0.00742235255199271	1.3973898468176043	False
DRB1:HLA-DRB1_nov_952a5239	6.670703309821952e-06	0.00018338529249954351	0.00654178970351949	0.0010368490546648597	0.0054319168974296134	1.3973898468176043	False
DRB1:HLA-DRB1_nov_975f17f0	0.002467335835814031	0.00018338529249949725	0.04228016560709625	0.005853712581485211	0.024366528431467138	60.17656592776707	False
DRB1:HLA-DRB1_nov_979d103f	6.670703309822521e-06	0.00018338529249951988	0.00021044119475132999	1.6491502631844324e-05	0.0023935320065781923	0.5994439990488051	False
DRB1:HLA-DRB1_nov_98a6e4bc	0.0007068520835408732	0.0001833852924995843	0.018766503066195987	0.004394721297612199	0.026888740651458257	55.985716116267454	False
DRB1:HLA-DRB1_nov_99085e0f	6.670703309821792e-06	0.00018338529249955013	0.002341348593951405	0.000377174319399258	0.0026951502494872775	0.6880876388067213	False
DRB1:HLA-DRB1_nov_996f5cb3	6.670703309821981e-06	0.00018338529249954232	0.006126752071334464	0.0009231097919828329	0.005343697403888197	1.3973898468176043	False
DRB1:HLA-DRB1_nov_99997b26	6.670703309822544e-06	0.00018338529249951893	0.0017993723941957564	0.00022081071712475186	0.0085122041479449	0.5994439990488051	False
DRB1:HLA-DRB1_nov_99bf0717	6.6707033098220586e-06	0.0001833852924995391	0.000260096379872354	0.0002106454778228793	0.0009029939111641018	0.6880876388067217	False
DRB1:HLA-DRB1_nov_99e310d5	6.670703309822457e-06	0.0001833852924995226	0.0018032237601093948	0.00017786629835955895	0.0050862875379746155	0.5994439990488052	False
DRB1:HLA-DRB1_nov_9bc90a77	6.670703309822334e-06	0.00018338529249952766	0.0006390337234179509	1.2733678169868684e-05	0.003652229606938697	0.599443999048805	False
DRB1:HLA-DRB1_nov_9c9ce750	6.670703309822148e-06	0.00018338529249953536	0.004987859784951184	0.0005407536016049694	0.0027608868049022635	0.5909730946714781	False
DRB1:HLA-DRB1_nov_9ecef916	6.670703309822527e-06	0.0001833852924995196	0.007695203662575942	0.0008914337116193263	0.005428740225607885	0.5909730946714781	False
DRB1:HLA-DRB1_nov_9fa4bf6f	6.670703309822222e-06	0.00018338529249953232	0.0007095343272118612	5.291586240115955e-05	0.00132120100023647	0.599443999048805	False
DRB1:HLA-DRB1_nov_9fad43dc	6.670703309822366e-06	0.00018338529249952633	0.0005023383699060129	1.1652469055511324e-06	0.0017991175839144296	4.68389943441787	False
DRB1:HLA-DRB1_nov_a07b6546	6.670703309821984e-06	0.00018338529249954219	0.00638270290996116	0.000991766371954743	0.010331249653326505	1.3973898468176043	False
DRB1:HLA-DRB1_nov_a081e8b9	6.670703309822259e-06	0.0001833852924995307	0.002315115181701383	0.00023992439295489597	0.0008321036541988397	1.6941397457220144	False
DRB1:HLA-DRB1_nov_a325bf92	2.000783109475548e-05	0.00018338529249955967	0.002809433728872829	0.0002581406184523031	0.004843256492284701	2.1930758029608373	False
DRB1:HLA-DRB1_nov_a41679f4	6.670703309821767e-06	0.00018338529249955116	0.00035249675651601633	2.0722728080779205e-05	0.001846728898478016	0.6880876388067215	False
DRB1:HLA-DRB1_nov_a518c54f	6.670703309821972e-06	0.0001833852924995427	0.009640212950128145	0.0013914295532713714	0.01208001621392023	1.3973898468176043	False
DRB1:HLA-DRB1_nov_a5526eff	6.670703309822354e-06	0.00018338529249952676	0.0019492081051297276	0.00013870901089400888	0.0009719990901847028	0.5909730946714782	False
DRB1:HLA-DRB1_nov_a5afae34	6.670703309822258e-06	0.00018338529249953075	0.002705207188588063	4.795868673229415e-05	0.00017822387631845165	1.6941397457220146	False
DRB1:HLA-DRB1_nov_a605ff6b	1.333998034141043e-05	0.0001833852924996202	0.001333877767774639	0.00028248886437988555	0.004605443112552175	0.4438038458086558	False
DRB1:HLA-DRB1_nov_a6c7de4e	6.67070330982186e-06	0.00018338529249954736	0.0055162794767835525	0.0008911895016830483	0.007661272479636195	0.5994439990488051	False
DRB1:HLA-DRB1_nov_a6ce6f08	2.66828132392877e-05	0.00018338529249954468	0.0030951100192130538	0.00027554662762173024	0.0006722084508446905	0.6880876388067217	False
DRB1:HLA-DRB1_nov_a6f9ef86	6.670703309822515e-06	0.00018338529249952012	0.00011612335388956129	5.351667041954656e-05	0.00243696076275225	0.6880876388067215	False
DRB1:HLA-DRB1_nov_a7d8c5c7	6.670703309821936e-06	0.00018338529249954422	6.798334384628989e-05	0.00012069892076919005	0.003926884696776769	0.5994439990488052	False
DRB1:HLA-DRB1_nov_a861841c	6.670703309821836e-06	0.00018338529249954834	0.0011048605262216314	4.4420447490295075e-05	0.0018435308609144822	1.694139745722015	False
DRB1:HLA-DRB1_nov_a86d4385	6.670703309822148e-06	0.00018338529249953536	0.0020574276271792826	0.00032126973268247725	0.001549234667283892	1.3973898468176043	False
DRB1:HLA-DRB1_nov_a9274d9a	6.670703309822309e-06	0.00018338529249952866	0.005394550926741649	0.0007919554615809489	0.005617593614915614	1.3973898468176043	False
DRB1:HLA-DRB1_nov_a966fc82	6.670703309822068e-06	0.0001833852924995387	0.0068614610667841	0.000806311207634626	0.004744974295356719	0.5909730946714781	False
DRB1:HLA-DRB1_nov_a9a91c53	6.670703309822427e-06	0.00018338529249952378	0.001975991628093701	9.803828619531773e-05	0.0002919596687161682	0.5909730946714781	False
DRB1:HLA-DRB1_nov_aa3b524e	6.6707033098218316e-06	0.00018338529249954842	0.0035451508132926146	0.004341121677727787	0.0013258785623101333	4.683899434417872	False
DRB1:HLA-DRB1_nov_aa8a49d3	6.670703309822061e-06	0.00018338529249953896	0.00396102117394928	0.00045087781222601515	0.0026536408022063015	0.5909730946714782	False
DRB1:HLA-DRB1_nov_ab048a4a	6.6707033098219485e-06	0.00018338529249954365	0.002029868127503707	0.0001922309294033691	0.004415896734076681	1.6941397457220142	False
DRB1:HLA-DRB1_nov_ab43eeb9	0.0001729747456286659	0.00018338529249956913	0.022203997494166246	0.002417977195957926	0.014159445926578099	11.779001450265813	False
DRB1:HLA-DRB1_nov_ab751f58	6.670703309822305e-06	0.00018338529249952885	0.0015799735716386435	0.00021823971355539173	0.0028741895736490645	0.599443999048805	False
DRB1:HLA-DRB1_nov_aba57fcc	6.670703309822374e-06	0.00018338529249952595	0.0022864394125900796	0.00019964295247053876	0.002604578701110859	1.3973898468176043	False
DRB1:HLA-DRB1_nov_abf1e80c	6.6707033098217935e-06	0.00018338529249955007	0.0003696580748526068	6.519921058276604e-05	0.00045090486148855553	0.599443999048805	False
DRB1:HLA-DRB1_nov_ac06d257	6.670703309821871e-06	0.00018338529249954687	0.0017228069941175514	1.0282860809168211e-05	0.002027427760047671	1.6941397457220146	False
DRB1:HLA-DRB1_nov_aca5dcd5	6.670703309822096e-06	0.0001833852924995375	0.005183132503390289	0.0005686458543518062	0.003899171664355768	0.5909730946714782	False
DRB1:HLA-DRB1_nov_ace9f889	6.6707033098223804e-06	0.00018338529249952576	0.0003843917926004834	2.8350701160965004e-05	0.0032783445582689865	0.5994439990488051	False
DRB1:HLA-DRB1_nov_acfae410	6.6707033098221085e-06	0.00018338529249953693	0.0009991103077209166	0.00023534558311426494	0.001276210889082787	0.599443999048805	False
DRB1:HLA-DRB1_nov_ad295783	2.6682813239290172e-05	0.00018338529249951898	0.000986717626524785	3.6148974324214306e-05	0.00021489000403096114	0.6880876388067213	False
DRB1:HLA-DRB1_nov_ad7b3fd6	6.6707033098220645e-06	0.00018338529249953882	0.007374426167669465	0.0008599497768312021	0.005604319973185988	0.6880876388067216	False
DRB1:HLA-DRB1_nov_ae398404	6.670703309822373e-06	0.00018338529249952606	0.00067518025944292	0.00017728593884995837	0.004315356105793037	0.599443999048805	False
DRB1:HLA-DRB1_nov_ae4c8ba6	6.670703309821781e-06	0.0001833852924995506	0.0007320106734599194	2.9766374230694105e-06	0.0020084074172406737	0.5994439990488052	False
DRB1:HLA-DRB1_nov_aec9ae2c	6.670703309822487e-06	0.00018338529249952131	0.0014681117600295552	0.00013621962103455742	0.0012633708586124444	4.683899434417871	False
DRB1:HLA-DRB1_nov_af7a0974	6.6707033098221424e-06	0.0001833852924995356	0.0008587696808736022	9.54369955856302e-06	0.0022992757708783173	0.599443999048805	False
DRB1:HLA-DRB1_nov_af9777ea	6.6707033098221695e-06	0.0001833852924995344	0.003489466646761114	0.00048479005424450274	0.0005407354900294726	1.3973898468176043	False
DRB1:HLA-DRB1_nov_b1444a4b	6.670703309822418e-06	0.00018338529249952416	0.0005064742234697916	0.00031335829153012677	0.004628262125343644	0.6880876388067217	False
DRB1:HLA-DRB1_nov_b14d5519	6.67070330982245e-06	0.00018338529249952283	0.0012698737597583167	0.00024389659551152706	0.0046474171130049795	1.6941397457220149	False
DRB1:HLA-DRB1_nov_b1794270	0.0004110605190093761	0.00018338529249954647	0.004246445232004057	0.0012962502745384023	0.01957305925397963	3.8076063578863963	False
DRB1:HLA-DRB1_nov_b17cb388	0.003279510009414164	0.00018338529249956	0.053165299163019195	0.00992800044669241	0.10629288817542097	172.59933357453676	False
DRB1:HLA-DRB1_nov_b22262a8	6.6707033098221365e-06	0.00018338529249953584	0.004348014724879935	0.0004755835952170672	0.0035236423619974364	0.5909730946714782	False
DRB1:HLA-DRB1_nov_b276b8d2	6.6707033098220205e-06	0.00018338529249954061	0.001201113401461896	0.0002629273145699789	0.003164525084370077	0.599443999048805	False
DRB1:HLA-DRB1_nov_b3576344	6.67070330982196e-06	0.00018338529249954313	0.0017308559691961247	0.0003305470373048331	0.002159379914825596	1.6941397457220153	False
DRB1:HLA-DRB1_nov_b3ae4d8d	6.670703309822235e-06	0.00018338529249953178	0.0075005635798551145	0.0012411517116788456	0.008734583555311872	1.3973898468176043	False
DRB1:HLA-DRB1_nov_b442500b	6.670703309822286e-06	0.0001833852924995297	0.002480194148806533	0.00039581193612450504	0.0049716026376353285	0.6880876388067216	False
DRB1:HLA-DRB1_nov_b5770c99	6.670703309822355e-06	0.00018338529249952676	0.0004655471195156671	6.547398259027496e-05	0.004364600322424178	0.599443999048805	False
DRB1:HLA-DRB1_nov_b579cbe5	6.670703309822387e-06	0.00018338529249952543	0.0051740408366498635	0.0006124504733696592	0.00428757055352066	0.5909730946714781	False
DRB1:HLA-DRB1_nov_b5a6f8bb	6.670703309822411e-06	0.00018338529249952449	0.004359792439086611	0.00046140160024272196	0.0023297569540655936	0.0	False
DRB1:HLA-DRB1_nov_b60d8c91	6.670703309822381e-06	0.00018338529249952576	9.440524881445164e-05	0.00016202384503962832	0.00536581634328348	0.5994439990488051	False
DRB1:HLA-DRB1_nov_b6f1db88	6.67070330982207e-06	0.00018338529249953858	0.0036134945051593806	0.00036104991209427625	0.00107004586050299	0.6880876388067215	False
DRB1:HLA-DRB1_nov_b7384508	1.3339980341409768e-05	0.0001833852924995015	0.002199501756832528	0.00039470188147939226	0.004640885054810814	0.4438038458086559	False
DRB1:HLA-DRB1_nov_b7f2caa0	6.670703309822393e-06	0.00018338529249952525	0.002512933498078937	0.0004800295475922954	0.0004723878903579159	0.599443999048805	False
DRB1:HLA-DRB1_nov_b82c9d32	6.670703309822421e-06	0.00018338529249952403	0.006156624829952027	0.001009440850654006	0.005033432538636149	1.3973898468176043	False
DRB1:HLA-DRB1_nov_b882232d	6.670703309822475e-06	0.00018338529249952183	0.0019944775967203946	0.004285502693443997	0.0021500393316642987	4.683899434417871	False
DRB1:HLA-DRB1_nov_b8af7888	6.670703309821856e-06	0.00018338529249954744	0.009424023665340396	0.0015260025043010996	0.013051246194715383	1.3973898468176043	False
DRB1:HLA-DRB1_nov_b8fe250d	0.00256895816012932	0.0001833852924995905	0.013924546949113721	0.0021655373396087204	0.0627092293209452	61.52071786381446	False
DRB1:HLA-DRB1_nov_b9118a38	6.670703309822036e-06	0.00018338529249954004	3.0355293185336147e-05	0.00022488051253286568	0.004500994747863852	0.6880876388067214	False
DRB1:HLA-DRB1_nov_b94e3c68	6.670703309822513e-06	0.0001833852924995202	0.0036208459093124415	0.0003477192798858748	0.0016996827190872072	0.5909730946714781	False
DRB1:HLA-DRB1_nov_bb093ed0	6.670703309822122e-06	0.0001833852924995364	0.00763754962232431	0.000886192561068346	0.0064222178464825265	0.5909730946714782	False
DRB1:HLA-DRB1_nov_bb3e0e67	6.670703309821846e-06	0.00018338529249954793	0.0004984741991588724	6.157157681950832e-05	0.00047010276220595294	0.6880876388067214	False
DRB1:HLA-DRB1_nov_bb86df22	6.670703309822532e-06	0.00018338529249951947	0.0003277118750542918	6.002458851599737e-05	0.004199538605871799	0.599443999048805	False
DRB1:HLA-DRB1_nov_bbb39f9d	6.670703309822472e-06	0.0001833852924995219	0.001039420145748173	0.0002590666778145236	0.004164696255158735	0.6880876388067215	False
DRB1:HLA-DRB1_nov_bd15c6da	0.002438562098680729	0.00018338529249952001	0.03791478141748974	0.007125477379761919	0.054618670116948605	54.42686669530473	False
DRB1:HLA-DRB1_nov_bd45098d	1.333998034140946e-05	0.0001833852924995473	0.0031956466254635016	0.00017673793399519076	0.004292331425804565	3.3917228649109434	False
DRB1:HLA-DRB1_nov_bda65b22	6.670703309822243e-06	0.00018338529249953137	0.002039780657684812	0.00043138400191392967	0.0006819342954108247	0.599443999048805	False
DRB1:HLA-DRB1_nov_bdb8a530	6.670703309822189e-06	0.0001833852924995337	0.0004901937657607483	0.00017580346770849854	0.0031567793218065863	0.599443999048805	False
DRB1:HLA-DRB1_nov_bdd6a177	6.670703309822039e-06	0.0001833852924995399	0.0016893856128716112	0.0003287433800359031	0.003002964895407288	0.6880876388067214	False
DRB1:HLA-DRB1_nov_be8b8db7	0.005363345300573611	0.00018338529249953522	0.020103722128489574	0.0018720630475468107	0.0006880243474393121	55.5193631543819	False
DRB1:HLA-DRB1_nov_bf243272	6.67070330982219e-06	0.00018338529249953362	0.0020623730638988104	0.0004258699812551683	0.0011754315114014366	0.599443999048805	False
DRB1:HLA-DRB1_nov_bfad99a1	2.6682813239288485e-05	0.00018338529249953644	0.004172959136108028	0.00044665876727495825	0.0019448181580004192	0.5909730946714782	False
DRB1:HLA-DRB1_nov_bfbcaa66	6.670703309821893e-06	0.00018338529249954598	0.00162520478834066	0.0003019219830101785	0.0046477672273766745	0.6880876388067215	False
DRB1:HLA-DRB1_nov_c008cfd8	2.6682813239289285e-05	0.00018338529249952817	0.005332515399146942	0.0005211255150845657	0.007823000165479734	1.3973898468176043	False
DRB1:HLA-DRB1_nov_c052a3c1	6.6707033098221306e-06	0.00018338529249953611	0.0024598638886153597	0.0004211646810917109	0.0032848331239399824	1.6941397457220142	False
DRB1:HLA-DRB1_nov_c074a7ea	6.670703309822389e-06	0.00018338529249952535	0.00169154034760404	0.00032002631237195366	0.0035850847193269254	0.5909730946714781	False
DRB1:HLA-DRB1_nov_c0bf1498	6.670703309822091e-06	0.00018338529249953769	0.00339244226430014	0.00040008072738222675	0.002079156323054719	0.5909730946714781	False
DRB1:HLA-DRB1_nov_c31f644b	6.670703309822233e-06	0.00018338529249953183	0.004973110014253892	0.0005504426312925411	0.0025709140568529105	0.6880876388067215	False
DRB1:HLA-DRB1_nov_c3219118	6.6707033098225295e-06	0.00018338529249951955	0.0009645525300847652	0.0002561221700058792	0.003505371283702874	0.599443999048805	False
DRB1:HLA-DRB1_nov_c46b1337	6.670703309821976e-06	0.0001833852924995425	0.0036759541766369936	0.0003500864972802732	0.0004091145335753881	0.5994439990488051	False
DRB1:HLA-DRB1_nov_c4779b7d	6.670703309822449e-06	0.0001833852924995229	0.0035224607878632385	0.00036820888866975136	0.0012986564553373046	4.683899434417871	False
DRB1:HLA-DRB1_nov_c4b31a03	1.3339980341408762e-05	0.00018338529249955842	0.008595809907343632	0.001184246950310222	0.009790538123709057	1.3456954518650195	False
DRB1:HLA-DRB1_nov_c5134f5c	6.670703309822228e-06	0.00018338529249953202	0.0043138450961611235	0.00044637360935815336	0.0012433873288507575	0.5909730946714782	False
DRB1:HLA-DRB1_nov_c5364df1	6.670703309821994e-06	0.00018338529249954175	0.006108181339822517	0.0007122717813776559	0.004139176394782339	0.5909730946714782	False
DRB1:HLA-DRB1_nov_c59ef832	6.670703309822504e-06	0.00018338529249952058	0.002284065782990664	0.000467348555006032	0.0016740538688428835	1.3973898468176043	False
DRB1:HLA-DRB1_nov_c689337a	1.3339980341408396e-05	0.00018338529249953836	0.008155467865608296	0.001287787095712934	0.0062748630474899324	2.7971745348465493	False
DRB1:HLA-DRB1_nov_c7191275	0.00028567212044704627	0.00018338529249952945	0.029525040084156382	0.004510913000537768	0.020571034352214527	35.05695448865688	False
DRB1:HLA-DRB1_nov_c83a97a2	0.0038688610130380428	0.00018338529249953885	0.034969039540935914	0.002822700558180238	0.009532377531046592	14.244551233137713	False
DRB1:HLA-DRB1_nov_c846fff3	6.67070330982179e-06	0.00018338529249955024	0.010627875372285973	0.0015307960820645109	0.017770238795611654	1.3973898468176043	False
DRB1:HLA-DRB1_nov_c937397f	6.670703309822097e-06	0.0001833852924995375	0.0038200631618077793	0.00041221444772573647	0.0013259714428482125	0.6880876388067212	False
DRB1:HLA-DRB1_nov_c9d1ee00	6.6707033098218265e-06	0.0001833852924995487	0.003644441874668564	0.0007488422776114398	0.0036056203332855614	0.6880876388067216	False
DRB1:HLA-DRB1_nov_ca476591	6.670703309821954e-06	0.00018338529249954343	0.005910661347179203	0.0006727264968811454	0.0038678311310387714	0.5909730946714782	False
DRB1:HLA-DRB1_nov_ca6b2fe2	6.670703309821985e-06	0.00018338529249954213	0.001453046409798684	9.27184247558214e-05	0.0010883098945547963	4.683899434417871	False
DRB1:HLA-DRB1_nov_ca6d4a19	6.670703309822483e-06	0.00018338529249952145	0.004366126392165143	0.0004392344133850552	0.0006985056594913347	0.5909730946714782	False
DRB1:HLA-DRB1_nov_cbc806de	6.670703309822015e-06	0.00018338529249954086	0.001164925754386634	5.881394013690722e-05	0.0012183156479299586	0.5994439990488051	False
DRB1:HLA-DRB1_nov_cc268175	6.670703309822524e-06	0.0001833852924995198	0.002339666686000304	0.0003551573618051298	0.0005327678344376769	0.6880876388067215	False
DRB1:HLA-DRB1_nov_cd0177df	6.670703309821799e-06	0.00018338529249954988	1.025582263415968e-05	6.932972022158249e-05	0.0007606566579731591	1.3973898468176043	False
DRB1:HLA-DRB1_nov_cd536f3d	6.670703309822054e-06	0.00018338529249953926	0.0012061832413100947	5.041565147947748e-07	0.005058948689457045	0.599443999048805	False
DRB1:HLA-DRB1_nov_cdc2483f	6.670703309822034e-06	0.0001833852924995401	0.004609369805440714	0.0004612202792706384	0.001087860403082342	0.5909730946714782	False
DRB1:HLA-DRB1_nov_ce78317e	6.6707033098224524e-06	0.00018338529249952275	0.0033779331029277536	0.0005647797869113238	0.004752271414669722	1.3973898468176043	False
DRB1:HLA-DRB1_nov_ce80e67d	6.6707033098221145e-06	0.00018338529249953676	0.0027178596439332266	0.00022202839470883222	0.00030970290293285416	0.5909730946714782	False
DRB1:HLA-DRB1_nov_cedf271d	6.670703309821878e-06	0.0001833852924995466	0.002259009927184806	0.00013961992970480035	0.0009982014201353818	0.5909730946714781	False
DRB1:HLA-DRB1_nov_cefa111d	6.67070330982242e-06	0.00018338529249952403	3.903665372063293e-06	0.00013788754020718948	0.008430023115820893	1.3973898468176043	False
DRB1:HLA-DRB1_nov_cf6d4420	0.0020544496806619125	0.0001833852924995762	0.02041801380971357	0.00348731078686934	0.06668450251808787	64.6371472390975	False
DRB1:HLA-DRB1_nov_d0457e34	6.670703309822156e-06	0.000183385292499535	0.0022095593395619626	0.00034655662953047634	0.002419705582718467	1.3973898468176043	False
DRB1:HLA-DRB1_nov_d085050b	6.67070330982227e-06	0.00018338529249953026	0.000685577994638895	0.00016415010595894177	0.003820395131256314	4.683899434417872	False
DRB1:HLA-DRB1_nov_d126943b	6.670703309822378e-06	0.00018338529249952581	0.008378097460819753	0.0010225466778122972	0.007841344384702019	0.5909730946714781	False
DRB1:HLA-DRB1_nov_d15e889f	6.670703309822043e-06	0.00018338529249953972	0.0013023717162178152	0.0002999262811232979	0.0025644856145374826	0.5994439990488051	False
DRB1:HLA-DRB1_nov_d1db4430	1.3339980341408774e-05	0.000183385292499575	0.0022612121026136627	0.0002893985977841046	0.003440121374533143	0.4438038458086558	False
DRB1:HLA-DRB1_nov_d204e09b	6.670703309821841e-06	0.00018338529249954807	0.008217288689355841	0.0013537343548806146	0.01084472031003309	1.3973898468176043	False
DRB1:HLA-DRB1_nov_d4a65d1c	6.6707033098225465e-06	0.00018338529249951882	0.0007117767011654659	6.615766513681844e-06	0.00043615262383496967	0.5994439990488051	False
DRB1:HLA-DRB1_nov_d5b3414e	6.670703309822508e-06	0.00018338529249952045	0.0010183258827741962	2.167205038964984e-05	0.0017178951218093927	0.5909730946714781	False
DRB1:HLA-DRB1_nov_d7a0e46d	6.670703309822275e-06	0.00018338529249953004	0.0012528993974292365	0.00025819080332355844	0.004583935651048092	0.599443999048805	False
DRB1:HLA-DRB1_nov_d7cce50d	0.003167502953262085	0.00018338529249957436	0.04735894324253155	0.004658956377903206	0.007395592506304883	33.726287898611304	False
DRB1:HLA-DRB1_nov_d7d335f5	1.3339980341408696e-05	0.00018338529249957027	0.0028478570557520268	0.00029487703119696686	0.0031590098468032685	1.1824474387871216	False
DRB1:HLA-DRB1_nov_d91c3da6	6.670703309821768e-06	0.00018338529249955116	0.0028926058492706277	0.000500950822648539	0.0013619787568226465	1.3973898468176045	False
DRB1:HLA-DRB1_nov_d953acb0	6.670703309822244e-06	0.00018338529249953134	0.001029269558848768	0.00021253614158672592	0.0030346634242101288	0.6880876388067217	False
DRB1:HLA-DRB1_nov_d9ea4c63	6.670703309821872e-06	0.0001833852924995468	0.0024986076724515397	0.0003010752242413981	0.002802324447719467	1.3973898468176043	False
DRB1:HLA-DRB1_nov_da41ace3	0.0001530653277321403	0.00018338529249961822	0.010390930398621592	0.002213194572599823	0.0016156206374663019	4.980899613565649	False
DRB1:HLA-DRB1_nov_db671e14	0.0008364808072991772	0.00018338529249951579	0.011403456798164869	0.0005057076761314066	0.019497887406506754	6.160036058789738	False
DRB1:HLA-DRB1_nov_dbb17e40	6.670703309822195e-06	0.0001833852924995334	0.0013559765313263274	9.719242412563979e-05	0.0020960929164688157	0.5909730946714781	False
DRB1:HLA-DRB1_nov_dbd124b2	6.670703309822117e-06	0.00018338529249953663	0.0035200407676394016	0.00035739789414854597	0.0014827991301327704	0.5909730946714782	False
DRB1:HLA-DRB1_nov_dbe847cb	6.670703309822488e-06	0.0001833852924995213	0.006713010454795592	0.001069939212224146	0.009240288640076037	1.3973898468176043	False
DRB1:HLA-DRB1_nov_dcca142f	6.670703309822325e-06	0.00018338529249952798	0.0011888587008358953	0.00019900324804791452	0.0026736904125338485	1.6941397457220149	False
DRB1:HLA-DRB1_nov_dcf23b78	6.670703309822168e-06	0.00018338529249953451	0.0013398346200366024	0.00023347009419535938	0.0015253667420125983	0.599443999048805	False
DRB1:HLA-DRB1_nov_ddacc8e4	6.67070330982189e-06	0.00018338529249954603	0.0004632111587399313	3.243450736558882e-05	0.0016210041603136015	4.6838994344178735	False
DRB1:HLA-DRB1_nov_ddecf1c1	6.670703309822368e-06	0.00018338529249952625	0.0012699411314495788	9.298108762835375e-05	0.004099907231452992	0.599443999048805	False
DRB1:HLA-DRB1_nov_ddfc1a68	3.333925376674768e-05	0.00018338529249960415	0.00474557967430966	0.0003577359121514892	0.00536326087405704	1.232330393586069	False
DRB1:HLA-DRB1_nov_de6d2d75	6.67070330982242e-06	0.00018338529249952403	0.0023667367468798235	0.00021888508303800956	0.0007674967188217083	0.599443999048805	False
DRB1:HLA-DRB1_nov_de9761e9	6.670703309822119e-06	0.00018338529249953655	0.0018397544022686087	0.0002418033424172694	0.004123536950855116	0.599443999048805	False
DRB1:HLA-DRB1_nov_dea83b21	6.6707033098223356e-06	0.00018338529249952758	0.00013055010034323568	1.5422048299688135e-05	0.0033907372169816622	0.6880876388067216	False
DRB1:HLA-DRB1_nov_dec3fdb7	2.668281323928922e-05	0.0001833852924995288	0.005836896333068972	0.0006788970754356537	0.004254346805210284	0.5909730946714782	False
DRB1:HLA-DRB1_nov_e18c79ce	0.00219341910058798	0.00018338529249953105	0.027437405308034023	0.0014603658558068197	0.004888284169068955	37.571671384294554	False
DRB1:HLA-DRB1_nov_e2032574	0.0010048943151288563	0.00018338529249958623	0.006374034317820632	5.154371861425666e-05	0.013327122337266049	3.2940789951202007	False
DRB1:HLA-DRB1_nov_e2528e1c	6.670703309822172e-06	0.00018338529249953435	0.002881576856986976	0.00025125430229475386	0.0018987168336940781	0.6880876388067214	False
DRB1:HLA-DRB1_nov_e25478ca	6.670703309822365e-06	0.00018338529249952638	0.0057712191861062885	0.0006263467172372679	0.003046555155231998	0.5909730946714781	False
DRB1:HLA-DRB1_nov_e375c3dd	0.00011990293246668865	0.00018338529249956463	0.002410216717340099	0.0002874092142910258	0.009265972494942256	2.392161236401788	False
DRB1:HLA-DRB1_nov_e386c045	6.670703309822455e-06	0.00018338529249952264	0.0018160186221474325	0.0003634427424447762	0.0049289575209091815	0.5994439990488051	False
DRB1:HLA-DRB1_nov_e4872a9a	2.6682813239287292e-05	0.00018338529249954885	0.0024425084213896015	0.00018816169879849894	0.0006622361249867156	0.5909730946714782	False
DRB1:HLA-DRB1_nov_e5459e2f	3.333925376674835e-05	0.00018338529249955056	0.00466384900282068	0.0010863608645496374	0.005265279669815759	2.0024026751875015	False
DRB1:HLA-DRB1_nov_e5eb75d0	7.329929110505504e-05	0.00018338529249959209	0.006435102929525796	0.0007029516924529837	0.001157915484043539	2.3083191429297583	False
DRB1:HLA-DRB1_nov_e6343157	6.670703309822055e-06	0.00018338529249953915	0.007530299223337547	0.0008985069581137311	0.006395396807643699	0.5909730946714782	False
DRB1:HLA-DRB1_nov_e644fd52	0.0026500420778468483	0.0001833852924995196	0.11209430990957045	0.015990563213716603	0.13974541289764744	318.51048672997047	False
DRB1:HLA-DRB1_nov_e6ecc55a	2.6682813239288888e-05	0.00018338529249953232	0.002322903829546732	0.0005423602175001575	0.004403529355459104	0.6880876388067217	False
DRB1:HLA-DRB1_nov_e7096597	6.670703309821865e-06	0.00018338529249954712	0.0011218069885437422	0.0002449996196118561	0.003773603763236645	0.5994439990488052	False
DRB1:HLA-DRB1_nov_e7214c28	6.670703309822413e-06	0.00018338529249952443	0.00043261480614763004	2.6410119328524244e-05	0.0010623617030420475	0.5994439990488052	False
DRB1:HLA-DRB1_nov_e7270632	6.670703309822181e-06	0.00018338529249953395	0.002524330560539459	0.00021728383960591311	0.0005777505687753054	1.694139745722015	False
DRB1:HLA-DRB1_nov_e834beba	6.6707033098218926e-06	0.00018338529249954598	0.0033015091457729282	0.0003208547906162855	9.067878968400646e-06	0.6880876388067215	False
DRB1:HLA-DRB1_nov_e8970cb9	0.00222554744413246	0.00018338529249953327	0.025837781593224425	0.006464048660022982	0.04989535224091928	97.33191239119557	False
DRB1:HLA-DRB1_nov_ea1b6c21	6.670703309822371e-06	0.00018338529249952609	0.003182932273320077	0.00032909566178418795	0.0005861121080681104	0.5909730946714782	False
DRB1:HLA-DRB1_nov_eb01d5ee	6.670703309822299e-06	0.0001833852924995291	0.0009717543410677652	6.716783563761682e-05	0.003824951442260702	0.599443999048805	False
DRB1:HLA-DRB1_nov_ebe1f2a0	6.6707033098221805e-06	0.00018338529249953397	0.0057608340331927925	0.0006383182704183449	0.003476671711934559	0.6880876388067213	False
DRB1:HLA-DRB1_nov_ec14806e	6.670703309822135e-06	0.00018338529249953592	0.0008017020766637388	8.628587168472016e-05	0.0013730543314227686	0.599443999048805	False
DRB1:HLA-DRB1_nov_ecc9e906	6.6707033098218655e-06	0.00018338529249954706	0.0005337140255048994	8.908915398774015e-05	0.0036574500460834544	0.599443999048805	False
DRB1:HLA-DRB1_nov_ed483707	6.67070330982234e-06	0.00018338529249952739	0.0005028985656224292	0.00022946770375824598	0.007645904526894264	0.5994439990488051	False
DRB1:HLA-DRB1_nov_ed560140	6.670703309822127e-06	0.00018338529249953622	0.001135447305926102	0.00028888301465064553	0.003595539689277197	0.5994439990488049	False
DRB1:HLA-DRB1_nov_ed768652	2.6682813239289996e-05	0.00018338529249952077	0.0005245990102425849	2.6456826585019238e-05	0.0012867333273340908	0.5994439990488051	False
DRB1:HLA-DRB1_nov_edeb7532	2.668281323928879e-05	0.0001833852924995333	0.0013927458838629008	0.00017049787114930255	0.0028882547513647042	0.6880876388067216	False
DRB1:HLA-DRB1_nov_eec89d8a	2.0007831094753507e-05	0.0001833852924996135	0.004678994240782246	0.000439303094025691	0.0005225481469404621	5.092759866336271	False
DRB1:HLA-DRB1_nov_eede267f	6.67070330982193e-06	0.00018338529249954444	0.0013205478747060652	0.00029160260608342576	0.0019229797360327937	0.5994439990488051	False
DRB1:HLA-DRB1_nov_eee1d6cd	6.670703309822039e-06	0.0001833852924995399	0.006425765920589379	0.000726471889110557	0.005318125594814666	0.5909730946714781	False
DRB1:HLA-DRB1_nov_f1c33c2e	0.0010946500045211029	0.00018338529249954132	0.02295825036120687	0.005154704288551694	0.0294068826319638	67.92071940022988	False
DRB1:HLA-DRB1_nov_f1dffcfa	6.6707033098225295e-06	0.00018338529249951955	0.0011244798730128988	0.00048590751681855404	0.0017425574564553649	1.6941397457220144	False
DRB1:HLA-DRB1_nov_f25b9cd0	6.670703309822347e-06	0.0001833852924995271	0.0062820349980376635	0.0007254959924511643	0.0038543172822191707	0.5909730946714782	False
DRB1:HLA-DRB1_nov_f2900e34	2.6682813239289945e-05	0.00018338529249952131	0.0011742641854983092	0.00023007262888315126	0.0015657125295586952	0.599443999048805	False
DRB1:HLA-DRB1_nov_f2bb8e40	6.670703309821841e-06	0.0001833852924995481	0.0010773792742880817	0.00017605019263672574	0.001167567484194518	1.694139745722015	False
DRB1:HLA-DRB1_nov_f2f8195f	6.670703309821906e-06	0.0001833852924995454	0.0007537877246757412	0.00016650219284781718	0.005025657233383753	0.5994439990488051	False
DRB1:HLA-DRB1_nov_f3265e75	6.670703309822336e-06	0.00018338529249952752	0.003769331660488678	0.0005248445666054575	0.0027260752823079284	1.3973898468176043	False
DRB1:HLA-DRB1_nov_f3e963b0	6.670703309821794e-06	0.00018338529249955007	0.0005047181742467833	9.963622192111685e-05	0.0033757283164176396	0.6880876388067212	False
DRB1:HLA-DRB1_nov_f4dad258	6.6707033098222e-06	0.00018338529249953321	0.0014073950370662306	0.00015057481688522973	0.0037570832500367192	0.5994439990488052	False
DRB1:HLA-DRB1_nov_f82d7d26	6.670703309821865e-06	0.00018338529249954712	0.00040657757928890513	0.000142560822274903	0.002550656743999628	0.5909730946714782	False
DRB1:HLA-DRB1_nov_f83e36b0	7.995430535428647e-05	0.00018338529249950776	0.012999127433027955	0.0014051988173261172	0.007291013542606858	9.886618457639761	False
DRB1:HLA-DRB1_nov_f8d40eed	6.670703309822539e-06	0.00018338529249951923	0.0012429274990927758	0.00032862364200741197	0.00626526143007933	0.5994439990488051	False
DRB1:HLA-DRB1_nov_f8f04967	6.6707033098223356e-06	0.00018338529249952758	0.0004380312849858255	0.00010193379817798038	0.0038812534830855983	0.599443999048805	False
DRB1:HLA-DRB1_nov_f91f0c28	6.670703309821903e-06	0.00018338529249954555	0.006824194742574424	0.0012042637297929666	0.008305022422327151	1.3973898468176043	False
DRB1:HLA-DRB1_nov_f956b32e	6.670703309822166e-06	0.0001833852924995346	0.00646518974277653	0.0007470667784689181	0.006867883662885424	0.5909730946714782	False
DRB1:HLA-DRB1_nov_f95d42dc	6.6707033098219646e-06	0.00018338529249954294	0.001635794136049217	0.00023142689789577188	0.0026502056497281342	1.3973898468176043	False
DRB1:HLA-DRB1_nov_f9f85a45	6.6707033098225465e-06	0.00018338529249951882	0.007096295417595146	0.0008198565138662448	0.004920290918228236	0.5909730946714782	False
DRB1:HLA-DRB1_nov_fa416a27	6.67070330982237e-06	0.00018338529249952614	0.0010809361063622094	0.00023553724771135172	0.0018524609788131466	1.3973898468176043	False
DRB1:HLA-DRB1_nov_fa8024b3	6.6707033098221306e-06	0.00018338529249953611	0.0008329808663216443	0.00030141190507486956	0.004386433179472907	0.6880876388067214	False
DRB1:HLA-DRB1_nov_fb78a3b3	6.670703309822148e-06	0.00018338529249953536	0.007373257637014142	0.0011489714101138035	0.008432808826085384	1.3973898468176043	False
DRB1:HLA-DRB1_nov_fbe56c33	6.670703309822155e-06	0.00018338529249953506	0.006767116846342811	0.0007448890353915643	0.0050165945461256856	0.6880876388067215	False
DRB1:HLA-DRB1_nov_fc28c95d	6.670703309822166e-06	0.0001833852924995346	0.0007560204016171585	0.00018824771013729584	0.00309706127934334	0.6880876388067214	False
DRB1:HLA-DRB1_nov_fcee2c77	6.670703309822353e-06	0.00018338529249952682	0.003525213292083867	0.0003712636375395949	0.0013812916449778454	0.5909730946714782	False
DRB1:HLA-DRB1_nov_fe4e04b0	2.6682813239289962e-05	0.00018338529249952118	0.0019095200215669531	0.00032561366818055075	0.003201387914633511	0.6880876388067214	False
