gene	resolution	ancestry_ref	ancestry_target	m_ref	cross_coverage	unseen_in_target	is_diagonal
HLA-A	protein	AFR	AFR	575.0	0.9894501331659113	0.004424127890799601	True
HLA-A	protein	AFR	AMR	575.0	0.9015725709869002	0.004674010871616008	False
HLA-A	protein	AFR	EAS	575.0	0.7049316783245069	0.007552799368662377	False
HLA-A	protein	AFR	EUR	575.0	0.9729651992269425	0.0053645681725634775	False
HLA-A	protein	AFR	MID	575.0	0.9083433015492406	0.02260263758795844	False
HLA-A	protein	AFR	SAS	575.0	0.8642251765778058	0.005928575490817156	False
HLA-A	protein	AFR	UNASSIGNED	575.0	0.9411930117263201	0.00450724507127831	False
HLA-A	protein	AMR	AFR	575.0	0.964086766523748	0.004424127890799601	False
HLA-A	protein	AMR	AMR	575.0	0.9832425150308995	0.004674010871616008	True
HLA-A	protein	AMR	EAS	575.0	0.7646222599635321	0.007552799368662377	False
HLA-A	protein	AMR	EUR	575.0	0.9914875492515112	0.0053645681725634775	False
HLA-A	protein	AMR	MID	575.0	0.9566360458223662	0.02260263758795844	False
HLA-A	protein	AMR	SAS	575.0	0.9328714694419737	0.005928575490817156	False
HLA-A	protein	AMR	UNASSIGNED	575.0	0.9659764746854841	0.00450724507127831	False
HLA-A	protein	EAS	AFR	575.0	0.5298811725794736	0.004424127890799601	False
HLA-A	protein	EAS	AMR	575.0	0.7478514701604836	0.004674010871616008	False
HLA-A	protein	EAS	EAS	575.0	0.9875186547587055	0.007552799368662377	True
HLA-A	protein	EAS	EUR	575.0	0.8550888803325277	0.0053645681725634775	False
HLA-A	protein	EAS	MID	575.0	0.7280300203029794	0.02260263758795844	False
HLA-A	protein	EAS	SAS	575.0	0.8796905520395744	0.005928575490817156	False
HLA-A	protein	EAS	UNASSIGNED	575.0	0.7477753664163964	0.00450724507127831	False
HLA-A	protein	EUR	AFR	575.0	0.8136190283778579	0.004424127890799601	False
HLA-A	protein	EUR	AMR	575.0	0.9071762466836857	0.004674010871616008	False
HLA-A	protein	EUR	EAS	575.0	0.7459654972312076	0.007552799368662377	False
HLA-A	protein	EUR	EUR	575.0	0.990823395559312	0.0053645681725634775	True
HLA-A	protein	EUR	MID	575.0	0.9275288077157471	0.02260263758795844	False
HLA-A	protein	EUR	SAS	575.0	0.8689037664234026	0.005928575490817156	False
HLA-A	protein	EUR	UNASSIGNED	575.0	0.9234223540245842	0.00450724507127831	False
HLA-A	protein	MID	AFR	575.0	0.933861201676758	0.004424127890799601	False
HLA-A	protein	MID	AMR	575.0	0.8924515698062793	0.004674010871616008	False
HLA-A	protein	MID	EAS	575.0	0.6995383969785985	0.007552799368662377	False
HLA-A	protein	MID	EUR	575.0	0.9640940982253405	0.0053645681725634775	False
HLA-A	protein	MID	MID	575.0	0.9999999999999998	0.02260263758795844	True
HLA-A	protein	MID	SAS	575.0	0.8772810218978104	0.005928575490817156	False
HLA-A	protein	MID	UNASSIGNED	575.0	0.9483677093293263	0.00450724507127831	False
HLA-A	protein	SAS	AFR	575.0	0.666905224006628	0.004424127890799601	False
HLA-A	protein	SAS	AMR	575.0	0.8310896028917087	0.004674010871616008	False
HLA-A	protein	SAS	EAS	575.0	0.837211220661399	0.007552799368662377	False
HLA-A	protein	SAS	EUR	575.0	0.9259022181328038	0.0053645681725634775	False
HLA-A	protein	SAS	MID	575.0	0.8498385436772932	0.02260263758795844	False
HLA-A	protein	SAS	SAS	575.0	0.9900535133687661	0.005928575490817156	True
HLA-A	protein	SAS	UNASSIGNED	575.0	0.8429646034469287	0.00450724507127831	False
HLA-A	protein	UNASSIGNED	AFR	575.0	0.9753801790227163	0.004424127890799601	False
HLA-A	protein	UNASSIGNED	AMR	575.0	0.9568267623449123	0.004674010871616008	False
HLA-A	protein	UNASSIGNED	EAS	575.0	0.8774872355539971	0.007552799368662377	False
HLA-A	protein	UNASSIGNED	EUR	575.0	0.9937909448297094	0.0053645681725634775	False
HLA-A	protein	UNASSIGNED	MID	575.0	0.9747811350199439	0.02260263758795844	False
HLA-A	protein	UNASSIGNED	SAS	575.0	0.9467298118021757	0.005928575490817156	False
HLA-A	protein	UNASSIGNED	UNASSIGNED	575.0	0.9811184532104634	0.00450724507127831	True
HLA-B	protein	AFR	AFR	580.0	0.9742048156761356	0.00786587171602493	True
HLA-B	protein	AFR	AMR	580.0	0.7428920698284105	0.009748689292209844	False
HLA-B	protein	AFR	EAS	580.0	0.4834605435405577	0.009727482601489146	False
HLA-B	protein	AFR	EUR	580.0	0.9358954558074426	0.009462310622671444	False
HLA-B	protein	AFR	MID	580.0	0.8347407636881161	0.029298438523198023	False
HLA-B	protein	AFR	SAS	580.0	0.7439005259912643	0.007336924211702622	False
HLA-B	protein	AFR	UNASSIGNED	580.0	0.8556162781035189	0.008728338902187605	False
HLA-B	protein	AMR	AFR	580.0	0.948677497610784	0.00786587171602493	False
HLA-B	protein	AMR	AMR	580.0	0.9691829100545377	0.009748689292209844	True
HLA-B	protein	AMR	EAS	580.0	0.5954563295626562	0.009727482601489146	False
HLA-B	protein	AMR	EUR	580.0	0.9776467624312631	0.009462310622671444	False
HLA-B	protein	AMR	MID	580.0	0.9222897981285001	0.029298438523198023	False
HLA-B	protein	AMR	SAS	580.0	0.8181862038753801	0.007336924211702622	False
HLA-B	protein	AMR	UNASSIGNED	580.0	0.9454104890516306	0.008728338902187605	False
HLA-B	protein	EAS	AFR	580.0	0.4803526656241296	0.00786587171602493	False
HLA-B	protein	EAS	AMR	580.0	0.6371928203140514	0.009748689292209844	False
HLA-B	protein	EAS	EAS	580.0	0.980505323543645	0.009727482601489146	True
HLA-B	protein	EAS	EUR	580.0	0.869217570175646	0.009462310622671444	False
HLA-B	protein	EAS	MID	580.0	0.6248347663485976	0.029298438523198023	False
HLA-B	protein	EAS	SAS	580.0	0.9130937612612506	0.007336924211702622	False
HLA-B	protein	EAS	UNASSIGNED	580.0	0.7002287434685412	0.008728338902187605	False
HLA-B	protein	EUR	AFR	580.0	0.650571634294179	0.00786587171602493	False
HLA-B	protein	EUR	AMR	580.0	0.7564437144316555	0.009748689292209844	False
HLA-B	protein	EUR	EAS	580.0	0.5071634997704365	0.009727482601489146	False
HLA-B	protein	EUR	EUR	580.0	0.9835814307048265	0.009462310622671444	True
HLA-B	protein	EUR	MID	580.0	0.8947383645740654	0.029298438523198023	False
HLA-B	protein	EUR	SAS	580.0	0.8105060779125447	0.007336924211702622	False
HLA-B	protein	EUR	UNASSIGNED	580.0	0.8589502881039147	0.008728338902187605	False
HLA-B	protein	MID	AFR	580.0	0.9250347061545581	0.00786587171602493	False
HLA-B	protein	MID	AMR	580.0	0.7686617350369872	0.009748689292209844	False
HLA-B	protein	MID	EAS	580.0	0.5046531302876479	0.009727482601489146	False
HLA-B	protein	MID	EUR	580.0	0.9806584362139917	0.009462310622671444	False
HLA-B	protein	MID	MID	580.0	0.9999999999999996	0.029298438523198023	True
HLA-B	protein	MID	SAS	580.0	0.896788990825688	0.007336924211702622	False
HLA-B	protein	MID	UNASSIGNED	580.0	0.9323513366066556	0.008728338902187605	False
HLA-B	protein	SAS	AFR	580.0	0.525267673597061	0.00786587171602493	False
HLA-B	protein	SAS	AMR	580.0	0.6931827545606182	0.009748689292209844	False
HLA-B	protein	SAS	EAS	580.0	0.7136399849781957	0.009727482601489146	False
HLA-B	protein	SAS	EUR	580.0	0.9375673110672479	0.009462310622671444	False
HLA-B	protein	SAS	MID	580.0	0.8202068274762666	0.029298438523198023	False
HLA-B	protein	SAS	SAS	580.0	0.9848611157808529	0.007336924211702622	True
HLA-B	protein	SAS	UNASSIGNED	580.0	0.7877268164396046	0.008728338902187605	False
HLA-B	protein	UNASSIGNED	AFR	580.0	0.9548722899346342	0.00786587171602493	False
HLA-B	protein	UNASSIGNED	AMR	580.0	0.897498797550178	0.009748689292209844	False
HLA-B	protein	UNASSIGNED	EAS	580.0	0.7480526657095334	0.009727482601489146	False
HLA-B	protein	UNASSIGNED	EUR	580.0	0.9843354909982786	0.009462310622671444	False
HLA-B	protein	UNASSIGNED	MID	580.0	0.9514973998049893	0.029298438523198023	False
HLA-B	protein	UNASSIGNED	SAS	580.0	0.9232221581213526	0.007336924211702622	False
HLA-B	protein	UNASSIGNED	UNASSIGNED	580.0	0.9625996846041855	0.008728338902187605	True
HLA-C	protein	AFR	AFR	567.0	0.988178504294259	0.005738577789294208	True
HLA-C	protein	AFR	AMR	567.0	0.932336037241399	0.00475151491683623	False
HLA-C	protein	AFR	EAS	567.0	0.8453509031744131	0.005107831700426058	False
HLA-C	protein	AFR	EUR	567.0	0.9797721397380513	0.00747439299573005	False
HLA-C	protein	AFR	MID	567.0	0.9021260124229907	0.010563347424017655	False
HLA-C	protein	AFR	SAS	567.0	0.8572873451900416	0.0069648651179503585	False
HLA-C	protein	AFR	UNASSIGNED	567.0	0.9502564312896935	0.0054905836283482	False
HLA-C	protein	AMR	AFR	567.0	0.9728762208222795	0.005738577789294208	False
HLA-C	protein	AMR	AMR	567.0	0.9884487718487396	0.00475151491683623	True
HLA-C	protein	AMR	EAS	567.0	0.9318068540801676	0.005107831700426058	False
HLA-C	protein	AMR	EUR	567.0	0.9897809112306776	0.00747439299573005	False
HLA-C	protein	AMR	MID	567.0	0.9662839285822264	0.010563347424017655	False
HLA-C	protein	AMR	SAS	567.0	0.954484963586514	0.0069648651179503585	False
HLA-C	protein	AMR	UNASSIGNED	567.0	0.9801899197103537	0.0054905836283482	False
HLA-C	protein	EAS	AFR	567.0	0.6251641653452339	0.005738577789294208	False
HLA-C	protein	EAS	AMR	567.0	0.8174531544837014	0.00475151491683623	False
HLA-C	protein	EAS	EAS	567.0	0.9904989587771539	0.005107831700426058	True
HLA-C	protein	EAS	EUR	567.0	0.8862988493356675	0.00747439299573005	False
HLA-C	protein	EAS	MID	567.0	0.7955337800915339	0.010563347424017655	False
HLA-C	protein	EAS	SAS	567.0	0.96045374211396	0.0069648651179503585	False
HLA-C	protein	EAS	UNASSIGNED	567.0	0.8113421763151093	0.0054905836283482	False
HLA-C	protein	EUR	AFR	567.0	0.8657255282600915	0.005738577789294208	False
HLA-C	protein	EUR	AMR	567.0	0.9066815566703321	0.00475151491683623	False
HLA-C	protein	EUR	EAS	567.0	0.8017065245758526	0.005107831700426058	False
HLA-C	protein	EUR	EUR	567.0	0.9905322691489646	0.00747439299573005	True
HLA-C	protein	EUR	MID	567.0	0.9427062273454625	0.010563347424017655	False
HLA-C	protein	EUR	SAS	567.0	0.856915720305626	0.0069648651179503585	False
HLA-C	protein	EUR	UNASSIGNED	567.0	0.939744782447023	0.0054905836283482	False
HLA-C	protein	MID	AFR	567.0	0.9625803489439851	0.005738577789294208	False
HLA-C	protein	MID	AMR	567.0	0.930753564154786	0.00475151491683623	False
HLA-C	protein	MID	EAS	567.0	0.8216262239250743	0.005107831700426058	False
HLA-C	protein	MID	EUR	567.0	0.9925249169435219	0.00747439299573005	False
HLA-C	protein	MID	MID	567.0	0.9999999999999998	0.010563347424017655	True
HLA-C	protein	MID	SAS	567.0	0.934974454249884	0.0069648651179503585	False
HLA-C	protein	MID	UNASSIGNED	567.0	0.9728208647906661	0.0054905836283482	False
HLA-C	protein	SAS	AFR	567.0	0.6869120835764221	0.005738577789294208	False
HLA-C	protein	SAS	AMR	567.0	0.8406700056420129	0.00475151491683623	False
HLA-C	protein	SAS	EAS	567.0	0.9632246615404672	0.005107831700426058	False
HLA-C	protein	SAS	EUR	567.0	0.9277668960630898	0.00747439299573005	False
HLA-C	protein	SAS	MID	567.0	0.8678015796515981	0.010563347424017655	False
HLA-C	protein	SAS	SAS	567.0	0.9901863023907171	0.0069648651179503585	True
HLA-C	protein	SAS	UNASSIGNED	567.0	0.8404408859813803	0.0054905836283482	False
HLA-C	protein	UNASSIGNED	AFR	567.0	0.9800268274520643	0.005738577789294208	False
HLA-C	protein	UNASSIGNED	AMR	567.0	0.9725675680303801	0.00475151491683623	False
HLA-C	protein	UNASSIGNED	EAS	567.0	0.9475527469192453	0.005107831700426058	False
HLA-C	protein	UNASSIGNED	EUR	567.0	0.992166727593348	0.00747439299573005	False
HLA-C	protein	UNASSIGNED	MID	567.0	0.9789063114234126	0.010563347424017655	False
HLA-C	protein	UNASSIGNED	SAS	567.0	0.9569051516251272	0.0069648651179503585	False
HLA-C	protein	UNASSIGNED	UNASSIGNED	567.0	0.9862314323690637	0.0054905836283482	True
HLA-DMA	protein	AFR	AFR	588.0	0.9965934651044783	0.0018189052228915203	True
HLA-DMA	protein	AFR	AMR	588.0	0.9945983291673173	0.0009984467866689384	False
HLA-DMA	protein	AFR	EAS	588.0	0.9944295527070469	0.0020505247963560347	False
HLA-DMA	protein	AFR	EUR	588.0	0.991622628427474	0.0020363279580029037	False
HLA-DMA	protein	AFR	MID	588.0	0.9944501335586663	0.0016949054664310292	False
HLA-DMA	protein	AFR	SAS	588.0	0.9913759098064112	0.001810773734509552	False
HLA-DMA	protein	AFR	UNASSIGNED	588.0	0.9954792097422852	0.0009351680392024608	False
HLA-DMA	protein	AMR	AFR	588.0	0.9946907457364632	0.0018189052228915203	False
HLA-DMA	protein	AMR	AMR	588.0	0.9982080719261816	0.0009984467866689384	True
HLA-DMA	protein	AMR	EAS	588.0	0.9957999385623445	0.0020505247963560347	False
HLA-DMA	protein	AMR	EUR	588.0	0.9966503554512988	0.0020363279580029037	False
HLA-DMA	protein	AMR	MID	588.0	0.9949985072101095	0.0016949054664310292	False
HLA-DMA	protein	AMR	SAS	588.0	0.9950156970947559	0.001810773734509552	False
HLA-DMA	protein	AMR	UNASSIGNED	588.0	0.9979580557569195	0.0009351680392024608	False
HLA-DMA	protein	EAS	AFR	588.0	0.9957813745700328	0.0018189052228915203	False
HLA-DMA	protein	EAS	AMR	588.0	0.9957159561162472	0.0009984467866689384	False
HLA-DMA	protein	EAS	EAS	588.0	0.9970967768118308	0.0020505247963560347	True
HLA-DMA	protein	EAS	EUR	588.0	0.993969511220209	0.0020363279580029037	False
HLA-DMA	protein	EAS	MID	588.0	0.9950060723490184	0.0016949054664310292	False
HLA-DMA	protein	EAS	SAS	588.0	0.9937484594505526	0.001810773734509552	False
HLA-DMA	protein	EAS	UNASSIGNED	588.0	0.9967645219241742	0.0009351680392024608	False
HLA-DMA	protein	EUR	AFR	588.0	0.9934605514700134	0.0018189052228915203	False
HLA-DMA	protein	EUR	AMR	588.0	0.9972256179576319	0.0009984467866689384	False
HLA-DMA	protein	EUR	EAS	588.0	0.9950779313601115	0.0020505247963560347	False
HLA-DMA	protein	EUR	EUR	588.0	0.9979065747414102	0.0020363279580029037	True
HLA-DMA	protein	EUR	MID	588.0	0.9931972696973749	0.0016949054664310292	False
HLA-DMA	protein	EUR	SAS	588.0	0.9950181102760969	0.001810773734509552	False
HLA-DMA	protein	EUR	UNASSIGNED	588.0	0.9974935822102893	0.0009351680392024608	False
HLA-DMA	protein	MID	AFR	588.0	0.997044110959527	0.0018189052228915203	False
HLA-DMA	protein	MID	AMR	588.0	0.9976697736351533	0.0009984467866689384	False
HLA-DMA	protein	MID	EAS	588.0	0.9975389663658735	0.0020505247963560347	False
HLA-DMA	protein	MID	EUR	588.0	0.9963340122199592	0.0020363279580029037	False
HLA-DMA	protein	MID	MID	588.0	1.0	0.0016949054664310292	True
HLA-DMA	protein	MID	SAS	588.0	0.9959239130434783	0.001810773734509552	False
HLA-DMA	protein	MID	UNASSIGNED	588.0	0.9987975951903807	0.0009351680392024608	False
HLA-DMA	protein	SAS	AFR	588.0	0.9934663714124745	0.0018189052228915203	False
HLA-DMA	protein	SAS	AMR	588.0	0.9970025931879702	0.0009984467866689384	False
HLA-DMA	protein	SAS	EAS	588.0	0.995267059826577	0.0020505247963560347	False
HLA-DMA	protein	SAS	EUR	588.0	0.9963321573342508	0.0020363279580029037	False
HLA-DMA	protein	SAS	MID	588.0	0.9939807181381505	0.0016949054664310292	False
HLA-DMA	protein	SAS	SAS	588.0	0.9971582770740576	0.001810773734509552	True
HLA-DMA	protein	SAS	UNASSIGNED	588.0	0.9975411186394695	0.0009351680392024608	False
HLA-DMA	protein	UNASSIGNED	AFR	588.0	0.9954394161253399	0.0018189052228915203	False
HLA-DMA	protein	UNASSIGNED	AMR	588.0	0.9974010877967606	0.0009984467866689384	False
HLA-DMA	protein	UNASSIGNED	EAS	588.0	0.9962239095841894	0.0020505247963560347	False
HLA-DMA	protein	UNASSIGNED	EUR	588.0	0.996364337858176	0.0020363279580029037	False
HLA-DMA	protein	UNASSIGNED	MID	588.0	0.9960476211677347	0.0016949054664310292	False
HLA-DMA	protein	UNASSIGNED	SAS	588.0	0.9951237373830117	0.001810773734509552	False
HLA-DMA	protein	UNASSIGNED	UNASSIGNED	588.0	0.9983210068089496	0.0009351680392024608	True
HLA-DMB	protein	AFR	AFR	583.0	0.998459778977215	0.0006795529818802715	True
HLA-DMB	protein	AFR	AMR	583.0	0.996756797069736	0.002317661454196207	False
HLA-DMB	protein	AFR	EAS	583.0	0.96814340408261	0.0024708303338284443	False
HLA-DMB	protein	AFR	EUR	583.0	0.9968142097289615	0.0012127744264641693	False
HLA-DMB	protein	AFR	MID	583.0	0.9993381609030513	0.0	False
HLA-DMB	protein	AFR	SAS	583.0	0.9881040528318857	0.0018087269232582859	False
HLA-DMB	protein	AFR	UNASSIGNED	583.0	0.9961374082916632	0.002010957479070208	False
HLA-DMB	protein	AMR	AFR	583.0	0.9976257940841567	0.0006795529818802715	False
HLA-DMB	protein	AMR	AMR	583.0	0.9976128990019846	0.002317661454196207	True
HLA-DMB	protein	AMR	EAS	583.0	0.9694915925470792	0.0024708303338284443	False
HLA-DMB	protein	AMR	EUR	583.0	0.998424706853682	0.0012127744264641693	False
HLA-DMB	protein	AMR	MID	583.0	0.9988548509323281	0.0	False
HLA-DMB	protein	AMR	SAS	583.0	0.9899466383525836	0.0018087269232582859	False
HLA-DMB	protein	AMR	UNASSIGNED	583.0	0.997033082340003	0.002010957479070208	False
HLA-DMB	protein	EAS	AFR	583.0	0.978614652508394	0.0006795529818802715	False
HLA-DMB	protein	EAS	AMR	583.0	0.9785642470078769	0.002317661454196207	False
HLA-DMB	protein	EAS	EAS	583.0	0.9960226623077153	0.0024708303338284443	True
HLA-DMB	protein	EAS	EUR	583.0	0.9787330847007195	0.0012127744264641693	False
HLA-DMB	protein	EAS	MID	583.0	0.9922473938284597	0.0	False
HLA-DMB	protein	EAS	SAS	583.0	0.9908982725270704	0.0018087269232582859	False
HLA-DMB	protein	EAS	UNASSIGNED	583.0	0.9850859313362189	0.002010957479070208	False
HLA-DMB	protein	EUR	AFR	583.0	0.9970188302932576	0.0006795529818802715	False
HLA-DMB	protein	EUR	AMR	583.0	0.9968919542480604	0.002317661454196207	False
HLA-DMB	protein	EUR	EAS	583.0	0.9686985142159894	0.0024708303338284443	False
HLA-DMB	protein	EUR	EUR	583.0	0.9985214869613118	0.0012127744264641693	True
HLA-DMB	protein	EUR	MID	583.0	0.9982458026248917	0.0	False
HLA-DMB	protein	EUR	SAS	583.0	0.9898955669615913	0.0018087269232582859	False
HLA-DMB	protein	EUR	UNASSIGNED	583.0	0.9967245339884445	0.002010957479070208	False
HLA-DMB	protein	MID	AFR	583.0	0.9986406887177164	0.0006795529818802715	False
HLA-DMB	protein	MID	AMR	583.0	0.997682119205298	0.002317661454196207	False
HLA-DMB	protein	MID	EAS	583.0	0.9686985172981879	0.0024708303338284443	False
HLA-DMB	protein	MID	EUR	583.0	0.9987868985038415	0.0012127744264641693	False
HLA-DMB	protein	MID	MID	583.0	1.0	0.0	True
HLA-DMB	protein	MID	SAS	583.0	0.990049751243781	0.0018087269232582859	False
HLA-DMB	protein	MID	UNASSIGNED	583.0	0.9973186754256603	0.002010957479070208	False
HLA-DMB	protein	SAS	AFR	583.0	0.9801840367710161	0.0006795529818802715	False
HLA-DMB	protein	SAS	AMR	583.0	0.9793960660265298	0.002317661454196207	False
HLA-DMB	protein	SAS	EAS	583.0	0.9708564442215467	0.0024708303338284443	False
HLA-DMB	protein	SAS	EUR	583.0	0.9797313473049885	0.0012127744264641693	False
HLA-DMB	protein	SAS	MID	583.0	0.9936850908403706	0.0	False
HLA-DMB	protein	SAS	SAS	583.0	0.9974779006804106	0.0018087269232582859	True
HLA-DMB	protein	SAS	UNASSIGNED	583.0	0.9857938896921925	0.002010957479070208	False
HLA-DMB	protein	UNASSIGNED	AFR	583.0	0.9970232584856201	0.0006795529818802715	False
HLA-DMB	protein	UNASSIGNED	AMR	583.0	0.9969766225333718	0.002317661454196207	False
HLA-DMB	protein	UNASSIGNED	EAS	583.0	0.9706616691002714	0.0024708303338284443	False
HLA-DMB	protein	UNASSIGNED	EUR	583.0	0.9982224729970067	0.0012127744264641693	False
HLA-DMB	protein	UNASSIGNED	MID	583.0	0.9982147165485872	0.0	False
HLA-DMB	protein	UNASSIGNED	SAS	583.0	0.9911472337315611	0.0018087269232582859	False
HLA-DMB	protein	UNASSIGNED	UNASSIGNED	583.0	0.9969967187402443	0.002010957479070208	True
HLA-DOA	protein	AFR	AFR	579.0	0.9965272772302091	0.0013541979678367566	True
HLA-DOA	protein	AFR	AMR	579.0	0.9855224576867705	0.001989170001131857	False
HLA-DOA	protein	AFR	EAS	579.0	0.992464153099995	0.001648464727018517	False
HLA-DOA	protein	AFR	EUR	579.0	0.9931868943662373	0.0	False
HLA-DOA	protein	AFR	MID	579.0	0.9806498158107674	0.005169422300661197	False
HLA-DOA	protein	AFR	SAS	579.0	0.9411864192492224	0.002255503060885622	False
HLA-DOA	protein	AFR	UNASSIGNED	579.0	0.971062168411976	0.0012028511980758383	False
HLA-DOA	protein	AMR	AFR	579.0	0.9904310360674405	0.0013541979678367566	False
HLA-DOA	protein	AMR	AMR	579.0	0.9954528362542402	0.001989170001131857	True
HLA-DOA	protein	AMR	EAS	579.0	0.9920274498160794	0.001648464727018517	False
HLA-DOA	protein	AMR	EUR	579.0	0.9992569073546882	0.0	False
HLA-DOA	protein	AMR	MID	579.0	0.9922488195105998	0.005169422300661197	False
HLA-DOA	protein	AMR	SAS	579.0	0.9539018863075281	0.002255503060885622	False
HLA-DOA	protein	AMR	UNASSIGNED	579.0	0.98831658356938	0.0012028511980758383	False
HLA-DOA	protein	EAS	AFR	579.0	0.9891882795057081	0.0013541979678367566	False
HLA-DOA	protein	EAS	AMR	579.0	0.9867316245373119	0.001989170001131857	False
HLA-DOA	protein	EAS	EAS	579.0	0.9971087980421491	0.001648464727018517	True
HLA-DOA	protein	EAS	EUR	579.0	0.9953550727600312	0.0	False
HLA-DOA	protein	EAS	MID	579.0	0.985231041721022	0.005169422300661197	False
HLA-DOA	protein	EAS	SAS	579.0	0.971618501403963	0.002255503060885622	False
HLA-DOA	protein	EAS	UNASSIGNED	579.0	0.9716553527598196	0.0012028511980758383	False
HLA-DOA	protein	EUR	AFR	579.0	0.9884870354381416	0.0013541979678367566	False
HLA-DOA	protein	EUR	AMR	579.0	0.9910090657800454	0.001989170001131857	False
HLA-DOA	protein	EUR	EAS	579.0	0.9913428982345823	0.001648464727018517	False
HLA-DOA	protein	EUR	EUR	579.0	0.998501084013216	0.0	True
HLA-DOA	protein	EUR	MID	579.0	0.9905276329441861	0.005169422300661197	False
HLA-DOA	protein	EUR	SAS	579.0	0.9469175906902166	0.002255503060885622	False
HLA-DOA	protein	EUR	UNASSIGNED	579.0	0.9810041632575983	0.0012028511980758383	False
HLA-DOA	protein	MID	AFR	579.0	0.9968397291196388	0.0013541979678367566	False
HLA-DOA	protein	MID	AMR	579.0	0.9933687002652518	0.001989170001131857	False
HLA-DOA	protein	MID	EAS	579.0	0.9962901896125309	0.001648464727018517	False
HLA-DOA	protein	MID	EUR	579.0	0.9991876523151909	0.0	False
HLA-DOA	protein	MID	MID	579.0	1.0	0.005169422300661197	True
HLA-DOA	protein	MID	SAS	579.0	0.9959386281588448	0.002255503060885622	False
HLA-DOA	protein	MID	UNASSIGNED	579.0	0.9891740176423416	0.0012028511980758383	False
HLA-DOA	protein	SAS	AFR	579.0	0.9898981617742346	0.0013541979678367566	False
HLA-DOA	protein	SAS	AMR	579.0	0.9935668712169333	0.001989170001131857	False
HLA-DOA	protein	SAS	EAS	579.0	0.9966647833852013	0.001648464727018517	False
HLA-DOA	protein	SAS	EUR	579.0	0.9992214640494319	0.0	False
HLA-DOA	protein	SAS	MID	579.0	0.9944392613786316	0.005169422300661197	False
HLA-DOA	protein	SAS	SAS	579.0	0.996852511791064	0.002255503060885622	True
HLA-DOA	protein	SAS	UNASSIGNED	579.0	0.9881396803334633	0.0012028511980758383	False
HLA-DOA	protein	UNASSIGNED	AFR	579.0	0.9949898004886183	0.0013541979678367566	False
HLA-DOA	protein	UNASSIGNED	AMR	579.0	0.9956549533388912	0.001989170001131857	False
HLA-DOA	protein	UNASSIGNED	EAS	579.0	0.9951699797991042	0.001648464727018517	False
HLA-DOA	protein	UNASSIGNED	EUR	579.0	0.9999131947199155	0.0	False
HLA-DOA	protein	UNASSIGNED	MID	579.0	0.9953197981506485	0.005169422300661197	False
HLA-DOA	protein	UNASSIGNED	SAS	579.0	0.98346763311322	0.002255503060885622	False
HLA-DOA	protein	UNASSIGNED	UNASSIGNED	579.0	0.9960203818323003	0.0012028511980758383	True
HLA-DOB	protein	AFR	AFR	588.0	0.997094776181586	0.0013430830994825005	True
HLA-DOB	protein	AFR	AMR	588.0	0.9950003241069113	0.00164235967156523	False
HLA-DOB	protein	AFR	EAS	588.0	0.996641509937088	0.0012162160828664836	False
HLA-DOB	protein	AFR	EUR	588.0	0.9917665519986454	0.003231996636058443	False
HLA-DOB	protein	AFR	MID	588.0	0.9962818211106378	0.0	False
HLA-DOB	protein	AFR	SAS	588.0	0.9900119975092836	0.0017893087003033603	False
HLA-DOB	protein	AFR	UNASSIGNED	588.0	0.9944902260036604	0.0010658850081911586	False
HLA-DOB	protein	AMR	AFR	588.0	0.9955048357775956	0.0013430830994825005	False
HLA-DOB	protein	AMR	AMR	588.0	0.996629155274215	0.00164235967156523	True
HLA-DOB	protein	AMR	EAS	588.0	0.9988626204982877	0.0012162160828664836	False
HLA-DOB	protein	AMR	EUR	588.0	0.9953852106158851	0.003231996636058443	False
HLA-DOB	protein	AMR	MID	588.0	0.9998943342074925	0.0	False
HLA-DOB	protein	AMR	SAS	588.0	0.9979773060288696	0.0017893087003033603	False
HLA-DOB	protein	AMR	UNASSIGNED	588.0	0.9970073108822934	0.0010658850081911586	False
HLA-DOB	protein	EAS	AFR	588.0	0.977988000982137	0.0013430830994825005	False
HLA-DOB	protein	EAS	AMR	588.0	0.9771260857020376	0.00164235967156523	False
HLA-DOB	protein	EAS	EAS	588.0	0.9985283315209207	0.0012162160828664836	True
HLA-DOB	protein	EAS	EUR	588.0	0.982618322849088	0.003231996636058443	False
HLA-DOB	protein	EAS	MID	588.0	0.9874245092079568	0.0	False
HLA-DOB	protein	EAS	SAS	588.0	0.9961048694807824	0.0017893087003033603	False
HLA-DOB	protein	EAS	UNASSIGNED	588.0	0.9805391668656382	0.0010658850081911586	False
HLA-DOB	protein	EUR	AFR	588.0	0.9933904525435432	0.0013430830994825005	False
HLA-DOB	protein	EUR	AMR	588.0	0.9948054792325672	0.00164235967156523	False
HLA-DOB	protein	EUR	EAS	588.0	0.9988797955198465	0.0012162160828664836	False
HLA-DOB	protein	EUR	EUR	588.0	0.9969899119816388	0.003231996636058443	True
HLA-DOB	protein	EUR	MID	588.0	0.9999999999959099	0.0	False
HLA-DOB	protein	EUR	SAS	588.0	0.9982102908192223	0.0017893087003033603	False
HLA-DOB	protein	EUR	UNASSIGNED	588.0	0.9969154210912666	0.0010658850081911586	False
HLA-DOB	protein	MID	AFR	588.0	0.9932840832773674	0.0013430830994825005	False
HLA-DOB	protein	MID	AMR	588.0	0.9944152431011827	0.00164235967156523	False
HLA-DOB	protein	MID	EAS	588.0	0.9987834549878345	0.0012162160828664836	False
HLA-DOB	protein	MID	EUR	588.0	0.9951515151515151	0.003231996636058443	False
HLA-DOB	protein	MID	MID	588.0	1.0	0.0	True
HLA-DOB	protein	MID	SAS	588.0	0.9982102908277404	0.0017893087003033603	False
HLA-DOB	protein	MID	UNASSIGNED	588.0	0.9966688874083943	0.0010658850081911586	False
HLA-DOB	protein	SAS	AFR	588.0	0.9926573306628834	0.0013430830994825005	False
HLA-DOB	protein	SAS	AMR	588.0	0.9937028915436895	0.00164235967156523	False
HLA-DOB	protein	SAS	EAS	588.0	0.9987611937731268	0.0012162160828664836	False
HLA-DOB	protein	SAS	EUR	588.0	0.9946358239940827	0.003231996636058443	False
HLA-DOB	protein	SAS	MID	588.0	0.9994865155525896	0.0	False
HLA-DOB	protein	SAS	SAS	588.0	0.9985951733553243	0.0017893087003033603	True
HLA-DOB	protein	SAS	UNASSIGNED	588.0	0.9960050864611892	0.0010658850081911586	False
HLA-DOB	protein	UNASSIGNED	AFR	588.0	0.9942220918989704	0.0013430830994825005	False
HLA-DOB	protein	UNASSIGNED	AMR	588.0	0.9948674089338487	0.00164235967156523	False
HLA-DOB	protein	UNASSIGNED	EAS	588.0	0.9988963877684558	0.0012162160828664836	False
HLA-DOB	protein	UNASSIGNED	EUR	588.0	0.9954223147000046	0.003231996636058443	False
HLA-DOB	protein	UNASSIGNED	MID	588.0	0.9999999974709401	0.0	False
HLA-DOB	protein	UNASSIGNED	SAS	588.0	0.9982102852513666	0.0017893087003033603	False
HLA-DOB	protein	UNASSIGNED	UNASSIGNED	588.0	0.9973774206916441	0.0010658850081911586	True
HLA-DPA1	protein	AFR	AFR	585.0	0.9922181018435632	0.0031719315252892732	True
HLA-DPA1	protein	AFR	AMR	585.0	0.9964231220773914	0.0019957865989405077	False
HLA-DPA1	protein	AFR	EAS	585.0	0.9735786069481988	0.0028760927924150748	False
HLA-DPA1	protein	AFR	EUR	585.0	0.9940338537397504	0.0016309886512868577	False
HLA-DPA1	protein	AFR	MID	585.0	0.9866632412853511	0.006831757729961363	False
HLA-DPA1	protein	AFR	SAS	585.0	0.9759632012731793	0.0022712817239209926	False
HLA-DPA1	protein	AFR	UNASSIGNED	585.0	0.9902081942684493	0.0025488949984608933	False
HLA-DPA1	protein	AMR	AFR	585.0	0.9754403254035219	0.0031719315252892732	False
HLA-DPA1	protein	AMR	AMR	585.0	0.9961159578217115	0.0019957865989405077	True
HLA-DPA1	protein	AMR	EAS	585.0	0.9638232575363977	0.0028760927924150748	False
HLA-DPA1	protein	AMR	EUR	585.0	0.9906560264220973	0.0016309886512868577	False
HLA-DPA1	protein	AMR	MID	585.0	0.990763082047344	0.006831757729961363	False
HLA-DPA1	protein	AMR	SAS	585.0	0.9867788436477032	0.0022712817239209926	False
HLA-DPA1	protein	AMR	UNASSIGNED	585.0	0.9849068060590018	0.0025488949984608933	False
HLA-DPA1	protein	EAS	AFR	585.0	0.8420511570191141	0.0031719315252892732	False
HLA-DPA1	protein	EAS	AMR	585.0	0.9730409556782984	0.0019957865989405077	False
HLA-DPA1	protein	EAS	EAS	585.0	0.9963915800212226	0.0028760927924150748	True
HLA-DPA1	protein	EAS	EUR	585.0	0.9872122753363216	0.0016309886512868577	False
HLA-DPA1	protein	EAS	MID	585.0	0.979897538735764	0.006831757729961363	False
HLA-DPA1	protein	EAS	SAS	585.0	0.9895617979068136	0.0022712817239209926	False
HLA-DPA1	protein	EAS	UNASSIGNED	585.0	0.950682323205667	0.0025488949984608933	False
HLA-DPA1	protein	EUR	AFR	585.0	0.869715132293443	0.0031719315252892732	False
HLA-DPA1	protein	EUR	AMR	585.0	0.9784483376100801	0.0019957865989405077	False
HLA-DPA1	protein	EUR	EAS	585.0	0.9634669472271099	0.0028760927924150748	False
HLA-DPA1	protein	EUR	EUR	585.0	0.9982707975422135	0.0016309886512868577	True
HLA-DPA1	protein	EUR	MID	585.0	0.983035517192015	0.006831757729961363	False
HLA-DPA1	protein	EUR	SAS	585.0	0.9874596944898147	0.0022712817239209926	False
HLA-DPA1	protein	EUR	UNASSIGNED	585.0	0.96395804124335	0.0025488949984608933	False
HLA-DPA1	protein	MID	AFR	585.0	0.9494674824382505	0.0031719315252892732	False
HLA-DPA1	protein	MID	AMR	585.0	0.9926813040585496	0.0019957865989405077	False
HLA-DPA1	protein	MID	EAS	585.0	0.9642416769420469	0.0028760927924150748	False
HLA-DPA1	protein	MID	EUR	585.0	0.9914355628058729	0.0016309886512868577	False
HLA-DPA1	protein	MID	MID	585.0	0.9999999999999999	0.006831757729961363	True
HLA-DPA1	protein	MID	SAS	585.0	0.9904588823262154	0.0022712817239209926	False
HLA-DPA1	protein	MID	UNASSIGNED	585.0	0.9828280118057419	0.0025488949984608933	False
HLA-DPA1	protein	SAS	AFR	585.0	0.8722915424903901	0.0031719315252892732	False
HLA-DPA1	protein	SAS	AMR	585.0	0.978990673044966	0.0019957865989405077	False
HLA-DPA1	protein	SAS	EAS	585.0	0.9938895218995248	0.0028760927924150748	False
HLA-DPA1	protein	SAS	EUR	585.0	0.9927450120175243	0.0016309886512868577	False
HLA-DPA1	protein	SAS	MID	585.0	0.9839062984083089	0.006831757729961363	False
HLA-DPA1	protein	SAS	SAS	585.0	0.9976972325379895	0.0022712817239209926	True
HLA-DPA1	protein	SAS	UNASSIGNED	585.0	0.9646340552429278	0.0025488949984608933	False
HLA-DPA1	protein	UNASSIGNED	AFR	585.0	0.9860724126579224	0.0031719315252892732	False
HLA-DPA1	protein	UNASSIGNED	AMR	585.0	0.9975330308066084	0.0019957865989405077	False
HLA-DPA1	protein	UNASSIGNED	EAS	585.0	0.9844266062480606	0.0028760927924150748	False
HLA-DPA1	protein	UNASSIGNED	EUR	585.0	0.9977948160808218	0.0016309886512868577	False
HLA-DPA1	protein	UNASSIGNED	MID	585.0	0.9925201470768187	0.006831757729961363	False
HLA-DPA1	protein	UNASSIGNED	SAS	585.0	0.9938163599082102	0.0022712817239209926	False
HLA-DPA1	protein	UNASSIGNED	UNASSIGNED	585.0	0.9940536463945743	0.0025488949984608933	True
HLA-DPB1	protein	AFR	AFR	576.0	0.9814432208263288	0.005530803404903528	True
HLA-DPB1	protein	AFR	AMR	576.0	0.9602836473866689	0.00644148196526928	False
HLA-DPB1	protein	AFR	EAS	576.0	0.8503446760797074	0.004621495535664155	False
HLA-DPB1	protein	AFR	EUR	576.0	0.9641618658961447	0.005414063606864694	False
HLA-DPB1	protein	AFR	MID	576.0	0.9708460165704205	0.015612932033211013	False
HLA-DPB1	protein	AFR	SAS	576.0	0.9113852721857105	0.005515550011628179	False
HLA-DPB1	protein	AFR	UNASSIGNED	576.0	0.9631670590837516	0.0040875275604526085	False
HLA-DPB1	protein	AMR	AFR	576.0	0.9556170920880659	0.005530803404903528	False
HLA-DPB1	protein	AMR	AMR	576.0	0.9850659435426657	0.00644148196526928	True
HLA-DPB1	protein	AMR	EAS	576.0	0.9133672506190358	0.004621495535664155	False
HLA-DPB1	protein	AMR	EUR	576.0	0.9897211452883046	0.005414063606864694	False
HLA-DPB1	protein	AMR	MID	576.0	0.981866845615441	0.015612932033211013	False
HLA-DPB1	protein	AMR	SAS	576.0	0.9303267201788457	0.005515550011628179	False
HLA-DPB1	protein	AMR	UNASSIGNED	576.0	0.9765005081815165	0.0040875275604526085	False
HLA-DPB1	protein	EAS	AFR	576.0	0.7942247357474764	0.005530803404903528	False
HLA-DPB1	protein	EAS	AMR	576.0	0.9219159281192052	0.00644148196526928	False
HLA-DPB1	protein	EAS	EAS	576.0	0.9920405950280199	0.004621495535664155	True
HLA-DPB1	protein	EAS	EUR	576.0	0.9373903012042195	0.005414063606864694	False
HLA-DPB1	protein	EAS	MID	576.0	0.9552761628303387	0.015612932033211013	False
HLA-DPB1	protein	EAS	SAS	576.0	0.9639509963938768	0.005515550011628179	False
HLA-DPB1	protein	EAS	UNASSIGNED	576.0	0.9161187798252265	0.0040875275604526085	False
HLA-DPB1	protein	EUR	AFR	576.0	0.7542145197271732	0.005530803404903528	False
HLA-DPB1	protein	EUR	AMR	576.0	0.9470814775825461	0.00644148196526928	False
HLA-DPB1	protein	EUR	EAS	576.0	0.9021831460665263	0.004621495535664155	False
HLA-DPB1	protein	EUR	EUR	576.0	0.9939404108196221	0.005414063606864694	True
HLA-DPB1	protein	EUR	MID	576.0	0.9692091050601767	0.015612932033211013	False
HLA-DPB1	protein	EUR	SAS	576.0	0.9330319766198367	0.005515550011628179	False
HLA-DPB1	protein	EUR	UNASSIGNED	576.0	0.9321523923430731	0.0040875275604526085	False
HLA-DPB1	protein	MID	AFR	576.0	0.9098870707536301	0.005530803404903528	False
HLA-DPB1	protein	MID	AMR	576.0	0.9447270261105463	0.00644148196526928	False
HLA-DPB1	protein	MID	EAS	576.0	0.8407563025210084	0.004621495535664155	False
HLA-DPB1	protein	MID	EUR	576.0	0.9521032902957101	0.005414063606864694	False
HLA-DPB1	protein	MID	MID	576.0	1.0000000000000002	0.015612932033211013	True
HLA-DPB1	protein	MID	SAS	576.0	0.9236781609195402	0.005515550011628179	False
HLA-DPB1	protein	MID	UNASSIGNED	576.0	0.947404278512059	0.0040875275604526085	False
HLA-DPB1	protein	SAS	AFR	576.0	0.8080001477404227	0.005530803404903528	False
HLA-DPB1	protein	SAS	AMR	576.0	0.9274977133151263	0.00644148196526928	False
HLA-DPB1	protein	SAS	EAS	576.0	0.8776704168255478	0.004621495535664155	False
HLA-DPB1	protein	SAS	EUR	576.0	0.9454905619828993	0.005414063606864694	False
HLA-DPB1	protein	SAS	MID	576.0	0.9693445869555501	0.015612932033211013	False
HLA-DPB1	protein	SAS	SAS	576.0	0.9915544431057619	0.005515550011628179	True
HLA-DPB1	protein	SAS	UNASSIGNED	576.0	0.9277877294384982	0.0040875275604526085	False
HLA-DPB1	protein	UNASSIGNED	AFR	576.0	0.9659430524331577	0.005530803404903528	False
HLA-DPB1	protein	UNASSIGNED	AMR	576.0	0.9803593425188333	0.00644148196526928	False
HLA-DPB1	protein	UNASSIGNED	EAS	576.0	0.9315854256567232	0.004621495535664155	False
HLA-DPB1	protein	UNASSIGNED	EUR	576.0	0.9884813621217725	0.005414063606864694	False
HLA-DPB1	protein	UNASSIGNED	MID	576.0	0.9854558371850356	0.015612932033211013	False
HLA-DPB1	protein	UNASSIGNED	SAS	576.0	0.9603364384284693	0.005515550011628179	False
HLA-DPB1	protein	UNASSIGNED	UNASSIGNED	576.0	0.9839106724736335	0.0040875275604526085	True
HLA-DPB2	protein	AFR	AFR	1.0	0.4399999999999998	0.32000000000000006	True
HLA-DPB2	protein	AFR	EAS	1.0	0.19999999999999962	0.0	False
HLA-DPB2	protein	AFR	EUR	1.0	0.5999999999999999	0.0	False
HLA-DPB2	protein	AFR	MID	1.0	0.5999999999999999	0.0	False
HLA-DPB2	protein	AFR	SAS	1.0	0.46666666666666645	0.16666666666666663	False
HLA-DPB2	protein	AFR	UNASSIGNED	1.0	0.2571428571428569	0.2448979591836734	False
HLA-DPB2	protein	EAS	AFR	1.0	0.2	0.32000000000000006	False
HLA-DPB2	protein	EAS	EAS	1.0	1.0	0.0	True
HLA-DPB2	protein	EAS	EUR	1.0	0.0	0.0	False
HLA-DPB2	protein	EAS	MID	1.0	0.0	0.0	False
HLA-DPB2	protein	EAS	SAS	1.0	0.3333333333333333	0.16666666666666663	False
HLA-DPB2	protein	EAS	UNASSIGNED	1.0	0.42857142857142855	0.2448979591836734	False
HLA-DPB2	protein	EUR	AFR	1.0	0.6	0.32000000000000006	False
HLA-DPB2	protein	EUR	EAS	1.0	0.0	0.0	False
HLA-DPB2	protein	EUR	EUR	1.0	1.0	0.0	True
HLA-DPB2	protein	EUR	MID	1.0	1.0	0.0	False
HLA-DPB2	protein	EUR	SAS	1.0	0.6666666666666666	0.16666666666666663	False
HLA-DPB2	protein	EUR	UNASSIGNED	1.0	0.2857142857142857	0.2448979591836734	False
HLA-DPB2	protein	MID	AFR	1.0	0.6	0.32000000000000006	False
HLA-DPB2	protein	MID	EAS	1.0	0.0	0.0	False
HLA-DPB2	protein	MID	EUR	1.0	1.0	0.0	False
HLA-DPB2	protein	MID	MID	1.0	1.0	0.0	True
HLA-DPB2	protein	MID	SAS	1.0	0.6666666666666666	0.16666666666666663	False
HLA-DPB2	protein	MID	UNASSIGNED	1.0	0.2857142857142857	0.2448979591836734	False
HLA-DPB2	protein	SAS	AFR	1.0	0.4666666666666666	0.32000000000000006	False
HLA-DPB2	protein	SAS	EAS	1.0	0.33333333333333326	0.0	False
HLA-DPB2	protein	SAS	EUR	1.0	0.6666666666666666	0.0	False
HLA-DPB2	protein	SAS	MID	1.0	0.6666666666666666	0.0	False
HLA-DPB2	protein	SAS	SAS	1.0	0.5555555555555555	0.16666666666666663	True
HLA-DPB2	protein	SAS	UNASSIGNED	1.0	0.33333333333333326	0.2448979591836734	False
HLA-DPB2	protein	UNASSIGNED	AFR	1.0	0.25714285714285734	0.32000000000000006	False
HLA-DPB2	protein	UNASSIGNED	EAS	1.0	0.4285714285714286	0.0	False
HLA-DPB2	protein	UNASSIGNED	EUR	1.0	0.28571428571428603	0.0	False
HLA-DPB2	protein	UNASSIGNED	MID	1.0	0.28571428571428603	0.0	False
HLA-DPB2	protein	UNASSIGNED	SAS	1.0	0.33333333333333354	0.16666666666666663	False
HLA-DPB2	protein	UNASSIGNED	UNASSIGNED	1.0	0.3061224489795919	0.2448979591836734	True
HLA-DQA1	protein	AFR	AFR	580.0	0.9944565164919154	0.00320859111838534	True
HLA-DQA1	protein	AFR	AMR	580.0	0.9270087083800387	0.001987193568288026	False
HLA-DQA1	protein	AFR	EAS	580.0	0.8973761989464087	0.0020598169483301287	False
HLA-DQA1	protein	AFR	EUR	580.0	0.9881429630702224	0.0024583444392429765	False
HLA-DQA1	protein	AFR	MID	580.0	0.9821448424758125	0.00689060129124397	False
HLA-DQA1	protein	AFR	SAS	580.0	0.9625466202433188	0.0031612901382569447	False
HLA-DQA1	protein	AFR	UNASSIGNED	580.0	0.975882894612956	0.002162381312555528	False
HLA-DQA1	protein	AMR	AFR	580.0	0.9894770846648473	0.00320859111838534	False
HLA-DQA1	protein	AMR	AMR	580.0	0.996482616415664	0.001987193568288026	True
HLA-DQA1	protein	AMR	EAS	580.0	0.9060876453999531	0.0020598169483301287	False
HLA-DQA1	protein	AMR	EUR	580.0	0.9906334078814324	0.0024583444392429765	False
HLA-DQA1	protein	AMR	MID	580.0	0.98585874043458	0.00689060129124397	False
HLA-DQA1	protein	AMR	SAS	580.0	0.9618064138138972	0.0031612901382569447	False
HLA-DQA1	protein	AMR	UNASSIGNED	580.0	0.9862845487162546	0.002162381312555528	False
HLA-DQA1	protein	EAS	AFR	580.0	0.989320521904074	0.00320859111838534	False
HLA-DQA1	protein	EAS	AMR	580.0	0.9955066898891276	0.001987193568288026	False
HLA-DQA1	protein	EAS	EAS	580.0	0.9972297704728028	0.0020598169483301287	True
HLA-DQA1	protein	EAS	EUR	580.0	0.992085316794741	0.0024583444392429765	False
HLA-DQA1	protein	EAS	MID	580.0	0.9864715127620656	0.00689060129124397	False
HLA-DQA1	protein	EAS	SAS	580.0	0.9820266582072646	0.0031612901382569447	False
HLA-DQA1	protein	EAS	UNASSIGNED	580.0	0.9882381345291641	0.002162381312555528	False
HLA-DQA1	protein	EUR	AFR	580.0	0.9884725063803652	0.00320859111838534	False
HLA-DQA1	protein	EUR	AMR	580.0	0.9615700557877047	0.001987193568288026	False
HLA-DQA1	protein	EUR	EAS	580.0	0.9514339200670086	0.0020598169483301287	False
HLA-DQA1	protein	EUR	EUR	580.0	0.9950299547753357	0.0024583444392429765	True
HLA-DQA1	protein	EUR	MID	580.0	0.9900150269245177	0.00689060129124397	False
HLA-DQA1	protein	EUR	SAS	580.0	0.9824943853930787	0.0031612901382569447	False
HLA-DQA1	protein	EUR	UNASSIGNED	580.0	0.9853245289061623	0.002162381312555528	False
HLA-DQA1	protein	MID	AFR	580.0	0.9912903965161588	0.00320859111838534	False
HLA-DQA1	protein	MID	AMR	580.0	0.9956939383901954	0.001987193568288026	False
HLA-DQA1	protein	MID	EAS	580.0	0.8603213844252164	0.0020598169483301287	False
HLA-DQA1	protein	MID	EUR	580.0	0.9938524590163933	0.0024583444392429765	False
HLA-DQA1	protein	MID	MID	580.0	0.9999999999999997	0.00689060129124397	True
HLA-DQA1	protein	MID	SAS	580.0	0.9620596205962059	0.0031612901382569447	False
HLA-DQA1	protein	MID	UNASSIGNED	580.0	0.9863495066900932	0.002162381312555528	False
HLA-DQA1	protein	SAS	AFR	580.0	0.987960828971101	0.00320859111838534	False
HLA-DQA1	protein	SAS	AMR	580.0	0.9913869670175911	0.001987193568288026	False
HLA-DQA1	protein	SAS	EAS	580.0	0.988590175832851	0.0020598169483301287	False
HLA-DQA1	protein	SAS	EUR	580.0	0.9944366933309268	0.0024583444392429765	False
HLA-DQA1	protein	SAS	MID	580.0	0.9930092772287314	0.00689060129124397	False
HLA-DQA1	protein	SAS	SAS	580.0	0.9973201845498463	0.0031612901382569447	True
HLA-DQA1	protein	SAS	UNASSIGNED	580.0	0.9886900347496135	0.002162381312555528	False
HLA-DQA1	protein	UNASSIGNED	AFR	580.0	0.992125797024857	0.00320859111838534	False
HLA-DQA1	protein	UNASSIGNED	AMR	580.0	0.9975619653396676	0.001987193568288026	False
HLA-DQA1	protein	UNASSIGNED	EAS	580.0	0.9871483494874249	0.0020598169483301287	False
HLA-DQA1	protein	UNASSIGNED	EUR	580.0	0.9952381433002807	0.0024583444392429765	False
HLA-DQA1	protein	UNASSIGNED	MID	580.0	0.9927516314120207	0.00689060129124397	False
HLA-DQA1	protein	UNASSIGNED	SAS	580.0	0.9909036128058086	0.0031612901382569447	False
HLA-DQA1	protein	UNASSIGNED	UNASSIGNED	580.0	0.9941859508354501	0.002162381312555528	True
HLA-DQA2	protein	AFR	AFR	595.0	0.9954312701280861	0.001121730134003296	True
HLA-DQA2	protein	AFR	AMR	595.0	0.9907562952676394	0.001311260096423017	False
HLA-DQA2	protein	AFR	EAS	595.0	0.9772602082378157	0.0024536530801595458	False
HLA-DQA2	protein	AFR	EUR	595.0	0.9964516941394751	0.0008100444194605316	False
HLA-DQA2	protein	AFR	MID	595.0	0.9791601719063817	0.0	False
HLA-DQA2	protein	AFR	SAS	595.0	0.9399875867923083	0.0008960571676436269	False
HLA-DQA2	protein	AFR	UNASSIGNED	595.0	0.9884562840450616	0.0010688042561347588	False
HLA-DQA2	protein	AMR	AFR	595.0	0.9888695713609834	0.001121730134003296	False
HLA-DQA2	protein	AMR	AMR	595.0	0.9962407745903207	0.001311260096423017	True
HLA-DQA2	protein	AMR	EAS	595.0	0.9974465816326482	0.0024536530801595458	False
HLA-DQA2	protein	AMR	EUR	595.0	0.9995791344014293	0.0008100444194605316	False
HLA-DQA2	protein	AMR	MID	595.0	0.9998976908962841	0.0	False
HLA-DQA2	protein	AMR	SAS	595.0	0.9988137765794476	0.0008960571676436269	False
HLA-DQA2	protein	AMR	UNASSIGNED	595.0	0.9968569425177403	0.0010688042561347588	False
HLA-DQA2	protein	EAS	AFR	595.0	0.8309121463917671	0.001121730134003296	False
HLA-DQA2	protein	EAS	AMR	595.0	0.9480931058434569	0.001311260096423017	False
HLA-DQA2	protein	EAS	EAS	595.0	0.9972695629663804	0.0024536530801595458	True
HLA-DQA2	protein	EAS	EUR	595.0	0.9882218916204945	0.0008100444194605316	False
HLA-DQA2	protein	EAS	MID	595.0	0.982527718746495	0.0	False
HLA-DQA2	protein	EAS	SAS	595.0	0.9961677639042125	0.0008960571676436269	False
HLA-DQA2	protein	EAS	UNASSIGNED	595.0	0.9464458887443459	0.0010688042561347588	False
HLA-DQA2	protein	EUR	AFR	595.0	0.8835231964355729	0.001121730134003296	False
HLA-DQA2	protein	EUR	AMR	595.0	0.9721699078174578	0.001311260096423017	False
HLA-DQA2	protein	EUR	EAS	595.0	0.9961774124832135	0.0024536530801595458	False
HLA-DQA2	protein	EUR	EUR	595.0	0.9987360234141228	0.0008100444194605316	True
HLA-DQA2	protein	EUR	MID	595.0	0.9911924897539148	0.0	False
HLA-DQA2	protein	EUR	SAS	595.0	0.9948832981438807	0.0008960571676436269	False
HLA-DQA2	protein	EUR	UNASSIGNED	595.0	0.9691522902633938	0.0010688042561347588	False
HLA-DQA2	protein	MID	AFR	595.0	0.9860892977339016	0.001121730134003296	False
HLA-DQA2	protein	MID	AMR	595.0	0.993766404199475	0.001311260096423017	False
HLA-DQA2	protein	MID	EAS	595.0	0.9975460122699387	0.0024536530801595458	False
HLA-DQA2	protein	MID	EUR	595.0	0.9995948136142624	0.0008100444194605316	False
HLA-DQA2	protein	MID	MID	595.0	1.0	0.0	True
HLA-DQA2	protein	MID	SAS	595.0	0.9991035410129986	0.0008960571676436269	False
HLA-DQA2	protein	MID	UNASSIGNED	595.0	0.9963923035809729	0.0010688042561347588	False
HLA-DQA2	protein	SAS	AFR	595.0	0.890572856389032	0.001121730134003296	False
HLA-DQA2	protein	SAS	AMR	595.0	0.9695592871688741	0.001311260096423017	False
HLA-DQA2	protein	SAS	EAS	595.0	0.9974161370739175	0.0024536530801595458	False
HLA-DQA2	protein	SAS	EUR	595.0	0.9982430455030823	0.0008100444194605316	False
HLA-DQA2	protein	SAS	MID	595.0	0.9921835494938953	0.0	False
HLA-DQA2	protein	SAS	SAS	595.0	0.9989151555258956	0.0008960571676436269	True
HLA-DQA2	protein	SAS	UNASSIGNED	595.0	0.9696189601710122	0.0010688042561347588	False
HLA-DQA2	protein	UNASSIGNED	AFR	595.0	0.988845388777668	0.001121730134003296	False
HLA-DQA2	protein	UNASSIGNED	AMR	595.0	0.9943634903037116	0.001311260096423017	False
HLA-DQA2	protein	UNASSIGNED	EAS	595.0	0.9975450496478252	0.0024536530801595458	False
HLA-DQA2	protein	UNASSIGNED	EUR	595.0	0.9995946610642801	0.0008100444194605316	False
HLA-DQA2	protein	UNASSIGNED	MID	595.0	0.9999990021792872	0.0	False
HLA-DQA2	protein	UNASSIGNED	SAS	595.0	0.9991007354820518	0.0008960571676436269	False
HLA-DQA2	protein	UNASSIGNED	UNASSIGNED	595.0	0.997029804873646	0.0010688042561347588	True
HLA-DQB1	protein	AFR	AFR	573.0	0.9930594201895535	0.0023186791805134277	True
HLA-DQB1	protein	AFR	AMR	573.0	0.9894338917286192	0.002702017838431381	False
HLA-DQB1	protein	AFR	EAS	573.0	0.8955681488702211	0.001658718497145939	False
HLA-DQB1	protein	AFR	EUR	573.0	0.9925919089121132	0.002061515486029508	False
HLA-DQB1	protein	AFR	MID	573.0	0.9444542547587218	0.012210305832699442	False
HLA-DQB1	protein	AFR	SAS	573.0	0.918225629056956	0.0031863695727731844	False
HLA-DQB1	protein	AFR	UNASSIGNED	573.0	0.9750464308174803	0.0028754930995494865	False
HLA-DQB1	protein	AMR	AFR	573.0	0.9874883055264314	0.0023186791805134277	False
HLA-DQB1	protein	AMR	AMR	573.0	0.9953847882190173	0.002702017838431381	True
HLA-DQB1	protein	AMR	EAS	573.0	0.9394381333330214	0.001658718497145939	False
HLA-DQB1	protein	AMR	EUR	573.0	0.9965026662131239	0.002061515486029508	False
HLA-DQB1	protein	AMR	MID	573.0	0.9720696645548058	0.012210305832699442	False
HLA-DQB1	protein	AMR	SAS	573.0	0.9883684061490929	0.0031863695727731844	False
HLA-DQB1	protein	AMR	UNASSIGNED	573.0	0.9888469118685205	0.0028754930995494865	False
HLA-DQB1	protein	EAS	AFR	573.0	0.8776874001853378	0.0023186791805134277	False
HLA-DQB1	protein	EAS	AMR	573.0	0.9664844446380415	0.002702017838431381	False
HLA-DQB1	protein	EAS	EAS	573.0	0.9975902439863458	0.001658718497145939	True
HLA-DQB1	protein	EAS	EUR	573.0	0.9923649313931646	0.002061515486029508	False
HLA-DQB1	protein	EAS	MID	573.0	0.9671039159089577	0.012210305832699442	False
HLA-DQB1	protein	EAS	SAS	573.0	0.9901599797188351	0.0031863695727731844	False
HLA-DQB1	protein	EAS	UNASSIGNED	573.0	0.961150458127924	0.0028754930995494865	False
HLA-DQB1	protein	EUR	AFR	573.0	0.9585418362838427	0.0023186791805134277	False
HLA-DQB1	protein	EUR	AMR	573.0	0.9871255187780101	0.002702017838431381	False
HLA-DQB1	protein	EUR	EAS	573.0	0.9384810203205158	0.001658718497145939	False
HLA-DQB1	protein	EUR	EUR	573.0	0.9967153467440272	0.002061515486029508	True
HLA-DQB1	protein	EUR	MID	573.0	0.9614539300171899	0.012210305832699442	False
HLA-DQB1	protein	EUR	SAS	573.0	0.9868701963728133	0.0031863695727731844	False
HLA-DQB1	protein	EUR	UNASSIGNED	573.0	0.9787836161631903	0.0028754930995494865	False
HLA-DQB1	protein	MID	AFR	573.0	0.989795918367347	0.0023186791805134277	False
HLA-DQB1	protein	MID	AMR	573.0	0.9966216216216217	0.002702017838431381	False
HLA-DQB1	protein	MID	EAS	573.0	0.9411032766486935	0.001658718497145939	False
HLA-DQB1	protein	MID	EUR	573.0	0.9979381443298969	0.002061515486029508	False
HLA-DQB1	protein	MID	MID	573.0	0.9999999999999998	0.012210305832699442	True
HLA-DQB1	protein	MID	SAS	573.0	0.9908925318761385	0.0031863695727731844	False
HLA-DQB1	protein	MID	UNASSIGNED	573.0	0.9934273586197454	0.0028754930995494865	False
HLA-DQB1	protein	SAS	AFR	573.0	0.8777129695606936	0.0023186791805134277	False
HLA-DQB1	protein	SAS	AMR	573.0	0.9665879503918026	0.002702017838431381	False
HLA-DQB1	protein	SAS	EAS	573.0	0.9551920187082555	0.001658718497145939	False
HLA-DQB1	protein	SAS	EUR	573.0	0.9925482659189683	0.002061515486029508	False
HLA-DQB1	protein	SAS	MID	573.0	0.9685758061096411	0.012210305832699442	False
HLA-DQB1	protein	SAS	SAS	573.0	0.9945368698282537	0.0031863695727731844	True
HLA-DQB1	protein	SAS	UNASSIGNED	573.0	0.9596201081219932	0.0028754930995494865	False
HLA-DQB1	protein	UNASSIGNED	AFR	573.0	0.9883696166164689	0.0023186791805134277	False
HLA-DQB1	protein	UNASSIGNED	AMR	573.0	0.9950381370345861	0.002702017838431381	False
HLA-DQB1	protein	UNASSIGNED	EAS	573.0	0.9851935245052839	0.001658718497145939	False
HLA-DQB1	protein	UNASSIGNED	EUR	573.0	0.9962204408007211	0.002061515486029508	False
HLA-DQB1	protein	UNASSIGNED	MID	573.0	0.9854216679784665	0.012210305832699442	False
HLA-DQB1	protein	UNASSIGNED	SAS	573.0	0.9908247561988733	0.0031863695727731844	False
HLA-DQB1	protein	UNASSIGNED	UNASSIGNED	573.0	0.9945293327198377	0.0028754930995494865	True
HLA-DQB2	protein	AFR	AFR	584.0	0.9950580884382604	0.0022577440391096104	True
HLA-DQB2	protein	AFR	AMR	584.0	0.9898923068979466	0.002312847962885334	False
HLA-DQB2	protein	AFR	EAS	584.0	0.9437104211883527	0.0016333194497842873	False
HLA-DQB2	protein	AFR	EUR	584.0	0.9908614888787719	0.002024946952463913	False
HLA-DQB2	protein	AFR	MID	584.0	0.9600544905013629	0.005131118812733204	False
HLA-DQB2	protein	AFR	SAS	584.0	0.913492857667526	0.0013548092051894889	False
HLA-DQB2	protein	AFR	UNASSIGNED	584.0	0.9808447583533979	0.0016052079890513937	False
HLA-DQB2	protein	AMR	AFR	584.0	0.9837409923492136	0.0022577440391096104	False
HLA-DQB2	protein	AMR	AMR	584.0	0.995243233322153	0.002312847962885334	True
HLA-DQB2	protein	AMR	EAS	584.0	0.9904864637952385	0.0016333194497842873	False
HLA-DQB2	protein	AMR	EUR	584.0	0.9951435113680032	0.002024946952463913	False
HLA-DQB2	protein	AMR	MID	584.0	0.9862641857905402	0.005131118812733204	False
HLA-DQB2	protein	AMR	SAS	584.0	0.9907376178070899	0.0013548092051894889	False
HLA-DQB2	protein	AMR	UNASSIGNED	584.0	0.9907210058882148	0.0016052079890513937	False
HLA-DQB2	protein	EAS	AFR	584.0	0.961640748832987	0.0022577440391096104	False
HLA-DQB2	protein	EAS	AMR	584.0	0.987223085272307	0.002312847962885334	False
HLA-DQB2	protein	EAS	EAS	584.0	0.997655290701064	0.0016333194497842873	True
HLA-DQB2	protein	EAS	EUR	584.0	0.9875197512821625	0.002024946952463913	False
HLA-DQB2	protein	EAS	MID	584.0	0.9733406386629395	0.005131118812733204	False
HLA-DQB2	protein	EAS	SAS	584.0	0.9883981074651047	0.0013548092051894889	False
HLA-DQB2	protein	EAS	UNASSIGNED	584.0	0.978078505922706	0.0016052079890513937	False
HLA-DQB2	protein	EUR	AFR	584.0	0.9652869906696049	0.0022577440391096104	False
HLA-DQB2	protein	EUR	AMR	584.0	0.9895708337694178	0.002312847962885334	False
HLA-DQB2	protein	EUR	EAS	584.0	0.98325912372377	0.0016333194497842873	False
HLA-DQB2	protein	EUR	EUR	584.0	0.9964725082829461	0.002024946952463913	True
HLA-DQB2	protein	EUR	MID	584.0	0.9792222641560931	0.005131118812733204	False
HLA-DQB2	protein	EUR	SAS	584.0	0.982209934323717	0.0013548092051894889	False
HLA-DQB2	protein	EUR	UNASSIGNED	584.0	0.9867644281219102	0.0016052079890513937	False
HLA-DQB2	protein	MID	AFR	584.0	0.9907428313389026	0.0022577440391096104	False
HLA-DQB2	protein	MID	AMR	584.0	0.9973562458691342	0.002312847962885334	False
HLA-DQB2	protein	MID	EAS	584.0	0.9922385620915033	0.0016333194497842873	False
HLA-DQB2	protein	MID	EUR	584.0	0.9975688816855753	0.002024946952463913	False
HLA-DQB2	protein	MID	MID	584.0	0.9999999999999999	0.005131118812733204	True
HLA-DQB2	protein	MID	SAS	584.0	0.9936737460460913	0.0013548092051894889	False
HLA-DQB2	protein	MID	UNASSIGNED	584.0	0.9962541806020067	0.0016052079890513937	False
HLA-DQB2	protein	SAS	AFR	584.0	0.9624587397571134	0.0022577440391096104	False
HLA-DQB2	protein	SAS	AMR	584.0	0.9897061820867546	0.002312847962885334	False
HLA-DQB2	protein	SAS	EAS	584.0	0.9918245457130297	0.0016333194497842873	False
HLA-DQB2	protein	SAS	EUR	584.0	0.9956144555240061	0.002024946952463913	False
HLA-DQB2	protein	SAS	MID	584.0	0.9802401197387192	0.005131118812733204	False
HLA-DQB2	protein	SAS	SAS	584.0	0.9976271936722213	0.0013548092051894889	True
HLA-DQB2	protein	SAS	UNASSIGNED	584.0	0.9865652974236536	0.0016052079890513937	False
HLA-DQB2	protein	UNASSIGNED	AFR	584.0	0.9852680582211771	0.0022577440391096104	False
HLA-DQB2	protein	UNASSIGNED	AMR	584.0	0.9951643509704771	0.002312847962885334	False
HLA-DQB2	protein	UNASSIGNED	EAS	584.0	0.9924792078706128	0.0016333194497842873	False
HLA-DQB2	protein	UNASSIGNED	EUR	584.0	0.9968339937689057	0.002024946952463913	False
HLA-DQB2	protein	UNASSIGNED	MID	584.0	0.9919045765061606	0.005131118812733204	False
HLA-DQB2	protein	UNASSIGNED	SAS	584.0	0.993111807972718	0.0013548092051894889	False
HLA-DQB2	protein	UNASSIGNED	UNASSIGNED	584.0	0.9941834464615529	0.0016052079890513937	True
HLA-DRA	protein	AFR	AFR	581.0	0.9970196019170018	0.0018496040444048178	True
HLA-DRA	protein	AFR	AMR	581.0	0.9981523195242218	0.001343860162654531	False
HLA-DRA	protein	AFR	EAS	581.0	0.9930006901178613	0.0041785056203520465	False
HLA-DRA	protein	AFR	EUR	581.0	0.9986633557021095	0.0004111840713147963	False
HLA-DRA	protein	AFR	MID	581.0	1.0	0.0	False
HLA-DRA	protein	AFR	SAS	581.0	0.9972401103955841	0.0018395031394511374	False
HLA-DRA	protein	AFR	UNASSIGNED	581.0	0.9981229408763826	0.0010913679564505951	False
HLA-DRA	protein	AMR	AFR	581.0	0.9943252152892965	0.0018496040444048178	False
HLA-DRA	protein	AMR	AMR	581.0	0.9983815176014222	0.001343860162654531	True
HLA-DRA	protein	AMR	EAS	581.0	0.9920591594917826	0.0041785056203520465	False
HLA-DRA	protein	AMR	EUR	581.0	0.9987562271365241	0.0004111840713147963	False
HLA-DRA	protein	AMR	MID	581.0	0.9999178434093651	0.0	False
HLA-DRA	protein	AMR	SAS	581.0	0.9971522852269387	0.0018395031394511374	False
HLA-DRA	protein	AMR	UNASSIGNED	581.0	0.9975207768200679	0.0010913679564505951	False
HLA-DRA	protein	EAS	AFR	581.0	0.995256782185035	0.0018496040444048178	False
HLA-DRA	protein	EAS	AMR	581.0	0.9981470372816786	0.001343860162654531	False
HLA-DRA	protein	EAS	EAS	581.0	0.9964194039339911	0.0041785056203520465	True
HLA-DRA	protein	EAS	EUR	581.0	0.9986536520269192	0.0004111840713147963	False
HLA-DRA	protein	EAS	MID	581.0	1.0	0.0	False
HLA-DRA	protein	EAS	SAS	581.0	0.9980291390278172	0.0018395031394511374	False
HLA-DRA	protein	EAS	UNASSIGNED	581.0	0.9980980361964513	0.0010913679564505951	False
HLA-DRA	protein	EUR	AFR	581.0	0.9796773786751617	0.0018496040444048178	False
HLA-DRA	protein	EUR	AMR	581.0	0.9967336221198835	0.001343860162654531	False
HLA-DRA	protein	EUR	EAS	581.0	0.9773751171628575	0.0041785056203520465	False
HLA-DRA	protein	EUR	EUR	581.0	0.9986190478598056	0.0004111840713147963	True
HLA-DRA	protein	EUR	MID	581.0	0.9986846663845976	0.0	False
HLA-DRA	protein	EUR	SAS	581.0	0.9958340223908946	0.0018395031394511374	False
HLA-DRA	protein	EUR	UNASSIGNED	581.0	0.9937326559373348	0.0010913679564505951	False
HLA-DRA	protein	MID	AFR	581.0	0.9951445086705203	0.0018496040444048178	False
HLA-DRA	protein	MID	AMR	581.0	0.9979838709677419	0.001343860162654531	False
HLA-DRA	protein	MID	EAS	581.0	0.992895946510656	0.0041785056203520465	False
HLA-DRA	protein	MID	EUR	581.0	0.9983539094650206	0.0004111840713147963	False
HLA-DRA	protein	MID	MID	581.0	1.0	0.0	True
HLA-DRA	protein	MID	SAS	581.0	0.9972401103955841	0.0018395031394511374	False
HLA-DRA	protein	MID	UNASSIGNED	581.0	0.9976807639836289	0.0010913679564505951	False
HLA-DRA	protein	SAS	AFR	581.0	0.9936817552536623	0.0018496040444048178	False
HLA-DRA	protein	SAS	AMR	581.0	0.9978325961474187	0.001343860162654531	False
HLA-DRA	protein	SAS	EAS	581.0	0.9927853708927221	0.0041785056203520465	False
HLA-DRA	protein	SAS	EUR	581.0	0.9983051555268266	0.0004111840713147963	False
HLA-DRA	protein	SAS	MID	581.0	0.9998776536284223	0.0	False
HLA-DRA	protein	SAS	SAS	581.0	0.9980271377009686	0.0018395031394511374	True
HLA-DRA	protein	SAS	UNASSIGNED	581.0	0.9974888893296685	0.0010913679564505951	False
HLA-DRA	protein	UNASSIGNED	AFR	581.0	0.9957320168327177	0.0018496040444048178	False
HLA-DRA	protein	UNASSIGNED	AMR	581.0	0.9980858473855347	0.001343860162654531	False
HLA-DRA	protein	UNASSIGNED	EAS	581.0	0.9935982172551399	0.0041785056203520465	False
HLA-DRA	protein	UNASSIGNED	EUR	581.0	0.9985417661234303	0.0004111840713147963	False
HLA-DRA	protein	UNASSIGNED	MID	581.0	0.9999997211811825	0.0	False
HLA-DRA	protein	UNASSIGNED	SAS	581.0	0.9974417142568386	0.0018395031394511374	False
HLA-DRA	protein	UNASSIGNED	UNASSIGNED	581.0	0.9980513077522786	0.0010913679564505951	True
HLA-DRB1	protein	AFR	AFR	566.0	0.9861800125294639	0.003945284570301522	True
HLA-DRB1	protein	AFR	AMR	566.0	0.7755226746744577	0.004415299247541915	False
HLA-DRB1	protein	AFR	EAS	566.0	0.7937232353463418	0.007605275690797164	False
HLA-DRB1	protein	AFR	EUR	566.0	0.9549124027294252	0.006704378208451711	False
HLA-DRB1	protein	AFR	MID	566.0	0.8765787288111309	0.008802762041866918	False
HLA-DRB1	protein	AFR	SAS	566.0	0.8329345741681772	0.004618509808664295	False
HLA-DRB1	protein	AFR	UNASSIGNED	566.0	0.8982712675539891	0.0037228446455996878	False
HLA-DRB1	protein	AMR	AFR	566.0	0.9854233001870102	0.003945284570301522	False
HLA-DRB1	protein	AMR	AMR	566.0	0.9890028723987939	0.004415299247541915	True
HLA-DRB1	protein	AMR	EAS	566.0	0.8552833550812861	0.007605275690797164	False
HLA-DRB1	protein	AMR	EUR	566.0	0.9859009206666843	0.006704378208451711	False
HLA-DRB1	protein	AMR	MID	566.0	0.9727188754005273	0.008802762041866918	False
HLA-DRB1	protein	AMR	SAS	566.0	0.9054953405903327	0.004618509808664295	False
HLA-DRB1	protein	AMR	UNASSIGNED	566.0	0.9799071514159278	0.0037228446455996878	False
HLA-DRB1	protein	EAS	AFR	566.0	0.6074864659789104	0.003945284570301522	False
HLA-DRB1	protein	EAS	AMR	566.0	0.7557985294372813	0.004415299247541915	False
HLA-DRB1	protein	EAS	EAS	566.0	0.986275094201148	0.007605275690797164	True
HLA-DRB1	protein	EAS	EUR	566.0	0.8958562039802402	0.006704378208451711	False
HLA-DRB1	protein	EAS	MID	566.0	0.7686329209479694	0.008802762041866918	False
HLA-DRB1	protein	EAS	SAS	566.0	0.9467330230993527	0.004618509808664295	False
HLA-DRB1	protein	EAS	UNASSIGNED	566.0	0.7540406018033415	0.0037228446455996878	False
HLA-DRB1	protein	EUR	AFR	566.0	0.7505290675649581	0.003945284570301522	False
HLA-DRB1	protein	EUR	AMR	566.0	0.7688970532509306	0.004415299247541915	False
HLA-DRB1	protein	EUR	EAS	566.0	0.7760947319796625	0.007605275690797164	False
HLA-DRB1	protein	EUR	EUR	566.0	0.9891110549323864	0.006704378208451711	True
HLA-DRB1	protein	EUR	MID	566.0	0.9452433661339507	0.008802762041866918	False
HLA-DRB1	protein	EUR	SAS	566.0	0.8857643910916183	0.004618509808664295	False
HLA-DRB1	protein	EUR	UNASSIGNED	566.0	0.9009599158424108	0.0037228446455996878	False
HLA-DRB1	protein	MID	AFR	566.0	0.9700557103064068	0.003945284570301522	False
HLA-DRB1	protein	MID	AMR	566.0	0.7741168478260867	0.004415299247541915	False
HLA-DRB1	protein	MID	EAS	566.0	0.7447168216398985	0.007605275690797164	False
HLA-DRB1	protein	MID	EUR	566.0	0.9769488683989942	0.006704378208451711	False
HLA-DRB1	protein	MID	MID	566.0	1.0	0.008802762041866918	True
HLA-DRB1	protein	MID	SAS	566.0	0.925600739371534	0.004618509808664295	False
HLA-DRB1	protein	MID	UNASSIGNED	566.0	0.9509100937672366	0.0037228446455996878	False
HLA-DRB1	protein	SAS	AFR	566.0	0.7402585528348562	0.003945284570301522	False
HLA-DRB1	protein	SAS	AMR	566.0	0.7366920247791326	0.004415299247541915	False
HLA-DRB1	protein	SAS	EAS	566.0	0.9517640905787275	0.007605275690797164	False
HLA-DRB1	protein	SAS	EUR	566.0	0.9429686890357206	0.006704378208451711	False
HLA-DRB1	protein	SAS	MID	566.0	0.913070902762759	0.008802762041866918	False
HLA-DRB1	protein	SAS	SAS	566.0	0.986419754978288	0.004618509808664295	True
HLA-DRB1	protein	SAS	UNASSIGNED	566.0	0.8633035023855478	0.0037228446455996878	False
HLA-DRB1	protein	UNASSIGNED	AFR	566.0	0.9871404347801211	0.003945284570301522	False
HLA-DRB1	protein	UNASSIGNED	AMR	566.0	0.9607718092743756	0.004415299247541915	False
HLA-DRB1	protein	UNASSIGNED	EAS	566.0	0.9334346781693356	0.007605275690797164	False
HLA-DRB1	protein	UNASSIGNED	EUR	566.0	0.9916534775279346	0.006704378208451711	False
HLA-DRB1	protein	UNASSIGNED	MID	566.0	0.9843035275658466	0.008802762041866918	False
HLA-DRB1	protein	UNASSIGNED	SAS	566.0	0.9479412601099362	0.004618509808664295	False
HLA-DRB1	protein	UNASSIGNED	UNASSIGNED	566.0	0.9860076711031011	0.0037228446455996878	True
HLA-DRB3	protein	AFR	AFR	284.0	0.9980098757040824	0.0022868640602597967	True
HLA-DRB3	protein	AFR	AMR	284.0	0.9954399978069521	0.0028072347904176675	False
HLA-DRB3	protein	AFR	EAS	284.0	0.9978070175438596	0.0	False
HLA-DRB3	protein	AFR	EUR	284.0	0.9885416666666667	0.004164495396908108	False
HLA-DRB3	protein	AFR	MID	284.0	0.9612676056338028	0.007017456853798842	False
HLA-DRB3	protein	AFR	SAS	284.0	0.9928909952606635	0.004736527164797999	False
HLA-DRB3	protein	AFR	UNASSIGNED	284.0	0.9911577083178637	0.0015312059203627104	False
HLA-DRB3	protein	AMR	AFR	284.0	0.997739850053663	0.0022868640602597967	False
HLA-DRB3	protein	AMR	AMR	284.0	0.9969130596050345	0.0028072347904176675	True
HLA-DRB3	protein	AMR	EAS	284.0	0.9978070175438596	0.0	False
HLA-DRB3	protein	AMR	EUR	284.0	0.9923851034254201	0.004164495396908108	False
HLA-DRB3	protein	AMR	MID	284.0	0.9758811855651249	0.007017456853798842	False
HLA-DRB3	protein	AMR	SAS	284.0	0.9939841373988866	0.004736527164797999	False
HLA-DRB3	protein	AMR	UNASSIGNED	284.0	0.9944465190031435	0.0015312059203627104	False
HLA-DRB3	protein	EAS	AFR	284.0	0.8714547118023788	0.0022868640602597967	False
HLA-DRB3	protein	EAS	AMR	284.0	0.9737827715355806	0.0028072347904176675	False
HLA-DRB3	protein	EAS	EAS	284.0	0.9989606803782234	0.0	True
HLA-DRB3	protein	EAS	EUR	284.0	0.9874999999999999	0.004164495396908108	False
HLA-DRB3	protein	EAS	MID	284.0	0.954225352112676	0.007017456853798842	False
HLA-DRB3	protein	EAS	SAS	284.0	0.9928909952606635	0.004736527164797999	False
HLA-DRB3	protein	EAS	UNASSIGNED	284.0	0.9589586523736601	0.0015312059203627104	False
HLA-DRB3	protein	EUR	AFR	284.0	0.9088060384264159	0.0022868640602597967	False
HLA-DRB3	protein	EUR	AMR	284.0	0.9819145564832604	0.0028072347904176675	False
HLA-DRB3	protein	EUR	EAS	284.0	0.9978070175438596	0.0	False
HLA-DRB3	protein	EUR	EUR	284.0	0.9965683874615716	0.004164495396908108	True
HLA-DRB3	protein	EUR	MID	284.0	0.98610660255339	0.007017456853798842	False
HLA-DRB3	protein	EUR	SAS	284.0	0.9951191702102409	0.004736527164797999	False
HLA-DRB3	protein	EUR	UNASSIGNED	284.0	0.9748082316177433	0.0015312059203627104	False
HLA-DRB3	protein	MID	AFR	284.0	0.9977127172918572	0.0022868640602597967	False
HLA-DRB3	protein	MID	AMR	284.0	0.9971910112359551	0.0028072347904176675	False
HLA-DRB3	protein	MID	EAS	284.0	0.9978070175438596	0.0	False
HLA-DRB3	protein	MID	EUR	284.0	0.996875	0.004164495396908108	False
HLA-DRB3	protein	MID	MID	284.0	1.0	0.007017456853798842	True
HLA-DRB3	protein	MID	SAS	284.0	0.995260663507109	0.004736527164797999	False
HLA-DRB3	protein	MID	UNASSIGNED	284.0	0.9978560490045941	0.0015312059203627104	False
HLA-DRB3	protein	SAS	AFR	284.0	0.8714547118023788	0.0022868640602597967	False
HLA-DRB3	protein	SAS	AMR	284.0	0.9748315040497999	0.0028072347904176675	False
HLA-DRB3	protein	SAS	EAS	284.0	0.9978070175438596	0.0	False
HLA-DRB3	protein	SAS	EUR	284.0	0.9921668596882757	0.004164495396908108	False
HLA-DRB3	protein	SAS	MID	284.0	0.971972565011753	0.007017456853798842	False
HLA-DRB3	protein	SAS	SAS	284.0	0.9958128174042239	0.004736527164797999	True
HLA-DRB3	protein	SAS	UNASSIGNED	284.0	0.9629382834177757	0.0015312059203627104	False
HLA-DRB3	protein	UNASSIGNED	AFR	284.0	0.9977449093450852	0.0022868640602597967	False
HLA-DRB3	protein	UNASSIGNED	AMR	284.0	0.9971757699412331	0.0028072347904176675	False
HLA-DRB3	protein	UNASSIGNED	EAS	284.0	0.9978070175438596	0.0	False
HLA-DRB3	protein	UNASSIGNED	EUR	284.0	0.9957570158412746	0.004164495396908108	False
HLA-DRB3	protein	UNASSIGNED	MID	284.0	0.9887060719924555	0.007017456853798842	False
HLA-DRB3	protein	UNASSIGNED	SAS	284.0	0.9951488923669882	0.004736527164797999	False
HLA-DRB3	protein	UNASSIGNED	UNASSIGNED	284.0	0.9971853392717088	0.0015312059203627104	True
HLA-DRB4	protein	AFR	AFR	155.0	1.0	0.0	True
HLA-DRB4	protein	AFR	AMR	155.0	0.9989440337909187	0.001053738432268858	False
HLA-DRB4	protein	AFR	EAS	155.0	0.9870689655172413	0.0014326588499150583	False
HLA-DRB4	protein	AFR	EUR	155.0	0.9969879518072289	0.0030075119756133306	False
HLA-DRB4	protein	AFR	MID	155.0	0.9935483870967743	0.006368899917287063	False
HLA-DRB4	protein	AFR	SAS	155.0	0.997854077253219	0.0021367324994715498	False
HLA-DRB4	protein	AFR	UNASSIGNED	155.0	0.9961601755348327	0.001645037140239669	False
HLA-DRB4	protein	AMR	AFR	155.0	1.0	0.0	False
HLA-DRB4	protein	AMR	AMR	155.0	0.9991168688093013	0.001053738432268858	True
HLA-DRB4	protein	AMR	EAS	155.0	0.9870689655172413	0.0014326588499150583	False
HLA-DRB4	protein	AMR	EUR	155.0	0.9969879518072289	0.0030075119756133306	False
HLA-DRB4	protein	AMR	MID	155.0	0.9935483870967743	0.006368899917287063	False
HLA-DRB4	protein	AMR	SAS	155.0	0.997854077253219	0.0021367324994715498	False
HLA-DRB4	protein	AMR	UNASSIGNED	155.0	0.9961601755348327	0.001645037140239669	False
HLA-DRB4	protein	EAS	AFR	155.0	0.7977518036320346	0.0	False
HLA-DRB4	protein	EAS	AMR	155.0	0.9053306161791759	0.001053738432268858	False
HLA-DRB4	protein	EAS	EAS	155.0	0.9932363079889863	0.0014326588499150583	True
HLA-DRB4	protein	EAS	EUR	155.0	0.8816058489002966	0.0030075119756133306	False
HLA-DRB4	protein	EAS	MID	155.0	0.9501669799918541	0.006368899917287063	False
HLA-DRB4	protein	EAS	SAS	155.0	0.9904705704772079	0.0021367324994715498	False
HLA-DRB4	protein	EAS	UNASSIGNED	155.0	0.886205253037951	0.001645037140239669	False
HLA-DRB4	protein	EUR	AFR	155.0	1.0	0.0	False
HLA-DRB4	protein	EUR	AMR	155.0	0.9989440337909187	0.001053738432268858	False
HLA-DRB4	protein	EUR	EAS	155.0	0.9890813253012091	0.0014326588499150583	False
HLA-DRB4	protein	EUR	EUR	155.0	0.9976910654666875	0.0030075119756133306	True
HLA-DRB4	protein	EUR	MID	155.0	0.995054411193163	0.006368899917287063	False
HLA-DRB4	protein	EUR	SAS	155.0	0.9983550080148933	0.0021367324994715498	False
HLA-DRB4	protein	EUR	UNASSIGNED	155.0	0.9966723724299292	0.001645037140239669	False
HLA-DRB4	protein	MID	AFR	155.0	1.0	0.0	False
HLA-DRB4	protein	MID	AMR	155.0	0.9989440337909187	0.001053738432268858	False
HLA-DRB4	protein	MID	EAS	155.0	0.9956896551724138	0.0014326588499150583	False
HLA-DRB4	protein	MID	EUR	155.0	0.9984939759036144	0.0030075119756133306	False
HLA-DRB4	protein	MID	MID	155.0	1.0	0.006368899917287063	True
HLA-DRB4	protein	MID	SAS	155.0	1.0	0.0021367324994715498	False
HLA-DRB4	protein	MID	UNASSIGNED	155.0	0.9983543609434997	0.001645037140239669	False
HLA-DRB4	protein	SAS	AFR	155.0	0.989109475992793	0.0	False
HLA-DRB4	protein	SAS	AMR	155.0	0.9939032018319403	0.001053738432268858	False
HLA-DRB4	protein	SAS	EAS	155.0	0.989827493748148	0.0014326588499150583	False
HLA-DRB4	protein	SAS	EUR	155.0	0.9912125454924205	0.0030075119756133306	False
HLA-DRB4	protein	SAS	MID	155.0	0.9930870838376697	0.006368899917287063	False
HLA-DRB4	protein	SAS	SAS	155.0	0.9980800440093626	0.0021367324994715498	True
HLA-DRB4	protein	SAS	UNASSIGNED	155.0	0.9908769699750446	0.001645037140239669	False
HLA-DRB4	protein	UNASSIGNED	AFR	155.0	1.0	0.0	False
HLA-DRB4	protein	UNASSIGNED	AMR	155.0	0.9989440337909187	0.001053738432268858	False
HLA-DRB4	protein	UNASSIGNED	EAS	155.0	0.9896495219621334	0.0014326588499150583	False
HLA-DRB4	protein	UNASSIGNED	EUR	155.0	0.9974387719090474	0.0030075119756133306	False
HLA-DRB4	protein	UNASSIGNED	MID	155.0	0.995479642242629	0.006368899917287063	False
HLA-DRB4	protein	UNASSIGNED	SAS	155.0	0.9984964475270547	0.0021367324994715498	False
HLA-DRB4	protein	UNASSIGNED	UNASSIGNED	155.0	0.9969569129150847	0.001645037140239669	True
HLA-DRB5	protein	AFR	AFR	56.0	0.9780069367130942	0.005606161265716891	True
HLA-DRB5	protein	AFR	AMR	56.0	0.8006276821732256	0.0064934375961548385	False
HLA-DRB5	protein	AFR	EAS	56.0	0.8122100376249767	0.0067013923670239395	False
HLA-DRB5	protein	AFR	EUR	56.0	0.9185605187101812	0.005277007922510513	False
HLA-DRB5	protein	AFR	MID	56.0	0.6023684901846496	0.017230576441102707	False
HLA-DRB5	protein	AFR	SAS	56.0	0.6070706280404023	0.0	False
HLA-DRB5	protein	AFR	UNASSIGNED	56.0	0.814580951904013	0.0	False
HLA-DRB5	protein	AMR	AFR	56.0	0.9610276300342564	0.005606161265716891	False
HLA-DRB5	protein	AMR	AMR	56.0	0.9838154053586697	0.0064934375961548385	True
HLA-DRB5	protein	AMR	EAS	56.0	0.9565220239332037	0.0067013923670239395	False
HLA-DRB5	protein	AMR	EUR	56.0	0.9857392436087736	0.005277007922510513	False
HLA-DRB5	protein	AMR	MID	56.0	0.9816794744321611	0.017230576441102707	False
HLA-DRB5	protein	AMR	SAS	56.0	0.9768859933389369	0.0	False
HLA-DRB5	protein	AMR	UNASSIGNED	56.0	0.9875615128678106	0.0	False
HLA-DRB5	protein	EAS	AFR	56.0	0.9121359728564111	0.005606161265716891	False
HLA-DRB5	protein	EAS	AMR	56.0	0.9235233374924441	0.0064934375961548385	False
HLA-DRB5	protein	EAS	EAS	56.0	0.9776955388181157	0.0067013923670239395	True
HLA-DRB5	protein	EAS	EUR	56.0	0.9720488831799161	0.005277007922510513	False
HLA-DRB5	protein	EAS	MID	56.0	0.9741546576889346	0.017230576441102707	False
HLA-DRB5	protein	EAS	SAS	56.0	0.9843036223318833	0.0	False
HLA-DRB5	protein	EAS	UNASSIGNED	56.0	0.9587936270678189	0.0	False
HLA-DRB5	protein	EUR	AFR	56.0	0.9141718038151087	0.005606161265716891	False
HLA-DRB5	protein	EUR	AMR	56.0	0.964758129008592	0.0064934375961548385	False
HLA-DRB5	protein	EUR	EAS	56.0	0.9436616761707066	0.0067013923670239395	False
HLA-DRB5	protein	EUR	EUR	56.0	0.9862355529583857	0.005277007922510513	True
HLA-DRB5	protein	EUR	MID	56.0	0.9420968721913444	0.017230576441102707	False
HLA-DRB5	protein	EUR	SAS	56.0	0.9435176832887918	0.0	False
HLA-DRB5	protein	EUR	UNASSIGNED	56.0	0.9660797011430258	0.0	False
HLA-DRB5	protein	MID	AFR	56.0	0.9186535764375876	0.005606161265716891	False
HLA-DRB5	protein	MID	AMR	56.0	0.9739413680781759	0.0064934375961548385	False
HLA-DRB5	protein	MID	EAS	56.0	0.9574944071588367	0.0067013923670239395	False
HLA-DRB5	protein	MID	EUR	56.0	0.9841269841269842	0.005277007922510513	False
HLA-DRB5	protein	MID	MID	56.0	1.0	0.017230576441102707	True
HLA-DRB5	protein	MID	SAS	56.0	0.9788461538461538	0.0	False
HLA-DRB5	protein	MID	UNASSIGNED	56.0	0.977395048439182	0.0	False
HLA-DRB5	protein	SAS	AFR	56.0	0.9122384042717883	0.005606161265716891	False
HLA-DRB5	protein	SAS	AMR	56.0	0.9157379704296298	0.0064934375961548385	False
HLA-DRB5	protein	SAS	EAS	56.0	0.9640574181887578	0.0067013923670239395	False
HLA-DRB5	protein	SAS	EUR	56.0	0.9728547339672553	0.005277007922510513	False
HLA-DRB5	protein	SAS	MID	56.0	0.9726836300251341	0.017230576441102707	False
HLA-DRB5	protein	SAS	SAS	56.0	0.9836761979218447	0.0	True
HLA-DRB5	protein	SAS	UNASSIGNED	56.0	0.9572105246418467	0.0	False
HLA-DRB5	protein	UNASSIGNED	AFR	56.0	0.9583541207188068	0.005606161265716891	False
HLA-DRB5	protein	UNASSIGNED	AMR	56.0	0.9815226983471265	0.0064934375961548385	False
HLA-DRB5	protein	UNASSIGNED	EAS	56.0	0.9581768396264596	0.0067013923670239395	False
HLA-DRB5	protein	UNASSIGNED	EUR	56.0	0.9873999950976708	0.005277007922510513	False
HLA-DRB5	protein	UNASSIGNED	MID	56.0	0.9821100761880298	0.017230576441102707	False
HLA-DRB5	protein	UNASSIGNED	SAS	56.0	0.9818218490962008	0.0	False
HLA-DRB5	protein	UNASSIGNED	UNASSIGNED	56.0	0.9892031104669127	0.0	True
HLA-E	protein	AFR	AFR	563.0	0.9941194577237531	0.003473723188888389	True
HLA-E	protein	AFR	AMR	563.0	0.9948412576330609	0.003709721847405145	False
HLA-E	protein	AFR	EAS	563.0	0.9761712575560091	0.0025438097571347518	False
HLA-E	protein	AFR	EUR	563.0	0.9860189083534254	0.0012439528635347363	False
HLA-E	protein	AFR	MID	563.0	0.998664179560239	0.0017699003564994875	False
HLA-E	protein	AFR	SAS	563.0	0.9928002965427898	0.0027863775085471554	False
HLA-E	protein	AFR	UNASSIGNED	563.0	0.9918967229993411	0.0023441428820257793	False
HLA-E	protein	AMR	AFR	563.0	0.9857737020219087	0.003473723188888389	False
HLA-E	protein	AMR	AMR	563.0	0.9947237446506134	0.003709721847405145	True
HLA-E	protein	AMR	EAS	563.0	0.9741895557479525	0.0025438097571347518	False
HLA-E	protein	AMR	EUR	563.0	0.9856666336939761	0.0012439528635347363	False
HLA-E	protein	AMR	MID	563.0	0.9979691497803017	0.0017699003564994875	False
HLA-E	protein	AMR	SAS	563.0	0.9923026769796388	0.0027863775085471554	False
HLA-E	protein	AMR	UNASSIGNED	563.0	0.9902929963919443	0.0023441428820257793	False
HLA-E	protein	EAS	AFR	563.0	0.9749754718173295	0.003473723188888389	False
HLA-E	protein	EAS	AMR	563.0	0.99112390327968	0.003709721847405145	False
HLA-E	protein	EAS	EAS	563.0	0.9970106251057215	0.0025438097571347518	True
HLA-E	protein	EAS	EUR	563.0	0.9804097409311283	0.0012439528635347363	False
HLA-E	protein	EAS	MID	563.0	0.9961655179611466	0.0017699003564994875	False
HLA-E	protein	EAS	SAS	563.0	0.9916725914627594	0.0027863775085471554	False
HLA-E	protein	EAS	UNASSIGNED	563.0	0.9872684030491862	0.0023441428820257793	False
HLA-E	protein	EUR	AFR	563.0	0.9813241363625053	0.003473723188888389	False
HLA-E	protein	EUR	AMR	563.0	0.9937987014875413	0.003709721847405145	False
HLA-E	protein	EUR	EAS	563.0	0.9745547046249484	0.0025438097571347518	False
HLA-E	protein	EUR	EUR	563.0	0.9977223005666661	0.0012439528635347363	True
HLA-E	protein	EUR	MID	563.0	0.9989565995591475	0.0017699003564994875	False
HLA-E	protein	EUR	SAS	563.0	0.9966259668454048	0.0027863775085471554	False
HLA-E	protein	EUR	UNASSIGNED	563.0	0.9944756562539181	0.0023441428820257793	False
HLA-E	protein	MID	AFR	563.0	0.9884205650764242	0.003473723188888389	False
HLA-E	protein	MID	AMR	563.0	0.9939291736930861	0.003709721847405145	False
HLA-E	protein	MID	EAS	563.0	0.9745547073791349	0.0025438097571347518	False
HLA-E	protein	MID	EUR	563.0	0.9925342181667357	0.0012439528635347363	False
HLA-E	protein	MID	MID	563.0	1.0	0.0017699003564994875	True
HLA-E	protein	MID	SAS	563.0	0.9962842545285648	0.0027863775085471554	False
HLA-E	protein	MID	UNASSIGNED	563.0	0.9943463872035301	0.0023441428820257793	False
HLA-E	protein	SAS	AFR	563.0	0.9758463574226148	0.003473723188888389	False
HLA-E	protein	SAS	AMR	563.0	0.992167906842188	0.003709721847405145	False
HLA-E	protein	SAS	EAS	563.0	0.9814133622005714	0.0025438097571347518	False
HLA-E	protein	SAS	EUR	563.0	0.9922146092802984	0.0012439528635347363	False
HLA-E	protein	SAS	MID	563.0	0.9982179014426541	0.0017699003564994875	False
HLA-E	protein	SAS	SAS	563.0	0.9974191824638474	0.0027863775085471554	True
HLA-E	protein	SAS	UNASSIGNED	563.0	0.9922701875740196	0.0023441428820257793	False
HLA-E	protein	UNASSIGNED	AFR	563.0	0.9870498919618399	0.003473723188888389	False
HLA-E	protein	UNASSIGNED	AMR	563.0	0.9942002868225046	0.003709721847405145	False
HLA-E	protein	UNASSIGNED	EAS	563.0	0.9801450304692624	0.0025438097571347518	False
HLA-E	protein	UNASSIGNED	EUR	563.0	0.9950156201529242	0.0012439528635347363	False
HLA-E	protein	UNASSIGNED	MID	563.0	0.9995729286786403	0.0017699003564994875	False
HLA-E	protein	UNASSIGNED	SAS	563.0	0.996657168844684	0.0027863775085471554	False
HLA-E	protein	UNASSIGNED	UNASSIGNED	563.0	0.9951759334562809	0.0023441428820257793	True
HLA-F	protein	AFR	AFR	570.0	0.9969070242397184	0.0006897079992909116	True
HLA-F	protein	AFR	AMR	570.0	0.9929768506137163	0.002688849600527732	False
HLA-F	protein	AFR	EAS	570.0	0.9816129432292008	0.004233341648206879	False
HLA-F	protein	AFR	EUR	570.0	0.9925753033998793	0.001671192667921595	False
HLA-F	protein	AFR	MID	570.0	0.993982055977846	0.007011382714908421	False
HLA-F	protein	AFR	SAS	570.0	0.9911353057050728	0.004160460021125134	False
HLA-F	protein	AFR	UNASSIGNED	570.0	0.9928020818316248	0.004253416876152549	False
HLA-F	protein	AMR	AFR	570.0	0.9911141768789229	0.0006897079992909116	False
HLA-F	protein	AMR	AMR	570.0	0.9958723034756403	0.002688849600527732	True
HLA-F	protein	AMR	EAS	570.0	0.9816997238826731	0.004233341648206879	False
HLA-F	protein	AMR	EUR	570.0	0.9953163100492948	0.001671192667921595	False
HLA-F	protein	AMR	MID	570.0	0.9946777972798786	0.007011382714908421	False
HLA-F	protein	AMR	SAS	570.0	0.9930244128734442	0.004160460021125134	False
HLA-F	protein	AMR	UNASSIGNED	570.0	0.9930843822595474	0.004253416876152549	False
HLA-F	protein	EAS	AFR	570.0	0.9720179014916491	0.0006897079992909116	False
HLA-F	protein	EAS	AMR	570.0	0.9874413638356097	0.002688849600527732	False
HLA-F	protein	EAS	EAS	570.0	0.99613429193074	0.004233341648206879	True
HLA-F	protein	EAS	EUR	570.0	0.9881520729290961	0.001671192667921595	False
HLA-F	protein	EAS	MID	570.0	0.9933809327816816	0.007011382714908421	False
HLA-F	protein	EAS	SAS	570.0	0.9882363763445653	0.004160460021125134	False
HLA-F	protein	EAS	UNASSIGNED	570.0	0.9867552628079285	0.004253416876152549	False
HLA-F	protein	EUR	AFR	570.0	0.9730970497779518	0.0006897079992909116	False
HLA-F	protein	EUR	AMR	570.0	0.9892433325708785	0.002688849600527732	False
HLA-F	protein	EUR	EAS	570.0	0.9817950232489636	0.004233341648206879	False
HLA-F	protein	EUR	EUR	570.0	0.9987245366436425	0.001671192667921595	True
HLA-F	protein	EUR	MID	570.0	0.9947365700246525	0.007011382714908421	False
HLA-F	protein	EUR	SAS	570.0	0.9949131083527449	0.004160460021125134	False
HLA-F	protein	EUR	UNASSIGNED	570.0	0.9901200016454196	0.004253416876152549	False
HLA-F	protein	MID	AFR	570.0	0.9730972637387906	0.0006897079992909116	False
HLA-F	protein	MID	AMR	570.0	0.9895798319327731	0.002688849600527732	False
HLA-F	protein	MID	EAS	570.0	0.9817950889077053	0.004233341648206879	False
HLA-F	protein	MID	EUR	570.0	0.9983284580025072	0.001671192667921595	False
HLA-F	protein	MID	MID	570.0	1.0	0.007011382714908421	True
HLA-F	protein	MID	SAS	570.0	0.994914470642626	0.004160460021125134	False
HLA-F	protein	MID	UNASSIGNED	570.0	0.9901207464324917	0.004253416876152549	False
HLA-F	protein	SAS	AFR	570.0	0.9730932511997029	0.0006897079992909116	False
HLA-F	protein	SAS	AMR	570.0	0.9893254332538847	0.002688849600527732	False
HLA-F	protein	SAS	EAS	570.0	0.9817938575689746	0.004233341648206879	False
HLA-F	protein	SAS	EUR	570.0	0.9982895656052551	0.001671192667921595	False
HLA-F	protein	SAS	MID	570.0	0.9947317396103824	0.007011382714908421	False
HLA-F	protein	SAS	SAS	570.0	0.9964086122969632	0.004160460021125134	True
HLA-F	protein	SAS	UNASSIGNED	570.0	0.990215254374557	0.004253416876152549	False
HLA-F	protein	UNASSIGNED	AFR	570.0	0.9911835454618447	0.0006897079992909116	False
HLA-F	protein	UNASSIGNED	AMR	570.0	0.9931342164739685	0.002688849600527732	False
HLA-F	protein	UNASSIGNED	EAS	570.0	0.9828634765393974	0.004233341648206879	False
HLA-F	protein	UNASSIGNED	EUR	570.0	0.9975605728961693	0.001671192667921595	False
HLA-F	protein	UNASSIGNED	MID	570.0	0.9946360992840204	0.007011382714908421	False
HLA-F	protein	UNASSIGNED	SAS	570.0	0.994515709888607	0.004160460021125134	False
HLA-F	protein	UNASSIGNED	UNASSIGNED	570.0	0.9938999334519792	0.004253416876152549	True
HLA-G	protein	AFR	AFR	546.0	0.9945009371768401	0.0027137954408467113	True
HLA-G	protein	AFR	AMR	546.0	0.9953790626037378	0.0017016062374940466	False
HLA-G	protein	AFR	EAS	546.0	0.9947132129260214	0.002562642213105648	False
HLA-G	protein	AFR	EUR	546.0	0.996371364898267	0.0029102570279040396	False
HLA-G	protein	AFR	MID	546.0	0.9986416347666275	0.0	False
HLA-G	protein	AFR	SAS	546.0	0.9933922044402926	0.004129913639300931	False
HLA-G	protein	AFR	UNASSIGNED	546.0	0.9931861665366768	0.002499845667103928	False
HLA-G	protein	AMR	AFR	546.0	0.9907810533396514	0.0027137954408467113	False
HLA-G	protein	AMR	AMR	546.0	0.9969608400860754	0.0017016062374940466	True
HLA-G	protein	AMR	EAS	546.0	0.9948739854760492	0.002562642213105648	False
HLA-G	protein	AMR	EUR	546.0	0.9971666697319556	0.0029102570279040396	False
HLA-G	protein	AMR	MID	546.0	0.9999999999979464	0.0	False
HLA-G	protein	AMR	SAS	546.0	0.9949518127557881	0.004129913639300931	False
HLA-G	protein	AMR	UNASSIGNED	546.0	0.9943022643406001	0.002499845667103928	False
HLA-G	protein	EAS	AFR	546.0	0.9754788152857655	0.0027137954408467113	False
HLA-G	protein	EAS	AMR	546.0	0.9815913768998314	0.0017016062374940466	False
HLA-G	protein	EAS	EAS	546.0	0.9965339418789525	0.002562642213105648	True
HLA-G	protein	EAS	EUR	546.0	0.9927261760712283	0.0029102570279040396	False
HLA-G	protein	EAS	MID	546.0	0.9897386603644767	0.0	False
HLA-G	protein	EAS	SAS	546.0	0.9915488211622385	0.004129913639300931	False
HLA-G	protein	EAS	UNASSIGNED	546.0	0.9828270919591524	0.002499845667103928	False
HLA-G	protein	EUR	AFR	546.0	0.9884036516064201	0.0027137954408467113	False
HLA-G	protein	EUR	AMR	546.0	0.9939506558883751	0.0017016062374940466	False
HLA-G	protein	EUR	EAS	546.0	0.9948739854759879	0.002562642213105648	False
HLA-G	protein	EUR	EUR	546.0	0.9977501826117867	0.0029102570279040396	True
HLA-G	protein	EUR	MID	546.0	0.9999999999923351	0.0	False
HLA-G	protein	EUR	SAS	546.0	0.9949518127556123	0.004129913639300931	False
HLA-G	protein	EUR	UNASSIGNED	546.0	0.9927650150076809	0.002499845667103928	False
HLA-G	protein	MID	AFR	546.0	0.9884036516160868	0.0027137954408467113	False
HLA-G	protein	MID	AMR	546.0	0.9938733832539143	0.0017016062374940466	False
HLA-G	protein	MID	EAS	546.0	0.9948739854762922	0.002562642213105648	False
HLA-G	protein	MID	EUR	546.0	0.997089397089397	0.0029102570279040396	False
HLA-G	protein	MID	MID	546.0	1.0	0.0	True
HLA-G	protein	MID	SAS	546.0	0.994951812758146	0.004129913639300931	False
HLA-G	protein	MID	UNASSIGNED	546.0	0.992638888888889	0.002499845667103928	False
HLA-G	protein	SAS	AFR	546.0	0.9884036502356478	0.0027137954408467113	False
HLA-G	protein	SAS	AMR	546.0	0.993873381942524	0.0017016062374940466	False
HLA-G	protein	SAS	EAS	546.0	0.9948739854328382	0.002562642213105648	False
HLA-G	protein	SAS	EUR	546.0	0.9970893966241232	0.0029102570279040396	False
HLA-G	protein	SAS	MID	546.0	0.9999999989054229	0.0	False
HLA-G	protein	SAS	SAS	546.0	0.9963891945316727	0.004129913639300931	True
HLA-G	protein	SAS	UNASSIGNED	546.0	0.9926388878416077	0.002499845667103928	False
HLA-G	protein	UNASSIGNED	AFR	546.0	0.9900524905467887	0.0027137954408467113	False
HLA-G	protein	UNASSIGNED	AMR	546.0	0.9957561244981878	0.0017016062374940466	False
HLA-G	protein	UNASSIGNED	EAS	546.0	0.9948739854762922	0.002562642213105648	False
HLA-G	protein	UNASSIGNED	EUR	546.0	0.9972019086773477	0.0029102570279040396	False
HLA-G	protein	UNASSIGNED	MID	546.0	1.0	0.0	False
HLA-G	protein	UNASSIGNED	SAS	546.0	0.9949518127581459	0.004129913639300931	False
HLA-G	protein	UNASSIGNED	UNASSIGNED	546.0	0.9944394308941192	0.002499845667103928	True
HLA-H	protein	AFR	AFR	31.0	0.9916795307620317	0.0	True
HLA-H	protein	AFR	AMR	31.0	0.9975340280345695	0.0	False
HLA-H	protein	AFR	EAS	31.0	1.0	0.0	False
HLA-H	protein	AFR	EUR	31.0	0.9972527472527473	0.0027321993075417605	False
HLA-H	protein	AFR	MID	31.0	0.9971559123332036	0.019215686274509758	False
HLA-H	protein	AFR	SAS	31.0	1.0	0.0	False
HLA-H	protein	AFR	UNASSIGNED	31.0	0.9981313484449432	0.0	False
HLA-H	protein	AMR	AFR	31.0	0.9677670786726182	0.0	False
HLA-H	protein	AMR	AMR	31.0	0.990446995465768	0.0	True
HLA-H	protein	AMR	EAS	31.0	1.0	0.0	False
HLA-H	protein	AMR	EUR	31.0	0.9972527472527473	0.0027321993075417605	False
HLA-H	protein	AMR	MID	31.0	0.9889822014371858	0.019215686274509758	False
HLA-H	protein	AMR	SAS	31.0	1.0	0.0	False
HLA-H	protein	AMR	UNASSIGNED	31.0	0.9927609733490051	0.0	False
HLA-H	protein	EAS	AFR	31.0	0.9414893617021277	0.0	False
HLA-H	protein	EAS	AMR	31.0	0.9826589595375722	0.0	False
HLA-H	protein	EAS	EAS	31.0	1.0	0.0	True
HLA-H	protein	EAS	EUR	31.0	0.9972527472527473	0.0027321993075417605	False
HLA-H	protein	EAS	MID	31.0	0.98	0.019215686274509758	False
HLA-H	protein	EAS	SAS	31.0	1.0	0.0	False
HLA-H	protein	EAS	UNASSIGNED	31.0	0.9868593955321945	0.0	False
HLA-H	protein	EUR	AFR	31.0	0.9414893617021277	0.0	False
HLA-H	protein	EUR	AMR	31.0	0.9826589595375722	0.0	False
HLA-H	protein	EUR	EAS	31.0	1.0	0.0	False
HLA-H	protein	EUR	EUR	31.0	0.9974867165801227	0.0027321993075417605	True
HLA-H	protein	EUR	MID	31.0	0.98	0.019215686274509758	False
HLA-H	protein	EUR	SAS	31.0	1.0	0.0	False
HLA-H	protein	EUR	UNASSIGNED	31.0	0.9868593955321945	0.0	False
HLA-H	protein	MID	AFR	31.0	0.9777659574468087	0.0	False
HLA-H	protein	MID	AMR	31.0	0.9934104046242774	0.0	False
HLA-H	protein	MID	EAS	31.0	1.0	0.0	False
HLA-H	protein	MID	EUR	31.0	0.9972527472527473	0.0027321993075417605	False
HLA-H	protein	MID	MID	31.0	0.9924000000000001	0.019215686274509758	True
HLA-H	protein	MID	SAS	31.0	1.0	0.0	False
HLA-H	protein	MID	UNASSIGNED	31.0	0.9950065703022339	0.0	False
HLA-H	protein	SAS	AFR	31.0	0.9414893617021277	0.0	False
HLA-H	protein	SAS	AMR	31.0	0.9826589595375722	0.0	False
HLA-H	protein	SAS	EAS	31.0	1.0	0.0	False
HLA-H	protein	SAS	EUR	31.0	0.9972527472527473	0.0027321993075417605	False
HLA-H	protein	SAS	MID	31.0	0.98	0.019215686274509758	False
HLA-H	protein	SAS	SAS	31.0	1.0	0.0	True
HLA-H	protein	SAS	UNASSIGNED	31.0	0.9868593955321945	0.0	False
HLA-H	protein	UNASSIGNED	AFR	31.0	0.9614950159626987	0.0	False
HLA-H	protein	UNASSIGNED	AMR	31.0	0.9885881182359233	0.0	False
HLA-H	protein	UNASSIGNED	EAS	31.0	1.0	0.0	False
HLA-H	protein	UNASSIGNED	EUR	31.0	0.9972527472527473	0.0027321993075417605	False
HLA-H	protein	UNASSIGNED	MID	31.0	0.9868382963654315	0.019215686274509758	False
HLA-H	protein	UNASSIGNED	SAS	31.0	1.0	0.0	False
HLA-H	protein	UNASSIGNED	UNASSIGNED	31.0	0.9913523629207829	0.0	True
HLA-HFE	protein	AFR	AFR	74.0	0.9867612939971567	0.011292238962026468	True
HLA-HFE	protein	AFR	AMR	74.0	0.9849941419994805	0.0044554323960620534	False
HLA-HFE	protein	AFR	EAS	74.0	0.996115042118275	0.0030863604022844937	False
HLA-HFE	protein	AFR	EUR	74.0	0.9576277381558407	0.002890124705089314	False
HLA-HFE	protein	AFR	MID	74.0	0.9929940317237678	0.01315315315315313	False
HLA-HFE	protein	AFR	SAS	74.0	0.9920535724463067	0.009183615801470646	False
HLA-HFE	protein	AFR	UNASSIGNED	74.0	0.9819373342856732	0.0021097022888931782	False
HLA-HFE	protein	AMR	AFR	74.0	0.9839693758828542	0.011292238962026468	False
HLA-HFE	protein	AMR	AMR	74.0	0.9866411528742446	0.0044554323960620534	True
HLA-HFE	protein	AMR	EAS	74.0	0.9968896251773188	0.0030863604022844937	False
HLA-HFE	protein	AMR	EUR	74.0	0.9513387767748971	0.002890124705089314	False
HLA-HFE	protein	AMR	MID	74.0	0.994692701423393	0.01315315315315313	False
HLA-HFE	protein	AMR	SAS	74.0	0.9929914784751075	0.009183615801470646	False
HLA-HFE	protein	AMR	UNASSIGNED	74.0	0.981354291014467	0.0021097022888931782	False
HLA-HFE	protein	EAS	AFR	74.0	0.9706636153498395	0.011292238962026468	False
HLA-HFE	protein	EAS	AMR	74.0	0.9702429549252205	0.0044554323960620534	False
HLA-HFE	protein	EAS	EAS	74.0	0.9954225101602572	0.0030863604022844937	True
HLA-HFE	protein	EAS	EUR	74.0	0.8971567619582341	0.002890124705089314	False
HLA-HFE	protein	EAS	MID	74.0	0.9769761433379295	0.01315315315315313	False
HLA-HFE	protein	EAS	SAS	74.0	0.9856164510945284	0.009183615801470646	False
HLA-HFE	protein	EAS	UNASSIGNED	74.0	0.9557150786789717	0.0021097022888931782	False
HLA-HFE	protein	EUR	AFR	74.0	0.9919780627755498	0.011292238962026468	False
HLA-HFE	protein	EUR	AMR	74.0	0.9921848411582692	0.0044554323960620534	False
HLA-HFE	protein	EUR	EAS	74.0	0.9968943085228263	0.0030863604022844937	False
HLA-HFE	protein	EUR	EUR	74.0	0.994589904710714	0.002890124705089314	True
HLA-HFE	protein	EUR	MID	74.0	0.9999455387480567	0.01315315315315313	False
HLA-HFE	protein	EUR	SAS	74.0	0.9938525280657863	0.009183615801470646	False
HLA-HFE	protein	EUR	UNASSIGNED	74.0	0.9954373290905957	0.0021097022888931782	False
HLA-HFE	protein	MID	AFR	74.0	0.9886792452830189	0.011292238962026468	False
HLA-HFE	protein	MID	AMR	74.0	0.9895833333333333	0.0044554323960620534	False
HLA-HFE	protein	MID	EAS	74.0	0.9968944099378881	0.0030863604022844937	False
HLA-HFE	protein	MID	EUR	74.0	0.9709302325581396	0.002890124705089314	False
HLA-HFE	protein	MID	MID	74.0	1.0	0.01315315315315313	True
HLA-HFE	protein	MID	SAS	74.0	0.9938650306748467	0.009183615801470646	False
HLA-HFE	protein	MID	UNASSIGNED	74.0	0.989440337909187	0.0021097022888931782	False
HLA-HFE	protein	SAS	AFR	74.0	0.9778017062039243	0.011292238962026468	False
HLA-HFE	protein	SAS	AMR	74.0	0.9805504156897921	0.0044554323960620534	False
HLA-HFE	protein	SAS	EAS	74.0	0.9968449543164477	0.0030863604022844937	False
HLA-HFE	protein	SAS	EUR	74.0	0.9212715884365693	0.002890124705089314	False
HLA-HFE	protein	SAS	MID	74.0	0.9893387723638785	0.01315315315315313	False
HLA-HFE	protein	SAS	SAS	74.0	0.9927692094811145	0.009183615801470646	True
HLA-HFE	protein	SAS	UNASSIGNED	74.0	0.9706923008895685	0.0021097022888931782	False
HLA-HFE	protein	UNASSIGNED	AFR	74.0	0.9884587339268905	0.011292238962026468	False
HLA-HFE	protein	UNASSIGNED	AMR	74.0	0.9890594959455354	0.0044554323960620534	False
HLA-HFE	protein	UNASSIGNED	EAS	74.0	0.9968939515734315	0.0030863604022844937	False
HLA-HFE	protein	UNASSIGNED	EUR	74.0	0.971872918227596	0.002890124705089314	False
HLA-HFE	protein	UNASSIGNED	MID	74.0	0.9979654334231408	0.01315315315315313	False
HLA-HFE	protein	UNASSIGNED	SAS	74.0	0.9936422605585465	0.009183615801470646	False
HLA-HFE	protein	UNASSIGNED	UNASSIGNED	74.0	0.9887201563544346	0.0021097022888931782	True
HLA-J	protein	AFR	AFR	501.0	1.0	0.0	True
HLA-J	protein	AFR	AMR	501.0	1.0	0.0	False
HLA-J	protein	AFR	EAS	501.0	1.0	0.0	False
HLA-J	protein	AFR	EUR	501.0	1.0	0.0	False
HLA-J	protein	AFR	MID	501.0	1.0	0.0	False
HLA-J	protein	AFR	SAS	501.0	1.0	0.0	False
HLA-J	protein	AFR	UNASSIGNED	501.0	1.0	0.0	False
HLA-J	protein	AMR	AFR	501.0	1.0	0.0	False
HLA-J	protein	AMR	AMR	501.0	1.0	0.0	True
HLA-J	protein	AMR	EAS	501.0	1.0	0.0	False
HLA-J	protein	AMR	EUR	501.0	1.0	0.0	False
HLA-J	protein	AMR	MID	501.0	1.0	0.0	False
HLA-J	protein	AMR	SAS	501.0	1.0	0.0	False
HLA-J	protein	AMR	UNASSIGNED	501.0	1.0	0.0	False
HLA-J	protein	EAS	AFR	501.0	1.0	0.0	False
HLA-J	protein	EAS	AMR	501.0	1.0	0.0	False
HLA-J	protein	EAS	EAS	501.0	1.0	0.0	True
HLA-J	protein	EAS	EUR	501.0	1.0	0.0	False
HLA-J	protein	EAS	MID	501.0	1.0	0.0	False
HLA-J	protein	EAS	SAS	501.0	1.0	0.0	False
HLA-J	protein	EAS	UNASSIGNED	501.0	1.0	0.0	False
HLA-J	protein	EUR	AFR	501.0	1.0	0.0	False
HLA-J	protein	EUR	AMR	501.0	1.0	0.0	False
HLA-J	protein	EUR	EAS	501.0	1.0	0.0	False
HLA-J	protein	EUR	EUR	501.0	1.0	0.0	True
HLA-J	protein	EUR	MID	501.0	1.0	0.0	False
HLA-J	protein	EUR	SAS	501.0	1.0	0.0	False
HLA-J	protein	EUR	UNASSIGNED	501.0	1.0	0.0	False
HLA-J	protein	MID	AFR	501.0	1.0	0.0	False
HLA-J	protein	MID	AMR	501.0	1.0	0.0	False
HLA-J	protein	MID	EAS	501.0	1.0	0.0	False
HLA-J	protein	MID	EUR	501.0	1.0	0.0	False
HLA-J	protein	MID	MID	501.0	1.0	0.0	True
HLA-J	protein	MID	SAS	501.0	1.0	0.0	False
HLA-J	protein	MID	UNASSIGNED	501.0	1.0	0.0	False
HLA-J	protein	SAS	AFR	501.0	1.0	0.0	False
HLA-J	protein	SAS	AMR	501.0	1.0	0.0	False
HLA-J	protein	SAS	EAS	501.0	1.0	0.0	False
HLA-J	protein	SAS	EUR	501.0	1.0	0.0	False
HLA-J	protein	SAS	MID	501.0	1.0	0.0	False
HLA-J	protein	SAS	SAS	501.0	1.0	0.0	True
HLA-J	protein	SAS	UNASSIGNED	501.0	1.0	0.0	False
HLA-J	protein	UNASSIGNED	AFR	501.0	1.0	0.0	False
HLA-J	protein	UNASSIGNED	AMR	501.0	1.0	0.0	False
HLA-J	protein	UNASSIGNED	EAS	501.0	1.0	0.0	False
HLA-J	protein	UNASSIGNED	EUR	501.0	1.0	0.0	False
HLA-J	protein	UNASSIGNED	MID	501.0	1.0	0.0	False
HLA-J	protein	UNASSIGNED	SAS	501.0	1.0	0.0	False
HLA-J	protein	UNASSIGNED	UNASSIGNED	501.0	1.0	0.0	True
HLA-K	protein	AFR	AFR	31.0	1.0	0.0	True
HLA-K	protein	AFR	AMR	31.0	1.0	0.0	False
HLA-K	protein	AFR	EAS	31.0	1.0	0.0	False
HLA-K	protein	AFR	EUR	31.0	1.0	0.0	False
HLA-K	protein	AFR	MID	31.0	1.0	0.0	False
HLA-K	protein	AFR	SAS	31.0	1.0	0.0	False
HLA-K	protein	AFR	UNASSIGNED	31.0	1.0	0.0	False
HLA-K	protein	AMR	AFR	31.0	1.0	0.0	False
HLA-K	protein	AMR	AMR	31.0	1.0	0.0	True
HLA-K	protein	AMR	EAS	31.0	1.0	0.0	False
HLA-K	protein	AMR	EUR	31.0	1.0	0.0	False
HLA-K	protein	AMR	MID	31.0	1.0	0.0	False
HLA-K	protein	AMR	SAS	31.0	1.0	0.0	False
HLA-K	protein	AMR	UNASSIGNED	31.0	1.0	0.0	False
HLA-K	protein	EAS	AFR	31.0	1.0	0.0	False
HLA-K	protein	EAS	AMR	31.0	1.0	0.0	False
HLA-K	protein	EAS	EAS	31.0	1.0	0.0	True
HLA-K	protein	EAS	EUR	31.0	1.0	0.0	False
HLA-K	protein	EAS	MID	31.0	1.0	0.0	False
HLA-K	protein	EAS	SAS	31.0	1.0	0.0	False
HLA-K	protein	EAS	UNASSIGNED	31.0	1.0	0.0	False
HLA-K	protein	EUR	AFR	31.0	1.0	0.0	False
HLA-K	protein	EUR	AMR	31.0	1.0	0.0	False
HLA-K	protein	EUR	EAS	31.0	1.0	0.0	False
HLA-K	protein	EUR	EUR	31.0	1.0	0.0	True
HLA-K	protein	EUR	MID	31.0	1.0	0.0	False
HLA-K	protein	EUR	SAS	31.0	1.0	0.0	False
HLA-K	protein	EUR	UNASSIGNED	31.0	1.0	0.0	False
HLA-K	protein	MID	AFR	31.0	1.0	0.0	False
HLA-K	protein	MID	AMR	31.0	1.0	0.0	False
HLA-K	protein	MID	EAS	31.0	1.0	0.0	False
HLA-K	protein	MID	EUR	31.0	1.0	0.0	False
HLA-K	protein	MID	MID	31.0	1.0	0.0	True
HLA-K	protein	MID	SAS	31.0	1.0	0.0	False
HLA-K	protein	MID	UNASSIGNED	31.0	1.0	0.0	False
HLA-K	protein	SAS	AFR	31.0	1.0	0.0	False
HLA-K	protein	SAS	AMR	31.0	1.0	0.0	False
HLA-K	protein	SAS	EAS	31.0	1.0	0.0	False
HLA-K	protein	SAS	EUR	31.0	1.0	0.0	False
HLA-K	protein	SAS	MID	31.0	1.0	0.0	False
HLA-K	protein	SAS	SAS	31.0	1.0	0.0	True
HLA-K	protein	SAS	UNASSIGNED	31.0	1.0	0.0	False
HLA-K	protein	UNASSIGNED	AFR	31.0	1.0	0.0	False
HLA-K	protein	UNASSIGNED	AMR	31.0	1.0	0.0	False
HLA-K	protein	UNASSIGNED	EAS	31.0	1.0	0.0	False
HLA-K	protein	UNASSIGNED	EUR	31.0	1.0	0.0	False
HLA-K	protein	UNASSIGNED	MID	31.0	1.0	0.0	False
HLA-K	protein	UNASSIGNED	SAS	31.0	1.0	0.0	False
HLA-K	protein	UNASSIGNED	UNASSIGNED	31.0	1.0	0.0	True
HLA-P	protein	AFR	AFR	456.0	1.0	0.0	True
HLA-P	protein	AFR	AMR	456.0	1.0	0.0	False
HLA-P	protein	AFR	EAS	456.0	1.0	0.0	False
HLA-P	protein	AFR	EUR	456.0	1.0	0.0	False
HLA-P	protein	AFR	MID	456.0	1.0	0.0	False
HLA-P	protein	AFR	SAS	456.0	1.0	0.0	False
HLA-P	protein	AFR	UNASSIGNED	456.0	1.0	0.0	False
HLA-P	protein	AMR	AFR	456.0	1.0	0.0	False
HLA-P	protein	AMR	AMR	456.0	1.0	0.0	True
HLA-P	protein	AMR	EAS	456.0	1.0	0.0	False
HLA-P	protein	AMR	EUR	456.0	1.0	0.0	False
HLA-P	protein	AMR	MID	456.0	1.0	0.0	False
HLA-P	protein	AMR	SAS	456.0	1.0	0.0	False
HLA-P	protein	AMR	UNASSIGNED	456.0	1.0	0.0	False
HLA-P	protein	EAS	AFR	456.0	0.9997888570077421	0.0	False
HLA-P	protein	EAS	AMR	456.0	0.9998073163303397	0.0	False
HLA-P	protein	EAS	EAS	456.0	0.9999836606099154	0.0	True
HLA-P	protein	EAS	EUR	456.0	0.9999130544500854	0.0	False
HLA-P	protein	EAS	MID	456.0	0.9998410253786362	0.0	False
HLA-P	protein	EAS	SAS	456.0	0.9998774994275934	0.0	False
HLA-P	protein	EAS	UNASSIGNED	456.0	0.9998684248117178	0.0	False
HLA-P	protein	EUR	AFR	456.0	0.9999999999999999	0.0	False
HLA-P	protein	EUR	AMR	456.0	1.0	0.0	False
HLA-P	protein	EUR	EAS	456.0	1.0	0.0	False
HLA-P	protein	EUR	EUR	456.0	1.0	0.0	True
HLA-P	protein	EUR	MID	456.0	0.9999999999999999	0.0	False
HLA-P	protein	EUR	SAS	456.0	1.0	0.0	False
HLA-P	protein	EUR	UNASSIGNED	456.0	0.9999999999999999	0.0	False
HLA-P	protein	MID	AFR	456.0	1.0	0.0	False
HLA-P	protein	MID	AMR	456.0	1.0	0.0	False
HLA-P	protein	MID	EAS	456.0	1.0	0.0	False
HLA-P	protein	MID	EUR	456.0	1.0	0.0	False
HLA-P	protein	MID	MID	456.0	1.0	0.0	True
HLA-P	protein	MID	SAS	456.0	1.0	0.0	False
HLA-P	protein	MID	UNASSIGNED	456.0	1.0	0.0	False
HLA-P	protein	SAS	AFR	456.0	1.0	0.0	False
HLA-P	protein	SAS	AMR	456.0	1.0	0.0	False
HLA-P	protein	SAS	EAS	456.0	1.0	0.0	False
HLA-P	protein	SAS	EUR	456.0	1.0	0.0	False
HLA-P	protein	SAS	MID	456.0	1.0	0.0	False
HLA-P	protein	SAS	SAS	456.0	1.0	0.0	True
HLA-P	protein	SAS	UNASSIGNED	456.0	1.0	0.0	False
HLA-P	protein	UNASSIGNED	AFR	456.0	1.0	0.0	False
HLA-P	protein	UNASSIGNED	AMR	456.0	1.0	0.0	False
HLA-P	protein	UNASSIGNED	EAS	456.0	1.0	0.0	False
HLA-P	protein	UNASSIGNED	EUR	456.0	1.0	0.0	False
HLA-P	protein	UNASSIGNED	MID	456.0	1.0	0.0	False
HLA-P	protein	UNASSIGNED	SAS	456.0	1.0	0.0	False
HLA-P	protein	UNASSIGNED	UNASSIGNED	456.0	1.0	0.0	True
HLA-T	protein	AFR	AFR	455.0	0.9999999999999638	0.0	True
HLA-T	protein	AFR	AMR	455.0	0.9999999999999464	0.0	False
HLA-T	protein	AFR	EAS	455.0	0.999999999999986	0.0	False
HLA-T	protein	AFR	EUR	455.0	0.9999999999999437	0.0	False
HLA-T	protein	AFR	MID	455.0	0.999999999999939	0.0	False
HLA-T	protein	AFR	SAS	455.0	0.9999999999999601	0.0	False
HLA-T	protein	AFR	UNASSIGNED	455.0	0.9999999999999469	0.0	False
HLA-T	protein	AMR	AFR	455.0	1.0	0.0	False
HLA-T	protein	AMR	AMR	455.0	1.0	0.0	True
HLA-T	protein	AMR	EAS	455.0	1.0	0.0	False
HLA-T	protein	AMR	EUR	455.0	1.0	0.0	False
HLA-T	protein	AMR	MID	455.0	1.0	0.0	False
HLA-T	protein	AMR	SAS	455.0	1.0	0.0	False
HLA-T	protein	AMR	UNASSIGNED	455.0	1.0	0.0	False
HLA-T	protein	EAS	AFR	455.0	0.999999466761635	0.0	False
HLA-T	protein	EAS	AMR	455.0	0.9999992073312536	0.0	False
HLA-T	protein	EAS	EAS	455.0	0.9999997936365201	0.0	True
HLA-T	protein	EAS	EUR	455.0	0.999999167828021	0.0	False
HLA-T	protein	EAS	MID	455.0	0.9999991003196791	0.0	False
HLA-T	protein	EAS	SAS	455.0	0.9999994118394383	0.0	False
HLA-T	protein	EAS	UNASSIGNED	455.0	0.9999992152516234	0.0	False
HLA-T	protein	EUR	AFR	455.0	1.0	0.0	False
HLA-T	protein	EUR	AMR	455.0	1.0	0.0	False
HLA-T	protein	EUR	EAS	455.0	1.0	0.0	False
HLA-T	protein	EUR	EUR	455.0	1.0	0.0	True
HLA-T	protein	EUR	MID	455.0	1.0	0.0	False
HLA-T	protein	EUR	SAS	455.0	1.0	0.0	False
HLA-T	protein	EUR	UNASSIGNED	455.0	1.0	0.0	False
HLA-T	protein	MID	AFR	455.0	1.0	0.0	False
HLA-T	protein	MID	AMR	455.0	1.0	0.0	False
HLA-T	protein	MID	EAS	455.0	1.0	0.0	False
HLA-T	protein	MID	EUR	455.0	1.0	0.0	False
HLA-T	protein	MID	MID	455.0	1.0	0.0	True
HLA-T	protein	MID	SAS	455.0	1.0	0.0	False
HLA-T	protein	MID	UNASSIGNED	455.0	1.0	0.0	False
HLA-T	protein	SAS	AFR	455.0	0.9999999999999998	0.0	False
HLA-T	protein	SAS	AMR	455.0	0.9999999999999998	0.0	False
HLA-T	protein	SAS	EAS	455.0	1.0	0.0	False
HLA-T	protein	SAS	EUR	455.0	0.9999999999999998	0.0	False
HLA-T	protein	SAS	MID	455.0	0.9999999999999998	0.0	False
HLA-T	protein	SAS	SAS	455.0	0.9999999999999999	0.0	True
HLA-T	protein	SAS	UNASSIGNED	455.0	0.9999999999999998	0.0	False
HLA-T	protein	UNASSIGNED	AFR	455.0	1.0	0.0	False
HLA-T	protein	UNASSIGNED	AMR	455.0	1.0	0.0	False
HLA-T	protein	UNASSIGNED	EAS	455.0	1.0	0.0	False
HLA-T	protein	UNASSIGNED	EUR	455.0	1.0	0.0	False
HLA-T	protein	UNASSIGNED	MID	455.0	1.0	0.0	False
HLA-T	protein	UNASSIGNED	SAS	455.0	1.0	0.0	False
HLA-T	protein	UNASSIGNED	UNASSIGNED	455.0	1.0	0.0	True
HLA-U	protein	AFR	AFR	25.0	1.0	0.0	True
HLA-U	protein	AFR	AMR	25.0	0.961038961038961	0.0	False
HLA-U	protein	AFR	EUR	25.0	1.0	0.0	False
HLA-U	protein	AFR	MID	25.0	1.0	0.0	False
HLA-U	protein	AFR	SAS	25.0	0.9876543209876543	0.012044564890093312	False
HLA-U	protein	AFR	UNASSIGNED	25.0	0.9819819819819819	0.008968427887346753	False
HLA-U	protein	AMR	AFR	25.0	1.0	0.0	False
HLA-U	protein	AMR	AMR	25.0	0.9882291324533294	0.0	True
HLA-U	protein	AMR	EUR	25.0	1.0	0.0	False
HLA-U	protein	AMR	MID	25.0	1.0	0.0	False
HLA-U	protein	AMR	SAS	25.0	0.9876543209876543	0.012044564890093312	False
HLA-U	protein	AMR	UNASSIGNED	25.0	0.9882691987955146	0.008968427887346753	False
HLA-U	protein	EUR	AFR	25.0	1.0	0.0	False
HLA-U	protein	EUR	AMR	25.0	0.961038961038961	0.0	False
HLA-U	protein	EUR	EUR	25.0	1.0	0.0	True
HLA-U	protein	EUR	MID	25.0	1.0	0.0	False
HLA-U	protein	EUR	SAS	25.0	0.9876543209876543	0.012044564890093312	False
HLA-U	protein	EUR	UNASSIGNED	25.0	0.9819819819819819	0.008968427887346753	False
HLA-U	protein	MID	AFR	25.0	1.0	0.0	False
HLA-U	protein	MID	AMR	25.0	0.961038961038961	0.0	False
HLA-U	protein	MID	EUR	25.0	1.0	0.0	False
HLA-U	protein	MID	MID	25.0	1.0	0.0	True
HLA-U	protein	MID	SAS	25.0	0.9876543209876543	0.012044564890093312	False
HLA-U	protein	MID	UNASSIGNED	25.0	0.9819819819819819	0.008968427887346753	False
HLA-U	protein	SAS	AFR	25.0	1.0	0.0	False
HLA-U	protein	SAS	AMR	25.0	0.961038961038961	0.0	False
HLA-U	protein	SAS	EUR	25.0	1.0	0.0	False
HLA-U	protein	SAS	MID	25.0	1.0	0.0	False
HLA-U	protein	SAS	SAS	25.0	0.9914647157445511	0.012044564890093312	True
HLA-U	protein	SAS	UNASSIGNED	25.0	0.9819819819819819	0.008968427887346753	False
HLA-U	protein	UNASSIGNED	AFR	25.0	1.0	0.0	False
HLA-U	protein	UNASSIGNED	AMR	25.0	0.9693374987492644	0.0	False
HLA-U	protein	UNASSIGNED	EUR	25.0	1.0	0.0	False
HLA-U	protein	UNASSIGNED	MID	25.0	1.0	0.0	False
HLA-U	protein	UNASSIGNED	SAS	25.0	0.9876543209876543	0.012044564890093312	False
HLA-U	protein	UNASSIGNED	UNASSIGNED	25.0	0.984915391115711	0.008968427887346753	True
HLA-W	protein	AFR	AFR	134.0	0.9986315473940761	0.0017985494519791034	True
HLA-W	protein	AFR	AMR	134.0	0.9961254374258169	0.0	False
HLA-W	protein	AFR	EAS	134.0	0.934375	0.0	False
HLA-W	protein	AFR	EUR	134.0	0.9874095867004206	0.0	False
HLA-W	protein	AFR	MID	134.0	0.9925373134328358	0.0073521282476506356	False
HLA-W	protein	AFR	SAS	134.0	1.0	0.0	False
HLA-W	protein	AFR	UNASSIGNED	134.0	0.9886257110063924	0.0010040158109786423	False
HLA-W	protein	AMR	AFR	134.0	0.9991716539023373	0.0017985494519791034	False
HLA-W	protein	AMR	AMR	134.0	0.9976546657337046	0.0	True
HLA-W	protein	AMR	EAS	134.0	0.934375	0.0	False
HLA-W	protein	AMR	EUR	134.0	0.9923788228547192	0.0	False
HLA-W	protein	AMR	MID	134.0	0.9925373134328358	0.0073521282476506356	False
HLA-W	protein	AMR	SAS	134.0	1.0	0.0	False
HLA-W	protein	AMR	UNASSIGNED	134.0	0.9913308552054785	0.0010040158109786423	False
HLA-W	protein	EAS	AFR	134.0	0.9981949458483754	0.0017985494519791034	False
HLA-W	protein	EAS	AMR	134.0	0.9948892674616695	0.0	False
HLA-W	protein	EAS	EAS	134.0	0.9999995527228867	0.0	True
HLA-W	protein	EAS	EUR	134.0	0.9833926453143536	0.0	False
HLA-W	protein	EAS	MID	134.0	0.9925373134328358	0.0073521282476506356	False
HLA-W	protein	EAS	SAS	134.0	1.0	0.0	False
HLA-W	protein	EAS	UNASSIGNED	134.0	0.9899547726220197	0.0010040158109786423	False
HLA-W	protein	EUR	AFR	134.0	0.999843329908351	0.0017985494519791034	False
HLA-W	protein	EUR	AMR	134.0	0.9995564127899138	0.0	False
HLA-W	protein	EUR	EAS	134.0	0.934375	0.0	False
HLA-W	protein	EUR	EUR	134.0	0.9985585608175216	0.0	True
HLA-W	protein	EUR	MID	134.0	0.9925373134328358	0.0073521282476506356	False
HLA-W	protein	EUR	SAS	134.0	1.0	0.0	False
HLA-W	protein	EUR	UNASSIGNED	134.0	0.9946949702893403	0.0010040158109786423	False
HLA-W	protein	MID	AFR	134.0	0.9981949458483754	0.0017985494519791034	False
HLA-W	protein	MID	AMR	134.0	0.9948892674616695	0.0	False
HLA-W	protein	MID	EAS	134.0	0.934375	0.0	False
HLA-W	protein	MID	EUR	134.0	0.9833926453143536	0.0	False
HLA-W	protein	MID	MID	134.0	1.0	0.0073521282476506356	True
HLA-W	protein	MID	SAS	134.0	1.0	0.0	False
HLA-W	protein	MID	UNASSIGNED	134.0	0.9869412355600201	0.0010040158109786423	False
HLA-W	protein	SAS	AFR	134.0	0.9981949458483754	0.0017985494519791034	False
HLA-W	protein	SAS	AMR	134.0	0.9948892674616695	0.0	False
HLA-W	protein	SAS	EAS	134.0	0.934375	0.0	False
HLA-W	protein	SAS	EUR	134.0	0.9833926453143536	0.0	False
HLA-W	protein	SAS	MID	134.0	0.9925373134328358	0.0073521282476506356	False
HLA-W	protein	SAS	SAS	134.0	1.0	0.0	True
HLA-W	protein	SAS	UNASSIGNED	134.0	0.9864389753892516	0.0010040158109786423	False
HLA-W	protein	UNASSIGNED	AFR	134.0	0.9994878479986475	0.0017985494519791034	False
HLA-W	protein	UNASSIGNED	AMR	134.0	0.9985499205685728	0.0	False
HLA-W	protein	UNASSIGNED	EAS	134.0	0.9597354792527156	0.0	False
HLA-W	protein	UNASSIGNED	EUR	134.0	0.9952879585735595	0.0	False
HLA-W	protein	UNASSIGNED	MID	134.0	0.9930395736036195	0.0073521282476506356	False
HLA-W	protein	UNASSIGNED	SAS	134.0	1.0	0.0	False
HLA-W	protein	UNASSIGNED	UNASSIGNED	134.0	0.9943408055023806	0.0010040158109786423	True
HLA-Y	protein	AMR	AMR	1.0	1.0	0.0	True
HLA-Y	protein	AMR	EAS	1.0	1.0	0.0	False
HLA-Y	protein	AMR	UNASSIGNED	1.0	1.0	0.0	False
HLA-Y	protein	EAS	AMR	1.0	1.0	0.0	False
HLA-Y	protein	EAS	EAS	1.0	1.0	0.0	True
HLA-Y	protein	EAS	UNASSIGNED	1.0	1.0	0.0	False
HLA-Y	protein	UNASSIGNED	AMR	1.0	1.0	0.0	False
HLA-Y	protein	UNASSIGNED	EAS	1.0	1.0	0.0	False
HLA-Y	protein	UNASSIGNED	UNASSIGNED	1.0	1.0	0.0	True
MICA	protein	AFR	AFR	452.0	0.9848519256945332	0.005648015022783559	True
MICA	protein	AFR	AMR	452.0	0.9512496607422133	0.00880767032618246	False
MICA	protein	AFR	EAS	452.0	0.9212647336108051	0.008855678051947091	False
MICA	protein	AFR	EUR	452.0	0.9393212360176784	0.00827540322536413	False
MICA	protein	AFR	MID	452.0	0.8716376029225319	0.01326453248977133	False
MICA	protein	AFR	SAS	452.0	0.9412970287166852	0.007282135956017344	False
MICA	protein	AFR	UNASSIGNED	452.0	0.9223712593275422	0.008001241096392664	False
MICA	protein	AMR	AFR	452.0	0.9496194918329754	0.005648015022783559	False
MICA	protein	AMR	AMR	452.0	0.9873219182205214	0.00880767032618246	True
MICA	protein	AMR	EAS	452.0	0.9253232441744801	0.008855678051947091	False
MICA	protein	AMR	EUR	452.0	0.9779223088719784	0.00827540322536413	False
MICA	protein	AMR	MID	452.0	0.9721191950524561	0.01326453248977133	False
MICA	protein	AMR	SAS	452.0	0.9720120811571762	0.007282135956017344	False
MICA	protein	AMR	UNASSIGNED	452.0	0.9794153136521256	0.008001241096392664	False
MICA	protein	EAS	AFR	452.0	0.8610375093854822	0.005648015022783559	False
MICA	protein	EAS	AMR	452.0	0.9176252218528624	0.00880767032618246	False
MICA	protein	EAS	EAS	452.0	0.9849287718505093	0.008855678051947091	True
MICA	protein	EAS	EUR	452.0	0.8932223701977378	0.00827540322536413	False
MICA	protein	EAS	MID	452.0	0.8417784299994482	0.01326453248977133	False
MICA	protein	EAS	SAS	452.0	0.9670988338107414	0.007282135956017344	False
MICA	protein	EAS	UNASSIGNED	452.0	0.8693740227436398	0.008001241096392664	False
MICA	protein	EUR	AFR	452.0	0.907277015560069	0.005648015022783559	False
MICA	protein	EUR	AMR	452.0	0.9751628390685873	0.00880767032618246	False
MICA	protein	EUR	EAS	452.0	0.9167853728791341	0.008855678051947091	False
MICA	protein	EUR	EUR	452.0	0.9929262588884483	0.00827540322536413	True
MICA	protein	EUR	MID	452.0	0.9734902347142742	0.01326453248977133	False
MICA	protein	EUR	SAS	452.0	0.970560973497084	0.007282135956017344	False
MICA	protein	EUR	UNASSIGNED	452.0	0.9719034570972349	0.008001241096392664	False
MICA	protein	MID	AFR	452.0	0.9077212806026363	0.005648015022783559	False
MICA	protein	MID	AMR	452.0	0.9800649049605934	0.00880767032618246	False
MICA	protein	MID	EAS	452.0	0.9174972314507198	0.008855678051947091	False
MICA	protein	MID	EUR	452.0	0.9793046357615892	0.00827540322536413	False
MICA	protein	MID	MID	452.0	0.9999999999999996	0.01326453248977133	True
MICA	protein	MID	SAS	452.0	0.9701986754966889	0.007282135956017344	False
MICA	protein	MID	UNASSIGNED	452.0	0.9717835333754474	0.008001241096392664	False
MICA	protein	SAS	AFR	452.0	0.8623979245293473	0.005648015022783559	False
MICA	protein	SAS	AMR	452.0	0.9330825343348402	0.00880767032618246	False
MICA	protein	SAS	EAS	452.0	0.9649301126816024	0.008855678051947091	False
MICA	protein	SAS	EUR	452.0	0.9323864976432855	0.00827540322536413	False
MICA	protein	SAS	MID	452.0	0.9137556263427992	0.01326453248977133	False
MICA	protein	SAS	SAS	452.0	0.9920682695773593	0.007282135956017344	True
MICA	protein	SAS	UNASSIGNED	452.0	0.9091993479318363	0.008001241096392664	False
MICA	protein	UNASSIGNED	AFR	452.0	0.9600989146323441	0.005648015022783559	False
MICA	protein	UNASSIGNED	AMR	452.0	0.9845302758699848	0.00880767032618246	False
MICA	protein	UNASSIGNED	EAS	452.0	0.9427500019906739	0.008855678051947091	False
MICA	protein	UNASSIGNED	EUR	452.0	0.9824694012114823	0.00827540322536413	False
MICA	protein	UNASSIGNED	MID	452.0	0.969862830304152	0.01326453248977133	False
MICA	protein	UNASSIGNED	SAS	452.0	0.9791489289015124	0.007282135956017344	False
MICA	protein	UNASSIGNED	UNASSIGNED	452.0	0.9828563211305981	0.008001241096392664	True
MICB	protein	AFR	AFR	551.0	0.9925507052907986	0.003183453458680874	True
MICB	protein	AFR	AMR	551.0	0.9539308113390966	0.003550884080575578	False
MICB	protein	AFR	EAS	551.0	0.958015407765279	0.0026358176660417065	False
MICB	protein	AFR	EUR	551.0	0.9748246912869121	0.00709495021630091	False
MICB	protein	AFR	MID	551.0	0.9364203919397079	0.007246352943501511	False
MICB	protein	AFR	SAS	551.0	0.9415456396775645	0.008280090305410326	False
MICB	protein	AFR	UNASSIGNED	551.0	0.9464405153515195	0.0034973951506520606	False
MICB	protein	AMR	AFR	551.0	0.9838453739516142	0.003183453458680874	False
MICB	protein	AMR	AMR	551.0	0.9935481373835879	0.003550884080575578	True
MICB	protein	AMR	EAS	551.0	0.9748522915943353	0.0026358176660417065	False
MICB	protein	AMR	EUR	551.0	0.9872547994039904	0.00709495021630091	False
MICB	protein	AMR	MID	551.0	0.9878889781249743	0.007246352943501511	False
MICB	protein	AMR	SAS	551.0	0.9895565356548045	0.008280090305410326	False
MICB	protein	AMR	UNASSIGNED	551.0	0.9871308373585275	0.0034973951506520606	False
MICB	protein	EAS	AFR	551.0	0.9574792266201442	0.003183453458680874	False
MICB	protein	EAS	AMR	551.0	0.9576279498519594	0.003550884080575578	False
MICB	protein	EAS	EAS	551.0	0.9961333788885683	0.0026358176660417065	True
MICB	protein	EAS	EUR	551.0	0.9740237426131904	0.00709495021630091	False
MICB	protein	EAS	MID	551.0	0.9327112360429487	0.007246352943501511	False
MICB	protein	EAS	SAS	551.0	0.9703716593146656	0.008280090305410326	False
MICB	protein	EAS	UNASSIGNED	551.0	0.9435159796859686	0.0034973951506520606	False
MICB	protein	EUR	AFR	551.0	0.9689891722621534	0.003183453458680874	False
MICB	protein	EUR	AMR	551.0	0.9702789512101554	0.003550884080575578	False
MICB	protein	EUR	EAS	551.0	0.9737222732591411	0.0026358176660417065	False
MICB	protein	EUR	EUR	551.0	0.9935913683146315	0.00709495021630091	True
MICB	protein	EUR	MID	551.0	0.9867492484487995	0.007246352943501511	False
MICB	protein	EUR	SAS	551.0	0.9880258903313562	0.008280090305410326	False
MICB	protein	EUR	UNASSIGNED	551.0	0.979587374780927	0.0034973951506520606	False
MICB	protein	MID	AFR	551.0	0.9755082047514082	0.003183453458680874	False
MICB	protein	MID	AMR	551.0	0.9666193181818182	0.003550884080575578	False
MICB	protein	MID	EAS	551.0	0.9661687170474518	0.0026358176660417065	False
MICB	protein	MID	EUR	551.0	0.9880266075388027	0.00709495021630091	False
MICB	protein	MID	MID	551.0	1.0	0.007246352943501511	True
MICB	protein	MID	SAS	551.0	0.9887968826108136	0.008280090305410326	False
MICB	protein	MID	UNASSIGNED	551.0	0.9803264354415623	0.0034973951506520606	False
MICB	protein	SAS	AFR	551.0	0.9583514944376912	0.003183453458680874	False
MICB	protein	SAS	AMR	551.0	0.9697203814602402	0.003550884080575578	False
MICB	protein	SAS	EAS	551.0	0.9806922112970825	0.0026358176660417065	False
MICB	protein	SAS	EUR	551.0	0.9793676177035542	0.00709495021630091	False
MICB	protein	SAS	MID	551.0	0.9864922545214022	0.007246352943501511	False
MICB	protein	SAS	SAS	551.0	0.9928061937745016	0.008280090305410326	True
MICB	protein	SAS	UNASSIGNED	551.0	0.9730245232412689	0.0034973951506520606	False
MICB	protein	UNASSIGNED	AFR	551.0	0.9872750628771605	0.003183453458680874	False
MICB	protein	UNASSIGNED	AMR	551.0	0.9876967179509828	0.003550884080575578	False
MICB	protein	UNASSIGNED	EAS	551.0	0.987283117705372	0.0026358176660417065	False
MICB	protein	UNASSIGNED	EUR	551.0	0.9912486067394938	0.00709495021630091	False
MICB	protein	UNASSIGNED	MID	551.0	0.991740292391451	0.007246352943501511	False
MICB	protein	UNASSIGNED	SAS	551.0	0.9917267724699055	0.008280090305410326	False
MICB	protein	UNASSIGNED	UNASSIGNED	551.0	0.9903596596757607	0.0034973951506520606	True
TAP1	protein	AFR	AFR	561.0	0.9870978741602865	0.0033398083092205377	True
TAP1	protein	AFR	AMR	561.0	0.9866837107583073	0.005186840980046403	False
TAP1	protein	AFR	EAS	561.0	0.9894664742025752	0.0034572162941505225	False
TAP1	protein	AFR	EUR	561.0	0.9862669774323575	0.006810683952257923	False
TAP1	protein	AFR	MID	561.0	0.9869378626536284	0.014253886212308164	False
TAP1	protein	AFR	SAS	561.0	0.9864720464824607	0.007028614063777527	False
TAP1	protein	AFR	UNASSIGNED	561.0	0.987029637588488	0.006479746194141933	False
TAP1	protein	AMR	AFR	561.0	0.9622198126223844	0.0033398083092205377	False
TAP1	protein	AMR	AMR	561.0	0.9897041171120798	0.005186840980046403	True
TAP1	protein	AMR	EAS	561.0	0.9892254973981532	0.0034572162941505225	False
TAP1	protein	AMR	EUR	561.0	0.9876615176828717	0.006810683952257923	False
TAP1	protein	AMR	MID	561.0	0.9867058173821788	0.014253886212308164	False
TAP1	protein	AMR	SAS	561.0	0.9831067840970287	0.007028614063777527	False
TAP1	protein	AMR	UNASSIGNED	561.0	0.9842618015323885	0.006479746194141933	False
TAP1	protein	EAS	AFR	561.0	0.7531859217588327	0.0033398083092205377	False
TAP1	protein	EAS	AMR	561.0	0.9191983203572542	0.005186840980046403	False
TAP1	protein	EAS	EAS	561.0	0.9943314612316445	0.0034572162941505225	True
TAP1	protein	EAS	EUR	561.0	0.9651621006911909	0.006810683952257923	False
TAP1	protein	EAS	MID	561.0	0.9153858089137606	0.014253886212308164	False
TAP1	protein	EAS	SAS	561.0	0.9719691402767218	0.007028614063777527	False
TAP1	protein	EAS	UNASSIGNED	561.0	0.8904925353981852	0.006479746194141933	False
TAP1	protein	EUR	AFR	561.0	0.8600366494233541	0.0033398083092205377	False
TAP1	protein	EUR	AMR	561.0	0.964694198003788	0.005186840980046403	False
TAP1	protein	EUR	EAS	561.0	0.9872363371637806	0.0034572162941505225	False
TAP1	protein	EUR	EUR	561.0	0.9916755282635172	0.006810683952257923	True
TAP1	protein	EUR	MID	561.0	0.9819005796304386	0.014253886212308164	False
TAP1	protein	EUR	SAS	561.0	0.9609487203796394	0.007028614063777527	False
TAP1	protein	EUR	UNASSIGNED	561.0	0.961669712571252	0.006479746194141933	False
TAP1	protein	MID	AFR	561.0	0.9346218086375566	0.0033398083092205377	False
TAP1	protein	MID	AMR	561.0	0.9816672431684538	0.005186840980046403	False
TAP1	protein	MID	EAS	561.0	0.9878945092952874	0.0034572162941505225	False
TAP1	protein	MID	EUR	561.0	0.9889314601958279	0.006810683952257923	False
TAP1	protein	MID	MID	561.0	1.0000000000000004	0.014253886212308164	True
TAP1	protein	MID	SAS	561.0	0.9611059044048735	0.007028614063777527	False
TAP1	protein	MID	UNASSIGNED	561.0	0.9794337230595858	0.006479746194141933	False
TAP1	protein	SAS	AFR	561.0	0.8174907974755476	0.0033398083092205377	False
TAP1	protein	SAS	AMR	561.0	0.9481427409819692	0.005186840980046403	False
TAP1	protein	SAS	EAS	561.0	0.9884849870438006	0.0034572162941505225	False
TAP1	protein	SAS	EUR	561.0	0.9800815827097031	0.006810683952257923	False
TAP1	protein	SAS	MID	561.0	0.9599696345111678	0.014253886212308164	False
TAP1	protein	SAS	SAS	561.0	0.9940996364802727	0.007028614063777527	True
TAP1	protein	SAS	UNASSIGNED	561.0	0.9349423325244954	0.006479746194141933	False
TAP1	protein	UNASSIGNED	AFR	561.0	0.9691216591977535	0.0033398083092205377	False
TAP1	protein	UNASSIGNED	AMR	561.0	0.9848489950715876	0.005186840980046403	False
TAP1	protein	UNASSIGNED	EAS	561.0	0.9904672233690462	0.0034572162941505225	False
TAP1	protein	UNASSIGNED	EUR	561.0	0.9893388727097113	0.006810683952257923	False
TAP1	protein	UNASSIGNED	MID	561.0	0.9887771750741156	0.014253886212308164	False
TAP1	protein	UNASSIGNED	SAS	561.0	0.9745679755167725	0.007028614063777527	False
TAP1	protein	UNASSIGNED	UNASSIGNED	561.0	0.9877096651729633	0.006479746194141933	True
TAP2	protein	AFR	AFR	555.0	0.984796616835227	0.005876048105160181	True
TAP2	protein	AFR	AMR	555.0	0.9614060956158429	0.008525672187614686	False
TAP2	protein	AFR	EAS	555.0	0.8904719774252947	0.008108532740753738	False
TAP2	protein	AFR	EUR	555.0	0.9863318093003025	0.006812495901154958	False
TAP2	protein	AFR	MID	555.0	0.9790131428974613	0.021615118878276718	False
TAP2	protein	AFR	SAS	555.0	0.9302681080613975	0.008806810454042746	False
TAP2	protein	AFR	UNASSIGNED	555.0	0.980049615810322	0.005680723683664346	False
TAP2	protein	AMR	AFR	555.0	0.9490222585114054	0.005876048105160181	False
TAP2	protein	AMR	AMR	555.0	0.9852559290364384	0.008525672187614686	True
TAP2	protein	AMR	EAS	555.0	0.8964065524169248	0.008108532740753738	False
TAP2	protein	AMR	EUR	555.0	0.986222224281964	0.006812495901154958	False
TAP2	protein	AMR	MID	555.0	0.9807189423355536	0.021615118878276718	False
TAP2	protein	AMR	SAS	555.0	0.9309395414847113	0.008806810454042746	False
TAP2	protein	AMR	UNASSIGNED	555.0	0.977293915395735	0.005680723683664346	False
TAP2	protein	EAS	AFR	555.0	0.8333252464542416	0.005876048105160181	False
TAP2	protein	EAS	AMR	555.0	0.9316516589321358	0.008525672187614686	False
TAP2	protein	EAS	EAS	555.0	0.990782685660802	0.008108532740753738	True
TAP2	protein	EAS	EUR	555.0	0.979684672006216	0.006812495901154958	False
TAP2	protein	EAS	MID	555.0	0.9178000241483166	0.021615118878276718	False
TAP2	protein	EAS	SAS	555.0	0.9754341160311414	0.008806810454042746	False
TAP2	protein	EAS	UNASSIGNED	555.0	0.9226263031900565	0.005680723683664346	False
TAP2	protein	EUR	AFR	555.0	0.868479512930267	0.005876048105160181	False
TAP2	protein	EUR	AMR	555.0	0.9391487129953702	0.008525672187614686	False
TAP2	protein	EUR	EAS	555.0	0.8897427987647847	0.008108532740753738	False
TAP2	protein	EUR	EUR	555.0	0.9892845656208494	0.006812495901154958	True
TAP2	protein	EUR	MID	555.0	0.9507591211132902	0.021615118878276718	False
TAP2	protein	EUR	SAS	555.0	0.9283897409770594	0.008806810454042746	False
TAP2	protein	EUR	UNASSIGNED	555.0	0.9499455899079241	0.005680723683664346	False
TAP2	protein	MID	AFR	555.0	0.929007992477668	0.005876048105160181	False
TAP2	protein	MID	AMR	555.0	0.9710095497953616	0.008525672187614686	False
TAP2	protein	MID	EAS	555.0	0.9650021340162185	0.008108532740753738	False
TAP2	protein	MID	EUR	555.0	0.9855195911413966	0.006812495901154958	False
TAP2	protein	MID	MID	555.0	0.9999999999999996	0.021615118878276718	True
TAP2	protein	MID	SAS	555.0	0.972183588317107	0.008806810454042746	False
TAP2	protein	MID	UNASSIGNED	555.0	0.9725647776084246	0.005680723683664346	False
TAP2	protein	SAS	AFR	555.0	0.8471925612759285	0.005876048105160181	False
TAP2	protein	SAS	AMR	555.0	0.9380331120893075	0.008525672187614686	False
TAP2	protein	SAS	EAS	555.0	0.9817476974912356	0.008108532740753738	False
TAP2	protein	SAS	EUR	555.0	0.9828550231543742	0.006812495901154958	False
TAP2	protein	SAS	MID	555.0	0.9361800123756868	0.021615118878276718	False
TAP2	protein	SAS	SAS	555.0	0.9885212507546354	0.008806810454042746	True
TAP2	protein	SAS	UNASSIGNED	555.0	0.9368075251994653	0.005680723683664346	False
TAP2	protein	UNASSIGNED	AFR	555.0	0.9632212764840468	0.005876048105160181	False
TAP2	protein	UNASSIGNED	AMR	555.0	0.9713683239249098	0.008525672187614686	False
TAP2	protein	UNASSIGNED	EAS	555.0	0.9535301466854543	0.008108532740753738	False
TAP2	protein	UNASSIGNED	EUR	555.0	0.987075591975536	0.006812495901154958	False
TAP2	protein	UNASSIGNED	MID	555.0	0.9814621249894828	0.021615118878276718	False
TAP2	protein	UNASSIGNED	SAS	555.0	0.9629695016814084	0.008806810454042746	False
TAP2	protein	UNASSIGNED	UNASSIGNED	555.0	0.9816383053381708	0.005680723683664346	True
classical_gene_mean	protein	AFR	AFR		0.9873988406271413		True
classical_gene_mean	protein	AFR	AMR		0.9031840902879857		False
classical_gene_mean	protein	AFR	EAS		0.8055417489037944		False
classical_gene_mean	protein	AFR	EUR		0.9728094736400116		False
classical_gene_mean	protein	AFR	MID		0.925737145195223		False
classical_gene_mean	protein	AFR	SAS		0.8833085430858068		False
classical_gene_mean	protein	AFR	UNASSIGNED		0.9437051959320198		False
classical_gene_mean	protein	AMR	AFR		0.9723858241033361		False
classical_gene_mean	protein	AMR	AMR		0.9878657969165037		True
classical_gene_mean	protein	AMR	EAS		0.8587356356970063		False
classical_gene_mean	protein	AMR	EUR		0.9890411736731368		False
classical_gene_mean	protein	AMR	MID		0.9685608725732239		False
classical_gene_mean	protein	AMR	SAS		0.9347897951604675		False
classical_gene_mean	protein	AMR	UNASSIGNED		0.9760028512110862		False
classical_gene_mean	protein	EAS	AFR		0.7182710355479688		False
classical_gene_mean	protein	EAS	AMR		0.8519054990900238		False
classical_gene_mean	protein	EAS	EAS		0.9910062775986305		True
classical_gene_mean	protein	EAS	EUR		0.926939291069066		False
classical_gene_mean	protein	EAS	MID		0.8507225772410257		False
classical_gene_mean	protein	EAS	SAS		0.953208813842616		False
classical_gene_mean	protein	EAS	UNASSIGNED		0.8536970729614213		False
classical_gene_mean	protein	EUR	AFR		0.8314236566477389		False
classical_gene_mean	protein	EUR	AMR		0.9016779950993681		False
classical_gene_mean	protein	EUR	EAS		0.82331191090479		False
classical_gene_mean	protein	EUR	EUR		0.992250582528336		True
classical_gene_mean	protein	EUR	MID		0.9517412931203906		False
classical_gene_mean	protein	EUR	SAS		0.9139932760760918		False
classical_gene_mean	protein	EUR	UNASSIGNED		0.9354119898842136		False
classical_gene_mean	protein	MID	AFR		0.9539966043946368		False
classical_gene_mean	protein	MID	AMR		0.9119634508756316		False
classical_gene_mean	protein	MID	EAS		0.797119651671023		False
classical_gene_mean	protein	MID	EUR		0.9811944720287151		False
classical_gene_mean	protein	MID	MID		0.9999999999999998		True
classical_gene_mean	protein	MID	SAS		0.9377168002578771		False
classical_gene_mean	protein	MID	UNASSIGNED		0.9643073950151905		False
classical_gene_mean	protein	SAS	AFR		0.7706636278471968		False
classical_gene_mean	protein	SAS	AMR		0.8707622114553698		False
classical_gene_mean	protein	SAS	EAS		0.910147761378121		False
classical_gene_mean	protein	SAS	EUR		0.9574282059436476		False
classical_gene_mean	protein	SAS	MID		0.9207192277837686		False
classical_gene_mean	protein	SAS	SAS		0.9915786770675594		True
classical_gene_mean	protein	SAS	UNASSIGNED		0.8968959669758118		False
classical_gene_mean	protein	UNASSIGNED	AFR		0.9787413262402428		False
classical_gene_mean	protein	UNASSIGNED	AMR		0.9697696766124426		False
classical_gene_mean	protein	UNASSIGNED	EAS		0.9243601540312005		False
classical_gene_mean	protein	UNASSIGNED	EUR		0.9924601754066084		False
classical_gene_mean	protein	UNASSIGNED	MID		0.9807047071833167		False
classical_gene_mean	protein	UNASSIGNED	SAS		0.9638349436249941		False
classical_gene_mean	protein	UNASSIGNED	UNASSIGNED		0.9853296054637887		True
HLA-A	cds	AFR	AFR	575.0	0.9870392844564266	0.005355443317745623	True
HLA-A	cds	AFR	AMR	575.0	0.8950512983047613	0.007011796882776755	False
HLA-A	cds	AFR	EAS	575.0	0.7013791751824946	0.007972438475567944	False
HLA-A	cds	AFR	EUR	575.0	0.9691066042641819	0.007428125721771872	False
HLA-A	cds	AFR	MID	575.0	0.907685437971418	0.02260263758795844	False
HLA-A	cds	AFR	SAS	575.0	0.8562127746036868	0.007752976648173759	False
HLA-A	cds	AFR	UNASSIGNED	575.0	0.9362011429957532	0.00641944017759577	False
HLA-A	cds	AMR	AFR	575.0	0.9607968891854655	0.005355443317745623	False
HLA-A	cds	AMR	AMR	575.0	0.9803307154382356	0.007011796882776755	True
HLA-A	cds	AMR	EAS	575.0	0.7608439897790804	0.007972438475567944	False
HLA-A	cds	AMR	EUR	575.0	0.9894015162532139	0.007428125721771872	False
HLA-A	cds	AMR	MID	575.0	0.9565929964758185	0.02260263758795844	False
HLA-A	cds	AMR	SAS	575.0	0.9266926146020273	0.007752976648173759	False
HLA-A	cds	AMR	UNASSIGNED	575.0	0.9616656139172612	0.00641944017759577	False
HLA-A	cds	EAS	AFR	575.0	0.5153627516500671	0.005355443317745623	False
HLA-A	cds	EAS	AMR	575.0	0.738474889529714	0.007011796882776755	False
HLA-A	cds	EAS	EAS	575.0	0.9861231692842257	0.007972438475567944	True
HLA-A	cds	EAS	EUR	575.0	0.847994602723119	0.007428125721771872	False
HLA-A	cds	EAS	MID	575.0	0.7208215935639349	0.02260263758795844	False
HLA-A	cds	EAS	SAS	575.0	0.8667683973221879	0.007752976648173759	False
HLA-A	cds	EAS	UNASSIGNED	575.0	0.7374824550701473	0.00641944017759577	False
HLA-A	cds	EUR	AFR	575.0	0.8105195443783014	0.005355443317745623	False
HLA-A	cds	EUR	AMR	575.0	0.9034788065877369	0.007011796882776755	False
HLA-A	cds	EUR	EAS	575.0	0.7422334660343111	0.007972438475567944	False
HLA-A	cds	EUR	EUR	575.0	0.9892267973978945	0.007428125721771872	True
HLA-A	cds	EUR	MID	575.0	0.927485252581299	0.02260263758795844	False
HLA-A	cds	EUR	SAS	575.0	0.8645143309944561	0.007752976648173759	False
HLA-A	cds	EUR	UNASSIGNED	575.0	0.9191821871049933	0.00641944017759577	False
HLA-A	cds	MID	AFR	575.0	0.9308337214718212	0.005355443317745623	False
HLA-A	cds	MID	AMR	575.0	0.8887775551102204	0.007011796882776755	False
HLA-A	cds	MID	EAS	575.0	0.6957616449853127	0.007972438475567944	False
HLA-A	cds	MID	EUR	575.0	0.9620305406520842	0.007428125721771872	False
HLA-A	cds	MID	MID	575.0	0.9999999999999998	0.02260263758795844	True
HLA-A	cds	MID	SAS	575.0	0.8727189781021899	0.007752976648173759	False
HLA-A	cds	MID	UNASSIGNED	575.0	0.9442699084824476	0.00641944017759577	False
HLA-A	cds	SAS	AFR	575.0	0.6642124166838083	0.005355443317745623	False
HLA-A	cds	SAS	AMR	575.0	0.826667417837399	0.007011796882776755	False
HLA-A	cds	SAS	EAS	575.0	0.8334334894453481	0.007972438475567944	False
HLA-A	cds	SAS	EUR	575.0	0.9241394192213845	0.007428125721771872	False
HLA-A	cds	SAS	MID	575.0	0.8498220256393795	0.02260263758795844	False
HLA-A	cds	SAS	SAS	575.0	0.987663395277249	0.007752976648173759	True
HLA-A	cds	SAS	UNASSIGNED	575.0	0.8390839654760427	0.00641944017759577	False
HLA-A	cds	UNASSIGNED	AFR	575.0	0.9723639612099507	0.005355443317745623	False
HLA-A	cds	UNASSIGNED	AMR	575.0	0.9528701785612513	0.007011796882776755	False
HLA-A	cds	UNASSIGNED	EAS	575.0	0.8735128487215084	0.007972438475567944	False
HLA-A	cds	UNASSIGNED	EUR	575.0	0.9916937098558684	0.007428125721771872	False
HLA-A	cds	UNASSIGNED	MID	575.0	0.9747057328996553	0.02260263758795844	False
HLA-A	cds	UNASSIGNED	SAS	575.0	0.9419741713781598	0.007752976648173759	False
HLA-A	cds	UNASSIGNED	UNASSIGNED	575.0	0.9776617194387724	0.00641944017759577	True
HLA-B	cds	AFR	AFR	580.0	0.9718112415240561	0.009485278103716466	True
HLA-B	cds	AFR	AMR	580.0	0.7356447606488712	0.01277423814305556	False
HLA-B	cds	AFR	EAS	580.0	0.4589127592861278	0.010573506263811372	False
HLA-B	cds	AFR	EUR	580.0	0.9305639754570219	0.010284678547269888	False
HLA-B	cds	AFR	MID	580.0	0.811691710154102	0.029298438523198023	False
HLA-B	cds	AFR	SAS	580.0	0.6941008627628744	0.008712650094645058	False
HLA-B	cds	AFR	UNASSIGNED	580.0	0.8398800415337548	0.010637702566697493	False
HLA-B	cds	AMR	AFR	580.0	0.9454959057308236	0.009485278103716466	False
HLA-B	cds	AMR	AMR	580.0	0.9647409703161329	0.01277423814305556	True
HLA-B	cds	AMR	EAS	580.0	0.5690953346778985	0.010573506263811372	False
HLA-B	cds	AMR	EUR	580.0	0.9758896020347108	0.010284678547269888	False
HLA-B	cds	AMR	MID	580.0	0.9211136314932248	0.029298438523198023	False
HLA-B	cds	AMR	SAS	580.0	0.7995861398188006	0.008712650094645058	False
HLA-B	cds	AMR	UNASSIGNED	580.0	0.9415926017179721	0.010637702566697493	False
HLA-B	cds	EAS	AFR	580.0	0.4672462146360188	0.009485278103716466	False
HLA-B	cds	EAS	AMR	580.0	0.6220581725773685	0.01277423814305556	False
HLA-B	cds	EAS	EAS	580.0	0.9785448183544811	0.010573506263811372	True
HLA-B	cds	EAS	EUR	580.0	0.8678541078534003	0.010284678547269888	False
HLA-B	cds	EAS	MID	580.0	0.6248090303099392	0.029298438523198023	False
HLA-B	cds	EAS	SAS	580.0	0.9052806749116378	0.008712650094645058	False
HLA-B	cds	EAS	UNASSIGNED	580.0	0.6927003919765022	0.010637702566697493	False
HLA-B	cds	EUR	AFR	580.0	0.6355180447414637	0.009485278103716466	False
HLA-B	cds	EUR	AMR	580.0	0.7425098346073172	0.01277423814305556	False
HLA-B	cds	EUR	EAS	580.0	0.4844141972333753	0.010573506263811372	False
HLA-B	cds	EUR	EUR	580.0	0.9819813916786091	0.010284678547269888	True
HLA-B	cds	EUR	MID	580.0	0.8906430901136465	0.029298438523198023	False
HLA-B	cds	EUR	SAS	580.0	0.7451216645746966	0.008712650094645058	False
HLA-B	cds	EUR	UNASSIGNED	580.0	0.849973289644946	0.010637702566697493	False
HLA-B	cds	MID	AFR	580.0	0.9109208699676077	0.009485278103716466	False
HLA-B	cds	MID	AMR	580.0	0.7545393409549428	0.01277423814305556	False
HLA-B	cds	MID	EAS	580.0	0.4919627749576987	0.010573506263811372	False
HLA-B	cds	MID	EUR	580.0	0.9786008230452676	0.010284678547269888	False
HLA-B	cds	MID	MID	580.0	0.9999999999999996	0.029298438523198023	True
HLA-B	cds	MID	SAS	580.0	0.8889908256880735	0.008712650094645058	False
HLA-B	cds	MID	UNASSIGNED	580.0	0.924168030551009	0.010637702566697493	False
HLA-B	cds	SAS	AFR	580.0	0.5113755028303537	0.009485278103716466	False
HLA-B	cds	SAS	AMR	580.0	0.6779858954877875	0.01277423814305556	False
HLA-B	cds	SAS	EAS	580.0	0.695983887679258	0.010573506263811372	False
HLA-B	cds	SAS	EUR	580.0	0.9351726269686028	0.010284678547269888	False
HLA-B	cds	SAS	MID	580.0	0.8200031598731132	0.029298438523198023	False
HLA-B	cds	SAS	SAS	580.0	0.9831729702949414	0.008712650094645058	True
HLA-B	cds	SAS	UNASSIGNED	580.0	0.7791739220841895	0.010637702566697493	False
HLA-B	cds	UNASSIGNED	AFR	580.0	0.951860626284994	0.009485278103716466	False
HLA-B	cds	UNASSIGNED	AMR	580.0	0.892972264505936	0.01277423814305556	False
HLA-B	cds	UNASSIGNED	EAS	580.0	0.7279655656461252	0.010573506263811372	False
HLA-B	cds	UNASSIGNED	EUR	580.0	0.982571657360919	0.010284678547269888	False
HLA-B	cds	UNASSIGNED	MID	580.0	0.9505792946571735	0.029298438523198023	False
HLA-B	cds	UNASSIGNED	SAS	580.0	0.9013715965090058	0.008712650094645058	False
HLA-B	cds	UNASSIGNED	UNASSIGNED	580.0	0.9587478394883734	0.010637702566697493	True
HLA-C	cds	AFR	AFR	567.0	0.9847003749895215	0.0075749142495356026	True
HLA-C	cds	AFR	AMR	567.0	0.9261292656499643	0.008485391315198654	False
HLA-C	cds	AFR	EAS	567.0	0.8401626170583033	0.0072353095457332595	False
HLA-C	cds	AFR	EUR	567.0	0.9776941534278089	0.008719895168736058	False
HLA-C	cds	AFR	MID	567.0	0.8968197757793921	0.01055714099192362	False
HLA-C	cds	AFR	SAS	567.0	0.8549341232317946	0.009286774429211886	False
HLA-C	cds	AFR	UNASSIGNED	567.0	0.9463876585041285	0.00658869281636465	False
HLA-C	cds	AMR	AFR	567.0	0.964436109190402	0.0075749142495356026	False
HLA-C	cds	AMR	AMR	567.0	0.9837750344696611	0.008485391315198654	True
HLA-C	cds	AMR	EAS	567.0	0.9258364195024126	0.0072353095457332595	False
HLA-C	cds	AMR	EUR	567.0	0.9881537595697006	0.008719895168736058	False
HLA-C	cds	AMR	MID	567.0	0.9635193716735804	0.01055714099192362	False
HLA-C	cds	AMR	SAS	567.0	0.9523644078304292	0.009286774429211886	False
HLA-C	cds	AMR	UNASSIGNED	567.0	0.9759339452497884	0.00658869281636465	False
HLA-C	cds	EAS	AFR	567.0	0.588205971331916	0.0075749142495356026	False
HLA-C	cds	EAS	AMR	567.0	0.799896524400766	0.008485391315198654	False
HLA-C	cds	EAS	EAS	567.0	0.9868797877045984	0.0072353095457332595	True
HLA-C	cds	EAS	EUR	567.0	0.8777450730047994	0.008719895168736058	False
HLA-C	cds	EAS	MID	567.0	0.7663419798736818	0.01055714099192362	False
HLA-C	cds	EAS	SAS	567.0	0.9462141689141005	0.009286774429211886	False
HLA-C	cds	EAS	UNASSIGNED	567.0	0.7911786890377953	0.00658869281636465	False
HLA-C	cds	EUR	AFR	567.0	0.8243294064080515	0.0075749142495356026	False
HLA-C	cds	EUR	AMR	567.0	0.8956279025237901	0.008485391315198654	False
HLA-C	cds	EUR	EAS	567.0	0.7931052998504546	0.0072353095457332595	False
HLA-C	cds	EUR	EUR	567.0	0.9886917732130366	0.008719895168736058	True
HLA-C	cds	EUR	MID	567.0	0.9331307707935186	0.01055714099192362	False
HLA-C	cds	EUR	SAS	567.0	0.8514745007097553	0.009286774429211886	False
HLA-C	cds	EUR	UNASSIGNED	567.0	0.9238655462383745	0.00658869281636465	False
HLA-C	cds	MID	AFR	567.0	0.9573002754820936	0.0075749142495356026	False
HLA-C	cds	MID	AMR	567.0	0.9256619144602852	0.008485391315198654	False
HLA-C	cds	MID	EAS	567.0	0.8160919540229885	0.0072353095457332595	False
HLA-C	cds	MID	EUR	567.0	0.9912790697674422	0.008719895168736058	False
HLA-C	cds	MID	MID	567.0	0.9999999999999998	0.01055714099192362	True
HLA-C	cds	MID	SAS	567.0	0.933581049698096	0.009286774429211886	False
HLA-C	cds	MID	UNASSIGNED	567.0	0.9702127659574472	0.00658869281636465	False
HLA-C	cds	SAS	AFR	567.0	0.6577870108992352	0.0075749142495356026	False
HLA-C	cds	SAS	AMR	567.0	0.8323399134616953	0.008485391315198654	False
HLA-C	cds	SAS	EAS	567.0	0.9570594724912043	0.0072353095457332595	False
HLA-C	cds	SAS	EUR	567.0	0.9263741217068322	0.008719895168736058	False
HLA-C	cds	SAS	MID	567.0	0.8623312601574673	0.01055714099192362	False
HLA-C	cds	SAS	SAS	567.0	0.9879593432465407	0.009286774429211886	True
HLA-C	cds	SAS	UNASSIGNED	567.0	0.8300357474637412	0.00658869281636465	False
HLA-C	cds	UNASSIGNED	AFR	567.0	0.9750064589455768	0.0075749142495356026	False
HLA-C	cds	UNASSIGNED	AMR	567.0	0.9671089798837765	0.008485391315198654	False
HLA-C	cds	UNASSIGNED	EAS	567.0	0.9421941878709242	0.0072353095457332595	False
HLA-C	cds	UNASSIGNED	EUR	567.0	0.9905784590671789	0.008719895168736058	False
HLA-C	cds	UNASSIGNED	MID	567.0	0.9767130905743345	0.01055714099192362	False
HLA-C	cds	UNASSIGNED	SAS	567.0	0.9551190339111277	0.009286774429211886	False
HLA-C	cds	UNASSIGNED	UNASSIGNED	567.0	0.9834979229771258	0.00658869281636465	True
HLA-DMA	cds	AFR	AFR	588.0	0.994401973369129	0.002500723255696391	True
HLA-DMA	cds	AFR	AMR	588.0	0.9906151150313658	0.0019962289759648533	False
HLA-DMA	cds	AFR	EAS	588.0	0.9876061966037943	0.0032807050756189504	False
HLA-DMA	cds	AFR	EUR	588.0	0.9877374688346527	0.0032583238643966173	False
HLA-DMA	cds	AFR	MID	588.0	0.9735964987896774	0.0033955759174417732	False
HLA-DMA	cds	AFR	SAS	588.0	0.9885782384212946	0.004074856068115751	False
HLA-DMA	cds	AFR	UNASSIGNED	588.0	0.9911831287288841	0.0016031707106451965	False
HLA-DMA	cds	AMR	AFR	588.0	0.9871030403301936	0.002500723255696391	False
HLA-DMA	cds	AMR	AMR	588.0	0.9951254053002714	0.0019962289759648533	True
HLA-DMA	cds	AMR	EAS	588.0	0.9886557796987138	0.0032807050756189504	False
HLA-DMA	cds	AMR	EUR	588.0	0.9938527081728886	0.0032583238643966173	False
HLA-DMA	cds	AMR	MID	588.0	0.9840518050519023	0.0033955759174417732	False
HLA-DMA	cds	AMR	SAS	588.0	0.9922687624127139	0.004074856068115751	False
HLA-DMA	cds	AMR	UNASSIGNED	588.0	0.9940174385179631	0.0016031707106451965	False
HLA-DMA	cds	EAS	AFR	588.0	0.9855698511117255	0.002500723255696391	False
HLA-DMA	cds	EAS	AMR	588.0	0.9911166805181837	0.0019962289759648533	False
HLA-DMA	cds	EAS	EAS	588.0	0.9955447678389288	0.0032807050756189504	True
HLA-DMA	cds	EAS	EUR	588.0	0.9899030531521764	0.0032583238643966173	False
HLA-DMA	cds	EAS	MID	588.0	0.9765287880766447	0.0033955759174417732	False
HLA-DMA	cds	EAS	SAS	588.0	0.9915618063112214	0.004074856068115751	False
HLA-DMA	cds	EAS	UNASSIGNED	588.0	0.9908803760650329	0.0016031707106451965	False
HLA-DMA	cds	EUR	AFR	588.0	0.9850468764350561	0.002500723255696391	False
HLA-DMA	cds	EUR	AMR	588.0	0.9938087056984446	0.0019962289759648533	False
HLA-DMA	cds	EUR	EAS	588.0	0.988044822107631	0.0032807050756189504	False
HLA-DMA	cds	EUR	EUR	588.0	0.9960878202260898	0.0032583238643966173	True
HLA-DMA	cds	EUR	MID	588.0	0.9882528570843766	0.0033955759174417732	False
HLA-DMA	cds	EUR	SAS	588.0	0.992425265855385	0.004074856068115751	False
HLA-DMA	cds	EUR	UNASSIGNED	588.0	0.9942570042236414	0.0016031707106451965	False
HLA-DMA	cds	MID	AFR	588.0	0.9868121873578901	0.002500723255696391	False
HLA-DMA	cds	MID	AMR	588.0	0.9940079893475366	0.0019962289759648533	False
HLA-DMA	cds	MID	EAS	588.0	0.9905660377358491	0.0032807050756189504	False
HLA-DMA	cds	MID	EUR	588.0	0.9942973523421589	0.0032583238643966173	False
HLA-DMA	cds	MID	MID	588.0	0.9999999999999999	0.0033955759174417732	True
HLA-DMA	cds	MID	SAS	588.0	0.9932065217391304	0.004074856068115751	False
HLA-DMA	cds	MID	UNASSIGNED	588.0	0.9950567802271209	0.0016031707106451965	False
HLA-DMA	cds	SAS	AFR	588.0	0.9832775169856602	0.002500723255696391	False
HLA-DMA	cds	SAS	AMR	588.0	0.9925407108589984	0.0019962289759648533	False
HLA-DMA	cds	SAS	EAS	588.0	0.9897919020236495	0.0032807050756189504	False
HLA-DMA	cds	SAS	EUR	588.0	0.9924199003825697	0.0032583238643966173	False
HLA-DMA	cds	SAS	MID	588.0	0.9760581734421873	0.0033955759174417732	False
HLA-DMA	cds	SAS	SAS	588.0	0.9950089316163583	0.004074856068115751	True
HLA-DMA	cds	SAS	UNASSIGNED	588.0	0.9919273436144667	0.0016031707106451965	False
HLA-DMA	cds	UNASSIGNED	AFR	588.0	0.9903989645069716	0.002500723255696391	False
HLA-DMA	cds	UNASSIGNED	AMR	588.0	0.9943371928145595	0.0019962289759648533	False
HLA-DMA	cds	UNASSIGNED	EAS	588.0	0.9892528956108697	0.0032807050756189504	False
HLA-DMA	cds	UNASSIGNED	EUR	588.0	0.9945957031512029	0.0032583238643966173	False
HLA-DMA	cds	UNASSIGNED	MID	588.0	0.9909871816372242	0.0033955759174417732	False
HLA-DMA	cds	UNASSIGNED	SAS	588.0	0.9926438338858078	0.004074856068115751	False
HLA-DMA	cds	UNASSIGNED	UNASSIGNED	588.0	0.9960678240343809	0.0016031707106451965	True
HLA-DMB	cds	AFR	AFR	583.0	0.9963649386793415	0.001812312374090963	True
HLA-DMB	cds	AFR	AMR	583.0	0.9940650104803921	0.002648787279416198	False
HLA-DMB	cds	AFR	EAS	583.0	0.9644599724941759	0.0032945535511726964	False
HLA-DMB	cds	AFR	EUR	583.0	0.9949746199263333	0.0024258758785253853	False
HLA-DMB	cds	AFR	MID	583.0	0.9946454332139992	0.0017035575667811997	False
HLA-DMB	cds	AFR	SAS	583.0	0.9785634578748841	0.0027132949611493595	False
HLA-DMB	cds	AFR	UNASSIGNED	583.0	0.9937982363784534	0.0024130123686586513	False
HLA-DMB	cds	AMR	AFR	583.0	0.9942636063524801	0.001812312374090963	False
HLA-DMB	cds	AMR	AMR	583.0	0.996249830040448	0.002648787279416198	True
HLA-DMB	cds	AMR	EAS	583.0	0.9660090430452205	0.0032945535511726964	False
HLA-DMB	cds	AMR	EUR	583.0	0.9963974909233597	0.0024258758785253853	False
HLA-DMB	cds	AMR	MID	583.0	0.9943713013696105	0.0017035575667811997	False
HLA-DMB	cds	AMR	SAS	583.0	0.9810126803301201	0.0027132949611493595	False
HLA-DMB	cds	AMR	UNASSIGNED	583.0	0.9944882139140063	0.0024130123686586513	False
HLA-DMB	cds	EAS	AFR	583.0	0.9754991038805205	0.001812312374090963	False
HLA-DMB	cds	EAS	AMR	583.0	0.9760637652074886	0.002648787279416198	False
HLA-DMB	cds	EAS	EAS	583.0	0.9950317750611004	0.0032945535511726964	True
HLA-DMB	cds	EAS	EUR	583.0	0.9774100758042663	0.0024258758785253853	False
HLA-DMB	cds	EAS	MID	583.0	0.9901521515997784	0.0017035575667811997	False
HLA-DMB	cds	EAS	SAS	583.0	0.988891583964188	0.0027132949611493595	False
HLA-DMB	cds	EAS	UNASSIGNED	583.0	0.9834039414564779	0.0024130123686586513	False
HLA-DMB	cds	EUR	AFR	583.0	0.9940645720863523	0.001812312374090963	False
HLA-DMB	cds	EUR	AMR	583.0	0.9944216946449796	0.002648787279416198	False
HLA-DMB	cds	EUR	EAS	583.0	0.9653566557373902	0.0032945535511726964	False
HLA-DMB	cds	EUR	EUR	583.0	0.9972191654499086	0.0024258758785253853	True
HLA-DMB	cds	EUR	MID	583.0	0.9939087363891347	0.0017035575667811997	False
HLA-DMB	cds	EUR	SAS	583.0	0.9813864816599607	0.0027132949611493595	False
HLA-DMB	cds	EUR	UNASSIGNED	583.0	0.994524300510516	0.0024130123686586513	False
HLA-DMB	cds	MID	AFR	583.0	0.9936565473493431	0.001812312374090963	False
HLA-DMB	cds	MID	AMR	583.0	0.9937086092715232	0.002648787279416198	False
HLA-DMB	cds	MID	EAS	583.0	0.9678747940691929	0.0032945535511726964	False
HLA-DMB	cds	MID	EUR	583.0	0.9947432268499798	0.0024258758785253853	False
HLA-DMB	cds	MID	MID	583.0	0.9999999999999999	0.0017035575667811997	True
HLA-DMB	cds	MID	SAS	583.0	0.9891451831750337	0.0027132949611493595	False
HLA-DMB	cds	MID	UNASSIGNED	583.0	0.9941010859364525	0.0024130123686586513	False
HLA-DMB	cds	SAS	AFR	583.0	0.9770345933611752	0.001812312374090963	False
HLA-DMB	cds	SAS	AMR	583.0	0.9768850609765855	0.002648787279416198	False
HLA-DMB	cds	SAS	EAS	583.0	0.970028946038401	0.0032945535511726964	False
HLA-DMB	cds	SAS	EUR	583.0	0.9783668992552692	0.0024258758785253853	False
HLA-DMB	cds	SAS	MID	583.0	0.9919658946188107	0.0017035575667811997	False
HLA-DMB	cds	SAS	SAS	583.0	0.9968004505742225	0.0027132949611493595	True
HLA-DMB	cds	SAS	UNASSIGNED	583.0	0.9840561100874028	0.0024130123686586513	False
HLA-DMB	cds	UNASSIGNED	AFR	583.0	0.9934873777297434	0.001812312374090963	False
HLA-DMB	cds	UNASSIGNED	AMR	583.0	0.9939503282574476	0.002648787279416198	False
HLA-DMB	cds	UNASSIGNED	EAS	583.0	0.9678484166396194	0.0032945535511726964	False
HLA-DMB	cds	UNASSIGNED	EUR	583.0	0.9959395482548417	0.0024258758785253853	False
HLA-DMB	cds	UNASSIGNED	MID	583.0	0.9940777087705261	0.0017035575667811997	False
HLA-DMB	cds	UNASSIGNED	SAS	583.0	0.9841096929849521	0.0027132949611493595	False
HLA-DMB	cds	UNASSIGNED	UNASSIGNED	583.0	0.9946159027289483	0.0024130123686586513	True
HLA-DOA	cds	AFR	AFR	579.0	0.994372205485727	0.0022570305814648695	True
HLA-DOA	cds	AFR	AMR	579.0	0.9826316728487627	0.004309904985260848	False
HLA-DOA	cds	AFR	EAS	579.0	0.989433294354541	0.0020596468285787317	False
HLA-DOA	cds	AFR	EUR	579.0	0.9896351085380463	0.001217532065965421	False
HLA-DOA	cds	AFR	MID	579.0	0.9746903286716712	0.00689653115221589	False
HLA-DOA	cds	AFR	SAS	579.0	0.9261813025939257	0.006316874712922194	False
HLA-DOA	cds	AFR	UNASSIGNED	579.0	0.967642758848042	0.002138358461425738	False
HLA-DOA	cds	AMR	AFR	579.0	0.9857298906322853	0.0022570305814648695	False
HLA-DOA	cds	AMR	AMR	579.0	0.9923457473970008	0.004309904985260848	True
HLA-DOA	cds	AMR	EAS	579.0	0.9899095391661634	0.0020596468285787317	False
HLA-DOA	cds	AMR	EUR	579.0	0.9963168858218848	0.001217532065965421	False
HLA-DOA	cds	AMR	MID	579.0	0.9882793769944461	0.00689653115221589	False
HLA-DOA	cds	AMR	SAS	579.0	0.9486561678789541	0.006316874712922194	False
HLA-DOA	cds	AMR	UNASSIGNED	579.0	0.9841261172946763	0.002138358461425738	False
HLA-DOA	cds	EAS	AFR	579.0	0.7211900617475148	0.0022570305814648695	False
HLA-DOA	cds	EAS	AMR	579.0	0.9177592593240627	0.004309904985260848	False
HLA-DOA	cds	EAS	EAS	579.0	0.9940407055278784	0.0020596468285787317	True
HLA-DOA	cds	EAS	EUR	579.0	0.9525226225723138	0.001217532065965421	False
HLA-DOA	cds	EAS	MID	579.0	0.9276021191629429	0.00689653115221589	False
HLA-DOA	cds	EAS	SAS	579.0	0.9553239911131274	0.006316874712922194	False
HLA-DOA	cds	EAS	UNASSIGNED	579.0	0.8851448696831756	0.002138358461425738	False
HLA-DOA	cds	EUR	AFR	579.0	0.840343196287103	0.0022570305814648695	False
HLA-DOA	cds	EUR	AMR	579.0	0.9687752938354546	0.004309904985260848	False
HLA-DOA	cds	EUR	EAS	579.0	0.9896297623049495	0.0020596468285787317	False
HLA-DOA	cds	EUR	EUR	579.0	0.9968615655548323	0.001217532065965421	True
HLA-DOA	cds	EUR	MID	579.0	0.9815794357598107	0.00689653115221589	False
HLA-DOA	cds	EUR	SAS	579.0	0.9418212294045959	0.006316874712922194	False
HLA-DOA	cds	EUR	UNASSIGNED	579.0	0.9444616950402069	0.002138358461425738	False
HLA-DOA	cds	MID	AFR	579.0	0.9948081264108353	0.0022570305814648695	False
HLA-DOA	cds	MID	AMR	579.0	0.99104774535809	0.004309904985260848	False
HLA-DOA	cds	MID	EAS	579.0	0.9921681780708985	0.0020596468285787317	False
HLA-DOA	cds	MID	EUR	579.0	0.9975629569455728	0.001217532065965421	False
HLA-DOA	cds	MID	MID	579.0	1.0	0.00689653115221589	True
HLA-DOA	cds	MID	SAS	579.0	0.957129963898917	0.006316874712922194	False
HLA-DOA	cds	MID	UNASSIGNED	579.0	0.9856990109596365	0.002138358461425738	False
HLA-DOA	cds	SAS	AFR	579.0	0.8534854841555795	0.0022570305814648695	False
HLA-DOA	cds	SAS	AMR	579.0	0.9664671275330426	0.004309904985260848	False
HLA-DOA	cds	SAS	EAS	579.0	0.9941179134152466	0.0020596468285787317	False
HLA-DOA	cds	SAS	EUR	579.0	0.9880967524616144	0.001217532065965421	False
HLA-DOA	cds	SAS	MID	579.0	0.9681497526897498	0.00689653115221589	False
HLA-DOA	cds	SAS	SAS	579.0	0.992805573800947	0.006316874712922194	True
HLA-DOA	cds	SAS	UNASSIGNED	579.0	0.9496814559315301	0.002138358461425738	False
HLA-DOA	cds	UNASSIGNED	AFR	579.0	0.9923423686840228	0.0022570305814648695	False
HLA-DOA	cds	UNASSIGNED	AMR	579.0	0.9926558915272073	0.004309904985260848	False
HLA-DOA	cds	UNASSIGNED	EAS	579.0	0.9919781828145928	0.0020596468285787317	False
HLA-DOA	cds	UNASSIGNED	EUR	579.0	0.9970538210776786	0.001217532065965421	False
HLA-DOA	cds	UNASSIGNED	MID	579.0	0.9918625075221198	0.00689653115221589	False
HLA-DOA	cds	UNASSIGNED	SAS	579.0	0.970808631377	0.006316874712922194	False
HLA-DOA	cds	UNASSIGNED	UNASSIGNED	579.0	0.992895843794129	0.002138358461425738	True
HLA-DOB	cds	AFR	AFR	588.0	0.9951700361817403	0.0022383381903667843	True
HLA-DOB	cds	AFR	AMR	588.0	0.9864301474258034	0.0016421438413961598	False
HLA-DOB	cds	AFR	EAS	588.0	0.908773549920484	0.0020272460553986127	False
HLA-DOB	cds	AFR	EUR	588.0	0.9831158128294144	0.004040077437539202	False
HLA-DOB	cds	AFR	MID	588.0	0.9702963697455919	0.0050962529084237485	False
HLA-DOB	cds	AFR	SAS	588.0	0.924351904429059	0.004026445115837607	False
HLA-DOB	cds	AFR	UNASSIGNED	588.0	0.9767872712639125	0.0014656185178932857	False
HLA-DOB	cds	AMR	AFR	588.0	0.9938961174325613	0.0022383381903667843	False
HLA-DOB	cds	AMR	AMR	588.0	0.9950864830976289	0.0016421438413961598	True
HLA-DOB	cds	AMR	EAS	588.0	0.9615992075722033	0.0020272460553986127	False
HLA-DOB	cds	AMR	EUR	588.0	0.9921347572632452	0.004040077437539202	False
HLA-DOB	cds	AMR	MID	588.0	0.9952363110007711	0.0050962529084237485	False
HLA-DOB	cds	AMR	SAS	588.0	0.9904931881452625	0.004026445115837607	False
HLA-DOB	cds	AMR	UNASSIGNED	588.0	0.9922677126704096	0.0014656185178932857	False
HLA-DOB	cds	EAS	AFR	588.0	0.9383587240810981	0.0022383381903667843	False
HLA-DOB	cds	EAS	AMR	588.0	0.9639773063544205	0.0016421438413961598	False
HLA-DOB	cds	EAS	EAS	588.0	0.9974231323113025	0.0020272460553986127	True
HLA-DOB	cds	EAS	EUR	588.0	0.9674269088190759	0.004040077437539202	False
HLA-DOB	cds	EAS	MID	588.0	0.9752313776924811	0.0050962529084237485	False
HLA-DOB	cds	EAS	SAS	588.0	0.9929066283713203	0.004026445115837607	False
HLA-DOB	cds	EAS	UNASSIGNED	588.0	0.9652816946414406	0.0014656185178932857	False
HLA-DOB	cds	EUR	AFR	588.0	0.9918424725327628	0.0022383381903667843	False
HLA-DOB	cds	EUR	AMR	588.0	0.9928982967715613	0.0016421438413961598	False
HLA-DOB	cds	EUR	EAS	588.0	0.9600517070120211	0.0020272460553986127	False
HLA-DOB	cds	EUR	EUR	588.0	0.9947348795597539	0.004040077437539202	True
HLA-DOB	cds	EUR	MID	588.0	0.9956042175244155	0.0050962529084237485	False
HLA-DOB	cds	EUR	SAS	588.0	0.9904169194417657	0.004026445115837607	False
HLA-DOB	cds	EUR	UNASSIGNED	588.0	0.992713045955454	0.0014656185178932857	False
HLA-DOB	cds	MID	AFR	588.0	0.9921647638235952	0.0022383381903667843	False
HLA-DOB	cds	MID	AMR	588.0	0.9921156373193166	0.0016421438413961598	False
HLA-DOB	cds	MID	EAS	588.0	0.9128142741281429	0.0020272460553986127	False
HLA-DOB	cds	MID	EUR	588.0	0.9923232323232324	0.004040077437539202	False
HLA-DOB	cds	MID	MID	588.0	1.0	0.0050962529084237485	True
HLA-DOB	cds	MID	SAS	588.0	0.9865771812080538	0.004026445115837607	False
HLA-DOB	cds	MID	UNASSIGNED	588.0	0.9893404397068621	0.0014656185178932857	False
HLA-DOB	cds	SAS	AFR	588.0	0.9543994889304275	0.0022383381903667843	False
HLA-DOB	cds	SAS	AMR	588.0	0.9811250356897897	0.0016421438413961598	False
HLA-DOB	cds	SAS	EAS	588.0	0.9977084494601348	0.0020272460553986127	False
HLA-DOB	cds	SAS	EUR	588.0	0.9803221588694158	0.004040077437539202	False
HLA-DOB	cds	SAS	MID	588.0	0.9880464476844852	0.0050962529084237485	False
HLA-DOB	cds	SAS	SAS	588.0	0.996403659367165	0.004026445115837607	True
HLA-DOB	cds	SAS	UNASSIGNED	588.0	0.9815263466727586	0.0014656185178932857	False
HLA-DOB	cds	UNASSIGNED	AFR	588.0	0.9927820442015027	0.0022383381903667843	False
HLA-DOB	cds	UNASSIGNED	AMR	588.0	0.9935324606243119	0.0016421438413961598	False
HLA-DOB	cds	UNASSIGNED	EAS	588.0	0.9959477297816669	0.0020272460553986127	False
HLA-DOB	cds	UNASSIGNED	EUR	588.0	0.993351168081568	0.004040077437539202	False
HLA-DOB	cds	UNASSIGNED	MID	588.0	0.995779638643689	0.0050962529084237485	False
HLA-DOB	cds	UNASSIGNED	SAS	588.0	0.9953070399861059	0.004026445115837607	False
HLA-DOB	cds	UNASSIGNED	UNASSIGNED	588.0	0.9957543770193121	0.0014656185178932857	True
HLA-DPA1	cds	AFR	AFR	585.0	0.9884541254882948	0.006570877045122381	True
HLA-DPA1	cds	AFR	AMR	585.0	0.9917502860923472	0.002328454592771312	False
HLA-DPA1	cds	AFR	EAS	585.0	0.9719890314785731	0.002875417415453163	False
HLA-DPA1	cds	AFR	EUR	585.0	0.9905684342612936	0.0036701403264698396	False
HLA-DPA1	cds	AFR	MID	585.0	0.9817591336218037	0.013663515459922615	False
HLA-DPA1	cds	AFR	SAS	585.0	0.969148117220476	0.0036342985063084754	False
HLA-DPA1	cds	AFR	UNASSIGNED	585.0	0.9867857605996566	0.003622036265775841	False
HLA-DPA1	cds	AMR	AFR	585.0	0.9660028975639536	0.006570877045122381	False
HLA-DPA1	cds	AMR	AMR	585.0	0.9938395552844984	0.002328454592771312	True
HLA-DPA1	cds	AMR	EAS	585.0	0.9627228923551346	0.002875417415453163	False
HLA-DPA1	cds	AMR	EUR	585.0	0.9893114696167474	0.0036701403264698396	False
HLA-DPA1	cds	AMR	MID	585.0	0.9847008611314283	0.013663515459922615	False
HLA-DPA1	cds	AMR	SAS	585.0	0.9799637520831255	0.0036342985063084754	False
HLA-DPA1	cds	AMR	UNASSIGNED	585.0	0.9807760317299965	0.003622036265775841	False
HLA-DPA1	cds	EAS	AFR	585.0	0.6993325315316743	0.006570877045122381	False
HLA-DPA1	cds	EAS	AMR	585.0	0.9404779976283181	0.002328454592771312	False
HLA-DPA1	cds	EAS	EAS	585.0	0.995443202907128	0.002875417415453163	True
HLA-DPA1	cds	EAS	EUR	585.0	0.9331434272553439	0.0036701403264698396	False
HLA-DPA1	cds	EAS	MID	585.0	0.962803521641747	0.013663515459922615	False
HLA-DPA1	cds	EAS	SAS	585.0	0.9825544605054726	0.0036342985063084754	False
HLA-DPA1	cds	EAS	UNASSIGNED	585.0	0.9023009724473972	0.003622036265775841	False
HLA-DPA1	cds	EUR	AFR	585.0	0.7639717306806464	0.006570877045122381	False
HLA-DPA1	cds	EUR	AMR	585.0	0.9621528824533938	0.002328454592771312	False
HLA-DPA1	cds	EUR	EAS	585.0	0.9617817604912592	0.002875417415453163	False
HLA-DPA1	cds	EUR	EUR	585.0	0.9961882397978671	0.0036701403264698396	True
HLA-DPA1	cds	EUR	MID	585.0	0.9689888768462878	0.013663515459922615	False
HLA-DPA1	cds	EUR	SAS	585.0	0.979771993924334	0.0036342985063084754	False
HLA-DPA1	cds	EUR	UNASSIGNED	585.0	0.9366822455327374	0.003622036265775841	False
HLA-DPA1	cds	MID	AFR	585.0	0.935871289372309	0.006570877045122381	False
HLA-DPA1	cds	MID	AMR	585.0	0.9850299401197604	0.002328454592771312	False
HLA-DPA1	cds	MID	EAS	585.0	0.9625976161117962	0.002875417415453163	False
HLA-DPA1	cds	MID	EUR	585.0	0.9877650897226753	0.0036701403264698396	False
HLA-DPA1	cds	MID	MID	585.0	0.9999999999999999	0.013663515459922615	True
HLA-DPA1	cds	MID	SAS	585.0	0.9836437982735121	0.0036342985063084754	False
HLA-DPA1	cds	MID	UNASSIGNED	585.0	0.974242017708613	0.003622036265775841	False
HLA-DPA1	cds	SAS	AFR	585.0	0.7262189489501681	0.006570877045122381	False
HLA-DPA1	cds	SAS	AMR	585.0	0.9451933577860415	0.002328454592771312	False
HLA-DPA1	cds	SAS	EAS	585.0	0.9920269750207297	0.002875417415453163	False
HLA-DPA1	cds	SAS	EUR	585.0	0.9383951799302263	0.0036701403264698396	False
HLA-DPA1	cds	SAS	MID	585.0	0.9659036034406011	0.013663515459922615	False
HLA-DPA1	cds	SAS	SAS	585.0	0.9965641520575576	0.0036342985063084754	True
HLA-DPA1	cds	SAS	UNASSIGNED	585.0	0.9150865823899351	0.003622036265775841	False
HLA-DPA1	cds	UNASSIGNED	AFR	585.0	0.9805954225236897	0.006570877045122381	False
HLA-DPA1	cds	UNASSIGNED	AMR	585.0	0.9945476606530957	0.002328454592771312	False
HLA-DPA1	cds	UNASSIGNED	EAS	585.0	0.9828445318895249	0.002875417415453163	False
HLA-DPA1	cds	UNASSIGNED	EUR	585.0	0.9954417574295567	0.0036701403264698396	False
HLA-DPA1	cds	UNASSIGNED	MID	585.0	0.9873149453671405	0.013663515459922615	False
HLA-DPA1	cds	UNASSIGNED	SAS	585.0	0.9874232536186702	0.0036342985063084754	False
HLA-DPA1	cds	UNASSIGNED	UNASSIGNED	585.0	0.9912561325609631	0.003622036265775841	True
HLA-DPB1	cds	AFR	AFR	576.0	0.9802201206776051	0.006222100711459677	True
HLA-DPB1	cds	AFR	AMR	576.0	0.957279723708478	0.00847606989025429	False
HLA-DPB1	cds	AFR	EAS	576.0	0.8485372622360071	0.007141797607569278	False
HLA-DPB1	cds	AFR	EUR	576.0	0.9625115635810738	0.00624670283985751	False
HLA-DPB1	cds	AFR	MID	576.0	0.9661993993504756	0.0190851525605239	False
HLA-DPB1	cds	AFR	SAS	576.0	0.9100662557948019	0.006434244779869647	False
HLA-DPB1	cds	AFR	UNASSIGNED	576.0	0.96159917696315	0.005041224578028358	False
HLA-DPB1	cds	AMR	AFR	576.0	0.9495862798142218	0.006222100711459677	False
HLA-DPB1	cds	AMR	AMR	576.0	0.9819918635303753	0.00847606989025429	True
HLA-DPB1	cds	AMR	EAS	576.0	0.9066022135939213	0.007141797607569278	False
HLA-DPB1	cds	AMR	EUR	576.0	0.9869294714502169	0.00624670283985751	False
HLA-DPB1	cds	AMR	MID	576.0	0.9758638939370179	0.0190851525605239	False
HLA-DPB1	cds	AMR	SAS	576.0	0.9178742647989289	0.006434244779869647	False
HLA-DPB1	cds	AMR	UNASSIGNED	576.0	0.9721557814678006	0.005041224578028358	False
HLA-DPB1	cds	EAS	AFR	576.0	0.7356624815423869	0.006222100711459677	False
HLA-DPB1	cds	EAS	AMR	576.0	0.9107256957970306	0.00847606989025429	False
HLA-DPB1	cds	EAS	EAS	576.0	0.989497405071081	0.007141797607569278	True
HLA-DPB1	cds	EAS	EUR	576.0	0.9354086339017293	0.00624670283985751	False
HLA-DPB1	cds	EAS	MID	576.0	0.9396511642429252	0.0190851525605239	False
HLA-DPB1	cds	EAS	SAS	576.0	0.9621268935710707	0.006434244779869647	False
HLA-DPB1	cds	EAS	UNASSIGNED	576.0	0.899375440770919	0.005041224578028358	False
HLA-DPB1	cds	EUR	AFR	576.0	0.7083513821921932	0.006222100711459677	False
HLA-DPB1	cds	EUR	AMR	576.0	0.9371438465753612	0.00847606989025429	False
HLA-DPB1	cds	EUR	EAS	576.0	0.9006032729231641	0.007141797607569278	False
HLA-DPB1	cds	EUR	EUR	576.0	0.992298177346813	0.00624670283985751	True
HLA-DPB1	cds	EUR	MID	576.0	0.9580473231834884	0.0190851525605239	False
HLA-DPB1	cds	EUR	SAS	576.0	0.9321124363899516	0.006434244779869647	False
HLA-DPB1	cds	EUR	UNASSIGNED	576.0	0.9187471598456546	0.005041224578028358	False
HLA-DPB1	cds	MID	AFR	576.0	0.8766997003917955	0.006222100711459677	False
HLA-DPB1	cds	MID	AMR	576.0	0.9355713801288573	0.00847606989025429	False
HLA-DPB1	cds	MID	EAS	576.0	0.8180672268907562	0.007141797607569278	False
HLA-DPB1	cds	MID	EUR	576.0	0.9458558933777594	0.00624670283985751	False
HLA-DPB1	cds	MID	MID	576.0	1.0000000000000002	0.0190851525605239	True
HLA-DPB1	cds	MID	SAS	576.0	0.8758620689655171	0.006434244779869647	False
HLA-DPB1	cds	MID	UNASSIGNED	576.0	0.933642185583867	0.005041224578028358	False
HLA-DPB1	cds	SAS	AFR	576.0	0.7493702978961753	0.006222100711459677	False
HLA-DPB1	cds	SAS	AMR	576.0	0.9161516265384563	0.00847606989025429	False
HLA-DPB1	cds	SAS	EAS	576.0	0.8735084679005676	0.007141797607569278	False
HLA-DPB1	cds	SAS	EUR	576.0	0.9434080964191298	0.00624670283985751	False
HLA-DPB1	cds	SAS	MID	576.0	0.9537195878947876	0.0190851525605239	False
HLA-DPB1	cds	SAS	SAS	576.0	0.9897021925500384	0.006434244779869647	True
HLA-DPB1	cds	SAS	UNASSIGNED	576.0	0.9108481581164153	0.005041224578028358	False
HLA-DPB1	cds	UNASSIGNED	AFR	576.0	0.9633660573619653	0.006222100711459677	False
HLA-DPB1	cds	UNASSIGNED	AMR	576.0	0.9761368802127871	0.00847606989025429	False
HLA-DPB1	cds	UNASSIGNED	EAS	576.0	0.9267373939447636	0.007141797607569278	False
HLA-DPB1	cds	UNASSIGNED	EUR	576.0	0.9864393417016077	0.00624670283985751	False
HLA-DPB1	cds	UNASSIGNED	MID	576.0	0.9798106187043121	0.0190851525605239	False
HLA-DPB1	cds	UNASSIGNED	SAS	576.0	0.9588189610860279	0.006434244779869647	False
HLA-DPB1	cds	UNASSIGNED	UNASSIGNED	576.0	0.9822305740405479	0.005041224578028358	True
HLA-DPB2	cds	AFR	AFR	1.0	0.4399999999999998	0.32000000000000006	True
HLA-DPB2	cds	AFR	EAS	1.0	0.09999999999999981	0.5	False
HLA-DPB2	cds	AFR	EUR	1.0	0.5999999999999999	0.0	False
HLA-DPB2	cds	AFR	MID	1.0	0.5999999999999999	0.0	False
HLA-DPB2	cds	AFR	SAS	1.0	0.3999999999999999	0.16666666666666663	False
HLA-DPB2	cds	AFR	UNASSIGNED	1.0	0.2285714285714284	0.35064935064935066	False
HLA-DPB2	cds	EAS	AFR	1.0	0.1	0.32000000000000006	False
HLA-DPB2	cds	EAS	EAS	1.0	0.5	0.5	True
HLA-DPB2	cds	EAS	EUR	1.0	0.0	0.0	False
HLA-DPB2	cds	EAS	MID	1.0	0.0	0.0	False
HLA-DPB2	cds	EAS	SAS	1.0	0.16666666666666666	0.16666666666666663	False
HLA-DPB2	cds	EAS	UNASSIGNED	1.0	0.21428571428571427	0.35064935064935066	False
HLA-DPB2	cds	EUR	AFR	1.0	0.6	0.32000000000000006	False
HLA-DPB2	cds	EUR	EAS	1.0	0.0	0.5	False
HLA-DPB2	cds	EUR	EUR	1.0	1.0	0.0	True
HLA-DPB2	cds	EUR	MID	1.0	1.0	0.0	False
HLA-DPB2	cds	EUR	SAS	1.0	0.6666666666666666	0.16666666666666663	False
HLA-DPB2	cds	EUR	UNASSIGNED	1.0	0.2857142857142857	0.35064935064935066	False
HLA-DPB2	cds	MID	AFR	1.0	0.6	0.32000000000000006	False
HLA-DPB2	cds	MID	EAS	1.0	0.0	0.5	False
HLA-DPB2	cds	MID	EUR	1.0	1.0	0.0	False
HLA-DPB2	cds	MID	MID	1.0	1.0	0.0	True
HLA-DPB2	cds	MID	SAS	1.0	0.6666666666666666	0.16666666666666663	False
HLA-DPB2	cds	MID	UNASSIGNED	1.0	0.2857142857142857	0.35064935064935066	False
HLA-DPB2	cds	SAS	AFR	1.0	0.39999999999999997	0.32000000000000006	False
HLA-DPB2	cds	SAS	EAS	1.0	0.16666666666666663	0.5	False
HLA-DPB2	cds	SAS	EUR	1.0	0.6666666666666666	0.0	False
HLA-DPB2	cds	SAS	MID	1.0	0.6666666666666666	0.0	False
HLA-DPB2	cds	SAS	SAS	1.0	0.5555555555555555	0.16666666666666663	True
HLA-DPB2	cds	SAS	UNASSIGNED	1.0	0.23809523809523808	0.35064935064935066	False
HLA-DPB2	cds	UNASSIGNED	AFR	1.0	0.22857142857142884	0.32000000000000006	False
HLA-DPB2	cds	UNASSIGNED	EAS	1.0	0.21428571428571436	0.5	False
HLA-DPB2	cds	UNASSIGNED	EUR	1.0	0.28571428571428603	0.0	False
HLA-DPB2	cds	UNASSIGNED	MID	1.0	0.28571428571428603	0.0	False
HLA-DPB2	cds	UNASSIGNED	SAS	1.0	0.23809523809523825	0.16666666666666663	False
HLA-DPB2	cds	UNASSIGNED	UNASSIGNED	1.0	0.22448979591836746	0.35064935064935066	True
HLA-DQA1	cds	AFR	AFR	580.0	0.9935579469975507	0.0032084860461412124	True
HLA-DQA1	cds	AFR	AMR	580.0	0.9260276251482631	0.002649445127027472	False
HLA-DQA1	cds	AFR	EAS	580.0	0.8929712441047978	0.0020594774367183044	False
HLA-DQA1	cds	AFR	EUR	580.0	0.987270364700573	0.003687516658864576	False
HLA-DQA1	cds	AFR	MID	580.0	0.9743725458193849	0.010338875441450734	False
HLA-DQA1	cds	AFR	SAS	580.0	0.905781548306896	0.004967974852610801	False
HLA-DQA1	cds	AFR	UNASSIGNED	580.0	0.9735880660684424	0.0025677319069439264	False
HLA-DQA1	cds	AMR	AFR	580.0	0.9805701880561457	0.0032084860461412124	False
HLA-DQA1	cds	AMR	AMR	580.0	0.9953604340033674	0.002649445127027472	True
HLA-DQA1	cds	AMR	EAS	580.0	0.9015999053437322	0.0020594774367183044	False
HLA-DQA1	cds	AMR	EUR	580.0	0.989610097729079	0.003687516658864576	False
HLA-DQA1	cds	AMR	MID	580.0	0.9779982617608761	0.010338875441450734	False
HLA-DQA1	cds	AMR	SAS	580.0	0.900594605327777	0.004967974852610801	False
HLA-DQA1	cds	AMR	UNASSIGNED	580.0	0.9823747500391794	0.0025677319069439264	False
HLA-DQA1	cds	EAS	AFR	580.0	0.905777984255056	0.0032084860461412124	False
HLA-DQA1	cds	EAS	AMR	580.0	0.9667854902166864	0.002649445127027472	False
HLA-DQA1	cds	EAS	EAS	580.0	0.9951840680000379	0.0020594774367183044	True
HLA-DQA1	cds	EAS	EUR	580.0	0.9852417497976953	0.003687516658864576	False
HLA-DQA1	cds	EAS	MID	580.0	0.9414862121392128	0.010338875441450734	False
HLA-DQA1	cds	EAS	SAS	580.0	0.9648139723302678	0.004967974852610801	False
HLA-DQA1	cds	EAS	UNASSIGNED	580.0	0.946283334083058	0.0025677319069439264	False
HLA-DQA1	cds	EUR	AFR	580.0	0.95314686602261	0.0032084860461412124	False
HLA-DQA1	cds	EUR	AMR	580.0	0.9569834255916021	0.002649445127027472	False
HLA-DQA1	cds	EUR	EAS	580.0	0.9473765522869096	0.0020594774367183044	False
HLA-DQA1	cds	EUR	EUR	580.0	0.9935701711156492	0.003687516658864576	True
HLA-DQA1	cds	EUR	MID	580.0	0.9782089075469511	0.010338875441450734	False
HLA-DQA1	cds	EUR	SAS	580.0	0.937486629000094	0.004967974852610801	False
HLA-DQA1	cds	EUR	UNASSIGNED	580.0	0.9758409070916397	0.0025677319069439264	False
HLA-DQA1	cds	MID	AFR	580.0	0.9814347925739173	0.0032084860461412124	False
HLA-DQA1	cds	MID	AMR	580.0	0.994700231864856	0.002649445127027472	False
HLA-DQA1	cds	MID	EAS	580.0	0.857849196538937	0.0020594774367183044	False
HLA-DQA1	cds	MID	EUR	580.0	0.9934426229508194	0.003687516658864576	False
HLA-DQA1	cds	MID	MID	580.0	0.9999999999999998	0.010338875441450734	True
HLA-DQA1	cds	MID	SAS	580.0	0.9607046070460704	0.004967974852610801	False
HLA-DQA1	cds	MID	UNASSIGNED	580.0	0.9837815921070413	0.0025677319069439264	False
HLA-DQA1	cds	SAS	AFR	580.0	0.9302003014268794	0.0032084860461412124	False
HLA-DQA1	cds	SAS	AMR	580.0	0.9742165540761855	0.002649445127027472	False
HLA-DQA1	cds	SAS	EAS	580.0	0.9855670533625438	0.0020594774367183044	False
HLA-DQA1	cds	SAS	EUR	580.0	0.9903860321607769	0.003687516658864576	False
HLA-DQA1	cds	SAS	MID	580.0	0.9668708954226013	0.010338875441450734	False
HLA-DQA1	cds	SAS	SAS	580.0	0.9953680451120767	0.004967974852610801	True
HLA-DQA1	cds	SAS	UNASSIGNED	580.0	0.9637789577133246	0.0025677319069439264	False
HLA-DQA1	cds	UNASSIGNED	AFR	580.0	0.9881121787093512	0.0032084860461412124	False
HLA-DQA1	cds	UNASSIGNED	AMR	580.0	0.996610237324875	0.002649445127027472	False
HLA-DQA1	cds	UNASSIGNED	EAS	580.0	0.9838687338726628	0.0020594774367183044	False
HLA-DQA1	cds	UNASSIGNED	EUR	580.0	0.9947440273664354	0.003687516658864576	False
HLA-DQA1	cds	UNASSIGNED	MID	580.0	0.9874489544360124	0.010338875441450734	False
HLA-DQA1	cds	UNASSIGNED	SAS	580.0	0.967772769111026	0.004967974852610801	False
HLA-DQA1	cds	UNASSIGNED	UNASSIGNED	580.0	0.9919107390641086	0.0025677319069439264	True
HLA-DQA2	cds	AFR	AFR	595.0	0.9927579555105916	0.00246782643194543	True
HLA-DQA2	cds	AFR	AMR	595.0	0.9895678832809216	0.001311260096423017	False
HLA-DQA2	cds	AFR	EAS	595.0	0.9754366406611512	0.003271314385911217	False
HLA-DQA2	cds	AFR	EUR	595.0	0.9949830083293577	0.001215230760844066	False
HLA-DQA2	cds	AFR	MID	595.0	0.9740994625080556	0.0016750324290789598	False
HLA-DQA2	cds	AFR	SAS	595.0	0.9377845319685072	0.0017921143352873647	False
HLA-DQA2	cds	AFR	UNASSIGNED	595.0	0.9872364885984187	0.0016032420879722453	False
HLA-DQA2	cds	AMR	AFR	595.0	0.9806997959020027	0.00246782643194543	False
HLA-DQA2	cds	AMR	AMR	595.0	0.9949929921746842	0.001311260096423017	True
HLA-DQA2	cds	AMR	EAS	595.0	0.9950228608208387	0.003271314385911217	False
HLA-DQA2	cds	AMR	EUR	595.0	0.9981965890515594	0.001215230760844066	False
HLA-DQA2	cds	AMR	MID	595.0	0.9940320088925977	0.0016750324290789598	False
HLA-DQA2	cds	AMR	SAS	595.0	0.9953163346464274	0.0017921143352873647	False
HLA-DQA2	cds	AMR	UNASSIGNED	595.0	0.994604537364531	0.0016032420879722453	False
HLA-DQA2	cds	EAS	AFR	595.0	0.7329143191036995	0.00246782643194543	False
HLA-DQA2	cds	EAS	AMR	595.0	0.9234969120415589	0.001311260096423017	False
HLA-DQA2	cds	EAS	EAS	595.0	0.9956483706769307	0.003271314385911217	True
HLA-DQA2	cds	EAS	EUR	595.0	0.9768402218593417	0.001215230760844066	False
HLA-DQA2	cds	EAS	MID	595.0	0.9637700856828001	0.0016750324290789598	False
HLA-DQA2	cds	EAS	SAS	595.0	0.989880604171728	0.0017921143352873647	False
HLA-DQA2	cds	EAS	UNASSIGNED	595.0	0.9066592272047478	0.0016032420879722453	False
HLA-DQA2	cds	EUR	AFR	595.0	0.8717669713248396	0.00246782643194543	False
HLA-DQA2	cds	EUR	AMR	595.0	0.9692628196377578	0.001311260096423017	False
HLA-DQA2	cds	EUR	EAS	595.0	0.9942379592519762	0.003271314385911217	False
HLA-DQA2	cds	EUR	EUR	595.0	0.9976757240216161	0.001215230760844066	True
HLA-DQA2	cds	EUR	MID	595.0	0.9857385221953323	0.0016750324290789598	False
HLA-DQA2	cds	EUR	SAS	595.0	0.9922059249956453	0.0017921143352873647	False
HLA-DQA2	cds	EUR	UNASSIGNED	595.0	0.9655730661063918	0.0016032420879722453	False
HLA-DQA2	cds	MID	AFR	595.0	0.9735247924612968	0.00246782643194543	False
HLA-DQA2	cds	MID	AMR	595.0	0.9901574803149608	0.001311260096423017	False
HLA-DQA2	cds	MID	EAS	595.0	0.9955010224948876	0.003271314385911217	False
HLA-DQA2	cds	MID	EUR	595.0	0.9979740680713127	0.001215230760844066	False
HLA-DQA2	cds	MID	MID	595.0	0.9999999999999998	0.0016750324290789598	True
HLA-DQA2	cds	MID	SAS	595.0	0.9968623935454953	0.0017921143352873647	False
HLA-DQA2	cds	MID	UNASSIGNED	595.0	0.9926509887760556	0.0016032420879722453	False
HLA-DQA2	cds	SAS	AFR	595.0	0.7953837668588639	0.00246782643194543	False
HLA-DQA2	cds	SAS	AMR	595.0	0.9465110127602673	0.001311260096423017	False
HLA-DQA2	cds	SAS	EAS	595.0	0.9953606697897603	0.003271314385911217	False
HLA-DQA2	cds	SAS	EUR	595.0	0.9920349783272301	0.001215230760844066	False
HLA-DQA2	cds	SAS	MID	595.0	0.9794944950332972	0.0016750324290789598	False
HLA-DQA2	cds	SAS	SAS	595.0	0.997213446864745	0.0017921143352873647	True
HLA-DQA2	cds	SAS	UNASSIGNED	595.0	0.9372201332733543	0.0016032420879722453	False
HLA-DQA2	cds	UNASSIGNED	AFR	595.0	0.9814086338395401	0.00246782643194543	False
HLA-DQA2	cds	UNASSIGNED	AMR	595.0	0.9929558870368697	0.001311260096423017	False
HLA-DQA2	cds	UNASSIGNED	EAS	595.0	0.9954999281666881	0.003271314385911217	False
HLA-DQA2	cds	UNASSIGNED	EUR	595.0	0.9984499707324218	0.001215230760844066	False
HLA-DQA2	cds	UNASSIGNED	MID	595.0	0.9949566633336346	0.0016750324290789598	False
HLA-DQA2	cds	UNASSIGNED	SAS	595.0	0.9964110771175976	0.0017921143352873647	False
HLA-DQA2	cds	UNASSIGNED	UNASSIGNED	595.0	0.9952562892645449	0.0016032420879722453	True
HLA-DQB1	cds	AFR	AFR	573.0	0.989852808406392	0.0030139818236160076	True
HLA-DQB1	cds	AFR	AMR	573.0	0.988346748919844	0.004053369131929663	False
HLA-DQB1	cds	AFR	EAS	573.0	0.8773563992017931	0.003317781091065508	False
HLA-DQB1	cds	AFR	EUR	573.0	0.9925919087548595	0.002061515486029508	False
HLA-DQB1	cds	AFR	MID	573.0	0.9415246898275295	0.017439811308559094	False
HLA-DQB1	cds	AFR	SAS	573.0	0.9128430280626003	0.00500744834255995	False
HLA-DQB1	cds	AFR	UNASSIGNED	573.0	0.9722304765892336	0.004244755883137774	False
HLA-DQB1	cds	AMR	AFR	573.0	0.980105308590393	0.0030139818236160076	False
HLA-DQB1	cds	AMR	AMR	573.0	0.9939477564342207	0.004053369131929663	True
HLA-DQB1	cds	AMR	EAS	573.0	0.9033620584031922	0.003317781091065508	False
HLA-DQB1	cds	AMR	EUR	573.0	0.9965023160052796	0.002061515486029508	False
HLA-DQB1	cds	AMR	MID	573.0	0.9668577736094207	0.017439811308559094	False
HLA-DQB1	cds	AMR	SAS	573.0	0.9788050289884628	0.00500744834255995	False
HLA-DQB1	cds	AMR	UNASSIGNED	573.0	0.9835881443872952	0.004244755883137774	False
HLA-DQB1	cds	EAS	AFR	573.0	0.8609897019312907	0.0030139818236160076	False
HLA-DQB1	cds	EAS	AMR	573.0	0.9614168524205887	0.004053369131929663	False
HLA-DQB1	cds	EAS	EAS	573.0	0.9958433961218632	0.003317781091065508	True
HLA-DQB1	cds	EAS	EUR	573.0	0.9923648878715622	0.002061515486029508	False
HLA-DQB1	cds	EAS	MID	573.0	0.958377865503484	0.017439811308559094	False
HLA-DQB1	cds	EAS	SAS	573.0	0.9887938070732332	0.00500744834255995	False
HLA-DQB1	cds	EAS	UNASSIGNED	573.0	0.9532983714021254	0.004244755883137774	False
HLA-DQB1	cds	EUR	AFR	573.0	0.9405129684978139	0.0030139818236160076	False
HLA-DQB1	cds	EUR	AMR	573.0	0.9820579595641613	0.004053369131929663	False
HLA-DQB1	cds	EUR	EAS	573.0	0.902412871249608	0.003317781091065508	False
HLA-DQB1	cds	EUR	EUR	573.0	0.9967153467440272	0.002061515486029508	True
HLA-DQB1	cds	EUR	MID	573.0	0.9527509426199164	0.017439811308559094	False
HLA-DQB1	cds	EUR	SAS	573.0	0.9773073548464615	0.00500744834255995	False
HLA-DQB1	cds	EUR	UNASSIGNED	573.0	0.969076031027864	0.004244755883137774	False
HLA-DQB1	cds	MID	AFR	573.0	0.9867810760667903	0.0030139818236160076	False
HLA-DQB1	cds	MID	AMR	573.0	0.9956081081081081	0.004053369131929663	False
HLA-DQB1	cds	MID	EAS	573.0	0.9050186644545832	0.003317781091065508	False
HLA-DQB1	cds	MID	EUR	573.0	0.9979381443298969	0.002061515486029508	False
HLA-DQB1	cds	MID	MID	573.0	0.9999999999999998	0.017439811308559094	True
HLA-DQB1	cds	MID	SAS	573.0	0.9813296903460837	0.00500744834255995	False
HLA-DQB1	cds	MID	UNASSIGNED	573.0	0.9904148979871287	0.004244755883137774	False
HLA-DQB1	cds	SAS	AFR	573.0	0.8610138843636745	0.0030139818236160076	False
HLA-DQB1	cds	SAS	AMR	573.0	0.9615210018566258	0.004053369131929663	False
HLA-DQB1	cds	SAS	EAS	573.0	0.9528663520344647	0.003317781091065508	False
HLA-DQB1	cds	SAS	EUR	573.0	0.9925482659189683	0.002061515486029508	False
HLA-DQB1	cds	SAS	MID	573.0	0.9598514015300363	0.017439811308559094	False
HLA-DQB1	cds	SAS	SAS	573.0	0.9932098861991259	0.00500744834255995	True
HLA-DQB1	cds	SAS	UNASSIGNED	573.0	0.9516877258763313	0.004244755883137774	False
HLA-DQB1	cds	UNASSIGNED	AFR	573.0	0.9830063820991067	0.0030139818236160076	False
HLA-DQB1	cds	UNASSIGNED	AMR	573.0	0.993547079749572	0.004053369131929663	False
HLA-DQB1	cds	UNASSIGNED	EAS	573.0	0.9711439241923921	0.003317781091065508	False
HLA-DQB1	cds	UNASSIGNED	EUR	573.0	0.9962204392359244	0.002061515486029508	False
HLA-DQB1	cds	UNASSIGNED	MID	573.0	0.9815083813711624	0.017439811308559094	False
HLA-DQB1	cds	UNASSIGNED	SAS	573.0	0.9866277028351511	0.00500744834255995	False
HLA-DQB1	cds	UNASSIGNED	UNASSIGNED	573.0	0.9913872562460442	0.004244755883137774	True
HLA-DQB2	cds	AFR	AFR	584.0	0.9917361771219227	0.0031604746011113516	True
HLA-DQB2	cds	AFR	AMR	584.0	0.9839286953042443	0.003965194260292071	False
HLA-DQB2	cds	AFR	EAS	584.0	0.9277069248711601	0.0016333194497842873	False
HLA-DQB2	cds	AFR	EUR	584.0	0.9863459220293195	0.004861579747380884	False
HLA-DQB2	cds	AFR	MID	584.0	0.9531453361780189	0.008549911538479615	False
HLA-DQB2	cds	AFR	SAS	584.0	0.8836454344734735	0.004517935837631382	False
HLA-DQB2	cds	AFR	UNASSIGNED	584.0	0.9692761246415622	0.0025416270398097573	False
HLA-DQB2	cds	AMR	AFR	584.0	0.9782649412872789	0.0031604746011113516	False
HLA-DQB2	cds	AMR	AMR	584.0	0.9928281920398903	0.003965194260292071	True
HLA-DQB2	cds	AMR	EAS	584.0	0.9560587785873725	0.0016333194497842873	False
HLA-DQB2	cds	AMR	EUR	584.0	0.9921428019089652	0.004861579747380884	False
HLA-DQB2	cds	AMR	MID	584.0	0.9836045694868073	0.008549911538479615	False
HLA-DQB2	cds	AMR	SAS	584.0	0.9664019128574229	0.004517935837631382	False
HLA-DQB2	cds	AMR	UNASSIGNED	584.0	0.9818611783837581	0.0025416270398097573	False
HLA-DQB2	cds	EAS	AFR	584.0	0.9105731803702068	0.0031604746011113516	False
HLA-DQB2	cds	EAS	AMR	584.0	0.9777820483072749	0.003965194260292071	False
HLA-DQB2	cds	EAS	EAS	584.0	0.9971044050398195	0.0016333194497842873	True
HLA-DQB2	cds	EAS	EUR	584.0	0.9853518633619314	0.004861579747380884	False
HLA-DQB2	cds	EAS	MID	584.0	0.9689312527830451	0.008549911538479615	False
HLA-DQB2	cds	EAS	SAS	584.0	0.9837455147084195	0.004517935837631382	False
HLA-DQB2	cds	EAS	UNASSIGNED	584.0	0.9640484926568875	0.0025416270398097573	False
HLA-DQB2	cds	EUR	AFR	584.0	0.9152616070820763	0.0031604746011113516	False
HLA-DQB2	cds	EUR	AMR	584.0	0.979916020953179	0.003965194260292071	False
HLA-DQB2	cds	EUR	EAS	584.0	0.957359885414727	0.0016333194497842873	False
HLA-DQB2	cds	EUR	EUR	584.0	0.9942014309560128	0.004861579747380884	True
HLA-DQB2	cds	EUR	MID	584.0	0.9727905998338022	0.008549911538479615	False
HLA-DQB2	cds	EUR	SAS	584.0	0.9622602020815227	0.004517935837631382	False
HLA-DQB2	cds	EUR	UNASSIGNED	584.0	0.966346397270414	0.0025416270398097573	False
HLA-DQB2	cds	MID	AFR	584.0	0.9871302777150599	0.0031604746011113516	False
HLA-DQB2	cds	MID	AMR	584.0	0.9947124917382683	0.003965194260292071	False
HLA-DQB2	cds	MID	EAS	584.0	0.9918300653594769	0.0016333194497842873	False
HLA-DQB2	cds	MID	EUR	584.0	0.9955429497568882	0.004861579747380884	False
HLA-DQB2	cds	MID	MID	584.0	0.9999999999999998	0.008549911538479615	True
HLA-DQB2	cds	MID	SAS	584.0	0.990962494351559	0.004517935837631382	False
HLA-DQB2	cds	MID	UNASSIGNED	584.0	0.988494983277592	0.0025416270398097573	False
HLA-DQB2	cds	SAS	AFR	584.0	0.9263051271911291	0.0031604746011113516	False
HLA-DQB2	cds	SAS	AMR	584.0	0.9836428987032838	0.003965194260292071	False
HLA-DQB2	cds	SAS	EAS	584.0	0.991781582425967	0.0016333194497842873	False
HLA-DQB2	cds	SAS	EUR	584.0	0.9940086120336894	0.004861579747380884	False
HLA-DQB2	cds	SAS	MID	584.0	0.9776345281235834	0.008549911538479615	False
HLA-DQB2	cds	SAS	SAS	584.0	0.995140416541022	0.004517935837631382	True
HLA-DQB2	cds	SAS	UNASSIGNED	584.0	0.9730760961404468	0.0025416270398097573	False
HLA-DQB2	cds	UNASSIGNED	AFR	584.0	0.9812183829390518	0.0031604746011113516	False
HLA-DQB2	cds	UNASSIGNED	AMR	584.0	0.9904901479881448	0.003965194260292071	False
HLA-DQB2	cds	UNASSIGNED	EAS	584.0	0.9822095404609892	0.0016333194497842873	False
HLA-DQB2	cds	UNASSIGNED	EUR	584.0	0.9937956088224613	0.004861579747380884	False
HLA-DQB2	cds	UNASSIGNED	MID	584.0	0.9903750903681263	0.008549911538479615	False
HLA-DQB2	cds	UNASSIGNED	SAS	584.0	0.9828631289617435	0.004517935837631382	False
HLA-DQB2	cds	UNASSIGNED	UNASSIGNED	584.0	0.9912936049734921	0.0025416270398097573	True
HLA-DRA	cds	AFR	AFR	581.0	0.9960187763514562	0.002080817916550237	True
HLA-DRA	cds	AFR	AMR	581.0	0.9959098448567065	0.001343860162654531	False
HLA-DRA	cds	AFR	EAS	581.0	0.9903169064068996	0.005432162111730809	False
HLA-DRA	cds	AFR	EUR	581.0	0.9973724287237051	0.0008227065657335775	False
HLA-DRA	cds	AFR	MID	581.0	0.9997601265556918	0.0	False
HLA-DRA	cds	AFR	SAS	581.0	0.9942704775807426	0.003679429493704922	False
HLA-DRA	cds	AFR	UNASSIGNED	581.0	0.9972954911452371	0.001364219252240284	False
HLA-DRA	cds	AMR	AFR	581.0	0.9883838981935159	0.002080817916550237	False
HLA-DRA	cds	AMR	AMR	581.0	0.9978171439916207	0.001343860162654531	True
HLA-DRA	cds	AMR	EAS	581.0	0.9848660808489303	0.005432162111730809	False
HLA-DRA	cds	AMR	EUR	581.0	0.9982773742978069	0.0008227065657335775	False
HLA-DRA	cds	AMR	MID	581.0	0.9998994778778882	0.0	False
HLA-DRA	cds	AMR	SAS	581.0	0.9952067460495249	0.003679429493704922	False
HLA-DRA	cds	AMR	UNASSIGNED	581.0	0.9953319629807829	0.001364219252240284	False
HLA-DRA	cds	EAS	AFR	581.0	0.9780892888689026	0.002080817916550237	False
HLA-DRA	cds	EAS	AMR	581.0	0.9798497672702331	0.001343860162654531	False
HLA-DRA	cds	EAS	EAS	581.0	0.9942617186102702	0.005432162111730809	True
HLA-DRA	cds	EAS	EUR	581.0	0.9556203975733445	0.0008227065657335775	False
HLA-DRA	cds	EAS	MID	581.0	0.9836010645791124	0.0	False
HLA-DRA	cds	EAS	SAS	581.0	0.9884537009307947	0.003679429493704922	False
HLA-DRA	cds	EAS	UNASSIGNED	581.0	0.9789535668383926	0.001364219252240284	False
HLA-DRA	cds	EUR	AFR	581.0	0.9749615863261469	0.002080817916550237	False
HLA-DRA	cds	EUR	AMR	581.0	0.9947174930875579	0.001343860162654531	False
HLA-DRA	cds	EUR	EAS	581.0	0.9713146119299015	0.005432162111730809	False
HLA-DRA	cds	EUR	EUR	581.0	0.9983059180859644	0.0008227065657335775	True
HLA-DRA	cds	EUR	MID	581.0	0.9986846663845261	0.0	False
HLA-DRA	cds	EUR	SAS	581.0	0.9942284439882643	0.003679429493704922	False
HLA-DRA	cds	EUR	UNASSIGNED	581.0	0.9920363814318581	0.001364219252240284	False
HLA-DRA	cds	MID	AFR	581.0	0.9891329479768787	0.002080817916550237	False
HLA-DRA	cds	MID	AMR	581.0	0.9959677419354838	0.001343860162654531	False
HLA-DRA	cds	MID	EAS	581.0	0.9857918930213122	0.005432162111730809	False
HLA-DRA	cds	MID	EUR	581.0	0.9979423868312759	0.0008227065657335775	False
HLA-DRA	cds	MID	MID	581.0	1.0	0.0	True
HLA-DRA	cds	MID	SAS	581.0	0.9954001839926404	0.003679429493704922	False
HLA-DRA	cds	MID	UNASSIGNED	581.0	0.9954979536152797	0.001364219252240284	False
HLA-DRA	cds	SAS	AFR	581.0	0.9879836437196305	0.002080817916550237	False
HLA-DRA	cds	SAS	AMR	581.0	0.9956849962174551	0.001343860162654531	False
HLA-DRA	cds	SAS	EAS	581.0	0.9859699872880316	0.005432162111730809	False
HLA-DRA	cds	SAS	EUR	581.0	0.9978512569936585	0.0008227065657335775	False
HLA-DRA	cds	SAS	MID	581.0	0.9997713236450103	0.0	False
HLA-DRA	cds	SAS	SAS	581.0	0.9966060070833079	0.003679429493704922	True
HLA-DRA	cds	SAS	UNASSIGNED	581.0	0.9955695998275228	0.001364219252240284	False
HLA-DRA	cds	UNASSIGNED	AFR	581.0	0.9932014993736717	0.002080817916550237	False
HLA-DRA	cds	UNASSIGNED	AMR	581.0	0.9960689116318745	0.001343860162654531	False
HLA-DRA	cds	UNASSIGNED	EAS	581.0	0.9898621136015007	0.005432162111730809	False
HLA-DRA	cds	UNASSIGNED	EUR	581.0	0.9981298567076402	0.0008227065657335775	False
HLA-DRA	cds	UNASSIGNED	MID	581.0	0.999999059798339	0.0	False
HLA-DRA	cds	UNASSIGNED	SAS	581.0	0.9959164153696637	0.003679429493704922	False
HLA-DRA	cds	UNASSIGNED	UNASSIGNED	581.0	0.9971979775241057	0.001364219252240284	True
HLA-DRB1	cds	AFR	AFR	566.0	0.9826140414682271	0.004409213883258323	True
HLA-DRB1	cds	AFR	AMR	566.0	0.7626845530761251	0.0054338594249673244	False
HLA-DRB1	cds	AFR	EAS	566.0	0.7695796671413843	0.008873238379747073	False
HLA-DRB1	cds	AFR	EUR	566.0	0.9473703476255049	0.006704378208451711	False
HLA-DRB1	cds	AFR	MID	566.0	0.8414938988555313	0.012336299511182203	False
HLA-DRB1	cds	AFR	SAS	566.0	0.8113728704392511	0.006929472373378598	False
HLA-DRB1	cds	AFR	UNASSIGNED	566.0	0.8757411418899208	0.0052395534969594815	False
HLA-DRB1	cds	AMR	AFR	566.0	0.9773478704894114	0.004409213883258323	False
HLA-DRB1	cds	AMR	AMR	566.0	0.9861794155956146	0.0054338594249673244	True
HLA-DRB1	cds	AMR	EAS	566.0	0.8099989980714584	0.008873238379747073	False
HLA-DRB1	cds	AMR	EUR	566.0	0.9857955532500821	0.006704378208451711	False
HLA-DRB1	cds	AMR	MID	566.0	0.9691669255943827	0.012336299511182203	False
HLA-DRB1	cds	AMR	SAS	566.0	0.880849201004969	0.006929472373378598	False
HLA-DRB1	cds	AMR	UNASSIGNED	566.0	0.9747365588402335	0.0052395534969594815	False
HLA-DRB1	cds	EAS	AFR	566.0	0.5224731263710297	0.004409213883258323	False
HLA-DRB1	cds	EAS	AMR	566.0	0.7398955905649571	0.0054338594249673244	False
HLA-DRB1	cds	EAS	EAS	566.0	0.9852352692135864	0.008873238379747073	True
HLA-DRB1	cds	EAS	EUR	566.0	0.8953607878941398	0.006704378208451711	False
HLA-DRB1	cds	EAS	MID	566.0	0.7438980074413022	0.012336299511182203	False
HLA-DRB1	cds	EAS	SAS	566.0	0.934065388829747	0.006929472373378598	False
HLA-DRB1	cds	EAS	UNASSIGNED	566.0	0.7317875361295014	0.0052395534969594815	False
HLA-DRB1	cds	EUR	AFR	566.0	0.6646831362433065	0.004409213883258323	False
HLA-DRB1	cds	EUR	AMR	566.0	0.7548370605275586	0.0054338594249673244	False
HLA-DRB1	cds	EUR	EAS	566.0	0.7713640283229275	0.008873238379747073	False
HLA-DRB1	cds	EUR	EUR	566.0	0.9891110549323864	0.006704378208451711	True
HLA-DRB1	cds	EUR	MID	566.0	0.927614933130876	0.012336299511182203	False
HLA-DRB1	cds	EUR	SAS	566.0	0.8698617407854715	0.006929472373378598	False
HLA-DRB1	cds	EUR	UNASSIGNED	566.0	0.8791635124141545	0.0052395534969594815	False
HLA-DRB1	cds	MID	AFR	566.0	0.9647168059424326	0.004409213883258323	False
HLA-DRB1	cds	MID	AMR	566.0	0.7707201086956519	0.0054338594249673244	False
HLA-DRB1	cds	MID	EAS	566.0	0.7265426880811495	0.008873238379747073	False
HLA-DRB1	cds	MID	EUR	566.0	0.9769488683989942	0.006704378208451711	False
HLA-DRB1	cds	MID	MID	566.0	1.0	0.012336299511182203	True
HLA-DRB1	cds	MID	SAS	566.0	0.9071164510166357	0.006929472373378598	False
HLA-DRB1	cds	MID	UNASSIGNED	566.0	0.9480143408714836	0.0052395534969594815	False
HLA-DRB1	cds	SAS	AFR	566.0	0.6540576964730633	0.004409213883258323	False
HLA-DRB1	cds	SAS	AMR	566.0	0.7218311374296551	0.0054338594249673244	False
HLA-DRB1	cds	SAS	EAS	566.0	0.9505712516192657	0.008873238379747073	False
HLA-DRB1	cds	SAS	EUR	566.0	0.942696085695163	0.006704378208451711	False
HLA-DRB1	cds	SAS	MID	566.0	0.8908063686951231	0.012336299511182203	False
HLA-DRB1	cds	SAS	SAS	566.0	0.9851557307513341	0.006929472373378598	True
HLA-DRB1	cds	SAS	UNASSIGNED	566.0	0.8417146187638862	0.0052395534969594815	False
HLA-DRB1	cds	UNASSIGNED	AFR	566.0	0.9798776450971961	0.004409213883258323	False
HLA-DRB1	cds	UNASSIGNED	AMR	566.0	0.9553671134472069	0.0054338594249673244	False
HLA-DRB1	cds	UNASSIGNED	EAS	566.0	0.9257437166821817	0.008873238379747073	False
HLA-DRB1	cds	UNASSIGNED	EUR	566.0	0.9915108788399554	0.006704378208451711	False
HLA-DRB1	cds	UNASSIGNED	MID	566.0	0.9799708359164394	0.012336299511182203	False
HLA-DRB1	cds	UNASSIGNED	SAS	566.0	0.9367065439360196	0.006929472373378598	False
HLA-DRB1	cds	UNASSIGNED	UNASSIGNED	566.0	0.9825272477899832	0.0052395534969594815	True
HLA-DRB3	cds	AFR	AFR	284.0	0.995518424906899	0.0027443205891168887	True
HLA-DRB3	cds	AFR	AMR	284.0	0.994628336026064	0.0046798935282554854	False
HLA-DRB3	cds	AFR	EAS	284.0	0.8598759902748051	0.0021881785515266428	False
HLA-DRB3	cds	AFR	EUR	284.0	0.9874999999999999	0.005206161837259415	False
HLA-DRB3	cds	AFR	MID	284.0	0.9612676056338028	0.007017456853798842	False
HLA-DRB3	cds	AFR	SAS	284.0	0.9584838445537758	0.004736527164797999	False
HLA-DRB3	cds	AFR	UNASSIGNED	284.0	0.9859345410498274	0.00183729701686286	False
HLA-DRB3	cds	AMR	AFR	284.0	0.9944317917115856	0.0027443205891168887	False
HLA-DRB3	cds	AMR	AMR	284.0	0.9955383734683245	0.0046798935282554854	True
HLA-DRB3	cds	AMR	EAS	284.0	0.8274418651697103	0.0021881785515266428	False
HLA-DRB3	cds	AMR	EUR	284.0	0.9897152002643098	0.005206161837259415	False
HLA-DRB3	cds	AMR	MID	284.0	0.9696893003045641	0.007017456853798842	False
HLA-DRB3	cds	AMR	SAS	284.0	0.950757507135207	0.004736527164797999	False
HLA-DRB3	cds	AMR	UNASSIGNED	284.0	0.9866014528634479	0.00183729701686286	False
HLA-DRB3	cds	EAS	AFR	284.0	0.8700823421763048	0.0027443205891168887	False
HLA-DRB3	cds	EAS	AMR	284.0	0.9737827715349082	0.0046798935282554854	False
HLA-DRB3	cds	EAS	EAS	284.0	0.9964112807313521	0.0021881785515266428	True
HLA-DRB3	cds	EAS	EUR	284.0	0.9864583333325039	0.005206161837259415	False
HLA-DRB3	cds	EAS	MID	284.0	0.9542253521119637	0.007017456853798842	False
HLA-DRB3	cds	EAS	SAS	284.0	0.9928909952601376	0.004736527164797999	False
HLA-DRB3	cds	EAS	UNASSIGNED	284.0	0.9580398162319782	0.00183729701686286	False
HLA-DRB3	cds	EUR	AFR	284.0	0.9045535986581937	0.0027443205891168887	False
HLA-DRB3	cds	EUR	AMR	284.0	0.9796944982405025	0.0046798935282554854	False
HLA-DRB3	cds	EUR	EAS	284.0	0.6853070175438598	0.0021881785515266428	False
HLA-DRB3	cds	EUR	EUR	284.0	0.994288954670188	0.005206161837259415	True
HLA-DRB3	cds	EUR	MID	284.0	0.980227729614323	0.007017456853798842	False
HLA-DRB3	cds	EUR	SAS	284.0	0.9152956841874145	0.004736527164797999	False
HLA-DRB3	cds	EUR	UNASSIGNED	284.0	0.96222592097887	0.00183729701686286	False
HLA-DRB3	cds	MID	AFR	284.0	0.9931381518755718	0.0027443205891168887	False
HLA-DRB3	cds	MID	AMR	284.0	0.995318352059925	0.0046798935282554854	False
HLA-DRB3	cds	MID	EAS	284.0	0.6853070175438598	0.0021881785515266428	False
HLA-DRB3	cds	MID	EUR	284.0	0.9958333333333332	0.005206161837259415	False
HLA-DRB3	cds	MID	MID	284.0	1.0	0.007017456853798842	True
HLA-DRB3	cds	MID	SAS	284.0	0.9158767772511849	0.004736527164797999	False
HLA-DRB3	cds	MID	UNASSIGNED	284.0	0.9865237366003065	0.00183729701686286	False
HLA-DRB3	cds	SAS	AFR	284.0	0.87008234217746	0.0027443205891168887	False
HLA-DRB3	cds	SAS	AMR	284.0	0.9743071377926714	0.0046798935282554854	False
HLA-DRB3	cds	SAS	EAS	284.0	0.9934210526314802	0.0021881785515266428	False
HLA-DRB3	cds	SAS	EUR	284.0	0.9887917631774488	0.005206161837259415	False
HLA-DRB3	cds	SAS	MID	284.0	0.966056827378708	0.007017456853798842	False
HLA-DRB3	cds	SAS	SAS	284.0	0.9958128174041875	0.004736527164797999	True
HLA-DRB3	cds	SAS	UNASSIGNED	284.0	0.9609903082338129	0.00183729701686286	False
HLA-DRB3	cds	UNASSIGNED	AFR	284.0	0.9960211523876717	0.0027443205891168887	False
HLA-DRB3	cds	UNASSIGNED	AMR	284.0	0.9965838173341739	0.0046798935282554854	False
HLA-DRB3	cds	UNASSIGNED	EAS	284.0	0.9796860166087507	0.0021881785515266428	False
HLA-DRB3	cds	UNASSIGNED	EUR	284.0	0.9924526414745238	0.005206161837259415	False
HLA-DRB3	cds	UNASSIGNED	MID	284.0	0.9819323560095635	0.007017456853798842	False
HLA-DRB3	cds	UNASSIGNED	SAS	284.0	0.9913774456883861	0.004736527164797999	False
HLA-DRB3	cds	UNASSIGNED	UNASSIGNED	284.0	0.9946321804483035	0.00183729701686286	True
HLA-DRB4	cds	AFR	AFR	155.0	0.9995783700891913	0.0	True
HLA-DRB4	cds	AFR	AMR	155.0	0.9919206940541424	0.001053738432268858	False
HLA-DRB4	cds	AFR	EAS	155.0	0.9752752976920986	0.005738869071211572	False
HLA-DRB4	cds	AFR	EUR	155.0	0.9946907366432715	0.004513533793637614	False
HLA-DRB4	cds	AFR	MID	155.0	0.9867336284316582	0.012819979188345432	False
HLA-DRB4	cds	AFR	SAS	155.0	0.9776952507475306	0.0021367324994715498	False
HLA-DRB4	cds	AFR	UNASSIGNED	155.0	0.9877292019938222	0.002193583437361535	False
HLA-DRB4	cds	AMR	AFR	155.0	0.9999999985811862	0.0	False
HLA-DRB4	cds	AMR	AMR	155.0	0.9969611278500639	0.001053738432268858	True
HLA-DRB4	cds	AMR	EAS	155.0	0.98073519105901	0.005738869071211572	False
HLA-DRB4	cds	AMR	EUR	155.0	0.9954819250484305	0.004513533793637614	False
HLA-DRB4	cds	AMR	MID	155.0	0.9909142166717668	0.012819979188345432	False
HLA-DRB4	cds	AMR	SAS	155.0	0.9899685249698241	0.0021367324994715498	False
HLA-DRB4	cds	AMR	UNASSIGNED	155.0	0.9923754474346732	0.002193583437361535	False
HLA-DRB4	cds	EAS	AFR	155.0	0.7977518036320346	0.0	False
HLA-DRB4	cds	EAS	AMR	155.0	0.9012266095763545	0.001053738432268858	False
HLA-DRB4	cds	EAS	EAS	155.0	0.9881504094070225	0.005738869071211572	True
HLA-DRB4	cds	EAS	EUR	155.0	0.8804352181012387	0.004513533793637614	False
HLA-DRB4	cds	EAS	MID	155.0	0.940114695804346	0.012819979188345432	False
HLA-DRB4	cds	EAS	SAS	155.0	0.9737828132805153	0.0021367324994715498	False
HLA-DRB4	cds	EAS	UNASSIGNED	155.0	0.8795632391019215	0.002193583437361535	False
HLA-DRB4	cds	EUR	AFR	155.0	0.9999890033742137	0.0	False
HLA-DRB4	cds	EUR	AMR	155.0	0.9936187298980156	0.001053738432268858	False
HLA-DRB4	cds	EUR	EAS	155.0	0.9821125823572712	0.005738869071211572	False
HLA-DRB4	cds	EUR	EUR	155.0	0.9965159629654985	0.004513533793637614	True
HLA-DRB4	cds	EUR	MID	155.0	0.9870873029061776	0.012819979188345432	False
HLA-DRB4	cds	EUR	SAS	155.0	0.9785187202858427	0.0021367324994715498	False
HLA-DRB4	cds	EUR	UNASSIGNED	155.0	0.988845078807435	0.002193583437361535	False
HLA-DRB4	cds	MID	AFR	155.0	1.0	0.0	False
HLA-DRB4	cds	MID	AMR	155.0	0.9989440337909187	0.001053738432268858	False
HLA-DRB4	cds	MID	EAS	155.0	0.9813218390804598	0.005738869071211572	False
HLA-DRB4	cds	MID	EUR	155.0	0.9954819277108433	0.004513533793637614	False
HLA-DRB4	cds	MID	MID	155.0	1.0	0.012819979188345432	True
HLA-DRB4	cds	MID	SAS	155.0	1.0	0.0021367324994715498	False
HLA-DRB4	cds	MID	UNASSIGNED	155.0	0.995611629182666	0.002193583437361535	False
HLA-DRB4	cds	SAS	AFR	155.0	0.9891058264977715	0.0	False
HLA-DRB4	cds	SAS	AMR	155.0	0.9937547552298654	0.001053738432268858	False
HLA-DRB4	cds	SAS	EAS	155.0	0.981136780402162	0.005738869071211572	False
HLA-DRB4	cds	SAS	EUR	155.0	0.9891987423349685	0.004513533793637614	False
HLA-DRB4	cds	SAS	MID	155.0	0.9929209889375573	0.012819979188345432	False
HLA-DRB4	cds	SAS	SAS	155.0	0.9975849196091782	0.0021367324994715498	True
HLA-DRB4	cds	SAS	UNASSIGNED	155.0	0.9890597459020795	0.002193583437361535	False
HLA-DRB4	cds	UNASSIGNED	AFR	155.0	0.999970168143884	0.0	False
HLA-DRB4	cds	UNASSIGNED	AMR	155.0	0.9970090629534452	0.001053738432268858	False
HLA-DRB4	cds	UNASSIGNED	EAS	155.0	0.9825209561926511	0.005738869071211572	False
HLA-DRB4	cds	UNASSIGNED	EUR	155.0	0.995778535951251	0.004513533793637614	False
HLA-DRB4	cds	UNASSIGNED	MID	155.0	0.9918575675154255	0.012819979188345432	False
HLA-DRB4	cds	UNASSIGNED	SAS	155.0	0.9913499448774318	0.0021367324994715498	False
HLA-DRB4	cds	UNASSIGNED	UNASSIGNED	155.0	0.9935018325748817	0.002193583437361535	True
HLA-DRB5	cds	AFR	AFR	56.0	0.9780069367130942	0.005606161265716891	True
HLA-DRB5	cds	AFR	AMR	56.0	0.8006276821732256	0.0064934375961548385	False
HLA-DRB5	cds	AFR	EAS	56.0	0.8122100376249767	0.0067013923670239395	False
HLA-DRB5	cds	AFR	EUR	56.0	0.9159150160646785	0.007922498213760343	False
HLA-DRB5	cds	AFR	MID	56.0	0.6023684901846496	0.017230576441102707	False
HLA-DRB5	cds	AFR	SAS	56.0	0.6070706280404023	0.0	False
HLA-DRB5	cds	AFR	UNASSIGNED	56.0	0.8143464162590172	0.0010741113696077775	False
HLA-DRB5	cds	AMR	AFR	56.0	0.9610276300342564	0.005606161265716891	False
HLA-DRB5	cds	AMR	AMR	56.0	0.9838154053586697	0.0064934375961548385	True
HLA-DRB5	cds	AMR	EAS	56.0	0.9565220239332037	0.0067013923670239395	False
HLA-DRB5	cds	AMR	EUR	56.0	0.983093740963271	0.007922498213760343	False
HLA-DRB5	cds	AMR	MID	56.0	0.9816794744321611	0.017230576441102707	False
HLA-DRB5	cds	AMR	SAS	56.0	0.9768859933389369	0.0	False
HLA-DRB5	cds	AMR	UNASSIGNED	56.0	0.9864937129114957	0.0010741113696077775	False
HLA-DRB5	cds	EAS	AFR	56.0	0.9121359728564111	0.005606161265716891	False
HLA-DRB5	cds	EAS	AMR	56.0	0.9235233374924441	0.0064934375961548385	False
HLA-DRB5	cds	EAS	EAS	56.0	0.9776955388181157	0.0067013923670239395	True
HLA-DRB5	cds	EAS	EUR	56.0	0.9694033805344133	0.007922498213760343	False
HLA-DRB5	cds	EAS	MID	56.0	0.9741546576889346	0.017230576441102707	False
HLA-DRB5	cds	EAS	SAS	56.0	0.9843036223318833	0.0	False
HLA-DRB5	cds	EAS	UNASSIGNED	56.0	0.9577172131319883	0.0010741113696077775	False
HLA-DRB5	cds	EUR	AFR	56.0	0.9141718038151087	0.005606161265716891	False
HLA-DRB5	cds	EUR	AMR	56.0	0.964758129008592	0.0064934375961548385	False
HLA-DRB5	cds	EUR	EAS	56.0	0.9436616761707066	0.0067013923670239395	False
HLA-DRB5	cds	EUR	EUR	56.0	0.9839819766307356	0.007922498213760343	True
HLA-DRB5	cds	EUR	MID	56.0	0.9420968721913444	0.017230576441102707	False
HLA-DRB5	cds	EUR	SAS	56.0	0.9435176832887918	0.0	False
HLA-DRB5	cds	EUR	UNASSIGNED	56.0	0.9650957155037653	0.0010741113696077775	False
HLA-DRB5	cds	MID	AFR	56.0	0.9186535764375876	0.005606161265716891	False
HLA-DRB5	cds	MID	AMR	56.0	0.9739413680781759	0.0064934375961548385	False
HLA-DRB5	cds	MID	EAS	56.0	0.9574944071588367	0.0067013923670239395	False
HLA-DRB5	cds	MID	EUR	56.0	0.9814814814814814	0.007922498213760343	False
HLA-DRB5	cds	MID	MID	56.0	1.0	0.017230576441102707	True
HLA-DRB5	cds	MID	SAS	56.0	0.9788461538461538	0.0	False
HLA-DRB5	cds	MID	UNASSIGNED	56.0	0.9763186221743811	0.0010741113696077775	False
HLA-DRB5	cds	SAS	AFR	56.0	0.9122384042717883	0.005606161265716891	False
HLA-DRB5	cds	SAS	AMR	56.0	0.9157379704296298	0.0064934375961548385	False
HLA-DRB5	cds	SAS	EAS	56.0	0.9640574181887578	0.0067013923670239395	False
HLA-DRB5	cds	SAS	EUR	56.0	0.9702092313217527	0.007922498213760343	False
HLA-DRB5	cds	SAS	MID	56.0	0.9726836300251341	0.017230576441102707	False
HLA-DRB5	cds	SAS	SAS	56.0	0.9836761979218447	0.0	True
HLA-DRB5	cds	SAS	UNASSIGNED	56.0	0.9561340983770459	0.0010741113696077775	False
HLA-DRB5	cds	UNASSIGNED	AFR	56.0	0.9583541094232647	0.005606161265716891	False
HLA-DRB5	cds	UNASSIGNED	AMR	56.0	0.9815224972227025	0.0064934375961548385	False
HLA-DRB5	cds	UNASSIGNED	EAS	56.0	0.9581763771830925	0.0067013923670239395	False
HLA-DRB5	cds	UNASSIGNED	EUR	56.0	0.9847543859214606	0.007922498213760343	False
HLA-DRB5	cds	UNASSIGNED	MID	56.0	0.9821088297787501	0.017230576441102707	False
HLA-DRB5	cds	UNASSIGNED	SAS	56.0	0.9818206048994821	0.0	False
HLA-DRB5	cds	UNASSIGNED	UNASSIGNED	56.0	0.9881911748851243	0.0010741113696077775	True
HLA-E	cds	AFR	AFR	563.0	0.9927548057238319	0.004863255378770748	True
HLA-E	cds	AFR	AMR	563.0	0.9912105655716035	0.005058339285547664	False
HLA-E	cds	AFR	EAS	563.0	0.9748989929249658	0.003816074320354468	False
HLA-E	cds	AFR	EUR	563.0	0.9822860174367934	0.001658718497145939	False
HLA-E	cds	AFR	MID	563.0	0.998664179560239	0.0017699003564994875	False
HLA-E	cds	AFR	SAS	563.0	0.9928002965427898	0.0027863775085471554	False
HLA-E	cds	AFR	UNASSIGNED	563.0	0.9901293335357475	0.0034472488091731313	False
HLA-E	cds	AMR	AFR	563.0	0.9807032190671047	0.004863255378770748	False
HLA-E	cds	AMR	AMR	563.0	0.9918080015266774	0.005058339285547664	True
HLA-E	cds	AMR	EAS	563.0	0.9729172897926808	0.003816074320354468	False
HLA-E	cds	AMR	EUR	563.0	0.9827109303463261	0.001658718497145939	False
HLA-E	cds	AMR	MID	563.0	0.9979691264861114	0.0017699003564994875	False
HLA-E	cds	AMR	SAS	563.0	0.9923026726286902	0.0027863775085471554	False
HLA-E	cds	AMR	UNASSIGNED	563.0	0.9885187846254215	0.0034472488091731313	False
HLA-E	cds	EAS	AFR	563.0	0.9494638030272907	0.004863255378770748	False
HLA-E	cds	EAS	AMR	563.0	0.9813080271333755	0.005058339285547664	False
HLA-E	cds	EAS	EAS	563.0	0.9955008124025603	0.003816074320354468	True
HLA-E	cds	EAS	EUR	563.0	0.9746650670625902	0.001658718497145939	False
HLA-E	cds	EAS	MID	563.0	0.9866433544912054	0.0017699003564994875	False
HLA-E	cds	EAS	SAS	563.0	0.9897831201732062	0.0027863775085471554	False
HLA-E	cds	EAS	UNASSIGNED	563.0	0.97819709499913	0.0034472488091731313	False
HLA-E	cds	EUR	AFR	563.0	0.9739216992788322	0.004863255378770748	False
HLA-E	cds	EUR	AMR	563.0	0.9902730009903765	0.005058339285547664	False
HLA-E	cds	EUR	EAS	563.0	0.9732691789762062	0.003816074320354468	False
HLA-E	cds	EUR	EUR	563.0	0.9962106925977924	0.001658718497145939	True
HLA-E	cds	EUR	MID	563.0	0.9987233281295149	0.0017699003564994875	False
HLA-E	cds	EUR	SAS	563.0	0.9965823958100113	0.0027863775085471554	False
HLA-E	cds	EUR	UNASSIGNED	563.0	0.9925978488456152	0.0034472488091731313	False
HLA-E	cds	MID	AFR	563.0	0.9814729041222788	0.004863255378770748	False
HLA-E	cds	MID	AMR	563.0	0.9898819561551434	0.005058339285547664	False
HLA-E	cds	MID	EAS	563.0	0.9732824427480916	0.003816074320354468	False
HLA-E	cds	MID	EUR	563.0	0.9888013272501037	0.001658718497145939	False
HLA-E	cds	MID	MID	563.0	1.0	0.0017699003564994875	True
HLA-E	cds	MID	SAS	563.0	0.9962842545285648	0.0027863775085471554	False
HLA-E	cds	MID	UNASSIGNED	563.0	0.9922779922779922	0.0034472488091731313	False
HLA-E	cds	SAS	AFR	563.0	0.9681411593676614	0.004863255378770748	False
HLA-E	cds	SAS	AMR	563.0	0.9878852890094189	0.005058339285547664	False
HLA-E	cds	SAS	EAS	563.0	0.980008111015423	0.003816074320354468	False
HLA-E	cds	SAS	EUR	563.0	0.9883996240099948	0.001658718497145939	False
HLA-E	cds	SAS	MID	563.0	0.9978293327579063	0.0017699003564994875	False
HLA-E	cds	SAS	SAS	563.0	0.9973466046091886	0.0027863775085471554	True
HLA-E	cds	SAS	UNASSIGNED	563.0	0.9899173699239554	0.0034472488091731313	False
HLA-E	cds	UNASSIGNED	AFR	563.0	0.9811692060515127	0.004863255378770748	False
HLA-E	cds	UNASSIGNED	AMR	563.0	0.9904435434841283	0.005058339285547664	False
HLA-E	cds	UNASSIGNED	EAS	563.0	0.978839842088211	0.003816074320354468	False
HLA-E	cds	UNASSIGNED	EUR	563.0	0.9917687496888574	0.001658718497145939	False
HLA-E	cds	UNASSIGNED	MID	563.0	0.9995729253491416	0.0017699003564994875	False
HLA-E	cds	UNASSIGNED	SAS	563.0	0.9966571682227917	0.0027863775085471554	False
HLA-E	cds	UNASSIGNED	UNASSIGNED	563.0	0.9933645711305024	0.0034472488091731313	True
HLA-F	cds	AFR	AFR	570.0	0.9961317586317296	0.001609459657075929	True
HLA-F	cds	AFR	AMR	570.0	0.9646565673043817	0.004033387409320688	False
HLA-F	cds	AFR	EAS	570.0	0.9620597509567668	0.004656711670847691	False
HLA-F	cds	AFR	EUR	570.0	0.989704874905332	0.003760620124224401	False
HLA-F	cds	AFR	MID	570.0	0.9887188155835591	0.012274538290519277	False
HLA-F	cds	AFR	SAS	570.0	0.968542177925391	0.005085101714474849	False
HLA-F	cds	AFR	UNASSIGNED	570.0	0.9867311282173666	0.005076612692792581	False
HLA-F	cds	AMR	AFR	570.0	0.988017301918169	0.001609459657075929	False
HLA-F	cds	AMR	AMR	570.0	0.9927947036417025	0.004033387409320688	True
HLA-F	cds	AMR	EAS	570.0	0.9812763534096356	0.004656711670847691	False
HLA-F	cds	AMR	EUR	570.0	0.993098621855135	0.003760620124224401	False
HLA-F	cds	AMR	MID	570.0	0.9894685569048042	0.012274538290519277	False
HLA-F	cds	AMR	SAS	570.0	0.9708330120318662	0.005085101714474849	False
HLA-F	cds	AMR	UNASSIGNED	570.0	0.9903867559249515	0.005076612692792581	False
HLA-F	cds	EAS	AFR	570.0	0.9536228680395419	0.001609459657075929	False
HLA-F	cds	EAS	AMR	570.0	0.9800463925335823	0.004033387409320688	False
HLA-F	cds	EAS	EAS	570.0	0.9958130793089618	0.004656711670847691	True
HLA-F	cds	EAS	EUR	570.0	0.9856448347875494	0.003760620124224401	False
HLA-F	cds	EAS	MID	570.0	0.9828549320983353	0.012274538290519277	False
HLA-F	cds	EAS	SAS	570.0	0.9660449752889879	0.005085101714474849	False
HLA-F	cds	EAS	UNASSIGNED	570.0	0.9800319292744193	0.005076612692792581	False
HLA-F	cds	EUR	AFR	570.0	0.9545268485212589	0.001609459657075929	False
HLA-F	cds	EUR	AMR	570.0	0.9611328873395669	0.004033387409320688	False
HLA-F	cds	EUR	EAS	570.0	0.9646003264671932	0.004656711670847691	False
HLA-F	cds	EUR	EUR	570.0	0.9966478257657923	0.003760620124224401	True
HLA-F	cds	EUR	MID	570.0	0.9842102542351788	0.012274538290519277	False
HLA-F	cds	EUR	SAS	570.0	0.9723695090622425	0.005085101714474849	False
HLA-F	cds	EUR	UNASSIGNED	570.0	0.9804228797879421	0.005076612692792581	False
HLA-F	cds	MID	AFR	570.0	0.972407449988503	0.001609459657075929	False
HLA-F	cds	MID	AMR	570.0	0.9586554621848739	0.004033387409320688	False
HLA-F	cds	MID	EAS	570.0	0.9593564775613885	0.004656711670847691	False
HLA-F	cds	MID	EUR	570.0	0.995403259506895	0.003760620124224401	False
HLA-F	cds	MID	MID	570.0	1.0	0.012274538290519277	True
HLA-F	cds	MID	SAS	570.0	0.972260748959778	0.005085101714474849	False
HLA-F	cds	MID	UNASSIGNED	570.0	0.9843578485181119	0.005076612692792581	False
HLA-F	cds	SAS	AFR	570.0	0.9545288738451111	0.001609459657075929	False
HLA-F	cds	SAS	AMR	570.0	0.9616309379800122	0.004033387409320688	False
HLA-F	cds	SAS	EAS	570.0	0.9651567661268934	0.004656711670847691	False
HLA-F	cds	SAS	EUR	570.0	0.9954744895019875	0.003760620124224401	False
HLA-F	cds	SAS	MID	570.0	0.9842054238209087	0.012274538290519277	False
HLA-F	cds	SAS	SAS	570.0	0.9957276245041151	0.005085101714474849	True
HLA-F	cds	SAS	UNASSIGNED	570.0	0.9808357487090539	0.005076612692792581	False
HLA-F	cds	UNASSIGNED	AFR	570.0	0.9891116106292572	0.001609459657075929	False
HLA-F	cds	UNASSIGNED	AMR	570.0	0.9864648327302983	0.004033387409320688	False
HLA-F	cds	UNASSIGNED	EAS	570.0	0.9803748094310185	0.004656711670847691	False
HLA-F	cds	UNASSIGNED	EUR	570.0	0.9950794234463276	0.003760620124224401	False
HLA-F	cds	UNASSIGNED	MID	570.0	0.9895962834806579	0.012274538290519277	False
HLA-F	cds	UNASSIGNED	SAS	570.0	0.9755471332267555	0.005085101714474849	False
HLA-F	cds	UNASSIGNED	UNASSIGNED	570.0	0.9911182119043727	0.005076612692792581	True
HLA-G	cds	AFR	AFR	546.0	0.9919693493444157	0.003700596939529621	True
HLA-G	cds	AFR	AMR	546.0	0.9885965296470328	0.00272247729675712	False
HLA-G	cds	AFR	EAS	546.0	0.9563753006600385	0.004698481574348712	False
HLA-G	cds	AFR	EUR	546.0	0.9863065469526948	0.004573458676158548	False
HLA-G	cds	AFR	MID	546.0	0.97393689408009	0.005481096085122927	False
HLA-G	cds	AFR	SAS	546.0	0.977671873212011	0.006882627666317753	False
HLA-G	cds	AFR	UNASSIGNED	546.0	0.9826990699912196	0.004166473747569177	False
HLA-G	cds	AMR	AFR	546.0	0.9762624508002787	0.003700596939529621	False
HLA-G	cds	AMR	AMR	546.0	0.9914503227615892	0.00272247729675712	True
HLA-G	cds	AMR	EAS	546.0	0.959017337671219	0.004698481574348712	False
HLA-G	cds	AMR	EUR	546.0	0.9893405201170772	0.004573458676158548	False
HLA-G	cds	AMR	MID	546.0	0.9859197810720834	0.005481096085122927	False
HLA-G	cds	AMR	SAS	546.0	0.9892838387351681	0.006882627666317753	False
HLA-G	cds	AMR	UNASSIGNED	546.0	0.9838300993061887	0.004166473747569177	False
HLA-G	cds	EAS	AFR	546.0	0.8298877090049357	0.003700596939529621	False
HLA-G	cds	EAS	AMR	546.0	0.9347215577127257	0.00272247729675712	False
HLA-G	cds	EAS	EAS	546.0	0.9937989162343723	0.004698481574348712	True
HLA-G	cds	EAS	EUR	546.0	0.9541859114938589	0.004573458676158548	False
HLA-G	cds	EAS	MID	546.0	0.9207319559286846	0.005481096085122927	False
HLA-G	cds	EAS	SAS	546.0	0.9513397252326286	0.006882627666317753	False
HLA-G	cds	EAS	UNASSIGNED	546.0	0.9200559212329956	0.004166473747569177	False
HLA-G	cds	EUR	AFR	546.0	0.9317900451699749	0.003700596939529621	False
HLA-G	cds	EUR	AMR	546.0	0.9789486430574725	0.00272247729675712	False
HLA-G	cds	EUR	EAS	546.0	0.9582357789148541	0.004698481574348712	False
HLA-G	cds	EUR	EUR	546.0	0.9931362243926835	0.004573458676158548	True
HLA-G	cds	EUR	MID	546.0	0.972801297785732	0.005481096085122927	False
HLA-G	cds	EUR	SAS	546.0	0.987090724121454	0.006882627666317753	False
HLA-G	cds	EUR	UNASSIGNED	546.0	0.9735342665550276	0.004166473747569177	False
HLA-G	cds	MID	AFR	546.0	0.9400444115470022	0.003700596939529621	False
HLA-G	cds	MID	AMR	546.0	0.981279782164738	0.00272247729675712	False
HLA-G	cds	MID	EAS	546.0	0.9594190516873131	0.004698481574348712	False
HLA-G	cds	MID	EUR	546.0	0.9900207900207902	0.004573458676158548	False
HLA-G	cds	MID	MID	546.0	1.0	0.005481096085122927	True
HLA-G	cds	MID	SAS	546.0	0.9912804038549795	0.006882627666317753	False
HLA-G	cds	MID	UNASSIGNED	546.0	0.9772222222222223	0.004166473747569177	False
HLA-G	cds	SAS	AFR	546.0	0.9286910793009454	0.003700596939529621	False
HLA-G	cds	SAS	AMR	546.0	0.9778732958738916	0.00272247729675712	False
HLA-G	cds	SAS	EAS	546.0	0.9579673306858368	0.004698481574348712	False
HLA-G	cds	SAS	EUR	546.0	0.985793773606802	0.004573458676158548	False
HLA-G	cds	SAS	MID	546.0	0.964997457055546	0.005481096085122927	False
HLA-G	cds	SAS	SAS	546.0	0.9932100390324597	0.006882627666317753	True
HLA-G	cds	SAS	UNASSIGNED	546.0	0.9693838766106878	0.004166473747569177	False
HLA-G	cds	UNASSIGNED	AFR	546.0	0.9786006433735018	0.003700596939529621	False
HLA-G	cds	UNASSIGNED	AMR	546.0	0.9902359307985104	0.00272247729675712	False
HLA-G	cds	UNASSIGNED	EAS	546.0	0.9796085607168568	0.004698481574348712	False
HLA-G	cds	UNASSIGNED	EUR	546.0	0.9908953998946759	0.004573458676158548	False
HLA-G	cds	UNASSIGNED	MID	546.0	0.9898059213424363	0.005481096085122927	False
HLA-G	cds	UNASSIGNED	SAS	546.0	0.9877561107621822	0.006882627666317753	False
HLA-G	cds	UNASSIGNED	UNASSIGNED	546.0	0.9868511611407058	0.004166473747569177	True
HLA-H	cds	AFR	AFR	31.0	0.988857524692665	0.002645465319713325	True
HLA-H	cds	AFR	AMR	31.0	0.9972980862724453	0.0	False
HLA-H	cds	AFR	EAS	31.0	1.0	0.0	False
HLA-H	cds	AFR	EUR	31.0	0.9972527472527473	0.0027321993075417605	False
HLA-H	cds	AFR	MID	31.0	0.9968837928342204	0.019215686274509758	False
HLA-H	cds	AFR	SAS	31.0	1.0	0.0	False
HLA-H	cds	AFR	UNASSIGNED	31.0	0.9969515815820102	0.0013106114692299498	False
HLA-H	cds	AMR	AFR	31.0	0.9665726369921414	0.002645465319713325	False
HLA-H	cds	AMR	AMR	31.0	0.990446995465768	0.0	True
HLA-H	cds	AMR	EAS	31.0	1.0	0.0	False
HLA-H	cds	AMR	EUR	31.0	0.9972527472527473	0.0027321993075417605	False
HLA-H	cds	AMR	MID	31.0	0.9889822014371858	0.019215686274509758	False
HLA-H	cds	AMR	SAS	31.0	1.0	0.0	False
HLA-H	cds	AMR	UNASSIGNED	31.0	0.9921708155673241	0.0013106114692299498	False
HLA-H	cds	EAS	AFR	31.0	0.9414893617021277	0.002645465319713325	False
HLA-H	cds	EAS	AMR	31.0	0.9826589595375722	0.0	False
HLA-H	cds	EAS	EAS	31.0	1.0	0.0	True
HLA-H	cds	EAS	EUR	31.0	0.9972527472527473	0.0027321993075417605	False
HLA-H	cds	EAS	MID	31.0	0.98	0.019215686274509758	False
HLA-H	cds	EAS	SAS	31.0	1.0	0.0	False
HLA-H	cds	EAS	UNASSIGNED	31.0	0.9868593955321945	0.0013106114692299498	False
HLA-H	cds	EUR	AFR	31.0	0.9414893617021277	0.002645465319713325	False
HLA-H	cds	EUR	AMR	31.0	0.9826589595375722	0.0	False
HLA-H	cds	EUR	EAS	31.0	1.0	0.0	False
HLA-H	cds	EUR	EUR	31.0	0.9974867165801227	0.0027321993075417605	True
HLA-H	cds	EUR	MID	31.0	0.98	0.019215686274509758	False
HLA-H	cds	EUR	SAS	31.0	1.0	0.0	False
HLA-H	cds	EUR	UNASSIGNED	31.0	0.9868593955321945	0.0013106114692299498	False
HLA-H	cds	MID	AFR	31.0	0.9761170212765959	0.002645465319713325	False
HLA-H	cds	MID	AMR	31.0	0.9934104046242774	0.0	False
HLA-H	cds	MID	EAS	31.0	1.0	0.0	False
HLA-H	cds	MID	EUR	31.0	0.9972527472527473	0.0027321993075417605	False
HLA-H	cds	MID	MID	31.0	0.9924000000000001	0.019215686274509758	True
HLA-H	cds	MID	SAS	31.0	1.0	0.0	False
HLA-H	cds	MID	UNASSIGNED	31.0	0.99419185282523	0.0013106114692299498	False
HLA-H	cds	SAS	AFR	31.0	0.9414893617021277	0.002645465319713325	False
HLA-H	cds	SAS	AMR	31.0	0.9826589595375722	0.0	False
HLA-H	cds	SAS	EAS	31.0	1.0	0.0	False
HLA-H	cds	SAS	EUR	31.0	0.9972527472527473	0.0027321993075417605	False
HLA-H	cds	SAS	MID	31.0	0.98	0.019215686274509758	False
HLA-H	cds	SAS	SAS	31.0	1.0	0.0	True
HLA-H	cds	SAS	UNASSIGNED	31.0	0.9868593955321945	0.0013106114692299498	False
HLA-H	cds	UNASSIGNED	AFR	31.0	0.9591137064920664	0.002645465319713325	False
HLA-H	cds	UNASSIGNED	AMR	31.0	0.9880974548036064	0.0	False
HLA-H	cds	UNASSIGNED	EAS	31.0	1.0	0.0	False
HLA-H	cds	UNASSIGNED	EUR	31.0	0.9972527472527473	0.0027321993075417605	False
HLA-H	cds	UNASSIGNED	MID	31.0	0.9862723978734929	0.019215686274509758	False
HLA-H	cds	UNASSIGNED	SAS	31.0	1.0	0.0	False
HLA-H	cds	UNASSIGNED	UNASSIGNED	31.0	0.9906219644111975	0.0013106114692299498	True
HLA-HFE	cds	AFR	AFR	74.0	0.9827237813250704	0.011292238962026468	True
HLA-HFE	cds	AFR	AMR	74.0	0.9820179515232901	0.007431615843717654	False
HLA-HFE	cds	AFR	EAS	74.0	0.9712703216213806	0.0030863604022844937	False
HLA-HFE	cds	AFR	EUR	74.0	0.9518137846674686	0.008704012812126405	False
HLA-HFE	cds	AFR	MID	74.0	0.9893793666626096	0.02666179693206716	False
HLA-HFE	cds	AFR	SAS	74.0	0.9920535724463067	0.009183615801470646	False
HLA-HFE	cds	AFR	UNASSIGNED	74.0	0.9795429465195424	0.005277599502276575	False
HLA-HFE	cds	AMR	AFR	74.0	0.9688750362602127	0.011292238962026468	False
HLA-HFE	cds	AMR	AMR	74.0	0.9839926976588238	0.007431615843717654	True
HLA-HFE	cds	AMR	EAS	74.0	0.9720449046804245	0.0030863604022844937	False
HLA-HFE	cds	AMR	EUR	74.0	0.945524823286525	0.008704012812126405	False
HLA-HFE	cds	AMR	MID	74.0	0.9811791879098797	0.02666179693206716	False
HLA-HFE	cds	AMR	SAS	74.0	0.9929914784751075	0.009183615801470646	False
HLA-HFE	cds	AMR	UNASSIGNED	74.0	0.9783026743804845	0.005277599502276575	False
HLA-HFE	cds	EAS	AFR	74.0	0.955569275727198	0.011292238962026468	False
HLA-HFE	cds	EAS	AMR	74.0	0.96726676444903	0.007431615843717654	False
HLA-HFE	cds	EAS	EAS	74.0	0.9924266132487739	0.0030863604022844937	True
HLA-HFE	cds	EAS	EUR	74.0	0.891342808469862	0.008704012812126405	False
HLA-HFE	cds	EAS	MID	74.0	0.963462629824416	0.02666179693206716	False
HLA-HFE	cds	EAS	SAS	74.0	0.9856164510945284	0.009183615801470646	False
HLA-HFE	cds	EAS	UNASSIGNED	74.0	0.9534758127331562	0.005277599502276575	False
HLA-HFE	cds	EUR	AFR	74.0	0.9768837231529083	0.011292238962026468	False
HLA-HFE	cds	EUR	AMR	74.0	0.9892086506820787	0.007431615843717654	False
HLA-HFE	cds	EUR	EAS	74.0	0.972049588025932	0.0030863604022844937	False
HLA-HFE	cds	EUR	EUR	74.0	0.9900266272634473	0.008704012812126405	True
HLA-HFE	cds	EUR	MID	74.0	0.9864320252345431	0.02666179693206716	False
HLA-HFE	cds	EUR	SAS	74.0	0.9938525280657863	0.009183615801470646	False
HLA-HFE	cds	EUR	UNASSIGNED	74.0	0.9922694304633517	0.005277599502276575	False
HLA-HFE	cds	MID	AFR	74.0	0.9886792452830189	0.011292238962026468	False
HLA-HFE	cds	MID	AMR	74.0	0.9866071428571428	0.007431615843717654	False
HLA-HFE	cds	MID	EAS	74.0	0.9720496894409938	0.0030863604022844937	False
HLA-HFE	cds	MID	EUR	74.0	0.9651162790697675	0.008704012812126405	False
HLA-HFE	cds	MID	MID	74.0	1.0	0.02666179693206716	True
HLA-HFE	cds	MID	SAS	74.0	0.9938650306748467	0.009183615801470646	False
HLA-HFE	cds	MID	UNASSIGNED	74.0	0.9873284054910243	0.005277599502276575	False
HLA-HFE	cds	SAS	AFR	74.0	0.9627073665812828	0.011292238962026468	False
HLA-HFE	cds	SAS	AMR	74.0	0.9775742252136016	0.007431615843717654	False
HLA-HFE	cds	SAS	EAS	74.0	0.9720002338195534	0.0030863604022844937	False
HLA-HFE	cds	SAS	EUR	74.0	0.9154576349481972	0.008704012812126405	False
HLA-HFE	cds	SAS	MID	74.0	0.9758252588503649	0.02666179693206716	False
HLA-HFE	cds	SAS	SAS	74.0	0.9927692094811145	0.009183615801470646	True
HLA-HFE	cds	SAS	UNASSIGNED	74.0	0.9675244022623244	0.005277599502276575	False
HLA-HFE	cds	UNASSIGNED	AFR	74.0	0.9745438886358839	0.011292238962026468	False
HLA-HFE	cds	UNASSIGNED	AMR	74.0	0.9861995874626052	0.007431615843717654	False
HLA-HFE	cds	UNASSIGNED	EAS	74.0	0.9739906347900977	0.0030863604022844937	False
HLA-HFE	cds	UNASSIGNED	EUR	74.0	0.9660589647392239	0.008704012812126405	False
HLA-HFE	cds	UNASSIGNED	MID	74.0	0.9855078861186923	0.02666179693206716	False
HLA-HFE	cds	UNASSIGNED	SAS	74.0	0.9936422605585465	0.009183615801470646	False
HLA-HFE	cds	UNASSIGNED	UNASSIGNED	74.0	0.985799802076095	0.005277599502276575	True
HLA-J	cds	AFR	AFR	501.0	1.0	0.0	True
HLA-J	cds	AFR	AMR	501.0	1.0	0.0	False
HLA-J	cds	AFR	EAS	501.0	1.0	0.0	False
HLA-J	cds	AFR	EUR	501.0	1.0	0.0	False
HLA-J	cds	AFR	MID	501.0	1.0	0.0	False
HLA-J	cds	AFR	SAS	501.0	1.0	0.0	False
HLA-J	cds	AFR	UNASSIGNED	501.0	1.0	0.0	False
HLA-J	cds	AMR	AFR	501.0	1.0	0.0	False
HLA-J	cds	AMR	AMR	501.0	1.0	0.0	True
HLA-J	cds	AMR	EAS	501.0	1.0	0.0	False
HLA-J	cds	AMR	EUR	501.0	1.0	0.0	False
HLA-J	cds	AMR	MID	501.0	1.0	0.0	False
HLA-J	cds	AMR	SAS	501.0	1.0	0.0	False
HLA-J	cds	AMR	UNASSIGNED	501.0	1.0	0.0	False
HLA-J	cds	EAS	AFR	501.0	1.0	0.0	False
HLA-J	cds	EAS	AMR	501.0	1.0	0.0	False
HLA-J	cds	EAS	EAS	501.0	1.0	0.0	True
HLA-J	cds	EAS	EUR	501.0	1.0	0.0	False
HLA-J	cds	EAS	MID	501.0	1.0	0.0	False
HLA-J	cds	EAS	SAS	501.0	1.0	0.0	False
HLA-J	cds	EAS	UNASSIGNED	501.0	1.0	0.0	False
HLA-J	cds	EUR	AFR	501.0	1.0	0.0	False
HLA-J	cds	EUR	AMR	501.0	1.0	0.0	False
HLA-J	cds	EUR	EAS	501.0	1.0	0.0	False
HLA-J	cds	EUR	EUR	501.0	1.0	0.0	True
HLA-J	cds	EUR	MID	501.0	1.0	0.0	False
HLA-J	cds	EUR	SAS	501.0	1.0	0.0	False
HLA-J	cds	EUR	UNASSIGNED	501.0	1.0	0.0	False
HLA-J	cds	MID	AFR	501.0	1.0	0.0	False
HLA-J	cds	MID	AMR	501.0	1.0	0.0	False
HLA-J	cds	MID	EAS	501.0	1.0	0.0	False
HLA-J	cds	MID	EUR	501.0	1.0	0.0	False
HLA-J	cds	MID	MID	501.0	1.0	0.0	True
HLA-J	cds	MID	SAS	501.0	1.0	0.0	False
HLA-J	cds	MID	UNASSIGNED	501.0	1.0	0.0	False
HLA-J	cds	SAS	AFR	501.0	1.0	0.0	False
HLA-J	cds	SAS	AMR	501.0	1.0	0.0	False
HLA-J	cds	SAS	EAS	501.0	1.0	0.0	False
HLA-J	cds	SAS	EUR	501.0	1.0	0.0	False
HLA-J	cds	SAS	MID	501.0	1.0	0.0	False
HLA-J	cds	SAS	SAS	501.0	1.0	0.0	True
HLA-J	cds	SAS	UNASSIGNED	501.0	1.0	0.0	False
HLA-J	cds	UNASSIGNED	AFR	501.0	1.0	0.0	False
HLA-J	cds	UNASSIGNED	AMR	501.0	1.0	0.0	False
HLA-J	cds	UNASSIGNED	EAS	501.0	1.0	0.0	False
HLA-J	cds	UNASSIGNED	EUR	501.0	1.0	0.0	False
HLA-J	cds	UNASSIGNED	MID	501.0	1.0	0.0	False
HLA-J	cds	UNASSIGNED	SAS	501.0	1.0	0.0	False
HLA-J	cds	UNASSIGNED	UNASSIGNED	501.0	1.0	0.0	True
HLA-K	cds	AFR	AFR	31.0	1.0	0.0	True
HLA-K	cds	AFR	AMR	31.0	1.0	0.0	False
HLA-K	cds	AFR	EAS	31.0	1.0	0.0	False
HLA-K	cds	AFR	EUR	31.0	1.0	0.0	False
HLA-K	cds	AFR	MID	31.0	1.0	0.0	False
HLA-K	cds	AFR	SAS	31.0	1.0	0.0	False
HLA-K	cds	AFR	UNASSIGNED	31.0	1.0	0.0	False
HLA-K	cds	AMR	AFR	31.0	1.0	0.0	False
HLA-K	cds	AMR	AMR	31.0	1.0	0.0	True
HLA-K	cds	AMR	EAS	31.0	1.0	0.0	False
HLA-K	cds	AMR	EUR	31.0	1.0	0.0	False
HLA-K	cds	AMR	MID	31.0	1.0	0.0	False
HLA-K	cds	AMR	SAS	31.0	1.0	0.0	False
HLA-K	cds	AMR	UNASSIGNED	31.0	1.0	0.0	False
HLA-K	cds	EAS	AFR	31.0	1.0	0.0	False
HLA-K	cds	EAS	AMR	31.0	1.0	0.0	False
HLA-K	cds	EAS	EAS	31.0	1.0	0.0	True
HLA-K	cds	EAS	EUR	31.0	1.0	0.0	False
HLA-K	cds	EAS	MID	31.0	1.0	0.0	False
HLA-K	cds	EAS	SAS	31.0	1.0	0.0	False
HLA-K	cds	EAS	UNASSIGNED	31.0	1.0	0.0	False
HLA-K	cds	EUR	AFR	31.0	1.0	0.0	False
HLA-K	cds	EUR	AMR	31.0	1.0	0.0	False
HLA-K	cds	EUR	EAS	31.0	1.0	0.0	False
HLA-K	cds	EUR	EUR	31.0	1.0	0.0	True
HLA-K	cds	EUR	MID	31.0	1.0	0.0	False
HLA-K	cds	EUR	SAS	31.0	1.0	0.0	False
HLA-K	cds	EUR	UNASSIGNED	31.0	1.0	0.0	False
HLA-K	cds	MID	AFR	31.0	1.0	0.0	False
HLA-K	cds	MID	AMR	31.0	1.0	0.0	False
HLA-K	cds	MID	EAS	31.0	1.0	0.0	False
HLA-K	cds	MID	EUR	31.0	1.0	0.0	False
HLA-K	cds	MID	MID	31.0	1.0	0.0	True
HLA-K	cds	MID	SAS	31.0	1.0	0.0	False
HLA-K	cds	MID	UNASSIGNED	31.0	1.0	0.0	False
HLA-K	cds	SAS	AFR	31.0	1.0	0.0	False
HLA-K	cds	SAS	AMR	31.0	1.0	0.0	False
HLA-K	cds	SAS	EAS	31.0	1.0	0.0	False
HLA-K	cds	SAS	EUR	31.0	1.0	0.0	False
HLA-K	cds	SAS	MID	31.0	1.0	0.0	False
HLA-K	cds	SAS	SAS	31.0	1.0	0.0	True
HLA-K	cds	SAS	UNASSIGNED	31.0	1.0	0.0	False
HLA-K	cds	UNASSIGNED	AFR	31.0	1.0	0.0	False
HLA-K	cds	UNASSIGNED	AMR	31.0	1.0	0.0	False
HLA-K	cds	UNASSIGNED	EAS	31.0	1.0	0.0	False
HLA-K	cds	UNASSIGNED	EUR	31.0	1.0	0.0	False
HLA-K	cds	UNASSIGNED	MID	31.0	1.0	0.0	False
HLA-K	cds	UNASSIGNED	SAS	31.0	1.0	0.0	False
HLA-K	cds	UNASSIGNED	UNASSIGNED	31.0	1.0	0.0	True
HLA-P	cds	AFR	AFR	456.0	0.9995213372074919	0.0	True
HLA-P	cds	AFR	AMR	456.0	0.9995577280320401	0.0	False
HLA-P	cds	AFR	EAS	456.0	0.9998746286900742	0.0	False
HLA-P	cds	AFR	EUR	456.0	0.9999492402010004	0.0004775547006821146	False
HLA-P	cds	AFR	MID	456.0	0.9997671282905544	0.0021833851587392816	False
HLA-P	cds	AFR	SAS	456.0	0.9998126067655756	0.0	False
HLA-P	cds	AFR	UNASSIGNED	456.0	0.9996491129581502	0.0	False
HLA-P	cds	AMR	AFR	456.0	0.9994538542033726	0.0	False
HLA-P	cds	AMR	AMR	456.0	0.999495375491791	0.0	True
HLA-P	cds	AMR	EAS	456.0	0.9998569535484993	0.0	False
HLA-P	cds	AMR	EUR	456.0	0.9999420839653819	0.0004775547006821146	False
HLA-P	cds	AMR	MID	456.0	0.9997342974903047	0.0021833851587392816	False
HLA-P	cds	AMR	SAS	456.0	0.9997861876274923	0.0	False
HLA-P	cds	AMR	UNASSIGNED	456.0	0.9995996440793045	0.0	False
HLA-P	cds	EAS	AFR	456.0	0.9972055188939446	0.0	False
HLA-P	cds	EAS	AMR	456.0	0.9974225177281448	0.0	False
HLA-P	cds	EAS	EAS	456.0	0.9993416521090691	0.0	True
HLA-P	cds	EAS	EUR	456.0	0.9995817466824566	0.0004775547006821146	False
HLA-P	cds	EAS	MID	456.0	0.9985342382280062	0.0021833851587392816	False
HLA-P	cds	EAS	SAS	456.0	0.9988307422775807	0.0	False
HLA-P	cds	EAS	UNASSIGNED	456.0	0.9979953086394091	0.0	False
HLA-P	cds	EUR	AFR	456.0	0.996474914010965	0.0	False
HLA-P	cds	EUR	AMR	456.0	0.9967429122505441	0.0	False
HLA-P	cds	EUR	EAS	456.0	0.9990767098363112	0.0	False
HLA-P	cds	EUR	EUR	456.0	0.9996261822329615	0.0004775547006821146	True
HLA-P	cds	EUR	MID	456.0	0.9982850290161307	0.0021833851587392816	False
HLA-P	cds	EUR	SAS	456.0	0.9986199527612158	0.0	False
HLA-P	cds	EUR	UNASSIGNED	456.0	0.9974159115470881	0.0	False
HLA-P	cds	MID	AFR	456.0	1.0	0.0	False
HLA-P	cds	MID	AMR	456.0	1.0	0.0	False
HLA-P	cds	MID	EAS	456.0	1.0	0.0	False
HLA-P	cds	MID	EUR	456.0	1.0	0.0004775547006821146	False
HLA-P	cds	MID	MID	456.0	1.0	0.0021833851587392816	True
HLA-P	cds	MID	SAS	456.0	1.0	0.0	False
HLA-P	cds	MID	UNASSIGNED	456.0	1.0	0.0	False
HLA-P	cds	SAS	AFR	456.0	0.9982348516342723	0.0	False
HLA-P	cds	SAS	AMR	456.0	0.9983690488300521	0.0	False
HLA-P	cds	SAS	EAS	456.0	0.9995376725195932	0.0	False
HLA-P	cds	SAS	EUR	456.0	0.9998128148298735	0.0004775547006821146	False
HLA-P	cds	SAS	MID	456.0	0.9991412469826655	0.0021833851587392816	False
HLA-P	cds	SAS	SAS	456.0	0.9993089563954627	0.0	True
HLA-P	cds	SAS	UNASSIGNED	456.0	0.9987060458883155	0.0	False
HLA-P	cds	UNASSIGNED	AFR	456.0	0.9990645105997624	0.0	False
HLA-P	cds	UNASSIGNED	AMR	456.0	0.9991356321307516	0.0	False
HLA-P	cds	UNASSIGNED	EAS	456.0	0.9997549767114444	0.0	False
HLA-P	cds	UNASSIGNED	EUR	456.0	0.9999007960203601	0.0004775547006821146	False
HLA-P	cds	UNASSIGNED	MID	456.0	0.9995448799881435	0.0021833851587392816	False
HLA-P	cds	UNASSIGNED	SAS	456.0	0.9996337622492826	0.0	False
HLA-P	cds	UNASSIGNED	UNASSIGNED	456.0	0.9993142330812652	0.0	True
HLA-T	cds	AFR	AFR	455.0	0.9999999999999638	0.0	True
HLA-T	cds	AFR	AMR	455.0	0.9999999999999464	0.0	False
HLA-T	cds	AFR	EAS	455.0	0.999999999999986	0.0	False
HLA-T	cds	AFR	EUR	455.0	0.9999999999999437	0.0	False
HLA-T	cds	AFR	MID	455.0	0.999999999999939	0.0	False
HLA-T	cds	AFR	SAS	455.0	0.9999999999999601	0.0	False
HLA-T	cds	AFR	UNASSIGNED	455.0	0.9999999999999469	0.0	False
HLA-T	cds	AMR	AFR	455.0	1.0	0.0	False
HLA-T	cds	AMR	AMR	455.0	1.0	0.0	True
HLA-T	cds	AMR	EAS	455.0	1.0	0.0	False
HLA-T	cds	AMR	EUR	455.0	1.0	0.0	False
HLA-T	cds	AMR	MID	455.0	1.0	0.0	False
HLA-T	cds	AMR	SAS	455.0	1.0	0.0	False
HLA-T	cds	AMR	UNASSIGNED	455.0	1.0	0.0	False
HLA-T	cds	EAS	AFR	455.0	0.999999466761635	0.0	False
HLA-T	cds	EAS	AMR	455.0	0.9999992073312536	0.0	False
HLA-T	cds	EAS	EAS	455.0	0.9999997936365201	0.0	True
HLA-T	cds	EAS	EUR	455.0	0.999999167828021	0.0	False
HLA-T	cds	EAS	MID	455.0	0.9999991003196791	0.0	False
HLA-T	cds	EAS	SAS	455.0	0.9999994118394383	0.0	False
HLA-T	cds	EAS	UNASSIGNED	455.0	0.9999992152516234	0.0	False
HLA-T	cds	EUR	AFR	455.0	1.0	0.0	False
HLA-T	cds	EUR	AMR	455.0	1.0	0.0	False
HLA-T	cds	EUR	EAS	455.0	1.0	0.0	False
HLA-T	cds	EUR	EUR	455.0	1.0	0.0	True
HLA-T	cds	EUR	MID	455.0	1.0	0.0	False
HLA-T	cds	EUR	SAS	455.0	1.0	0.0	False
HLA-T	cds	EUR	UNASSIGNED	455.0	1.0	0.0	False
HLA-T	cds	MID	AFR	455.0	1.0	0.0	False
HLA-T	cds	MID	AMR	455.0	1.0	0.0	False
HLA-T	cds	MID	EAS	455.0	1.0	0.0	False
HLA-T	cds	MID	EUR	455.0	1.0	0.0	False
HLA-T	cds	MID	MID	455.0	1.0	0.0	True
HLA-T	cds	MID	SAS	455.0	1.0	0.0	False
HLA-T	cds	MID	UNASSIGNED	455.0	1.0	0.0	False
HLA-T	cds	SAS	AFR	455.0	0.9999999999999998	0.0	False
HLA-T	cds	SAS	AMR	455.0	0.9999999999999998	0.0	False
HLA-T	cds	SAS	EAS	455.0	1.0	0.0	False
HLA-T	cds	SAS	EUR	455.0	0.9999999999999998	0.0	False
HLA-T	cds	SAS	MID	455.0	0.9999999999999998	0.0	False
HLA-T	cds	SAS	SAS	455.0	0.9999999999999999	0.0	True
HLA-T	cds	SAS	UNASSIGNED	455.0	0.9999999999999998	0.0	False
HLA-T	cds	UNASSIGNED	AFR	455.0	1.0	0.0	False
HLA-T	cds	UNASSIGNED	AMR	455.0	1.0	0.0	False
HLA-T	cds	UNASSIGNED	EAS	455.0	1.0	0.0	False
HLA-T	cds	UNASSIGNED	EUR	455.0	1.0	0.0	False
HLA-T	cds	UNASSIGNED	MID	455.0	1.0	0.0	False
HLA-T	cds	UNASSIGNED	SAS	455.0	1.0	0.0	False
HLA-T	cds	UNASSIGNED	UNASSIGNED	455.0	1.0	0.0	True
HLA-U	cds	AFR	AFR	25.0	0.9902650081124934	0.022198731501057112	True
HLA-U	cds	AFR	AMR	25.0	0.9501661129568109	0.0	False
HLA-U	cds	AFR	EUR	25.0	0.9922480620155041	0.0	False
HLA-U	cds	AFR	MID	25.0	1.0	0.0	False
HLA-U	cds	AFR	SAS	25.0	0.9669824863623318	0.012044564890093312	False
HLA-U	cds	AFR	UNASSIGNED	25.0	0.9800963754452127	0.013472871367608219	False
HLA-U	cds	AMR	AFR	25.0	0.9894609674291436	0.022198731501057112	False
HLA-U	cds	AMR	AMR	25.0	0.9764582649066587	0.0	True
HLA-U	cds	AMR	EUR	25.0	0.991607807397281	0.0	False
HLA-U	cds	AMR	MID	25.0	1.0	0.0	False
HLA-U	cds	AMR	SAS	25.0	0.965275140713737	0.012044564890093312	False
HLA-U	cds	AMR	UNASSIGNED	25.0	0.9862278546489073	0.013472871367608219	False
HLA-U	cds	EUR	AFR	25.0	0.9863032996047566	0.022198731501057112	False
HLA-U	cds	EUR	AMR	25.0	0.9457413476105074	0.0	False
HLA-U	cds	EUR	EUR	25.0	0.9890933682037878	0.0	True
HLA-U	cds	EUR	MID	25.0	1.0	0.0	False
HLA-U	cds	EUR	SAS	25.0	0.9585699695310882	0.012044564890093312	False
HLA-U	cds	EUR	UNASSIGNED	25.0	0.9793290174910114	0.013472871367608219	False
HLA-U	cds	MID	AFR	25.0	0.9767441860465116	0.022198731501057112	False
HLA-U	cds	MID	AMR	25.0	0.935064935064935	0.0	False
HLA-U	cds	MID	EUR	25.0	0.9814814814814815	0.0	False
HLA-U	cds	MID	MID	25.0	1.0	0.0	True
HLA-U	cds	MID	SAS	25.0	0.9382716049382716	0.012044564890093312	False
HLA-U	cds	MID	UNASSIGNED	25.0	0.9774774774774775	0.013472871367608219	False
HLA-U	cds	SAS	AFR	25.0	0.9948660079658019	0.022198731501057112	False
HLA-U	cds	SAS	AMR	25.0	0.9553048920137528	0.0	False
HLA-U	cds	SAS	EUR	25.0	0.9959118211579535	0.0	False
HLA-U	cds	SAS	MID	25.0	1.0	0.0	False
HLA-U	cds	SAS	SAS	25.0	0.9805629054990935	0.012044564890093312	True
HLA-U	cds	SAS	UNASSIGNED	25.0	0.9809875601014841	0.013472871367608219	False
HLA-U	cds	UNASSIGNED	AFR	25.0	0.9793630840142509	0.022198731501057112	False
HLA-U	cds	UNASSIGNED	AMR	25.0	0.946288475700246	0.0	False
HLA-U	cds	UNASSIGNED	EUR	25.0	0.9835669002335702	0.0	False
HLA-U	cds	UNASSIGNED	MID	25.0	1.0	0.0	False
HLA-U	cds	UNASSIGNED	SAS	25.0	0.9438327216105081	0.012044564890093312	False
HLA-U	cds	UNASSIGNED	UNASSIGNED	25.0	0.980918150631985	0.013472871367608219	True
HLA-W	cds	AFR	AFR	134.0	0.9986315473940761	0.0017985494519791034	True
HLA-W	cds	AFR	AMR	134.0	0.9957133807711012	0.0016977830314408582	False
HLA-W	cds	AFR	EAS	134.0	0.934375	0.0	False
HLA-W	cds	AFR	EUR	134.0	0.9874095867004206	0.0	False
HLA-W	cds	AFR	MID	134.0	0.9925373134328358	0.0073521282476506356	False
HLA-W	cds	AFR	SAS	134.0	1.0	0.0	False
HLA-W	cds	AFR	UNASSIGNED	134.0	0.9881397697581389	0.0015062758972643753	False
HLA-W	cds	AMR	AFR	134.0	0.9989255377668892	0.0017985494519791034	False
HLA-W	cds	AMR	AMR	134.0	0.9966571980109468	0.0016977830314408582	True
HLA-W	cds	AMR	EAS	134.0	0.934375	0.0	False
HLA-W	cds	AMR	EUR	134.0	0.9901144376275118	0.0	False
HLA-W	cds	AMR	MID	134.0	0.9925373134328358	0.0073521282476506356	False
HLA-W	cds	AMR	SAS	134.0	1.0	0.0	False
HLA-W	cds	AMR	UNASSIGNED	134.0	0.9897436406161942	0.0015062758972643753	False
HLA-W	cds	EAS	AFR	134.0	0.9981949458483754	0.0017985494519791034	False
HLA-W	cds	EAS	AMR	134.0	0.9948892674616695	0.0016977830314408582	False
HLA-W	cds	EAS	EAS	134.0	0.9978918783341911	0.0	True
HLA-W	cds	EAS	EUR	134.0	0.9833926453143536	0.0	False
HLA-W	cds	EAS	MID	134.0	0.9925373134328358	0.0073521282476506356	False
HLA-W	cds	EAS	SAS	134.0	1.0	0.0	False
HLA-W	cds	EAS	UNASSIGNED	134.0	0.9897854235241664	0.0015062758972643753	False
HLA-W	cds	EUR	AFR	134.0	0.999843329908351	0.0017985494519791034	False
HLA-W	cds	EUR	AMR	134.0	0.998000697680499	0.0016977830314408582	False
HLA-W	cds	EUR	EAS	134.0	0.934375	0.0	False
HLA-W	cds	EUR	EUR	134.0	0.9985585608175216	0.0	True
HLA-W	cds	EUR	MID	134.0	0.9925373134328358	0.0073521282476506356	False
HLA-W	cds	EUR	SAS	134.0	1.0	0.0	False
HLA-W	cds	EUR	UNASSIGNED	134.0	0.9928603047559873	0.0015062758972643753	False
HLA-W	cds	MID	AFR	134.0	0.9981949458483754	0.0017985494519791034	False
HLA-W	cds	MID	AMR	134.0	0.9948892674616695	0.0016977830314408582	False
HLA-W	cds	MID	EAS	134.0	0.934375	0.0	False
HLA-W	cds	MID	EUR	134.0	0.9833926453143536	0.0	False
HLA-W	cds	MID	MID	134.0	1.0	0.0073521282476506356	True
HLA-W	cds	MID	SAS	134.0	1.0	0.0	False
HLA-W	cds	MID	UNASSIGNED	134.0	0.9869412355600201	0.0015062758972643753	False
HLA-W	cds	SAS	AFR	134.0	0.9981949458483754	0.0017985494519791034	False
HLA-W	cds	SAS	AMR	134.0	0.9948892674616695	0.0016977830314408582	False
HLA-W	cds	SAS	EAS	134.0	0.934375	0.0	False
HLA-W	cds	SAS	EUR	134.0	0.9833926453143536	0.0	False
HLA-W	cds	SAS	MID	134.0	0.9925373134328358	0.0073521282476506356	False
HLA-W	cds	SAS	SAS	134.0	1.0	0.0	True
HLA-W	cds	SAS	UNASSIGNED	134.0	0.9864389753892516	0.0015062758972643753	False
HLA-W	cds	UNASSIGNED	AFR	134.0	0.9993217025889627	0.0017985494519791034	False
HLA-W	cds	UNASSIGNED	AMR	134.0	0.9974307385637011	0.0016977830314408582	False
HLA-W	cds	UNASSIGNED	EAS	134.0	0.9551035646088315	0.0	False
HLA-W	cds	UNASSIGNED	EUR	134.0	0.9937593419691522	0.0	False
HLA-W	cds	UNASSIGNED	MID	134.0	0.9930395736036195	0.0073521282476506356	False
HLA-W	cds	UNASSIGNED	SAS	134.0	1.0	0.0	False
HLA-W	cds	UNASSIGNED	UNASSIGNED	134.0	0.9924494179172366	0.0015062758972643753	True
HLA-Y	cds	AMR	AMR	1.0	1.0	0.0	True
HLA-Y	cds	AMR	EAS	1.0	0.9772727272727273	0.0	False
HLA-Y	cds	AMR	UNASSIGNED	1.0	0.9285714285714286	0.06190476190476191	False
HLA-Y	cds	EAS	AMR	1.0	0.9772727272727266	0.0	False
HLA-Y	cds	EAS	EAS	1.0	0.9555785123966931	0.0	True
HLA-Y	cds	EAS	UNASSIGNED	1.0	0.909090909090907	0.06190476190476191	False
HLA-Y	cds	UNASSIGNED	AMR	1.0	0.9285714285714288	0.0	False
HLA-Y	cds	UNASSIGNED	EAS	1.0	0.9090909090909095	0.0	False
HLA-Y	cds	UNASSIGNED	UNASSIGNED	1.0	0.8673469387755107	0.06190476190476191	True
MICA	cds	AFR	AFR	452.0	0.96545909756294	0.01129716481175791	True
MICA	cds	AFR	AMR	452.0	0.8146531865910964	0.01575962342764725	False
MICA	cds	AFR	EAS	452.0	0.6786957639163931	0.014389710600982264	False
MICA	cds	AFR	EUR	452.0	0.7985595840711652	0.014064622355920542	False
MICA	cds	AFR	MID	452.0	0.7292425450190125	0.022074947137598833	False
MICA	cds	AFR	SAS	452.0	0.7494307250607563	0.014567781163745464	False
MICA	cds	AFR	UNASSIGNED	452.0	0.8125077413236841	0.01031698608300824	False
MICA	cds	AMR	AFR	452.0	0.9227502036825714	0.01129716481175791	False
MICA	cds	AMR	AMR	452.0	0.9696721854161328	0.01575962342764725	True
MICA	cds	AMR	EAS	452.0	0.7743863817604566	0.014389710600982264	False
MICA	cds	AMR	EUR	452.0	0.9037659432922146	0.014064622355920542	False
MICA	cds	AMR	MID	452.0	0.936949667142169	0.022074947137598833	False
MICA	cds	AMR	SAS	452.0	0.899973169494147	0.014567781163745464	False
MICA	cds	AMR	UNASSIGNED	452.0	0.9413892695367643	0.01031698608300824	False
MICA	cds	EAS	AFR	452.0	0.5326851256258253	0.01129716481175791	False
MICA	cds	EAS	AMR	452.0	0.7204390726645478	0.01575962342764725	False
MICA	cds	EAS	EAS	452.0	0.975405347863698	0.014389710600982264	True
MICA	cds	EAS	EUR	452.0	0.663130062642556	0.014064622355920542	False
MICA	cds	EAS	MID	452.0	0.6236440562319667	0.022074947137598833	False
MICA	cds	EAS	SAS	452.0	0.8827124402534021	0.014567781163745464	False
MICA	cds	EAS	UNASSIGNED	452.0	0.6586402496257577	0.01031698608300824	False
MICA	cds	EUR	AFR	452.0	0.7810456991728428	0.01129716481175791	False
MICA	cds	EUR	AMR	452.0	0.8831584498591346	0.01575962342764725	False
MICA	cds	EUR	EAS	452.0	0.7677757363434434	0.014389710600982264	False
MICA	cds	EUR	EUR	452.0	0.9781709832865073	0.014064622355920542	True
MICA	cds	EUR	MID	452.0	0.9323262880777532	0.022074947137598833	False
MICA	cds	EUR	SAS	452.0	0.9014416285599066	0.014567781163745464	False
MICA	cds	EUR	UNASSIGNED	452.0	0.9203057659458751	0.01031698608300824	False
MICA	cds	MID	AFR	452.0	0.8482109227871938	0.01129716481175791	False
MICA	cds	MID	AMR	452.0	0.8970792767732962	0.01575962342764725	False
MICA	cds	MID	EAS	452.0	0.7054263565891472	0.014389710600982264	False
MICA	cds	MID	EUR	452.0	0.8584437086092713	0.014064622355920542	False
MICA	cds	MID	MID	452.0	0.9999999999999992	0.022074947137598833	True
MICA	cds	MID	SAS	452.0	0.8927152317880797	0.014567781163745464	False
MICA	cds	MID	UNASSIGNED	452.0	0.9172457359444093	0.01031698608300824	False
MICA	cds	SAS	AFR	452.0	0.5668965588626296	0.01129716481175791	False
MICA	cds	SAS	AMR	452.0	0.7793862893863372	0.01575962342764725	False
MICA	cds	SAS	EAS	452.0	0.8440326919788766	0.014389710600982264	False
MICA	cds	SAS	EUR	452.0	0.7873572656982308	0.014064622355920542	False
MICA	cds	SAS	MID	452.0	0.7980465795626295	0.022074947137598833	False
MICA	cds	SAS	SAS	452.0	0.9845443879586901	0.014567781163745464	True
MICA	cds	SAS	UNASSIGNED	452.0	0.7603306772048273	0.01031698608300824	False
MICA	cds	UNASSIGNED	AFR	452.0	0.93886607107838	0.01129716481175791	False
MICA	cds	UNASSIGNED	AMR	452.0	0.9530171058468023	0.01575962342764725	False
MICA	cds	UNASSIGNED	EAS	452.0	0.8411766975737421	0.014389710600982264	False
MICA	cds	UNASSIGNED	EUR	452.0	0.9432961221319485	0.014064622355920542	False
MICA	cds	UNASSIGNED	MID	452.0	0.9469251098780612	0.022074947137598833	False
MICA	cds	UNASSIGNED	SAS	452.0	0.9323744805388039	0.014567781163745464	False
MICA	cds	UNASSIGNED	UNASSIGNED	452.0	0.9592460500043549	0.01031698608300824	True
MICB	cds	AFR	AFR	551.0	0.9795153596528355	0.005876951067084746	True
MICB	cds	AFR	AMR	551.0	0.9302739737665955	0.0067464022728547235	False
MICB	cds	AFR	EAS	551.0	0.9292987655443128	0.007027946222696091	False
MICB	cds	AFR	EUR	551.0	0.9218558754307996	0.014189113591056235	False
MICB	cds	AFR	MID	551.0	0.888438975672373	0.01809617690296106	False
MICB	cds	AFR	SAS	551.0	0.9069911632605965	0.011689260029505655	False
MICB	cds	AFR	UNASSIGNED	551.0	0.9136904881912988	0.006265884909965491	False
MICB	cds	AMR	AFR	551.0	0.9527326198117689	0.005876951067084746	False
MICB	cds	AMR	AMR	551.0	0.982883127998788	0.0067464022728547235	True
MICB	cds	AMR	EAS	551.0	0.9425929319320652	0.007027946222696091	False
MICB	cds	AMR	EUR	551.0	0.945430529404051	0.014189113591056235	False
MICB	cds	AMR	MID	551.0	0.9475970152885801	0.01809617690296106	False
MICB	cds	AMR	SAS	551.0	0.9648406352933142	0.011689260029505655	False
MICB	cds	AMR	UNASSIGNED	551.0	0.9588899724296709	0.006265884909965491	False
MICB	cds	EAS	AFR	551.0	0.9100777477840498	0.005876951067084746	False
MICB	cds	EAS	AMR	551.0	0.9229902004769768	0.0067464022728547235	False
MICB	cds	EAS	EAS	551.0	0.9890296761798185	0.007027946222696091	True
MICB	cds	EAS	EUR	551.0	0.8851593856434159	0.014189113591056235	False
MICB	cds	EAS	MID	551.0	0.8652086707885985	0.01809617690296106	False
MICB	cds	EAS	SAS	551.0	0.9396200484690821	0.011689260029505655	False
MICB	cds	EAS	UNASSIGNED	551.0	0.8841998434809744	0.006265884909965491	False
MICB	cds	EUR	AFR	551.0	0.9367336812969159	0.005876951067084746	False
MICB	cds	EUR	AMR	551.0	0.9572398635147138	0.0067464022728547235	False
MICB	cds	EUR	EAS	551.0	0.9618286097191884	0.007027946222696091	False
MICB	cds	EUR	EUR	551.0	0.981620871214392	0.014189113591056235	True
MICB	cds	EUR	MID	551.0	0.951556988774292	0.01809617690296106	False
MICB	cds	EUR	SAS	551.0	0.9697291896856207	0.011689260029505655	False
MICB	cds	EUR	UNASSIGNED	551.0	0.9581460357290402	0.006265884909965491	False
MICB	cds	MID	AFR	551.0	0.9537105069801618	0.005876951067084746	False
MICB	cds	MID	AMR	551.0	0.9577414772727274	0.0067464022728547235	False
MICB	cds	MID	EAS	551.0	0.9569420035149386	0.007027946222696091	False
MICB	cds	MID	EUR	551.0	0.964079822616408	0.014189113591056235	False
MICB	cds	MID	MID	551.0	1.0000000000000004	0.01809617690296106	True
MICB	cds	MID	SAS	551.0	0.9732099366780321	0.011689260029505655	False
MICB	cds	MID	UNASSIGNED	551.0	0.9621101719615271	0.006265884909965491	False
MICB	cds	SAS	AFR	551.0	0.9167602230174919	0.005876951067084746	False
MICB	cds	SAS	AMR	551.0	0.9496737239154073	0.0067464022728547235	False
MICB	cds	SAS	EAS	551.0	0.97286059541951	0.007027946222696091	False
MICB	cds	SAS	EUR	551.0	0.9284262808685283	0.014189113591056235	False
MICB	cds	SAS	MID	551.0	0.9358825963774966	0.01809617690296106	False
MICB	cds	SAS	SAS	551.0	0.9853971879664096	0.011689260029505655	True
MICB	cds	SAS	UNASSIGNED	551.0	0.9363700460525363	0.006265884909965491	False
MICB	cds	UNASSIGNED	AFR	551.0	0.9682594970782915	0.005876951067084746	False
MICB	cds	UNASSIGNED	AMR	551.0	0.9765877222949829	0.0067464022728547235	False
MICB	cds	UNASSIGNED	EAS	551.0	0.9710136049567826	0.007027946222696091	False
MICB	cds	UNASSIGNED	EUR	551.0	0.9673393844249886	0.014189113591056235	False
MICB	cds	UNASSIGNED	MID	551.0	0.9634488601805453	0.01809617690296106	False
MICB	cds	UNASSIGNED	SAS	551.0	0.9718124226000859	0.011689260029505655	False
MICB	cds	UNASSIGNED	UNASSIGNED	551.0	0.9735749929189774	0.006265884909965491	True
TAP1	cds	AFR	AFR	561.0	0.9831437841760973	0.004771333636204855	True
TAP1	cds	AFR	AMR	561.0	0.9841905720751192	0.007607909049012651	False
TAP1	cds	AFR	EAS	561.0	0.9762922871009794	0.00432189407232042	False
TAP1	cds	AFR	EUR	561.0	0.9810594860748397	0.009790675414499517	False
TAP1	cds	AFR	MID	561.0	0.9847222519466474	0.017818948032947257	False
TAP1	cds	AFR	SAS	561.0	0.9795684706572786	0.010777442545321647	False
TAP1	cds	AFR	UNASSIGNED	561.0	0.9824072962879083	0.007888117472127365	False
TAP1	cds	AMR	AFR	561.0	0.9530025630663902	0.004771333636204855	False
TAP1	cds	AMR	AMR	561.0	0.9872993279198303	0.007607909049012651	True
TAP1	cds	AMR	EAS	561.0	0.9762536786450534	0.00432189407232042	False
TAP1	cds	AMR	EUR	561.0	0.9833931504929476	0.009790675414499517	False
TAP1	cds	AMR	MID	561.0	0.9834859001189745	0.017818948032947257	False
TAP1	cds	AMR	SAS	561.0	0.9770928711743395	0.010777442545321647	False
TAP1	cds	AMR	UNASSIGNED	561.0	0.9796674870767745	0.007888117472127365	False
TAP1	cds	EAS	AFR	561.0	0.7438956785387246	0.004771333636204855	False
TAP1	cds	EAS	AMR	561.0	0.9164037147693215	0.007607909049012651	False
TAP1	cds	EAS	EAS	561.0	0.9936716948637195	0.00432189407232042	True
TAP1	cds	EAS	EUR	561.0	0.9609049699972786	0.009790675414499517	False
TAP1	cds	EAS	MID	561.0	0.9118207465251688	0.017818948032947257	False
TAP1	cds	EAS	SAS	561.0	0.9659155642219733	0.010777442545321647	False
TAP1	cds	EAS	UNASSIGNED	561.0	0.886114454074044	0.007888117472127365	False
TAP1	cds	EUR	AFR	561.0	0.8491177367541566	0.004771333636204855	False
TAP1	cds	EUR	AMR	561.0	0.9615810888156572	0.007607909049012651	False
TAP1	cds	EUR	EAS	561.0	0.9742661684613142	0.00432189407232042	False
TAP1	cds	EUR	EUR	561.0	0.9888442214241323	0.009790675414499517	True
TAP1	cds	EUR	MID	561.0	0.9789065272923027	0.017818948032947257	False
TAP1	cds	EUR	SAS	561.0	0.9548568740221908	0.010777442545321647	False
TAP1	cds	EUR	UNASSIGNED	561.0	0.9571993135357642	0.007888117472127365	False
TAP1	cds	MID	AFR	561.0	0.9262705798138868	0.004771333636204855	False
TAP1	cds	MID	AMR	561.0	0.9789000345901072	0.007607909049012651	False
TAP1	cds	MID	EAS	561.0	0.9749243406830955	0.00432189407232042	False
TAP1	cds	MID	EUR	561.0	0.9855257556406981	0.009790675414499517	False
TAP1	cds	MID	MID	561.0	1.0000000000000004	0.017818948032947257	True
TAP1	cds	MID	SAS	561.0	0.9554826616682287	0.010777442545321647	False
TAP1	cds	MID	UNASSIGNED	561.0	0.9757712353852654	0.007888117472127365	False
TAP1	cds	SAS	AFR	561.0	0.8075484772141838	0.004771333636204855	False
TAP1	cds	SAS	AMR	561.0	0.9451759076120327	0.007607909049012651	False
TAP1	cds	SAS	EAS	561.0	0.9755148184309063	0.00432189407232042	False
TAP1	cds	SAS	EUR	561.0	0.9758244520109485	0.009790675414499517	False
TAP1	cds	SAS	MID	561.0	0.956873175683636	0.017818948032947257	False
TAP1	cds	SAS	SAS	561.0	0.9902644461440517	0.010777442545321647	True
TAP1	cds	SAS	UNASSIGNED	561.0	0.9301754636857422	0.007888117472127365	False
TAP1	cds	UNASSIGNED	AFR	561.0	0.9595535708769	0.004771333636204855	False
TAP1	cds	UNASSIGNED	AMR	561.0	0.9819416716684887	0.007607909049012651	False
TAP1	cds	UNASSIGNED	EAS	561.0	0.97933482741714	0.00432189407232042	False
TAP1	cds	UNASSIGNED	EUR	561.0	0.9854110960460881	0.009790675414499517	False
TAP1	cds	UNASSIGNED	MID	561.0	0.9861777070542429	0.017818948032947257	False
TAP1	cds	UNASSIGNED	SAS	561.0	0.9684914458512308	0.010777442545321647	False
TAP1	cds	UNASSIGNED	UNASSIGNED	561.0	0.9837001468216182	0.007888117472127365	True
TAP2	cds	AFR	AFR	555.0	0.9753697136922804	0.010107028197303358	True
TAP2	cds	AFR	AMR	555.0	0.9446457848929513	0.013640935894791761	False
TAP2	cds	AFR	EAS	555.0	0.8536585827851332	0.01621742990175601	False
TAP2	cds	AFR	EUR	555.0	0.9688106449178677	0.013200911340340515	False
TAP2	cds	AFR	MID	555.0	0.9581310561233477	0.034201741604930724	False
TAP2	cds	AFR	SAS	555.0	0.9099860496121801	0.014833699515564458	False
TAP2	cds	AFR	UNASSIGNED	555.0	0.9652395615189282	0.009975906878624263	False
TAP2	cds	AMR	AFR	555.0	0.929917613230007	0.010107028197303358	False
TAP2	cds	AMR	AMR	555.0	0.9757798309540766	0.013640935894791761	True
TAP2	cds	AMR	EAS	555.0	0.8564313280761655	0.01621742990175601	False
TAP2	cds	AMR	EUR	555.0	0.9769739227744124	0.013200911340340515	False
TAP2	cds	AMR	MID	555.0	0.9670623969736682	0.034201741604930724	False
TAP2	cds	AMR	SAS	555.0	0.9168576663297839	0.014833699515564458	False
TAP2	cds	AMR	UNASSIGNED	555.0	0.9651066181918293	0.009975906878624263	False
TAP2	cds	EAS	AFR	555.0	0.7349294119800978	0.010107028197303358	False
TAP2	cds	EAS	AMR	555.0	0.8855956859314137	0.013640935894791761	False
TAP2	cds	EAS	EAS	555.0	0.9804943653609502	0.01621742990175601	True
TAP2	cds	EAS	EUR	555.0	0.929750189690158	0.013200911340340515	False
TAP2	cds	EAS	MID	555.0	0.8971228636077622	0.034201741604930724	False
TAP2	cds	EAS	SAS	555.0	0.9571515707081996	0.014833699515564458	False
TAP2	cds	EAS	UNASSIGNED	555.0	0.8789894297423242	0.009975906878624263	False
TAP2	cds	EUR	AFR	555.0	0.8211185297751858	0.010107028197303358	False
TAP2	cds	EUR	AMR	555.0	0.9234507954209923	0.013640935894791761	False
TAP2	cds	EUR	EAS	555.0	0.847955057150784	0.01621742990175601	False
TAP2	cds	EUR	EUR	555.0	0.9829990341847369	0.013200911340340515	True
TAP2	cds	EUR	MID	555.0	0.9416225818243389	0.034201741604930724	False
TAP2	cds	EUR	SAS	555.0	0.9157592803143622	0.014833699515564458	False
TAP2	cds	EUR	UNASSIGNED	555.0	0.9305378400183345	0.009975906878624263	False
TAP2	cds	MID	AFR	555.0	0.8822284908321579	0.010107028197303358	False
TAP2	cds	MID	AMR	555.0	0.957025920873124	0.013640935894791761	False
TAP2	cds	MID	EAS	555.0	0.8591549295774648	0.01621742990175601	False
TAP2	cds	MID	EUR	555.0	0.979982964224872	0.013200911340340515	False
TAP2	cds	MID	MID	555.0	0.9999999999999996	0.034201741604930724	True
TAP2	cds	MID	SAS	555.0	0.9415855354659248	0.014833699515564458	False
TAP2	cds	MID	UNASSIGNED	555.0	0.9538589441596231	0.009975906878624263	False
TAP2	cds	SAS	AFR	555.0	0.7963399596711273	0.010107028197303358	False
TAP2	cds	SAS	AMR	555.0	0.8918645102370465	0.013640935894791761	False
TAP2	cds	SAS	EAS	555.0	0.8856355784563662	0.01621742990175601	False
TAP2	cds	SAS	EUR	555.0	0.9294826094818435	0.013200911340340515	False
TAP2	cds	SAS	MID	555.0	0.9103466654114655	0.034201741604930724	False
TAP2	cds	SAS	SAS	555.0	0.9819794088377141	0.014833699515564458	True
TAP2	cds	SAS	UNASSIGNED	555.0	0.897327498784742	0.009975906878624263	False
TAP2	cds	UNASSIGNED	AFR	555.0	0.9451336371203339	0.010107028197303358	False
TAP2	cds	UNASSIGNED	AMR	555.0	0.958543037263891	0.013640935894791761	False
TAP2	cds	UNASSIGNED	EAS	555.0	0.899204496278148	0.01621742990175601	False
TAP2	cds	UNASSIGNED	EUR	555.0	0.9753124578578803	0.013200911340340515	False
TAP2	cds	UNASSIGNED	MID	555.0	0.9650687220329035	0.034201741604930724	False
TAP2	cds	UNASSIGNED	SAS	555.0	0.9333899741676549	0.014833699515564458	False
TAP2	cds	UNASSIGNED	UNASSIGNED	555.0	0.9687944075009647	0.009975906878624263	True
classical_gene_mean	cds	AFR	AFR		0.9847812430010092		True
classical_gene_mean	cds	AFR	AMR		0.8978642826935818		False
classical_gene_mean	cds	AFR	EAS		0.7951110194611851		False
classical_gene_mean	cds	AFR	EUR		0.9697096690090397		False
classical_gene_mean	cds	AFR	MID		0.9151933239224547		False
classical_gene_mean	cds	AFR	SAS		0.8643074475527976		False
classical_gene_mean	cds	AFR	UNASSIGNED		0.936551683143005		False
classical_gene_mean	cds	AMR	AFR		0.9655426810776021		False
classical_gene_mean	cds	AMR	AMR		0.9850207181340133		True
classical_gene_mean	cds	AMR	EAS		0.8425077264658538		False
classical_gene_mean	cds	AMR	EUR		0.9876992232386288		False
classical_gene_mean	cds	AMR	MID		0.9644767144594687		False
classical_gene_mean	cds	AMR	SAS		0.917091251806815		False
classical_gene_mean	cds	AMR	UNASSIGNED		0.9716029284186909		False
classical_gene_mean	cds	EAS	AFR		0.6618813454061799		False
classical_gene_mean	cds	EAS	AMR		0.8349664016419287		False
classical_gene_mean	cds	EAS	EAS		0.9890938895821252		True
classical_gene_mean	cds	EAS	EUR		0.9168891587877237		False
classical_gene_mean	cds	EAS	MID		0.8322736718395284		False
classical_gene_mean	cds	EAS	SAS		0.9438272204322147		False
classical_gene_mean	cds	EAS	UNASSIGNED		0.8318008988646808		False
classical_gene_mean	cds	EUR	AFR		0.7876291348955483		False
classical_gene_mean	cds	EUR	AMR		0.8918489648038652		False
classical_gene_mean	cds	EUR	EAS		0.8129114310490012		False
classical_gene_mean	cds	EUR	EUR		0.9909728690282854		True
classical_gene_mean	cds	EUR	MID		0.942108762101998		False
classical_gene_mean	cds	EUR	SAS		0.8947063314031526		False
classical_gene_mean	cds	EUR	UNASSIGNED		0.9215663598625455		False
classical_gene_mean	cds	MID	AFR		0.9430698164085959		False
classical_gene_mean	cds	MID	AMR		0.9063260724303353		False
classical_gene_mean	cds	MID	EAS		0.7842364707554027		False
classical_gene_mean	cds	MID	EUR		0.9792326315306175		False
classical_gene_mean	cds	MID	MID		0.9999999999999998		True
classical_gene_mean	cds	MID	SAS		0.9254934336420223		False
classical_gene_mean	cds	MID	UNASSIGNED		0.9585932174061297		False
classical_gene_mean	cds	SAS	AFR		0.7192795074404197		False
classical_gene_mean	cds	SAS	AMR		0.8569883630592308		False
classical_gene_mean	cds	SAS	EAS		0.9051271186941727		False
classical_gene_mean	cds	SAS	EUR		0.9491399785026355		False
classical_gene_mean	cds	SAS	MID		0.9086635378316387		False
classical_gene_mean	cds	SAS	SAS		0.989849464436108		True
classical_gene_mean	cds	SAS	UNASSIGNED		0.8789262097354832		False
classical_gene_mean	cds	UNASSIGNED	AFR		0.9742735915289789		False
classical_gene_mean	cds	UNASSIGNED	AMR		0.9661450492923126		False
classical_gene_mean	cds	UNASSIGNED	EAS		0.9167513628525104		False
classical_gene_mean	cds	UNASSIGNED	EUR		0.9911500338571807		False
classical_gene_mean	cds	UNASSIGNED	MID		0.9772564817407787		False
classical_gene_mean	cds	UNASSIGNED	SAS		0.9544767540481485		False
classical_gene_mean	cds	UNASSIGNED	UNASSIGNED		0.9824024289507398		True
