gene_pair,ancestry,allele_a,allele_b,n_hap,freq_a,freq_b,r2,Dprime,status
A~B,AFR,A*01:01,B*07:02,,0.047842401500938,0.0628517823639774,0.0075393733936718,0.1003160022767865,suppressed_lt20
A~B,AFR,A*01:01,B*08:01,,0.047842401500938,0.0422138836772983,0.0294209990764893,0.1831417624521073,suppressed_lt20
A~B,AFR,A*01:01,B*14:02,0.0,0.047842401500938,0.0196998123827392,0.0010097343672661,-1.0,not_observed
A~B,AFR,A*01:01,B*15:03,,0.047842401500938,0.0666041275797373,0.0006062779140176,-0.4112123722728529,suppressed_lt20
A~B,AFR,A*01:01,B*15:10,,0.047842401500938,0.0365853658536585,9.86281315960109e-06,0.0036124794745484,suppressed_lt20
A~B,AFR,A*01:01,B*15:16,0.0,0.047842401500938,0.0196998123827392,0.0010097343672661,-1.0,not_observed
A~B,AFR,A*01:01,B*18:01,,0.047842401500938,0.0300187617260788,0.0001870363966302,-0.3468137254901961,suppressed_lt20
A~B,AFR,A*01:01,B*35:01,,0.047842401500938,0.0609756097560975,0.0015017417625357,-0.6784313725490196,suppressed_lt20
A~B,AFR,A*01:01,B*42:01,,0.047842401500938,0.0590994371482176,6.878675422450272e-08,-0.0046685340802988,suppressed_lt20
A~B,AFR,A*01:01,B*44:03,,0.047842401500938,0.0515947467166979,0.0010506283137361,-0.6199643493761141,suppressed_lt20
A~B,AFR,A*01:01,B*45:01,,0.047842401500938,0.0581613508442776,0.0013633926109652,-0.6628716002530044,suppressed_lt20
A~B,AFR,A*01:01,B*49:01,0.0,0.047842401500938,0.0206378986866791,0.0010588301908159,-1.0,not_observed
A~B,AFR,A*01:01,B*51:01,0.0,0.047842401500938,0.0196998123827392,0.0010097343672661,-1.0,not_observed
A~B,AFR,A*01:01,B*53:01,,0.047842401500938,0.1191369606003752,0.0017417158409184,-0.5062528948587309,suppressed_lt20
A~B,AFR,A*01:01,B*57:03,,0.047842401500938,0.0384615384615384,0.0004829518014102,-0.4901960784313726,suppressed_lt20
A~B,AFR,A*01:01,B*58:01,,0.047842401500938,0.0450281425891182,0.0002223808024666,0.0153940886699507,suppressed_lt20
A~B,AFR,A*01:01,B*58:02,,0.047842401500938,0.0403377110694183,1.6341027557320578e-06,-0.0278157774737802,suppressed_lt20
A~B,AFR,A*01:01,B*81:01,,0.047842401500938,0.0196998123827392,0.0089748259200286,0.149800609899132,suppressed_lt20
A~B,AFR,A*02:01,B*07:02,,0.1191369606003752,0.0628517823639774,0.0022981932494268,0.0680781396531718,suppressed_lt20
A~B,AFR,A*02:01,B*08:01,,0.1191369606003752,0.0422138836772983,0.0003842618380457,-0.2538932633420822,suppressed_lt20
A~B,AFR,A*02:01,B*14:02,,0.1191369606003752,0.0196998123827392,0.0001077417793845,0.0269283432222729,suppressed_lt20
A~B,AFR,A*02:01,B*15:03,,0.1191369606003752,0.0666041275797373,0.0008154236423432,-0.2906731728956416,suppressed_lt20
A~B,AFR,A*02:01,B*15:10,0.0,0.1191369606003752,0.0365853658536585,0.0051360860597727,-1.0,not_observed
A~B,AFR,A*02:01,B*15:16,,0.1191369606003752,0.0196998123827392,0.0009794398397664,-0.6002999625046869,suppressed_lt20
A~B,AFR,A*02:01,B*18:01,,0.1191369606003752,0.0300187617260788,0.0004061884603027,0.0421325878594249,suppressed_lt20
A~B,AFR,A*02:01,B*35:01,,0.1191369606003752,0.0609756097560975,0.0002310704481719,0.0219382321618743,suppressed_lt20
A~B,AFR,A*02:01,B*42:01,,0.1191369606003752,0.0590994371482176,0.0009467536330483,-0.3338332708411448,suppressed_lt20
A~B,AFR,A*02:01,B*44:03,,0.1191369606003752,0.0515947467166979,0.0004130597120176,-0.2369362920544022,suppressed_lt20
A~B,AFR,A*02:01,B*45:01,,0.1191369606003752,0.0581613508442776,0.0088733857359436,0.1394070562369026,suppressed_lt20
A~B,AFR,A*02:01,B*49:01,,0.1191369606003752,0.0206378986866791,5.9589568072980774e-05,0.019556588246684,suppressed_lt20
A~B,AFR,A*02:01,B*51:01,,0.1191369606003752,0.0196998123827392,0.0131261857091991,0.2972260256605304,suppressed_lt20
A~B,AFR,A*02:01,B*53:01,,0.1191369606003752,0.1191369606003752,0.0030029808131852,-0.4051708103416206,suppressed_lt20
A~B,AFR,A*02:01,B*57:03,,0.1191369606003752,0.0384615384615384,0.0034216329987505,-0.7952755905511811,suppressed_lt20
A~B,AFR,A*02:01,B*58:01,,0.1191369606003752,0.0450281425891182,0.0026965530147938,-0.6502624671916011,suppressed_lt20
A~B,AFR,A*02:01,B*58:02,,0.1191369606003752,0.0403377110694183,0.0021125849803403,-0.6095953122138803,suppressed_lt20
A~B,AFR,A*02:01,B*81:01,,0.1191369606003752,0.0196998123827392,0.0009794398397664,-0.6002999625046869,suppressed_lt20
A~B,AFR,A*02:02,B*07:02,,0.0384615384615384,0.0628517823639774,0.0001344628210299,-0.2238805970149254,suppressed_lt20
A~B,AFR,A*02:02,B*08:01,0.0,0.0384615384615384,0.0422138836772983,0.0017629774730656,-1.0,not_observed
A~B,AFR,A*02:02,B*14:02,0.0,0.0384615384615384,0.0196998123827392,0.0008038277511961,-1.0,not_observed
A~B,AFR,A*02:02,B*15:03,,0.0384615384615384,0.0666041275797373,0.0002044022931559,-0.2676056338028169,suppressed_lt20
A~B,AFR,A*02:02,B*15:10,,0.0384615384615384,0.0365853658536585,0.0015189873417721,0.04,suppressed_lt20
A~B,AFR,A*02:02,B*15:16,,0.0384615384615384,0.0196998123827392,0.001751651856915,0.059047619047619,suppressed_lt20
A~B,AFR,A*02:02,B*18:01,,0.0384615384615384,0.0300187617260788,0.0025580270793036,0.0574999999999999,suppressed_lt20
A~B,AFR,A*02:02,B*35:01,,0.0384615384615384,0.0609756097560975,0.0001038961038961,-0.2,suppressed_lt20
A~B,AFR,A*02:02,B*42:01,0.0,0.0384615384615384,0.0590994371482176,0.0025124626121635,-1.0,not_observed
A~B,AFR,A*02:02,B*44:03,,0.0384615384615384,0.0515947467166979,0.0006049815664058,-0.5272727272727272,suppressed_lt20
A~B,AFR,A*02:02,B*45:01,,0.0384615384615384,0.0581613508442776,0.0008327978408944,-0.5806451612903226,suppressed_lt20
A~B,AFR,A*02:02,B*49:01,,0.0384615384615384,0.0206378986866791,0.0015673981191222,0.0545454545454545,suppressed_lt20
A~B,AFR,A*02:02,B*51:01,,0.0384615384615384,0.0196998123827392,0.001751651856915,0.059047619047619,suppressed_lt20
A~B,AFR,A*02:02,B*53:01,,0.0384615384615384,0.1191369606003752,0.0002820893394715,0.0308839190628327,suppressed_lt20
A~B,AFR,A*02:02,B*57:03,,0.0384615384615384,0.0384615384615384,0.012587745389649,0.1121951219512195,suppressed_lt20
A~B,AFR,A*02:02,B*58:01,,0.0384615384615384,0.0450281425891182,1.309757694826456e-05,0.0039292730844793,suppressed_lt20
A~B,AFR,A*02:02,B*58:02,,0.0384615384615384,0.0403377110694183,7.365477733069625e-05,0.0087976539589442,suppressed_lt20
A~B,AFR,A*02:02,B*81:01,,0.0384615384615384,0.0196998123827392,4.556846662109815e-05,0.0095238095238095,suppressed_lt20
A~B,AFR,A*03:01,B*07:02,,0.0825515947467167,0.0628517823639774,0.0110048094893805,0.121509019320575,suppressed_lt20
A~B,AFR,A*03:01,B*08:01,0.0,0.0825515947467167,0.0422138836772983,0.0039657979966711,-1.0,not_observed
A~B,AFR,A*03:01,B*14:02,0.0,0.0825515947467167,0.0196998123827392,0.0018082014853083,-1.0,not_observed
A~B,AFR,A*03:01,B*15:03,,0.0825515947467167,0.0666041275797373,0.0015300186417372,-0.4881562099871959,suppressed_lt20
A~B,AFR,A*03:01,B*15:10,,0.0825515947467167,0.0365853658536585,0.0010450470379025,0.0497614178595773,suppressed_lt20
A~B,AFR,A*03:01,B*15:16,,0.0825515947467167,0.0196998123827392,0.0003237847529977,-0.4231601731601732,suppressed_lt20
A~B,AFR,A*03:01,B*18:01,,0.0825515947467167,0.0300187617260788,0.0010754347198953,-0.6214488636363636,suppressed_lt20
A~B,AFR,A*03:01,B*35:01,,0.0825515947467167,0.0609756097560975,8.160643966555863e-05,0.0106339468302658,suppressed_lt20
A~B,AFR,A*03:01,B*42:01,,0.0825515947467167,0.0590994371482176,8.4210168680683e-06,-0.0386002886002884,suppressed_lt20
A~B,AFR,A*03:01,B*44:03,,0.0825515947467167,0.0515947467166979,5.017146563317726e-05,0.0091094999070459,suppressed_lt20
A~B,AFR,A*03:01,B*45:01,,0.0825515947467167,0.0581613508442776,2.963426505553226e-06,-0.0230938416422285,suppressed_lt20
A~B,AFR,A*03:01,B*49:01,,0.0825515947467167,0.0206378986866791,0.0027417082920285,0.1081985499163413,suppressed_lt20
A~B,AFR,A*03:01,B*51:01,,0.0825515947467167,0.0196998123827392,4.270508277318386e-05,0.0138280260979647,suppressed_lt20
A~B,AFR,A*03:01,B*53:01,,0.0825515947467167,0.1191369606003752,0.0006831956954599,-0.2369362920544022,suppressed_lt20
A~B,AFR,A*03:01,B*57:03,,0.0825515947467167,0.0384615384615384,0.0001189812232757,0.016359918200409,suppressed_lt20
A~B,AFR,A*03:01,B*58:01,,0.0825515947467167,0.0450281425891182,0.0023714485621215,-0.7476325757575757,suppressed_lt20
A~B,AFR,A*03:01,B*58:02,,0.0825515947467167,0.0403377110694183,0.0089163405708869,0.1381557045703144,suppressed_lt20
A~B,AFR,A*03:01,B*81:01,,0.0825515947467167,0.0196998123827392,4.270508277318386e-05,0.0138280260979647,suppressed_lt20
A~B,AFR,A*23:01,B*07:02,,0.0891181988742964,0.0628517823639774,0.0007149389838092,-0.3300864100549882,suppressed_lt20
A~B,AFR,A*23:01,B*08:01,,0.0891181988742964,0.0422138836772983,0.0002626176000651,0.024144638974711,suppressed_lt20
A~B,AFR,A*23:01,B*14:02,,0.0891181988742964,0.0196998123827392,0.0007149124072876,0.0589966161541856,suppressed_lt20
A~B,AFR,A*23:01,B*15:03,,0.0891181988742964,0.0666041275797373,0.001245548473519,0.0413251911054379,suppressed_lt20
A~B,AFR,A*23:01,B*15:10,0.0,0.0891181988742964,0.0365853658536585,0.0037153397906373,-1.0,not_observed
A~B,AFR,A*23:01,B*15:16,,0.0891181988742964,0.0196998123827392,9.271771369845416e-06,0.0067186503849737,suppressed_lt20
A~B,AFR,A*23:01,B*18:01,,0.0891181988742964,0.0300187617260788,0.000270120997474,-0.2986842105263158,suppressed_lt20
A~B,AFR,A*23:01,B*35:01,,0.0891181988742964,0.0609756097560975,0.0006084586994121,-0.3094736842105263,suppressed_lt20
A~B,AFR,A*23:01,B*42:01,,0.0891181988742964,0.0590994371482176,0.0005081330263245,-0.2875522138680034,suppressed_lt20
A~B,AFR,A*23:01,B*44:03,,0.0891181988742964,0.0515947467166979,0.0002673357932969,0.0219267858814717,suppressed_lt20
A~B,AFR,A*23:01,B*45:01,,0.0891181988742964,0.0581613508442776,4.458951988917653e-05,0.0084050363775289,suppressed_lt20
A~B,AFR,A*23:01,B*49:01,,0.0891181988742964,0.0206378986866791,0.0004949187399969,-0.4899521531100478,suppressed_lt20
A~B,AFR,A*23:01,B*51:01,,0.0891181988742964,0.0196998123827392,0.0004263369830466,-0.4656641604010025,suppressed_lt20
A~B,AFR,A*23:01,B*53:01,,0.0891181988742964,0.1191369606003752,0.0001794487758586,-0.116452548694571,suppressed_lt20
A~B,AFR,A*23:01,B*57:03,,0.0891181988742964,0.0384615384615384,0.0001253184454441,-0.1789473684210526,suppressed_lt20
A~B,AFR,A*23:01,B*58:01,,0.0891181988742964,0.0450281425891182,0.0191799395086324,0.1994936491589426,suppressed_lt20
A~B,AFR,A*23:01,B*58:02,,0.0891181988742964,0.0403377110694183,0.000381989810522,0.0298182166550906,suppressed_lt20
A~B,AFR,A*23:01,B*81:01,,0.0891181988742964,0.0196998123827392,9.271771369845416e-06,0.0067186503849737,suppressed_lt20
A~B,AFR,A*23:17,B*07:02,0.0,0.0187617260787992,0.0628517823639774,0.0012823530987966,-1.0,not_observed
A~B,AFR,A*23:17,B*08:01,0.0,0.0187617260787992,0.0422138836772983,0.0008427234574883,-1.0,not_observed
A~B,AFR,A*23:17,B*14:02,,0.0187617260787992,0.0196998123827392,0.0009090081365415,0.0309090909090909,suppressed_lt20
A~B,AFR,A*23:17,B*15:03,,0.0187617260787992,0.0666041275797373,8.479366644441352e-05,-0.2492957746478875,suppressed_lt20
A~B,AFR,A*23:17,B*15:10,0.0,0.0187617260787992,0.0365853658536585,0.0007260933756081,-1.0,not_observed
A~B,AFR,A*23:17,B*15:16,,0.0187617260787992,0.0196998123827392,0.0009090081365415,0.0309090909090909,suppressed_lt20
A~B,AFR,A*23:17,B*18:01,0.0,0.0187617260787992,0.0300187617260788,0.0005917356716754,-1.0,not_observed
A~B,AFR,A*23:17,B*35:01,,0.0187617260787992,0.0609756097560975,4.022745896550869e-05,-0.18,suppressed_lt20
A~B,AFR,A*23:17,B*42:01,,0.0187617260787992,0.0590994371482176,0.0005752144761502,0.043469591226321,suppressed_lt20
A~B,AFR,A*23:17,B*44:03,,0.0187617260787992,0.0515947467166979,0.0037838633367736,0.1037586547972304,suppressed_lt20
A~B,AFR,A*23:17,B*45:01,0.0,0.0187617260787992,0.0581613508442776,0.0011807454693653,-1.0,not_observed
A~B,AFR,A*23:17,B*49:01,0.0,0.0187617260787992,0.0206378986866791,0.0004029215475117,-1.0,not_observed
A~B,AFR,A*23:17,B*51:01,0.0,0.0187617260787992,0.0196998123827392,0.000384238886805,-1.0,not_observed
A~B,AFR,A*23:17,B*53:01,,0.0187617260787992,0.1191369606003752,0.0001735484718055,0.0350372736954206,suppressed_lt20
A~B,AFR,A*23:17,B*57:03,0.0,0.0187617260787992,0.0384615384615384,0.0007648183556405,-1.0,not_observed
A~B,AFR,A*23:17,B*58:01,0.0,0.0187617260787992,0.0450281425891182,0.0009015540538002,-1.0,not_observed
A~B,AFR,A*23:17,B*58:02,,0.0187617260787992,0.0403377110694183,4.611356211206458e-05,0.0100684261974584,suppressed_lt20
A~B,AFR,A*23:17,B*81:01,,0.0187617260787992,0.0196998123827392,0.016809980801125,0.1329186602870813,suppressed_lt20
A~B,AFR,A*24:02,B*07:02,,0.023452157598499,0.0628517823639774,0.0001198950825458,0.0182982982982983,suppressed_lt20
A~B,AFR,A*24:02,B*08:01,0.0,0.023452157598499,0.0422138836772983,0.0010584639007358,-1.0,not_observed
A~B,AFR,A*24:02,B*14:02,0.0,0.023452157598499,0.0196998123827392,0.0004826055182493,-1.0,not_observed
A~B,AFR,A*24:02,B*15:03,,0.023452157598499,0.0666041275797373,0.0011013811327748,0.0572060301507537,suppressed_lt20
A~B,AFR,A*24:02,B*15:10,,0.023452157598499,0.0365853658536585,7.94432487424866e-06,0.0035443037974683,suppressed_lt20
A~B,AFR,A*24:02,B*15:16,0.0,0.023452157598499,0.0196998123827392,0.0004826055182493,-1.0,not_observed
A~B,AFR,A*24:02,B*18:01,,0.023452157598499,0.0300187617260788,0.0020603793778114,0.0515280464216634,suppressed_lt20
A~B,AFR,A*24:02,B*35:01,0.0,0.023452157598499,0.0609756097560975,0.0015594395997854,-1.0,not_observed
A~B,AFR,A*24:02,B*42:01,,0.023452157598499,0.0590994371482176,0.000157544535477,-0.3231746031746031,suppressed_lt20
A~B,AFR,A*24:02,B*44:03,,0.023452157598499,0.0515947467166979,6.59800097797686e-05,-0.2247272727272727,suppressed_lt20
A~B,AFR,A*24:02,B*45:01,,0.023452157598499,0.0581613508442776,0.0016764796041886,0.0656573705179282,suppressed_lt20
A~B,AFR,A*24:02,B*49:01,0.0,0.023452157598499,0.0206378986866791,0.0005060710118843,-1.0,not_observed
A~B,AFR,A*24:02,B*51:01,0.0,0.023452157598499,0.0196998123827392,0.0004826055182493,-1.0,not_observed
A~B,AFR,A*24:02,B*53:01,,0.023452157598499,0.1191369606003752,0.0014331548181377,-0.664251968503937,suppressed_lt20
A~B,AFR,A*24:02,B*57:03,0.0,0.023452157598499,0.0384615384615384,0.0009606147934678,-1.0,not_observed
A~B,AFR,A*24:02,B*58:01,0.0,0.023452157598499,0.0450281425891182,0.0011323553557577,-1.0,not_observed
A~B,AFR,A*24:02,B*58:02,,0.023452157598499,0.0403377110694183,7.075386871344407e-08,-0.0083720930232557,suppressed_lt20
A~B,AFR,A*24:02,B*81:01,0.0,0.023452157598499,0.0196998123827392,0.0004826055182493,-1.0,not_observed
A~B,AFR,A*26:01,B*07:02,0.0,0.0215759849906191,0.0628517823639774,0.0014789477876726,-1.0,not_observed
A~B,AFR,A*26:01,B*08:01,,0.0215759849906191,0.0422138836772983,0.0094598813588161,0.1375037260997317,suppressed_lt20
A~B,AFR,A*26:01,B*14:02,0.0,0.0215759849906191,0.0196998123827392,0.0004431456921743,-1.0,not_observed
A~B,AFR,A*26:01,B*15:03,,0.0215759849906191,0.0666041275797373,0.0001469289981538,0.0218046755516713,suppressed_lt20
A~B,AFR,A*26:01,B*15:10,,0.0215759849906191,0.0365853658536585,2.9725297793837665e-05,0.0071546505228398,suppressed_lt20
A~B,AFR,A*26:01,B*15:16,,0.0215759849906191,0.0196998123827392,0.0006456384405927,0.026617358352737,suppressed_lt20
A~B,AFR,A*26:01,B*18:01,,0.0215759849906191,0.0300187617260788,0.0001371971905563,0.0138760407030527,suppressed_lt20
A~B,AFR,A*26:01,B*35:01,0.0,0.0215759849906191,0.0609756097560975,0.0014319333590666,-1.0,not_observed
A~B,AFR,A*26:01,B*42:01,,0.0215759849906191,0.0590994371482176,9.677070856698424e-05,-0.26432022084196,suppressed_lt20
A~B,AFR,A*26:01,B*44:03,0.0,0.0215759849906191,0.0515947467166979,0.0011996513898411,-1.0,not_observed
A~B,AFR,A*26:01,B*45:01,,0.0215759849906191,0.0581613508442776,8.678955363859345e-05,-0.2524544179523142,suppressed_lt20
A~B,AFR,A*26:01,B*49:01,,0.0215759849906191,0.0206378986866791,0.000569168334279,0.024405125076266,suppressed_lt20
A~B,AFR,A*26:01,B*51:01,0.0,0.0215759849906191,0.0196998123827392,0.0004431456921743,-1.0,not_observed
A~B,AFR,A*26:01,B*53:01,,0.0215759849906191,0.1191369606003752,2.6821192333436286e-05,0.0128258554428855,suppressed_lt20
A~B,AFR,A*26:01,B*57:03,0.0,0.0215759849906191,0.0384615384615384,0.000882070949185,-1.0,not_observed
A~B,AFR,A*26:01,B*58:01,,0.0215759849906191,0.0450281425891182,0.0009015401432489,0.0439053557700521,suppressed_lt20
A~B,AFR,A*26:01,B*58:02,,0.0215759849906191,0.0403377110694183,0.0012380444199078,0.0485783501211271,suppressed_lt20
A~B,AFR,A*26:01,B*81:01,0.0,0.0215759849906191,0.0196998123827392,0.0004431456921743,-1.0,not_observed
A~B,AFR,A*29:02,B*07:02,,0.0272045028142589,0.0628517823639774,1.774624868380315e-05,0.0065237651444548,suppressed_lt20
A~B,AFR,A*29:02,B*08:01,,0.0272045028142589,0.0422138836772983,0.0004949895255603,0.0279306967476105,suppressed_lt20
A~B,AFR,A*29:02,B*14:02,0.0,0.0272045028142589,0.0196998123827392,0.0005619817932663,-1.0,not_observed
A~B,AFR,A*29:02,B*15:03,,0.0272045028142589,0.0666041275797373,2.5083465419462073e-06,0.0025298908334777,suppressed_lt20
A~B,AFR,A*29:02,B*15:10,0.0,0.0272045028142589,0.0365853658536585,0.0010619728281435,-1.0,not_observed
A~B,AFR,A*29:02,B*15:16,0.0,0.0272045028142589,0.0196998123827392,0.0005619817932663,-1.0,not_observed
A~B,AFR,A*29:02,B*18:01,0.0,0.0272045028142589,0.0300187617260788,0.0008654633493058,-1.0,not_observed
A~B,AFR,A*29:02,B*35:01,,0.0272045028142589,0.0609756097560975,3.117954103888329e-05,0.0085087326466636,suppressed_lt20
A~B,AFR,A*29:02,B*42:01,,0.0272045028142589,0.0590994371482176,0.0003047551663964,-0.4165298303229338,suppressed_lt20
A~B,AFR,A*29:02,B*44:03,,0.0272045028142589,0.0515947467166979,0.0083423923824744,0.1273917937173846,suppressed_lt20
A~B,AFR,A*29:02,B*45:01,,0.0272045028142589,0.0581613508442776,0.0010470174377079,0.0480835279571369,suppressed_lt20
A~B,AFR,A*29:02,B*49:01,,0.0272045028142589,0.0206378986866791,0.0032314784286136,0.0654861050232313,suppressed_lt20
A~B,AFR,A*29:02,B*51:01,0.0,0.0272045028142589,0.0196998123827392,0.0005619817932663,-1.0,not_observed
A~B,AFR,A*29:02,B*53:01,,0.0272045028142589,0.1191369606003752,0.0007563819053527,0.0604825382835738,suppressed_lt20
A~B,AFR,A*29:02,B*57:03,0.0,0.0272045028142589,0.0384615384615384,0.0011186113789778,-1.0,not_observed
A~B,AFR,A*29:02,B*58:01,0.0,0.0272045028142589,0.0450281425891182,0.0013185988750229,-1.0,not_observed
A~B,AFR,A*29:02,B*58:02,0.0,0.0272045028142589,0.0403377110694183,0.0011754713904214,-1.0,not_observed
A~B,AFR,A*29:02,B*81:01,,0.0272045028142589,0.0196998123827392,0.0035146935727452,0.0699361711897874,suppressed_lt20
A~B,AFR,A*30:01,B*07:02,,0.0825515947467167,0.0628517823639774,0.0024594466800613,-0.6383989145183175,suppressed_lt20
A~B,AFR,A*30:01,B*08:01,,0.0825515947467167,0.0422138836772983,0.0008450698355338,-0.4616161616161615,suppressed_lt20
A~B,AFR,A*30:01,B*14:02,,0.0825515947467167,0.0196998123827392,0.0009649624746345,0.0657318141980718,suppressed_lt20
A~B,AFR,A*30:01,B*15:03,,0.0825515947467167,0.0666041275797373,0.0006474114548401,-0.3175416133162612,suppressed_lt20
A~B,AFR,A*30:01,B*15:10,,0.0825515947467167,0.0365853658536585,0.0004902641386294,-0.3787878787878787,suppressed_lt20
A~B,AFR,A*30:01,B*15:16,0.0,0.0825515947467167,0.0196998123827392,0.0018082014853083,-1.0,not_observed
A~B,AFR,A*30:01,B*18:01,,0.0825515947467167,0.0300187617260788,0.0010754347198953,-0.6214488636363636,suppressed_lt20
A~B,AFR,A*30:01,B*35:01,,0.0825515947467167,0.0609756097560975,0.0003785766195135,-0.2545454545454544,suppressed_lt20
A~B,AFR,A*30:01,B*42:01,24.0,0.0825515947467167,0.0590994371482176,0.0738469265403799,0.3252507546986075,estimated
A~B,AFR,A*30:01,B*44:03,,0.0825515947467167,0.0515947467166979,0.0005633923343082,-0.3392561983471074,suppressed_lt20
A~B,AFR,A*30:01,B*45:01,,0.0825515947467167,0.0581613508442776,0.0002652195791374,-0.2184750733137829,suppressed_lt20
A~B,AFR,A*30:01,B*49:01,,0.0825515947467167,0.0206378986866791,0.0003829074346363,-0.4493801652892561,suppressed_lt20
A~B,AFR,A*30:01,B*51:01,,0.0825515947467167,0.0196998123827392,0.0003237847529977,-0.4231601731601732,suppressed_lt20
A~B,AFR,A*30:01,B*53:01,,0.0825515947467167,0.1191369606003752,2.9473691864096633e-05,0.0066560170394036,suppressed_lt20
A~B,AFR,A*30:01,B*57:03,,0.0825515947467167,0.0384615384615384,0.0001189812232757,0.016359918200409,suppressed_lt20
A~B,AFR,A*30:01,B*58:01,,0.0825515947467167,0.0450281425891182,3.804603826299281e-07,0.0008520790729379,suppressed_lt20
A~B,AFR,A*30:01,B*58:02,,0.0825515947467167,0.0403377110694183,0.0019513415341109,-0.7182875264270613,suppressed_lt20
A~B,AFR,A*30:01,B*81:01,0.0,0.0825515947467167,0.0196998123827392,0.0018082014853083,-1.0,not_observed
A~B,AFR,A*30:02,B*07:02,,0.0609756097560975,0.0628517823639774,0.0011347265078608,-0.5104477611940298,suppressed_lt20
A~B,AFR,A*30:02,B*08:01,,0.0609756097560975,0.0422138836772983,0.0068857597946726,0.1007215007215007,suppressed_lt20
A~B,AFR,A*30:02,B*14:02,,0.0609756097560975,0.0196998123827392,0.0058859072119495,0.1379097093382807,suppressed_lt20
A~B,AFR,A*30:02,B*15:03,,0.0609756097560975,0.0666041275797373,0.0004368283708647,-0.3070422535211268,suppressed_lt20
A~B,AFR,A*30:02,B*15:10,,0.0609756097560975,0.0365853658536585,0.0001686726126842,0.0169830169830169,suppressed_lt20
A~B,AFR,A*30:02,B*15:16,,0.0609756097560975,0.0196998123827392,0.0004120099540468,0.0364873222016079,suppressed_lt20
A~B,AFR,A*30:02,B*18:01,,0.0609756097560975,0.0300187617260788,1.2559973875254343e-06,0.0016233766233766,suppressed_lt20
A~B,AFR,A*30:02,B*35:01,,0.0609756097560975,0.0609756097560975,0.0002491414679226,-0.243076923076923,suppressed_lt20
A~B,AFR,A*30:02,B*42:01,,0.0609756097560975,0.0590994371482176,0.0001957023179071,-0.219047619047619,suppressed_lt20
A~B,AFR,A*30:02,B*44:03,,0.0609756097560975,0.0515947467166979,0.0001312130904793,0.0125147579693034,suppressed_lt20
A~B,AFR,A*30:02,B*45:01,,0.0609756097560975,0.0581613508442776,0.000417266835465,0.0209467951403435,suppressed_lt20
A~B,AFR,A*30:02,B*49:01,,0.0609756097560975,0.0206378986866791,8.866090370792559e-05,-0.2545454545454544,suppressed_lt20
A~B,AFR,A*30:02,B*51:01,,0.0609756097560975,0.0196998123827392,6.261225673392451e-05,-0.219047619047619,suppressed_lt20
A~B,AFR,A*30:02,B*53:01,,0.0609756097560975,0.1191369606003752,0.0002310704481719,0.0219382321618743,suppressed_lt20
A~B,AFR,A*30:02,B*57:03,,0.0609756097560975,0.0384615384615384,0.0125714285714285,0.1428571428571428,suppressed_lt20
A~B,AFR,A*30:02,B*58:01,,0.0609756097560975,0.0450281425891182,0.0003070276154755,-0.3166666666666666,suppressed_lt20
A~B,AFR,A*30:02,B*58:02,0.0,0.0609756097560975,0.0403377110694183,0.0027294308819235,-1.0,not_observed
A~B,AFR,A*30:02,B*81:01,,0.0609756097560975,0.0196998123827392,0.0004120099540468,0.0364873222016079,suppressed_lt20
A~B,AFR,A*33:01,B*07:02,,0.0300187617260788,0.0628517823639774,0.0005247189075388,-0.5027985074626865,suppressed_lt20
A~B,AFR,A*33:01,B*08:01,0.0,0.0300187617260788,0.0422138836772983,0.0013640057818689,-1.0,not_observed
A~B,AFR,A*33:01,B*14:02,,0.0300187617260788,0.0196998123827392,0.0029356184553171,0.0672377268121948,suppressed_lt20
A~B,AFR,A*33:01,B*15:03,,0.0300187617260788,0.0666041275797373,8.385020424540799e-06,-0.0616197183098592,suppressed_lt20
A~B,AFR,A*33:01,B*15:10,,0.0300187617260788,0.0365853658536585,0.0028692187155693,0.0593354430379746,suppressed_lt20
A~B,AFR,A*33:01,B*15:16,0.0,0.0300187617260788,0.0196998123827392,0.000621917022202,-1.0,not_observed
A~B,AFR,A*33:01,B*18:01,,0.0300187617260788,0.0300187617260788,1.6112300263011217e-06,0.0012693423597678,suppressed_lt20
A~B,AFR,A*33:01,B*35:01,,0.0300187617260788,0.0609756097560975,0.0004775930066065,-0.4875,suppressed_lt20
A~B,AFR,A*33:01,B*42:01,,0.0300187617260788,0.0590994371482176,6.435821331559632e-06,0.0036141575274177,suppressed_lt20
A~B,AFR,A*33:01,B*44:03,,0.0300187617260788,0.0515947467166979,0.0002617788640063,-0.3943181818181818,suppressed_lt20
A~B,AFR,A*33:01,B*45:01,,0.0300187617260788,0.0581613508442776,0.0004091564887887,-0.4627016129032258,suppressed_lt20
A~B,AFR,A*33:01,B*49:01,0.0,0.0300187617260788,0.0206378986866791,0.0006521561914078,-1.0,not_observed
A~B,AFR,A*33:01,B*51:01,0.0,0.0300187617260788,0.0196998123827392,0.000621917022202,-1.0,not_observed
A~B,AFR,A*33:01,B*53:01,,0.0300187617260788,0.1191369606003752,0.0001900622882926,-0.2130905511811023,suppressed_lt20
A~B,AFR,A*33:01,B*57:03,,0.0300187617260788,0.0384615384615384,4.3520309477756325e-05,-0.1875,suppressed_lt20
A~B,AFR,A*33:01,B*58:01,,0.0300187617260788,0.0450281425891182,0.001708450917812,0.0510191552062868,suppressed_lt20
A~B,AFR,A*33:01,B*58:02,,0.0300187617260788,0.0403377110694183,6.602505646633214e-05,-0.2252906976744186,suppressed_lt20
A~B,AFR,A*33:01,B*81:01,0.0,0.0300187617260788,0.0196998123827392,0.000621917022202,-1.0,not_observed
A~B,AFR,A*33:03,B*07:02,,0.0422138836772983,0.0628517823639774,0.0002535378833775,-0.2928689883913764,suppressed_lt20
A~B,AFR,A*33:03,B*08:01,,0.0422138836772983,0.0422138836772983,5.423642355292886e-06,0.0023288714767657,suppressed_lt20
A~B,AFR,A*33:03,B*14:02,0.0,0.0422138836772983,0.0196998123827392,0.0008857063859899,-1.0,not_observed
A~B,AFR,A*33:03,B*15:03,,0.0422138836772983,0.0666041275797373,0.00034813432355,-0.3327073552425665,suppressed_lt20
A~B,AFR,A*33:03,B*15:10,,0.0422138836772983,0.0365853658536585,0.0011315124991218,0.0362389813907933,suppressed_lt20
A~B,AFR,A*33:03,B*15:16,,0.0422138836772983,0.0196998123827392,1.4521012510599624e-05,0.0056433934984375,suppressed_lt20
A~B,AFR,A*33:03,B*18:01,,0.0422138836772983,0.0300187617260788,9.20098730443198e-05,-0.2597222222222221,suppressed_lt20
A~B,AFR,A*33:03,B*35:01,,0.0422138836772983,0.0609756097560975,0.0011560406075587,-0.6355555555555555,suppressed_lt20
A~B,AFR,A*33:03,B*42:01,,0.0422138836772983,0.0590994371482176,0.0010778936848263,-0.6239858906525573,suppressed_lt20
A~B,AFR,A*33:03,B*44:03,,0.0422138836772983,0.0515947467166979,0.0002046088873165,0.0158918562479393,suppressed_lt20
A~B,AFR,A*33:03,B*45:01,0.0,0.0422138836772983,0.0581613508442776,0.0027217281705694,-1.0,not_observed
A~B,AFR,A*33:03,B*49:01,0.0,0.0422138836772983,0.0206378986866791,0.0009287716572663,-1.0,not_observed
A~B,AFR,A*33:03,B*51:01,,0.0422138836772983,0.0196998123827392,1.4521012510599624e-05,0.0056433934984375,suppressed_lt20
A~B,AFR,A*33:03,B*53:01,,0.0422138836772983,0.1191369606003752,0.0154780903294809,0.2179387054786416,suppressed_lt20
A~B,AFR,A*33:03,B*57:03,,0.0422138836772983,0.0384615384615384,0.0003142888235934,-0.4222222222222221,suppressed_lt20
A~B,AFR,A*33:03,B*58:01,,0.0422138836772983,0.0450281425891182,0.0079925365619309,0.0924688932547478,suppressed_lt20
A~B,AFR,A*33:03,B*58:02,,0.0422138836772983,0.0403377110694183,0.0003736433074423,-0.449095607235142,suppressed_lt20
A~B,AFR,A*33:03,B*81:01,0.0,0.0422138836772983,0.0196998123827392,0.0008857063859899,-1.0,not_observed
A~B,AFR,A*34:02,B*07:02,,0.0365853658536585,0.0628517823639774,8.63007979325127e-05,-0.1840796019900496,suppressed_lt20
A~B,AFR,A*34:02,B*08:01,0.0,0.0365853658536585,0.0422138836772983,0.001673712790885,-1.0,not_observed
A~B,AFR,A*34:02,B*14:02,0.0,0.0365853658536585,0.0196998123827392,0.0007631276118951,-1.0,not_observed
A~B,AFR,A*34:02,B*15:03,,0.0365853658536585,0.0666041275797373,0.0001434043695627,-0.2300469483568075,suppressed_lt20
A~B,AFR,A*34:02,B*15:10,0.0,0.0365853658536585,0.0365853658536585,0.00144207659029,-1.0,not_observed
A~B,AFR,A*34:02,B*15:16,,0.0365853658536585,0.0196998123827392,0.0019613667848178,0.0608800482218203,suppressed_lt20
A~B,AFR,A*34:02,B*18:01,,0.0365853658536585,0.0300187617260788,2.4994083033404352e-05,-0.1458333333333333,suppressed_lt20
A~B,AFR,A*34:02,B*35:01,,0.0365853658536585,0.0609756097560975,0.0093149952935736,0.1262071262071262,suppressed_lt20
A~B,AFR,A*34:02,B*42:01,,0.0365853658536585,0.0590994371482176,0.0007645004174403,-0.566137566137566,suppressed_lt20
A~B,AFR,A*34:02,B*44:03,,0.0365853658536585,0.0515947467166979,0.0045548069812803,0.0807781074843389,suppressed_lt20
A~B,AFR,A*34:02,B*45:01,,0.0365853658536585,0.0581613508442776,0.0002440218708668,0.0199203187250996,suppressed_lt20
A~B,AFR,A*34:02,B*49:01,,0.0365853658536585,0.0206378986866791,0.0017643332789557,0.0563866513233601,suppressed_lt20
A~B,AFR,A*34:02,B*51:01,,0.0365853658536585,0.0196998123827392,0.0019613667848178,0.0608800482218203,suppressed_lt20
A~B,AFR,A*34:02,B*53:01,,0.0365853658536585,0.1191369606003752,2.9756259437926665e-05,0.0102946396876109,suppressed_lt20
A~B,AFR,A*34:02,B*57:03,,0.0365853658536585,0.0384615384615384,0.000168776371308,-0.3333333333333333,suppressed_lt20
A~B,AFR,A*34:02,B*58:01,0.0,0.0365853658536585,0.0450281425891182,0.001790554823307,-1.0,not_observed
A~B,AFR,A*34:02,B*58:02,0.0,0.0365853658536585,0.0403377110694183,0.0015961988195552,-1.0,not_observed
A~B,AFR,A*34:02,B*81:01,,0.0365853658536585,0.0196998123827392,6.94101959924745e-05,0.0114526823387582,suppressed_lt20
A~B,AFR,A*36:01,B*07:02,,0.0309568480300187,0.0628517823639774,2.7352663975936645e-06,-0.0357304387155132,suppressed_lt20
A~B,AFR,A*36:01,B*08:01,,0.0309568480300187,0.0422138836772983,0.0001120922350133,-0.282154882154882,suppressed_lt20
A~B,AFR,A*36:01,B*14:02,,0.0309568480300187,0.0196998123827392,0.0001859806738985,0.017194486700779,suppressed_lt20
A~B,AFR,A*36:01,B*15:03,,0.0309568480300187,0.0666041275797373,0.0006771519035674,-0.5450277422108408,suppressed_lt20
A~B,AFR,A*36:01,B*15:10,,0.0309568480300187,0.0365853658536585,0.0005229547425682,0.0249328730341388,suppressed_lt20
A~B,AFR,A*36:01,B*15:16,0.0,0.0309568480300187,0.0196998123827392,0.0006419727925816,-1.0,not_observed
A~B,AFR,A*36:01,B*18:01,0.0,0.0309568480300187,0.0300187617260788,0.0009886511091429,-1.0,not_observed
A~B,AFR,A*36:01,B*35:01,,0.0309568480300187,0.0609756097560975,7.619474309608818e-08,-0.006060606060606,suppressed_lt20
A~B,AFR,A*36:01,B*42:01,,0.0309568480300187,0.0590994371482176,1.3040552602891754e-06,0.0016012568355539,suppressed_lt20
A~B,AFR,A*36:01,B*44:03,,0.0309568480300187,0.0515947467166979,5.301398098207779e-05,0.0095015436261727,suppressed_lt20
A~B,AFR,A*36:01,B*45:01,,0.0309568480300187,0.0581613508442776,0.0006254106816538,0.0347700108656283,suppressed_lt20
A~B,AFR,A*36:01,B*49:01,0.0,0.0309568480300187,0.0206378986866791,0.0006731871237662,-1.0,not_observed
A~B,AFR,A*36:01,B*51:01,0.0,0.0309568480300187,0.0196998123827392,0.0006419727925816,-1.0,not_observed
A~B,AFR,A*36:01,B*53:01,,0.0309568480300187,0.1191369606003752,0.0102941555804358,0.2087649659534644,suppressed_lt20
A~B,AFR,A*36:01,B*57:03,,0.0309568480300187,0.0384615384615384,5.749655314030923e-05,-0.2121212121212121,suppressed_lt20
A~B,AFR,A*36:01,B*58:01,0.0,0.0309568480300187,0.0450281425891182,0.001506284744873,-1.0,not_observed
A~B,AFR,A*36:01,B*58:02,,0.0309568480300187,0.0403377110694183,8.309809351991036e-05,-0.24876673713883,suppressed_lt20
A~B,AFR,A*36:01,B*81:01,0.0,0.0309568480300187,0.0196998123827392,0.0006419727925816,-1.0,not_observed
A~B,AFR,A*68:01,B*07:02,,0.0375234521575985,0.0628517823639774,0.0009483298433285,-0.6022388059701492,suppressed_lt20
A~B,AFR,A*68:01,B*08:01,,0.0375234521575985,0.0422138836772983,0.0002857238621395,-0.4077777777777777,suppressed_lt20
A~B,AFR,A*68:01,B*14:02,0.0,0.0375234521575985,0.0196998123827392,0.0007834578471697,-1.0,not_observed
A~B,AFR,A*68:01,B*15:03,,0.0375234521575985,0.0666041275797373,0.002138503240194,0.0625628140703517,suppressed_lt20
A~B,AFR,A*68:01,B*15:10,0.0,0.0375234521575985,0.0365853658536585,0.001480494485158,-1.0,not_observed
A~B,AFR,A*68:01,B*15:16,0.0,0.0375234521575985,0.0196998123827392,0.0007834578471697,-1.0,not_observed
A~B,AFR,A*68:01,B*18:01,0.0,0.0375234521575985,0.0300187617260788,0.0012065409601803,-1.0,not_observed
A~B,AFR,A*68:01,B*35:01,,0.0375234521575985,0.0609756097560975,0.0010369357737778,0.0415584415584415,suppressed_lt20
A~B,AFR,A*68:01,B*42:01,,0.0375234521575985,0.0590994371482176,5.805165647276747e-05,-0.153968253968254,suppressed_lt20
A~B,AFR,A*68:01,B*44:03,,0.0375234521575985,0.0515947467166979,0.0004364554143303,0.0246785361028684,suppressed_lt20
A~B,AFR,A*68:01,B*45:01,,0.0375234521575985,0.0581613508442776,0.0002017976637748,0.0178784860557768,suppressed_lt20
A~B,AFR,A*68:01,B*49:01,0.0,0.0375234521575985,0.0206378986866791,0.0008215515374216,-1.0,not_observed
A~B,AFR,A*68:01,B*51:01,0.0,0.0375234521575985,0.0196998123827392,0.0007834578471697,-1.0,not_observed
A~B,AFR,A*68:01,B*53:01,,0.0375234521575985,0.1191369606003752,0.0007237066659382,-0.3704724409448819,suppressed_lt20
A~B,AFR,A*68:01,B*57:03,,0.0375234521575985,0.0384615384615384,0.0001910331384015,-0.3500000000000001,suppressed_lt20
A~B,AFR,A*68:01,B*58:01,,0.0375234521575985,0.0450281425891182,2.2411728586546715e-05,0.0052062868369351,suppressed_lt20
A~B,AFR,A*68:01,B*58:02,,0.0375234521575985,0.0403377110694183,0.007218765970954,0.0882209188660801,suppressed_lt20
A~B,AFR,A*68:01,B*81:01,,0.0375234521575985,0.0196998123827392,5.6711866499493406e-05,0.0104891859277824,suppressed_lt20
A~B,AFR,A*68:02,B*07:02,,0.0619136960600375,0.0628517823639774,0.0003391396824232,-0.2767978290366349,suppressed_lt20
A~B,AFR,A*68:02,B*08:01,,0.0619136960600375,0.0422138836772983,0.0011955058254764,-0.641077441077441,suppressed_lt20
A~B,AFR,A*68:02,B*14:02,,0.0619136960600375,0.0196998123827392,0.0003842360722743,0.0355238095238095,suppressed_lt20
A~B,AFR,A*68:02,B*15:03,,0.0619136960600375,0.0666041275797373,3.81943863577384e-05,-0.0900554844216816,suppressed_lt20
A~B,AFR,A*68:02,B*15:10,,0.0619136960600375,0.0365853658536585,0.0316849507735583,0.2346666666666666,suppressed_lt20
A~B,AFR,A*68:02,B*15:16,,0.0619136960600375,0.0196998123827392,7.070016639394628e-05,-0.2308802308802308,suppressed_lt20
A~B,AFR,A*68:02,B*18:01,0.0,0.0619136960600375,0.0300187617260788,0.0020425531914893,-1.0,not_observed
A~B,AFR,A*68:02,B*35:01,,0.0619136960600375,0.0609756097560975,1.5741833923651817e-07,-0.006060606060606,suppressed_lt20
A~B,AFR,A*68:02,B*42:01,,0.0619136960600375,0.0590994371482176,0.0002209820754187,-0.2308802308802308,suppressed_lt20
A~B,AFR,A*68:02,B*44:03,,0.0619136960600375,0.0515947467166979,5.0852196090933584e-05,-0.1190082644628098,suppressed_lt20
A~B,AFR,A*68:02,B*45:01,,0.0619136960600375,0.0581613508442776,0.000935067160488,-0.4789833822091887,suppressed_lt20
A~B,AFR,A*68:02,B*49:01,,0.0619136960600375,0.0206378986866791,0.0020110430322029,0.0793636363636363,suppressed_lt20
A~B,AFR,A*68:02,B*51:01,0.0,0.0619136960600375,0.0196998123827392,0.0013263157894736,-1.0,not_observed
A~B,AFR,A*68:02,B*53:01,,0.0619136960600375,0.1191369606003752,2.708273141721359e-06,0.0023558266369767,suppressed_lt20
A~B,AFR,A*68:02,B*57:03,,0.0619136960600375,0.0384615384615384,0.0009696969696969,-0.6060606060606061,suppressed_lt20
A~B,AFR,A*68:02,B*58:01,,0.0619136960600375,0.0450281425891182,0.0013700375563096,-0.663510101010101,suppressed_lt20
A~B,AFR,A*68:02,B*58:02,,0.0619136960600375,0.0403377110694183,0.0007004078843402,0.0331627906976744,suppressed_lt20
A~B,AFR,A*68:02,B*81:01,,0.0619136960600375,0.0196998123827392,7.070016639394628e-05,-0.2308802308802308,suppressed_lt20
A~B,AFR,A*74:01,B*07:02,,0.0637898686679174,0.0628517823639774,0.0001318870567464,0.0115753895851404,suppressed_lt20
A~B,AFR,A*74:01,B*08:01,,0.0637898686679174,0.0422138836772983,0.0002761965456265,-0.303267973856209,suppressed_lt20
A~B,AFR,A*74:01,B*14:02,,0.0637898686679174,0.0196998123827392,0.0003327900087363,0.0335909915068231,suppressed_lt20
A~B,AFR,A*74:01,B*15:03,,0.0637898686679174,0.0666041275797373,0.0070943751003441,0.0861956843038723,suppressed_lt20
A~B,AFR,A*74:01,B*15:10,,0.0637898686679174,0.0365853658536585,0.0009254050419031,-0.5980392156862745,suppressed_lt20
A~B,AFR,A*74:01,B*15:16,,0.0637898686679174,0.0196998123827392,0.0054005428196534,0.1353182555587365,suppressed_lt20
A~B,AFR,A*74:01,B*18:01,,0.0637898686679174,0.0300187617260788,0.000465148709639,0.032001503006012,suppressed_lt20
A~B,AFR,A*74:01,B*35:01,,0.0637898686679174,0.0609756097560975,0.0060626983531616,0.0797595190380761,suppressed_lt20
A~B,AFR,A*74:01,B*42:01,,0.0637898686679174,0.0590994371482176,0.002414855469331,-0.7511671335200747,suppressed_lt20
A~B,AFR,A*74:01,B*44:03,,0.0637898686679174,0.0515947467166979,0.001894826748129,-0.7149732620320856,suppressed_lt20
A~B,AFR,A*74:01,B*45:01,,0.0637898686679174,0.0581613508442776,5.454031205512316e-07,0.000775745038464,suppressed_lt20
A~B,AFR,A*74:01,B*49:01,0.0,0.0637898686679174,0.0206378986866791,0.0014358218352413,-1.0,not_observed
A~B,AFR,A*74:01,B*51:01,0.0,0.0637898686679174,0.0196998123827392,0.0013692456683702,-1.0,not_observed
A~B,AFR,A*74:01,B*53:01,,0.0637898686679174,0.1191369606003752,0.0023618457963022,-0.5062528948587308,suppressed_lt20
A~B,AFR,A*74:01,B*57:03,,0.0637898686679174,0.0384615384615384,0.0045644229635742,0.0881763527054108,suppressed_lt20
A~B,AFR,A*74:01,B*58:01,,0.0637898686679174,0.0450281425891182,0.0014568904846172,-0.673406862745098,suppressed_lt20
A~B,AFR,A*74:01,B*58:02,,0.0637898686679174,0.0403377110694183,0.0002101197231407,-0.2708618331053351,suppressed_lt20
A~B,AFR,A*74:01,B*81:01,0.0,0.0637898686679174,0.0196998123827392,0.0013692456683702,-1.0,not_observed
A~B,AMR,A*01:01,B*07:02,,0.0537714712471994,0.046303211351755,0.0013520985444999,-0.7000448028673835,suppressed_lt20
A~B,AMR,A*01:01,B*08:01,,0.0537714712471994,0.0276325616131441,0.1045795367090272,0.4573049766419932,suppressed_lt20
A~B,AMR,A*01:01,B*14:02,,0.0537714712471994,0.0418222554144884,0.0011064936148588,-0.667906746031746,suppressed_lt20
A~B,AMR,A*01:01,B*15:01,,0.0537714712471994,0.0216579536967886,0.0001618770310625,-0.3587164750957853,suppressed_lt20
A~B,AMR,A*01:01,B*18:01,,0.0537714712471994,0.0321135175504107,0.0001668540266954,0.0169049760466951,suppressed_lt20
A~B,AMR,A*01:01,B*27:05,0.0,0.0537714712471994,0.0246452576549663,0.001435908097047,-1.0,not_observed
A~B,AMR,A*01:01,B*35:01,,0.0537714712471994,0.0814040328603435,0.0014443686693371,0.0474593495934959,suppressed_lt20
A~B,AMR,A*01:01,B*35:03,,0.0537714712471994,0.0186706497386109,7.091814472172198e-05,-0.256111111111111,suppressed_lt20
A~B,AMR,A*01:01,B*35:12,,0.0537714712471994,0.0306198655713218,0.0005359213691214,-0.5464092140921408,suppressed_lt20
A~B,AMR,A*01:01,B*38:01,,0.0537714712471994,0.0194174757281553,0.0002086041279739,0.0244672454617206,suppressed_lt20
A~B,AMR,A*01:01,B*39:05,,0.0537714712471994,0.034353995519044,7.408205959357882e-05,-0.1914251207729468,suppressed_lt20
A~B,AMR,A*01:01,B*39:06,,0.0537714712471994,0.0395817774458551,0.0009867930081529,-0.6491090146750524,suppressed_lt20
A~B,AMR,A*01:01,B*40:01,,0.0537714712471994,0.0194174757281553,9.12236053913204e-05,-0.2847222222222221,suppressed_lt20
A~B,AMR,A*01:01,B*40:02,,0.0537714712471994,0.0522778192681105,0.0006884794996732,-0.4686507936507936,suppressed_lt20
A~B,AMR,A*01:01,B*44:02,,0.0537714712471994,0.0306198655713218,1.546441390767726e-05,-0.0928184281842817,suppressed_lt20
A~B,AMR,A*01:01,B*44:03,,0.0537714712471994,0.0530246452576549,0.0017333525225069,-0.7380672926447573,suppressed_lt20
A~B,AMR,A*01:01,B*45:01,,0.0537714712471994,0.0216579536967886,0.0001618770310625,-0.3587164750957853,suppressed_lt20
A~B,AMR,A*01:01,B*48:01,,0.0537714712471994,0.0253920836445108,0.0003038537162217,-0.4530228758169934,suppressed_lt20
A~B,AMR,A*01:01,B*49:01,,0.0537714712471994,0.0238984316654219,0.0002440731181327,-0.4188368055555555,suppressed_lt20
A~B,AMR,A*01:01,B*51:01,,0.0537714712471994,0.0537714712471994,0.001776537853547,-0.7417052469135801,suppressed_lt20
A~B,AMR,A*01:01,B*52:01,,0.0537714712471994,0.0164301717699775,0.0004528111130258,0.0392480447729066,suppressed_lt20
A~B,AMR,A*01:01,B*53:01,0.0,0.0537714712471994,0.017176997759522,0.0009931796863567,-1.0,not_observed
A~B,AMR,A*02:01,B*07:02,,0.227781926811053,0.046303211351755,0.00025312065278,0.0392150745616772,suppressed_lt20
A~B,AMR,A*02:01,B*08:01,,0.227781926811053,0.0276325616131441,0.0034769364337194,-0.644040762073549,suppressed_lt20
A~B,AMR,A*02:01,B*14:02,,0.227781926811053,0.0418222554144884,0.0017896621284923,-0.3728337236533957,suppressed_lt20
A~B,AMR,A*02:01,B*15:01,,0.227781926811053,0.0216579536967886,0.0008579013759585,0.1069165610618288,suppressed_lt20
A~B,AMR,A*02:01,B*18:01,,0.227781926811053,0.0321135175504107,4.303002044611336e-06,0.0061850569025235,suppressed_lt20
A~B,AMR,A*02:01,B*27:05,,0.227781926811053,0.0246452576549663,0.0003034885787957,-0.2017883755588674,suppressed_lt20
A~B,AMR,A*02:01,B*35:01,21.0,0.227781926811053,0.0814040328603435,0.000621448603199,-0.1541885997894418,estimated
A~B,AMR,A*02:01,B*35:03,,0.227781926811053,0.0186706497386109,0.0004969506234348,-0.2975737704918031,suppressed_lt20
A~B,AMR,A*02:01,B*35:12,,0.227781926811053,0.0306198655713218,0.0034234144855706,0.1787988866349011,suppressed_lt20
A~B,AMR,A*02:01,B*38:01,,0.227781926811053,0.0194174757281553,0.0001416692070323,-0.1557377049180326,suppressed_lt20
A~B,AMR,A*02:01,B*39:05,,0.227781926811053,0.034353995519044,0.0011562073908516,-0.3319315751960085,suppressed_lt20
A~B,AMR,A*02:01,B*39:06,,0.227781926811053,0.0395817774458551,0.000787392653478,-0.2545004639653573,suppressed_lt20
A~B,AMR,A*02:01,B*40:01,,0.227781926811053,0.0194174757281553,1.004634819952186e-06,0.0038684719535783,suppressed_lt20
A~B,AMR,A*02:01,B*40:02,,0.227781926811053,0.0522778192681105,0.0002420482346863,-0.121967213114754,suppressed_lt20
A~B,AMR,A*02:01,B*44:02,,0.227781926811053,0.0306198655713218,0.004739727794183,0.2103835448412511,suppressed_lt20
A~B,AMR,A*02:01,B*44:03,,0.227781926811053,0.0530246452576549,0.0032486754192262,-0.4435003463403371,suppressed_lt20
A~B,AMR,A*02:01,B*45:01,,0.227781926811053,0.0216579536967886,0.0002909370053248,0.0622623891149203,suppressed_lt20
A~B,AMR,A*02:01,B*48:01,,0.227781926811053,0.0253920836445108,0.0013578879401194,0.1239902150415292,suppressed_lt20
A~B,AMR,A*02:01,B*49:01,,0.227781926811053,0.0238984316654219,1.1354708411506488e-05,-0.0396516393442622,suppressed_lt20
A~B,AMR,A*02:01,B*51:01,28.0,0.227781926811053,0.0537714712471994,0.0083854287728821,0.208628841607565,estimated
A~B,AMR,A*02:01,B*52:01,,0.227781926811053,0.0164301717699775,0.0001918435208529,0.0582029189379285,suppressed_lt20
A~B,AMR,A*02:01,B*53:01,,0.227781926811053,0.017176997759522,0.0033750535675047,-0.8091233071988595,suppressed_lt20
A~B,AMR,A*02:06,B*07:02,,0.0403286034353995,0.046303211351755,8.170904435537151e-05,-0.2001194743130226,suppressed_lt20
A~B,AMR,A*02:06,B*08:01,0.0,0.0403286034353995,0.0276325616131441,0.0011942118381179,-1.0,not_observed
A~B,AMR,A*02:06,B*14:02,0.0,0.0403286034353995,0.0418222554144884,0.0018342224419299,-1.0,not_observed
A~B,AMR,A*02:06,B*15:01,,0.0403286034353995,0.0216579536967886,0.0004690761947996,0.0298403327519119,suppressed_lt20
A~B,AMR,A*02:06,B*18:01,,0.0403286034353995,0.0321135175504107,0.0002498829883662,-0.4233419465977605,suppressed_lt20
A~B,AMR,A*02:06,B*27:05,,0.0403286034353995,0.0246452576549663,0.0016703252665974,0.0527060488149982,suppressed_lt20
A~B,AMR,A*02:06,B*35:01,,0.0403286034353995,0.0814040328603435,7.03507199678112e-05,0.0121800662451068,suppressed_lt20
A~B,AMR,A*02:06,B*35:03,,0.0403286034353995,0.0186706497386109,0.0007736844864455,0.0413385214007782,suppressed_lt20
A~B,AMR,A*02:06,B*35:12,,0.0403286034353995,0.0306198655713218,0.0002073292942594,-0.3952122854561879,suppressed_lt20
A~B,AMR,A*02:06,B*38:01,0.0,0.0403286034353995,0.0194174757281553,0.0008321454713564,-1.0,not_observed
A~B,AMR,A*02:06,B*39:05,,0.0403286034353995,0.034353995519044,0.0074633313284284,0.0938927423447809,suppressed_lt20
A~B,AMR,A*02:06,B*39:06,,0.0403286034353995,0.0395817774458551,7.158498204080898e-06,-0.0642907058001397,suppressed_lt20
A~B,AMR,A*02:06,B*40:01,0.0,0.0403286034353995,0.0194174757281553,0.0008321454713564,-1.0,not_observed
A~B,AMR,A*02:06,B*40:02,,0.0403286034353995,0.0522778192681105,0.0050749654395712,0.0816186556927297,suppressed_lt20
A~B,AMR,A*02:06,B*44:02,,0.0403286034353995,0.0306198655713218,0.0002073292942594,-0.3952122854561879,suppressed_lt20
A~B,AMR,A*02:06,B*44:03,0.0,0.0403286034353995,0.0530246452576549,0.0023530422614736,-1.0,not_observed
A~B,AMR,A*02:06,B*45:01,0.0,0.0403286034353995,0.0216579536967886,0.0009302878189324,-1.0,not_observed
A~B,AMR,A*02:06,B*48:01,,0.0403286034353995,0.0253920836445108,0.0002302702681985,0.0192721446555275,suppressed_lt20
A~B,AMR,A*02:06,B*49:01,,0.0403286034353995,0.0238984316654219,5.214068702088912e-05,-0.2251157407407407,suppressed_lt20
A~B,AMR,A*02:06,B*51:01,,0.0403286034353995,0.0537714712471994,0.0003404443353518,0.0214563418983308,suppressed_lt20
A~B,AMR,A*02:06,B*52:01,,0.0403286034353995,0.0164301717699775,1.1340926904833784e-05,0.0053413512557481,suppressed_lt20
A~B,AMR,A*02:06,B*53:01,0.0,0.0403286034353995,0.017176997759522,0.0007344505812922,-1.0,not_observed
A~B,AMR,A*03:01,B*07:02,,0.0530246452576549,0.046303211351755,0.0237279666915099,0.1654243411010481,suppressed_lt20
A~B,AMR,A*03:01,B*08:01,,0.0530246452576549,0.0276325616131441,0.0003825087863458,-0.4902931100114198,suppressed_lt20
A~B,AMR,A*03:01,B*14:02,,0.0530246452576549,0.0418222554144884,0.0002944190365261,0.0194344299233889,suppressed_lt20
A~B,AMR,A*03:01,B*15:01,,0.0530246452576549,0.0216579536967886,0.0001515716914276,-0.3496843127731908,suppressed_lt20
A~B,AMR,A*03:01,B*18:01,,0.0530246452576549,0.0321135175504107,2.802924992959407e-05,-0.1228300032754666,suppressed_lt20
A~B,AMR,A*03:01,B*27:05,,0.0530246452576549,0.0246452576549663,0.0007222311042915,0.0400057355893317,suppressed_lt20
A~B,AMR,A*03:01,B*35:01,,0.0530246452576549,0.0814040328603435,0.0002212049762866,0.0187106378106034,suppressed_lt20
A~B,AMR,A*03:01,B*35:03,,0.0530246452576549,0.0186706497386109,6.427765175576352e-05,-0.2456338028169012,suppressed_lt20
A~B,AMR,A*03:01,B*35:12,0.0,0.0530246452576549,0.0306198655713218,0.001768675905178,-1.0,not_observed
A~B,AMR,A*03:01,B*38:01,0.0,0.0530246452576549,0.0194174757281553,0.00110878595746,-1.0,not_observed
A~B,AMR,A*03:01,B*39:05,,0.0530246452576549,0.034353995519044,0.0006934728623077,-0.5900183710961421,suppressed_lt20
A~B,AMR,A*03:01,B*39:06,,0.0530246452576549,0.0395817774458551,0.0001918514279126,-0.2883337762423598,suppressed_lt20
A~B,AMR,A*03:01,B*40:01,,0.0530246452576549,0.0194174757281553,0.0002252324579327,0.0252365930599369,suppressed_lt20
A~B,AMR,A*03:01,B*40:02,,0.0530246452576549,0.0522778192681105,0.0006568889588734,-0.4611670020120724,suppressed_lt20
A~B,AMR,A*03:01,B*44:02,,0.0530246452576549,0.0306198655713218,1.1331194404126752e-05,-0.0800412229474406,suppressed_lt20
A~B,AMR,A*03:01,B*44:03,,0.0530246452576549,0.0530246452576549,0.0001293733156864,-0.203134298750248,suppressed_lt20
A~B,AMR,A*03:01,B*45:01,,0.0530246452576549,0.0216579536967886,0.0001120300170893,0.016833460241488,suppressed_lt20
A~B,AMR,A*03:01,B*48:01,0.0,0.0530246452576549,0.0253920836445108,0.0014588394551409,-1.0,not_observed
A~B,AMR,A*03:01,B*49:01,,0.0530246452576549,0.0238984316654219,0.0051955402130439,0.1090053233438485,suppressed_lt20
A~B,AMR,A*03:01,B*51:01,,0.0530246452576549,0.0537714712471994,0.0001459961908193,-0.2142018779342723,suppressed_lt20
A~B,AMR,A*03:01,B*52:01,,0.0530246452576549,0.0164301717699775,1.9064423110119673e-05,-0.1427656850192062,suppressed_lt20
A~B,AMR,A*03:01,B*53:01,,0.0530246452576549,0.017176997759522,0.0004007478982398,0.0358318474831984,suppressed_lt20
A~B,AMR,A*11:01,B*07:02,,0.0485436893203883,0.046303211351755,0.0002787969458124,-0.3354838709677418,suppressed_lt20
A~B,AMR,A*11:01,B*08:01,,0.0485436893203883,0.0276325616131441,0.0002848517660894,-0.4432432432432431,suppressed_lt20
A~B,AMR,A*11:01,B*14:02,,0.0485436893203883,0.0418222554144884,0.0001555437897238,-0.2642857142857143,suppressed_lt20
A~B,AMR,A*11:01,B*15:01,,0.0485436893203883,0.0216579536967886,9.476177941563568e-05,-0.289655172413793,suppressed_lt20
A~B,AMR,A*11:01,B*18:01,,0.0485436893203883,0.0321135175504107,2.966302800189832e-06,-0.0418604651162789,suppressed_lt20
A~B,AMR,A*11:01,B*27:05,,0.0485436893203883,0.0246452576549663,0.0028889545516104,0.0763760049474335,suppressed_lt20
A~B,AMR,A*11:01,B*35:01,,0.0485436893203883,0.0814040328603435,0.0022212581609058,0.0621138211382113,suppressed_lt20
A~B,AMR,A*11:01,B*35:03,,0.0485436893203883,0.0186706497386109,0.0004076041375454,0.0330612244897959,suppressed_lt20
A~B,AMR,A*11:01,B*35:12,,0.0485436893203883,0.0306198655713218,3.83482341788624e-08,0.0002488800398208,suppressed_lt20
A~B,AMR,A*11:01,B*38:01,0.0,0.0485436893203883,0.0194174757281553,0.0010103051121438,-1.0,not_observed
A~B,AMR,A*11:01,B*39:05,0.0,0.0485436893203883,0.034353995519044,0.0018151111952901,-1.0,not_observed
A~B,AMR,A*11:01,B*39:06,,0.0485436893203883,0.0395817774458551,0.0007858092032258,-0.6113207547169811,suppressed_lt20
A~B,AMR,A*11:01,B*40:01,,0.0485436893203883,0.0194174757281553,0.0142365740015614,0.1915227629513343,suppressed_lt20
A~B,AMR,A*11:01,B*40:02,,0.0485436893203883,0.0522778192681105,0.0004763972458284,-0.4114285714285713,suppressed_lt20
A~B,AMR,A*11:01,B*44:02,,0.0485436893203883,0.0306198655713218,3.83482341788624e-08,0.0002488800398208,suppressed_lt20
A~B,AMR,A*11:01,B*44:03,,0.0485436893203883,0.0530246452576549,0.001567970236924,0.0414826498422712,suppressed_lt20
A~B,AMR,A*11:01,B*45:01,,0.0485436893203883,0.0216579536967886,9.476177941563568e-05,-0.289655172413793,suppressed_lt20
A~B,AMR,A*11:01,B*48:01,0.0,0.0485436893203883,0.0253920836445108,0.0013292673391195,-1.0,not_observed
A~B,AMR,A*11:01,B*49:01,,0.0485436893203883,0.0238984316654219,0.0001585360617085,-0.35625,suppressed_lt20
A~B,AMR,A*11:01,B*51:01,,0.0485436893203883,0.0537714712471994,5.818823188312422e-05,-0.1416666666666667,suppressed_lt20
A~B,AMR,A*11:01,B*52:01,0.0,0.0485436893203883,0.0164301717699775,0.0008522771295306,-1.0,not_observed
A~B,AMR,A*11:01,B*53:01,,0.0485436893203883,0.017176997759522,0.0005583454473371,0.0403726708074534,suppressed_lt20
A~B,AMR,A*23:01,B*07:02,,0.0216579536967886,0.046303211351755,0.0042088166531599,0.0960764723354846,suppressed_lt20
A~B,AMR,A*23:01,B*08:01,,0.0216579536967886,0.0276325616131441,0.0047358027947147,0.0779702314741246,suppressed_lt20
A~B,AMR,A*23:01,B*14:02,0.0,0.0216579536967886,0.0418222554144884,0.000966246809422,-1.0,not_observed
A~B,AMR,A*23:01,B*15:01,0.0,0.0216579536967886,0.0216579536967886,0.0004900646815453,-1.0,not_observed
A~B,AMR,A*23:01,B*18:01,,0.0216579536967886,0.0321135175504107,3.997908995348163e-06,0.0024478501489995,suppressed_lt20
A~B,AMR,A*23:01,B*27:05,0.0,0.0216579536967886,0.0246452576549663,0.0005593678033269,-1.0,not_observed
A~B,AMR,A*23:01,B*35:01,,0.0216579536967886,0.0814040328603435,0.0006517722146341,-0.5763998734577664,suppressed_lt20
A~B,AMR,A*23:01,B*35:03,0.0,0.0216579536967886,0.0186706497386109,0.0004211834965782,-1.0,not_observed
A~B,AMR,A*23:01,B*35:12,0.0,0.0216579536967886,0.0306198655713218,0.0006992554605441,-1.0,not_observed
A~B,AMR,A*23:01,B*38:01,0.0,0.0216579536967886,0.0194174757281553,0.0004383644471317,-1.0,not_observed
A~B,AMR,A*23:01,B*39:05,0.0,0.0216579536967886,0.034353995519044,0.0007875642774068,-1.0,not_observed
A~B,AMR,A*23:01,B*39:06,0.0,0.0216579536967886,0.0395817774458551,0.0009123502665226,-1.0,not_observed
A~B,AMR,A*23:01,B*40:01,0.0,0.0216579536967886,0.0194174757281553,0.0004383644471317,-1.0,not_observed
A~B,AMR,A*23:01,B*40:02,0.0,0.0216579536967886,0.0522778192681105,0.0012211334283772,-1.0,not_observed
A~B,AMR,A*23:01,B*44:02,,0.0216579536967886,0.0306198655713218,1.1128962406473822e-05,0.0039849104723447,suppressed_lt20
A~B,AMR,A*23:01,B*44:03,,0.0216579536967886,0.0530246452576549,0.0062840547294034,0.1260741868813227,suppressed_lt20
A~B,AMR,A*23:01,B*45:01,,0.0216579536967886,0.0216579536967886,0.0001718383517752,0.0131087128191629,suppressed_lt20
A~B,AMR,A*23:01,B*48:01,0.0,0.0216579536967886,0.0253920836445108,0.0005767599660729,-1.0,not_observed
A~B,AMR,A*23:01,B*49:01,,0.0216579536967886,0.0238984316654219,0.0060053864142559,0.0814975067936574,suppressed_lt20
A~B,AMR,A*23:01,B*51:01,,0.0216579536967886,0.0537714712471994,0.0001618770310625,-0.3587164750957853,suppressed_lt20
A~B,AMR,A*23:01,B*52:01,0.0,0.0216579536967886,0.0164301717699775,0.0003697971911642,-1.0,not_observed
A~B,AMR,A*23:01,B*53:01,,0.0216579536967886,0.017176997759522,0.0003927222680684,0.0223033521407235,suppressed_lt20
A~B,AMR,A*24:02,B*07:02,,0.1411501120238984,0.046303211351755,0.0007886730701532,-0.3143881208397338,suppressed_lt20
A~B,AMR,A*24:02,B*08:01,,0.1411501120238984,0.0276325616131441,0.000845850286844,-0.4255684255684255,suppressed_lt20
A~B,AMR,A*24:02,B*14:02,,0.1411501120238984,0.0418222554144884,0.0027615932000913,-0.6204648526077098,suppressed_lt20
A~B,AMR,A*24:02,B*15:01,,0.1411501120238984,0.0216579536967886,0.0002595692339217,-0.2671045429666119,suppressed_lt20
A~B,AMR,A*24:02,B*18:01,,0.1411501120238984,0.0321135175504107,0.0001692984314162,-0.1762027808539435,suppressed_lt20
A~B,AMR,A*24:02,B*27:05,,0.1411501120238984,0.0246452576549663,0.0005261253014099,-0.3559403559403559,suppressed_lt20
A~B,AMR,A*24:02,B*35:01,22.0,0.1411501120238984,0.0814040328603435,0.0026920432656501,0.0706581571599521,estimated
A~B,AMR,A*24:02,B*35:03,,0.1411501120238984,0.0186706497386109,0.0030257791111209,0.1616695652173913,suppressed_lt20
A~B,AMR,A*24:02,B*35:12,,0.1411501120238984,0.0306198655713218,9.604240529703791e-05,-0.1360175506516969,suppressed_lt20
A~B,AMR,A*24:02,B*38:01,,0.1411501120238984,0.0194174757281553,2.632975512872209e-05,0.0147826086956522,suppressed_lt20
A~B,AMR,A*24:02,B*39:05,,0.1411501120238984,0.034353995519044,3.3695497272092016e-05,-0.0759144237405108,suppressed_lt20
A~B,AMR,A*24:02,B*39:06,25.0,0.1411501120238984,0.0395817774458551,0.0371454377851789,0.3848728465955701,estimated
A~B,AMR,A*24:02,B*40:01,,0.1411501120238984,0.0194174757281553,0.0001084394153701,-0.1825396825396824,suppressed_lt20
A~B,AMR,A*24:02,B*40:02,20.0,0.1411501120238984,0.0522778192681105,0.009509535056623,0.1683229813664596,estimated
A~B,AMR,A*24:02,B*44:02,,0.1411501120238984,0.0306198655713218,0.0004950706766045,-0.3088140405213575,suppressed_lt20
A~B,AMR,A*24:02,B*44:03,,0.1411501120238984,0.0530246452576549,0.0014819521067335,-0.4012966689023027,suppressed_lt20
A~B,AMR,A*24:02,B*45:01,,0.1411501120238984,0.0216579536967886,0.0007893555948307,0.076551724137931,suppressed_lt20
A~B,AMR,A*24:02,B*48:01,,0.1411501120238984,0.0253920836445108,7.503354868887798e-06,0.0068797953964194,suppressed_lt20
A~B,AMR,A*24:02,B*49:01,,0.1411501120238984,0.0238984316654219,4.604933372688926e-05,0.0175815217391304,suppressed_lt20
A~B,AMR,A*24:02,B*51:01,,0.1411501120238984,0.0537714712471994,0.0015669862040954,-0.4096119929453263,suppressed_lt20
A~B,AMR,A*24:02,B*52:01,,0.1411501120238984,0.0164301717699775,0.0003478206244704,-0.3559403559403559,suppressed_lt20
A~B,AMR,A*24:02,B*53:01,0.0,0.1411501120238984,0.017176997759522,0.0028723404255319,-1.0,not_observed
A~B,AMR,A*26:01,B*07:02,,0.0261389096340552,0.046303211351755,0.0001911057811252,-0.3829493087557603,suppressed_lt20
A~B,AMR,A*26:01,B*08:01,,0.0261389096340552,0.0276325616131441,0.0008699334216707,0.030348913759052,suppressed_lt20
A~B,AMR,A*26:01,B*14:02,,0.0261389096340552,0.0418222554144884,0.0001176042133353,-0.3168367346938775,suppressed_lt20
A~B,AMR,A*26:01,B*15:01,,0.0261389096340552,0.0216579536967886,6.054455494653677e-05,0.0085678019885762,suppressed_lt20
A~B,AMR,A*26:01,B*18:01,0.0,0.0261389096340552,0.0321135175504107,0.0008905409755358,-1.0,not_observed
A~B,AMR,A*26:01,B*27:05,0.0,0.0261389096340552,0.0246452576549663,0.0006782053570589,-1.0,not_observed
A~B,AMR,A*26:01,B*35:01,0.0,0.0261389096340552,0.0814040328603435,0.0023785475584817,-1.0,not_observed
A~B,AMR,A*26:01,B*35:03,,0.0261389096340552,0.0186706497386109,0.0001436001691485,0.0142331288343558,suppressed_lt20
A~B,AMR,A*26:01,B*35:12,,0.0261389096340552,0.0306198655713218,3.7943577965439542e-06,-0.0668989547038326,suppressed_lt20
A~B,AMR,A*26:01,B*38:01,,0.0261389096340552,0.0194174757281553,0.0796644640362371,0.3286042944785276,suppressed_lt20
A~B,AMR,A*26:01,B*39:05,0.0,0.0261389096340552,0.034353995519044,0.0009548821165406,-1.0,not_observed
A~B,AMR,A*26:01,B*39:06,,0.0261389096340552,0.0395817774458551,8.55927400115507e-05,-0.2781671159029649,suppressed_lt20
A~B,AMR,A*26:01,B*40:01,0.0,0.0261389096340552,0.0194174757281553,0.0005314948672781,-1.0,not_observed
A~B,AMR,A*26:01,B*40:02,,0.0261389096340552,0.0522778192681105,0.0003044547961753,-0.453469387755102,suppressed_lt20
A~B,AMR,A*26:01,B*44:02,,0.0261389096340552,0.0306198655713218,0.0006361185676207,0.0273607748184019,suppressed_lt20
A~B,AMR,A*26:01,B*44:03,,0.0261389096340552,0.0530246452576549,9.065492021237774e-06,0.0043488057683641,suppressed_lt20
A~B,AMR,A*26:01,B*45:01,0.0,0.0261389096340552,0.0216579536967886,0.0005941788039151,-1.0,not_observed
A~B,AMR,A*26:01,B*48:01,0.0,0.0261389096340552,0.0253920836445108,0.000699292480549,-1.0,not_observed
A~B,AMR,A*26:01,B*49:01,0.0,0.0261389096340552,0.0238984316654219,0.0006571505015466,-1.0,not_observed
A~B,AMR,A*26:01,B*51:01,,0.0261389096340552,0.0537714712471994,5.995969663102811e-06,0.003562972150186,suppressed_lt20
A~B,AMR,A*26:01,B*52:01,,0.0261389096340552,0.0164301717699775,0.0027529774193273,0.0665086447295036,suppressed_lt20
A~B,AMR,A*26:01,B*53:01,0.0,0.0261389096340552,0.017176997759522,0.0004690967236653,-1.0,not_observed
A~B,AMR,A*29:02,B*07:02,,0.0380881254667662,0.046303211351755,0.0006390056695384,-0.5765338393421885,suppressed_lt20
A~B,AMR,A*29:02,B*08:01,0.0,0.0380881254667662,0.0276325616131441,0.0011252397172052,-1.0,not_observed
A~B,AMR,A*29:02,B*14:02,,0.0380881254667662,0.0418222554144884,6.713349882973946e-06,-0.0623249299719887,suppressed_lt20
A~B,AMR,A*29:02,B*15:01,,0.0380881254667662,0.0216579536967886,7.854177985098153e-06,-0.0946585530764029,suppressed_lt20
A~B,AMR,A*29:02,B*18:01,0.0,0.0380881254667662,0.0321135175504107,0.0013137652403956,-1.0,not_observed
A~B,AMR,A*29:02,B*27:05,0.0,0.0380881254667662,0.0246452576549663,0.0010005183909904,-1.0,not_observed
A~B,AMR,A*29:02,B*35:01,,0.0380881254667662,0.0814040328603435,4.679230372397069e-06,-0.0365173592372727,suppressed_lt20
A~B,AMR,A*29:02,B*35:03,,0.0380881254667662,0.0186706497386109,1.898184990361716e-06,0.0019875776397515,suppressed_lt20
A~B,AMR,A*29:02,B*35:12,,0.0380881254667662,0.0306198655713218,9.856701717756945e-05,0.0111157400393879,suppressed_lt20
A~B,AMR,A*29:02,B*38:01,0.0,0.0380881254667662,0.0194174757281553,0.000784084619642,-1.0,not_observed
A~B,AMR,A*29:02,B*39:05,0.0,0.0380881254667662,0.034353995519044,0.0014086841233012,-1.0,not_observed
A~B,AMR,A*29:02,B*39:06,0.0,0.0380881254667662,0.0395817774458551,0.0016318837359813,-1.0,not_observed
A~B,AMR,A*29:02,B*40:01,,0.0380881254667662,0.0194174757281553,7.536376582488676e-08,0.0003881987577639,suppressed_lt20
A~B,AMR,A*29:02,B*40:02,,0.0380881254667662,0.0522778192681105,0.0001363590627603,-0.2498599439775909,suppressed_lt20
A~B,AMR,A*29:02,B*44:02,,0.0380881254667662,0.0306198655713218,9.856701717756945e-05,0.0111157400393879,suppressed_lt20
A~B,AMR,A*29:02,B*44:03,21.0,0.0380881254667662,0.0530246452576549,0.1014840099517449,0.37882724067545,estimated
A~B,AMR,A*29:02,B*45:01,,0.0380881254667662,0.0216579536967886,0.006023324616478,0.1037963161276504,suppressed_lt20
A~B,AMR,A*29:02,B*48:01,0.0,0.0380881254667662,0.0253920836445108,0.001031627043621,-1.0,not_observed
A~B,AMR,A*29:02,B*49:01,0.0,0.0380881254667662,0.0238984316654219,0.0009694573415008,-1.0,not_observed
A~B,AMR,A*29:02,B*51:01,,0.0380881254667662,0.0537714712471994,0.0009083104843613,-0.6353485838779956,suppressed_lt20
A~B,AMR,A*29:02,B*52:01,,0.0380881254667662,0.0164301717699775,2.4741439998738327e-05,0.0076581027667984,suppressed_lt20
A~B,AMR,A*29:02,B*53:01,0.0,0.0380881254667662,0.017176997759522,0.0006920321320017,-1.0,not_observed
A~B,AMR,A*30:01,B*07:02,,0.017176997759522,0.046303211351755,0.0006540972838064,0.0426270811344523,suppressed_lt20
A~B,AMR,A*30:01,B*08:01,,0.017176997759522,0.0276325616131441,0.0001633214437538,0.0162959994657049,suppressed_lt20
A~B,AMR,A*30:01,B*14:02,0.0,0.017176997759522,0.0418222554144884,0.0007628397539012,-1.0,not_observed
A~B,AMR,A*30:01,B*15:01,,0.017176997759522,0.0216579536967886,0.0003927222680684,0.0223033521407235,suppressed_lt20
A~B,AMR,A*30:01,B*18:01,0.0,0.017176997759522,0.0321135175504107,0.0005798763555855,-1.0,not_observed
A~B,AMR,A*30:01,B*27:05,0.0,0.017176997759522,0.0246452576549663,0.000441613874705,-1.0,not_observed
A~B,AMR,A*30:01,B*35:01,,0.017176997759522,0.0814040328603435,0.0003361788218677,-0.4658954926206621,suppressed_lt20
A~B,AMR,A*30:01,B*35:03,0.0,0.017176997759522,0.0186706497386109,0.0003325190952704,-1.0,not_observed
A~B,AMR,A*30:01,B*35:12,0.0,0.017176997759522,0.0306198655713218,0.000552053428,-1.0,not_observed
A~B,AMR,A*30:01,B*38:01,0.0,0.017176997759522,0.0194174757281553,0.0003460832405428,-1.0,not_observed
A~B,AMR,A*30:01,B*39:05,0.0,0.017176997759522,0.034353995519044,0.0006217721328547,-1.0,not_observed
A~B,AMR,A*30:01,B*39:06,0.0,0.017176997759522,0.0395817774458551,0.0007202891083305,-1.0,not_observed
A~B,AMR,A*30:01,B*40:01,0.0,0.017176997759522,0.0194174757281553,0.0003460832405428,-1.0,not_observed
A~B,AMR,A*30:01,B*40:02,0.0,0.017176997759522,0.0522778192681105,0.0009640695471388,-1.0,not_observed
A~B,AMR,A*30:01,B*44:02,,0.017176997759522,0.0306198655713218,9.735272163955973e-05,0.0132645541635961,suppressed_lt20
A~B,AMR,A*30:01,B*44:03,0.0,0.017176997759522,0.0530246452576549,0.0009786131379862,-1.0,not_observed
A~B,AMR,A*30:01,B*45:01,,0.017176997759522,0.0216579536967886,0.0003927222680684,0.0223033521407235,suppressed_lt20
A~B,AMR,A*30:01,B*48:01,,0.017176997759522,0.0253920836445108,0.0002310134342209,0.0185573879726803,suppressed_lt20
A~B,AMR,A*30:01,B*49:01,0.0,0.017176997759522,0.0238984316654219,0.0004279039913675,-1.0,not_observed
A~B,AMR,A*30:01,B*51:01,,0.017176997759522,0.0537714712471994,3.63936561757209e-05,-0.1914251207729468,suppressed_lt20
A~B,AMR,A*30:01,B*52:01,,0.017176997759522,0.0164301717699775,0.0007912210296423,0.0287717601547388,suppressed_lt20
A~B,AMR,A*30:01,B*53:01,,0.017176997759522,0.017176997759522,0.0050408686410037,0.0709990749306197,suppressed_lt20
A~B,AMR,A*30:02,B*07:02,,0.0194174757281553,0.046303211351755,2.757430869769975e-05,-0.1693548387096773,suppressed_lt20
A~B,AMR,A*30:02,B*08:01,,0.0194174757281553,0.0276325616131441,8.642351344363493e-05,0.0111367127496159,suppressed_lt20
A~B,AMR,A*30:02,B*14:02,,0.0194174757281553,0.0418222554144884,0.0062012102557544,0.1169134840218238,suppressed_lt20
A~B,AMR,A*30:02,B*15:01,0.0,0.0194174757281553,0.0216579536967886,0.0004383644471317,-1.0,not_observed
A~B,AMR,A*30:02,B*18:01,,0.0194174757281553,0.0321135175504107,0.0251419198767422,0.2052469135802469,suppressed_lt20
A~B,AMR,A*30:02,B*27:05,,0.0194174757281553,0.0246452576549663,0.0001572515597654,0.0141653905053598,suppressed_lt20
A~B,AMR,A*30:02,B*35:01,,0.0194174757281553,0.0814040328603435,0.0004883292088439,-0.5275229357798165,suppressed_lt20
A~B,AMR,A*30:02,B*35:03,0.0,0.0194174757281553,0.0186706497386109,0.0003767500037674,-1.0,not_observed
A~B,AMR,A*30:02,B*35:12,0.0,0.0194174757281553,0.0306198655713218,0.0006254862774413,-1.0,not_observed
A~B,AMR,A*30:02,B*38:01,0.0,0.0194174757281553,0.0194174757281553,0.0003921184197627,-1.0,not_observed
A~B,AMR,A*30:02,B*39:05,0.0,0.0194174757281553,0.034353995519044,0.0007044788005482,-1.0,not_observed
A~B,AMR,A*30:02,B*39:06,0.0,0.0194174757281553,0.0395817774458551,0.0008161002725466,-1.0,not_observed
A~B,AMR,A*30:02,B*40:01,,0.0194174757281553,0.0194174757281553,0.000377181956288,0.0194211728865194,suppressed_lt20
A~B,AMR,A*30:02,B*40:02,0.0,0.0194174757281553,0.0522778192681105,0.0010923078123415,-1.0,not_observed
A~B,AMR,A*30:02,B*44:02,,0.0194174757281553,0.0306198655713218,4.102311843420809e-05,0.0080893682588597,suppressed_lt20
A~B,AMR,A*30:02,B*44:03,0.0,0.0194174757281553,0.0530246452576549,0.00110878595746,-1.0,not_observed
A~B,AMR,A*30:02,B*45:01,0.0,0.0194174757281553,0.0216579536967886,0.0004383644471317,-1.0,not_observed
A~B,AMR,A*30:02,B*48:01,0.0,0.0194174757281553,0.0253920836445108,0.0005159136603315,-1.0,not_observed
A~B,AMR,A*30:02,B*49:01,0.0,0.0194174757281553,0.0238984316654219,0.0004848227745498,-1.0,not_observed
A~B,AMR,A*30:02,B*51:01,,0.0194174757281553,0.0537714712471994,0.0002086041279739,0.0244672454617206,suppressed_lt20
A~B,AMR,A*30:02,B*52:01,0.0,0.0194174757281553,0.0164301717699775,0.0003307847869069,-1.0,not_observed
A~B,AMR,A*30:02,B*53:01,,0.0194174757281553,0.017176997759522,0.004187018411105,0.0688764528626775,suppressed_lt20
A~B,AMR,A*31:01,B*07:02,,0.0612397311426437,0.046303211351755,0.0007093482949682,-0.4732494099134539,suppressed_lt20
A~B,AMR,A*31:01,B*08:01,,0.0612397311426437,0.0276325616131441,0.0005785988507766,-0.558668424522083,suppressed_lt20
A~B,AMR,A*31:01,B*14:02,,0.0612397311426437,0.0418222554144884,0.0014289081493696,-0.7084059233449477,suppressed_lt20
A~B,AMR,A*31:01,B*15:01,,0.0612397311426437,0.0216579536967886,0.0002756847046149,-0.4369217830109335,suppressed_lt20
A~B,AMR,A*31:01,B*18:01,,0.0612397311426437,0.0321135175504107,4.197013798699077e-05,0.0090840132467484,suppressed_lt20
A~B,AMR,A*31:01,B*27:05,,0.0612397311426437,0.0246452576549663,0.0063903138070314,0.1284443480147537,suppressed_lt20
A~B,AMR,A*31:01,B*35:01,,0.0612397311426437,0.0814040328603435,1.3692973714140603e-05,0.0043129089827483,suppressed_lt20
A~B,AMR,A*31:01,B*35:03,,0.0612397311426437,0.0186706497386109,0.0001492982432358,-0.3468292682926828,suppressed_lt20
A~B,AMR,A*31:01,B*35:12,,0.0612397311426437,0.0306198655713218,0.0065869713833614,0.1166346508333818,suppressed_lt20
A~B,AMR,A*31:01,B*38:01,0.0,0.0612397311426437,0.0194174757281553,0.0012917759556385,-1.0,not_observed
A~B,AMR,A*31:01,B*39:05,,0.0612397311426437,0.034353995519044,0.0195829374469606,0.189495347791498,suppressed_lt20
A~B,AMR,A*31:01,B*39:06,,0.0612397311426437,0.0395817774458551,0.0001452033978707,0.0151603848636315,suppressed_lt20
A~B,AMR,A*31:01,B*40:01,,0.0612397311426437,0.0194174757281553,0.0010098003222523,0.0576770087509944,suppressed_lt20
A~B,AMR,A*31:01,B*40:02,,0.0612397311426437,0.0522778192681105,0.0014415244187987,0.0412887828162291,suppressed_lt20
A~B,AMR,A*31:01,B*44:02,0.0,0.0612397311426437,0.0306198655713218,0.0020605717381737,-1.0,not_observed
A~B,AMR,A*31:01,B*44:03,,0.0612397311426437,0.0530246452576549,0.0021657620797466,-0.7700103057368601,suppressed_lt20
A~B,AMR,A*31:01,B*45:01,0.0,0.0612397311426437,0.0216579536967886,0.0014441266313226,-1.0,not_observed
A~B,AMR,A*31:01,B*48:01,,0.0612397311426437,0.0253920836445108,2.6457378569083328e-06,-0.0394548063127689,suppressed_lt20
A~B,AMR,A*31:01,B*49:01,0.0,0.0612397311426437,0.0238984316654219,0.0015971766980197,-1.0,not_observed
A~B,AMR,A*31:01,B*51:01,,0.0612397311426437,0.0537714712471994,0.0004825040527277,0.0235348713869,suppressed_lt20
A~B,AMR,A*31:01,B*52:01,,0.0612397311426437,0.0164301717699775,7.240162603474358e-05,-0.257760532150776,suppressed_lt20
A~B,AMR,A*31:01,B*53:01,0.0,0.0612397311426437,0.017176997759522,0.0011401198878982,-1.0,not_observed
A~B,AMR,A*32:01,B*07:02,,0.0276325616131441,0.046303211351755,3.866047215240552e-05,0.0081271561302884,suppressed_lt20
A~B,AMR,A*32:01,B*08:01,0.0,0.0276325616131441,0.0276325616131441,0.0008075724219621,-1.0,not_observed
A~B,AMR,A*32:01,B*14:02,,0.0276325616131441,0.0418222554144884,0.0010929790049059,0.0409723831391797,suppressed_lt20
A~B,AMR,A*32:01,B*15:01,0.0,0.0276325616131441,0.0216579536967886,0.0006290967507416,-1.0,not_observed
A~B,AMR,A*32:01,B*18:01,,0.0276325616131441,0.0321135175504107,0.0004401218428683,0.0226685018351685,suppressed_lt20
A~B,AMR,A*32:01,B*27:05,,0.0276325616131441,0.0246452576549663,0.00102246694896,0.0339105339105339,suppressed_lt20
A~B,AMR,A*32:01,B*35:01,,0.0276325616131441,0.0814040328603435,3.9636531887807676e-08,-0.0039672700223157,suppressed_lt20
A~B,AMR,A*32:01,B*35:03,,0.0276325616131441,0.0186706497386109,0.0001083060208115,0.0127188940092165,suppressed_lt20
A~B,AMR,A*32:01,B*35:12,,0.0276325616131441,0.0306198655713218,1.2358584949231543e-05,-0.1173368490441659,suppressed_lt20
A~B,AMR,A*32:01,B*38:01,,0.0276325616131441,0.0194174757281553,8.642351344363492e-05,0.0111367127496159,suppressed_lt20
A~B,AMR,A*32:01,B*39:05,,0.0276325616131441,0.034353995519044,4.598796426406307e-05,-0.2132784958871915,suppressed_lt20
A~B,AMR,A*32:01,B*39:06,0.0,0.0276325616131441,0.0395817774458551,0.0011711853757707,-1.0,not_observed
A~B,AMR,A*32:01,B*40:01,,0.0276325616131441,0.0194174757281553,8.642351344363492e-05,0.0111367127496159,suppressed_lt20
A~B,AMR,A*32:01,B*40:02,,0.0276325616131441,0.0522778192681105,0.0003657145582824,-0.483011583011583,suppressed_lt20
A~B,AMR,A*32:01,B*44:02,,0.0276325616131441,0.0306198655713218,1.2358584949231543e-05,-0.1173368490441659,suppressed_lt20
A~B,AMR,A*32:01,B*44:03,,0.0276325616131441,0.0530246452576549,5.9972208422082e-07,0.0010870491943047,suppressed_lt20
A~B,AMR,A*32:01,B*45:01,,0.0276325616131441,0.0216579536967886,3.866172891977651e-05,0.0070448646644419,suppressed_lt20
A~B,AMR,A*32:01,B*48:01,0.0,0.0276325616131441,0.0253920836445108,0.0007403876146923,-1.0,not_observed
A~B,AMR,A*32:01,B*49:01,,0.0276325616131441,0.0238984316654219,0.0011078039791295,0.0358582949308755,suppressed_lt20
A~B,AMR,A*32:01,B*51:01,0.0,0.0276325616131441,0.0537714712471994,0.0016149036695412,-1.0,not_observed
A~B,AMR,A*32:01,B*52:01,0.0,0.0276325616131441,0.0164301717699775,0.0004747091968783,-1.0,not_observed
A~B,AMR,A*32:01,B*53:01,,0.0276325616131441,0.017176997759522,0.0022891837855581,0.0610098176718092,suppressed_lt20
A~B,AMR,A*33:01,B*07:02,0.0,0.0231516056758775,0.046303211351755,0.0011506804700427,-1.0,not_observed
A~B,AMR,A*33:01,B*08:01,0.0,0.0231516056758775,0.0276325616131441,0.0006735109946119,-1.0,not_observed
A~B,AMR,A*33:01,B*14:02,,0.0231516056758775,0.0418222554144884,0.0993172088759674,0.4276770673572525,suppressed_lt20
A~B,AMR,A*33:01,B*15:01,0.0,0.0231516056758775,0.0216579536967886,0.0005246632583981,-1.0,not_observed
A~B,AMR,A*33:01,B*18:01,,0.0231516056758775,0.0321135175504107,1.5931607774524264e-08,0.0001493428912783,suppressed_lt20
A~B,AMR,A*33:01,B*27:05,,0.0231516056758775,0.0246452576549663,0.0015673624630418,0.040878328311021,suppressed_lt20
A~B,AMR,A*33:01,B*35:01,,0.0231516056758775,0.0814040328603435,0.0007655248404532,-0.6037289138798461,suppressed_lt20
A~B,AMR,A*33:01,B*35:03,,0.0231516056758775,0.0186706497386109,0.0002388104880939,0.0172477064220183,suppressed_lt20
A~B,AMR,A*33:01,B*35:12,0.0,0.0231516056758775,0.0306198655713218,0.000748622910806,-1.0,not_observed
A~B,AMR,A*33:01,B*38:01,0.0,0.0231516056758775,0.0194174757281553,0.0004693129863445,-1.0,not_observed
A~B,AMR,A*33:01,B*39:05,0.0,0.0231516056758775,0.034353995519044,0.0008431663320017,-1.0,not_observed
A~B,AMR,A*33:01,B*39:06,0.0,0.0231516056758775,0.0395817774458551,0.0009767622145809,-1.0,not_observed
A~B,AMR,A*33:01,B*40:01,0.0,0.0231516056758775,0.0194174757281553,0.0004693129863445,-1.0,not_observed
A~B,AMR,A*33:01,B*40:02,0.0,0.0231516056758775,0.0522778192681105,0.0013073454741748,-1.0,not_observed
A~B,AMR,A*33:01,B*44:02,0.0,0.0231516056758775,0.0306198655713218,0.000748622910806,-1.0,not_observed
A~B,AMR,A*33:01,B*44:03,,0.0231516056758775,0.0530246452576549,0.0009034094898381,0.0461992469726264,suppressed_lt20
A~B,AMR,A*33:01,B*45:01,0.0,0.0231516056758775,0.0216579536967886,0.0005246632583981,-1.0,not_observed
A~B,AMR,A*33:01,B*48:01,0.0,0.0231516056758775,0.0253920836445108,0.0006174792318417,-1.0,not_observed
A~B,AMR,A*33:01,B*49:01,0.0,0.0231516056758775,0.0238984316654219,0.0005802676250441,-1.0,not_observed
A~B,AMR,A*33:01,B*51:01,,0.0231516056758775,0.0537714712471994,0.0008613861642459,0.0454464444840491,suppressed_lt20
A~B,AMR,A*33:01,B*52:01,0.0,0.0231516056758775,0.0164301717699775,0.0003959048806596,-1.0,not_observed
A~B,AMR,A*33:01,B*53:01,0.0,0.0231516056758775,0.017176997759522,0.0004142150711543,-1.0,not_observed
A~B,AMR,A*68:01,B*07:02,,0.0433159073935772,0.046303211351755,0.0008659711189625,-0.6276418242491657,suppressed_lt20
A~B,AMR,A*68:01,B*08:01,0.0,0.0433159073935772,0.0276325616131441,0.0012866771951156,-1.0,not_observed
A~B,AMR,A*68:01,B*14:02,,0.0433159073935772,0.0418222554144884,0.0006826845118956,-0.5877463054187192,suppressed_lt20
A~B,AMR,A*68:01,B*15:01,,0.0433159073935772,0.0216579536967886,4.168135446471609e-05,-0.203923900118906,suppressed_lt20
A~B,AMR,A*68:01,B*18:01,0.0,0.0433159073935772,0.0321135175504107,0.0015022503638168,-1.0,not_observed
A~B,AMR,A*68:01,B*27:05,,0.0433159073935772,0.0246452576549663,0.0001032527076605,-0.3004179728317658,suppressed_lt20
A~B,AMR,A*68:01,B*35:01,,0.0433159073935772,0.0814040328603435,0.0032949506307458,0.0803055789178581,suppressed_lt20
A~B,AMR,A*68:01,B*35:03,,0.0433159073935772,0.0186706497386109,5.048164057588144e-06,-0.0765517241379309,suppressed_lt20
A~B,AMR,A*68:01,B*35:12,,0.0433159073935772,0.0306198655713218,0.000273020603696,-0.4369217830109335,suppressed_lt20
A~B,AMR,A*68:01,B*38:01,0.0,0.0433159073935772,0.0194174757281553,0.0008965767771156,-1.0,not_observed
A~B,AMR,A*68:01,B*39:05,,0.0433159073935772,0.034353995519044,2.2629060321997907e-08,0.0001697043749787,suppressed_lt20
A~B,AMR,A*68:01,B*39:06,,0.0433159073935772,0.0395817774458551,0.0010283413958521,0.0336117125476853,suppressed_lt20
A~B,AMR,A*68:01,B*40:01,,0.0433159073935772,0.0194174757281553,1.1260513921859723e-05,-0.1120689655172412,suppressed_lt20
A~B,AMR,A*68:01,B*40:02,,0.0433159073935772,0.0522778192681105,0.0010520211079717,0.0358006575908263,suppressed_lt20
A~B,AMR,A*68:01,B*44:02,,0.0433159073935772,0.0306198655713218,0.0006793948252432,0.0312065649930503,suppressed_lt20
A~B,AMR,A*68:01,B*44:03,0.0,0.0433159073935772,0.0530246452576549,0.0025352334655742,-1.0,not_observed
A~B,AMR,A*68:01,B*45:01,,0.0433159073935772,0.0216579536967886,0.0003514570504693,0.0268109504966486,suppressed_lt20
A~B,AMR,A*68:01,B*48:01,,0.0433159073935772,0.0253920836445108,0.0231716154923706,0.2006704321072691,suppressed_lt20
A~B,AMR,A*68:01,B*49:01,,0.0433159073935772,0.0238984316654219,0.0002174407542586,0.0200526932084309,suppressed_lt20
A~B,AMR,A*68:01,B*51:01,,0.0433159073935772,0.0537714712471994,0.0011874967698771,-0.6793582375478927,suppressed_lt20
A~B,AMR,A*68:01,B*52:01,,0.0433159073935772,0.0164301717699775,0.0034900567751836,0.0972606628344333,suppressed_lt20
A~B,AMR,A*68:01,B*53:01,0.0,0.0433159073935772,0.017176997759522,0.0007913175734193,-1.0,not_observed
A~B,AMR,A*68:02,B*07:02,,0.0261389096340552,0.046303211351755,7.141660519535556e-05,0.0113659246000671,suppressed_lt20
A~B,AMR,A*68:02,B*08:01,0.0,0.0261389096340552,0.0276325616131441,0.000762748202388,-1.0,not_observed
A~B,AMR,A*68:02,B*14:02,,0.0261389096340552,0.0418222554144884,0.003517021668395,0.0756263222358312,suppressed_lt20
A~B,AMR,A*68:02,B*15:01,,0.0261389096340552,0.0216579536967886,6.054455494653677e-05,0.0085678019885762,suppressed_lt20
A~B,AMR,A*68:02,B*18:01,0.0,0.0261389096340552,0.0321135175504107,0.0008905409755358,-1.0,not_observed
A~B,AMR,A*68:02,B*27:05,,0.0261389096340552,0.0246452576549663,1.7212061669450424e-05,0.0042758877114705,suppressed_lt20
A~B,AMR,A*68:02,B*35:01,,0.0261389096340552,0.0814040328603435,0.000211272846794,-0.2980340760157273,suppressed_lt20
A~B,AMR,A*68:02,B*35:03,0.0,0.0261389096340552,0.0186706497386109,0.0005106638279593,-1.0,not_observed
A~B,AMR,A*68:02,B*35:12,0.0,0.0261389096340552,0.0306198655713218,0.0008478121130195,-1.0,not_observed
A~B,AMR,A*68:02,B*38:01,,0.0261389096340552,0.0194174757281553,0.000118122022544,0.0126533742331288,suppressed_lt20
A~B,AMR,A*68:02,B*39:05,0.0,0.0261389096340552,0.034353995519044,0.0009548821165406,-1.0,not_observed
A~B,AMR,A*68:02,B*39:06,0.0,0.0261389096340552,0.0395817774458551,0.0011061788586858,-1.0,not_observed
A~B,AMR,A*68:02,B*40:01,0.0,0.0261389096340552,0.0194174757281553,0.0005314948672781,-1.0,not_observed
A~B,AMR,A*68:02,B*40:02,0.0,0.0261389096340552,0.0522778192681105,0.0014805629281546,-1.0,not_observed
A~B,AMR,A*68:02,B*44:02,0.0,0.0261389096340552,0.0306198655713218,0.0008478121130195,-1.0,not_observed
A~B,AMR,A*68:02,B*44:03,,0.0261389096340552,0.0530246452576549,9.065492021237774e-06,0.0043488057683641,suppressed_lt20
A~B,AMR,A*68:02,B*45:01,0.0,0.0261389096340552,0.0216579536967886,0.0005941788039151,-1.0,not_observed
A~B,AMR,A*68:02,B*48:01,,0.0261389096340552,0.0253920836445108,1.096320341831113e-05,0.0033607001082641,suppressed_lt20
A~B,AMR,A*68:02,B*49:01,0.0,0.0261389096340552,0.0238984316654219,0.0006571505015466,-1.0,not_observed
A~B,AMR,A*68:02,B*51:01,0.0,0.0261389096340552,0.0537714712471994,0.0015252686167508,-1.0,not_observed
A~B,AMR,A*68:02,B*52:01,0.0,0.0261389096340552,0.0164301717699775,0.0004483605144616,-1.0,not_observed
A~B,AMR,A*68:02,B*53:01,,0.0261389096340552,0.017176997759522,0.0378291940233128,0.2410309415844224,suppressed_lt20
A~B,AMR,A*68:03,B*07:02,0.0,0.0216579536967886,0.046303211351755,0.001074799595904,-1.0,not_observed
A~B,AMR,A*68:03,B*08:01,0.0,0.0216579536967886,0.0276325616131441,0.0006290967507416,-1.0,not_observed
A~B,AMR,A*68:03,B*14:02,,0.0216579536967886,0.0418222554144884,0.0004070026573897,0.0283280027951729,suppressed_lt20
A~B,AMR,A*68:03,B*15:01,,0.0216579536967886,0.0216579536967886,0.0023381896054578,0.0483548302184785,suppressed_lt20
A~B,AMR,A*68:03,B*18:01,0.0,0.0216579536967886,0.0321135175504107,0.0007344972198661,-1.0,not_observed
A~B,AMR,A*68:03,B*27:05,,0.0216579536967886,0.0246452576549663,8.912515854981173e-05,0.0100860748798648,suppressed_lt20
A~B,AMR,A*68:03,B*35:01,,0.0216579536967886,0.0814040328603435,4.5802940334017445e-05,-0.1527997469155329,suppressed_lt20
A~B,AMR,A*68:03,B*35:03,0.0,0.0216579536967886,0.0186706497386109,0.0004211834965782,-1.0,not_observed
A~B,AMR,A*68:03,B*35:12,,0.0216579536967886,0.0306198655713218,0.0010966336115379,0.0395568779554752,suppressed_lt20
A~B,AMR,A*68:03,B*38:01,0.0,0.0216579536967886,0.0194174757281553,0.0004383644471317,-1.0,not_observed
A~B,AMR,A*68:03,B*39:05,,0.0216579536967886,0.034353995519044,0.0508300821162716,0.285809531429181,suppressed_lt20
A~B,AMR,A*68:03,B*39:06,,0.0216579536967886,0.0395817774458551,0.0005027882931628,0.0305947337373304,suppressed_lt20
A~B,AMR,A*68:03,B*40:01,0.0,0.0216579536967886,0.0194174757281553,0.0004383644471317,-1.0,not_observed
A~B,AMR,A*68:03,B*40:02,,0.0216579536967886,0.0522778192681105,0.0001414904536666,-0.3403940886699507,suppressed_lt20
A~B,AMR,A*68:03,B*44:02,0.0,0.0216579536967886,0.0306198655713218,0.0006992554605441,-1.0,not_observed
A~B,AMR,A*68:03,B*44:03,0.0,0.0216579536967886,0.0530246452576549,0.0012395549883208,-1.0,not_observed
A~B,AMR,A*68:03,B*45:01,0.0,0.0216579536967886,0.0216579536967886,0.0004900646815453,-1.0,not_observed
A~B,AMR,A*68:03,B*48:01,0.0,0.0216579536967886,0.0253920836445108,0.0005767599660729,-1.0,not_observed
A~B,AMR,A*68:03,B*49:01,0.0,0.0216579536967886,0.0238984316654219,0.000542002254449,-1.0,not_observed
A~B,AMR,A*68:03,B*51:01,0.0,0.0216579536967886,0.0537714712471994,0.0012580056272857,-1.0,not_observed
A~B,AMR,A*68:03,B*52:01,0.0,0.0216579536967886,0.0164301717699775,0.0003697971911642,-1.0,not_observed
A~B,AMR,A*68:03,B*53:01,0.0,0.0216579536967886,0.017176997759522,0.0003868999280725,-1.0,not_observed
A~B,EAS,A*02:01,B*13:01,,0.0910470409711684,0.0318664643399089,0.0039320480976113,0.1093886636457588,suppressed_lt20
A~B,EAS,A*02:01,B*15:01,,0.0910470409711684,0.0333839150227617,0.003438520299956,0.0998634087114888,suppressed_lt20
A~B,EAS,A*02:01,B*15:02,,0.0910470409711684,0.0682852807283763,0.0005264021287741,-0.2677777777777776,suppressed_lt20
A~B,EAS,A*02:01,B*35:05,0.0,0.0910470409711684,0.0318664643399089,0.0032970311019933,-1.0,not_observed
A~B,EAS,A*02:01,B*38:02,,0.0910470409711684,0.0622154779969651,0.0035618614407775,-0.7321138211382113,suppressed_lt20
A~B,EAS,A*02:01,B*40:01,,0.0910470409711684,0.0910470409711684,0.0069212770062266,0.0831942125765164,suppressed_lt20
A~B,EAS,A*02:01,B*46:01,,0.0910470409711684,0.094081942336874,4.116116150790029e-05,0.0065326633165829,suppressed_lt20
A~B,EAS,A*02:01,B*51:01,,0.0910470409711684,0.0576631259484066,0.0001494330725989,0.0156401019242597,suppressed_lt20
A~B,EAS,A*02:01,B*58:01,0.0,0.0910470409711684,0.0379362670713201,0.0039498006667263,-1.0,not_observed
A~B,EAS,A*02:03,B*13:01,,0.047040971168437,0.0318664643399089,0.0017056517210616,0.0505762814680012,suppressed_lt20
A~B,EAS,A*02:03,B*15:01,0.0,0.047040971168437,0.0333839150227617,0.0017048465638092,-1.0,not_observed
A~B,EAS,A*02:03,B*15:02,,0.047040971168437,0.0682852807283763,1.1022477674509656e-05,-0.0551971326164874,suppressed_lt20
A~B,EAS,A*02:03,B*35:05,,0.047040971168437,0.0318664643399089,2.4536841807269365e-07,0.0006066120715802,suppressed_lt20
A~B,EAS,A*02:03,B*38:02,,0.047040971168437,0.0622154779969651,0.0145931039467825,0.1400459338135504,suppressed_lt20
A~B,EAS,A*02:03,B*40:01,,0.047040971168437,0.0910470409711684,1.956466036641439e-05,0.0063008239539016,suppressed_lt20
A~B,EAS,A*02:03,B*46:01,,0.047040971168437,0.094081942336874,4.197957338628374e-06,0.0029718484897606,suppressed_lt20
A~B,EAS,A*02:03,B*51:01,,0.047040971168437,0.0576631259484066,0.0005863246882717,-0.4405772495755518,suppressed_lt20
A~B,EAS,A*02:03,B*58:01,,0.047040971168437,0.0379362670713201,4.360792020424683e-05,-0.1496774193548387,suppressed_lt20
A~B,EAS,A*02:06,B*13:01,,0.0424886191198786,0.0318664643399089,2.1295573160234015e-05,0.0053580861821749,suppressed_lt20
A~B,EAS,A*02:06,B*15:01,,0.0424886191198786,0.0333839150227617,7.467709366218397e-06,0.0030975363780435,suppressed_lt20
A~B,EAS,A*02:06,B*15:02,,0.0424886191198786,0.0682852807283763,0.0007399130182623,-0.4769841269841269,suppressed_lt20
A~B,EAS,A*02:06,B*35:05,,0.0424886191198786,0.0318664643399089,2.1295573160234015e-05,0.0053580861821749,suppressed_lt20
A~B,EAS,A*02:06,B*38:02,,0.0424886191198786,0.0622154779969651,0.0005341435590678,-0.4259581881533101,suppressed_lt20
A~B,EAS,A*02:06,B*40:01,,0.0424886191198786,0.0910470409711684,0.0016416706005997,-0.6077380952380952,suppressed_lt20
A~B,EAS,A*02:06,B*46:01,,0.0424886191198786,0.094081942336874,8.881384533609154e-05,0.0144173247188322,suppressed_lt20
A~B,EAS,A*02:06,B*51:01,,0.0424886191198786,0.0576631259484066,0.001999304611391,0.0525074764205198,suppressed_lt20
A~B,EAS,A*02:06,B*58:01,,0.0424886191198786,0.0379362670713201,6.002761055828895e-06,-0.0585714285714285,suppressed_lt20
A~B,EAS,A*02:07,B*13:01,,0.0986342943854324,0.0318664643399089,0.0031228514509601,0.1018919352252685,suppressed_lt20
A~B,EAS,A*02:07,B*15:01,,0.0986342943854324,0.0333839150227617,0.0010986183313855,-0.5391608391608391,suppressed_lt20
A~B,EAS,A*02:07,B*15:02,,0.0986342943854324,0.0682852807283763,0.0009925446733264,0.0384960718294051,suppressed_lt20
A~B,EAS,A*02:07,B*35:05,,0.0986342943854324,0.0318664643399089,0.0007240408494326,0.049062049062049,suppressed_lt20
A~B,EAS,A*02:07,B*38:02,,0.0986342943854324,0.0622154779969651,8.596543445387106e-07,-0.0108818011257035,suppressed_lt20
A~B,EAS,A*02:07,B*40:01,,0.0986342943854324,0.0910470409711684,0.0002637745403466,-0.1551282051282051,suppressed_lt20
A~B,EAS,A*02:07,B*46:01,25.0,0.0986342943854324,0.094081942336874,0.1083737196424287,0.3379222330835234,estimated
A~B,EAS,A*02:07,B*51:01,,0.0986342943854324,0.0576631259484066,3.0244135676799477e-05,0.0073542441963494,suppressed_lt20
A~B,EAS,A*02:07,B*58:01,,0.0986342943854324,0.0379362670713201,0.0015248431904583,-0.5944615384615385,suppressed_lt20
A~B,EAS,A*11:01,B*13:01,,0.2230652503793626,0.0318664643399089,0.002309307670299,0.1419270833333333,suppressed_lt20
A~B,EAS,A*11:01,B*15:01,,0.2230652503793626,0.0333839150227617,3.527851218266697e-06,0.0054154829545454,suppressed_lt20
A~B,EAS,A*11:01,B*15:02,,0.2230652503793626,0.0682852807283763,0.0167733073368688,0.2563368055555556,suppressed_lt20
A~B,EAS,A*11:01,B*35:05,,0.2230652503793626,0.0318664643399089,0.0031033331216685,-0.5730482669258179,suppressed_lt20
A~B,EAS,A*11:01,B*38:02,,0.2230652503793626,0.0622154779969651,0.00016621000485,0.0268197408536585,suppressed_lt20
A~B,EAS,A*11:01,B*40:01,,0.2230652503793626,0.0910470409711684,0.0034209998168716,0.0990234374999999,suppressed_lt20
A~B,EAS,A*11:01,B*46:01,,0.2230652503793626,0.094081942336874,0.0036368045429997,-0.3492429229756419,suppressed_lt20
A~B,EAS,A*11:01,B*51:01,,0.2230652503793626,0.0576631259484066,0.0005675510521184,0.0516036184210526,suppressed_lt20
A~B,EAS,A*11:01,B*58:01,,0.2230652503793626,0.0379362670713201,0.0009049290556127,-0.2827210884353741,suppressed_lt20
A~B,EAS,A*24:02,B*13:01,,0.1593323216995447,0.0318664643399089,0.0010095043679721,-0.402267573696145,suppressed_lt20
A~B,EAS,A*24:02,B*15:01,,0.1593323216995447,0.0333839150227617,0.00119017626201,0.08081719724319,suppressed_lt20
A~B,EAS,A*24:02,B*15:02,,0.1593323216995447,0.0682852807283763,0.007222113650811,-0.721058201058201,suppressed_lt20
A~B,EAS,A*24:02,B*35:05,,0.1593323216995447,0.0318664643399089,6.670074070618234e-05,-0.1034013605442175,suppressed_lt20
A~B,EAS,A*24:02,B*38:02,,0.1593323216995447,0.0622154779969651,0.0006921039883901,-0.2346109175377467,suppressed_lt20
A~B,EAS,A*24:02,B*40:01,,0.1593323216995447,0.0910470409711684,4.0227112423251934e-05,0.0087244283995186,suppressed_lt20
A~B,EAS,A*24:02,B*46:01,,0.1593323216995447,0.094081942336874,0.0001557012298679,-0.0889400921658986,suppressed_lt20
A~B,EAS,A*24:02,B*51:01,,0.1593323216995447,0.0576631259484066,0.0029519791735919,-0.5045112781954887,suppressed_lt20
A~B,EAS,A*24:02,B*58:01,,0.1593323216995447,0.0379362670713201,0.001852775694432,-0.4979047619047618,suppressed_lt20
A~B,EAS,A*24:07,B*13:01,0.0,0.0440060698027314,0.0318664643399089,0.0015151515151515,-1.0,not_observed
A~B,EAS,A*24:07,B*15:01,0.0,0.0440060698027314,0.0333839150227617,0.0015897934265281,-1.0,not_observed
A~B,EAS,A*24:07,B*15:02,,0.0440060698027314,0.0682852807283763,0.000894579854481,0.0377400876109176,suppressed_lt20
A~B,EAS,A*24:07,B*35:05,,0.0440060698027314,0.0318664643399089,0.0888284962431386,0.3524565381708239,suppressed_lt20
A~B,EAS,A*24:07,B*38:02,,0.0440060698027314,0.0622154779969651,0.0006067934162849,-0.4457527333894028,suppressed_lt20
A~B,EAS,A*24:07,B*40:01,,0.0440060698027314,0.0910470409711684,8.55421323442739e-05,0.0136434287030107,suppressed_lt20
A~B,EAS,A*24:07,B*46:01,,0.0440060698027314,0.094081942336874,0.0003407045290545,-0.2669632925472747,suppressed_lt20
A~B,EAS,A*24:07,B*51:01,,0.0440060698027314,0.0576631259484066,0.0004551910436687,-0.4019963702359346,suppressed_lt20
A~B,EAS,A*24:07,B*58:01,,0.0440060698027314,0.0379362670713201,0.001214343556778,0.0376507936507936,suppressed_lt20
A~B,EAS,A*33:03,B*13:01,0.0,0.0667678300455235,0.0318664643399089,0.0023549201009251,-1.0,not_observed
A~B,EAS,A*33:03,B*15:01,,0.0667678300455235,0.0333839150227617,0.0003230324738085,0.0258684405025868,suppressed_lt20
A~B,EAS,A*33:03,B*15:02,,0.0667678300455235,0.0682852807283763,1.2037431597293008e-08,-0.0015151515151513,suppressed_lt20
A~B,EAS,A*33:03,B*35:05,0.0,0.0667678300455235,0.0318664643399089,0.0023549201009251,-1.0,not_observed
A~B,EAS,A*33:03,B*38:02,0.0,0.0667678300455235,0.0622154779969651,0.0047464940668824,-1.0,not_observed
A~B,EAS,A*33:03,B*40:01,,0.0667678300455235,0.0910470409711684,0.0040351816137678,-0.7503787878787879,suppressed_lt20
A~B,EAS,A*33:03,B*46:01,,0.0667678300455235,0.094081942336874,0.0042739276734785,-0.7584310850439883,suppressed_lt20
A~B,EAS,A*33:03,B*51:01,,0.0667678300455235,0.0576631259484066,0.0001456789121204,0.013050919982884,suppressed_lt20
A~B,EAS,A*33:03,B*58:01,,0.0667678300455235,0.0379362670713201,0.1080642479266777,0.4427967479674797,suppressed_lt20
A~B,EAS,A*34:01,B*13:01,0.0,0.0394537177541729,0.0318664643399089,0.0013519737330817,-1.0,not_observed
A~B,EAS,A*34:01,B*15:01,0.0,0.0394537177541729,0.0333839150227617,0.0014185769094367,-1.0,not_observed
A~B,EAS,A*34:01,B*15:02,,0.0394537177541729,0.0682852807283763,0.0005742273283221,-0.4367521367521367,suppressed_lt20
A~B,EAS,A*34:01,B*35:05,0.0,0.0394537177541729,0.0318664643399089,0.0013519737330817,-1.0,not_observed
A~B,EAS,A*34:01,B*38:02,,0.0394537177541729,0.0622154779969651,0.0200006904344356,0.1797361214836943,suppressed_lt20
A~B,EAS,A*34:01,B*40:01,,0.0394537177541729,0.0910470409711684,9.90092113528487e-05,-0.155128205128205,suppressed_lt20
A~B,EAS,A*34:01,B*46:01,0.0,0.0394537177541729,0.094081942336874,0.0042656674631715,-1.0,not_observed
A~B,EAS,A*34:01,B*51:01,,0.0394537177541729,0.0576631259484066,0.0002787016507955,-0.332995951417004,suppressed_lt20
A~B,EAS,A*34:01,B*58:01,0.0,0.0394537177541729,0.0379362670713201,0.0016196470664453,-1.0,not_observed
A~B,EUR,A*01:01,B*07:02,,0.1550591327201051,0.1314060446780552,0.0048875522469232,-0.4195762711864407,suppressed_lt20
A~B,EUR,A*01:01,B*08:01,42.0,0.1550591327201051,0.1156373193166885,0.1036171543221707,0.3813445496960271,estimated
A~B,EUR,A*01:01,B*13:02,,0.1550591327201051,0.0275952693823915,0.0025003257619173,-0.6928974979822438,suppressed_lt20
A~B,EUR,A*01:01,B*15:01,,0.1550591327201051,0.0709592641261498,0.0022748123820198,-0.4028562460765851,suppressed_lt20
A~B,EUR,A*01:01,B*18:01,,0.1550591327201051,0.0551905387647831,0.0031183636296303,-0.5393462469733656,suppressed_lt20
A~B,EUR,A*01:01,B*27:05,,0.1550591327201051,0.0367936925098554,0.0041527686196114,-0.7696731234866827,suppressed_lt20
A~B,EUR,A*01:01,B*35:01,,0.1550591327201051,0.0591327201051248,0.0002264265528133,-0.1401129943502827,suppressed_lt20
A~B,EUR,A*01:01,B*40:01,,0.1550591327201051,0.0630749014454664,0.001330868150998,-0.3282132768361582,suppressed_lt20
A~B,EUR,A*01:01,B*44:02,,0.1550591327201051,0.1064388961892247,0.0028811909221742,-0.3630466624816908,suppressed_lt20
A~B,EUR,A*01:01,B*44:03,,0.1550591327201051,0.0459921156373193,0.0017694412421795,-0.4472154963680388,suppressed_lt20
A~B,EUR,A*01:01,B*51:01,,0.1550591327201051,0.0446780551905387,0.0004996252821048,-0.2412761714855433,suppressed_lt20
A~B,EUR,A*01:01,B*57:01,,0.1550591327201051,0.0302233902759526,0.0319832245679,0.433971194806951,suppressed_lt20
A~B,EUR,A*02:01,B*07:02,29.0,0.2759526938239159,0.1314060446780552,0.0001494111668131,0.0194010889292196,estimated
A~B,EUR,A*02:01,B*08:01,,0.2759526938239159,0.1156373193166885,0.0127517202784918,-0.505844155844156,suppressed_lt20
A~B,EUR,A*02:01,B*13:02,,0.2759526938239159,0.0275952693823915,1.3534034794081364e-05,0.0134819808141041,suppressed_lt20
A~B,EUR,A*02:01,B*15:01,20.0,0.2759526938239159,0.0709592641261498,0.0034078414734732,0.1304026349398399,estimated
A~B,EUR,A*02:01,B*18:01,,0.2759526938239159,0.0551905387647831,2.7858652983644532e-05,0.0134819808141041,suppressed_lt20
A~B,EUR,A*02:01,B*27:05,,0.2759526938239159,0.0367936925098554,0.0018130229538253,-0.352891156462585,suppressed_lt20
A~B,EUR,A*02:01,B*35:01,,0.2759526938239159,0.0591327201051248,0.0063981568253131,-0.5168253968253969,suppressed_lt20
A~B,EUR,A*02:01,B*40:01,,0.2759526938239159,0.0630749014454664,0.0011093814399292,0.0792498487598306,suppressed_lt20
A~B,EUR,A*02:01,B*44:02,40.0,0.2759526938239159,0.1064388961892247,0.0283000498265672,0.3009119222065379,estimated
A~B,EUR,A*02:01,B*44:03,,0.2759526938239159,0.0459921156373193,0.00054168043703,-0.1717006802721087,suppressed_lt20
A~B,EUR,A*02:01,B*51:01,,0.2759526938239159,0.0446780551905387,0.0026498921664043,0.1469520657627841,suppressed_lt20
A~B,EUR,A*02:01,B*57:01,,0.2759526938239159,0.0302233902759526,0.0016240814939026,-0.3697722567287784,suppressed_lt20
A~B,EUR,A*03:01,B*07:02,41.0,0.1550591327201051,0.1314060446780552,0.0750505348524109,0.3017262830482115,estimated
A~B,EUR,A*03:01,B*08:01,,0.1550591327201051,0.1156373193166885,0.0027809175934204,-0.3404275808936826,suppressed_lt20
A~B,EUR,A*03:01,B*13:02,,0.1550591327201051,0.0275952693823915,0.0025003257619173,-0.6928974979822438,suppressed_lt20
A~B,EUR,A*03:01,B*15:01,,0.1550591327201051,0.0709592641261498,0.000376987045805,-0.1639987445072191,suppressed_lt20
A~B,EUR,A*03:01,B*18:01,,0.1550591327201051,0.0551905387647831,6.638318002415069e-05,-0.0786924939467313,suppressed_lt20
A~B,EUR,A*03:01,B*27:05,,0.1550591327201051,0.0367936925098554,0.0020392027737191,-0.5393462469733656,suppressed_lt20
A~B,EUR,A*03:01,B*35:01,,0.1550591327201051,0.0591327201051248,0.00024759432014,0.0268878520822532,suppressed_lt20
A~B,EUR,A*03:01,B*40:01,,0.1550591327201051,0.0630749014454664,0.002643497080979,-0.4625706214689265,suppressed_lt20
A~B,EUR,A*03:01,B*44:02,,0.1550591327201051,0.1064388961892247,0.0028811909221742,-0.3630466624816908,suppressed_lt20
A~B,EUR,A*03:01,B*44:03,,0.1550591327201051,0.0459921156373193,0.0058871401754459,-0.8157384987893462,suppressed_lt20
A~B,EUR,A*03:01,B*51:01,,0.1550591327201051,0.0446780551905387,0.0042915320815317,0.1297685481657671,suppressed_lt20
A~B,EUR,A*03:01,B*57:01,,0.1550591327201051,0.0302233902759526,0.0011032535478726,-0.4392041267501843,suppressed_lt20
A~B,EUR,A*11:01,B*07:02,,0.0696452036793692,0.1314060446780552,0.0057545758712406,-0.7128301886792453,suppressed_lt20
A~B,EUR,A*11:01,B*08:01,,0.0696452036793692,0.1156373193166885,0.0009124584868322,0.0399226218845496,suppressed_lt20
A~B,EUR,A*11:01,B*13:02,,0.0696452036793692,0.0275952693823915,0.0002124834871876,-0.3162623539982029,suppressed_lt20
A~B,EUR,A*11:01,B*15:01,,0.0696452036793692,0.0709592641261498,0.0030812703429621,-0.7341020265548567,suppressed_lt20
A~B,EUR,A*11:01,B*18:01,,0.0696452036793692,0.0551905387647831,0.001894034743609,-0.6581311769991015,suppressed_lt20
A~B,EUR,A*11:01,B*27:05,,0.0696452036793692,0.0367936925098554,0.0008289387184847,0.0403046811945116,suppressed_lt20
A~B,EUR,A*11:01,B*35:01,,0.0696452036793692,0.0591327201051248,0.029637308555382,0.1878844946641557,suppressed_lt20
A~B,EUR,A*11:01,B*40:01,,0.0696452036793692,0.0630749014454664,0.0024754992086348,-0.7008647798742138,suppressed_lt20
A~B,EUR,A*11:01,B*44:02,,0.0696452036793692,0.1064388961892247,0.0007547824923397,-0.2909387374796179,suppressed_lt20
A~B,EUR,A*11:01,B*44:03,,0.0696452036793692,0.0459921156373193,0.0001921205165674,0.0172719935431799,suppressed_lt20
A~B,EUR,A*11:01,B*51:01,,0.0696452036793692,0.0446780551905387,0.0002494409188066,0.0199817215021601,suppressed_lt20
A~B,EUR,A*11:01,B*57:01,,0.0696452036793692,0.0302233902759526,0.0003293348052384,-0.3757178014766201,suppressed_lt20
A~B,EUR,A*24:02,B*07:02,,0.064388961892247,0.1314060446780552,0.0005199369774937,-0.2234693877551021,suppressed_lt20
A~B,EUR,A*24:02,B*08:01,,0.064388961892247,0.1156373193166885,0.0037673380893229,-0.6470315398886828,suppressed_lt20
A~B,EUR,A*24:02,B*13:02,,0.064388961892247,0.0275952693823915,0.0029004673753584,0.083868378812199,suppressed_lt20
A~B,EUR,A*24:02,B*15:01,,0.064388961892247,0.0709592641261498,0.0088947241652021,0.0993562913142626,suppressed_lt20
A~B,EUR,A*24:02,B*18:01,,0.064388961892247,0.0551905387647831,4.805192402922172e-05,0.0075240770465489,suppressed_lt20
A~B,EUR,A*24:02,B*27:05,,0.064388961892247,0.0367936925098554,0.0039042216603278,0.083868378812199,suppressed_lt20
A~B,EUR,A*24:02,B*35:01,,0.064388961892247,0.0591327201051248,0.0022773949619183,0.0499375780274656,suppressed_lt20
A~B,EUR,A*24:02,B*40:01,,0.064388961892247,0.0630749014454664,0.0005769648341868,-0.352891156462585,suppressed_lt20
A~B,EUR,A*24:02,B*44:02,,0.064388961892247,0.1064388961892247,0.0014792621168317,-0.4247921390778535,suppressed_lt20
A~B,EUR,A*24:02,B*44:03,,0.064388961892247,0.0459921156373193,0.0010266348689562,-0.5562682215743441,suppressed_lt20
A~B,EUR,A*24:02,B*51:01,,0.064388961892247,0.0446780551905387,0.0004414493955472,0.0254874421678783,suppressed_lt20
A~B,EUR,A*24:02,B*57:01,0.0,0.064388961892247,0.0302233902759526,0.0021448037514083,-1.0,not_observed
A~B,EUR,A*25:01,B*07:02,,0.0302233902759526,0.1314060446780552,0.0021110162788794,-0.6691304347826087,suppressed_lt20
A~B,EUR,A*25:01,B*08:01,,0.0302233902759526,0.1156373193166885,0.0031553381234262,0.1150591123457587,suppressed_lt20
A~B,EUR,A*25:01,B*13:02,0.0,0.0302233902759526,0.0275952693823915,0.0008844210063722,-1.0,not_observed
A~B,EUR,A*25:01,B*15:01,0.0,0.0302233902759526,0.0709592641261498,0.0023803774105633,-1.0,not_observed
A~B,EUR,A*25:01,B*18:01,,0.0302233902759526,0.0551905387647831,0.0511819430976325,0.3097296970429944,suppressed_lt20
A~B,EUR,A*25:01,B*27:05,0.0,0.0302233902759526,0.0367936925098554,0.001190489394662,-1.0,not_observed
A~B,EUR,A*25:01,B*35:01,,0.0302233902759526,0.0591327201051248,0.0001372749808247,-0.2647342995169082,suppressed_lt20
A~B,EUR,A*25:01,B*40:01,,0.0302233902759526,0.0630749014454664,0.0002025224977639,-0.3106884057971014,suppressed_lt20
A~B,EUR,A*25:01,B*44:02,,0.0302233902759526,0.1064388961892247,0.0001243742940097,-0.1830381105743424,suppressed_lt20
A~B,EUR,A*25:01,B*44:03,0.0,0.0302233902759526,0.0459921156373193,0.0015024599281805,-1.0,not_observed
A~B,EUR,A*25:01,B*51:01,0.0,0.0302233902759526,0.0446780551905387,0.0014575248916175,-1.0,not_observed
A~B,EUR,A*25:01,B*57:01,0.0,0.0302233902759526,0.0302233902759526,0.0009712766504358,-1.0,not_observed
A~B,EUR,A*29:02,B*07:02,0.0,0.0341655716162943,0.1314060446780552,0.005351611143701,-1.0,not_observed
A~B,EUR,A*29:02,B*08:01,,0.0341655716162943,0.1156373193166885,0.0005184407328325,-0.3347902097902097,suppressed_lt20
A~B,EUR,A*29:02,B*13:02,,0.0341655716162943,0.0275952693823915,0.0001556557679006,0.01392938127632,suppressed_lt20
A~B,EUR,A*29:02,B*15:01,,0.0341655716162943,0.0709592641261498,1.9084911655801423e-05,0.0064193232510064,suppressed_lt20
A~B,EUR,A*29:02,B*18:01,0.0,0.0341655716162943,0.0551905387647831,0.0020663620107291,-1.0,not_observed
A~B,EUR,A*29:02,B*27:05,,0.0341655716162943,0.0367936925098554,0.0016073790804419,0.0416622940497429,suppressed_lt20
A~B,EUR,A*29:02,B*35:01,,0.0341655716162943,0.0591327201051248,0.0002716817042435,-0.3495726495726496,suppressed_lt20
A~B,EUR,A*29:02,B*40:01,,0.0341655716162943,0.0630749014454664,0.0003626322863449,-0.3902243589743588,suppressed_lt20
A~B,EUR,A*29:02,B*44:02,0.0,0.0341655716162943,0.1064388961892247,0.0042136854741896,-1.0,not_observed
A~B,EUR,A*29:02,B*44:03,,0.0341655716162943,0.0459921156373193,0.1661794997416518,0.4758953168044077,suppressed_lt20
A~B,EUR,A*29:02,B*51:01,0.0,0.0341655716162943,0.0446780551905387,0.0016543618823045,-1.0,not_observed
A~B,EUR,A*29:02,B*57:01,0.0,0.0341655716162943,0.0302233902759526,0.0011024463986136,-1.0,not_observed
A~B,EUR,A*32:01,B*07:02,,0.0420499342969776,0.1314060446780552,0.0018260175483378,-0.524375,suppressed_lt20
A~B,EUR,A*32:01,B*08:01,,0.0420499342969776,0.1156373193166885,0.0012119740180592,-0.4595170454545454,suppressed_lt20
A~B,EUR,A*32:01,B*13:02,0.0,0.0420499342969776,0.0275952693823915,0.001245690134579,-1.0,not_observed
A~B,EUR,A*32:01,B*15:01,,0.0420499342969776,0.0709592641261498,0.0019445588820427,0.0581683168316831,suppressed_lt20
A~B,EUR,A*32:01,B*18:01,,0.0420499342969776,0.0551905387647831,4.497636131936177e-05,0.0077364394993045,suppressed_lt20
A~B,EUR,A*32:01,B*27:05,,0.0420499342969776,0.0367936925098554,3.806519197037615e-05,-0.1506696428571428,suppressed_lt20
A~B,EUR,A*32:01,B*35:01,,0.0420499342969776,0.0591327201051248,8.94591283008874e-06,0.0035789106145251,suppressed_lt20
A~B,EUR,A*32:01,B*40:01,,0.0420499342969776,0.0630749014454664,0.0028483569235781,0.06609396914446,suppressed_lt20
A~B,EUR,A*32:01,B*44:02,,0.0420499342969776,0.1064388961892247,0.0030326539623622,0.0907169117647058,suppressed_lt20
A~B,EUR,A*32:01,B*44:03,0.0,0.0420499342969776,0.0459921156373193,0.0021161861790369,-1.0,not_observed
A~B,EUR,A*32:01,B*51:01,0.0,0.0420499342969776,0.0446780551905387,0.0020528960362879,-1.0,not_observed
A~B,EUR,A*32:01,B*57:01,,0.0420499342969776,0.0302233902759526,1.5784045089213383e-06,0.0014910240353074,suppressed_lt20
A~B,EUR,A*68:01,B*07:02,,0.0341655716162943,0.1314060446780552,0.0026773263477391,-0.7073076923076923,suppressed_lt20
A~B,EUR,A*68:01,B*08:01,,0.0341655716162943,0.1156373193166885,0.0020602487090493,-0.6673951048951049,suppressed_lt20
A~B,EUR,A*68:01,B*13:02,,0.0341655716162943,0.0275952693823915,0.0001556557679006,0.01392938127632,suppressed_lt20
A~B,EUR,A*68:01,B*15:01,,0.0341655716162943,0.0709592641261498,0.0005666933093349,-0.4579772079772079,suppressed_lt20
A~B,EUR,A*68:01,B*18:01,,0.0341655716162943,0.0551905387647831,0.0001898528494424,-0.3031135531135531,suppressed_lt20
A~B,EUR,A*68:01,B*27:05,,0.0341655716162943,0.0367936925098554,0.0016073790804419,0.0416622940497429,suppressed_lt20
A~B,EUR,A*68:01,B*35:01,,0.0341655716162943,0.0591327201051248,0.0002716817042435,-0.3495726495726496,suppressed_lt20
A~B,EUR,A*68:01,B*40:01,,0.0341655716162943,0.0630749014454664,0.0168329916927392,0.1789837091379868,suppressed_lt20
A~B,EUR,A*68:01,B*44:02,,0.0341655716162943,0.1064388961892247,0.0057493082703166,0.1391402714932126,suppressed_lt20
A~B,EUR,A*68:01,B*44:03,0.0,0.0341655716162943,0.0459921156373193,0.0017053653417289,-1.0,not_observed
A~B,EUR,A*68:01,B*51:01,0.0,0.0341655716162943,0.0446780551905387,0.0016543618823045,-1.0,not_observed
A~B,EUR,A*68:01,B*57:01,,0.0341655716162943,0.0302233902759526,8.190875483709907e-05,0.0096421177166518,suppressed_lt20
A~B,SAS,A*01:01,B*07:02,,0.15600624024961,0.0436817472698908,0.0050198358254025,-0.7710714285714286,suppressed_lt20
A~B,SAS,A*01:01,B*08:01,,0.15600624024961,0.0374414976599064,0.0015602347135135,-0.4658333333333334,suppressed_lt20
A~B,SAS,A*01:01,B*15:02,,0.15600624024961,0.0405616224648986,0.0020080988695568,-0.5069230769230769,suppressed_lt20
A~B,SAS,A*01:01,B*35:01,,0.15600624024961,0.0577223088923556,1.7630709261366194e-05,0.0072938002697706,suppressed_lt20
A~B,SAS,A*01:01,B*35:03,,0.15600624024961,0.0873634945397816,0.0001257021885487,-0.0842857142857143,suppressed_lt20
A~B,SAS,A*01:01,B*40:06,,0.15600624024961,0.0873634945397816,0.001735873286705,-0.3132142857142858,suppressed_lt20
A~B,SAS,A*01:01,B*44:03,,0.15600624024961,0.0826833073322932,0.0026032602906192,-0.3952830188679245,suppressed_lt20
A~B,SAS,A*01:01,B*51:01,,0.15600624024961,0.0655226209048362,0.0019664966946789,-0.3895238095238095,suppressed_lt20
A~B,SAS,A*01:01,B*52:01,,0.15600624024961,0.0733229329173166,0.0014797924844332,-0.3180851063829787,suppressed_lt20
A~B,SAS,A*01:01,B*57:01,25.0,0.15600624024961,0.0748829953198128,0.0818237733768062,0.4322627849661121,estimated
A~B,SAS,A*01:01,B*58:01,,0.15600624024961,0.0436817472698908,5.9980244943743875e-05,-0.0842857142857143,suppressed_lt20
A~B,SAS,A*02:01,B*07:02,,0.0452418096723869,0.0436817472698908,0.0100762811734357,0.1022408963585434,suppressed_lt20
A~B,SAS,A*02:01,B*08:01,,0.0452418096723869,0.0374414976599064,1.1510112095783153e-05,-0.0790229885057472,suppressed_lt20
A~B,SAS,A*02:01,B*15:02,,0.0452418096723869,0.0405616224648986,4.499445576969943e-05,-0.149867374005305,suppressed_lt20
A~B,SAS,A*02:01,B*35:01,,0.0452418096723869,0.0577223088923556,0.0004705214328684,-0.4026095060577819,suppressed_lt20
A~B,SAS,A*02:01,B*35:03,,0.0452418096723869,0.0873634945397816,0.0016619338078093,-0.6052955665024631,suppressed_lt20
A~B,SAS,A*02:01,B*40:06,,0.0452418096723869,0.0873634945397816,0.0016619338078093,-0.6052955665024631,suppressed_lt20
A~B,SAS,A*02:01,B*44:03,,0.0452418096723869,0.0826833073322932,0.0019069454572836,0.0602275392915787,suppressed_lt20
A~B,SAS,A*02:01,B*51:01,,0.0452418096723869,0.0655226209048362,0.0011131474638096,0.0405848828507282,suppressed_lt20
A~B,SAS,A*02:01,B*52:01,,0.0452418096723869,0.0733229329173166,1.3241473471933935e-05,-0.0594277329420395,suppressed_lt20
A~B,SAS,A*02:01,B*57:01,0.0,0.0452418096723869,0.0748829953198128,0.0038355983202724,-1.0,not_observed
A~B,SAS,A*02:01,B*58:01,,0.0452418096723869,0.0436817472698908,0.0040519137470667,0.0648342670401493,suppressed_lt20
A~B,SAS,A*02:11,B*07:02,,0.0577223088923556,0.0436817472698908,0.0004067588611358,-0.3812741312741313,suppressed_lt20
A~B,SAS,A*02:11,B*08:01,,0.0577223088923556,0.0374414976599064,0.0001843566628442,-0.2781531531531531,suppressed_lt20
A~B,SAS,A*02:11,B*15:02,,0.0577223088923556,0.0405616224648986,0.0002883519803241,-0.3336798336798337,suppressed_lt20
A~B,SAS,A*02:11,B*35:01,,0.0577223088923556,0.0577223088923556,0.0010611711473575,-0.5317750182615048,suppressed_lt20
A~B,SAS,A*02:11,B*35:03,,0.0577223088923556,0.0873634945397816,0.00429857664957,0.0819588819588819,suppressed_lt20
A~B,SAS,A*02:11,B*40:06,,0.0577223088923556,0.0873634945397816,0.0338611494654541,0.23003003003003,suppressed_lt20
A~B,SAS,A*02:11,B*44:03,,0.0577223088923556,0.0826833073322932,0.0025018196775216,-0.6731259561448241,suppressed_lt20
A~B,SAS,A*02:11,B*51:01,,0.0577223088923556,0.0655226209048362,0.0002421798226616,0.0166493705725759,suppressed_lt20
A~B,SAS,A*02:11,B*52:01,,0.0577223088923556,0.0733229329173166,0.0010908999742309,0.0375375375375375,suppressed_lt20
A~B,SAS,A*02:11,B*57:01,,0.0577223088923556,0.0748829953198128,3.397035427037771e-05,0.0066997857891618,suppressed_lt20
A~B,SAS,A*02:11,B*58:01,0.0,0.0577223088923556,0.0436817472698908,0.0027980942709289,-1.0,not_observed
A~B,SAS,A*03:01,B*07:02,,0.0624024960998439,0.0436817472698908,0.0015627090288034,0.0477180888994532,suppressed_lt20
A~B,SAS,A*03:01,B*08:01,,0.0624024960998439,0.0374414976599064,0.0002858580962217,-0.3322916666666667,suppressed_lt20
A~B,SAS,A*03:01,B*15:02,,0.0624024960998439,0.0405616224648986,0.0004141549574973,-0.3836538461538462,suppressed_lt20
A~B,SAS,A*03:01,B*35:01,,0.0624024960998439,0.0577223088923556,0.0104197273382736,0.1063992445024059,suppressed_lt20
A~B,SAS,A*03:01,B*35:03,,0.0624024960998439,0.0873634945397816,0.0011824322608432,0.0412393162393162,suppressed_lt20
A~B,SAS,A*03:01,B*40:06,,0.0624024960998439,0.0873634945397816,0.0001332943263059,0.0138461538461538,suppressed_lt20
A~B,SAS,A*03:01,B*44:03,0.0,0.0624024960998439,0.0826833073322932,0.005999071841715,-1.0,not_observed
A~B,SAS,A*03:01,B*51:01,,0.0624024960998439,0.0655226209048362,9.7634199777539e-05,0.0101419031719532,suppressed_lt20
A~B,SAS,A*03:01,B*52:01,,0.0624024960998439,0.0733229329173166,0.0022873037737448,-0.6590425531914893,suppressed_lt20
A~B,SAS,A*03:01,B*57:01,,0.0624024960998439,0.0748829953198128,1.3152615230937984e-08,0.0001264755480607,suppressed_lt20
A~B,SAS,A*03:01,B*58:01,,0.0624024960998439,0.0436817472698908,0.000556055393578,-0.4276785714285714,suppressed_lt20
A~B,SAS,A*11:01,B*07:02,,0.1450858034321372,0.0436817472698908,0.0019979328950328,-0.5076804915514593,suppressed_lt20
A~B,SAS,A*11:01,B*08:01,,0.1450858034321372,0.0374414976599064,0.0001265193773925,-0.1384408602150537,suppressed_lt20
A~B,SAS,A*11:01,B*15:02,,0.1450858034321372,0.0405616224648986,0.0052530194706594,0.1452133632790567,suppressed_lt20
A~B,SAS,A*11:01,B*35:01,,0.1450858034321372,0.0577223088923556,0.0009606411792138,0.0515880844347997,suppressed_lt20
A~B,SAS,A*11:01,B*35:03,,0.1450858034321372,0.0873634945397816,0.0001885030243283,0.0182807612095933,suppressed_lt20
A~B,SAS,A*11:01,B*40:06,,0.1450858034321372,0.0873634945397816,0.0008653694019834,0.0391684045881126,suppressed_lt20
A~B,SAS,A*11:01,B*44:03,,0.1450858034321372,0.0826833073322932,0.0007384825039922,-0.2197200243457089,suppressed_lt20
A~B,SAS,A*11:01,B*51:01,,0.1450858034321372,0.0655226209048362,2.8077787376013496e-06,-0.0153609831029186,suppressed_lt20
A~B,SAS,A*11:01,B*52:01,,0.1450858034321372,0.0733229329173166,0.0299327300472873,0.2533778537039913,suppressed_lt20
A~B,SAS,A*11:01,B*57:01,,0.1450858034321372,0.0748829953198128,0.0024885579826454,-0.4256272401433691,suppressed_lt20
A~B,SAS,A*11:01,B*58:01,0.0,0.1450858034321372,0.0436817472698908,0.0077517533727867,-1.0,not_observed
A~B,SAS,A*24:02,B*07:02,,0.1341653666146645,0.0436817472698908,0.0195498859598408,0.2575289575289575,suppressed_lt20
A~B,SAS,A*24:02,B*08:01,,0.1341653666146645,0.0374414976599064,2.812874689170337e-05,-0.068313953488372,suppressed_lt20
A~B,SAS,A*24:02,B*15:02,,0.1341653666146645,0.0405616224648986,0.000128365636023,-0.1399821109123434,suppressed_lt20
A~B,SAS,A*24:02,B*35:01,,0.1341653666146645,0.0577223088923556,0.0003580526176585,-0.1942174732872407,suppressed_lt20
A~B,SAS,A*24:02,B*35:03,,0.1341653666146645,0.0873634945397816,0.0147287595543409,0.1544079794079794,suppressed_lt20
A~B,SAS,A*24:02,B*40:06,,0.1341653666146645,0.0873634945397816,6.922396457280177e-05,-0.068313953488372,suppressed_lt20
A~B,SAS,A*24:02,B*44:03,,0.1341653666146645,0.0826833073322932,0.0046678469623997,-0.5781044317683194,suppressed_lt20
A~B,SAS,A*24:02,B*51:01,,0.1341653666146645,0.0655226209048362,0.0045211018926901,-0.6450719822812846,suppressed_lt20
A~B,SAS,A*24:02,B*52:01,,0.1341653666146645,0.0733229329173166,0.0016393554575972,-0.3656605640771894,suppressed_lt20
A~B,SAS,A*24:02,B*57:01,,0.1341653666146645,0.0748829953198128,0.0059618689633592,-0.689437984496124,suppressed_lt20
A~B,SAS,A*24:02,B*58:01,,0.1341653666146645,0.0436817472698908,0.0002871266718529,-0.2014119601328903,suppressed_lt20
A~B,SAS,A*26:01,B*07:02,,0.0436817472698908,0.0436817472698908,6.941208072849364e-05,-0.1823979591836735,suppressed_lt20
A~B,SAS,A*26:01,B*08:01,,0.0436817472698908,0.0374414976599064,0.0572630100302909,0.2593121261555193,suppressed_lt20
A~B,SAS,A*26:01,B*15:02,0.0,0.0436817472698908,0.0405616224648986,0.0019310600936351,-1.0,not_observed
A~B,SAS,A*26:01,B*35:01,,0.0436817472698908,0.0577223088923556,0.0004067588611358,-0.3812741312741313,suppressed_lt20
A~B,SAS,A*26:01,B*35:03,,0.0436817472698908,0.0873634945397816,0.0015282593775369,-0.5911989795918368,suppressed_lt20
A~B,SAS,A*26:01,B*40:06,,0.0436817472698908,0.0873634945397816,0.0002241270666462,0.0216727716727716,suppressed_lt20
A~B,SAS,A*26:01,B*44:03,,0.0436817472698908,0.0826833073322932,7.628357490571448e-05,-0.1361185983827492,suppressed_lt20
A~B,SAS,A*26:01,B*51:01,,0.0436817472698908,0.0655226209048362,2.602058833430237e-05,0.0063200572382542,suppressed_lt20
A~B,SAS,A*26:01,B*52:01,0.0,0.0436817472698908,0.0733229329173166,0.0036141732715957,-1.0,not_observed
A~B,SAS,A*26:01,B*57:01,,0.0436817472698908,0.0748829953198128,0.0010115706344599,-0.5230654761904762,suppressed_lt20
A~B,SAS,A*26:01,B*58:01,0.0,0.0436817472698908,0.0436817472698908,0.0020863881799722,-1.0,not_observed
A~B,SAS,A*32:01,B*07:02,0.0,0.0390015600624025,0.0436817472698908,0.0018537742844431,-1.0,not_observed
A~B,SAS,A*32:01,B*08:01,,0.0390015600624025,0.0374414976599064,0.0076754272874613,0.0894886363636363,suppressed_lt20
A~B,SAS,A*32:01,B*15:02,,0.0390015600624025,0.0405616224648986,3.289393533296009e-07,-0.0138461538461539,suppressed_lt20
A~B,SAS,A*32:01,B*35:01,,0.0390015600624025,0.0577223088923556,0.0151046376211939,0.1509933774834437,suppressed_lt20
A~B,SAS,A*32:01,B*35:03,,0.0390015600624025,0.0873634945397816,0.0011418759811616,-0.5421428571428571,suppressed_lt20
A~B,SAS,A*32:01,B*40:06,,0.0390015600624025,0.0873634945397816,2.759938474224195e-05,-0.0842857142857143,suppressed_lt20
A~B,SAS,A*32:01,B*44:03,0.0,0.0390015600624025,0.0826833073322932,0.0036581190917925,-1.0,not_observed
A~B,SAS,A*32:01,B*51:01,,0.0390015600624025,0.0655226209048362,0.000431767334343,-0.3895238095238095,suppressed_lt20
A~B,SAS,A*32:01,B*52:01,,0.0390015600624025,0.0733229329173166,0.0013013621524259,0.0503703703703703,suppressed_lt20
A~B,SAS,A*32:01,B*57:01,,0.0390015600624025,0.0748829953198128,1.5339494681821805e-05,0.0055311973018549,suppressed_lt20
A~B,SAS,A*32:01,B*58:01,,0.0390015600624025,0.0436817472698908,1.3169363845197012e-05,-0.0842857142857143,suppressed_lt20
A~B,SAS,A*33:03,B*07:02,,0.1060842433697348,0.0436817472698908,0.0023851992305681,-0.6633403361344538,suppressed_lt20
A~B,SAS,A*33:03,B*08:01,,0.1060842433697348,0.0374414976599064,0.0017021090018624,-0.6072303921568627,suppressed_lt20
A~B,SAS,A*33:03,B*15:02,,0.1060842433697348,0.0405616224648986,0.0020386179022293,-0.6374434389140272,suppressed_lt20
A~B,SAS,A*33:03,B*35:01,,0.1060842433697348,0.0577223088923556,0.004037386688234,-0.7452305246422893,suppressed_lt20
A~B,SAS,A*33:03,B*35:03,,0.1060842433697348,0.0873634945397816,0.0027836541830228,-0.4950105042016807,suppressed_lt20
A~B,SAS,A*33:03,B*40:06,,0.1060842433697348,0.0873634945397816,0.0027836541830228,-0.4950105042016807,suppressed_lt20
A~B,SAS,A*33:03,B*44:03,23.0,0.1060842433697348,0.0826833073322932,0.1021823008567251,0.3667885014323817,estimated
A~B,SAS,A*33:03,B*51:01,,0.1060842433697348,0.0655226209048362,0.0008880218258671,-0.3266806722689076,suppressed_lt20
A~B,SAS,A*33:03,B*52:01,,0.1060842433697348,0.0733229329173166,0.0033677204125867,-0.5988735919899875,suppressed_lt20
A~B,SAS,A*33:03,B*57:01,,0.1060842433697348,0.0748829953198128,0.0016214295748936,-0.4108455882352941,suppressed_lt20
A~B,SAS,A*33:03,B*58:01,,0.1060842433697348,0.0436817472698908,0.0500927649998872,0.3607579157317377,suppressed_lt20
A~B,SAS,A*68:01,B*07:02,,0.0624024960998439,0.0436817472698908,6.360292079037074e-05,0.0096268124554314,suppressed_lt20
A~B,SAS,A*68:01,B*08:01,,0.0624024960998439,0.0374414976599064,0.0002858580962217,-0.3322916666666667,suppressed_lt20
A~B,SAS,A*68:01,B*15:02,,0.0624024960998439,0.0405616224648986,0.0004141549574973,-0.3836538461538462,suppressed_lt20
A~B,SAS,A*68:01,B*35:01,,0.0624024960998439,0.0577223088923556,7.297216887193857e-05,-0.1337837837837838,suppressed_lt20
A~B,SAS,A*68:01,B*35:03,,0.0624024960998439,0.0873634945397816,0.0032465236510577,-0.7138392857142857,suppressed_lt20
A~B,SAS,A*68:01,B*40:06,,0.0624024960998439,0.0873634945397816,0.0064110296940995,0.096025641025641,suppressed_lt20
A~B,SAS,A*68:01,B*44:03,,0.0624024960998439,0.0826833073322932,0.0002631347958767,0.0188775510204081,suppressed_lt20
A~B,SAS,A*68:01,B*51:01,,0.0624024960998439,0.0655226209048362,0.0130278949848934,0.1171535893155258,suppressed_lt20
A~B,SAS,A*68:01,B*52:01,,0.0624024960998439,0.0733229329173166,0.0005328237830804,-0.3180851063829786,suppressed_lt20
A~B,SAS,A*68:01,B*57:01,,0.0624024960998439,0.0748829953198128,0.0005948547904513,-0.3322916666666667,suppressed_lt20
A~B,SAS,A*68:01,B*58:01,,0.0624024960998439,0.0436817472698908,0.000556055393578,-0.4276785714285714,suppressed_lt20
B~C,AFR,B*07:02,C*01:02,0.0,0.0699447804364975,0.0081514593741782,0.0006180684663357,-1.0,not_observed
B~C,AFR,B*07:02,C*02:02,0.0,0.0699447804364975,0.0128845648172495,0.0009816312792883,-1.0,not_observed
B~C,AFR,B*07:02,C*02:10,,0.0699447804364975,0.0746778858795687,0.0049087533658636,-0.8993169543577253,suppressed_lt20
B~C,AFR,B*07:02,C*03:02,0.0,0.0699447804364975,0.018932421772285,0.0014512887348485,-1.0,not_observed
B~C,AFR,B*07:02,C*03:03,0.0,0.0699447804364975,0.0097291611885353,0.0007388699179045,-1.0,not_observed
B~C,AFR,B*07:02,C*03:04,0.0,0.0699447804364975,0.0575861162240336,0.004595393341815,-1.0,not_observed
B~C,AFR,B*07:02,C*04:01,,0.0699447804364975,0.1887983171180647,0.0148259607357247,-0.9203510168178104,suppressed_lt20
B~C,AFR,B*07:02,C*05:01,,0.0699447804364975,0.0265579805416776,0.0010544793539228,-0.71689123799598,suppressed_lt20
B~C,AFR,B*07:02,C*06:02,0.0,0.0699447804364975,0.0888772022087825,0.0073360120858,-1.0,not_observed
B~C,AFR,B*07:02,C*07:01,,0.0699447804364975,0.0733631343676045,0.0042641418208522,-0.8462688980515806,suppressed_lt20
B~C,AFR,B*07:02,C*07:02,194.0,0.0699447804364975,0.0631080725742834,0.5645485344182167,0.793919046272736,estimated
B~C,AFR,B*07:02,C*07:04,0.0,0.0699447804364975,0.0084144096765711,0.0006381753463237,-1.0,not_observed
B~C,AFR,B*07:02,C*07:18,21.0,0.0699447804364975,0.0449645017091769,0.0020224477089581,0.0568377403786537,estimated
B~C,AFR,B*07:02,C*08:02,,0.0699447804364975,0.0402313962661057,0.002084227105343,-0.8131112093960391,suppressed_lt20
B~C,AFR,B*07:02,C*08:04,0.0,0.0699447804364975,0.0120957139100709,0.0009207955535116,-1.0,not_observed
B~C,AFR,B*07:02,C*12:03,0.0,0.0699447804364975,0.0152511175387851,0.0011647232593226,-1.0,not_observed
B~C,AFR,B*07:02,C*14:02,0.0,0.0699447804364975,0.0199842229818564,0.0015335600143797,-1.0,not_observed
B~C,AFR,B*07:02,C*15:05,32.0,0.0699447804364975,0.0131475151196423,0.066552020852468,0.6129262086513996,estimated
B~C,AFR,B*07:02,C*16:01,,0.0699447804364975,0.0957139100709965,0.0073470289654645,-0.9607225481285632,suppressed_lt20
B~C,AFR,B*07:02,C*17:01,,0.0699447804364975,0.070733631343676,0.0051321093092811,-0.94685132906616,suppressed_lt20
B~C,AFR,B*07:02,C*18:01,0.0,0.0699447804364975,0.0128845648172495,0.0009816312792883,-1.0,not_observed
B~C,AFR,B*07:02,C*18:02,0.0,0.0699447804364975,0.0215619247962135,0.0016572985835537,-1.0,not_observed
B~C,AFR,B*07:06,C*01:02,0.0,0.0070996581646068,0.0081514593741782,5.876541240541365e-05,-1.0,not_observed
B~C,AFR,B*07:06,C*02:02,0.0,0.0070996581646068,0.0128845648172495,9.33326485646948e-05,-1.0,not_observed
B~C,AFR,B*07:06,C*02:10,0.0,0.0070996581646068,0.0746778858795687,0.0005770731284407,-1.0,not_observed
B~C,AFR,B*07:06,C*03:02,0.0,0.0070996581646068,0.018932421772285,0.0001379872711001,-1.0,not_observed
B~C,AFR,B*07:06,C*03:03,0.0,0.0070996581646068,0.0097291611885353,7.025110939089263e-05,-1.0,not_observed
B~C,AFR,B*07:06,C*03:04,0.0,0.0070996581646068,0.0575861162240336,0.0004369260035184,-1.0,not_observed
B~C,AFR,B*07:06,C*04:01,0.0,0.0070996581646068,0.1887983171180647,0.0016641828970139,-1.0,not_observed
B~C,AFR,B*07:06,C*05:01,0.0,0.0070996581646068,0.0265579805416776,0.0001950817927093,-1.0,not_observed
B~C,AFR,B*07:06,C*06:02,0.0,0.0070996581646068,0.0888772022087825,0.0006975016508914,-1.0,not_observed
B~C,AFR,B*07:06,C*07:01,0.0,0.0070996581646068,0.0733631343676045,0.0005661090296081,-1.0,not_observed
B~C,AFR,B*07:06,C*07:02,,0.0070996581646068,0.0631080725742834,0.0388141648035309,0.6046818640138875,suppressed_lt20
B~C,AFR,B*07:06,C*07:04,0.0,0.0070996581646068,0.0084144096765711,6.067715707293394e-05,-1.0,not_observed
B~C,AFR,B*07:06,C*07:18,,0.0070996581646068,0.0449645017091769,1.046432235644774e-05,-0.1763049599306908,suppressed_lt20
B~C,AFR,B*07:06,C*08:02,0.0,0.0070996581646068,0.0402313962661057,0.0002997300905502,-1.0,not_observed
B~C,AFR,B*07:06,C*08:04,0.0,0.0070996581646068,0.0120957139100709,8.754844065089798e-05,-1.0,not_observed
B~C,AFR,B*07:06,C*12:03,0.0,0.0070996581646068,0.0152511175387851,0.0001107408748387,-1.0,not_observed
B~C,AFR,B*07:06,C*14:02,0.0,0.0070996581646068,0.0199842229818564,0.0001458095528279,-1.0,not_observed
B~C,AFR,B*07:06,C*15:05,,0.0070996581646068,0.0131475151196423,0.0564989068067579,0.3244515498712141,suppressed_lt20
B~C,AFR,B*07:06,C*16:01,0.0,0.0070996581646068,0.0957139100709965,0.000756834613925,-1.0,not_observed
B~C,AFR,B*07:06,C*17:01,0.0,0.0070996581646068,0.070733631343676,0.0005442739057868,-1.0,not_observed
B~C,AFR,B*07:06,C*18:01,0.0,0.0070996581646068,0.0128845648172495,9.33326485646948e-05,-1.0,not_observed
B~C,AFR,B*07:06,C*18:02,0.0,0.0070996581646068,0.0215619247962135,0.0001575745084016,-1.0,not_observed
B~C,AFR,B*08:01,C*01:02,,0.0386536944517486,0.0081514593741782,0.0001479305762543,0.0269023081809839,suppressed_lt20
B~C,AFR,B*08:01,C*02:02,0.0,0.0386536944517486,0.0128845648172495,0.0005248231208374,-1.0,not_observed
B~C,AFR,B*08:01,C*02:10,0.0,0.0386536944517486,0.0746778858795687,0.0032449665243321,-1.0,not_observed
B~C,AFR,B*08:01,C*03:02,0.0,0.0386536944517486,0.018932421772285,0.0007759225883792,-1.0,not_observed
B~C,AFR,B*08:01,C*03:03,0.0,0.0386536944517486,0.0097291611885353,0.0003950322533412,-1.0,not_observed
B~C,AFR,B*08:01,C*03:04,35.0,0.0386536944517486,0.0575861162240336,0.0241407072605927,0.1915391156462585,estimated
B~C,AFR,B*08:01,C*04:01,,0.0386536944517486,0.1887983171180647,0.008695727942606,-0.9639683171318668,suppressed_lt20
B~C,AFR,B*08:01,C*05:01,0.0,0.0386536944517486,0.0265579805416776,0.0010969734261567,-1.0,not_observed
B~C,AFR,B*08:01,C*06:02,0.0,0.0386536944517486,0.0888772022087825,0.0039221537033353,-1.0,not_observed
B~C,AFR,B*08:01,C*07:01,93.0,0.0386536944517486,0.0733631343676045,0.1850110596152563,0.6035696912136024,estimated
B~C,AFR,B*08:01,C*07:02,,0.0386536944517486,0.0631080725742834,1.6455640911523086e-05,0.0052504863859661,suppressed_lt20
B~C,AFR,B*08:01,C*07:04,0.0,0.0386536944517486,0.0084144096765711,0.0003411965204918,-1.0,not_observed
B~C,AFR,B*08:01,C*07:18,,0.0386536944517486,0.0449645017091769,0.0002951179047174,-0.3948362970919362,suppressed_lt20
B~C,AFR,B*08:01,C*08:02,0.0,0.0386536944517486,0.0402313962661057,0.00168542609634,-1.0,not_observed
B~C,AFR,B*08:01,C*08:04,0.0,0.0386536944517486,0.0120957139100709,0.0004922976745377,-1.0,not_observed
B~C,AFR,B*08:01,C*12:03,0.0,0.0386536944517486,0.0152511175387851,0.0006227121209022,-1.0,not_observed
B~C,AFR,B*08:01,C*14:02,0.0,0.0386536944517486,0.0199842229818564,0.0008199084215427,-1.0,not_observed
B~C,AFR,B*08:01,C*15:05,0.0,0.0386536944517486,0.0131475151196423,0.0005356764916294,-1.0,not_observed
B~C,AFR,B*08:01,C*16:01,0.0,0.0386536944517486,0.0957139100709965,0.0042557916243272,-1.0,not_observed
B~C,AFR,B*08:01,C*17:01,,0.0386536944517486,0.070733631343676,0.001996392315925,-0.8076524290013403,suppressed_lt20
B~C,AFR,B*08:01,C*18:01,0.0,0.0386536944517486,0.0128845648172495,0.0005248231208374,-1.0,not_observed
B~C,AFR,B*08:01,C*18:02,0.0,0.0386536944517486,0.0215619247962135,0.0008860644858532,-1.0,not_observed
B~C,AFR,B*13:02,C*01:02,0.0,0.0060478569550354,0.0081514593741782,5.000645244547683e-05,-1.0,not_observed
B~C,AFR,B*13:02,C*02:02,0.0,0.0060478569550354,0.0128845648172495,7.942145661911245e-05,-1.0,not_observed
B~C,AFR,B*13:02,C*02:10,0.0,0.0060478569550354,0.0746778858795687,0.0004910606217795,-1.0,not_observed
B~C,AFR,B*13:02,C*03:02,0.0,0.0060478569550354,0.018932421772285,0.0001174203264795,-1.0,not_observed
B~C,AFR,B*13:02,C*03:03,0.0,0.0060478569550354,0.0097291611885353,5.978021113443312e-05,-1.0,not_observed
B~C,AFR,B*13:02,C*03:04,0.0,0.0060478569550354,0.0575861162240336,0.00037180236678,-1.0,not_observed
B~C,AFR,B*13:02,C*04:01,0.0,0.0060478569550354,0.1887983171180647,0.0014161371373689,-1.0,not_observed
B~C,AFR,B*13:02,C*05:01,0.0,0.0060478569550354,0.0265579805416776,0.000166004933698,-1.0,not_observed
B~C,AFR,B*13:02,C*06:02,,0.0060478569550354,0.0888772022087825,0.0408367238788749,0.8091222786874959,suppressed_lt20
B~C,AFR,B*13:02,C*07:01,0.0,0.0060478569550354,0.0733631343676045,0.0004817307172585,-1.0,not_observed
B~C,AFR,B*13:02,C*07:02,0.0,0.0060478569550354,0.0631080725742834,0.0004098561494014,-1.0,not_observed
B~C,AFR,B*13:02,C*07:04,0.0,0.0060478569550354,0.0084144096765711,5.163325237576101e-05,-1.0,not_observed
B~C,AFR,B*13:02,C*07:18,0.0,0.0060478569550354,0.0449645017091769,0.0002864747220474,-1.0,not_observed
B~C,AFR,B*13:02,C*08:02,0.0,0.0060478569550354,0.0402313962661057,0.0002550554468362,-1.0,not_observed
B~C,AFR,B*13:02,C*08:04,,0.0060478569550354,0.0120957139100709,0.0028536366812542,0.0757773894527317,suppressed_lt20
B~C,AFR,B*13:02,C*12:03,0.0,0.0060478569550354,0.0152511175387851,9.423499410148274e-05,-1.0,not_observed
B~C,AFR,B*13:02,C*14:02,0.0,0.0060478569550354,0.0199842229818564,0.0001240767004115,-1.0,not_observed
B~C,AFR,B*13:02,C*15:05,0.0,0.0060478569550354,0.0131475151196423,8.106389667807201e-05,-1.0,not_observed
B~C,AFR,B*13:02,C*16:01,,0.0060478569550354,0.0957139100709965,0.0001918178950132,-0.5457477305303392,suppressed_lt20
B~C,AFR,B*13:02,C*17:01,0.0,0.0060478569550354,0.070733631343676,0.0004631501094432,-1.0,not_observed
B~C,AFR,B*13:02,C*18:01,0.0,0.0060478569550354,0.0128845648172495,7.942145661911245e-05,-1.0,not_observed
B~C,AFR,B*13:02,C*18:02,,0.0060478569550354,0.0215619247962135,0.0001385323072685,0.0223993082738394,suppressed_lt20
B~C,AFR,B*14:01,C*01:02,0.0,0.0063108072574283,0.0081514593741782,5.219445408669947e-05,-1.0,not_observed
B~C,AFR,B*14:01,C*02:02,0.0,0.0063108072574283,0.0128845648172495,8.289649371798249e-05,-1.0,not_observed
B~C,AFR,B*14:01,C*02:10,,0.0063108072574283,0.0746778858795687,0.0007777125715942,0.0994127119446812,suppressed_lt20
B~C,AFR,B*14:01,C*03:02,0.0,0.0063108072574283,0.018932421772285,0.0001225579808118,-1.0,not_observed
B~C,AFR,B*14:01,C*03:03,0.0,0.0063108072574283,0.0097291611885353,6.239585758960587e-05,-1.0,not_observed
B~C,AFR,B*14:01,C*03:04,0.0,0.0063108072574283,0.0575861162240336,0.0003880703511889,-1.0,not_observed
B~C,AFR,B*14:01,C*04:01,0.0,0.0063108072574283,0.1887983171180647,0.0014780993488282,-1.0,not_observed
B~C,AFR,B*14:01,C*05:01,0.0,0.0063108072574283,0.0265579805416776,0.0001732683777061,-1.0,not_observed
B~C,AFR,B*14:01,C*06:02,,0.0063108072574283,0.0888772022087825,0.0001748014035045,-0.5311883629191321,suppressed_lt20
B~C,AFR,B*14:01,C*07:01,0.0,0.0063108072574283,0.0733631343676045,0.000502808549187,-1.0,not_observed
B~C,AFR,B*14:01,C*07:02,0.0,0.0063108072574283,0.0631080725742834,0.0004277891537179,-1.0,not_observed
B~C,AFR,B*14:01,C*07:04,0.0,0.0063108072574283,0.0084144096765711,5.389243364967771e-05,-1.0,not_observed
B~C,AFR,B*14:01,C*07:18,0.0,0.0063108072574283,0.0449645017091769,0.0002990092477207,-1.0,not_observed
B~C,AFR,B*14:01,C*08:02,,0.0063108072574283,0.0402313962661057,0.0413554225235925,0.5224543378995434,suppressed_lt20
B~C,AFR,B*14:01,C*08:04,,0.0063108072574283,0.0120957139100709,0.0004647491549171,0.0299330139295537,suppressed_lt20
B~C,AFR,B*14:01,C*12:03,0.0,0.0063108072574283,0.0152511175387851,9.83581884428422e-05,-1.0,not_observed
B~C,AFR,B*14:01,C*14:02,,0.0063108072574283,0.0199842229818564,0.0035762108441979,0.1071572310169036,suppressed_lt20
B~C,AFR,B*14:01,C*15:05,0.0,0.0063108072574283,0.0131475151196423,8.4610797733869e-05,-1.0,not_observed
B~C,AFR,B*14:01,C*16:01,,0.0063108072574283,0.0957139100709965,0.0002143386731067,-0.5646749084249084,suppressed_lt20
B~C,AFR,B*14:01,C*17:01,0.0,0.0063108072574283,0.070733631343676,0.0004834149582785,-1.0,not_observed
B~C,AFR,B*14:01,C*18:01,0.0,0.0063108072574283,0.0128845648172495,8.289649371798249e-05,-1.0,not_observed
B~C,AFR,B*14:01,C*18:02,0.0,0.0063108072574283,0.0215619247962135,0.0001399550365998,-1.0,not_observed
B~C,AFR,B*14:02,C*01:02,0.0,0.0220878254009992,0.0081514593741782,0.0001856278426936,-1.0,not_observed
B~C,AFR,B*14:02,C*02:02,,0.0220878254009992,0.0128845648172495,0.0002119605516705,0.019151516481828,suppressed_lt20
B~C,AFR,B*14:02,C*02:10,,0.0220878254009992,0.0746778858795687,0.0012879993276678,-0.8405851777330651,suppressed_lt20
B~C,AFR,B*14:02,C*03:02,0.0,0.0220878254009992,0.018932421772285,0.0004358733888701,-1.0,not_observed
B~C,AFR,B*14:02,C*03:03,0.0,0.0220878254009992,0.0097291611885353,0.000221908795485,-1.0,not_observed
B~C,AFR,B*14:02,C*03:04,0.0,0.0220878254009992,0.0575861162240336,0.0013801593170207,-1.0,not_observed
B~C,AFR,B*14:02,C*04:01,,0.0220878254009992,0.1887983171180647,0.0046147711286261,-0.9369445549807668,suppressed_lt20
B~C,AFR,B*14:02,C*05:01,,0.0220878254009992,0.0265579805416776,0.0001875918773302,-0.5517444601603017,suppressed_lt20
B~C,AFR,B*14:02,C*06:02,0.0,0.0220878254009992,0.0888772022087825,0.0022032641554018,-1.0,not_observed
B~C,AFR,B*14:02,C*07:01,0.0,0.0220878254009992,0.0733631343676045,0.0017882219079921,-1.0,not_observed
B~C,AFR,B*14:02,C*07:02,0.0,0.0220878254009992,0.0631080725742834,0.0015214179192391,-1.0,not_observed
B~C,AFR,B*14:02,C*07:04,0.0,0.0220878254009992,0.0084144096765711,0.0001916666506231,-1.0,not_observed
B~C,AFR,B*14:02,C*07:18,0.0,0.0220878254009992,0.0449645017091769,0.0010634164600639,-1.0,not_observed
B~C,AFR,B*14:02,C*08:02,76.0,0.0220878254009992,0.0402313962661057,0.4372019705502427,0.9007697325505544,estimated
B~C,AFR,B*14:02,C*08:04,0.0,0.0220878254009992,0.0120957139100709,0.0002765475047993,-1.0,not_observed
B~C,AFR,B*14:02,C*12:03,0.0,0.0220878254009992,0.0152511175387851,0.0003498076309328,-1.0,not_observed
B~C,AFR,B*14:02,C*14:02,0.0,0.0220878254009992,0.0199842229818564,0.0004605823668666,-1.0,not_observed
B~C,AFR,B*14:02,C*15:05,0.0,0.0220878254009992,0.0131475151196423,0.0003009154923976,-1.0,not_observed
B~C,AFR,B*14:02,C*16:01,0.0,0.0220878254009992,0.0957139100709965,0.0023906847737164,-1.0,not_observed
B~C,AFR,B*14:02,C*17:01,0.0,0.0220878254009992,0.070733631343676,0.0017192492459453,-1.0,not_observed
B~C,AFR,B*14:02,C*18:01,0.0,0.0220878254009992,0.0128845648172495,0.0002948186270935,-1.0,not_observed
B~C,AFR,B*14:02,C*18:02,,0.0220878254009992,0.0215619247962135,0.0002144322127988,0.0148249922940208,suppressed_lt20
B~C,AFR,B*15:01,C*01:02,,0.0081514593741782,0.0081514593741782,0.0032294102156884,0.0568278999760544,suppressed_lt20
B~C,AFR,B*15:01,C*02:02,0.0,0.0081514593741782,0.0128845648172495,0.0001072733446289,-1.0,not_observed
B~C,AFR,B*15:01,C*02:10,0.0,0.0081514593741782,0.0746778858795687,0.0006632680582337,-1.0,not_observed
B~C,AFR,B*15:01,C*03:02,0.0,0.0081514593741782,0.018932421772285,0.0001585978359637,-1.0,not_observed
B~C,AFR,B*15:01,C*03:03,,0.0081514593741782,0.0097291611885353,0.1214758286764964,0.3810751546091515,suppressed_lt20
B~C,AFR,B*15:01,C*03:04,,0.0081514593741782,0.0575861162240336,0.0133807929183433,0.3154161866359447,suppressed_lt20
B~C,AFR,B*15:01,C*04:01,,0.0081514593741782,0.1887983171180647,0.0008288593281497,-0.658280168928026,suppressed_lt20
B~C,AFR,B*15:01,C*05:01,0.0,0.0081514593741782,0.0265579805416776,0.0002242203205627,-1.0,not_observed
B~C,AFR,B*15:01,C*06:02,0.0,0.0081514593741782,0.0888772022087825,0.0008016844708255,-1.0,not_observed
B~C,AFR,B*15:01,C*07:01,0.0,0.0081514593741782,0.0733631343676045,0.0006506662991418,-1.0,not_observed
B~C,AFR,B*15:01,C*07:02,,0.0081514593741782,0.0631080725742834,0.0001322897391611,-0.4888440860215053,suppressed_lt20
B~C,AFR,B*15:01,C*07:04,0.0,0.0081514593741782,0.0084144096765711,6.974024290414118e-05,-1.0,not_observed
B~C,AFR,B*15:01,C*07:18,0.0,0.0081514593741782,0.0449645017091769,0.0003869370179528,-1.0,not_observed
B~C,AFR,B*15:01,C*08:02,,0.0081514593741782,0.0402313962661057,0.0001255234949683,0.0253026955368979,suppressed_lt20
B~C,AFR,B*15:01,C*08:04,0.0,0.0081514593741782,0.0120957139100709,0.000100625174471,-1.0,not_observed
B~C,AFR,B*15:01,C*12:03,0.0,0.0081514593741782,0.0152511175387851,0.0001272817627462,-1.0,not_observed
B~C,AFR,B*15:01,C*14:02,0.0,0.0081514593741782,0.0199842229818564,0.0001675884982505,-1.0,not_observed
B~C,AFR,B*15:01,C*15:05,0.0,0.0081514593741782,0.0131475151196423,0.0001094917632525,-1.0,not_observed
B~C,AFR,B*15:01,C*16:01,0.0,0.0081514593741782,0.0957139100709965,0.0008698797432112,-1.0,not_observed
B~C,AFR,B*15:01,C*17:01,0.0,0.0081514593741782,0.070733631343676,0.0006255697568417,-1.0,not_observed
B~C,AFR,B*15:01,C*18:01,0.0,0.0081514593741782,0.0128845648172495,0.0001072733446289,-1.0,not_observed
B~C,AFR,B*15:01,C*18:02,0.0,0.0081514593741782,0.0215619247962135,0.0001811107346085,-1.0,not_observed
B~C,AFR,B*15:03,C*01:02,0.0,0.0686300289245332,0.0081514593741782,0.0006055945529872,-1.0,not_observed
B~C,AFR,B*15:03,C*02:02,0.0,0.0686300289245332,0.0128845648172495,0.0009618199085665,-1.0,not_observed
B~C,AFR,B*15:03,C*02:10,236.0,0.0686300289245332,0.0746778858795687,0.7338007917126882,0.8964842197637565,estimated
B~C,AFR,B*15:03,C*03:02,0.0,0.0686300289245332,0.018932421772285,0.0014219986951391,-1.0,not_observed
B~C,AFR,B*15:03,C*03:03,0.0,0.0686300289245332,0.0097291611885353,0.000723957978801,-1.0,not_observed
B~C,AFR,B*15:03,C*03:04,,0.0686300289245332,0.0575861162240336,0.0039234249337337,-0.9334662957714446,suppressed_lt20
B~C,AFR,B*15:03,C*04:01,,0.0686300289245332,0.1887983171180647,0.0138461110013997,-0.8985314677851418,suppressed_lt20
B~C,AFR,B*15:03,C*05:01,,0.0686300289245332,0.0265579805416776,0.001017623867854,-0.7114676984939873,suppressed_lt20
B~C,AFR,B*15:03,C*06:02,,0.0686300289245332,0.0888772022087825,0.0065815812369358,-0.956890883946587,suppressed_lt20
B~C,AFR,B*15:03,C*07:01,0.0,0.0686300289245332,0.0733631343676045,0.005833917106927,-1.0,not_observed
B~C,AFR,B*15:03,C*07:02,,0.0686300289245332,0.0631080725742834,0.0043791005076666,-0.9392879948914432,suppressed_lt20
B~C,AFR,B*15:03,C*07:04,0.0,0.0686300289245332,0.0084144096765711,0.0006252956341158,-1.0,not_observed
B~C,AFR,B*15:03,C*07:18,0.0,0.0686300289245332,0.0449645017091769,0.0034693029150508,-1.0,not_observed
B~C,AFR,B*15:03,C*08:02,0.0,0.0686300289245332,0.0402313962661057,0.0030888051793352,-1.0,not_observed
B~C,AFR,B*15:03,C*08:04,0.0,0.0686300289245332,0.0120957139100709,0.0009022119748763,-1.0,not_observed
B~C,AFR,B*15:03,C*12:03,,0.0686300289245332,0.0152511175387851,0.0002937335541693,0.0373839054498724,suppressed_lt20
B~C,AFR,B*15:03,C*14:02,0.0,0.0686300289245332,0.0199842229818564,0.001502609568311,-1.0,not_observed
B~C,AFR,B*15:03,C*15:05,0.0,0.0686300289245332,0.0131475151196423,0.000981710396787,-1.0,not_observed
B~C,AFR,B*15:03,C*16:01,,0.0686300289245332,0.0957139100709965,0.0060386238862784,-0.879910319565492,suppressed_lt20
B~C,AFR,B*15:03,C*17:01,,0.0686300289245332,0.070733631343676,0.0034416770095823,-0.7833326211739235,suppressed_lt20
B~C,AFR,B*15:03,C*18:01,,0.0686300289245332,0.0128845648172495,0.0004748466910729,-0.7026350770193135,suppressed_lt20
B~C,AFR,B*15:03,C*18:02,,0.0686300289245332,0.0215619247962135,0.0010980279522283,-0.8223063265115409,suppressed_lt20
B~C,AFR,B*15:10,C*01:02,0.0,0.0354982908230344,0.0081514593741782,0.0003024784586189,-1.0,not_observed
B~C,AFR,B*15:10,C*02:02,0.0,0.0354982908230344,0.0128845648172495,0.0004804036000276,-1.0,not_observed
B~C,AFR,B*15:10,C*02:10,0.0,0.0354982908230344,0.0746778858795687,0.0029703218824868,-1.0,not_observed
B~C,AFR,B*15:10,C*03:02,,0.0354982908230344,0.018932421772285,0.0021473555673794,0.0639956682418514,suppressed_lt20
B~C,AFR,B*15:10,C*03:03,0.0,0.0354982908230344,0.0097291611885353,0.0003615978585878,-1.0,not_observed
B~C,AFR,B*15:10,C*03:04,108.0,0.0354982908230344,0.0575861162240336,0.3737981489513285,0.7877790178571428,estimated
B~C,AFR,B*15:10,C*04:01,,0.0354982908230344,0.1887983171180647,0.0050076545148405,-0.7645930052615288,suppressed_lt20
B~C,AFR,B*15:10,C*05:01,0.0,0.0354982908230344,0.0265579805416776,0.0010041287476426,-1.0,not_observed
B~C,AFR,B*15:10,C*06:02,,0.0354982908230344,0.0888772022087825,0.0030166880157559,-0.9166557089634012,suppressed_lt20
B~C,AFR,B*15:10,C*07:01,,0.0354982908230344,0.0733631343676045,0.0023551686527647,-0.8990309305721492,suppressed_lt20
B~C,AFR,B*15:10,C*07:02,0.0,0.0354982908230344,0.0631080725742834,0.0024791331970932,-1.0,not_observed
B~C,AFR,B*15:10,C*07:04,0.0,0.0354982908230344,0.0084144096765711,0.0003123186274637,-1.0,not_observed
B~C,AFR,B*15:10,C*07:18,0.0,0.0354982908230344,0.0449645017091769,0.0017328250279834,-1.0,not_observed
B~C,AFR,B*15:10,C*08:02,0.0,0.0354982908230344,0.0402313962661057,0.0015427764748061,-1.0,not_observed
B~C,AFR,B*15:10,C*08:04,,0.0354982908230344,0.0120957139100709,0.0118314569648294,0.1885875491915982,suppressed_lt20
B~C,AFR,B*15:10,C*12:03,0.0,0.0354982908230344,0.0152511175387851,0.000570007556422,-1.0,not_observed
B~C,AFR,B*15:10,C*14:02,,0.0354982908230344,0.0199842229818564,0.0002972524838509,-0.629337231968811,suppressed_lt20
B~C,AFR,B*15:10,C*15:05,0.0,0.0354982908230344,0.0131475151196423,0.0004903383727042,-1.0,not_observed
B~C,AFR,B*15:10,C*16:01,0.0,0.0354982908230344,0.0957139100709965,0.0038955936507372,-1.0,not_observed
B~C,AFR,B*15:10,C*17:01,0.0,0.0354982908230344,0.070733631343676,0.0028014970941266,-1.0,not_observed
B~C,AFR,B*15:10,C*18:01,0.0,0.0354982908230344,0.0128845648172495,0.0004804036000276,-1.0,not_observed
B~C,AFR,B*15:10,C*18:02,0.0,0.0354982908230344,0.0215619247962135,0.000811070533976,-1.0,not_observed
B~C,AFR,B*15:16,C*01:02,0.0,0.0218248750986063,0.0081514593741782,0.0001833686815129,-1.0,not_observed
B~C,AFR,B*15:16,C*02:02,0.0,0.0218248750986063,0.0128845648172495,0.0002912305726937,-1.0,not_observed
B~C,AFR,B*15:16,C*02:10,,0.0218248750986063,0.0746778858795687,0.0008261018804211,-0.6773290344476498,suppressed_lt20
B~C,AFR,B*15:16,C*03:02,0.0,0.0218248750986063,0.018932421772285,0.0004305686445733,-1.0,not_observed
B~C,AFR,B*15:16,C*03:03,0.0,0.0218248750986063,0.0097291611885353,0.0002192080813618,-1.0,not_observed
B~C,AFR,B*15:16,C*03:04,,0.0218248750986063,0.0575861162240336,0.0008525544644594,-0.7907795565824943,suppressed_lt20
B~C,AFR,B*15:16,C*04:01,0.0,0.0218248750986063,0.1887983171180647,0.0051928338648681,-1.0,not_observed
B~C,AFR,B*15:16,C*05:01,0.0,0.0218248750986063,0.0265579805416776,0.0006087235612252,-1.0,not_observed
B~C,AFR,B*15:16,C*06:02,0.0,0.0218248750986063,0.0888772022087825,0.0021764495958044,-1.0,not_observed
B~C,AFR,B*15:16,C*07:01,0.0,0.0218248750986063,0.0733631343676045,0.001766458569807,-1.0,not_observed
B~C,AFR,B*15:16,C*07:02,0.0,0.0218248750986063,0.0631080725742834,0.0015029016866902,-1.0,not_observed
B~C,AFR,B*15:16,C*07:04,0.0,0.0218248750986063,0.0084144096765711,0.0001893339948617,-1.0,not_observed
B~C,AFR,B*15:16,C*07:18,,0.0218248750986063,0.0449645017091769,0.000562947782327,-0.7320510110617909,suppressed_lt20
B~C,AFR,B*15:16,C*08:02,0.0,0.0218248750986063,0.0402313962661057,0.0009352629253203,-1.0,not_observed
B~C,AFR,B*15:16,C*08:04,0.0,0.0218248750986063,0.0120957139100709,0.0002731818168808,-1.0,not_observed
B~C,AFR,B*15:16,C*12:03,0.0,0.0218248750986063,0.0152511175387851,0.0003455503395207,-1.0,not_observed
B~C,AFR,B*15:16,C*14:02,60.0,0.0218248750986063,0.0199842229818564,0.5628737287585557,0.7847764572722127,estimated
B~C,AFR,B*15:16,C*15:05,0.0,0.0218248750986063,0.0131475151196423,0.000297253236837,-1.0,not_observed
B~C,AFR,B*15:16,C*16:01,,0.0218248750986063,0.0957139100709965,0.0037837863188821,0.1339770247024737,suppressed_lt20
B~C,AFR,B*15:16,C*17:01,,0.0218248750986063,0.070733631343676,0.001169040850423,-0.8296681148385363,suppressed_lt20
B~C,AFR,B*15:16,C*18:01,0.0,0.0218248750986063,0.0128845648172495,0.0002912305726937,-1.0,not_observed
B~C,AFR,B*15:16,C*18:02,0.0,0.0218248750986063,0.0215619247962135,0.0004916876894579,-1.0,not_observed
B~C,AFR,B*18:01,C*01:02,0.0,0.0291874835656061,0.0081514593741782,0.0002470877963761,-1.0,not_observed
B~C,AFR,B*18:01,C*02:02,,0.0291874835656061,0.0128845648172495,0.0465097967341047,0.3273044862582085,suppressed_lt20
B~C,AFR,B*18:01,C*02:10,,0.0291874835656061,0.0746778858795687,0.0002594841297593,0.026392121021277,suppressed_lt20
B~C,AFR,B*18:01,C*03:02,,0.0291874835656061,0.018932421772285,0.0001593963249685,-0.5241491491491491,suppressed_lt20
B~C,AFR,B*18:01,C*03:03,0.0,0.0291874835656061,0.0097291611885353,0.000295381094114,-1.0,not_observed
B~C,AFR,B*18:01,C*03:04,,0.0291874835656061,0.0575861162240336,0.0013072694709928,-0.843555884651775,suppressed_lt20
B~C,AFR,B*18:01,C*04:01,,0.0291874835656061,0.1887983171180647,0.0051373271448772,-0.856847097794173,suppressed_lt20
B~C,AFR,B*18:01,C*05:01,35.0,0.0291874835656061,0.0265579805416776,0.0969666067810335,0.3268882142818832,estimated
B~C,AFR,B*18:01,C*06:02,0.0,0.0291874835656061,0.0888772022087825,0.0029327480031705,-1.0,not_observed
B~C,AFR,B*18:01,C*07:01,,0.0291874835656061,0.0733631343676045,0.0001237392982825,0.0180512521602192,suppressed_lt20
B~C,AFR,B*18:01,C*07:02,,0.0291874835656061,0.0631080725742834,0.0014882173679629,-0.8572447447447447,suppressed_lt20
B~C,AFR,B*18:01,C*07:04,23.0,0.0291874835656061,0.0084144096765711,0.1423995829409141,0.7102942172264355,estimated
B~C,AFR,B*18:01,C*07:18,0.0,0.0291874835656061,0.0449645017091769,0.0014155054863235,-1.0,not_observed
B~C,AFR,B*18:01,C*08:02,,0.0291874835656061,0.0402313962661057,0.0007590350907303,-0.7760701878348937,suppressed_lt20
B~C,AFR,B*18:01,C*08:04,0.0,0.0291874835656061,0.0120957139100709,0.0003681102606301,-1.0,not_observed
B~C,AFR,B*18:01,C*12:03,,0.0291874835656061,0.0152511175387851,0.0017770090315741,0.0587337019464265,suppressed_lt20
B~C,AFR,B*18:01,C*14:02,0.0,0.0291874835656061,0.0199842229818564,0.0006130776527236,-1.0,not_observed
B~C,AFR,B*18:01,C*15:05,0.0,0.0291874835656061,0.0131475151196423,0.0004005463018534,-1.0,not_observed
B~C,AFR,B*18:01,C*16:01,,0.0291874835656061,0.0957139100709965,0.0020968940745344,-0.8117513117513117,suppressed_lt20
B~C,AFR,B*18:01,C*17:01,,0.0291874835656061,0.070733631343676,0.0017426573196966,-0.8726347165008875,suppressed_lt20
B~C,AFR,B*18:01,C*18:01,0.0,0.0291874835656061,0.0128845648172495,0.0003924308112516,-1.0,not_observed
B~C,AFR,B*18:01,C*18:02,0.0,0.0291874835656061,0.0215619247962135,0.0006625451341584,-1.0,not_observed
B~C,AFR,B*27:05,C*01:02,,0.0070996581646068,0.0081514593741782,0.2303649081125832,0.5145614861945721,suppressed_lt20
B~C,AFR,B*27:05,C*02:02,,0.0070996581646068,0.0128845648172495,0.0451574830700675,0.2871110321829555,suppressed_lt20
B~C,AFR,B*27:05,C*02:10,0.0,0.0070996581646068,0.0746778858795687,0.0005770731284407,-1.0,not_observed
B~C,AFR,B*27:05,C*03:02,0.0,0.0070996581646068,0.018932421772285,0.0001379872711001,-1.0,not_observed
B~C,AFR,B*27:05,C*03:03,0.0,0.0070996581646068,0.0097291611885353,7.025110939089263e-05,-1.0,not_observed
B~C,AFR,B*27:05,C*03:04,,0.0070996581646068,0.0575861162240336,5.563614687804172e-05,-0.3568408591239641,suppressed_lt20
B~C,AFR,B*27:05,C*04:01,,0.0070996581646068,0.1887983171180647,0.0010752929017547,-0.8038275043846074,suppressed_lt20
B~C,AFR,B*27:05,C*05:01,0.0,0.0070996581646068,0.0265579805416776,0.0001950817927093,-1.0,not_observed
B~C,AFR,B*27:05,C*06:02,0.0,0.0070996581646068,0.0888772022087825,0.0006975016508914,-1.0,not_observed
B~C,AFR,B*27:05,C*07:01,0.0,0.0070996581646068,0.0733631343676045,0.0005661090296081,-1.0,not_observed
B~C,AFR,B*27:05,C*07:02,0.0,0.0070996581646068,0.0631080725742834,0.0004816451571471,-1.0,not_observed
B~C,AFR,B*27:05,C*07:04,0.0,0.0070996581646068,0.0084144096765711,6.067715707293394e-05,-1.0,not_observed
B~C,AFR,B*27:05,C*07:18,0.0,0.0070996581646068,0.0449645017091769,0.0003366526590383,-1.0,not_observed
B~C,AFR,B*27:05,C*08:02,,0.0070996581646068,0.0402313962661057,1.88959026297846e-06,-0.0793996610990073,suppressed_lt20
B~C,AFR,B*27:05,C*08:04,0.0,0.0070996581646068,0.0120957139100709,8.754844065089798e-05,-1.0,not_observed
B~C,AFR,B*27:05,C*12:03,0.0,0.0070996581646068,0.0152511175387851,0.0001107408748387,-1.0,not_observed
B~C,AFR,B*27:05,C*14:02,0.0,0.0070996581646068,0.0199842229818564,0.0001458095528279,-1.0,not_observed
B~C,AFR,B*27:05,C*15:05,0.0,0.0070996581646068,0.0131475151196423,9.52627728325814e-05,-1.0,not_observed
B~C,AFR,B*27:05,C*16:01,0.0,0.0070996581646068,0.0957139100709965,0.000756834613925,-1.0,not_observed
B~C,AFR,B*27:05,C*17:01,0.0,0.0070996581646068,0.070733631343676,0.0005442739057868,-1.0,not_observed
B~C,AFR,B*27:05,C*18:01,0.0,0.0070996581646068,0.0128845648172495,9.33326485646948e-05,-1.0,not_observed
B~C,AFR,B*27:05,C*18:02,0.0,0.0070996581646068,0.0215619247962135,0.0001575745084016,-1.0,not_observed
B~C,AFR,B*35:01,C*01:02,,0.0678411780173547,0.0081514593741782,0.0001645487573644,-0.5245061265316329,suppressed_lt20
B~C,AFR,B*35:01,C*02:02,0.0,0.0678411780173547,0.0128845648172495,0.0009499599111206,-1.0,not_observed
B~C,AFR,B*35:01,C*02:10,,0.0678411780173547,0.0746778858795687,0.0047174528949757,-0.8961949994540889,suppressed_lt20
B~C,AFR,B*35:01,C*03:02,0.0,0.0678411780173547,0.018932421772285,0.0014044643306055,-1.0,not_observed
B~C,AFR,B*35:01,C*03:03,,0.0678411780173547,0.0097291611885353,0.0002587972441355,-0.6016132411481249,suppressed_lt20
B~C,AFR,B*35:01,C*03:04,,0.0678411780173547,0.0575861162240336,0.0033304169162659,-0.8653852960957134,suppressed_lt20
B~C,AFR,B*35:01,C*04:01,177.0,0.0678411780173547,0.1887983171180647,0.1174959601153305,0.612977271870642,estimated
B~C,AFR,B*35:01,C*05:01,0.0,0.0678411780173547,0.0265579805416776,0.0019855847371031,-1.0,not_observed
B~C,AFR,B*35:01,C*06:02,,0.0678411780173547,0.0888772022087825,0.0026201058563654,-0.6075065363974129,suppressed_lt20
B~C,AFR,B*35:01,C*07:01,,0.0678411780173547,0.0733631343676045,0.0035839483313988,-0.7886693895696145,suppressed_lt20
B~C,AFR,B*35:01,C*07:02,,0.0678411780173547,0.0631080725742834,0.0043186038370994,-0.9385820413436692,suppressed_lt20
B~C,AFR,B*35:01,C*07:04,0.0,0.0678411780173547,0.0084144096765711,0.0006175852461757,-1.0,not_observed
B~C,AFR,B*35:01,C*07:18,,0.0678411780173547,0.0449645017091769,0.0007986956353754,-0.4827961376308989,suppressed_lt20
B~C,AFR,B*35:01,C*08:02,,0.0678411780173547,0.0402313962661057,0.0024912099410883,-0.9036581040685008,suppressed_lt20
B~C,AFR,B*35:01,C*08:04,,0.0678411780173547,0.0120957139100709,0.0004115037253324,-0.6795584765756657,suppressed_lt20
B~C,AFR,B*35:01,C*12:03,0.0,0.0678411780173547,0.0152511175387851,0.00112714460842,-1.0,not_observed
B~C,AFR,B*35:01,C*14:02,,0.0678411780173547,0.0199842229818564,0.0009642287351682,-0.8060485516115871,suppressed_lt20
B~C,AFR,B*35:01,C*15:05,,0.0678411780173547,0.0131475151196423,0.000163298937755,-0.4103875968992247,suppressed_lt20
B~C,AFR,B*35:01,C*16:01,41.0,0.0678411780173547,0.0957139100709965,0.0033586748701973,0.0698902917063956,estimated
B~C,AFR,B*35:01,C*17:01,,0.0678411780173547,0.070733631343676,0.0043920366789286,-0.8904066165240194,suppressed_lt20
B~C,AFR,B*35:01,C*18:01,0.0,0.0678411780173547,0.0128845648172495,0.0009499599111206,-1.0,not_observed
B~C,AFR,B*35:01,C*18:02,,0.0678411780173547,0.0215619247962135,0.0010790452708137,-0.8202401210058612,suppressed_lt20
B~C,AFR,B*39:10,C*01:02,0.0,0.0094662108861425,0.0081514593741782,7.854108388384813e-05,-1.0,not_observed
B~C,AFR,B*39:10,C*02:02,0.0,0.0094662108861425,0.0128845648172495,0.0001247408480595,-1.0,not_observed
B~C,AFR,B*39:10,C*02:10,0.0,0.0094662108861425,0.0746778858795687,0.0007712691383036,-1.0,not_observed
B~C,AFR,B*39:10,C*03:02,0.0,0.0094662108861425,0.018932421772285,0.0001844225946992,-1.0,not_observed
B~C,AFR,B*39:10,C*03:03,0.0,0.0094662108861425,0.0097291611885353,9.389193489426092e-05,-1.0,not_observed
B~C,AFR,B*39:10,C*03:04,0.0,0.0094662108861425,0.0575861162240336,0.0005839598581667,-1.0,not_observed
B~C,AFR,B*39:10,C*04:01,0.0,0.0094662108861425,0.1887983171180647,0.0022242118818245,-1.0,not_observed
B~C,AFR,B*39:10,C*05:01,0.0,0.0094662108861425,0.0265579805416776,0.0002607305014673,-1.0,not_observed
B~C,AFR,B*39:10,C*06:02,0.0,0.0094662108861425,0.0888772022087825,0.0009322241337107,-1.0,not_observed
B~C,AFR,B*39:10,C*07:01,0.0,0.0094662108861425,0.0733631343676045,0.0007566154130785,-1.0,not_observed
B~C,AFR,B*39:10,C*07:02,0.0,0.0094662108861425,0.0631080725742834,0.0006437278518317,-1.0,not_observed
B~C,AFR,B*39:10,C*07:04,0.0,0.0094662108861425,0.0084144096765711,8.109616674892439e-05,-1.0,not_observed
B~C,AFR,B*39:10,C*07:18,,0.0094662108861425,0.0449645017091769,0.0003276232622346,0.0401752936857562,suppressed_lt20
B~C,AFR,B*39:10,C*08:02,0.0,0.0094662108861425,0.0402313962661057,0.0004005949285612,-1.0,not_observed
B~C,AFR,B*39:10,C*08:04,0.0,0.0094662108861425,0.0120957139100709,0.0001170101449067,-1.0,not_observed
B~C,AFR,B*39:10,C*12:03,32.0,0.0094662108861425,0.0152511175387851,0.4856713896020847,0.8871680759531226,estimated
B~C,AFR,B*39:10,C*14:02,0.0,0.0094662108861425,0.0199842229818564,0.0001948772220081,-1.0,not_observed
B~C,AFR,B*39:10,C*15:05,,0.0094662108861425,0.0131475151196423,0.0001576577081058,0.0148251768955206,suppressed_lt20
B~C,AFR,B*39:10,C*16:01,0.0,0.0094662108861425,0.0957139100709965,0.0010115237597313,-1.0,not_observed
B~C,AFR,B*39:10,C*17:01,0.0,0.0094662108861425,0.070733631343676,0.0007274323575794,-1.0,not_observed
B~C,AFR,B*39:10,C*18:01,0.0,0.0094662108861425,0.0128845648172495,0.0001247408480595,-1.0,not_observed
B~C,AFR,B*39:10,C*18:02,0.0,0.0094662108861425,0.0215619247962135,0.0002106013073975,-1.0,not_observed
B~C,AFR,B*40:01,C*01:02,0.0,0.0120957139100709,0.0081514593741782,0.000100625174471,-1.0,not_observed
B~C,AFR,B*40:01,C*02:02,0.0,0.0120957139100709,0.0128845648172495,0.0001598153345862,-1.0,not_observed
B~C,AFR,B*40:01,C*02:10,,0.0120957139100709,0.0746778858795687,1.585839980409932e-05,-0.1266840171463564,suppressed_lt20
B~C,AFR,B*40:01,C*03:02,0.0,0.0120957139100709,0.018932421772285,0.0002362783253088,-1.0,not_observed
B~C,AFR,B*40:01,C*03:03,0.0,0.0120957139100709,0.0097291611885353,0.0001202923599085,-1.0,not_observed
B~C,AFR,B*40:01,C*03:04,42.0,0.0120957139100709,0.0575861162240336,0.165102598281557,0.9077300077639748,estimated
B~C,AFR,B*40:01,C*04:01,0.0,0.0120957139100709,0.1887983171180647,0.0028496131909792,-1.0,not_observed
B~C,AFR,B*40:01,C*05:01,0.0,0.0120957139100709,0.0265579805416776,0.000334042400521,-1.0,not_observed
B~C,AFR,B*40:01,C*06:02,0.0,0.0120957139100709,0.0888772022087825,0.001194345831024,-1.0,not_observed
B~C,AFR,B*40:01,C*07:01,0.0,0.0120957139100709,0.0733631343676045,0.0009693596546378,-1.0,not_observed
B~C,AFR,B*40:01,C*07:02,0.0,0.0120957139100709,0.0631080725742834,0.0008247305002595,-1.0,not_observed
B~C,AFR,B*40:01,C*07:04,0.0,0.0120957139100709,0.0084144096765711,0.0001038986925634,-1.0,not_observed
B~C,AFR,B*40:01,C*07:18,0.0,0.0120957139100709,0.0449645017091769,0.0005764569866059,-1.0,not_observed
B~C,AFR,B*40:01,C*08:02,,0.0120957139100709,0.0402313962661057,0.0001084339424041,-0.4596476271668087,suppressed_lt20
B~C,AFR,B*40:01,C*08:04,0.0,0.0120957139100709,0.0120957139100709,0.0001499109213152,-1.0,not_observed
B~C,AFR,B*40:01,C*12:03,0.0,0.0120957139100709,0.0152511175387851,0.0001896237837123,-1.0,not_observed
B~C,AFR,B*40:01,C*14:02,0.0,0.0120957139100709,0.0199842229818564,0.0002496725725609,-1.0,not_observed
B~C,AFR,B*40:01,C*15:05,0.0,0.0120957139100709,0.0131475151196423,0.0001631203244307,-1.0,not_observed
B~C,AFR,B*40:01,C*16:01,0.0,0.0120957139100709,0.0957139100709965,0.0012959428336273,-1.0,not_observed
B~C,AFR,B*40:01,C*17:01,0.0,0.0120957139100709,0.070733631343676,0.0009319709415467,-1.0,not_observed
B~C,AFR,B*40:01,C*18:01,0.0,0.0120957139100709,0.0128845648172495,0.0001598153345862,-1.0,not_observed
B~C,AFR,B*40:01,C*18:02,0.0,0.0120957139100709,0.0215619247962135,0.0002698179379857,-1.0,not_observed
B~C,AFR,B*42:01,C*01:02,0.0,0.0554825138048908,0.0081514593741782,0.0004827654006664,-1.0,not_observed
B~C,AFR,B*42:01,C*02:02,0.0,0.0554825138048908,0.0128845648172495,0.0007667396796053,-1.0,not_observed
B~C,AFR,B*42:01,C*02:10,0.0,0.0554825138048908,0.0746778858795687,0.0047407297704918,-1.0,not_observed
B~C,AFR,B*42:01,C*03:02,0.0,0.0554825138048908,0.018932421772285,0.0011335831315189,-1.0,not_observed
B~C,AFR,B*42:01,C*03:03,0.0,0.0554825138048908,0.0097291611885353,0.0005771218746562,-1.0,not_observed
B~C,AFR,B*42:01,C*03:04,0.0,0.0554825138048908,0.0575861162240336,0.0035894031627823,-1.0,not_observed
B~C,AFR,B*42:01,C*04:01,,0.0554825138048908,0.1887983171180647,0.012993710618056,-0.9748973583809688,suppressed_lt20
B~C,AFR,B*42:01,C*05:01,,0.0554825138048908,0.0265579805416776,0.0003459945615719,-0.4646426727980854,suppressed_lt20
B~C,AFR,B*42:01,C*06:02,0.0,0.0554825138048908,0.0888772022087825,0.00573006552962,-1.0,not_observed
B~C,AFR,B*42:01,C*07:01,0.0,0.0554825138048908,0.0733631343676045,0.0046506582922322,-1.0,not_observed
B~C,AFR,B*42:01,C*07:02,0.0,0.0554825138048908,0.0631080725742834,0.0039567767459042,-1.0,not_observed
B~C,AFR,B*42:01,C*07:04,0.0,0.0554825138048908,0.0084144096765711,0.0004984706283269,-1.0,not_observed
B~C,AFR,B*42:01,C*07:18,0.0,0.0554825138048908,0.0449645017091769,0.0027656447759583,-1.0,not_observed
B~C,AFR,B*42:01,C*08:02,,0.0554825138048908,0.0402313962661057,0.0019163590913141,-0.882198060898925,suppressed_lt20
B~C,AFR,B*42:01,C*08:04,0.0,0.0554825138048908,0.0120957139100709,0.0007192216696613,-1.0,not_observed
B~C,AFR,B*42:01,C*12:03,0.0,0.0554825138048908,0.0152511175387851,0.0009097504913752,-1.0,not_observed
B~C,AFR,B*42:01,C*14:02,0.0,0.0554825138048908,0.0199842229818564,0.001197844179266,-1.0,not_observed
B~C,AFR,B*42:01,C*15:05,0.0,0.0554825138048908,0.0131475151196423,0.0007825958980402,-1.0,not_observed
B~C,AFR,B*42:01,C*16:01,,0.0554825138048908,0.0957139100709965,0.0056170110194321,-0.9504843497734494,suppressed_lt20
B~C,AFR,B*42:01,C*17:01,205.0,0.0554825138048908,0.070733631343676,0.7252136535274064,0.9693994962946276,estimated
B~C,AFR,B*42:01,C*18:01,0.0,0.0554825138048908,0.0128845648172495,0.0007667396796053,-1.0,not_observed
B~C,AFR,B*42:01,C*18:02,0.0,0.0554825138048908,0.0215619247962135,0.0012944947983784,-1.0,not_observed
B~C,AFR,B*44:02,C*01:02,0.0,0.0120957139100709,0.0081514593741782,0.000100625174471,-1.0,not_observed
B~C,AFR,B*44:02,C*02:02,,0.0120957139100709,0.0128845648172495,7.547679677055444e-05,0.0089701419934678,suppressed_lt20
B~C,AFR,B*44:02,C*02:10,0.0,0.0120957139100709,0.0746778858795687,0.0009881336972727,-1.0,not_observed
B~C,AFR,B*44:02,C*03:02,0.0,0.0120957139100709,0.018932421772285,0.0002362783253088,-1.0,not_observed
B~C,AFR,B*44:02,C*03:03,0.0,0.0120957139100709,0.0097291611885353,0.0001202923599085,-1.0,not_observed
B~C,AFR,B*44:02,C*03:04,0.0,0.0120957139100709,0.0575861162240336,0.0007481570116734,-1.0,not_observed
B~C,AFR,B*44:02,C*04:01,0.0,0.0120957139100709,0.1887983171180647,0.0028496131909792,-1.0,not_observed
B~C,AFR,B*44:02,C*05:01,37.0,0.0120957139100709,0.0265579805416776,0.2865075276640343,0.7990099358748501,estimated
B~C,AFR,B*44:02,C*06:02,0.0,0.0120957139100709,0.0888772022087825,0.001194345831024,-1.0,not_observed
B~C,AFR,B*44:02,C*07:01,0.0,0.0120957139100709,0.0733631343676045,0.0009693596546378,-1.0,not_observed
B~C,AFR,B*44:02,C*07:02,0.0,0.0120957139100709,0.0631080725742834,0.0008247305002595,-1.0,not_observed
B~C,AFR,B*44:02,C*07:04,,0.0120957139100709,0.0084144096765711,0.0218487941376144,0.1775519031141868,suppressed_lt20
B~C,AFR,B*44:02,C*07:18,0.0,0.0120957139100709,0.0449645017091769,0.0005764569866059,-1.0,not_observed
B~C,AFR,B*44:02,C*08:02,0.0,0.0120957139100709,0.0402313962661057,0.0005132337444988,-1.0,not_observed
B~C,AFR,B*44:02,C*08:04,0.0,0.0120957139100709,0.0120957139100709,0.0001499109213152,-1.0,not_observed
B~C,AFR,B*44:02,C*12:03,0.0,0.0120957139100709,0.0152511175387851,0.0001896237837123,-1.0,not_observed
B~C,AFR,B*44:02,C*14:02,0.0,0.0120957139100709,0.0199842229818564,0.0002496725725609,-1.0,not_observed
B~C,AFR,B*44:02,C*15:05,0.0,0.0120957139100709,0.0131475151196423,0.0001631203244307,-1.0,not_observed
B~C,AFR,B*44:02,C*16:01,0.0,0.0120957139100709,0.0957139100709965,0.0012959428336273,-1.0,not_observed
B~C,AFR,B*44:02,C*17:01,,0.0120957139100709,0.070733631343676,0.0004471416636032,-0.6926620332956198,suppressed_lt20
B~C,AFR,B*44:02,C*18:01,0.0,0.0120957139100709,0.0128845648172495,0.0001598153345862,-1.0,not_observed
B~C,AFR,B*44:02,C*18:02,0.0,0.0120957139100709,0.0215619247962135,0.0002698179379857,-1.0,not_observed
B~C,AFR,B*44:03,C*01:02,,0.0481199053378911,0.0081514593741782,4.5142974840831365e-05,-0.329631588224925,suppressed_lt20
B~C,AFR,B*44:03,C*02:02,0.0,0.0481199053378911,0.0128845648172495,0.0006598486476303,-1.0,not_observed
B~C,AFR,B*44:03,C*02:10,0.0,0.0481199053378911,0.0746778858795687,0.0040798255405933,-1.0,not_observed
B~C,AFR,B*44:03,C*03:02,0.0,0.0481199053378911,0.018932421772285,0.0009755505241288,-1.0,not_observed
B~C,AFR,B*44:03,C*03:03,,0.0481199053378911,0.0097291611885353,0.0133177749223585,0.2617739286247573,suppressed_lt20
B~C,AFR,B*44:03,C*03:04,,0.0481199053378911,0.0575861162240336,0.0025305744638221,-0.9051076677396012,suppressed_lt20
B~C,AFR,B*44:03,C*04:01,109.0,0.0481199053378911,0.1887983171180647,0.0546313218056296,0.501515352799993,estimated
B~C,AFR,B*44:03,C*05:01,0.0,0.0481199053378911,0.0265579805416776,0.0013792007306786,-1.0,not_observed
B~C,AFR,B*44:03,C*06:02,,0.0481199053378911,0.0888772022087825,0.0028039788257995,-0.7540660264493807,suppressed_lt20
B~C,AFR,B*44:03,C*07:01,,0.0481199053378911,0.0733631343676045,0.002413475008778,-0.7765438627416417,suppressed_lt20
B~C,AFR,B*44:03,C*07:02,0.0,0.0481199053378911,0.0631080725742834,0.0034051632571099,-1.0,not_observed
B~C,AFR,B*44:03,C*07:04,0.0,0.0481199053378911,0.0084144096765711,0.0004289789334423,-1.0,not_observed
B~C,AFR,B*44:03,C*07:18,,0.0481199053378911,0.0449645017091769,0.0018367407830231,-0.8784712235963315,suppressed_lt20
B~C,AFR,B*44:03,C*08:02,0.0,0.0481199053378911,0.0402313962661057,0.0021190494210247,-1.0,not_observed
B~C,AFR,B*44:03,C*08:04,,0.0481199053378911,0.0120957139100709,0.0001860307443231,-0.5482299833689712,suppressed_lt20
B~C,AFR,B*44:03,C*12:03,0.0,0.0481199053378911,0.0152511175387851,0.0007829223495046,-1.0,not_observed
B~C,AFR,B*44:03,C*14:02,,0.0481199053378911,0.0199842229818564,0.0002116528653804,-0.4531205061834915,suppressed_lt20
B~C,AFR,B*44:03,C*15:05,0.0,0.0481199053378911,0.0131475151196423,0.0006734943536883,-1.0,not_observed
B~C,AFR,B*44:03,C*16:01,24.0,0.0481199053378911,0.0957139100709965,0.0007333189784682,0.039184093736742,estimated
B~C,AFR,B*44:03,C*17:01,,0.0481199053378911,0.070733631343676,0.003276364902099,-0.9227456477136532,suppressed_lt20
B~C,AFR,B*44:03,C*18:01,0.0,0.0481199053378911,0.0128845648172495,0.0006598486476303,-1.0,not_observed
B~C,AFR,B*44:03,C*18:02,,0.0481199053378911,0.0215619247962135,6.400998021640014e-05,-0.2397041183526589,suppressed_lt20
B~C,AFR,B*45:01,C*01:02,0.0,0.049960557454641,0.0081514593741782,0.000432190930653,-1.0,not_observed
B~C,AFR,B*45:01,C*02:02,0.0,0.049960557454641,0.0128845648172495,0.0006864160837536,-1.0,not_observed
B~C,AFR,B*45:01,C*02:10,0.0,0.049960557454641,0.0746778858795687,0.0042440912473325,-1.0,not_observed
B~C,AFR,B*45:01,C*03:02,0.0,0.049960557454641,0.018932421772285,0.0010148290409947,-1.0,not_observed
B~C,AFR,B*45:01,C*03:03,0.0,0.049960557454641,0.0097291611885353,0.0005166626269479,-1.0,not_observed
B~C,AFR,B*45:01,C*03:04,,0.049960557454641,0.0575861162240336,0.0026528381610684,-0.9086037010334054,suppressed_lt20
B~C,AFR,B*45:01,C*04:01,,0.049960557454641,0.1887983171180647,0.0115663737941697,-0.9721228558862336,suppressed_lt20
B~C,AFR,B*45:01,C*05:01,0.0,0.049960557454641,0.0265579805416776,0.0014347313852387,-1.0,not_observed
B~C,AFR,B*45:01,C*06:02,41.0,0.049960557454641,0.0888772022087825,0.0104598531018532,0.1392921698184856,estimated
B~C,AFR,B*45:01,C*07:01,0.0,0.049960557454641,0.0733631343676045,0.0041634556509112,-1.0,not_observed
B~C,AFR,B*45:01,C*07:02,0.0,0.049960557454641,0.0631080725742834,0.0035422650874275,-1.0,not_observed
B~C,AFR,B*45:01,C*07:04,0.0,0.049960557454641,0.0084144096765711,0.0004462508797491,-1.0,not_observed
B~C,AFR,B*45:01,C*07:18,0.0,0.049960557454641,0.0449645017091769,0.0024759160203425,-1.0,not_observed
B~C,AFR,B*45:01,C*08:02,0.0,0.049960557454641,0.0402313962661057,0.0022043685473688,-1.0,not_observed
B~C,AFR,B*45:01,C*08:04,,0.049960557454641,0.0120957139100709,0.0002054497727275,-0.5648741418764303,suppressed_lt20
B~C,AFR,B*45:01,C*12:03,0.0,0.049960557454641,0.0152511175387851,0.000814445092765,-1.0,not_observed
B~C,AFR,B*45:01,C*14:02,0.0,0.049960557454641,0.0199842229818564,0.0010723581058205,-1.0,not_observed
B~C,AFR,B*45:01,C*15:05,0.0,0.049960557454641,0.0131475151196423,0.0007006112058411,-1.0,not_observed
B~C,AFR,B*45:01,C*16:01,138.0,0.049960557454641,0.0957139100709965,0.2416101929932151,0.6973477602118119,estimated
B~C,AFR,B*45:01,C*17:01,,0.049960557454641,0.070733631343676,0.0029001335189129,-0.8511837213852474,suppressed_lt20
B~C,AFR,B*45:01,C*18:01,0.0,0.049960557454641,0.0128845648172495,0.0006864160837536,-1.0,not_observed
B~C,AFR,B*45:01,C*18:02,0.0,0.049960557454641,0.0215619247962135,0.0011588836127534,-1.0,not_observed
B~C,AFR,B*49:01,C*01:02,0.0,0.0265579805416776,0.0081514593741782,0.0002242203205627,-1.0,not_observed
B~C,AFR,B*49:01,C*02:02,0.0,0.0265579805416776,0.0128845648172495,0.0003561121333714,-1.0,not_observed
B~C,AFR,B*49:01,C*02:10,0.0,0.0265579805416776,0.0746778858795687,0.0022018312567003,-1.0,not_observed
B~C,AFR,B*49:01,C*03:02,0.0,0.0265579805416776,0.018932421772285,0.0005264925215907,-1.0,not_observed
B~C,AFR,B*49:01,C*03:03,0.0,0.0265579805416776,0.0097291611885353,0.0002680441712693,-1.0,not_observed
B~C,AFR,B*49:01,C*03:04,,0.0265579805416776,0.0575861162240336,0.0011431187956911,-0.8280663682806636,suppressed_lt20
B~C,AFR,B*49:01,C*04:01,0.0,0.0265579805416776,0.1887983171180647,0.0063497150342317,-1.0,not_observed
B~C,AFR,B*49:01,C*05:01,0.0,0.0265579805416776,0.0265579805416776,0.0007443375330285,-1.0,not_observed
B~C,AFR,B*49:01,C*06:02,0.0,0.0265579805416776,0.0888772022087825,0.0026613281070331,-1.0,not_observed
B~C,AFR,B*49:01,C*07:01,96.0,0.0265579805416776,0.0733631343676045,0.3087644802762713,0.9465756734583788,estimated
B~C,AFR,B*49:01,C*07:02,,0.0265579805416776,0.0631080725742834,0.0013063195836298,-0.8431105610561056,suppressed_lt20
B~C,AFR,B*49:01,C*07:04,0.0,0.0265579805416776,0.0084144096765711,0.0002315146112796,-1.0,not_observed
B~C,AFR,B*49:01,C*07:18,0.0,0.0265579805416776,0.0449645017091769,0.0012845033164594,-1.0,not_observed
B~C,AFR,B*49:01,C*08:02,0.0,0.0265579805416776,0.0402313962661057,0.0011436246974978,-1.0,not_observed
B~C,AFR,B*49:01,C*08:04,0.0,0.0265579805416776,0.0120957139100709,0.000334042400521,-1.0,not_observed
B~C,AFR,B*49:01,C*12:03,0.0,0.0265579805416776,0.0152511175387851,0.0004225334842278,-1.0,not_observed
B~C,AFR,B*49:01,C*14:02,0.0,0.0265579805416776,0.0199842229818564,0.0005563385559289,-1.0,not_observed
B~C,AFR,B*49:01,C*15:05,0.0,0.0265579805416776,0.0131475151196423,0.0003634765517317,-1.0,not_observed
B~C,AFR,B*49:01,C*16:01,,0.0265579805416776,0.0957139100709965,0.0023211831582279,-0.8965564138831466,suppressed_lt20
B~C,AFR,B*49:01,C*17:01,0.0,0.0265579805416776,0.070733631343676,0.0020766853261838,-1.0,not_observed
B~C,AFR,B*49:01,C*18:01,0.0,0.0265579805416776,0.0128845648172495,0.0003561121333714,-1.0,not_observed
B~C,AFR,B*49:01,C*18:02,0.0,0.0265579805416776,0.0215619247962135,0.0006012279220061,-1.0,not_observed
B~C,AFR,B*50:01,C*01:02,0.0,0.0105180120957139,0.0081514593741782,8.736063512872589e-05,-1.0,not_observed
B~C,AFR,B*50:01,C*02:02,0.0,0.0105180120957139,0.0128845648172495,0.0001387482725486,-1.0,not_observed
B~C,AFR,B*50:01,C*02:10,0.0,0.0105180120957139,0.0746778858795687,0.0008578766480614,-1.0,not_observed
B~C,AFR,B*50:01,C*03:02,0.0,0.0105180120957139,0.018932421772285,0.0002051318139286,-1.0,not_observed
B~C,AFR,B*50:01,C*03:03,0.0,0.0105180120957139,0.0097291611885353,0.0001044352669993,-1.0,not_observed
B~C,AFR,B*50:01,C*03:04,0.0,0.0105180120957139,0.0575861162240336,0.0006495339964314,-1.0,not_observed
B~C,AFR,B*50:01,C*04:01,,0.0105180120957139,0.1887983171180647,0.0005472783671528,-0.47033426183844,suppressed_lt20
B~C,AFR,B*50:01,C*05:01,0.0,0.0105180120957139,0.0265579805416776,0.0002900085035661,-1.0,not_observed
B~C,AFR,B*50:01,C*06:02,34.0,0.0105180120957139,0.0888772022087825,0.0760445239668036,0.8353679653679652,estimated
B~C,AFR,B*50:01,C*07:01,0.0,0.0105180120957139,0.0733631343676045,0.0008415774237656,-1.0,not_observed
B~C,AFR,B*50:01,C*07:02,0.0,0.0105180120957139,0.0631080725742834,0.000716013469705,-1.0,not_observed
B~C,AFR,B*50:01,C*07:04,0.0,0.0105180120957139,0.0084144096765711,9.020263387462664e-05,-1.0,not_observed
B~C,AFR,B*50:01,C*07:18,0.0,0.0105180120957139,0.0449645017091769,0.0005004676885182,-1.0,not_observed
B~C,AFR,B*50:01,C*08:02,0.0,0.0105180120957139,0.0402313962661057,0.0004455786151387,-1.0,not_observed
B~C,AFR,B*50:01,C*08:04,0.0,0.0105180120957139,0.0120957139100709,0.0001301494717169,-1.0,not_observed
B~C,AFR,B*50:01,C*12:03,0.0,0.0105180120957139,0.0152511175387851,0.0001646273337432,-1.0,not_observed
B~C,AFR,B*50:01,C*14:02,0.0,0.0105180120957139,0.0199842229818564,0.0002167604143574,-1.0,not_observed
B~C,AFR,B*50:01,C*15:05,0.0,0.0105180120957139,0.0131475151196423,0.0001416175943999,-1.0,not_observed
B~C,AFR,B*50:01,C*16:01,0.0,0.0105180120957139,0.0957139100709965,0.0011251099899335,-1.0,not_observed
B~C,AFR,B*50:01,C*17:01,0.0,0.0105180120957139,0.070733631343676,0.0008091173387077,-1.0,not_observed
B~C,AFR,B*50:01,C*18:01,0.0,0.0105180120957139,0.0128845648172495,0.0001387482725486,-1.0,not_observed
B~C,AFR,B*50:01,C*18:02,0.0,0.0105180120957139,0.0215619247962135,0.0002342501919173,-1.0,not_observed
B~C,AFR,B*51:01,C*01:02,,0.0199842229818564,0.0081514593741782,6.321653667793152e-05,0.0125241264703082,suppressed_lt20
B~C,AFR,B*51:01,C*02:02,,0.0199842229818564,0.0128845648172495,0.0025329436046896,0.06290554858917,suppressed_lt20
B~C,AFR,B*51:01,C*02:10,0.0,0.0199842229818564,0.0746778858795687,0.0016457098660169,-1.0,not_observed
B~C,AFR,B*51:01,C*03:02,0.0,0.0199842229818564,0.018932421772285,0.0003935151408761,-1.0,not_observed
B~C,AFR,B*51:01,C*03:03,,0.0199842229818564,0.0097291611885353,0.0018725733084896,0.0623427290988332,suppressed_lt20
B~C,AFR,B*51:01,C*03:04,,0.0199842229818564,0.0575861162240336,0.0007416732082086,-0.7715092525835135,suppressed_lt20
B~C,AFR,B*51:01,C*04:01,0.0,0.0199842229818564,0.1887983171180647,0.0047459534632509,-1.0,not_observed
B~C,AFR,B*51:01,C*05:01,0.0,0.0199842229818564,0.0265579805416776,0.0005563385559289,-1.0,not_observed
B~C,AFR,B*51:01,C*06:02,0.0,0.0199842229818564,0.0888772022087825,0.0019891505805109,-1.0,not_observed
B~C,AFR,B*51:01,C*07:01,0.0,0.0199842229818564,0.0733631343676045,0.0016144422073241,-1.0,not_observed
B~C,AFR,B*51:01,C*07:02,,0.0199842229818564,0.0631080725742834,0.0008605059227204,-0.791502192982456,suppressed_lt20
B~C,AFR,B*51:01,C*07:04,0.0,0.0199842229818564,0.0084144096765711,0.000173040453827,-1.0,not_observed
B~C,AFR,B*51:01,C*07:18,0.0,0.0199842229818564,0.0449645017091769,0.0009600734726587,-1.0,not_observed
B~C,AFR,B*51:01,C*08:02,0.0,0.0199842229818564,0.0402313962661057,0.0008547768780943,-1.0,not_observed
B~C,AFR,B*51:01,C*08:04,0.0,0.0199842229818564,0.0120957139100709,0.0002496725725609,-1.0,not_observed
B~C,AFR,B*51:01,C*12:03,0.0,0.0199842229818564,0.0152511175387851,0.0003158132675245,-1.0,not_observed
B~C,AFR,B*51:01,C*14:02,,0.0199842229818564,0.0199842229818564,0.0036198881523763,0.0601655063335828,suppressed_lt20
B~C,AFR,B*51:01,C*15:05,0.0,0.0199842229818564,0.0131475151196423,0.0002716724750956,-1.0,not_observed
B~C,AFR,B*51:01,C*16:01,48.0,0.0199842229818564,0.0957139100709965,0.0676525444693128,0.5925835233620546,estimated
B~C,AFR,B*51:01,C*17:01,0.0,0.0199842229818564,0.070733631343676,0.0015521723199783,-1.0,not_observed
B~C,AFR,B*51:01,C*18:01,0.0,0.0199842229818564,0.0128845648172495,0.0002661681041697,-1.0,not_observed
B~C,AFR,B*51:01,C*18:02,0.0,0.0199842229818564,0.0215619247962135,0.0004493744559032,-1.0,not_observed
B~C,AFR,B*52:01,C*01:02,0.0,0.0134104654220352,0.0081514593741782,0.000111711364402,-1.0,not_observed
B~C,AFR,B*52:01,C*02:02,0.0,0.0134104654220352,0.0128845648172495,0.0001774226894297,-1.0,not_observed
B~C,AFR,B*52:01,C*02:10,0.0,0.0134104654220352,0.0746778858795687,0.0010969994746763,-1.0,not_observed
B~C,AFR,B*52:01,C*03:02,0.0,0.0134104654220352,0.018932421772285,0.0002623098467916,-1.0,not_observed
B~C,AFR,B*52:01,C*03:03,0.0,0.0134104654220352,0.0097291611885353,0.0001335453451202,-1.0,not_observed
B~C,AFR,B*52:01,C*03:04,0.0,0.0134104654220352,0.0575861162240336,0.0008305838076835,-1.0,not_observed
B~C,AFR,B*52:01,C*04:01,,0.0134104654220352,0.1887983171180647,0.0025405760446746,-0.896143972909498,suppressed_lt20
B~C,AFR,B*52:01,C*05:01,0.0,0.0134104654220352,0.0265579805416776,0.0003708448956882,-1.0,not_observed
B~C,AFR,B*52:01,C*06:02,,0.0134104654220352,0.0888772022087825,0.0008054199755277,-0.7793827590207679,suppressed_lt20
B~C,AFR,B*52:01,C*07:01,0.0,0.0134104654220352,0.0733631343676045,0.0010761570370944,-1.0,not_observed
B~C,AFR,B*52:01,C*07:02,,0.0134104654220352,0.0631080725742834,0.0004350268157092,-0.689297385620915,suppressed_lt20
B~C,AFR,B*52:01,C*07:04,0.0,0.0134104654220352,0.0084144096765711,0.0001153455362125,-1.0,not_observed
B~C,AFR,B*52:01,C*07:18,0.0,0.0134104654220352,0.0449645017091769,0.0006399670542817,-1.0,not_observed
B~C,AFR,B*52:01,C*08:02,0.0,0.0134104654220352,0.0402313962661057,0.0005697783100154,-1.0,not_observed
B~C,AFR,B*52:01,C*08:04,0.0,0.0134104654220352,0.0120957139100709,0.0001664270759968,-1.0,not_observed
B~C,AFR,B*52:01,C*12:03,0.0,0.0134104654220352,0.0152511175387851,0.0002105152285492,-1.0,not_observed
B~C,AFR,B*52:01,C*14:02,0.0,0.0134104654220352,0.0199842229818564,0.0002771797801212,-1.0,not_observed
B~C,AFR,B*52:01,C*15:05,0.0,0.0134104654220352,0.0131475151196423,0.0001810918003337,-1.0,not_observed
B~C,AFR,B*52:01,C*16:01,45.0,0.0134104654220352,0.0957139100709965,0.0971801175872338,0.86990062090553,estimated
B~C,AFR,B*52:01,C*17:01,0.0,0.0134104654220352,0.070733631343676,0.0010346490926401,-1.0,not_observed
B~C,AFR,B*52:01,C*18:01,0.0,0.0134104654220352,0.0128845648172495,0.0001774226894297,-1.0,not_observed
B~C,AFR,B*52:01,C*18:02,0.0,0.0134104654220352,0.0215619247962135,0.0002995446234103,-1.0,not_observed
B~C,AFR,B*53:01,C*01:02,0.0,0.122534840915067,0.0081514593741782,0.0011476771097921,-1.0,not_observed
B~C,AFR,B*53:01,C*02:02,,0.122534840915067,0.0128845648172495,0.000810687104169,-0.6669002364894455,suppressed_lt20
B~C,AFR,B*53:01,C*02:10,,0.122534840915067,0.0746778858795687,0.010011930419417,-0.9425285619295172,suppressed_lt20
B~C,AFR,B*53:01,C*03:02,0.0,0.122534840915067,0.018932421772285,0.0026948646491539,-1.0,not_observed
B~C,AFR,B*53:01,C*03:03,0.0,0.122534840915067,0.0097291611885353,0.0013719905448669,-1.0,not_observed
B~C,AFR,B*53:01,C*03:04,0.0,0.122534840915067,0.0575861162240336,0.0085330801297144,-1.0,not_observed
B~C,AFR,B*53:01,C*04:01,372.0,0.122534840915067,0.1887983171180647,0.3387105412145567,0.751335897774779,estimated
B~C,AFR,B*53:01,C*05:01,,0.122534840915067,0.0265579805416776,0.0032190917243751,-0.9191985722177368,suppressed_lt20
B~C,AFR,B*53:01,C*06:02,45.0,0.122534840915067,0.0888772022087825,0.000101962024331,0.012081680565579,estimated
B~C,AFR,B*53:01,C*07:01,,0.122534840915067,0.0733631343676045,0.006991977904516,-0.7952451274478134,suppressed_lt20
B~C,AFR,B*53:01,C*07:02,,0.122534840915067,0.0631080725742834,0.0081705185631974,-0.9319921316165952,suppressed_lt20
B~C,AFR,B*53:01,C*07:04,0.0,0.122534840915067,0.0084144096765711,0.0011850131124657,-1.0,not_observed
B~C,AFR,B*53:01,C*07:18,,0.122534840915067,0.0449645017091769,0.0033485118169593,-0.713651080490927,suppressed_lt20
B~C,AFR,B*53:01,C*08:02,,0.122534840915067,0.0402313962661057,5.08774034649642e-05,-0.0932284215546017,suppressed_lt20
B~C,AFR,B*53:01,C*08:04,0.0,0.122534840915067,0.0120957139100709,0.0017098040704599,-1.0,not_observed
B~C,AFR,B*53:01,C*12:03,0.0,0.122534840915067,0.0152511175387851,0.0021627478131865,-1.0,not_observed
B~C,AFR,B*53:01,C*14:02,,0.122534840915067,0.0199842229818564,0.0022689050109946,-0.8926191551840975,suppressed_lt20
B~C,AFR,B*53:01,C*15:05,0.0,0.122534840915067,0.0131475151196423,0.001860463482176,-1.0,not_observed
B~C,AFR,B*53:01,C*16:01,,0.122534840915067,0.0957139100709965,0.0116526893058193,-0.8878991180493327,suppressed_lt20
B~C,AFR,B*53:01,C*17:01,,0.122534840915067,0.070733631343676,0.008206254244865,-0.8786476697991289,suppressed_lt20
B~C,AFR,B*53:01,C*18:01,0.0,0.122534840915067,0.0128845648172495,0.001822768529471,-1.0,not_observed
B~C,AFR,B*53:01,C*18:02,0.0,0.122534840915067,0.0215619247962135,0.0030773995957309,-1.0,not_observed
B~C,AFR,B*57:01,C*01:02,0.0,0.0057849066526426,0.0081514593741782,4.781960817089858e-05,-1.0,not_observed
B~C,AFR,B*57:01,C*02:02,0.0,0.0057849066526426,0.0128845648172495,7.5948257677925e-05,-1.0,not_observed
B~C,AFR,B*57:01,C*02:10,0.0,0.0057849066526426,0.0746778858795687,0.0004695859308808,-1.0,not_observed
B~C,AFR,B*57:01,C*03:02,0.0,0.0057849066526426,0.018932421772285,0.0001122853897639,-1.0,not_observed
B~C,AFR,B*57:01,C*03:03,0.0,0.0057849066526426,0.0097291611885353,5.716594825315891e-05,-1.0,not_observed
B~C,AFR,B*57:01,C*03:04,0.0,0.0057849066526426,0.0575861162240336,0.0003555429874938,-1.0,not_observed
B~C,AFR,B*57:01,C*04:01,0.0,0.0057849066526426,0.1887983171180647,0.0013542077014776,-1.0,not_observed
B~C,AFR,B*57:01,C*05:01,0.0,0.0057849066526426,0.0265579805416776,0.0001587453317655,-1.0,not_observed
B~C,AFR,B*57:01,C*06:02,20.0,0.0057849066526426,0.0888772022087825,0.0483395674973734,0.9002230093139184,estimated
B~C,AFR,B*57:01,C*07:01,,0.0057849066526426,0.0733631343676045,2.635012319178532e-05,0.0189350944175007,suppressed_lt20
B~C,AFR,B*57:01,C*07:02,0.0,0.0057849066526426,0.0631080725742834,0.0003919326309376,-1.0,not_observed
B~C,AFR,B*57:01,C*07:04,0.0,0.0057849066526426,0.0084144096765711,4.9375266119709366e-05,-1.0,not_observed
B~C,AFR,B*57:01,C*07:18,0.0,0.0057849066526426,0.0449645017091769,0.0002739468266442,-1.0,not_observed
B~C,AFR,B*57:01,C*08:02,0.0,0.0057849066526426,0.0402313962661057,0.0002439015553615,-1.0,not_observed
B~C,AFR,B*57:01,C*08:04,0.0,0.0057849066526426,0.0120957139100709,7.124143193307078e-05,-1.0,not_observed
B~C,AFR,B*57:01,C*12:03,0.0,0.0057849066526426,0.0152511175387851,9.011398076744482e-05,-1.0,not_observed
B~C,AFR,B*57:01,C*14:02,0.0,0.0057849066526426,0.0199842229818564,0.0001186506721965,-1.0,not_observed
B~C,AFR,B*57:01,C*15:05,0.0,0.0057849066526426,0.0131475151196423,7.751887179315878e-05,-1.0,not_observed
B~C,AFR,B*57:01,C*16:01,0.0,0.0057849066526426,0.0957139100709965,0.0006158645571716,-1.0,not_observed
B~C,AFR,B*57:01,C*17:01,0.0,0.0057849066526426,0.070733631343676,0.0004428959799144,-1.0,not_observed
B~C,AFR,B*57:01,C*18:01,0.0,0.0057849066526426,0.0128845648172495,7.5948257677925e-05,-1.0,not_observed
B~C,AFR,B*57:01,C*18:02,0.0,0.0057849066526426,0.0215619247962135,0.000128224255409,-1.0,not_observed
B~C,AFR,B*57:03,C*01:02,0.0,0.0376018932421772,0.0081514593741782,0.0003211034426808,-1.0,not_observed
B~C,AFR,B*57:03,C*02:02,0.0,0.0376018932421772,0.0128845648172495,0.0005099842499512,-1.0,not_observed
B~C,AFR,B*57:03,C*02:10,,0.0376018932421772,0.0746778858795687,0.00259031934099,-0.906357726780262,suppressed_lt20
B~C,AFR,B*57:03,C*03:02,0.0,0.0376018932421772,0.018932421772285,0.0007539841206374,-1.0,not_observed
B~C,AFR,B*57:03,C*03:03,0.0,0.0376018932421772,0.0097291611885353,0.0003838630948753,-1.0,not_observed
B~C,AFR,B*57:03,C*03:04,,0.0376018932421772,0.0575861162240336,0.0018428001002073,-0.8785643580164127,suppressed_lt20
B~C,AFR,B*57:03,C*04:01,,0.0376018932421772,0.1887983171180647,0.0071847519809683,-0.8888813136724001,suppressed_lt20
B~C,AFR,B*57:03,C*05:01,0.0,0.0376018932421772,0.0265579805416776,0.0010659575535894,-1.0,not_observed
B~C,AFR,B*57:03,C*06:02,,0.0376018932421772,0.0888772022087825,0.0022243542082782,-0.7639549799313112,suppressed_lt20
B~C,AFR,B*57:03,C*07:01,45.0,0.0376018932421772,0.0733631343676045,0.0334704830971272,0.2604279942531929,estimated
B~C,AFR,B*57:03,C*07:02,0.0,0.0376018932421772,0.0631080725742834,0.0026317847825786,-1.0,not_observed
B~C,AFR,B*57:03,C*07:04,0.0,0.0376018932421772,0.0084144096765711,0.0003315495157899,-1.0,not_observed
B~C,AFR,B*57:03,C*07:18,25.0,0.0376018932421772,0.0449645017091769,0.0153433768514272,0.135974708111272,estimated
B~C,AFR,B*57:03,C*08:02,,0.0376018932421772,0.0402313962661057,0.0005216651487638,0.023657438451959,suppressed_lt20
B~C,AFR,B*57:03,C*08:04,0.0,0.0376018932421772,0.0120957139100709,0.0004783784294817,-1.0,not_observed
B~C,AFR,B*57:03,C*12:03,0.0,0.0376018932421772,0.0152511175387851,0.0006051055323309,-1.0,not_observed
B~C,AFR,B*57:03,C*14:02,0.0,0.0376018932421772,0.0199842229818564,0.0007967262965129,-1.0,not_observed
B~C,AFR,B*57:03,C*15:05,,0.0376018932421772,0.0131475151196423,0.0001140632477268,-0.4681118881118881,suppressed_lt20
B~C,AFR,B*57:03,C*16:01,0.0,0.0376018932421772,0.0957139100709965,0.0041354631938055,-1.0,not_observed
B~C,AFR,B*57:03,C*17:01,,0.0376018932421772,0.070733631343676,0.0014714836362466,-0.7034081160475213,suppressed_lt20
B~C,AFR,B*57:03,C*18:01,0.0,0.0376018932421772,0.0128845648172495,0.0005099842499512,-1.0,not_observed
B~C,AFR,B*57:03,C*18:02,51.0,0.0376018932421772,0.0215619247962135,0.2079384515662866,0.6071804611488738,estimated
B~C,AFR,B*58:01,C*01:02,0.0,0.0423349986852484,0.0081514593741782,0.0003633088225445,-1.0,not_observed
B~C,AFR,B*58:01,C*02:02,0.0,0.0423349986852484,0.0128845648172495,0.0005770158545144,-1.0,not_observed
B~C,AFR,B*58:01,C*02:10,,0.0423349986852484,0.0746778858795687,0.0029988852178855,-0.916827049252034,suppressed_lt20
B~C,AFR,B*58:01,C*03:02,52.0,0.0423349986852484,0.018932421772285,0.220022877756829,0.7099426444566477,estimated
B~C,AFR,B*58:01,C*03:03,0.0,0.0423349986852484,0.0097291611885353,0.0004343175141727,-1.0,not_observed
B~C,AFR,B*58:01,C*03:04,0.0,0.0423349986852484,0.0575861162240336,0.0027012330107084,-1.0,not_observed
B~C,AFR,B*58:01,C*04:01,,0.0423349986852484,0.1887983171180647,0.0089792019342436,-0.934203013892974,suppressed_lt20
B~C,AFR,B*58:01,C*05:01,,0.0423349986852484,0.0265579805416776,0.0007079018501455,-0.7661275444314617,suppressed_lt20
B~C,AFR,B*58:01,C*06:02,,0.0423349986852484,0.0888772022087825,0.0031910134593354,-0.860230070932412,suppressed_lt20
B~C,AFR,B*58:01,C*07:01,,0.0423349986852484,0.0733631343676045,0.0024149848784971,-0.8306729891582626,suppressed_lt20
B~C,AFR,B*58:01,C*07:02,,0.0423349986852484,0.0631080725742834,0.002420408199531,-0.9015786749482402,suppressed_lt20
B~C,AFR,B*58:01,C*07:04,0.0,0.0423349986852484,0.0084144096765711,0.0003751279126476,-1.0,not_observed
B~C,AFR,B*58:01,C*07:18,95.0,0.0423349986852484,0.0449645017091769,0.3058758512545051,0.5707616220209593,estimated
B~C,AFR,B*58:01,C*08:02,,0.0423349986852484,0.0402313962661057,0.0008853727666362,-0.6912272155238907,suppressed_lt20
B~C,AFR,B*58:01,C*08:04,0.0,0.0423349986852484,0.0120957139100709,0.0005412558099491,-1.0,not_observed
B~C,AFR,B*58:01,C*12:03,,0.0423349986852484,0.0152511175387851,0.0002405412798199,-0.5927393446134076,suppressed_lt20
B~C,AFR,B*58:01,C*14:02,0.0,0.0423349986852484,0.0199842229818564,0.0009014468678994,-1.0,not_observed
B~C,AFR,B*58:01,C*15:05,0.0,0.0423349986852484,0.0131475151196423,0.0005889485738884,-1.0,not_observed
B~C,AFR,B*58:01,C*16:01,0.0,0.0423349986852484,0.0957139100709965,0.0046790225949429,-1.0,not_observed
B~C,AFR,B*58:01,C*17:01,,0.0423349986852484,0.070733631343676,0.0022867820636049,-0.8243783047403541,suppressed_lt20
B~C,AFR,B*58:01,C*18:01,0.0,0.0423349986852484,0.0128845648172495,0.0005770158545144,-1.0,not_observed
B~C,AFR,B*58:01,C*18:02,0.0,0.0423349986852484,0.0215619247962135,0.0009741820361186,-1.0,not_observed
B~C,AFR,B*58:02,C*01:02,0.0,0.0394425453589271,0.0081514593741782,0.0003374672221352,-1.0,not_observed
B~C,AFR,B*58:02,C*02:02,0.0,0.0394425453589271,0.0128845648172495,0.0005359736000551,-1.0,not_observed
B~C,AFR,B*58:02,C*02:10,0.0,0.0394425453589271,0.0746778858795687,0.0033139096222166,-1.0,not_observed
B~C,AFR,B*58:02,C*03:02,0.0,0.0394425453589271,0.018932421772285,0.0007924079686012,-1.0,not_observed
B~C,AFR,B*58:02,C*03:03,0.0,0.0394425453589271,0.0097291611885353,0.0004034251742251,-1.0,not_observed
B~C,AFR,B*58:02,C*03:04,,0.0394425453589271,0.0575861162240336,0.0019617764751738,-0.8842313546423135,suppressed_lt20
B~C,AFR,B*58:02,C*04:01,,0.0394425453589271,0.1887983171180647,0.0082545907456089,-0.9293779015784588,suppressed_lt20
B~C,AFR,B*58:02,C*05:01,0.0,0.0394425453589271,0.0265579805416776,0.0011202799058166,-1.0,not_observed
B~C,AFR,B*58:02,C*06:02,145.0,0.0394425453589271,0.0888772022087825,0.3907104493903542,0.9634151034151034,estimated
B~C,AFR,B*58:02,C*07:01,0.0,0.0394425453589271,0.0733631343676045,0.0032509470082431,-1.0,not_observed
B~C,AFR,B*58:02,C*07:02,0.0,0.0394425453589271,0.0631080725742834,0.0027659033874556,-1.0,not_observed
B~C,AFR,B*58:02,C*07:04,0.0,0.0394425453589271,0.0084144096765711,0.0003484456384514,-1.0,not_observed
B~C,AFR,B*58:02,C*07:18,0.0,0.0394425453589271,0.0449645017091769,0.0019332670872169,-1.0,not_observed
B~C,AFR,B*58:02,C*08:02,0.0,0.0394425453589271,0.0402313962661057,0.0017212349391942,-1.0,not_observed
B~C,AFR,B*58:02,C*08:04,0.0,0.0394425453589271,0.0120957139100709,0.0005027571127198,-1.0,not_observed
B~C,AFR,B*58:02,C*12:03,,0.0394425453589271,0.0152511175387851,0.000201483488274,-0.5628735632183908,suppressed_lt20
B~C,AFR,B*58:02,C*14:02,0.0,0.0394425453589271,0.0199842229818564,0.0008373283320838,-1.0,not_observed
B~C,AFR,B*58:02,C*15:05,0.0,0.0394425453589271,0.0131475151196423,0.0005470575633662,-1.0,not_observed
B~C,AFR,B*58:02,C*16:01,,0.0394425453589271,0.0957139100709965,0.0037618514135351,-0.9303479853479854,suppressed_lt20
B~C,AFR,B*58:02,C*17:01,0.0,0.0394425453589271,0.070733631343676,0.0031255562676814,-1.0,not_observed
B~C,AFR,B*58:02,C*18:01,0.0,0.0394425453589271,0.0128845648172495,0.0005359736000551,-1.0,not_observed
B~C,AFR,B*58:02,C*18:02,0.0,0.0394425453589271,0.0215619247962135,0.0009048899591276,-1.0,not_observed
B~C,AFR,B*78:01,C*01:02,0.0,0.0084144096765711,0.0081514593741782,6.97402429041412e-05,-1.0,not_observed
B~C,AFR,B*78:01,C*02:02,0.0,0.0084144096765711,0.0128845648172495,0.0001107631396659,-1.0,not_observed
B~C,AFR,B*78:01,C*02:10,,0.0084144096765711,0.0746778858795687,0.0002316038986327,-0.5815360915492958,suppressed_lt20
B~C,AFR,B*78:01,C*03:02,0.0,0.0084144096765711,0.018932421772285,0.0001637573091091,-1.0,not_observed
B~C,AFR,B*78:01,C*03:03,0.0,0.0084144096765711,0.0097291611885353,8.337096997476197e-05,-1.0,not_observed
B~C,AFR,B*78:01,C*03:04,0.0,0.0084144096765711,0.0575861162240336,0.0005185248323673,-1.0,not_observed
B~C,AFR,B*78:01,C*04:01,0.0,0.0084144096765711,0.1887983171180647,0.0019749800898866,-1.0,not_observed
B~C,AFR,B*78:01,C*05:01,0.0,0.0084144096765711,0.0265579805416776,0.0002315146112796,-1.0,not_observed
B~C,AFR,B*78:01,C*06:02,0.0,0.0084144096765711,0.0888772022087825,0.000827764710024,-1.0,not_observed
B~C,AFR,B*78:01,C*07:01,0.0,0.0084144096765711,0.0733631343676045,0.0006718336453205,-1.0,not_observed
B~C,AFR,B*78:01,C*07:02,0.0,0.0084144096765711,0.0631080725742834,0.0005715955845134,-1.0,not_observed
B~C,AFR,B*78:01,C*07:04,0.0,0.0084144096765711,0.0084144096765711,7.200901856700508e-05,-1.0,not_observed
B~C,AFR,B*78:01,C*07:18,0.0,0.0084144096765711,0.0449645017091769,0.000399524775793,-1.0,not_observed
B~C,AFR,B*78:01,C*08:02,,0.0084144096765711,0.0402313962661057,1.7727582612013817e-05,-0.2232434640522874,suppressed_lt20
B~C,AFR,B*78:01,C*08:04,0.0,0.0084144096765711,0.0120957139100709,0.0001038986925634,-1.0,not_observed
B~C,AFR,B*78:01,C*12:03,0.0,0.0084144096765711,0.0152511175387851,0.000131422467648,-1.0,not_observed
B~C,AFR,B*78:01,C*14:02,0.0,0.0084144096765711,0.0199842229818564,0.000173040453827,-1.0,not_observed
B~C,AFR,B*78:01,C*15:05,0.0,0.0084144096765711,0.0131475151196423,0.0001130537274414,-1.0,not_observed
B~C,AFR,B*78:01,C*16:01,29.0,0.0084144096765711,0.0957139100709965,0.064410586141378,0.8963270572840941,estimated
B~C,AFR,B*78:01,C*17:01,0.0,0.0084144096765711,0.070733631343676,0.0006459206673152,-1.0,not_observed
B~C,AFR,B*78:01,C*18:01,0.0,0.0084144096765711,0.0128845648172495,0.0001107631396659,-1.0,not_observed
B~C,AFR,B*78:01,C*18:02,0.0,0.0084144096765711,0.0215619247962135,0.0001870025928793,-1.0,not_observed
B~C,AFR,B*81:01,C*01:02,0.0,0.0218248750986063,0.0081514593741782,0.0001833686815129,-1.0,not_observed
B~C,AFR,B*81:01,C*02:02,0.0,0.0218248750986063,0.0128845648172495,0.0002912305726937,-1.0,not_observed
B~C,AFR,B*81:01,C*02:10,,0.0218248750986063,0.0746778858795687,0.001266516242166,-0.8386645172238248,suppressed_lt20
B~C,AFR,B*81:01,C*03:02,0.0,0.0218248750986063,0.018932421772285,0.0004305686445733,-1.0,not_observed
B~C,AFR,B*81:01,C*03:03,0.0,0.0218248750986063,0.0097291611885353,0.0002192080813618,-1.0,not_observed
B~C,AFR,B*81:01,C*03:04,0.0,0.0218248750986063,0.0575861162240336,0.0013633622551843,-1.0,not_observed
B~C,AFR,B*81:01,C*04:01,,0.0218248750986063,0.1887983171180647,0.0045512180871993,-0.9361848508239085,suppressed_lt20
B~C,AFR,B*81:01,C*05:01,0.0,0.0218248750986063,0.0265579805416776,0.0006087235612252,-1.0,not_observed
B~C,AFR,B*81:01,C*06:02,,0.0218248750986063,0.0888772022087825,0.0016263661691776,-0.8644400085549298,suppressed_lt20
B~C,AFR,B*81:01,C*07:01,0.0,0.0218248750986063,0.0733631343676045,0.001766458569807,-1.0,not_observed
B~C,AFR,B*81:01,C*07:02,0.0,0.0218248750986063,0.0631080725742834,0.0015029016866902,-1.0,not_observed
B~C,AFR,B*81:01,C*07:04,0.0,0.0218248750986063,0.0084144096765711,0.0001893339948617,-1.0,not_observed
B~C,AFR,B*81:01,C*07:18,0.0,0.0218248750986063,0.0449645017091769,0.0010504742788119,-1.0,not_observed
B~C,AFR,B*81:01,C*08:02,0.0,0.0218248750986063,0.0402313962661057,0.0009352629253203,-1.0,not_observed
B~C,AFR,B*81:01,C*08:04,30.0,0.0218248750986063,0.0120957139100709,0.227882221161353,0.6444132772323514,estimated
B~C,AFR,B*81:01,C*12:03,0.0,0.0218248750986063,0.0152511175387851,0.0003455503395207,-1.0,not_observed
B~C,AFR,B*81:01,C*14:02,0.0,0.0218248750986063,0.0199842229818564,0.0004549769049453,-1.0,not_observed
B~C,AFR,B*81:01,C*15:05,0.0,0.0218248750986063,0.0131475151196423,0.000297253236837,-1.0,not_observed
B~C,AFR,B*81:01,C*16:01,0.0,0.0218248750986063,0.0957139100709965,0.0023615892341797,-1.0,not_observed
B~C,AFR,B*81:01,C*17:01,,0.0218248750986063,0.070733631343676,0.001169040850423,-0.8296681148385363,suppressed_lt20
B~C,AFR,B*81:01,C*18:01,48.0,0.0218248750986063,0.0128845648172495,0.5608582778079396,0.979136493307,estimated
B~C,AFR,B*81:01,C*18:02,0.0,0.0218248750986063,0.0215619247962135,0.0004916876894579,-1.0,not_observed
B~C,AMR,B*07:02,C*01:02,0.0,0.0518939393939393,0.0507575757575757,0.0029267353238364,-1.0,not_observed
B~C,AMR,B*07:02,C*02:02,0.0,0.0518939393939393,0.0428030303030303,0.0024475575885905,-1.0,not_observed
B~C,AMR,B*07:02,C*02:10,0.0,0.0518939393939393,0.0151515151515151,0.0008420664433449,-1.0,not_observed
B~C,AMR,B*07:02,C*03:03,0.0,0.0518939393939393,0.0295454545454545,0.001666384413645,-1.0,not_observed
B~C,AMR,B*07:02,C*03:04,,0.0518939393939393,0.0700757575757575,0.0033100790903841,-0.8958374432826988,suppressed_lt20
B~C,AMR,B*07:02,C*03:05,,0.0518939393939393,0.0159090909090909,0.0002591596367607,-0.5411887382690302,suppressed_lt20
B~C,AMR,B*07:02,C*04:01,0.0,0.0518939393939393,0.1689393939393939,0.0111264841351727,-1.0,not_observed
B~C,AMR,B*07:02,C*05:01,0.0,0.0518939393939393,0.0352272727272727,0.0019985440322025,-1.0,not_observed
B~C,AMR,B*07:02,C*06:02,,0.0518939393939393,0.0553030303030303,0.0024141751879275,-0.868013198680132,suppressed_lt20
B~C,AMR,B*07:02,C*07:01,,0.0518939393939393,0.0814393939393939,0.0025939292867214,-0.7311152605669666,suppressed_lt20
B~C,AMR,B*07:02,C*07:02,118.0,0.0518939393939393,0.1393939393939394,0.237787755564497,0.8388506219800556,estimated
B~C,AMR,B*07:02,C*07:18,,0.0518939393939393,0.0121212121212121,0.0001062805954783,-0.3978102189781022,suppressed_lt20
B~C,AMR,B*07:02,C*08:01,,0.0518939393939393,0.0299242424242424,0.0009651771147439,-0.7560750254088515,suppressed_lt20
B~C,AMR,B*07:02,C*08:02,,0.0518939393939393,0.0450757575757575,0.0018146418094941,-0.8380666135067166,suppressed_lt20
B~C,AMR,B*07:02,C*12:02,0.0,0.0518939393939393,0.0075757575757575,0.0004178192276138,-1.0,not_observed
B~C,AMR,B*07:02,C*12:03,,0.0518939393939393,0.0359848484848484,0.0007216520129155,-0.5943142527852477,suppressed_lt20
B~C,AMR,B*07:02,C*14:02,0.0,0.0518939393939393,0.0143939393939393,0.0007993482379177,-1.0,not_observed
B~C,AMR,B*07:02,C*15:02,0.0,0.0518939393939393,0.0231060606060606,0.0012946077735023,-1.0,not_observed
B~C,AMR,B*07:02,C*16:01,0.0,0.0518939393939393,0.0515151515151515,0.0029727904789013,-1.0,not_observed
B~C,AMR,B*07:02,C*17:01,0.0,0.0518939393939393,0.0174242424242424,0.0009706162936011,-1.0,not_observed
B~C,AMR,B*08:01,C*01:02,0.0,0.0303030303030303,0.0507575757575757,0.0016709896249002,-1.0,not_observed
B~C,AMR,B*08:01,C*02:02,0.0,0.0303030303030303,0.0428030303030303,0.0013974079936683,-1.0,not_observed
B~C,AMR,B*08:01,C*02:10,0.0,0.0303030303030303,0.0151515151515151,0.0004807692307692,-1.0,not_observed
B~C,AMR,B*08:01,C*03:03,0.0,0.0303030303030303,0.0295454545454545,0.0009514051522248,-1.0,not_observed
B~C,AMR,B*08:01,C*03:04,,0.0303030303030303,0.0700757575757575,1.162822700500908e-05,0.005295315682281,suppressed_lt20
B~C,AMR,B*08:01,C*03:05,0.0,0.0303030303030303,0.0159090909090909,0.0005051963048498,-1.0,not_observed
B~C,AMR,B*08:01,C*04:01,0.0,0.0303030303030303,0.1689393939393939,0.0063525524156791,-1.0,not_observed
B~C,AMR,B*08:01,C*05:01,0.0,0.0303030303030303,0.0352272727272727,0.0011410482921083,-1.0,not_observed
B~C,AMR,B*08:01,C*06:02,0.0,0.0303030303030303,0.0553030303030303,0.0018293905372894,-1.0,not_observed
B~C,AMR,B*08:01,C*07:01,67.0,0.0303030303030303,0.0814393939393939,0.2387926156796931,0.8230927835051546,estimated
B~C,AMR,B*08:01,C*07:02,,0.0303030303030303,0.1393939393939394,0.0015402313251109,-0.5516304347826088,suppressed_lt20
B~C,AMR,B*08:01,C*07:18,,0.0303030303030303,0.0121212121212121,3.744488113496942e-07,0.0009765625,suppressed_lt20
B~C,AMR,B*08:01,C*08:01,0.0,0.0303030303030303,0.0299242424242424,0.0009639789144865,-1.0,not_observed
B~C,AMR,B*08:01,C*08:02,0.0,0.0303030303030303,0.0450757575757575,0.0014751090836969,-1.0,not_observed
B~C,AMR,B*08:01,C*12:02,0.0,0.0303030303030303,0.0075757575757575,0.0002385496183206,-1.0,not_observed
B~C,AMR,B*08:01,C*12:03,0.0,0.0303030303030303,0.0359848484848484,0.0011665029469548,-1.0,not_observed
B~C,AMR,B*08:01,C*14:02,0.0,0.0303030303030303,0.0143939393939393,0.0004563797079169,-1.0,not_observed
B~C,AMR,B*08:01,C*15:02,0.0,0.0303030303030303,0.0231060606060606,0.0007391430787126,-1.0,not_observed
B~C,AMR,B*08:01,C*16:01,,0.0303030303030303,0.0515151515151515,0.0009735342569535,-0.7573529411764706,suppressed_lt20
B~C,AMR,B*08:01,C*17:01,0.0,0.0303030303030303,0.0174242424242424,0.0005541634541249,-1.0,not_observed
B~C,AMR,B*13:02,C*01:02,0.0,0.0113636363636363,0.0507575757575757,0.0006146168735265,-1.0,not_observed
B~C,AMR,B*13:02,C*02:02,0.0,0.0113636363636363,0.0428030303030303,0.0005139891470964,-1.0,not_observed
B~C,AMR,B*13:02,C*02:10,0.0,0.0113636363636363,0.0151515151515151,0.0001768346595932,-1.0,not_observed
B~C,AMR,B*13:02,C*03:03,0.0,0.0113636363636363,0.0295454545454545,0.0003499421249562,-1.0,not_observed
B~C,AMR,B*13:02,C*03:04,0.0,0.0113636363636363,0.0700757575757575,0.0008661656951564,-1.0,not_observed
B~C,AMR,B*13:02,C*03:05,0.0,0.0113636363636363,0.0159090909090909,0.0001858193305194,-1.0,not_observed
B~C,AMR,B*13:02,C*04:01,0.0,0.0113636363636363,0.1689393939393939,0.0023365710034681,-1.0,not_observed
B~C,AMR,B*13:02,C*05:01,0.0,0.0113636363636363,0.0352272727272727,0.0004196959235341,-1.0,not_observed
B~C,AMR,B*13:02,C*06:02,29.0,0.0113636363636363,0.0553030303030303,0.1827354001043221,0.9647153167602244,estimated
B~C,AMR,B*13:02,C*07:01,0.0,0.0113636363636363,0.0814393939393939,0.001019078089821,-1.0,not_observed
B~C,AMR,B*13:02,C*07:02,0.0,0.0113636363636363,0.1393939393939394,0.0018617451837461,-1.0,not_observed
B~C,AMR,B*13:02,C*07:18,0.0,0.0113636363636363,0.0121212121212121,0.0001410337775897,-1.0,not_observed
B~C,AMR,B*13:02,C*08:01,0.0,0.0113636363636363,0.0299242424242424,0.0003545669570525,-1.0,not_observed
B~C,AMR,B*13:02,C*08:02,0.0,0.0113636363636363,0.0450757575757575,0.0005425688583712,-1.0,not_observed
B~C,AMR,B*13:02,C*12:02,0.0,0.0113636363636363,0.0075757575757575,8.774238834781082e-05,-1.0,not_observed
B~C,AMR,B*13:02,C*12:03,0.0,0.0113636363636363,0.0359848484848484,0.0004290585552017,-1.0,not_observed
B~C,AMR,B*13:02,C*14:02,0.0,0.0113636363636363,0.0143939393939393,0.0001678638006131,-1.0,not_observed
B~C,AMR,B*13:02,C*15:02,0.0,0.0113636363636363,0.0231060606060606,0.0002718687186069,-1.0,not_observed
B~C,AMR,B*13:02,C*16:01,0.0,0.0113636363636363,0.0515151515151515,0.0006242884947302,-1.0,not_observed
B~C,AMR,B*13:02,C*17:01,0.0,0.0113636363636363,0.0174242424242424,0.0002038302359999,-1.0,not_observed
B~C,AMR,B*14:02,C*01:02,,0.0409090909090909,0.0507575757575757,0.0015245546611987,-0.8175787728026533,suppressed_lt20
B~C,AMR,B*14:02,C*02:02,,0.0409090909090909,0.0428030303030303,0.0001693076598015,0.0133227806358,suppressed_lt20
B~C,AMR,B*14:02,C*02:10,0.0,0.0409090909090909,0.0151515151515151,0.0006562158220925,-1.0,not_observed
B~C,AMR,B*14:02,C*03:03,0.0,0.0409090909090909,0.0295454545454545,0.0012986003973495,-1.0,not_observed
B~C,AMR,B*14:02,C*03:04,0.0,0.0409090909090909,0.0700757575757575,0.0032142546886613,-1.0,not_observed
B~C,AMR,B*14:02,C*03:05,0.0,0.0409090909090909,0.0159090909090909,0.0006895570416908,-1.0,not_observed
B~C,AMR,B*14:02,C*04:01,0.0,0.0409090909090909,0.1689393939393939,0.0086707824441497,-1.0,not_observed
B~C,AMR,B*14:02,C*05:01,0.0,0.0409090909090909,0.0352272727272727,0.0015574498015507,-1.0,not_observed
B~C,AMR,B*14:02,C*06:02,0.0,0.0409090909090909,0.0553030303030303,0.0024969880319401,-1.0,not_observed
B~C,AMR,B*14:02,C*07:01,0.0,0.0409090909090909,0.0814393939393939,0.0037816973664924,-1.0,not_observed
B~C,AMR,B*14:02,C*07:02,,0.0409090909090909,0.1393939393939394,0.0060214052937263,-0.9335748792270532,suppressed_lt20
B~C,AMR,B*14:02,C*07:18,0.0,0.0409090909090909,0.0121212121212121,0.0005233623120983,-1.0,not_observed
B~C,AMR,B*14:02,C*08:01,,0.0409090909090909,0.0299242424242424,0.0006274821121554,-0.690576652601969,suppressed_lt20
B~C,AMR,B*14:02,C*08:02,98.0,0.0409090909090909,0.0450757575757575,0.7368799725031909,0.9030367138260832,estimated
B~C,AMR,B*14:02,C*12:02,0.0,0.0409090909090909,0.0075757575757575,0.0003256032705039,-1.0,not_observed
B~C,AMR,B*14:02,C*12:03,0.0,0.0409090909090909,0.0359848484848484,0.0015921935958435,-1.0,not_observed
B~C,AMR,B*14:02,C*14:02,0.0,0.0409090909090909,0.0143939393939393,0.0006229258572516,-1.0,not_observed
B~C,AMR,B*14:02,C*15:02,0.0,0.0409090909090909,0.0231060606060606,0.0010088777567263,-1.0,not_observed
B~C,AMR,B*14:02,C*16:01,0.0,0.0409090909090909,0.0515151515151515,0.0023166724709658,-1.0,not_observed
B~C,AMR,B*14:02,C*17:01,0.0,0.0409090909090909,0.0174242424242424,0.0007563937193742,-1.0,not_observed
B~C,AMR,B*15:01,C*01:02,23.0,0.0234848484848484,0.0507575757575757,0.0511800843318273,0.3373323378729758,estimated
B~C,AMR,B*15:01,C*02:02,,0.0234848484848484,0.0428030303030303,0.0004176468159894,-0.6231801313160148,suppressed_lt20
B~C,AMR,B*15:01,C*02:10,0.0,0.0234848484848484,0.0151515151515151,0.0003699946291102,-1.0,not_observed
B~C,AMR,B*15:01,C*03:03,26.0,0.0234848484848484,0.0295454545454545,0.12745224276429,0.4016771171715645,estimated
B~C,AMR,B*15:01,C*03:04,,0.0234848484848484,0.0700757575757575,0.0002630661970436,0.0287103344064122,suppressed_lt20
B~C,AMR,B*15:01,C*03:05,0.0,0.0234848484848484,0.0159090909090909,0.0003887934324368,-1.0,not_observed
B~C,AMR,B*15:01,C*04:01,,0.0234848484848484,0.1689393939393939,0.0032000999044713,-0.8090554028641689,suppressed_lt20
B~C,AMR,B*15:01,C*05:01,0.0,0.0234848484848484,0.0352272727272727,0.0008781380184418,-1.0,not_observed
B~C,AMR,B*15:01,C*06:02,0.0,0.0234848484848484,0.0553030303030303,0.0014078785205517,-1.0,not_observed
B~C,AMR,B*15:01,C*07:01,0.0,0.0234848484848484,0.0814393939393939,0.0021322370894083,-1.0,not_observed
B~C,AMR,B*15:01,C*07:02,0.0,0.0234848484848484,0.1393939393939394,0.0038953659895759,-1.0,not_observed
B~C,AMR,B*15:01,C*07:18,,0.0234848484848484,0.0121212121212121,3.226082808498345e-05,0.0079519006982156,suppressed_lt20
B~C,AMR,B*15:01,C*08:01,0.0,0.0234848484848484,0.0299242424242424,0.0007418674035458,-1.0,not_observed
B~C,AMR,B*15:01,C*08:02,0.0,0.0234848484848484,0.0450757575757575,0.0011352274717047,-1.0,not_observed
B~C,AMR,B*15:01,C*12:02,0.0,0.0234848484848484,0.0075757575757575,0.0001835851213142,-1.0,not_observed
B~C,AMR,B*15:01,C*12:03,,0.0234848484848484,0.0359848484848484,0.0002733258626593,-0.5517826825127334,suppressed_lt20
B~C,AMR,B*15:01,C*14:02,0.0,0.0234848484848484,0.0143939393939393,0.0003512247247894,-1.0,not_observed
B~C,AMR,B*15:01,C*15:02,0.0,0.0234848484848484,0.0231060606060606,0.0005688362560767,-1.0,not_observed
B~C,AMR,B*15:01,C*16:01,0.0,0.0234848484848484,0.0515151515151515,0.0013062110708204,-1.0,not_observed
B~C,AMR,B*15:01,C*17:01,0.0,0.0234848484848484,0.0174242424242424,0.0004264780034847,-1.0,not_observed
B~C,AMR,B*15:03,C*01:02,0.0,0.0147727272727272,0.0507575757575757,0.0008017666481643,-1.0,not_observed
B~C,AMR,B*15:03,C*02:02,0.0,0.0147727272727272,0.0428030303030303,0.0006704979531326,-1.0,not_observed
B~C,AMR,B*15:03,C*02:10,35.0,0.0147727272727272,0.0151515151515151,0.7821966517202078,0.8958579881656805,estimated
B~C,AMR,B*15:03,C*03:03,0.0,0.0147727272727272,0.0295454545454545,0.0004564988965692,-1.0,not_observed
B~C,AMR,B*15:03,C*03:04,0.0,0.0147727272727272,0.0700757575757575,0.001129911650775,-1.0,not_observed
B~C,AMR,B*15:03,C*03:05,0.0,0.0147727272727272,0.0159090909090909,0.0002424009951759,-1.0,not_observed
B~C,AMR,B*15:03,C*04:01,,0.0147727272727272,0.1689393939393939,0.0021930226494239,-0.8482235253535703,suppressed_lt20
B~C,AMR,B*15:03,C*05:01,0.0,0.0147727272727272,0.0352272727272727,0.0005474926061327,-1.0,not_observed
B~C,AMR,B*15:03,C*06:02,0.0,0.0147727272727272,0.0553030303030303,0.0008777698541089,-1.0,not_observed
B~C,AMR,B*15:03,C*07:01,0.0,0.0147727272727272,0.0814393939393939,0.0013293856050607,-1.0,not_observed
B~C,AMR,B*15:03,C*07:02,0.0,0.0147727272727272,0.1393939393939394,0.0024286433711844,-1.0,not_observed
B~C,AMR,B*15:03,C*07:18,0.0,0.0147727272727272,0.0121212121212121,0.0001839783188627,-1.0,not_observed
B~C,AMR,B*15:03,C*08:01,0.0,0.0147727272727272,0.0299242424242424,0.0004625319820373,-1.0,not_observed
B~C,AMR,B*15:03,C*08:02,,0.0147727272727272,0.0450757575757575,0.0001315737979381,-0.4311570782159017,suppressed_lt20
B~C,AMR,B*15:03,C*12:02,0.0,0.0147727272727272,0.0075757575757575,0.0001144597937962,-1.0,not_observed
B~C,AMR,B*15:03,C*12:03,0.0,0.0147727272727272,0.0359848484848484,0.0005597061429448,-1.0,not_observed
B~C,AMR,B*15:03,C*14:02,0.0,0.0147727272727272,0.0143939393939393,0.000218978037478,-1.0,not_observed
B~C,AMR,B*15:03,C*15:02,0.0,0.0147727272727272,0.0231060606060606,0.0003546522730616,-1.0,not_observed
B~C,AMR,B*15:03,C*16:01,,0.0147727272727272,0.0515151515151515,0.0002054424799323,-0.502262443438914,suppressed_lt20
B~C,AMR,B*15:03,C*17:01,0.0,0.0147727272727272,0.0174242424242424,0.0002658961902144,-1.0,not_observed
B~C,AMR,B*15:15,C*01:02,,0.0079545454545454,0.0507575757575757,0.1213740739402923,0.8996693649526852,suppressed_lt20
B~C,AMR,B*15:15,C*02:02,0.0,0.0079545454545454,0.0428030303030303,0.0003585560029572,-1.0,not_observed
B~C,AMR,B*15:15,C*02:10,0.0,0.0079545454545454,0.0151515151515151,0.0001233588862454,-1.0,not_observed
B~C,AMR,B*15:15,C*03:03,0.0,0.0079545454545454,0.0295454545454545,0.000244117702289,-1.0,not_observed
B~C,AMR,B*15:15,C*03:04,0.0,0.0079545454545454,0.0700757575757575,0.0006042324265181,-1.0,not_observed
B~C,AMR,B*15:15,C*03:05,,0.0079545454545454,0.0159090909090909,0.0032230513126092,0.0806114593643462,suppressed_lt20
B~C,AMR,B*15:15,C*04:01,0.0,0.0079545454545454,0.1689393939393939,0.0016299790848936,-1.0,not_observed
B~C,AMR,B*15:15,C*05:01,0.0,0.0079545454545454,0.0352272727272727,0.0002927775686509,-1.0,not_observed
B~C,AMR,B*15:15,C*06:02,0.0,0.0079545454545454,0.0553030303030303,0.0004693968847111,-1.0,not_observed
B~C,AMR,B*15:15,C*07:01,0.0,0.0079545454545454,0.0814393939393939,0.0007109032722806,-1.0,not_observed
B~C,AMR,B*15:15,C*07:02,0.0,0.0079545454545454,0.1393939393939394,0.0012987432037816,-1.0,not_observed
B~C,AMR,B*15:15,C*07:18,0.0,0.0079545454545454,0.0121212121212121,9.83843878031469e-05,-1.0,not_observed
B~C,AMR,B*15:15,C*08:01,0.0,0.0079545454545454,0.0299242424242424,0.0002473439597307,-1.0,not_observed
B~C,AMR,B*15:15,C*08:02,0.0,0.0079545454545454,0.0450757575757575,0.0003784930524033,-1.0,not_observed
B~C,AMR,B*15:15,C*12:02,0.0,0.0079545454545454,0.0075757575757575,6.120860767905703e-05,-1.0,not_observed
B~C,AMR,B*15:15,C*12:03,0.0,0.0079545454545454,0.0359848484848484,0.0002993088890239,-1.0,not_observed
B~C,AMR,B*15:15,C*14:02,0.0,0.0079545454545454,0.0143939393939393,0.0001171008643452,-1.0,not_observed
B~C,AMR,B*15:15,C*15:02,0.0,0.0079545454545454,0.0231060606060606,0.0001896541232893,-1.0,not_observed
B~C,AMR,B*15:15,C*16:01,0.0,0.0079545454545454,0.0515151515151515,0.0004355002214097,-1.0,not_observed
B~C,AMR,B*15:15,C*17:01,0.0,0.0079545454545454,0.0174242424242424,0.0001421908519175,-1.0,not_observed
B~C,AMR,B*18:01,C*01:02,0.0,0.0303030303030303,0.0507575757575757,0.0016709896249002,-1.0,not_observed
B~C,AMR,B*18:01,C*02:02,,0.0303030303030303,0.0428030303030303,3.95069532237674e-05,0.0075187969924812,suppressed_lt20
B~C,AMR,B*18:01,C*02:10,,0.0303030303030303,0.0151515151515151,1.4723557692307709e-05,-0.1750000000000001,suppressed_lt20
B~C,AMR,B*18:01,C*03:03,0.0,0.0303030303030303,0.0295454545454545,0.0009514051522248,-1.0,not_observed
B~C,AMR,B*18:01,C*03:04,0.0,0.0303030303030303,0.0700757575757575,0.0023548879837067,-1.0,not_observed
B~C,AMR,B*18:01,C*03:05,0.0,0.0303030303030303,0.0159090909090909,0.0005051963048498,-1.0,not_observed
B~C,AMR,B*18:01,C*04:01,0.0,0.0303030303030303,0.1689393939393939,0.0063525524156791,-1.0,not_observed
B~C,AMR,B*18:01,C*05:01,25.0,0.0303030303030303,0.0352272727272727,0.0706903757741555,0.287396937573616,estimated
B~C,AMR,B*18:01,C*06:02,,0.0303030303030303,0.0553030303030303,0.0010958663806835,-0.773972602739726,suppressed_lt20
B~C,AMR,B*18:01,C*07:01,28.0,0.0303030303030303,0.0814393939393939,0.0301295252936945,0.2923711340206186,estimated
B~C,AMR,B*18:01,C*07:02,,0.0303030303030303,0.1393939393939394,0.0027045713052089,-0.7309782608695653,suppressed_lt20
B~C,AMR,B*18:01,C*07:18,0.0,0.0303030303030303,0.0121212121212121,0.000383435582822,-1.0,not_observed
B~C,AMR,B*18:01,C*08:01,0.0,0.0303030303030303,0.0299242424242424,0.0009639789144865,-1.0,not_observed
B~C,AMR,B*18:01,C*08:02,0.0,0.0303030303030303,0.0450757575757575,0.0014751090836969,-1.0,not_observed
B~C,AMR,B*18:01,C*12:02,0.0,0.0303030303030303,0.0075757575757575,0.0002385496183206,-1.0,not_observed
B~C,AMR,B*18:01,C*12:03,,0.0303030303030303,0.0359848484848484,0.0242334039913142,0.1701375245579567,suppressed_lt20
B~C,AMR,B*18:01,C*14:02,0.0,0.0303030303030303,0.0143939393939393,0.0004563797079169,-1.0,not_observed
B~C,AMR,B*18:01,C*15:02,0.0,0.0303030303030303,0.0231060606060606,0.0007391430787126,-1.0,not_observed
B~C,AMR,B*18:01,C*16:01,0.0,0.0303030303030303,0.0515151515151515,0.0016972843450479,-1.0,not_observed
B~C,AMR,B*18:01,C*17:01,0.0,0.0303030303030303,0.0174242424242424,0.0005541634541249,-1.0,not_observed
B~C,AMR,B*27:05,C*01:02,,0.0257575757575757,0.0507575757575757,0.0186863592067034,0.1944040185906765,suppressed_lt20
B~C,AMR,B*27:05,C*02:02,48.0,0.0257575757575757,0.0428030303030303,0.2837220486694313,0.6927302777066505,estimated
B~C,AMR,B*27:05,C*02:10,0.0,0.0257575757575757,0.0151515151515151,0.0004067472185668,-1.0,not_observed
B~C,AMR,B*27:05,C*03:03,0.0,0.0257575757575757,0.0295454545454545,0.0008049213107469,-1.0,not_observed
B~C,AMR,B*27:05,C*03:04,,0.0257575757575757,0.0700757575757575,0.0012438547442695,-0.7901430842607312,suppressed_lt20
B~C,AMR,B*27:05,C*03:05,0.0,0.0257575757575757,0.0159090909090909,0.000427413359002,-1.0,not_observed
B~C,AMR,B*27:05,C*04:01,0.0,0.0257575757575757,0.1689393939393939,0.0053744766938249,-1.0,not_observed
B~C,AMR,B*27:05,C*05:01,0.0,0.0257575757575757,0.0352272727272727,0.0009653658956562,-1.0,not_observed
B~C,AMR,B*27:05,C*06:02,0.0,0.0257575757575757,0.0553030303030303,0.001547726986447,-1.0,not_observed
B~C,AMR,B*27:05,C*07:01,,0.0257575757575757,0.0814393939393939,0.0015739232698313,-0.8194254445964432,suppressed_lt20
B~C,AMR,B*27:05,C*07:02,0.0,0.0257575757575757,0.1393939393939394,0.0042823034630801,-1.0,not_observed
B~C,AMR,B*27:05,C*07:18,0.0,0.0257575757575757,0.0121212121212121,0.0003243996221698,-1.0,not_observed
B~C,AMR,B*27:05,C*08:01,0.0,0.0257575757575757,0.0299242424242424,0.0008155591438268,-1.0,not_observed
B~C,AMR,B*27:05,C*08:02,0.0,0.0257575757575757,0.0450757575757575,0.0012479927551028,-1.0,not_observed
B~C,AMR,B*27:05,C*12:02,0.0,0.0257575757575757,0.0075757575757575,0.0002018211389835,-1.0,not_observed
B~C,AMR,B*27:05,C*12:03,0.0,0.0257575757575757,0.0359848484848484,0.0009869014045776,-1.0,not_observed
B~C,AMR,B*27:05,C*14:02,0.0,0.0257575757575757,0.0143939393939393,0.0003861128477555,-1.0,not_observed
B~C,AMR,B*27:05,C*15:02,,0.0257575757575757,0.0231060606060606,8.264976612106125e-05,-0.3635486981677917,suppressed_lt20
B~C,AMR,B*27:05,C*16:01,0.0,0.0257575757575757,0.0515151515151515,0.0014359606278476,-1.0,not_observed
B~C,AMR,B*27:05,C*17:01,0.0,0.0257575757575757,0.0174242424242424,0.0004688412426811,-1.0,not_observed
B~C,AMR,B*35:01,C*01:02,0.0,0.0734848484848484,0.0507575757575757,0.0042410071918972,-1.0,not_observed
B~C,AMR,B*35:01,C*02:02,0.0,0.0734848484848484,0.0428030303030303,0.0035466511957045,-1.0,not_observed
B~C,AMR,B*35:01,C*02:10,,0.0734848484848484,0.0151515151515151,0.0005311881769131,-0.6597938144329897,suppressed_lt20
B~C,AMR,B*35:01,C*03:03,,0.0734848484848484,0.0295454545454545,0.0010235684610184,-0.6510705789056305,suppressed_lt20
B~C,AMR,B*35:01,C*03:04,,0.0734848484848484,0.0700757575757575,0.0004178794528222,-0.2644190582334911,suppressed_lt20
B~C,AMR,B*35:01,C*03:05,,0.0734848484848484,0.0159090909090909,1.0039754060956097e-06,-0.0279823269513991,suppressed_lt20
B~C,AMR,B*35:01,C*04:01,152.0,0.0734848484848484,0.1689393939393939,0.2133626371221976,0.7394957193470477,estimated
B~C,AMR,B*35:01,C*05:01,0.0,0.0734848484848484,0.0352272727272727,0.0028960048231433,-1.0,not_observed
B~C,AMR,B*35:01,C*06:02,,0.0734848484848484,0.0553030303030303,0.0024094789813262,-0.7203784776161559,suppressed_lt20
B~C,AMR,B*35:01,C*07:01,,0.0734848484848484,0.0814393939393939,0.0061699044296205,-0.9367058259410214,suppressed_lt20
B~C,AMR,B*35:01,C*07:02,,0.0734848484848484,0.1393939393939394,0.0063699789674944,-0.7041685342895563,suppressed_lt20
B~C,AMR,B*35:01,C*07:18,,0.0734848484848484,0.0121212121212121,7.401023320599269e-05,0.0218724448078495,suppressed_lt20
B~C,AMR,B*35:01,C*08:01,0.0,0.0734848484848484,0.0299242424242424,0.002446598978386,-1.0,not_observed
B~C,AMR,B*35:01,C*08:02,0.0,0.0734848484848484,0.0450757575757575,0.0037438582140599,-1.0,not_observed
B~C,AMR,B*35:01,C*12:02,0.0,0.0734848484848484,0.0075757575757575,0.0006054440026714,-1.0,not_observed
B~C,AMR,B*35:01,C*12:03,,0.0734848484848484,0.0359848484848484,0.0021731749255254,-0.8567552902875747,suppressed_lt20
B~C,AMR,B*35:01,C*14:02,0.0,0.0734848484848484,0.0143939393939393,0.0011583014009602,-1.0,not_observed
B~C,AMR,B*35:01,C*15:02,,0.0734848484848484,0.0231060606060606,0.000205211777836,-0.3307419300321109,suppressed_lt20
B~C,AMR,B*35:01,C*16:01,,0.0734848484848484,0.0515151515151515,0.0034888022331936,-0.8999393571861735,suppressed_lt20
B~C,AMR,B*35:01,C*17:01,0.0,0.0734848484848484,0.0174242424242424,0.0014064786276399,-1.0,not_observed
B~C,AMR,B*35:02,C*01:02,0.0,0.0106060606060606,0.0507575757575757,0.0005732031791388,-1.0,not_observed
B~C,AMR,B*35:02,C*02:02,0.0,0.0106060606060606,0.0428030303030303,0.0004793558814421,-1.0,not_observed
B~C,AMR,B*35:02,C*02:10,0.0,0.0106060606060606,0.0151515151515151,0.0001649193073389,-1.0,not_observed
B~C,AMR,B*35:02,C*03:03,0.0,0.0106060606060606,0.0295454545454545,0.0003263625637034,-1.0,not_observed
B~C,AMR,B*35:02,C*03:04,0.0,0.0106060606060606,0.0700757575757575,0.0008078023098779,-1.0,not_observed
B~C,AMR,B*35:02,C*03:05,0.0,0.0106060606060606,0.0159090909090909,0.0001732985793053,-1.0,not_observed
B~C,AMR,B*35:02,C*04:01,28.0,0.0106060606060606,0.1689393939393939,0.0527335031829637,1.0,estimated
B~C,AMR,B*35:02,C*05:01,0.0,0.0106060606060606,0.0352272727272727,0.0003914162594674,-1.0,not_observed
B~C,AMR,B*35:02,C*06:02,0.0,0.0106060606060606,0.0553030303030303,0.0006275397861452,-1.0,not_observed
B~C,AMR,B*35:02,C*07:01,0.0,0.0106060606060606,0.0814393939393939,0.0009504112660046,-1.0,not_observed
B~C,AMR,B*35:02,C*07:02,0.0,0.0106060606060606,0.1393939393939394,0.0017362983413497,-1.0,not_observed
B~C,AMR,B*35:02,C*07:18,0.0,0.0106060606060606,0.0121212121212121,0.0001315307359144,-1.0,not_observed
B~C,AMR,B*35:02,C*08:01,0.0,0.0106060606060606,0.0299242424242424,0.0003306757685221,-1.0,not_observed
B~C,AMR,B*35:02,C*08:02,0.0,0.0106060606060606,0.0450757575757575,0.0005060098541318,-1.0,not_observed
B~C,AMR,B*35:02,C*12:02,0.0,0.0106060606060606,0.0075757575757575,8.183019066434427e-05,-1.0,not_observed
B~C,AMR,B*35:02,C*12:03,0.0,0.0106060606060606,0.0359848484848484,0.0004001480246828,-1.0,not_observed
B~C,AMR,B*35:02,C*14:02,0.0,0.0106060606060606,0.0143939393939393,0.0001565529166514,-1.0,not_observed
B~C,AMR,B*35:02,C*15:02,0.0,0.0106060606060606,0.0231060606060606,0.0002535498462965,-1.0,not_observed
B~C,AMR,B*35:02,C*16:01,0.0,0.0106060606060606,0.0515151515151515,0.0005822231137683,-1.0,not_observed
B~C,AMR,B*35:02,C*17:01,0.0,0.0106060606060606,0.0174242424242424,0.0001900958862541,-1.0,not_observed
B~C,AMR,B*35:03,C*01:02,0.0,0.0162878787878787,0.0507575757575757,0.0008853606945948,-1.0,not_observed
B~C,AMR,B*35:03,C*02:02,0.0,0.0162878787878787,0.0428030303030303,0.0007404056215971,-1.0,not_observed
B~C,AMR,B*35:03,C*02:10,0.0,0.0162878787878787,0.0151515151515151,0.0002547317911199,-1.0,not_observed
B~C,AMR,B*35:03,C*03:03,0.0,0.0162878787878787,0.0295454545454545,0.0005040945280944,-1.0,not_observed
B~C,AMR,B*35:03,C*03:04,,0.0162878787878787,0.0700757575757575,0.0005569842409806,-0.6681332495285983,suppressed_lt20
B~C,AMR,B*35:03,C*03:05,0.0,0.0162878787878787,0.0159090909090909,0.0002676742839712,-1.0,not_observed
B~C,AMR,B*35:03,C*04:01,21.0,0.0162878787878787,0.1689393939393939,0.0120334905146186,0.3843675139386486,estimated
B~C,AMR,B*35:03,C*05:01,0.0,0.0162878787878787,0.0352272727272727,0.0006045754524224,-1.0,not_observed
B~C,AMR,B*35:03,C*06:02,0.0,0.0162878787878787,0.0553030303030303,0.0009692881707009,-1.0,not_observed
B~C,AMR,B*35:03,C*07:01,0.0,0.0162878787878787,0.0814393939393939,0.0014679904251138,-1.0,not_observed
B~C,AMR,B*35:03,C*07:02,,0.0162878787878787,0.1393939393939394,0.0011907325989848,-0.666329625884732,suppressed_lt20
B~C,AMR,B*35:03,C*07:18,0.0,0.0162878787878787,0.0121212121212121,0.000203160324206,-1.0,not_observed
B~C,AMR,B*35:03,C*08:01,0.0,0.0162878787878787,0.0299242424242424,0.0005107566370171,-1.0,not_observed
B~C,AMR,B*35:03,C*08:02,0.0,0.0162878787878787,0.0450757575757575,0.0007815749322937,-1.0,not_observed
B~C,AMR,B*35:03,C*12:02,0.0,0.0162878787878787,0.0075757575757575,0.0001263936368152,-1.0,not_observed
B~C,AMR,B*35:03,C*12:03,,0.0162878787878787,0.0359848484848484,0.0616399216133585,0.3727783615845022,suppressed_lt20
B~C,AMR,B*35:03,C*14:02,,0.0162878787878787,0.0143939393939393,0.0012039322123951,0.0369454633889305,suppressed_lt20
B~C,AMR,B*35:03,C*15:02,0.0,0.0162878787878787,0.0231060606060606,0.0003916291398955,-1.0,not_observed
B~C,AMR,B*35:03,C*16:01,0.0,0.0162878787878787,0.0515151515151515,0.000899292745008,-1.0,not_observed
B~C,AMR,B*35:03,C*17:01,0.0,0.0162878787878787,0.0174242424242424,0.0002936191424242,-1.0,not_observed
B~C,AMR,B*35:12,C*01:02,0.0,0.025,0.0507575757575757,0.0013710684101745,-1.0,not_observed
B~C,AMR,B*35:12,C*02:02,0.0,0.025,0.0428030303030303,0.001146591174292,-1.0,not_observed
B~C,AMR,B*35:12,C*02:10,0.0,0.025,0.0151515151515151,0.0003944773175542,-1.0,not_observed
B~C,AMR,B*35:12,C*03:03,0.0,0.025,0.0295454545454545,0.0007806401249024,-1.0,not_observed
B~C,AMR,B*35:12,C*03:04,,0.025,0.0700757575757575,0.0011869930403535,-0.7837837837837838,suppressed_lt20
B~C,AMR,B*35:12,C*03:05,0.0,0.025,0.0159090909090909,0.000414520045005,-1.0,not_observed
B~C,AMR,B*35:12,C*04:01,63.0,0.025,0.1689393939393939,0.1127149220767772,0.9453053783044668,estimated
B~C,AMR,B*35:12,C*05:01,0.0,0.025,0.0352272727272727,0.0009362447524991,-1.0,not_observed
B~C,AMR,B*35:12,C*06:02,0.0,0.025,0.0553030303030303,0.0015010383895708,-1.0,not_observed
B~C,AMR,B*35:12,C*07:01,0.0,0.025,0.0814393939393939,0.0022733280465239,-1.0,not_observed
B~C,AMR,B*35:12,C*07:02,0.0,0.025,0.1393939393939394,0.0041531238714337,-1.0,not_observed
B~C,AMR,B*35:12,C*07:18,0.0,0.025,0.0121212121212121,0.0003146138115463,-1.0,not_observed
B~C,AMR,B*35:12,C*08:01,0.0,0.025,0.0299242424242424,0.0007909570580402,-1.0,not_observed
B~C,AMR,B*35:12,C*08:02,0.0,0.025,0.0450757575757575,0.0012103459148282,-1.0,not_observed
B~C,AMR,B*35:12,C*12:02,0.0,0.025,0.0075757575757575,0.0001957330201605,-1.0,not_observed
B~C,AMR,B*35:12,C*12:03,0.0,0.025,0.0359848484848484,0.0009571306231424,-1.0,not_observed
B~C,AMR,B*35:12,C*14:02,0.0,0.025,0.0143939393939393,0.0003744654013677,-1.0,not_observed
B~C,AMR,B*35:12,C*15:02,0.0,0.025,0.0231060606060606,0.000606476372277,-1.0,not_observed
B~C,AMR,B*35:12,C*16:01,0.0,0.025,0.0515151515151515,0.0013926435651675,-1.0,not_observed
B~C,AMR,B*35:12,C*17:01,0.0,0.025,0.0174242424242424,0.0004546982187691,-1.0,not_observed
B~C,AMR,B*35:17,C*01:02,,0.0109848484848484,0.0507575757575757,6.105839019018527e-05,-0.3206381883685023,suppressed_lt20
B~C,AMR,B*35:17,C*02:02,0.0,0.0109848484848484,0.0428030303030303,0.0004966658820851,-1.0,not_observed
B~C,AMR,B*35:17,C*02:10,0.0,0.0109848484848484,0.0151515151515151,0.0001708747017058,-1.0,not_observed
B~C,AMR,B*35:17,C*03:03,0.0,0.0109848484848484,0.0295454545454545,0.0003381478289025,-1.0,not_observed
B~C,AMR,B*35:17,C*03:04,0.0,0.0109848484848484,0.0700757575757575,0.0008369728260742,-1.0,not_observed
B~C,AMR,B*35:17,C*03:05,0.0,0.0109848484848484,0.0159090909090909,0.0001795565572197,-1.0,not_observed
B~C,AMR,B*35:17,C*04:01,27.0,0.0109848484848484,0.1689393939393939,0.0459458006231177,0.9170150567378116,estimated
B~C,AMR,B*35:17,C*05:01,0.0,0.0109848484848484,0.0352272727272727,0.0004055506760155,-1.0,not_observed
B~C,AMR,B*35:17,C*06:02,0.0,0.0109848484848484,0.0553030303030303,0.0006502008497145,-1.0,not_observed
B~C,AMR,B*35:17,C*07:01,0.0,0.0109848484848484,0.0814393939393939,0.000984731528387,-1.0,not_observed
B~C,AMR,B*35:17,C*07:02,,0.0109848484848484,0.1393939393939394,0.0010190286260573,-0.7526236881559221,suppressed_lt20
B~C,AMR,B*35:17,C*07:18,0.0,0.0109848484848484,0.0121212121212121,0.0001362804369432,-1.0,not_observed
B~C,AMR,B*35:17,C*08:01,0.0,0.0109848484848484,0.0299242424242424,0.0003426167876842,-1.0,not_observed
B~C,AMR,B*35:17,C*08:02,0.0,0.0109848484848484,0.0450757575757575,0.0005242823552932,-1.0,not_observed
B~C,AMR,B*35:17,C*12:02,0.0,0.0109848484848484,0.0075757575757575,8.478515733493938e-05,-1.0,not_observed
B~C,AMR,B*35:17,C*12:03,0.0,0.0109848484848484,0.0359848484848484,0.0004145977536476,-1.0,not_observed
B~C,AMR,B*35:17,C*14:02,0.0,0.0109848484848484,0.0143939393939393,0.0001622061926261,-1.0,not_observed
B~C,AMR,B*35:17,C*15:02,0.0,0.0109848484848484,0.0231060606060606,0.0002627057744333,-1.0,not_observed
B~C,AMR,B*35:17,C*16:01,0.0,0.0109848484848484,0.0515151515151515,0.0006032477488335,-1.0,not_observed
B~C,AMR,B*35:17,C*17:01,0.0,0.0109848484848484,0.0174242424242424,0.0001969604310332,-1.0,not_observed
B~C,AMR,B*35:43,C*01:02,23.0,0.0087121212121212,0.0507575757575757,0.1643616080849098,1.0,estimated
B~C,AMR,B*35:43,C*02:02,0.0,0.0087121212121212,0.0428030303030303,0.0003930043115551,-1.0,not_observed
B~C,AMR,B*35:43,C*02:10,0.0,0.0087121212121212,0.0151515151515151,0.0001352106052144,-1.0,not_observed
B~C,AMR,B*35:43,C*03:03,0.0,0.0087121212121212,0.0295454545454545,0.0002675713381877,-1.0,not_observed
B~C,AMR,B*35:43,C*03:04,0.0,0.0087121212121212,0.0700757575757575,0.0006622841253374,-1.0,not_observed
B~C,AMR,B*35:43,C*03:05,0.0,0.0087121212121212,0.0159090909090909,0.0001420804281121,-1.0,not_observed
B~C,AMR,B*35:43,C*04:01,0.0,0.0087121212121212,0.1689393939393939,0.0017865795101031,-1.0,not_observed
B~C,AMR,B*35:43,C*05:01,0.0,0.0087121212121212,0.0352272727272727,0.0003209062067221,-1.0,not_observed
B~C,AMR,B*35:43,C*06:02,0.0,0.0087121212121212,0.0553030303030303,0.0005144942435785,-1.0,not_observed
B~C,AMR,B*35:43,C*07:01,0.0,0.0087121212121212,0.0814393939393939,0.0007792033846893,-1.0,not_observed
B~C,AMR,B*35:43,C*07:02,0.0,0.0087121212121212,0.1393939393939394,0.0014235201041941,-1.0,not_observed
B~C,AMR,B*35:43,C*07:18,0.0,0.0087121212121212,0.0121212121212121,0.0001078366790053,-1.0,not_observed
B~C,AMR,B*35:43,C*08:01,0.0,0.0087121212121212,0.0299242424242424,0.0002711075586786,-1.0,not_observed
B~C,AMR,B*35:43,C*08:02,0.0,0.0087121212121212,0.0450757575757575,0.000414856815285,-1.0,not_observed
B~C,AMR,B*35:43,C*12:02,0.0,0.0087121212121212,0.0075757575757575,6.708923159494439e-05,-1.0,not_observed
B~C,AMR,B*35:43,C*12:03,0.0,0.0087121212121212,0.0359848484848484,0.0003280650244397,-1.0,not_observed
B~C,AMR,B*35:43,C*14:02,0.0,0.0087121212121212,0.0143939393939393,0.0001283513431512,-1.0,not_observed
B~C,AMR,B*35:43,C*15:02,0.0,0.0087121212121212,0.0231060606060606,0.0002078751646666,-1.0,not_observed
B~C,AMR,B*35:43,C*16:01,0.0,0.0087121212121212,0.0515151515151515,0.0004773409545109,-1.0,not_observed
B~C,AMR,B*35:43,C*17:01,0.0,0.0087121212121212,0.0174242424242424,0.0001558518541214,-1.0,not_observed
B~C,AMR,B*38:01,C*01:02,0.0,0.0174242424242424,0.0507575757575757,0.0009482254155177,-1.0,not_observed
B~C,AMR,B*38:01,C*02:02,0.0,0.0174242424242424,0.0428030303030303,0.0007929778591672,-1.0,not_observed
B~C,AMR,B*38:01,C*02:10,0.0,0.0174242424242424,0.0151515151515151,0.0002728189312614,-1.0,not_observed
B~C,AMR,B*38:01,C*03:03,0.0,0.0174242424242424,0.0295454545454545,0.0005398875805994,-1.0,not_observed
B~C,AMR,B*38:01,C*03:04,0.0,0.0174242424242424,0.0700757575757575,0.0013363126877472,-1.0,not_observed
B~C,AMR,B*38:01,C*03:05,0.0,0.0174242424242424,0.0159090909090909,0.0002866804012101,-1.0,not_observed
B~C,AMR,B*38:01,C*04:01,0.0,0.0174242424242424,0.1689393939393939,0.0036048408465226,-1.0,not_observed
B~C,AMR,B*38:01,C*05:01,0.0,0.0174242424242424,0.0352272727272727,0.0006475031171871,-1.0,not_observed
B~C,AMR,B*38:01,C*06:02,,0.0174242424242424,0.0553030303030303,0.0047751730743159,0.1255535023186081,suppressed_lt20
B~C,AMR,B*38:01,C*07:01,0.0,0.0174242424242424,0.0814393939393939,0.0015722245626306,-1.0,not_observed
B~C,AMR,B*38:01,C*07:02,,0.0174242424242424,0.1393939393939394,0.000406464068878,-0.3761814744801513,suppressed_lt20
B~C,AMR,B*38:01,C*07:18,0.0,0.0174242424242424,0.0121212121212121,0.0002175856506993,-1.0,not_observed
B~C,AMR,B*38:01,C*08:01,0.0,0.0174242424242424,0.0299242424242424,0.0005470227301943,-1.0,not_observed
B~C,AMR,B*38:01,C*08:02,0.0,0.0174242424242424,0.0450757575757575,0.0008370703821133,-1.0,not_observed
B~C,AMR,B*38:01,C*12:02,0.0,0.0174242424242424,0.0075757575757575,0.0001353681719999,-1.0,not_observed
B~C,AMR,B*38:01,C*12:03,34.0,0.0174242424242424,0.0359848484848484,0.2527404949928508,0.7293926710515075,estimated
B~C,AMR,B*38:01,C*14:02,0.0,0.0174242424242424,0.0143939393939393,0.0002589787702597,-1.0,not_observed
B~C,AMR,B*38:01,C*15:02,0.0,0.0174242424242424,0.0231060606060606,0.0004194366275501,-1.0,not_observed
B~C,AMR,B*38:01,C*16:01,0.0,0.0174242424242424,0.0515151515151515,0.0009631467062106,-1.0,not_observed
B~C,AMR,B*38:01,C*17:01,0.0,0.0174242424242424,0.0174242424242424,0.0003144674651009,-1.0,not_observed
B~C,AMR,B*39:01,C*01:02,0.0,0.0106060606060606,0.0507575757575757,0.0005732031791388,-1.0,not_observed
B~C,AMR,B*39:01,C*02:02,0.0,0.0106060606060606,0.0428030303030303,0.0004793558814421,-1.0,not_observed
B~C,AMR,B*39:01,C*02:10,0.0,0.0106060606060606,0.0151515151515151,0.0001649193073389,-1.0,not_observed
B~C,AMR,B*39:01,C*03:03,0.0,0.0106060606060606,0.0295454545454545,0.0003263625637034,-1.0,not_observed
B~C,AMR,B*39:01,C*03:04,0.0,0.0106060606060606,0.0700757575757575,0.0008078023098779,-1.0,not_observed
B~C,AMR,B*39:01,C*03:05,0.0,0.0106060606060606,0.0159090909090909,0.0001732985793053,-1.0,not_observed
B~C,AMR,B*39:01,C*04:01,0.0,0.0106060606060606,0.1689393939393939,0.002179129771994,-1.0,not_observed
B~C,AMR,B*39:01,C*05:01,0.0,0.0106060606060606,0.0352272727272727,0.0003914162594674,-1.0,not_observed
B~C,AMR,B*39:01,C*06:02,0.0,0.0106060606060606,0.0553030303030303,0.0006275397861452,-1.0,not_observed
B~C,AMR,B*39:01,C*07:01,0.0,0.0106060606060606,0.0814393939393939,0.0009504112660046,-1.0,not_observed
B~C,AMR,B*39:01,C*07:02,22.0,0.0106060606060606,0.1393939393939394,0.0373277852078179,0.7510060362173038,estimated
B~C,AMR,B*39:01,C*07:18,0.0,0.0106060606060606,0.0121212121212121,0.0001315307359144,-1.0,not_observed
B~C,AMR,B*39:01,C*08:01,0.0,0.0106060606060606,0.0299242424242424,0.0003306757685221,-1.0,not_observed
B~C,AMR,B*39:01,C*08:02,0.0,0.0106060606060606,0.0450757575757575,0.0005060098541318,-1.0,not_observed
B~C,AMR,B*39:01,C*12:02,0.0,0.0106060606060606,0.0075757575757575,8.183019066434427e-05,-1.0,not_observed
B~C,AMR,B*39:01,C*12:03,,0.0106060606060606,0.0359848484848484,0.009823997077691,0.1849564973337075,suppressed_lt20
B~C,AMR,B*39:01,C*14:02,0.0,0.0106060606060606,0.0143939393939393,0.0001565529166514,-1.0,not_observed
B~C,AMR,B*39:01,C*15:02,0.0,0.0106060606060606,0.0231060606060606,0.0002535498462965,-1.0,not_observed
B~C,AMR,B*39:01,C*16:01,0.0,0.0106060606060606,0.0515151515151515,0.0005822231137683,-1.0,not_observed
B~C,AMR,B*39:01,C*17:01,0.0,0.0106060606060606,0.0174242424242424,0.0001900958862541,-1.0,not_observed
B~C,AMR,B*39:05,C*01:02,,0.0325757575757575,0.0507575757575757,0.0005285919921997,-0.5418257549461992,suppressed_lt20
B~C,AMR,B*39:05,C*02:02,0.0,0.0325757575757575,0.0428030303030303,0.0015057426775941,-1.0,not_observed
B~C,AMR,B*39:05,C*02:10,0.0,0.0325757575757575,0.0151515151515151,0.0005180410818625,-1.0,not_observed
B~C,AMR,B*39:05,C*03:03,0.0,0.0325757575757575,0.0295454545454545,0.0010251632650441,-1.0,not_observed
B~C,AMR,B*39:05,C*03:04,0.0,0.0325757575757575,0.0700757575757575,0.0025374517349886,-1.0,not_observed
B~C,AMR,B*39:05,C*03:05,,0.0325757575757575,0.0159090909090909,3.9420737823187345e-05,-0.2691029900332226,suppressed_lt20
B~C,AMR,B*39:05,C*04:01,,0.0325757575757575,0.1689393939393939,0.0050902034432347,-0.8623422671811452,suppressed_lt20
B~C,AMR,B*39:05,C*05:01,0.0,0.0325757575757575,0.0352272727272727,0.0012295085747385,-1.0,not_observed
B~C,AMR,B*39:05,C*06:02,0.0,0.0325757575757575,0.0553030303030303,0.00197121486242,-1.0,not_observed
B~C,AMR,B*39:05,C*07:01,,0.0325757575757575,0.0814393939393939,0.0021937593563981,-0.8572201189832342,suppressed_lt20
B~C,AMR,B*39:05,C*07:02,78.0,0.0325757575757575,0.1393939393939394,0.1653787636070406,0.8919095971175893,estimated
B~C,AMR,B*39:05,C*07:18,0.0,0.0325757575757575,0.0121212121212121,0.0004131615990314,-1.0,not_observed
B~C,AMR,B*39:05,C*08:01,0.0,0.0325757575757575,0.0299242424242424,0.0010387118138868,-1.0,not_observed
B~C,AMR,B*39:05,C*08:02,0.0,0.0325757575757575,0.0450757575757575,0.0015894675796139,-1.0,not_observed
B~C,AMR,B*39:05,C*12:02,0.0,0.0325757575757575,0.0075757575757575,0.0002570432848936,-1.0,not_observed
B~C,AMR,B*39:05,C*12:03,,0.0325757575757575,0.0359848484848484,0.0001572769032418,-0.353733170134639,suppressed_lt20
B~C,AMR,B*39:05,C*14:02,0.0,0.0325757575757575,0.0143939393939393,0.0004917607502692,-1.0,not_observed
B~C,AMR,B*39:05,C*15:02,0.0,0.0325757575757575,0.0231060606060606,0.0007964454787068,-1.0,not_observed
B~C,AMR,B*39:05,C*16:01,0.0,0.0325757575757575,0.0515151515151515,0.0018288670781409,-1.0,not_observed
B~C,AMR,B*39:05,C*17:01,0.0,0.0325757575757575,0.0174242424242424,0.0005971252254313,-1.0,not_observed
B~C,AMR,B*39:06,C*01:02,0.0,0.034090909090909,0.0507575757575757,0.0018872353410638,-1.0,not_observed
B~C,AMR,B*39:06,C*02:02,0.0,0.034090909090909,0.0428030303030303,0.0015782490281431,-1.0,not_observed
B~C,AMR,B*39:06,C*02:10,0.0,0.034090909090909,0.0151515151515151,0.0005429864253393,-1.0,not_observed
B~C,AMR,B*39:06,C*03:03,0.0,0.034090909090909,0.0295454545454545,0.0010745281719245,-1.0,not_observed
B~C,AMR,B*39:06,C*03:04,,0.034090909090909,0.0700757575757575,0.0018830868726639,-0.8414414414414415,suppressed_lt20
B~C,AMR,B*39:06,C*03:05,,0.034090909090909,0.0159090909090909,5.189656052310576e-05,-0.3015873015873014,suppressed_lt20
B~C,AMR,B*39:06,C*04:01,0.0,0.034090909090909,0.1689393939393939,0.0071746474341787,-1.0,not_observed
B~C,AMR,B*39:06,C*05:01,0.0,0.034090909090909,0.0352272727272727,0.0012887133652047,-1.0,not_observed
B~C,AMR,B*39:06,C*06:02,,0.034090909090909,0.0553030303030303,0.0013193092376848,-0.7990867579908676,suppressed_lt20
B~C,AMR,B*39:06,C*07:01,0.0,0.034090909090909,0.0814393939393939,0.0031291691934505,-1.0,not_observed
B~C,AMR,B*39:06,C*07:02,83.0,0.034090909090909,0.1393939393939394,0.1802963990250111,0.90962441314554,estimated
B~C,AMR,B*39:06,C*07:18,0.0,0.034090909090909,0.0121212121212121,0.0004330566582461,-1.0,not_observed
B~C,AMR,B*39:06,C*08:01,0.0,0.034090909090909,0.0299242424242424,0.0010887291269494,-1.0,not_observed
B~C,AMR,B*39:06,C*08:02,0.0,0.034090909090909,0.0450757575757575,0.0016660055533518,-1.0,not_observed
B~C,AMR,B*39:06,C*12:02,0.0,0.034090909090909,0.0075757575757575,0.0002694207453973,-1.0,not_observed
B~C,AMR,B*39:06,C*12:03,,0.034090909090909,0.0359848484848484,7.152980104253482e-06,-0.0736842105263158,suppressed_lt20
B~C,AMR,B*39:06,C*14:02,0.0,0.034090909090909,0.0143939393939393,0.0005154406112944,-1.0,not_observed
B~C,AMR,B*39:06,C*15:02,0.0,0.034090909090909,0.0231060606060606,0.000834796888899,-1.0,not_observed
B~C,AMR,B*39:06,C*16:01,0.0,0.034090909090909,0.0515151515151515,0.0019169329073482,-1.0,not_observed
B~C,AMR,B*39:06,C*17:01,0.0,0.034090909090909,0.0174242424242424,0.0006258787246587,-1.0,not_observed
B~C,AMR,B*40:01,C*01:02,0.0,0.0128787878787878,0.0507575757575757,0.0006976349623528,-1.0,not_observed
B~C,AMR,B*40:01,C*02:02,0.0,0.0128787878787878,0.0428030303030303,0.0005834151562207,-1.0,not_observed
B~C,AMR,B*40:01,C*02:10,0.0,0.0128787878787878,0.0151515151515151,0.0002007202314186,-1.0,not_observed
B~C,AMR,B*40:01,C*03:03,0.0,0.0128787878787878,0.0295454545454545,0.000397209825641,-1.0,not_observed
B~C,AMR,B*40:01,C*03:04,31.0,0.0128787878787878,0.0700757575757575,0.1418379298617335,0.9051156103989456,estimated
B~C,AMR,B*40:01,C*03:05,0.0,0.0128787878787878,0.0159090909090909,0.0002109184879803,-1.0,not_observed
B~C,AMR,B*40:01,C*04:01,0.0,0.0128787878787878,0.1689393939393939,0.0026521784452259,-1.0,not_observed
B~C,AMR,B*40:01,C*05:01,,0.0128787878787878,0.0352272727272727,1.2983021732492588e-05,-0.1650853889943073,suppressed_lt20
B~C,AMR,B*40:01,C*06:02,0.0,0.0128787878787878,0.0553030303030303,0.0007637670393595,-1.0,not_observed
B~C,AMR,B*40:01,C*07:01,,0.0128787878787878,0.0814393939393939,0.0004720959012161,-0.6388508891928864,suppressed_lt20
B~C,AMR,B*40:01,C*07:02,,0.0128787878787878,0.1393939393939394,0.0013155301903654,-0.789002557544757,suppressed_lt20
B~C,AMR,B*40:01,C*07:18,0.0,0.0128787878787878,0.0121212121212121,0.0001600836201498,-1.0,not_observed
B~C,AMR,B*40:01,C*08:01,0.0,0.0128787878787878,0.0299242424242424,0.0004024593472606,-1.0,not_observed
B~C,AMR,B*40:01,C*08:02,0.0,0.0128787878787878,0.0450757575757575,0.0006158552122265,-1.0,not_observed
B~C,AMR,B*40:01,C*12:02,0.0,0.0128787878787878,0.0075757575757575,9.95940079558037e-05,-1.0,not_observed
B~C,AMR,B*40:01,C*12:03,0.0,0.0128787878787878,0.0359848484848484,0.0004870127422436,-1.0,not_observed
B~C,AMR,B*40:01,C*14:02,0.0,0.0128787878787878,0.0143939393939393,0.0001905376524227,-1.0,not_observed
B~C,AMR,B*40:01,C*15:02,0.0,0.0128787878787878,0.0231060606060606,0.0003085908172062,-1.0,not_observed
B~C,AMR,B*40:01,C*16:01,0.0,0.0128787878787878,0.0515151515151515,0.0007086129575641,-1.0,not_observed
B~C,AMR,B*40:01,C*17:01,0.0,0.0128787878787878,0.0174242424242424,0.0002313621788518,-1.0,not_observed
B~C,AMR,B*40:02,C*01:02,,0.053030303030303,0.0507575757575757,0.0022109359711532,-0.8592750533049042,suppressed_lt20
B~C,AMR,B*40:02,C*02:02,,0.053030303030303,0.0428030303030303,0.0025168343708429,0.0561415929203539,suppressed_lt20
B~C,AMR,B*40:02,C*02:10,0.0,0.053030303030303,0.0151515151515151,0.0008615384615384,-1.0,not_observed
B~C,AMR,B*40:02,C*03:03,,0.053030303030303,0.0295454545454545,0.0001286769436652,-0.2747252747252747,suppressed_lt20
B~C,AMR,B*40:02,C*03:04,59.0,0.053030303030303,0.0700757575757575,0.1060863550079029,0.377829502473087,estimated
B~C,AMR,B*40:02,C*03:05,32.0,0.053030303030303,0.0159090909090909,0.1617665079888768,0.7485714285714286,estimated
B~C,AMR,B*40:02,C*04:01,,0.053030303030303,0.1689393939393939,0.0095399239787972,-0.9154388212684176,suppressed_lt20
B~C,AMR,B*40:02,C*05:01,0.0,0.053030303030303,0.0352272727272727,0.0020447585394581,-1.0,not_observed
B~C,AMR,B*40:02,C*06:02,0.0,0.053030303030303,0.0553030303030303,0.0032782678428227,-1.0,not_observed
B~C,AMR,B*40:02,C*07:01,0.0,0.053030303030303,0.0814393939393939,0.0049649484536082,-1.0,not_observed
B~C,AMR,B*40:02,C*07:02,,0.053030303030303,0.1393939393939394,0.0073065348613419,-0.8975155279503106,suppressed_lt20
B~C,AMR,B*40:02,C*07:18,0.0,0.053030303030303,0.0121212121212121,0.0006871165644171,-1.0,not_observed
B~C,AMR,B*40:02,C*08:01,,0.053030303030303,0.0299242424242424,0.0010011968369611,-0.7613019891500904,suppressed_lt20
B~C,AMR,B*40:02,C*08:02,0.0,0.053030303030303,0.0450757575757575,0.0026433954779849,-1.0,not_observed
B~C,AMR,B*40:02,C*12:02,0.0,0.053030303030303,0.0075757575757575,0.0004274809160305,-1.0,not_observed
B~C,AMR,B*40:02,C*12:03,0.0,0.053030303030303,0.0359848484848484,0.002090373280943,-1.0,not_observed
B~C,AMR,B*40:02,C*14:02,,0.053030303030303,0.0143939393939393,0.0002075442256679,-0.5037593984962406,suppressed_lt20
B~C,AMR,B*40:02,C*15:02,,0.053030303030303,0.0231060606060606,0.0097247285542659,0.1517377049180328,suppressed_lt20
B~C,AMR,B*40:02,C*16:01,0.0,0.053030303030303,0.0515151515151515,0.0030415335463258,-1.0,not_observed
B~C,AMR,B*40:02,C*17:01,0.0,0.053030303030303,0.0174242424242424,0.0009930609097918,-1.0,not_observed
B~C,AMR,B*40:05,C*01:02,0.0,0.0083333333333333,0.0507575757575757,0.0004493417478723,-1.0,not_observed
B~C,AMR,B*40:05,C*02:02,0.0,0.0083333333333333,0.0428030303030303,0.0003757735781293,-1.0,not_observed
B~C,AMR,B*40:05,C*02:10,0.0,0.0083333333333333,0.0151515151515151,0.0001292824822236,-1.0,not_observed
B~C,AMR,B*40:05,C*03:03,0.0,0.0083333333333333,0.0295454545454545,0.0002558400409344,-1.0,not_observed
B~C,AMR,B*40:05,C*03:04,,0.0083333333333333,0.0700757575757575,0.0721712144977989,0.8044806517311609,suppressed_lt20
B~C,AMR,B*40:05,C*03:05,0.0,0.0083333333333333,0.0159090909090909,0.0001358511071865,-1.0,not_observed
B~C,AMR,B*40:05,C*04:01,0.0,0.0083333333333333,0.1689393939393939,0.0017082493890901,-1.0,not_observed
B~C,AMR,B*40:05,C*05:01,0.0,0.0083333333333333,0.0352272727272727,0.0003068365155249,-1.0,not_observed
B~C,AMR,B*40:05,C*06:02,0.0,0.0083333333333333,0.0553030303030303,0.0004919369512038,-1.0,not_observed
B~C,AMR,B*40:05,C*07:01,0.0,0.0083333333333333,0.0814393939393939,0.0007450402841548,-1.0,not_observed
B~C,AMR,B*40:05,C*07:02,,0.0083333333333333,0.1393939393939394,0.0001646708897888,-0.3478260869565218,suppressed_lt20
B~C,AMR,B*40:05,C*07:18,0.0,0.0083333333333333,0.0121212121212121,0.0001031087281538,-1.0,not_observed
B~C,AMR,B*40:05,C*08:01,0.0,0.0083333333333333,0.0299242424242424,0.0002592212207022,-1.0,not_observed
B~C,AMR,B*40:05,C*08:02,0.0,0.0083333333333333,0.0450757575757575,0.0003966679888932,-1.0,not_observed
B~C,AMR,B*40:05,C*12:02,0.0,0.0083333333333333,0.0075757575757575,6.414779652318944e-05,-1.0,not_observed
B~C,AMR,B*40:05,C*12:03,0.0,0.0083333333333333,0.0359848484848484,0.0003136814647273,-1.0,not_observed
B~C,AMR,B*40:05,C*14:02,0.0,0.0083333333333333,0.0143939393939393,0.0001227239550701,-1.0,not_observed
B~C,AMR,B*40:05,C*15:02,,0.0083333333333333,0.0231060606060606,0.0001859413093163,0.0228770841411399,suppressed_lt20
B~C,AMR,B*40:05,C*16:01,0.0,0.0083333333333333,0.0515151515151515,0.0004564125969876,-1.0,not_observed
B~C,AMR,B*40:05,C*17:01,0.0,0.0083333333333333,0.0174242424242424,0.0001490187439663,-1.0,not_observed
B~C,AMR,B*41:01,C*01:02,0.0,0.0136363636363636,0.0507575757575757,0.0007392396497254,-1.0,not_observed
B~C,AMR,B*41:01,C*02:02,0.0,0.0136363636363636,0.0428030303030303,0.0006182081446643,-1.0,not_observed
B~C,AMR,B*41:01,C*02:10,0.0,0.0136363636363636,0.0151515151515151,0.0002126905352711,-1.0,not_observed
B~C,AMR,B*41:01,C*03:03,0.0,0.0136363636363636,0.0295454545454545,0.0004208981318598,-1.0,not_observed
B~C,AMR,B*41:01,C*03:04,0.0,0.0136363636363636,0.0700757575757575,0.0010417937623771,-1.0,not_observed
B~C,AMR,B*41:01,C*03:05,0.0,0.0136363636363636,0.0159090909090909,0.0002234969827907,-1.0,not_observed
B~C,AMR,B*41:01,C*04:01,0.0,0.0136363636363636,0.1689393939393939,0.0028103457691483,-1.0,not_observed
B~C,AMR,B*41:01,C*05:01,0.0,0.0136363636363636,0.0352272727272727,0.000504795557799,-1.0,not_observed
B~C,AMR,B*41:01,C*06:02,,0.0136363636363636,0.0553030303030303,0.0002079101326043,0.0296712109061748,suppressed_lt20
B~C,AMR,B*41:01,C*07:01,,0.0136363636363636,0.0814393939393939,0.0117261274081406,0.2742268041237113,suppressed_lt20
B~C,AMR,B*41:01,C*07:02,0.0,0.0136363636363636,0.1393939393939394,0.002239241903031,-1.0,not_observed
B~C,AMR,B*41:01,C*07:18,0.0,0.0136363636363636,0.0121212121212121,0.000169630488253,-1.0,not_observed
B~C,AMR,B*41:01,C*08:01,0.0,0.0136363636363636,0.0299242424242424,0.0004264607179295,-1.0,not_observed
B~C,AMR,B*41:01,C*08:02,0.0,0.0136363636363636,0.0450757575757575,0.0006525828204373,-1.0,not_observed
B~C,AMR,B*41:01,C*12:02,0.0,0.0136363636363636,0.0075757575757575,0.0001055334716994,-1.0,not_observed
B~C,AMR,B*41:01,C*12:03,0.0,0.0136363636363636,0.0359848484848484,0.0005160566032611,-1.0,not_observed
B~C,AMR,B*41:01,C*14:02,0.0,0.0136363636363636,0.0143939393939393,0.0002019007002766,-1.0,not_observed
B~C,AMR,B*41:01,C*15:02,0.0,0.0136363636363636,0.0231060606060606,0.000326994173071,-1.0,not_observed
B~C,AMR,B*41:01,C*16:01,0.0,0.0136363636363636,0.0515151515151515,0.0007508723369797,-1.0,not_observed
B~C,AMR,B*41:01,C*17:01,21.0,0.0136363636363636,0.0174242424242424,0.2586038060490378,0.5759444872783346,estimated
B~C,AMR,B*44:02,C*01:02,,0.0306818181818181,0.0507575757575757,1.241805248421463e-06,-0.0270867882808182,suppressed_lt20
B~C,AMR,B*44:02,C*02:02,,0.0306818181818181,0.0428030303030303,0.0002767116338166,0.0197716513505987,suppressed_lt20
B~C,AMR,B*44:02,C*02:10,0.0,0.0306818181818181,0.0151515151515151,0.0004869690684462,-1.0,not_observed
B~C,AMR,B*44:02,C*03:03,0.0,0.0306818181818181,0.0295454545454545,0.0009636741518431,-1.0,not_observed
B~C,AMR,B*44:02,C*03:04,0.0,0.0306818181818181,0.0700757575757575,0.0023852558240593,-1.0,not_observed
B~C,AMR,B*44:02,C*03:05,0.0,0.0306818181818181,0.0159090909090909,0.0005117111458268,-1.0,not_observed
B~C,AMR,B*44:02,C*04:01,,0.0306818181818181,0.1689393939393939,0.0055284038288601,-0.9269224381332004,suppressed_lt20
B~C,AMR,B*44:02,C*05:01,60.0,0.0306818181818181,0.0352272727272727,0.4635763915331268,0.731274266021027,estimated
B~C,AMR,B*44:02,C*06:02,,0.0306818181818181,0.0553030303030303,0.0011180166530025,-0.7767630644342973,suppressed_lt20
B~C,AMR,B*44:02,C*07:01,0.0,0.0306818181818181,0.0814393939393939,0.002806347518159,-1.0,not_observed
B~C,AMR,B*44:02,C*07:02,0.0,0.0306818181818181,0.1393939393939394,0.0051268926572329,-1.0,not_observed
B~C,AMR,B*44:02,C*07:18,0.0,0.0306818181818181,0.0121212121212121,0.000388380238638,-1.0,not_observed
B~C,AMR,B*44:02,C*08:01,0.0,0.0306818181818181,0.0299242424242424,0.0009764100610977,-1.0,not_observed
B~C,AMR,B*44:02,C*08:02,,0.0306818181818181,0.0450757575757575,0.0007877653514862,-0.7261126672891378,suppressed_lt20
B~C,AMR,B*44:02,C*12:02,0.0,0.0306818181818181,0.0075757575757575,0.0002416258736565,-1.0,not_observed
B~C,AMR,B*44:02,C*12:03,0.0,0.0306818181818181,0.0359848484848484,0.0011815457751101,-1.0,not_observed
B~C,AMR,B*44:02,C*14:02,0.0,0.0306818181818181,0.0143939393939393,0.0004622650265419,-1.0,not_observed
B~C,AMR,B*44:02,C*15:02,,0.0306818181818181,0.0231060606060606,0.0001623666220164,-0.4656952034001214,suppressed_lt20
B~C,AMR,B*44:02,C*16:01,,0.0306818181818181,0.0515151515151515,0.000993904826691,-0.7603485838779956,suppressed_lt20
B~C,AMR,B*44:02,C*17:01,0.0,0.0306818181818181,0.0174242424242424,0.000561309758926,-1.0,not_observed
B~C,AMR,B*44:03,C*01:02,,0.059090909090909,0.0507575757575757,0.00256347887031,-0.8737083811710677,suppressed_lt20
B~C,AMR,B*44:03,C*02:02,,0.059090909090909,0.0428030303030303,0.0080751402120477,0.1064939506647856,suppressed_lt20
B~C,AMR,B*44:03,C*02:10,0.0,0.059090909090909,0.0151515151515151,0.0009661835748792,-1.0,not_observed
B~C,AMR,B*44:03,C*03:03,,0.059090909090909,0.0295454545454545,0.0006126837458964,-0.5660749506903352,suppressed_lt20
B~C,AMR,B*44:03,C*03:04,0.0,0.059090909090909,0.0700757575757575,0.0047325285083188,-1.0,not_observed
B~C,AMR,B*44:03,C*03:05,0.0,0.059090909090909,0.0159090909090909,0.0010152737334181,-1.0,not_observed
B~C,AMR,B*44:03,C*04:01,37.0,0.059090909090909,0.1689393939393939,0.0020829967951746,0.0821120538531659,estimated
B~C,AMR,B*44:03,C*05:01,,0.059090909090909,0.0352272727272727,0.0015345003503114,-0.8180314309346567,suppressed_lt20
B~C,AMR,B*44:03,C*06:02,,0.059090909090909,0.0553030303030303,0.0028735642389471,-0.8840885142255006,suppressed_lt20
B~C,AMR,B*44:03,C*07:01,0.0,0.059090909090909,0.0814393939393939,0.0055680063748194,-1.0,not_observed
B~C,AMR,B*44:03,C*07:02,,0.059090909090909,0.1393939393939394,0.0092580906325614,-0.9540133779264212,suppressed_lt20
B~C,AMR,B*44:03,C*07:18,0.0,0.059090909090909,0.0121212121212121,0.0007705758572656,-1.0,not_observed
B~C,AMR,B*44:03,C*08:01,0.0,0.059090909090909,0.0299242424242424,0.0019372716349101,-1.0,not_observed
B~C,AMR,B*44:03,C*08:02,0.0,0.059090909090909,0.0450757575757575,0.0029644704290721,-1.0,not_observed
B~C,AMR,B*44:03,C*12:02,0.0,0.059090909090909,0.0075757575757575,0.0004794040638713,-1.0,not_observed
B~C,AMR,B*44:03,C*12:03,,0.059090909090909,0.0359848484848484,0.0005081718451587,-0.4655870445344129,suppressed_lt20
B~C,AMR,B*44:03,C*14:02,,0.059090909090909,0.0143939393939393,0.0002821607097142,-0.5546558704453441,suppressed_lt20
B~C,AMR,B*44:03,C*15:02,0.0,0.059090909090909,0.0231060606060606,0.0014854276364467,-1.0,not_observed
B~C,AMR,B*44:03,C*16:01,81.0,0.059090909090909,0.0515151515151515,0.2811715476934502,0.5701903949985792,estimated
B~C,AMR,B*44:03,C*17:01,0.0,0.059090909090909,0.0174242424242424,0.0011136811445215,-1.0,not_observed
B~C,AMR,B*45:01,C*01:02,0.0,0.0196969696969696,0.0507575757575757,0.0010743920926715,-1.0,not_observed
B~C,AMR,B*45:01,C*02:02,0.0,0.0196969696969696,0.0428030303030303,0.0008984879835642,-1.0,not_observed
B~C,AMR,B*45:01,C*02:10,0.0,0.0196969696969696,0.0151515151515151,0.0003091190108191,-1.0,not_observed
B~C,AMR,B*45:01,C*03:03,0.0,0.0196969696969696,0.0295454545454545,0.0006117226326515,-1.0,not_observed
B~C,AMR,B*45:01,C*03:04,0.0,0.0196969696969696,0.0700757575757575,0.0015141165397557,-1.0,not_observed
B~C,AMR,B*45:01,C*03:05,0.0,0.0196969696969696,0.0159090909090909,0.0003248248266113,-1.0,not_observed
B~C,AMR,B*45:01,C*04:01,,0.0196969696969696,0.1689393939393939,0.0032075178722284,-0.8861676440151777,suppressed_lt20
B~C,AMR,B*45:01,C*05:01,,0.0196969696969696,0.0352272727272727,0.0001512812702335,-0.4540942928039701,suppressed_lt20
B~C,AMR,B*45:01,C*06:02,,0.0196969696969696,0.0553030303030303,0.036978523914518,0.3282339152427365,suppressed_lt20
B~C,AMR,B*45:01,C*07:01,0.0,0.0196969696969696,0.0814393939393939,0.0017814178046176,-1.0,not_observed
B~C,AMR,B*45:01,C*07:02,0.0,0.0196969696969696,0.1393939393939394,0.0032544571913707,-1.0,not_observed
B~C,AMR,B*45:01,C*07:18,0.0,0.0196969696969696,0.0121212121212121,0.0002465366343956,-1.0,not_observed
B~C,AMR,B*45:01,C*08:01,0.0,0.0196969696969696,0.0299242424242424,0.0006198071536729,-1.0,not_observed
B~C,AMR,B*45:01,C*08:02,0.0,0.0196969696969696,0.0450757575757575,0.0009484472624697,-1.0,not_observed
B~C,AMR,B*45:01,C*12:02,0.0,0.0196969696969696,0.0075757575757575,0.0001533796618568,-1.0,not_observed
B~C,AMR,B*45:01,C*12:03,0.0,0.0196969696969696,0.0359848484848484,0.000750023533127,-1.0,not_observed
B~C,AMR,B*45:01,C*14:02,0.0,0.0196969696969696,0.0143939393939393,0.000293437339248,-1.0,not_observed
B~C,AMR,B*45:01,C*15:02,0.0,0.0196969696969696,0.0231060606060606,0.0004752450088786,-1.0,not_observed
B~C,AMR,B*45:01,C*16:01,31.0,0.0196969696969696,0.0515151515151515,0.1219805757269517,0.5742197100024576,estimated
B~C,AMR,B*45:01,C*17:01,0.0,0.0196969696969696,0.0174242424242424,0.0003563091142441,-1.0,not_observed
B~C,AMR,B*48:01,C*01:02,0.0,0.021590909090909,0.0507575757575757,0.0011799787362826,-1.0,not_observed
B~C,AMR,B*48:01,C*02:02,0.0,0.021590909090909,0.0428030303030303,0.000986787526307,-1.0,not_observed
B~C,AMR,B*48:01,C*02:10,0.0,0.021590909090909,0.0151515151515151,0.0003394979004735,-1.0,not_observed
B~C,AMR,B*48:01,C*03:03,0.0,0.021590909090909,0.0295454545454545,0.0006718401074944,-1.0,not_observed
B~C,AMR,B*48:01,C*03:04,,0.021590909090909,0.0700757575757575,0.0004145474655737,-0.4992887624466571,suppressed_lt20
B~C,AMR,B*48:01,C*03:05,0.0,0.021590909090909,0.0159090909090909,0.0003567472164329,-1.0,not_observed
B~C,AMR,B*48:01,C*04:01,,0.021590909090909,0.1689393939393939,0.0036025743391639,-0.8961529383998112,suppressed_lt20
B~C,AMR,B*48:01,C*05:01,0.0,0.021590909090909,0.0352272727272727,0.0008057576789801,-1.0,not_observed
B~C,AMR,B*48:01,C*06:02,0.0,0.021590909090909,0.0553030303030303,0.0012918344328362,-1.0,not_observed
B~C,AMR,B*48:01,C*07:01,0.0,0.021590909090909,0.0814393939393939,0.0019564879006669,-1.0,not_observed
B~C,AMR,B*48:01,C*07:02,,0.021590909090909,0.1393939393939394,0.0027312018190144,-0.874141876430206,suppressed_lt20
B~C,AMR,B*48:01,C*07:18,0.0,0.021590909090909,0.0121212121212121,0.0002707651966966,-1.0,not_observed
B~C,AMR,B*48:01,C*08:01,43.0,0.021590909090909,0.0299242424242424,0.3989812822324052,0.7468094288826322,estimated
B~C,AMR,B*48:01,C*08:02,0.0,0.021590909090909,0.0450757575757575,0.0010416565887197,-1.0,not_observed
B~C,AMR,B*48:01,C*12:02,0.0,0.021590909090909,0.0075757575757575,0.0001684531567234,-1.0,not_observed
B~C,AMR,B*48:01,C*12:03,0.0,0.021590909090909,0.0359848484848484,0.0008237326268856,-1.0,not_observed
B~C,AMR,B*48:01,C*14:02,0.0,0.021590909090909,0.0143939393939393,0.0003222751015255,-1.0,not_observed
B~C,AMR,B*48:01,C*15:02,0.0,0.021590909090909,0.0231060606060606,0.0005219500486147,-1.0,not_observed
B~C,AMR,B*48:01,C*16:01,0.0,0.021590909090909,0.0515151515151515,0.0011985469010326,-1.0,not_observed
B~C,AMR,B*48:01,C*17:01,0.0,0.021590909090909,0.0174242424242424,0.0003913256447246,-1.0,not_observed
B~C,AMR,B*49:01,C*01:02,,0.0261363636363636,0.0507575757575757,0.0007325547796467,-0.7144711226476314,suppressed_lt20
B~C,AMR,B*49:01,C*02:02,0.0,0.0261363636363636,0.0428030303030303,0.0012001076818435,-1.0,not_observed
B~C,AMR,B*49:01,C*02:10,0.0,0.0261363636363636,0.0151515151515151,0.0004128893277084,-1.0,not_observed
B~C,AMR,B*49:01,C*03:03,0.0,0.0261363636363636,0.0295454545454545,0.0008170760700553,-1.0,not_observed
B~C,AMR,B*49:01,C*03:04,0.0,0.0261363636363636,0.0700757575757575,0.0020224008821565,-1.0,not_observed
B~C,AMR,B*49:01,C*03:05,0.0,0.0261363636363636,0.0159090909090909,0.0004338675383541,-1.0,not_observed
B~C,AMR,B*49:01,C*04:01,0.0,0.0261363636363636,0.1689393939393939,0.0054556342799764,-1.0,not_observed
B~C,AMR,B*49:01,C*05:01,,0.0261363636363636,0.0352272727272727,0.0003394930662567,-0.5885928003740065,suppressed_lt20
B~C,AMR,B*49:01,C*06:02,,0.0261363636363636,0.0553030303030303,0.0003557915153064,-0.475878499106611,suppressed_lt20
B~C,AMR,B*49:01,C*07:01,65.0,0.0261363636363636,0.0814393939393939,0.2657032357800376,0.9368892873151052,estimated
B~C,AMR,B*49:01,C*07:02,0.0,0.0261363636363636,0.1393939393939394,0.0043469686262264,-1.0,not_observed
B~C,AMR,B*49:01,C*07:18,0.0,0.0261363636363636,0.0121212121212121,0.0003292982368227,-1.0,not_observed
B~C,AMR,B*49:01,C*08:01,0.0,0.0261363636363636,0.0299242424242424,0.0008278745403291,-1.0,not_observed
B~C,AMR,B*49:01,C*08:02,0.0,0.0261363636363636,0.0450757575757575,0.0012668381395577,-1.0,not_observed
B~C,AMR,B*49:01,C*12:02,0.0,0.0261363636363636,0.0075757575757575,0.0002048687503896,-1.0,not_observed
B~C,AMR,B*49:01,C*12:03,0.0,0.0261363636363636,0.0359848484848484,0.0010018041644792,-1.0,not_observed
B~C,AMR,B*49:01,C*14:02,0.0,0.0261363636363636,0.0143939393939393,0.0003919433664257,-1.0,not_observed
B~C,AMR,B*49:01,C*15:02,0.0,0.0261363636363636,0.0231060606060606,0.000634783320808,-1.0,not_observed
B~C,AMR,B*49:01,C*16:01,0.0,0.0261363636363636,0.0515151515151515,0.0014576444316864,-1.0,not_observed
B~C,AMR,B*49:01,C*17:01,0.0,0.0261363636363636,0.0174242424242424,0.0004759210061096,-1.0,not_observed
B~C,AMR,B*50:01,C*01:02,0.0,0.0094696969696969,0.0507575757575757,0.0005112014148834,-1.0,not_observed
B~C,AMR,B*50:01,C*02:02,0.0,0.0094696969696969,0.0428030303030303,0.0004275053135505,-1.0,not_observed
B~C,AMR,B*50:01,C*02:10,0.0,0.0094696969696969,0.0151515151515151,0.0001470804530077,-1.0,not_observed
B~C,AMR,B*50:01,C*03:03,0.0,0.0094696969696969,0.0295454545454545,0.000291060849629,-1.0,not_observed
B~C,AMR,B*50:01,C*03:04,0.0,0.0094696969696969,0.0700757575757575,0.0007204246221664,-1.0,not_observed
B~C,AMR,B*50:01,C*03:05,0.0,0.0094696969696969,0.0159090909090909,0.0001545533628603,-1.0,not_observed
B~C,AMR,B*50:01,C*04:01,,0.0094696969696969,0.1689393939393939,0.0011320769198777,-0.7632286995515695,suppressed_lt20
B~C,AMR,B*50:01,C*05:01,0.0,0.0094696969696969,0.0352272727272727,0.0003490778713907,-1.0,not_observed
B~C,AMR,B*50:01,C*06:02,24.0,0.0094696969696969,0.0553030303030303,0.1497728643403535,0.9576583801122692,estimated
B~C,AMR,B*50:01,C*07:01,0.0,0.0094696969696969,0.0814393939393939,0.0008476079714572,-1.0,not_observed
B~C,AMR,B*50:01,C*07:02,0.0,0.0094696969696969,0.1393939393939394,0.0015484878679341,-1.0,not_observed
B~C,AMR,B*50:01,C*07:18,0.0,0.0094696969696969,0.0121212121212121,0.0001173034287792,-1.0,not_observed
B~C,AMR,B*50:01,C*08:01,0.0,0.0094696969696969,0.0299242424242424,0.0002949075072998,-1.0,not_observed
B~C,AMR,B*50:01,C*08:02,0.0,0.0094696969696969,0.0450757575757575,0.0004512762015134,-1.0,not_observed
B~C,AMR,B*50:01,C*12:02,0.0,0.0094696969696969,0.0075757575757575,7.297885072905872e-05,-1.0,not_observed
B~C,AMR,B*50:01,C*12:03,0.0,0.0094696969696969,0.0359848484848484,0.0003568651462959,-1.0,not_observed
B~C,AMR,B*50:01,C*14:02,0.0,0.0094696969696969,0.0143939393939393,0.0001396190311027,-1.0,not_observed
B~C,AMR,B*50:01,C*15:02,0.0,0.0094696969696969,0.0231060606060606,0.0002261240776176,-1.0,not_observed
B~C,AMR,B*50:01,C*16:01,0.0,0.0094696969696969,0.0515151515151515,0.0005192456887335,-1.0,not_observed
B~C,AMR,B*50:01,C*17:01,0.0,0.0094696969696969,0.0174242424242424,0.0001695337526959,-1.0,not_observed
B~C,AMR,B*51:01,C*01:02,,0.046590909090909,0.0507575757575757,0.0003373359403206,-0.3593010556971241,suppressed_lt20
B~C,AMR,B*51:01,C*02:02,,0.046590909090909,0.0428030303030303,0.0025932065298722,0.0532344658094866,suppressed_lt20
B~C,AMR,B*51:01,C*02:10,0.0,0.046590909090909,0.0151515151515151,0.0007518107637297,-1.0,not_observed
B~C,AMR,B*51:01,C*03:03,,0.046590909090909,0.0295454545454545,4.529485275923292e-05,-0.174484052532833,suppressed_lt20
B~C,AMR,B*51:01,C*03:04,,0.046590909090909,0.0700757575757575,0.0028775873919266,-0.8839815425181279,suppressed_lt20
B~C,AMR,B*51:01,C*03:05,0.0,0.046590909090909,0.0159090909090909,0.0007900090011478,-1.0,not_observed
B~C,AMR,B*51:01,C*04:01,,0.046590909090909,0.1689393939393939,0.0072725941508178,-0.8556272558241277,suppressed_lt20
B~C,AMR,B*51:01,C*05:01,,0.046590909090909,0.0352272727272727,0.0001688644824018,-0.3076317859952793,suppressed_lt20
B~C,AMR,B*51:01,C*06:02,0.0,0.046590909090909,0.0553030303030303,0.002860739433759,-1.0,not_observed
B~C,AMR,B*51:01,C*07:01,,0.046590909090909,0.0814393939393939,0.0035107333252628,-0.9001701644923427,suppressed_lt20
B~C,AMR,B*51:01,C*07:02,,0.046590909090909,0.1393939393939394,0.0053876229722068,-0.8250265111346766,suppressed_lt20
B~C,AMR,B*51:01,C*07:18,0.0,0.046590909090909,0.0121212121212121,0.0005996036765942,-1.0,not_observed
B~C,AMR,B*51:01,C*08:01,,0.046590909090909,0.0299242424242424,0.0001936787404821,0.0175163319805072,suppressed_lt20
B~C,AMR,B*51:01,C*08:02,0.0,0.046590909090909,0.0450757575757575,0.0023067260045415,-1.0,not_observed
B~C,AMR,B*51:01,C*12:02,0.0,0.046590909090909,0.0075757575757575,0.000373035875133,-1.0,not_observed
B~C,AMR,B*51:01,C*12:03,0.0,0.046590909090909,0.0359848484848484,0.0018241381006015,-1.0,not_observed
B~C,AMR,B*51:01,C*14:02,,0.046590909090909,0.0143939393939393,0.0675890400349705,0.4755661501787843,suppressed_lt20
B~C,AMR,B*51:01,C*15:02,42.0,0.046590909090909,0.0231060606060606,0.2194210785360004,0.6733035033900623,estimated
B~C,AMR,B*51:01,C*16:01,,0.046590909090909,0.0515151515151515,2.9114319508999613e-05,0.0056884594405049,suppressed_lt20
B~C,AMR,B*51:01,C*17:01,0.0,0.046590909090909,0.0174242424242424,0.0008665821833276,-1.0,not_observed
B~C,AMR,B*51:02,C*01:02,0.0,0.0098484848484848,0.0507575757575757,0.0005318528568925,-1.0,not_observed
B~C,AMR,B*51:02,C*02:02,0.0,0.0098484848484848,0.0428030303030303,0.0004447756123688,-1.0,not_observed
B~C,AMR,B*51:02,C*02:10,0.0,0.0098484848484848,0.0151515151515151,0.0001530221882172,-1.0,not_observed
B~C,AMR,B*51:02,C*03:03,0.0,0.0098484848484848,0.0295454545454545,0.0003028190844112,-1.0,not_observed
B~C,AMR,B*51:02,C*03:04,0.0,0.0098484848484848,0.0700757575757575,0.0007495282335286,-1.0,not_observed
B~C,AMR,B*51:02,C*03:05,0.0,0.0098484848484848,0.0159090909090909,0.0001607969876186,-1.0,not_observed
B~C,AMR,B*51:02,C*04:01,0.0,0.0098484848484848,0.1689393939393939,0.0020219294605375,-1.0,not_observed
B~C,AMR,B*51:02,C*05:01,0.0,0.0098484848484848,0.0352272727272727,0.0003631798695616,-1.0,not_observed
B~C,AMR,B*51:02,C*06:02,0.0,0.0098484848484848,0.0553030303030303,0.0005822696736896,-1.0,not_observed
B~C,AMR,B*51:02,C*07:01,0.0,0.0098484848484848,0.0814393939393939,0.0008818495176645,-1.0,not_observed
B~C,AMR,B*51:02,C*07:02,0.0,0.0098484848484848,0.1393939393939394,0.0016110434604566,-1.0,not_observed
B~C,AMR,B*51:02,C*07:18,0.0,0.0098484848484848,0.0121212121212121,0.0001220422360015,-1.0,not_observed
B~C,AMR,B*51:02,C*08:01,26.0,0.0098484848484848,0.0299242424242424,0.3224409944505245,1.0,estimated
B~C,AMR,B*51:02,C*08:02,0.0,0.0098484848484848,0.0450757575757575,0.0004695067932807,-1.0,not_observed
B~C,AMR,B*51:02,C*12:02,0.0,0.0098484848484848,0.0075757575757575,7.592703995514464e-05,-1.0,not_observed
B~C,AMR,B*51:02,C*12:03,0.0,0.0098484848484848,0.0359848484848484,0.0003712817336902,-1.0,not_observed
B~C,AMR,B*51:02,C*14:02,0.0,0.0098484848484848,0.0143939393939393,0.0001452593408519,-1.0,not_observed
B~C,AMR,B*51:02,C*15:02,0.0,0.0098484848484848,0.0231060606060606,0.0002352590059253,-1.0,not_observed
B~C,AMR,B*51:02,C*16:01,0.0,0.0098484848484848,0.0515151515151515,0.0005402221021728,-1.0,not_observed
B~C,AMR,B*51:02,C*17:01,0.0,0.0098484848484848,0.0174242424242424,0.0001763825531109,-1.0,not_observed
B~C,AMR,B*52:01,C*01:02,0.0,0.0212121212121212,0.0507575757575757,0.001158828718197,-1.0,not_observed
B~C,AMR,B*52:01,C*02:02,0.0,0.0212121212121212,0.0428030303030303,0.0009691002804387,-1.0,not_observed
B~C,AMR,B*52:01,C*02:10,0.0,0.0212121212121212,0.0151515151515151,0.0003334127173136,-1.0,not_observed
B~C,AMR,B*52:01,C*03:03,22.0,0.0212121212121212,0.0295454545454545,0.0997673377441505,0.3743726998996319,estimated
B~C,AMR,B*52:01,C*03:04,,0.0212121212121212,0.0700757575757575,9.058908884247954e-05,-0.2355212355212355,suppressed_lt20
B~C,AMR,B*52:01,C*03:05,0.0,0.0212121212121212,0.0159090909090909,0.0003503528553757,-1.0,not_observed
B~C,AMR,B*52:01,C*04:01,,0.0212121212121212,0.1689393939393939,0.0014677007933661,-0.5771941063420886,suppressed_lt20
B~C,AMR,B*52:01,C*05:01,0.0,0.0212121212121212,0.0352272727272727,0.0007913152242485,-1.0,not_observed
B~C,AMR,B*52:01,C*06:02,0.0,0.0212121212121212,0.0553030303030303,0.0012686795057363,-1.0,not_observed
B~C,AMR,B*52:01,C*07:01,0.0,0.0212121212121212,0.0814393939393939,0.0019214196801889,-1.0,not_observed
B~C,AMR,B*52:01,C*07:02,,0.0212121212121212,0.1393939393939394,0.0026684728948465,-0.8718944099378882,suppressed_lt20
B~C,AMR,B*52:01,C*07:18,0.0,0.0212121212121212,0.0121212121212121,0.0002659119831335,-1.0,not_observed
B~C,AMR,B*52:01,C*08:01,,0.0212121212121212,0.0299242424242424,0.0001087107505064,-0.403254972875226,suppressed_lt20
B~C,AMR,B*52:01,C*08:02,0.0,0.0212121212121212,0.0450757575757575,0.0010229858660932,-1.0,not_observed
B~C,AMR,B*52:01,C*12:02,20.0,0.0212121212121212,0.0075757575757575,0.3522355507088331,1.0,estimated
B~C,AMR,B*52:01,C*12:03,0.0,0.0212121212121212,0.0359848484848484,0.000808967987981,-1.0,not_observed
B~C,AMR,B*52:01,C*14:02,0.0,0.0212121212121212,0.0143939393939393,0.0003164986209702,-1.0,not_observed
B~C,AMR,B*52:01,C*15:02,,0.0212121212121212,0.0231060606060606,2.6452195820278107e-05,-0.2271662763466042,suppressed_lt20
B~C,AMR,B*52:01,C*16:01,,0.0212121212121212,0.0515151515151515,0.0001758821808825,0.0209949794614331,suppressed_lt20
B~C,AMR,B*52:01,C*17:01,0.0,0.0212121212121212,0.0174242424242424,0.0003843114975974,-1.0,not_observed
B~C,AMR,B*53:01,C*01:02,0.0,0.0189393939393939,0.0507575757575757,0.0010322715829499,-1.0,not_observed
B~C,AMR,B*53:01,C*02:02,0.0,0.0189393939393939,0.0428030303030303,0.0008632636254322,-1.0,not_observed
B~C,AMR,B*53:01,C*02:10,0.0,0.0189393939393939,0.0151515151515151,0.0002970002970002,-1.0,not_observed
B~C,AMR,B*53:01,C*03:03,0.0,0.0189393939393939,0.0295454545454545,0.000587740634579,-1.0,not_observed
B~C,AMR,B*53:01,C*03:04,,0.0189393939393939,0.0700757575757575,0.0007428650489144,-0.7145945945945945,suppressed_lt20
B~C,AMR,B*53:01,C*03:05,0.0,0.0189393939393939,0.0159090909090909,0.0003120903813744,-1.0,not_observed
B~C,AMR,B*53:01,C*04:01,41.0,0.0189393939393939,0.1689393939393939,0.0582840132602836,0.7834092980856883,estimated
B~C,AMR,B*53:01,C*05:01,0.0,0.0189393939393939,0.0352272727272727,0.0007048946978275,-1.0,not_observed
B~C,AMR,B*53:01,C*06:02,,0.0189393939393939,0.0553030303030303,0.0015466664608165,0.0684843624699278,suppressed_lt20
B~C,AMR,B*53:01,C*07:01,0.0,0.0189393939393939,0.0814393939393939,0.0017115790311666,-1.0,not_observed
B~C,AMR,B*53:01,C*07:02,0.0,0.0189393939393939,0.1393939393939394,0.0031268693240524,-1.0,not_observed
B~C,AMR,B*53:01,C*07:18,0.0,0.0189393939393939,0.0121212121212121,0.0002368714025155,-1.0,not_observed
B~C,AMR,B*53:01,C*08:01,0.0,0.0189393939393939,0.0299242424242424,0.0005955082097214,-1.0,not_observed
B~C,AMR,B*53:01,C*08:02,0.0,0.0189393939393939,0.0450757575757575,0.0009112642988089,-1.0,not_observed
B~C,AMR,B*53:01,C*12:02,0.0,0.0189393939393939,0.0075757575757575,0.0001473665595803,-1.0,not_observed
B~C,AMR,B*53:01,C*12:03,0.0,0.0189393939393939,0.0359848484848484,0.0007206195811303,-1.0,not_observed
B~C,AMR,B*53:01,C*14:02,,0.0189393939393939,0.0143939393939393,4.276640871972397e-05,0.0075187969924812,suppressed_lt20
B~C,AMR,B*53:01,C*15:02,0.0,0.0189393939393939,0.0231060606060606,0.000456613484919,-1.0,not_observed
B~C,AMR,B*53:01,C*16:01,0.0,0.0189393939393939,0.0515151515151515,0.0010485154255122,-1.0,not_observed
B~C,AMR,B*53:01,C*17:01,0.0,0.0189393939393939,0.0174242424242424,0.0003423403577605,-1.0,not_observed
B~C,AMR,B*55:01,C*01:02,,0.0087121212121212,0.0507575757575757,0.0080528159258753,0.2213470280023595,suppressed_lt20
B~C,AMR,B*55:01,C*02:02,0.0,0.0087121212121212,0.0428030303030303,0.0003930043115551,-1.0,not_observed
B~C,AMR,B*55:01,C*02:10,0.0,0.0087121212121212,0.0151515151515151,0.0001352106052144,-1.0,not_observed
B~C,AMR,B*55:01,C*03:03,,0.0087121212121212,0.0295454545454545,0.1360021795267411,0.6863863150392018,suppressed_lt20
B~C,AMR,B*55:01,C*03:04,,0.0087121212121212,0.0700757575757575,9.540920340117232e-05,-0.3795534665099882,suppressed_lt20
B~C,AMR,B*55:01,C*03:05,0.0,0.0087121212121212,0.0159090909090909,0.0001420804281121,-1.0,not_observed
B~C,AMR,B*55:01,C*04:01,0.0,0.0087121212121212,0.1689393939393939,0.0017865795101031,-1.0,not_observed
B~C,AMR,B*55:01,C*05:01,0.0,0.0087121212121212,0.0352272727272727,0.0003209062067221,-1.0,not_observed
B~C,AMR,B*55:01,C*06:02,0.0,0.0087121212121212,0.0553030303030303,0.0005144942435785,-1.0,not_observed
B~C,AMR,B*55:01,C*07:01,0.0,0.0087121212121212,0.0814393939393939,0.0007792033846893,-1.0,not_observed
B~C,AMR,B*55:01,C*07:02,0.0,0.0087121212121212,0.1393939393939394,0.0014235201041941,-1.0,not_observed
B~C,AMR,B*55:01,C*07:18,0.0,0.0087121212121212,0.0121212121212121,0.0001078366790053,-1.0,not_observed
B~C,AMR,B*55:01,C*08:01,0.0,0.0087121212121212,0.0299242424242424,0.0002711075586786,-1.0,not_observed
B~C,AMR,B*55:01,C*08:02,0.0,0.0087121212121212,0.0450757575757575,0.000414856815285,-1.0,not_observed
B~C,AMR,B*55:01,C*12:02,0.0,0.0087121212121212,0.0075757575757575,6.708923159494439e-05,-1.0,not_observed
B~C,AMR,B*55:01,C*12:03,0.0,0.0087121212121212,0.0359848484848484,0.0003280650244397,-1.0,not_observed
B~C,AMR,B*55:01,C*14:02,0.0,0.0087121212121212,0.0143939393939393,0.0001283513431512,-1.0,not_observed
B~C,AMR,B*55:01,C*15:02,0.0,0.0087121212121212,0.0231060606060606,0.0002078751646666,-1.0,not_observed
B~C,AMR,B*55:01,C*16:01,0.0,0.0087121212121212,0.0515151515151515,0.0004773409545109,-1.0,not_observed
B~C,AMR,B*55:01,C*17:01,0.0,0.0087121212121212,0.0174242424242424,0.0001558518541214,-1.0,not_observed
B~C,AMR,B*57:01,C*01:02,0.0,0.009090909090909,0.0507575757575757,0.0004905657614386,-1.0,not_observed
B~C,AMR,B*57:01,C*02:02,0.0,0.009090909090909,0.0428030303030303,0.0004102482183246,-1.0,not_observed
B~C,AMR,B*57:01,C*02:10,0.0,0.009090909090909,0.0151515151515151,0.0001411432604093,-1.0,not_observed
B~C,AMR,B*57:01,C*03:03,0.0,0.009090909090909,0.0295454545454545,0.0002793116043228,-1.0,not_observed
B~C,AMR,B*57:01,C*03:04,0.0,0.009090909090909,0.0700757575757575,0.0006913432612716,-1.0,not_observed
B~C,AMR,B*57:01,C*03:05,0.0,0.009090909090909,0.0159090909090909,0.0001483145115155,-1.0,not_observed
B~C,AMR,B*57:01,C*04:01,0.0,0.009090909090909,0.1689393939393939,0.0018649695165296,-1.0,not_observed
B~C,AMR,B*57:01,C*05:01,0.0,0.009090909090909,0.0352272727272727,0.0003349866545639,-1.0,not_observed
B~C,AMR,B*57:01,C*06:02,,0.009090909090909,0.0553030303030303,0.0656343604693995,0.6471531676022454,suppressed_lt20
B~C,AMR,B*57:01,C*07:01,,0.009090909090909,0.0814393939393939,0.00542012453837,0.2288659793814433,suppressed_lt20
B~C,AMR,B*57:01,C*07:02,0.0,0.009090909090909,0.1393939393939394,0.0014859801007882,-1.0,not_observed
B~C,AMR,B*57:01,C*07:18,0.0,0.009090909090909,0.0121212121212121,0.0001125682444982,-1.0,not_observed
B~C,AMR,B*57:01,C*08:01,0.0,0.009090909090909,0.0299242424242424,0.0002830029840694,-1.0,not_observed
B~C,AMR,B*57:01,C*08:02,0.0,0.009090909090909,0.0450757575757575,0.0004330595475073,-1.0,not_observed
B~C,AMR,B*57:01,C*12:02,0.0,0.009090909090909,0.0075757575757575,7.003291547027101e-05,-1.0,not_observed
B~C,AMR,B*57:01,C*12:03,,0.009090909090909,0.0359848484848484,8.537773481485842e-06,0.005893909626719,suppressed_lt20
B~C,AMR,B*57:01,C*14:02,0.0,0.009090909090909,0.0143939393939393,0.0001339830335169,-1.0,not_observed
B~C,AMR,B*57:01,C*15:02,0.0,0.009090909090909,0.0231060606060606,0.0002169961332,-1.0,not_observed
B~C,AMR,B*57:01,C*16:01,0.0,0.009090909090909,0.0515151515151515,0.0004982853123076,-1.0,not_observed
B~C,AMR,B*57:01,C*17:01,0.0,0.009090909090909,0.0174242424242424,0.0001626901883669,-1.0,not_observed
B~C,AMR,B*57:03,C*01:02,0.0,0.0102272727272727,0.0507575757575757,0.0005525201055927,-1.0,not_observed
B~C,AMR,B*57:03,C*02:02,0.0,0.0102272727272727,0.0428030303030303,0.0004620591299385,-1.0,not_observed
B~C,AMR,B*57:03,C*02:10,0.0,0.0102272727272727,0.0151515151515151,0.0001589684712532,-1.0,not_observed
B~C,AMR,B*57:03,C*03:03,0.0,0.0102272727272727,0.0295454545454545,0.0003145863189905,-1.0,not_observed
B~C,AMR,B*57:03,C*03:04,0.0,0.0102272727272727,0.0700757575757575,0.0007786541209041,-1.0,not_observed
B~C,AMR,B*57:03,C*03:05,0.0,0.0102272727272727,0.0159090909090909,0.0001670453912706,-1.0,not_observed
B~C,AMR,B*57:03,C*04:01,0.0,0.0102272727272727,0.1689393939393939,0.0021004995358387,-1.0,not_observed
B~C,AMR,B*57:03,C*05:01,0.0,0.0102272727272727,0.0352272727272727,0.0003772926614548,-1.0,not_observed
B~C,AMR,B*57:03,C*06:02,0.0,0.0102272727272727,0.0553030303030303,0.000604896067439,-1.0,not_observed
B~C,AMR,B*57:03,C*07:01,,0.0102272727272727,0.0814393939393939,0.0473076221166267,0.6371134020618556,suppressed_lt20
B~C,AMR,B*57:03,C*07:02,0.0,0.0102272727272727,0.1393939393939394,0.0016736469332643,-1.0,not_observed
B~C,AMR,B*57:03,C*07:18,0.0,0.0102272727272727,0.0121212121212121,0.0001267846703246,-1.0,not_observed
B~C,AMR,B*57:03,C*08:01,0.0,0.0102272727272727,0.0299242424242424,0.0003187438890609,-1.0,not_observed
B~C,AMR,B*57:03,C*08:02,,0.0102272727272727,0.0450757575757575,1.5512659609532955e-05,-0.1783380018674135,suppressed_lt20
B~C,AMR,B*57:03,C*12:02,0.0,0.0102272727272727,0.0075757575757575,7.887748573632135e-05,-1.0,not_observed
B~C,AMR,B*57:03,C*12:03,0.0,0.0102272727272727,0.0359848484848484,0.0003857093555947,-1.0,not_observed
B~C,AMR,B*57:03,C*14:02,0.0,0.0102272727272727,0.0143939393939393,0.0001509039677153,-1.0,not_observed
B~C,AMR,B*57:03,C*15:02,0.0,0.0102272727272727,0.0231060606060606,0.0002444009261415,-1.0,not_observed
B~C,AMR,B*57:03,C*16:01,0.0,0.0102272727272727,0.0515151515151515,0.0005612145710376,-1.0,not_observed
B~C,AMR,B*57:03,C*17:01,,0.0102272727272727,0.0174242424242424,0.0002321578459193,0.01996059282104,suppressed_lt20
B~C,AMR,B*58:01,C*01:02,0.0,0.0121212121212121,0.0507575757575757,0.0006560940858504,-1.0,not_observed
B~C,AMR,B*58:01,C*02:02,0.0,0.0121212121212121,0.0428030303030303,0.0005486755312562,-1.0,not_observed
B~C,AMR,B*58:01,C*02:10,0.0,0.0121212121212121,0.0151515151515151,0.0001887682869277,-1.0,not_observed
B~C,AMR,B*58:01,C*03:03,0.0,0.0121212121212121,0.0295454545454545,0.0003735578511802,-1.0,not_observed
B~C,AMR,B*58:01,C*03:04,0.0,0.0121212121212121,0.0700757575757575,0.0009246185948296,-1.0,not_observed
B~C,AMR,B*58:01,C*03:05,0.0,0.0121212121212121,0.0159090909090909,0.0001983592853398,-1.0,not_observed
B~C,AMR,B*58:01,C*04:01,0.0,0.0121212121212121,0.1689393939393939,0.0024942537092237,-1.0,not_observed
B~C,AMR,B*58:01,C*05:01,0.0,0.0121212121212121,0.0352272727272727,0.0004480189613186,-1.0,not_observed
B~C,AMR,B*58:01,C*06:02,0.0,0.0121212121212121,0.0553030303030303,0.0007182883091198,-1.0,not_observed
B~C,AMR,B*58:01,C*07:01,0.0,0.0121212121212121,0.0814393939393939,0.0010878502308519,-1.0,not_observed
B~C,AMR,B*58:01,C*07:02,0.0,0.0121212121212121,0.1393939393939394,0.001987384429275,-1.0,not_observed
B~C,AMR,B*58:01,C*07:18,23.0,0.0121212121212121,0.0121212121212121,0.5116527734977794,0.7152990797546013,estimated
B~C,AMR,B*58:01,C*08:01,0.0,0.0121212121212121,0.0299242424242424,0.00037849478851,-1.0,not_observed
B~C,AMR,B*58:01,C*08:02,0.0,0.0121212121212121,0.0450757575757575,0.000579183934703,-1.0,not_observed
B~C,AMR,B*58:01,C*12:02,0.0,0.0121212121212121,0.0075757575757575,9.366365381913548e-05,-1.0,not_observed
B~C,AMR,B*58:01,C*12:03,0.0,0.0121212121212121,0.0359848484848484,0.0004580134270252,-1.0,not_observed
B~C,AMR,B*58:01,C*14:02,0.0,0.0121212121212121,0.0143939393939393,0.0001791920325563,-1.0,not_observed
B~C,AMR,B*58:01,C*15:02,0.0,0.0121212121212121,0.0231060606060606,0.0002902156873473,-1.0,not_observed
B~C,AMR,B*58:01,C*16:01,0.0,0.0121212121212121,0.0515151515151515,0.0006664183931476,-1.0,not_observed
B~C,AMR,B*58:01,C*17:01,0.0,0.0121212121212121,0.0174242424242424,0.0002175856506993,-1.0,not_observed
B~C,EAS,B*07:02,C*01:02,0.0,0.0129372304743651,0.1475802587446094,0.0022691923574387,-1.0,not_observed
B~C,EAS,B*07:02,C*03:02,0.0,0.0129372304743651,0.0728318160038332,0.0010295777827952,-1.0,not_observed
B~C,EAS,B*07:02,C*03:03,0.0,0.0129372304743651,0.0551030186871106,0.0007643415585182,-1.0,not_observed
B~C,EAS,B*07:02,C*03:04,0.0,0.0129372304743651,0.0781025395304264,0.0011103990472922,-1.0,not_observed
B~C,EAS,B*07:02,C*04:01,0.0,0.0129372304743651,0.0718735026353617,0.0010149816300855,-1.0,not_observed
B~C,EAS,B*07:02,C*04:03,0.0,0.0129372304743651,0.0325826545280306,0.000441437412542,-1.0,not_observed
B~C,EAS,B*07:02,C*04:82,0.0,0.0129372304743651,0.0105414470531863,0.0001396365687956,-1.0,not_observed
B~C,EAS,B*07:02,C*06:02,0.0,0.0129372304743651,0.0359367513176808,0.0004885734138856,-1.0,not_observed
B~C,EAS,B*07:02,C*07:02,27.0,0.0129372304743651,0.1811212266411116,0.059257975034674,1.0,estimated
B~C,EAS,B*07:02,C*07:04,0.0,0.0129372304743651,0.016770483948251,0.0002235564639754,-1.0,not_observed
B~C,EAS,B*07:02,C*07:06,0.0,0.0129372304743651,0.014853857211308,0.0001976219258811,-1.0,not_observed
B~C,EAS,B*07:02,C*08:01,0.0,0.0129372304743651,0.0972688068998562,0.0014122503246552,-1.0,not_observed
B~C,EAS,B*07:02,C*12:02,0.0,0.0129372304743651,0.0335409678965021,0.0004548714566957,-1.0,not_observed
B~C,EAS,B*07:02,C*12:03,0.0,0.0129372304743651,0.0143747005270723,0.0001911540512859,-1.0,not_observed
B~C,EAS,B*07:02,C*14:02,0.0,0.0129372304743651,0.0349784379492093,0.0004750725503996,-1.0,not_observed
B~C,EAS,B*07:02,C*15:02,0.0,0.0129372304743651,0.0416866315285098,0.0005701456310679,-1.0,not_observed
B~C,EAS,B*07:02,C*15:05,0.0,0.0129372304743651,0.0143747005270723,0.0001911540512859,-1.0,not_observed
B~C,EAS,B*07:05,C*01:02,0.0,0.0138955438428366,0.1475802587446094,0.0024396492717379,-1.0,not_observed
B~C,EAS,B*07:05,C*03:02,0.0,0.0138955438428366,0.0728318160038332,0.0011069174809089,-1.0,not_observed
B~C,EAS,B*07:05,C*03:03,0.0,0.0138955438428366,0.0551030186871106,0.0008217572743383,-1.0,not_observed
B~C,EAS,B*07:05,C*03:04,0.0,0.0138955438428366,0.0781025395304264,0.0011938098672792,-1.0,not_observed
B~C,EAS,B*07:05,C*04:01,0.0,0.0138955438428366,0.0718735026353617,0.0010912248961831,-1.0,not_observed
B~C,EAS,B*07:05,C*04:03,0.0,0.0138955438428366,0.0325826545280306,0.0004745972541708,-1.0,not_observed
B~C,EAS,B*07:05,C*04:82,0.0,0.0138955438428366,0.0105414470531863,0.0001501257715123,-1.0,not_observed
B~C,EAS,B*07:05,C*06:02,0.0,0.0138955438428366,0.0359367513176808,0.0005252740119052,-1.0,not_observed
B~C,EAS,B*07:05,C*07:02,0.0,0.0138955438428366,0.1811212266411116,0.0031167528450818,-1.0,not_observed
B~C,EAS,B*07:05,C*07:04,0.0,0.0138955438428366,0.016770483948251,0.0002403495511264,-1.0,not_observed
B~C,EAS,B*07:05,C*07:06,0.0,0.0138955438428366,0.014853857211308,0.0002124668655677,-1.0,not_observed
B~C,EAS,B*07:05,C*08:01,0.0,0.0138955438428366,0.0972688068998562,0.0015183355720207,-1.0,not_observed
B~C,EAS,B*07:05,C*12:02,0.0,0.0138955438428366,0.0335409678965021,0.0004890404352122,-1.0,not_observed
B~C,EAS,B*07:05,C*12:03,0.0,0.0138955438428366,0.0143747005270723,0.0002055131379588,-1.0,not_observed
B~C,EAS,B*07:05,C*14:02,0.0,0.0138955438428366,0.0349784379492093,0.0005107589922051,-1.0,not_observed
B~C,EAS,B*07:05,C*15:02,0.0,0.0138955438428366,0.0416866315285098,0.0006129737609329,-1.0,not_observed
B~C,EAS,B*07:05,C*15:05,29.0,0.0138955438428366,0.0143747005270723,0.966196954972465,1.0,estimated
B~C,EAS,B*13:01,C*01:02,,0.0349784379492093,0.1475802587446094,0.004161670554453,-0.8143568760007116,suppressed_lt20
B~C,EAS,B*13:01,C*03:02,0.0,0.0349784379492093,0.0728318160038332,0.0028472526936765,-1.0,not_observed
B~C,EAS,B*13:01,C*03:03,,0.0349784379492093,0.0551030186871106,0.001193428189741,-0.7513996426444313,suppressed_lt20
B~C,EAS,B*13:01,C*03:04,54.0,0.0349784379492093,0.0781025395304264,0.2203623772099751,0.7176757895935977,estimated
B~C,EAS,B*13:01,C*04:01,0.0,0.0349784379492093,0.0718735026353617,0.0028068876665612,-1.0,not_observed
B~C,EAS,B*13:01,C*04:03,,0.0349784379492093,0.0325826545280306,8.333978854060381e-05,0.00947047140604,suppressed_lt20
B~C,EAS,B*13:01,C*04:82,0.0,0.0349784379492093,0.0105414470531863,0.0003861588733586,-1.0,not_observed
B~C,EAS,B*13:01,C*06:02,0.0,0.0349784379492093,0.0359367513176808,0.0013511285810459,-1.0,not_observed
B~C,EAS,B*13:01,C*07:02,,0.0349784379492093,0.1811212266411116,0.0047916785735323,-0.7731028484453143,suppressed_lt20
B~C,EAS,B*13:01,C*07:04,0.0,0.0349784379492093,0.016770483948251,0.0006182357029061,-1.0,not_observed
B~C,EAS,B*13:01,C*07:06,0.0,0.0349784379492093,0.014853857211308,0.0005465148628858,-1.0,not_observed
B~C,EAS,B*13:01,C*08:01,0.0,0.0349784379492093,0.0972688068998562,0.003905517007276,-1.0,not_observed
B~C,EAS,B*13:01,C*12:02,,0.0349784379492093,0.0335409678965021,4.220514852190612e-05,-0.1831702544031311,suppressed_lt20
B~C,EAS,B*13:01,C*12:03,0.0,0.0349784379492093,0.0143747005270723,0.0005286282362789,-1.0,not_observed
B~C,EAS,B*13:01,C*14:02,0.0,0.0349784379492093,0.0349784379492093,0.0013137925287634,-1.0,not_observed
B~C,EAS,B*13:01,C*15:02,0.0,0.0349784379492093,0.0416866315285098,0.0015767130089374,-1.0,not_observed
B~C,EAS,B*13:01,C*15:05,0.0,0.0349784379492093,0.0143747005270723,0.0005286282362789,-1.0,not_observed
B~C,EAS,B*13:02,C*01:02,0.0,0.0196454240536655,0.1475802587446094,0.0034693889886187,-1.0,not_observed
B~C,EAS,B*13:02,C*03:02,0.0,0.0196454240536655,0.0728318160038332,0.0015741309064639,-1.0,not_observed
B~C,EAS,B*13:02,C*03:03,0.0,0.0196454240536655,0.0551030186871106,0.0011686088127231,-1.0,not_observed
B~C,EAS,B*13:02,C*03:04,0.0,0.0196454240536655,0.0781025395304264,0.0016976992783444,-1.0,not_observed
B~C,EAS,B*13:02,C*04:01,0.0,0.0196454240536655,0.0718735026353617,0.001551814714837,-1.0,not_observed
B~C,EAS,B*13:02,C*04:03,0.0,0.0196454240536655,0.0325826545280306,0.0006749177050667,-1.0,not_observed
B~C,EAS,B*13:02,C*04:82,0.0,0.0196454240536655,0.0105414470531863,0.0002134916295659,-1.0,not_observed
B~C,EAS,B*13:02,C*06:02,41.0,0.0196454240536655,0.0359367513176808,0.5375822743564679,1.0000000000000002,estimated
B~C,EAS,B*13:02,C*07:02,0.0,0.0196454240536655,0.1811212266411116,0.0044322879219725,-1.0,not_observed
B~C,EAS,B*13:02,C*07:04,0.0,0.0196454240536655,0.016770483948251,0.000341797526291,-1.0,not_observed
B~C,EAS,B*13:02,C*07:06,0.0,0.0196454240536655,0.014853857211308,0.0003021459733521,-1.0,not_observed
B~C,EAS,B*13:02,C*08:01,0.0,0.0196454240536655,0.0972688068998562,0.0021592024622638,-1.0,not_observed
B~C,EAS,B*13:02,C*12:02,0.0,0.0196454240536655,0.0335409678965021,0.0006954571382738,-1.0,not_observed
B~C,EAS,B*13:02,C*12:03,0.0,0.0196454240536655,0.0143747005270723,0.0002922571806163,-1.0,not_observed
B~C,EAS,B*13:02,C*14:02,0.0,0.0196454240536655,0.0349784379492093,0.0007263427755467,-1.0,not_observed
B~C,EAS,B*13:02,C*15:02,0.0,0.0196454240536655,0.0416866315285098,0.0008717008797653,-1.0,not_observed
B~C,EAS,B*13:02,C*15:05,0.0,0.0196454240536655,0.0143747005270723,0.0002922571806163,-1.0,not_observed
B~C,EAS,B*15:01,C*01:02,,0.0354575946334451,0.1475802587446094,0.0008878980610156,0.0646658462847332,suppressed_lt20
B~C,EAS,B*15:01,C*03:02,,0.0354575946334451,0.0728318160038332,0.0019155156931808,-0.8144559032716928,suppressed_lt20
B~C,EAS,B*15:01,C*03:03,22.0,0.0354575946334451,0.0551030186871106,0.0414148269549402,0.2563181843100707,estimated
B~C,EAS,B*15:01,C*03:04,0.0,0.0354575946334451,0.0781025395304264,0.0031143719668309,-1.0,not_observed
B~C,EAS,B*15:01,C*04:01,26.0,0.0354575946334451,0.0718735026353617,0.043043417588472,0.3011204286372071,estimated
B~C,EAS,B*15:01,C*04:03,0.0,0.0354575946334451,0.0325826545280306,0.0012381137268478,-1.0,not_observed
B~C,EAS,B*15:01,C*04:82,0.0,0.0354575946334451,0.0105414470531863,0.0003916431813069,-1.0,not_observed
B~C,EAS,B*15:01,C*06:02,0.0,0.0354575946334451,0.0359367513176808,0.0013703175877669,-1.0,not_observed
B~C,EAS,B*15:01,C*07:02,,0.0354575946334451,0.1811212266411116,0.0024805478574819,-0.5523380523380523,suppressed_lt20
B~C,EAS,B*15:01,C*07:04,0.0,0.0354575946334451,0.016770483948251,0.0006270160138437,-1.0,not_observed
B~C,EAS,B*15:01,C*07:06,0.0,0.0354575946334451,0.014853857211308,0.000554276579664,-1.0,not_observed
B~C,EAS,B*15:01,C*08:01,,0.0354575946334451,0.0972688068998562,0.0029368410038874,-0.8610704300359473,suppressed_lt20
B~C,EAS,B*15:01,C*12:02,,0.0354575946334451,0.0335409678965021,0.0004548627861127,-0.597104247104247,suppressed_lt20
B~C,EAS,B*15:01,C*12:03,0.0,0.0354575946334451,0.0143747005270723,0.0005361359234977,-1.0,not_observed
B~C,EAS,B*15:01,C*14:02,0.0,0.0354575946334451,0.0349784379492093,0.0013324512811708,-1.0,not_observed
B~C,EAS,B*15:01,C*15:02,,0.0354575946334451,0.0416866315285098,0.0007303876542146,-0.6758310034172103,suppressed_lt20
B~C,EAS,B*15:01,C*15:05,0.0,0.0354575946334451,0.0143747005270723,0.0005361359234977,-1.0,not_observed
B~C,EAS,B*15:02,C*01:02,,0.0551030186871106,0.1475802587446094,0.007857012449952,-0.8821569734613213,suppressed_lt20
B~C,EAS,B*15:02,C*03:02,0.0,0.0551030186871106,0.0728318160038332,0.0045809288698104,-1.0,not_observed
B~C,EAS,B*15:02,C*03:03,,0.0551030186871106,0.0551030186871106,0.0024121534113703,-0.8421928166351607,suppressed_lt20
B~C,EAS,B*15:02,C*03:04,0.0,0.0551030186871106,0.0781025395304264,0.004940529154525,-1.0,not_observed
B~C,EAS,B*15:02,C*04:01,0.0,0.0551030186871106,0.0718735026353617,0.0045159858043585,-1.0,not_observed
B~C,EAS,B*15:02,C*04:03,,0.0551030186871106,0.0325826545280306,0.0010556352915538,-0.7331202046035805,suppressed_lt20
B~C,EAS,B*15:02,C*04:82,0.0,0.0551030186871106,0.0105414470531863,0.0006212888428311,-1.0,not_observed
B~C,EAS,B*15:02,C*06:02,0.0,0.0551030186871106,0.0359367513176808,0.0021738231866408,-1.0,not_observed
B~C,EAS,B*15:02,C*07:02,,0.0551030186871106,0.1811212266411116,0.0105404238917147,-0.9039797561536692,suppressed_lt20
B~C,EAS,B*15:02,C*07:04,,0.0551030186871106,0.016770483948251,0.0002305989862211,-0.4814906832298136,suppressed_lt20
B~C,EAS,B*15:02,C*07:06,0.0,0.0551030186871106,0.014853857211308,0.0008792846938856,-1.0,not_observed
B~C,EAS,B*15:02,C*08:01,106.0,0.0551030186871106,0.0972688068998562,0.4514492621377436,0.9133065632788702,estimated
B~C,EAS,B*15:02,C*12:02,0.0,0.0551030186871106,0.0335409678965021,0.0020238721375408,-1.0,not_observed
B~C,EAS,B*15:02,C*12:03,0.0,0.0551030186871106,0.0143747005270723,0.0008505070007819,-1.0,not_observed
B~C,EAS,B*15:02,C*14:02,0.0,0.0551030186871106,0.0349784379492093,0.0021137534217878,-1.0,not_observed
B~C,EAS,B*15:02,C*15:02,0.0,0.0551030186871106,0.0416866315285098,0.0025367647058823,-1.0,not_observed
B~C,EAS,B*15:02,C*15:05,0.0,0.0551030186871106,0.0143747005270723,0.0008505070007819,-1.0,not_observed
B~C,EAS,B*15:11,C*01:02,0.0,0.0105414470531863,0.1475802587446094,0.0018444946218119,-1.0,not_observed
B~C,EAS,B*15:11,C*03:02,0.0,0.0105414470531863,0.0728318160038332,0.0008368839586813,-1.0,not_observed
B~C,EAS,B*15:11,C*03:03,21.0,0.0105414470531863,0.0551030186871106,0.1655348804925786,0.9518947077263508,estimated
B~C,EAS,B*15:11,C*03:04,0.0,0.0105414470531863,0.0781025395304264,0.0009025788686805,-1.0,not_observed
B~C,EAS,B*15:11,C*04:01,0.0,0.0105414470531863,0.0718735026353617,0.0008250195942153,-1.0,not_observed
B~C,EAS,B*15:11,C*04:03,0.0,0.0105414470531863,0.0325826545280306,0.0003588188240768,-1.0,not_observed
B~C,EAS,B*15:11,C*04:82,0.0,0.0105414470531863,0.0105414470531863,0.0001135024535525,-1.0,not_observed
B~C,EAS,B*15:11,C*06:02,0.0,0.0105414470531863,0.0359367513176808,0.0003971329408536,-1.0,not_observed
B~C,EAS,B*15:11,C*07:02,0.0,0.0105414470531863,0.1811212266411116,0.0023564181650484,-1.0,not_observed
B~C,EAS,B*15:11,C*07:04,0.0,0.0105414470531863,0.016770483948251,0.0001817160603958,-1.0,not_observed
B~C,EAS,B*15:11,C*07:06,0.0,0.0105414470531863,0.014853857211308,0.0001606353812381,-1.0,not_observed
B~C,EAS,B*15:11,C*08:01,0.0,0.0105414470531863,0.0972688068998562,0.0011479362337615,-1.0,not_observed
B~C,EAS,B*15:11,C*12:02,0.0,0.0105414470531863,0.0335409678965021,0.000369738578019,-1.0,not_observed
B~C,EAS,B*15:11,C*12:03,0.0,0.0105414470531863,0.0143747005270723,0.0001553780217788,-1.0,not_observed
B~C,EAS,B*15:11,C*14:02,0.0,0.0105414470531863,0.0349784379492093,0.0003861588733586,-1.0,not_observed
B~C,EAS,B*15:11,C*15:02,,0.0105414470531863,0.0416866315285098,3.7861709691049337e-06,0.0039318181818181,suppressed_lt20
B~C,EAS,B*15:11,C*15:05,0.0,0.0105414470531863,0.0143747005270723,0.0001553780217788,-1.0,not_observed
B~C,EAS,B*15:21,C*01:02,0.0,0.0124580737901293,0.1475802587446094,0.0021840879591787,-1.0,not_observed
B~C,EAS,B*15:21,C*03:02,0.0,0.0124580737901293,0.0728318160038332,0.0009909642217282,-1.0,not_observed
B~C,EAS,B*15:21,C*03:03,0.0,0.0124580737901293,0.0551030186871106,0.0007356754878832,-1.0,not_observed
B~C,EAS,B*15:21,C*03:04,0.0,0.0124580737901293,0.0781025395304264,0.0010687543438635,-1.0,not_observed
B~C,EAS,B*15:21,C*04:01,0.0,0.0124580737901293,0.0718735026353617,0.0009769154870412,-1.0,not_observed
B~C,EAS,B*15:21,C*04:03,25.0,0.0124580737901293,0.0325826545280306,0.3453704134318156,0.9602430753990931,estimated
B~C,EAS,B*15:21,C*04:82,0.0,0.0124580737901293,0.0105414470531863,0.0001343996015004,-1.0,not_observed
B~C,EAS,B*15:21,C*06:02,0.0,0.0124580737901293,0.0359367513176808,0.0004702498256458,-1.0,not_observed
B~C,EAS,B*15:21,C*07:02,0.0,0.0124580737901293,0.1811212266411116,0.0027902626986337,-1.0,not_observed
B~C,EAS,B*15:21,C*07:04,0.0,0.0124580737901293,0.016770483948251,0.000215172142443,-1.0,not_observed
B~C,EAS,B*15:21,C*07:06,0.0,0.0124580737901293,0.014853857211308,0.0001902102602151,-1.0,not_observed
B~C,EAS,B*15:21,C*08:01,,0.0124580737901293,0.0972688068998562,0.0004968500436002,-0.6045850701023114,suppressed_lt20
B~C,EAS,B*15:21,C*12:02,0.0,0.0124580737901293,0.0335409678965021,0.0004378118356896,-1.0,not_observed
B~C,EAS,B*15:21,C*12:03,0.0,0.0124580737901293,0.0143747005270723,0.000183984958522,-1.0,not_observed
B~C,EAS,B*15:21,C*14:02,0.0,0.0124580737901293,0.0349784379492093,0.0004572553021619,-1.0,not_observed
B~C,EAS,B*15:21,C*15:02,0.0,0.0124580737901293,0.0416866315285098,0.0005487627365356,-1.0,not_observed
B~C,EAS,B*15:21,C*15:05,0.0,0.0124580737901293,0.0143747005270723,0.000183984958522,-1.0,not_observed
B~C,EAS,B*15:25,C*01:02,,0.0138955438428366,0.1475802587446094,0.0014327712950608,-0.766345723242275,suppressed_lt20
B~C,EAS,B*15:25,C*03:02,,0.0138955438428366,0.0728318160038332,0.0003068897301306,-0.5265426497277677,suppressed_lt20
B~C,EAS,B*15:25,C*03:03,0.0,0.0138955438428366,0.0551030186871106,0.0008217572743383,-1.0,not_observed
B~C,EAS,B*15:25,C*03:04,0.0,0.0138955438428366,0.0781025395304264,0.0011938098672792,-1.0,not_observed
B~C,EAS,B*15:25,C*04:01,0.0,0.0138955438428366,0.0718735026353617,0.0010912248961831,-1.0,not_observed
B~C,EAS,B*15:25,C*04:03,22.0,0.0138955438428366,0.0325826545280306,0.2356519509015492,0.7504910249184471,estimated
B~C,EAS,B*15:25,C*04:82,0.0,0.0138955438428366,0.0105414470531863,0.0001501257715123,-1.0,not_observed
B~C,EAS,B*15:25,C*06:02,0.0,0.0138955438428366,0.0359367513176808,0.0005252740119052,-1.0,not_observed
B~C,EAS,B*15:25,C*07:02,,0.0138955438428366,0.1811212266411116,7.203507282107957e-06,-0.0480751687648238,suppressed_lt20
B~C,EAS,B*15:25,C*07:04,0.0,0.0138955438428366,0.016770483948251,0.0002403495511264,-1.0,not_observed
B~C,EAS,B*15:25,C*07:06,0.0,0.0138955438428366,0.014853857211308,0.0002124668655677,-1.0,not_observed
B~C,EAS,B*15:25,C*08:01,0.0,0.0138955438428366,0.0972688068998562,0.0015183355720207,-1.0,not_observed
B~C,EAS,B*15:25,C*12:02,0.0,0.0138955438428366,0.0335409678965021,0.0004890404352122,-1.0,not_observed
B~C,EAS,B*15:25,C*12:03,0.0,0.0138955438428366,0.0143747005270723,0.0002055131379588,-1.0,not_observed
B~C,EAS,B*15:25,C*14:02,0.0,0.0138955438428366,0.0349784379492093,0.0005107589922051,-1.0,not_observed
B~C,EAS,B*15:25,C*15:02,0.0,0.0138955438428366,0.0416866315285098,0.0006129737609329,-1.0,not_observed
B~C,EAS,B*15:25,C*15:05,0.0,0.0138955438428366,0.0143747005270723,0.0002055131379588,-1.0,not_observed
B~C,EAS,B*15:35,C*01:02,,0.0153330138955438,0.1475802587446094,0.0008960123375104,-0.5765016233766234,suppressed_lt20
B~C,EAS,B*15:35,C*03:02,0.0,0.0153330138955438,0.0728318160038332,0.0012232092897514,-1.0,not_observed
B~C,EAS,B*15:35,C*03:03,0.0,0.0153330138955438,0.0551030186871106,0.0009080903944764,-1.0,not_observed
B~C,EAS,B*15:35,C*03:04,0.0,0.0153330138955438,0.0781025395304264,0.0013192305163108,-1.0,not_observed
B~C,EAS,B*15:35,C*04:01,0.0,0.0153330138955438,0.0718735026353617,0.0012058680554247,-1.0,not_observed
B~C,EAS,B*15:35,C*04:03,0.0,0.0153330138955438,0.0325826545280306,0.000524458037934,-1.0,not_observed
B~C,EAS,B*15:35,C*04:82,0.0,0.0153330138955438,0.0105414470531863,0.000165897857349,-1.0,not_observed
B~C,EAS,B*15:35,C*06:02,0.0,0.0153330138955438,0.0359367513176808,0.000580458852723,-1.0,not_observed
B~C,EAS,B*15:35,C*07:02,25.0,0.0153330138955438,0.1811212266411116,0.0378127346432175,0.7328664423639555,estimated
B~C,EAS,B*15:35,C*07:04,0.0,0.0153330138955438,0.016770483948251,0.0002656004704922,-1.0,not_observed
B~C,EAS,B*15:35,C*07:06,0.0,0.0153330138955438,0.014853857211308,0.0002347884537097,-1.0,not_observed
B~C,EAS,B*15:35,C*08:01,,0.0153330138955438,0.0972688068998562,0.0001363776566538,0.0307192144373672,suppressed_lt20
B~C,EAS,B*15:35,C*12:02,0.0,0.0153330138955438,0.0335409678965021,0.0005404186072881,-1.0,not_observed
B~C,EAS,B*15:35,C*12:03,0.0,0.0153330138955438,0.0143747005270723,0.000227104173394,-1.0,not_observed
B~C,EAS,B*15:35,C*14:02,0.0,0.0153330138955438,0.0349784379492093,0.0005644188974018,-1.0,not_observed
B~C,EAS,B*15:35,C*15:02,0.0,0.0153330138955438,0.0416866315285098,0.0006773722627737,-1.0,not_observed
B~C,EAS,B*15:35,C*15:05,0.0,0.0153330138955438,0.0143747005270723,0.000227104173394,-1.0,not_observed
B~C,EAS,B*18:01,C*01:02,0.0,0.0100622903689506,0.1475802587446094,0.0017598017529453,-1.0,not_observed
B~C,EAS,B*18:01,C*03:02,0.0,0.0100622903689506,0.0728318160038332,0.0007984571166993,-1.0,not_observed
B~C,EAS,B*18:01,C*03:03,,0.0100622903689506,0.0551030186871106,0.0003144686208719,0.0424756109340287,suppressed_lt20
B~C,EAS,B*18:01,C*03:04,0.0,0.0100622903689506,0.0781025395304264,0.0008611355416776,-1.0,not_observed
B~C,EAS,B*18:01,C*04:01,0.0,0.0100622903689506,0.0718735026353617,0.0007871375231705,-1.0,not_observed
B~C,EAS,B*18:01,C*04:03,0.0,0.0100622903689506,0.0325826545280306,0.0003423430939472,-1.0,not_observed
B~C,EAS,B*18:01,C*04:82,0.0,0.0100622903689506,0.0105414470531863,0.000108290810048,-1.0,not_observed
B~C,EAS,B*18:01,C*06:02,0.0,0.0100622903689506,0.0359367513176808,0.0003788979578482,-1.0,not_observed
B~C,EAS,B*18:01,C*07:02,0.0,0.0100622903689506,0.1811212266411116,0.0022482195222944,-1.0,not_observed
B~C,EAS,B*18:01,C*07:04,,0.0100622903689506,0.016770483948251,0.1896440295178549,0.5641186299081036,suppressed_lt20
B~C,EAS,B*18:01,C*07:06,0.0,0.0100622903689506,0.014853857211308,0.0001532595552977,-1.0,not_observed
B~C,EAS,B*18:01,C*08:01,0.0,0.0100622903689506,0.0972688068998562,0.001095226937804,-1.0,not_observed
B~C,EAS,B*18:01,C*12:02,0.0,0.0100622903689506,0.0335409678965021,0.0003527614502287,-1.0,not_observed
B~C,EAS,B*18:01,C*12:03,0.0,0.0100622903689506,0.0143747005270723,0.000148243595759,-1.0,not_observed
B~C,EAS,B*18:01,C*14:02,0.0,0.0100622903689506,0.0349784379492093,0.0003684277819061,-1.0,not_observed
B~C,EAS,B*18:01,C*15:02,0.0,0.0100622903689506,0.0416866315285098,0.0004421587608906,-1.0,not_observed
B~C,EAS,B*18:01,C*15:05,0.0,0.0100622903689506,0.0143747005270723,0.000148243595759,-1.0,not_observed
B~C,EAS,B*27:04,C*01:02,,0.0158121705797795,0.1475802587446094,0.0009660789093643,-0.5893349075167257,suppressed_lt20
B~C,EAS,B*27:04,C*03:02,0.0,0.0158121705797795,0.0728318160038332,0.0012620487156842,-1.0,not_observed
B~C,EAS,B*27:04,C*03:03,0.0,0.0158121705797795,0.0551030186871106,0.0009369241434612,-1.0,not_observed
B~C,EAS,B*27:04,C*03:04,0.0,0.0158121705797795,0.0781025395304264,0.0013611188148675,-1.0,not_observed
B~C,EAS,B*27:04,C*04:01,0.0,0.0158121705797795,0.0718735026353617,0.0012441568612863,-1.0,not_observed
B~C,EAS,B*27:04,C*04:03,0.0,0.0158121705797795,0.0325826545280306,0.000541110665812,-1.0,not_observed
B~C,EAS,B*27:04,C*04:82,0.0,0.0158121705797795,0.0105414470531863,0.0001711654575846,-1.0,not_observed
B~C,EAS,B*27:04,C*06:02,0.0,0.0158121705797795,0.0359367513176808,0.0005988896223438,-1.0,not_observed
B~C,EAS,B*27:04,C*07:02,,0.0158121705797795,0.1811212266411116,0.0024639507428564,-0.8326919993586661,suppressed_lt20
B~C,EAS,B*27:04,C*07:04,0.0,0.0158121705797795,0.016770483948251,0.0002740338349931,-1.0,not_observed
B~C,EAS,B*27:04,C*07:06,0.0,0.0158121705797795,0.014853857211308,0.0002422434729236,-1.0,not_observed
B~C,EAS,B*27:04,C*08:01,,0.0158121705797795,0.0972688068998562,0.0008205164299212,-0.6884609643230334,suppressed_lt20
B~C,EAS,B*27:04,C*12:02,24.0,0.0158121705797795,0.0335409678965021,0.2385270378128552,0.7178077252445125,estimated
B~C,EAS,B*27:04,C*12:03,0.0,0.0158121705797795,0.0143747005270723,0.0002343152008081,-1.0,not_observed
B~C,EAS,B*27:04,C*14:02,0.0,0.0158121705797795,0.0349784379492093,0.0005823403652523,-1.0,not_observed
B~C,EAS,B*27:04,C*15:02,,0.0158121705797795,0.0416866315285098,0.0025434420930929,0.0829848484848484,suppressed_lt20
B~C,EAS,B*27:04,C*15:05,0.0,0.0158121705797795,0.0143747005270723,0.0002343152008081,-1.0,not_observed
B~C,EAS,B*35:01,C*01:02,,0.0277910876856732,0.1475802587446094,0.0038602207944879,-0.8831728616211375,suppressed_lt20
B~C,EAS,B*35:01,C*03:02,0.0,0.0277910876856732,0.0728318160038332,0.0022454767626521,-1.0,not_observed
B~C,EAS,B*35:01,C*03:03,36.0,0.0277910876856732,0.0551030186871106,0.1756242055779598,0.598569629992306,estimated
B~C,EAS,B*35:01,C*03:04,0.0,0.0277910876856732,0.0781025395304264,0.0024217453985812,-1.0,not_observed
B~C,EAS,B*35:01,C*04:01,,0.0277910876856732,0.0718735026353617,0.0178312429059197,0.2197853061079166,suppressed_lt20
B~C,EAS,B*35:01,C*04:03,0.0,0.0277910876856732,0.0325826545280306,0.0009627611129459,-1.0,not_observed
B~C,EAS,B*35:01,C*04:82,0.0,0.0277910876856732,0.0105414470531863,0.000304542964783,-1.0,not_observed
B~C,EAS,B*35:01,C*06:02,0.0,0.0277910876856732,0.0359367513176808,0.0010655632493849,-1.0,not_observed
B~C,EAS,B*35:01,C*07:02,,0.0277910876856732,0.1811212266411116,0.0041443155143096,-0.8096150337529648,suppressed_lt20
B~C,EAS,B*35:01,C*07:04,0.0,0.0277910876856732,0.016770483948251,0.000487569616775,-1.0,not_observed
B~C,EAS,B*35:01,C*07:06,0.0,0.0277910876856732,0.014853857211308,0.0004310072048679,-1.0,not_observed
B~C,EAS,B*35:01,C*08:01,,0.0277910876856732,0.0972688068998562,0.0012833354987664,-0.6454900628503482,suppressed_lt20
B~C,EAS,B*35:01,C*12:02,0.0,0.0277910876856732,0.0335409678965021,0.0009920603407263,-1.0,not_observed
B~C,EAS,B*35:01,C*12:03,0.0,0.0277910876856732,0.0143747005270723,0.0004169009737992,-1.0,not_observed
B~C,EAS,B*35:01,C*14:02,0.0,0.0277910876856732,0.0349784379492093,0.0010361182907425,-1.0,not_observed
B~C,EAS,B*35:01,C*15:02,,0.0277910876856732,0.0416866315285098,0.0004275930537136,-0.5864050733254061,suppressed_lt20
B~C,EAS,B*35:01,C*15:05,0.0,0.0277910876856732,0.0143747005270723,0.0004169009737992,-1.0,not_observed
B~C,EAS,B*35:05,C*01:02,0.0,0.0330618112122664,0.1475802587446094,0.0059197408818107,-1.0,not_observed
B~C,EAS,B*35:05,C*03:02,0.0,0.0330618112122664,0.0728318160038332,0.0026859043799602,-1.0,not_observed
B~C,EAS,B*35:05,C*03:03,0.0,0.0330618112122664,0.0551030186871106,0.0019939710958372,-1.0,not_observed
B~C,EAS,B*35:05,C*03:04,,0.0330618112122664,0.0781025395304264,0.0019214452875123,-0.8144394060638392,suppressed_lt20
B~C,EAS,B*35:05,C*04:01,65.0,0.0330618112122664,0.0718735026353617,0.3881018109676697,0.9375397484530836,estimated
B~C,EAS,B*35:05,C*04:03,0.0,0.0330618112122664,0.0325826545280306,0.0011515969940667,-1.0,not_observed
B~C,EAS,B*35:05,C*04:82,,0.0330618112122664,0.0105414470531863,0.0011151753263462,0.0598252094783313,suppressed_lt20
B~C,EAS,B*35:05,C*06:02,0.0,0.0330618112122664,0.0359367513176808,0.001274562732623,-1.0,not_observed
B~C,EAS,B*35:05,C*07:02,0.0,0.0330618112122664,0.1811212266411116,0.0075627138086072,-1.0,not_observed
B~C,EAS,B*35:05,C*07:04,0.0,0.0330618112122664,0.016770483948251,0.0005832014790858,-1.0,not_observed
B~C,EAS,B*35:05,C*07:06,0.0,0.0330618112122664,0.014853857211308,0.0005155449206171,-1.0,not_observed
B~C,EAS,B*35:05,C*08:01,0.0,0.0330618112122664,0.0972688068998562,0.0036841988978177,-1.0,not_observed
B~C,EAS,B*35:05,C*12:02,0.0,0.0330618112122664,0.0335409678965021,0.0011866429698405,-1.0,not_observed
B~C,EAS,B*35:05,C*12:03,0.0,0.0330618112122664,0.0143747005270723,0.0004986718946111,-1.0,not_observed
B~C,EAS,B*35:05,C*14:02,0.0,0.0330618112122664,0.0349784379492093,0.0012393424423485,-1.0,not_observed
B~C,EAS,B*35:05,C*15:02,,0.0330618112122664,0.0416866315285098,0.0006329448424119,-0.6523404964184574,suppressed_lt20
B~C,EAS,B*35:05,C*15:05,0.0,0.0330618112122664,0.0143747005270723,0.0004986718946111,-1.0,not_observed
B~C,EAS,B*38:02,C*01:02,0.0,0.0570196454240536,0.1475802587446094,0.0104687935580873,-1.0,not_observed
B~C,EAS,B*38:02,C*03:02,0.0,0.0570196454240536,0.0728318160038332,0.0047499002121804,-1.0,not_observed
B~C,EAS,B*38:02,C*03:03,0.0,0.0570196454240536,0.0551030186871106,0.0035262475469582,-1.0,not_observed
B~C,EAS,B*38:02,C*03:04,,0.0570196454240536,0.0781025395304264,0.0040797110815638,-0.8924060421714698,suppressed_lt20
B~C,EAS,B*38:02,C*04:01,,0.0570196454240536,0.0718735026353617,0.0036516135996772,-0.8830812324929972,suppressed_lt20
B~C,EAS,B*38:02,C*04:03,,0.0570196454240536,0.0325826545280306,0.001121524425212,-0.7420909540286703,suppressed_lt20
B~C,EAS,B*38:02,C*04:82,0.0,0.0570196454240536,0.0105414470531863,0.0006442055945983,-1.0,not_observed
B~C,EAS,B*38:02,C*06:02,0.0,0.0570196454240536,0.0359367513176808,0.0022540064491102,-1.0,not_observed
B~C,EAS,B*38:02,C*07:02,114.0,0.0570196454240536,0.1811212266411116,0.2460484438772107,0.948689832867026,estimated
B~C,EAS,B*38:02,C*07:04,,0.0570196454240536,0.016770483948251,0.0002567282321096,-0.4989195678271308,suppressed_lt20
B~C,EAS,B*38:02,C*07:06,0.0,0.0570196454240536,0.014853857211308,0.0009117178355635,-1.0,not_observed
B~C,EAS,B*38:02,C*08:01,0.0,0.0570196454240536,0.0972688068998562,0.0065153388396941,-1.0,not_observed
B~C,EAS,B*38:02,C*12:02,0.0,0.0570196454240536,0.0335409678965021,0.0020985243317976,-1.0,not_observed
B~C,EAS,B*38:02,C*12:03,0.0,0.0570196454240536,0.0143747005270723,0.0008818786534972,-1.0,not_observed
B~C,EAS,B*38:02,C*14:02,0.0,0.0570196454240536,0.0349784379492093,0.0021917209614002,-1.0,not_observed
B~C,EAS,B*38:02,C*15:02,0.0,0.0570196454240536,0.0416866315285098,0.0026303353658536,-1.0,not_observed
B~C,EAS,B*38:02,C*15:05,0.0,0.0570196454240536,0.0143747005270723,0.0008818786534972,-1.0,not_observed
B~C,EAS,B*39:01,C*01:02,0.0,0.016770483948251,0.1475802587446094,0.0029530136627559,-1.0,not_observed
B~C,EAS,B*39:01,C*03:02,0.0,0.016770483948251,0.0728318160038332,0.0013398411331227,-1.0,not_observed
B~C,EAS,B*39:01,C*03:03,0.0,0.016770483948251,0.0551030186871106,0.0009946759506383,-1.0,not_observed
B~C,EAS,B*39:01,C*03:04,,0.016770483948251,0.0781025395304264,0.0005811644655687,-0.6341805433829973,suppressed_lt20
B~C,EAS,B*39:01,C*04:01,0.0,0.016770483948251,0.0718735026353617,0.0013208464285822,-1.0,not_observed
B~C,EAS,B*39:01,C*04:03,,0.016770483948251,0.0325826545280306,8.706520125899764e-06,-0.1231092436974787,suppressed_lt20
B~C,EAS,B*39:01,C*04:82,0.0,0.016770483948251,0.0105414470531863,0.0001817160603958,-1.0,not_observed
B~C,EAS,B*39:01,C*06:02,0.0,0.016770483948251,0.0359367513176808,0.0006358050527245,-1.0,not_observed
B~C,EAS,B*39:01,C*07:02,33.0,0.016770483948251,0.1811212266411116,0.0667283813277454,0.930218172699156,estimated
B~C,EAS,B*39:01,C*07:04,0.0,0.016770483948251,0.016770483948251,0.0002909252229555,-1.0,not_observed
B~C,EAS,B*39:01,C*07:06,0.0,0.016770483948251,0.014853857211308,0.0002571753096532,-1.0,not_observed
B~C,EAS,B*39:01,C*08:01,0.0,0.016770483948251,0.0972688068998562,0.0018378320772443,-1.0,not_observed
B~C,EAS,B*39:01,C*12:02,0.0,0.016770483948251,0.0335409678965021,0.0005919470079374,-1.0,not_observed
B~C,EAS,B*39:01,C*12:03,0.0,0.016770483948251,0.0143747005270723,0.0002487583405117,-1.0,not_observed
B~C,EAS,B*39:01,C*14:02,0.0,0.016770483948251,0.0349784379492093,0.0006182357029061,-1.0,not_observed
B~C,EAS,B*39:01,C*15:02,0.0,0.016770483948251,0.0416866315285098,0.0007419590643274,-1.0,not_observed
B~C,EAS,B*39:01,C*15:05,0.0,0.016770483948251,0.0143747005270723,0.0002487583405117,-1.0,not_observed
B~C,EAS,B*40:01,C*01:02,,0.0934355534259702,0.1475802587446094,0.0143174606572012,-0.8957542457542457,suppressed_lt20
B~C,EAS,B*40:01,C*03:02,0.0,0.0934355534259702,0.0728318160038332,0.0080961043643574,-1.0,not_observed
B~C,EAS,B*40:01,C*03:03,,0.0934355534259702,0.0551030186871106,0.0023684254918449,-0.627736900780379,suppressed_lt20
B~C,EAS,B*40:01,C*03:04,56.0,0.0934355534259702,0.0781025395304264,0.0625717076608512,0.2759017626687765,estimated
B~C,EAS,B*40:01,C*04:01,,0.0934355534259702,0.0718735026353617,0.0033024163221303,-0.6432478632478632,suppressed_lt20
B~C,EAS,B*40:01,C*04:03,,0.0934355534259702,0.0325826545280306,3.5927162992613035e-05,0.0104853252083074,suppressed_lt20
B~C,EAS,B*40:01,C*04:82,,0.0934355534259702,0.0105414470531863,0.0505297550003179,0.6991639438785316,suppressed_lt20
B~C,EAS,B*40:01,C*06:02,0.0,0.0934355534259702,0.0359367513176808,0.0038419062790277,-1.0,not_observed
B~C,EAS,B*40:01,C*07:02,82.0,0.0934355534259702,0.1811212266411116,0.0398237641686596,0.2923407000645152,estimated
B~C,EAS,B*40:01,C*07:04,0.0,0.0934355534259702,0.016770483948251,0.0017579404819306,-1.0,not_observed
B~C,EAS,B*40:01,C*07:06,0.0,0.0934355534259702,0.014853857211308,0.001554003751203,-1.0,not_observed
B~C,EAS,B*40:01,C*08:01,,0.0934355534259702,0.0972688068998562,0.0088867651419687,-0.8945560186939497,suppressed_lt20
B~C,EAS,B*40:01,C*12:02,,0.0934355534259702,0.0335409678965021,0.0010481215524971,-0.5413186813186813,suppressed_lt20
B~C,EAS,B*40:01,C*12:03,,0.0934355534259702,0.0143747005270723,0.0006219523982466,-0.6432478632478632,suppressed_lt20
B~C,EAS,B*40:01,C*14:02,,0.0934355534259702,0.0349784379492093,0.0027206426171554,-0.8533895328415877,suppressed_lt20
B~C,EAS,B*40:01,C*15:02,,0.0934355534259702,0.0416866315285098,8.646604219980319e-05,-0.1388741526672561,suppressed_lt20
B~C,EAS,B*40:01,C*15:05,,0.0934355534259702,0.0143747005270723,0.0006219523982466,-0.6432478632478632,suppressed_lt20
B~C,EAS,B*40:02,C*01:02,,0.0301868711068519,0.1475802587446094,0.0024723576375316,-0.6773345701917131,suppressed_lt20
B~C,EAS,B*40:02,C*03:02,0.0,0.0301868711068519,0.0728318160038332,0.0024450776725802,-1.0,not_observed
B~C,EAS,B*40:02,C*03:03,,0.0301868711068519,0.0551030186871106,0.0009629824664842,0.0424756109340287,suppressed_lt20
B~C,EAS,B*40:02,C*03:04,20.0,0.0301868711068519,0.0781025395304264,0.0247672253790552,0.2596360096360096,estimated
B~C,EAS,B*40:02,C*04:01,,0.0301868711068519,0.0718735026353617,0.0014633144579161,-0.7791534391534393,suppressed_lt20
B~C,EAS,B*40:02,C*04:03,0.0,0.0301868711068519,0.0325826545280306,0.0010483411542911,-1.0,not_observed
B~C,EAS,B*40:02,C*04:82,,0.0301868711068519,0.0105414470531863,8.482858866631327e-05,0.0157429033417175,suppressed_lt20
B~C,EAS,B*40:02,C*06:02,0.0,0.0301868711068519,0.0359367513176808,0.0011602813946361,-1.0,not_observed
B~C,EAS,B*40:02,C*07:02,,0.0301868711068519,0.1811212266411116,0.0010286382403802,-0.3865373309817754,suppressed_lt20
B~C,EAS,B*40:02,C*07:04,0.0,0.0301868711068519,0.016770483948251,0.0005309097843422,-1.0,not_observed
B~C,EAS,B*40:02,C*07:06,0.0,0.0301868711068519,0.014853857211308,0.0004693195275372,-1.0,not_observed
B~C,EAS,B*40:02,C*08:01,,0.0301868711068519,0.0972688068998562,0.0023485612949184,-0.8368128860739699,suppressed_lt20
B~C,EAS,B*40:02,C*12:02,0.0,0.0301868711068519,0.0335409678965021,0.0010802447966984,-1.0,not_observed
B~C,EAS,B*40:02,C*12:03,0.0,0.0301868711068519,0.0143747005270723,0.0004539593905703,-1.0,not_observed
B~C,EAS,B*40:02,C*14:02,,0.0301868711068519,0.0349784379492093,0.0003365936249095,-0.5462056968906284,suppressed_lt20
B~C,EAS,B*40:02,C*15:02,22.0,0.0301868711068519,0.0416866315285098,0.0736837339357017,0.3208968253968253,estimated
B~C,EAS,B*40:02,C*15:05,0.0,0.0301868711068519,0.0143747005270723,0.0004539593905703,-1.0,not_observed
B~C,EAS,B*40:06,C*01:02,,0.0182079540009583,0.1475802587446094,0.0021678389370788,-0.8216848940533151,suppressed_lt20
B~C,EAS,B*40:06,C*03:02,,0.0182079540009583,0.0728318160038332,0.000112066268454,-0.2773545706371189,suppressed_lt20
B~C,EAS,B*40:06,C*03:03,,0.0182079540009583,0.0551030186871106,0.0002951763220149,-0.5224256292906178,suppressed_lt20
B~C,EAS,B*40:06,C*03:04,,0.0182079540009583,0.0781025395304264,0.0001671031019321,-0.3261220536002582,suppressed_lt20
B~C,EAS,B*40:06,C*04:01,0.0,0.0182079540009583,0.0718735026353617,0.0014361614880447,-1.0,not_observed
B~C,EAS,B*40:06,C*04:03,0.0,0.0182079540009583,0.0325826545280306,0.0006246176211302,-1.0,not_observed
B~C,EAS,B*40:06,C*04:82,0.0,0.0182079540009583,0.0105414470531863,0.0001975805832172,-1.0,not_observed
B~C,EAS,B*40:06,C*06:02,0.0,0.0182079540009583,0.0359367513176808,0.0006913133206616,-1.0,not_observed
B~C,EAS,B*40:06,C*07:02,0.0,0.0182079540009583,0.1811212266411116,0.0041019595681119,-1.0,not_observed
B~C,EAS,B*40:06,C*07:04,0.0,0.0182079540009583,0.016770483948251,0.0003163241328199,-1.0,not_observed
B~C,EAS,B*40:06,C*07:06,0.0,0.0182079540009583,0.014853857211308,0.0002796277200798,-1.0,not_observed
B~C,EAS,B*40:06,C*08:01,27.0,0.0182079540009583,0.0972688068998562,0.0794319728115863,0.6793356799642419,estimated
B~C,EAS,B*40:06,C*12:02,0.0,0.0182079540009583,0.0335409678965021,0.0006436262970219,-1.0,not_observed
B~C,EAS,B*40:06,C*12:03,0.0,0.0182079540009583,0.0143747005270723,0.0002704759166108,-1.0,not_observed
B~C,EAS,B*40:06,C*14:02,,0.0182079540009583,0.0349784379492093,4.122926501162691e-05,-0.2476568132660417,suppressed_lt20
B~C,EAS,B*40:06,C*15:02,,0.0182079540009583,0.0416866315285098,0.0006445255930253,0.0388815789473684,suppressed_lt20
B~C,EAS,B*40:06,C*15:05,0.0,0.0182079540009583,0.0143747005270723,0.0002704759166108,-1.0,not_observed
B~C,EAS,B*44:03,C*01:02,0.0,0.0234786775275515,0.1475802587446094,0.0041626190629859,-1.0,not_observed
B~C,EAS,B*44:03,C*03:02,0.0,0.0234786775275515,0.0728318160038332,0.001888663202765,-1.0,not_observed
B~C,EAS,B*44:03,C*03:03,0.0,0.0234786775275515,0.0551030186871106,0.0014021123998988,-1.0,not_observed
B~C,EAS,B*44:03,C*03:04,0.0,0.0234786775275515,0.0781025395304264,0.0020369221792185,-1.0,not_observed
B~C,EAS,B*44:03,C*04:01,0.0,0.0234786775275515,0.0718735026353617,0.0018618879391712,-1.0,not_observed
B~C,EAS,B*44:03,C*04:03,0.0,0.0234786775275515,0.0325826545280306,0.0008097752411949,-1.0,not_observed
B~C,EAS,B*44:03,C*04:82,0.0,0.0234786775275515,0.0105414470531863,0.0002561500973037,-1.0,not_observed
B~C,EAS,B*44:03,C*06:02,0.0,0.0234786775275515,0.0359367513176808,0.0008962417838406,-1.0,not_observed
B~C,EAS,B*44:03,C*07:02,0.0,0.0234786775275515,0.1811212266411116,0.0053179180129901,-1.0,not_observed
B~C,EAS,B*44:03,C*07:04,0.0,0.0234786775275515,0.016770483948251,0.0004100932190906,-1.0,not_observed
B~C,EAS,B*44:03,C*07:06,30.0,0.0234786775275515,0.014853857211308,0.5863668429836213,0.966966349045554,estimated
B~C,EAS,B*44:03,C*08:01,0.0,0.0234786775275515,0.0972688068998562,0.0025906398388162,-1.0,not_observed
B~C,EAS,B*44:03,C*12:02,0.0,0.0234786775275515,0.0335409678965021,0.0008344187263996,-1.0,not_observed
B~C,EAS,B*44:03,C*12:03,0.0,0.0234786775275515,0.0143747005270723,0.0003506540532984,-1.0,not_observed
B~C,EAS,B*44:03,C*14:02,0.0,0.0234786775275515,0.0349784379492093,0.0008714757248816,-1.0,not_observed
B~C,EAS,B*44:03,C*15:02,0.0,0.0234786775275515,0.0416866315285098,0.0010458783120706,-1.0,not_observed
B~C,EAS,B*44:03,C*15:05,0.0,0.0234786775275515,0.0143747005270723,0.0003506540532984,-1.0,not_observed
B~C,EAS,B*46:01,C*01:02,168.0,0.0857690464781983,0.1475802587446094,0.466562546867521,0.92790815253061,estimated
B~C,EAS,B*46:01,C*03:02,0.0,0.0857690464781983,0.0728318160038332,0.0073694873753378,-1.0,not_observed
B~C,EAS,B*46:01,C*03:03,,0.0857690464781983,0.0551030186871106,0.0034772341697214,-0.7972309934418266,suppressed_lt20
B~C,EAS,B*46:01,C*03:04,0.0,0.0857690464781983,0.0781025395304264,0.007947987900818,-1.0,not_observed
B~C,EAS,B*46:01,C*04:01,,0.0857690464781983,0.0718735026353617,0.0061795127720063,-0.9222718808193668,suppressed_lt20
B~C,EAS,B*46:01,C*04:03,0.0,0.0857690464781983,0.0325826545280306,0.0031597102162579,-1.0,not_observed
B~C,EAS,B*46:01,C*04:82,0.0,0.0857690464781983,0.0105414470531863,0.0009994873122471,-1.0,not_observed
B~C,EAS,B*46:01,C*06:02,0.0,0.0857690464781983,0.0359367513176808,0.0034970991660102,-1.0,not_observed
B~C,EAS,B*46:01,C*07:02,,0.0857690464781983,0.1811212266411116,0.0182691368231301,-0.9383110165233072,suppressed_lt20
B~C,EAS,B*46:01,C*07:04,0.0,0.0857690464781983,0.016770483948251,0.0016001671427578,-1.0,not_observed
B~C,EAS,B*46:01,C*07:06,0.0,0.0857690464781983,0.014853857211308,0.0014145335225835,-1.0,not_observed
B~C,EAS,B*46:01,C*08:01,,0.0857690464781983,0.0972688068998562,0.008980754280031,-0.942565429176872,suppressed_lt20
B~C,EAS,B*46:01,C*12:02,0.0,0.0857690464781983,0.0335409678965021,0.0032558680981053,-1.0,not_observed
B~C,EAS,B*46:01,C*12:03,0.0,0.0857690464781983,0.0143747005270723,0.0013682379235804,-1.0,not_observed
B~C,EAS,B*46:01,C*14:02,0.0,0.0857690464781983,0.0349784379492093,0.0034004630063351,-1.0,not_observed
B~C,EAS,B*46:01,C*15:02,0.0,0.0857690464781983,0.0416866315285098,0.0040809748427672,-1.0,not_observed
B~C,EAS,B*46:01,C*15:05,0.0,0.0857690464781983,0.0143747005270723,0.0013682379235804,-1.0,not_observed
B~C,EAS,B*48:01,C*01:02,,0.0239578342117872,0.1475802587446094,0.003175880597878,-0.8644805194805195,suppressed_lt20
B~C,EAS,B*48:01,C*03:02,0.0,0.0239578342117872,0.0728318160038332,0.0019281534505701,-1.0,not_observed
B~C,EAS,B*48:01,C*03:03,0.0,0.0239578342117872,0.0551030186871106,0.0014314293083034,-1.0,not_observed
B~C,EAS,B*48:01,C*03:04,,0.0239578342117872,0.0781025395304264,0.0011508571786226,-0.7439263803680982,suppressed_lt20
B~C,EAS,B*48:01,C*04:01,0.0,0.0239578342117872,0.0718735026353617,0.0019008183403118,-1.0,not_observed
B~C,EAS,B*48:01,C*04:03,0.0,0.0239578342117872,0.0325826545280306,0.0008267069127043,-1.0,not_observed
B~C,EAS,B*48:01,C*04:82,,0.0239578342117872,0.0105414470531863,0.0002105380204279,0.0220243673851921,suppressed_lt20
B~C,EAS,B*48:01,C*06:02,0.0,0.0239578342117872,0.0359367513176808,0.0009149813929383,-1.0,not_observed
B~C,EAS,B*48:01,C*07:02,,0.0239578342117872,0.1811212266411116,0.0024278985279613,-0.6687301587301587,suppressed_lt20
B~C,EAS,B*48:01,C*07:04,0.0,0.0239578342117872,0.016770483948251,0.0004186678992249,-1.0,not_observed
B~C,EAS,B*48:01,C*07:06,0.0,0.0239578342117872,0.014853857211308,0.0003700986993537,-1.0,not_observed
B~C,EAS,B*48:01,C*08:01,26.0,0.0239578342117872,0.0972688068998562,0.049954604832099,0.46828025477707,estimated
B~C,EAS,B*48:01,C*12:02,,0.0239578342117872,0.0335409678965021,3.159037792342479e-05,0.0066831928606841,suppressed_lt20
B~C,EAS,B*48:01,C*12:03,0.0,0.0239578342117872,0.0143747005270723,0.0003579859139702,-1.0,not_observed
B~C,EAS,B*48:01,C*14:02,0.0,0.0239578342117872,0.0349784379492093,0.0008896974979756,-1.0,not_observed
B~C,EAS,B*48:01,C*15:02,,0.0239578342117872,0.0416866315285098,0.0002889740377724,-0.5202298850574713,suppressed_lt20
B~C,EAS,B*48:01,C*15:05,0.0,0.0239578342117872,0.0143747005270723,0.0003579859139702,-1.0,not_observed
B~C,EAS,B*51:01,C*01:02,,0.0536655486344034,0.1475802587446094,0.006577544529786,-0.8185006957328386,suppressed_lt20
B~C,EAS,B*51:01,C*03:02,,0.0536655486344034,0.0728318160038332,0.0034293916182124,-0.8774083646616542,suppressed_lt20
B~C,EAS,B*51:01,C*03:03,0.0,0.0536655486344034,0.0551030186871106,0.003307058310011,-1.0,not_observed
B~C,EAS,B*51:01,C*03:04,,0.0536655486344034,0.0781025395304264,0.0001917316156366,-0.1997699386503067,suppressed_lt20
B~C,EAS,B*51:01,C*04:01,,0.0536655486344034,0.0718735026353617,0.0010574746466684,0.0380005900140128,suppressed_lt20
B~C,EAS,B*51:01,C*04:03,0.0,0.0536655486344034,0.0325826545280306,0.0019099566773876,-1.0,not_observed
B~C,EAS,B*51:01,C*04:82,0.0,0.0536655486344034,0.0105414470531863,0.0006041621969534,-1.0,not_observed
B~C,EAS,B*51:01,C*06:02,0.0,0.0536655486344034,0.0359367513176808,0.0021138988851699,-1.0,not_observed
B~C,EAS,B*51:01,C*07:02,,0.0536655486344034,0.1811212266411116,0.010191621098727,-0.9014077853363568,suppressed_lt20
B~C,EAS,B*51:01,C*07:04,,0.0536655486344034,0.016770483948251,4.061036658352755e-06,0.0036745027124774,suppressed_lt20
B~C,EAS,B*51:01,C*07:06,0.0,0.0536655486344034,0.014853857211308,0.0008550460523075,-1.0,not_observed
B~C,EAS,B*51:01,C*08:01,,0.0536655486344034,0.0972688068998562,0.003208402067508,-0.7246217452498241,suppressed_lt20
B~C,EAS,B*51:01,C*12:02,0.0,0.0536655486344034,0.0335409678965021,0.0019680814343899,-1.0,not_observed
B~C,EAS,B*51:01,C*12:03,0.0,0.0536655486344034,0.0143747005270723,0.0008270616542463,-1.0,not_observed
B~C,EAS,B*51:01,C*14:02,60.0,0.0536655486344034,0.0349784379492093,0.4212412200528574,0.811818970001734,estimated
B~C,EAS,B*51:01,C*15:02,20.0,0.0536655486344034,0.0416866315285098,0.0265984914052919,0.1862127164265968,estimated
B~C,EAS,B*51:01,C*15:05,0.0,0.0536655486344034,0.0143747005270723,0.0008270616542463,-1.0,not_observed
B~C,EAS,B*51:02,C*01:02,0.0,0.0124580737901293,0.1475802587446094,0.0021840879591787,-1.0,not_observed
B~C,EAS,B*51:02,C*03:02,0.0,0.0124580737901293,0.0728318160038332,0.0009909642217282,-1.0,not_observed
B~C,EAS,B*51:02,C*03:03,0.0,0.0124580737901293,0.0551030186871106,0.0007356754878832,-1.0,not_observed
B~C,EAS,B*51:02,C*03:04,0.0,0.0124580737901293,0.0781025395304264,0.0010687543438635,-1.0,not_observed
B~C,EAS,B*51:02,C*04:01,0.0,0.0124580737901293,0.0718735026353617,0.0009769154870412,-1.0,not_observed
B~C,EAS,B*51:02,C*04:03,0.0,0.0124580737901293,0.0325826545280306,0.0004248816255278,-1.0,not_observed
B~C,EAS,B*51:02,C*04:82,0.0,0.0124580737901293,0.0105414470531863,0.0001343996015004,-1.0,not_observed
B~C,EAS,B*51:02,C*06:02,0.0,0.0124580737901293,0.0359367513176808,0.0004702498256458,-1.0,not_observed
B~C,EAS,B*51:02,C*07:02,,0.0124580737901293,0.1811212266411116,0.0009234776859098,-0.5752950752950753,suppressed_lt20
B~C,EAS,B*51:02,C*07:04,0.0,0.0124580737901293,0.016770483948251,0.000215172142443,-1.0,not_observed
B~C,EAS,B*51:02,C*07:06,0.0,0.0124580737901293,0.014853857211308,0.0001902102602151,-1.0,not_observed
B~C,EAS,B*51:02,C*08:01,0.0,0.0124580737901293,0.0972688068998562,0.0013592849100317,-1.0,not_observed
B~C,EAS,B*51:02,C*12:02,0.0,0.0124580737901293,0.0335409678965021,0.0004378118356896,-1.0,not_observed
B~C,EAS,B*51:02,C*12:03,0.0,0.0124580737901293,0.0143747005270723,0.000183984958522,-1.0,not_observed
B~C,EAS,B*51:02,C*14:02,,0.0124580737901293,0.0349784379492093,0.0092507489856126,0.1630318539454587,suppressed_lt20
B~C,EAS,B*51:02,C*15:02,,0.0124580737901293,0.0416866315285098,0.1499455468725533,0.7190576923076921,suppressed_lt20
B~C,EAS,B*51:02,C*15:05,0.0,0.0124580737901293,0.0143747005270723,0.000183984958522,-1.0,not_observed
B~C,EAS,B*52:01,C*01:02,,0.0215620507906085,0.1475802587446094,0.0027528298694268,-0.8494227994227994,suppressed_lt20
B~C,EAS,B*52:01,C*03:02,0.0,0.0215620507906085,0.0728318160038332,0.0017310889916406,-1.0,not_observed
B~C,EAS,B*52:01,C*03:03,0.0,0.0215620507906085,0.0551030186871106,0.0012851319054421,-1.0,not_observed
B~C,EAS,B*52:01,C*03:04,0.0,0.0215620507906085,0.0781025395304264,0.0018669784830411,-1.0,not_observed
B~C,EAS,B*52:01,C*04:01,0.0,0.0215620507906085,0.0718735026353617,0.0017065476313877,-1.0,not_observed
B~C,EAS,B*52:01,C*04:03,0.0,0.0215620507906085,0.0325826545280306,0.000742214389354,-1.0,not_observed
B~C,EAS,B*52:01,C*04:82,0.0,0.0215620507906085,0.0105414470531863,0.0002347790823695,-1.0,not_observed
B~C,EAS,B*52:01,C*06:02,0.0,0.0215620507906085,0.0359367513176808,0.0008214668891645,-1.0,not_observed
B~C,EAS,B*52:01,C*07:02,,0.0215620507906085,0.1811212266411116,9.7114081286013e-05,-0.1411522633744855,suppressed_lt20
B~C,EAS,B*52:01,C*07:04,0.0,0.0215620507906085,0.016770483948251,0.0003758784817086,-1.0,not_observed
B~C,EAS,B*52:01,C*07:06,0.0,0.0215620507906085,0.014853857211308,0.0003322732348311,-1.0,not_observed
B~C,EAS,B*52:01,C*08:01,0.0,0.0215620507906085,0.0972688068998562,0.0023744985869978,-1.0,not_observed
B~C,EAS,B*52:01,C*12:02,37.0,0.0215620507906085,0.0335409678965021,0.4228640577139308,0.8160524431223489,estimated
B~C,EAS,B*52:01,C*12:03,0.0,0.0215620507906085,0.0143747005270723,0.0003213984211957,-1.0,not_observed
B~C,EAS,B*52:01,C*14:02,0.0,0.0215620507906085,0.0349784379492093,0.0007987671023696,-1.0,not_observed
B~C,EAS,B*52:01,C*15:02,0.0,0.0215620507906085,0.0416866315285098,0.0009586190009794,-1.0,not_observed
B~C,EAS,B*52:01,C*15:05,0.0,0.0215620507906085,0.0143747005270723,0.0003213984211957,-1.0,not_observed
B~C,EAS,B*54:01,C*01:02,58.0,0.0325826545280306,0.1475802587446094,0.1332028794148404,0.8274807393446417,estimated
B~C,EAS,B*54:01,C*03:02,,0.0325826545280306,0.0728318160038332,0.0016851277027327,-0.7980843653250774,suppressed_lt20
B~C,EAS,B*54:01,C*03:03,0.0,0.0325826545280306,0.0551030186871106,0.0019640996737886,-1.0,not_observed
B~C,EAS,B*54:01,C*03:04,,0.0325826545280306,0.0781025395304264,0.0018799986491324,-0.8117105738000722,suppressed_lt20
B~C,EAS,B*54:01,C*04:01,0.0,0.0325826545280306,0.0718735026353617,0.0026081600121509,-1.0,not_observed
B~C,EAS,B*54:01,C*04:03,0.0,0.0325826545280306,0.0325826545280306,0.0011343450690456,-1.0,not_observed
B~C,EAS,B*54:01,C*04:82,0.0,0.0325826545280306,0.0105414470531863,0.0003588188240768,-1.0,not_observed
B~C,EAS,B*54:01,C*06:02,0.0,0.0325826545280306,0.0359367513176808,0.001255468673841,-1.0,not_observed
B~C,EAS,B*54:01,C*07:02,,0.0325826545280306,0.1811212266411116,0.0033964106085069,-0.6752256458138811,suppressed_lt20
B~C,EAS,B*54:01,C*07:04,,0.0325826545280306,0.016770483948251,8.706520125899765e-06,-0.1231092436974787,suppressed_lt20
B~C,EAS,B*54:01,C*07:06,0.0,0.0325826545280306,0.014853857211308,0.0005078216091103,-1.0,not_observed
B~C,EAS,B*54:01,C*08:01,,0.0325826545280306,0.0972688068998562,0.0017661614704968,-0.6976238771370618,suppressed_lt20
B~C,EAS,B*54:01,C*12:02,0.0,0.0325826545280306,0.0335409678965021,0.0011688660256074,-1.0,not_observed
B~C,EAS,B*54:01,C*12:03,0.0,0.0325826545280306,0.0143747005270723,0.0004912013557157,-1.0,not_observed
B~C,EAS,B*54:01,C*14:02,0.0,0.0325826545280306,0.0349784379492093,0.0012207760141613,-1.0,not_observed
B~C,EAS,B*54:01,C*15:02,0.0,0.0325826545280306,0.0416866315285098,0.0014650817236255,-1.0,not_observed
B~C,EAS,B*54:01,C*15:05,0.0,0.0325826545280306,0.0143747005270723,0.0004912013557157,-1.0,not_observed
B~C,EAS,B*55:02,C*01:02,,0.018687110685194,0.1475802587446094,0.0052230587411127,0.2179126850290425,suppressed_lt20
B~C,EAS,B*55:02,C*03:02,0.0,0.018687110685194,0.0728318160038332,0.0014958817829457,-1.0,not_observed
B~C,EAS,B*55:02,C*03:03,,0.018687110685194,0.0551030186871106,5.339756680624612e-06,-0.0693422519509475,suppressed_lt20
B~C,EAS,B*55:02,C*03:04,,0.018687110685194,0.0781025395304264,0.0007278946353705,-0.6717004876514078,suppressed_lt20
B~C,EAS,B*55:02,C*04:01,0.0,0.018687110685194,0.0718735026353617,0.0014746749161073,-1.0,not_observed
B~C,EAS,B*55:02,C*04:03,,0.018687110685194,0.0325826545280306,2.911099868579747e-05,-0.213046757164404,suppressed_lt20
B~C,EAS,B*55:02,C*04:82,0.0,0.018687110685194,0.0105414470531863,0.0002028790859564,-1.0,not_observed
B~C,EAS,B*55:02,C*06:02,0.0,0.018687110685194,0.0359367513176808,0.0007098522148359,-1.0,not_observed
B~C,EAS,B*55:02,C*07:02,,0.018687110685194,0.1811212266411116,0.0007923495981128,-0.4337267670601003,suppressed_lt20
B~C,EAS,B*55:02,C*07:04,0.0,0.018687110685194,0.016770483948251,0.0003248069718567,-1.0,not_observed
B~C,EAS,B*55:02,C*07:06,0.0,0.018687110685194,0.014853857211308,0.0002871264743433,-1.0,not_observed
B~C,EAS,B*55:02,C*08:01,,0.018687110685194,0.0972688068998562,0.0004586360184285,-0.4727800934697486,suppressed_lt20
B~C,EAS,B*55:02,C*12:02,,0.018687110685194,0.0335409678965021,3.6662615847939027e-05,-0.2355311355311355,suppressed_lt20
B~C,EAS,B*55:02,C*12:03,,0.018687110685194,0.0143747005270723,0.078737631482451,0.3206380208333333,suppressed_lt20
B~C,EAS,B*55:02,C*14:02,,0.018687110685194,0.0349784379492093,4.918699591095559e-05,-0.2669476642079382,suppressed_lt20
B~C,EAS,B*55:02,C*15:02,,0.018687110685194,0.0416866315285098,0.000591853862732,0.0367692307692307,suppressed_lt20
B~C,EAS,B*55:02,C*15:05,0.0,0.018687110685194,0.0143747005270723,0.0002777292476908,-1.0,not_observed
B~C,EAS,B*58:01,C*01:02,0.0,0.0723526593195975,0.1475802587446094,0.0135035004343604,-1.0,not_observed
B~C,EAS,B*58:01,C*03:02,146.0,0.0723526593195975,0.0728318160038332,0.9232535619902226,0.964286325444496,estimated
B~C,EAS,B*58:01,C*03:03,,0.0723526593195975,0.0551030186871106,0.0035208373294542,-0.8798157212784337,suppressed_lt20
B~C,EAS,B*58:01,C*03:04,0.0,0.0723526593195975,0.0781025395304264,0.0066077580282125,-1.0,not_observed
B~C,EAS,B*58:01,C*04:01,0.0,0.0723526593195975,0.0718735026353617,0.0060399484591064,-1.0,not_observed
B~C,EAS,B*58:01,C*04:03,0.0,0.0723526593195975,0.0325826545280306,0.0026269039169214,-1.0,not_observed
B~C,EAS,B*58:01,C*04:82,0.0,0.0723526593195975,0.0105414470531863,0.0008309487123046,-1.0,not_observed
B~C,EAS,B*58:01,C*06:02,0.0,0.0723526593195975,0.0359367513176808,0.0029074006374973,-1.0,not_observed
B~C,EAS,B*58:01,C*07:02,,0.0723526593195975,0.1811212266411116,0.0148204317786397,-0.9268719997196818,suppressed_lt20
B~C,EAS,B*58:01,C*07:04,0.0,0.0723526593195975,0.016770483948251,0.0013303388751953,-1.0,not_observed
B~C,EAS,B*58:01,C*07:06,0.0,0.0723526593195975,0.014853857211308,0.001176007733865,-1.0,not_observed
B~C,EAS,B*58:01,C*08:01,,0.0723526593195975,0.0972688068998562,0.0062711028362537,-0.8638306201676835,suppressed_lt20
B~C,EAS,B*58:01,C*12:02,0.0,0.0723526593195975,0.0335409678965021,0.0027068471709477,-1.0,not_observed
B~C,EAS,B*58:01,C*12:03,0.0,0.0723526593195975,0.0143747005270723,0.0011375187326484,-1.0,not_observed
B~C,EAS,B*58:01,C*14:02,0.0,0.0723526593195975,0.0349784379492093,0.0028270597552668,-1.0,not_observed
B~C,EAS,B*58:01,C*15:02,0.0,0.0723526593195975,0.0416866315285098,0.0033928202479338,-1.0,not_observed
B~C,EAS,B*58:01,C*15:05,0.0,0.0723526593195975,0.0143747005270723,0.0011375187326484,-1.0,not_observed
B~C,EUR,B*07:02,C*01:02,,0.1321812237272302,0.0322279308734236,0.0040209471376733,-0.8903569416705075,suppressed_lt20
B~C,EUR,B*07:02,C*02:02,,0.1321812237272302,0.0523120037365716,0.0044781037619425,-0.7298081776880363,suppressed_lt20
B~C,EUR,B*07:02,C*03:03,0.0,0.1321812237272302,0.0537132181223727,0.0086456793652379,-1.0,not_observed
B~C,EUR,B*07:02,C*03:04,,0.1321812237272302,0.0808033629145259,0.0111497380397879,-0.9125390632978616,suppressed_lt20
B~C,EUR,B*07:02,C*04:01,,0.1321812237272302,0.1088276506305464,0.0174119612489304,-0.9675305964603648,suppressed_lt20
B~C,EUR,B*07:02,C*05:01,,0.1321812237272302,0.089210649229332,0.0126488956442464,-0.9207814552383772,suppressed_lt20
B~C,EUR,B*07:02,C*06:02,0.0,0.1321812237272302,0.0896777206912657,0.0150047966968239,-1.0,not_observed
B~C,EUR,B*07:02,C*07:01,,0.1321812237272302,0.1620737972909855,0.0269477717943255,-0.9563955560534008,suppressed_lt20
B~C,EUR,B*07:02,C*07:02,269.0,0.1321812237272302,0.1429238673517048,0.8109905986003715,0.9422805480401693,estimated
B~C,EUR,B*07:02,C*07:04,0.0,0.1321812237272302,0.018682858477347,0.0028998441974168,-1.0,not_observed
B~C,EUR,B*07:02,C*08:02,0.0,0.1321812237272302,0.0317608594114899,0.0049963210419266,-1.0,not_observed
B~C,EUR,B*07:02,C*12:03,,0.1321812237272302,0.0457730032695002,0.0062217965511132,-0.922802336482296,suppressed_lt20
B~C,EUR,B*07:02,C*15:02,0.0,0.1321812237272302,0.0158804297057449,0.0024578484859786,-1.0,not_observed
B~C,EUR,B*07:02,C*16:01,0.0,0.1321812237272302,0.0350303596450256,0.0055293193297188,-1.0,not_observed
B~C,EUR,B*08:01,C*01:02,0.0,0.1125642223260158,0.0322279308734236,0.0042239890266206,-1.0,not_observed
B~C,EUR,B*08:01,C*02:02,0.0,0.1125642223260158,0.0523120037365716,0.0070016341988534,-1.0,not_observed
B~C,EUR,B*08:01,C*03:03,,0.1125642223260158,0.0537132181223727,0.0061304082468234,-0.9227494136749054,suppressed_lt20
B~C,EUR,B*08:01,C*03:04,0.0,0.1125642223260158,0.0808033629145259,0.0111502460419341,-1.0,not_observed
B~C,EUR,B*08:01,C*04:01,0.0,0.1125642223260158,0.1088276506305464,0.0154896281584464,-1.0,not_observed
B~C,EUR,B*08:01,C*05:01,0.0,0.1125642223260158,0.089210649229332,0.0124240215924426,-1.0,not_observed
B~C,EUR,B*08:01,C*06:02,0.0,0.1125642223260158,0.0896777206912657,0.0124954767627123,-1.0,not_observed
B~C,EUR,B*08:01,C*07:01,232.0,0.1125642223260158,0.1620737972909855,0.5986269891854108,0.9554323540432148,estimated
B~C,EUR,B*08:01,C*07:02,,0.1125642223260158,0.1429238673517048,0.0134282881989162,-0.7967754183277738,suppressed_lt20
B~C,EUR,B*08:01,C*07:04,0.0,0.1125642223260158,0.018682858477347,0.0024148901525589,-1.0,not_observed
B~C,EUR,B*08:01,C*08:02,0.0,0.1125642223260158,0.0317608594114899,0.0041607637037601,-1.0,not_observed
B~C,EUR,B*08:01,C*12:03,0.0,0.1125642223260158,0.0457730032695002,0.0060844475358734,-1.0,not_observed
B~C,EUR,B*08:01,C*15:02,0.0,0.1125642223260158,0.0158804297057449,0.0020468113806109,-1.0,not_observed
B~C,EUR,B*08:01,C*16:01,0.0,0.1125642223260158,0.0350303596450256,0.0046046262801243,-1.0,not_observed
B~C,EUR,B*13:02,C*01:02,0.0,0.0191499299392807,0.0322279308734236,0.000650165471594,-1.0,not_observed
B~C,EUR,B*13:02,C*02:02,0.0,0.0191499299392807,0.0523120037365716,0.00107770658781,-1.0,not_observed
B~C,EUR,B*13:02,C*03:03,0.0,0.0191499299392807,0.0537132181223727,0.0011082122878766,-1.0,not_observed
B~C,EUR,B*13:02,C*03:04,0.0,0.0191499299392807,0.0808033629145259,0.0017162698412698,-1.0,not_observed
B~C,EUR,B*13:02,C*04:01,,0.0191499299392807,0.1088276506305464,0.0014352692435839,-0.7758819219093478,suppressed_lt20
B~C,EUR,B*13:02,C*05:01,0.0,0.0191499299392807,0.089210649229332,0.0019123321123321,-1.0,not_observed
B~C,EUR,B*13:02,C*06:02,38.0,0.0191499299392807,0.0896777206912657,0.1676073260764675,0.919621068965949,estimated
B~C,EUR,B*13:02,C*07:01,,0.0191499299392807,0.1620737972909855,0.002725273635698,-0.849511492233078,suppressed_lt20
B~C,EUR,B*13:02,C*07:02,0.0,0.0191499299392807,0.1429238673517048,0.0032557415336706,-1.0,not_observed
B~C,EUR,B*13:02,C*07:04,0.0,0.0191499299392807,0.018682858477347,0.0003717050837469,-1.0,not_observed
B~C,EUR,B*13:02,C*08:02,0.0,0.0191499299392807,0.0317608594114899,0.0006404336939792,-1.0,not_observed
B~C,EUR,B*13:02,C*12:03,,0.0191499299392807,0.0457730032695002,0.0002043764971712,-0.4671478347436535,suppressed_lt20
B~C,EUR,B*13:02,C*15:02,0.0,0.0191499299392807,0.0158804297057449,0.000315049607883,-1.0,not_observed
B~C,EUR,B*13:02,C*16:01,0.0,0.0191499299392807,0.0350303596450256,0.0007087539759369,-1.0,not_observed
B~C,EUR,B*14:01,C*01:02,0.0,0.0107426436244745,0.0322279308734236,0.0003616273092193,-1.0,not_observed
B~C,EUR,B*14:01,C*02:02,0.0,0.0107426436244745,0.0523120037365716,0.0005994291461252,-1.0,not_observed
B~C,EUR,B*14:01,C*03:03,0.0,0.0107426436244745,0.0537132181223727,0.000616396663954,-1.0,not_observed
B~C,EUR,B*14:01,C*03:04,,0.0107426436244745,0.0808033629145259,0.0002036882725875,-0.4619251068107564,suppressed_lt20
B~C,EUR,B*14:01,C*04:01,0.0,0.0107426436244745,0.1088276506305464,0.0013261096362812,-1.0,not_observed
B~C,EUR,B*14:01,C*05:01,0.0,0.0107426436244745,0.089210649229332,0.0010636546330597,-1.0,not_observed
B~C,EUR,B*14:01,C*06:02,0.0,0.0107426436244745,0.0896777206912657,0.0010697721065644,-1.0,not_observed
B~C,EUR,B*14:01,C*07:01,0.0,0.0107426436244745,0.1620737972909855,0.0021004334035495,-1.0,not_observed
B~C,EUR,B*14:01,C*07:02,,0.0107426436244745,0.1429238673517048,0.0008766957903095,-0.6957942597328787,suppressed_lt20
B~C,EUR,B*14:01,C*07:04,0.0,0.0107426436244745,0.018682858477347,0.0002067453827239,-1.0,not_observed
B~C,EUR,B*14:01,C*08:02,21.0,0.0107426436244745,0.0317608594114899,0.2742568033150213,0.9101910694435704,estimated
B~C,EUR,B*14:01,C*12:03,0.0,0.0107426436244745,0.0457730032695002,0.0005209062752335,-1.0,not_observed
B~C,EUR,B*14:01,C*15:02,0.0,0.0107426436244745,0.0158804297057449,0.0001752331474786,-1.0,not_observed
B~C,EUR,B*14:01,C*16:01,0.0,0.0107426436244745,0.0350303596450256,0.0003942147105846,-1.0,not_observed
B~C,EUR,B*14:02,C*01:02,0.0,0.021485287248949,0.0322279308734236,0.0007311948839395,-1.0,not_observed
B~C,EUR,B*14:02,C*02:02,0.0,0.021485287248949,0.0523120037365716,0.0012120199823325,-1.0,not_observed
B~C,EUR,B*14:02,C*03:03,0.0,0.021485287248949,0.0537132181223727,0.0012463275744674,-1.0,not_observed
B~C,EUR,B*14:02,C*03:04,0.0,0.021485287248949,0.0808033629145259,0.0019301666763684,-1.0,not_observed
B~C,EUR,B*14:02,C*04:01,0.0,0.021485287248949,0.1088276506305464,0.0026813367156502,-1.0,not_observed
B~C,EUR,B*14:02,C*05:01,0.0,0.021485287248949,0.089210649229332,0.0021506639740529,-1.0,not_observed
B~C,EUR,B*14:02,C*06:02,0.0,0.021485287248949,0.0896777206912657,0.0021630332426763,-1.0,not_observed
B~C,EUR,B*14:02,C*07:01,0.0,0.021485287248949,0.1620737972909855,0.0042469861085612,-1.0,not_observed
B~C,EUR,B*14:02,C*07:02,0.0,0.021485287248949,0.1429238673517048,0.0036615010437463,-1.0,not_observed
B~C,EUR,B*14:02,C*07:04,0.0,0.021485287248949,0.018682858477347,0.0004180302822045,-1.0,not_observed
B~C,EUR,B*14:02,C*08:02,46.0,0.021485287248949,0.0317608594114899,0.6693668398146849,1.0,estimated
B~C,EUR,B*14:02,C*12:03,0.0,0.021485287248949,0.0457730032695002,0.001053250110687,-1.0,not_observed
B~C,EUR,B*14:02,C*15:02,0.0,0.021485287248949,0.0158804297057449,0.0003543138962861,-1.0,not_observed
B~C,EUR,B*14:02,C*16:01,0.0,0.021485287248949,0.0350303596450256,0.000797085209564,-1.0,not_observed
B~C,EUR,B*15:01,C*01:02,,0.0658570761326483,0.0322279308734236,2.3627168863061503e-05,0.0070724637681159,suppressed_lt20
B~C,EUR,B*15:01,C*02:02,,0.0658570761326483,0.0523120037365716,0.0029079019272474,-0.8644250253292807,suppressed_lt20
B~C,EUR,B*15:01,C*03:03,70.0,0.0658570761326483,0.0537132181223727,0.2718842379470826,0.5811086956521738,estimated
B~C,EUR,B*15:01,C*03:04,47.0,0.0658570761326483,0.0808033629145259,0.0605308970502999,0.2747289972899728,estimated
B~C,EUR,B*15:01,C*04:01,,0.0658570761326483,0.1088276506305464,4.344395187481797e-06,-0.0224637019450278,suppressed_lt20
B~C,EUR,B*15:01,C*05:01,0.0,0.0658570761326483,0.089210649229332,0.0069053846153846,-1.0,not_observed
B~C,EUR,B*15:01,C*06:02,,0.0658570761326483,0.0896777206912657,0.0058900261276165,-0.9209145981087472,suppressed_lt20
B~C,EUR,B*15:01,C*07:01,0.0,0.0658570761326483,0.1620737972909855,0.013636287625418,-1.0,not_observed
B~C,EUR,B*15:01,C*07:02,,0.0658570761326483,0.1429238673517048,0.0095386824609579,-0.9007555740972512,suppressed_lt20
B~C,EUR,B*15:01,C*07:04,0.0,0.0658570761326483,0.018682858477347,0.0013422179914326,-1.0,not_observed
B~C,EUR,B*15:01,C*08:02,0.0,0.0658570761326483,0.0317608594114899,0.0023125904486251,-1.0,not_observed
B~C,EUR,B*15:01,C*12:03,0.0,0.0658570761326483,0.0457730032695002,0.003381791483113,-1.0,not_observed
B~C,EUR,B*15:01,C*15:02,0.0,0.0658570761326483,0.0158804297057449,0.0011376364499288,-1.0,not_observed
B~C,EUR,B*15:01,C*16:01,0.0,0.0658570761326483,0.0350303596450256,0.0025592933204259,-1.0,not_observed
B~C,EUR,B*18:01,C*01:02,0.0,0.0513778608127043,0.0322279308734236,0.0018036077858825,-1.0,not_observed
B~C,EUR,B*18:01,C*02:02,,0.0513778608127043,0.0523120037365716,0.0006849511154927,-0.4786525974025974,suppressed_lt20
B~C,EUR,B*18:01,C*03:03,0.0,0.0513778608127043,0.0537132181223727,0.0030742640114746,-1.0,not_observed
B~C,EUR,B*18:01,C*03:04,0.0,0.0513778608127043,0.0808033629145259,0.0047610612738328,-1.0,not_observed
B~C,EUR,B*18:01,C*04:01,,0.0513778608127043,0.1088276506305464,0.0055551035118538,-0.9164650799843932,suppressed_lt20
B~C,EUR,B*18:01,C*05:01,24.0,0.0513778608127043,0.089210649229332,0.0110874938015309,0.1416037296037296,estimated
B~C,EUR,B*18:01,C*06:02,0.0,0.0513778608127043,0.0896777206912657,0.0053354634767062,-1.0,not_observed
B~C,EUR,B*18:01,C*07:01,41.0,0.0513778608127043,0.1620737972909855,0.0176970729116362,0.2513986013986013,estimated
B~C,EUR,B*18:01,C*07:02,0.0,0.0513778608127043,0.1429238673517048,0.0090316712214087,-1.0,not_observed
B~C,EUR,B*18:01,C*07:04,0.0,0.0513778608127043,0.018682858477347,0.0010311377832084,-1.0,not_observed
B~C,EUR,B*18:01,C*08:02,0.0,0.0513778608127043,0.0317608594114899,0.0017766111048169,-1.0,not_observed
B~C,EUR,B*18:01,C*12:03,40.0,0.0513778608127043,0.0457730032695002,0.1252860146862766,0.3761090846973944,estimated
B~C,EUR,B*18:01,C*15:02,0.0,0.0513778608127043,0.0158804297057449,0.0008739712435419,-1.0,not_observed
B~C,EUR,B*18:01,C*16:01,0.0,0.0513778608127043,0.0350303596450256,0.0019661366915424,-1.0,not_observed
B~C,EUR,B*27:05,C*01:02,30.0,0.0443717888836992,0.0322279308734236,0.1197035774571391,0.4085383994219899,estimated
B~C,EUR,B*27:05,C*02:02,54.0,0.0443717888836992,0.0523120037365716,0.2494791110918595,0.5445980649010401,estimated
B~C,EUR,B*27:05,C*03:03,,0.0443717888836992,0.0537132181223727,0.000447552992462,-0.4120823798627002,suppressed_lt20
B~C,EUR,B*27:05,C*03:04,,0.0443717888836992,0.0808033629145259,0.0030875011188046,-0.8697292363857622,suppressed_lt20
B~C,EUR,B*27:05,C*04:01,0.0,0.0443717888836992,0.1088276506305464,0.0056701627760666,-1.0,not_observed
B~C,EUR,B*27:05,C*05:01,,0.0443717888836992,0.089210649229332,0.0035380166480354,-0.8820060622761091,suppressed_lt20
B~C,EUR,B*27:05,C*06:02,,0.0443717888836992,0.0896777206912657,0.0035633255205569,-0.8826206140350877,suppressed_lt20
B~C,EUR,B*27:05,C*07:01,,0.0443717888836992,0.1620737972909855,0.0078522992807746,-0.9350523282269072,suppressed_lt20
B~C,EUR,B*27:05,C*07:02,0.0,0.0443717888836992,0.1429238673517048,0.007742894356237,-1.0,not_observed
B~C,EUR,B*27:05,C*07:04,,0.0443717888836992,0.018682858477347,0.000421193153183,0.0320503421309873,suppressed_lt20
B~C,EUR,B*27:05,C*08:02,0.0,0.0443717888836992,0.0317608594114899,0.0015230970835284,-1.0,not_observed
B~C,EUR,B*27:05,C*12:03,0.0,0.0443717888836992,0.0457730032695002,0.0022272844498224,-1.0,not_observed
B~C,EUR,B*27:05,C*15:02,0.0,0.0443717888836992,0.0158804297057449,0.0007492596711329,-1.0,not_observed
B~C,EUR,B*27:05,C*16:01,0.0,0.0443717888836992,0.0350303596450256,0.0016855782633504,-1.0,not_observed
B~C,EUR,B*35:01,C*01:02,0.0,0.0588510042036431,0.0322279308734236,0.0020823553081617,-1.0,not_observed
B~C,EUR,B*35:01,C*02:02,0.0,0.0588510042036431,0.0523120037365716,0.0034516875038981,-1.0,not_observed
B~C,EUR,B*35:01,C*03:03,,0.0588510042036431,0.0537132181223727,0.0025779868888322,-0.8522429261559696,suppressed_lt20
B~C,EUR,B*35:01,C*03:04,0.0,0.0588510042036431,0.0808033629145259,0.005496883132603,-1.0,not_observed
B~C,EUR,B*35:01,C*04:01,121.0,0.0588510042036431,0.1088276506305464,0.4674696796618427,0.9554715317293934,estimated
B~C,EUR,B*35:01,C*05:01,,0.0588510042036431,0.089210649229332,0.0050835327977962,-0.9110363167954793,suppressed_lt20
B~C,EUR,B*35:01,C*06:02,,0.0588510042036431,0.0896777206912657,0.0051179721121864,-0.9114996693121692,suppressed_lt20
B~C,EUR,B*35:01,C*07:01,,0.0588510042036431,0.1620737972909855,0.0109393709722872,-0.951031517313938,suppressed_lt20
B~C,EUR,B*35:01,C*07:02,0.0,0.0588510042036431,0.1429238673517048,0.0104275157030716,-1.0,not_observed
B~C,EUR,B*35:01,C*07:04,0.0,0.0588510042036431,0.018682858477347,0.0011905000927125,-1.0,not_observed
B~C,EUR,B*35:01,C*08:02,0.0,0.0588510042036431,0.0317608594114899,0.002051186290951,-1.0,not_observed
B~C,EUR,B*35:01,C*12:03,0.0,0.0588510042036431,0.0457730032695002,0.0029995299570402,-1.0,not_observed
B~C,EUR,B*35:01,C*15:02,0.0,0.0588510042036431,0.0158804297057449,0.0010090434696586,-1.0,not_observed
B~C,EUR,B*35:01,C*16:01,0.0,0.0588510042036431,0.0350303596450256,0.0022700030506919,-1.0,not_observed
B~C,EUR,B*35:03,C*01:02,0.0,0.0144792153199439,0.0322279308734236,0.0004892587238558,-1.0,not_observed
B~C,EUR,B*35:03,C*02:02,0.0,0.0144792153199439,0.0523120037365716,0.0008109894678815,-1.0,not_observed
B~C,EUR,B*35:03,C*03:03,0.0,0.0144792153199439,0.0537132181223727,0.0008339454391488,-1.0,not_observed
B~C,EUR,B*35:03,C*03:04,0.0,0.0144792153199439,0.0808033629145259,0.0012915173583015,-1.0,not_observed
B~C,EUR,B*35:03,C*04:01,22.0,0.0144792153199439,0.1088276506305464,0.0546902713815144,0.6742239805234327,estimated
B~C,EUR,B*35:03,C*05:01,0.0,0.0144792153199439,0.089210649229332,0.0014390569935593,-1.0,not_observed
B~C,EUR,B*35:03,C*06:02,,0.0144792153199439,0.0896777206912657,0.0005933632989679,-0.6402889784946236,suppressed_lt20
B~C,EUR,B*35:03,C*07:01,0.0,0.0144792153199439,0.1620737972909855,0.0028417526563003,-1.0,not_observed
B~C,EUR,B*35:03,C*07:02,,0.0144792153199439,0.1429238673517048,0.0014688652483619,-0.7742989668985873,suppressed_lt20
B~C,EUR,B*35:03,C*07:04,0.0,0.0144792153199439,0.018682858477347,0.0002797133389426,-1.0,not_observed
B~C,EUR,B*35:03,C*08:02,0.0,0.0144792153199439,0.0317608594114899,0.0004819354233967,-1.0,not_observed
B~C,EUR,B*35:03,C*12:03,,0.0144792153199439,0.0457730032695002,0.0073455162340307,0.1548639729682788,suppressed_lt20
B~C,EUR,B*35:03,C*15:02,,0.0144792153199439,0.0158804297057449,0.0002521572656325,0.016641915580936,suppressed_lt20
B~C,EUR,B*35:03,C*16:01,0.0,0.0144792153199439,0.0350303596450256,0.0005333474029995,-1.0,not_observed
B~C,EUR,B*37:01,C*01:02,0.0,0.0130780009341429,0.0322279308734236,0.0004412836878525,-1.0,not_observed
B~C,EUR,B*37:01,C*02:02,0.0,0.0130780009341429,0.0523120037365716,0.0007314666162228,-1.0,not_observed
B~C,EUR,B*37:01,C*03:03,0.0,0.0130780009341429,0.0537132181223727,0.000752171603513,-1.0,not_observed
B~C,EUR,B*37:01,C*03:04,,0.0130780009341429,0.0808033629145259,1.5679922273306133e-05,-0.116019818331957,suppressed_lt20
B~C,EUR,B*37:01,C*04:01,0.0,0.0130780009341429,0.1088276506305464,0.0016182144873355,-1.0,not_observed
B~C,EUR,B*37:01,C*05:01,0.0,0.0130780009341429,0.089210649229332,0.0012979479898552,-1.0,not_observed
B~C,EUR,B*37:01,C*06:02,26.0,0.0130780009341429,0.0896777206912657,0.1142332873858516,0.9215348530381882,estimated
B~C,EUR,B*37:01,C*07:01,0.0,0.0130780009341429,0.1620737972909855,0.0025631001165477,-1.0,not_observed
B~C,EUR,B*37:01,C*07:02,0.0,0.0130780009341429,0.1429238673517048,0.0022097538141336,-1.0,not_observed
B~C,EUR,B*37:01,C*07:04,0.0,0.0130780009341429,0.018682858477347,0.0002522856062276,-1.0,not_observed
B~C,EUR,B*37:01,C*08:02,0.0,0.0130780009341429,0.0317608594114899,0.0004346784851728,-1.0,not_observed
B~C,EUR,B*37:01,C*12:03,0.0,0.0130780009341429,0.0457730032695002,0.0006356473537819,-1.0,not_observed
B~C,EUR,B*37:01,C*15:02,0.0,0.0130780009341429,0.0158804297057449,0.0002138321072053,-1.0,not_observed
B~C,EUR,B*37:01,C*16:01,0.0,0.0130780009341429,0.0350303596450256,0.0004810491820102,-1.0,not_observed
B~C,EUR,B*38:01,C*01:02,0.0,0.0154133582438113,0.0322279308734236,0.0005213179430446,-1.0,not_observed
B~C,EUR,B*38:01,C*02:02,0.0,0.0154133582438113,0.0523120037365716,0.0008641304500305,-1.0,not_observed
B~C,EUR,B*38:01,C*03:03,0.0,0.0154133582438113,0.0537132181223727,0.0008885906367132,-1.0,not_observed
B~C,EUR,B*38:01,C*03:04,0.0,0.0154133582438113,0.0808033629145259,0.0013761454621187,-1.0,not_observed
B~C,EUR,B*38:01,C*04:01,0.0,0.0154133582438113,0.1088276506305464,0.0019117050350267,-1.0,not_observed
B~C,EUR,B*38:01,C*05:01,,0.0154133582438113,0.089210649229332,0.000668577299512,-0.6603204823100111,suppressed_lt20
B~C,EUR,B*38:01,C*06:02,,0.0154133582438113,0.0896777206912657,2.90764171556685e-07,0.0013526750314846,suppressed_lt20
B~C,EUR,B*38:01,C*07:01,0.0,0.0154133582438113,0.1620737972909855,0.0030279616431749,-1.0,not_observed
B~C,EUR,B*38:01,C*07:02,0.0,0.0154133582438113,0.1429238673517048,0.0026105300167003,-1.0,not_observed
B~C,EUR,B*38:01,C*07:04,0.0,0.0154133582438113,0.018682858477347,0.0002980418649472,-1.0,not_observed
B~C,EUR,B*38:01,C*08:02,0.0,0.0154133582438113,0.0317608594114899,0.0005135147752205,-1.0,not_observed
B~C,EUR,B*38:01,C*12:03,29.0,0.0154133582438113,0.0457730032695002,0.2487068456238915,0.8729734941188686,estimated
B~C,EUR,B*38:01,C*15:02,0.0,0.0154133582438113,0.0158804297057449,0.0002526141739516,-1.0,not_observed
B~C,EUR,B*38:01,C*16:01,0.0,0.0154133582438113,0.0350303596450256,0.0005682955816683,-1.0,not_observed
B~C,EUR,B*40:01,C*01:02,0.0,0.0602522185894441,0.0322279308734236,0.0021351140262671,-1.0,not_observed
B~C,EUR,B*40:01,C*02:02,0.0,0.0602522185894441,0.0523120037365716,0.0035391397303708,-1.0,not_observed
B~C,EUR,B*40:01,C*03:03,,0.0602522185894441,0.0537132181223727,0.0018416067929118,-0.7113582743511965,suppressed_lt20
B~C,EUR,B*40:01,C*03:04,117.0,0.0602522185894441,0.0808033629145259,0.5892047884496862,0.8987993949706939,estimated
B~C,EUR,B*40:01,C*04:01,,0.0602522185894441,0.1088276506305464,0.0057576514408492,-0.8575373457098181,suppressed_lt20
B~C,EUR,B*40:01,C*05:01,,0.0602522185894441,0.089210649229332,0.0052360304026829,-0.9131052396607006,suppressed_lt20
B~C,EUR,B*40:01,C*06:02,,0.0602522185894441,0.0896777206912657,0.0052713663414059,-0.9135578165374676,suppressed_lt20
B~C,EUR,B*40:01,C*07:01,,0.0602522185894441,0.1620737972909855,0.0101422162083395,-0.9043406384737396,suppressed_lt20
B~C,EUR,B*40:01,C*07:02,,0.0602522185894441,0.1429238673517048,0.0095633620772208,-0.9457617672391954,suppressed_lt20
B~C,EUR,B*40:01,C*07:04,0.0,0.0602522185894441,0.018682858477347,0.0012206626968318,-1.0,not_observed
B~C,EUR,B*40:01,C*08:02,,0.0602522185894441,0.0317608594114899,0.0012017998745428,-0.7559279525763793,suppressed_lt20
B~C,EUR,B*40:01,C*12:03,,0.0602522185894441,0.0457730032695002,0.0021220186081814,-0.8306438854611613,suppressed_lt20
B~C,EUR,B*40:01,C*15:02,0.0,0.0602522185894441,0.0158804297057449,0.0010346086744837,-1.0,not_observed
B~C,EUR,B*40:01,C*16:01,0.0,0.0602522185894441,0.0350303596450256,0.0023275160267821,-1.0,not_observed
B~C,EUR,B*40:02,C*01:02,0.0,0.0121438580102755,0.0322279308734236,0.0004093759412908,-1.0,not_observed
B~C,EUR,B*40:02,C*02:02,21.0,0.0121438580102755,0.0523120037365716,0.1414905890187839,0.7970769989005575,estimated
B~C,EUR,B*40:02,C*03:03,0.0,0.0121438580102755,0.0537132181223727,0.0006977845922627,-1.0,not_observed
B~C,EUR,B*40:02,C*03:04,,0.0121438580102755,0.0808033629145259,2.49202609335915e-06,-0.0480213428190307,suppressed_lt20
B~C,EUR,B*40:02,C*04:01,0.0,0.0121438580102755,0.1088276506305464,0.0015012068136649,-1.0,not_observed
B~C,EUR,B*40:02,C*05:01,,0.0121438580102755,0.089210649229332,0.0003896594435664,-0.5688683044703987,suppressed_lt20
B~C,EUR,B*40:02,C*06:02,0.0,0.0121438580102755,0.0896777206912657,0.0012110229286522,-1.0,not_observed
B~C,EUR,B*40:02,C*07:01,0.0,0.0121438580102755,0.1620737972909855,0.0023777709254119,-1.0,not_observed
B~C,EUR,B*40:02,C*07:02,0.0,0.0121438580102755,0.1429238673517048,0.0020499739115311,-1.0,not_observed
B~C,EUR,B*40:02,C*07:04,0.0,0.0121438580102755,0.018682858477347,0.0002340436784014,-1.0,not_observed
B~C,EUR,B*40:02,C*08:02,0.0,0.0121438580102755,0.0317608594114899,0.0004032483387103,-1.0,not_observed
B~C,EUR,B*40:02,C*12:03,,0.0121438580102755,0.0457730032695002,1.5045639663468833e-05,-0.1597331240188384,suppressed_lt20
B~C,EUR,B*40:02,C*15:02,,0.0121438580102755,0.0158804297057449,0.000401091430368,0.0229454930451608,suppressed_lt20
B~C,EUR,B*40:02,C*16:01,0.0,0.0121438580102755,0.0350303596450256,0.0004462661256548,-1.0,not_observed
B~C,EUR,B*44:02,C*01:02,,0.0924801494628678,0.0322279308734236,0.0015996642683299,-0.6865759039672084,suppressed_lt20
B~C,EUR,B*44:02,C*02:02,,0.0924801494628678,0.0523120037365716,0.0021193653041635,-0.6138167388167388,suppressed_lt20
B~C,EUR,B*44:02,C*03:03,,0.0924801494628678,0.0537132181223727,0.0038133317788785,-0.8119455423803251,suppressed_lt20
B~C,EUR,B*44:02,C*03:04,,0.0924801494628678,0.0808033629145259,0.0078732233264282,-0.9374963507911483,suppressed_lt20
B~C,EUR,B*44:02,C*04:01,,0.0924801494628678,0.1088276506305464,0.0113160504532557,-0.9535917111024408,suppressed_lt20
B~C,EUR,B*44:02,C*05:01,154.0,0.0924801494628678,0.089210649229332,0.594634794389155,0.7865421044264146,estimated
B~C,EUR,B*44:02,C*06:02,0.0,0.0924801494628678,0.0896777206912657,0.0100387994740826,-1.0,not_observed
B~C,EUR,B*44:02,C*07:01,0.0,0.0924801494628678,0.1620737972909855,0.0197105809896429,-1.0,not_observed
B~C,EUR,B*44:02,C*07:02,,0.0924801494628678,0.1429238673517048,0.0146762082648804,-0.9293259391298608,suppressed_lt20
B~C,EUR,B*44:02,C*07:04,26.0,0.0924801494628678,0.018682858477347,0.0705098763081715,0.6143335048893465,estimated
B~C,EUR,B*44:02,C*08:02,0.0,0.0924801494628678,0.0317608594114899,0.0033427353973185,-1.0,not_observed
B~C,EUR,B*44:02,C*12:03,,0.0924801494628678,0.0457730032695002,0.0038690122776591,-0.8896619253762111,suppressed_lt20
B~C,EUR,B*44:02,C*15:02,0.0,0.0924801494628678,0.0158804297057449,0.0016443973608545,-1.0,not_observed
B~C,EUR,B*44:02,C*16:01,,0.0924801494628678,0.0350303596450256,0.0027095251590012,-0.8558249158249159,suppressed_lt20
B~C,EUR,B*44:03,C*01:02,0.0,0.0499766464269033,0.0322279308734236,0.0017518308447511,-1.0,not_observed
B~C,EUR,B*44:03,C*02:02,,0.0499766464269033,0.0523120037365716,0.0019589356696253,-0.8213451268357811,suppressed_lt20
B~C,EUR,B*44:03,C*03:03,0.0,0.0499766464269033,0.0537132181223727,0.0029860097978977,-1.0,not_observed
B~C,EUR,B*44:03,C*03:04,0.0,0.0499766464269033,0.0808033629145259,0.0046243834488492,-1.0,not_observed
B~C,EUR,B*44:03,C*04:01,31.0,0.0499766464269033,0.1088276506305464,0.0177488604916034,0.2029820333470483,estimated
B~C,EUR,B*44:03,C*05:01,,0.0499766464269033,0.089210649229332,0.003219668953582,-0.7904780545089788,suppressed_lt20
B~C,EUR,B*44:03,C*06:02,0.0,0.0499766464269033,0.0896777206912657,0.0051822960416884,-1.0,not_observed
B~C,EUR,B*44:03,C*07:01,0.0,0.0499766464269033,0.1620737972909855,0.0101751276241464,-1.0,not_observed
B~C,EUR,B*44:03,C*07:02,0.0,0.0499766464269033,0.1429238673517048,0.0087723951677075,-1.0,not_observed
B~C,EUR,B*44:03,C*07:04,0.0,0.0499766464269033,0.018682858477347,0.0010015364692657,-1.0,not_observed
B~C,EUR,B*44:03,C*08:02,0.0,0.0499766464269033,0.0317608594114899,0.0017256091689707,-1.0,not_observed
B~C,EUR,B*44:03,C*12:03,0.0,0.0499766464269033,0.0457730032695002,0.0025234257947732,-1.0,not_observed
B~C,EUR,B*44:03,C*15:02,0.0,0.0499766464269033,0.0158804297057449,0.0008488817767622,-1.0,not_observed
B~C,EUR,B*44:03,C*16:01,69.0,0.0499766464269033,0.0350303596450256,0.5787504945621977,0.9157915437561456,estimated
B~C,EUR,B*49:01,C*01:02,0.0,0.0168145726296123,0.0322279308734236,0.0005695209970744,-1.0,not_observed
B~C,EUR,B*49:01,C*02:02,0.0,0.0168145726296123,0.0523120037365716,0.0009440312616701,-1.0,not_observed
B~C,EUR,B*49:01,C*03:03,0.0,0.0168145726296123,0.0537132181223727,0.0009707531309133,-1.0,not_observed
B~C,EUR,B*49:01,C*03:04,0.0,0.0168145726296123,0.0808033629145259,0.001503389143155,-1.0,not_observed
B~C,EUR,B*49:01,C*04:01,0.0,0.0168145726296123,0.1088276506305464,0.0020884686057455,-1.0,not_observed
B~C,EUR,B*49:01,C*05:01,0.0,0.0168145726296123,0.089210649229332,0.0016751324684816,-1.0,not_observed
B~C,EUR,B*49:01,C*06:02,0.0,0.0168145726296123,0.0896777206912657,0.001684766778505,-1.0,not_observed
B~C,EUR,B*49:01,C*07:01,35.0,0.0168145726296123,0.1620737972909855,0.082653453749184,0.9668493744580704,estimated
B~C,EUR,B*49:01,C*07:02,,0.0168145726296123,0.1429238673517048,0.001851077608623,-0.8056463326071169,suppressed_lt20
B~C,EUR,B*49:01,C*07:04,0.0,0.0168145726296123,0.018682858477347,0.0003255999574911,-1.0,not_observed
B~C,EUR,B*49:01,C*08:02,0.0,0.0168145726296123,0.0317608594114899,0.0005609963184616,-1.0,not_observed
B~C,EUR,B*49:01,C*12:03,0.0,0.0168145726296123,0.0457730032695002,0.0008203668630384,-1.0,not_observed
B~C,EUR,B*49:01,C*15:02,0.0,0.0168145726296123,0.0158804297057449,0.0002759718481658,-1.0,not_observed
B~C,EUR,B*49:01,C*16:01,0.0,0.0168145726296123,0.0350303596450256,0.0006208423681227,-1.0,not_observed
B~C,EUR,B*50:01,C*01:02,0.0,0.0130780009341429,0.0322279308734236,0.0004412836878525,-1.0,not_observed
B~C,EUR,B*50:01,C*02:02,0.0,0.0130780009341429,0.0523120037365716,0.0007314666162228,-1.0,not_observed
B~C,EUR,B*50:01,C*03:03,0.0,0.0130780009341429,0.0537132181223727,0.000752171603513,-1.0,not_observed
B~C,EUR,B*50:01,C*03:04,0.0,0.0130780009341429,0.0808033629145259,0.0011648755862854,-1.0,not_observed
B~C,EUR,B*50:01,C*04:01,,0.0130780009341429,0.1088276506305464,0.0001582225993674,0.0381850853548966,suppressed_lt20
B~C,EUR,B*50:01,C*05:01,0.0,0.0130780009341429,0.089210649229332,0.0012979479898552,-1.0,not_observed
B~C,EUR,B*50:01,C*06:02,23.0,0.0130780009341429,0.0896777206912657,0.0869171091052548,0.8038371325954702,estimated
B~C,EUR,B*50:01,C*07:01,,0.0130780009341429,0.1620737972909855,0.0015579583114875,-0.7796418279127213,suppressed_lt20
B~C,EUR,B*50:01,C*07:02,0.0,0.0130780009341429,0.1429238673517048,0.0022097538141336,-1.0,not_observed
B~C,EUR,B*50:01,C*07:04,0.0,0.0130780009341429,0.018682858477347,0.0002522856062276,-1.0,not_observed
B~C,EUR,B*50:01,C*08:02,0.0,0.0130780009341429,0.0317608594114899,0.0004346784851728,-1.0,not_observed
B~C,EUR,B*50:01,C*12:03,0.0,0.0130780009341429,0.0457730032695002,0.0006356473537819,-1.0,not_observed
B~C,EUR,B*50:01,C*15:02,0.0,0.0130780009341429,0.0158804297057449,0.0002138321072053,-1.0,not_observed
B~C,EUR,B*50:01,C*16:01,0.0,0.0130780009341429,0.0350303596450256,0.0004810491820102,-1.0,not_observed
B~C,EUR,B*51:01,C*01:02,,0.0429705744978981,0.0322279308734236,0.0043119021231817,0.0762478692327823,suppressed_lt20
B~C,EUR,B*51:01,C*02:02,,0.0429705744978981,0.0523120037365716,0.0028792904900531,0.0594960035999742,suppressed_lt20
B~C,EUR,B*51:01,C*03:03,,0.0429705744978981,0.0537132181223727,0.0016214923596283,-0.7976370510396975,suppressed_lt20
B~C,EUR,B*51:01,C*03:04,0.0,0.0429705744978981,0.0808033629145259,0.0039469977423053,-1.0,not_observed
B~C,EUR,B*51:01,C*04:01,,0.0429705744978981,0.1088276506305464,0.0019770970360644,-0.6004851651427505,suppressed_lt20
B~C,EUR,B*51:01,C*05:01,,0.0429705744978981,0.089210649229332,0.0017704108665187,-0.6344753016162076,suppressed_lt20
B~C,EUR,B*51:01,C*06:02,0.0,0.0429705744978981,0.0896777206912657,0.0044231865723834,-1.0,not_observed
B~C,EUR,B*51:01,C*07:01,,0.0429705744978981,0.1620737972909855,0.0055415687206938,-0.7988034080942238,suppressed_lt20
B~C,EUR,B*51:01,C*07:02,,0.0429705744978981,0.1429238673517048,0.0036248739558334,-0.6957942597328787,suppressed_lt20
B~C,EUR,B*51:01,C*07:04,0.0,0.0429705744978981,0.018682858477347,0.0008548301036783,-1.0,not_observed
B~C,EUR,B*51:01,C*08:02,0.0,0.0429705744978981,0.0317608594114899,0.0014728396918996,-1.0,not_observed
B~C,EUR,B*51:01,C*12:03,,0.0429705744978981,0.0457730032695002,0.0003886631085543,0.0203771095362744,suppressed_lt20
B~C,EUR,B*51:01,C*15:02,28.0,0.0429705744978981,0.0158804297057449,0.2390722783509298,0.8156058909654639,estimated
B~C,EUR,B*51:01,C*16:01,,0.0429705744978981,0.0350303596450256,7.789604210706105e-06,-0.0691304347826086,suppressed_lt20
B~C,EUR,B*55:01,C*01:02,,0.0168145726296123,0.0322279308734236,0.001432117061958,0.0528072715572715,suppressed_lt20
B~C,EUR,B*55:01,C*02:02,0.0,0.0168145726296123,0.0523120037365716,0.0009440312616701,-1.0,not_observed
B~C,EUR,B*55:01,C*03:03,31.0,0.0168145726296123,0.0537132181223727,0.2193419384507535,0.8532274871119886,estimated
B~C,EUR,B*55:01,C*03:04,0.0,0.0168145726296123,0.0808033629145259,0.001503389143155,-1.0,not_observed
B~C,EUR,B*55:01,C*04:01,0.0,0.0168145726296123,0.1088276506305464,0.0020884686057455,-1.0,not_observed
B~C,EUR,B*55:01,C*05:01,0.0,0.0168145726296123,0.089210649229332,0.0016751324684816,-1.0,not_observed
B~C,EUR,B*55:01,C*06:02,0.0,0.0168145726296123,0.0896777206912657,0.001684766778505,-1.0,not_observed
B~C,EUR,B*55:01,C*07:01,,0.0168145726296123,0.1620737972909855,0.0014288274983733,-0.6572206211975664,suppressed_lt20
B~C,EUR,B*55:01,C*07:02,0.0,0.0168145726296123,0.1429238673517048,0.0028519096222177,-1.0,not_observed
B~C,EUR,B*55:01,C*07:04,0.0,0.0168145726296123,0.018682858477347,0.0003255999574911,-1.0,not_observed
B~C,EUR,B*55:01,C*08:02,0.0,0.0168145726296123,0.0317608594114899,0.0005609963184616,-1.0,not_observed
B~C,EUR,B*55:01,C*12:03,0.0,0.0168145726296123,0.0457730032695002,0.0008203668630384,-1.0,not_observed
B~C,EUR,B*55:01,C*15:02,0.0,0.0168145726296123,0.0158804297057449,0.0002759718481658,-1.0,not_observed
B~C,EUR,B*55:01,C*16:01,0.0,0.0168145726296123,0.0350303596450256,0.0006208423681227,-1.0,not_observed
B~C,EUR,B*57:01,C*01:02,0.0,0.0364315740308267,0.0322279308734236,0.0012590840268978,-1.0,not_observed
B~C,EUR,B*57:01,C*02:02,0.0,0.0364315740308267,0.0523120037365716,0.0020870427755375,-1.0,not_observed
B~C,EUR,B*57:01,C*03:03,0.0,0.0364315740308267,0.0537132181223727,0.0021461188744096,-1.0,not_observed
B~C,EUR,B*57:01,C*03:04,0.0,0.0364315740308267,0.0808033629145259,0.0033236584183582,-1.0,not_observed
B~C,EUR,B*57:01,C*04:01,0.0,0.0364315740308267,0.1088276506305464,0.0046171387458576,-1.0,not_observed
B~C,EUR,B*57:01,C*05:01,0.0,0.0364315740308267,0.089210649229332,0.0037033446437227,-1.0,not_observed
B~C,EUR,B*57:01,C*06:02,75.0,0.0364315740308267,0.0896777206912657,0.3520544886306797,0.957749536251332,estimated
B~C,EUR,B*57:01,C*07:01,,0.0364315740308267,0.1620737972909855,0.0042540234635071,-0.7626911992906229,suppressed_lt20
B~C,EUR,B*57:01,C*07:02,0.0,0.0364315740308267,0.1429238673517048,0.0063049367274187,-1.0,not_observed
B~C,EUR,B*57:01,C*07:04,0.0,0.0364315740308267,0.018682858477347,0.0007198289575653,-1.0,not_observed
B~C,EUR,B*57:01,C*08:02,0.0,0.0364315740308267,0.0317608594114899,0.0012402378619084,-1.0,not_observed
B~C,EUR,B*57:01,C*12:03,0.0,0.0364315740308267,0.0457730032695002,0.0018136483444052,-1.0,not_observed
B~C,EUR,B*57:01,C*15:02,0.0,0.0364315740308267,0.0158804297057449,0.0006101122657181,-1.0,not_observed
B~C,EUR,B*57:01,C*16:01,0.0,0.0364315740308267,0.0350303596450256,0.0013725441431312,-1.0,not_observed
B~C,MID,B*13:02,C*04:01,0.0,0.044921875,0.15234375,0.0084532526646122,-1.0,not_observed
B~C,MID,B*13:02,C*06:02,21.0,0.044921875,0.15234375,0.2107662598718278,0.8974153476257263,estimated
B~C,MID,B*13:02,C*07:01,0.0,0.044921875,0.138671875,0.0075724904822187,-1.0,not_observed
B~C,MID,B*13:02,C*08:02,0.0,0.044921875,0.05078125,0.0025162631388489,-1.0,not_observed
B~C,MID,B*13:02,C*12:03,0.0,0.044921875,0.087890625,0.0045322578526293,-1.0,not_observed
B~C,MID,B*13:02,C*17:01,0.0,0.044921875,0.052734375,0.002618430206818,-1.0,not_observed
B~C,MID,B*14:02,C*04:01,0.0,0.044921875,0.15234375,0.0084532526646122,-1.0,not_observed
B~C,MID,B*14:02,C*06:02,0.0,0.044921875,0.15234375,0.0084532526646122,-1.0,not_observed
B~C,MID,B*14:02,C*07:01,0.0,0.044921875,0.138671875,0.0075724904822187,-1.0,not_observed
B~C,MID,B*14:02,C*08:02,23.0,0.044921875,0.05078125,0.8791882963662104,1.0,estimated
B~C,MID,B*14:02,C*12:03,0.0,0.044921875,0.087890625,0.0045322578526293,-1.0,not_observed
B~C,MID,B*14:02,C*17:01,0.0,0.044921875,0.052734375,0.002618430206818,-1.0,not_observed
B~C,MID,B*18:01,C*04:01,0.0,0.072265625,0.15234375,0.013999514916323,-1.0,not_observed
B~C,MID,B*18:01,C*06:02,,0.072265625,0.15234375,0.0058274651823038,-0.6451836451836452,suppressed_lt20
B~C,MID,B*18:01,C*07:01,,0.072265625,0.138671875,0.0039214918765908,0.0900288043145186,suppressed_lt20
B~C,MID,B*18:01,C*08:02,0.0,0.072265625,0.05078125,0.0041672081438163,-1.0,not_observed
B~C,MID,B*18:01,C*12:03,,0.072265625,0.087890625,0.0979594944882897,0.3481104230568899,suppressed_lt20
B~C,MID,B*18:01,C*17:01,0.0,0.072265625,0.052734375,0.0043364080303852,-1.0,not_observed
B~C,MID,B*35:01,C*04:01,20.0,0.0390625,0.15234375,0.2261830310610798,1.0,estimated
B~C,MID,B*35:01,C*06:02,0.0,0.0390625,0.15234375,0.0073058334269978,-1.0,not_observed
B~C,MID,B*35:01,C*07:01,0.0,0.0390625,0.138671875,0.0065446232693619,-1.0,not_observed
B~C,MID,B*35:01,C*08:02,0.0,0.0390625,0.05078125,0.0021747131051557,-1.0,not_observed
B~C,MID,B*35:01,C*12:03,0.0,0.0390625,0.087890625,0.0039170627252311,-1.0,not_observed
B~C,MID,B*35:01,C*17:01,0.0,0.0390625,0.052734375,0.0022630123208448,-1.0,not_observed
B~C,MID,B*41:01,C*04:01,0.0,0.056640625,0.15234375,0.0107908521052179,-1.0,not_observed
B~C,MID,B*41:01,C*06:02,0.0,0.056640625,0.15234375,0.0107908521052179,-1.0,not_observed
B~C,MID,B*41:01,C*07:01,,0.056640625,0.138671875,2.758946655782372e-07,-0.0053423992229237,suppressed_lt20
B~C,MID,B*41:01,C*08:02,0.0,0.056640625,0.05078125,0.0032120917789194,-1.0,not_observed
B~C,MID,B*41:01,C*12:03,0.0,0.056640625,0.087890625,0.0057855746339127,-1.0,not_observed
B~C,MID,B*41:01,C*17:01,23.0,0.056640625,0.052734375,0.658842830807364,0.8429568284640748,estimated
B~C,MID,B*49:01,C*04:01,0.0,0.056640625,0.15234375,0.0107908521052179,-1.0,not_observed
B~C,MID,B*49:01,C*06:02,0.0,0.056640625,0.15234375,0.0107908521052179,-1.0,not_observed
B~C,MID,B*49:01,C*07:01,28.0,0.056640625,0.138671875,0.3436706504283092,0.9599655954335756,estimated
B~C,MID,B*49:01,C*08:02,0.0,0.056640625,0.05078125,0.0032120917789194,-1.0,not_observed
B~C,MID,B*49:01,C*12:03,0.0,0.056640625,0.087890625,0.0057855746339127,-1.0,not_observed
B~C,MID,B*49:01,C*17:01,0.0,0.056640625,0.052734375,0.0033425113658192,-1.0,not_observed
B~C,MID,B*50:01,C*04:01,0.0,0.072265625,0.15234375,0.013999514916323,-1.0,not_observed
B~C,MID,B*50:01,C*06:02,36.0,0.072265625,0.15234375,0.406216594399956,0.9681155810188068,estimated
B~C,MID,B*50:01,C*07:01,0.0,0.072265625,0.138671875,0.0125408759995226,-1.0,not_observed
B~C,MID,B*50:01,C*08:02,0.0,0.072265625,0.05078125,0.0041672081438163,-1.0,not_observed
B~C,MID,B*50:01,C*12:03,0.0,0.072265625,0.087890625,0.007505916826327,-1.0,not_observed
B~C,MID,B*50:01,C*17:01,0.0,0.072265625,0.052734375,0.0043364080303852,-1.0,not_observed
B~C,MID,B*51:01,C*04:01,,0.0703125,0.15234375,0.0090876162982424,-0.8176638176638177,suppressed_lt20
B~C,MID,B*51:01,C*06:02,0.0,0.0703125,0.15234375,0.0135925337877086,-1.0,not_observed
B~C,MID,B*51:01,C*07:01,0.0,0.0703125,0.138671875,0.0121762990910649,-1.0,not_observed
B~C,MID,B*51:01,C*08:02,0.0,0.0703125,0.05078125,0.0040460628695922,-1.0,not_observed
B~C,MID,B*51:01,C*12:03,,0.0703125,0.087890625,0.0034091073180799,-0.6839506172839506,suppressed_lt20
B~C,MID,B*51:01,C*17:01,0.0,0.0703125,0.052734375,0.0042103439313869,-1.0,not_observed
B~C,SAS,B*07:02,C*01:02,0.0,0.043613707165109,0.0311526479750778,0.0014663217319354,-1.0,not_observed
B~C,SAS,B*07:02,C*02:02,0.0,0.043613707165109,0.0134994807892004,0.0006240356591805,-1.0,not_observed
B~C,SAS,B*07:02,C*03:02,0.0,0.043613707165109,0.0446521287642783,0.0021314261436057,-1.0,not_observed
B~C,SAS,B*07:02,C*03:03,0.0,0.043613707165109,0.014018691588785,0.000648378282415,-1.0,not_observed
B~C,SAS,B*07:02,C*03:04,0.0,0.043613707165109,0.0145379023883696,0.0006727465564643,-1.0,not_observed
B~C,SAS,B*07:02,C*04:01,0.0,0.043613707165109,0.1282450674974039,0.006708662089463,-1.0,not_observed
B~C,SAS,B*07:02,C*04:03,0.0,0.043613707165109,0.0124610591900311,0.000575427203321,-1.0,not_observed
B~C,SAS,B*07:02,C*06:02,0.0,0.043613707165109,0.1282450674974039,0.006708662089463,-1.0,not_observed
B~C,SAS,B*07:02,C*07:01,0.0,0.043613707165109,0.0404984423676012,0.0019247853124074,-1.0,not_observed
B~C,SAS,B*07:02,C*07:02,79.0,0.043613707165109,0.0996884735202492,0.3591903173057881,0.9338853188334156,estimated
B~C,SAS,B*07:02,C*07:04,0.0,0.043613707165109,0.0171339563862928,0.0007949741117196,-1.0,not_observed
B~C,SAS,B*07:02,C*07:06,,0.043613707165109,0.0825545171339563,0.0030053141422134,-0.8557951482479784,suppressed_lt20
B~C,SAS,B*07:02,C*08:01,0.0,0.043613707165109,0.0327102803738317,0.0015421171064847,-1.0,not_observed
B~C,SAS,B*07:02,C*12:02,0.0,0.043613707165109,0.087227414330218,0.0043579282053562,-1.0,not_observed
B~C,SAS,B*07:02,C*12:03,,0.043613707165109,0.0550363447559709,0.0008550283575086,-0.5673854447439354,suppressed_lt20
B~C,SAS,B*07:02,C*14:02,0.0,0.043613707165109,0.0316718587746625,0.0014915597628175,-1.0,not_observed
B~C,SAS,B*07:02,C*15:02,0.0,0.043613707165109,0.0924195223260643,0.0046437436176477,-1.0,not_observed
B~C,SAS,B*07:02,C*15:05,0.0,0.043613707165109,0.0145379023883696,0.0006727465564643,-1.0,not_observed
B~C,SAS,B*07:02,C*16:02,,0.043613707165109,0.0249221183800623,0.0003179881942266,-0.5223214285714285,suppressed_lt20
B~C,SAS,B*07:05,C*01:02,0.0,0.0124610591900311,0.0311526479750778,0.0004057330073944,-1.0,not_observed
B~C,SAS,B*07:05,C*02:02,0.0,0.0124610591900311,0.0134994807892004,0.0001726714261995,-1.0,not_observed
B~C,SAS,B*07:05,C*03:02,0.0,0.0124610591900311,0.0446521287642783,0.0005897682073789,-1.0,not_observed
B~C,SAS,B*07:05,C*03:03,0.0,0.0124610591900311,0.014018691588785,0.0001794070596677,-1.0,not_observed
B~C,SAS,B*07:05,C*03:04,0.0,0.0124610591900311,0.0145379023883696,0.0001861497907476,-1.0,not_observed
B~C,SAS,B*07:05,C*04:01,0.0,0.0124610591900311,0.1282450674974039,0.001856294963015,-1.0,not_observed
B~C,SAS,B*07:05,C*04:03,0.0,0.0124610591900311,0.0124610591900311,0.0001592214073182,-1.0,not_observed
B~C,SAS,B*07:05,C*06:02,0.0,0.0124610591900311,0.1282450674974039,0.001856294963015,-1.0,not_observed
B~C,SAS,B*07:05,C*07:01,0.0,0.0124610591900311,0.0404984423676012,0.0005325904379532,-1.0,not_observed
B~C,SAS,B*07:05,C*07:02,0.0,0.0124610591900311,0.0996884735202492,0.0013971816226954,-1.0,not_observed
B~C,SAS,B*07:05,C*07:04,0.0,0.0124610591900311,0.0171339563862928,0.0002199703040089,-1.0,not_observed
B~C,SAS,B*07:05,C*07:06,0.0,0.0124610591900311,0.0825545171339563,0.0011354324551584,-1.0,not_observed
B~C,SAS,B*07:05,C*08:01,0.0,0.0124610591900311,0.0327102803738317,0.0004267056797573,-1.0,not_observed
B~C,SAS,B*07:05,C*12:02,0.0,0.0124610591900311,0.087227414330218,0.0012058440369935,-1.0,not_observed
B~C,SAS,B*07:05,C*12:03,0.0,0.0124610591900311,0.0550363447559709,0.0007349117759212,-1.0,not_observed
B~C,SAS,B*07:05,C*14:02,0.0,0.0124610591900311,0.0316718587746625,0.0004127164012482,-1.0,not_observed
B~C,SAS,B*07:05,C*15:02,0.0,0.0124610591900311,0.0924195223260643,0.0012849295093446,-1.0,not_observed
B~C,SAS,B*07:05,C*15:05,24.0,0.0124610591900311,0.0145379023883696,0.8553402433528615,1.0,estimated
B~C,SAS,B*07:05,C*16:02,0.0,0.0124610591900311,0.0249221183800623,0.0003225123713729,-1.0,not_observed
B~C,SAS,B*07:06,C*01:02,,0.0129802699896157,0.0311526479750778,3.410626662900384e-05,0.0091318327974276,suppressed_lt20
B~C,SAS,B*07:06,C*02:02,0.0,0.0129802699896157,0.0134994807892004,0.0001799606855117,-1.0,not_observed
B~C,SAS,B*07:06,C*03:02,0.0,0.0129802699896157,0.0446521287642783,0.0006146650504311,-1.0,not_observed
B~C,SAS,B*07:06,C*03:03,,0.0129802699896157,0.014018691588785,0.0006422494853876,0.0263507109004739,suppressed_lt20
B~C,SAS,B*07:06,C*03:04,,0.0129802699896157,0.0145379023883696,0.0005951200406894,0.0258377239199157,suppressed_lt20
B~C,SAS,B*07:06,C*04:01,,0.0129802699896157,0.1282450674974039,0.0009160173239749,-0.6880971659919028,suppressed_lt20
B~C,SAS,B*07:06,C*04:03,0.0,0.0129802699896157,0.0124610591900311,0.0001659428791421,-1.0,not_observed
B~C,SAS,B*07:06,C*06:02,0.0,0.0129802699896157,0.1282450674974039,0.001934657756693,-1.0,not_observed
B~C,SAS,B*07:06,C*07:01,0.0,0.0129802699896157,0.0404984423676012,0.0005550735429746,-1.0,not_observed
B~C,SAS,B*07:06,C*07:02,21.0,0.0129802699896157,0.0996884735202492,0.0803062151772241,0.8222837370242214,estimated
B~C,SAS,B*07:06,C*07:04,0.0,0.0129802699896157,0.0171339563862928,0.0002292562676579,-1.0,not_observed
B~C,SAS,B*07:06,C*07:06,0.0,0.0129802699896157,0.0825545171339563,0.0011833643091965,-1.0,not_observed
B~C,SAS,B*07:06,C*08:01,0.0,0.0129802699896157,0.0327102803738317,0.0004447188995367,-1.0,not_observed
B~C,SAS,B*07:06,C*12:02,0.0,0.0129802699896157,0.087227414330218,0.0012567482894758,-1.0,not_observed
B~C,SAS,B*07:06,C*12:03,0.0,0.0129802699896157,0.0550363447559709,0.0007659358001283,-1.0,not_observed
B~C,SAS,B*07:06,C*14:02,0.0,0.0129802699896157,0.0316718587746625,0.0004301390688969,-1.0,not_observed
B~C,SAS,B*07:06,C*15:02,0.0,0.0129802699896157,0.0924195223260643,0.0013391723252966,-1.0,not_observed
B~C,SAS,B*07:06,C*15:05,0.0,0.0129802699896157,0.0145379023883696,0.0001940080341498,-1.0,not_observed
B~C,SAS,B*07:06,C*16:02,0.0,0.0129802699896157,0.0249221183800623,0.0003361271098278,-1.0,not_observed
B~C,SAS,B*08:01,C*01:02,0.0,0.0342679127725856,0.0311526479750778,0.0011409604812778,-1.0,not_observed
B~C,SAS,B*08:01,C*02:02,,0.0342679127725856,0.0134994807892004,7.2720149120828355e-06,0.0043424317617866,suppressed_lt20
B~C,SAS,B*08:01,C*03:02,0.0,0.0342679127725856,0.0446521287642783,0.0016584852734922,-1.0,not_observed
B~C,SAS,B*08:01,C*03:03,0.0,0.0342679127725856,0.014018691588785,0.0005045100137593,-1.0,not_observed
B~C,SAS,B*08:01,C*03:04,0.0,0.0342679127725856,0.0145379023883696,0.0005234712260783,-1.0,not_observed
B~C,SAS,B*08:01,C*04:01,0.0,0.0342679127725856,0.1282450674974039,0.0052200810774462,-1.0,not_observed
B~C,SAS,B*08:01,C*04:03,0.0,0.0342679127725856,0.0124610591900311,0.0004477460059021,-1.0,not_observed
B~C,SAS,B*08:01,C*06:02,0.0,0.0342679127725856,0.1282450674974039,0.0052200810774462,-1.0,not_observed
B~C,SAS,B*08:01,C*07:01,,0.0342679127725856,0.0404984423676012,2.242991612493081e-05,0.0051652892561983,suppressed_lt20
B~C,SAS,B*08:01,C*07:02,55.0,0.0342679127725856,0.0996884735202492,0.2127967511720058,0.8148788927335641,estimated
B~C,SAS,B*08:01,C*07:04,0.0,0.0342679127725856,0.0171339563862928,0.0006185777823219,-1.0,not_observed
B~C,SAS,B*08:01,C*07:06,0.0,0.0342679127725856,0.0825545171339563,0.0031929459444657,-1.0,not_observed
B~C,SAS,B*08:01,C*08:01,0.0,0.0342679127725856,0.0327102803738317,0.0011999376655758,-1.0,not_observed
B~C,SAS,B*08:01,C*12:02,0.0,0.0342679127725856,0.087227414330218,0.0033909501266101,-1.0,not_observed
B~C,SAS,B*08:01,C*12:03,0.0,0.0342679127725856,0.0550363447559709,0.0020666430343849,-1.0,not_observed
B~C,SAS,B*08:01,C*14:02,,0.0342679127725856,0.0316718587746625,0.0003157715788308,-0.5216095380029806,suppressed_lt20
B~C,SAS,B*08:01,C*15:02,,0.0342679127725856,0.0924195223260643,0.000428157921504,-0.3442288049029622,suppressed_lt20
B~C,SAS,B*08:01,C*15:05,0.0,0.0342679127725856,0.0145379023883696,0.0005234712260783,-1.0,not_observed
B~C,SAS,B*08:01,C*16:02,0.0,0.0342679127725856,0.0249221183800623,0.0009069359991755,-1.0,not_observed
B~C,SAS,B*13:01,C*01:02,0.0,0.0134994807892004,0.0311526479750778,0.0004400067693349,-1.0,not_observed
B~C,SAS,B*13:01,C*02:02,0.0,0.0134994807892004,0.0134994807892004,0.0001872576177285,-1.0,not_observed
B~C,SAS,B*13:01,C*03:02,0.0,0.0134994807892004,0.0446521287642783,0.0006395881006864,-1.0,not_observed
B~C,SAS,B*13:01,C*03:03,0.0,0.0134994807892004,0.014018691588785,0.0001945622349713,-1.0,not_observed
B~C,SAS,B*13:01,C*03:04,0.0,0.0134994807892004,0.0145379023883696,0.0002018745493871,-1.0,not_observed
B~C,SAS,B*13:01,C*04:01,0.0,0.0134994807892004,0.1282450674974039,0.0020131030375223,-1.0,not_observed
B~C,SAS,B*13:01,C*04:03,21.0,0.0134994807892004,0.0124610591900311,0.7032300699881224,0.8732894736842105,estimated
B~C,SAS,B*13:01,C*06:02,0.0,0.0134994807892004,0.1282450674974039,0.0020131030375223,-1.0,not_observed
B~C,SAS,B*13:01,C*07:01,0.0,0.0134994807892004,0.0404984423676012,0.0005775803144224,-1.0,not_observed
B~C,SAS,B*13:01,C*07:02,0.0,0.0134994807892004,0.0996884735202492,0.0015152067018757,-1.0,not_observed
B~C,SAS,B*13:01,C*07:04,0.0,0.0134994807892004,0.0171339563862928,0.0002385520060055,-1.0,not_observed
B~C,SAS,B*13:01,C*07:06,0.0,0.0134994807892004,0.0825545171339563,0.0012313466178178,-1.0,not_observed
B~C,SAS,B*13:01,C*08:01,0.0,0.0134994807892004,0.0327102803738317,0.0004627510806,-1.0,not_observed
B~C,SAS,B*13:01,C*12:02,,0.0134994807892004,0.087227414330218,0.0004087297200733,-0.5590659340659341,suppressed_lt20
B~C,SAS,B*13:01,C*12:03,0.0,0.0134994807892004,0.0550363447559709,0.000796992481203,-1.0,not_observed
B~C,SAS,B*13:01,C*14:02,0.0,0.0134994807892004,0.0316718587746625,0.0004475800761958,-1.0,not_observed
B~C,SAS,B*13:01,C*15:02,,0.0134994807892004,0.0924195223260643,8.604136689355643e-05,0.0253036437246963,suppressed_lt20
B~C,SAS,B*13:01,C*15:05,0.0,0.0134994807892004,0.0145379023883696,0.0002018745493871,-1.0,not_observed
B~C,SAS,B*13:01,C*16:02,0.0,0.0134994807892004,0.0249221183800623,0.0003497561795863,-1.0,not_observed
B~C,SAS,B*13:02,C*01:02,0.0,0.0150571131879543,0.0311526479750778,0.0004915529173665,-1.0,not_observed
B~C,SAS,B*13:02,C*02:02,0.0,0.0150571131879543,0.0134994807892004,0.0002091945731487,-1.0,not_observed
B~C,SAS,B*13:02,C*03:02,0.0,0.0150571131879543,0.0446521287642783,0.0007145149091242,-1.0,not_observed
B~C,SAS,B*13:02,C*03:03,0.0,0.0150571131879543,0.014018691588785,0.0002173549155938,-1.0,not_observed
B~C,SAS,B*13:02,C*03:04,,0.0150571131879543,0.0145379023883696,0.0004244737259275,0.0209729648316891,suppressed_lt20
B~C,SAS,B*13:02,C*04:01,0.0,0.0150571131879543,0.1282450674974039,0.002248935107406,-1.0,not_observed
B~C,SAS,B*13:02,C*04:03,0.0,0.0150571131879543,0.0124610591900311,0.0001928996306637,-1.0,not_observed
B~C,SAS,B*13:02,C*06:02,28.0,0.0150571131879543,0.1282450674974039,0.0958581182254108,0.9604444353165884,estimated
B~C,SAS,B*13:02,C*07:01,0.0,0.0150571131879543,0.0404984423676012,0.0006452430015951,-1.0,not_observed
B~C,SAS,B*13:02,C*07:02,0.0,0.0150571131879543,0.0996884735202492,0.0016927109458934,-1.0,not_observed
B~C,SAS,B*13:02,C*07:04,0.0,0.0150571131879543,0.0171339563862928,0.000266498023821,-1.0,not_observed
B~C,SAS,B*13:02,C*07:06,0.0,0.0150571131879543,0.0825545171339563,0.0013755970690922,-1.0,not_observed
B~C,SAS,B*13:02,C*08:01,0.0,0.0150571131879543,0.0327102803738317,0.000516961691356,-1.0,not_observed
B~C,SAS,B*13:02,C*12:02,0.0,0.0150571131879543,0.087227414330218,0.0014609019810334,-1.0,not_observed
B~C,SAS,B*13:02,C*12:03,0.0,0.0150571131879543,0.0550363447559709,0.0008903589820827,-1.0,not_observed
B~C,SAS,B*13:02,C*14:02,0.0,0.0150571131879543,0.0316718587746625,0.0005000134260247,-1.0,not_observed
B~C,SAS,B*13:02,C*15:02,0.0,0.0150571131879543,0.0924195223260643,0.0015567154690834,-1.0,not_observed
B~C,SAS,B*13:02,C*15:05,0.0,0.0150571131879543,0.0145379023883696,0.0002255238569245,-1.0,not_observed
B~C,SAS,B*13:02,C*16:02,0.0,0.0150571131879543,0.0249221183800623,0.0003907296033252,-1.0,not_observed
B~C,SAS,B*15:01,C*01:02,,0.0114226375908618,0.0311526479750778,0.0013670200614592,0.061677871967261,suppressed_lt20
B~C,SAS,B*15:01,C*02:02,0.0,0.0114226375908618,0.0134994807892004,0.0001581158779301,-1.0,not_observed
B~C,SAS,B*15:01,C*03:02,,0.0114226375908618,0.0446521287642783,1.744021903273652e-07,0.0008399209486165,suppressed_lt20
B~C,SAS,B*15:01,C*03:03,,0.0114226375908618,0.014018691588785,0.0380166715544468,0.2162860835846617,suppressed_lt20
B~C,SAS,B*15:01,C*03:04,0.0,0.0114226375908618,0.0145379023883696,0.0001704580673154,-1.0,not_observed
B~C,SAS,B*15:01,C*04:01,,0.0114226375908618,0.1282450674974039,0.0037285387514128,0.2178786073961774,suppressed_lt20
B~C,SAS,B*15:01,C*04:03,,0.0114226375908618,0.0124610591900311,0.0010221225355642,0.0334098078577573,suppressed_lt20
B~C,SAS,B*15:01,C*06:02,0.0,0.0114226375908618,0.1282450674974039,0.0016998163172356,-1.0,not_observed
B~C,SAS,B*15:01,C*07:01,0.0,0.0114226375908618,0.0404984423676012,0.0004876950780312,-1.0,not_observed
B~C,SAS,B*15:01,C*07:02,0.0,0.0114226375908618,0.0996884735202492,0.0012794044953621,-1.0,not_observed
B~C,SAS,B*15:01,C*07:04,0.0,0.0114226375908618,0.0171339563862928,0.0002014276392014,-1.0,not_observed
B~C,SAS,B*15:01,C*07:06,0.0,0.0114226375908618,0.0825545171339563,0.0010397197928407,-1.0,not_observed
B~C,SAS,B*15:01,C*08:01,0.0,0.0114226375908618,0.0327102803738317,0.0003907360045467,-1.0,not_observed
B~C,SAS,B*15:01,C*12:02,0.0,0.0114226375908618,0.087227414330218,0.0011041959445894,-1.0,not_observed
B~C,SAS,B*15:01,C*12:03,,0.0114226375908618,0.0550363447559709,0.0105286262809649,0.2303696303696303,suppressed_lt20
B~C,SAS,B*15:01,C*14:02,0.0,0.0114226375908618,0.0316718587746625,0.0003779259693153,-1.0,not_observed
B~C,SAS,B*15:01,C*15:02,0.0,0.0114226375908618,0.0924195223260643,0.0011766148106839,-1.0,not_observed
B~C,SAS,B*15:01,C*15:05,0.0,0.0114226375908618,0.0145379023883696,0.0001704580673154,-1.0,not_observed
B~C,SAS,B*15:01,C*16:02,0.0,0.0114226375908618,0.0249221183800623,0.0002953257980508,-1.0,not_observed
B~C,SAS,B*15:02,C*01:02,0.0,0.0306334371754932,0.0311526479750778,0.001016125393318,-1.0,not_observed
B~C,SAS,B*15:02,C*02:02,0.0,0.0306334371754932,0.0134994807892004,0.0004324415752826,-1.0,not_observed
B~C,SAS,B*15:02,C*03:02,0.0,0.0306334371754932,0.0446521287642783,0.0014770266179176,-1.0,not_observed
B~C,SAS,B*15:02,C*03:03,,0.0306334371754932,0.014018691588785,0.0009035400409388,0.0448134261738975,suppressed_lt20
B~C,SAS,B*15:02,C*03:04,0.0,0.0306334371754932,0.0145379023883696,0.0004661970455749,-1.0,not_observed
B~C,SAS,B*15:02,C*04:01,0.0,0.0306334371754932,0.1282450674974039,0.0046489401035444,-1.0,not_observed
B~C,SAS,B*15:02,C*04:03,0.0,0.0306334371754932,0.0124610591900311,0.0003987570944125,-1.0,not_observed
B~C,SAS,B*15:02,C*06:02,0.0,0.0306334371754932,0.1282450674974039,0.0046489401035444,-1.0,not_observed
B~C,SAS,B*15:02,C*07:01,0.0,0.0306334371754932,0.0404984423676012,0.0013338295341509,-1.0,not_observed
B~C,SAS,B*15:02,C*07:02,0.0,0.0306334371754932,0.0996884735202492,0.003499127998028,-1.0,not_observed
B~C,SAS,B*15:02,C*07:04,0.0,0.0306334371754932,0.0171339563862928,0.0005508977766308,-1.0,not_observed
B~C,SAS,B*15:02,C*07:06,0.0,0.0306334371754932,0.0825545171339563,0.0028435984478881,-1.0,not_observed
B~C,SAS,B*15:02,C*08:01,56.0,0.0306334371754932,0.0327102803738317,0.8388360221494294,0.9474330631294522,estimated
B~C,SAS,B*15:02,C*12:02,0.0,0.0306334371754932,0.087227414330218,0.0030199385409602,-1.0,not_observed
B~C,SAS,B*15:02,C*12:03,0.0,0.0306334371754932,0.0550363447559709,0.0018405269074792,-1.0,not_observed
B~C,SAS,B*15:02,C*14:02,0.0,0.0306334371754932,0.0316718587746625,0.0010336147365488,-1.0,not_observed
B~C,SAS,B*15:02,C*15:02,,0.0306334371754932,0.0924195223260643,0.0021459113879953,-0.8166063606932012,suppressed_lt20
B~C,SAS,B*15:02,C*15:05,0.0,0.0306334371754932,0.0145379023883696,0.0004661970455749,-1.0,not_observed
B~C,SAS,B*15:02,C*16:02,0.0,0.0306334371754932,0.0249221183800623,0.0008077060634425,-1.0,not_observed
B~C,SAS,B*15:17,C*01:02,0.0,0.0150571131879543,0.0311526479750778,0.0004915529173665,-1.0,not_observed
B~C,SAS,B*15:17,C*02:02,0.0,0.0150571131879543,0.0134994807892004,0.0002091945731487,-1.0,not_observed
B~C,SAS,B*15:17,C*03:02,0.0,0.0150571131879543,0.0446521287642783,0.0007145149091242,-1.0,not_observed
B~C,SAS,B*15:17,C*03:03,0.0,0.0150571131879543,0.014018691588785,0.0002173549155938,-1.0,not_observed
B~C,SAS,B*15:17,C*03:04,0.0,0.0150571131879543,0.0145379023883696,0.0002255238569245,-1.0,not_observed
B~C,SAS,B*15:17,C*04:01,0.0,0.0150571131879543,0.1282450674974039,0.002248935107406,-1.0,not_observed
B~C,SAS,B*15:17,C*04:03,0.0,0.0150571131879543,0.0124610591900311,0.0001928996306637,-1.0,not_observed
B~C,SAS,B*15:17,C*06:02,0.0,0.0150571131879543,0.1282450674974039,0.002248935107406,-1.0,not_observed
B~C,SAS,B*15:17,C*07:01,29.0,0.0150571131879543,0.0404984423676012,0.3621913142208345,1.0,estimated
B~C,SAS,B*15:17,C*07:02,0.0,0.0150571131879543,0.0996884735202492,0.0016927109458934,-1.0,not_observed
B~C,SAS,B*15:17,C*07:04,0.0,0.0150571131879543,0.0171339563862928,0.000266498023821,-1.0,not_observed
B~C,SAS,B*15:17,C*07:06,0.0,0.0150571131879543,0.0825545171339563,0.0013755970690922,-1.0,not_observed
B~C,SAS,B*15:17,C*08:01,0.0,0.0150571131879543,0.0327102803738317,0.000516961691356,-1.0,not_observed
B~C,SAS,B*15:17,C*12:02,0.0,0.0150571131879543,0.087227414330218,0.0014609019810334,-1.0,not_observed
B~C,SAS,B*15:17,C*12:03,0.0,0.0150571131879543,0.0550363447559709,0.0008903589820827,-1.0,not_observed
B~C,SAS,B*15:17,C*14:02,0.0,0.0150571131879543,0.0316718587746625,0.0005000134260247,-1.0,not_observed
B~C,SAS,B*15:17,C*15:02,0.0,0.0150571131879543,0.0924195223260643,0.0015567154690834,-1.0,not_observed
B~C,SAS,B*15:17,C*15:05,0.0,0.0150571131879543,0.0145379023883696,0.0002255238569245,-1.0,not_observed
B~C,SAS,B*15:17,C*16:02,0.0,0.0150571131879543,0.0249221183800623,0.0003907296033252,-1.0,not_observed
B~C,SAS,B*15:18,C*01:02,0.0,0.0155763239875389,0.0311526479750778,0.0005087712157596,-1.0,not_observed
B~C,SAS,B*15:18,C*02:02,0.0,0.0155763239875389,0.0134994807892004,0.0002165223184543,-1.0,not_observed
B~C,SAS,B*15:18,C*03:02,0.0,0.0155763239875389,0.0446521287642783,0.000739543203082,-1.0,not_observed
B~C,SAS,B*15:18,C*03:03,0.0,0.0155763239875389,0.014018691588785,0.0002249685044093,-1.0,not_observed
B~C,SAS,B*15:18,C*03:04,0.0,0.0155763239875389,0.0145379023883696,0.0002334235904549,-1.0,not_observed
B~C,SAS,B*15:18,C*04:01,,0.0155763239875389,0.1282450674974039,0.0005366667025819,-0.4801619433198381,suppressed_lt20
B~C,SAS,B*15:18,C*04:03,0.0,0.0155763239875389,0.0124610591900311,0.000199656590664,-1.0,not_observed
B~C,SAS,B*15:18,C*06:02,0.0,0.0155763239875389,0.1282450674974039,0.0023277116427047,-1.0,not_observed
B~C,SAS,B*15:18,C*07:01,0.0,0.0155763239875389,0.0404984423676012,0.0006678448134144,-1.0,not_observed
B~C,SAS,B*15:18,C*07:02,0.0,0.0155763239875389,0.0996884735202492,0.0017520038544084,-1.0,not_observed
B~C,SAS,B*15:18,C*07:04,22.0,0.0155763239875389,0.0171339563862928,0.4819464783646614,0.7286846275752774,estimated
B~C,SAS,B*15:18,C*07:06,0.0,0.0155763239875389,0.0825545171339563,0.0014237819947991,-1.0,not_observed
B~C,SAS,B*15:18,C*08:01,,0.0155763239875389,0.0327102803738317,1.9412971164943638e-07,0.0006441223832528,suppressed_lt20
B~C,SAS,B*15:18,C*12:02,0.0,0.0155763239875389,0.087227414330218,0.0015120749989199,-1.0,not_observed
B~C,SAS,B*15:18,C*12:03,0.0,0.0155763239875389,0.0550363447559709,0.0009215468076227,-1.0,not_observed
B~C,SAS,B*15:18,C*14:02,0.0,0.0155763239875389,0.0316718587746625,0.0005175280822615,-1.0,not_observed
B~C,SAS,B*15:18,C*15:02,0.0,0.0155763239875389,0.0924195223260643,0.0016112446774614,-1.0,not_observed
B~C,SAS,B*15:18,C*15:05,0.0,0.0155763239875389,0.0145379023883696,0.0002334235904549,-1.0,not_observed
B~C,SAS,B*15:18,C*16:02,,0.0155763239875389,0.0249221183800623,0.0076525660209487,0.111182108626198,suppressed_lt20
B~C,SAS,B*18:01,C*01:02,0.0,0.02803738317757,0.0311526479750778,0.0009275290625772,-1.0,not_observed
B~C,SAS,B*18:01,C*02:02,0.0,0.02803738317757,0.0134994807892004,0.0003947368421052,-1.0,not_observed
B~C,SAS,B*18:01,C*03:02,,0.02803738317757,0.0446521287642783,0.00046183094164,-0.5852713178294574,suppressed_lt20
B~C,SAS,B*18:01,C*03:03,0.0,0.02803738317757,0.014018691588785,0.0004101348888078,-1.0,not_observed
B~C,SAS,B*18:01,C*03:04,0.0,0.02803738317757,0.0145379023883696,0.0004255491610602,-1.0,not_observed
B~C,SAS,B*18:01,C*04:01,,0.02803738317757,0.1282450674974039,0.0031065351527936,-0.8556005398110661,suppressed_lt20
B~C,SAS,B*18:01,C*04:03,0.0,0.02803738317757,0.0124610591900311,0.0003639893229798,-1.0,not_observed
B~C,SAS,B*18:01,C*06:02,0.0,0.02803738317757,0.1282450674974039,0.0042435973793924,-1.0,not_observed
B~C,SAS,B*18:01,C*07:01,30.0,0.02803738317757,0.0404984423676012,0.1969312738543508,0.5367965367965368,estimated
B~C,SAS,B*18:01,C*07:02,,0.02803738317757,0.0996884735202492,0.0012615725337394,-0.6284722222222222,suppressed_lt20
B~C,SAS,B*18:01,C*07:04,0.0,0.02803738317757,0.0171339563862928,0.0005028648055589,-1.0,not_observed
B~C,SAS,B*18:01,C*07:06,0.0,0.02803738317757,0.0825545171339563,0.0025956640982107,-1.0,not_observed
B~C,SAS,B*18:01,C*08:01,0.0,0.02803738317757,0.0327102803738317,0.0009754738015607,-1.0,not_observed
B~C,SAS,B*18:01,C*12:02,0.0,0.02803738317757,0.087227414330218,0.0027566290364925,-1.0,not_observed
B~C,SAS,B*18:01,C*12:03,,0.02803738317757,0.0550363447559709,0.0429576229285953,0.2945054945054944,suppressed_lt20
B~C,SAS,B*18:01,C*14:02,,0.02803738317757,0.0316718587746625,0.0001627286117243,-0.4153005464480874,suppressed_lt20
B~C,SAS,B*18:01,C*15:02,0.0,0.02803738317757,0.0924195223260643,0.0029374229889104,-1.0,not_observed
B~C,SAS,B*18:01,C*15:05,0.0,0.02803738317757,0.0145379023883696,0.0004255491610602,-1.0,not_observed
B~C,SAS,B*18:01,C*16:02,0.0,0.02803738317757,0.0249221183800623,0.0007372818874416,-1.0,not_observed
B~C,SAS,B*27:05,C*01:02,,0.0129802699896157,0.0311526479750778,0.0010396558927354,0.0504180064308681,suppressed_lt20
B~C,SAS,B*27:05,C*02:02,23.0,0.0129802699896157,0.0134994807892004,0.8114833675862054,0.9189052631578948,estimated
B~C,SAS,B*27:05,C*03:02,0.0,0.0129802699896157,0.0446521287642783,0.0006146650504311,-1.0,not_observed
B~C,SAS,B*27:05,C*03:03,0.0,0.0129802699896157,0.014018691588785,0.0001869806612134,-1.0,not_observed
B~C,SAS,B*27:05,C*03:04,0.0,0.0129802699896157,0.0145379023883696,0.0001940080341498,-1.0,not_observed
B~C,SAS,B*27:05,C*04:01,0.0,0.0129802699896157,0.1282450674974039,0.001934657756693,-1.0,not_observed
B~C,SAS,B*27:05,C*04:03,0.0,0.0129802699896157,0.0124610591900311,0.0001659428791421,-1.0,not_observed
B~C,SAS,B*27:05,C*06:02,0.0,0.0129802699896157,0.1282450674974039,0.001934657756693,-1.0,not_observed
B~C,SAS,B*27:05,C*07:01,0.0,0.0129802699896157,0.0404984423676012,0.0005550735429746,-1.0,not_observed
B~C,SAS,B*27:05,C*07:02,0.0,0.0129802699896157,0.0996884735202492,0.0014561631193926,-1.0,not_observed
B~C,SAS,B*27:05,C*07:04,0.0,0.0129802699896157,0.0171339563862928,0.0002292562676579,-1.0,not_observed
B~C,SAS,B*27:05,C*07:06,0.0,0.0129802699896157,0.0825545171339563,0.0011833643091965,-1.0,not_observed
B~C,SAS,B*27:05,C*08:01,0.0,0.0129802699896157,0.0327102803738317,0.0004447188995367,-1.0,not_observed
B~C,SAS,B*27:05,C*12:02,0.0,0.0129802699896157,0.087227414330218,0.0012567482894758,-1.0,not_observed
B~C,SAS,B*27:05,C*12:03,0.0,0.0129802699896157,0.0550363447559709,0.0007659358001283,-1.0,not_observed
B~C,SAS,B*27:05,C*14:02,0.0,0.0129802699896157,0.0316718587746625,0.0004301390688969,-1.0,not_observed
B~C,SAS,B*27:05,C*15:02,0.0,0.0129802699896157,0.0924195223260643,0.0013391723252966,-1.0,not_observed
B~C,SAS,B*27:05,C*15:05,0.0,0.0129802699896157,0.0145379023883696,0.0001940080341498,-1.0,not_observed
B~C,SAS,B*27:05,C*16:02,0.0,0.0129802699896157,0.0249221183800623,0.0003361271098278,-1.0,not_observed
B~C,SAS,B*35:01,C*01:02,0.0,0.0508826583592938,0.0311526479750778,0.0017238103949284,-1.0,not_observed
B~C,SAS,B*35:01,C*02:02,0.0,0.0508826583592938,0.0134994807892004,0.0007336174133364,-1.0,not_observed
B~C,SAS,B*35:01,C*03:02,0.0,0.0508826583592938,0.0446521287642783,0.0025057083055846,-1.0,not_observed
B~C,SAS,B*35:01,C*03:03,,0.0508826583592938,0.014018691588785,0.0010679539116298,0.0634573304157549,suppressed_lt20
B~C,SAS,B*35:01,C*03:04,,0.0508826583592938,0.0145379023883696,0.0001289504951975,0.0216473898093154,suppressed_lt20
B~C,SAS,B*35:01,C*04:01,91.0,0.0508826583592938,0.1282450674974039,0.3071489565262663,0.91806347315579,estimated
B~C,SAS,B*35:01,C*04:03,0.0,0.0508826583592938,0.0124610591900311,0.0006764732275366,-1.0,not_observed
B~C,SAS,B*35:01,C*06:02,,0.0508826583592938,0.1282450674974039,0.0066815997517673,-0.9204329505081386,suppressed_lt20
B~C,SAS,B*35:01,C*07:01,0.0,0.0508826583592938,0.0404984423676012,0.0022627809826934,-1.0,not_observed
B~C,SAS,B*35:01,C*07:02,0.0,0.0508826583592938,0.0996884735202492,0.0059361110900789,-1.0,not_observed
B~C,SAS,B*35:01,C*07:04,0.0,0.0508826583592938,0.0171339563862928,0.0009345729573772,-1.0,not_observed
B~C,SAS,B*35:01,C*07:06,0.0,0.0508826583592938,0.0825545171339563,0.0048240351001029,-1.0,not_observed
B~C,SAS,B*35:01,C*08:01,0.0,0.0508826583592938,0.0327102803738317,0.001812915569932,-1.0,not_observed
B~C,SAS,B*35:01,C*12:02,0.0,0.0508826583592938,0.087227414330218,0.0051231880269751,-1.0,not_observed
B~C,SAS,B*35:01,C*12:03,0.0,0.0508826583592938,0.0550363447559709,0.0031223699713852,-1.0,not_observed
B~C,SAS,B*35:01,C*14:02,0.0,0.0508826583592938,0.0316718587746625,0.0017534802682138,-1.0,not_observed
B~C,SAS,B*35:01,C*15:02,,0.0508826583592938,0.0924195223260643,0.0043202392414923,-0.8895895436826416,suppressed_lt20
B~C,SAS,B*35:01,C*15:05,0.0,0.0508826583592938,0.0145379023883696,0.000790882029454,-1.0,not_observed
B~C,SAS,B*35:01,C*16:02,0.0,0.0508826583592938,0.0249221183800623,0.0013702365056172,-1.0,not_observed
B~C,SAS,B*35:03,C*01:02,,0.0809968847352024,0.0311526479750778,0.0017876576799406,-0.7942307692307693,suppressed_lt20
B~C,SAS,B*35:03,C*02:02,0.0,0.0809968847352024,0.0134994807892004,0.0012060660124888,-1.0,not_observed
B~C,SAS,B*35:03,C*03:02,,0.0809968847352024,0.0446521287642783,0.0020934615846014,-0.7128801431127013,suppressed_lt20
B~C,SAS,B*35:03,C*03:03,,0.0809968847352024,0.014018691588785,0.0003691185392526,-0.5427350427350427,suppressed_lt20
B~C,SAS,B*35:03,C*03:04,0.0,0.0809968847352024,0.0145379023883696,0.0013002089621546,-1.0,not_observed
B~C,SAS,B*35:03,C*04:01,96.0,0.0809968847352024,0.1282450674974039,0.1870781323642394,0.5588033169927155,estimated
B~C,SAS,B*35:03,C*04:03,0.0,0.0809968847352024,0.0124610591900311,0.0011121210500989,-1.0,not_observed
B~C,SAS,B*35:03,C*06:02,,0.0809968847352024,0.1282450674974039,0.0117019715156462,-0.9500155714730611,suppressed_lt20
B~C,SAS,B*35:03,C*07:01,,0.0809968847352024,0.0404984423676012,0.002635573357542,-0.8417159763313609,suppressed_lt20
B~C,SAS,B*35:03,C*07:02,,0.0809968847352024,0.0996884735202492,0.0085442520007849,-0.9356971153846154,suppressed_lt20
B~C,SAS,B*35:03,C*07:04,0.0,0.0809968847352024,0.0171339563862928,0.001536436648849,-1.0,not_observed
B~C,SAS,B*35:03,C*07:06,0.0,0.0809968847352024,0.0825545171339563,0.0079307070300135,-1.0,not_observed
B~C,SAS,B*35:03,C*08:01,0.0,0.0809968847352024,0.0327102803738317,0.0029804306886104,-1.0,not_observed
B~C,SAS,B*35:03,C*12:02,,0.0809968847352024,0.087227414330218,0.0072300764978065,-0.926510989010989,suppressed_lt20
B~C,SAS,B*35:03,C*12:03,49.0,0.0809968847352024,0.0550363447559709,0.1137386892338185,0.4148704828909498,estimated
B~C,SAS,B*35:03,C*14:02,,0.0809968847352024,0.0316718587746625,0.0018339057657396,-0.7976040353089534,suppressed_lt20
B~C,SAS,B*35:03,C*15:02,,0.0809968847352024,0.0924195223260643,0.0077730766264049,-0.9306395851339672,suppressed_lt20
B~C,SAS,B*35:03,C*15:05,,0.0809968847352024,0.0145379023883696,0.0004063864463303,-0.5590659340659341,suppressed_lt20
B~C,SAS,B*35:03,C*16:02,0.0,0.0809968847352024,0.0249221183800623,0.0022526669193696,-1.0,not_observed
B~C,SAS,B*37:01,C*01:02,0.0,0.023883696780893,0.0311526479750778,0.0007867551481152,-1.0,not_observed
B~C,SAS,B*37:01,C*02:02,0.0,0.023883696780893,0.0134994807892004,0.0003348264277715,-1.0,not_observed
B~C,SAS,B*37:01,C*03:02,,0.023883696780893,0.0446521287642783,0.0003011342271929,-0.51314459049545,suppressed_lt20
B~C,SAS,B*37:01,C*03:03,0.0,0.023883696780893,0.014018691588785,0.0003478874659675,-1.0,not_observed
B~C,SAS,B*37:01,C*03:04,0.0,0.023883696780893,0.0145379023883696,0.000360962267112,-1.0,not_observed
B~C,SAS,B*37:01,C*04:01,,0.023883696780893,0.1282450674974039,0.0024826330583204,-0.8304875902129908,suppressed_lt20
B~C,SAS,B*37:01,C*04:03,0.0,0.023883696780893,0.0124610591900311,0.0003087455533928,-1.0,not_observed
B~C,SAS,B*37:01,C*06:02,40.0,0.023883696780893,0.1282450674974039,0.1202753164876661,0.8503767770670949,estimated
B~C,SAS,B*37:01,C*07:01,,0.023883696780893,0.0404984423676012,0.0002215898116684,-0.4632107023411371,suppressed_lt20
B~C,SAS,B*37:01,C*07:02,0.0,0.023883696780893,0.0996884735202492,0.002709268939115,-1.0,not_observed
B~C,SAS,B*37:01,C*07:04,,0.023883696780893,0.0171339563862928,3.0813433324168375e-05,0.0065764023210831,suppressed_lt20
B~C,SAS,B*37:01,C*07:06,0.0,0.023883696780893,0.0825545171339563,0.0022017122421702,-1.0,not_observed
B~C,SAS,B*37:01,C*08:01,0.0,0.023883696780893,0.0327102803738317,0.0008274231678486,-1.0,not_observed
B~C,SAS,B*37:01,C*12:02,0.0,0.023883696780893,0.087227414330218,0.002338247040883,-1.0,not_observed
B~C,SAS,B*37:01,C*12:03,,0.023883696780893,0.0550363447559709,0.000521616232196,-0.6050041017227236,suppressed_lt20
B~C,SAS,B*37:01,C*14:02,0.0,0.023883696780893,0.0316718587746625,0.0008002966174205,-1.0,not_observed
B~C,SAS,B*37:01,C*15:02,,0.023883696780893,0.0924195223260643,0.0014573001681384,-0.7647777234978017,suppressed_lt20
B~C,SAS,B*37:01,C*15:05,0.0,0.023883696780893,0.0145379023883696,0.000360962267112,-1.0,not_observed
B~C,SAS,B*37:01,C*16:02,0.0,0.023883696780893,0.0249221183800623,0.0006253823669363,-1.0,not_observed
B~C,SAS,B*40:01,C*01:02,0.0,0.0166147455867082,0.0311526479750778,0.0005432623583698,-1.0,not_observed
B~C,SAS,B*40:01,C*02:02,0.0,0.0166147455867082,0.0134994807892004,0.0002312010226199,-1.0,not_observed
B~C,SAS,B*40:01,C*03:02,0.0,0.0166147455867082,0.0446521287642783,0.0007896790780955,-1.0,not_observed
B~C,SAS,B*40:01,C*03:03,0.0,0.0166147455867082,0.014018691588785,0.000240219801118,-1.0,not_observed
B~C,SAS,B*40:01,C*03:04,,0.0166147455867082,0.0145379023883696,0.354102806449167,0.636823050233821,suppressed_lt20
B~C,SAS,B*40:01,C*04:01,0.0,0.0166147455867082,0.1282450674974039,0.0024855142693801,-1.0,not_observed
B~C,SAS,B*40:01,C*04:03,0.0,0.0166147455867082,0.0124610591900311,0.000213191916029,-1.0,not_observed
B~C,SAS,B*40:01,C*06:02,0.0,0.0166147455867082,0.1282450674974039,0.0024855142693801,-1.0,not_observed
B~C,SAS,B*40:01,C*07:01,0.0,0.0166147455867082,0.0404984423676012,0.0007131200373016,-1.0,not_observed
B~C,SAS,B*40:01,C*07:02,,0.0166147455867082,0.0996884735202492,0.0008817244340395,-0.6865234375,suppressed_lt20
B~C,SAS,B*40:01,C*07:04,0.0,0.0166147455867082,0.0171339563862928,0.0002945325717881,-1.0,not_observed
B~C,SAS,B*40:01,C*07:06,0.0,0.0166147455867082,0.0825545171339563,0.001520304491173,-1.0,not_observed
B~C,SAS,B*40:01,C*08:01,0.0,0.0166147455867082,0.0327102803738317,0.0005713440358314,-1.0,not_observed
B~C,SAS,B*40:01,C*12:02,0.0,0.0166147455867082,0.087227414330218,0.001614583145626,-1.0,not_observed
B~C,SAS,B*40:01,C*12:03,,0.0166147455867082,0.0550363447559709,0.0400726535759771,0.371668956043956,suppressed_lt20
B~C,SAS,B*40:01,C*14:02,0.0,0.0166147455867082,0.0316718587746625,0.0005526128793905,-1.0,not_observed
B~C,SAS,B*40:01,C*15:02,0.0,0.0166147455867082,0.0924195223260643,0.0017204758372217,-1.0,not_observed
B~C,SAS,B*40:01,C*15:05,0.0,0.0166147455867082,0.0145379023883696,0.0002492480830708,-1.0,not_observed
B~C,SAS,B*40:01,C*16:02,0.0,0.0166147455867082,0.0249221183800623,0.0004318328267169,-1.0,not_observed
B~C,SAS,B*40:06,C*01:02,,0.087227414330218,0.0311526479750778,0.0067663742570873,0.1418088737201365,suppressed_lt20
B~C,SAS,B*40:06,C*02:02,0.0,0.087227414330218,0.0134994807892004,0.0013077061253817,-1.0,not_observed
B~C,SAS,B*40:06,C*03:02,,0.087227414330218,0.0446521287642783,0.0033550807110788,-0.8666943521594684,suppressed_lt20
B~C,SAS,B*40:06,C*03:03,,0.087227414330218,0.014018691588785,0.0004498462798771,-0.5753968253968255,suppressed_lt20
B~C,SAS,B*40:06,C*03:04,0.0,0.087227414330218,0.0145379023883696,0.0014097828862427,-1.0,not_observed
B~C,SAS,B*40:06,C*04:01,,0.087227414330218,0.1282450674974039,0.0115695302950712,-0.9071717755928282,suppressed_lt20
B~C,SAS,B*40:06,C*04:03,0.0,0.087227414330218,0.0124610591900311,0.0012058440369935,-1.0,not_observed
B~C,SAS,B*40:06,C*06:02,,0.087227414330218,0.1282450674974039,0.0115695302950712,-0.9071717755928282,suppressed_lt20
B~C,SAS,B*40:06,C*07:01,,0.087227414330218,0.0404984423676012,0.0029349687976577,-0.8530219780219781,suppressed_lt20
B~C,SAS,B*40:06,C*07:02,,0.087227414330218,0.0996884735202492,0.0082050368079373,-0.8805803571428572,suppressed_lt20
B~C,SAS,B*40:06,C*07:04,0.0,0.087227414330218,0.0171339563862928,0.0016659184457197,-1.0,not_observed
B~C,SAS,B*40:06,C*07:06,0.0,0.087227414330218,0.0825545171339563,0.0085990601296812,-1.0,not_observed
B~C,SAS,B*40:06,C*08:01,,0.087227414330218,0.0327102803738317,0.0021624875019118,-0.8180272108843536,suppressed_lt20
B~C,SAS,B*40:06,C*12:02,,0.087227414330218,0.087227414330218,5.085014005369208e-06,0.0022549975621648,suppressed_lt20
B~C,SAS,B*40:06,C*12:03,,0.087227414330218,0.0550363447559709,0.0044269536774918,-0.8918463611859839,suppressed_lt20
B~C,SAS,B*40:06,C*14:02,,0.087227414330218,0.0316718587746625,0.0012175311647653,-0.6241217798594848,suppressed_lt20
B~C,SAS,B*40:06,C*15:02,122.0,0.087227414330218,0.0924195223260643,0.4576212768951178,0.6983082706766918,estimated
B~C,SAS,B*40:06,C*15:05,,0.087227414330218,0.0145379023883696,0.0004916794882681,-0.5905612244897959,suppressed_lt20
B~C,SAS,B*40:06,C*16:02,,0.087227414330218,0.0249221183800623,0.0014151054071652,-0.7611607142857143,suppressed_lt20
B~C,SAS,B*44:03,C*01:02,,0.092938733125649,0.0311526479750778,0.0022188976315286,-0.8206703910614526,suppressed_lt20
B~C,SAS,B*44:03,C*02:02,0.0,0.092938733125649,0.0134994807892004,0.0014021028530111,-1.0,not_observed
B~C,SAS,B*44:03,C*03:02,0.0,0.092938733125649,0.0446521287642783,0.0047889549787212,-1.0,not_observed
B~C,SAS,B*44:03,C*03:03,0.0,0.092938733125649,0.014018691588785,0.0014567966208829,-1.0,not_observed
B~C,SAS,B*44:03,C*03:04,0.0,0.092938733125649,0.0145379023883696,0.0015115480218082,-1.0,not_observed
B~C,SAS,B*44:03,C*04:01,,0.092938733125649,0.1282450674974039,0.003433305819213,-0.4772578200981612,suppressed_lt20
B~C,SAS,B*44:03,C*04:03,0.0,0.092938733125649,0.0124610591900311,0.001292887852813,-1.0,not_observed
B~C,SAS,B*44:03,C*06:02,,0.092938733125649,0.1282450674974039,0.0137885997777434,-0.9564381516748468,suppressed_lt20
B~C,SAS,B*44:03,C*07:01,0.0,0.092938733125649,0.0404984423676012,0.0043246678907812,-1.0,not_observed
B~C,SAS,B*44:03,C*07:02,,0.092938733125649,0.0996884735202492,0.0101092510569709,-0.9439594972067038,suppressed_lt20
B~C,SAS,B*44:03,C*07:04,0.0,0.092938733125649,0.0171339563862928,0.0017861727190011,-1.0,not_observed
B~C,SAS,B*44:03,C*07:06,157.0,0.092938733125649,0.0825545171339563,0.8540259107004543,0.9861325614800576,estimated
B~C,SAS,B*44:03,C*08:01,0.0,0.092938733125649,0.0327102803738317,0.0034648769871885,-1.0,not_observed
B~C,SAS,B*44:03,C*12:02,,0.092938733125649,0.087227414330218,0.0085774713916963,-0.935953711093376,suppressed_lt20
B~C,SAS,B*44:03,C*12:03,,0.092938733125649,0.0550363447559709,0.0048175217514226,-0.8984926741857279,suppressed_lt20
B~C,SAS,B*44:03,C*14:02,0.0,0.092938733125649,0.0316718587746625,0.0033512831648586,-1.0,not_observed
B~C,SAS,B*44:03,C*15:02,,0.092938733125649,0.0924195223260643,0.0092104356733315,-0.9395518172117256,suppressed_lt20
B~C,SAS,B*44:03,C*15:05,0.0,0.092938733125649,0.0145379023883696,0.0015115480218082,-1.0,not_observed
B~C,SAS,B*44:03,C*16:02,0.0,0.092938733125649,0.0249221183800623,0.0026188207625669,-1.0,not_observed
B~C,SAS,B*50:01,C*01:02,0.0,0.0166147455867082,0.0311526479750778,0.0005432623583698,-1.0,not_observed
B~C,SAS,B*50:01,C*02:02,0.0,0.0166147455867082,0.0134994807892004,0.0002312010226199,-1.0,not_observed
B~C,SAS,B*50:01,C*03:02,0.0,0.0166147455867082,0.0446521287642783,0.0007896790780955,-1.0,not_observed
B~C,SAS,B*50:01,C*03:03,0.0,0.0166147455867082,0.014018691588785,0.000240219801118,-1.0,not_observed
B~C,SAS,B*50:01,C*03:04,0.0,0.0166147455867082,0.0145379023883696,0.0002492480830708,-1.0,not_observed
B~C,SAS,B*50:01,C*04:01,0.0,0.0166147455867082,0.1282450674974039,0.0024855142693801,-1.0,not_observed
B~C,SAS,B*50:01,C*04:03,0.0,0.0166147455867082,0.0124610591900311,0.000213191916029,-1.0,not_observed
B~C,SAS,B*50:01,C*06:02,31.0,0.0166147455867082,0.1282450674974039,0.106761693149755,0.9641527695056582,estimated
B~C,SAS,B*50:01,C*07:01,0.0,0.0166147455867082,0.0404984423676012,0.0007131200373016,-1.0,not_observed
B~C,SAS,B*50:01,C*07:02,,0.0166147455867082,0.0996884735202492,0.0008817244340395,-0.6865234375,suppressed_lt20
B~C,SAS,B*50:01,C*07:04,0.0,0.0166147455867082,0.0171339563862928,0.0002945325717881,-1.0,not_observed
B~C,SAS,B*50:01,C*07:06,0.0,0.0166147455867082,0.0825545171339563,0.001520304491173,-1.0,not_observed
B~C,SAS,B*50:01,C*08:01,0.0,0.0166147455867082,0.0327102803738317,0.0005713440358314,-1.0,not_observed
B~C,SAS,B*50:01,C*12:02,0.0,0.0166147455867082,0.087227414330218,0.001614583145626,-1.0,not_observed
B~C,SAS,B*50:01,C*12:03,0.0,0.0166147455867082,0.0550363447559709,0.0009840212585724,-1.0,not_observed
B~C,SAS,B*50:01,C*14:02,0.0,0.0166147455867082,0.0316718587746625,0.0005526128793905,-1.0,not_observed
B~C,SAS,B*50:01,C*15:02,0.0,0.0166147455867082,0.0924195223260643,0.0017204758372217,-1.0,not_observed
B~C,SAS,B*50:01,C*15:05,0.0,0.0166147455867082,0.0145379023883696,0.0002492480830708,-1.0,not_observed
B~C,SAS,B*50:01,C*16:02,0.0,0.0166147455867082,0.0249221183800623,0.0004318328267169,-1.0,not_observed
B~C,SAS,B*51:01,C*01:02,,0.063343717549325,0.0311526479750778,9.649604057821468e-05,-0.2106557377049179,suppressed_lt20
B~C,SAS,B*51:01,C*02:02,,0.063343717549325,0.0134994807892004,0.0001427949247242,-0.3928121059268599,suppressed_lt20
B~C,SAS,B*51:01,C*03:02,0.0,0.063343717549325,0.0446521287642783,0.0031608502843921,-1.0,not_observed
B~C,SAS,B*51:01,C*03:03,,0.063343717549325,0.014018691588785,2.7592007861511436e-05,0.0114560236511456,suppressed_lt20
B~C,SAS,B*51:01,C*03:04,0.0,0.063343717549325,0.0145379023883696,0.0009976658823969,-1.0,not_observed
B~C,SAS,B*51:01,C*04:01,,0.063343717549325,0.1282450674974039,0.006499319956671,-0.8082564545032189,suppressed_lt20
B~C,SAS,B*51:01,C*04:03,0.0,0.063343717549325,0.0124610591900311,0.0008533437786342,-1.0,not_observed
B~C,SAS,B*51:01,C*06:02,,0.063343717549325,0.1282450674974039,0.0087176730408532,-0.9360854848344063,suppressed_lt20
B~C,SAS,B*51:01,C*07:01,0.0,0.063343717549325,0.0404984423676012,0.0028544072335646,-1.0,not_observed
B~C,SAS,B*51:01,C*07:02,,0.063343717549325,0.0996884735202492,0.0025967716287187,-0.5888831967213114,suppressed_lt20
B~C,SAS,B*51:01,C*07:04,,0.063343717549325,0.0171339563862928,0.000320758129146,-0.5216095380029806,suppressed_lt20
B~C,SAS,B*51:01,C*07:06,0.0,0.063343717549325,0.0825545171339563,0.00608532632633,-1.0,not_observed
B~C,SAS,B*51:01,C*08:01,0.0,0.063343717549325,0.0327102803738317,0.0022869201024026,-1.0,not_observed
B~C,SAS,B*51:01,C*12:02,,0.063343717549325,0.087227414330218,0.0053051698295904,-0.9060304449648712,suppressed_lt20
B~C,SAS,B*51:01,C*12:03,0.0,0.063343717549325,0.0550363447559709,0.0039387441826466,-1.0,not_observed
B~C,SAS,B*51:01,C*14:02,36.0,0.063343717549325,0.0316718587746625,0.1530002238186085,0.5624477481734579,estimated
B~C,SAS,B*51:01,C*15:02,25.0,0.063343717549325,0.0924195223260643,0.0102039418932291,0.1239543084368083,estimated
B~C,SAS,B*51:01,C*15:05,0.0,0.063343717549325,0.0145379023883696,0.0009976658823969,-1.0,not_observed
B~C,SAS,B*51:01,C*16:02,42.0,0.063343717549325,0.0249221183800623,0.2837959283321234,0.8665465631929047,estimated
B~C,SAS,B*51:06,C*01:02,0.0,0.0103842159916926,0.0311526479750778,0.0003374012679539,-1.0,not_observed
B~C,SAS,B*51:06,C*02:02,0.0,0.0103842159916926,0.0134994807892004,0.0001435908764566,-1.0,not_observed
B~C,SAS,B*51:06,C*03:02,0.0,0.0103842159916926,0.0446521287642783,0.0004904420822117,-1.0,not_observed
B~C,SAS,B*51:06,C*03:03,0.0,0.0103842159916926,0.014018691588785,0.000149192124645,-1.0,not_observed
B~C,SAS,B*51:06,C*03:04,0.0,0.0103842159916926,0.0145379023883696,0.0001547992750971,-1.0,not_observed
B~C,SAS,B*51:06,C*04:01,0.0,0.0103842159916926,0.1282450674974039,0.0015436660631578,-1.0,not_observed
B~C,SAS,B*51:06,C*04:03,0.0,0.0103842159916926,0.0124610591900311,0.0001324060496324,-1.0,not_observed
B~C,SAS,B*51:06,C*06:02,0.0,0.0103842159916926,0.1282450674974039,0.0015436660631578,-1.0,not_observed
B~C,SAS,B*51:06,C*07:01,0.0,0.0103842159916926,0.0404984423676012,0.0004428939371226,-1.0,not_observed
B~C,SAS,B*51:06,C*07:02,0.0,0.0103842159916926,0.0996884735202492,0.0011618745393348,-1.0,not_observed
B~C,SAS,B*51:06,C*07:04,0.0,0.0103842159916926,0.0171339563862928,0.0001829238886958,-1.0,not_observed
B~C,SAS,B*51:06,C*07:06,0.0,0.0103842159916926,0.0825545171339563,0.0009442079965509,-1.0,not_observed
B~C,SAS,B*51:06,C*08:01,0.0,0.0103842159916926,0.0327102803738317,0.0003548418165873,-1.0,not_observed
B~C,SAS,B*51:06,C*12:02,0.0,0.0103842159916926,0.087227414330218,0.0010027611745198,-1.0,not_observed
B~C,SAS,B*51:06,C*12:03,0.0,0.0103842159916926,0.0550363447559709,0.0006111412197456,-1.0,not_observed
B~C,SAS,B*51:06,C*14:02,,0.0103842159916926,0.0316718587746625,0.1765455418422274,0.741823056300268,suppressed_lt20
B~C,SAS,B*51:06,C*15:02,0.0,0.0103842159916926,0.0924195223260643,0.001068527425137,-1.0,not_observed
B~C,SAS,B*51:06,C*15:05,0.0,0.0103842159916926,0.0145379023883696,0.0001547992750971,-1.0,not_observed
B~C,SAS,B*51:06,C*16:02,0.0,0.0103842159916926,0.0249221183800623,0.0002681962794471,-1.0,not_observed
B~C,SAS,B*52:01,C*01:02,,0.0835929387331256,0.0311526479750778,0.0018800736382099,-0.8006211180124223,suppressed_lt20
B~C,SAS,B*52:01,C*02:02,0.0,0.0835929387331256,0.0134994807892004,0.001248248099001,-1.0,not_observed
B~C,SAS,B*52:01,C*03:02,0.0,0.0835929387331256,0.0446521287642783,0.0042634560906515,-1.0,not_observed
B~C,SAS,B*52:01,C*03:03,0.0,0.0835929387331256,0.014018691588785,0.0012969402413973,-1.0,not_observed
B~C,SAS,B*52:01,C*03:04,,0.0835929387331256,0.0145379023883696,0.0004414562305513,-0.572759538598048,suppressed_lt20
B~C,SAS,B*52:01,C*04:01,,0.0835929387331256,0.1282450674974039,0.0109454471010836,-0.9031357658359948,suppressed_lt20
B~C,SAS,B*52:01,C*04:03,0.0,0.0835929387331256,0.0124610591900311,0.0011510174171812,-1.0,not_observed
B~C,SAS,B*52:01,C*06:02,,0.0835929387331256,0.1282450674974039,0.0109454471010836,-0.9031357658359948,suppressed_lt20
B~C,SAS,B*52:01,C*07:01,0.0,0.0835929387331256,0.0404984423676012,0.0038501158897759,-1.0,not_observed
B~C,SAS,B*52:01,C*07:02,,0.0835929387331256,0.0996884735202492,0.0014350929941831,-0.3769409937888198,suppressed_lt20
B~C,SAS,B*52:01,C*07:04,0.0,0.0835929387331256,0.0171339563862928,0.0015901734285701,-1.0,not_observed
B~C,SAS,B*52:01,C*07:06,0.0,0.0835929387331256,0.0825545171339563,0.0082080830331334,-1.0,not_observed
B~C,SAS,B*52:01,C*08:01,0.0,0.0835929387331256,0.0327102803738317,0.0030846710733396,-1.0,not_observed
B~C,SAS,B*52:01,C*12:02,143.0,0.0835929387331256,0.087227414330218,0.7350206430375538,0.8775146800076314,estimated
B~C,SAS,B*52:01,C*12:03,0.0,0.0835929387331256,0.0550363447559709,0.0053127042928742,-1.0,not_observed
B~C,SAS,B*52:01,C*14:02,,0.0835929387331256,0.0316718587746625,0.001928079831592,-0.8038896242745137,suppressed_lt20
B~C,SAS,B*52:01,C*15:02,0.0,0.0835929387331256,0.0924195223260643,0.0092888027434024,-1.0,not_observed
B~C,SAS,B*52:01,C*15:05,0.0,0.0835929387331256,0.0145379023883696,0.0013456836926897,-1.0,not_observed
B~C,SAS,B*52:01,C*16:02,0.0,0.0835929387331256,0.0249221183800623,0.0023314538098815,-1.0,not_observed
B~C,SAS,B*55:01,C*01:02,27.0,0.0150571131879543,0.0311526479750778,0.4101581193056794,0.9288169420113096,estimated
B~C,SAS,B*55:01,C*02:02,0.0,0.0150571131879543,0.0134994807892004,0.0002091945731487,-1.0,not_observed
B~C,SAS,B*55:01,C*03:02,0.0,0.0150571131879543,0.0446521287642783,0.0007145149091242,-1.0,not_observed
B~C,SAS,B*55:01,C*03:03,,0.0150571131879543,0.014018691588785,0.0033391791438984,0.0599191706202776,suppressed_lt20
B~C,SAS,B*55:01,C*03:04,0.0,0.0150571131879543,0.0145379023883696,0.0002255238569245,-1.0,not_observed
B~C,SAS,B*55:01,C*04:01,0.0,0.0150571131879543,0.1282450674974039,0.002248935107406,-1.0,not_observed
B~C,SAS,B*55:01,C*04:03,0.0,0.0150571131879543,0.0124610591900311,0.0001928996306637,-1.0,not_observed
B~C,SAS,B*55:01,C*06:02,0.0,0.0150571131879543,0.1282450674974039,0.002248935107406,-1.0,not_observed
B~C,SAS,B*55:01,C*07:01,0.0,0.0150571131879543,0.0404984423676012,0.0006452430015951,-1.0,not_observed
B~C,SAS,B*55:01,C*07:02,0.0,0.0150571131879543,0.0996884735202492,0.0016927109458934,-1.0,not_observed
B~C,SAS,B*55:01,C*07:04,0.0,0.0150571131879543,0.0171339563862928,0.000266498023821,-1.0,not_observed
B~C,SAS,B*55:01,C*07:06,0.0,0.0150571131879543,0.0825545171339563,0.0013755970690922,-1.0,not_observed
B~C,SAS,B*55:01,C*08:01,0.0,0.0150571131879543,0.0327102803738317,0.000516961691356,-1.0,not_observed
B~C,SAS,B*55:01,C*12:02,0.0,0.0150571131879543,0.087227414330218,0.0014609019810334,-1.0,not_observed
B~C,SAS,B*55:01,C*12:03,0.0,0.0150571131879543,0.0550363447559709,0.0008903589820827,-1.0,not_observed
B~C,SAS,B*55:01,C*14:02,0.0,0.0150571131879543,0.0316718587746625,0.0005000134260247,-1.0,not_observed
B~C,SAS,B*55:01,C*15:02,0.0,0.0150571131879543,0.0924195223260643,0.0015567154690834,-1.0,not_observed
B~C,SAS,B*55:01,C*15:05,0.0,0.0150571131879543,0.0145379023883696,0.0002255238569245,-1.0,not_observed
B~C,SAS,B*55:01,C*16:02,0.0,0.0150571131879543,0.0249221183800623,0.0003907296033252,-1.0,not_observed
B~C,SAS,B*57:01,C*01:02,0.0,0.0700934579439252,0.0311526479750778,0.0024236940328652,-1.0,not_observed
B~C,SAS,B*57:01,C*02:02,0.0,0.0700934579439252,0.0134994807892004,0.0010314731552499,-1.0,not_observed
B~C,SAS,B*57:01,C*03:02,0.0,0.0700934579439252,0.0446521287642783,0.0035230500327725,-1.0,not_observed
B~C,SAS,B*57:01,C*03:03,0.0,0.0700934579439252,0.014018691588785,0.0010717092571864,-1.0,not_observed
B~C,SAS,B*57:01,C*03:04,0.0,0.0700934579439252,0.0145379023883696,0.0011119877575443,-1.0,not_observed
B~C,SAS,B*57:01,C*04:01,0.0,0.0700934579439252,0.1282450674974039,0.0110887971722818,-1.0,not_observed
B~C,SAS,B*57:01,C*04:03,0.0,0.0700934579439252,0.0124610591900311,0.0009511278791433,-1.0,not_observed
B~C,SAS,B*57:01,C*06:02,131.0,0.0700934579439252,0.1282450674974039,0.4781416015978534,0.96601151479055,estimated
B~C,SAS,B*57:01,C*07:01,,0.0700934579439252,0.0404984423676012,0.0021240996115367,-0.817094017094017,suppressed_lt20
B~C,SAS,B*57:01,C*07:02,0.0,0.0700934579439252,0.0996884735202492,0.008346229416981,-1.0,not_observed
B~C,SAS,B*57:01,C*07:04,0.0,0.0700934579439252,0.0171339563862928,0.0013140185873901,-1.0,not_observed
B~C,SAS,B*57:01,C*07:06,0.0,0.0700934579439252,0.0825545171339563,0.0067826398546211,-1.0,not_observed
B~C,SAS,B*57:01,C*08:01,0.0,0.0700934579439252,0.0327102803738317,0.0025489767678974,-1.0,not_observed
B~C,SAS,B*57:01,C*12:02,0.0,0.0700934579439252,0.087227414330218,0.0072032517536487,-1.0,not_observed
B~C,SAS,B*57:01,C*12:03,0.0,0.0700934579439252,0.0550363447559709,0.0043900822795295,-1.0,not_observed
B~C,SAS,B*57:01,C*14:02,0.0,0.0700934579439252,0.0316718587746625,0.0024654101607231,-1.0,not_observed
B~C,SAS,B*57:01,C*15:02,0.0,0.0700934579439252,0.0924195223260643,0.0076756781619769,-1.0,not_observed
B~C,SAS,B*57:01,C*15:05,0.0,0.0700934579439252,0.0145379023883696,0.0011119877575443,-1.0,not_observed
B~C,SAS,B*57:01,C*16:02,0.0,0.0700934579439252,0.0249221183800623,0.0019265657360283,-1.0,not_observed
B~C,SAS,B*58:01,C*01:02,0.0,0.0430944963655244,0.0311526479750778,0.0014480793756858,-1.0,not_observed
B~C,SAS,B*58:01,C*02:02,0.0,0.0430944963655244,0.0134994807892004,0.0006162720964103,-1.0,not_observed
B~C,SAS,B*58:01,C*03:02,78.0,0.0430944963655244,0.0446521287642783,0.8458607352067561,0.9369434258774226,estimated
B~C,SAS,B*58:01,C*03:03,0.0,0.0430944963655244,0.014018691588785,0.0006403118755994,-1.0,not_observed
B~C,SAS,B*58:01,C*03:04,0.0,0.0430944963655244,0.0145379023883696,0.0006643769864843,-1.0,not_observed
B~C,SAS,B*58:01,C*04:01,,0.0430944963655244,0.1282450674974039,0.0054388435686757,-0.9060533632505732,suppressed_lt20
B~C,SAS,B*58:01,C*04:03,0.0,0.0430944963655244,0.0124610591900311,0.0005682683732975,-1.0,not_observed
B~C,SAS,B*58:01,C*06:02,0.0,0.0430944963655244,0.1282450674974039,0.0066252003217428,-1.0,not_observed
B~C,SAS,B*58:01,C*07:01,0.0,0.0430944963655244,0.0404984423676012,0.0019008392584084,-1.0,not_observed
B~C,SAS,B*58:01,C*07:02,0.0,0.0430944963655244,0.0996884735202492,0.0049866041338497,-1.0,not_observed
B~C,SAS,B*58:01,C*07:04,0.0,0.0430944963655244,0.0171339563862928,0.0007850839214296,-1.0,not_observed
B~C,SAS,B*58:01,C*07:06,,0.0430944963655244,0.0825545171339563,0.002955886800297,-0.8540577403955444,suppressed_lt20
B~C,SAS,B*58:01,C*08:01,0.0,0.0430944963655244,0.0327102803738317,0.001522931787859,-1.0,not_observed
B~C,SAS,B*58:01,C*12:02,0.0,0.0430944963655244,0.087227414330218,0.0043037116735401,-1.0,not_observed
B~C,SAS,B*58:01,C*12:03,0.0,0.0430944963655244,0.0550363447559709,0.0026229332252121,-1.0,not_observed
B~C,SAS,B*58:01,C*14:02,0.0,0.0430944963655244,0.0316718587746625,0.0014730034228491,-1.0,not_observed
B~C,SAS,B*58:01,C*15:02,0.0,0.0430944963655244,0.0924195223260643,0.0045859712859964,-1.0,not_observed
B~C,SAS,B*58:01,C*15:05,0.0,0.0430944963655244,0.0145379023883696,0.0006643769864843,-1.0,not_observed
B~C,SAS,B*58:01,C*16:02,0.0,0.0430944963655244,0.0249221183800623,0.0011510611778614,-1.0,not_observed
DPA1~DPB1,AFR,DPA1*01:03,DPB1*01:01,,0.383859649122807,0.3059649122807018,0.2659695685620475,-0.9840665514985828,suppressed_lt20
DPA1~DPB1,AFR,DPA1*01:03,DPB1*02:01,560.0,0.383859649122807,0.1340350877192982,0.230482722530609,0.9631778554305954,estimated
DPA1~DPB1,AFR,DPA1*01:03,DPB1*03:01,100.0,0.383859649122807,0.023391812865497,0.0384459599995621,1.0,estimated
DPA1~DPB1,AFR,DPA1*01:03,DPB1*04:01,331.0,0.383859649122807,0.0860818713450292,0.1058699828672756,0.8368172476973357,estimated
DPA1~DPB1,AFR,DPA1*01:03,DPB1*04:02,77.0,0.383859649122807,0.0180116959064327,0.0294411981678399,1.0,estimated
DPA1~DPB1,AFR,DPA1*01:03,DPB1*104:01,113.0,0.383859649122807,0.0266666666666666,0.0427326118191693,0.985763097949886,estimated
DPA1~DPB1,AFR,DPA1*01:03,DPB1*105:01,32.0,0.383859649122807,0.1029239766081871,0.04695973168727,-0.8105368123649659,estimated
DPA1~DPB1,AFR,DPA1*01:03,DPB1*11:01,,0.383859649122807,0.0278362573099415,0.0170662487998511,-0.978108245126204,suppressed_lt20
DPA1~DPB1,AFR,DPA1*01:03,DPB1*131:01,,0.383859649122807,0.0215204678362573,0.0100969418015027,-0.8584174548922979,suppressed_lt20
DPA1~DPB1,AFR,DPA1*01:03,DPB1*13:01,,0.383859649122807,0.0378947368421052,0.0222280481228861,-0.9517570587040424,suppressed_lt20
DPA1~DPB1,AFR,DPA1*01:03,DPB1*17:01,,0.383859649122807,0.047485380116959,0.0209009145694469,-0.820336632415054,suppressed_lt20
DPA1~DPB1,AFR,DPA1*01:03,DPB1*18:01,312.0,0.383859649122807,0.0743859649122807,0.121214308241071,0.969377229552585,estimated
DPA1~DPB1,AFR,DPA1*01:03,DPB1*40:01,0.0,0.383859649122807,0.0145029239766081,0.00916838919777,-1.0,not_observed
DPA1~DPB1,AFR,DPA1*01:03,DPB1*584:01,,0.383859649122807,0.0070175438596491,8.832708269926754e-06,-0.0447897623400364,suppressed_lt20
DPA1~DPB1,AFR,DPA1*01:03,DPB1*665:01,0.0,0.383859649122807,0.007485380116959,0.0046986138766946,-1.0,not_observed
DPA1~DPB1,AFR,DPA1*01:03,DPB1*85:01,0.0,0.383859649122807,0.0142690058479532,0.0090183713470555,-1.0,not_observed
DPA1~DPB1,AFR,DPA1*02:01,DPB1*01:01,682.0,0.3099415204678362,0.3059649122807018,0.0921727164029961,0.3064453428704711,estimated
DPA1~DPB1,AFR,DPA1*02:01,DPB1*02:01,,0.3099415204678362,0.1340350877192982,0.064902303946978,-0.9662155487503704,suppressed_lt20
DPA1~DPB1,AFR,DPA1*02:01,DPB1*03:01,0.0,0.3099415204678362,0.023391812865497,0.0107581447274941,-1.0,not_observed
DPA1~DPB1,AFR,DPA1*02:01,DPB1*04:01,0.0,0.3099415204678362,0.0860818713450292,0.0423056400289788,-1.0,not_observed
DPA1~DPB1,AFR,DPA1*02:01,DPB1*04:02,0.0,0.3099415204678362,0.0180116959064327,0.0082383863179399,-1.0,not_observed
DPA1~DPB1,AFR,DPA1*02:01,DPB1*104:01,0.0,0.3099415204678362,0.0266666666666666,0.0123055491061063,-1.0,not_observed
DPA1~DPB1,AFR,DPA1*02:01,DPB1*105:01,,0.3099415204678362,0.1029239766081871,0.0507795149542126,-0.9926672384219556,suppressed_lt20
DPA1~DPB1,AFR,DPA1*02:01,DPB1*11:01,117.0,0.3099415204678362,0.0278362573099415,0.0606821217002947,0.97564449508617,estimated
DPA1~DPB1,AFR,DPA1*02:01,DPB1*131:01,87.0,0.3099415204678362,0.0215204678362573,0.0415578705282663,0.9212417096536476,estimated
DPA1~DPB1,AFR,DPA1*02:01,DPB1*13:01,158.0,0.3099415204678362,0.0378947368421052,0.0815292265952464,0.9642184557438792,estimated
DPA1~DPB1,AFR,DPA1*02:01,DPB1*17:01,188.0,0.3099415204678362,0.047485380116959,0.0884951106878811,0.8929197628788512,estimated
DPA1~DPB1,AFR,DPA1*02:01,DPB1*18:01,,0.3099415204678362,0.0743859649122807,0.0353669210090253,-0.9898540405838376,suppressed_lt20
DPA1~DPB1,AFR,DPA1*02:01,DPB1*40:01,0.0,0.3099415204678362,0.0145029239766081,0.0066098878773127,-1.0,not_observed
DPA1~DPB1,AFR,DPA1*02:01,DPB1*584:01,0.0,0.3099415204678362,0.0070175438596491,0.0031742229142959,-1.0,not_observed
DPA1~DPB1,AFR,DPA1*02:01,DPB1*665:01,0.0,0.3099415204678362,0.007485380116959,0.0033874337393193,-1.0,not_observed
DPA1~DPB1,AFR,DPA1*02:01,DPB1*85:01,,0.3099415204678362,0.0142690058479532,0.0058321425367304,-0.9471079492731208,suppressed_lt20
DPA1~DPB1,AFR,DPA1*02:02,DPB1*01:01,610.0,0.1469005847953216,0.3059649122807018,0.3590052019559037,0.9587017704301456,estimated
DPA1~DPB1,AFR,DPA1*02:02,DPB1*02:01,,0.1469005847953216,0.1340350877192982,0.0247867772803478,-0.9643595558075166,suppressed_lt20
DPA1~DPB1,AFR,DPA1*02:02,DPB1*03:01,0.0,0.1469005847953216,0.023391812865497,0.0041244628921482,-1.0,not_observed
DPA1~DPB1,AFR,DPA1*02:02,DPB1*04:01,,0.1469005847953216,0.0860818713450292,0.0156246579741239,-0.9815018346718362,suppressed_lt20
DPA1~DPB1,AFR,DPA1*02:02,DPB1*04:02,0.0,0.1469005847953216,0.0180116959064327,0.0031584366561537,-1.0,not_observed
DPA1~DPB1,AFR,DPA1*02:02,DPB1*104:01,0.0,0.1469005847953216,0.0266666666666666,0.0047177075547175,-1.0,not_observed
DPA1~DPB1,AFR,DPA1*02:02,DPB1*105:01,0.0,0.1469005847953216,0.1029239766081871,0.0197565536711247,-1.0,not_observed
DPA1~DPB1,AFR,DPA1*02:02,DPB1*11:01,,0.1469005847953216,0.0278362573099415,0.0043825853975312,-0.9427955895734088,suppressed_lt20
DPA1~DPB1,AFR,DPA1*02:02,DPB1*131:01,0.0,0.1469005847953216,0.0215204678362573,0.0037872488569785,-1.0,not_observed
DPA1~DPB1,AFR,DPA1*02:02,DPB1*13:01,0.0,0.1469005847953216,0.0378947368421052,0.0067823498106114,-1.0,not_observed
DPA1~DPB1,AFR,DPA1*02:02,DPB1*17:01,0.0,0.1469005847953216,0.047485380116959,0.0085844435478092,-1.0,not_observed
DPA1~DPB1,AFR,DPA1*02:02,DPB1*18:01,,0.1469005847953216,0.0743859649122807,0.0132522445716373,-0.978593318110804,suppressed_lt20
DPA1~DPB1,AFR,DPA1*02:02,DPB1*40:01,0.0,0.1469005847953216,0.0145029239766081,0.0025341021116367,-1.0,not_observed
DPA1~DPB1,AFR,DPA1*02:02,DPB1*584:01,0.0,0.1469005847953216,0.0070175438596491,0.001216935164291,-1.0,not_observed
DPA1~DPB1,AFR,DPA1*02:02,DPB1*665:01,0.0,0.1469005847953216,0.007485380116959,0.0012986760367452,-1.0,not_observed
DPA1~DPB1,AFR,DPA1*02:02,DPB1*85:01,0.0,0.1469005847953216,0.0142690058479532,0.0024926378430418,-1.0,not_observed
DPA1~DPB1,AFR,DPA1*02:12,DPB1*01:01,,0.0147368421052631,0.3059649122807018,0.0059274831631225,-0.9481214504150284,suppressed_lt20
DPA1~DPB1,AFR,DPA1*02:12,DPB1*02:01,0.0,0.0147368421052631,0.1340350877192982,0.0023151034091066,-1.0,not_observed
DPA1~DPB1,AFR,DPA1*02:12,DPB1*03:01,0.0,0.0147368421052631,0.023391812865497,0.0003582578432877,-1.0,not_observed
DPA1~DPB1,AFR,DPA1*02:12,DPB1*04:01,0.0,0.0147368421052631,0.0860818713450292,0.0014088235229776,-1.0,not_observed
DPA1~DPB1,AFR,DPA1*02:12,DPB1*04:02,0.0,0.0147368421052631,0.0180116959064327,0.000274347165724,-1.0,not_observed
DPA1~DPB1,AFR,DPA1*02:12,DPB1*104:01,0.0,0.0147368421052631,0.0266666666666666,0.0004097880810209,-1.0,not_observed
DPA1~DPB1,AFR,DPA1*02:12,DPB1*105:01,0.0,0.0147368421052631,0.1029239766081871,0.0017160877656314,-1.0,not_observed
DPA1~DPB1,AFR,DPA1*02:12,DPB1*11:01,0.0,0.0147368421052631,0.0278362573099415,0.0004282758734154,-1.0,not_observed
DPA1~DPB1,AFR,DPA1*02:12,DPB1*131:01,0.0,0.0147368421052631,0.0215204678362573,0.0003289668601645,-1.0,not_observed
DPA1~DPB1,AFR,DPA1*02:12,DPB1*13:01,0.0,0.0147368421052631,0.0378947368421052,0.0005891264096953,-1.0,not_observed
DPA1~DPB1,AFR,DPA1*02:12,DPB1*17:01,0.0,0.0147368421052631,0.047485380116959,0.0007456593286652,-1.0,not_observed
DPA1~DPB1,AFR,DPA1*02:12,DPB1*18:01,0.0,0.0147368421052631,0.0743859649122807,0.0012020243256027,-1.0,not_observed
DPA1~DPB1,AFR,DPA1*02:12,DPB1*40:01,0.0,0.0147368421052631,0.0145029239766081,0.0002201164081059,-1.0,not_observed
DPA1~DPB1,AFR,DPA1*02:12,DPB1*584:01,0.0,0.0147368421052631,0.0070175438596491,0.0001057050527015,-1.0,not_observed
DPA1~DPB1,AFR,DPA1*02:12,DPB1*665:01,0.0,0.0147368421052631,0.007485380116959,0.0001128052035428,-1.0,not_observed
DPA1~DPB1,AFR,DPA1*02:12,DPB1*85:01,60.0,0.0147368421052631,0.0142690058479532,0.935856782010703,0.983361356312176,estimated
DPA1~DPB1,AFR,DPA1*03:01,DPB1*01:01,,0.1043274853801169,0.3059649122807018,0.0506000697126995,-0.992671864072078,suppressed_lt20
DPA1~DPB1,AFR,DPA1*03:01,DPB1*02:01,,0.1043274853801169,0.1340350877192982,0.0162647122961952,-0.9498156974150682,suppressed_lt20
DPA1~DPB1,AFR,DPA1*03:01,DPB1*03:01,0.0,0.1043274853801169,0.023391812865497,0.0027899281093076,-1.0,not_observed
DPA1~DPB1,AFR,DPA1*03:01,DPB1*04:01,25.0,0.1043274853801169,0.0860818713450292,0.0013350116065259,-0.3488313998830182,estimated
DPA1~DPB1,AFR,DPA1*03:01,DPB1*04:02,0.0,0.1043274853801169,0.0180116959064327,0.0021364748426385,-1.0,not_observed
DPA1~DPB1,AFR,DPA1*03:01,DPB1*104:01,0.0,0.1043274853801169,0.0266666666666666,0.0031912191387285,-1.0,not_observed
DPA1~DPB1,AFR,DPA1*03:01,DPB1*105:01,404.0,0.1043274853801169,0.1029239766081871,0.8132661214852813,0.9086516773902512,estimated
DPA1~DPB1,AFR,DPA1*03:01,DPB1*11:01,0.0,0.1043274853801169,0.0278362573099415,0.0033351925719604,-1.0,not_observed
DPA1~DPB1,AFR,DPA1*03:01,DPB1*131:01,0.0,0.1043274853801169,0.0215204678362573,0.0025618249743845,-1.0,not_observed
DPA1~DPB1,AFR,DPA1*03:01,DPB1*13:01,0.0,0.1043274853801169,0.0378947368421052,0.0045878139478001,-1.0,not_observed
DPA1~DPB1,AFR,DPA1*03:01,DPB1*17:01,0.0,0.1043274853801169,0.047485380116959,0.0058068119372321,-1.0,not_observed
DPA1~DPB1,AFR,DPA1*03:01,DPB1*18:01,,0.1043274853801169,0.0743859649122807,0.0077443723336528,-0.909573567983755,suppressed_lt20
DPA1~DPB1,AFR,DPA1*03:01,DPB1*40:01,0.0,0.1043274853801169,0.0145029239766081,0.0017141535511376,-1.0,not_observed
DPA1~DPB1,AFR,DPA1*03:01,DPB1*584:01,0.0,0.1043274853801169,0.0070175438596491,0.0008231766682939,-1.0,not_observed
DPA1~DPB1,AFR,DPA1*03:01,DPB1*665:01,0.0,0.1043274853801169,0.007485380116959,0.0008784689969443,-1.0,not_observed
DPA1~DPB1,AFR,DPA1*03:01,DPB1*85:01,0.0,0.1043274853801169,0.0142690058479532,0.001686105698239,-1.0,not_observed
DPA1~DPB1,AFR,DPA1*03:05,DPB1*01:01,0.0,0.0182456140350877,0.3059649122807018,0.0081930542616385,-1.0,not_observed
DPA1~DPB1,AFR,DPA1*03:05,DPB1*02:01,0.0,0.0182456140350877,0.1340350877192982,0.0028765626755855,-1.0,not_observed
DPA1~DPB1,AFR,DPA1*03:05,DPB1*03:01,0.0,0.0182456140350877,0.023391812865497,0.0004451425954381,-1.0,not_observed
DPA1~DPB1,AFR,DPA1*03:05,DPB1*04:01,0.0,0.0182456140350877,0.0860818713450292,0.0017504916397009,-1.0,not_observed
DPA1~DPB1,AFR,DPA1*03:05,DPB1*04:02,0.0,0.0182456140350877,0.0180116959064327,0.0003408818862993,-1.0,not_observed
DPA1~DPB1,AFR,DPA1*03:05,DPB1*104:01,0.0,0.0182456140350877,0.0266666666666666,0.0005091699550559,-1.0,not_observed
DPA1~DPB1,AFR,DPA1*03:05,DPB1*105:01,0.0,0.0182456140350877,0.1029239766081871,0.0021322736579396,-1.0,not_observed
DPA1~DPB1,AFR,DPA1*03:05,DPB1*11:01,0.0,0.0182456140350877,0.0278362573099415,0.000532141409958,-1.0,not_observed
DPA1~DPB1,AFR,DPA1*03:05,DPB1*131:01,0.0,0.0182456140350877,0.0215204678362573,0.0004087479581826,-1.0,not_observed
DPA1~DPB1,AFR,DPA1*03:05,DPB1*13:01,0.0,0.0182456140350877,0.0378947368421052,0.0007320014452336,-1.0,not_observed
DPA1~DPB1,AFR,DPA1*03:05,DPB1*17:01,0.0,0.0182456140350877,0.047485380116959,0.0009264967539261,-1.0,not_observed
DPA1~DPB1,AFR,DPA1*03:05,DPB1*18:01,0.0,0.0182456140350877,0.0743859649122807,0.0014935394663468,-1.0,not_observed
DPA1~DPB1,AFR,DPA1*03:05,DPB1*40:01,60.0,0.0182456140350877,0.0145029239766081,0.7406712198284333,0.9671424289238856,estimated
DPA1~DPB1,AFR,DPA1*03:05,DPB1*584:01,,0.0182456140350877,0.0070175438596491,0.1335246839809664,0.5925661186561829,suppressed_lt20
DPA1~DPB1,AFR,DPA1*03:05,DPB1*665:01,0.0,0.0182456140350877,0.007485380116959,0.0001401627403972,-1.0,not_observed
DPA1~DPB1,AFR,DPA1*03:05,DPB1*85:01,0.0,0.0182456140350877,0.0142690058479532,0.0002690239451666,-1.0,not_observed
DPA1~DPB1,AFR,DPA1*04:02,DPB1*01:01,0.0,0.007485380116959,0.3059649122807018,0.0033248123895015,-1.0,not_observed
DPA1~DPB1,AFR,DPA1*04:02,DPB1*02:01,0.0,0.007485380116959,0.1340350877192982,0.001167334051203,-1.0,not_observed
DPA1~DPB1,AFR,DPA1*04:02,DPB1*03:01,0.0,0.007485380116959,0.023391812865497,0.0001806427211567,-1.0,not_observed
DPA1~DPB1,AFR,DPA1*04:02,DPB1*04:01,0.0,0.007485380116959,0.0860818713450292,0.0007103646705536,-1.0,not_observed
DPA1~DPB1,AFR,DPA1*04:02,DPB1*04:02,0.0,0.007485380116959,0.0180116959064327,0.0001383328222579,-1.0,not_observed
DPA1~DPB1,AFR,DPA1*04:02,DPB1*104:01,0.0,0.007485380116959,0.0266666666666666,0.0002066255783094,-1.0,not_observed
DPA1~DPB1,AFR,DPA1*04:02,DPB1*105:01,0.0,0.007485380116959,0.1029239766081871,0.0008652951206389,-1.0,not_observed
DPA1~DPB1,AFR,DPA1*04:02,DPB1*11:01,0.0,0.007485380116959,0.0278362573099415,0.0002159475936927,-1.0,not_observed
DPA1~DPB1,AFR,DPA1*04:02,DPB1*131:01,0.0,0.007485380116959,0.0215204678362573,0.0001658734620997,-1.0,not_observed
DPA1~DPB1,AFR,DPA1*04:02,DPB1*13:01,0.0,0.007485380116959,0.0378947368421052,0.0002970525272414,-1.0,not_observed
DPA1~DPB1,AFR,DPA1*04:02,DPB1*17:01,0.0,0.007485380116959,0.047485380116959,0.0003759804082721,-1.0,not_observed
DPA1~DPB1,AFR,DPA1*04:02,DPB1*18:01,0.0,0.007485380116959,0.0743859649122807,0.0006060912528274,-1.0,not_observed
DPA1~DPB1,AFR,DPA1*04:02,DPB1*40:01,0.0,0.007485380116959,0.0145029239766081,0.0001109882942592,-1.0,not_observed
DPA1~DPB1,AFR,DPA1*04:02,DPB1*584:01,0.0,0.007485380116959,0.0070175438596491,5.329917744378812e-05,-1.0,not_observed
DPA1~DPB1,AFR,DPA1*04:02,DPB1*665:01,32.0,0.007485380116959,0.007485380116959,1.0,1.0,estimated
DPA1~DPB1,AFR,DPA1*04:02,DPB1*85:01,0.0,0.007485380116959,0.0142690058479532,0.0001091722472961,-1.0,not_observed
DPA1~DPB1,AMR,DPA1*01:03,DPB1*01:01,0.0,0.7535836177474403,0.0532423208191126,0.1719808191217619,-1.0,not_observed
DPA1~DPB1,AMR,DPA1*01:03,DPB1*02:01,309.0,0.7535836177474403,0.1075085324232082,0.0335350866994702,0.922701490568526,estimated
DPA1~DPB1,AMR,DPA1*01:03,DPB1*02:02,22.0,0.7535836177474403,0.0078498293515358,0.001754724944269,0.8235577502107669,estimated
DPA1~DPB1,AMR,DPA1*01:03,DPB1*03:01,144.0,0.7535836177474403,0.0491467576791808,0.0169012765691813,1.0,estimated
DPA1~DPB1,AMR,DPA1*01:03,DPB1*04:01,668.0,0.7535836177474403,0.2337883959044368,0.0806878715894868,0.8992862486604523,estimated
DPA1~DPB1,AMR,DPA1*01:03,DPB1*04:02,863.0,0.7535836177474403,0.295221843003413,0.1344143648253545,0.990616943941844,estimated
DPA1~DPB1,AMR,DPA1*01:03,DPB1*05:01,,0.7535836177474403,0.0177474402730375,0.047118814447088,-0.9234427257525084,suppressed_lt20
DPA1~DPB1,AMR,DPA1*01:03,DPB1*06:01,25.0,0.7535836177474403,0.0085324232081911,0.0028140512359999,1.0000000000000002,estimated
DPA1~DPB1,AMR,DPA1*01:03,DPB1*104:01,73.0,0.7535836177474403,0.0252559726962457,0.0075687152500337,0.945159841281725,estimated
DPA1~DPB1,AMR,DPA1*01:03,DPB1*105:01,,0.7535836177474403,0.0187713310580204,0.0380991552333498,-0.8069828722002635,suppressed_lt20
DPA1~DPB1,AMR,DPA1*01:03,DPB1*10:01,,0.7535836177474403,0.0184300341296928,0.049266262581285,-0.9262781803542672,suppressed_lt20
DPA1~DPB1,AMR,DPA1*01:03,DPB1*11:01,0.0,0.7535836177474403,0.0204778156996587,0.0639339040798401,-1.0,not_observed
DPA1~DPB1,AMR,DPA1*01:03,DPB1*13:01,,0.7535836177474403,0.0225255972696245,0.057017267027216,-0.8994702459376372,suppressed_lt20
DPA1~DPB1,AMR,DPA1*01:03,DPB1*14:01,0.0,0.7535836177474403,0.0334470989761092,0.1058265646274473,-1.0,not_observed
DPA1~DPB1,AMR,DPA1*01:03,DPB1*17:01,0.0,0.7535836177474403,0.0317406143344709,0.1002502545996366,-1.0,not_observed
DPA1~DPB1,AMR,DPA1*01:03,DPB1*18:01,23.0,0.7535836177474403,0.0078498293515358,0.0025871459694989,1.0,estimated
DPA1~DPB1,AMR,DPA1*02:01,DPB1*01:01,87.0,0.1737201365187713,0.0532423208191126,0.0577617456179282,0.4646999015028754,estimated
DPA1~DPB1,AMR,DPA1*02:01,DPB1*02:01,,0.1737201365187713,0.1075085324232082,0.0217585761761354,-0.9269030467458758,suppressed_lt20
DPA1~DPB1,AMR,DPA1*02:01,DPB1*02:02,0.0,0.1737201365187713,0.0078498293515358,0.0016634348544377,-1.0,not_observed
DPA1~DPB1,AMR,DPA1*02:01,DPB1*03:01,0.0,0.1737201365187713,0.0491467576791808,0.0108668675293621,-1.0,not_observed
DPA1~DPB1,AMR,DPA1*02:01,DPB1*04:01,,0.1737201365187713,0.2337883959044368,0.060956349796821,-0.974789554443377,suppressed_lt20
DPA1~DPB1,AMR,DPA1*02:01,DPB1*04:02,0.0,0.1737201365187713,0.295221843003413,0.0880681846594517,-1.0,not_observed
DPA1~DPB1,AMR,DPA1*02:01,DPB1*05:01,,0.1737201365187713,0.0177474402730375,5.207693866456623e-08,-0.0037025842526825,suppressed_lt20
DPA1~DPB1,AMR,DPA1*02:01,DPB1*06:01,0.0,0.1737201365187713,0.0085324232081911,0.0018093261699657,-1.0,not_observed
DPA1~DPB1,AMR,DPA1*02:01,DPB1*104:01,0.0,0.1737201365187713,0.0252559726962457,0.0054474908509459,-1.0,not_observed
DPA1~DPB1,AMR,DPA1*02:01,DPB1*105:01,0.0,0.1737201365187713,0.0187713310580204,0.0040220534094786,-1.0,not_observed
DPA1~DPB1,AMR,DPA1*02:01,DPB1*10:01,51.0,0.1737201365187713,0.0184300341296928,0.0777008303531089,0.9327642388361098,estimated
DPA1~DPB1,AMR,DPA1*02:01,DPB1*11:01,60.0,0.1737201365187713,0.0204778156996587,0.0994366216465981,0.9999999999999998,estimated
DPA1~DPB1,AMR,DPA1*02:01,DPB1*13:01,60.0,0.1737201365187713,0.0225255972696245,0.0868173090230785,0.8899778453681799,estimated
DPA1~DPB1,AMR,DPA1*02:01,DPB1*14:01,98.0,0.1737201365187713,0.0334470989761092,0.1645924211647964,1.0,estimated
DPA1~DPB1,AMR,DPA1*02:01,DPB1*17:01,93.0,0.1737201365187713,0.0317406143344709,0.1559195669351046,1.0,estimated
DPA1~DPB1,AMR,DPA1*02:01,DPB1*18:01,0.0,0.1737201365187713,0.0078498293515358,0.0016634348544377,-1.0,not_observed
DPA1~DPB1,AMR,DPA1*02:02,DPB1*01:01,68.0,0.0399317406143344,0.0532423208191126,0.2299920968900882,0.5576445504347451,estimated
DPA1~DPB1,AMR,DPA1*02:02,DPB1*02:01,,0.0399317406143344,0.1075085324232082,0.0042452363257819,-0.9204992538325872,suppressed_lt20
DPA1~DPB1,AMR,DPA1*02:02,DPB1*02:02,0.0,0.0399317406143344,0.0078498293515358,0.0003290780641405,-1.0,not_observed
DPA1~DPB1,AMR,DPA1*02:02,DPB1*03:01,0.0,0.0399317406143344,0.0491467576791808,0.0021497972825888,-1.0,not_observed
DPA1~DPB1,AMR,DPA1*02:02,DPB1*04:01,,0.0399317406143344,0.2337883959044368,0.0084752746762596,-0.8172063135566785,suppressed_lt20
DPA1~DPB1,AMR,DPA1*02:02,DPB1*04:02,,0.0399317406143344,0.295221843003413,0.0164283651632327,-0.9710488612222716,suppressed_lt20
DPA1~DPB1,AMR,DPA1*02:02,DPB1*05:01,39.0,0.0399317406143344,0.0177474402730375,0.2376251480085881,0.739601848560256,estimated
DPA1~DPB1,AMR,DPA1*02:02,DPB1*06:01,0.0,0.0399317406143344,0.0085324232081911,0.000357939808597,-1.0,not_observed
DPA1~DPB1,AMR,DPA1*02:02,DPB1*104:01,0.0,0.0399317406143344,0.0252559726962457,0.0010776795609818,-1.0,not_observed
DPA1~DPB1,AMR,DPA1*02:02,DPB1*105:01,0.0,0.0399317406143344,0.0187713310580204,0.0007956846319108,-1.0,not_observed
DPA1~DPB1,AMR,DPA1*02:02,DPB1*10:01,0.0,0.0399317406143344,0.0184300341296928,0.0007809460052102,-1.0,not_observed
DPA1~DPB1,AMR,DPA1*02:02,DPB1*11:01,0.0,0.0399317406143344,0.0204778156996587,0.0008695318277137,-1.0,not_observed
DPA1~DPB1,AMR,DPA1*02:02,DPB1*13:01,,0.0399317406143344,0.0225255972696245,0.000369114474217,-0.6205646205646206,suppressed_lt20
DPA1~DPB1,AMR,DPA1*02:02,DPB1*14:01,0.0,0.0399317406143344,0.0334470989761092,0.0014392921484391,-1.0,not_observed
DPA1~DPB1,AMR,DPA1*02:02,DPB1*17:01,0.0,0.0399317406143344,0.0317406143344709,0.0013634516515984,-1.0,not_observed
DPA1~DPB1,AMR,DPA1*02:02,DPB1*18:01,0.0,0.0399317406143344,0.0078498293515358,0.0003290780641405,-1.0,not_observed
DPA1~DPB1,AMR,DPA1*03:01,DPB1*01:01,0.0,0.0177474402730375,0.0532423208191126,0.0010160865336969,-1.0,not_observed
DPA1~DPB1,AMR,DPA1*03:01,DPB1*02:01,0.0,0.0177474402730375,0.1075085324232082,0.0021764636319305,-1.0,not_observed
DPA1~DPB1,AMR,DPA1*03:01,DPB1*02:02,0.0,0.0177474402730375,0.0078498293515358,0.0001429536861133,-1.0,not_observed
DPA1~DPB1,AMR,DPA1*03:01,DPB1*03:01,0.0,0.0177474402730375,0.0491467576791808,0.0009338861487024,-1.0,not_observed
DPA1~DPB1,AMR,DPA1*03:01,DPB1*04:01,,0.0177474402730375,0.2337883959044368,0.0038482635185443,-0.8354856822010107,suppressed_lt20
DPA1~DPB1,AMR,DPA1*03:01,DPB1*04:02,,0.0177474402730375,0.295221843003413,0.0066145713212854,-0.9348599377501112,suppressed_lt20
DPA1~DPB1,AMR,DPA1*03:01,DPB1*05:01,0.0,0.0177474402730375,0.0177474402730375,0.0003264563405692,-1.0,not_observed
DPA1~DPB1,AMR,DPA1*03:01,DPB1*06:01,0.0,0.0177474402730375,0.0085324232081911,0.0001554914186678,-1.0,not_observed
DPA1~DPB1,AMR,DPA1*03:01,DPB1*104:01,0.0,0.0177474402730375,0.0252559726962457,0.0004681511242439,-1.0,not_observed
DPA1~DPB1,AMR,DPA1*03:01,DPB1*105:01,47.0,0.0177474402730375,0.0187713310580204,0.7684351633501103,0.9020066889632108,estimated
DPA1~DPB1,AMR,DPA1*03:01,DPB1*10:01,0.0,0.0177474402730375,0.0184300341296928,0.0003392481063479,-1.0,not_observed
DPA1~DPB1,AMR,DPA1*03:01,DPB1*11:01,0.0,0.0177474402730375,0.0204778156996587,0.000377730373154,-1.0,not_observed
DPA1~DPB1,AMR,DPA1*03:01,DPB1*13:01,0.0,0.0177474402730375,0.0225255972696245,0.0004163738785081,-1.0,not_observed
DPA1~DPB1,AMR,DPA1*03:01,DPB1*14:01,0.0,0.0177474402730375,0.0334470989761092,0.000625238022324,-1.0,not_observed
DPA1~DPB1,AMR,DPA1*03:01,DPB1*17:01,0.0,0.0177474402730375,0.0317406143344709,0.0005922924092265,-1.0,not_observed
DPA1~DPB1,AMR,DPA1*03:01,DPB1*18:01,0.0,0.0177474402730375,0.0078498293515358,0.0001429536861133,-1.0,not_observed
DPA1~DPB1,EAS,DPA1*01:03,DPB1*01:01,0.0,0.3106796116504854,0.0810468552131701,0.0397497525344996,-1.0,not_observed
DPA1~DPB1,EAS,DPA1*01:03,DPB1*02:01,277.0,0.3106796116504854,0.1380329252849303,0.2151593738125964,0.7781797820562518,estimated
DPA1~DPB1,EAS,DPA1*01:03,DPB1*02:02,,0.3106796116504854,0.0565639510341916,0.0146287788418715,-0.7357742537313432,suppressed_lt20
DPA1~DPB1,EAS,DPA1*01:03,DPB1*03:01,76.0,0.3106796116504854,0.0464330941325453,0.0328726068836051,0.5516005121638925,estimated
DPA1~DPB1,EAS,DPA1*01:03,DPB1*04:01,180.0,0.3106796116504854,0.0789362600253271,0.170058339518379,0.9456955637568728,estimated
DPA1~DPB1,EAS,DPA1*01:03,DPB1*04:02,86.0,0.3106796116504854,0.0379907133811734,0.0766861014460808,0.9355242566510172,estimated
DPA1~DPB1,EAS,DPA1*01:03,DPB1*05:01,,0.3106796116504854,0.3385394681300127,0.2037355909063594,-0.939798940149626,suppressed_lt20
DPA1~DPB1,EAS,DPA1*01:03,DPB1*09:01,0.0,0.3106796116504854,0.0206838328408611,0.0095191840699368,-1.0,not_observed
DPA1~DPB1,EAS,DPA1*01:03,DPB1*107:01,0.0,0.3106796116504854,0.0257492612916842,0.0119120267532404,-1.0,not_observed
DPA1~DPB1,EAS,DPA1*01:03,DPB1*135:01,0.0,0.3106796116504854,0.0278598564795272,0.0129164042002776,-1.0,not_observed
DPA1~DPB1,EAS,DPA1*01:03,DPB1*13:01,,0.3106796116504854,0.0455888560574081,0.0167015451267402,-0.880787037037037,suppressed_lt20
DPA1~DPB1,EAS,DPA1*01:03,DPB1*14:01,0.0,0.3106796116504854,0.0257492612916842,0.0119120267532404,-1.0,not_observed
DPA1~DPB1,EAS,DPA1*01:03,DPB1*17:01,0.0,0.3106796116504854,0.0143520472773322,0.0065627167717224,-1.0,not_observed
DPA1~DPB1,EAS,DPA1*01:03,DPB1*19:01,0.0,0.3106796116504854,0.009286618826509,0.004224752005857,-1.0,not_observed
DPA1~DPB1,EAS,DPA1*01:03,DPB1*21:01,44.0,0.3106796116504854,0.0185732376530181,0.0419892473118279,1.0,estimated
DPA1~DPB1,EAS,DPA1*02:01,DPB1*01:01,,0.1025749261291684,0.0810468552131701,0.004188170148918,-0.6445687585733881,suppressed_lt20
DPA1~DPB1,EAS,DPA1*02:01,DPB1*02:01,,0.1025749261291684,0.1380329252849303,0.0151758165103455,-0.9105598973081134,suppressed_lt20
DPA1~DPB1,EAS,DPA1*02:01,DPB1*02:02,,0.1025749261291684,0.0565639510341916,0.0058919720011275,-0.9272464836312264,suppressed_lt20
DPA1~DPB1,EAS,DPA1*02:01,DPB1*03:01,0.0,0.1025749261291684,0.0464330941325453,0.0055656958244163,-1.0,not_observed
DPA1~DPB1,EAS,DPA1*02:01,DPB1*04:01,0.0,0.1025749261291684,0.0789362600253271,0.0097955736363456,-1.0,not_observed
DPA1~DPB1,EAS,DPA1*02:01,DPB1*04:02,0.0,0.1025749261291684,0.0379907133811734,0.0045137884162195,-1.0,not_observed
DPA1~DPB1,EAS,DPA1*02:01,DPB1*05:01,,0.1025749261291684,0.3385394681300127,0.0379565575229992,-0.8055068091089149,suppressed_lt20
DPA1~DPB1,EAS,DPA1*02:01,DPB1*09:01,48.0,0.1025749261291684,0.0206838328408611,0.176475579950589,0.9772592009522528,estimated
DPA1~DPB1,EAS,DPA1*02:01,DPB1*107:01,0.0,0.1025749261291684,0.0257492612916842,0.0030209048326325,-1.0,not_observed
DPA1~DPB1,EAS,DPA1*02:01,DPB1*135:01,0.0,0.1025749261291684,0.0278598564795272,0.0032756162051297,-1.0,not_observed
DPA1~DPB1,EAS,DPA1*02:01,DPB1*13:01,71.0,0.1025749261291684,0.0455888560574081,0.1597377402940773,0.618249364133654,estimated
DPA1~DPB1,EAS,DPA1*02:01,DPB1*14:01,53.0,0.1025749261291684,0.0257492612916842,0.1685880559999308,0.8538624061193961,estimated
DPA1~DPB1,EAS,DPA1*02:01,DPB1*17:01,34.0,0.1025749261291684,0.0143520472773322,0.127394013094703,1.0,estimated
DPA1~DPB1,EAS,DPA1*02:01,DPB1*19:01,0.0,0.1025749261291684,0.009286618826509,0.0010714023747214,-1.0,not_observed
DPA1~DPB1,EAS,DPA1*02:01,DPB1*21:01,0.0,0.1025749261291684,0.0185732376530181,0.0021630807513731,-1.0,not_observed
DPA1~DPB1,EAS,DPA1*02:02,DPB1*01:01,185.0,0.5356690586745462,0.0810468552131701,0.0649153768075265,0.9214820075757576,estimated
DPA1~DPB1,EAS,DPA1*02:02,DPB1*02:01,45.0,0.5356690586745462,0.1380329252849303,0.1020123242649832,-0.7430975773743683,estimated
DPA1~DPB1,EAS,DPA1*02:02,DPB1*02:02,117.0,0.5356690586745462,0.0565639510341916,0.0274511948843013,0.7267774762550883,estimated
DPA1~DPB1,EAS,DPA1*02:02,DPB1*03:01,30.0,0.5356690586745462,0.0464330941325453,0.0135354121745114,-0.4908661078873845,estimated
DPA1~DPB1,EAS,DPA1*02:02,DPB1*04:01,,0.5356690586745462,0.0789362600253271,0.0969038620816763,-0.9900169825075958,suppressed_lt20
DPA1~DPB1,EAS,DPA1*02:02,DPB1*04:02,,0.5356690586745462,0.0379907133811734,0.0383119483876545,-0.9170300323964626,suppressed_lt20
DPA1~DPB1,EAS,DPA1*02:02,DPB1*05:01,764.0,0.5356690586745462,0.3385394681300127,0.3577238386493589,0.897957379279075,estimated
DPA1~DPB1,EAS,DPA1*02:02,DPB1*09:01,,0.5356690586745462,0.0206838328408611,0.0225443790120448,-0.9619015454881716,suppressed_lt20
DPA1~DPB1,EAS,DPA1*02:02,DPB1*107:01,0.0,0.5356690586745462,0.0257492612916842,0.0304903891602331,-1.0,not_observed
DPA1~DPB1,EAS,DPA1*02:02,DPB1*135:01,66.0,0.5356690586745462,0.0278598564795272,0.0248416855802227,1.0,estimated
DPA1~DPB1,EAS,DPA1*02:02,DPB1*13:01,33.0,0.5356690586745462,0.0455888560574081,0.010169116322916,-0.4295814727256807,estimated
DPA1~DPB1,EAS,DPA1*02:02,DPB1*14:01,,0.5356690586745462,0.0257492612916842,0.0173881388953862,-0.7551705873993979,suppressed_lt20
DPA1~DPB1,EAS,DPA1*02:02,DPB1*17:01,0.0,0.5356690586745462,0.0143520472773322,0.0167981312049834,-1.0,not_observed
DPA1~DPB1,EAS,DPA1*02:02,DPB1*19:01,,0.5356690586745462,0.009286618826509,0.0090564446030661,-0.915144351314564,suppressed_lt20
DPA1~DPB1,EAS,DPA1*02:02,DPB1*21:01,0.0,0.5356690586745462,0.0185732376530181,0.0218322580645161,-1.0,not_observed
DPA1~DPB1,EAS,DPA1*02:07,DPB1*01:01,0.0,0.0156184043900379,0.0810468552131701,0.0013993165725253,-1.0,not_observed
DPA1~DPB1,EAS,DPA1*02:07,DPB1*02:01,0.0,0.0156184043900379,0.1380329252849303,0.0025407690640629,-1.0,not_observed
DPA1~DPB1,EAS,DPA1*02:07,DPB1*02:02,,0.0156184043900379,0.0565639510341916,0.0018354711810473,0.0832819396577786,suppressed_lt20
DPA1~DPB1,EAS,DPA1*02:07,DPB1*03:01,0.0,0.0156184043900379,0.0464330941325453,0.0007725909778078,-1.0,not_observed
DPA1~DPB1,EAS,DPA1*02:07,DPB1*04:01,,0.0156184043900379,0.0789362600253271,0.0006892268567928,0.0610151856714643,suppressed_lt20
DPA1~DPB1,EAS,DPA1*02:07,DPB1*04:02,0.0,0.0156184043900379,0.0379907133811734,0.0006265725465639,-1.0,not_observed
DPA1~DPB1,EAS,DPA1*02:07,DPB1*05:01,,0.0156184043900379,0.3385394681300127,0.0022041713051452,-0.5209948102716183,suppressed_lt20
DPA1~DPB1,EAS,DPA1*02:07,DPB1*09:01,0.0,0.0156184043900379,0.0206838328408611,0.0003351052818359,-1.0,not_observed
DPA1~DPB1,EAS,DPA1*02:07,DPB1*107:01,0.0,0.0156184043900379,0.0257492612916842,0.0004193408860522,-1.0,not_observed
DPA1~DPB1,EAS,DPA1*02:07,DPB1*135:01,0.0,0.0156184043900379,0.0278598564795272,0.0004546981377858,-1.0,not_observed
DPA1~DPB1,EAS,DPA1*02:07,DPB1*13:01,0.0,0.0156184043900379,0.0455888560574081,0.0007578728882543,-1.0,not_observed
DPA1~DPB1,EAS,DPA1*02:07,DPB1*14:01,0.0,0.0156184043900379,0.0257492612916842,0.0004193408860522,-1.0,not_observed
DPA1~DPB1,EAS,DPA1*02:07,DPB1*17:01,0.0,0.0156184043900379,0.0143520472773322,0.0002310283147421,-1.0,not_observed
DPA1~DPB1,EAS,DPA1*02:07,DPB1*19:01,21.0,0.0156184043900379,0.009286618826509,0.5374934110301,0.953824263215344,estimated
DPA1~DPB1,EAS,DPA1*02:07,DPB1*21:01,0.0,0.0156184043900379,0.0185732376530181,0.0003002637451815,-1.0,not_observed
DPA1~DPB1,EAS,DPA1*04:01,DPB1*01:01,0.0,0.0312368087800759,0.0810468552131701,0.0028437527208096,-1.0,not_observed
DPA1~DPB1,EAS,DPA1*04:01,DPB1*02:01,0.0,0.0312368087800759,0.1380329252849303,0.0051634627079692,-1.0,not_observed
DPA1~DPB1,EAS,DPA1*04:01,DPB1*02:02,0.0,0.0312368087800759,0.0565639510341916,0.0019331978379221,-1.0,not_observed
DPA1~DPB1,EAS,DPA1*04:01,DPB1*03:01,0.0,0.0312368087800759,0.0464330941325453,0.0015700933858369,-1.0,not_observed
DPA1~DPB1,EAS,DPA1*04:01,DPB1*04:01,0.0,0.0312368087800759,0.0789362600253271,0.0027633499677496,-1.0,not_observed
DPA1~DPB1,EAS,DPA1*04:01,DPB1*04:02,0.0,0.0312368087800759,0.0379907133811734,0.0012733483037796,-1.0,not_observed
DPA1~DPB1,EAS,DPA1*04:01,DPB1*05:01,0.0,0.0312368087800759,0.3385394681300127,0.0165026770830292,-1.0,not_observed
DPA1~DPB1,EAS,DPA1*04:01,DPB1*09:01,0.0,0.0312368087800759,0.0206838328408611,0.0006810157012996,-1.0,not_observed
DPA1~DPB1,EAS,DPA1*04:01,DPB1*107:01,61.0,0.0312368087800759,0.0257492612916842,0.8196812497072462,1.0,estimated
DPA1~DPB1,EAS,DPA1*04:01,DPB1*135:01,0.0,0.0312368087800759,0.0278598564795272,0.0009240575662889,-1.0,not_observed
DPA1~DPB1,EAS,DPA1*04:01,DPB1*13:01,0.0,0.0312368087800759,0.0455888560574081,0.0015401826365221,-1.0,not_observed
DPA1~DPB1,EAS,DPA1*04:01,DPB1*14:01,0.0,0.0312368087800759,0.0257492612916842,0.0008522030032887,-1.0,not_observed
DPA1~DPB1,EAS,DPA1*04:01,DPB1*17:01,0.0,0.0312368087800759,0.0143520472773322,0.000469505908478,-1.0,not_observed
DPA1~DPB1,EAS,DPA1*04:01,DPB1*19:01,0.0,0.0312368087800759,0.009286618826509,0.0003022446492207,-1.0,not_observed
DPA1~DPB1,EAS,DPA1*04:01,DPB1*21:01,0.0,0.0312368087800759,0.0185732376530181,0.0006102091971794,-1.0,not_observed
DPA1~DPB1,EUR,DPA1*01:03,DPB1*01:01,,0.8132938187976291,0.0605419136325148,0.2759095682278522,-0.99140162284358,suppressed_lt20
DPA1~DPB1,EUR,DPA1*01:03,DPB1*02:01,326.0,0.8132938187976291,0.1435224386113463,0.0242895889301081,0.7946073217881057,estimated
DPA1~DPB1,EUR,DPA1*01:03,DPB1*03:01,206.0,0.8132938187976291,0.0880609652836579,0.0199435952268749,0.9484999127856268,estimated
DPA1~DPB1,EUR,DPA1*01:03,DPB1*04:01,965.0,0.8132938187976291,0.4106689246401355,0.1512607380742743,0.972391705823223,estimated
DPA1~DPB1,EUR,DPA1*01:03,DPB1*04:02,270.0,0.8132938187976291,0.1160033869602032,0.0255984815694385,0.921810086565039,estimated
DPA1~DPB1,EUR,DPA1*01:03,DPB1*05:01,,0.8132938187976291,0.0215918712955122,0.087083055883721,-0.9517816496718416,suppressed_lt20
DPA1~DPB1,EUR,DPA1*01:03,DPB1*06:01,43.0,0.8132938187976291,0.0182049110922946,0.0042567577123008,1.0,estimated
DPA1~DPB1,EUR,DPA1*01:03,DPB1*104:01,43.0,0.8132938187976291,0.0186282811176968,0.0033613138076299,0.8782725211296645,estimated
DPA1~DPB1,EUR,DPA1*01:03,DPB1*10:01,0.0,0.8132938187976291,0.016934801016088,0.0750389159396172,-1.0,not_observed
DPA1~DPB1,EUR,DPA1*01:03,DPB1*11:01,0.0,0.8132938187976291,0.0241320914479254,0.1077190963153156,-1.0,not_observed
DPA1~DPB1,EUR,DPA1*01:03,DPB1*13:01,,0.8132938187976291,0.0122777307366638,0.0373380249769887,-0.830404422983719,suppressed_lt20
DPA1~DPB1,EUR,DPA1*01:03,DPB1*14:01,0.0,0.8132938187976291,0.016934801016088,0.0750389159396172,-1.0,not_observed
DPA1~DPB1,EUR,DPA1*01:03,DPB1*17:01,0.0,0.8132938187976291,0.010584250635055,0.0465982998533887,-1.0,not_observed
DPA1~DPB1,EUR,DPA1*02:01,DPB1*01:01,122.0,0.1490262489415749,0.0605419136325148,0.2519381330909437,0.8274292871307796,estimated
DPA1~DPB1,EUR,DPA1*02:01,DPB1*02:01,,0.1490262489415749,0.1435224386113463,0.017957965104145,-0.7822640117994101,suppressed_lt20
DPA1~DPB1,EUR,DPA1*02:01,DPB1*03:01,0.0,0.1490262489415749,0.0880609652836579,0.0169108034571802,-1.0,not_observed
DPA1~DPB1,EUR,DPA1*02:01,DPB1*04:01,0.0,0.1490262489415749,0.4106689246401355,0.1220335106078801,-1.0,not_observed
DPA1~DPB1,EUR,DPA1*02:01,DPB1*04:02,0.0,0.1490262489415749,0.1160033869602032,0.0229808810354358,-1.0,not_observed
DPA1~DPB1,EUR,DPA1*02:01,DPB1*05:01,,0.1490262489415749,0.0215918712955122,0.004720353170279,0.1935420934542971,suppressed_lt20
DPA1~DPB1,EUR,DPA1*02:01,DPB1*06:01,0.0,0.1490262489415749,0.0182049110922946,0.0032472394388557,-1.0,not_observed
DPA1~DPB1,EUR,DPA1*02:01,DPB1*104:01,,0.1490262489415749,0.0186282811176968,0.0023875912071251,-0.8474948347107438,suppressed_lt20
DPA1~DPB1,EUR,DPA1*02:01,DPB1*10:01,39.0,0.1490262489415749,0.016934801016088,0.0926725969659376,0.9706218905472638,estimated
DPA1~DPB1,EUR,DPA1*02:01,DPB1*11:01,57.0,0.1490262489415749,0.0241320914479254,0.1412073555511733,1.0,estimated
DPA1~DPB1,EUR,DPA1*02:01,DPB1*13:01,25.0,0.1490262489415749,0.0122777307366638,0.0498351099739021,0.8379138788814549,estimated
DPA1~DPB1,EUR,DPA1*02:01,DPB1*14:01,40.0,0.1490262489415749,0.016934801016088,0.0983673948790227,1.0,estimated
DPA1~DPB1,EUR,DPA1*02:01,DPB1*17:01,25.0,0.1490262489415749,0.010584250635055,0.0610850157544637,1.0,estimated
DPA1~DPB1,EUR,DPA1*02:02,DPB1*01:01,20.0,0.0194750211685012,0.0605419136325148,0.0489088831423727,0.3983580539608519,estimated
DPA1~DPB1,EUR,DPA1*02:02,DPB1*02:01,,0.0194750211685012,0.1435224386113463,0.0016172126153379,-0.6970629729383095,suppressed_lt20
DPA1~DPB1,EUR,DPA1*02:02,DPB1*03:01,,0.0194750211685012,0.0880609652836579,0.0010878852661845,-0.7531354515050167,suppressed_lt20
DPA1~DPB1,EUR,DPA1*02:02,DPB1*04:01,,0.0194750211685012,0.4106689246401355,0.0097935995690437,-0.8411922904527117,suppressed_lt20
DPA1~DPB1,EUR,DPA1*02:02,DPB1*04:02,,0.0194750211685012,0.1160033869602032,0.0001634167410073,-0.2503966994604888,suppressed_lt20
DPA1~DPB1,EUR,DPA1*02:02,DPB1*05:01,,0.0194750211685012,0.0215918712955122,0.1000617186424739,0.3334336726054973,suppressed_lt20
DPA1~DPB1,EUR,DPA1*02:02,DPB1*06:01,0.0,0.0194750211685012,0.0182049110922946,0.0003682875040682,-1.0,not_observed
DPA1~DPB1,EUR,DPA1*02:02,DPB1*104:01,0.0,0.0194750211685012,0.0186282811176968,0.0003770149062454,-1.0,not_observed
DPA1~DPB1,EUR,DPA1*02:02,DPB1*10:01,0.0,0.0194750211685012,0.016934801016088,0.0003421504003903,-1.0,not_observed
DPA1~DPB1,EUR,DPA1*02:02,DPB1*11:01,0.0,0.0194750211685012,0.0241320914479254,0.0004911602396232,-1.0,not_observed
DPA1~DPB1,EUR,DPA1*02:02,DPB1*13:01,0.0,0.0194750211685012,0.0122777307366638,0.000246889452009,-1.0,not_observed
DPA1~DPB1,EUR,DPA1*02:02,DPB1*14:01,0.0,0.0194750211685012,0.016934801016088,0.0003421504003903,-1.0,not_observed
DPA1~DPB1,EUR,DPA1*02:02,DPB1*17:01,0.0,0.0194750211685012,0.010584250635055,0.0002124714456852,-1.0,not_observed
DPA1~DPB1,MID,DPA1*01:03,DPB1*02:01,116.0,0.775438596491228,0.2052631578947368,0.0692102659571607,0.9619391025641026,estimated
DPA1~DPB1,MID,DPA1*01:03,DPB1*04:01,176.0,0.775438596491228,0.3403508771929824,0.0514536883001552,0.5868234536082481,estimated
DPA1~DPB1,MID,DPA1*01:03,DPB1*04:02,74.0,0.775438596491228,0.1298245614035087,0.0432053714786162,1.0000000000000002,estimated
DPA1~DPB1,MID,DPA1*01:03,DPB1*104:01,35.0,0.775438596491228,0.0614035087719298,0.0189453207595043,1.0,estimated
DPA1~DPB1,MID,DPA1*01:03,DPB1*13:01,,0.775438596491228,0.0385964912280701,0.0482036471672917,-0.5896750308515014,suppressed_lt20
DPA1~DPB1,MID,DPA1*01:03,DPB1*17:01,,0.775438596491228,0.0543859649122807,0.1824227717254282,-0.9584002335425486,suppressed_lt20
DPA1~DPB1,MID,DPA1*02:01,DPB1*02:01,0.0,0.1719298245614035,0.2052631578947368,0.0536255471994612,-1.0,not_observed
DPA1~DPB1,MID,DPA1*02:01,DPB1*04:01,,0.1719298245614035,0.3403508771929824,0.0887227442151478,-0.9100568062276456,suppressed_lt20
DPA1~DPB1,MID,DPA1*02:01,DPB1*04:02,0.0,0.1719298245614035,0.1298245614035087,0.0309766265718972,-1.0,not_observed
DPA1~DPB1,MID,DPA1*02:01,DPB1*104:01,0.0,0.1719298245614035,0.0614035087719298,0.0135830825281165,-1.0,not_observed
DPA1~DPB1,MID,DPA1*02:01,DPB1*13:01,,0.1719298245614035,0.0385964912280701,0.0733118113969238,0.61575500770416,suppressed_lt20
DPA1~DPB1,MID,DPA1*02:01,DPB1*17:01,30.0,0.1719298245614035,0.0543859649122807,0.2558442458956049,0.9610442864953526,estimated
DPA1~DPB1,SAS,DPA1*01:03,DPB1*01:01,0.0,0.66993006993007,0.0237762237762237,0.0494330047107959,-1.0,not_observed
DPA1~DPB1,SAS,DPA1*01:03,DPB1*02:01,458.0,0.66993006993007,0.2153846153846154,0.1282467561251252,0.9737691686844232,estimated
DPA1~DPB1,SAS,DPA1*01:03,DPB1*03:01,55.0,0.66993006993007,0.0298368298368298,0.0049915845903457,0.5739539194915252,estimated
DPA1~DPB1,SAS,DPA1*01:03,DPB1*04:01,664.0,0.66993006993007,0.3655011655011655,0.0816228504288259,0.5362763749567623,estimated
DPA1~DPB1,SAS,DPA1*01:03,DPB1*04:02,143.0,0.66993006993007,0.0666666666666666,0.0351923650462272,1.0,estimated
DPA1~DPB1,SAS,DPA1*01:03,DPB1*09:01,0.0,0.66993006993007,0.0466200466200466,0.0992499274791761,-1.0,not_observed
DPA1~DPB1,SAS,DPA1*01:03,DPB1*104:01,42.0,0.66993006993007,0.0195804195804195,0.0098398053481605,1.0000000000000002,estimated
DPA1~DPB1,SAS,DPA1*01:03,DPB1*10:01,0.0,0.66993006993007,0.0093240093240093,0.0191026919242273,-1.0,not_observed
DPA1~DPB1,SAS,DPA1*01:03,DPB1*13:01,,0.66993006993007,0.0717948717948717,0.1509626400230772,-0.9806143751864002,suppressed_lt20
DPA1~DPB1,SAS,DPA1*01:03,DPB1*14:01,0.0,0.66993006993007,0.0405594405594405,0.0858019963433315,-1.0,not_observed
DPA1~DPB1,SAS,DPA1*01:03,DPB1*17:01,0.0,0.66993006993007,0.0167832167832167,0.0346457072594449,-1.0,not_observed
DPA1~DPB1,SAS,DPA1*01:03,DPB1*26:01,,0.66993006993007,0.0475524475524475,0.0617285239276331,-0.7804863072577675,suppressed_lt20
DPA1~DPB1,SAS,DPA1*02:01,DPB1*01:01,20.0,0.2167832167832167,0.0237762237762237,0.0044117868208996,0.2239145658263305,estimated
DPA1~DPB1,SAS,DPA1*02:01,DPB1*02:01,0.0,0.2167832167832167,0.2153846153846154,0.0759803921568627,-1.0,not_observed
DPA1~DPB1,SAS,DPA1*02:01,DPB1*03:01,,0.2167832167832167,0.0298368298368298,0.0062351025544923,-0.8558467741935484,suppressed_lt20
DPA1~DPB1,SAS,DPA1*02:01,DPB1*04:01,,0.2167832167832167,0.3655011655011655,0.15571117309054,-0.9882323897300856,suppressed_lt20
DPA1~DPB1,SAS,DPA1*02:01,DPB1*04:02,0.0,0.2167832167832167,0.0666666666666666,0.0197704081632653,-1.0,not_observed
DPA1~DPB1,SAS,DPA1*02:01,DPB1*09:01,100.0,0.2167832167832167,0.0466200466200466,0.1766700843915135,1.0,estimated
DPA1~DPB1,SAS,DPA1*02:01,DPB1*104:01,0.0,0.2167832167832167,0.0195804195804195,0.0055278174037089,-1.0,not_observed
DPA1~DPB1,SAS,DPA1*02:01,DPB1*10:01,20.0,0.2167832167832167,0.0093240093240093,0.0340037950664136,1.0,estimated
DPA1~DPB1,SAS,DPA1*02:01,DPB1*13:01,114.0,0.2167832167832167,0.0717948717948717,0.1248349633918796,0.6683673469387756,estimated
DPA1~DPB1,SAS,DPA1*02:01,DPB1*14:01,86.0,0.2167832167832167,0.0405594405594405,0.1482820562524647,0.985324302134647,estimated
DPA1~DPB1,SAS,DPA1*02:01,DPB1*17:01,36.0,0.2167832167832167,0.0167832167832167,0.0616711788188868,1.0,estimated
DPA1~DPB1,SAS,DPA1*02:01,DPB1*26:01,78.0,0.2167832167832167,0.0475524475524475,0.088280075423661,0.6995798319327731,estimated
DPA1~DPB1,SAS,DPA1*02:02,DPB1*01:01,31.0,0.0419580419580419,0.0237762237762237,0.1940216826929277,0.590668384141978,estimated
DPA1~DPB1,SAS,DPA1*02:02,DPB1*02:01,,0.0419580419580419,0.2153846153846154,0.0075726424660158,-0.7936507936507937,suppressed_lt20
DPA1~DPB1,SAS,DPA1*02:02,DPB1*03:01,,0.0419580419580419,0.0298368298368298,0.0020522620371312,0.0540602189781021,suppressed_lt20
DPA1~DPB1,SAS,DPA1*02:02,DPB1*04:01,0.0,0.0419580419580419,0.3655011655011655,0.0252283368283303,-1.0,not_observed
DPA1~DPB1,SAS,DPA1*02:02,DPB1*04:02,0.0,0.0419580419580419,0.0666666666666666,0.0031282586027111,-1.0,not_observed
DPA1~DPB1,SAS,DPA1*02:02,DPB1*09:01,0.0,0.0419580419580419,0.0466200466200466,0.0021415951314404,-1.0,not_observed
DPA1~DPB1,SAS,DPA1*02:02,DPB1*104:01,0.0,0.0419580419580419,0.0195804195804195,0.0008746628903443,-1.0,not_observed
DPA1~DPB1,SAS,DPA1*02:02,DPB1*10:01,0.0,0.0419580419580419,0.0093240093240093,0.0004121940747101,-1.0,not_observed
DPA1~DPB1,SAS,DPA1*02:02,DPB1*13:01,38.0,0.0419580419580419,0.0717948717948717,0.0807029268133434,0.3775322283609577,estimated
DPA1~DPB1,SAS,DPA1*02:02,DPB1*14:01,0.0,0.0419580419580419,0.0405594405594405,0.0018514183567066,-1.0,not_observed
DPA1~DPB1,SAS,DPA1*02:02,DPB1*17:01,0.0,0.0419580419580419,0.0167832167832167,0.0007475781582581,-1.0,not_observed
DPA1~DPB1,SAS,DPA1*02:02,DPB1*26:01,,0.0419580419580419,0.0475524475524475,0.0012841191702941,-0.7663398692810457,suppressed_lt20
DPA1~DPB1,SAS,DPA1*02:07,DPB1*01:01,0.0,0.0559440559440559,0.0237762237762237,0.0014432770879762,-1.0,not_observed
DPA1~DPB1,SAS,DPA1*02:07,DPB1*02:01,0.0,0.0559440559440559,0.2153846153846154,0.0162672476397966,-1.0,not_observed
DPA1~DPB1,SAS,DPA1*02:07,DPB1*03:01,0.0,0.0559440559440559,0.0298368298368298,0.0018224856283481,-1.0,not_observed
DPA1~DPB1,SAS,DPA1*02:07,DPB1*04:01,117.0,0.0559440559440559,0.3655011655011655,0.0949253883629539,0.960598824393828,estimated
DPA1~DPB1,SAS,DPA1*02:07,DPB1*04:02,0.0,0.0559440559440559,0.0666666666666666,0.0042328042328042,-1.0,not_observed
DPA1~DPB1,SAS,DPA1*02:07,DPB1*09:01,0.0,0.0559440559440559,0.0466200466200466,0.0028977632889613,-1.0,not_observed
DPA1~DPB1,SAS,DPA1*02:07,DPB1*104:01,0.0,0.0559440559440559,0.0195804195804195,0.0011834944787869,-1.0,not_observed
DPA1~DPB1,SAS,DPA1*02:07,DPB1*10:01,0.0,0.0559440559440559,0.0093240093240093,0.000557734204793,-1.0,not_observed
DPA1~DPB1,SAS,DPA1*02:07,DPB1*13:01,0.0,0.0559440559440559,0.0717948717948717,0.0045835891139758,-1.0,not_observed
DPA1~DPB1,SAS,DPA1*02:07,DPB1*14:01,0.0,0.0559440559440559,0.0405594405594405,0.0025051290357412,-1.0,not_observed
DPA1~DPB1,SAS,DPA1*02:07,DPB1*17:01,0.0,0.0559440559440559,0.0167832167832167,0.0010115378536431,-1.0,not_observed
DPA1~DPB1,SAS,DPA1*02:07,DPB1*26:01,,0.0559440559440559,0.0475524475524475,0.0020125090154986,-0.8247549019607843,suppressed_lt20
DQA1~DQB1,AFR,DQA1*01:01,DQB1*02:01,0.0,0.0733236854799807,0.0711529184756391,0.0060612852168578,-1.0,not_observed
DQA1~DQB1,AFR,DQA1*01:01,DQB1*02:02,0.0,0.0733236854799807,0.1273516642547033,0.0115473301547097,-1.0,not_observed
DQA1~DQB1,AFR,DQA1*01:01,DQB1*03:01,0.0,0.0733236854799807,0.0723589001447178,0.006172032409667,-1.0,not_observed
DQA1~DQB1,AFR,DQA1*01:01,DQB1*03:02,0.0,0.0733236854799807,0.0291847563917028,0.0023786782893226,-1.0,not_observed
DQA1~DQB1,AFR,DQA1*01:01,DQB1*03:03,0.0,0.0733236854799807,0.0130246020260492,0.0010441775651427,-1.0,not_observed
DQA1~DQB1,AFR,DQA1*01:01,DQB1*03:19,0.0,0.0733236854799807,0.1116739025566811,0.0099470773534521,-1.0,not_observed
DQA1~DQB1,AFR,DQA1*01:01,DQB1*04:02,0.0,0.0733236854799807,0.0759768451519536,0.0065060084781932,-1.0,not_observed
DQA1~DQB1,AFR,DQA1*01:01,DQB1*05:01,301.0,0.0733236854799807,0.160154365653642,0.4052381376017144,0.9882497203663956,estimated
DQA1~DQB1,AFR,DQA1*01:01,DQB1*05:02,,0.0733236854799807,0.0287023637240713,0.0018329657170493,-0.8853936311366651,suppressed_lt20
DQA1~DQB1,AFR,DQA1*01:01,DQB1*05:03,0.0,0.0733236854799807,0.016642547033285,0.0013391357441607,-1.0,not_observed
DQA1~DQB1,AFR,DQA1*01:01,DQB1*06:02,0.0,0.0733236854799807,0.1992281717317896,0.0196860319988961,-1.0,not_observed
DQA1~DQB1,AFR,DQA1*01:01,DQB1*06:03,,0.0733236854799807,0.024602026049204,0.0014977330961577,-0.8662925696594427,suppressed_lt20
DQA1~DQB1,AFR,DQA1*01:01,DQB1*06:04,0.0,0.0733236854799807,0.0185721177038109,0.0014973359726907,-1.0,not_observed
DQA1~DQB1,AFR,DQA1*01:01,DQB1*06:09,,0.0733236854799807,0.0373854317414375,0.0025560373103052,-0.912011884550085,suppressed_lt20
DQA1~DQB1,AFR,DQA1*01:02,DQB1*02:01,0.0,0.3068017366136035,0.0711529184756391,0.0339038364896139,-1.0,not_observed
DQA1~DQB1,AFR,DQA1*01:02,DQB1*02:02,0.0,0.3068017366136035,0.1273516642547033,0.0645900629074529,-1.0,not_observed
DQA1~DQB1,AFR,DQA1*01:02,DQB1*03:01,0.0,0.3068017366136035,0.0723589001447178,0.0345233016001224,-1.0,not_observed
DQA1~DQB1,AFR,DQA1*01:02,DQB1*03:02,0.0,0.3068017366136035,0.0291847563917028,0.0133051517784203,-1.0,not_observed
DQA1~DQB1,AFR,DQA1*01:02,DQB1*03:03,0.0,0.3068017366136035,0.0130246020260492,0.0058406136929943,-1.0,not_observed
DQA1~DQB1,AFR,DQA1*01:02,DQB1*03:19,0.0,0.3068017366136035,0.1116739025566811,0.0556390389290749,-1.0,not_observed
DQA1~DQB1,AFR,DQA1*01:02,DQB1*04:02,0.0,0.3068017366136035,0.0759768451519536,0.0363913988127837,-1.0,not_observed
DQA1~DQB1,AFR,DQA1*01:02,DQB1*05:01,134.0,0.3068017366136035,0.160154365653642,0.0098845566805174,-0.3422226642418733,estimated
DQA1~DQB1,AFR,DQA1*01:02,DQB1*05:02,113.0,0.3068017366136035,0.0287023637240713,0.0574079698553783,0.9272644339572992,estimated
DQA1~DQB1,AFR,DQA1*01:02,DQB1*05:03,,0.3068017366136035,0.016642547033285,0.0067995069739436,-0.9527618266338528,suppressed_lt20
DQA1~DQB1,AFR,DQA1*01:02,DQB1*06:02,805.0,0.3068017366136035,0.1992281717317896,0.5216586229997298,0.9633240154276212,estimated
DQA1~DQB1,AFR,DQA1*01:02,DQB1*06:03,,0.3068017366136035,0.024602026049204,0.0056655322010804,-0.7124028856825749,suppressed_lt20
DQA1~DQB1,AFR,DQA1*01:02,DQB1*06:04,65.0,0.3068017366136035,0.0185721177038109,0.0256926500566015,0.775180977686197,estimated
DQA1~DQB1,AFR,DQA1*01:02,DQB1*06:09,128.0,0.3068017366136035,0.0373854317414375,0.0491900537812727,0.7487103508653782,estimated
DQA1~DQB1,AFR,DQA1*01:03,DQB1*02:01,0.0,0.0417269657501205,0.0711529184756391,0.0033356159007081,-1.0,not_observed
DQA1~DQB1,AFR,DQA1*01:03,DQB1*02:02,0.0,0.0417269657501205,0.1273516642547033,0.0063546684732224,-1.0,not_observed
DQA1~DQB1,AFR,DQA1*01:03,DQB1*03:01,0.0,0.0417269657501205,0.0723589001447178,0.0033965617371233,-1.0,not_observed
DQA1~DQB1,AFR,DQA1*01:03,DQB1*03:02,0.0,0.0417269657501205,0.0291847563917028,0.0013090222354933,-1.0,not_observed
DQA1~DQB1,AFR,DQA1*01:03,DQB1*03:03,0.0,0.0417269657501205,0.0130246020260492,0.0005746265296617,-1.0,not_observed
DQA1~DQB1,AFR,DQA1*01:03,DQB1*03:19,0.0,0.0417269657501205,0.1116739025566811,0.0054740254250811,-1.0,not_observed
DQA1~DQB1,AFR,DQA1*01:03,DQB1*04:02,0.0,0.0417269657501205,0.0759768451519536,0.0035803537622097,-1.0,not_observed
DQA1~DQB1,AFR,DQA1*01:03,DQB1*05:01,,0.0417269657501205,0.160154365653642,0.0033913498799923,-0.639076537363326,suppressed_lt20
DQA1~DQB1,AFR,DQA1*01:03,DQB1*05:02,,0.0417269657501205,0.0287023637240713,0.0008206598745573,-0.7986107737892845,suppressed_lt20
DQA1~DQB1,AFR,DQA1*01:03,DQB1*05:03,,0.0417269657501205,0.016642547033285,1.2981383535649509e-06,0.0018275533765963,suppressed_lt20
DQA1~DQB1,AFR,DQA1*01:03,DQB1*06:02,,0.0417269657501205,0.1992281717317896,0.0038199866061593,-0.5938081708631331,suppressed_lt20
DQA1~DQB1,AFR,DQA1*01:03,DQB1*06:03,92.0,0.0417269657501205,0.024602026049204,0.4667840161633769,0.8976917724049095,estimated
DQA1~DQB1,AFR,DQA1*01:03,DQB1*06:04,,0.0417269657501205,0.0185721177038109,0.0036768358012147,0.0919812631365614,suppressed_lt20
DQA1~DQB1,AFR,DQA1*01:03,DQB1*06:09,25.0,0.0417269657501205,0.0373854317414375,0.013884814982523,0.1247696142510332,estimated
DQA1~DQB1,AFR,DQA1*01:04,DQB1*02:01,0.0,0.0089242643511818,0.0711529184756391,0.0006897855307326,-1.0,not_observed
DQA1~DQB1,AFR,DQA1*01:04,DQB1*02:02,0.0,0.0089242643511818,0.1273516642547033,0.0013141076478562,-1.0,not_observed
DQA1~DQB1,AFR,DQA1*01:04,DQB1*03:01,0.0,0.0089242643511818,0.0723589001447178,0.0007023887672469,-1.0,not_observed
DQA1~DQB1,AFR,DQA1*01:04,DQB1*03:02,0.0,0.0089242643511818,0.0291847563917028,0.000270698013299,-1.0,not_observed
DQA1~DQB1,AFR,DQA1*01:04,DQB1*03:03,0.0,0.0089242643511818,0.0130246020260492,0.0001188293489222,-1.0,not_observed
DQA1~DQB1,AFR,DQA1*01:04,DQB1*03:19,0.0,0.0089242643511818,0.1116739025566811,0.0011319959028501,-1.0,not_observed
DQA1~DQB1,AFR,DQA1*01:04,DQB1*04:02,0.0,0.0089242643511818,0.0759768451519536,0.0007403958649891,-1.0,not_observed
DQA1~DQB1,AFR,DQA1*01:04,DQB1*05:01,0.0,0.0089242643511818,0.160154365653642,0.0017171367987979,-1.0,not_observed
DQA1~DQB1,AFR,DQA1*01:04,DQB1*05:02,,0.0089242643511818,0.0287023637240713,9.065667580710674e-07,-0.0583692936634113,suppressed_lt20
DQA1~DQB1,AFR,DQA1*01:04,DQB1*05:03,36.0,0.0089242643511818,0.016642547033285,0.5032112276701959,0.9725155619195356,estimated
DQA1~DQB1,AFR,DQA1*01:04,DQB1*06:02,0.0,0.0089242643511818,0.1992281717317896,0.0022403070544529,-1.0,not_observed
DQA1~DQB1,AFR,DQA1*01:04,DQB1*06:03,0.0,0.0089242643511818,0.024602026049204,0.0002271195963409,-1.0,not_observed
DQA1~DQB1,AFR,DQA1*01:04,DQB1*06:04,0.0,0.0089242643511818,0.0185721177038109,0.0001703996185058,-1.0,not_observed
DQA1~DQB1,AFR,DQA1*01:04,DQB1*06:09,0.0,0.0089242643511818,0.0373854317414375,0.0003497160409412,-1.0,not_observed
DQA1~DQB1,AFR,DQA1*01:05,DQB1*02:01,0.0,0.0619874577906415,0.0711529184756391,0.0050622510314298,-1.0,not_observed
DQA1~DQB1,AFR,DQA1*01:05,DQB1*02:02,0.0,0.0619874577906415,0.1273516642547033,0.0096440741351952,-1.0,not_observed
DQA1~DQB1,AFR,DQA1*01:05,DQB1*03:01,0.0,0.0619874577906415,0.0723589001447178,0.005154744631544,-1.0,not_observed
DQA1~DQB1,AFR,DQA1*01:05,DQB1*03:02,0.0,0.0619874577906415,0.0291847563917028,0.0019866193707686,-1.0,not_observed
DQA1~DQB1,AFR,DQA1*01:05,DQB1*03:03,0.0,0.0619874577906415,0.0130246020260492,0.0008720739524744,-1.0,not_observed
DQA1~DQB1,AFR,DQA1*01:05,DQB1*03:19,0.0,0.0619874577906415,0.1116739025566811,0.0083075784739806,-1.0,not_observed
DQA1~DQB1,AFR,DQA1*01:05,DQB1*04:02,0.0,0.0619874577906415,0.0759768451519536,0.0054336740395626,-1.0,not_observed
DQA1~DQB1,AFR,DQA1*01:05,DQB1*05:01,218.0,0.0619874577906415,0.160154365653642,0.2326233504484278,0.8193108750505655,estimated
DQA1~DQB1,AFR,DQA1*01:05,DQB1*05:02,,0.0619874577906415,0.0287023637240713,0.0006874075338276,-0.5933034692476212,suppressed_lt20
DQA1~DQB1,AFR,DQA1*01:05,DQB1*05:03,29.0,0.0619874577906415,0.016642547033285,0.0373676112453791,0.3819803906223797,estimated
DQA1~DQB1,AFR,DQA1*01:05,DQB1*06:02,,0.0619874577906415,0.1992281717317896,0.0128137953874538,-0.8828162538510096,suppressed_lt20
DQA1~DQB1,AFR,DQA1*01:05,DQB1*06:03,0.0,0.0619874577906415,0.024602026049204,0.0016668027373868,-1.0,not_observed
DQA1~DQB1,AFR,DQA1*01:05,DQB1*06:04,0.0,0.0619874577906415,0.0185721177038109,0.0012505418077125,-1.0,not_observed
DQA1~DQB1,AFR,DQA1*01:05,DQB1*06:09,0.0,0.0619874577906415,0.0373854317414375,0.0025665229409524,-1.0,not_observed
DQA1~DQB1,AFR,DQA1*02:01,DQB1*02:01,0.0,0.0916546068499758,0.0711529184756391,0.007729506705778,-1.0,not_observed
DQA1~DQB1,AFR,DQA1*02:01,DQB1*02:02,353.0,0.0916546068499758,0.1273516642547033,0.5834050090368315,0.9185781618224668,estimated
DQA1~DQB1,AFR,DQA1*02:01,DQB1*03:01,,0.0916546068499758,0.0723589001447178,0.0073086523309997,-0.9636315789473684,suppressed_lt20
DQA1~DQB1,AFR,DQA1*02:01,DQB1*03:02,,0.0916546068499758,0.0291847563917028,0.0006390199090669,-0.4589821661591997,suppressed_lt20
DQA1~DQB1,AFR,DQA1*02:01,DQB1*03:03,20.0,0.0916546068499758,0.0130246020260492,0.0123133403029389,0.3068389685490057,estimated
DQA1~DQB1,AFR,DQA1*02:01,DQB1*03:19,0.0,0.0916546068499758,0.1116739025566811,0.0126847687174598,-1.0,not_observed
DQA1~DQB1,AFR,DQA1*02:01,DQB1*04:02,0.0,0.0916546068499758,0.0759768451519536,0.0082966292396503,-1.0,not_observed
DQA1~DQB1,AFR,DQA1*02:01,DQB1*05:01,0.0,0.0916546068499758,0.160154365653642,0.0192416625308886,-1.0,not_observed
DQA1~DQB1,AFR,DQA1*02:01,DQB1*05:02,0.0,0.0916546068499758,0.0287023637240713,0.0029817320447573,-1.0,not_observed
DQA1~DQB1,AFR,DQA1*02:01,DQB1*05:03,0.0,0.0916546068499758,0.016642547033285,0.0017077003216494,-1.0,not_observed
DQA1~DQB1,AFR,DQA1*02:01,DQB1*06:02,0.0,0.0916546068499758,0.1992281717317896,0.0251041340081515,-1.0,not_observed
DQA1~DQB1,AFR,DQA1*02:01,DQB1*06:03,0.0,0.0916546068499758,0.024602026049204,0.0025450264824582,-1.0,not_observed
DQA1~DQB1,AFR,DQA1*02:01,DQB1*06:04,0.0,0.0916546068499758,0.0185721177038109,0.0019094413193965,-1.0,not_observed
DQA1~DQB1,AFR,DQA1*02:01,DQB1*06:09,0.0,0.0916546068499758,0.0373854317414375,0.0039188013710615,-1.0,not_observed
DQA1~DQB1,AFR,DQA1*03:01,DQB1*02:01,,0.0144717800289435,0.0711529184756391,0.0006596139249075,-0.7657627118644068,suppressed_lt20
DQA1~DQB1,AFR,DQA1*03:01,DQB1*02:02,,0.0144717800289435,0.1273516642547033,0.0016187751110558,-0.8691287878787878,suppressed_lt20
DQA1~DQB1,AFR,DQA1*03:01,DQB1*03:01,0.0,0.0144717800289435,0.0723589001447178,0.0011454202661498,-1.0,not_observed
DQA1~DQB1,AFR,DQA1*03:01,DQB1*03:02,57.0,0.0144717800289435,0.0291847563917028,0.4394457098565332,0.948496894409938,estimated
DQA1~DQB1,AFR,DQA1*03:01,DQB1*03:03,0.0,0.0144717800289435,0.0130246020260492,0.0001937809242058,-1.0,not_observed
DQA1~DQB1,AFR,DQA1*03:01,DQB1*03:19,0.0,0.0144717800289435,0.1116739025566811,0.0018460019703977,-1.0,not_observed
DQA1~DQB1,AFR,DQA1*03:01,DQB1*04:02,0.0,0.0144717800289435,0.0759768451519536,0.0012074003291028,-1.0,not_observed
DQA1~DQB1,AFR,DQA1*03:01,DQB1*05:01,0.0,0.0144717800289435,0.160154365653642,0.0028002203064891,-1.0,not_observed
DQA1~DQB1,AFR,DQA1*03:01,DQB1*05:02,0.0,0.0144717800289435,0.0287023637240713,0.0004339285447312,-1.0,not_observed
DQA1~DQB1,AFR,DQA1*03:01,DQB1*05:03,0.0,0.0144717800289435,0.016642547033285,0.0002485199556121,-1.0,not_observed
DQA1~DQB1,AFR,DQA1*03:01,DQB1*06:02,0.0,0.0144717800289435,0.1992281717317896,0.0036533800399837,-1.0,not_observed
DQA1~DQB1,AFR,DQA1*03:01,DQB1*06:03,0.0,0.0144717800289435,0.024602026049204,0.0003703752118764,-1.0,not_observed
DQA1~DQB1,AFR,DQA1*03:01,DQB1*06:04,0.0,0.0144717800289435,0.0185721177038109,0.0002778791254674,-1.0,not_observed
DQA1~DQB1,AFR,DQA1*03:01,DQB1*06:09,0.0,0.0144717800289435,0.0373854317414375,0.0005702993262005,-1.0,not_observed
DQA1~DQB1,AFR,DQA1*03:03,DQB1*02:01,,0.0745296671490593,0.0711529184756391,0.0050977143006741,-0.9090340628599638,suppressed_lt20
DQA1~DQB1,AFR,DQA1*03:03,DQB1*02:02,170.0,0.0745296671490593,0.1273516642547033,0.129542894169381,0.4845137849050326,estimated
DQA1~DQB1,AFR,DQA1*03:03,DQB1*03:01,43.0,0.0745296671490593,0.0723589001447178,0.005353569584813,0.0743445400052124,estimated
DQA1~DQB1,AFR,DQA1*03:03,DQB1*03:02,57.0,0.0745296671490593,0.0291847563917028,0.0685349547602399,0.4284791191465439,estimated
DQA1~DQB1,AFR,DQA1*03:03,DQB1*03:03,28.0,0.0745296671490593,0.0130246020260492,0.0377146934246567,0.4797440129730981,estimated
DQA1~DQB1,AFR,DQA1*03:03,DQB1*03:19,,0.0745296671490593,0.1116739025566811,0.0089843299390538,-0.942041141563044,suppressed_lt20
DQA1~DQB1,AFR,DQA1*03:03,DQB1*04:02,,0.0745296671490593,0.0759768451519536,0.00455745966885,-0.829619355832948,suppressed_lt20
DQA1~DQB1,AFR,DQA1*03:03,DQB1*05:01,0.0,0.0745296671490593,0.160154365653642,0.0153569861577849,-1.0,not_observed
DQA1~DQB1,AFR,DQA1*03:03,DQB1*05:02,0.0,0.0745296671490593,0.0287023637240713,0.0023797537070435,-1.0,not_observed
DQA1~DQB1,AFR,DQA1*03:03,DQB1*05:03,0.0,0.0745296671490593,0.016642547033285,0.001362934733894,-1.0,not_observed
DQA1~DQB1,AFR,DQA1*03:03,DQB1*06:02,0.0,0.0745296671490593,0.1992281717317896,0.0200358902380436,-1.0,not_observed
DQA1~DQB1,AFR,DQA1*03:03,DQB1*06:03,0.0,0.0745296671490593,0.024602026049204,0.0020312141115439,-1.0,not_observed
DQA1~DQB1,AFR,DQA1*03:03,DQB1*06:04,0.0,0.0745296671490593,0.0185721177038109,0.0015239464814437,-1.0,not_observed
DQA1~DQB1,AFR,DQA1*03:03,DQB1*06:09,0.0,0.0745296671490593,0.0373854317414375,0.0031276392210855,-1.0,not_observed
DQA1~DQB1,AFR,DQA1*04:01,DQB1*02:01,0.0,0.1208393632416787,0.0711529184756391,0.0105290379389458,-1.0,not_observed
DQA1~DQB1,AFR,DQA1*04:01,DQB1*02:02,,0.1208393632416787,0.1273516642547033,0.019434983373279,-0.9843268009435674,suppressed_lt20
DQA1~DQB1,AFR,DQA1*04:01,DQB1*03:01,,0.1208393632416787,0.0723589001447178,0.009571055373038,-0.9448303393213572,suppressed_lt20
DQA1~DQB1,AFR,DQA1*04:01,DQB1*03:02,0.0,0.1208393632416787,0.0291847563917028,0.0041319939677427,-1.0,not_observed
DQA1~DQB1,AFR,DQA1*04:01,DQB1*03:03,0.0,0.1208393632416787,0.0130246020260492,0.0018138372977082,-1.0,not_observed
DQA1~DQB1,AFR,DQA1*04:01,DQB1*03:19,189.0,0.1208393632416787,0.1116739025566811,0.0977190778664408,0.3268662951408332,estimated
DQA1~DQB1,AFR,DQA1*04:01,DQB1*04:02,309.0,0.1208393632416787,0.0759768451519536,0.5725755253398721,0.978334313149128,estimated
DQA1~DQB1,AFR,DQA1*04:01,DQB1*05:01,0.0,0.1208393632416787,0.160154365653642,0.02621075348116,-1.0,not_observed
DQA1~DQB1,AFR,DQA1*04:01,DQB1*05:02,0.0,0.1208393632416787,0.0287023637240713,0.0040616783215353,-1.0,not_observed
DQA1~DQB1,AFR,DQA1*04:01,DQB1*05:03,0.0,0.1208393632416787,0.016642547033285,0.0023262081474819,-1.0,not_observed
DQA1~DQB1,AFR,DQA1*04:01,DQB1*06:02,0.0,0.1208393632416787,0.1992281717317896,0.0341965392433933,-1.0,not_observed
DQA1~DQB1,AFR,DQA1*04:01,DQB1*06:03,0.0,0.1208393632416787,0.024602026049204,0.0034668034338327,-1.0,not_observed
DQA1~DQB1,AFR,DQA1*04:01,DQB1*06:04,0.0,0.1208393632416787,0.0185721177038109,0.0026010172265053,-1.0,not_observed
DQA1~DQB1,AFR,DQA1*04:01,DQB1*06:09,0.0,0.1208393632416787,0.0373854317414375,0.0053381425078855,-1.0,not_observed
DQA1~DQB1,AFR,DQA1*05:01,DQB1*02:01,291.0,0.0728412928123492,0.0711529184756391,0.9467348588474028,0.9853754034462688,estimated
DQA1~DQB1,AFR,DQA1*05:01,DQB1*02:02,,0.0728412928123492,0.1273516642547033,0.0103039547735165,-0.947998193859121,suppressed_lt20
DQA1~DQB1,AFR,DQA1*05:01,DQB1*03:01,0.0,0.0728412928123492,0.0723589001447178,0.0061282368048103,-1.0,not_observed
DQA1~DQB1,AFR,DQA1*05:01,DQB1*03:02,0.0,0.0728412928123492,0.0291847563917028,0.0023617996264243,-1.0,not_observed
DQA1~DQB1,AFR,DQA1*05:01,DQB1*03:03,0.0,0.0728412928123492,0.0130246020260492,0.0010367682735176,-1.0,not_observed
DQA1~DQB1,AFR,DQA1*05:01,DQB1*03:19,0.0,0.0728412928123492,0.1116739025566811,0.0098764947251807,-1.0,not_observed
DQA1~DQB1,AFR,DQA1*05:01,DQB1*04:02,0.0,0.0728412928123492,0.0759768451519536,0.0064598430406853,-1.0,not_observed
DQA1~DQB1,AFR,DQA1*05:01,DQB1*05:01,0.0,0.0728412928123492,0.160154365653642,0.0149817614118932,-1.0,not_observed
DQA1~DQB1,AFR,DQA1*05:01,DQB1*05:02,0.0,0.0728412928123492,0.0287023637240713,0.002321608022022,-1.0,not_observed
DQA1~DQB1,AFR,DQA1*05:01,DQB1*05:03,0.0,0.0728412928123492,0.016642547033285,0.0013296334836397,-1.0,not_observed
DQA1~DQB1,AFR,DQA1*05:01,DQB1*06:02,0.0,0.0728412928123492,0.1992281717317896,0.0195463435427453,-1.0,not_observed
DQA1~DQB1,AFR,DQA1*05:01,DQB1*06:03,0.0,0.0728412928123492,0.024602026049204,0.0019815844647483,-1.0,not_observed
DQA1~DQB1,AFR,DQA1*05:01,DQB1*06:04,0.0,0.0728412928123492,0.0185721177038109,0.0014867111524945,-1.0,not_observed
DQA1~DQB1,AFR,DQA1*05:01,DQB1*06:09,0.0,0.0728412928123492,0.0373854317414375,0.0030512200838984,-1.0,not_observed
DQA1~DQB1,AFR,DQA1*05:05,DQB1*02:01,,0.120598166907863,0.0711529184756391,0.0099228728826511,-0.9718915254237288,suppressed_lt20
DQA1~DQB1,AFR,DQA1*05:05,DQB1*02:02,,0.120598166907863,0.1273516642547033,0.0193896361313332,-0.9842954545454544,suppressed_lt20
DQA1~DQB1,AFR,DQA1*05:05,DQB1*03:01,228.0,0.120598166907863,0.0723589001447178,0.3006987728136662,0.7270872188699945,estimated
DQA1~DQB1,AFR,DQA1*05:05,DQB1*03:02,,0.120598166907863,0.0291847563917028,0.0035769393107136,-0.9314710743801652,suppressed_lt20
DQA1~DQB1,AFR,DQA1*05:05,DQB1*03:03,0.0,0.120598166907863,0.0130246020260492,0.0018097203700516,-1.0,not_observed
DQA1~DQB1,AFR,DQA1*05:05,DQB1*03:19,261.0,0.120598166907863,0.1116739025566811,0.2327488292413823,0.5038842531653968,estimated
DQA1~DQB1,AFR,DQA1*05:05,DQB1*04:02,0.0,0.120598166907863,0.0759768451519536,0.0112759136604364,-1.0,not_observed
DQA1~DQB1,AFR,DQA1*05:05,DQB1*05:01,0.0,0.120598166907863,0.160154365653642,0.0261512620504542,-1.0,not_observed
DQA1~DQB1,AFR,DQA1*05:05,DQB1*05:02,0.0,0.120598166907863,0.0287023637240713,0.0040524593933352,-1.0,not_observed
DQA1~DQB1,AFR,DQA1*05:05,DQB1*05:03,0.0,0.120598166907863,0.016642547033285,0.0023209282744362,-1.0,not_observed
DQA1~DQB1,AFR,DQA1*05:05,DQB1*06:02,0.0,0.120598166907863,0.1992281717317896,0.0341189222055528,-1.0,not_observed
DQA1~DQB1,AFR,DQA1*05:05,DQB1*06:03,0.0,0.120598166907863,0.024602026049204,0.0034589347132176,-1.0,not_observed
DQA1~DQB1,AFR,DQA1*05:05,DQB1*06:04,0.0,0.120598166907863,0.0185721177038109,0.0025951136100295,-1.0,not_observed
DQA1~DQB1,AFR,DQA1*05:05,DQB1*06:09,0.0,0.120598166907863,0.0373854317414375,0.0053260263458937,-1.0,not_observed
DQA1~DQB1,AMR,DQA1*01:01,DQB1*02:01,0.0,0.0820460006865774,0.05217988328184,0.0049205503409629,-1.0,not_observed
DQA1~DQB1,AMR,DQA1*01:01,DQB1*02:02,0.0,0.0820460006865774,0.0796429797459663,0.0077344185251096,-1.0,not_observed
DQA1~DQB1,AMR,DQA1*01:01,DQB1*03:01,0.0,0.0820460006865774,0.1984208719533127,0.0221247031050051,-1.0,not_observed
DQA1~DQB1,AMR,DQA1*01:01,DQB1*03:02,0.0,0.0820460006865774,0.2152420185375901,0.0245147694234555,-1.0,not_observed
DQA1~DQB1,AMR,DQA1*01:01,DQB1*03:03,0.0,0.0820460006865774,0.0140748369378647,0.0012759566484646,-1.0,not_observed
DQA1~DQB1,AMR,DQA1*01:01,DQB1*03:19,0.0,0.0820460006865774,0.0257466529351184,0.0023620297880616,-1.0,not_observed
DQA1~DQB1,AMR,DQA1*01:01,DQB1*04:02,0.0,0.0820460006865774,0.128046687263989,0.0131253717630845,-1.0,not_observed
DQA1~DQB1,AMR,DQA1*01:01,DQB1*05:01,239.0,0.0820460006865774,0.1112255406797116,0.7142060721903655,1.0,estimated
DQA1~DQB1,AMR,DQA1*01:01,DQB1*05:02,0.0,0.0820460006865774,0.0137315482320631,0.0012444024668326,-1.0,not_observed
DQA1~DQB1,AMR,DQA1*01:01,DQB1*05:03,0.0,0.0820460006865774,0.0164778578784757,0.0014974526857424,-1.0,not_observed
DQA1~DQB1,AMR,DQA1*01:01,DQB1*06:01,0.0,0.0820460006865774,0.0078956402334363,0.000711322410085,-1.0,not_observed
DQA1~DQB1,AMR,DQA1*01:01,DQB1*06:02,0.0,0.0820460006865774,0.0628218331616889,0.0059913534483467,-1.0,not_observed
DQA1~DQB1,AMR,DQA1*01:01,DQB1*06:03,0.0,0.0820460006865774,0.0394782011671816,0.003673555691826,-1.0,not_observed
DQA1~DQB1,AMR,DQA1*01:01,DQB1*06:04,0.0,0.0820460006865774,0.015447991761071,0.0014023934181002,-1.0,not_observed
DQA1~DQB1,AMR,DQA1*01:01,DQB1*06:09,0.0,0.0820460006865774,0.0078956402334363,0.000711322410085,-1.0,not_observed
DQA1~DQB1,AMR,DQA1*01:02,DQB1*02:01,0.0,0.1071060762100926,0.05217988328184,0.0066037621559478,-1.0,not_observed
DQA1~DQB1,AMR,DQA1*01:02,DQB1*02:02,0.0,0.1071060762100926,0.0796429797459663,0.0103801926238165,-1.0,not_observed
DQA1~DQB1,AMR,DQA1*01:02,DQB1*03:01,0.0,0.1071060762100926,0.1984208719533127,0.0296930763740185,-1.0,not_observed
DQA1~DQB1,AMR,DQA1*01:02,DQB1*03:02,0.0,0.1071060762100926,0.2152420185375901,0.032900731699195,-1.0,not_observed
DQA1~DQB1,AMR,DQA1*01:02,DQB1*03:03,0.0,0.1071060762100926,0.0140748369378647,0.0017124332938156,-1.0,not_observed
DQA1~DQB1,AMR,DQA1*01:02,DQB1*03:19,0.0,0.1071060762100926,0.0257466529351184,0.0031700281157109,-1.0,not_observed
DQA1~DQB1,AMR,DQA1*01:02,DQB1*04:02,0.0,0.1071060762100926,0.128046687263989,0.0176152721394254,-1.0,not_observed
DQA1~DQB1,AMR,DQA1*01:02,DQB1*05:01,22.0,0.1071060762100926,0.1112255406797116,0.0020113071188926,-0.3660375118708451,estimated
DQA1~DQB1,AMR,DQA1*01:02,DQB1*05:02,39.0,0.1071060762100926,0.0137315482320631,0.1096588492330656,0.9720011534025376,estimated
DQA1~DQB1,AMR,DQA1*01:02,DQB1*05:03,0.0,0.1071060762100926,0.0164778578784757,0.0020096982433256,-1.0,not_observed
DQA1~DQB1,AMR,DQA1*01:02,DQB1*06:01,0.0,0.1071060762100926,0.0078956402334363,0.0009546501279119,-1.0,not_observed
DQA1~DQB1,AMR,DQA1*01:02,DQB1*06:02,175.0,0.1071060762100926,0.0628218331616889,0.5054427979581355,0.9510402682448744,estimated
DQA1~DQB1,AMR,DQA1*01:02,DQB1*06:03,,0.1071060762100926,0.0394782011671816,0.0009187688508173,-0.4316889632107022,suppressed_lt20
DQA1~DQB1,AMR,DQA1*01:02,DQB1*06:04,42.0,0.1071060762100926,0.015447991761071,0.1120001040673247,0.9253364090734332,estimated
DQA1~DQB1,AMR,DQA1*01:02,DQB1*06:09,23.0,0.1071060762100926,0.0078956402334363,0.0663461538461538,1.0,estimated
DQA1~DQB1,AMR,DQA1*01:03,DQB1*02:01,0.0,0.048060418812221,0.05217988328184,0.0027794274823467,-1.0,not_observed
DQA1~DQB1,AMR,DQA1*01:03,DQB1*02:02,0.0,0.048060418812221,0.0796429797459663,0.0043688721624693,-1.0,not_observed
DQA1~DQB1,AMR,DQA1*01:03,DQB1*03:01,0.0,0.048060418812221,0.1984208719533127,0.0124973841517045,-1.0,not_observed
DQA1~DQB1,AMR,DQA1*01:03,DQB1*03:02,0.0,0.048060418812221,0.2152420185375901,0.0138474396434307,-1.0,not_observed
DQA1~DQB1,AMR,DQA1*01:03,DQB1*03:03,0.0,0.048060418812221,0.0140748369378647,0.0007207382770789,-1.0,not_observed
DQA1~DQB1,AMR,DQA1*01:03,DQB1*03:19,0.0,0.048060418812221,0.0257466529351184,0.001334218746307,-1.0,not_observed
DQA1~DQB1,AMR,DQA1*01:03,DQB1*04:02,0.0,0.048060418812221,0.128046687263989,0.0074140119430617,-1.0,not_observed
DQA1~DQB1,AMR,DQA1*01:03,DQB1*05:01,0.0,0.048060418812221,0.1112255406797116,0.0063181673637404,-1.0,not_observed
DQA1~DQB1,AMR,DQA1*01:03,DQB1*05:02,0.0,0.048060418812221,0.0137315482320631,0.000702914547306,-1.0,not_observed
DQA1~DQB1,AMR,DQA1*01:03,DQB1*05:03,0.0,0.048060418812221,0.0164778578784757,0.0008458527725279,-1.0,not_observed
DQA1~DQB1,AMR,DQA1*01:03,DQB1*06:01,23.0,0.048060418812221,0.0078956402334363,0.1576347009391992,1.0,estimated
DQA1~DQB1,AMR,DQA1*01:03,DQB1*06:02,,0.048060418812221,0.0628218331616889,0.0003417988160626,-0.3177985948477751,suppressed_lt20
DQA1~DQB1,AMR,DQA1*01:03,DQB1*06:03,104.0,0.048060418812221,0.0394782011671816,0.658707045561046,0.8995186503394534,estimated
DQA1~DQB1,AMR,DQA1*01:03,DQB1*06:04,,0.048060418812221,0.015447991761071,0.0001187282412659,0.0195456184637576,suppressed_lt20
DQA1~DQB1,AMR,DQA1*01:03,DQB1*06:09,0.0,0.048060418812221,0.0078956402334363,0.0004017983596145,-1.0,not_observed
DQA1~DQB1,AMR,DQA1*01:04,DQB1*02:01,0.0,0.0164778578784757,0.05217988328184,0.0009223458379712,-1.0,not_observed
DQA1~DQB1,AMR,DQA1*01:04,DQB1*02:02,0.0,0.0164778578784757,0.0796429797459663,0.0014497989536607,-1.0,not_observed
DQA1~DQB1,AMR,DQA1*01:04,DQB1*03:01,0.0,0.0164778578784757,0.1984208719533127,0.0041472246824444,-1.0,not_observed
DQA1~DQB1,AMR,DQA1*01:04,DQB1*03:02,0.0,0.0164778578784757,0.2152420185375901,0.0045952371136853,-1.0,not_observed
DQA1~DQB1,AMR,DQA1*01:04,DQB1*03:03,0.0,0.0164778578784757,0.0140748369378647,0.0002391751374527,-1.0,not_observed
DQA1~DQB1,AMR,DQA1*01:04,DQB1*03:19,0.0,0.0164778578784757,0.0257466529351184,0.0004427570481387,-1.0,not_observed
DQA1~DQB1,AMR,DQA1*01:04,DQB1*04:02,0.0,0.0164778578784757,0.128046687263989,0.0024603207321597,-1.0,not_observed
DQA1~DQB1,AMR,DQA1*01:04,DQB1*05:01,0.0,0.0164778578784757,0.1112255406797116,0.0020966675362336,-1.0,not_observed
DQA1~DQB1,AMR,DQA1*01:04,DQB1*05:02,0.0,0.0164778578784757,0.0137315482320631,0.00023326037872,-1.0,not_observed
DQA1~DQB1,AMR,DQA1*01:04,DQB1*05:03,48.0,0.0164778578784757,0.0164778578784757,1.0,1.0,estimated
DQA1~DQB1,AMR,DQA1*01:04,DQB1*06:01,0.0,0.0164778578784757,0.0078956402334363,0.000133335748836,-1.0,not_observed
DQA1~DQB1,AMR,DQA1*01:04,DQB1*06:02,0.0,0.0164778578784757,0.0628218331616889,0.0011230654162591,-1.0,not_observed
DQA1~DQB1,AMR,DQA1*01:04,DQB1*06:03,0.0,0.0164778578784757,0.0394782011671816,0.0006885995606435,-1.0,not_observed
DQA1~DQB1,AMR,DQA1*01:04,DQB1*06:04,0.0,0.0164778578784757,0.015447991761071,0.0002628754189576,-1.0,not_observed
DQA1~DQB1,AMR,DQA1*01:04,DQB1*06:09,0.0,0.0164778578784757,0.0078956402334363,0.000133335748836,-1.0,not_observed
DQA1~DQB1,AMR,DQA1*01:05,DQB1*02:01,0.0,0.0216271884654994,0.05217988328184,0.0012169503802969,-1.0,not_observed
DQA1~DQB1,AMR,DQA1*01:05,DQB1*02:02,0.0,0.0216271884654994,0.0796429797459663,0.0019128761852411,-1.0,not_observed
DQA1~DQB1,AMR,DQA1*01:05,DQB1*03:01,0.0,0.0216271884654994,0.1984208719533127,0.0054718809872647,-1.0,not_observed
DQA1~DQB1,AMR,DQA1*01:05,DQB1*03:02,0.0,0.0216271884654994,0.2152420185375901,0.0060629921259842,-1.0,not_observed
DQA1~DQB1,AMR,DQA1*01:05,DQB1*03:03,0.0,0.0216271884654994,0.0140748369378647,0.0003155695645799,-1.0,not_observed
DQA1~DQB1,AMR,DQA1*01:05,DQB1*03:19,0.0,0.0216271884654994,0.0257466529351184,0.0005841771447646,-1.0,not_observed
DQA1~DQB1,AMR,DQA1*01:05,DQB1*04:02,0.0,0.0216271884654994,0.128046687263989,0.0032461665975963,-1.0,not_observed
DQA1~DQB1,AMR,DQA1*01:05,DQB1*05:01,62.0,0.0216271884654994,0.1112255406797116,0.1703844753675911,0.9821405580385882,estimated
DQA1~DQB1,AMR,DQA1*01:05,DQB1*05:02,,0.0216271884654994,0.0137315482320631,7.48521146234889e-06,0.0034473684210526,suppressed_lt20
DQA1~DQB1,AMR,DQA1*01:05,DQB1*05:03,0.0,0.0216271884654994,0.0164778578784757,0.0003703499586662,-1.0,not_observed
DQA1~DQB1,AMR,DQA1*01:05,DQB1*06:01,0.0,0.0216271884654994,0.0078956402334363,0.0001759242396649,-1.0,not_observed
DQA1~DQB1,AMR,DQA1*01:05,DQB1*06:02,0.0,0.0216271884654994,0.0628218331616889,0.0014817813765182,-1.0,not_observed
DQA1~DQB1,AMR,DQA1*01:05,DQB1*06:03,0.0,0.0216271884654994,0.0394782011671816,0.0009085436966254,-1.0,not_observed
DQA1~DQB1,AMR,DQA1*01:05,DQB1*06:04,0.0,0.0216271884654994,0.015447991761071,0.000346839903105,-1.0,not_observed
DQA1~DQB1,AMR,DQA1*01:05,DQB1*06:09,0.0,0.0216271884654994,0.0078956402334363,0.0001759242396649,-1.0,not_observed
DQA1~DQB1,AMR,DQA1*02:01,DQB1*02:01,,0.0813594232749742,0.05217988328184,0.0041190792225206,-0.919137241838774,suppressed_lt20
DQA1~DQB1,AMR,DQA1*02:01,DQB1*02:02,201.0,0.0813594232749742,0.0796429797459663,0.713508256444204,0.8545451909695376,estimated
DQA1~DQB1,AMR,DQA1*02:01,DQB1*03:01,,0.0813594232749742,0.1984208719533127,0.0175090533906696,-0.8936752660855853,suppressed_lt20
DQA1~DQB1,AMR,DQA1*02:01,DQB1*03:02,,0.0813594232749742,0.2152420185375901,0.0206313109094062,-0.9215876284497204,suppressed_lt20
DQA1~DQB1,AMR,DQA1*02:01,DQB1*03:03,24.0,0.0813594232749742,0.0140748369378647,0.0485196981283669,0.5486437711910751,estimated
DQA1~DQB1,AMR,DQA1*02:01,DQB1*03:19,0.0,0.0813594232749742,0.0257466529351184,0.0023405132775244,-1.0,not_observed
DQA1~DQB1,AMR,DQA1*02:01,DQB1*04:02,,0.0813594232749742,0.128046687263989,0.0121627928500778,-0.9670478840737096,suppressed_lt20
DQA1~DQB1,AMR,DQA1*02:01,DQB1*05:01,0.0,0.0813594232749742,0.1112255406797116,0.0110834558766218,-1.0,not_observed
DQA1~DQB1,AMR,DQA1*02:01,DQB1*05:02,0.0,0.0813594232749742,0.0137315482320631,0.001233066793199,-1.0,not_observed
DQA1~DQB1,AMR,DQA1*02:01,DQB1*05:03,0.0,0.0813594232749742,0.0164778578784757,0.0014838118939731,-1.0,not_observed
DQA1~DQB1,AMR,DQA1*02:01,DQB1*06:01,0.0,0.0813594232749742,0.0078956402334363,0.0007048427389948,-1.0,not_observed
DQA1~DQB1,AMR,DQA1*02:01,DQB1*06:02,0.0,0.0813594232749742,0.0628218331616889,0.005936776228256,-1.0,not_observed
DQA1~DQB1,AMR,DQA1*02:01,DQB1*06:03,0.0,0.0813594232749742,0.0394782011671816,0.0036400920580683,-1.0,not_observed
DQA1~DQB1,AMR,DQA1*02:01,DQB1*06:04,0.0,0.0813594232749742,0.015447991761071,0.0013896185526389,-1.0,not_observed
DQA1~DQB1,AMR,DQA1*02:01,DQB1*06:09,0.0,0.0813594232749742,0.0078956402334363,0.0007048427389948,-1.0,not_observed
DQA1~DQB1,AMR,DQA1*03:01,DQB1*02:01,0.0,0.1956745623069001,0.05217988328184,0.0133930579625393,-1.0,not_observed
DQA1~DQB1,AMR,DQA1*03:01,DQB1*02:02,,0.1956745623069001,0.0796429797459663,0.0201347602896668,-0.9779718693284936,suppressed_lt20
DQA1~DQB1,AMR,DQA1*03:01,DQB1*03:01,,0.1956745623069001,0.1984208719533127,0.0540004287587548,-0.9469495538153344,suppressed_lt20
DQA1~DQB1,AMR,DQA1*03:01,DQB1*03:02,558.0,0.1956745623069001,0.2152420185375901,0.8400234989961374,0.9731730902058294,estimated
DQA1~DQB1,AMR,DQA1*03:01,DQB1*03:03,0.0,0.1956745623069001,0.0140748369378647,0.003472977648112,-1.0,not_observed
DQA1~DQB1,AMR,DQA1*03:01,DQB1*03:19,,0.1956745623069001,0.0257466529351184,0.0055828049187502,-0.931859649122807,suppressed_lt20
DQA1~DQB1,AMR,DQA1*03:01,DQB1*04:02,0.0,0.1956745623069001,0.128046687263989,0.0357254478913567,-1.0,not_observed
DQA1~DQB1,AMR,DQA1*03:01,DQB1*05:01,0.0,0.1956745623069001,0.1112255406797116,0.0304449683458382,-1.0,not_observed
DQA1~DQB1,AMR,DQA1*03:01,DQB1*05:02,0.0,0.1956745623069001,0.0137315482320631,0.0033870915267894,-1.0,not_observed
DQA1~DQB1,AMR,DQA1*03:01,DQB1*05:03,0.0,0.1956745623069001,0.0164778578784757,0.0040758592487816,-1.0,not_observed
DQA1~DQB1,AMR,DQA1*03:01,DQB1*06:01,0.0,0.1956745623069001,0.0078956402334363,0.0019361212889162,-1.0,not_observed
DQA1~DQB1,AMR,DQA1*03:01,DQB1*06:02,0.0,0.1956745623069001,0.0628218331616889,0.0163076360259458,-1.0,not_observed
DQA1~DQB1,AMR,DQA1*03:01,DQB1*06:03,0.0,0.1956745623069001,0.0394782011671816,0.0099989108737812,-1.0,not_observed
DQA1~DQB1,AMR,DQA1*03:01,DQB1*06:04,0.0,0.1956745623069001,0.015447991761071,0.0038171210603292,-1.0,not_observed
DQA1~DQB1,AMR,DQA1*03:01,DQB1*06:09,0.0,0.1956745623069001,0.0078956402334363,0.0019361212889162,-1.0,not_observed
DQA1~DQB1,AMR,DQA1*03:03,DQB1*02:01,0.0,0.054582904222451,0.05217988328184,0.0031784133026223,-1.0,not_observed
DQA1~DQB1,AMR,DQA1*03:03,DQB1*02:02,29.0,0.054582904222451,0.0796429797459663,0.0083150965965752,0.1116381524776027,estimated
DQA1~DQB1,AMR,DQA1*03:03,DQB1*03:01,26.0,0.054582904222451,0.1984208719533127,0.0004421014099672,-0.1758830058105373,estimated
DQA1~DQB1,AMR,DQA1*03:03,DQB1*03:02,61.0,0.054582904222451,0.2152420185375901,0.0096935840045448,0.2145958170323049,estimated
DQA1~DQB1,AMR,DQA1*03:03,DQB1*03:03,,0.054582904222451,0.0140748369378647,0.0012555404352902,0.0712577714012434,suppressed_lt20
DQA1~DQB1,AMR,DQA1*03:03,DQB1*03:19,0.0,0.054582904222451,0.0257466529351184,0.0015257453697946,-1.0,not_observed
DQA1~DQB1,AMR,DQA1*03:03,DQB1*04:02,30.0,0.054582904222451,0.128046687263989,0.0019010055782841,0.0695364730352102,estimated
DQA1~DQB1,AMR,DQA1*03:03,DQB1*05:01,0.0,0.054582904222451,0.1112255406797116,0.0072251380274009,-1.0,not_observed
DQA1~DQB1,AMR,DQA1*03:03,DQB1*05:02,0.0,0.054582904222451,0.0137315482320631,0.000803817678984,-1.0,not_observed
DQA1~DQB1,AMR,DQA1*03:03,DQB1*05:03,0.0,0.054582904222451,0.0164778578784757,0.0009672746352758,-1.0,not_observed
DQA1~DQB1,AMR,DQA1*03:03,DQB1*06:01,0.0,0.054582904222451,0.0078956402334363,0.0004594763703251,-1.0,not_observed
DQA1~DQB1,AMR,DQA1*03:03,DQB1*06:02,0.0,0.054582904222451,0.0628218331616889,0.0038700950465656,-1.0,not_observed
DQA1~DQB1,AMR,DQA1*03:03,DQB1*06:03,0.0,0.054582904222451,0.0394782011671816,0.0023729212120079,-1.0,not_observed
DQA1~DQB1,AMR,DQA1*03:03,DQB1*06:04,0.0,0.054582904222451,0.015447991761071,0.0009058714141165,-1.0,not_observed
DQA1~DQB1,AMR,DQA1*03:03,DQB1*06:09,0.0,0.054582904222451,0.0078956402334363,0.0004594763703251,-1.0,not_observed
DQA1~DQB1,AMR,DQA1*04:01,DQB1*02:01,0.0,0.1194644696189495,0.05217988328184,0.007469113445209,-1.0,not_observed
DQA1~DQB1,AMR,DQA1*04:01,DQB1*02:02,0.0,0.1194644696189495,0.0796429797459663,0.0117404040998929,-1.0,not_observed
DQA1~DQB1,AMR,DQA1*04:01,DQB1*03:01,,0.1194644696189495,0.1984208719533127,0.0326183363659211,-0.9855178379668298,suppressed_lt20
DQA1~DQB1,AMR,DQA1*04:01,DQB1*03:02,,0.1194644696189495,0.2152420185375901,0.0362250583112772,-0.9866496177748448,suppressed_lt20
DQA1~DQB1,AMR,DQA1*04:01,DQB1*03:03,0.0,0.1194644696189495,0.0140748369378647,0.0019368290736125,-1.0,not_observed
DQA1~DQB1,AMR,DQA1*04:01,DQB1*03:19,,0.1194644696189495,0.0257466529351184,0.0003912692961779,-0.3303448275862069,suppressed_lt20
DQA1~DQB1,AMR,DQA1*04:01,DQB1*04:02,339.0,0.1194644696189495,0.128046687263989,0.8698907171993091,0.9703400760249796,estimated
DQA1~DQB1,AMR,DQA1*04:01,DQB1*05:01,0.0,0.1194644696189495,0.1112255406797116,0.0169787156187107,-1.0,not_observed
DQA1~DQB1,AMR,DQA1*04:01,DQB1*05:02,0.0,0.1194644696189495,0.0137315482320631,0.001888931634109,-1.0,not_observed
DQA1~DQB1,AMR,DQA1*04:01,DQB1*05:03,0.0,0.1194644696189495,0.0164778578784757,0.0022730473653592,-1.0,not_observed
DQA1~DQB1,AMR,DQA1*04:01,DQB1*06:01,0.0,0.1194644696189495,0.0078956402334363,0.0010797466561443,-1.0,not_observed
DQA1~DQB1,AMR,DQA1*04:01,DQB1*06:02,0.0,0.1194644696189495,0.0628218331616889,0.0090945311997943,-1.0,not_observed
DQA1~DQB1,AMR,DQA1*04:01,DQB1*06:03,0.0,0.1194644696189495,0.0394782011671816,0.0055762470269072,-1.0,not_observed
DQA1~DQB1,AMR,DQA1*04:01,DQB1*06:04,0.0,0.1194644696189495,0.015447991761071,0.0021287528444542,-1.0,not_observed
DQA1~DQB1,AMR,DQA1*04:01,DQB1*06:09,0.0,0.1194644696189495,0.0078956402334363,0.0010797466561443,-1.0,not_observed
DQA1~DQB1,AMR,DQA1*05:01,DQB1*02:01,151.0,0.0532097493992447,0.05217988328184,0.9660133460758368,0.9930513148353116,estimated
DQA1~DQB1,AMR,DQA1*05:01,DQB1*02:02,0.0,0.0532097493992447,0.0796429797459663,0.004863272528001,-1.0,not_observed
DQA1~DQB1,AMR,DQA1*05:01,DQB1*03:01,,0.0532097493992447,0.1984208719533127,0.0113300051768988,-0.9024556312088402,suppressed_lt20
DQA1~DQB1,AMR,DQA1*05:01,DQB1*03:02,0.0,0.0532097493992447,0.2152420185375901,0.0154144754748296,-1.0,not_observed
DQA1~DQB1,AMR,DQA1*05:01,DQB1*03:03,0.0,0.0532097493992447,0.0140748369378647,0.0008023001205911,-1.0,not_observed
DQA1~DQB1,AMR,DQA1*05:01,DQB1*03:19,,0.0532097493992447,0.0257466529351184,0.0008341345669992,-0.7494193548387096,suppressed_lt20
DQA1~DQB1,AMR,DQA1*05:01,DQB1*04:02,0.0,0.0532097493992447,0.128046687263989,0.0082530134240834,-1.0,not_observed
DQA1~DQB1,AMR,DQA1*05:01,DQB1*05:01,0.0,0.0532097493992447,0.1112255406797116,0.0070331583586608,-1.0,not_observed
DQA1~DQB1,AMR,DQA1*05:01,DQB1*05:02,0.0,0.0532097493992447,0.0137315482320631,0.0007824593808928,-1.0,not_observed
DQA1~DQB1,AMR,DQA1*05:01,DQB1*05:03,0.0,0.0532097493992447,0.0164778578784757,0.0009415731104943,-1.0,not_observed
DQA1~DQB1,AMR,DQA1*05:01,DQB1*06:01,0.0,0.0532097493992447,0.0078956402334363,0.0004472675902251,-1.0,not_observed
DQA1~DQB1,AMR,DQA1*05:01,DQB1*06:02,0.0,0.0532097493992447,0.0628218331616889,0.0037672624692204,-1.0,not_observed
DQA1~DQB1,AMR,DQA1*05:01,DQB1*06:03,0.0,0.0532097493992447,0.0394782011671816,0.0023098701496614,-1.0,not_observed
DQA1~DQB1,AMR,DQA1*05:01,DQB1*06:04,0.0,0.0532097493992447,0.015447991761071,0.0008818014387965,-1.0,not_observed
DQA1~DQB1,AMR,DQA1*05:01,DQB1*06:09,0.0,0.0532097493992447,0.0078956402334363,0.0004472675902251,-1.0,not_observed
DQA1~DQB1,AMR,DQA1*05:03,DQB1*02:01,0.0,0.0786131136285616,0.05217988328184,0.0046971037405721,-1.0,not_observed
DQA1~DQB1,AMR,DQA1*05:03,DQB1*02:02,0.0,0.0786131136285616,0.0796429797459663,0.0073831916489109,-1.0,not_observed
DQA1~DQB1,AMR,DQA1*05:03,DQB1*03:01,218.0,0.0786131136285616,0.1984208719533127,0.3046047505513292,0.9400746191896618,estimated
DQA1~DQB1,AMR,DQA1*05:03,DQB1*03:02,,0.0786131136285616,0.2152420185375901,0.0224616271633484,-0.9797120829067508,suppressed_lt20
DQA1~DQB1,AMR,DQA1*05:03,DQB1*03:03,0.0,0.0786131136285616,0.0140748369378647,0.0012180143136465,-1.0,not_observed
DQA1~DQB1,AMR,DQA1*05:03,DQB1*03:19,0.0,0.0786131136285616,0.0257466529351184,0.0022547678987217,-1.0,not_observed
DQA1~DQB1,AMR,DQA1*05:03,DQB1*04:02,,0.0786131136285616,0.128046687263989,0.0116893259060911,-0.9658967184518304,suppressed_lt20
DQA1~DQB1,AMR,DQA1*05:03,DQB1*05:01,0.0,0.0786131136285616,0.1112255406797116,0.0106774102746976,-1.0,not_observed
DQA1~DQB1,AMR,DQA1*05:03,DQB1*05:02,0.0,0.0786131136285616,0.0137315482320631,0.0011878930356788,-1.0,not_observed
DQA1~DQB1,AMR,DQA1*05:03,DQB1*05:03,0.0,0.0786131136285616,0.0164778578784757,0.0014294520173843,-1.0,not_observed
DQA1~DQB1,AMR,DQA1*05:03,DQB1*06:01,0.0,0.0786131136285616,0.0078956402334363,0.0006790206220122,-1.0,not_observed
DQA1~DQB1,AMR,DQA1*05:03,DQB1*06:02,0.0,0.0786131136285616,0.0628218331616889,0.0057192807192807,-1.0,not_observed
DQA1~DQB1,AMR,DQA1*05:03,DQB1*06:03,0.0,0.0786131136285616,0.0394782011671816,0.0035067362359104,-1.0,not_observed
DQA1~DQB1,AMR,DQA1*05:03,DQB1*06:04,0.0,0.0786131136285616,0.015447991761071,0.0013387094762703,-1.0,not_observed
DQA1~DQB1,AMR,DQA1*05:03,DQB1*06:09,0.0,0.0786131136285616,0.0078956402334363,0.0006790206220122,-1.0,not_observed
DQA1~DQB1,AMR,DQA1*05:05,DQB1*02:01,0.0,0.1338825952626158,0.05217988328184,0.0085099015891896,-1.0,not_observed
DQA1~DQB1,AMR,DQA1*05:05,DQB1*02:02,0.0,0.1338825952626158,0.0796429797459663,0.0133763778312261,-1.0,not_observed
DQA1~DQB1,AMR,DQA1*05:05,DQB1*03:01,315.0,0.1338825952626158,0.1984208719533127,0.3607740052449944,0.7600889474551143,estimated
DQA1~DQB1,AMR,DQA1*05:05,DQB1*03:02,,0.1338825952626158,0.2152420185375901,0.0413932332680759,-0.988087351245246,suppressed_lt20
DQA1~DQB1,AMR,DQA1*05:05,DQB1*03:03,,0.1338825952626158,0.0140748369378647,0.0004537803235335,-0.4534709193245779,suppressed_lt20
DQA1~DQB1,AMR,DQA1*05:05,DQB1*03:19,67.0,0.1338825952626158,0.0257466529351184,0.1314459474165804,0.8768450257629806,estimated
DQA1~DQB1,AMR,DQA1*05:05,DQB1*04:02,,0.1338825952626158,0.128046687263989,0.0217998090151848,-0.9799752526294082,suppressed_lt20
DQA1~DQB1,AMR,DQA1*05:05,DQB1*05:01,0.0,0.1338825952626158,0.1112255406797116,0.0193446250463292,-1.0,not_observed
DQA1~DQB1,AMR,DQA1*05:05,DQB1*05:02,0.0,0.1338825952626158,0.0137315482320631,0.0021521459585389,-1.0,not_observed
DQA1~DQB1,AMR,DQA1*05:05,DQB1*05:03,0.0,0.1338825952626158,0.0164778578784757,0.0025897865293747,-1.0,not_observed
DQA1~DQB1,AMR,DQA1*05:05,DQB1*06:01,0.0,0.1338825952626158,0.0078956402334363,0.0012302046089471,-1.0,not_observed
DQA1~DQB1,AMR,DQA1*05:05,DQB1*06:02,0.0,0.1338825952626158,0.0628218331616889,0.0103618141668082,-1.0,not_observed
DQA1~DQB1,AMR,DQA1*05:05,DQB1*06:03,0.0,0.1338825952626158,0.0394782011671816,0.0063532725515677,-1.0,not_observed
DQA1~DQB1,AMR,DQA1*05:05,DQB1*06:04,0.0,0.1338825952626158,0.015447991761071,0.0024253852009213,-1.0,not_observed
DQA1~DQB1,AMR,DQA1*05:05,DQB1*06:09,0.0,0.1338825952626158,0.0078956402334363,0.0012302046089471,-1.0,not_observed
DQA1~DQB1,EAS,DQA1*01:01,DQB1*02:01,0.0,0.053849389987379,0.0525872949095498,0.0031590910347365,-1.0,not_observed
DQA1~DQB1,EAS,DQA1*01:01,DQB1*02:02,0.0,0.053849389987379,0.0311316785864535,0.0018287666617691,-1.0,not_observed
DQA1~DQB1,EAS,DQA1*01:01,DQB1*03:01,0.0,0.053849389987379,0.2305427008834665,0.01705247286869,-1.0,not_observed
DQA1~DQB1,EAS,DQA1*01:01,DQB1*03:02,0.0,0.053849389987379,0.0673117374842238,0.0041074738173614,-1.0,not_observed
DQA1~DQB1,EAS,DQA1*01:01,DQB1*03:03,0.0,0.053849389987379,0.1417753470761464,0.0094020000174369,-1.0,not_observed
DQA1~DQB1,EAS,DQA1*01:01,DQB1*04:01,0.0,0.053849389987379,0.0563735801430374,0.0034001340467958,-1.0,not_observed
DQA1~DQB1,EAS,DQA1*01:01,DQB1*04:02,0.0,0.053849389987379,0.0201935212452671,0.0011729844722744,-1.0,not_observed
DQA1~DQB1,EAS,DQA1*01:01,DQB1*05:01,118.0,0.053849389987379,0.070677324358435,0.6278194095319055,0.915933397464916,estimated
DQA1~DQB1,EAS,DQA1*01:01,DQB1*05:02,,0.053849389987379,0.111905763567522,0.0006535035207377,-0.3018679511278196,suppressed_lt20
DQA1~DQB1,EAS,DQA1*01:01,DQB1*05:03,0.0,0.053849389987379,0.0366007572570466,0.002162241927999,-1.0,not_observed
DQA1~DQB1,EAS,DQA1*01:01,DQB1*06:01,0.0,0.053849389987379,0.1026503996634413,0.0065105770820265,-1.0,not_observed
DQA1~DQB1,EAS,DQA1*01:01,DQB1*06:02,0.0,0.053849389987379,0.039124947412705,0.002317433940284,-1.0,not_observed
DQA1~DQB1,EAS,DQA1*01:01,DQB1*06:03,0.0,0.053849389987379,0.0100967606226335,0.0005805101648803,-1.0,not_observed
DQA1~DQB1,EAS,DQA1*01:01,DQB1*06:04,0.0,0.053849389987379,0.0092553639040807,0.0005316823990657,-1.0,not_observed
DQA1~DQB1,EAS,DQA1*01:01,DQB1*06:09,0.0,0.053849389987379,0.0168279343710559,0.0009741409342201,-1.0,not_observed
DQA1~DQB1,EAS,DQA1*01:02,DQB1*02:01,0.0,0.1821623895666806,0.0525872949095498,0.0123632674019984,-1.0,not_observed
DQA1~DQB1,EAS,DQA1*01:02,DQB1*02:02,0.0,0.1821623895666806,0.0311316785864535,0.0071569736378922,-1.0,not_observed
DQA1~DQB1,EAS,DQA1*01:02,DQB1*03:01,0.0,0.1821623895666806,0.2305427008834665,0.0667357412694876,-1.0,not_observed
DQA1~DQB1,EAS,DQA1*01:02,DQB1*03:02,0.0,0.1821623895666806,0.0673117374842238,0.016074812847228,-1.0,not_observed
DQA1~DQB1,EAS,DQA1*01:02,DQB1*03:03,0.0,0.1821623895666806,0.1417753470761464,0.0367952170580166,-1.0,not_observed
DQA1~DQB1,EAS,DQA1*01:02,DQB1*04:01,0.0,0.1821623895666806,0.0563735801430374,0.0133066017917655,-1.0,not_observed
DQA1~DQB1,EAS,DQA1*01:02,DQB1*04:02,0.0,0.1821623895666806,0.0201935212452671,0.0045905358628988,-1.0,not_observed
DQA1~DQB1,EAS,DQA1*01:02,DQB1*05:01,0.0,0.1821623895666806,0.070677324358435,0.0169396799847984,-1.0,not_observed
DQA1~DQB1,EAS,DQA1*01:02,DQB1*05:02,211.0,0.1821623895666806,0.111905763567522,0.3158279205517423,0.7471785172808564,estimated
DQA1~DQB1,EAS,DQA1*01:02,DQB1*05:03,0.0,0.1821623895666806,0.0366007572570466,0.0084620464715078,-1.0,not_observed
DQA1~DQB1,EAS,DQA1*01:02,DQB1*06:01,68.0,0.1821623895666806,0.1026503996634413,0.0071542318689954,0.1180260406125615,estimated
DQA1~DQB1,EAS,DQA1*01:02,DQB1*06:02,91.0,0.1821623895666806,0.039124947412705,0.1733203855976981,0.9737045886986148,estimated
DQA1~DQB1,EAS,DQA1*01:02,DQB1*06:03,0.0,0.1821623895666806,0.0100967606226335,0.0022718567838273,-1.0,not_observed
DQA1~DQB1,EAS,DQA1*01:02,DQB1*06:04,22.0,0.1821623895666806,0.0092553639040807,0.0419411306100233,1.0,estimated
DQA1~DQB1,EAS,DQA1*01:02,DQB1*06:09,40.0,0.1821623895666806,0.0168279343710559,0.076843943351309,1.0,estimated
DQA1~DQB1,EAS,DQA1*01:03,DQB1*02:01,0.0,0.0862431636516617,0.0525872949095498,0.0052388464193072,-1.0,not_observed
DQA1~DQB1,EAS,DQA1*01:03,DQB1*02:02,0.0,0.0862431636516617,0.0311316785864535,0.0030327165543541,-1.0,not_observed
DQA1~DQB1,EAS,DQA1*01:03,DQB1*03:01,0.0,0.0862431636516617,0.2305427008834665,0.0282787945792516,-1.0,not_observed
DQA1~DQB1,EAS,DQA1*01:03,DQB1*03:02,0.0,0.0862431636516617,0.0673117374842238,0.0068115873407479,-1.0,not_observed
DQA1~DQB1,EAS,DQA1*01:03,DQB1*03:03,0.0,0.0862431636516617,0.1417753470761464,0.0155917109016719,-1.0,not_observed
DQA1~DQB1,EAS,DQA1*01:03,DQB1*04:01,0.0,0.0862431636516617,0.0563735801430374,0.0056385776415925,-1.0,not_observed
DQA1~DQB1,EAS,DQA1*01:03,DQB1*04:02,0.0,0.0862431636516617,0.0201935212452671,0.0019452068442814,-1.0,not_observed
DQA1~DQB1,EAS,DQA1*01:03,DQB1*05:01,0.0,0.0862431636516617,0.070677324358435,0.0071780686243369,-1.0,not_observed
DQA1~DQB1,EAS,DQA1*01:03,DQB1*05:02,0.0,0.0862431636516617,0.111905763567522,0.0118928911350088,-1.0,not_observed
DQA1~DQB1,EAS,DQA1*01:03,DQB1*05:03,,0.0862431636516617,0.0366007572570466,0.0003990851009148,-0.3336136809643958,suppressed_lt20
DQA1~DQB1,EAS,DQA1*01:03,DQB1*06:01,176.0,0.0862431636516617,0.1026503996634413,0.5854428935174827,0.8423541788160498,estimated
DQA1~DQB1,EAS,DQA1*01:03,DQB1*06:02,0.0,0.0862431636516617,0.039124947412705,0.0038430929550754,-1.0,not_observed
DQA1~DQB1,EAS,DQA1*01:03,DQB1*06:03,24.0,0.0862431636516617,0.0100967606226335,0.1080675422138836,1.0,estimated
DQA1~DQB1,EAS,DQA1*01:03,DQB1*06:04,0.0,0.0862431636516617,0.0092553639040807,0.0008817100874672,-1.0,not_observed
DQA1~DQB1,EAS,DQA1*01:03,DQB1*06:09,0.0,0.0862431636516617,0.0168279343710559,0.0016154566896061,-1.0,not_observed
DQA1~DQB1,EAS,DQA1*01:04,DQB1*02:01,0.0,0.0542700883466554,0.0525872949095498,0.0031851877018767,-1.0,not_observed
DQA1~DQB1,EAS,DQA1*01:04,DQB1*02:02,0.0,0.0542700883466554,0.0311316785864535,0.0018438737651492,-1.0,not_observed
DQA1~DQB1,EAS,DQA1*01:04,DQB1*03:01,0.0,0.0542700883466554,0.2305427008834665,0.0171933401952333,-1.0,not_observed
DQA1~DQB1,EAS,DQA1*01:04,DQB1*03:02,0.0,0.0542700883466554,0.0673117374842238,0.0041414048993783,-1.0,not_observed
DQA1~DQB1,EAS,DQA1*01:04,DQB1*03:03,0.0,0.0542700883466554,0.1417753470761464,0.0094796682018002,-1.0,not_observed
DQA1~DQB1,EAS,DQA1*01:04,DQB1*04:01,0.0,0.0542700883466554,0.0563735801430374,0.0034282219257063,-1.0,not_observed
DQA1~DQB1,EAS,DQA1*01:04,DQB1*04:02,0.0,0.0542700883466554,0.0201935212452671,0.001182674280196,-1.0,not_observed
DQA1~DQB1,EAS,DQA1*01:04,DQB1*05:01,0.0,0.0542700883466554,0.070677324358435,0.0043642233567305,-1.0,not_observed
DQA1~DQB1,EAS,DQA1*01:04,DQB1*05:02,45.0,0.0542700883466554,0.111905763567522,0.0324136027947352,0.2667863792096769,estimated
DQA1~DQB1,EAS,DQA1*01:04,DQB1*05:03,82.0,0.0542700883466554,0.0366007572570466,0.5840297962855356,0.9392307849633902,estimated
DQA1~DQB1,EAS,DQA1*01:04,DQB1*06:01,0.0,0.0542700883466554,0.1026503996634413,0.0065643597559449,-1.0,not_observed
DQA1~DQB1,EAS,DQA1*01:04,DQB1*06:02,,0.0542700883466554,0.039124947412705,0.0008516710894519,-0.6037342669000584,suppressed_lt20
DQA1~DQB1,EAS,DQA1*01:04,DQB1*06:03,0.0,0.0542700883466554,0.0100967606226335,0.0005853056520562,-1.0,not_observed
DQA1~DQB1,EAS,DQA1*01:04,DQB1*06:04,0.0,0.0542700883466554,0.0092553639040807,0.000536074529093,-1.0,not_observed
DQA1~DQB1,EAS,DQA1*01:04,DQB1*06:09,0.0,0.0542700883466554,0.0168279343710559,0.0009821881324263,-1.0,not_observed
DQA1~DQB1,EAS,DQA1*01:05,DQB1*02:01,0.0,0.0210349179638199,0.0525872949095498,0.0011926561387251,-1.0,not_observed
DQA1~DQB1,EAS,DQA1*01:05,DQB1*02:02,0.0,0.0210349179638199,0.0311316785864535,0.0006904168830439,-1.0,not_observed
DQA1~DQB1,EAS,DQA1*01:05,DQB1*03:01,0.0,0.0210349179638199,0.2305427008834665,0.0064378443747455,-1.0,not_observed
DQA1~DQB1,EAS,DQA1*01:05,DQB1*03:02,0.0,0.0210349179638199,0.0673117374842238,0.0015507004416976,-1.0,not_observed
DQA1~DQB1,EAS,DQA1*01:05,DQB1*03:03,0.0,0.0210349179638199,0.1417753470761464,0.0035495504604936,-1.0,not_observed
DQA1~DQB1,EAS,DQA1*01:05,DQB1*04:01,0.0,0.0210349179638199,0.0563735801430374,0.0012836574504532,-1.0,not_observed
DQA1~DQB1,EAS,DQA1*01:05,DQB1*04:02,0.0,0.0210349179638199,0.0201935212452671,0.0004428384988291,-1.0,not_observed
DQA1~DQB1,EAS,DQA1*01:05,DQB1*05:01,50.0,0.0210349179638199,0.070677324358435,0.2825270632533203,1.0,estimated
DQA1~DQB1,EAS,DQA1*01:05,DQB1*05:02,0.0,0.0210349179638199,0.111905763567522,0.0027074910169315,-1.0,not_observed
DQA1~DQB1,EAS,DQA1*01:05,DQB1*05:03,0.0,0.0210349179638199,0.0366007572570466,0.0008163142753662,-1.0,not_observed
DQA1~DQB1,EAS,DQA1*01:05,DQB1*06:01,0.0,0.0210349179638199,0.1026503996634413,0.0024579474406219,-1.0,not_observed
DQA1~DQB1,EAS,DQA1*01:05,DQB1*06:02,0.0,0.0210349179638199,0.039124947412705,0.0008749041368478,-1.0,not_observed
DQA1~DQB1,EAS,DQA1*01:05,DQB1*06:03,0.0,0.0210349179638199,0.0100967606226335,0.000219160829531,-1.0,not_observed
DQA1~DQB1,EAS,DQA1*01:05,DQB1*06:04,0.0,0.0210349179638199,0.0092553639040807,0.0002007268135439,-1.0,not_observed
DQA1~DQB1,EAS,DQA1*01:05,DQB1*06:09,0.0,0.0210349179638199,0.0168279343710559,0.0003677688146388,-1.0,not_observed
DQA1~DQB1,EAS,DQA1*02:01,DQB1*02:01,0.0,0.0445940260832982,0.0525872949095498,0.0025907789387074,-1.0,not_observed
DQA1~DQB1,EAS,DQA1*02:01,DQB1*02:02,72.0,0.0445940260832982,0.0311316785864535,0.6500154992833941,0.9717114736929796,estimated
DQA1~DQB1,EAS,DQA1*02:01,DQB1*03:01,,0.0445940260832982,0.2305427008834665,0.011789382265172,-0.91815865583253,suppressed_lt20
DQA1~DQB1,EAS,DQA1*02:01,DQB1*03:02,,0.0445940260832982,0.0673117374842238,0.0017447694806056,-0.7196933962264149,suppressed_lt20
DQA1~DQB1,EAS,DQA1*02:01,DQB1*03:03,30.0,0.0445940260832982,0.1417753470761464,0.0076528657711955,0.1645763965963744,estimated
DQA1~DQB1,EAS,DQA1*02:01,DQB1*04:01,0.0,0.0445940260832982,0.0563735801430374,0.0027884589523882,-1.0,not_observed
DQA1~DQB1,EAS,DQA1*02:01,DQB1*04:02,0.0,0.0445940260832982,0.0201935212452671,0.0009619676776591,-1.0,not_observed
DQA1~DQB1,EAS,DQA1*02:01,DQB1*05:01,0.0,0.0445940260832982,0.070677324358435,0.0035497870187589,-1.0,not_observed
DQA1~DQB1,EAS,DQA1*02:01,DQB1*05:02,0.0,0.0445940260832982,0.111905763567522,0.0058814191917074,-1.0,not_observed
DQA1~DQB1,EAS,DQA1*02:01,DQB1*05:03,0.0,0.0445940260832982,0.0366007572570466,0.001773260341615,-1.0,not_observed
DQA1~DQB1,EAS,DQA1*02:01,DQB1*06:01,0.0,0.0445940260832982,0.1026503996634413,0.005339341537637,-1.0,not_observed
DQA1~DQB1,EAS,DQA1*02:01,DQB1*06:02,0.0,0.0445940260832982,0.039124947412705,0.0019005337226169,-1.0,not_observed
DQA1~DQB1,EAS,DQA1*02:01,DQB1*06:03,0.0,0.0445940260832982,0.0100967606226335,0.0004760779263213,-1.0,not_observed
DQA1~DQB1,EAS,DQA1*02:01,DQB1*06:04,0.0,0.0445940260832982,0.0092553639040807,0.0004360341460359,-1.0,not_observed
DQA1~DQB1,EAS,DQA1*02:01,DQB1*06:09,0.0,0.0445940260832982,0.0168279343710559,0.0007988955645657,-1.0,not_observed
DQA1~DQB1,EAS,DQA1*03:01,DQB1*02:01,0.0,0.0668910391249474,0.0525872949095498,0.003979029961545,-1.0,not_observed
DQA1~DQB1,EAS,DQA1*03:01,DQB1*02:02,,0.0668910391249474,0.0311316785864535,0.000818086999162,-0.5959544450110488,suppressed_lt20
DQA1~DQB1,EAS,DQA1*03:01,DQB1*03:01,0.0,0.0668910391249474,0.2305427008834665,0.0214784251915709,-1.0,not_observed
DQA1~DQB1,EAS,DQA1*03:01,DQB1*03:02,152.0,0.0668910391249474,0.0673117374842238,0.9017425645811832,0.9527975648434196,estimated
DQA1~DQB1,EAS,DQA1*03:01,DQB1*03:03,0.0,0.0668910391249474,0.1417753470761464,0.0118422797432769,-1.0,not_observed
DQA1~DQB1,EAS,DQA1*03:01,DQB1*04:01,,0.0668910391249474,0.0563735801430374,0.0033803572784526,-0.8884351825776777,suppressed_lt20
DQA1~DQB1,EAS,DQA1*03:01,DQB1*04:02,0.0,0.0668910391249474,0.0201935212452671,0.0014774314219774,-1.0,not_observed
DQA1~DQB1,EAS,DQA1*03:01,DQB1*05:01,0.0,0.0668910391249474,0.070677324358435,0.0054519159059524,-1.0,not_observed
DQA1~DQB1,EAS,DQA1*03:01,DQB1*05:02,0.0,0.0668910391249474,0.111905763567522,0.0090329370949284,-1.0,not_observed
DQA1~DQB1,EAS,DQA1*03:01,DQB1*05:03,0.0,0.0668910391249474,0.0366007572570466,0.002723449663531,-1.0,not_observed
DQA1~DQB1,EAS,DQA1*03:01,DQB1*06:01,0.0,0.0668910391249474,0.1026503996634413,0.0082003908692338,-1.0,not_observed
DQA1~DQB1,EAS,DQA1*03:01,DQB1*06:02,0.0,0.0668910391249474,0.039124947412705,0.0029189216077973,-1.0,not_observed
DQA1~DQB1,EAS,DQA1*03:01,DQB1*06:03,0.0,0.0668910391249474,0.0100967606226335,0.0007311809991044,-1.0,not_observed
DQA1~DQB1,EAS,DQA1*03:01,DQB1*06:04,0.0,0.0668910391249474,0.0092553639040807,0.0006696800353793,-1.0,not_observed
DQA1~DQB1,EAS,DQA1*03:01,DQB1*06:09,0.0,0.0668910391249474,0.0168279343710559,0.0012269782419716,-1.0,not_observed
DQA1~DQB1,EAS,DQA1*03:02,DQB1*02:01,0.0,0.1304164913756836,0.0525872949095498,0.0083245898286616,-1.0,not_observed
DQA1~DQB1,EAS,DQA1*03:02,DQB1*02:02,0.0,0.1304164913756836,0.0311316785864535,0.0048190229987557,-1.0,not_observed
DQA1~DQB1,EAS,DQA1*03:02,DQB1*03:01,,0.1304164913756836,0.2305427008834665,0.0436866501796849,-0.9860077701907228,suppressed_lt20
DQA1~DQB1,EAS,DQA1*03:02,DQB1*03:02,,0.1304164913756836,0.0673117374842238,0.0088482947039874,-0.9041532258064516,suppressed_lt20
DQA1~DQB1,EAS,DQA1*03:02,DQB1*03:03,307.0,0.1304164913756836,0.1417753470761464,0.887506528054252,0.988723908918406,estimated
DQA1~DQB1,EAS,DQA1*03:02,DQB1*04:01,0.0,0.1304164913756836,0.0563735801430374,0.0089597675378174,-1.0,not_observed
DQA1~DQB1,EAS,DQA1*03:02,DQB1*04:02,0.0,0.1304164913756836,0.0201935212452671,0.0030909570188716,-1.0,not_observed
DQA1~DQB1,EAS,DQA1*03:02,DQB1*05:01,0.0,0.1304164913756836,0.070677324358435,0.011406037183944,-1.0,not_observed
DQA1~DQB1,EAS,DQA1*03:02,DQB1*05:02,0.0,0.1304164913756836,0.111905763567522,0.0188979467332747,-1.0,not_observed
DQA1~DQB1,EAS,DQA1*03:02,DQB1*05:03,0.0,0.1304164913756836,0.0366007572570466,0.0056977709610155,-1.0,not_observed
DQA1~DQB1,EAS,DQA1*03:02,DQB1*06:01,0.0,0.1304164913756836,0.1026503996634413,0.0171561639597624,-1.0,not_observed
DQA1~DQB1,EAS,DQA1*03:02,DQB1*06:02,0.0,0.1304164913756836,0.039124947412705,0.0061067208243628,-1.0,not_observed
DQA1~DQB1,EAS,DQA1*03:02,DQB1*06:03,0.0,0.1304164913756836,0.0100967606226335,0.0015297150227267,-1.0,not_observed
DQA1~DQB1,EAS,DQA1*03:02,DQB1*06:04,0.0,0.1304164913756836,0.0092553639040807,0.0014010479098809,-1.0,not_observed
DQA1~DQB1,EAS,DQA1*03:02,DQB1*06:09,0.0,0.1304164913756836,0.0168279343710559,0.0025669800659506,-1.0,not_observed
DQA1~DQB1,EAS,DQA1*03:03,DQB1*02:01,0.0,0.0723601177955406,0.0525872949095498,0.0043297366311829,-1.0,not_observed
DQA1~DQB1,EAS,DQA1*03:03,DQB1*02:02,0.0,0.0723601177955406,0.0311316785864535,0.0025064418588393,-1.0,not_observed
DQA1~DQB1,EAS,DQA1*03:03,DQB1*03:01,,0.0723601177955406,0.2305427008834665,0.0148924540605518,-0.798251570191818,suppressed_lt20
DQA1~DQB1,EAS,DQA1*03:03,DQB1*03:02,,0.0723601177955406,0.0673117374842238,0.0046990652359694,-0.913626453488372,suppressed_lt20
DQA1~DQB1,EAS,DQA1*03:03,DQB1*03:03,0.0,0.0723601177955406,0.1417753470761464,0.0128860433062113,-1.0,not_observed
DQA1~DQB1,EAS,DQA1*03:03,DQB1*04:01,133.0,0.0723601177955406,0.0563735801430374,0.753598073886935,0.9919551900362136,estimated
DQA1~DQB1,EAS,DQA1*03:03,DQB1*04:02,30.0,0.0723601177955406,0.0201935212452671,0.0937729369459547,0.595748299319728,estimated
DQA1~DQB1,EAS,DQA1*03:03,DQB1*05:01,0.0,0.0723601177955406,0.070677324358435,0.0059324408803811,-1.0,not_observed
DQA1~DQB1,EAS,DQA1*03:03,DQB1*05:02,0.0,0.0723601177955406,0.111905763567522,0.0098290887490319,-1.0,not_observed
DQA1~DQB1,EAS,DQA1*03:03,DQB1*05:03,0.0,0.0723601177955406,0.0366007572570466,0.0029634910732852,-1.0,not_observed
DQA1~DQB1,EAS,DQA1*03:03,DQB1*06:01,0.0,0.0723601177955406,0.1026503996634413,0.0089231629516941,-1.0,not_observed
DQA1~DQB1,EAS,DQA1*03:03,DQB1*06:02,0.0,0.0723601177955406,0.039124947412705,0.0031761916675601,-1.0,not_observed
DQA1~DQB1,EAS,DQA1*03:03,DQB1*06:03,0.0,0.0723601177955406,0.0100967606226335,0.0007956263678442,-1.0,not_observed
DQA1~DQB1,EAS,DQA1*03:03,DQB1*06:04,0.0,0.0723601177955406,0.0092553639040807,0.0007287047869395,-1.0,not_observed
DQA1~DQB1,EAS,DQA1*03:03,DQB1*06:09,0.0,0.0723601177955406,0.0168279343710559,0.0013351225528008,-1.0,not_observed
DQA1~DQB1,EAS,DQA1*04:01,DQB1*02:01,0.0,0.0088346655448043,0.0525872949095498,0.0004947498092621,-1.0,not_observed
DQA1~DQB1,EAS,DQA1*04:01,DQB1*02:02,0.0,0.0088346655448043,0.0311316785864535,0.0002864057879771,-1.0,not_observed
DQA1~DQB1,EAS,DQA1*04:01,DQB1*03:01,0.0,0.0088346655448043,0.2305427008834665,0.002670612402892,-1.0,not_observed
DQA1~DQB1,EAS,DQA1*04:01,DQB1*03:02,,0.0088346655448043,0.0673117374842238,0.0008102756878555,0.0809974869514788,suppressed_lt20
DQA1~DQB1,EAS,DQA1*04:01,DQB1*03:03,0.0,0.0088346655448043,0.1417753470761464,0.0014724608009587,-1.0,not_observed
DQA1~DQB1,EAS,DQA1*04:01,DQB1*04:01,0.0,0.0088346655448043,0.0563735801430374,0.0005324999034914,-1.0,not_observed
DQA1~DQB1,EAS,DQA1*04:01,DQB1*04:02,,0.0088346655448043,0.0201935212452671,0.3155658397472232,0.8541986137520703,suppressed_lt20
DQA1~DQB1,EAS,DQA1*04:01,DQB1*05:01,0.0,0.0088346655448043,0.070677324358435,0.000677887419962,-1.0,not_observed
DQA1~DQB1,EAS,DQA1*04:01,DQB1*05:02,0.0,0.0088346655448043,0.111905763567522,0.0011231490961323,-1.0,not_observed
DQA1~DQB1,EAS,DQA1*04:01,DQB1*05:03,0.0,0.0088346655448043,0.0366007572570466,0.0003386318310214,-1.0,not_observed
DQA1~DQB1,EAS,DQA1*04:01,DQB1*06:01,0.0,0.0088346655448043,0.1026503996634413,0.0010196308792943,-1.0,not_observed
DQA1~DQB1,EAS,DQA1*04:01,DQB1*06:02,0.0,0.0088346655448043,0.039124947412705,0.0003629366761913,-1.0,not_observed
DQA1~DQB1,EAS,DQA1*04:01,DQB1*06:03,0.0,0.0088346655448043,0.0100967606226335,9.091453528602364e-05,-1.0,not_observed
DQA1~DQB1,EAS,DQA1*04:01,DQB1*06:04,0.0,0.0088346655448043,0.0092553639040807,8.326754836546885e-05,-1.0,not_observed
DQA1~DQB1,EAS,DQA1*04:01,DQB1*06:09,0.0,0.0088346655448043,0.0168279343710559,0.000152561618548,-1.0,not_observed
DQA1~DQB1,EAS,DQA1*05:01,DQB1*02:01,125.0,0.0525872949095498,0.0525872949095498,1.0,1.0,estimated
DQA1~DQB1,EAS,DQA1*05:01,DQB1*02:02,0.0,0.0525872949095498,0.0311316785864535,0.0017835258512913,-1.0,not_observed
DQA1~DQB1,EAS,DQA1*05:01,DQB1*03:01,0.0,0.0525872949095498,0.2305427008834665,0.016630621514246,-1.0,not_observed
DQA1~DQB1,EAS,DQA1*05:01,DQB1*03:02,0.0,0.0525872949095498,0.0673117374842238,0.0040058613763658,-1.0,not_observed
DQA1~DQB1,EAS,DQA1*05:01,DQB1*03:03,0.0,0.0525872949095498,0.1417753470761464,0.0091694093267857,-1.0,not_observed
DQA1~DQB1,EAS,DQA1*05:01,DQB1*04:01,0.0,0.0525872949095498,0.0563735801430374,0.0033160200790459,-1.0,not_observed
DQA1~DQB1,EAS,DQA1*05:01,DQB1*04:02,0.0,0.0525872949095498,0.0201935212452671,0.001143966681589,-1.0,not_observed
DQA1~DQB1,EAS,DQA1*05:01,DQB1*05:01,0.0,0.0525872949095498,0.070677324358435,0.0042213872362939,-1.0,not_observed
DQA1~DQB1,EAS,DQA1*05:01,DQB1*05:02,0.0,0.0525872949095498,0.111905763567522,0.0069941514169624,-1.0,not_observed
DQA1~DQB1,EAS,DQA1*05:01,DQB1*05:03,0.0,0.0525872949095498,0.0366007572570466,0.0021087514640067,-1.0,not_observed
DQA1~DQB1,EAS,DQA1*05:01,DQB1*06:01,0.0,0.0525872949095498,0.1026503996634413,0.0063495156464556,-1.0,not_observed
DQA1~DQB1,EAS,DQA1*05:01,DQB1*06:02,0.0,0.0525872949095498,0.039124947412705,0.002260104270032,-1.0,not_observed
DQA1~DQB1,EAS,DQA1*05:01,DQB1*06:03,0.0,0.0525872949095498,0.0100967606226335,0.0005661492565705,-1.0,not_observed
DQA1~DQB1,EAS,DQA1*05:01,DQB1*06:04,0.0,0.0525872949095498,0.0092553639040807,0.0005185294128738,-1.0,not_observed
DQA1~DQB1,EAS,DQA1*05:01,DQB1*06:09,0.0,0.0525872949095498,0.0168279343710559,0.0009500422198762,-1.0,not_observed
DQA1~DQB1,EAS,DQA1*05:03,DQB1*02:01,0.0,0.0100967606226335,0.0525872949095498,0.0005661492565705,-1.0,not_observed
DQA1~DQB1,EAS,DQA1*05:03,DQB1*02:02,0.0,0.0100967606226335,0.0311316785864535,0.0003277382242604,-1.0,not_observed
DQA1~DQB1,EAS,DQA1*05:03,DQB1*03:01,24.0,0.0100967606226335,0.2305427008834665,0.0340425795924444,1.0000000000000002,estimated
DQA1~DQB1,EAS,DQA1*05:03,DQB1*03:02,0.0,0.0100967606226335,0.0673117374842238,0.0007361115024898,-1.0,not_observed
DQA1~DQB1,EAS,DQA1*05:03,DQB1*03:03,0.0,0.0100967606226335,0.1417753470761464,0.001684957876053,-1.0,not_observed
DQA1~DQB1,EAS,DQA1*05:03,DQB1*04:01,0.0,0.0100967606226335,0.0563735801430374,0.000609347227309,-1.0,not_observed
DQA1~DQB1,EAS,DQA1*05:03,DQB1*04:02,0.0,0.0100967606226335,0.0201935212452671,0.0002102137227591,-1.0,not_observed
DQA1~DQB1,EAS,DQA1*05:03,DQB1*05:01,0.0,0.0100967606226335,0.070677324358435,0.0007757162340746,-1.0,not_observed
DQA1~DQB1,EAS,DQA1*05:03,DQB1*05:02,0.0,0.0100967606226335,0.111905763567522,0.0012852355147776,-1.0,not_observed
DQA1~DQB1,EAS,DQA1*05:03,DQB1*05:03,0.0,0.0100967606226335,0.0366007572570466,0.0003875012294998,-1.0,not_observed
DQA1~DQB1,EAS,DQA1*05:03,DQB1*06:01,0.0,0.0100967606226335,0.1026503996634413,0.0011667781441891,-1.0,not_observed
DQA1~DQB1,EAS,DQA1*05:03,DQB1*06:02,0.0,0.0100967606226335,0.039124947412705,0.0004153136101544,-1.0,not_observed
DQA1~DQB1,EAS,DQA1*05:03,DQB1*06:03,0.0,0.0100967606226335,0.0100967606226335,0.000104034798195,-1.0,not_observed
DQA1~DQB1,EAS,DQA1*05:03,DQB1*06:04,0.0,0.0100967606226335,0.0092553639040807,9.528424209776922e-05,-1.0,not_observed
DQA1~DQB1,EAS,DQA1*05:03,DQB1*06:09,0.0,0.0100967606226335,0.0168279343710559,0.0001745784339987,-1.0,not_observed
DQA1~DQB1,EAS,DQA1*05:05,DQB1*02:01,0.0,0.0753050063104753,0.0525872949095498,0.0045202969920984,-1.0,not_observed
DQA1~DQB1,EAS,DQA1*05:05,DQB1*02:02,0.0,0.0753050063104753,0.0311316785864535,0.0026167553734753,-1.0,not_observed
DQA1~DQB1,EAS,DQA1*05:05,DQB1*03:01,177.0,0.0753050063104753,0.2305427008834665,0.2639692621898787,0.9854791365675905,estimated
DQA1~DQB1,EAS,DQA1*05:05,DQB1*03:02,0.0,0.0753050063104753,0.0673117374842238,0.0058773239952833,-1.0,not_observed
DQA1~DQB1,EAS,DQA1*05:05,DQB1*03:03,0.0,0.0753050063104753,0.1417753470761464,0.0134531838212992,-1.0,not_observed
DQA1~DQB1,EAS,DQA1*05:05,DQB1*04:01,0.0,0.0753050063104753,0.0563735801430374,0.0048652018999966,-1.0,not_observed
DQA1~DQB1,EAS,DQA1*05:05,DQB1*04:02,0.0,0.0753050063104753,0.0201935212452671,0.0016784062641747,-1.0,not_observed
DQA1~DQB1,EAS,DQA1*05:05,DQB1*05:01,0.0,0.0753050063104753,0.070677324358435,0.0061935394578634,-1.0,not_observed
DQA1~DQB1,EAS,DQA1*05:05,DQB1*05:02,0.0,0.0753050063104753,0.111905763567522,0.0102616865855829,-1.0,not_observed
DQA1~DQB1,EAS,DQA1*05:05,DQB1*05:03,0.0,0.0753050063104753,0.0366007572570466,0.0030939202371349,-1.0,not_observed
DQA1~DQB1,EAS,DQA1*05:05,DQB1*06:01,0.0,0.0753050063104753,0.1026503996634413,0.0093158891836631,-1.0,not_observed
DQA1~DQB1,EAS,DQA1*05:05,DQB1*06:02,0.0,0.0753050063104753,0.039124947412705,0.0033159822095871,-1.0,not_observed
DQA1~DQB1,EAS,DQA1*05:05,DQB1*06:03,0.0,0.0753050063104753,0.0100967606226335,0.0008306434741315,-1.0,not_observed
DQA1~DQB1,EAS,DQA1*05:05,DQB1*06:04,0.0,0.0753050063104753,0.0092553639040807,0.000760776540727,-1.0,not_observed
DQA1~DQB1,EAS,DQA1*05:05,DQB1*06:09,0.0,0.0753050063104753,0.0168279343710559,0.0013938839642215,-1.0,not_observed
DQA1~DQB1,EAS,DQA1*06:01,DQB1*02:01,0.0,0.1320992848127892,0.0525872949095498,0.0084483529048127,-1.0,not_observed
DQA1~DQB1,EAS,DQA1*06:01,DQB1*02:02,0.0,0.1320992848127892,0.0311316785864535,0.004890668223643,-1.0,not_observed
DQA1~DQB1,EAS,DQA1*06:01,DQB1*03:01,314.0,0.1320992848127892,0.2305427008834665,0.5079998301672499,1.0,estimated
DQA1~DQB1,EAS,DQA1*06:01,DQB1*03:02,0.0,0.1320992848127892,0.0673117374842238,0.0109846117046897,-1.0,not_observed
DQA1~DQB1,EAS,DQA1*06:01,DQB1*03:03,0.0,0.1320992848127892,0.1417753470761464,0.0251437559997338,-1.0,not_observed
DQA1~DQB1,EAS,DQA1*06:01,DQB1*04:01,0.0,0.1320992848127892,0.0563735801430374,0.009092973907729,-1.0,not_observed
DQA1~DQB1,EAS,DQA1*06:01,DQB1*04:02,0.0,0.1320992848127892,0.0201935212452671,0.0031369107963886,-1.0,not_observed
DQA1~DQB1,EAS,DQA1*06:01,DQB1*05:01,0.0,0.1320992848127892,0.070677324358435,0.0115756126558451,-1.0,not_observed
DQA1~DQB1,EAS,DQA1*06:01,DQB1*05:02,0.0,0.1320992848127892,0.111905763567522,0.0191789056836601,-1.0,not_observed
DQA1~DQB1,EAS,DQA1*06:01,DQB1*05:03,0.0,0.1320992848127892,0.0366007572570466,0.0057824806795547,-1.0,not_observed
DQA1~DQB1,EAS,DQA1*06:01,DQB1*06:01,0.0,0.1320992848127892,0.1026503996634413,0.0174112275329011,-1.0,not_observed
DQA1~DQB1,EAS,DQA1*06:01,DQB1*06:02,0.0,0.1320992848127892,0.039124947412705,0.0061975104692552,-1.0,not_observed
DQA1~DQB1,EAS,DQA1*06:01,DQB1*06:03,0.0,0.1320992848127892,0.0100967606226335,0.0015524575530788,-1.0,not_observed
DQA1~DQB1,EAS,DQA1*06:01,DQB1*06:04,0.0,0.1320992848127892,0.0092553639040807,0.0014218775246404,-1.0,not_observed
DQA1~DQB1,EAS,DQA1*06:01,DQB1*06:09,0.0,0.1320992848127892,0.0168279343710559,0.0026051437900403,-1.0,not_observed
DQA1~DQB1,EUR,DQA1*01:01,DQB1*02:01,0.0,0.1040704993705413,0.1242131766680654,0.0164749104807389,-1.0,not_observed
DQA1~DQB1,EUR,DQA1*01:01,DQB1*02:02,0.0,0.1040704993705413,0.0805707091900965,0.0101791766829813,-1.0,not_observed
DQA1~DQB1,EUR,DQA1*01:01,DQB1*03:01,0.0,0.1040704993705413,0.195132186319765,0.0281616535569594,-1.0,not_observed
DQA1~DQB1,EUR,DQA1*01:01,DQB1*03:02,0.0,0.1040704993705413,0.1120436424674779,0.0146571455133852,-1.0,not_observed
DQA1~DQB1,EUR,DQA1*01:01,DQB1*03:03,0.0,0.1040704993705413,0.0482584976919848,0.0058899090905336,-1.0,not_observed
DQA1~DQB1,EUR,DQA1*01:01,DQB1*04:02,0.0,0.1040704993705413,0.0268569030633655,0.0032057749191335,-1.0,not_observed
DQA1~DQB1,EUR,DQA1*01:01,DQB1*05:01,248.0,0.1040704993705413,0.1112043642467478,0.9283973310945164,1.0,estimated
DQA1~DQB1,EUR,DQA1*01:01,DQB1*05:02,0.0,0.1040704993705413,0.0159462861938732,0.001882324742963,-1.0,not_observed
DQA1~DQB1,EUR,DQA1*01:01,DQB1*05:03,0.0,0.1040704993705413,0.0276961812840956,0.0033088090369623,-1.0,not_observed
DQA1~DQB1,EUR,DQA1*01:01,DQB1*06:02,0.0,0.1040704993705413,0.1267310113302559,0.0168573251690605,-1.0,not_observed
DQA1~DQB1,EUR,DQA1*01:01,DQB1*06:03,0.0,0.1040704993705413,0.0654637012169534,0.0081368850881611,-1.0,not_observed
DQA1~DQB1,EUR,DQA1*01:01,DQB1*06:04,0.0,0.1040704993705413,0.0360889634913974,0.0043490185243148,-1.0,not_observed
DQA1~DQB1,EUR,DQA1*01:01,DQB1*06:09,0.0,0.1040704993705413,0.0138480906420478,0.0016311724550301,-1.0,not_observed
DQA1~DQB1,EUR,DQA1*01:02,DQB1*02:01,0.0,0.1984892992026856,0.1242131766680654,0.0351234392913498,-1.0,not_observed
DQA1~DQB1,EUR,DQA1*01:02,DQB1*02:02,0.0,0.1984892992026856,0.0805707091900965,0.0217013436691271,-1.0,not_observed
DQA1~DQB1,EUR,DQA1*01:02,DQB1*03:01,0.0,0.1984892992026856,0.195132186319765,0.0600388166119812,-1.0,not_observed
DQA1~DQB1,EUR,DQA1*01:02,DQB1*03:02,0.0,0.1984892992026856,0.1120436424674779,0.0312480824236185,-1.0,not_observed
DQA1~DQB1,EUR,DQA1*01:02,DQB1*03:03,0.0,0.1984892992026856,0.0482584976919848,0.0125569037000101,-1.0,not_observed
DQA1~DQB1,EUR,DQA1*01:02,DQB1*04:02,0.0,0.1984892992026856,0.0268569030633655,0.0068345039498429,-1.0,not_observed
DQA1~DQB1,EUR,DQA1*01:02,DQB1*05:01,,0.1984892992026856,0.1112043642467478,0.0253740345261645,-0.9049423590889146,suppressed_lt20
DQA1~DQB1,EUR,DQA1*01:02,DQB1*05:02,38.0,0.1984892992026856,0.0159462861938732,0.06543543232193,1.0,estimated
DQA1~DQB1,EUR,DQA1*01:02,DQB1*05:03,0.0,0.1984892992026856,0.0276961812840956,0.0070541659981877,-1.0,not_observed
DQA1~DQB1,EUR,DQA1*01:02,DQB1*06:02,299.0,0.1984892992026856,0.1267310113302559,0.571576930690614,0.9876061856385008,estimated
DQA1~DQB1,EUR,DQA1*01:02,DQB1*06:03,,0.1984892992026856,0.0654637012169534,0.0103905699069222,-0.7739334309101751,suppressed_lt20
DQA1~DQB1,EUR,DQA1*01:02,DQB1*06:04,86.0,0.1984892992026856,0.0360889634913974,0.1511853405627894,1.0,estimated
DQA1~DQB1,EUR,DQA1*01:02,DQB1*06:09,33.0,0.1984892992026856,0.0138480906420478,0.0567046016823354,1.0,estimated
DQA1~DQB1,EUR,DQA1*01:03,DQB1*02:01,0.0,0.0704993705413344,0.1242131766680654,0.0107573379655418,-1.0,not_observed
DQA1~DQB1,EUR,DQA1*01:03,DQB1*02:02,0.0,0.0704993705413344,0.0805707091900965,0.0066465213220923,-1.0,not_observed
DQA1~DQB1,EUR,DQA1*01:03,DQB1*03:01,0.0,0.0704993705413344,0.195132186319765,0.0183882288972005,-1.0,not_observed
DQA1~DQB1,EUR,DQA1*01:03,DQB1*03:02,0.0,0.0704993705413344,0.1120436424674779,0.0095704233465758,-1.0,not_observed
DQA1~DQB1,EUR,DQA1*01:03,DQB1*03:03,0.0,0.0704993705413344,0.0482584976919848,0.0038458322882702,-1.0,not_observed
DQA1~DQB1,EUR,DQA1*01:03,DQB1*04:02,0.0,0.0704993705413344,0.0268569030633655,0.002093219522309,-1.0,not_observed
DQA1~DQB1,EUR,DQA1*01:03,DQB1*05:01,0.0,0.0704993705413344,0.1112043642467478,0.0094897652498097,-1.0,not_observed
DQA1~DQB1,EUR,DQA1*01:03,DQB1*05:02,0.0,0.0704993705413344,0.0159462861938732,0.0012290691014453,-1.0,not_observed
DQA1~DQB1,EUR,DQA1*01:03,DQB1*05:03,,0.0704993705413344,0.0276961812840956,0.0013316330618102,-0.7850829725829725,suppressed_lt20
DQA1~DQB1,EUR,DQA1*01:03,DQB1*06:02,,0.0704993705413344,0.1267310113302559,0.0090362236647851,-0.9060627562283192,suppressed_lt20
DQA1~DQB1,EUR,DQA1*01:03,DQB1*06:03,147.0,0.0704993705413344,0.0654637012169534,0.8124777456351289,0.937931932627192,estimated
DQA1~DQB1,EUR,DQA1*01:03,DQB1*06:04,0.0,0.0704993705413344,0.0360889634913974,0.0028397035685961,-1.0,not_observed
DQA1~DQB1,EUR,DQA1*01:03,DQB1*06:09,0.0,0.0704993705413344,0.0138480906420478,0.0010650785264876,-1.0,not_observed
DQA1~DQB1,EUR,DQA1*01:04,DQB1*02:01,0.0,0.0268569030633655,0.1242131766680654,0.00391424934289,-1.0,not_observed
DQA1~DQB1,EUR,DQA1*01:04,DQB1*02:02,0.0,0.0268569030633655,0.0805707091900965,0.0024184553651507,-1.0,not_observed
DQA1~DQB1,EUR,DQA1*01:04,DQB1*03:01,0.0,0.0268569030633655,0.195132186319765,0.0066908851528449,-1.0,not_observed
DQA1~DQB1,EUR,DQA1*01:04,DQB1*03:02,0.0,0.0268569030633655,0.1120436424674779,0.0034823692827639,-1.0,not_observed
DQA1~DQB1,EUR,DQA1*01:04,DQB1*03:03,0.0,0.0268569030633655,0.0482584976919848,0.0013993746924607,-1.0,not_observed
DQA1~DQB1,EUR,DQA1*01:04,DQB1*04:02,0.0,0.0268569030633655,0.0268569030633655,0.0007616552688005,-1.0,not_observed
DQA1~DQB1,EUR,DQA1*01:04,DQB1*05:01,0.0,0.0268569030633655,0.1112043642467478,0.0034530203952161,-1.0,not_observed
DQA1~DQB1,EUR,DQA1*01:04,DQB1*05:02,0.0,0.0268569030633655,0.0159462861938732,0.0004472187206639,-1.0,not_observed
DQA1~DQB1,EUR,DQA1*01:04,DQB1*05:03,64.0,0.0268569030633655,0.0276961812840956,0.9688606635566532,1.0,estimated
DQA1~DQB1,EUR,DQA1*01:04,DQB1*06:02,0.0,0.0268569030633655,0.1267310113302559,0.0040051066767871,-1.0,not_observed
DQA1~DQB1,EUR,DQA1*01:04,DQB1*06:03,0.0,0.0268569030633655,0.0654637012169534,0.0019332303593845,-1.0,not_observed
DQA1~DQB1,EUR,DQA1*01:04,DQB1*06:04,0.0,0.0268569030633655,0.0360889634913974,0.0010332768072347,-1.0,not_observed
DQA1~DQB1,EUR,DQA1*01:04,DQB1*06:09,0.0,0.0268569030633655,0.0138480906420478,0.0003875478241721,-1.0,not_observed
DQA1~DQB1,EUR,DQA1*02:01,DQB1*02:01,0.0,0.1204364246747796,0.1242131766680654,0.0194204764499976,-1.0,not_observed
DQA1~DQB1,EUR,DQA1*02:01,DQB1*02:02,189.0,0.1204364246747796,0.0805707091900965,0.6174467267146354,0.9822355081106872,estimated
DQA1~DQB1,EUR,DQA1*02:01,DQB1*03:01,,0.1204364246747796,0.195132186319765,0.0286239197932117,-0.9285751751526732,suppressed_lt20
DQA1~DQB1,EUR,DQA1*02:01,DQB1*03:02,0.0,0.1204364246747796,0.1120436424674779,0.0172777114388375,-1.0,not_observed
DQA1~DQB1,EUR,DQA1*02:01,DQB1*03:03,92.0,0.1204364246747796,0.0482584976919848,0.2210496771631137,0.7726145038167939,estimated
DQA1~DQB1,EUR,DQA1*02:01,DQB1*04:02,,0.1204364246747796,0.0268569030633655,0.0028620115596985,-0.8702635017421604,suppressed_lt20
DQA1~DQB1,EUR,DQA1*02:01,DQB1*05:01,0.0,0.1204364246747796,0.1112043642467478,0.0171320974706081,-1.0,not_observed
DQA1~DQB1,EUR,DQA1*02:01,DQB1*05:02,0.0,0.1204364246747796,0.0159462861938732,0.0022188674945881,-1.0,not_observed
DQA1~DQB1,EUR,DQA1*02:01,DQB1*05:03,0.0,0.1204364246747796,0.0276961812840956,0.0039003943635986,-1.0,not_observed
DQA1~DQB1,EUR,DQA1*02:01,DQB1*06:02,0.0,0.1204364246747796,0.1267310113302559,0.0198712634486502,-1.0,not_observed
DQA1~DQB1,EUR,DQA1*02:01,DQB1*06:03,0.0,0.1204364246747796,0.0654637012169534,0.0095916870331839,-1.0,not_observed
DQA1~DQB1,EUR,DQA1*02:01,DQB1*06:04,0.0,0.1204364246747796,0.0360889634913974,0.0051265839611574,-1.0,not_observed
DQA1~DQB1,EUR,DQA1*02:01,DQB1*06:09,0.0,0.1204364246747796,0.0138480906420478,0.00192281143414,-1.0,not_observed
DQA1~DQB1,EUR,DQA1*03:01,DQB1*02:01,0.0,0.1015526647083508,0.1242131766680654,0.0160312711841078,-1.0,not_observed
DQA1~DQB1,EUR,DQA1*03:01,DQB1*02:02,0.0,0.1015526647083508,0.0805707091900965,0.0099050700170179,-1.0,not_observed
DQA1~DQB1,EUR,DQA1*03:01,DQB1*03:01,,0.1015526647083508,0.195132186319765,0.0262549839492396,-0.9788234248644808,suppressed_lt20
DQA1~DQB1,EUR,DQA1*03:01,DQB1*03:02,239.0,0.1015526647083508,0.1120436424674779,0.8709462424709047,0.9860390726304114,estimated
DQA1~DQB1,EUR,DQA1*03:01,DQB1*03:03,0.0,0.1015526647083508,0.0482584976919848,0.0057313045791949,-1.0,not_observed
DQA1~DQB1,EUR,DQA1*03:01,DQB1*04:02,0.0,0.1015526647083508,0.0268569030633655,0.0031194492464117,-1.0,not_observed
DQA1~DQB1,EUR,DQA1*03:01,DQB1*05:01,0.0,0.1015526647083508,0.1112043642467478,0.0141422534720522,-1.0,not_observed
DQA1~DQB1,EUR,DQA1*03:01,DQB1*05:02,0.0,0.1015526647083508,0.0159462861938732,0.0018316371701245,-1.0,not_observed
DQA1~DQB1,EUR,DQA1*03:01,DQB1*05:03,0.0,0.1015526647083508,0.0276961812840956,0.0032197088433339,-1.0,not_observed
DQA1~DQB1,EUR,DQA1*03:01,DQB1*06:02,0.0,0.1015526647083508,0.1267310113302559,0.0164033881422204,-1.0,not_observed
DQA1~DQB1,EUR,DQA1*03:01,DQB1*06:03,0.0,0.1015526647083508,0.0654637012169534,0.0079177736106511,-1.0,not_observed
DQA1~DQB1,EUR,DQA1*03:01,DQB1*06:04,0.0,0.1015526647083508,0.0360889634913974,0.0042319073860529,-1.0,not_observed
DQA1~DQB1,EUR,DQA1*03:01,DQB1*06:09,0.0,0.1015526647083508,0.0138480906420478,0.0015872479553201,-1.0,not_observed
DQA1~DQB1,EUR,DQA1*03:02,DQB1*02:01,0.0,0.0092320604280318,0.1242131766680654,0.0013215876017548,-1.0,not_observed
DQA1~DQB1,EUR,DQA1*03:02,DQB1*02:02,0.0,0.0092320604280318,0.0805707091900965,0.0008165551925776,-1.0,not_observed
DQA1~DQB1,EUR,DQA1*03:02,DQB1*03:01,0.0,0.0092320604280318,0.195132186319765,0.0022590770510895,-1.0,not_observed
DQA1~DQB1,EUR,DQA1*03:02,DQB1*03:02,0.0,0.0092320604280318,0.1120436424674779,0.0011757697749103,-1.0,not_observed
DQA1~DQB1,EUR,DQA1*03:02,DQB1*03:03,22.0,0.0092320604280318,0.0482584976919848,0.1837688525495829,1.0,estimated
DQA1~DQB1,EUR,DQA1*03:02,DQB1*04:02,0.0,0.0092320604280318,0.0268569030633655,0.0002571614815204,-1.0,not_observed
DQA1~DQB1,EUR,DQA1*03:02,DQB1*05:01,0.0,0.0092320604280318,0.1112043642467478,0.0011658605630766,-1.0,not_observed
DQA1~DQB1,EUR,DQA1*03:02,DQB1*05:02,0.0,0.0092320604280318,0.0159462861938732,0.0001509966955926,-1.0,not_observed
DQA1~DQB1,EUR,DQA1*03:02,DQB1*05:03,0.0,0.0092320604280318,0.0276961812840956,0.0002654266926024,-1.0,not_observed
DQA1~DQB1,EUR,DQA1*03:02,DQB1*06:02,0.0,0.0092320604280318,0.1267310113302559,0.0013522642182624,-1.0,not_observed
DQA1~DQB1,EUR,DQA1*03:02,DQB1*06:03,0.0,0.0092320604280318,0.0654637012169534,0.000652726244673,-1.0,not_observed
DQA1~DQB1,EUR,DQA1*03:02,DQB1*06:04,0.0,0.0092320604280318,0.0360889634913974,0.0003488704213753,-1.0,not_observed
DQA1~DQB1,EUR,DQA1*03:02,DQB1*06:09,0.0,0.0092320604280318,0.0138480906420478,0.0001308497120765,-1.0,not_observed
DQA1~DQB1,EUR,DQA1*03:03,DQB1*02:01,0.0,0.0772135963071758,0.1242131766680654,0.0118675714644,-1.0,not_observed
DQA1~DQB1,EUR,DQA1*03:03,DQB1*02:02,,0.0772135963071758,0.0805707091900965,0.0054875297045997,-0.8650928442028986,suppressed_lt20
DQA1~DQB1,EUR,DQA1*03:03,DQB1*03:01,147.0,0.0772135963071758,0.195132186319765,0.1942217226855424,0.7501615133517705,estimated
DQA1~DQB1,EUR,DQA1*03:03,DQB1*03:02,27.0,0.0772135963071758,0.1120436424674779,0.0010124177563126,0.0390734157968275,estimated
DQA1~DQB1,EUR,DQA1*03:03,DQB1*03:03,,0.0772135963071758,0.0482584976919848,0.0033409384106308,-0.8873818525519849,suppressed_lt20
DQA1~DQB1,EUR,DQA1*03:03,DQB1*04:02,,0.0772135963071758,0.0268569030633655,0.0003565128795598,-0.3929177989130434,suppressed_lt20
DQA1~DQB1,EUR,DQA1*03:03,DQB1*05:01,0.0,0.0772135963071758,0.1112043642467478,0.0104691762630537,-1.0,not_observed
DQA1~DQB1,EUR,DQA1*03:03,DQB1*05:02,0.0,0.0772135963071758,0.0159462861938732,0.0013559177412489,-1.0,not_observed
DQA1~DQB1,EUR,DQA1*03:03,DQB1*05:03,0.0,0.0772135963071758,0.0276961812840956,0.0023834744203381,-1.0,not_observed
DQA1~DQB1,EUR,DQA1*03:03,DQB1*06:02,0.0,0.0772135963071758,0.1267310113302559,0.0121430408606069,-1.0,not_observed
DQA1~DQB1,EUR,DQA1*03:03,DQB1*06:03,0.0,0.0772135963071758,0.0654637012169534,0.0058613408184681,-1.0,not_observed
DQA1~DQB1,EUR,DQA1*03:03,DQB1*06:04,0.0,0.0772135963071758,0.0360889634913974,0.0031327810975147,-1.0,not_observed
DQA1~DQB1,EUR,DQA1*03:03,DQB1*06:09,0.0,0.0772135963071758,0.0138480906420478,0.001175002177005,-1.0,not_observed
DQA1~DQB1,EUR,DQA1*04:01,DQB1*02:01,0.0,0.0226605119597146,0.1242131766680654,0.0032884673425608,-1.0,not_observed
DQA1~DQB1,EUR,DQA1*04:01,DQB1*02:02,0.0,0.0226605119597146,0.0805707091900965,0.0020318101354951,-1.0,not_observed
DQA1~DQB1,EUR,DQA1*04:01,DQB1*03:01,0.0,0.0226605119597146,0.195132186319765,0.0056211946124285,-1.0,not_observed
DQA1~DQB1,EUR,DQA1*04:01,DQB1*03:02,0.0,0.0226605119597146,0.1120436424674779,0.0029256331566887,-1.0,not_observed
DQA1~DQB1,EUR,DQA1*04:01,DQB1*03:03,0.0,0.0226605119597146,0.0482584976919848,0.0011756527428489,-1.0,not_observed
DQA1~DQB1,EUR,DQA1*04:01,DQB1*04:02,54.0,0.0226605119597146,0.0268569030633655,0.8401272005152426,1.0,estimated
DQA1~DQB1,EUR,DQA1*04:01,DQB1*05:01,0.0,0.0226605119597146,0.1112043642467478,0.0029009763579549,-1.0,not_observed
DQA1~DQB1,EUR,DQA1*04:01,DQB1*05:02,0.0,0.0226605119597146,0.0159462861938732,0.0003757206118093,-1.0,not_observed
DQA1~DQB1,EUR,DQA1*04:01,DQB1*05:03,0.0,0.0226605119597146,0.0276961812840956,0.0006604533890209,-1.0,not_observed
DQA1~DQB1,EUR,DQA1*04:01,DQB1*06:02,0.0,0.0226605119597146,0.1267310113302559,0.0033647990601341,-1.0,not_observed
DQA1~DQB1,EUR,DQA1*04:01,DQB1*06:03,0.0,0.0226605119597146,0.0654637012169534,0.0016241594097807,-1.0,not_observed
DQA1~DQB1,EUR,DQA1*04:01,DQB1*06:04,0.0,0.0226605119597146,0.0360889634913974,0.0008680839514194,-1.0,not_observed
DQA1~DQB1,EUR,DQA1*04:01,DQB1*06:09,0.0,0.0226605119597146,0.0138480906420478,0.0003255894685875,-1.0,not_observed
DQA1~DQB1,EUR,DQA1*05:01,DQB1*02:01,295.0,0.1237935375577003,0.1242131766680654,0.996144312415864,1.0,estimated
DQA1~DQB1,EUR,DQA1*05:01,DQB1*02:02,0.0,0.1237935375577003,0.0805707091900965,0.0123808474585162,-1.0,not_observed
DQA1~DQB1,EUR,DQA1*05:01,DQB1*03:01,0.0,0.1237935375577003,0.195132186319765,0.0342527836707298,-1.0,not_observed
DQA1~DQB1,EUR,DQA1*05:01,DQB1*03:02,0.0,0.1237935375577003,0.1120436424674779,0.0178273634921669,-1.0,not_observed
DQA1~DQB1,EUR,DQA1*05:01,DQB1*03:03,0.0,0.1237935375577003,0.0482584976919848,0.0071638471622507,-1.0,not_observed
DQA1~DQB1,EUR,DQA1*05:01,DQB1*04:02,0.0,0.1237935375577003,0.0268569030633655,0.0038991572202974,-1.0,not_observed
DQA1~DQB1,EUR,DQA1*05:01,DQB1*05:01,0.0,0.1237935375577003,0.1112043642467478,0.0176771171386292,-1.0,not_observed
DQA1~DQB1,EUR,DQA1*05:01,DQB1*05:02,0.0,0.1237935375577003,0.0159462861938732,0.0022894558406653,-1.0,not_observed
DQA1~DQB1,EUR,DQA1*05:01,DQB1*05:03,0.0,0.1237935375577003,0.0276961812840956,0.0040244767560112,-1.0,not_observed
DQA1~DQB1,EUR,DQA1*05:01,DQB1*06:02,0.0,0.1237935375577003,0.1267310113302559,0.020503423604552,-1.0,not_observed
DQA1~DQB1,EUR,DQA1*05:01,DQB1*06:03,0.0,0.1237935375577003,0.0654637012169534,0.0098968252739369,-1.0,not_observed
DQA1~DQB1,EUR,DQA1*05:01,DQB1*06:04,0.0,0.1237935375577003,0.0360889634913974,0.0052896748549248,-1.0,not_observed
DQA1~DQB1,EUR,DQA1*05:01,DQB1*06:09,0.0,0.1237935375577003,0.0138480906420478,0.0019839814135485,-1.0,not_observed
DQA1~DQB1,EUR,DQA1*05:05,DQB1*02:01,0.0,0.1288292068820814,0.1242131766680654,0.020973952894928,-1.0,not_observed
DQA1~DQB1,EUR,DQA1*05:05,DQB1*02:02,,0.1288292068820814,0.0805707091900965,0.0119323182347483,-0.9595717969598262,suppressed_lt20
DQA1~DQB1,EUR,DQA1*05:05,DQB1*03:01,298.0,0.1288292068820814,0.195132186319765,0.5663426057382459,0.9635766763016578,estimated
DQA1~DQB1,EUR,DQA1*05:05,DQB1*03:02,0.0,0.1288292068820814,0.1120436424674779,0.0186597845209086,-1.0,not_observed
DQA1~DQB1,EUR,DQA1*05:05,DQB1*03:03,0.0,0.1288292068820814,0.0482584976919848,0.0074983518705419,-1.0,not_observed
DQA1~DQB1,EUR,DQA1*05:05,DQB1*04:02,0.0,0.1288292068820814,0.0268569030633655,0.0040812223061398,-1.0,not_observed
DQA1~DQB1,EUR,DQA1*05:05,DQB1*05:01,0.0,0.1288292068820814,0.1112043642467478,0.0185025226474243,-1.0,not_observed
DQA1~DQB1,EUR,DQA1*05:05,DQB1*05:02,0.0,0.1288292068820814,0.0159462861938732,0.0023963584225856,-1.0,not_observed
DQA1~DQB1,EUR,DQA1*05:05,DQB1*05:03,0.0,0.1288292068820814,0.0276961812840956,0.0042123934427865,-1.0,not_observed
DQA1~DQB1,EUR,DQA1*05:05,DQB1*06:02,0.0,0.1288292068820814,0.1267310113302559,0.0214607991007732,-1.0,not_observed
DQA1~DQB1,EUR,DQA1*05:05,DQB1*06:03,0.0,0.1288292068820814,0.0654637012169534,0.0103589421472158,-1.0,not_observed
DQA1~DQB1,EUR,DQA1*05:05,DQB1*06:04,0.0,0.1288292068820814,0.0360889634913974,0.0055366680003992,-1.0,not_observed
DQA1~DQB1,EUR,DQA1*05:05,DQB1*06:09,0.0,0.1288292068820814,0.0138480906420478,0.0020766203419013,-1.0,not_observed
DQA1~DQB1,MID,DQA1*01:01,DQB1*02:01,0.0,0.0621669626998223,0.1065719360568383,0.0079071028375203,-1.0,not_observed
DQA1~DQB1,MID,DQA1*01:01,DQB1*02:02,0.0,0.0621669626998223,0.0976909413854351,0.0071768372703412,-1.0,not_observed
DQA1~DQB1,MID,DQA1*01:01,DQB1*03:01,0.0,0.0621669626998223,0.2575488454706927,0.0229945991010584,-1.0,not_observed
DQA1~DQB1,MID,DQA1*01:01,DQB1*03:02,0.0,0.0621669626998223,0.1172291296625222,0.0088028169014084,-1.0,not_observed
DQA1~DQB1,MID,DQA1*01:01,DQB1*04:02,0.0,0.0621669626998223,0.0355239786856127,0.0024415424967911,-1.0,not_observed
DQA1~DQB1,MID,DQA1*01:01,DQB1*05:01,35.0,0.0621669626998223,0.0976909413854351,0.6122589531680439,1.0,estimated
DQA1~DQB1,MID,DQA1*01:01,DQB1*06:01,0.0,0.0621669626998223,0.0479573712255772,0.0033391282225237,-1.0,not_observed
DQA1~DQB1,MID,DQA1*01:01,DQB1*06:02,0.0,0.0621669626998223,0.0426287744227353,0.0029515938606847,-1.0,not_observed
DQA1~DQB1,MID,DQA1*01:01,DQB1*06:03,0.0,0.0621669626998223,0.0355239786856127,0.0024415424967911,-1.0,not_observed
DQA1~DQB1,MID,DQA1*01:02,DQB1*02:01,0.0,0.1154529307282415,0.1065719360568383,0.015569235191262,-1.0,not_observed
DQA1~DQB1,MID,DQA1*01:02,DQB1*02:02,0.0,0.1154529307282415,0.0976909413854351,0.0141313284634601,-1.0,not_observed
DQA1~DQB1,MID,DQA1*01:02,DQB1*03:01,0.0,0.1154529307282415,0.2575488454706927,0.0452768009838396,-1.0,not_observed
DQA1~DQB1,MID,DQA1*01:02,DQB1*03:02,0.0,0.1154529307282415,0.1172291296625222,0.0173329131414996,-1.0,not_observed
DQA1~DQB1,MID,DQA1*01:02,DQB1*04:02,0.0,0.1154529307282415,0.0355239786856127,0.004807443401599,-1.0,not_observed
DQA1~DQB1,MID,DQA1*01:02,DQB1*05:01,0.0,0.1154529307282415,0.0976909413854351,0.0141313284634601,-1.0,not_observed
DQA1~DQB1,MID,DQA1*01:02,DQB1*06:01,,0.1154529307282415,0.0479573712255772,0.0030330617874824,-0.6792022792022792,suppressed_lt20
DQA1~DQB1,MID,DQA1*01:02,DQB1*06:02,24.0,0.1154529307282415,0.0426287744227353,0.3411445697159982,1.0,estimated
DQA1~DQB1,MID,DQA1*01:02,DQB1*06:03,,0.1154529307282415,0.0355239786856127,8.612435291527337e-05,-0.1338461538461537,suppressed_lt20
DQA1~DQB1,MID,DQA1*01:03,DQB1*02:01,0.0,0.0799289520426287,0.1065719360568383,0.0103625352134298,-1.0,not_observed
DQA1~DQB1,MID,DQA1*01:03,DQB1*02:02,0.0,0.0799289520426287,0.0976909413854351,0.009405496610221,-1.0,not_observed
DQA1~DQB1,MID,DQA1*01:03,DQB1*03:01,0.0,0.0799289520426287,0.2575488454706927,0.0301352275036485,-1.0,not_observed
DQA1~DQB1,MID,DQA1*01:03,DQB1*03:02,0.0,0.0799289520426287,0.1172291296625222,0.0115363998663797,-1.0,not_observed
DQA1~DQB1,MID,DQA1*01:03,DQB1*04:02,0.0,0.0799289520426287,0.0355239786856127,0.003199726956633,-1.0,not_observed
DQA1~DQB1,MID,DQA1*01:03,DQB1*05:01,0.0,0.0799289520426287,0.0976909413854351,0.009405496610221,-1.0,not_observed
DQA1~DQB1,MID,DQA1*01:03,DQB1*06:01,26.0,0.0799289520426287,0.0479573712255772,0.5341071022455766,0.9597454597454598,estimated
DQA1~DQB1,MID,DQA1*01:03,DQB1*06:02,0.0,0.0799289520426287,0.0426287744227353,0.0038681671334732,-1.0,not_observed
DQA1~DQB1,MID,DQA1*01:03,DQB1*06:03,,0.0799289520426287,0.0355239786856127,0.3368275773800636,0.8913127413127413,suppressed_lt20
DQA1~DQB1,MID,DQA1*02:01,DQB1*02:01,0.0,0.0941385435168739,0.1065719360568383,0.0123962109694772,-1.0,not_observed
DQA1~DQB1,MID,DQA1*02:01,DQB1*02:02,42.0,0.0941385435168739,0.0976909413854351,0.5690730983442929,0.7699821720398157,estimated
DQA1~DQB1,MID,DQA1*02:01,DQB1*03:01,0.0,0.0941385435168739,0.2575488454706927,0.0360493479688526,-1.0,not_observed
DQA1~DQB1,MID,DQA1*02:01,DQB1*03:02,,0.0941385435168739,0.1172291296625222,0.0097156048094754,-0.8390508862206975,suppressed_lt20
DQA1~DQB1,MID,DQA1*02:01,DQB1*04:02,0.0,0.0941385435168739,0.0355239786856127,0.0038276820857256,-1.0,not_observed
DQA1~DQB1,MID,DQA1*02:01,DQB1*05:01,0.0,0.0941385435168739,0.0976909413854351,0.0112513509340744,-1.0,not_observed
DQA1~DQB1,MID,DQA1*02:01,DQB1*06:01,0.0,0.0941385435168739,0.0479573712255772,0.0052348551360842,-1.0,not_observed
DQA1~DQB1,MID,DQA1*02:01,DQB1*06:02,0.0,0.0941385435168739,0.0426287744227353,0.0046273054676416,-1.0,not_observed
DQA1~DQB1,MID,DQA1*02:01,DQB1*06:03,0.0,0.0941385435168739,0.0355239786856127,0.0038276820857256,-1.0,not_observed
DQA1~DQB1,MID,DQA1*03:01,DQB1*02:01,0.0,0.1314387211367673,0.1065719360568383,0.0180512019905109,-1.0,not_observed
DQA1~DQB1,MID,DQA1*03:01,DQB1*02:02,0.0,0.1314387211367673,0.0976909413854351,0.0163840716229489,-1.0,not_observed
DQA1~DQB1,MID,DQA1*03:01,DQB1*03:01,,0.1314387211367673,0.2575488454706927,0.0471303629482289,-0.9475302889095992,suppressed_lt20
DQA1~DQB1,MID,DQA1*03:01,DQB1*03:02,58.0,0.1314387211367673,0.1172291296625222,0.6496969924776024,0.8604449401995413,estimated
DQA1~DQB1,MID,DQA1*03:01,DQB1*04:02,0.0,0.1314387211367673,0.0355239786856127,0.005573821118003,-1.0,not_observed
DQA1~DQB1,MID,DQA1*03:01,DQB1*05:01,0.0,0.1314387211367673,0.0976909413854351,0.0163840716229489,-1.0,not_observed
DQA1~DQB1,MID,DQA1*03:01,DQB1*06:01,0.0,0.1314387211367673,0.0479573712255772,0.0076229283032689,-1.0,not_observed
DQA1~DQB1,MID,DQA1*03:01,DQB1*06:02,0.0,0.1314387211367673,0.0426287744227353,0.0067382223385729,-1.0,not_observed
DQA1~DQB1,MID,DQA1*03:01,DQB1*06:03,0.0,0.1314387211367673,0.0355239786856127,0.005573821118003,-1.0,not_observed
DQA1~DQB1,MID,DQA1*03:03,DQB1*02:01,0.0,0.0603907637655417,0.1065719360568383,0.0076666654139435,-1.0,not_observed
DQA1~DQB1,MID,DQA1*03:03,DQB1*02:02,,0.0603907637655417,0.0976909413854351,0.0371885701127123,0.2502894858730894,suppressed_lt20
DQA1~DQB1,MID,DQA1*03:03,DQB1*03:01,,0.0603907637655417,0.2575488454706927,0.009635609452093,-0.6574036511156187,suppressed_lt20
DQA1~DQB1,MID,DQA1*03:03,DQB1*03:02,,0.0603907637655417,0.1172291296625222,0.0048812243747114,0.1004260859273286,suppressed_lt20
DQA1~DQB1,MID,DQA1*03:03,DQB1*04:02,,0.0603907637655417,0.0355239786856127,0.1254428705444935,0.4678638941398866,suppressed_lt20
DQA1~DQB1,MID,DQA1*03:03,DQB1*05:01,0.0,0.0603907637655417,0.0976909413854351,0.0069586055996308,-1.0,not_observed
DQA1~DQB1,MID,DQA1*03:03,DQB1*06:01,0.0,0.0603907637655417,0.0479573712255772,0.0032375927545636,-1.0,not_observed
DQA1~DQB1,MID,DQA1*03:03,DQB1*06:02,0.0,0.0603907637655417,0.0426287744227353,0.0028618424513644,-1.0,not_observed
DQA1~DQB1,MID,DQA1*03:03,DQB1*06:03,0.0,0.0603907637655417,0.0355239786856127,0.0023673006158462,-1.0,not_observed
DQA1~DQB1,MID,DQA1*05:01,DQB1*02:01,60.0,0.1065719360568383,0.1065719360568383,1.0,1.0,estimated
DQA1~DQB1,MID,DQA1*05:01,DQB1*02:02,0.0,0.1065719360568383,0.0976909413854351,0.01291463815532,-1.0,not_observed
DQA1~DQB1,MID,DQA1*05:01,DQB1*03:01,0.0,0.1065719360568383,0.2575488454706927,0.0413785231196552,-1.0,not_observed
DQA1~DQB1,MID,DQA1*05:01,DQB1*03:02,0.0,0.1065719360568383,0.1172291296625222,0.0158405702605293,-1.0,not_observed
DQA1~DQB1,MID,DQA1*05:01,DQB1*04:02,0.0,0.1065719360568383,0.0355239786856127,0.0043935283327658,-1.0,not_observed
DQA1~DQB1,MID,DQA1*05:01,DQB1*05:01,0.0,0.1065719360568383,0.0976909413854351,0.01291463815532,-1.0,not_observed
DQA1~DQB1,MID,DQA1*05:01,DQB1*06:01,0.0,0.1065719360568383,0.0479573712255772,0.0060087237767425,-1.0,not_observed
DQA1~DQB1,MID,DQA1*05:01,DQB1*06:02,0.0,0.1065719360568383,0.0426287744227353,0.0053113600401302,-1.0,not_observed
DQA1~DQB1,MID,DQA1*05:01,DQB1*06:03,0.0,0.1065719360568383,0.0355239786856127,0.0043935283327658,-1.0,not_observed
DQA1~DQB1,MID,DQA1*05:05,DQB1*02:01,0.0,0.2451154529307282,0.1065719360568383,0.0387323120102911,-1.0,not_observed
DQA1~DQB1,MID,DQA1*05:05,DQB1*02:02,,0.2451154529307282,0.0976909413854351,0.025498126847141,-0.851646903820817,suppressed_lt20
DQA1~DQB1,MID,DQA1*05:05,DQB1*03:01,132.0,0.2451154529307282,0.2575488454706927,0.8296278643678441,0.9414395672976908,estimated
DQA1~DQB1,MID,DQA1*05:05,DQB1*03:02,0.0,0.2451154529307282,0.1172291296625222,0.0431198958456622,-1.0,not_observed
DQA1~DQB1,MID,DQA1*05:05,DQB1*04:02,0.0,0.2451154529307282,0.0355239786856127,0.0119597010074748,-1.0,not_observed
DQA1~DQB1,MID,DQA1*05:05,DQB1*05:01,0.0,0.2451154529307282,0.0976909413854351,0.0351551644279759,-1.0,not_observed
DQA1~DQB1,MID,DQA1*05:05,DQB1*06:01,0.0,0.2451154529307282,0.0479573712255772,0.0163564530289727,-1.0,not_observed
DQA1~DQB1,MID,DQA1*05:05,DQB1*06:02,0.0,0.2451154529307282,0.0426287744227353,0.0144581468951216,-1.0,not_observed
DQA1~DQB1,MID,DQA1*05:05,DQB1*06:03,0.0,0.2451154529307282,0.0355239786856127,0.0119597010074748,-1.0,not_observed
DQA1~DQB1,SAS,DQA1*01:01,DQB1*02:01,0.0,0.0423847228691197,0.071727992547741,0.0034200440842559,-1.0,not_observed
DQA1~DQB1,SAS,DQA1*01:01,DQB1*02:02,0.0,0.0423847228691197,0.1024685607824871,0.0050531157683461,-1.0,not_observed
DQA1~DQB1,SAS,DQA1*01:01,DQB1*03:01,0.0,0.0423847228691197,0.1383325570563577,0.0071056367651698,-1.0,not_observed
DQA1~DQB1,SAS,DQA1*01:01,DQB1*03:02,0.0,0.0423847228691197,0.0908244061481136,0.0044215351310837,-1.0,not_observed
DQA1~DQB1,SAS,DQA1*01:01,DQB1*03:03,0.0,0.0423847228691197,0.0773171867722403,0.0037088724202884,-1.0,not_observed
DQA1~DQB1,SAS,DQA1*01:01,DQB1*04:02,0.0,0.0423847228691197,0.0102468560782487,0.0004582284275577,-1.0,not_observed
DQA1~DQB1,SAS,DQA1*01:01,DQB1*05:01,86.0,0.0423847228691197,0.0912901723334885,0.3889067606343772,0.939535093302392,estimated
DQA1~DQB1,SAS,DQA1*01:01,DQB1*05:02,,0.0423847228691197,0.0270144387517466,0.0004833091879395,0.0277572789480746,suppressed_lt20
DQA1~DQB1,SAS,DQA1*01:01,DQB1*05:03,,0.0423847228691197,0.0968793665579878,0.0037319002597645,-0.8865701606086221,suppressed_lt20
DQA1~DQB1,SAS,DQA1*01:01,DQB1*06:01,0.0,0.0423847228691197,0.1667442943642291,0.0088570881717717,-1.0,not_observed
DQA1~DQB1,SAS,DQA1*01:01,DQB1*06:02,0.0,0.0423847228691197,0.0270144387517466,0.0012288753578593,-1.0,not_observed
DQA1~DQB1,SAS,DQA1*01:01,DQB1*06:03,0.0,0.0423847228691197,0.0582207731718677,0.0027361956224718,-1.0,not_observed
DQA1~DQB1,SAS,DQA1*01:01,DQB1*06:04,0.0,0.0423847228691197,0.0139729855612482,0.000627218238863,-1.0,not_observed
DQA1~DQB1,SAS,DQA1*01:01,DQB1*06:09,0.0,0.0423847228691197,0.0172333488588728,0.0007761355044535,-1.0,not_observed
DQA1~DQB1,SAS,DQA1*01:02,DQB1*02:01,0.0,0.1159757801583605,0.071727992547741,0.0101371660664803,-1.0,not_observed
DQA1~DQB1,SAS,DQA1*01:02,DQB1*02:02,0.0,0.1159757801583605,0.1024685607824871,0.0149776647420085,-1.0,not_observed
DQA1~DQB1,SAS,DQA1*01:02,DQB1*03:01,0.0,0.1159757801583605,0.1383325570563577,0.0210614302395124,-1.0,not_observed
DQA1~DQB1,SAS,DQA1*01:02,DQB1*03:02,0.0,0.1159757801583605,0.0908244061481136,0.0131056310352571,-1.0,not_observed
DQA1~DQB1,SAS,DQA1*01:02,DQB1*03:03,0.0,0.1159757801583605,0.0773171867722403,0.0109932663783285,-1.0,not_observed
DQA1~DQB1,SAS,DQA1*01:02,DQB1*04:02,0.0,0.1159757801583605,0.0102468560782487,0.0013582098803694,-1.0,not_observed
DQA1~DQB1,SAS,DQA1*01:02,DQB1*05:01,,0.1159757801583605,0.0912901723334885,0.0120454970429086,-0.9560077042865338,suppressed_lt20
DQA1~DQB1,SAS,DQA1*01:02,DQB1*05:02,50.0,0.1159757801583605,0.0270144387517466,0.150745457372209,0.8439736928163949,estimated
DQA1~DQB1,SAS,DQA1*01:02,DQB1*05:03,0.0,0.1159757801583605,0.0968793665579878,0.0140730640705913,-1.0,not_observed
DQA1~DQB1,SAS,DQA1*01:02,DQB1*06:01,69.0,0.1159757801583605,0.1667442943642291,0.011500846912602,0.1324493053263921,estimated
DQA1~DQB1,SAS,DQA1*01:02,DQB1*06:02,57.0,0.1159757801583605,0.0270144387517466,0.2034598394731446,0.9804967116020494,estimated
DQA1~DQB1,SAS,DQA1*01:02,DQB1*06:03,,0.1159757801583605,0.0582207731718677,0.0042521197806226,-0.7240803212851405,suppressed_lt20
DQA1~DQB1,SAS,DQA1*01:02,DQB1*06:04,30.0,0.1159757801583605,0.0139729855612482,0.1080182800166182,1.0,estimated
DQA1~DQB1,SAS,DQA1*01:02,DQB1*06:09,37.0,0.1159757801583605,0.0172333488588728,0.133664515883439,1.0,estimated
DQA1~DQB1,SAS,DQA1*01:03,DQB1*02:01,0.0,0.19981369352585,0.071727992547741,0.0192951231522201,-1.0,not_observed
DQA1~DQB1,SAS,DQA1*01:03,DQB1*02:02,0.0,0.19981369352585,0.1024685607824871,0.0285085480334901,-1.0,not_observed
DQA1~DQB1,SAS,DQA1*01:03,DQB1*03:01,0.0,0.19981369352585,0.1383325570563577,0.0400884120441745,-1.0,not_observed
DQA1~DQB1,SAS,DQA1*01:03,DQB1*03:02,0.0,0.19981369352585,0.0908244061481136,0.0249453114563255,-1.0,not_observed
DQA1~DQB1,SAS,DQA1*01:03,DQB1*03:03,0.0,0.19981369352585,0.0773171867722403,0.0209246279703751,-1.0,not_observed
DQA1~DQB1,SAS,DQA1*01:03,DQB1*04:02,0.0,0.19981369352585,0.0102468560782487,0.0025852222146134,-1.0,not_observed
DQA1~DQB1,SAS,DQA1*01:03,DQB1*05:01,0.0,0.19981369352585,0.0912901723334885,0.0250860876097687,-1.0,not_observed
DQA1~DQB1,SAS,DQA1*01:03,DQB1*05:02,0.0,0.19981369352585,0.0270144387517466,0.0069330396873472,-1.0,not_observed
DQA1~DQB1,SAS,DQA1*01:03,DQB1*05:03,,0.19981369352585,0.0968793665579878,0.0086087299329465,-0.5669042495965573,suppressed_lt20
DQA1~DQB1,SAS,DQA1*01:03,DQB1*06:01,284.0,0.19981369352585,0.1667442943642291,0.4408308766709004,0.7416802700294614,estimated
DQA1~DQB1,SAS,DQA1*01:03,DQB1*06:02,,0.19981369352585,0.0270144387517466,0.0057881933754246,-0.9137127240575516,suppressed_lt20
DQA1~DQB1,SAS,DQA1*01:03,DQB1*06:03,121.0,0.19981369352585,0.0582207731718677,0.2281632116861681,0.9600093131548312,estimated
DQA1~DQB1,SAS,DQA1*01:03,DQB1*06:04,0.0,0.19981369352585,0.0139729855612482,0.003538624901911,-1.0,not_observed
DQA1~DQB1,SAS,DQA1*01:03,DQB1*06:09,0.0,0.19981369352585,0.0172333488588728,0.0043787827794911,-1.0,not_observed
DQA1~DQB1,SAS,DQA1*01:04,DQB1*02:01,0.0,0.0940847694457382,0.071727992547741,0.0080250026764627,-1.0,not_observed
DQA1~DQB1,SAS,DQA1*01:04,DQB1*02:02,0.0,0.0940847694457382,0.1024685607824871,0.0118569429417971,-1.0,not_observed
DQA1~DQB1,SAS,DQA1*01:04,DQB1*03:01,0.0,0.0940847694457382,0.1383325570563577,0.0166731049815882,-1.0,not_observed
DQA1~DQB1,SAS,DQA1*01:04,DQB1*03:02,0.0,0.0940847694457382,0.0908244061481136,0.0103749631252897,-1.0,not_observed
DQA1~DQB1,SAS,DQA1*01:04,DQB1*03:03,0.0,0.0940847694457382,0.0773171867722403,0.0087027273234545,-1.0,not_observed
DQA1~DQB1,SAS,DQA1*01:04,DQB1*04:02,0.0,0.0940847694457382,0.0102468560782487,0.0010752154846514,-1.0,not_observed
DQA1~DQB1,SAS,DQA1*01:04,DQB1*05:01,0.0,0.0940847694457382,0.0912901723334885,0.0104335131018434,-1.0,not_observed
DQA1~DQB1,SAS,DQA1*01:04,DQB1*05:02,,0.0940847694457382,0.0270144387517466,0.0002055398712376,-0.2669853192215772,suppressed_lt20
DQA1~DQB1,SAS,DQA1*01:04,DQB1*05:03,188.0,0.0940847694457382,0.0968793665579878,0.8252637415678798,0.9232583908210316,estimated
DQA1~DQB1,SAS,DQA1*01:04,DQB1*06:01,,0.0940847694457382,0.1667442943642291,0.0161397289087037,-0.8812434316057304,suppressed_lt20
DQA1~DQB1,SAS,DQA1*01:04,DQB1*06:02,0.0,0.0940847694457382,0.0270144387517466,0.0028835090404998,-1.0,not_observed
DQA1~DQB1,SAS,DQA1*01:04,DQB1*06:03,0.0,0.0940847694457382,0.0582207731718677,0.0064203784082038,-1.0,not_observed
DQA1~DQB1,SAS,DQA1*01:04,DQB1*06:04,0.0,0.0940847694457382,0.0139729855612482,0.001471743615462,-1.0,not_observed
DQA1~DQB1,SAS,DQA1*01:04,DQB1*06:09,0.0,0.0940847694457382,0.0172333488588728,0.0018211722852373,-1.0,not_observed
DQA1~DQB1,SAS,DQA1*01:05,DQB1*02:01,0.0,0.0512342803912435,0.071727992547741,0.0041726799813091,-1.0,not_observed
DQA1~DQB1,SAS,DQA1*01:05,DQB1*02:02,0.0,0.0512342803912435,0.1024685607824871,0.0061651354457329,-1.0,not_observed
DQA1~DQB1,SAS,DQA1*01:05,DQB1*03:01,0.0,0.0512342803912435,0.1383325570563577,0.0086693468136767,-1.0,not_observed
DQA1~DQB1,SAS,DQA1*01:05,DQB1*03:02,0.0,0.0512342803912435,0.0908244061481136,0.0053945652961201,-1.0,not_observed
DQA1~DQB1,SAS,DQA1*01:05,DQB1*03:03,0.0,0.0512342803912435,0.0773171867722403,0.0045250696541047,-1.0,not_observed
DQA1~DQB1,SAS,DQA1*01:05,DQB1*04:02,0.0,0.0512342803912435,0.0102468560782487,0.0005590689884201,-1.0,not_observed
DQA1~DQB1,SAS,DQA1*01:05,DQB1*05:01,109.0,0.0512342803912435,0.0912901723334885,0.5268288674916453,0.9899958063463958,estimated
DQA1~DQB1,SAS,DQA1*01:05,DQB1*05:02,0.0,0.0512342803912435,0.0270144387517466,0.0014993092132551,-1.0,not_observed
DQA1~DQB1,SAS,DQA1*01:05,DQB1*05:03,0.0,0.0512342803912435,0.0968793665579878,0.0057927819607503,-1.0,not_observed
DQA1~DQB1,SAS,DQA1*01:05,DQB1*06:01,,0.0512342803912435,0.1667442943642291,0.0096600412137469,-0.945479939055358,suppressed_lt20
DQA1~DQB1,SAS,DQA1*01:05,DQB1*06:02,0.0,0.0512342803912435,0.0270144387517466,0.0014993092132551,-1.0,not_observed
DQA1~DQB1,SAS,DQA1*01:05,DQB1*06:03,0.0,0.0512342803912435,0.0582207731718677,0.0033383396288349,-1.0,not_observed
DQA1~DQB1,SAS,DQA1*01:05,DQB1*06:04,0.0,0.0512342803912435,0.0139729855612482,0.0007652477350406,-1.0,not_observed
DQA1~DQB1,SAS,DQA1*01:05,DQB1*06:09,0.0,0.0512342803912435,0.0172333488588728,0.0009469366483095,-1.0,not_observed
DQA1~DQB1,SAS,DQA1*02:01,DQB1*02:01,0.0,0.1765253842571029,0.071727992547741,0.0165641964068811,-1.0,not_observed
DQA1~DQB1,SAS,DQA1*02:01,DQB1*02:02,217.0,0.1765253842571029,0.1024685607824871,0.5150864879705904,0.9834404566022212,estimated
DQA1~DQB1,SAS,DQA1*02:01,DQB1*03:01,,0.1765253842571029,0.1383325570563577,0.0331142079520164,-0.9809262368629124,suppressed_lt20
DQA1~DQB1,SAS,DQA1*02:01,DQB1*03:02,,0.1765253842571029,0.0908244061481136,0.0156453707256524,-0.8547459576483323,suppressed_lt20
DQA1~DQB1,SAS,DQA1*02:01,DQB1*03:03,155.0,0.1765253842571029,0.0773171867722403,0.3305205010274418,0.9195299296734448,estimated
DQA1~DQB1,SAS,DQA1*02:01,DQB1*04:02,0.0,0.1765253842571029,0.0102468560782487,0.0022193239286664,-1.0,not_observed
DQA1~DQB1,SAS,DQA1*02:01,DQB1*05:01,0.0,0.1765253842571029,0.0912901723334885,0.0215355392640043,-1.0,not_observed
DQA1~DQB1,SAS,DQA1*02:01,DQB1*05:02,0.0,0.1765253842571029,0.0270144387517466,0.0059517749729784,-1.0,not_observed
DQA1~DQB1,SAS,DQA1*02:01,DQB1*05:03,0.0,0.1765253842571029,0.0968793665579878,0.0229954797803597,-1.0,not_observed
DQA1~DQB1,SAS,DQA1*02:01,DQB1*06:01,0.0,0.1765253842571029,0.1667442943642291,0.0428972681216787,-1.0,not_observed
DQA1~DQB1,SAS,DQA1*02:01,DQB1*06:02,0.0,0.1765253842571029,0.0270144387517466,0.0059517749729784,-1.0,not_observed
DQA1~DQB1,SAS,DQA1*02:01,DQB1*06:03,0.0,0.1765253842571029,0.0582207731718677,0.0132521337683669,-1.0,not_observed
DQA1~DQB1,SAS,DQA1*02:01,DQB1*06:04,0.0,0.1765253842571029,0.0139729855612482,0.0030377871871105,-1.0,not_observed
DQA1~DQB1,SAS,DQA1*02:01,DQB1*06:09,0.0,0.1765253842571029,0.0172333488588728,0.0037590336900345,-1.0,not_observed
DQA1~DQB1,SAS,DQA1*03:01,DQB1*02:01,0.0,0.0870982766651141,0.071727992547741,0.0073722313812629,-1.0,not_observed
DQA1~DQB1,SAS,DQA1*03:01,DQB1*02:02,,0.0870982766651141,0.1024685607824871,0.0097852342354809,-0.9478123480797276,suppressed_lt20
DQA1~DQB1,SAS,DQA1*03:01,DQB1*03:01,,0.0870982766651141,0.1383325570563577,0.013039986426159,-0.9226849601181152,suppressed_lt20
DQA1~DQB1,SAS,DQA1*03:01,DQB1*03:02,181.0,0.0870982766651141,0.0908244061481136,0.8888399175157855,0.9647091698080124,estimated
DQA1~DQB1,SAS,DQA1*03:01,DQB1*03:03,0.0,0.0870982766651141,0.0773171867722403,0.0079948284210201,-1.0,not_observed
DQA1~DQB1,SAS,DQA1*03:01,DQB1*04:02,0.0,0.0870982766651141,0.0102468560782487,0.0009877551020408,-1.0,not_observed
DQA1~DQB1,SAS,DQA1*03:01,DQB1*05:01,0.0,0.0870982766651141,0.0912901723334885,0.0095848282931829,-1.0,not_observed
DQA1~DQB1,SAS,DQA1*03:01,DQB1*05:02,0.0,0.0870982766651141,0.0270144387517466,0.002648958099276,-1.0,not_observed
DQA1~DQB1,SAS,DQA1*03:01,DQB1*05:03,0.0,0.0870982766651141,0.0968793665579878,0.0102346044142257,-1.0,not_observed
DQA1~DQB1,SAS,DQA1*03:01,DQB1*06:01,0.0,0.0870982766651141,0.1667442943642291,0.0190922987417437,-1.0,not_observed
DQA1~DQB1,SAS,DQA1*03:01,DQB1*06:02,0.0,0.0870982766651141,0.0270144387517466,0.002648958099276,-1.0,not_observed
DQA1~DQB1,SAS,DQA1*03:01,DQB1*06:03,0.0,0.0870982766651141,0.0582207731718677,0.0058981307656593,-1.0,not_observed
DQA1~DQB1,SAS,DQA1*03:01,DQB1*06:04,0.0,0.0870982766651141,0.0139729855612482,0.0013520287661592,-1.0,not_observed
DQA1~DQB1,SAS,DQA1*03:01,DQB1*06:09,0.0,0.0870982766651141,0.0172333488588728,0.0016730341425669,-1.0,not_observed
DQA1~DQB1,SAS,DQA1*03:03,DQB1*02:01,0.0,0.0111783884489986,0.071727992547741,0.0008735236540326,-1.0,not_observed
DQA1~DQB1,SAS,DQA1*03:03,DQB1*02:02,,0.0111783884489986,0.1024685607824871,0.0004544176154499,-0.5933712121212121,suppressed_lt20
DQA1~DQB1,SAS,DQA1*03:03,DQB1*03:01,,0.0111783884489986,0.1383325570563577,0.0022298451765401,0.1779504504504504,suppressed_lt20
DQA1~DQB1,SAS,DQA1*03:03,DQB1*03:02,,0.0111783884489986,0.0908244061481136,0.0018903953240597,0.1292477800546448,suppressed_lt20
DQA1~DQB1,SAS,DQA1*03:03,DQB1*03:03,0.0,0.0111783884489986,0.0773171867722403,0.0009472941602786,-1.0,not_observed
DQA1~DQB1,SAS,DQA1*03:03,DQB1*04:02,,0.0111783884489986,0.0102468560782487,0.1841168175059173,0.448379223226138,suppressed_lt20
DQA1~DQB1,SAS,DQA1*03:03,DQB1*05:01,0.0,0.0111783884489986,0.0912901723334885,0.001135690647911,-1.0,not_observed
DQA1~DQB1,SAS,DQA1*03:03,DQB1*05:02,0.0,0.0111783884489986,0.0270144387517466,0.0003138707181844,-1.0,not_observed
DQA1~DQB1,SAS,DQA1*03:03,DQB1*05:03,0.0,0.0111783884489986,0.0968793665579878,0.0012126815591023,-1.0,not_observed
DQA1~DQB1,SAS,DQA1*03:03,DQB1*06:01,0.0,0.0111783884489986,0.1667442943642291,0.0022622152911746,-1.0,not_observed
DQA1~DQB1,SAS,DQA1*03:03,DQB1*06:02,0.0,0.0111783884489986,0.0270144387517466,0.0003138707181844,-1.0,not_observed
DQA1~DQB1,SAS,DQA1*03:03,DQB1*06:03,0.0,0.0111783884489986,0.0582207731718677,0.0006988598799917,-1.0,not_observed
DQA1~DQB1,SAS,DQA1*03:03,DQB1*06:04,0.0,0.0111783884489986,0.0139729855612482,0.0001601996800011,-1.0,not_observed
DQA1~DQB1,SAS,DQA1*03:03,DQB1*06:09,0.0,0.0111783884489986,0.0172333488588728,0.0001982350826984,-1.0,not_observed
DQA1~DQB1,SAS,DQA1*05:01,DQB1*02:01,154.0,0.0721937587331159,0.071727992547741,0.9930498680866904,1.0,estimated
DQA1~DQB1,SAS,DQA1*05:01,DQB1*02:02,0.0,0.0721937587331159,0.1024685607824871,0.0088834841181018,-1.0,not_observed
DQA1~DQB1,SAS,DQA1*05:01,DQB1*03:01,0.0,0.0721937587331159,0.1383325570563577,0.0124918593292087,-1.0,not_observed
DQA1~DQB1,SAS,DQA1*05:01,DQB1*03:02,0.0,0.0721937587331159,0.0908244061481136,0.0077731520343669,-1.0,not_observed
DQA1~DQB1,SAS,DQA1*05:01,DQB1*03:03,0.0,0.0721937587331159,0.0773171867722403,0.0065202759549049,-1.0,not_observed
DQA1~DQB1,SAS,DQA1*05:01,DQB1*04:02,0.0,0.0721937587331159,0.0102468560782487,0.000805575242145,-1.0,not_observed
DQA1~DQB1,SAS,DQA1*05:01,DQB1*05:01,0.0,0.0721937587331159,0.0912901723334885,0.0078170189728673,-1.0,not_observed
DQA1~DQB1,SAS,DQA1*05:01,DQB1*05:02,0.0,0.0721937587331159,0.0270144387517466,0.0021603888026976,-1.0,not_observed
DQA1~DQB1,SAS,DQA1*05:01,DQB1*05:03,0.0,0.0721937587331159,0.0968793665579878,0.0083469514986195,-1.0,not_observed
DQA1~DQB1,SAS,DQA1*05:01,DQB1*06:01,0.0,0.0721937587331159,0.1667442943642291,0.0155709478495311,-1.0,not_observed
DQA1~DQB1,SAS,DQA1*05:01,DQB1*06:02,0.0,0.0721937587331159,0.0270144387517466,0.0021603888026976,-1.0,not_observed
DQA1~DQB1,SAS,DQA1*05:01,DQB1*06:03,0.0,0.0721937587331159,0.0582207731718677,0.0048102896253659,-1.0,not_observed
DQA1~DQB1,SAS,DQA1*05:01,DQB1*06:04,0.0,0.0721937587331159,0.0139729855612482,0.0011026628953224,-1.0,not_observed
DQA1~DQB1,SAS,DQA1*05:01,DQB1*06:09,0.0,0.0721937587331159,0.0172333488588728,0.0013644625896952,-1.0,not_observed
DQA1~DQB1,SAS,DQA1*05:05,DQB1*02:01,0.0,0.0745225896599906,0.071727992547741,0.0062220792400982,-1.0,not_observed
DQA1~DQB1,SAS,DQA1*05:05,DQB1*02:02,0.0,0.0745225896599906,0.1024685607824871,0.0091931232304217,-1.0,not_observed
DQA1~DQB1,SAS,DQA1*05:05,DQB1*03:01,157.0,0.0745225896599906,0.1383325570563577,0.4799854899106912,0.9782398648648648,estimated
DQA1~DQB1,SAS,DQA1*05:05,DQB1*03:02,0.0,0.0745225896599906,0.0908244061481136,0.0080440898627967,-1.0,not_observed
DQA1~DQB1,SAS,DQA1*05:05,DQB1*03:03,0.0,0.0745225896599906,0.0773171867722403,0.006747544043857,-1.0,not_observed
DQA1~DQB1,SAS,DQA1*05:05,DQB1*04:02,0.0,0.0745225896599906,0.0102468560782487,0.0008336540454128,-1.0,not_observed
DQA1~DQB1,SAS,DQA1*05:05,DQB1*05:01,0.0,0.0745225896599906,0.0912901723334885,0.0080894858094786,-1.0,not_observed
DQA1~DQB1,SAS,DQA1*05:05,DQB1*05:02,0.0,0.0745225896599906,0.0270144387517466,0.0022356904368582,-1.0,not_observed
DQA1~DQB1,SAS,DQA1*05:05,DQB1*05:03,0.0,0.0745225896599906,0.0968793665579878,0.0086378894479926,-1.0,not_observed
DQA1~DQB1,SAS,DQA1*05:05,DQB1*06:01,0.0,0.0745225896599906,0.1667442943642291,0.0161136824799992,-1.0,not_observed
DQA1~DQB1,SAS,DQA1*05:05,DQB1*06:02,0.0,0.0745225896599906,0.0270144387517466,0.0022356904368582,-1.0,not_observed
DQA1~DQB1,SAS,DQA1*05:05,DQB1*06:03,0.0,0.0745225896599906,0.0582207731718677,0.0049779551257257,-1.0,not_observed
DQA1~DQB1,SAS,DQA1*05:05,DQB1*06:04,0.0,0.0745225896599906,0.0139729855612482,0.0011410968650978,-1.0,not_observed
DQA1~DQB1,SAS,DQA1*05:05,DQB1*06:09,0.0,0.0745225896599906,0.0172333488588728,0.0014120217432267,-1.0,not_observed
DQA1~DQB1,SAS,DQA1*05:09,DQB1*02:01,0.0,0.0200279459711224,0.071727992547741,0.0015791963888819,-1.0,not_observed
DQA1~DQB1,SAS,DQA1*05:09,DQB1*02:02,,0.0200279459711224,0.1024685607824871,0.0013943524378027,-0.773044397463002,suppressed_lt20
DQA1~DQB1,SAS,DQA1*05:09,DQB1*03:01,42.0,0.0200279459711224,0.1383325570563577,0.1205239115794867,0.9730106851037084,estimated
DQA1~DQB1,SAS,DQA1*05:09,DQB1*03:02,0.0,0.0200279459711224,0.0908244061481136,0.0020416322539425,-1.0,not_observed
DQA1~DQB1,SAS,DQA1*05:09,DQB1*03:03,0.0,0.0200279459711224,0.0773171867722403,0.0017125621157651,-1.0,not_observed
DQA1~DQB1,SAS,DQA1*05:09,DQB1*04:02,0.0,0.0200279459711224,0.0102468560782487,0.0002115857749944,-1.0,not_observed
DQA1~DQB1,SAS,DQA1*05:09,DQB1*05:01,0.0,0.0200279459711224,0.0912901723334885,0.0020531539836254,-1.0,not_observed
DQA1~DQB1,SAS,DQA1*05:09,DQB1*05:02,0.0,0.0200279459711224,0.0270144387517466,0.0005674299744997,-1.0,not_observed
DQA1~DQB1,SAS,DQA1*05:09,DQB1*05:03,0.0,0.0200279459711224,0.0968793665579878,0.0021923417072419,-1.0,not_observed
DQA1~DQB1,SAS,DQA1*05:09,DQB1*06:01,0.0,0.0200279459711224,0.1667442943642291,0.0040897372408912,-1.0,not_observed
DQA1~DQB1,SAS,DQA1*05:09,DQB1*06:02,0.0,0.0200279459711224,0.0270144387517466,0.0005674299744997,-1.0,not_observed
DQA1~DQB1,SAS,DQA1*05:09,DQB1*06:03,0.0,0.0200279459711224,0.0582207731718677,0.0012634311546373,-1.0,not_observed
DQA1~DQB1,SAS,DQA1*05:09,DQB1*06:04,0.0,0.0200279459711224,0.0139729855612482,0.0002896163772897,-1.0,not_observed
DQA1~DQB1,SAS,DQA1*05:09,DQB1*06:09,0.0,0.0200279459711224,0.0172333488588728,0.0003583785342295,-1.0,not_observed
DQA1~DQB1,SAS,DQA1*06:01,DQB1*02:01,0.0,0.0353982300884955,0.071727992547741,0.0028356127179071,-1.0,not_observed
DQA1~DQB1,SAS,DQA1*06:01,DQB1*02:02,0.0,0.0353982300884955,0.1024685607824871,0.0041896183162495,-1.0,not_observed
DQA1~DQB1,SAS,DQA1*06:01,DQB1*03:01,76.0,0.0353982300884955,0.1383325570563577,0.2285855496864671,1.0,estimated
DQA1~DQB1,SAS,DQA1*06:01,DQB1*03:02,0.0,0.0353982300884955,0.0908244061481136,0.0036659648067378,-1.0,not_observed
DQA1~DQB1,SAS,DQA1*06:01,DQB1*03:03,0.0,0.0353982300884955,0.0773171867722403,0.0030750848658586,-1.0,not_observed
DQA1~DQB1,SAS,DQA1*06:01,DQB1*04:02,0.0,0.0353982300884955,0.0102468560782487,0.0003799244468429,-1.0,not_observed
DQA1~DQB1,SAS,DQA1*06:01,DQB1*05:01,0.0,0.0353982300884955,0.0912901723334885,0.0036866532806041,-1.0,not_observed
DQA1~DQB1,SAS,DQA1*06:01,DQB1*05:02,0.0,0.0353982300884955,0.0270144387517466,0.0010188800224856,-1.0,not_observed
DQA1~DQB1,SAS,DQA1*06:01,DQB1*05:03,0.0,0.0353982300884955,0.0968793665579878,0.0039365794342113,-1.0,not_observed
DQA1~DQB1,SAS,DQA1*06:01,DQB1*06:01,0.0,0.0353982300884955,0.1667442943642291,0.0073435520843482,-1.0,not_observed
DQA1~DQB1,SAS,DQA1*06:01,DQB1*06:02,0.0,0.0353982300884955,0.0270144387517466,0.0010188800224856,-1.0,not_observed
DQA1~DQB1,SAS,DQA1*06:01,DQB1*06:03,0.0,0.0353982300884955,0.0582207731718677,0.0022686231272516,-1.0,not_observed
DQA1~DQB1,SAS,DQA1*06:01,DQB1*06:04,0.0,0.0353982300884955,0.0139729855612482,0.0005200365759058,-1.0,not_observed
DQA1~DQB1,SAS,DQA1*06:01,DQB1*06:09,0.0,0.0353982300884955,0.0172333488588728,0.0006435062394017,-1.0,not_observed
DRB1~DQB1,AFR,DRB1*01:01,DQB1*02:01,0.0,0.0223880597014925,0.0730828615542974,0.0018056126579381,-1.0,not_observed
DRB1~DQB1,AFR,DRB1*01:01,DQB1*02:02,0.0,0.0223880597014925,0.1299536798764796,0.0034205517587054,-1.0,not_observed
DRB1~DQB1,AFR,DRB1*01:01,DQB1*03:01,0.0,0.0223880597014925,0.0725681935151827,0.0017919021274072,-1.0,not_observed
DRB1~DQB1,AFR,DRB1*01:01,DQB1*03:02,0.0,0.0223880597014925,0.0270200720535254,0.0006359640710583,-1.0,not_observed
DRB1~DQB1,AFR,DRB1*01:01,DQB1*03:03,0.0,0.0223880597014925,0.0115800308800823,0.0002682984512223,-1.0,not_observed
DRB1~DQB1,AFR,DRB1*01:01,DQB1*03:19,0.0,0.0223880597014925,0.1124549665465774,0.0029016044035332,-1.0,not_observed
DRB1~DQB1,AFR,DRB1*01:01,DQB1*04:02,0.0,0.0223880597014925,0.0772002058672156,0.0019158474644823,-1.0,not_observed
DRB1~DQB1,AFR,DRB1*01:01,DQB1*05:01,85.0,0.0223880597014925,0.1623777663407102,0.1117377632539637,0.9725550435227855,estimated
DRB1~DQB1,AFR,DRB1*01:01,DQB1*05:02,0.0,0.0223880597014925,0.0270200720535254,0.0006359640710583,-1.0,not_observed
DRB1~DQB1,AFR,DRB1*01:01,DQB1*05:03,0.0,0.0223880597014925,0.0164693772516726,0.0003834769374573,-1.0,not_observed
DRB1~DQB1,AFR,DRB1*01:01,DQB1*06:02,0.0,0.0223880597014925,0.1935151827071539,0.0054950140541804,-1.0,not_observed
DRB1~DQB1,AFR,DRB1*01:01,DQB1*06:03,0.0,0.0223880597014925,0.0252187339166237,0.0005924695905914,-1.0,not_observed
DRB1~DQB1,AFR,DRB1*01:01,DQB1*06:04,0.0,0.0223880597014925,0.0195573854863613,0.0004568131273667,-1.0,not_observed
DRB1~DQB1,AFR,DRB1*01:01,DQB1*06:09,0.0,0.0223880597014925,0.0383427689140504,0.0009130890394589,-1.0,not_observed
DRB1~DQB1,AFR,DRB1*01:02,DQB1*02:01,0.0,0.0473494595985589,0.0730828615542974,0.0039188265358311,-1.0,not_observed
DRB1~DQB1,AFR,DRB1*01:02,DQB1*02:02,,0.0473494595985589,0.1299536798764796,0.0068158650663319,-0.9581790787774428,suppressed_lt20
DRB1~DQB1,AFR,DRB1*01:02,DQB1*03:01,,0.0473494595985589,0.0725681935151827,0.0033283618631002,-0.9251079247610238,suppressed_lt20
DRB1~DQB1,AFR,DRB1*01:02,DQB1*03:02,0.0,0.0473494595985589,0.0270200720535254,0.0013802699413642,-1.0,not_observed
DRB1~DQB1,AFR,DRB1*01:02,DQB1*03:03,0.0,0.0473494595985589,0.0115800308800823,0.0005823037878861,-1.0,not_observed
DRB1~DQB1,AFR,DRB1*01:02,DQB1*03:19,,0.0473494595985589,0.1124549665465774,0.0057035303373509,-0.951671475475077,suppressed_lt20
DRB1~DQB1,AFR,DRB1*01:02,DQB1*04:02,0.0,0.0473494595985589,0.0772002058672156,0.0041580755703117,-1.0,not_observed
DRB1~DQB1,AFR,DRB1*01:02,DQB1*05:01,179.0,0.0473494595985589,0.1623777663407102,0.2400254553728516,0.9675582715554664,estimated
DRB1~DQB1,AFR,DRB1*01:02,DQB1*05:02,0.0,0.0473494595985589,0.0270200720535254,0.0013802699413642,-1.0,not_observed
DRB1~DQB1,AFR,DRB1*01:02,DQB1*05:03,0.0,0.0473494595985589,0.0164693772516726,0.0008322823789366,-1.0,not_observed
DRB1~DQB1,AFR,DRB1*01:02,DQB1*06:02,0.0,0.0473494595985589,0.1935151827071539,0.0119261497174469,-1.0,not_observed
DRB1~DQB1,AFR,DRB1*01:02,DQB1*06:03,,0.0473494595985589,0.0252187339166237,0.0007913653378236,-0.7844942324755988,suppressed_lt20
DRB1~DQB1,AFR,DRB1*01:02,DQB1*06:04,0.0,0.0473494595985589,0.0195573854863613,0.0009914481921526,-1.0,not_observed
DRB1~DQB1,AFR,DRB1*01:02,DQB1*06:09,,0.0473494595985589,0.0383427689140504,0.0014597559383773,-0.8582579515611322,suppressed_lt20
DRB1~DQB1,AFR,DRB1*03:01,DQB1*02:01,275.0,0.07282552753474,0.0730828615542974,0.9363657269034968,0.9695026124081048,estimated
DRB1~DQB1,AFR,DRB1*03:01,DQB1*02:02,,0.07282552753474,0.1299536798764796,0.0104905888026066,-0.9456180246999965,suppressed_lt20
DRB1~DQB1,AFR,DRB1*03:01,DQB1*03:01,0.0,0.07282552753474,0.0725681935151827,0.0061459142908101,-1.0,not_observed
DRB1~DQB1,AFR,DRB1*03:01,DQB1*03:02,0.0,0.07282552753474,0.0270200720535254,0.0021812467394159,-1.0,not_observed
DRB1~DQB1,AFR,DRB1*03:01,DQB1*03:03,0.0,0.07282552753474,0.0115800308800823,0.0009202172709932,-1.0,not_observed
DRB1~DQB1,AFR,DRB1*03:01,DQB1*03:19,0.0,0.07282552753474,0.1124549665465774,0.0099520011150142,-1.0,not_observed
DRB1~DQB1,AFR,DRB1*03:01,DQB1*04:02,,0.07282552753474,0.0772002058672156,0.0059832605283057,-0.954228504122497,suppressed_lt20
DRB1~DQB1,AFR,DRB1*03:01,DQB1*05:01,,0.07282552753474,0.1623777663407102,0.0133033091557398,-0.9347157745011844,suppressed_lt20
DRB1~DQB1,AFR,DRB1*03:01,DQB1*05:02,0.0,0.07282552753474,0.0270200720535254,0.0021812467394159,-1.0,not_observed
DRB1~DQB1,AFR,DRB1*03:01,DQB1*05:03,0.0,0.07282552753474,0.0164693772516726,0.0013152595524428,-1.0,not_observed
DRB1~DQB1,AFR,DRB1*03:01,DQB1*06:02,,0.07282552753474,0.1935151827071539,0.018164944620166,-0.9817400947297196,suppressed_lt20
DRB1~DQB1,AFR,DRB1*03:01,DQB1*06:03,0.0,0.07282552753474,0.0252187339166237,0.0020320681961324,-1.0,not_observed
DRB1~DQB1,AFR,DRB1*03:01,DQB1*06:04,0.0,0.07282552753474,0.0195573854863613,0.0015667899963795,-1.0,not_observed
DRB1~DQB1,AFR,DRB1*03:01,DQB1*06:09,0.0,0.07282552753474,0.0383427689140504,0.0031317374373078,-1.0,not_observed
DRB1~DQB1,AFR,DRB1*03:02,DQB1*02:01,,0.0681935151827071,0.0730828615542974,0.0046399859856064,-0.8967313313845336,suppressed_lt20
DRB1~DQB1,AFR,DRB1*03:02,DQB1*02:02,,0.0681935151827071,0.1299536798764796,0.0096982957681811,-0.9419241546796188,suppressed_lt20
DRB1~DQB1,AFR,DRB1*03:02,DQB1*03:01,,0.0681935151827071,0.0725681935151827,0.0045972344944358,-0.8959989294794595,suppressed_lt20
DRB1~DQB1,AFR,DRB1*03:02,DQB1*03:02,0.0,0.0681935151827071,0.0270200720535254,0.0020323568744169,-1.0,not_observed
DRB1~DQB1,AFR,DRB1*03:02,DQB1*03:03,0.0,0.0681935151827071,0.0115800308800823,0.000857404099621,-1.0,not_observed
DRB1~DQB1,AFR,DRB1*03:02,DQB1*03:19,,0.0681935151827071,0.1124549665465774,0.0086608120110576,-0.966443590518544,suppressed_lt20
DRB1~DQB1,AFR,DRB1*03:02,DQB1*04:02,253.0,0.0681935151827071,0.0772002058672156,0.7910469433359805,0.950928663881552,estimated
DRB1~DQB1,AFR,DRB1*03:02,DQB1*05:01,0.0,0.0681935151827071,0.1623777663407102,0.0141871681278902,-1.0,not_observed
DRB1~DQB1,AFR,DRB1*03:02,DQB1*05:02,0.0,0.0681935151827071,0.0270200720535254,0.0020323568744169,-1.0,not_observed
DRB1~DQB1,AFR,DRB1*03:02,DQB1*05:03,0.0,0.0681935151827071,0.0164693772516726,0.0012254811639354,-1.0,not_observed
DRB1~DQB1,AFR,DRB1*03:02,DQB1*06:02,0.0,0.0681935151827071,0.1935151827071539,0.0175604725113572,-1.0,not_observed
DRB1~DQB1,AFR,DRB1*03:02,DQB1*06:03,0.0,0.0681935151827071,0.0252187339166237,0.001893361119155,-1.0,not_observed
DRB1~DQB1,AFR,DRB1*03:02,DQB1*06:04,0.0,0.0681935151827071,0.0195573854863613,0.0014598423747155,-1.0,not_observed
DRB1~DQB1,AFR,DRB1*03:02,DQB1*06:09,0.0,0.0681935151827071,0.0383427689140504,0.002917967965094,-1.0,not_observed
DRB1~DQB1,AFR,DRB1*04:01,DQB1*02:01,,0.0151827071538857,0.0730828615542974,0.0007171080064859,-0.7680830747195033,suppressed_lt20
DRB1~DQB1,AFR,DRB1*04:01,DQB1*02:02,0.0,0.0151827071538857,0.1299536798764796,0.0023027127029905,-1.0,not_observed
DRB1~DQB1,AFR,DRB1*04:01,DQB1*03:01,31.0,0.0151827071538857,0.0725681935151827,0.0469769279122373,0.4882898474388156,estimated
DRB1~DQB1,AFR,DRB1*04:01,DQB1*03:02,25.0,0.0151827071538857,0.0270200720535254,0.0922883127435629,0.4077255142796947,estimated
DRB1~DQB1,AFR,DRB1*04:01,DQB1*03:03,0.0,0.0151827071538857,0.0115800308800823,0.0001806183023689,-1.0,not_observed
DRB1~DQB1,AFR,DRB1*04:01,DQB1*03:19,0.0,0.0151827071538857,0.1124549665465774,0.0019533577593335,-1.0,not_observed
DRB1~DQB1,AFR,DRB1*04:01,DQB1*04:02,0.0,0.0151827071538857,0.0772002058672156,0.001289746977875,-1.0,not_observed
DRB1~DQB1,AFR,DRB1*04:01,DQB1*05:01,,0.0151827071538857,0.1623777663407102,0.0023972786567435,-0.8956190066883344,suppressed_lt20
DRB1~DQB1,AFR,DRB1*04:01,DQB1*05:02,0.0,0.0151827071538857,0.0270200720535254,0.0004281305030232,-1.0,not_observed
DRB1~DQB1,AFR,DRB1*04:01,DQB1*05:03,0.0,0.0151827071538857,0.0164693772516726,0.000258156367007,-1.0,not_observed
DRB1~DQB1,AFR,DRB1*04:01,DQB1*06:02,,0.0151827071538857,0.1935151827071539,0.0030796163344699,-0.9124143526866212,suppressed_lt20
DRB1~DQB1,AFR,DRB1*04:01,DQB1*06:03,0.0,0.0151827071538857,0.0252187339166237,0.000398850053626,-1.0,not_observed
DRB1~DQB1,AFR,DRB1*04:01,DQB1*06:04,0.0,0.0151827071538857,0.0195573854863613,0.0003075262312879,-1.0,not_observed
DRB1~DQB1,AFR,DRB1*04:01,DQB1*06:09,0.0,0.0151827071538857,0.0383427689140504,0.0006146908096836,-1.0,not_observed
DRB1~DQB1,AFR,DRB1*04:04,DQB1*02:01,,0.0056613484302624,0.0730828615542974,6.415609760803441e-05,-0.3780409731113957,suppressed_lt20
DRB1~DQB1,AFR,DRB1*04:04,DQB1*02:02,0.0,0.0056613484302624,0.1299536798764796,0.0008504166812102,-1.0,not_observed
DRB1~DQB1,AFR,DRB1*04:04,DQB1*03:01,0.0,0.0056613484302624,0.0725681935151827,0.0004455022369899,-1.0,not_observed
DRB1~DQB1,AFR,DRB1*04:04,DQB1*03:02,21.0,0.0056613484302624,0.0270200720535254,0.1863145559292196,0.9532831622225962,estimated
DRB1~DQB1,AFR,DRB1*04:04,DQB1*03:03,0.0,0.0056613484302624,0.0115800308800823,6.670429058167759e-05,-1.0,not_observed
DRB1~DQB1,AFR,DRB1*04:04,DQB1*03:19,0.0,0.0056613484302624,0.1124549665465774,0.0007213961258611,-1.0,not_observed
DRB1~DQB1,AFR,DRB1*04:04,DQB1*04:02,0.0,0.0056613484302624,0.0772002058672156,0.0004763174941889,-1.0,not_observed
DRB1~DQB1,AFR,DRB1*04:04,DQB1*05:01,0.0,0.0056613484302624,0.1623777663407102,0.0011037327506972,-1.0,not_observed
DRB1~DQB1,AFR,DRB1*04:04,DQB1*05:02,0.0,0.0056613484302624,0.0270200720535254,0.000158113220565,-1.0,not_observed
DRB1~DQB1,AFR,DRB1*04:04,DQB1*05:03,0.0,0.0056613484302624,0.0164693772516726,9.53399356238753e-05,-1.0,not_observed
DRB1~DQB1,AFR,DRB1*04:04,DQB1*06:02,0.0,0.0056613484302624,0.1935151827071539,0.0013661689530838,-1.0,not_observed
DRB1~DQB1,AFR,DRB1*04:04,DQB1*06:03,0.0,0.0056613484302624,0.0252187339166237,0.0001472996342377,-1.0,not_observed
DRB1~DQB1,AFR,DRB1*04:04,DQB1*06:04,0.0,0.0056613484302624,0.0195573854863613,0.0001135727599267,-1.0,not_observed
DRB1~DQB1,AFR,DRB1*04:04,DQB1*06:09,0.0,0.0056613484302624,0.0383427689140504,0.0002270119575328,-1.0,not_observed
DRB1~DQB1,AFR,DRB1*04:05,DQB1*02:01,0.0,0.0110653628409675,0.0730828615542974,0.0008822114755976,-1.0,not_observed
DRB1~DQB1,AFR,DRB1*04:05,DQB1*02:02,,0.0110653628409675,0.1299536798764796,0.0011266229167772,-0.8210453603499884,suppressed_lt20
DRB1~DQB1,AFR,DRB1*04:05,DQB1*03:01,0.0,0.0110653628409675,0.0725681935151827,0.0008755125929122,-1.0,not_observed
DRB1~DQB1,AFR,DRB1*04:05,DQB1*03:02,40.0,0.0110653628409675,0.0270200720535254,0.3472062646619224,0.9282950862021244,estimated
DRB1~DQB1,AFR,DRB1*04:05,DQB1*03:03,0.0,0.0110653628409675,0.0115800308800823,0.0001310890082171,-1.0,not_observed
DRB1~DQB1,AFR,DRB1*04:05,DQB1*03:19,0.0,0.0110653628409675,0.1124549665465774,0.0014177064450605,-1.0,not_observed
DRB1~DQB1,AFR,DRB1*04:05,DQB1*04:02,0.0,0.0110653628409675,0.0772002058672156,0.0009360715385054,-1.0,not_observed
DRB1~DQB1,AFR,DRB1*04:05,DQB1*05:01,0.0,0.0110653628409675,0.1623777663407102,0.0021690843327165,-1.0,not_observed
DRB1~DQB1,AFR,DRB1*04:05,DQB1*05:02,0.0,0.0110653628409675,0.0270200720535254,0.000310728216868,-1.0,not_observed
DRB1~DQB1,AFR,DRB1*04:05,DQB1*05:03,,0.0110653628409675,0.0164693772516726,0.0006234447003701,0.0305453129373395,suppressed_lt20
DRB1~DQB1,AFR,DRB1*04:05,DQB1*06:02,0.0,0.0110653628409675,0.1935151827071539,0.0026848307890709,-1.0,not_observed
DRB1~DQB1,AFR,DRB1*04:05,DQB1*06:03,0.0,0.0110653628409675,0.0252187339166237,0.0002894770755313,-1.0,not_observed
DRB1~DQB1,AFR,DRB1*04:05,DQB1*06:04,0.0,0.0110653628409675,0.0195573854863613,0.0002231961441978,-1.0,not_observed
DRB1~DQB1,AFR,DRB1*04:05,DQB1*06:09,0.0,0.0110653628409675,0.0383427689140504,0.0004461298082463,-1.0,not_observed
DRB1~DQB1,AFR,DRB1*07:01,DQB1*02:01,0.0,0.0859495625321667,0.0730828615542974,0.0074139241962673,-1.0,not_observed
DRB1~DQB1,AFR,DRB1*07:01,DQB1*02:02,310.0,0.0859495625321667,0.1299536798764796,0.5298527026551437,0.917410963343942,estimated
DRB1~DQB1,AFR,DRB1*07:01,DQB1*03:01,0.0,0.0859495625321667,0.0725681935151827,0.0073576281609023,-1.0,not_observed
DRB1~DQB1,AFR,DRB1*07:01,DQB1*03:02,,0.0859495625321667,0.0270200720535254,0.0005193475618402,-0.4459652124322783,suppressed_lt20
DRB1~DQB1,AFR,DRB1*07:01,DQB1*03:03,,0.0859495625321667,0.0115800308800823,0.0147079850796798,0.3435810810810811,suppressed_lt20
DRB1~DQB1,AFR,DRB1*07:01,DQB1*03:19,0.0,0.0859495625321667,0.1124549665465774,0.0119141140270453,-1.0,not_observed
DRB1~DQB1,AFR,DRB1*07:01,DQB1*04:02,0.0,0.0859495625321667,0.0772002058672156,0.0078665531119518,-1.0,not_observed
DRB1~DQB1,AFR,DRB1*07:01,DQB1*05:01,0.0,0.0859495625321667,0.1623777663407102,0.0182285395995073,-1.0,not_observed
DRB1~DQB1,AFR,DRB1*07:01,DQB1*05:02,0.0,0.0859495625321667,0.0270200720535254,0.0026112961678949,-1.0,not_observed
DRB1~DQB1,AFR,DRB1*07:01,DQB1*05:03,0.0,0.0859495625321667,0.0164693772516726,0.0015745730031444,-1.0,not_observed
DRB1~DQB1,AFR,DRB1*07:01,DQB1*06:02,,0.0859495625321667,0.1935151827071539,0.0218699984664821,-0.9845282838578164,suppressed_lt20
DRB1~DQB1,AFR,DRB1*07:01,DQB1*06:03,0.0,0.0859495625321667,0.0252187339166237,0.0024327059371937,-1.0,not_observed
DRB1~DQB1,AFR,DRB1*07:01,DQB1*06:04,0.0,0.0859495625321667,0.0195573854863613,0.00187569459223,-1.0,not_observed
DRB1~DQB1,AFR,DRB1*07:01,DQB1*06:09,0.0,0.0859495625321667,0.0383427689140504,0.0037491833551507,-1.0,not_observed
DRB1~DQB1,AFR,DRB1*08:04,DQB1*02:01,0.0,0.0645908389089037,0.0730828615542974,0.0054443236869017,-1.0,not_observed
DRB1~DQB1,AFR,DRB1*08:04,DQB1*02:02,,0.0645908389089037,0.1299536798764796,0.0090877243234473,-0.9386848645023864,suppressed_lt20
DRB1~DQB1,AFR,DRB1*08:04,DQB1*03:01,42.0,0.0645908389089037,0.0725681935151827,0.0092132717009708,0.1021773063130386,estimated
DRB1~DQB1,AFR,DRB1*08:04,DQB1*03:02,0.0,0.0645908389089037,0.0270200720535254,0.0019175730967877,-1.0,not_observed
DRB1~DQB1,AFR,DRB1*08:04,DQB1*03:03,0.0,0.0645908389089037,0.0115800308800823,0.0008089794933188,-1.0,not_observed
DRB1~DQB1,AFR,DRB1*08:04,DQB1*03:19,178.0,0.0645908389089037,0.1124549665465774,0.2463341035311515,0.6723133560279037,estimated
DRB1~DQB1,AFR,DRB1*08:04,DQB1*04:02,,0.0645908389089037,0.0772002058672156,2.1895671260137276e-06,-0.0194687915006637,suppressed_lt20
DRB1~DQB1,AFR,DRB1*08:04,DQB1*05:01,,0.0645908389089037,0.1623777663407102,0.0114878275569455,-0.9263926859913753,suppressed_lt20
DRB1~DQB1,AFR,DRB1*08:04,DQB1*05:02,,0.0645908389089037,0.0270200720535254,0.0013937772626026,-0.8525516979700246,suppressed_lt20
DRB1~DQB1,AFR,DRB1*08:04,DQB1*05:03,0.0,0.0645908389089037,0.0164693772516726,0.0011562682421397,-1.0,not_observed
DRB1~DQB1,AFR,DRB1*08:04,DQB1*06:02,,0.0645908389089037,0.1935151827071539,0.0145852113055487,-0.9382364160379758,suppressed_lt20
DRB1~DQB1,AFR,DRB1*08:04,DQB1*06:03,0.0,0.0645908389089037,0.0252187339166237,0.0017864275660923,-1.0,not_observed
DRB1~DQB1,AFR,DRB1*08:04,DQB1*06:04,,0.0645908389089037,0.0195573854863613,0.0008733711525861,-0.7962885300901656,suppressed_lt20
DRB1~DQB1,AFR,DRB1*08:04,DQB1*06:09,0.0,0.0645908389089037,0.0383427689140504,0.0027531665021961,-1.0,not_observed
DRB1~DQB1,AFR,DRB1*08:06,DQB1*02:01,0.0,0.0079773546062789,0.0730828615542974,0.0006340331174999,-1.0,not_observed
DRB1~DQB1,AFR,DRB1*08:06,DQB1*02:02,0.0,0.0079773546062789,0.1299536798764796,0.0012011120356336,-1.0,not_observed
DRB1~DQB1,AFR,DRB1*08:06,DQB1*03:01,,0.0079773546062789,0.0725681935151827,0.0171668215469278,0.4087035909920877,suppressed_lt20
DRB1~DQB1,AFR,DRB1*08:06,DQB1*03:02,0.0,0.0079773546062789,0.0270200720535254,0.0002233160477793,-1.0,not_observed
DRB1~DQB1,AFR,DRB1*08:06,DQB1*03:03,0.0,0.0079773546062789,0.0115800308800823,9.421184698780412e-05,-1.0,not_observed
DRB1~DQB1,AFR,DRB1*08:06,DQB1*03:19,0.0,0.0079773546062789,0.1124549665465774,0.0010188859042584,-1.0,not_observed
DRB1~DQB1,AFR,DRB1*08:06,DQB1*04:02,0.0,0.0079773546062789,0.0772002058672156,0.0006727415956128,-1.0,not_observed
DRB1~DQB1,AFR,DRB1*08:06,DQB1*05:01,,0.0079773546062789,0.1623777663407102,0.0005662230007592,-0.6026787996523695,suppressed_lt20
DRB1~DQB1,AFR,DRB1*08:06,DQB1*05:02,0.0,0.0079773546062789,0.0270200720535254,0.0002233160477793,-1.0,not_observed
DRB1~DQB1,AFR,DRB1*08:06,DQB1*05:03,0.0,0.0079773546062789,0.0164693772516726,0.0001346562769575,-1.0,not_observed
DRB1~DQB1,AFR,DRB1*08:06,DQB1*06:02,,0.0079773546062789,0.1935151827071539,0.0043439722063967,0.3600263499186859,suppressed_lt20
DRB1~DQB1,AFR,DRB1*08:06,DQB1*06:03,0.0,0.0079773546062789,0.0252187339166237,0.0002080431480667,-1.0,not_observed
DRB1~DQB1,AFR,DRB1*08:06,DQB1*06:04,0.0,0.0079773546062789,0.0195573854863613,0.0001604079645686,-1.0,not_observed
DRB1~DQB1,AFR,DRB1*08:06,DQB1*06:09,0.0,0.0079773546062789,0.0383427689140504,0.0003206272883046,-1.0,not_observed
DRB1~DQB1,AFR,DRB1*09:01,DQB1*02:01,,0.0303654143077714,0.0730828615542974,0.001929705732736,-0.8840415373597518,suppressed_lt20
DRB1~DQB1,AFR,DRB1*09:01,DQB1*02:02,103.0,0.0303654143077714,0.1299536798764796,0.1528738599784291,0.8538943948987112,estimated
DRB1~DQB1,AFR,DRB1*09:01,DQB1*03:01,0.0,0.0303654143077714,0.0725681935151827,0.0024503912849841,-1.0,not_observed
DRB1~DQB1,AFR,DRB1*09:01,DQB1*03:02,0.0,0.0303654143077714,0.0270200720535254,0.0008696684899522,-1.0,not_observed
DRB1~DQB1,AFR,DRB1*09:01,DQB1*03:03,,0.0303654143077714,0.0115800308800823,0.000524353430675,0.0374380750176928,suppressed_lt20
DRB1~DQB1,AFR,DRB1*09:01,DQB1*03:19,,0.0303654143077714,0.1124549665465774,0.0028619477146365,-0.8492805336849861,suppressed_lt20
DRB1~DQB1,AFR,DRB1*09:01,DQB1*04:02,,0.0303654143077714,0.0772002058672156,0.0015957852748627,-0.7804519774011298,suppressed_lt20
DRB1~DQB1,AFR,DRB1*09:01,DQB1*05:01,,0.0303654143077714,0.1623777663407102,0.0048696313266229,-0.8956190066883344,suppressed_lt20
DRB1~DQB1,AFR,DRB1*09:01,DQB1*05:02,0.0,0.0303654143077714,0.0270200720535254,0.0008696684899522,-1.0,not_observed
DRB1~DQB1,AFR,DRB1*09:01,DQB1*05:03,0.0,0.0303654143077714,0.0164693772516726,0.000524397248692,-1.0,not_observed
DRB1~DQB1,AFR,DRB1*09:01,DQB1*06:02,,0.0303654143077714,0.1935151827071539,0.0068705888326316,-0.9562071763433104,suppressed_lt20
DRB1~DQB1,AFR,DRB1*09:01,DQB1*06:03,0.0,0.0303654143077714,0.0252187339166237,0.0008101906344092,-1.0,not_observed
DRB1~DQB1,AFR,DRB1*09:01,DQB1*06:04,0.0,0.0303654143077714,0.0195573854863613,0.0006246830611141,-1.0,not_observed
DRB1~DQB1,AFR,DRB1*09:01,DQB1*06:09,0.0,0.0303654143077714,0.0383427689140504,0.0012486314907958,-1.0,not_observed
DRB1~DQB1,AFR,DRB1*10:01,DQB1*02:01,0.0,0.0177560473494595,0.0730828615542974,0.0014252845004892,-1.0,not_observed
DRB1~DQB1,AFR,DRB1*10:01,DQB1*02:02,0.0,0.0177560473494595,0.1299536798764796,0.0027000582784856,-1.0,not_observed
DRB1~DQB1,AFR,DRB1*10:01,DQB1*03:01,,0.0177560473494595,0.0725681935151827,0.000510183751142,-0.60057559872546,suppressed_lt20
DRB1~DQB1,AFR,DRB1*10:01,DQB1*03:02,0.0,0.0177560473494595,0.0270200720535254,0.0005020067451136,-1.0,not_observed
DRB1~DQB1,AFR,DRB1*10:01,DQB1*03:03,0.0,0.0177560473494595,0.0115800308800823,0.0002117849707972,-1.0,not_observed
DRB1~DQB1,AFR,DRB1*10:01,DQB1*03:19,0.0,0.0177560473494595,0.1124549665465774,0.0022904202430824,-1.0,not_observed
DRB1~DQB1,AFR,DRB1*10:01,DQB1*04:02,0.0,0.0177560473494595,0.0772002058672156,0.0015122998193568,-1.0,not_observed
DRB1~DQB1,AFR,DRB1*10:01,DQB1*05:01,66.0,0.0177560473494595,0.1623777663407102,0.083820579579274,0.9480932344887464,estimated
DRB1~DQB1,AFR,DRB1*10:01,DQB1*05:02,0.0,0.0177560473494595,0.0270200720535254,0.0005020067451136,-1.0,not_observed
DRB1~DQB1,AFR,DRB1*10:01,DQB1*05:03,0.0,0.0177560473494595,0.0164693772516726,0.0003027026493473,-1.0,not_observed
DRB1~DQB1,AFR,DRB1*10:01,DQB1*06:02,,0.0177560473494595,0.1935151827071539,0.0037121932934278,-0.9251079247610238,suppressed_lt20
DRB1~DQB1,AFR,DRB1*10:01,DQB1*06:03,0.0,0.0177560473494595,0.0252187339166237,0.0004676737952454,-1.0,not_observed
DRB1~DQB1,AFR,DRB1*10:01,DQB1*06:04,0.0,0.0177560473494595,0.0195573854863613,0.0003605915516782,-1.0,not_observed
DRB1~DQB1,AFR,DRB1*10:01,DQB1*06:09,0.0,0.0177560473494595,0.0383427689140504,0.0007207590452946,-1.0,not_observed
DRB1~DQB1,AFR,DRB1*11:01,DQB1*02:01,0.0,0.0854348944930519,0.0730828615542974,0.0073653822659017,-1.0,not_observed
DRB1~DQB1,AFR,DRB1*11:01,DQB1*02:02,,0.0854348944930519,0.1299536798764796,0.0082345461902435,-0.7682214004532985,suppressed_lt20
DRB1~DQB1,AFR,DRB1*11:01,DQB1*03:01,44.0,0.0854348944930519,0.0725681935151827,0.004990493845692,0.0771880250801215,estimated
DRB1~DQB1,AFR,DRB1*11:01,DQB1*03:02,0.0,0.0854348944930519,0.0270200720535254,0.0025941989662794,-1.0,not_observed
DRB1~DQB1,AFR,DRB1*11:01,DQB1*03:03,0.0,0.0854348944930519,0.0115800308800823,0.0010944322116453,-1.0,not_observed
DRB1~DQB1,AFR,DRB1*11:01,DQB1*03:19,84.0,0.0854348944930519,0.1124549665465774,0.0184908588863585,0.1583661407008142,estimated
DRB1~DQB1,AFR,DRB1*11:01,DQB1*04:02,,0.0854348944930519,0.0772002058672156,0.0072171193189627,-0.9609839357429718,suppressed_lt20
DRB1~DQB1,AFR,DRB1*11:01,DQB1*05:01,,0.0854348944930519,0.1623777663407102,0.0155215379711545,-0.9258014625856836,suppressed_lt20
DRB1~DQB1,AFR,DRB1*11:01,DQB1*05:02,26.0,0.0854348944930519,0.0270200720535254,0.0093486638015096,0.1773347268001179,estimated
DRB1~DQB1,AFR,DRB1*11:01,DQB1*05:03,0.0,0.0854348944930519,0.0164693772516726,0.0015642636432088,-1.0,not_observed
DRB1~DQB1,AFR,DRB1*11:01,DQB1*06:02,148.0,0.0854348944930519,0.1935151827071539,0.038091982440553,0.3127993787530466,estimated
DRB1~DQB1,AFR,DRB1*11:01,DQB1*06:03,,0.0854348944930519,0.0252187339166237,0.0006591700181858,-0.5222522744037373,suppressed_lt20
DRB1~DQB1,AFR,DRB1*11:01,DQB1*06:04,0.0,0.0854348944930519,0.0195573854863613,0.0018634136686768,-1.0,not_observed
DRB1~DQB1,AFR,DRB1*11:01,DQB1*06:09,,0.0854348944930519,0.0383427689140504,0.0021759478434203,-0.7643324977763403,suppressed_lt20
DRB1~DQB1,AFR,DRB1*11:02,DQB1*02:01,,0.0386001029336078,0.0730828615542974,0.0021159085644123,-0.8175586854460093,suppressed_lt20
DRB1~DQB1,AFR,DRB1*11:02,DQB1*02:02,0.0,0.0386001029336078,0.1299536798764796,0.0059969523606854,-1.0,not_observed
DRB1~DQB1,AFR,DRB1*11:02,DQB1*03:01,32.0,0.0386001029336078,0.0725681935151827,0.0118207851943642,0.151779504254532,estimated
DRB1~DQB1,AFR,DRB1*11:02,DQB1*03:02,,0.0386001029336078,0.0270200720535254,0.0006326567893016,-0.7532698412698412,suppressed_lt20
DRB1~DQB1,AFR,DRB1*11:02,DQB1*03:03,0.0,0.0386001029336078,0.0115800308800823,0.0004703840619663,-1.0,not_observed
DRB1~DQB1,AFR,DRB1*11:02,DQB1*03:19,109.0,0.0386001029336078,0.1124549665465774,0.1517579749829899,0.6920344061080508,estimated
DRB1~DQB1,AFR,DRB1*11:02,DQB1*04:02,,0.0386001029336078,0.0772002058672156,0.0028038178516686,-0.9136444444444444,suppressed_lt20
DRB1~DQB1,AFR,DRB1*11:02,DQB1*05:01,,0.0386001029336078,0.1623777663407102,0.005984033036938,-0.8768304278922345,suppressed_lt20
DRB1~DQB1,AFR,DRB1*11:02,DQB1*05:02,0.0,0.0386001029336078,0.0270200720535254,0.0011149798355011,-1.0,not_observed
DRB1~DQB1,AFR,DRB1*11:02,DQB1*05:03,0.0,0.0386001029336078,0.0164693772516726,0.0006723163651888,-1.0,not_observed
DRB1~DQB1,AFR,DRB1*11:02,DQB1*06:02,,0.0386001029336078,0.1935151827071539,0.0089815741011082,-0.9655496453900708,suppressed_lt20
DRB1~DQB1,AFR,DRB1*11:02,DQB1*06:03,0.0,0.0386001029336078,0.0252187339166237,0.0010387247907852,-1.0,not_observed
DRB1~DQB1,AFR,DRB1*11:02,DQB1*06:04,0.0,0.0386001029336078,0.0195573854863613,0.0008008902527441,-1.0,not_observed
DRB1~DQB1,AFR,DRB1*11:02,DQB1*06:09,0.0,0.0386001029336078,0.0383427689140504,0.0016008386532269,-1.0,not_observed
DRB1~DQB1,AFR,DRB1*12:01,DQB1*02:01,0.0,0.0404014410705095,0.0730828615542974,0.0033195705314931,-1.0,not_observed
DRB1~DQB1,AFR,DRB1*12:01,DQB1*02:02,0.0,0.0404014410705095,0.1299536798764796,0.0062885928328681,-1.0,not_observed
DRB1~DQB1,AFR,DRB1*12:01,DQB1*03:01,21.0,0.0404014410705095,0.0725681935151827,0.0023422680150419,0.0659776469174378,estimated
DRB1~DQB1,AFR,DRB1*12:01,DQB1*03:02,0.0,0.0404014410705095,0.0270200720535254,0.0011692029185177,-1.0,not_observed
DRB1~DQB1,AFR,DRB1*12:01,DQB1*03:03,0.0,0.0404014410705095,0.0115800308800823,0.0004932595196469,-1.0,not_observed
DRB1~DQB1,AFR,DRB1*12:01,DQB1*03:19,0.0,0.0404014410705095,0.1124549665465774,0.0053345220137184,-1.0,not_observed
DRB1~DQB1,AFR,DRB1*12:01,DQB1*04:02,0.0,0.0404014410705095,0.0772002058672156,0.0035222342721022,-1.0,not_observed
DRB1~DQB1,AFR,DRB1*12:01,DQB1*05:01,135.0,0.0404014410705095,0.1623777663407102,0.1505963735720417,0.832708131536979,estimated
DRB1~DQB1,AFR,DRB1*12:01,DQB1*05:02,0.0,0.0404014410705095,0.0270200720535254,0.0011692029185177,-1.0,not_observed
DRB1~DQB1,AFR,DRB1*12:01,DQB1*05:03,0.0,0.0404014410705095,0.0164693772516726,0.0007050120830146,-1.0,not_observed
DRB1~DQB1,AFR,DRB1*12:01,DQB1*06:02,,0.0404014410705095,0.1935151827071539,0.0094483504707902,-0.9670856484618512,suppressed_lt20
DRB1~DQB1,AFR,DRB1*12:01,DQB1*06:03,0.0,0.0404014410705095,0.0252187339166237,0.0010892394806198,-1.0,not_observed
DRB1~DQB1,AFR,DRB1*12:01,DQB1*06:04,0.0,0.0404014410705095,0.0195573854863613,0.0008398387047958,-1.0,not_observed
DRB1~DQB1,AFR,DRB1*12:01,DQB1*06:09,0.0,0.0404014410705095,0.0383427689140504,0.0016786897536919,-1.0,not_observed
DRB1~DQB1,AFR,DRB1*13:01,DQB1*02:01,0.0,0.0579001544004117,0.0730828615542974,0.0048457100148161,-1.0,not_observed
DRB1~DQB1,AFR,DRB1*13:01,DQB1*02:02,,0.0579001544004117,0.1299536798764796,0.0085625515835116,-0.9657997799779976,suppressed_lt20
DRB1~DQB1,AFR,DRB1*13:01,DQB1*03:01,0.0,0.0579001544004117,0.0725681935151827,0.0048089151602774,-1.0,not_observed
DRB1~DQB1,AFR,DRB1*13:01,DQB1*03:02,,0.0579001544004117,0.0270200720535254,0.0011914397096455,-0.8355132275132274,suppressed_lt20
DRB1~DQB1,AFR,DRB1*13:01,DQB1*03:03,24.0,0.0579001544004117,0.0115800308800823,0.0485479085335301,0.5046526449968133,estimated
DRB1~DQB1,AFR,DRB1*13:01,DQB1*03:19,,0.0579001544004117,0.1124549665465774,0.0060499341674907,-0.8814340198321892,suppressed_lt20
DRB1~DQB1,AFR,DRB1*13:01,DQB1*04:02,,0.0579001544004117,0.0772002058672156,0.0045665858029076,-0.9424296296296296,suppressed_lt20
DRB1~DQB1,AFR,DRB1*13:01,DQB1*05:01,47.0,0.0579001544004117,0.1623777663407102,0.0009775110429446,0.0555275644307902,estimated
DRB1~DQB1,AFR,DRB1*13:01,DQB1*05:02,,0.0579001544004117,0.0270200720535254,0.0011914397096455,-0.8355132275132274,suppressed_lt20
DRB1~DQB1,AFR,DRB1*13:01,DQB1*05:03,,0.0579001544004117,0.0164693772516726,0.000548634408577,-0.7301388888888889,suppressed_lt20
DRB1~DQB1,AFR,DRB1*13:01,DQB1*06:02,,0.0579001544004117,0.1935151827071539,0.007255554905815,-0.7014302600472814,suppressed_lt20
DRB1~DQB1,AFR,DRB1*13:01,DQB1*06:03,86.0,0.0579001544004117,0.0252187339166237,0.3186377707765397,0.8700254753635953,estimated
DRB1~DQB1,AFR,DRB1*13:01,DQB1*06:04,,0.0579001544004117,0.0195573854863613,0.002757518665975,0.0921735505110769,suppressed_lt20
DRB1~DQB1,AFR,DRB1*13:01,DQB1*06:09,24.0,0.0579001544004117,0.0383427689140504,0.0077808005634289,0.1095145823288829,estimated
DRB1~DQB1,AFR,DRB1*13:02,DQB1*02:01,,0.066134843026248,0.0730828615542974,0.0050049425229274,-0.9467583712391078,suppressed_lt20
DRB1~DQB1,AFR,DRB1*13:02,DQB1*02:02,,0.066134843026248,0.1299536798764796,0.0099537773198896,-0.9700581731324884,suppressed_lt20
DRB1~DQB1,AFR,DRB1*13:02,DQB1*03:01,,0.066134843026248,0.0725681935151827,0.0049629773846515,-0.9463807710351296,suppressed_lt20
DRB1~DQB1,AFR,DRB1*13:02,DQB1*03:02,0.0,0.066134843026248,0.0270200720535254,0.0019666577000388,-1.0,not_observed
DRB1~DQB1,AFR,DRB1*13:02,DQB1*03:03,0.0,0.066134843026248,0.0115800308800823,0.0008296871458898,-1.0,not_observed
DRB1~DQB1,AFR,DRB1*13:02,DQB1*03:19,0.0,0.066134843026248,0.1124549665465774,0.0089729324381146,-1.0,not_observed
DRB1~DQB1,AFR,DRB1*13:02,DQB1*04:02,0.0,0.066134843026248,0.0772002058672156,0.005924573949364,-1.0,not_observed
DRB1~DQB1,AFR,DRB1*13:02,DQB1*05:01,67.0,0.066134843026248,0.1623777663407102,0.0050335954139233,0.1173830144584506,estimated
DRB1~DQB1,AFR,DRB1*13:02,DQB1*05:02,,0.066134843026248,0.0270200720535254,0.0001723728151017,0.0209660276345313,suppressed_lt20
DRB1~DQB1,AFR,DRB1*13:02,DQB1*05:03,0.0,0.066134843026248,0.0164693772516726,0.0011858655325962,-1.0,not_observed
DRB1~DQB1,AFR,DRB1*13:02,DQB1*06:02,,0.066134843026248,0.1935151827071539,0.0156535715786656,-0.9597855782763474,suppressed_lt20
DRB1~DQB1,AFR,DRB1*13:02,DQB1*06:03,0.0,0.066134843026248,0.0252187339166237,0.0018321552040453,-1.0,not_observed
DRB1~DQB1,AFR,DRB1*13:02,DQB1*06:04,60.0,0.066134843026248,0.0195573854863613,0.1689887096194174,0.7745645458368986,estimated
DRB1~DQB1,AFR,DRB1*13:02,DQB1*06:09,116.0,0.066134843026248,0.0383427689140504,0.3276292373234582,0.7628388762411668,estimated
DRB1~DQB1,AFR,DRB1*13:03,DQB1*02:01,0.0,0.0349974266598044,0.0730828615542974,0.0028594484545622,-1.0,not_observed
DRB1~DQB1,AFR,DRB1*13:03,DQB1*02:02,68.0,0.0349974266598044,0.1299536798764796,0.0439226832922866,0.4253179532682637,estimated
DRB1~DQB1,AFR,DRB1*13:03,DQB1*03:01,55.0,0.0349974266598044,0.0725681935151827,0.0593398111015881,0.3578091336423582,estimated
DRB1~DQB1,AFR,DRB1*13:03,DQB1*03:02,0.0,0.0349974266598044,0.0270200720535254,0.0010071409679978,-1.0,not_observed
DRB1~DQB1,AFR,DRB1*13:03,DQB1*03:03,0.0,0.0349974266598044,0.0115800308800823,0.0004248893517313,-1.0,not_observed
DRB1~DQB1,AFR,DRB1*13:03,DQB1*03:19,,0.0349974266598044,0.1124549665465774,0.0034718743254251,-0.8692286983443263,suppressed_lt20
DRB1~DQB1,AFR,DRB1*13:03,DQB1*04:02,,0.0349974266598044,0.0772002058672156,0.0019882126643555,-0.8095098039215686,suppressed_lt20
DRB1~DQB1,AFR,DRB1*13:03,DQB1*05:01,,0.0349974266598044,0.1623777663407102,0.006408190023108,-0.9547170690780272,suppressed_lt20
DRB1~DQB1,AFR,DRB1*13:03,DQB1*05:02,0.0,0.0349974266598044,0.0270200720535254,0.0010071409679978,-1.0,not_observed
DRB1~DQB1,AFR,DRB1*13:03,DQB1*05:03,0.0,0.0349974266598044,0.0164693772516726,0.0006072911215768,-1.0,not_observed
DRB1~DQB1,AFR,DRB1*13:03,DQB1*06:02,,0.0349974266598044,0.1935151827071539,0.0074297911876124,-0.9240065707133918,suppressed_lt20
DRB1~DQB1,AFR,DRB1*13:03,DQB1*06:03,,0.0349974266598044,0.0252187339166237,0.000470892496386,-0.7084333733493396,suppressed_lt20
DRB1~DQB1,AFR,DRB1*13:03,DQB1*06:04,0.0,0.0349974266598044,0.0195573854863613,0.0007234295713035,-1.0,not_observed
DRB1~DQB1,AFR,DRB1*13:03,DQB1*06:09,,0.0349974266598044,0.0383427689140504,0.0009445874936081,-0.808231346229767,suppressed_lt20
DRB1~DQB1,AFR,DRB1*13:04,DQB1*02:01,0.0,0.0144107050952135,0.0730828615542974,0.0011528263236409,-1.0,not_observed
DRB1~DQB1,AFR,DRB1*13:04,DQB1*02:02,0.0,0.0144107050952135,0.1299536798764796,0.0021839136381082,-1.0,not_observed
DRB1~DQB1,AFR,DRB1*13:04,DQB1*03:01,0.0,0.0144107050952135,0.0725681935151827,0.0011440725854359,-1.0,not_observed
DRB1~DQB1,AFR,DRB1*13:04,DQB1*03:02,0.0,0.0144107050952135,0.0270200720535254,0.0004060428568567,-1.0,not_observed
DRB1~DQB1,AFR,DRB1*13:04,DQB1*03:03,0.0,0.0144107050952135,0.0115800308800823,0.0001713000381346,-1.0,not_observed
DRB1~DQB1,AFR,DRB1*13:04,DQB1*03:19,56.0,0.0144107050952135,0.1124549665465774,0.1153987249881998,1.0,estimated
DRB1~DQB1,AFR,DRB1*13:04,DQB1*04:02,0.0,0.0144107050952135,0.0772002058672156,0.0012232077458174,-1.0,not_observed
DRB1~DQB1,AFR,DRB1*13:04,DQB1*05:01,0.0,0.0144107050952135,0.1623777663407102,0.0028344422920351,-1.0,not_observed
DRB1~DQB1,AFR,DRB1*13:04,DQB1*05:02,0.0,0.0144107050952135,0.0270200720535254,0.0004060428568567,-1.0,not_observed
DRB1~DQB1,AFR,DRB1*13:04,DQB1*05:03,0.0,0.0144107050952135,0.0164693772516726,0.000244837842749,-1.0,not_observed
DRB1~DQB1,AFR,DRB1*13:04,DQB1*06:02,0.0,0.0144107050952135,0.1935151827071539,0.0035083919148361,-1.0,not_observed
DRB1~DQB1,AFR,DRB1*13:04,DQB1*06:03,0.0,0.0144107050952135,0.0252187339166237,0.000378273012757,-1.0,not_observed
DRB1~DQB1,AFR,DRB1*13:04,DQB1*06:04,0.0,0.0144107050952135,0.0195573854863613,0.0002916606703535,-1.0,not_observed
DRB1~DQB1,AFR,DRB1*13:04,DQB1*06:09,0.0,0.0144107050952135,0.0383427689140504,0.0005829783458199,-1.0,not_observed
DRB1~DQB1,AFR,DRB1*14:54,DQB1*02:01,0.0,0.01672671127123,0.0730828615542974,0.001341253754021,-1.0,not_observed
DRB1~DQB1,AFR,DRB1*14:54,DQB1*02:02,0.0,0.01672671127123,0.1299536798764796,0.0025408704724223,-1.0,not_observed
DRB1~DQB1,AFR,DRB1*14:54,DQB1*03:01,0.0,0.01672671127123,0.0725681935151827,0.0013310692327377,-1.0,not_observed
DRB1~DQB1,AFR,DRB1*14:54,DQB1*03:02,0.0,0.01672671127123,0.0270200720535254,0.0004724098460317,-1.0,not_observed
DRB1~DQB1,AFR,DRB1*14:54,DQB1*03:03,0.0,0.01672671127123,0.0115800308800823,0.0001992987273975,-1.0,not_observed
DRB1~DQB1,AFR,DRB1*14:54,DQB1*03:19,0.0,0.01672671127123,0.1124549665465774,0.0021553835379992,-1.0,not_observed
DRB1~DQB1,AFR,DRB1*14:54,DQB1*04:02,0.0,0.01672671127123,0.0772002058672156,0.0014231388955829,-1.0,not_observed
DRB1~DQB1,AFR,DRB1*14:54,DQB1*05:01,,0.01672671127123,0.1623777663407102,0.0003740290008686,-0.3367792271120322,suppressed_lt20
DRB1~DQB1,AFR,DRB1*14:54,DQB1*05:02,,0.01672671127123,0.0270200720535254,9.095227932426926e-06,0.0038532744695135,suppressed_lt20
DRB1~DQB1,AFR,DRB1*14:54,DQB1*05:03,46.0,0.01672671127123,0.0164693772516726,0.501773277243639,0.7139655849254121,estimated
DRB1~DQB1,AFR,DRB1*14:54,DQB1*06:02,,0.01672671127123,0.1935151827071539,0.0005408070105049,-0.3639934533551555,suppressed_lt20
DRB1~DQB1,AFR,DRB1*14:54,DQB1*06:03,0.0,0.01672671127123,0.0252187339166237,0.000440101069867,-1.0,not_observed
DRB1~DQB1,AFR,DRB1*14:54,DQB1*06:04,,0.01672671127123,0.0195573854863613,1.5447288563238943e-05,-0.2133603238866396,suppressed_lt20
DRB1~DQB1,AFR,DRB1*14:54,DQB1*06:09,0.0,0.01672671127123,0.0383427689140504,0.0006782651287614,-1.0,not_observed
DRB1~DQB1,AFR,DRB1*15:01,DQB1*02:01,0.0,0.0218733916623777,0.0730828615542974,0.0017631760892871,-1.0,not_observed
DRB1~DQB1,AFR,DRB1*15:01,DQB1*02:02,,0.0218733916623777,0.1299536798764796,0.0027627655043818,-0.909470005824112,suppressed_lt20
DRB1~DQB1,AFR,DRB1*15:01,DQB1*03:01,,0.0218733916623777,0.0725681935151827,0.0012284280920614,-0.837880684188569,suppressed_lt20
DRB1~DQB1,AFR,DRB1*15:01,DQB1*03:02,0.0,0.0218733916623777,0.0270200720535254,0.0006210172701249,-1.0,not_observed
DRB1~DQB1,AFR,DRB1*15:01,DQB1*03:03,0.0,0.0218733916623777,0.0115800308800823,0.0002619927435202,-1.0,not_observed
DRB1~DQB1,AFR,DRB1*15:01,DQB1*03:19,0.0,0.0218733916623777,0.1124549665465774,0.0028334091934879,-1.0,not_observed
DRB1~DQB1,AFR,DRB1*15:01,DQB1*04:02,0.0,0.0218733916623777,0.0772002058672156,0.0018708200926958,-1.0,not_observed
DRB1~DQB1,AFR,DRB1*15:01,DQB1*05:01,0.0,0.0218733916623777,0.1623777663407102,0.004335103018811,-1.0,not_observed
DRB1~DQB1,AFR,DRB1*15:01,DQB1*05:02,,0.0218733916623777,0.0270200720535254,1.0364440026169836e-05,-0.1291876750700278,suppressed_lt20
DRB1~DQB1,AFR,DRB1*15:01,DQB1*05:03,0.0,0.0218733916623777,0.0164693772516726,0.0003744642373574,-1.0,not_observed
DRB1~DQB1,AFR,DRB1*15:01,DQB1*06:02,73.0,0.0218733916623777,0.1935151827071539,0.0634243112673739,0.8249483839483464,estimated
DRB1~DQB1,AFR,DRB1*15:01,DQB1*06:03,,0.0218733916623777,0.0252187339166237,0.0004339097757169,0.022405118330331,suppressed_lt20
DRB1~DQB1,AFR,DRB1*15:01,DQB1*06:04,0.0,0.0218733916623777,0.0195573854863613,0.0004460768370804,-1.0,not_observed
DRB1~DQB1,AFR,DRB1*15:01,DQB1*06:09,,0.0218733916623777,0.0383427689140504,0.0004284142780956,-0.6931701539676273,suppressed_lt20
DRB1~DQB1,AFR,DRB1*15:03,DQB1*02:01,,0.1258363355635615,0.0730828615542974,0.0107235045442174,-0.9720182032892654,suppressed_lt20
DRB1~DQB1,AFR,DRB1*15:03,DQB1*02:02,,0.1258363355635615,0.1299536798764796,0.0201689526850999,-0.968527404887728,suppressed_lt20
DRB1~DQB1,AFR,DRB1*15:03,DQB1*03:01,0.0,0.1258363355635615,0.0725681935151827,0.0112636108703344,-1.0,not_observed
DRB1~DQB1,AFR,DRB1*15:03,DQB1*03:02,0.0,0.1258363355635615,0.0270200720535254,0.003997568680986,-1.0,not_observed
DRB1~DQB1,AFR,DRB1*15:03,DQB1*03:03,0.0,0.1258363355635615,0.0115800308800823,0.0016864812566826,-1.0,not_observed
DRB1~DQB1,AFR,DRB1*15:03,DQB1*03:19,0.0,0.1258363355635615,0.1124549665465774,0.018239022322239,-1.0,not_observed
DRB1~DQB1,AFR,DRB1*15:03,DQB1*04:02,0.0,0.1258363355635615,0.0772002058672156,0.0120427114833944,-1.0,not_observed
DRB1~DQB1,AFR,DRB1*15:03,DQB1*05:01,,0.1258363355635615,0.1623777663407102,0.0201083196043943,-0.8488716906653184,suppressed_lt20
DRB1~DQB1,AFR,DRB1*15:03,DQB1*05:02,0.0,0.1258363355635615,0.0270200720535254,0.003997568680986,-1.0,not_observed
DRB1~DQB1,AFR,DRB1*15:03,DQB1*05:03,,0.1258363355635615,0.0164693772516726,0.0018490259589874,-0.8758307770961145,suppressed_lt20
DRB1~DQB1,AFR,DRB1*15:03,DQB1*06:02,466.0,0.1258363355635615,0.1935151827071539,0.5319863694502753,0.94167929287986,estimated
DRB1~DQB1,AFR,DRB1*15:03,DQB1*06:03,,0.1258363355635615,0.0252187339166237,0.0031446714231571,-0.9189098952464422,suppressed_lt20
DRB1~DQB1,AFR,DRB1*15:03,DQB1*06:04,,0.1258363355635615,0.0195573854863613,0.0017960371020962,-0.7908728877408244,suppressed_lt20
DRB1~DQB1,AFR,DRB1*15:03,DQB1*06:09,,0.1258363355635615,0.0383427689140504,0.0040497820292402,-0.8399967060567382,suppressed_lt20
DRB1~DQB1,AFR,DRB1*16:02,DQB1*02:01,0.0,0.0136387030365414,0.0730828615542974,0.001090213817207,-1.0,not_observed
DRB1~DQB1,AFR,DRB1*16:02,DQB1*02:02,0.0,0.0136387030365414,0.1299536798764796,0.0020653005357589,-1.0,not_observed
DRB1~DQB1,AFR,DRB1*16:02,DQB1*03:01,,0.0136387030365414,0.0725681935151827,0.0005924636017744,-0.7399973236986485,suppressed_lt20
DRB1~DQB1,AFR,DRB1*16:02,DQB1*03:02,0.0,0.0136387030365414,0.0270200720535254,0.0003839897856646,-1.0,not_observed
DRB1~DQB1,AFR,DRB1*16:02,DQB1*03:03,0.0,0.0136387030365414,0.0115800308800823,0.000161996360278,-1.0,not_observed
DRB1~DQB1,AFR,DRB1*16:02,DQB1*03:19,0.0,0.0136387030365414,0.1124549665465774,0.0017519644641909,-1.0,not_observed
DRB1~DQB1,AFR,DRB1*16:02,DQB1*04:02,0.0,0.0136387030365414,0.0772002058672156,0.0011567726711801,-1.0,not_observed
DRB1~DQB1,AFR,DRB1*16:02,DQB1*05:01,0.0,0.0136387030365414,0.1623777663407102,0.0026804975628014,-1.0,not_observed
DRB1~DQB1,AFR,DRB1*16:02,DQB1*05:02,46.0,0.0136387030365414,0.0270200720535254,0.3719118141466432,0.8642567355147136,estimated
DRB1~DQB1,AFR,DRB1*16:02,DQB1*05:03,0.0,0.0136387030365414,0.0164693772516726,0.0002315401666898,-1.0,not_observed
DRB1~DQB1,AFR,DRB1*16:02,DQB1*06:02,,0.0136387030365414,0.1935151827071539,0.00215003482172,-0.8049979927739863,suppressed_lt20
DRB1~DQB1,AFR,DRB1*16:02,DQB1*06:03,0.0,0.0136387030365414,0.0252187339166237,0.0003577281822311,-1.0,not_observed
DRB1~DQB1,AFR,DRB1*16:02,DQB1*06:04,0.0,0.0136387030365414,0.0195573854863613,0.0002758199446305,-1.0,not_observed
DRB1~DQB1,AFR,DRB1*16:02,DQB1*06:09,0.0,0.0136387030365414,0.0383427689140504,0.0005513155231727,-1.0,not_observed
DRB1~DQB1,AMR,DRB1*01:01,DQB1*02:01,0.0,0.039208501282521,0.0513008427995602,0.0022067192095643,-1.0,not_observed
DRB1~DQB1,AMR,DRB1*01:01,DQB1*02:02,0.0,0.039208501282521,0.079149871747893,0.0035076185073316,-1.0,not_observed
DRB1~DQB1,AMR,DRB1*01:01,DQB1*03:01,0.0,0.039208501282521,0.2015390252839868,0.0103004583310142,-1.0,not_observed
DRB1~DQB1,AMR,DRB1*01:01,DQB1*03:02,0.0,0.039208501282521,0.2121656284353243,0.0109898355595763,-1.0,not_observed
DRB1~DQB1,AMR,DRB1*01:01,DQB1*03:03,0.0,0.039208501282521,0.0139245144741663,0.0005762633361877,-1.0,not_observed
DRB1~DQB1,AMR,DRB1*01:01,DQB1*03:19,0.0,0.039208501282521,0.026383290582631,0.0011058393311911,-1.0,not_observed
DRB1~DQB1,AMR,DRB1*01:01,DQB1*04:02,,0.039208501282521,0.129351410773177,0.0052184336242167,-0.9277488019909452,suppressed_lt20
DRB1~DQB1,AMR,DRB1*01:01,DQB1*05:01,103.0,0.039208501282521,0.1088310736533528,0.3067156558656037,0.9580515248401378,estimated
DRB1~DQB1,AMR,DRB1*01:01,DQB1*05:02,0.0,0.039208501282521,0.0124587761084646,0.0005148387626321,-1.0,not_observed
DRB1~DQB1,AMR,DRB1*01:01,DQB1*05:03,0.0,0.039208501282521,0.0175888603884206,0.0007306266574598,-1.0,not_observed
DRB1~DQB1,AMR,DRB1*01:01,DQB1*06:01,0.0,0.039208501282521,0.007695126419934,0.000316462114119,-1.0,not_observed
DRB1~DQB1,AMR,DRB1*01:01,DQB1*06:02,0.0,0.039208501282521,0.0633931843165994,0.0027620805773704,-1.0,not_observed
DRB1~DQB1,AMR,DRB1*01:01,DQB1*06:03,0.0,0.039208501282521,0.039208501282521,0.0016653371896893,-1.0,not_observed
DRB1~DQB1,AMR,DRB1*01:01,DQB1*06:04,0.0,0.039208501282521,0.0164895566141443,0.0006841968850071,-1.0,not_observed
DRB1~DQB1,AMR,DRB1*01:01,DQB1*06:09,0.0,0.039208501282521,0.0080615610113594,0.0003316542106136,-1.0,not_observed
DRB1~DQB1,AMR,DRB1*01:02,DQB1*02:01,0.0,0.0381091975082447,0.0513008427995602,0.0021423973220033,-1.0,not_observed
DRB1~DQB1,AMR,DRB1*01:02,DQB1*02:02,0.0,0.0381091975082447,0.079149871747893,0.0034053777499857,-1.0,not_observed
DRB1~DQB1,AMR,DRB1*01:02,DQB1*03:01,0.0,0.0381091975082447,0.2015390252839868,0.0100002185362442,-1.0,not_observed
DRB1~DQB1,AMR,DRB1*01:02,DQB1*03:02,0.0,0.0381091975082447,0.2121656284353243,0.0106695016611295,-1.0,not_observed
DRB1~DQB1,AMR,DRB1*01:02,DQB1*03:03,0.0,0.0381091975082447,0.0139245144741663,0.0005594662985967,-1.0,not_observed
DRB1~DQB1,AMR,DRB1*01:02,DQB1*03:19,0.0,0.0381091975082447,0.026383290582631,0.0010736061078552,-1.0,not_observed
DRB1~DQB1,AMR,DRB1*01:02,DQB1*04:02,,0.0381091975082447,0.129351410773177,0.0050435884587206,-0.9256646328176072,suppressed_lt20
DRB1~DQB1,AMR,DRB1*01:02,DQB1*05:01,103.0,0.0381091975082447,0.1088310736533528,0.3174596054580977,0.9892103681680162,estimated
DRB1~DQB1,AMR,DRB1*01:02,DQB1*05:02,0.0,0.0381091975082447,0.0124587761084646,0.0004998321406484,-1.0,not_observed
DRB1~DQB1,AMR,DRB1*01:02,DQB1*05:03,0.0,0.0381091975082447,0.0175888603884206,0.0007093302072787,-1.0,not_observed
DRB1~DQB1,AMR,DRB1*01:02,DQB1*06:01,0.0,0.0381091975082447,0.007695126419934,0.0003072378138847,-1.0,not_observed
DRB1~DQB1,AMR,DRB1*01:02,DQB1*06:02,0.0,0.0381091975082447,0.0633931843165994,0.002681570906923,-1.0,not_observed
DRB1~DQB1,AMR,DRB1*01:02,DQB1*06:03,0.0,0.0381091975082447,0.039208501282521,0.0016167956122189,-1.0,not_observed
DRB1~DQB1,AMR,DRB1*01:02,DQB1*06:04,0.0,0.0381091975082447,0.0164895566141443,0.0006642537790078,-1.0,not_observed
DRB1~DQB1,AMR,DRB1*01:02,DQB1*06:09,0.0,0.0381091975082447,0.0080615610113594,0.0003219870881488,-1.0,not_observed
DRB1~DQB1,AMR,DRB1*03:01,DQB1*02:01,133.0,0.0516672773909857,0.0513008427995602,0.8906234195897982,0.9472758887171562,estimated
DRB1~DQB1,AMR,DRB1*03:01,DQB1*02:02,0.0,0.0516672773909857,0.079149871747893,0.0046829131483826,-1.0,not_observed
DRB1~DQB1,AMR,DRB1*03:01,DQB1*03:01,,0.0516672773909857,0.2015390252839868,0.0093382688672544,-0.8240490006447453,suppressed_lt20
DRB1~DQB1,AMR,DRB1*03:01,DQB1*03:02,0.0,0.0516672773909857,0.2121656284353243,0.0146721900722475,-1.0,not_observed
DRB1~DQB1,AMR,DRB1*03:01,DQB1*03:03,0.0,0.0516672773909857,0.0139245144741663,0.0007693513842294,-1.0,not_observed
DRB1~DQB1,AMR,DRB1*03:01,DQB1*03:19,,0.0516672773909857,0.026383290582631,0.0007893170527819,-0.7311859732072497,suppressed_lt20
DRB1~DQB1,AMR,DRB1*03:01,DQB1*04:02,,0.0516672773909857,0.129351410773177,0.0072310931526297,-0.9451710766881642,suppressed_lt20
DRB1~DQB1,AMR,DRB1*03:01,DQB1*05:01,0.0,0.0516672773909857,0.1088310736533528,0.0066534625904986,-1.0,not_observed
DRB1~DQB1,AMR,DRB1*03:01,DQB1*05:02,0.0,0.0516672773909857,0.0124587761084646,0.0006873453329624,-1.0,not_observed
DRB1~DQB1,AMR,DRB1*03:01,DQB1*05:03,0.0,0.0516672773909857,0.0175888603884206,0.0009754370874786,-1.0,not_observed
DRB1~DQB1,AMR,DRB1*03:01,DQB1*06:01,0.0,0.0516672773909857,0.007695126419934,0.0004224987957143,-1.0,not_observed
DRB1~DQB1,AMR,DRB1*03:01,DQB1*06:02,0.0,0.0516672773909857,0.0633931843165994,0.003687568481471,-1.0,not_observed
DRB1~DQB1,AMR,DRB1*03:01,DQB1*06:03,,0.0516672773909857,0.039208501282521,0.0014917516678064,-0.8191157950553457,suppressed_lt20
DRB1~DQB1,AMR,DRB1*03:01,DQB1*06:04,0.0,0.0516672773909857,0.0164895566141443,0.0009134501321011,-1.0,not_observed
DRB1~DQB1,AMR,DRB1*03:01,DQB1*06:09,0.0,0.0516672773909857,0.0080615610113594,0.0004427812945885,-1.0,not_observed
DRB1~DQB1,AMR,DRB1*03:02,DQB1*02:01,0.0,0.0124587761084646,0.0513008427995602,0.0006822069394491,-1.0,not_observed
DRB1~DQB1,AMR,DRB1*03:02,DQB1*02:02,0.0,0.0124587761084646,0.079149871747893,0.0010843797780299,-1.0,not_observed
DRB1~DQB1,AMR,DRB1*03:02,DQB1*03:01,,0.0124587761084646,0.2015390252839868,0.0023227721652381,-0.8540641711229947,suppressed_lt20
DRB1~DQB1,AMR,DRB1*03:02,DQB1*03:02,0.0,0.0124587761084646,0.2121656284353243,0.0033975061483367,-1.0,not_observed
DRB1~DQB1,AMR,DRB1*03:02,DQB1*03:03,0.0,0.0124587761084646,0.0139245144741663,0.0001781517309467,-1.0,not_observed
DRB1~DQB1,AMR,DRB1*03:02,DQB1*03:19,0.0,0.0124587761084646,0.026383290582631,0.000341870076802,-1.0,not_observed
DRB1~DQB1,AMR,DRB1*03:02,DQB1*04:02,32.0,0.0124587761084646,0.129351410773177,0.0738296795760162,0.9324371162606456,estimated
DRB1~DQB1,AMR,DRB1*03:02,DQB1*05:01,0.0,0.0124587761084646,0.1088310736533528,0.0015406820622986,-1.0,not_observed
DRB1~DQB1,AMR,DRB1*03:02,DQB1*05:02,0.0,0.0124587761084646,0.0124587761084646,0.0001591623324991,-1.0,not_observed
DRB1~DQB1,AMR,DRB1*03:02,DQB1*05:03,0.0,0.0124587761084646,0.0175888603884206,0.0002258731304396,-1.0,not_observed
DRB1~DQB1,AMR,DRB1*03:02,DQB1*06:01,0.0,0.0124587761084646,0.007695126419934,9.783421895681869e-05,-1.0,not_observed
DRB1~DQB1,AMR,DRB1*03:02,DQB1*06:02,0.0,0.0124587761084646,0.0633931843165994,0.0008538968297519,-1.0,not_observed
DRB1~DQB1,AMR,DRB1*03:02,DQB1*06:03,0.0,0.0124587761084646,0.039208501282521,0.0005148387626321,-1.0,not_observed
DRB1~DQB1,AMR,DRB1*03:02,DQB1*06:04,0.0,0.0124587761084646,0.0164895566141443,0.000211519372686,-1.0,not_observed
DRB1~DQB1,AMR,DRB1*03:02,DQB1*06:09,0.0,0.0124587761084646,0.0080615610113594,0.0001025308534939,-1.0,not_observed
DRB1~DQB1,AMR,DRB1*04:01,DQB1*02:01,0.0,0.015390252839868,0.0513008427995602,0.0008452352664927,-1.0,not_observed
DRB1~DQB1,AMR,DRB1*04:01,DQB1*02:02,0.0,0.015390252839868,0.079149871747893,0.0013435161351519,-1.0,not_observed
DRB1~DQB1,AMR,DRB1*04:01,DQB1*03:01,,0.015390252839868,0.2015390252839868,0.0016871825856154,0.1650604252715313,suppressed_lt20
DRB1~DQB1,AMR,DRB1*04:01,DQB1*03:02,26.0,0.015390252839868,0.2121656284353243,0.0154813420709738,0.5164562569213732,estimated
DRB1~DQB1,AMR,DRB1*04:01,DQB1*03:03,0.0,0.015390252839868,0.0139245144741663,0.0002207249986412,-1.0,not_observed
DRB1~DQB1,AMR,DRB1*04:01,DQB1*03:19,0.0,0.015390252839868,0.026383290582631,0.000423567437917,-1.0,not_observed
DRB1~DQB1,AMR,DRB1*04:01,DQB1*04:02,0.0,0.015390252839868,0.129351410773177,0.0023222549273907,-1.0,not_observed
DRB1~DQB1,AMR,DRB1*04:01,DQB1*05:01,0.0,0.015390252839868,0.1088310736533528,0.001908861869038,-1.0,not_observed
DRB1~DQB1,AMR,DRB1*04:01,DQB1*05:02,0.0,0.015390252839868,0.0124587761084646,0.0001971976664942,-1.0,not_observed
DRB1~DQB1,AMR,DRB1*04:01,DQB1*05:03,0.0,0.015390252839868,0.0175888603884206,0.0002798504743368,-1.0,not_observed
DRB1~DQB1,AMR,DRB1*04:01,DQB1*06:01,0.0,0.015390252839868,0.007695126419934,0.0001212138536715,-1.0,not_observed
DRB1~DQB1,AMR,DRB1*04:01,DQB1*06:02,0.0,0.015390252839868,0.0633931843165994,0.0010579542257889,-1.0,not_observed
DRB1~DQB1,AMR,DRB1*04:01,DQB1*06:03,0.0,0.015390252839868,0.039208501282521,0.0006378707890095,-1.0,not_observed
DRB1~DQB1,AMR,DRB1*04:01,DQB1*06:04,0.0,0.015390252839868,0.0164895566141443,0.00026206657101,-1.0,not_observed
DRB1~DQB1,AMR,DRB1*04:01,DQB1*06:09,0.0,0.015390252839868,0.0080615610113594,0.0001270328521528,-1.0,not_observed
DRB1~DQB1,AMR,DRB1*04:02,DQB1*02:01,0.0,0.01282521069989,0.0513008427995602,0.0007025325294067,-1.0,not_observed
DRB1~DQB1,AMR,DRB1*04:02,DQB1*02:02,,0.01282521069989,0.079149871747893,0.0004559972247337,-0.6390211640211639,suppressed_lt20
DRB1~DQB1,AMR,DRB1*04:02,DQB1*03:01,,0.01282521069989,0.2015390252839868,0.002415389126747,-0.8582337662337662,suppressed_lt20
DRB1~DQB1,AMR,DRB1*04:02,DQB1*03:02,33.0,0.01282521069989,0.2121656284353243,0.0414981397043378,0.927468438538206,estimated
DRB1~DQB1,AMR,DRB1*04:02,DQB1*03:03,0.0,0.01282521069989,0.0139245144741663,0.0001834595617882,-1.0,not_observed
DRB1~DQB1,AMR,DRB1*04:02,DQB1*03:19,0.0,0.01282521069989,0.026383290582631,0.0003520557119781,-1.0,not_observed
DRB1~DQB1,AMR,DRB1*04:02,DQB1*04:02,0.0,0.01282521069989,0.129351410773177,0.0019301840478529,-1.0,not_observed
DRB1~DQB1,AMR,DRB1*04:02,DQB1*05:01,0.0,0.01282521069989,0.1088310736533528,0.0015865849548704,-1.0,not_observed
DRB1~DQB1,AMR,DRB1*04:02,DQB1*05:02,0.0,0.01282521069989,0.0124587761084646,0.0001639043955302,-1.0,not_observed
DRB1~DQB1,AMR,DRB1*04:02,DQB1*05:03,0.0,0.01282521069989,0.0175888603884206,0.0002326027668099,-1.0,not_observed
DRB1~DQB1,AMR,DRB1*04:02,DQB1*06:01,0.0,0.01282521069989,0.007695126419934,0.0001007490796879,-1.0,not_observed
DRB1~DQB1,AMR,DRB1*04:02,DQB1*06:02,0.0,0.01282521069989,0.0633931843165994,0.0008793377272626,-1.0,not_observed
DRB1~DQB1,AMR,DRB1*04:02,DQB1*06:03,0.0,0.01282521069989,0.039208501282521,0.0005301778056386,-1.0,not_observed
DRB1~DQB1,AMR,DRB1*04:02,DQB1*06:04,0.0,0.01282521069989,0.0164895566141443,0.0002178213549567,-1.0,not_observed
DRB1~DQB1,AMR,DRB1*04:02,DQB1*06:09,0.0,0.01282521069989,0.0080615610113594,0.000105585645179,-1.0,not_observed
DRB1~DQB1,AMR,DRB1*04:03,DQB1*02:01,0.0,0.0194210333455478,0.0513008427995602,0.0010709908137278,-1.0,not_observed
DRB1~DQB1,AMR,DRB1*04:03,DQB1*02:02,0.0,0.0194210333455478,0.079149871747893,0.0017023584981415,-1.0,not_observed
DRB1~DQB1,AMR,DRB1*04:03,DQB1*03:01,,0.0194210333455478,0.2015390252839868,0.0019560592357903,-0.6255231560891938,suppressed_lt20
DRB1~DQB1,AMR,DRB1*04:03,DQB1*03:02,47.0,0.0194210333455478,0.2121656284353243,0.0539270941780318,0.856305397103993,estimated
DRB1~DQB1,AMR,DRB1*04:03,DQB1*03:03,0.0,0.0194210333455478,0.0139245144741663,0.000279678871997,-1.0,not_observed
DRB1~DQB1,AMR,DRB1*04:03,DQB1*03:19,0.0,0.0194210333455478,0.026383290582631,0.0005366988967293,-1.0,not_observed
DRB1~DQB1,AMR,DRB1*04:03,DQB1*04:02,0.0,0.0194210333455478,0.129351410773177,0.0029425105564866,-1.0,not_observed
DRB1~DQB1,AMR,DRB1*04:03,DQB1*05:01,0.0,0.0194210333455478,0.1088310736533528,0.0024187035343403,-1.0,not_observed
DRB1~DQB1,AMR,DRB1*04:03,DQB1*05:02,0.0,0.0194210333455478,0.0124587761084646,0.000249867578503,-1.0,not_observed
DRB1~DQB1,AMR,DRB1*04:03,DQB1*05:03,0.0,0.0194210333455478,0.0175888603884206,0.0003545962871092,-1.0,not_observed
DRB1~DQB1,AMR,DRB1*04:03,DQB1*06:01,0.0,0.0194210333455478,0.007695126419934,0.0001535890998933,-1.0,not_observed
DRB1~DQB1,AMR,DRB1*04:03,DQB1*06:02,0.0,0.0194210333455478,0.0633931843165994,0.0013405252976086,-1.0,not_observed
DRB1~DQB1,AMR,DRB1*04:03,DQB1*06:03,0.0,0.0194210333455478,0.039208501282521,0.0008082409507228,-1.0,not_observed
DRB1~DQB1,AMR,DRB1*04:03,DQB1*06:04,0.0,0.0194210333455478,0.0164895566141443,0.0003320624461181,-1.0,not_observed
DRB1~DQB1,AMR,DRB1*04:03,DQB1*06:09,0.0,0.0194210333455478,0.0080615610113594,0.0001609623061066,-1.0,not_observed
DRB1~DQB1,AMR,DRB1*04:04,DQB1*02:01,0.0,0.0436057163796262,0.0513008427995602,0.0024654854238903,-1.0,not_observed
DRB1~DQB1,AMR,DRB1*04:04,DQB1*02:02,,0.0436057163796262,0.079149871747893,0.0031309586473702,-0.8938297541238718,suppressed_lt20
DRB1~DQB1,AMR,DRB1*04:04,DQB1*03:01,0.0,0.0436057163796262,0.2015390252839868,0.0115083195743416,-1.0,not_observed
DRB1~DQB1,AMR,DRB1*04:04,DQB1*03:02,116.0,0.0436057163796262,0.2121656284353243,0.1586418501976298,0.968000781708032,estimated
DRB1~DQB1,AMR,DRB1*04:04,DQB1*03:03,0.0,0.0436057163796262,0.0139245144741663,0.0006438376253468,-1.0,not_observed
DRB1~DQB1,AMR,DRB1*04:04,DQB1*03:19,0.0,0.0436057163796262,0.026383290582631,0.0012355132181745,-1.0,not_observed
DRB1~DQB1,AMR,DRB1*04:04,DQB1*04:02,,0.0436057163796262,0.129351410773177,0.0051279335341905,-0.870069274168591,suppressed_lt20
DRB1~DQB1,AMR,DRB1*04:04,DQB1*05:01,0.0,0.0436057163796262,0.1088310736533528,0.0055680013611615,-1.0,not_observed
DRB1~DQB1,AMR,DRB1*04:04,DQB1*05:02,0.0,0.0436057163796262,0.0124587761084646,0.0005752102303826,-1.0,not_observed
DRB1~DQB1,AMR,DRB1*04:04,DQB1*05:03,0.0,0.0436057163796262,0.0175888603884206,0.0008163020317517,-1.0,not_observed
DRB1~DQB1,AMR,DRB1*04:04,DQB1*06:01,0.0,0.0436057163796262,0.007695126419934,0.0003535713679349,-1.0,not_observed
DRB1~DQB1,AMR,DRB1*04:04,DQB1*06:02,0.0,0.0436057163796262,0.0633931843165994,0.0030859700561821,-1.0,not_observed
DRB1~DQB1,AMR,DRB1*04:04,DQB1*06:03,0.0,0.0436057163796262,0.039208501282521,0.0018606193979033,-1.0,not_observed
DRB1~DQB1,AMR,DRB1*04:04,DQB1*06:04,0.0,0.0436057163796262,0.0164895566141443,0.0007644277712112,-1.0,not_observed
DRB1~DQB1,AMR,DRB1*04:04,DQB1*06:09,0.0,0.0436057163796262,0.0080615610113594,0.0003705449331731,-1.0,not_observed
DRB1~DQB1,AMR,DRB1*04:05,DQB1*02:01,0.0,0.0223525100769512,0.0513008427995602,0.0012363459058419,-1.0,not_observed
DRB1~DQB1,AMR,DRB1*04:05,DQB1*02:02,,0.0223525100769512,0.079149871747893,2.489910779778148e-06,0.0030595004338097,suppressed_lt20
DRB1~DQB1,AMR,DRB1*04:05,DQB1*03:01,,0.0223525100769512,0.2015390252839868,0.0032981140027294,-0.7559761549925484,suppressed_lt20
DRB1~DQB1,AMR,DRB1*04:05,DQB1*03:02,52.0,0.0223525100769512,0.2121656284353243,0.0560779451623827,0.81272588638963,estimated
DRB1~DQB1,AMR,DRB1*04:05,DQB1*03:03,0.0,0.0223525100769512,0.0139245144741663,0.0003228597518409,-1.0,not_observed
DRB1~DQB1,AMR,DRB1*04:05,DQB1*03:19,0.0,0.0223525100769512,0.026383290582631,0.0006195622550034,-1.0,not_observed
DRB1~DQB1,AMR,DRB1*04:05,DQB1*04:02,,0.0223525100769512,0.129351410773177,0.0025903812214924,-0.8732642920169044,suppressed_lt20
DRB1~DQB1,AMR,DRB1*04:05,DQB1*05:01,0.0,0.0223525100769512,0.1088310736533528,0.0027921380592598,-1.0,not_observed
DRB1~DQB1,AMR,DRB1*04:05,DQB1*05:02,0.0,0.0223525100769512,0.0124587761084646,0.0002884457585678,-1.0,not_observed
DRB1~DQB1,AMR,DRB1*04:05,DQB1*05:03,0.0,0.0223525100769512,0.0175888603884206,0.0004093440038652,-1.0,not_observed
DRB1~DQB1,AMR,DRB1*04:05,DQB1*06:01,0.0,0.0223525100769512,0.007695126419934,0.0001773024123093,-1.0,not_observed
DRB1~DQB1,AMR,DRB1*04:05,DQB1*06:02,0.0,0.0223525100769512,0.0633931843165994,0.0015474950318268,-1.0,not_observed
DRB1~DQB1,AMR,DRB1*04:05,DQB1*06:03,0.0,0.0223525100769512,0.039208501282521,0.0009330289088865,-1.0,not_observed
DRB1~DQB1,AMR,DRB1*04:05,DQB1*06:04,0.0,0.0223525100769512,0.0164895566141443,0.0003833310617418,-1.0,not_observed
DRB1~DQB1,AMR,DRB1*04:05,DQB1*06:09,0.0,0.0223525100769512,0.0080615610113594,0.0001858140010157,-1.0,not_observed
DRB1~DQB1,AMR,DRB1*04:07,DQB1*02:01,0.0,0.0802491755221692,0.0513008427995602,0.0047180917119471,-1.0,not_observed
DRB1~DQB1,AMR,DRB1*04:07,DQB1*02:02,0.0,0.0802491755221692,0.079149871747893,0.0074994887144616,-1.0,not_observed
DRB1~DQB1,AMR,DRB1*04:07,DQB1*03:01,,0.0802491755221692,0.2015390252839868,0.0155913614233541,-0.8414030718140307,suppressed_lt20
DRB1~DQB1,AMR,DRB1*04:07,DQB1*03:02,204.0,0.0802491755221692,0.2121656284353243,0.2701035774896805,0.9130614845492196,estimated
DRB1~DQB1,AMR,DRB1*04:07,DQB1*03:03,,0.0802491755221692,0.0139245144741663,0.0005565119673808,-0.6720740206681086,suppressed_lt20
DRB1~DQB1,AMR,DRB1*04:07,DQB1*03:19,0.0,0.0802491755221692,0.026383290582631,0.0023643476526712,-1.0,not_observed
DRB1~DQB1,AMR,DRB1*04:07,DQB1*04:02,,0.0802491755221692,0.129351410773177,0.0080531565883205,-0.7881951181652372,suppressed_lt20
DRB1~DQB1,AMR,DRB1*04:07,DQB1*05:01,0.0,0.0802491755221692,0.1088310736533528,0.0106552408785908,-1.0,not_observed
DRB1~DQB1,AMR,DRB1*04:07,DQB1*05:02,0.0,0.0802491755221692,0.0124587761084646,0.0011007546807205,-1.0,not_observed
DRB1~DQB1,AMR,DRB1*04:07,DQB1*05:03,0.0,0.0802491755221692,0.0175888603884206,0.0015621215250894,-1.0,not_observed
DRB1~DQB1,AMR,DRB1*04:07,DQB1*06:01,0.0,0.0802491755221692,0.007695126419934,0.0006766140754559,-1.0,not_observed
DRB1~DQB1,AMR,DRB1*04:07,DQB1*06:02,0.0,0.0802491755221692,0.0633931843165994,0.0059054860370723,-1.0,not_observed
DRB1~DQB1,AMR,DRB1*04:07,DQB1*06:03,0.0,0.0802491755221692,0.039208501282521,0.0035605860311613,-1.0,not_observed
DRB1~DQB1,AMR,DRB1*04:07,DQB1*06:04,0.0,0.0802491755221692,0.0164895566141443,0.0014628520196412,-1.0,not_observed
DRB1~DQB1,AMR,DRB1*04:07,DQB1*06:09,0.0,0.0802491755221692,0.0080615610113594,0.0007090956454933,-1.0,not_observed
DRB1~DQB1,AMR,DRB1*04:11,DQB1*02:01,0.0,0.026383290582631,0.0513008427995602,0.0014653350143982,-1.0,not_observed
DRB1~DQB1,AMR,DRB1*04:11,DQB1*02:02,0.0,0.026383290582631,0.079149871747893,0.0023291754536178,-1.0,not_observed
DRB1~DQB1,AMR,DRB1*04:11,DQB1*03:01,,0.026383290582631,0.2015390252839868,0.005929606346397,-0.9310858585858586,suppressed_lt20
DRB1~DQB1,AMR,DRB1*04:11,DQB1*03:02,59.0,0.026383290582631,0.2121656284353243,0.0597870676230522,0.7708204134366925,estimated
DRB1~DQB1,AMR,DRB1*04:11,DQB1*03:03,0.0,0.026383290582631,0.0139245144741663,0.0003826580383992,-1.0,not_observed
DRB1~DQB1,AMR,DRB1*04:11,DQB1*03:19,0.0,0.026383290582631,0.026383290582631,0.000734314128082,-1.0,not_observed
DRB1~DQB1,AMR,DRB1*04:11,DQB1*04:02,,0.026383290582631,0.129351410773177,0.0001320494988268,0.0269067994762439,suppressed_lt20
DRB1~DQB1,AMR,DRB1*04:11,DQB1*05:01,,0.026383290582631,0.1088310736533528,0.0025185259845675,-0.8723812196034418,suppressed_lt20
DRB1~DQB1,AMR,DRB1*04:11,DQB1*05:02,0.0,0.026383290582631,0.0124587761084646,0.000341870076802,-1.0,not_observed
DRB1~DQB1,AMR,DRB1*04:11,DQB1*05:03,0.0,0.026383290582631,0.0175888603884206,0.0004851604223085,-1.0,not_observed
DRB1~DQB1,AMR,DRB1*04:11,DQB1*06:01,0.0,0.026383290582631,0.007695126419934,0.0002101413784496,-1.0,not_observed
DRB1~DQB1,AMR,DRB1*04:11,DQB1*06:02,0.0,0.026383290582631,0.0633931843165994,0.0018341134499886,-1.0,not_observed
DRB1~DQB1,AMR,DRB1*04:11,DQB1*06:03,0.0,0.026383290582631,0.039208501282521,0.0011058393311911,-1.0,not_observed
DRB1~DQB1,AMR,DRB1*04:11,DQB1*06:04,0.0,0.026383290582631,0.0164895566141443,0.000454329507804,-1.0,not_observed
DRB1~DQB1,AMR,DRB1*04:11,DQB1*06:09,0.0,0.026383290582631,0.0080615610113594,0.0002202294362501,-1.0,not_observed
DRB1~DQB1,AMR,DRB1*07:01,DQB1*02:01,,0.0787834371564675,0.0513008427995602,0.0030994746386087,-0.818671096345515,suppressed_lt20
DRB1~DQB1,AMR,DRB1*07:01,DQB1*02:02,179.0,0.0787834371564675,0.079149871747893,0.6660315185124618,0.818166001906366,estimated
DRB1~DQB1,AMR,DRB1*07:01,DQB1*03:01,,0.0787834371564675,0.2015390252839868,0.0168920062955979,-0.8846088794926004,suppressed_lt20
DRB1~DQB1,AMR,DRB1*07:01,DQB1*03:02,,0.0787834371564675,0.2121656284353243,0.0182588019239514,-0.8903884002088605,suppressed_lt20
DRB1~DQB1,AMR,DRB1*07:01,DQB1*03:03,22.0,0.0787834371564675,0.0139245144741663,0.0486741052317753,0.5429384918142611,estimated
DRB1~DQB1,AMR,DRB1*07:01,DQB1*03:19,0.0,0.0787834371564675,0.026383290582631,0.0023174700413102,-1.0,not_observed
DRB1~DQB1,AMR,DRB1*07:01,DQB1*04:02,,0.0787834371564675,0.129351410773177,0.011808473259614,-0.9640424270373544,suppressed_lt20
DRB1~DQB1,AMR,DRB1*07:01,DQB1*05:01,0.0,0.0787834371564675,0.1088310736533528,0.0104439808127119,-1.0,not_observed
DRB1~DQB1,AMR,DRB1*07:01,DQB1*05:02,0.0,0.0787834371564675,0.0124587761084646,0.0010789301617804,-1.0,not_observed
DRB1~DQB1,AMR,DRB1*07:01,DQB1*05:03,0.0,0.0787834371564675,0.0175888603884206,0.0015311495461298,-1.0,not_observed
DRB1~DQB1,AMR,DRB1*07:01,DQB1*06:01,0.0,0.0787834371564675,0.007695126419934,0.0006631989367665,-1.0,not_observed
DRB1~DQB1,AMR,DRB1*07:01,DQB1*06:02,0.0,0.0787834371564675,0.0633931843165994,0.0057883987385819,-1.0,not_observed
DRB1~DQB1,AMR,DRB1*07:01,DQB1*06:03,0.0,0.0787834371564675,0.039208501282521,0.0034899907580857,-1.0,not_observed
DRB1~DQB1,AMR,DRB1*07:01,DQB1*06:04,0.0,0.0787834371564675,0.0164895566141443,0.0014338482441694,-1.0,not_observed
DRB1~DQB1,AMR,DRB1*07:01,DQB1*06:09,0.0,0.0787834371564675,0.0080615610113594,0.0006950364989674,-1.0,not_observed
DRB1~DQB1,AMR,DRB1*08:01,DQB1*02:01,0.0,0.0117259069256137,0.0513008427995602,0.000641600977754,-1.0,not_observed
DRB1~DQB1,AMR,DRB1*08:01,DQB1*02:02,0.0,0.0117259069256137,0.079149871747893,0.0010198358967185,-1.0,not_observed
DRB1~DQB1,AMR,DRB1*08:01,DQB1*03:01,0.0,0.0117259069256137,0.2015390252839868,0.0029948459721789,-1.0,not_observed
DRB1~DQB1,AMR,DRB1*08:01,DQB1*03:02,0.0,0.0117259069256137,0.2121656284353243,0.0031952815790154,-1.0,not_observed
DRB1~DQB1,AMR,DRB1*08:01,DQB1*03:03,0.0,0.0117259069256137,0.0139245144741663,0.0001675478775638,-1.0,not_observed
DRB1~DQB1,AMR,DRB1*08:01,DQB1*03:19,,0.0117259069256137,0.026383290582631,1.0940140121554529e-05,0.0049985886337975,suppressed_lt20
DRB1~DQB1,AMR,DRB1*08:01,DQB1*04:02,31.0,0.0117259069256137,0.129351410773177,0.074232046100999,0.964107218013468,estimated
DRB1~DQB1,AMR,DRB1*08:01,DQB1*05:01,0.0,0.0117259069256137,0.1088310736533528,0.0014489783970493,-1.0,not_observed
DRB1~DQB1,AMR,DRB1*08:01,DQB1*05:02,0.0,0.0117259069256137,0.0124587761084646,0.0001496887560768,-1.0,not_observed
DRB1~DQB1,AMR,DRB1*08:01,DQB1*05:03,0.0,0.0117259069256137,0.0175888603884206,0.0002124288290815,-1.0,not_observed
DRB1~DQB1,AMR,DRB1*08:01,DQB1*06:01,0.0,0.0117259069256137,0.007695126419934,9.201098216794304e-05,-1.0,not_observed
DRB1~DQB1,AMR,DRB1*08:01,DQB1*06:02,0.0,0.0117259069256137,0.0633931843165994,0.0008030716329452,-1.0,not_observed
DRB1~DQB1,AMR,DRB1*08:01,DQB1*06:03,0.0,0.0117259069256137,0.039208501282521,0.0004841948012977,-1.0,not_observed
DRB1~DQB1,AMR,DRB1*08:01,DQB1*06:04,0.0,0.0117259069256137,0.0164895566141443,0.0001989294281276,-1.0,not_observed
DRB1~DQB1,AMR,DRB1*08:01,DQB1*06:09,0.0,0.0117259069256137,0.0080615610113594,9.642806610089144e-05,-1.0,not_observed
DRB1~DQB1,AMR,DRB1*08:02,DQB1*02:01,0.0,0.084279956027849,0.0513008427995602,0.0049768845351968,-1.0,not_observed
DRB1~DQB1,AMR,DRB1*08:02,DQB1*02:02,0.0,0.084279956027849,0.079149871747893,0.0079108444014294,-1.0,not_observed
DRB1~DQB1,AMR,DRB1*08:02,DQB1*03:01,,0.084279956027849,0.2015390252839868,0.0142888371756853,-0.7842687747035573,suppressed_lt20
DRB1~DQB1,AMR,DRB1*08:02,DQB1*03:02,,0.084279956027849,0.2121656284353243,0.0218318618299544,-0.9385221896823608,suppressed_lt20
DRB1~DQB1,AMR,DRB1*08:02,DQB1*03:03,0.0,0.084279956027849,0.0139245144741663,0.0012996651652113,-1.0,not_observed
DRB1~DQB1,AMR,DRB1*08:02,DQB1*03:19,0.0,0.084279956027849,0.026383290582631,0.0024940348740173,-1.0,not_observed
DRB1~DQB1,AMR,DRB1*08:02,DQB1*04:02,216.0,0.084279956027849,0.129351410773177,0.5358960492368035,0.9300871029131896,estimated
DRB1~DQB1,AMR,DRB1*08:02,DQB1*05:01,0.0,0.084279956027849,0.1088310736533528,0.0112396932457193,-1.0,not_observed
DRB1~DQB1,AMR,DRB1*08:02,DQB1*05:02,0.0,0.084279956027849,0.0124587761084646,0.0011611323564676,-1.0,not_observed
DRB1~DQB1,AMR,DRB1*08:02,DQB1*05:03,0.0,0.084279956027849,0.0175888603884206,0.0016478057093781,-1.0,not_observed
DRB1~DQB1,AMR,DRB1*08:02,DQB1*06:01,0.0,0.084279956027849,0.007695126419934,0.0007137271452155,-1.0,not_observed
DRB1~DQB1,AMR,DRB1*08:02,DQB1*06:02,0.0,0.084279956027849,0.0633931843165994,0.0062294088214315,-1.0,not_observed
DRB1~DQB1,AMR,DRB1*08:02,DQB1*06:03,0.0,0.084279956027849,0.039208501282521,0.0037558883202403,-1.0,not_observed
DRB1~DQB1,AMR,DRB1*08:02,DQB1*06:04,0.0,0.084279956027849,0.0164895566141443,0.0015430911559854,-1.0,not_observed
DRB1~DQB1,AMR,DRB1*08:02,DQB1*06:09,0.0,0.084279956027849,0.0080615610113594,0.0007479903671849,-1.0,not_observed
DRB1~DQB1,AMR,DRB1*08:04,DQB1*02:01,0.0,0.0131916452913155,0.0513008427995602,0.0007228732144924,-1.0,not_observed
DRB1~DQB1,AMR,DRB1*08:04,DQB1*02:02,0.0,0.0131916452913155,0.079149871747893,0.0011490195284557,-1.0,not_observed
DRB1~DQB1,AMR,DRB1*08:04,DQB1*03:01,,0.0131916452913155,0.2015390252839868,0.0004828418013418,0.0954821273774922,suppressed_lt20
DRB1~DQB1,AMR,DRB1*08:04,DQB1*03:02,0.0,0.0131916452913155,0.2121656284353243,0.0036000310883513,-1.0,not_observed
DRB1~DQB1,AMR,DRB1*08:04,DQB1*03:03,0.0,0.0131916452913155,0.0139245144741663,0.000188771334576,-1.0,not_observed
DRB1~DQB1,AMR,DRB1*08:04,DQB1*03:19,,0.0131916452913155,0.026383290582631,0.0102414532324434,0.1440848074269226,suppressed_lt20
DRB1~DQB1,AMR,DRB1*08:04,DQB1*04:02,20.0,0.0131916452913155,0.129351410773177,0.0215619192228948,0.4895248784137674,estimated
DRB1~DQB1,AMR,DRB1*08:04,DQB1*05:01,0.0,0.0131916452913155,0.1088310736533528,0.0016325219379678,-1.0,not_observed
DRB1~DQB1,AMR,DRB1*08:04,DQB1*05:02,0.0,0.0131916452913155,0.0124587761084646,0.000168649980331,-1.0,not_observed
DRB1~DQB1,AMR,DRB1*08:04,DQB1*05:03,0.0,0.0131916452913155,0.0175888603884206,0.0002393374010534,-1.0,not_observed
DRB1~DQB1,AMR,DRB1*08:04,DQB1*06:01,0.0,0.0131916452913155,0.007695126419934,0.0001036661051876,-1.0,not_observed
DRB1~DQB1,AMR,DRB1*08:04,DQB1*06:02,0.0,0.0131916452913155,0.0633931843165994,0.0009047975188673,-1.0,not_observed
DRB1~DQB1,AMR,DRB1*08:04,DQB1*06:03,0.0,0.0131916452913155,0.039208501282521,0.0005455282404334,-1.0,not_observed
DRB1~DQB1,AMR,DRB1*08:04,DQB1*06:04,0.0,0.0131916452913155,0.0164895566141443,0.0002241280174963,-1.0,not_observed
DRB1~DQB1,AMR,DRB1*08:04,DQB1*06:09,0.0,0.0131916452913155,0.0080615610113594,0.0001086427055545,-1.0,not_observed
DRB1~DQB1,AMR,DRB1*09:01,DQB1*02:01,0.0,0.0098937339684866,0.0513008427995602,0.0005403490654963,-1.0,not_observed
DRB1~DQB1,AMR,DRB1*09:01,DQB1*02:02,,0.0098937339684866,0.079149871747893,0.047323823184168,0.6380156519432286,suppressed_lt20
DRB1~DQB1,AMR,DRB1*09:01,DQB1*03:01,0.0,0.0098937339684866,0.2015390252839868,0.0025222253058856,-1.0,not_observed
DRB1~DQB1,AMR,DRB1*09:01,DQB1*03:02,,0.0098937339684866,0.2121656284353243,0.0018335070165315,-0.8254333781104075,suppressed_lt20
DRB1~DQB1,AMR,DRB1*09:01,DQB1*03:03,,0.0098937339684866,0.0139245144741663,0.0580270891178068,0.2863591945717549,suppressed_lt20
DRB1~DQB1,AMR,DRB1*09:01,DQB1*03:19,0.0,0.0098937339684866,0.026383290582631,0.0002707817318163,-1.0,not_observed
DRB1~DQB1,AMR,DRB1*09:01,DQB1*04:02,0.0,0.0098937339684866,0.129351410773177,0.0014845905389946,-1.0,not_observed
DRB1~DQB1,AMR,DRB1*09:01,DQB1*05:01,0.0,0.0098937339684866,0.1088310736533528,0.0012203131695819,-1.0,not_observed
DRB1~DQB1,AMR,DRB1*09:01,DQB1*05:02,0.0,0.0098937339684866,0.0124587761084646,0.000126066172381,-1.0,not_observed
DRB1~DQB1,AMR,DRB1*09:01,DQB1*05:03,0.0,0.0098937339684866,0.0175888603884206,0.0001789051501767,-1.0,not_observed
DRB1~DQB1,AMR,DRB1*09:01,DQB1*06:01,0.0,0.0098937339684866,0.007695126419934,7.749060545993066e-05,-1.0,not_observed
DRB1~DQB1,AMR,DRB1*09:01,DQB1*06:02,0.0,0.0098937339684866,0.0633931843165994,0.000676337819664,-1.0,not_observed
DRB1~DQB1,AMR,DRB1*09:01,DQB1*06:03,0.0,0.0098937339684866,0.039208501282521,0.0004077833692137,-1.0,not_observed
DRB1~DQB1,AMR,DRB1*09:01,DQB1*06:04,0.0,0.0098937339684866,0.0164895566141443,0.0001675361078232,-1.0,not_observed
DRB1~DQB1,AMR,DRB1*09:01,DQB1*06:09,0.0,0.0098937339684866,0.0080615610113594,8.121062344329215e-05,-1.0,not_observed
DRB1~DQB1,AMR,DRB1*10:01,DQB1*02:01,0.0,0.0164895566141443,0.0513008427995602,0.0009066214449646,-1.0,not_observed
DRB1~DQB1,AMR,DRB1*10:01,DQB1*02:02,0.0,0.0164895566141443,0.079149871747893,0.0014410905319165,-1.0,not_observed
DRB1~DQB1,AMR,DRB1*10:01,DQB1*03:01,0.0,0.0164895566141443,0.2015390252839868,0.0042319006312114,-1.0,not_observed
DRB1~DQB1,AMR,DRB1*10:01,DQB1*03:02,,0.0164895566141443,0.2121656284353243,0.0036188325974217,-0.8952600268662445,suppressed_lt20
DRB1~DQB1,AMR,DRB1*10:01,DQB1*03:03,0.0,0.0164895566141443,0.0139245144741663,0.0002367554042536,-1.0,not_observed
DRB1~DQB1,AMR,DRB1*10:01,DQB1*03:19,0.0,0.0164895566141443,0.026383290582631,0.000454329507804,-1.0,not_observed
DRB1~DQB1,AMR,DRB1*10:01,DQB1*04:02,0.0,0.0164895566141443,0.129351410773177,0.002490911348959,-1.0,not_observed
DRB1~DQB1,AMR,DRB1*10:01,DQB1*05:01,44.0,0.0164895566141443,0.1088310736533528,0.1305278950053615,0.975063961988304,estimated
DRB1~DQB1,AMR,DRB1*10:01,DQB1*05:02,0.0,0.0164895566141443,0.0124587761084646,0.000211519372686,-1.0,not_observed
DRB1~DQB1,AMR,DRB1*10:01,DQB1*05:03,0.0,0.0164895566141443,0.0175888603884206,0.0003001749352817,-1.0,not_observed
DRB1~DQB1,AMR,DRB1*10:01,DQB1*06:01,0.0,0.0164895566141443,0.007695126419934,0.0001300171485051,-1.0,not_observed
DRB1~DQB1,AMR,DRB1*10:01,DQB1*06:02,0.0,0.0164895566141443,0.0633931843165994,0.001134789362104,-1.0,not_observed
DRB1~DQB1,AMR,DRB1*10:01,DQB1*06:03,0.0,0.0164895566141443,0.039208501282521,0.0006841968850071,-1.0,not_observed
DRB1~DQB1,AMR,DRB1*10:01,DQB1*06:04,0.0,0.0164895566141443,0.0164895566141443,0.0002810994556248,-1.0,not_observed
DRB1~DQB1,AMR,DRB1*10:01,DQB1*06:09,0.0,0.0164895566141443,0.0080615610113594,0.0001362587584101,-1.0,not_observed
DRB1~DQB1,AMR,DRB1*11:01,DQB1*02:01,0.0,0.039208501282521,0.0513008427995602,0.0022067192095643,-1.0,not_observed
DRB1~DQB1,AMR,DRB1*11:01,DQB1*02:02,,0.039208501282521,0.079149871747893,0.0027281830362672,-0.8819228106611284,suppressed_lt20
DRB1~DQB1,AMR,DRB1*11:01,DQB1*03:01,77.0,0.039208501282521,0.2015390252839868,0.0680681381334197,0.6488571881983075,estimated
DRB1~DQB1,AMR,DRB1*11:01,DQB1*03:02,0.0,0.039208501282521,0.2121656284353243,0.0109898355595763,-1.0,not_observed
DRB1~DQB1,AMR,DRB1*11:01,DQB1*03:03,0.0,0.039208501282521,0.0139245144741663,0.0005762633361877,-1.0,not_observed
DRB1~DQB1,AMR,DRB1*11:01,DQB1*03:19,,0.039208501282521,0.026383290582631,0.0024209899769315,0.0603811763708789,suppressed_lt20
DRB1~DQB1,AMR,DRB1*11:01,DQB1*04:02,,0.039208501282521,0.129351410773177,0.0052184336242167,-0.9277488019909452,suppressed_lt20
DRB1~DQB1,AMR,DRB1*11:01,DQB1*05:01,0.0,0.039208501282521,0.1088310736533528,0.0049836090870769,-1.0,not_observed
DRB1~DQB1,AMR,DRB1*11:01,DQB1*05:02,,0.039208501282521,0.0124587761084646,0.0001288512465347,0.0204154888500022,suppressed_lt20
DRB1~DQB1,AMR,DRB1*11:01,DQB1*05:03,0.0,0.039208501282521,0.0175888603884206,0.0007306266574598,-1.0,not_observed
DRB1~DQB1,AMR,DRB1*11:01,DQB1*06:01,0.0,0.039208501282521,0.007695126419934,0.000316462114119,-1.0,not_observed
DRB1~DQB1,AMR,DRB1*11:01,DQB1*06:02,,0.039208501282521,0.0633931843165994,0.0089599951241853,0.1219048454799409,suppressed_lt20
DRB1~DQB1,AMR,DRB1*11:01,DQB1*06:03,0.0,0.039208501282521,0.039208501282521,0.0016653371896893,-1.0,not_observed
DRB1~DQB1,AMR,DRB1*11:01,DQB1*06:04,0.0,0.039208501282521,0.0164895566141443,0.0006841968850071,-1.0,not_observed
DRB1~DQB1,AMR,DRB1*11:01,DQB1*06:09,0.0,0.039208501282521,0.0080615610113594,0.0003316542106136,-1.0,not_observed
DRB1~DQB1,AMR,DRB1*11:02,DQB1*02:01,0.0,0.0161231220227189,0.0513008427995602,0.0008861441437164,-1.0,not_observed
DRB1~DQB1,AMR,DRB1*11:02,DQB1*02:02,0.0,0.0161231220227189,0.079149871747893,0.0014085415059567,-1.0,not_observed
DRB1~DQB1,AMR,DRB1*11:02,DQB1*03:01,,0.0161231220227189,0.2015390252839868,6.743728424735852e-05,0.0322291292920021,suppressed_lt20
DRB1~DQB1,AMR,DRB1*11:02,DQB1*03:02,,0.0161231220227189,0.2121656284353243,0.0035183113153125,-0.8928795729313864,suppressed_lt20
DRB1~DQB1,AMR,DRB1*11:02,DQB1*03:03,0.0,0.0161231220227189,0.0139245144741663,0.0002314079554788,-1.0,not_observed
DRB1~DQB1,AMR,DRB1*11:02,DQB1*03:19,33.0,0.0161231220227189,0.026383290582631,0.3340477728623802,0.7432254422280767,estimated
DRB1~DQB1,AMR,DRB1*11:02,DQB1*04:02,0.0,0.0161231220227189,0.129351410773177,0.0024346506655631,-1.0,not_observed
DRB1~DQB1,AMR,DRB1*11:02,DQB1*05:01,0.0,0.0161231220227189,0.1088310736533528,0.002001249632461,-1.0,not_observed
DRB1~DQB1,AMR,DRB1*11:02,DQB1*05:02,0.0,0.0161231220227189,0.0124587761084646,0.0002067419146429,-1.0,not_observed
DRB1~DQB1,AMR,DRB1*11:02,DQB1*05:03,0.0,0.0161231220227189,0.0175888603884206,0.0002933950685456,-1.0,not_observed
DRB1~DQB1,AMR,DRB1*11:02,DQB1*06:01,0.0,0.0161231220227189,0.007695126419934,0.0001270805310975,-1.0,not_observed
DRB1~DQB1,AMR,DRB1*11:02,DQB1*06:02,0.0,0.0161231220227189,0.0633931843165994,0.0011091585723736,-1.0,not_observed
DRB1~DQB1,AMR,DRB1*11:02,DQB1*06:03,0.0,0.0161231220227189,0.039208501282521,0.0006687433505632,-1.0,not_observed
DRB1~DQB1,AMR,DRB1*11:02,DQB1*06:04,0.0,0.0161231220227189,0.0164895566141443,0.0002747504350215,-1.0,not_observed
DRB1~DQB1,AMR,DRB1*11:02,DQB1*06:09,0.0,0.0161231220227189,0.0080615610113594,0.0001331811655966,-1.0,not_observed
DRB1~DQB1,AMR,DRB1*11:04,DQB1*02:01,0.0,0.0296812019054598,0.0513008427995602,0.0016541048054807,-1.0,not_observed
DRB1~DQB1,AMR,DRB1*11:04,DQB1*02:02,0.0,0.0296812019054598,0.079149871747893,0.0026292283148774,-1.0,not_observed
DRB1~DQB1,AMR,DRB1*11:04,DQB1*03:01,76.0,0.0296812019054598,0.2015390252839868,0.103174872497455,0.9226907801177344,estimated
DRB1~DQB1,AMR,DRB1*11:04,DQB1*03:02,0.0,0.0296812019054598,0.2121656284353243,0.0082377221948991,-1.0,not_observed
DRB1~DQB1,AMR,DRB1*11:04,DQB1*03:03,0.0,0.0296812019054598,0.0139245144741663,0.000431953439966,-1.0,not_observed
DRB1~DQB1,AMR,DRB1*11:04,DQB1*03:19,0.0,0.0296812019054598,0.026383290582631,0.0008289111473199,-1.0,not_observed
DRB1~DQB1,AMR,DRB1*11:04,DQB1*04:02,0.0,0.0296812019054598,0.129351410773177,0.0045445962647624,-1.0,not_observed
DRB1~DQB1,AMR,DRB1*11:04,DQB1*05:01,0.0,0.0296812019054598,0.1088310736533528,0.0037355961301478,-1.0,not_observed
DRB1~DQB1,AMR,DRB1*11:04,DQB1*05:02,0.0,0.0296812019054598,0.0124587761084646,0.000385911024668,-1.0,not_observed
DRB1~DQB1,AMR,DRB1*11:04,DQB1*05:03,0.0,0.0296812019054598,0.0175888603884206,0.0005476605541288,-1.0,not_observed
DRB1~DQB1,AMR,DRB1*11:04,DQB1*06:01,0.0,0.0296812019054598,0.007695126419934,0.0002372125558376,-1.0,not_observed
DRB1~DQB1,AMR,DRB1*11:04,DQB1*06:02,0.0,0.0296812019054598,0.0633931843165994,0.0020703906216756,-1.0,not_observed
DRB1~DQB1,AMR,DRB1*11:04,DQB1*06:03,,0.0296812019054598,0.039208501282521,0.0004118037715743,0.0234388978350331,suppressed_lt20
DRB1~DQB1,AMR,DRB1*11:04,DQB1*06:04,0.0,0.0296812019054598,0.0164895566141443,0.0005128578889784,-1.0,not_observed
DRB1~DQB1,AMR,DRB1*11:04,DQB1*06:09,0.0,0.0296812019054598,0.0080615610113594,0.0002486001939695,-1.0,not_observed
DRB1~DQB1,AMR,DRB1*12:01,DQB1*02:01,0.0,0.0131916452913155,0.0513008427995602,0.0007228732144924,-1.0,not_observed
DRB1~DQB1,AMR,DRB1*12:01,DQB1*02:02,0.0,0.0131916452913155,0.079149871747893,0.0011490195284557,-1.0,not_observed
DRB1~DQB1,AMR,DRB1*12:01,DQB1*03:01,25.0,0.0131916452913155,0.2015390252839868,0.0201827566989476,0.6173193615827852,estimated
DRB1~DQB1,AMR,DRB1*12:01,DQB1*03:02,0.0,0.0131916452913155,0.2121656284353243,0.0036000310883513,-1.0,not_observed
DRB1~DQB1,AMR,DRB1*12:01,DQB1*03:03,0.0,0.0131916452913155,0.0139245144741663,0.000188771334576,-1.0,not_observed
DRB1~DQB1,AMR,DRB1*12:01,DQB1*03:19,0.0,0.0131916452913155,0.026383290582631,0.000362248911681,-1.0,not_observed
DRB1~DQB1,AMR,DRB1*12:01,DQB1*04:02,0.0,0.0131916452913155,0.129351410773177,0.0019860693830244,-1.0,not_observed
DRB1~DQB1,AMR,DRB1*12:01,DQB1*05:01,,0.0131916452913155,0.1088310736533528,0.0053342088943945,0.2207488121345029,suppressed_lt20
DRB1~DQB1,AMR,DRB1*12:01,DQB1*05:02,0.0,0.0131916452913155,0.0124587761084646,0.000168649980331,-1.0,not_observed
DRB1~DQB1,AMR,DRB1*12:01,DQB1*05:03,0.0,0.0131916452913155,0.0175888603884206,0.0002393374010534,-1.0,not_observed
DRB1~DQB1,AMR,DRB1*12:01,DQB1*06:01,0.0,0.0131916452913155,0.007695126419934,0.0001036661051876,-1.0,not_observed
DRB1~DQB1,AMR,DRB1*12:01,DQB1*06:02,0.0,0.0131916452913155,0.0633931843165994,0.0009047975188673,-1.0,not_observed
DRB1~DQB1,AMR,DRB1*12:01,DQB1*06:03,0.0,0.0131916452913155,0.039208501282521,0.0005455282404334,-1.0,not_observed
DRB1~DQB1,AMR,DRB1*12:01,DQB1*06:04,0.0,0.0131916452913155,0.0164895566141443,0.0002241280174963,-1.0,not_observed
DRB1~DQB1,AMR,DRB1*12:01,DQB1*06:09,0.0,0.0131916452913155,0.0080615610113594,0.0001086427055545,-1.0,not_observed
DRB1~DQB1,AMR,DRB1*13:01,DQB1*02:01,,0.041773543422499,0.0513008427995602,0.0016201256886362,-0.8290100250626566,suppressed_lt20
DRB1~DQB1,AMR,DRB1*13:01,DQB1*02:02,0.0,0.041773543422499,0.079149871747893,0.0037470925565643,-1.0,not_observed
DRB1~DQB1,AMR,DRB1*13:01,DQB1*03:01,0.0,0.041773543422499,0.2015390252839868,0.011003696856049,-1.0,not_observed
DRB1~DQB1,AMR,DRB1*13:01,DQB1*03:02,0.0,0.041773543422499,0.2121656284353243,0.011740139623816,-1.0,not_observed
DRB1~DQB1,AMR,DRB1*13:01,DQB1*03:03,,0.041773543422499,0.0139245144741663,0.0028451513042537,0.0937204387642145,suppressed_lt20
DRB1~DQB1,AMR,DRB1*13:01,DQB1*03:19,0.0,0.041773543422499,0.026383290582631,0.0011813377988516,-1.0,not_observed
DRB1~DQB1,AMR,DRB1*13:01,DQB1*04:02,0.0,0.041773543422499,0.129351410773177,0.0064768140293952,-1.0,not_observed
DRB1~DQB1,AMR,DRB1*13:01,DQB1*05:01,,0.041773543422499,0.1088310736533528,0.0024443646049621,-0.6775946600508004,suppressed_lt20
DRB1~DQB1,AMR,DRB1*13:01,DQB1*05:02,0.0,0.041773543422499,0.0124587761084646,0.0005499881162268,-1.0,not_observed
DRB1~DQB1,AMR,DRB1*13:01,DQB1*05:03,0.0,0.041773543422499,0.0175888603884206,0.0007805084002359,-1.0,not_observed
DRB1~DQB1,AMR,DRB1*13:01,DQB1*06:01,0.0,0.041773543422499,0.007695126419934,0.0003380677886638,-1.0,not_observed
DRB1~DQB1,AMR,DRB1*13:01,DQB1*06:02,,0.041773543422499,0.0633931843165994,0.0002801528052498,-0.3081330493864718,suppressed_lt20
DRB1~DQB1,AMR,DRB1*13:01,DQB1*06:03,92.0,0.041773543422499,0.039208501282521,0.6822290521509778,0.8537016851021246,estimated
DRB1~DQB1,AMR,DRB1*13:01,DQB1*06:04,,0.041773543422499,0.0164895566141443,0.0002595489687365,0.0259783301465901,suppressed_lt20
DRB1~DQB1,AMR,DRB1*13:01,DQB1*06:09,0.0,0.041773543422499,0.0080615610113594,0.0003542970882797,-1.0,not_observed
DRB1~DQB1,AMR,DRB1*13:02,DQB1*02:01,0.0,0.0285818981311835,0.0513008427995602,0.0015910391277608,-1.0,not_observed
DRB1~DQB1,AMR,DRB1*13:02,DQB1*02:02,0.0,0.0285818981311835,0.079149871747893,0.0025289843248904,-1.0,not_observed
DRB1~DQB1,AMR,DRB1*13:02,DQB1*03:01,0.0,0.0285818981311835,0.2015390252839868,0.0074266051464469,-1.0,not_observed
DRB1~DQB1,AMR,DRB1*13:02,DQB1*03:02,0.0,0.0285818981311835,0.2121656284353243,0.0079236444343073,-1.0,not_observed
DRB1~DQB1,AMR,DRB1*13:02,DQB1*03:03,0.0,0.0285818981311835,0.0139245144741663,0.0004154844494011,-1.0,not_observed
DRB1~DQB1,AMR,DRB1*13:02,DQB1*03:19,0.0,0.0285818981311835,0.026383290582631,0.0007973074405281,-1.0,not_observed
DRB1~DQB1,AMR,DRB1*13:02,DQB1*04:02,0.0,0.0285818981311835,0.129351410773177,0.0043713254765687,-1.0,not_observed
DRB1~DQB1,AMR,DRB1*13:02,DQB1*05:01,,0.0285818981311835,0.1088310736533528,0.0010147575991595,0.0648985745614035,suppressed_lt20
DRB1~DQB1,AMR,DRB1*13:02,DQB1*05:02,,0.0285818981311835,0.0124587761084646,3.129244037225478e-07,0.0008542836221625,suppressed_lt20
DRB1~DQB1,AMR,DRB1*13:02,DQB1*05:03,0.0,0.0285818981311835,0.0175888603884206,0.0005267800247378,-1.0,not_observed
DRB1~DQB1,AMR,DRB1*13:02,DQB1*06:01,0.0,0.0285818981311835,0.007695126419934,0.0002281684066713,-1.0,not_observed
DRB1~DQB1,AMR,DRB1*13:02,DQB1*06:02,0.0,0.0285818981311835,0.0633931843165994,0.001991453309319,-1.0,not_observed
DRB1~DQB1,AMR,DRB1*13:02,DQB1*06:03,0.0,0.0285818981311835,0.039208501282521,0.001200704021711,-1.0,not_observed
DRB1~DQB1,AMR,DRB1*13:02,DQB1*06:04,41.0,0.0285818981311835,0.0164895566141443,0.4703172667966343,0.9084957458401444,estimated
DRB1~DQB1,AMR,DRB1*13:02,DQB1*06:09,22.0,0.0285818981311835,0.0080615610113594,0.2762164568592349,1.0000000000000002,estimated
DRB1~DQB1,AMR,DRB1*13:03,DQB1*02:01,0.0,0.01282521069989,0.0513008427995602,0.0007025325294067,-1.0,not_observed
DRB1~DQB1,AMR,DRB1*13:03,DQB1*02:02,,0.01282521069989,0.079149871747893,0.0026033077774231,0.1312375646637485,suppressed_lt20
DRB1~DQB1,AMR,DRB1*13:03,DQB1*03:01,24.0,0.01282521069989,0.2015390252839868,0.018926172505467,0.6063856290565791,estimated
DRB1~DQB1,AMR,DRB1*13:03,DQB1*03:02,0.0,0.01282521069989,0.2121656284353243,0.0034987310301963,-1.0,not_observed
DRB1~DQB1,AMR,DRB1*13:03,DQB1*03:03,0.0,0.01282521069989,0.0139245144741663,0.0001834595617882,-1.0,not_observed
DRB1~DQB1,AMR,DRB1*13:03,DQB1*03:19,,0.01282521069989,0.026383290582631,2.4216026635990537e-06,0.0022474326576697,suppressed_lt20
DRB1~DQB1,AMR,DRB1*13:03,DQB1*04:02,0.0,0.01282521069989,0.129351410773177,0.0019301840478529,-1.0,not_observed
DRB1~DQB1,AMR,DRB1*13:03,DQB1*05:01,0.0,0.01282521069989,0.1088310736533528,0.0015865849548704,-1.0,not_observed
DRB1~DQB1,AMR,DRB1*13:03,DQB1*05:02,0.0,0.01282521069989,0.0124587761084646,0.0001639043955302,-1.0,not_observed
DRB1~DQB1,AMR,DRB1*13:03,DQB1*05:03,0.0,0.01282521069989,0.0175888603884206,0.0002326027668099,-1.0,not_observed
DRB1~DQB1,AMR,DRB1*13:03,DQB1*06:01,0.0,0.01282521069989,0.007695126419934,0.0001007490796879,-1.0,not_observed
DRB1~DQB1,AMR,DRB1*13:03,DQB1*06:02,0.0,0.01282521069989,0.0633931843165994,0.0008793377272626,-1.0,not_observed
DRB1~DQB1,AMR,DRB1*13:03,DQB1*06:03,0.0,0.01282521069989,0.039208501282521,0.0005301778056386,-1.0,not_observed
DRB1~DQB1,AMR,DRB1*13:03,DQB1*06:04,0.0,0.01282521069989,0.0164895566141443,0.0002178213549567,-1.0,not_observed
DRB1~DQB1,AMR,DRB1*13:03,DQB1*06:09,0.0,0.01282521069989,0.0080615610113594,0.000105585645179,-1.0,not_observed
DRB1~DQB1,AMR,DRB1*13:04,DQB1*02:01,0.0,0.0084279956027849,0.0513008427995602,0.0004596169421085,-1.0,not_observed
DRB1~DQB1,AMR,DRB1*13:04,DQB1*02:02,0.0,0.0084279956027849,0.079149871747893,0.0007305691115732,-1.0,not_observed
DRB1~DQB1,AMR,DRB1*13:04,DQB1*03:01,0.0,0.0084279956027849,0.2015390252839868,0.0021453863001227,-1.0,not_observed
DRB1~DQB1,AMR,DRB1*13:04,DQB1*03:02,0.0,0.0084279956027849,0.2121656284353243,0.0022889702469963,-1.0,not_observed
DRB1~DQB1,AMR,DRB1*13:04,DQB1*03:03,0.0,0.0084279956027849,0.0139245144741663,0.0001200245102684,-1.0,not_observed
DRB1~DQB1,AMR,DRB1*13:04,DQB1*03:19,23.0,0.0084279956027849,0.026383290582631,0.3136599737209493,1.0,estimated
DRB1~DQB1,AMR,DRB1*13:04,DQB1*04:02,0.0,0.0084279956027849,0.129351410773177,0.0012627817967803,-1.0,not_observed
DRB1~DQB1,AMR,DRB1*13:04,DQB1*05:01,0.0,0.0084279956027849,0.1088310736533528,0.0010379894094993,-1.0,not_observed
DRB1~DQB1,AMR,DRB1*13:04,DQB1*05:02,0.0,0.0084279956027849,0.0124587761084646,0.0001072309593057,-1.0,not_observed
DRB1~DQB1,AMR,DRB1*13:04,DQB1*05:03,0.0,0.0084279956027849,0.0175888603884206,0.0001521754053117,-1.0,not_observed
DRB1~DQB1,AMR,DRB1*13:04,DQB1*06:01,0.0,0.0084279956027849,0.007695126419934,6.591293924218955e-05,-1.0,not_observed
DRB1~DQB1,AMR,DRB1*13:04,DQB1*06:02,0.0,0.0084279956027849,0.0633931843165994,0.0005752879765246,-1.0,not_observed
DRB1~DQB1,AMR,DRB1*13:04,DQB1*06:03,0.0,0.0084279956027849,0.039208501282521,0.000346857535561,-1.0,not_observed
DRB1~DQB1,AMR,DRB1*13:04,DQB1*06:04,0.0,0.0084279956027849,0.0164895566141443,0.0001425049814784,-1.0,not_observed
DRB1~DQB1,AMR,DRB1*13:04,DQB1*06:09,0.0,0.0084279956027849,0.0080615610113594,6.907715918681168e-05,-1.0,not_observed
DRB1~DQB1,AMR,DRB1*14:02,DQB1*02:01,,0.0421399780139245,0.0513008427995602,0.0016408325694274,-0.8304968944099379,suppressed_lt20
DRB1~DQB1,AMR,DRB1*14:02,DQB1*02:02,,0.0421399780139245,0.079149871747893,0.0029961745161393,-0.8901368760064412,suppressed_lt20
DRB1~DQB1,AMR,DRB1*14:02,DQB1*03:01,98.0,0.0421399780139245,0.2015390252839868,0.1157321716637058,0.814861224734122,estimated
DRB1~DQB1,AMR,DRB1*14:02,DQB1*03:02,,0.0421399780139245,0.2121656284353243,0.0060247296042757,-0.7131035518510176,suppressed_lt20
DRB1~DQB1,AMR,DRB1*14:02,DQB1*03:03,0.0,0.0421399780139245,0.0139245144741663,0.0006212439265231,-1.0,not_observed
DRB1~DQB1,AMR,DRB1*14:02,DQB1*03:19,0.0,0.0421399780139245,0.026383290582631,0.0011921563026337,-1.0,not_observed
DRB1~DQB1,AMR,DRB1*14:02,DQB1*04:02,,0.0421399780139245,0.129351410773177,0.0056868830327999,-0.9327749722872274,suppressed_lt20
DRB1~DQB1,AMR,DRB1*14:02,DQB1*05:01,0.0,0.0421399780139245,0.1088310736533528,0.0053726077699029,-1.0,not_observed
DRB1~DQB1,AMR,DRB1*14:02,DQB1*05:02,0.0,0.0421399780139245,0.0124587761084646,0.0005550248199718,-1.0,not_observed
DRB1~DQB1,AMR,DRB1*14:02,DQB1*05:03,0.0,0.0421399780139245,0.0175888603884206,0.0007876561720994,-1.0,not_observed
DRB1~DQB1,AMR,DRB1*14:02,DQB1*06:01,0.0,0.0421399780139245,0.007695126419934,0.0003411637597348,-1.0,not_observed
DRB1~DQB1,AMR,DRB1*14:02,DQB1*06:02,0.0,0.0421399780139245,0.0633931843165994,0.0029776764813996,-1.0,not_observed
DRB1~DQB1,AMR,DRB1*14:02,DQB1*06:03,0.0,0.0421399780139245,0.039208501282521,0.0017953261117598,-1.0,not_observed
DRB1~DQB1,AMR,DRB1*14:02,DQB1*06:04,0.0,0.0421399780139245,0.0164895566141443,0.0007376022951047,-1.0,not_observed
DRB1~DQB1,AMR,DRB1*14:02,DQB1*06:09,0.0,0.0421399780139245,0.0080615610113594,0.0003575416846968,-1.0,not_observed
DRB1~DQB1,AMR,DRB1*14:06,DQB1*02:01,,0.0351777207768413,0.0513008427995602,0.001252211997207,-0.7969494047619047,suppressed_lt20
DRB1~DQB1,AMR,DRB1*14:06,DQB1*02:02,0.0,0.0351777207768413,0.079149871747893,0.0031338747589632,-1.0,not_observed
DRB1~DQB1,AMR,DRB1*14:06,DQB1*03:01,90.0,0.0351777207768413,0.2015390252839868,0.122720494721494,0.921724414869206,estimated
DRB1~DQB1,AMR,DRB1*14:06,DQB1*03:02,,0.0351777207768413,0.2121656284353243,0.0088783658816112,-0.950903137593552,suppressed_lt20
DRB1~DQB1,AMR,DRB1*14:06,DQB1*03:03,0.0,0.0351777207768413,0.0139245144741663,0.0005148613282829,-1.0,not_observed
DRB1~DQB1,AMR,DRB1*14:06,DQB1*03:19,0.0,0.0351777207768413,0.026383290582631,0.0009880099447088,-1.0,not_observed
DRB1~DQB1,AMR,DRB1*14:06,DQB1*04:02,,0.0351777207768413,0.129351410773177,0.0038125055584716,-0.8389400377714826,suppressed_lt20
DRB1~DQB1,AMR,DRB1*14:06,DQB1*05:01,0.0,0.0351777207768413,0.1088310736533528,0.0044525955983768,-1.0,not_observed
DRB1~DQB1,AMR,DRB1*14:06,DQB1*05:02,0.0,0.0351777207768413,0.0124587761084646,0.0004599816655592,-1.0,not_observed
DRB1~DQB1,AMR,DRB1*14:06,DQB1*05:03,0.0,0.0351777207768413,0.0175888603884206,0.0006527769297753,-1.0,not_observed
DRB1~DQB1,AMR,DRB1*14:06,DQB1*06:01,0.0,0.0351777207768413,0.007695126419934,0.0002827424446338,-1.0,not_observed
DRB1~DQB1,AMR,DRB1*14:06,DQB1*06:02,0.0,0.0351777207768413,0.0633931843165994,0.0024677753825141,-1.0,not_observed
DRB1~DQB1,AMR,DRB1*14:06,DQB1*06:03,0.0,0.0351777207768413,0.039208501282521,0.0014878921903911,-1.0,not_observed
DRB1~DQB1,AMR,DRB1*14:06,DQB1*06:04,0.0,0.0351777207768413,0.0164895566141443,0.0006112943421878,-1.0,not_observed
DRB1~DQB1,AMR,DRB1*14:06,DQB1*06:09,0.0,0.0351777207768413,0.0080615610113594,0.0002963157929442,-1.0,not_observed
DRB1~DQB1,AMR,DRB1*14:54,DQB1*02:01,0.0,0.0161231220227189,0.0513008427995602,0.0008861441437164,-1.0,not_observed
DRB1~DQB1,AMR,DRB1*14:54,DQB1*02:02,0.0,0.0161231220227189,0.079149871747893,0.0014085415059567,-1.0,not_observed
DRB1~DQB1,AMR,DRB1*14:54,DQB1*03:01,0.0,0.0161231220227189,0.2015390252839868,0.0041363172931392,-1.0,not_observed
DRB1~DQB1,AMR,DRB1*14:54,DQB1*03:02,0.0,0.0161231220227189,0.2121656284353243,0.0044131479797323,-1.0,not_observed
DRB1~DQB1,AMR,DRB1*14:54,DQB1*03:03,0.0,0.0161231220227189,0.0139245144741663,0.0002314079554788,-1.0,not_observed
DRB1~DQB1,AMR,DRB1*14:54,DQB1*03:19,0.0,0.0161231220227189,0.026383290582631,0.0004440678465022,-1.0,not_observed
DRB1~DQB1,AMR,DRB1*14:54,DQB1*04:02,,0.0161231220227189,0.129351410773177,0.0016542661483502,-0.8242982230234356,suppressed_lt20
DRB1~DQB1,AMR,DRB1*14:54,DQB1*05:01,0.0,0.0161231220227189,0.1088310736533528,0.002001249632461,-1.0,not_observed
DRB1~DQB1,AMR,DRB1*14:54,DQB1*05:02,,0.0161231220227189,0.0124587761084646,0.0001404402196725,0.0135064081498521,suppressed_lt20
DRB1~DQB1,AMR,DRB1*14:54,DQB1*05:03,41.0,0.0161231220227189,0.0175888603884206,0.7926613788773652,0.9305974704147028,estimated
DRB1~DQB1,AMR,DRB1*14:54,DQB1*06:01,0.0,0.0161231220227189,0.007695126419934,0.0001270805310975,-1.0,not_observed
DRB1~DQB1,AMR,DRB1*14:54,DQB1*06:02,,0.0161231220227189,0.0633931843165994,0.0004564251105605,-0.6414871255911718,suppressed_lt20
DRB1~DQB1,AMR,DRB1*14:54,DQB1*06:03,0.0,0.0161231220227189,0.039208501282521,0.0006687433505632,-1.0,not_observed
DRB1~DQB1,AMR,DRB1*14:54,DQB1*06:04,0.0,0.0161231220227189,0.0164895566141443,0.0002747504350215,-1.0,not_observed
DRB1~DQB1,AMR,DRB1*14:54,DQB1*06:09,0.0,0.0161231220227189,0.0080615610113594,0.0001331811655966,-1.0,not_observed
DRB1~DQB1,AMR,DRB1*15:01,DQB1*02:01,0.0,0.0439721509710516,0.0513008427995602,0.0024871567224071,-1.0,not_observed
DRB1~DQB1,AMR,DRB1*15:01,DQB1*02:02,,0.0439721509710516,0.079149871747893,0.0031647352681585,-0.8947145061728395,suppressed_lt20
DRB1~DQB1,AMR,DRB1*15:01,DQB1*03:01,,0.0439721509710516,0.2015390252839868,0.0106692564034003,-0.9586515151515153,suppressed_lt20
DRB1~DQB1,AMR,DRB1*15:01,DQB1*03:02,0.0,0.0439721509710516,0.2121656284353243,0.0123864618895237,-1.0,not_observed
DRB1~DQB1,AMR,DRB1*15:01,DQB1*03:03,0.0,0.0439721509710516,0.0139245144741663,0.0006494968749372,-1.0,not_observed
DRB1~DQB1,AMR,DRB1*15:01,DQB1*03:19,0.0,0.0439721509710516,0.026383290582631,0.0012463732198248,-1.0,not_observed
DRB1~DQB1,AMR,DRB1*15:01,DQB1*04:02,0.0,0.0439721509710516,0.129351410773177,0.0068333778567584,-1.0,not_observed
DRB1~DQB1,AMR,DRB1*15:01,DQB1*05:01,,0.0439721509710516,0.1088310736533528,0.0033327618023882,-0.7702861952861952,suppressed_lt20
DRB1~DQB1,AMR,DRB1*15:01,DQB1*05:02,,0.0439721509710516,0.0124587761084646,0.0016289625366157,0.0770635582711428,suppressed_lt20
DRB1~DQB1,AMR,DRB1*15:01,DQB1*05:03,0.0,0.0439721509710516,0.0175888603884206,0.0008234772212047,-1.0,not_observed
DRB1~DQB1,AMR,DRB1*15:01,DQB1*06:01,,0.0439721509710516,0.007695126419934,2.453405261574697e-06,0.0038146343244081,suppressed_lt20
DRB1~DQB1,AMR,DRB1*15:01,DQB1*06:02,105.0,0.0439721509710516,0.0633931843165994,0.5102683794843555,0.8665395148669798,estimated
DRB1~DQB1,AMR,DRB1*15:01,DQB1*06:03,,0.0439721509710516,0.039208501282521,7.377682656339915e-06,0.0028836199639637,suppressed_lt20
DRB1~DQB1,AMR,DRB1*15:01,DQB1*06:04,0.0,0.0439721509710516,0.0164895566141443,0.0007711469926124,-1.0,not_observed
DRB1~DQB1,AMR,DRB1*15:01,DQB1*06:09,0.0,0.0439721509710516,0.0080615610113594,0.0003738019752885,-1.0,not_observed
DRB1~DQB1,AMR,DRB1*15:02,DQB1*02:01,0.0,0.0080615610113594,0.0513008427995602,0.0004394711905945,-1.0,not_observed
DRB1~DQB1,AMR,DRB1*15:02,DQB1*02:02,0.0,0.0080615610113594,0.079149871747893,0.0006985470896737,-1.0,not_observed
DRB1~DQB1,AMR,DRB1*15:02,DQB1*03:01,0.0,0.0080615610113594,0.2015390252839868,0.0020513505600441,-1.0,not_observed
DRB1~DQB1,AMR,DRB1*15:02,DQB1*03:02,0.0,0.0080615610113594,0.2121656284353243,0.0021886409910567,-1.0,not_observed
DRB1~DQB1,AMR,DRB1*15:02,DQB1*03:03,0.0,0.0080615610113594,0.0139245144741663,0.0001147636424936,-1.0,not_observed
DRB1~DQB1,AMR,DRB1*15:02,DQB1*03:19,0.0,0.0080615610113594,0.026383290582631,0.0002202294362501,-1.0,not_observed
DRB1~DQB1,AMR,DRB1*15:02,DQB1*04:02,0.0,0.0080615610113594,0.129351410773177,0.0012074320349163,-1.0,not_observed
DRB1~DQB1,AMR,DRB1*15:02,DQB1*05:01,0.0,0.0080615610113594,0.1088310736533528,0.0009924926603542,-1.0,not_observed
DRB1~DQB1,AMR,DRB1*15:02,DQB1*05:02,,0.0080615610113594,0.0124587761084646,0.0040653055331069,0.0794400404790015,suppressed_lt20
DRB1~DQB1,AMR,DRB1*15:02,DQB1*05:03,0.0,0.0080615610113594,0.0175888603884206,0.0001455053119773,-1.0,not_observed
DRB1~DQB1,AMR,DRB1*15:02,DQB1*06:01,20.0,0.0080615610113594,0.007695126419934,0.864777905768794,0.951993948669235,estimated
DRB1~DQB1,AMR,DRB1*15:02,DQB1*06:02,0.0,0.0080615610113594,0.0633931843165994,0.0005500721771006,-1.0,not_observed
DRB1~DQB1,AMR,DRB1*15:02,DQB1*06:03,0.0,0.0080615610113594,0.039208501282521,0.0003316542106136,-1.0,not_observed
DRB1~DQB1,AMR,DRB1*15:02,DQB1*06:04,0.0,0.0080615610113594,0.0164895566141443,0.0001362587584101,-1.0,not_observed
DRB1~DQB1,AMR,DRB1*15:02,DQB1*06:09,0.0,0.0080615610113594,0.0080615610113594,6.604939594142837e-05,-1.0,not_observed
DRB1~DQB1,AMR,DRB1*15:03,DQB1*02:01,0.0,0.0142909490655917,0.0513008427995602,0.000783986008865,-1.0,not_observed
DRB1~DQB1,AMR,DRB1*15:03,DQB1*02:02,,0.0142909490655917,0.079149871747893,0.0005695401300275,-0.6760446343779677,suppressed_lt20
DRB1~DQB1,AMR,DRB1*15:03,DQB1*03:01,0.0,0.0142909490655917,0.2015390252839868,0.0036594665879611,-1.0,not_observed
DRB1~DQB1,AMR,DRB1*15:03,DQB1*03:02,0.0,0.0142909490655917,0.2121656284353243,0.0039043831589867,-1.0,not_observed
DRB1~DQB1,AMR,DRB1*15:03,DQB1*03:03,0.0,0.0142909490655917,0.0139245144741663,0.0002047303485803,-1.0,not_observed
DRB1~DQB1,AMR,DRB1*15:03,DQB1*03:19,0.0,0.0142909490655917,0.026383290582631,0.0003928739823122,-1.0,not_observed
DRB1~DQB1,AMR,DRB1*15:03,DQB1*04:02,0.0,0.0142909490655917,0.129351410773177,0.0021539746911494,-1.0,not_observed
DRB1~DQB1,AMR,DRB1*15:03,DQB1*05:01,0.0,0.0142909490655917,0.1088310736533528,0.0017705378106045,-1.0,not_observed
DRB1~DQB1,AMR,DRB1*15:03,DQB1*05:02,0.0,0.0142909490655917,0.0124587761084646,0.0001829079046285,-1.0,not_observed
DRB1~DQB1,AMR,DRB1*15:03,DQB1*05:03,0.0,0.0142909490655917,0.0175888603884206,0.000259571346762,-1.0,not_observed
DRB1~DQB1,AMR,DRB1*15:03,DQB1*06:01,0.0,0.0142909490655917,0.007695126419934,0.0001124301944397,-1.0,not_observed
DRB1~DQB1,AMR,DRB1*15:03,DQB1*06:02,38.0,0.0142909490655917,0.0633931843165994,0.2026359896322597,0.972623490229124,estimated
DRB1~DQB1,AMR,DRB1*15:03,DQB1*06:03,0.0,0.0142909490655917,0.039208501282521,0.000591648022594,-1.0,not_observed
DRB1~DQB1,AMR,DRB1*15:03,DQB1*06:04,0.0,0.0142909490655917,0.0164895566141443,0.0002430761389259,-1.0,not_observed
DRB1~DQB1,AMR,DRB1*15:03,DQB1*06:09,0.0,0.0142909490655917,0.0080615610113594,0.0001178275241251,-1.0,not_observed
DRB1~DQB1,AMR,DRB1*16:02,DQB1*02:01,0.0,0.0256504213997801,0.0513008427995602,0.001423559709832,-1.0,not_observed
DRB1~DQB1,AMR,DRB1*16:02,DQB1*02:02,0.0,0.0256504213997801,0.079149871747893,0.002262772881505,-1.0,not_observed
DRB1~DQB1,AMR,DRB1*16:02,DQB1*03:01,63.0,0.0256504213997801,0.2015390252839868,0.0798088670412018,0.8747590637907297,estimated
DRB1~DQB1,AMR,DRB1*16:02,DQB1*03:02,0.0,0.0256504213997801,0.2121656284353243,0.0070895685561104,-1.0,not_observed
DRB1~DQB1,AMR,DRB1*16:02,DQB1*03:03,,0.0256504213997801,0.0139245144741663,0.0004113218198105,0.0276914550384988,suppressed_lt20
DRB1~DQB1,AMR,DRB1*16:02,DQB1*03:19,0.0,0.0256504213997801,0.026383290582631,0.000713379532207,-1.0,not_observed
DRB1~DQB1,AMR,DRB1*16:02,DQB1*04:02,0.0,0.0256504213997801,0.129351410773177,0.003911181515544,-1.0,not_observed
DRB1~DQB1,AMR,DRB1*16:02,DQB1*05:01,,0.0256504213997801,0.1088310736533528,0.0024263150271549,-0.8687349687349688,suppressed_lt20
DRB1~DQB1,AMR,DRB1*16:02,DQB1*05:02,,0.0256504213997801,0.0124587761084646,0.0042722312155937,0.0944185120456606,suppressed_lt20
DRB1~DQB1,AMR,DRB1*16:02,DQB1*05:03,0.0,0.0256504213997801,0.0175888603884206,0.0004713289611025,-1.0,not_observed
DRB1~DQB1,AMR,DRB1*16:02,DQB1*06:01,0.0,0.0256504213997801,0.007695126419934,0.0002041504480477,-1.0,not_observed
DRB1~DQB1,AMR,DRB1*16:02,DQB1*06:02,0.0,0.0256504213997801,0.0633931843165994,0.0017818246237274,-1.0,not_observed
DRB1~DQB1,AMR,DRB1*16:02,DQB1*06:03,0.0,0.0256504213997801,0.039208501282521,0.0010743129058973,-1.0,not_observed
DRB1~DQB1,AMR,DRB1*16:02,DQB1*06:04,0.0,0.0256504213997801,0.0164895566141443,0.0004413770065839,-1.0,not_observed
DRB1~DQB1,AMR,DRB1*16:02,DQB1*06:09,0.0,0.0256504213997801,0.0080615610113594,0.0002139509049359,-1.0,not_observed
DRB1~DQB1,EAS,DRB1*01:01,DQB1*02:01,0.0,0.0130220026942074,0.0543331836551414,0.0007580490595352,-1.0,not_observed
DRB1~DQB1,EAS,DRB1*01:01,DQB1*02:02,0.0,0.0130220026942074,0.0305343511450381,0.0004155531513974,-1.0,not_observed
DRB1~DQB1,EAS,DRB1*01:01,DQB1*03:01,0.0,0.0130220026942074,0.2361921867983834,0.004079920872965,-1.0,not_observed
DRB1~DQB1,EAS,DRB1*01:01,DQB1*03:02,0.0,0.0130220026942074,0.0687022900763358,0.0009733140410805,-1.0,not_observed
DRB1~DQB1,EAS,DRB1*01:01,DQB1*03:03,0.0,0.0130220026942074,0.1423439604849573,0.0021897584191244,-1.0,not_observed
DRB1~DQB1,EAS,DRB1*01:01,DQB1*04:01,0.0,0.0130220026942074,0.0543331836551414,0.0007580490595352,-1.0,not_observed
DRB1~DQB1,EAS,DRB1*01:01,DQB1*04:02,0.0,0.0130220026942074,0.01930848675348,0.0002597682875207,-1.0,not_observed
DRB1~DQB1,EAS,DRB1*01:01,DQB1*05:01,29.0,0.0130220026942074,0.0664571171980242,0.1853374074711654,1.0,estimated
DRB1~DQB1,EAS,DRB1*01:01,DQB1*05:02,0.0,0.0130220026942074,0.1095644364616075,0.0016234444094181,-1.0,not_observed
DRB1~DQB1,EAS,DRB1*01:01,DQB1*05:03,0.0,0.0130220026942074,0.0381679389312977,0.0005235639903519,-1.0,not_observed
DRB1~DQB1,EAS,DRB1*01:01,DQB1*06:01,0.0,0.0130220026942074,0.1037269869779973,0.001526939228776,-1.0,not_observed
DRB1~DQB1,EAS,DRB1*01:01,DQB1*06:02,0.0,0.0130220026942074,0.0381679389312977,0.0005235639903519,-1.0,not_observed
DRB1~DQB1,EAS,DRB1*01:01,DQB1*06:03,0.0,0.0130220026942074,0.0098787606645711,0.0001316389461456,-1.0,not_observed
DRB1~DQB1,EAS,DRB1*01:01,DQB1*06:04,0.0,0.0130220026942074,0.0089806915132465,0.0001195633217659,-1.0,not_observed
DRB1~DQB1,EAS,DRB1*01:01,DQB1*06:09,0.0,0.0130220026942074,0.016614279299506,0.0002229091619197,-1.0,not_observed
DRB1~DQB1,EAS,DRB1*03:01,DQB1*02:01,121.0,0.0543331836551414,0.0543331836551414,1.0000000000000002,1.0000000000000002,estimated
DRB1~DQB1,EAS,DRB1*03:01,DQB1*02:02,0.0,0.0543331836551414,0.0305343511450381,0.0018096028594716,-1.0,not_observed
DRB1~DQB1,EAS,DRB1*03:01,DQB1*03:01,0.0,0.0543331836551414,0.2361921867983834,0.0177667681097036,-1.0,not_observed
DRB1~DQB1,EAS,DRB1*03:01,DQB1*03:02,0.0,0.0543331836551414,0.0687022900763358,0.0042384755499509,-1.0,not_observed
DRB1~DQB1,EAS,DRB1*03:01,DQB1*03:03,0.0,0.0543331836551414,0.1423439604849573,0.0095357070051659,-1.0,not_observed
DRB1~DQB1,EAS,DRB1*03:01,DQB1*04:01,0.0,0.0543331836551414,0.0543331836551414,0.0033010644754867,-1.0,not_observed
DRB1~DQB1,EAS,DRB1*03:01,DQB1*04:02,0.0,0.0543331836551414,0.01930848675348,0.0011312089303542,-1.0,not_observed
DRB1~DQB1,EAS,DRB1*03:01,DQB1*05:01,0.0,0.0543331836551414,0.0664571171980242,0.0040901028555349,-1.0,not_observed
DRB1~DQB1,EAS,DRB1*03:01,DQB1*05:02,0.0,0.0543331836551414,0.1095644364616075,0.0070695881756564,-1.0,not_observed
DRB1~DQB1,EAS,DRB1*03:01,DQB1*05:03,0.0,0.0543331836551414,0.0381679389312977,0.0022799559836596,-1.0,not_observed
DRB1~DQB1,EAS,DRB1*03:01,DQB1*06:01,0.0,0.0543331836551414,0.1037269869779973,0.0066493385631662,-1.0,not_observed
DRB1~DQB1,EAS,DRB1*03:01,DQB1*06:02,0.0,0.0543331836551414,0.0381679389312977,0.0022799559836596,-1.0,not_observed
DRB1~DQB1,EAS,DRB1*03:01,DQB1*06:03,0.0,0.0543331836551414,0.0098787606645711,0.0005732460758915,-1.0,not_observed
DRB1~DQB1,EAS,DRB1*03:01,DQB1*06:04,0.0,0.0543331836551414,0.0089806915132465,0.0005206605418053,-1.0,not_observed
DRB1~DQB1,EAS,DRB1*03:01,DQB1*06:09,0.0,0.0543331836551414,0.016614279299506,0.0009706990681115,-1.0,not_observed
DRB1~DQB1,EAS,DRB1*04:03,DQB1*02:01,0.0,0.0314324202963628,0.0543331836551414,0.0018645537112543,-1.0,not_observed
DRB1~DQB1,EAS,DRB1*04:03,DQB1*02:02,0.0,0.0314324202963628,0.0305343511450381,0.0010221253636758,-1.0,not_observed
DRB1~DQB1,EAS,DRB1*04:03,DQB1*03:01,0.0,0.0314324202963628,0.2361921867983834,0.0100352760941026,-1.0,not_observed
DRB1~DQB1,EAS,DRB1*04:03,DQB1*03:02,64.0,0.0314324202963628,0.0687022900763358,0.3626611781790878,0.9079625292740048,estimated
DRB1~DQB1,EAS,DRB1*04:03,DQB1*03:03,0.0,0.0314324202963628,0.1423439604849573,0.0053860922796107,-1.0,not_observed
DRB1~DQB1,EAS,DRB1*04:03,DQB1*04:01,,0.0314324202963628,0.0543331836551414,0.0010129657177324,-0.7370720188902007,suppressed_lt20
DRB1~DQB1,EAS,DRB1*04:03,DQB1*04:02,0.0,0.0314324202963628,0.01930848675348,0.0006389453538271,-1.0,not_observed
DRB1~DQB1,EAS,DRB1*04:03,DQB1*05:01,0.0,0.0314324202963628,0.0664571171980242,0.0023102294775915,-1.0,not_observed
DRB1~DQB1,EAS,DRB1*04:03,DQB1*05:02,,0.0314324202963628,0.1095644364616075,0.0030197266824454,-0.8696135831381733,suppressed_lt20
DRB1~DQB1,EAS,DRB1*04:03,DQB1*05:03,0.0,0.0314324202963628,0.0381679389312977,0.0012877968371709,-1.0,not_observed
DRB1~DQB1,EAS,DRB1*04:03,DQB1*06:01,,0.0314324202963628,0.1037269869779973,0.0027924908115151,-0.8622758194186766,suppressed_lt20
DRB1~DQB1,EAS,DRB1*04:03,DQB1*06:02,0.0,0.0314324202963628,0.0381679389312977,0.0012877968371709,-1.0,not_observed
DRB1~DQB1,EAS,DRB1*04:03,DQB1*06:03,0.0,0.0314324202963628,0.0098787606645711,0.0003237889190601,-1.0,not_observed
DRB1~DQB1,EAS,DRB1*04:03,DQB1*06:04,0.0,0.0314324202963628,0.0089806915132465,0.0002940868173693,-1.0,not_observed
DRB1~DQB1,EAS,DRB1*04:03,DQB1*06:09,0.0,0.0314324202963628,0.016614279299506,0.0005482839136886,-1.0,not_observed
DRB1~DQB1,EAS,DRB1*04:05,DQB1*02:01,0.0,0.0673551863493489,0.0543331836551414,0.0041493662100306,-1.0,not_observed
DRB1~DQB1,EAS,DRB1*04:05,DQB1*02:02,0.0,0.0673551863493489,0.0305343511450381,0.0022746314149344,-1.0,not_observed
DRB1~DQB1,EAS,DRB1*04:05,DQB1*03:01,,0.0673551863493489,0.2361921867983834,0.0187104885600571,-0.9153231939163498,suppressed_lt20
DRB1~DQB1,EAS,DRB1*04:05,DQB1*03:02,,0.0673551863493489,0.0687022900763358,0.0019944814385093,-0.6118518518518519,suppressed_lt20
DRB1~DQB1,EAS,DRB1*04:05,DQB1*03:03,0.0,0.0673551863493489,0.1423439604849573,0.0119861761955297,-1.0,not_observed
DRB1~DQB1,EAS,DRB1*04:05,DQB1*04:01,117.0,0.0673551863493489,0.0543331836551414,0.7401606410364674,0.964554725704986,estimated
DRB1~DQB1,EAS,DRB1*04:05,DQB1*04:02,,0.0673551863493489,0.01930848675348,0.0439586541228276,0.4015518805074404,suppressed_lt20
DRB1~DQB1,EAS,DRB1*04:05,DQB1*05:01,,0.0673551863493489,0.0664571171980242,0.004161430479036,-0.8996846846846847,suppressed_lt20
DRB1~DQB1,EAS,DRB1*04:05,DQB1*05:02,0.0,0.0673551863493489,0.1095644364616075,0.0088863184929386,-1.0,not_observed
DRB1~DQB1,EAS,DRB1*04:05,DQB1*05:03,,0.0673551863493489,0.0381679389312977,4.5981052240079605e-05,-0.1266666666666665,suppressed_lt20
DRB1~DQB1,EAS,DRB1*04:05,DQB1*06:01,0.0,0.0673551863493489,0.1037269869779973,0.008358073875242,-1.0,not_observed
DRB1~DQB1,EAS,DRB1*04:05,DQB1*06:02,,0.0673551863493489,0.0381679389312977,0.0019521491365497,-0.8253333333333334,suppressed_lt20
DRB1~DQB1,EAS,DRB1*04:05,DQB1*06:03,0.0,0.0673551863493489,0.0098787606645711,0.0007205578427808,-1.0,not_observed
DRB1~DQB1,EAS,DRB1*04:05,DQB1*06:04,0.0,0.0673551863493489,0.0089806915132465,0.0006544589707672,-1.0,not_observed
DRB1~DQB1,EAS,DRB1*04:05,DQB1*06:09,0.0,0.0673551863493489,0.016614279299506,0.0012201476048832,-1.0,not_observed
DRB1~DQB1,EAS,DRB1*04:06,DQB1*02:01,0.0,0.0184104176021553,0.0543331836551414,0.0010776077412246,-1.0,not_observed
DRB1~DQB1,EAS,DRB1*04:06,DQB1*02:02,,0.0184104176021553,0.0305343511450381,2.3918291426612548e-05,-0.201219512195122,suppressed_lt20
DRB1~DQB1,EAS,DRB1*04:06,DQB1*03:01,0.0,0.0184104176021553,0.2361921867983834,0.005799828205033,-1.0,not_observed
DRB1~DQB1,EAS,DRB1*04:06,DQB1*03:02,39.0,0.0184104176021553,0.0687022900763358,0.2283075790726709,0.9476209516193522,estimated
DRB1~DQB1,EAS,DRB1*04:06,DQB1*03:03,,0.0184104176021553,0.1423439604849573,0.002137493303427,-0.8286527660229284,suppressed_lt20
DRB1~DQB1,EAS,DRB1*04:06,DQB1*04:01,0.0,0.0184104176021553,0.0543331836551414,0.0010776077412246,-1.0,not_observed
DRB1~DQB1,EAS,DRB1*04:06,DQB1*04:02,0.0,0.0184104176021553,0.01930848675348,0.0003692746716534,-1.0,not_observed
DRB1~DQB1,EAS,DRB1*04:06,DQB1*05:01,0.0,0.0184104176021553,0.0664571171980242,0.0013351834028869,-1.0,not_observed
DRB1~DQB1,EAS,DRB1*04:06,DQB1*05:02,0.0,0.0184104176021553,0.1095644364616075,0.0023078140405708,-1.0,not_observed
DRB1~DQB1,EAS,DRB1*04:06,DQB1*05:03,0.0,0.0184104176021553,0.0381679389312977,0.0007442745320146,-1.0,not_observed
DRB1~DQB1,EAS,DRB1*04:06,DQB1*06:01,0.0,0.0184104176021553,0.1037269869779973,0.0021706267062945,-1.0,not_observed
DRB1~DQB1,EAS,DRB1*04:06,DQB1*06:02,0.0,0.0184104176021553,0.0381679389312977,0.0007442745320146,-1.0,not_observed
DRB1~DQB1,EAS,DRB1*04:06,DQB1*06:03,0.0,0.0184104176021553,0.0098787606645711,0.0001871318823351,-1.0,not_observed
DRB1~DQB1,EAS,DRB1*04:06,DQB1*06:04,0.0,0.0184104176021553,0.0089806915132465,0.0001699657291053,-1.0,not_observed
DRB1~DQB1,EAS,DRB1*04:06,DQB1*06:09,0.0,0.0184104176021553,0.016614279299506,0.0003168774308906,-1.0,not_observed
DRB1~DQB1,EAS,DRB1*07:01,DQB1*02:01,0.0,0.0449034575662326,0.0543331836551414,0.0027012172443922,-1.0,not_observed
DRB1~DQB1,EAS,DRB1*07:01,DQB1*02:02,66.0,0.0449034575662326,0.0305343511450381,0.6292967063884292,0.969205453690644,estimated
DRB1~DQB1,EAS,DRB1*07:01,DQB1*03:01,,0.0449034575662326,0.2361921867983834,0.0121804371538124,-0.9153231939163498,suppressed_lt20
DRB1~DQB1,EAS,DRB1*07:01,DQB1*03:02,,0.0449034575662326,0.0687022900763358,0.0017428962176817,-0.7088888888888889,suppressed_lt20
DRB1~DQB1,EAS,DRB1*07:01,DQB1*03:03,30.0,0.0449034575662326,0.1423439604849573,0.0095719746452861,0.1838219895287957,estimated
DRB1~DQB1,EAS,DRB1*07:01,DQB1*04:01,0.0,0.0449034575662326,0.0543331836551414,0.0027012172443922,-1.0,not_observed
DRB1~DQB1,EAS,DRB1*07:01,DQB1*04:02,0.0,0.0449034575662326,0.01930848675348,0.0009256532528746,-1.0,not_observed
DRB1~DQB1,EAS,DRB1*07:01,DQB1*05:01,0.0,0.0449034575662326,0.0664571171980242,0.0033468768776714,-1.0,not_observed
DRB1~DQB1,EAS,DRB1*07:01,DQB1*05:02,0.0,0.0449034575662326,0.1095644364616075,0.0057849501676331,-1.0,not_observed
DRB1~DQB1,EAS,DRB1*07:01,DQB1*05:03,0.0,0.0449034575662326,0.0381679389312977,0.0018656577189722,-1.0,not_observed
DRB1~DQB1,EAS,DRB1*07:01,DQB1*06:01,0.0,0.0449034575662326,0.1037269869779973,0.0054410654878162,-1.0,not_observed
DRB1~DQB1,EAS,DRB1*07:01,DQB1*06:02,0.0,0.0449034575662326,0.0381679389312977,0.0018656577189722,-1.0,not_observed
DRB1~DQB1,EAS,DRB1*07:01,DQB1*06:03,0.0,0.0449034575662326,0.0098787606645711,0.0004690796550558,-1.0,not_observed
DRB1~DQB1,EAS,DRB1*07:01,DQB1*06:04,0.0,0.0449034575662326,0.0089806915132465,0.0004260496104947,-1.0,not_observed
DRB1~DQB1,EAS,DRB1*07:01,DQB1*06:09,0.0,0.0449034575662326,0.016614279299506,0.0007943101630911,-1.0,not_observed
DRB1~DQB1,EAS,DRB1*08:02,DQB1*02:01,0.0,0.0094297260889088,0.0543331836551414,0.0005469413900964,-1.0,not_observed
DRB1~DQB1,EAS,DRB1*08:02,DQB1*02:02,0.0,0.0094297260889088,0.0305343511450381,0.0002998265289368,-1.0,not_observed
DRB1~DQB1,EAS,DRB1*08:02,DQB1*03:01,0.0,0.0094297260889088,0.2361921867983834,0.0029437113148204,-1.0,not_observed
DRB1~DQB1,EAS,DRB1*08:02,DQB1*03:02,,0.0094297260889088,0.0687022900763358,0.0104192297762739,0.2841530054644808,suppressed_lt20
DRB1~DQB1,EAS,DRB1*08:02,DQB1*03:03,0.0,0.0094297260889088,0.1423439604849573,0.0015799366791188,-1.0,not_observed
DRB1~DQB1,EAS,DRB1*08:02,DQB1*04:01,0.0,0.0094297260889088,0.0543331836551414,0.0005469413900964,-1.0,not_observed
DRB1~DQB1,EAS,DRB1*08:02,DQB1*04:02,,0.0094297260889088,0.01930848675348,0.2106795641276127,0.6601037851037851,suppressed_lt20
DRB1~DQB1,EAS,DRB1*08:02,DQB1*05:01,0.0,0.0094297260889088,0.0664571171980242,0.0006776742950813,-1.0,not_observed
DRB1~DQB1,EAS,DRB1*08:02,DQB1*05:02,0.0,0.0094297260889088,0.1095644364616075,0.0011713344022559,-1.0,not_observed
DRB1~DQB1,EAS,DRB1*08:02,DQB1*05:03,0.0,0.0094297260889088,0.0381679389312977,0.0003777576307041,-1.0,not_observed
DRB1~DQB1,EAS,DRB1*08:02,DQB1*06:01,0.0,0.0094297260889088,0.1037269869779973,0.0011017047694664,-1.0,not_observed
DRB1~DQB1,EAS,DRB1*08:02,DQB1*06:02,0.0,0.0094297260889088,0.0381679389312977,0.0003777576307041,-1.0,not_observed
DRB1~DQB1,EAS,DRB1*08:02,DQB1*06:03,0.0,0.0094297260889088,0.0098787606645711,9.497906143418382e-05,-1.0,not_observed
DRB1~DQB1,EAS,DRB1*08:02,DQB1*06:04,0.0,0.0094297260889088,0.0089806915132465,8.626635517665914e-05,-1.0,not_observed
DRB1~DQB1,EAS,DRB1*08:02,DQB1*06:09,0.0,0.0094297260889088,0.016614279299506,0.0001608316049628,-1.0,not_observed
DRB1~DQB1,EAS,DRB1*08:03,DQB1*02:01,0.0,0.0651100134710372,0.0543331836551414,0.0040014213084978,-1.0,not_observed
DRB1~DQB1,EAS,DRB1*08:03,DQB1*02:02,0.0,0.0651100134710372,0.0305343511450381,0.0021935298433517,-1.0,not_observed
DRB1~DQB1,EAS,DRB1*08:03,DQB1*03:01,,0.0651100134710372,0.2361921867983834,0.0136322227297309,-0.7956077094532581,suppressed_lt20
DRB1~DQB1,EAS,DRB1*08:03,DQB1*03:02,0.0,0.0651100134710372,0.0687022900763358,0.0051377143667028,-1.0,not_observed
DRB1~DQB1,EAS,DRB1*08:03,DQB1*03:03,0.0,0.0651100134710372,0.1423439604849573,0.0115588112517665,-1.0,not_observed
DRB1~DQB1,EAS,DRB1*08:03,DQB1*04:01,0.0,0.0651100134710372,0.0543331836551414,0.0040014213084978,-1.0,not_observed
DRB1~DQB1,EAS,DRB1*08:03,DQB1*04:02,0.0,0.0651100134710372,0.01930848675348,0.0013712072429651,-1.0,not_observed
DRB1~DQB1,EAS,DRB1*08:03,DQB1*05:01,0.0,0.0651100134710372,0.0664571171980242,0.0049578627868733,-1.0,not_observed
DRB1~DQB1,EAS,DRB1*08:03,DQB1*05:02,0.0,0.0651100134710372,0.1095644364616075,0.0085694784147482,-1.0,not_observed
DRB1~DQB1,EAS,DRB1*08:03,DQB1*05:03,,0.0651100134710372,0.0381679389312977,0.0018551695745375,-0.8193103448275862,suppressed_lt20
DRB1~DQB1,EAS,DRB1*08:03,DQB1*06:01,137.0,0.0651100134710372,0.1037269869779973,0.5299697472151693,0.9384424020454702,estimated
DRB1~DQB1,EAS,DRB1*08:03,DQB1*06:02,0.0,0.0651100134710372,0.0381679389312977,0.002763673512953,-1.0,not_observed
DRB1~DQB1,EAS,DRB1*08:03,DQB1*06:03,0.0,0.0651100134710372,0.0098787606645711,0.0006948664832567,-1.0,not_observed
DRB1~DQB1,EAS,DRB1*08:03,DQB1*06:04,0.0,0.0651100134710372,0.0089806915132465,0.0006311243545665,-1.0,not_observed
DRB1~DQB1,EAS,DRB1*08:03,DQB1*06:09,0.0,0.0651100134710372,0.016614279299506,0.001176643462775,-1.0,not_observed
DRB1~DQB1,EAS,DRB1*09:01,DQB1*02:01,0.0,0.1266277503367759,0.0543331836551414,0.0083302206695522,-1.0,not_observed
DRB1~DQB1,EAS,DRB1*09:01,DQB1*02:02,0.0,0.1266277503367759,0.0305343511450381,0.0045665243001437,-1.0,not_observed
DRB1~DQB1,EAS,DRB1*09:01,DQB1*03:01,,0.1266277503367759,0.2361921867983834,0.040886554846031,-0.954959145700186,suppressed_lt20
DRB1~DQB1,EAS,DRB1*09:01,DQB1*03:02,,0.1266277503367759,0.0687022900763358,0.0076398272574869,-0.8451536643026004,suppressed_lt20
DRB1~DQB1,EAS,DRB1*09:01,DQB1*03:03,273.0,0.1266277503367759,0.1423439604849573,0.8097764799716701,0.9627882366046564,estimated
DRB1~DQB1,EAS,DRB1*09:01,DQB1*04:01,0.0,0.1266277503367759,0.0543331836551414,0.0083302206695522,-1.0,not_observed
DRB1~DQB1,EAS,DRB1*09:01,DQB1*04:02,0.0,0.1266277503367759,0.01930848675348,0.002854600412441,-1.0,not_observed
DRB1~DQB1,EAS,DRB1*09:01,DQB1*05:01,0.0,0.1266277503367759,0.0664571171980242,0.0103213553085018,-1.0,not_observed
DRB1~DQB1,EAS,DRB1*09:01,DQB1*05:02,0.0,0.1266277503367759,0.1095644364616075,0.0178400724927954,-1.0,not_observed
DRB1~DQB1,EAS,DRB1*09:01,DQB1*05:03,,0.1266277503367759,0.0381679389312977,0.0047340389357563,-0.9070921985815604,suppressed_lt20
DRB1~DQB1,EAS,DRB1*09:01,DQB1*06:01,,0.1266277503367759,0.1037269869779973,0.0145634550565179,-0.931626293328421,suppressed_lt20
DRB1~DQB1,EAS,DRB1*09:01,DQB1*06:02,0.0,0.1266277503367759,0.0381679389312977,0.0057534581956175,-1.0,not_observed
DRB1~DQB1,EAS,DRB1*09:01,DQB1*06:03,0.0,0.1266277503367759,0.0098787606645711,0.0014465837748981,-1.0,not_observed
DRB1~DQB1,EAS,DRB1*09:01,DQB1*06:04,0.0,0.1266277503367759,0.0089806915132465,0.0013138844270916,-1.0,not_observed
DRB1~DQB1,EAS,DRB1*09:01,DQB1*06:09,0.0,0.1266277503367759,0.016614279299506,0.0024495545304081,-1.0,not_observed
DRB1~DQB1,EAS,DRB1*10:01,DQB1*02:01,0.0,0.0188594521778176,0.0543331836551414,0.0011043960700711,-1.0,not_observed
DRB1~DQB1,EAS,DRB1*10:01,DQB1*02:02,0.0,0.0188594521778176,0.0305343511450381,0.0006054163138074,-1.0,not_observed
DRB1~DQB1,EAS,DRB1*10:01,DQB1*03:01,0.0,0.0188594521778176,0.2361921867983834,0.0059440065542277,-1.0,not_observed
DRB1~DQB1,EAS,DRB1*10:01,DQB1*03:02,0.0,0.0188594521778176,0.0687022900763358,0.0014180140300859,-1.0,not_observed
DRB1~DQB1,EAS,DRB1*10:01,DQB1*03:03,0.0,0.0188594521778176,0.1423439604849573,0.0031902428504678,-1.0,not_observed
DRB1~DQB1,EAS,DRB1*10:01,DQB1*04:01,0.0,0.0188594521778176,0.0543331836551414,0.0011043960700711,-1.0,not_observed
DRB1~DQB1,EAS,DRB1*10:01,DQB1*04:02,0.0,0.0188594521778176,0.01930848675348,0.0003784544974476,-1.0,not_observed
DRB1~DQB1,EAS,DRB1*10:01,DQB1*05:01,41.0,0.0188594521778176,0.0664571171980242,0.2564190688114628,0.9744955221145698,estimated
DRB1~DQB1,EAS,DRB1*10:01,DQB1*05:02,,0.0188594521778176,0.1095644364616075,0.00144891784222,-0.7826893052302889,suppressed_lt20
DRB1~DQB1,EAS,DRB1*10:01,DQB1*05:03,0.0,0.0188594521778176,0.0381679389312977,0.0007627765064836,-1.0,not_observed
DRB1~DQB1,EAS,DRB1*10:01,DQB1*06:01,0.0,0.0188594521778176,0.1037269869779973,0.0022245864727166,-1.0,not_observed
DRB1~DQB1,EAS,DRB1*10:01,DQB1*06:02,0.0,0.0188594521778176,0.0381679389312977,0.0007627765064836,-1.0,not_observed
DRB1~DQB1,EAS,DRB1*10:01,DQB1*06:03,0.0,0.0188594521778176,0.0098787606645711,0.0001917838073444,-1.0,not_observed
DRB1~DQB1,EAS,DRB1*10:01,DQB1*06:04,0.0,0.0188594521778176,0.0089806915132465,0.0001741909194688,-1.0,not_observed
DRB1~DQB1,EAS,DRB1*10:01,DQB1*06:09,0.0,0.0188594521778176,0.016614279299506,0.0003247547098837,-1.0,not_observed
DRB1~DQB1,EAS,DRB1*11:01,DQB1*02:01,0.0,0.056578356533453,0.0543331836551414,0.0034456526603123,-1.0,not_observed
DRB1~DQB1,EAS,DRB1*11:01,DQB1*02:02,0.0,0.056578356533453,0.0305343511450381,0.0018888643203274,-1.0,not_observed
DRB1~DQB1,EAS,DRB1*11:01,DQB1*03:01,116.0,0.056578356533453,0.2361921867983834,0.1557288597249925,0.8960928678741729,estimated
DRB1~DQB1,EAS,DRB1*11:01,DQB1*03:02,0.0,0.056578356533453,0.0687022900763358,0.0044241227830619,-1.0,not_observed
DRB1~DQB1,EAS,DRB1*11:01,DQB1*03:03,,0.056578356533453,0.1423439604849573,0.0060087797393513,-0.7769766160933353,suppressed_lt20
DRB1~DQB1,EAS,DRB1*11:01,DQB1*04:01,0.0,0.056578356533453,0.0543331836551414,0.0034456526603123,-1.0,not_observed
DRB1~DQB1,EAS,DRB1*11:01,DQB1*04:02,0.0,0.056578356533453,0.01930848675348,0.0011807564163585,-1.0,not_observed
DRB1~DQB1,EAS,DRB1*11:01,DQB1*05:01,0.0,0.056578356533453,0.0664571171980242,0.0042692512944773,-1.0,not_observed
DRB1~DQB1,EAS,DRB1*11:01,DQB1*05:02,0.0,0.056578356533453,0.1095644364616075,0.0073792394803713,-1.0,not_observed
DRB1~DQB1,EAS,DRB1*11:01,DQB1*05:03,0.0,0.056578356533453,0.0381679389312977,0.0023798191337458,-1.0,not_observed
DRB1~DQB1,EAS,DRB1*11:01,DQB1*06:01,,0.056578356533453,0.1037269869779973,0.0033423168726889,-0.6939462653748368,suppressed_lt20
DRB1~DQB1,EAS,DRB1*11:01,DQB1*06:02,0.0,0.056578356533453,0.0381679389312977,0.0023798191337458,-1.0,not_observed
DRB1~DQB1,EAS,DRB1*11:01,DQB1*06:03,0.0,0.056578356533453,0.0098787606645711,0.000598354525056,-1.0,not_observed
DRB1~DQB1,EAS,DRB1*11:01,DQB1*06:04,0.0,0.056578356533453,0.0089806915132465,0.0005434657197135,-1.0,not_observed
DRB1~DQB1,EAS,DRB1*11:01,DQB1*06:09,0.0,0.056578356533453,0.016614279299506,0.0010132161462578,-1.0,not_observed
DRB1~DQB1,EAS,DRB1*12:01,DQB1*02:01,0.0,0.0278401436910642,0.0543331836551414,0.0016453594590623,-1.0,not_observed
DRB1~DQB1,EAS,DRB1*12:01,DQB1*02:02,0.0,0.0278401436910642,0.0305343511450381,0.0009019657762179,-1.0,not_observed
DRB1~DQB1,EAS,DRB1*12:01,DQB1*03:01,52.0,0.0278401436910642,0.2361921867983834,0.0576266644489908,0.7888338927765453,estimated
DRB1~DQB1,EAS,DRB1*12:01,DQB1*03:02,,0.0278401436910642,0.0687022900763358,7.843427811356616e-06,-0.0609318996415771,suppressed_lt20
DRB1~DQB1,EAS,DRB1*12:01,DQB1*03:03,,0.0278401436910642,0.1423439604849573,0.0014208605386,-0.546758929480004,suppressed_lt20
DRB1~DQB1,EAS,DRB1*12:01,DQB1*04:01,0.0,0.0278401436910642,0.0543331836551414,0.0016453594590623,-1.0,not_observed
DRB1~DQB1,EAS,DRB1*12:01,DQB1*04:02,0.0,0.0278401436910642,0.01930848675348,0.0005638318571343,-1.0,not_observed
DRB1~DQB1,EAS,DRB1*12:01,DQB1*05:01,0.0,0.0278401436910642,0.0664571171980242,0.0020386422233997,-1.0,not_observed
DRB1~DQB1,EAS,DRB1*12:01,DQB1*05:02,0.0,0.0278401436910642,0.1095644364616075,0.0035237160203531,-1.0,not_observed
DRB1~DQB1,EAS,DRB1*12:01,DQB1*05:03,0.0,0.0278401436910642,0.0381679389312977,0.0011364052934491,-1.0,not_observed
DRB1~DQB1,EAS,DRB1*12:01,DQB1*06:01,,0.0278401436910642,0.1037269869779973,0.0015733892356093,-0.6890099148163664,suppressed_lt20
DRB1~DQB1,EAS,DRB1*12:01,DQB1*06:02,0.0,0.0278401436910642,0.0381679389312977,0.0011364052934491,-1.0,not_observed
DRB1~DQB1,EAS,DRB1*12:01,DQB1*06:03,0.0,0.0278401436910642,0.0098787606645711,0.0002857247594957,-1.0,not_observed
DRB1~DQB1,EAS,DRB1*12:01,DQB1*06:04,0.0,0.0278401436910642,0.0089806915132465,0.0002595143941542,-1.0,not_observed
DRB1~DQB1,EAS,DRB1*12:01,DQB1*06:09,0.0,0.0278401436910642,0.016614279299506,0.0004838284454849,-1.0,not_observed
DRB1~DQB1,EAS,DRB1*12:02,DQB1*02:01,0.0,0.1369555455770094,0.0543331836551414,0.0091174514518253,-1.0,not_observed
DRB1~DQB1,EAS,DRB1*12:02,DQB1*02:02,0.0,0.1369555455770094,0.0305343511450381,0.004998074512278,-1.0,not_observed
DRB1~DQB1,EAS,DRB1*12:02,DQB1*03:01,287.0,0.1369555455770094,0.2361921867983834,0.4369362216465082,0.9227339751929916,estimated
DRB1~DQB1,EAS,DRB1*12:02,DQB1*03:02,0.0,0.1369555455770094,0.0687022900763358,0.0117065556711758,-1.0,not_observed
DRB1~DQB1,EAS,DRB1*12:02,DQB1*03:03,,0.1369555455770094,0.1423439604849573,0.0228232648406153,-0.9308993121994104,suppressed_lt20
DRB1~DQB1,EAS,DRB1*12:02,DQB1*04:01,0.0,0.1369555455770094,0.0543331836551414,0.0091174514518253,-1.0,not_observed
DRB1~DQB1,EAS,DRB1*12:02,DQB1*04:02,0.0,0.1369555455770094,0.01930848675348,0.0031243686940877,-1.0,not_observed
DRB1~DQB1,EAS,DRB1*12:02,DQB1*05:01,,0.1369555455770094,0.0664571171980242,0.0102095905634739,-0.9506645990252548,suppressed_lt20
DRB1~DQB1,EAS,DRB1*12:02,DQB1*05:02,,0.1369555455770094,0.1095644364616075,0.0072889511984187,-0.6109782316581565,suppressed_lt20
DRB1~DQB1,EAS,DRB1*12:02,DQB1*05:03,0.0,0.1369555455770094,0.0381679389312977,0.00629717721289,-1.0,not_observed
DRB1~DQB1,EAS,DRB1*12:02,DQB1*06:01,,0.1369555455770094,0.1037269869779973,0.0172226327943846,-0.9683911716698602,suppressed_lt20
DRB1~DQB1,EAS,DRB1*12:02,DQB1*06:02,0.0,0.1369555455770094,0.0381679389312977,0.00629717721289,-1.0,not_observed
DRB1~DQB1,EAS,DRB1*12:02,DQB1*06:03,0.0,0.1369555455770094,0.0098787606645711,0.0015832902706694,-1.0,not_observed
DRB1~DQB1,EAS,DRB1*12:02,DQB1*06:04,0.0,0.1369555455770094,0.0089806915132465,0.0014380504373795,-1.0,not_observed
DRB1~DQB1,EAS,DRB1*12:02,DQB1*06:09,0.0,0.1369555455770094,0.016614279299506,0.0026810447640633,-1.0,not_observed
DRB1~DQB1,EAS,DRB1*13:01,DQB1*02:01,0.0,0.0098787606645711,0.0543331836551414,0.0005732460758915,-1.0,not_observed
DRB1~DQB1,EAS,DRB1*13:01,DQB1*02:02,0.0,0.0098787606645711,0.0305343511450381,0.0003142464334815,-1.0,not_observed
DRB1~DQB1,EAS,DRB1*13:01,DQB1*03:01,0.0,0.0098787606645711,0.2361921867983834,0.0030852866327797,-1.0,not_observed
DRB1~DQB1,EAS,DRB1*13:01,DQB1*03:02,0.0,0.0098787606645711,0.0687022900763358,0.0007360321177651,-1.0,not_observed
DRB1~DQB1,EAS,DRB1*13:01,DQB1*03:03,0.0,0.0098787606645711,0.1423439604849573,0.0016559224038655,-1.0,not_observed
DRB1~DQB1,EAS,DRB1*13:01,DQB1*04:01,0.0,0.0098787606645711,0.0543331836551414,0.0005732460758915,-1.0,not_observed
DRB1~DQB1,EAS,DRB1*13:01,DQB1*04:02,0.0,0.0098787606645711,0.01930848675348,0.0001964399923583,-1.0,not_observed
DRB1~DQB1,EAS,DRB1*13:01,DQB1*05:01,0.0,0.0098787606645711,0.0664571171980242,0.0007102664699036,-1.0,not_observed
DRB1~DQB1,EAS,DRB1*13:01,DQB1*05:02,0.0,0.0098787606645711,0.1095644364616075,0.0012276687444182,-1.0,not_observed
DRB1~DQB1,EAS,DRB1*13:01,DQB1*05:03,0.0,0.0098787606645711,0.0381679389312977,0.0003959255659935,-1.0,not_observed
DRB1~DQB1,EAS,DRB1*13:01,DQB1*06:01,0.0,0.0098787606645711,0.1037269869779973,0.001154690333047,-1.0,not_observed
DRB1~DQB1,EAS,DRB1*13:01,DQB1*06:02,0.0,0.0098787606645711,0.0381679389312977,0.0003959255659935,-1.0,not_observed
DRB1~DQB1,EAS,DRB1*13:01,DQB1*06:03,22.0,0.0098787606645711,0.0098787606645711,1.0000000000000002,1.0,estimated
DRB1~DQB1,EAS,DRB1*13:01,DQB1*06:04,0.0,0.0098787606645711,0.0089806915132465,9.041526291833755e-05,-1.0,not_observed
DRB1~DQB1,EAS,DRB1*13:01,DQB1*06:09,0.0,0.0098787606645711,0.016614279299506,0.0001685666656312,-1.0,not_observed
DRB1~DQB1,EAS,DRB1*13:02,DQB1*02:01,0.0,0.0269420745397395,0.0543331836551414,0.0015908137735548,-1.0,not_observed
DRB1~DQB1,EAS,DRB1*13:02,DQB1*02:02,0.0,0.0269420745397395,0.0305343511450381,0.0008720645037044,-1.0,not_observed
DRB1~DQB1,EAS,DRB1*13:02,DQB1*03:01,0.0,0.0269420745397395,0.2361921867983834,0.008561971336929,-1.0,not_observed
DRB1~DQB1,EAS,DRB1*13:02,DQB1*03:02,,0.0269420745397395,0.0687022900763358,0.0011717477120655,-0.7574074074074074,suppressed_lt20
DRB1~DQB1,EAS,DRB1*13:02,DQB1*03:03,0.0,0.0269420745397395,0.1423439604849573,0.004595346185162,-1.0,not_observed
DRB1~DQB1,EAS,DRB1*13:02,DQB1*04:01,0.0,0.0269420745397395,0.0543331836551414,0.0015908137735548,-1.0,not_observed
DRB1~DQB1,EAS,DRB1*13:02,DQB1*04:02,0.0,0.0269420745397395,0.01930848675348,0.0005451401390487,-1.0,not_observed
DRB1~DQB1,EAS,DRB1*13:02,DQB1*05:01,0.0,0.0269420745397395,0.0664571171980242,0.0019710587315571,-1.0,not_observed
DRB1~DQB1,EAS,DRB1*13:02,DQB1*05:02,,0.0269420745397395,0.1095644364616075,0.0024492369827605,-0.8478825136612022,suppressed_lt20
DRB1~DQB1,EAS,DRB1*13:02,DQB1*05:03,0.0,0.0269420745397395,0.0381679389312977,0.001098732063199,-1.0,not_observed
DRB1~DQB1,EAS,DRB1*13:02,DQB1*06:01,,0.0269420745397395,0.1037269869779973,0.002257359753004,-0.8393217893217892,suppressed_lt20
DRB1~DQB1,EAS,DRB1*13:02,DQB1*06:02,0.0,0.0269420745397395,0.0381679389312977,0.001098732063199,-1.0,not_observed
DRB1~DQB1,EAS,DRB1*13:02,DQB1*06:03,0.0,0.0269420745397395,0.0098787606645711,0.0002762526330329,-1.0,not_observed
DRB1~DQB1,EAS,DRB1*13:02,DQB1*06:04,20.0,0.0269420745397395,0.0089806915132465,0.3272919498565171,1.0,estimated
DRB1~DQB1,EAS,DRB1*13:02,DQB1*06:09,37.0,0.0269420745397395,0.016614279299506,0.6101902587519027,1.0,estimated
DRB1~DQB1,EAS,DRB1*14:04,DQB1*02:01,0.0,0.0103277952402334,0.0543331836551414,0.0005995746316375,-1.0,not_observed
DRB1~DQB1,EAS,DRB1*14:04,DQB1*02:02,0.0,0.0103277952402334,0.0305343511450381,0.000328679423239,-1.0,not_observed
DRB1~DQB1,EAS,DRB1*14:04,DQB1*03:01,0.0,0.0103277952402334,0.2361921867983834,0.0032269904219894,-1.0,not_observed
DRB1~DQB1,EAS,DRB1*14:04,DQB1*03:02,0.0,0.0103277952402334,0.0687022900763358,0.0007698372556603,-1.0,not_observed
DRB1~DQB1,EAS,DRB1*14:04,DQB1*03:03,0.0,0.0103277952402334,0.1423439604849573,0.0017319770811755,-1.0,not_observed
DRB1~DQB1,EAS,DRB1*14:04,DQB1*04:01,0.0,0.0103277952402334,0.0543331836551414,0.0005995746316375,-1.0,not_observed
DRB1~DQB1,EAS,DRB1*14:04,DQB1*04:02,0.0,0.0103277952402334,0.01930848675348,0.0002054622630847,-1.0,not_observed
DRB1~DQB1,EAS,DRB1*14:04,DQB1*05:01,0.0,0.0103277952402334,0.0664571171980242,0.0007428882202021,-1.0,not_observed
DRB1~DQB1,EAS,DRB1*14:04,DQB1*05:02,0.0,0.0103277952402334,0.1095644364616075,0.0012840542066732,-1.0,not_observed
DRB1~DQB1,EAS,DRB1*14:04,DQB1*05:03,23.0,0.0103277952402334,0.0381679389312977,0.2629764065335753,1.0,estimated
DRB1~DQB1,EAS,DRB1*14:04,DQB1*06:01,0.0,0.0103277952402334,0.1037269869779973,0.0012077239779013,-1.0,not_observed
DRB1~DQB1,EAS,DRB1*14:04,DQB1*06:02,0.0,0.0103277952402334,0.0381679389312977,0.0004141099876127,-1.0,not_observed
DRB1~DQB1,EAS,DRB1*14:04,DQB1*06:03,0.0,0.0103277952402334,0.0098787606645711,0.0001041190825997,-1.0,not_observed
DRB1~DQB1,EAS,DRB1*14:04,DQB1*06:04,0.0,0.0103277952402334,0.0089806915132465,9.45679355490738e-05,-1.0,not_observed
DRB1~DQB1,EAS,DRB1*14:04,DQB1*06:09,0.0,0.0103277952402334,0.016614279299506,0.000176308745411,-1.0,not_observed
DRB1~DQB1,EAS,DRB1*14:05,DQB1*02:01,0.0,0.0148181409968567,0.0543331836551414,0.0008641802169605,-1.0,not_observed
DRB1~DQB1,EAS,DRB1*14:05,DQB1*02:02,0.0,0.0148181409968567,0.0305343511450381,0.0004737329438195,-1.0,not_observed
DRB1~DQB1,EAS,DRB1*14:05,DQB1*03:01,,0.0148181409968567,0.2361921867983834,0.0035342286379444,-0.8717018089641664,suppressed_lt20
DRB1~DQB1,EAS,DRB1*14:05,DQB1*03:02,0.0,0.0148181409968567,0.0687022900763358,0.0011095835139052,-1.0,not_observed
DRB1~DQB1,EAS,DRB1*14:05,DQB1*03:03,0.0,0.0148181409968567,0.1423439604849573,0.0024963369875958,-1.0,not_observed
DRB1~DQB1,EAS,DRB1*14:05,DQB1*04:01,0.0,0.0148181409968567,0.0543331836551414,0.0008641802169605,-1.0,not_observed
DRB1~DQB1,EAS,DRB1*14:05,DQB1*04:02,0.0,0.0148181409968567,0.01930848675348,0.0002961373175593,-1.0,not_observed
DRB1~DQB1,EAS,DRB1*14:05,DQB1*05:01,0.0,0.0148181409968567,0.0664571171980242,0.0010707412712882,-1.0,not_observed
DRB1~DQB1,EAS,DRB1*14:05,DQB1*05:02,0.0,0.0148181409968567,0.1095644364616075,0.0018507358122896,-1.0,not_observed
DRB1~DQB1,EAS,DRB1*14:05,DQB1*05:03,32.0,0.0148181409968567,0.0381679389312977,0.3555266385257269,0.9684944684944684,estimated
DRB1~DQB1,EAS,DRB1*14:05,DQB1*06:01,0.0,0.0148181409968567,0.1037269869779973,0.001740719360325,-1.0,not_observed
DRB1~DQB1,EAS,DRB1*14:05,DQB1*06:02,0.0,0.0148181409968567,0.0381679389312977,0.0005968659113599,-1.0,not_observed
DRB1~DQB1,EAS,DRB1*14:05,DQB1*06:03,0.0,0.0148181409968567,0.0098787606645711,0.0001500691434276,-1.0,not_observed
DRB1~DQB1,EAS,DRB1*14:05,DQB1*06:04,0.0,0.0148181409968567,0.0089806915132465,0.0001363028633101,-1.0,not_observed
DRB1~DQB1,EAS,DRB1*14:05,DQB1*06:09,0.0,0.0148181409968567,0.016614279299506,0.0002541177058228,-1.0,not_observed
DRB1~DQB1,EAS,DRB1*14:54,DQB1*02:01,0.0,0.0251459362370902,0.0543331836551414,0.0014820238987289,-1.0,not_observed
DRB1~DQB1,EAS,DRB1*14:54,DQB1*02:02,0.0,0.0251459362370902,0.0305343511450381,0.0008124272351722,-1.0,not_observed
DRB1~DQB1,EAS,DRB1*14:54,DQB1*03:01,,0.0251459362370902,0.2361921867983834,0.0068159355570184,-0.9243957088538838,suppressed_lt20
DRB1~DQB1,EAS,DRB1*14:54,DQB1*03:02,0.0,0.0251459362370902,0.0687022900763358,0.0019028777250039,-1.0,not_observed
DRB1~DQB1,EAS,DRB1*14:54,DQB1*03:03,0.0,0.0251459362370902,0.1423439604849573,0.0042810874425132,-1.0,not_observed
DRB1~DQB1,EAS,DRB1*14:54,DQB1*04:01,0.0,0.0251459362370902,0.0543331836551414,0.0014820238987289,-1.0,not_observed
DRB1~DQB1,EAS,DRB1*14:54,DQB1*04:02,0.0,0.0251459362370902,0.01930848675348,0.0005078600196057,-1.0,not_observed
DRB1~DQB1,EAS,DRB1*14:54,DQB1*05:01,0.0,0.0251459362370902,0.0664571171980242,0.0018362653093192,-1.0,not_observed
DRB1~DQB1,EAS,DRB1*14:54,DQB1*05:02,34.0,0.0251459362370902,0.1095644364616075,0.0654604779171114,0.5588034003313882,estimated
DRB1~DQB1,EAS,DRB1*14:54,DQB1*05:03,21.0,0.0251459362370902,0.0381679389312977,0.0797181278468703,0.3501984126984127,estimated
DRB1~DQB1,EAS,DRB1*14:54,DQB1*06:01,0.0,0.0251459362370902,0.1037269869779973,0.0029852427102016,-1.0,not_observed
DRB1~DQB1,EAS,DRB1*14:54,DQB1*06:02,0.0,0.0251459362370902,0.0381679389312977,0.001023593837965,-1.0,not_observed
DRB1~DQB1,EAS,DRB1*14:54,DQB1*06:03,0.0,0.0251459362370902,0.0098787606645711,0.0002573607364026,-1.0,not_observed
DRB1~DQB1,EAS,DRB1*14:54,DQB1*06:04,0.0,0.0251459362370902,0.0089806915132465,0.0002337522856068,-1.0,not_observed
DRB1~DQB1,EAS,DRB1*14:54,DQB1*06:09,0.0,0.0251459362370902,0.016614279299506,0.0004357985819719,-1.0,not_observed
DRB1~DQB1,EAS,DRB1*15:01,DQB1*02:01,0.0,0.0628648405927256,0.0543331836551414,0.0038541852948497,-1.0,not_observed
DRB1~DQB1,EAS,DRB1*15:01,DQB1*02:02,0.0,0.0628648405927256,0.0305343511450381,0.0021128168753702,-1.0,not_observed
DRB1~DQB1,EAS,DRB1*15:01,DQB1*03:01,,0.0628648405927256,0.2361921867983834,0.0183103186603815,-0.939516567083107,suppressed_lt20
DRB1~DQB1,EAS,DRB1*15:01,DQB1*03:02,,0.0628648405927256,0.0687022900763358,0.0039731508922126,-0.8960317460317461,suppressed_lt20
DRB1~DQB1,EAS,DRB1*15:01,DQB1*03:03,,0.0628648405927256,0.1423439604849573,0.0100441655629566,-0.9498197386210004,suppressed_lt20
DRB1~DQB1,EAS,DRB1*15:01,DQB1*04:01,,0.0628648405927256,0.0543331836551414,0.0029074231761139,-0.8685360094451003,suppressed_lt20
DRB1~DQB1,EAS,DRB1*15:01,DQB1*04:02,0.0,0.0628648405927256,0.01930848675348,0.0013207523988549,-1.0,not_observed
DRB1~DQB1,EAS,DRB1*15:01,DQB1*05:01,0.0,0.0628648405927256,0.0664571171980242,0.004775433620666,-1.0,not_observed
DRB1~DQB1,EAS,DRB1*15:01,DQB1*05:02,,0.0628648405927256,0.1095644364616075,0.002439537816434,-0.5436475409836066,suppressed_lt20
DRB1~DQB1,EAS,DRB1*15:01,DQB1*05:03,0.0,0.0628648405927256,0.0381679389312977,0.0026619815790874,-1.0,not_observed
DRB1~DQB1,EAS,DRB1*15:01,DQB1*06:01,48.0,0.0628648405927256,0.1037269869779973,0.041261232618113,0.266805038648726,estimated
DRB1~DQB1,EAS,DRB1*15:01,DQB1*06:02,79.0,0.0628648405927256,0.0381679389312977,0.5057938898287313,0.9246765692381408,estimated
DRB1~DQB1,EAS,DRB1*15:01,DQB1*06:03,0.0,0.0628648405927256,0.0098787606645711,0.0006692982255991,-1.0,not_observed
DRB1~DQB1,EAS,DRB1*15:01,DQB1*06:04,0.0,0.0628648405927256,0.0089806915132465,0.000607901547739,-1.0,not_observed
DRB1~DQB1,EAS,DRB1*15:01,DQB1*06:09,0.0,0.0628648405927256,0.016614279299506,0.0011333477736717,-1.0,not_observed
DRB1~DQB1,EAS,DRB1*15:02,DQB1*02:01,0.0,0.1059721598563089,0.0543331836551414,0.0068103235690712,-1.0,not_observed
DRB1~DQB1,EAS,DRB1*15:02,DQB1*02:02,0.0,0.1059721598563089,0.0305343511450381,0.0037333354425623,-1.0,not_observed
DRB1~DQB1,EAS,DRB1*15:02,DQB1*03:01,0.0,0.1059721598563089,0.2361921867983834,0.0366540673477444,-1.0,not_observed
DRB1~DQB1,EAS,DRB1*15:02,DQB1*03:02,,0.1059721598563089,0.0687022900763358,0.0076989055950753,-0.9383239171374764,suppressed_lt20
DRB1~DQB1,EAS,DRB1*15:02,DQB1*03:03,0.0,0.1059721598563089,0.1423439604849573,0.0196728208877119,-1.0,not_observed
DRB1~DQB1,EAS,DRB1*15:02,DQB1*04:01,,0.1059721598563089,0.0543331836551414,0.0057895089395018,-0.9220128869589578,suppressed_lt20
DRB1~DQB1,EAS,DRB1*15:02,DQB1*04:02,0.0,0.1059721598563089,0.01930848675348,0.0023337620022702,-1.0,not_observed
DRB1~DQB1,EAS,DRB1*15:02,DQB1*05:01,73.0,0.1059721598563089,0.0664571171980242,0.1126923766285002,0.4331756417391777,estimated
DRB1~DQB1,EAS,DRB1*15:02,DQB1*05:02,124.0,0.1059721598563089,0.1095644364616075,0.2101171284375104,0.4670290691214304,estimated
DRB1~DQB1,EAS,DRB1*15:02,DQB1*05:03,0.0,0.1059721598563089,0.0381679389312977,0.0047037063611649,-1.0,not_observed
DRB1~DQB1,EAS,DRB1*15:02,DQB1*06:01,35.0,0.1059721598563089,0.1037269869779973,0.0025336797761873,0.0509413573200614,estimated
DRB1~DQB1,EAS,DRB1*15:02,DQB1*06:02,,0.1059721598563089,0.0381679389312977,0.0028468301059367,-0.7779661016949152,suppressed_lt20
DRB1~DQB1,EAS,DRB1*15:02,DQB1*06:03,0.0,0.1059721598563089,0.0098787606645711,0.0011826461708071,-1.0,not_observed
DRB1~DQB1,EAS,DRB1*15:02,DQB1*06:04,0.0,0.1059721598563089,0.0089806915132465,0.0010741585890471,-1.0,not_observed
DRB1~DQB1,EAS,DRB1*15:02,DQB1*06:09,0.0,0.1059721598563089,0.016614279299506,0.0020026190918493,-1.0,not_observed
DRB1~DQB1,EAS,DRB1*16:02,DQB1*02:01,0.0,0.0255949708127525,0.0543331836551414,0.0015091837672482,-1.0,not_observed
DRB1~DQB1,EAS,DRB1*16:02,DQB1*02:02,0.0,0.0255949708127525,0.0305343511450381,0.0008273159403461,-1.0,not_observed
DRB1~DQB1,EAS,DRB1*16:02,DQB1*03:01,0.0,0.0255949708127525,0.2361921867983834,0.0081226277846861,-1.0,not_observed
DRB1~DQB1,EAS,DRB1*16:02,DQB1*03:02,0.0,0.0255949708127525,0.0687022900763358,0.0019377502455239,-1.0,not_observed
DRB1~DQB1,EAS,DRB1*16:02,DQB1*03:03,0.0,0.0255949708127525,0.1423439604849573,0.0043595435134026,-1.0,not_observed
DRB1~DQB1,EAS,DRB1*16:02,DQB1*04:01,0.0,0.0255949708127525,0.0543331836551414,0.0015091837672482,-1.0,not_observed
DRB1~DQB1,EAS,DRB1*16:02,DQB1*04:02,0.0,0.0255949708127525,0.01930848675348,0.0005171671646326,-1.0,not_observed
DRB1~DQB1,EAS,DRB1*16:02,DQB1*05:01,0.0,0.0255949708127525,0.0664571171980242,0.0018699170772903,-1.0,not_observed
DRB1~DQB1,EAS,DRB1*16:02,DQB1*05:02,57.0,0.0255949708127525,0.1095644364616075,0.2134754853818841,1.0,estimated
DRB1~DQB1,EAS,DRB1*16:02,DQB1*05:03,0.0,0.0255949708127525,0.0381679389312977,0.0010423524248409,-1.0,not_observed
DRB1~DQB1,EAS,DRB1*16:02,DQB1*06:01,0.0,0.0255949708127525,0.1037269869779973,0.0030399508694808,-1.0,not_observed
DRB1~DQB1,EAS,DRB1*16:02,DQB1*06:02,0.0,0.0255949708127525,0.0381679389312977,0.0010423524248409,-1.0,not_observed
DRB1~DQB1,EAS,DRB1*16:02,DQB1*06:03,0.0,0.0255949708127525,0.0098787606645711,0.0002620771811028,-1.0,not_observed
DRB1~DQB1,EAS,DRB1*16:02,DQB1*06:04,0.0,0.0255949708127525,0.0089806915132465,0.0002380360770819,-1.0,not_observed
DRB1~DQB1,EAS,DRB1*16:02,DQB1*06:09,0.0,0.0255949708127525,0.016614279299506,0.000443785114576,-1.0,not_observed
DRB1~DQB1,EUR,DRB1*01:01,DQB1*02:01,,0.0904545454545454,0.1263636363636363,0.0132632663373583,-0.9602328187701096,suppressed_lt20
DRB1~DQB1,EUR,DRB1*01:01,DQB1*02:02,0.0,0.0904545454545454,0.0831818181818181,0.0090230046107338,-1.0,not_observed
DRB1~DQB1,EUR,DRB1*01:01,DQB1*03:01,0.0,0.0904545454545454,0.1954545454545454,0.0241602362660477,-1.0,not_observed
DRB1~DQB1,EUR,DRB1*01:01,DQB1*03:02,,0.0904545454545454,0.1118181818181818,0.0114203052837365,-0.9550598521060588,suppressed_lt20
DRB1~DQB1,EUR,DRB1*01:01,DQB1*03:03,0.0,0.0904545454545454,0.0459090909090909,0.0047853633926247,-1.0,not_observed
DRB1~DQB1,EUR,DRB1*01:01,DQB1*04:02,0.0,0.0904545454545454,0.0277272727272727,0.0028361228455431,-1.0,not_observed
DRB1~DQB1,EUR,DRB1*01:01,DQB1*05:01,192.0,0.0904545454545454,0.1122727272727272,0.7252592723002149,0.9603753534698584,estimated
DRB1~DQB1,EUR,DRB1*01:01,DQB1*05:02,0.0,0.0904545454545454,0.015,0.0015144711908005,-1.0,not_observed
DRB1~DQB1,EUR,DRB1*01:01,DQB1*05:03,0.0,0.0904545454545454,0.0286363636363636,0.0029318518092381,-1.0,not_observed
DRB1~DQB1,EUR,DRB1*01:01,DQB1*06:02,0.0,0.0904545454545454,0.1213636363636363,0.0137367943033139,-1.0,not_observed
DRB1~DQB1,EUR,DRB1*01:01,DQB1*06:03,0.0,0.0904545454545454,0.0663636363636363,0.0070690068792283,-1.0,not_observed
DRB1~DQB1,EUR,DRB1*01:01,DQB1*06:04,0.0,0.0904545454545454,0.0363636363636363,0.0037528405608516,-1.0,not_observed
DRB1~DQB1,EUR,DRB1*01:01,DQB1*06:09,0.0,0.0904545454545454,0.0145454545454545,0.0014679007359788,-1.0,not_observed
DRB1~DQB1,EUR,DRB1*01:02,DQB1*02:01,0.0,0.009090909090909,0.1263636363636363,0.0013269816418295,-1.0,not_observed
DRB1~DQB1,EUR,DRB1*01:02,DQB1*02:02,0.0,0.009090909090909,0.0831818181818181,0.0008323743592309,-1.0,not_observed
DRB1~DQB1,EUR,DRB1*01:02,DQB1*03:01,0.0,0.009090909090909,0.1954545454545454,0.0022287876431866,-1.0,not_observed
DRB1~DQB1,EUR,DRB1*01:02,DQB1*03:02,0.0,0.009090909090909,0.1118181818181818,0.0011550054933188,-1.0,not_observed
DRB1~DQB1,EUR,DRB1*01:02,DQB1*03:03,0.0,0.009090909090909,0.0459090909090909,0.0004414509311992,-1.0,not_observed
DRB1~DQB1,EUR,DRB1*01:02,DQB1*04:02,0.0,0.009090909090909,0.0277272727272727,0.0002616330189448,-1.0,not_observed
DRB1~DQB1,EUR,DRB1*01:02,DQB1*05:01,20.0,0.009090909090909,0.1122727272727272,0.072540207257735,1.0,estimated
DRB1~DQB1,EUR,DRB1*01:02,DQB1*05:02,0.0,0.009090909090909,0.015,0.0001397103339076,-1.0,not_observed
DRB1~DQB1,EUR,DRB1*01:02,DQB1*05:03,0.0,0.009090909090909,0.0286363636363636,0.0002704640390155,-1.0,not_observed
DRB1~DQB1,EUR,DRB1*01:02,DQB1*06:02,0.0,0.009090909090909,0.1213636363636363,0.0012672225992776,-1.0,not_observed
DRB1~DQB1,EUR,DRB1*01:02,DQB1*06:03,0.0,0.009090909090909,0.0663636363636363,0.000652117595562,-1.0,not_observed
DRB1~DQB1,EUR,DRB1*01:02,DQB1*06:04,0.0,0.009090909090909,0.0363636363636363,0.0003462004500605,-1.0,not_observed
DRB1~DQB1,EUR,DRB1*01:02,DQB1*06:09,0.0,0.009090909090909,0.0145454545454545,0.0001354141981786,-1.0,not_observed
DRB1~DQB1,EUR,DRB1*01:03,DQB1*02:01,0.0,0.0109090909090909,0.1263636363636363,0.0015953051355818,-1.0,not_observed
DRB1~DQB1,EUR,DRB1*01:03,DQB1*02:02,0.0,0.0109090909090909,0.0831818181818181,0.0010006853509871,-1.0,not_observed
DRB1~DQB1,EUR,DRB1*01:03,DQB1*03:01,,0.0109090909090909,0.1954545454545454,0.0006492553991771,0.1195856873822975,suppressed_lt20
DRB1~DQB1,EUR,DRB1*01:03,DQB1*03:02,0.0,0.0109090909090909,0.1118181818181818,0.0013885543982178,-1.0,not_observed
DRB1~DQB1,EUR,DRB1*01:03,DQB1*03:03,0.0,0.0109090909090909,0.0459090909090909,0.0005307149062578,-1.0,not_observed
DRB1~DQB1,EUR,DRB1*01:03,DQB1*04:02,,0.0109090909090909,0.0277272727272727,7.949592669784284e-05,0.014336917562724,suppressed_lt20
DRB1~DQB1,EUR,DRB1*01:03,DQB1*05:01,,0.0109090909090909,0.1122727272727272,0.0340122579149344,0.6245093019286567,suppressed_lt20
DRB1~DQB1,EUR,DRB1*01:03,DQB1*05:02,0.0,0.0109090909090909,0.015,0.0001679605852493,-1.0,not_observed
DRB1~DQB1,EUR,DRB1*01:03,DQB1*05:03,0.0,0.0109090909090909,0.0286363636363636,0.0003251534586693,-1.0,not_observed
DRB1~DQB1,EUR,DRB1*01:03,DQB1*06:02,0.0,0.0109090909090909,0.1213636363636363,0.0015234624631021,-1.0,not_observed
DRB1~DQB1,EUR,DRB1*01:03,DQB1*06:03,0.0,0.0109090909090909,0.0663636363636363,0.0007839796093705,-1.0,not_observed
DRB1~DQB1,EUR,DRB1*01:03,DQB1*06:04,0.0,0.0109090909090909,0.0363636363636363,0.000416204217536,-1.0,not_observed
DRB1~DQB1,EUR,DRB1*01:03,DQB1*06:09,0.0,0.0109090909090909,0.0145454545454545,0.0001627957456045,-1.0,not_observed
DRB1~DQB1,EUR,DRB1*03:01,DQB1*02:01,273.0,0.1254545454545454,0.1263636363636363,0.9672484548638276,0.9875582500113106,estimated
DRB1~DQB1,EUR,DRB1*03:01,DQB1*02:02,0.0,0.1254545454545454,0.0831818181818181,0.0130151508436089,-1.0,not_observed
DRB1~DQB1,EUR,DRB1*03:01,DQB1*03:01,0.0,0.1254545454545454,0.1954545454545454,0.0348497128158145,-1.0,not_observed
DRB1~DQB1,EUR,DRB1*03:01,DQB1*03:02,0.0,0.1254545454545454,0.1118181818181818,0.0180598675992739,-1.0,not_observed
DRB1~DQB1,EUR,DRB1*03:01,DQB1*03:03,0.0,0.1254545454545454,0.0459090909090909,0.0069026038535328,-1.0,not_observed
DRB1~DQB1,EUR,DRB1*03:01,DQB1*04:02,0.0,0.1254545454545454,0.0277272727272727,0.0040909395748105,-1.0,not_observed
DRB1~DQB1,EUR,DRB1*03:01,DQB1*05:01,,0.1254545454545454,0.1122727272727272,0.0169904919693405,-0.9677286862641554,suppressed_lt20
DRB1~DQB1,EUR,DRB1*03:01,DQB1*05:02,0.0,0.1254545454545454,0.015,0.002184535179459,-1.0,not_observed
DRB1~DQB1,EUR,DRB1*03:01,DQB1*05:03,0.0,0.1254545454545454,0.0286363636363636,0.0042290229468516,-1.0,not_observed
DRB1~DQB1,EUR,DRB1*03:01,DQB1*06:02,,0.1254545454545454,0.1213636363636363,0.0175189844952492,-0.9402920262715084,suppressed_lt20
DRB1~DQB1,EUR,DRB1*03:01,DQB1*06:03,0.0,0.1254545454545454,0.0663636363636363,0.0101966246075301,-1.0,not_observed
DRB1~DQB1,EUR,DRB1*03:01,DQB1*06:04,0.0,0.1254545454545454,0.0363636363636363,0.0054132506962695,-1.0,not_observed
DRB1~DQB1,EUR,DRB1*03:01,DQB1*06:09,0.0,0.1254545454545454,0.0145454545454545,0.0021173600509393,-1.0,not_observed
DRB1~DQB1,EUR,DRB1*04:01,DQB1*02:01,0.0,0.1027272727272727,0.1263636363636363,0.0165597091007235,-1.0,not_observed
DRB1~DQB1,EUR,DRB1*04:01,DQB1*02:02,0.0,0.1027272727272727,0.0831818181818181,0.0103873910665121,-1.0,not_observed
DRB1~DQB1,EUR,DRB1*04:01,DQB1*03:01,103.0,0.1027272727272727,0.1954545454545454,0.0493293600676579,0.3235338233088346,estimated
DRB1~DQB1,EUR,DRB1*04:01,DQB1*03:02,114.0,0.1027272727272727,0.1118181818181818,0.1776896661800201,0.4420340395467432,estimated
DRB1~DQB1,EUR,DRB1*04:01,DQB1*03:03,,0.1027272727272727,0.0459090909090909,0.0035898205041,-0.807237360904232,suppressed_lt20
DRB1~DQB1,EUR,DRB1*04:01,DQB1*04:02,0.0,0.1027272727272727,0.0277272727272727,0.0032649786163557,-1.0,not_observed
DRB1~DQB1,EUR,DRB1*04:01,DQB1*05:01,,0.1027272727272727,0.1122727272727272,0.0122869232089005,-0.9211780301673176,suppressed_lt20
DRB1~DQB1,EUR,DRB1*04:01,DQB1*05:02,0.0,0.1027272727272727,0.015,0.0017434773887954,-1.0,not_observed
DRB1~DQB1,EUR,DRB1*04:01,DQB1*05:03,0.0,0.1027272727272727,0.0286363636363636,0.0033751829468632,-1.0,not_observed
DRB1~DQB1,EUR,DRB1*04:01,DQB1*06:02,,0.1027272727272727,0.1213636363636363,0.0146818651451467,-0.9635411487852574,suppressed_lt20
DRB1~DQB1,EUR,DRB1*04:01,DQB1*06:03,0.0,0.1027272727272727,0.0663636363636363,0.0081379254554584,-1.0,not_observed
DRB1~DQB1,EUR,DRB1*04:01,DQB1*06:04,,0.1027272727272727,0.0363636363636363,0.0033328791064604,-0.8783185840707964,suppressed_lt20
DRB1~DQB1,EUR,DRB1*04:01,DQB1*06:09,0.0,0.1027272727272727,0.0145454545454545,0.0016898649229653,-1.0,not_observed
DRB1~DQB1,EUR,DRB1*04:04,DQB1*02:01,0.0,0.0468181818181818,0.1263636363636363,0.0071044458239484,-1.0,not_observed
DRB1~DQB1,EUR,DRB1*04:04,DQB1*02:02,0.0,0.0468181818181818,0.0831818181818181,0.0044563981550242,-1.0,not_observed
DRB1~DQB1,EUR,DRB1*04:04,DQB1*03:01,,0.0468181818181818,0.1954545454545454,0.0107765680181052,-0.9503273876721609,suppressed_lt20
DRB1~DQB1,EUR,DRB1*04:04,DQB1*03:02,99.0,0.0468181818181818,0.1118181818181818,0.3567752074937172,0.9562758990768252,estimated
DRB1~DQB1,EUR,DRB1*04:04,DQB1*03:03,0.0,0.0468181818181818,0.0459090909090909,0.0023634571314132,-1.0,not_observed
DRB1~DQB1,EUR,DRB1*04:04,DQB1*04:02,,0.0468181818181818,0.0277272727272727,0.0005915377772341,-0.6498487983447397,suppressed_lt20
DRB1~DQB1,EUR,DRB1*04:04,DQB1*05:01,0.0,0.0468181818181818,0.1122727272727272,0.0062120294249141,-1.0,not_observed
DRB1~DQB1,EUR,DRB1*04:04,DQB1*05:02,0.0,0.0468181818181818,0.015,0.000747986608861,-1.0,not_observed
DRB1~DQB1,EUR,DRB1*04:04,DQB1*05:03,0.0,0.0468181818181818,0.0286363636363636,0.0014480208707807,-1.0,not_observed
DRB1~DQB1,EUR,DRB1*04:04,DQB1*06:02,,0.0468181818181818,0.1213636363636363,0.0047872134238849,-0.8400058179702556,suppressed_lt20
DRB1~DQB1,EUR,DRB1*04:04,DQB1*06:03,0.0,0.0468181818181818,0.0663636363636363,0.0034913324966022,-1.0,not_observed
DRB1~DQB1,EUR,DRB1*04:04,DQB1*06:04,0.0,0.0468181818181818,0.0363636363636363,0.0018535014081212,-1.0,not_observed
DRB1~DQB1,EUR,DRB1*04:04,DQB1*06:09,0.0,0.0468181818181818,0.0145454545454545,0.0007249857906304,-1.0,not_observed
DRB1~DQB1,EUR,DRB1*04:07,DQB1*02:01,0.0,0.0113636363636363,0.1263636363636363,0.0016625402179243,-1.0,not_observed
DRB1~DQB1,EUR,DRB1*04:07,DQB1*02:02,0.0,0.0113636363636363,0.0831818181818181,0.0010428598293812,-1.0,not_observed
DRB1~DQB1,EUR,DRB1*04:07,DQB1*03:01,22.0,0.0113636363636363,0.1954545454545454,0.0342522392725592,0.8508474576271187,estimated
DRB1~DQB1,EUR,DRB1*04:07,DQB1*03:02,,0.0113636363636363,0.1118181818181818,7.747580387602868e-06,0.0092118730808597,suppressed_lt20
DRB1~DQB1,EUR,DRB1*04:07,DQB1*03:03,0.0,0.0113636363636363,0.0459090909090909,0.0005530822011576,-1.0,not_observed
DRB1~DQB1,EUR,DRB1*04:07,DQB1*04:02,0.0,0.0113636363636363,0.0277272727272727,0.0003277930927009,-1.0,not_observed
DRB1~DQB1,EUR,DRB1*04:07,DQB1*05:01,0.0,0.0113636363636363,0.1122727272727272,0.0014537022323451,-1.0,not_observed
DRB1~DQB1,EUR,DRB1*04:07,DQB1*05:02,0.0,0.0113636363636363,0.015,0.0001750393838613,-1.0,not_observed
DRB1~DQB1,EUR,DRB1*04:07,DQB1*05:03,0.0,0.0113636363636363,0.0286363636363636,0.0003388572442838,-1.0,not_observed
DRB1~DQB1,EUR,DRB1*04:07,DQB1*06:02,0.0,0.0113636363636363,0.1213636363636363,0.0015876696933478,-1.0,not_observed
DRB1~DQB1,EUR,DRB1*04:07,DQB1*06:03,0.0,0.0113636363636363,0.0663636363636363,0.0008170208955892,-1.0,not_observed
DRB1~DQB1,EUR,DRB1*04:07,DQB1*06:04,0.0,0.0113636363636363,0.0363636363636363,0.0004337453914552,-1.0,not_observed
DRB1~DQB1,EUR,DRB1*04:07,DQB1*06:09,0.0,0.0113636363636363,0.0145454545454545,0.0001696568689824,-1.0,not_observed
DRB1~DQB1,EUR,DRB1*07:01,DQB1*02:01,0.0,0.12,0.1263636363636363,0.019723772585375,-1.0,not_observed
DRB1~DQB1,EUR,DRB1*07:01,DQB1*02:02,178.0,0.12,0.0831818181818181,0.6246704715498655,0.9689518132141084,estimated
DRB1~DQB1,EUR,DRB1*07:01,DQB1*03:01,,0.12,0.1954545454545454,0.0281908561372495,-0.9224806201550388,suppressed_lt20
DRB1~DQB1,EUR,DRB1*07:01,DQB1*03:02,0.0,0.12,0.1118181818181818,0.0171675816506932,-1.0,not_observed
DRB1~DQB1,EUR,DRB1*07:01,DQB1*03:03,79.0,0.12,0.0459090909090909,0.1997996845897072,0.7524752475247526,estimated
DRB1~DQB1,EUR,DRB1*07:01,DQB1*04:02,,0.12,0.0277272727272727,0.0020540864929617,-0.726775956284153,suppressed_lt20
DRB1~DQB1,EUR,DRB1*07:01,DQB1*05:01,0.0,0.12,0.1122727272727272,0.0172461946655495,-1.0,not_observed
DRB1~DQB1,EUR,DRB1*07:01,DQB1*05:02,0.0,0.12,0.015,0.0020766035994462,-1.0,not_observed
DRB1~DQB1,EUR,DRB1*07:01,DQB1*05:03,0.0,0.12,0.0286363636363636,0.0040200791253669,-1.0,not_observed
DRB1~DQB1,EUR,DRB1*07:01,DQB1*06:02,0.0,0.12,0.1213636363636363,0.0188355359074448,-1.0,not_observed
DRB1~DQB1,EUR,DRB1*07:01,DQB1*06:03,0.0,0.12,0.0663636363636363,0.0096928388067628,-1.0,not_observed
DRB1~DQB1,EUR,DRB1*07:01,DQB1*06:04,0.0,0.12,0.0363636363636363,0.0051457975986277,-1.0,not_observed
DRB1~DQB1,EUR,DRB1*07:01,DQB1*06:09,0.0,0.12,0.0145454545454545,0.0020127474002012,-1.0,not_observed
DRB1~DQB1,EUR,DRB1*08:01,DQB1*02:01,0.0,0.0222727272727272,0.1263636363636363,0.003294936749889,-1.0,not_observed
DRB1~DQB1,EUR,DRB1*08:01,DQB1*02:02,0.0,0.0222727272727272,0.0831818181818181,0.0020668114610192,-1.0,not_observed
DRB1~DQB1,EUR,DRB1*08:01,DQB1*03:01,0.0,0.0222727272727272,0.1954545454545454,0.0055341491409855,-1.0,not_observed
DRB1~DQB1,EUR,DRB1*08:01,DQB1*03:02,0.0,0.0222727272727272,0.1118181818181818,0.0028679146163718,-1.0,not_observed
DRB1~DQB1,EUR,DRB1*08:01,DQB1*03:03,0.0,0.0222727272727272,0.0459090909090909,0.001096136412615,-1.0,not_observed
DRB1~DQB1,EUR,DRB1*08:01,DQB1*04:02,49.0,0.0222727272727272,0.0277272727272727,0.7987973569289158,1.0,estimated
DRB1~DQB1,EUR,DRB1*08:01,DQB1*05:01,0.0,0.0222727272727272,0.1122727272727272,0.0028810472415097,-1.0,not_observed
DRB1~DQB1,EUR,DRB1*08:01,DQB1*05:02,0.0,0.0222727272727272,0.015,0.0003469051108326,-1.0,not_observed
DRB1~DQB1,EUR,DRB1*08:01,DQB1*05:03,0.0,0.0222727272727272,0.0286363636363636,0.0006715706333713,-1.0,not_observed
DRB1~DQB1,EUR,DRB1*08:01,DQB1*06:02,0.0,0.0222727272727272,0.1213636363636363,0.00314655318584,-1.0,not_observed
DRB1~DQB1,EUR,DRB1*08:01,DQB1*06:03,0.0,0.0222727272727272,0.0663636363636363,0.001619228302137,-1.0,not_observed
DRB1~DQB1,EUR,DRB1*08:01,DQB1*06:04,0.0,0.0222727272727272,0.0363636363636363,0.0008596265010569,-1.0,not_observed
DRB1~DQB1,EUR,DRB1*08:01,DQB1*06:09,0.0,0.0222727272727272,0.0145454545454545,0.0003362376720001,-1.0,not_observed
DRB1~DQB1,EUR,DRB1*11:01,DQB1*02:01,0.0,0.0581818181818181,0.1263636363636363,0.0089353512870682,-1.0,not_observed
DRB1~DQB1,EUR,DRB1*11:01,DQB1*02:02,,0.0581818181818181,0.0831818181818181,0.0046014824003355,-0.9060792349726776,suppressed_lt20
DRB1~DQB1,EUR,DRB1*11:01,DQB1*03:01,122.0,0.0581818181818181,0.1954545454545454,0.2255197402763425,0.9417372881355932,estimated
DRB1~DQB1,EUR,DRB1*11:01,DQB1*03:02,,0.0581818181818181,0.1118181818181818,0.0067285276982552,-0.930132113821138,suppressed_lt20
DRB1~DQB1,EUR,DRB1*11:01,DQB1*03:03,0.0,0.0581818181818181,0.0459090909090909,0.002972549899658,-1.0,not_observed
DRB1~DQB1,EUR,DRB1*11:01,DQB1*04:02,0.0,0.0581818181818181,0.0277272727272727,0.0017617296719681,-1.0,not_observed
DRB1~DQB1,EUR,DRB1*11:01,DQB1*05:01,0.0,0.0581818181818181,0.1122727272727272,0.0078129479051138,-1.0,not_observed
DRB1~DQB1,EUR,DRB1*11:01,DQB1*05:02,,0.0581818181818181,0.015,1.63325036421483e-06,0.0025740025740025,suppressed_lt20
DRB1~DQB1,EUR,DRB1*11:01,DQB1*05:03,0.0,0.0581818181818181,0.0286363636363636,0.0018211941468843,-1.0,not_observed
DRB1~DQB1,EUR,DRB1*11:01,DQB1*06:02,0.0,0.0581818181818181,0.1213636363636363,0.0085329583518926,-1.0,not_observed
DRB1~DQB1,EUR,DRB1*11:01,DQB1*06:03,,0.0581818181818181,0.0663636363636363,0.0034180856559259,-0.882277397260274,suppressed_lt20
DRB1~DQB1,EUR,DRB1*11:01,DQB1*06:04,0.0,0.0581818181818181,0.0363636363636363,0.0023311721424928,-1.0,not_observed
DRB1~DQB1,EUR,DRB1*11:01,DQB1*06:09,0.0,0.0581818181818181,0.0145454545454545,0.0009118237900525,-1.0,not_observed
DRB1~DQB1,EUR,DRB1*11:03,DQB1*02:01,0.0,0.0095454545454545,0.1263636363636363,0.001393970159774,-1.0,not_observed
DRB1~DQB1,EUR,DRB1*11:03,DQB1*02:02,0.0,0.0095454545454545,0.0831818181818181,0.0008743941754381,-1.0,not_observed
DRB1~DQB1,EUR,DRB1*11:03,DQB1*03:01,21.0,0.0095454545454545,0.1954545454545454,0.0396704270147389,1.0,estimated
DRB1~DQB1,EUR,DRB1*11:03,DQB1*03:02,0.0,0.0095454545454545,0.1118181818181818,0.0012133123332752,-1.0,not_observed
DRB1~DQB1,EUR,DRB1*11:03,DQB1*03:03,0.0,0.0095454545454545,0.0459090909090909,0.000463736200787,-1.0,not_observed
DRB1~DQB1,EUR,DRB1*11:03,DQB1*04:02,0.0,0.0095454545454545,0.0277272727272727,0.0002748407436276,-1.0,not_observed
DRB1~DQB1,EUR,DRB1*11:03,DQB1*05:01,0.0,0.0095454545454545,0.1122727272727272,0.0012188682783362,-1.0,not_observed
DRB1~DQB1,EUR,DRB1*11:03,DQB1*05:02,0.0,0.0095454545454545,0.015,0.0001467631731595,-1.0,not_observed
DRB1~DQB1,EUR,DRB1*11:03,DQB1*05:03,0.0,0.0095454545454545,0.0286363636363636,0.0002841175701268,-1.0,not_observed
DRB1~DQB1,EUR,DRB1*11:03,DQB1*06:02,0.0,0.0095454545454545,0.1213636363636363,0.0013311943688602,-1.0,not_observed
DRB1~DQB1,EUR,DRB1*11:03,DQB1*06:03,0.0,0.0095454545454545,0.0663636363636363,0.000685037712823,-1.0,not_observed
DRB1~DQB1,EUR,DRB1*11:03,DQB1*06:04,0.0,0.0095454545454545,0.0363636363636363,0.0003636772970117,-1.0,not_observed
DRB1~DQB1,EUR,DRB1*11:03,DQB1*06:09,0.0,0.0095454545454545,0.0145454545454545,0.0001422501604547,-1.0,not_observed
DRB1~DQB1,EUR,DRB1*11:04,DQB1*02:01,0.0,0.025,0.1263636363636363,0.0037087435630619,-1.0,not_observed
DRB1~DQB1,EUR,DRB1*11:04,DQB1*02:02,0.0,0.025,0.0831818181818181,0.002326379619389,-1.0,not_observed
DRB1~DQB1,EUR,DRB1*11:04,DQB1*03:01,51.0,0.025,0.1954545454545454,0.0873263730969683,0.9096045197740112,estimated
DRB1~DQB1,EUR,DRB1*11:04,DQB1*03:02,0.0,0.025,0.1118181818181818,0.0032280922761987,-1.0,not_observed
DRB1~DQB1,EUR,DRB1*11:04,DQB1*03:03,0.0,0.025,0.0459090909090909,0.0012337987564285,-1.0,not_observed
DRB1~DQB1,EUR,DRB1*11:04,DQB1*04:02,0.0,0.025,0.0277272727272727,0.0007312307452559,-1.0,not_observed
DRB1~DQB1,EUR,DRB1*11:04,DQB1*05:01,0.0,0.025,0.1122727272727272,0.0032428742106161,-1.0,not_observed
DRB1~DQB1,EUR,DRB1*11:04,DQB1*05:02,0.0,0.025,0.015,0.0003904724716907,-1.0,not_observed
DRB1~DQB1,EUR,DRB1*11:04,DQB1*05:03,0.0,0.025,0.0286363636363636,0.0007559123141715,-1.0,not_observed
DRB1~DQB1,EUR,DRB1*11:04,DQB1*06:02,0.0,0.025,0.1213636363636363,0.0035417247005451,-1.0,not_observed
DRB1~DQB1,EUR,DRB1*11:04,DQB1*06:03,,0.025,0.0663636363636363,5.780012716027973e-05,-0.1780821917808218,suppressed_lt20
DRB1~DQB1,EUR,DRB1*11:04,DQB1*06:04,0.0,0.025,0.0363636363636363,0.0009675858732462,-1.0,not_observed
DRB1~DQB1,EUR,DRB1*11:04,DQB1*06:09,0.0,0.025,0.0145454545454545,0.0003784653231147,-1.0,not_observed
DRB1~DQB1,EUR,DRB1*12:01,DQB1*02:01,0.0,0.0195454545454545,0.1263636363636363,0.0028834320608506,-1.0,not_observed
DRB1~DQB1,EUR,DRB1*12:01,DQB1*02:02,0.0,0.0195454545454545,0.0831818181818181,0.0018086873536001,-1.0,not_observed
DRB1~DQB1,EUR,DRB1*12:01,DQB1*03:01,41.0,0.0195454545454545,0.1954545454545454,0.0728448951244891,0.9421889370647744,estimated
DRB1~DQB1,EUR,DRB1*12:01,DQB1*03:02,0.0,0.0195454545454545,0.1118181818181818,0.0025097407265578,-1.0,not_observed
DRB1~DQB1,EUR,DRB1*12:01,DQB1*03:03,0.0,0.0195454545454545,0.0459090909090909,0.0009592399232873,-1.0,not_observed
DRB1~DQB1,EUR,DRB1*12:01,DQB1*04:02,,0.0195454545454545,0.0277272727272727,1.4785006319316684e-05,-0.1612657262676326,suppressed_lt20
DRB1~DQB1,EUR,DRB1*12:01,DQB1*05:01,0.0,0.0195454545454545,0.1122727272727272,0.0025212332179894,-1.0,not_observed
DRB1~DQB1,EUR,DRB1*12:01,DQB1*05:02,0.0,0.0195454545454545,0.015,0.0003035801275036,-1.0,not_observed
DRB1~DQB1,EUR,DRB1*12:01,DQB1*05:03,0.0,0.0195454545454545,0.0286363636363636,0.0005876981691542,-1.0,not_observed
DRB1~DQB1,EUR,DRB1*12:01,DQB1*06:02,0.0,0.0195454545454545,0.1213636363636363,0.0027535801218425,-1.0,not_observed
DRB1~DQB1,EUR,DRB1*12:01,DQB1*06:03,0.0,0.0195454545454545,0.0663636363636363,0.0014170028606394,-1.0,not_observed
DRB1~DQB1,EUR,DRB1*12:01,DQB1*06:04,0.0,0.0195454545454545,0.0363636363636363,0.000752267737336,-1.0,not_observed
DRB1~DQB1,EUR,DRB1*12:01,DQB1*06:09,0.0,0.0195454545454545,0.0145454545454545,0.000294244945231,-1.0,not_observed
DRB1~DQB1,EUR,DRB1*13:01,DQB1*02:01,0.0,0.0631818181818181,0.1263636363636363,0.0097550212786797,-1.0,not_observed
DRB1~DQB1,EUR,DRB1*13:01,DQB1*02:02,0.0,0.0631818181818181,0.0831818181818181,0.0061190217936477,-1.0,not_observed
DRB1~DQB1,EUR,DRB1*13:01,DQB1*03:01,0.0,0.0631818181818181,0.1954545454545454,0.0163844549160217,-1.0,not_observed
DRB1~DQB1,EUR,DRB1*13:01,DQB1*03:02,0.0,0.0631818181818181,0.1118181818181818,0.0084907754630146,-1.0,not_observed
DRB1~DQB1,EUR,DRB1*13:01,DQB1*03:03,,0.0631818181818181,0.0459090909090909,0.0023078279922696,-0.8432936818861743,suppressed_lt20
DRB1~DQB1,EUR,DRB1*13:01,DQB1*04:02,0.0,0.0631818181818181,0.0277272727272727,0.0019233390926893,-1.0,not_observed
DRB1~DQB1,EUR,DRB1*13:01,DQB1*05:01,0.0,0.0631818181818181,0.1122727272727272,0.0085296560386948,-1.0,not_observed
DRB1~DQB1,EUR,DRB1*13:01,DQB1*05:02,0.0,0.0631818181818181,0.015,0.0010270505914776,-1.0,not_observed
DRB1~DQB1,EUR,DRB1*13:01,DQB1*05:03,0.0,0.0631818181818181,0.0286363636363636,0.0019882584449898,-1.0,not_observed
DRB1~DQB1,EUR,DRB1*13:01,DQB1*06:02,,0.0631818181818181,0.1213636363636363,0.0072377710295515,-0.8814431600786786,suppressed_lt20
DRB1~DQB1,EUR,DRB1*13:01,DQB1*06:03,135.0,0.0631818181818181,0.0663636363636363,0.891232603312353,0.969177530419676,estimated
DRB1~DQB1,EUR,DRB1*13:01,DQB1*06:04,0.0,0.0631818181818181,0.0363636363636363,0.0025450184468063,-1.0,not_observed
DRB1~DQB1,EUR,DRB1*13:01,DQB1*06:09,0.0,0.0631818181818181,0.0145454545454545,0.0009954684699685,-1.0,not_observed
DRB1~DQB1,EUR,DRB1*13:02,DQB1*02:01,0.0,0.0509090909090909,0.1263636363636363,0.0077585210169802,-1.0,not_observed
DRB1~DQB1,EUR,DRB1*13:02,DQB1*02:02,0.0,0.0509090909090909,0.0831818181818181,0.0048666792037793,-1.0,not_observed
DRB1~DQB1,EUR,DRB1*13:02,DQB1*03:01,0.0,0.0509090909090909,0.1954545454545454,0.013031149208823,-1.0,not_observed
DRB1~DQB1,EUR,DRB1*13:02,DQB1*03:02,,0.0509090909090909,0.1118181818181818,0.0057176329104133,-0.920150987224158,suppressed_lt20
DRB1~DQB1,EUR,DRB1*13:02,DQB1*03:03,0.0,0.0509090909090909,0.0459090909090909,0.0025810502720689,-1.0,not_observed
DRB1~DQB1,EUR,DRB1*13:02,DQB1*04:02,0.0,0.0509090909090909,0.0277272727272727,0.0015297010992711,-1.0,not_observed
DRB1~DQB1,EUR,DRB1*13:02,DQB1*05:01,,0.0509090909090909,0.1122727272727272,0.0047975671796068,-0.8409485251590515,suppressed_lt20
DRB1~DQB1,EUR,DRB1*13:02,DQB1*05:02,0.0,0.0509090909090909,0.015,0.0008168504580197,-1.0,not_observed
DRB1~DQB1,EUR,DRB1*13:02,DQB1*05:03,0.0,0.0509090909090909,0.0286363636363636,0.0015813338066577,-1.0,not_observed
DRB1~DQB1,EUR,DRB1*13:02,DQB1*06:02,0.0,0.0509090909090909,0.1213636363636363,0.0074091252356232,-1.0,not_observed
DRB1~DQB1,EUR,DRB1*13:02,DQB1*06:03,0.0,0.0509090909090909,0.0663636363636363,0.0038127641794162,-1.0,not_observed
DRB1~DQB1,EUR,DRB1*13:02,DQB1*06:04,78.0,0.0509090909090909,0.0363636363636363,0.6669301734465203,0.9736590038314176,estimated
DRB1~DQB1,EUR,DRB1*13:02,DQB1*06:09,31.0,0.0509090909090909,0.0145454545454545,0.2573489298047229,0.967073754789272,estimated
DRB1~DQB1,EUR,DRB1*13:03,DQB1*02:01,0.0,0.015,0.1263636363636363,0.0022026548064885,-1.0,not_observed
DRB1~DQB1,EUR,DRB1*13:03,DQB1*02:02,0.0,0.015,0.0831818181818181,0.0013816569313122,-1.0,not_observed
DRB1~DQB1,EUR,DRB1*13:03,DQB1*03:01,33.0,0.015,0.1954545454545454,0.0626844528390981,1.0,estimated
DRB1~DQB1,EUR,DRB1*13:03,DQB1*03:02,0.0,0.015,0.1118181818181818,0.0019171918594682,-1.0,not_observed
DRB1~DQB1,EUR,DRB1*13:03,DQB1*03:03,0.0,0.015,0.0459090909090909,0.0007327637284372,-1.0,not_observed
DRB1~DQB1,EUR,DRB1*13:03,DQB1*04:02,0.0,0.015,0.0277272727272727,0.0004342842497205,-1.0,not_observed
DRB1~DQB1,EUR,DRB1*13:03,DQB1*05:01,0.0,0.015,0.1122727272727272,0.0019259709778786,-1.0,not_observed
DRB1~DQB1,EUR,DRB1*13:03,DQB1*05:02,0.0,0.015,0.015,0.0002319049704965,-1.0,not_observed
DRB1~DQB1,EUR,DRB1*13:03,DQB1*05:03,0.0,0.015,0.0286363636363636,0.0004489428464876,-1.0,not_observed
DRB1~DQB1,EUR,DRB1*13:03,DQB1*06:02,0.0,0.015,0.1213636363636363,0.0021034608627603,-1.0,not_observed
DRB1~DQB1,EUR,DRB1*13:03,DQB1*06:03,0.0,0.015,0.0663636363636363,0.0010824490038009,-1.0,not_observed
DRB1~DQB1,EUR,DRB1*13:03,DQB1*06:04,0.0,0.015,0.0363636363636363,0.0005746575998467,-1.0,not_observed
DRB1~DQB1,EUR,DRB1*13:03,DQB1*06:09,0.0,0.015,0.0145454545454545,0.0002247738213422,-1.0,not_observed
DRB1~DQB1,EUR,DRB1*14:54,DQB1*02:01,0.0,0.0245454545454545,0.1263636363636363,0.0036396150716721,-1.0,not_observed
DRB1~DQB1,EUR,DRB1*14:54,DQB1*02:02,0.0,0.0245454545454545,0.0831818181818181,0.0022830174643212,-1.0,not_observed
DRB1~DQB1,EUR,DRB1*14:54,DQB1*03:01,0.0,0.0245454545454545,0.1954545454545454,0.0061130680651428,-1.0,not_observed
DRB1~DQB1,EUR,DRB1*14:54,DQB1*03:02,,0.0245454545454545,0.1118181818181818,0.0022055143624723,-0.8343872327612165,suppressed_lt20
DRB1~DQB1,EUR,DRB1*14:54,DQB1*03:03,0.0,0.0245454545454545,0.0459090909090909,0.0012108015755072,-1.0,not_observed
DRB1~DQB1,EUR,DRB1*14:54,DQB1*04:02,0.0,0.0245454545454545,0.0277272727272727,0.0007176010948318,-1.0,not_observed
DRB1~DQB1,EUR,DRB1*14:54,DQB1*05:01,0.0,0.0245454545454545,0.1122727272727272,0.0031824292113502,-1.0,not_observed
DRB1~DQB1,EUR,DRB1*14:54,DQB1*05:02,0.0,0.0245454545454545,0.015,0.0003831943268316,-1.0,not_observed
DRB1~DQB1,EUR,DRB1*14:54,DQB1*05:03,52.0,0.0245454545454545,0.0286363636363636,0.7896993092033227,0.9618710896202708,estimated
DRB1~DQB1,EUR,DRB1*14:54,DQB1*06:02,,0.0245454545454545,0.1213636363636363,0.0024959371703078,-0.8474129560271882,suppressed_lt20
DRB1~DQB1,EUR,DRB1*14:54,DQB1*06:03,0.0,0.0245454545454545,0.0663636363636363,0.0017886133119655,-1.0,not_observed
DRB1~DQB1,EUR,DRB1*14:54,DQB1*06:04,0.0,0.0245454545454545,0.0363636363636363,0.0009495507218343,-1.0,not_observed
DRB1~DQB1,EUR,DRB1*14:54,DQB1*06:09,0.0,0.0245454545454545,0.0145454545454545,0.0003714109834481,-1.0,not_observed
DRB1~DQB1,EUR,DRB1*15:01,DQB1*02:01,,0.1254545454545454,0.1263636363636363,0.0195761193757168,-0.9713272859972892,suppressed_lt20
DRB1~DQB1,EUR,DRB1*15:01,DQB1*02:02,,0.1254545454545454,0.0831818181818181,0.011906030137732,-0.9564425437554448,suppressed_lt20
DRB1~DQB1,EUR,DRB1*15:01,DQB1*03:01,,0.1254545454545454,0.1954545454545454,0.0323135439757262,-0.9629255139871924,suppressed_lt20
DRB1~DQB1,EUR,DRB1*15:01,DQB1*03:02,,0.1254545454545454,0.1118181818181818,0.0157949741087248,-0.9351950041239544,suppressed_lt20
DRB1~DQB1,EUR,DRB1*15:01,DQB1*03:03,0.0,0.1254545454545454,0.0459090909090909,0.0069026038535328,-1.0,not_observed
DRB1~DQB1,EUR,DRB1*15:01,DQB1*04:02,0.0,0.1254545454545454,0.0277272727272727,0.0040909395748105,-1.0,not_observed
DRB1~DQB1,EUR,DRB1*15:01,DQB1*05:01,,0.1254545454545454,0.1122727272727272,0.0147997089641847,-0.9031860587924662,suppressed_lt20
DRB1~DQB1,EUR,DRB1*15:01,DQB1*05:02,,0.1254545454545454,0.015,0.0001656410837607,-0.2753623188405796,suppressed_lt20
DRB1~DQB1,EUR,DRB1*15:01,DQB1*05:03,0.0,0.1254545454545454,0.0286363636363636,0.0042290229468516,-1.0,not_observed
DRB1~DQB1,EUR,DRB1*15:01,DQB1*06:02,257.0,0.1254545454545454,0.1213636363636363,0.8821801537774417,0.9571741144774852,estimated
DRB1~DQB1,EUR,DRB1*15:01,DQB1*06:03,,0.1254545454545454,0.0663636363636363,0.0046104458169877,-0.672424061941632,suppressed_lt20
DRB1~DQB1,EUR,DRB1*15:01,DQB1*06:04,,0.1254545454545454,0.0363636363636363,0.0043882641554913,-0.9003623188405796,suppressed_lt20
DRB1~DQB1,EUR,DRB1*15:01,DQB1*06:09,0.0,0.1254545454545454,0.0145454545454545,0.0021173600509393,-1.0,not_observed
DRB1~DQB1,EUR,DRB1*16:01,DQB1*02:01,0.0,0.0113636363636363,0.1263636363636363,0.0016625402179243,-1.0,not_observed
DRB1~DQB1,EUR,DRB1*16:01,DQB1*02:02,0.0,0.0113636363636363,0.0831818181818181,0.0010428598293812,-1.0,not_observed
DRB1~DQB1,EUR,DRB1*16:01,DQB1*03:01,0.0,0.0113636363636363,0.1954545454545454,0.0027923891161763,-1.0,not_observed
DRB1~DQB1,EUR,DRB1*16:01,DQB1*03:02,0.0,0.0113636363636363,0.1118181818181818,0.0014470758479511,-1.0,not_observed
DRB1~DQB1,EUR,DRB1*16:01,DQB1*03:03,0.0,0.0113636363636363,0.0459090909090909,0.0005530822011576,-1.0,not_observed
DRB1~DQB1,EUR,DRB1*16:01,DQB1*04:02,0.0,0.0113636363636363,0.0277272727272727,0.0003277930927009,-1.0,not_observed
DRB1~DQB1,EUR,DRB1*16:01,DQB1*05:01,0.0,0.0113636363636363,0.1122727272727272,0.0014537022323451,-1.0,not_observed
DRB1~DQB1,EUR,DRB1*16:01,DQB1*05:02,25.0,0.0113636363636363,0.015,0.7547892720306514,1.0,estimated
DRB1~DQB1,EUR,DRB1*16:01,DQB1*05:03,0.0,0.0113636363636363,0.0286363636363636,0.0003388572442838,-1.0,not_observed
DRB1~DQB1,EUR,DRB1*16:01,DQB1*06:02,0.0,0.0113636363636363,0.1213636363636363,0.0015876696933478,-1.0,not_observed
DRB1~DQB1,EUR,DRB1*16:01,DQB1*06:03,0.0,0.0113636363636363,0.0663636363636363,0.0008170208955892,-1.0,not_observed
DRB1~DQB1,EUR,DRB1*16:01,DQB1*06:04,0.0,0.0113636363636363,0.0363636363636363,0.0004337453914552,-1.0,not_observed
DRB1~DQB1,EUR,DRB1*16:01,DQB1*06:09,0.0,0.0113636363636363,0.0145454545454545,0.0001696568689824,-1.0,not_observed
DRB1~DQB1,MID,DRB1*01:02,DQB1*02:01,0.0,0.0599250936329588,0.1067415730337078,0.0076173294244406,-1.0,not_observed
DRB1~DQB1,MID,DRB1*01:02,DQB1*02:02,0.0,0.0599250936329588,0.1011235955056179,0.0071713147410358,-1.0,not_observed
DRB1~DQB1,MID,DRB1*01:02,DQB1*03:01,0.0,0.0599250936329588,0.249063670411985,0.0211423632154673,-1.0,not_observed
DRB1~DQB1,MID,DRB1*01:02,DQB1*03:02,0.0,0.0599250936329588,0.1198501872659176,0.0086801729253199,-1.0,not_observed
DRB1~DQB1,MID,DRB1*01:02,DQB1*04:02,0.0,0.0599250936329588,0.0374531835205992,0.0024803509696622,-1.0,not_observed
DRB1~DQB1,MID,DRB1*01:02,DQB1*05:01,32.0,0.0599250936329588,0.1011235955056179,0.5666223992917221,1.0,estimated
DRB1~DQB1,MID,DRB1*01:02,DQB1*06:01,0.0,0.0599250936329588,0.0449438202247191,0.0029997656433091,-1.0,not_observed
DRB1~DQB1,MID,DRB1*01:02,DQB1*06:02,0.0,0.0599250936329588,0.0393258426966292,0.002609445259896,-1.0,not_observed
DRB1~DQB1,MID,DRB1*01:02,DQB1*06:03,0.0,0.0599250936329588,0.0374531835205992,0.0024803509696622,-1.0,not_observed
DRB1~DQB1,MID,DRB1*03:01,DQB1*02:01,55.0,0.1067415730337078,0.1067415730337078,0.9229817820306712,0.960719408584354,estimated
DRB1~DQB1,MID,DRB1*03:01,DQB1*02:02,0.0,0.1067415730337078,0.1011235955056179,0.013443396226415,-1.0,not_observed
DRB1~DQB1,MID,DRB1*03:01,DQB1*03:01,,0.1067415730337078,0.249063670411985,0.0342467445783998,-0.929560743965176,suppressed_lt20
DRB1~DQB1,MID,DRB1*03:01,DQB1*03:02,0.0,0.1067415730337078,0.1198501872659176,0.0162719122173156,-1.0,not_observed
DRB1~DQB1,MID,DRB1*03:01,DQB1*04:02,0.0,0.1067415730337078,0.0374531835205992,0.0046496830873895,-1.0,not_observed
DRB1~DQB1,MID,DRB1*03:01,DQB1*05:01,0.0,0.1067415730337078,0.1011235955056179,0.013443396226415,-1.0,not_observed
DRB1~DQB1,MID,DRB1*03:01,DQB1*06:01,0.0,0.1067415730337078,0.0449438202247191,0.0056233814280429,-1.0,not_observed
DRB1~DQB1,MID,DRB1*03:01,DQB1*06:02,0.0,0.1067415730337078,0.0393258426966292,0.0048916841369671,-1.0,not_observed
DRB1~DQB1,MID,DRB1*03:01,DQB1*06:03,0.0,0.1067415730337078,0.0374531835205992,0.0046496830873895,-1.0,not_observed
DRB1~DQB1,MID,DRB1*04:02,DQB1*02:01,0.0,0.0393258426966292,0.1067415730337078,0.0048916841369671,-1.0,not_observed
DRB1~DQB1,MID,DRB1*04:02,DQB1*02:02,0.0,0.0393258426966292,0.1011235955056179,0.0046052631578947,-1.0,not_observed
DRB1~DQB1,MID,DRB1*04:02,DQB1*03:01,,0.0393258426966292,0.249063670411985,0.0088817754359085,-0.8088077336197638,suppressed_lt20
DRB1~DQB1,MID,DRB1*04:02,DQB1*03:02,20.0,0.0393258426966292,0.1198501872659176,0.2689720755790185,0.9458966565349542,estimated
DRB1~DQB1,MID,DRB1*04:02,DQB1*04:02,0.0,0.0393258426966292,0.0374531835205992,0.0015928277243042,-1.0,not_observed
DRB1~DQB1,MID,DRB1*04:02,DQB1*05:01,0.0,0.0393258426966292,0.1011235955056179,0.0046052631578947,-1.0,not_observed
DRB1~DQB1,MID,DRB1*04:02,DQB1*06:01,0.0,0.0393258426966292,0.0449438202247191,0.0019263845889232,-1.0,not_observed
DRB1~DQB1,MID,DRB1*04:02,DQB1*06:02,0.0,0.0393258426966292,0.0393258426966292,0.0016757292842242,-1.0,not_observed
DRB1~DQB1,MID,DRB1*04:02,DQB1*06:03,0.0,0.0393258426966292,0.0374531835205992,0.0015928277243042,-1.0,not_observed
DRB1~DQB1,MID,DRB1*04:03,DQB1*02:01,0.0,0.0917602996254681,0.1067415730337078,0.0120728781689684,-1.0,not_observed
DRB1~DQB1,MID,DRB1*04:03,DQB1*02:02,0.0,0.0917602996254681,0.1011235955056179,0.0113659793814433,-1.0,not_observed
DRB1~DQB1,MID,DRB1*04:03,DQB1*03:01,,0.0917602996254681,0.249063670411985,0.0282425673744513,-0.9180604572656128,suppressed_lt20
DRB1~DQB1,MID,DRB1*04:03,DQB1*03:02,33.0,0.0917602996254681,0.1198501872659176,0.2935494771499299,0.6290056448111159,estimated
DRB1~DQB1,MID,DRB1*04:03,DQB1*04:02,0.0,0.0917602996254681,0.0374531835205992,0.0039311645072004,-1.0,not_observed
DRB1~DQB1,MID,DRB1*04:03,DQB1*05:01,0.0,0.0917602996254681,0.1011235955056179,0.0113659793814433,-1.0,not_observed
DRB1~DQB1,MID,DRB1*04:03,DQB1*06:01,0.0,0.0917602996254681,0.0449438202247191,0.0047543966040024,-1.0,not_observed
DRB1~DQB1,MID,DRB1*04:03,DQB1*06:02,0.0,0.0917602996254681,0.0393258426966292,0.0041357689757038,-1.0,not_observed
DRB1~DQB1,MID,DRB1*04:03,DQB1*06:03,0.0,0.0917602996254681,0.0374531835205992,0.0039311645072004,-1.0,not_observed
DRB1~DQB1,MID,DRB1*07:01,DQB1*02:01,0.0,0.099250936329588,0.1067415730337078,0.0131670131670131,-1.0,not_observed
DRB1~DQB1,MID,DRB1*07:01,DQB1*02:02,42.0,0.099250936329588,0.1011235955056179,0.5793595300670771,0.7691037735849056,estimated
DRB1~DQB1,MID,DRB1*07:01,DQB1*03:01,0.0,0.099250936329588,0.249063670411985,0.0365458495134305,-1.0,not_observed
DRB1~DQB1,MID,DRB1*07:01,DQB1*03:02,,0.099250936329588,0.1198501872659176,0.0106518654265543,-0.8425707547169812,suppressed_lt20
DRB1~DQB1,MID,DRB1*07:01,DQB1*04:02,0.0,0.099250936329588,0.0374531835205992,0.0042874361940509,-1.0,not_observed
DRB1~DQB1,MID,DRB1*07:01,DQB1*05:01,0.0,0.099250936329588,0.1011235955056179,0.0123960498960498,-1.0,not_observed
DRB1~DQB1,MID,DRB1*07:01,DQB1*06:01,0.0,0.099250936329588,0.0449438202247191,0.005185275773511,-1.0,not_observed
DRB1~DQB1,MID,DRB1*07:01,DQB1*06:02,0.0,0.099250936329588,0.0393258426966292,0.0045105834579518,-1.0,not_observed
DRB1~DQB1,MID,DRB1*07:01,DQB1*06:03,0.0,0.099250936329588,0.0374531835205992,0.0042874361940509,-1.0,not_observed
DRB1~DQB1,MID,DRB1*11:01,DQB1*02:01,0.0,0.0786516853932584,0.1067415730337078,0.0102009510661144,-1.0,not_observed
DRB1~DQB1,MID,DRB1*11:01,DQB1*02:02,0.0,0.0786516853932584,0.1011235955056179,0.0096036585365853,-1.0,not_observed
DRB1~DQB1,MID,DRB1*11:01,DQB1*03:01,37.0,0.0786516853932584,0.249063670411985,0.1822434299622037,0.8414677591734949,estimated
DRB1~DQB1,MID,DRB1*11:01,DQB1*03:02,0.0,0.0786516853932584,0.1198501872659176,0.0116242864556305,-1.0,not_observed
DRB1~DQB1,MID,DRB1*11:01,DQB1*04:02,0.0,0.0786516853932584,0.0374531835205992,0.0033216285470247,-1.0,not_observed
DRB1~DQB1,MID,DRB1*11:01,DQB1*05:01,,0.0786516853932584,0.1011235955056179,0.0056136947778207,-0.7645502645502645,suppressed_lt20
DRB1~DQB1,MID,DRB1*11:01,DQB1*06:01,0.0,0.0786516853932584,0.0449438202247191,0.0040172166427546,-1.0,not_observed
DRB1~DQB1,MID,DRB1*11:01,DQB1*06:02,,0.0786516853932584,0.0393258426966292,0.0005440106913302,-0.3945578231292517,suppressed_lt20
DRB1~DQB1,MID,DRB1*11:01,DQB1*06:03,0.0,0.0786516853932584,0.0374531835205992,0.0033216285470247,-1.0,not_observed
DRB1~DQB1,MID,DRB1*11:04,DQB1*02:01,,0.1104868913857678,0.1067415730337078,0.010503330684613,-0.8412132024977699,suppressed_lt20
DRB1~DQB1,MID,DRB1*11:04,DQB1*02:02,0.0,0.1104868913857678,0.1011235955056179,0.0139736842105263,-1.0,not_observed
DRB1~DQB1,MID,DRB1*11:04,DQB1*03:01,57.0,0.1104868913857678,0.249063670411985,0.3414516976324322,0.9548586161714356,estimated
DRB1~DQB1,MID,DRB1*11:04,DQB1*03:02,0.0,0.1104868913857678,0.1198501872659176,0.0169137737961926,-1.0,not_observed
DRB1~DQB1,MID,DRB1*11:04,DQB1*04:02,0.0,0.1104868913857678,0.0374531835205992,0.0048330944091746,-1.0,not_observed
DRB1~DQB1,MID,DRB1*11:04,DQB1*05:01,0.0,0.1104868913857678,0.1011235955056179,0.0139736842105263,-1.0,not_observed
DRB1~DQB1,MID,DRB1*11:04,DQB1*06:01,0.0,0.1104868913857678,0.0449438202247191,0.00584520123839,-1.0,not_observed
DRB1~DQB1,MID,DRB1*11:04,DQB1*06:02,0.0,0.1104868913857678,0.0393258426966292,0.0050846414281317,-1.0,not_observed
DRB1~DQB1,MID,DRB1*11:04,DQB1*06:03,0.0,0.1104868913857678,0.0374531835205992,0.0048330944091746,-1.0,not_observed
DRB1~DQB1,MID,DRB1*13:02,DQB1*02:01,0.0,0.0543071161048689,0.1067415730337078,0.0068621956535276,-1.0,not_observed
DRB1~DQB1,MID,DRB1*13:02,DQB1*02:02,0.0,0.0543071161048689,0.1011235955056179,0.0064603960396039,-1.0,not_observed
DRB1~DQB1,MID,DRB1*13:02,DQB1*03:01,0.0,0.0543071161048689,0.249063670411985,0.0190464432976963,-1.0,not_observed
DRB1~DQB1,MID,DRB1*13:02,DQB1*03:02,,0.0543071161048689,0.1198501872659176,0.0039673060299426,-0.7122844827586207,suppressed_lt20
DRB1~DQB1,MID,DRB1*13:02,DQB1*04:02,0.0,0.0543071161048689,0.0374531835205992,0.0022344646916053,-1.0,not_observed
DRB1~DQB1,MID,DRB1*13:02,DQB1*05:01,0.0,0.0543071161048689,0.1011235955056179,0.0064603960396039,-1.0,not_observed
DRB1~DQB1,MID,DRB1*13:02,DQB1*06:01,0.0,0.0543071161048689,0.0449438202247191,0.0027023878858474,-1.0,not_observed
DRB1~DQB1,MID,DRB1*13:02,DQB1*06:02,0.0,0.0543071161048689,0.0393258426966292,0.0023507613919286,-1.0,not_observed
DRB1~DQB1,MID,DRB1*13:02,DQB1*06:03,0.0,0.0543071161048689,0.0374531835205992,0.0022344646916053,-1.0,not_observed
DRB1~DQB1,MID,DRB1*13:03,DQB1*02:01,0.0,0.0411985018726591,0.1067415730337078,0.0051346305031446,-1.0,not_observed
DRB1~DQB1,MID,DRB1*13:03,DQB1*02:02,0.0,0.0411985018726591,0.1011235955056179,0.0048339843749999,-1.0,not_observed
DRB1~DQB1,MID,DRB1*13:03,DQB1*03:01,21.0,0.0411985018726591,0.249063670411985,0.1143433282821654,0.9394695080480616,estimated
DRB1~DQB1,MID,DRB1*13:03,DQB1*03:02,,0.0411985018726591,0.1198501872659176,0.0022545111709683,-0.6207386363636362,suppressed_lt20
DRB1~DQB1,MID,DRB1*13:03,DQB1*04:02,0.0,0.0411985018726591,0.0374531835205992,0.0016719357976653,-1.0,not_observed
DRB1~DQB1,MID,DRB1*13:03,DQB1*05:01,0.0,0.0411985018726591,0.1011235955056179,0.0048339843749999,-1.0,not_observed
DRB1~DQB1,MID,DRB1*13:03,DQB1*06:01,0.0,0.0411985018726591,0.0449438202247191,0.0020220588235294,-1.0,not_observed
DRB1~DQB1,MID,DRB1*13:03,DQB1*06:02,0.0,0.0411985018726591,0.0393258426966292,0.0017589546783625,-1.0,not_observed
DRB1~DQB1,MID,DRB1*13:03,DQB1*06:03,0.0,0.0411985018726591,0.0374531835205992,0.0016719357976653,-1.0,not_observed
DRB1~DQB1,MID,DRB1*15:02,DQB1*02:01,0.0,0.0430711610486891,0.1067415730337078,0.0053785277357259,-1.0,not_observed
DRB1~DQB1,MID,DRB1*15:02,DQB1*02:02,0.0,0.0430711610486891,0.1011235955056179,0.0050636007827788,-1.0,not_observed
DRB1~DQB1,MID,DRB1*15:02,DQB1*03:01,0.0,0.0430711610486891,0.249063670411985,0.014928432343798,-1.0,not_observed
DRB1~DQB1,MID,DRB1*15:02,DQB1*03:02,0.0,0.0430711610486891,0.1198501872659176,0.0061289919640254,-1.0,not_observed
DRB1~DQB1,MID,DRB1*15:02,DQB1*04:02,0.0,0.0430711610486891,0.0374531835205992,0.0017513534916658,-1.0,not_observed
DRB1~DQB1,MID,DRB1*15:02,DQB1*05:01,0.0,0.0430711610486891,0.1011235955056179,0.0050636007827788,-1.0,not_observed
DRB1~DQB1,MID,DRB1*15:02,DQB1*06:01,23.0,0.0430711610486891,0.0449438202247191,0.9564579256360076,1.0,estimated
DRB1~DQB1,MID,DRB1*15:02,DQB1*06:02,0.0,0.0430711610486891,0.0393258426966292,0.0018425058078987,-1.0,not_observed
DRB1~DQB1,MID,DRB1*15:02,DQB1*06:03,0.0,0.0430711610486891,0.0374531835205992,0.0017513534916658,-1.0,not_observed
DRB1~DQB1,SAS,DRB1*01:01,DQB1*02:01,0.0,0.031542631838344,0.074913750616067,0.002637525909598,-1.0,not_observed
DRB1~DQB1,SAS,DRB1*01:01,DQB1*02:02,0.0,0.031542631838344,0.0995564317397732,0.0036010590366999,-1.0,not_observed
DRB1~DQB1,SAS,DRB1*01:01,DQB1*03:01,0.0,0.031542631838344,0.1409561360275998,0.0053442413784545,-1.0,not_observed
DRB1~DQB1,SAS,DRB1*01:01,DQB1*03:02,0.0,0.031542631838344,0.0852636766880236,0.0030358866368342,-1.0,not_observed
DRB1~DQB1,SAS,DRB1*01:01,DQB1*03:03,0.0,0.031542631838344,0.0773780187284376,0.0027315630369065,-1.0,not_observed
DRB1~DQB1,SAS,DRB1*01:01,DQB1*04:02,0.0,0.031542631838344,0.0113356333169048,0.0003734344041666,-1.0,not_observed
DRB1~DQB1,SAS,DRB1*01:01,DQB1*05:01,64.0,0.031542631838344,0.0951207491375061,0.3098366491318277,1.0,estimated
DRB1~DQB1,SAS,DRB1*01:01,DQB1*05:02,0.0,0.031542631838344,0.027599802858551,0.0009244392169607,-1.0,not_observed
DRB1~DQB1,SAS,DRB1*01:01,DQB1*05:03,0.0,0.031542631838344,0.0956136027599802,0.0034433651572824,-1.0,not_observed
DRB1~DQB1,SAS,DRB1*01:01,DQB1*06:01,0.0,0.031542631838344,0.1636274026614095,0.0063719690937907,-1.0,not_observed
DRB1~DQB1,SAS,DRB1*01:01,DQB1*06:02,0.0,0.031542631838344,0.0271069492360768,0.0009074714288292,-1.0,not_observed
DRB1~DQB1,SAS,DRB1*01:01,DQB1*06:03,0.0,0.031542631838344,0.0601281419418432,0.0020836585714076,-1.0,not_observed
DRB1~DQB1,SAS,DRB1*01:01,DQB1*06:04,0.0,0.031542631838344,0.0142927550517496,0.0004722646310432,-1.0,not_observed
DRB1~DQB1,SAS,DRB1*01:01,DQB1*06:09,0.0,0.031542631838344,0.0167570231641202,0.0005550772605814,-1.0,not_observed
DRB1~DQB1,SAS,DRB1*03:01,DQB1*02:01,148.0,0.0754066042385411,0.074913750616067,0.9372172870053124,0.9715379867579396,estimated
DRB1~DQB1,SAS,DRB1*03:01,DQB1*02:02,0.0,0.0754066042385411,0.0995564317397732,0.0090171941138781,-1.0,not_observed
DRB1~DQB1,SAS,DRB1*03:01,DQB1*03:01,,0.0754066042385411,0.1409561360275998,0.0110152238797259,-0.9072626719685544,suppressed_lt20
DRB1~DQB1,SAS,DRB1*03:01,DQB1*03:02,0.0,0.0754066042385411,0.0852636766880236,0.0076019800933754,-1.0,not_observed
DRB1~DQB1,SAS,DRB1*03:01,DQB1*03:03,0.0,0.0754066042385411,0.0773780187284376,0.0068399417746432,-1.0,not_observed
DRB1~DQB1,SAS,DRB1*03:01,DQB1*04:02,0.0,0.0754066042385411,0.0113356333169048,0.0009350945032705,-1.0,not_observed
DRB1~DQB1,SAS,DRB1*03:01,DQB1*05:01,,0.0754066042385411,0.0951207491375061,0.0074355164183526,-0.9312878864844728,suppressed_lt20
DRB1~DQB1,SAS,DRB1*03:01,DQB1*05:02,0.0,0.0754066042385411,0.027599802858551,0.0023148323259525,-1.0,not_observed
DRB1~DQB1,SAS,DRB1*03:01,DQB1*05:03,,0.0754066042385411,0.0956136027599802,0.0074838046730013,-0.9316420726366148,suppressed_lt20
DRB1~DQB1,SAS,DRB1*03:01,DQB1*06:01,0.0,0.0754066042385411,0.1636274026614095,0.0159556623817523,-1.0,not_observed
DRB1~DQB1,SAS,DRB1*03:01,DQB1*06:02,0.0,0.0754066042385411,0.0271069492360768,0.0022723443140355,-1.0,not_observed
DRB1~DQB1,SAS,DRB1*03:01,DQB1*06:03,0.0,0.0754066042385411,0.0601281419418432,0.0052175633928641,-1.0,not_observed
DRB1~DQB1,SAS,DRB1*03:01,DQB1*06:04,0.0,0.0754066042385411,0.0142927550517496,0.0011825692963752,-1.0,not_observed
DRB1~DQB1,SAS,DRB1*03:01,DQB1*06:09,0.0,0.0754066042385411,0.0167570231641202,0.0013899353928531,-1.0,not_observed
DRB1~DQB1,SAS,DRB1*04:01,DQB1*02:01,,0.0108427796944307,0.074913750616067,0.0001372693546042,-0.3932416267942584,suppressed_lt20
DRB1~DQB1,SAS,DRB1*04:01,DQB1*02:02,0.0,0.0108427796944307,0.0995564317397732,0.0012119595646217,-1.0,not_observed
DRB1~DQB1,SAS,DRB1*04:01,DQB1*03:01,,0.0108427796944307,0.1409561360275998,0.0002267424651621,-0.3550540368722186,suppressed_lt20
DRB1~DQB1,SAS,DRB1*04:01,DQB1*03:02,,0.0108427796944307,0.0852636766880236,0.0754964048086936,0.8012343260188087,suppressed_lt20
DRB1~DQB1,SAS,DRB1*04:01,DQB1*03:03,0.0,0.0108427796944307,0.0773780187284376,0.0009193250972025,-1.0,not_observed
DRB1~DQB1,SAS,DRB1*04:01,DQB1*04:02,0.0,0.0108427796944307,0.0113356333169048,0.0001256817489733,-1.0,not_observed
DRB1~DQB1,SAS,DRB1*04:01,DQB1*05:01,0.0,0.0108427796944307,0.0951207491375061,0.0011522850849912,-1.0,not_observed
DRB1~DQB1,SAS,DRB1*04:01,DQB1*05:02,0.0,0.0108427796944307,0.027599802858551,0.0003111259603046,-1.0,not_observed
DRB1~DQB1,SAS,DRB1*04:01,DQB1*05:03,0.0,0.0108427796944307,0.0956136027599802,0.0011588866759258,-1.0,not_observed
DRB1~DQB1,SAS,DRB1*04:01,DQB1*06:01,0.0,0.0108427796944307,0.1636274026614095,0.0021445271543704,-1.0,not_observed
DRB1~DQB1,SAS,DRB1*04:01,DQB1*06:02,0.0,0.0108427796944307,0.0271069492360768,0.0003054153421484,-1.0,not_observed
DRB1~DQB1,SAS,DRB1*04:01,DQB1*06:03,0.0,0.0108427796944307,0.0601281419418432,0.0007012686849304,-1.0,not_observed
DRB1~DQB1,SAS,DRB1*04:01,DQB1*06:04,0.0,0.0108427796944307,0.0142927550517496,0.0001589436970602,-1.0,not_observed
DRB1~DQB1,SAS,DRB1*04:01,DQB1*06:09,0.0,0.0108427796944307,0.0167570231641202,0.0001868148198098,-1.0,not_observed
DRB1~DQB1,SAS,DRB1*04:03,DQB1*02:01,,0.0458353868900936,0.074913750616067,0.0028534937308115,-0.8564657611771364,suppressed_lt20
DRB1~DQB1,SAS,DRB1*04:03,DQB1*02:02,0.0,0.0458353868900936,0.0995564317397732,0.0053111726309218,-1.0,not_observed
DRB1~DQB1,SAS,DRB1*04:03,DQB1*03:01,,0.0458353868900936,0.1409561360275998,0.0067254792772767,-0.9237160688773592,suppressed_lt20
DRB1~DQB1,SAS,DRB1*04:03,DQB1*03:02,88.0,0.0458353868900936,0.0852636766880236,0.4565586344113576,0.941225203930293,estimated
DRB1~DQB1,SAS,DRB1*04:03,DQB1*03:03,0.0,0.0458353868900936,0.0773780187284376,0.0040287600656918,-1.0,not_observed
DRB1~DQB1,SAS,DRB1*04:03,DQB1*04:02,0.0,0.0458353868900936,0.0113356333169048,0.0005507753598708,-1.0,not_observed
DRB1~DQB1,SAS,DRB1*04:03,DQB1*05:01,0.0,0.0458353868900936,0.0951207491375061,0.0050496610489925,-1.0,not_observed
DRB1~DQB1,SAS,DRB1*04:03,DQB1*05:02,0.0,0.0458353868900936,0.027599802858551,0.0013634478685393,-1.0,not_observed
DRB1~DQB1,SAS,DRB1*04:03,DQB1*05:03,0.0,0.0458353868900936,0.0956136027599802,0.005078591213097,-1.0,not_observed
DRB1~DQB1,SAS,DRB1*04:03,DQB1*06:01,,0.0458353868900936,0.1636274026614095,0.0082033847593302,-0.9342855292136288,suppressed_lt20
DRB1~DQB1,SAS,DRB1*04:03,DQB1*06:02,0.0,0.0458353868900936,0.0271069492360768,0.0013384222160817,-1.0,not_observed
DRB1~DQB1,SAS,DRB1*04:03,DQB1*06:03,0.0,0.0458353868900936,0.0601281419418432,0.003073171048811,-1.0,not_observed
DRB1~DQB1,SAS,DRB1*04:03,DQB1*06:04,0.0,0.0458353868900936,0.0142927550517496,0.0006965392561983,-1.0,not_observed
DRB1~DQB1,SAS,DRB1*04:03,DQB1*06:09,0.0,0.0458353868900936,0.0167570231641202,0.0008186789287267,-1.0,not_observed
DRB1~DQB1,SAS,DRB1*04:04,DQB1*02:01,0.0,0.0133070478068013,0.074913750616067,0.0010921417421151,-1.0,not_observed
DRB1~DQB1,SAS,DRB1*04:04,DQB1*02:02,0.0,0.0133070478068013,0.0995564317397732,0.0014911197177207,-1.0,not_observed
DRB1~DQB1,SAS,DRB1*04:04,DQB1*03:01,0.0,0.0133070478068013,0.1409561360275998,0.0022129333661175,-1.0,not_observed
DRB1~DQB1,SAS,DRB1*04:04,DQB1*03:02,26.0,0.0133070478068013,0.0852636766880236,0.1332082738005724,0.9595106960408686,estimated
DRB1~DQB1,SAS,DRB1*04:04,DQB1*03:03,0.0,0.0133070478068013,0.0773780187284376,0.0011310804580035,-1.0,not_observed
DRB1~DQB1,SAS,DRB1*04:04,DQB1*04:02,,0.0133070478068013,0.0113356333169048,0.0007949113675413,0.0305781175346392,suppressed_lt20
DRB1~DQB1,SAS,DRB1*04:04,DQB1*05:01,0.0,0.0133070478068013,0.0951207491375061,0.0014176999471117,-1.0,not_observed
DRB1~DQB1,SAS,DRB1*04:04,DQB1*05:02,0.0,0.0133070478068013,0.027599802858551,0.0003827900432056,-1.0,not_observed
DRB1~DQB1,SAS,DRB1*04:04,DQB1*05:03,0.0,0.0133070478068013,0.0956136027599802,0.001425822134269,-1.0,not_observed
DRB1~DQB1,SAS,DRB1*04:04,DQB1*06:01,0.0,0.0133070478068013,0.1636274026614095,0.0026384929154522,-1.0,not_observed
DRB1~DQB1,SAS,DRB1*04:04,DQB1*06:02,0.0,0.0133070478068013,0.0271069492360768,0.0003757640535756,-1.0,not_observed
DRB1~DQB1,SAS,DRB1*04:04,DQB1*06:03,0.0,0.0133070478068013,0.0601281419418432,0.0008627974018639,-1.0,not_observed
DRB1~DQB1,SAS,DRB1*04:04,DQB1*06:04,0.0,0.0133070478068013,0.0142927550517496,0.0001955544455544,-1.0,not_observed
DRB1~DQB1,SAS,DRB1*04:04,DQB1*06:09,0.0,0.0133070478068013,0.0167570231641202,0.0002298453426272,-1.0,not_observed
DRB1~DQB1,SAS,DRB1*07:01,DQB1*02:01,,0.177427304090685,0.074913750616067,0.016195940920026,-0.9629203216374268,suppressed_lt20
DRB1~DQB1,SAS,DRB1*07:01,DQB1*02:02,199.0,0.177427304090685,0.0995564317397732,0.494243599563522,0.9819450788697804,estimated
DRB1~DQB1,SAS,DRB1*07:01,DQB1*03:01,,0.177427304090685,0.1409561360275998,0.0326578725869117,-0.9605866355866356,suppressed_lt20
DRB1~DQB1,SAS,DRB1*07:01,DQB1*03:02,,0.177427304090685,0.0852636766880236,0.0130135730920502,-0.8045279383429673,suppressed_lt20
DRB1~DQB1,SAS,DRB1*07:01,DQB1*03:03,148.0,0.177427304090685,0.0773780187284376,0.3365141315450691,0.9303103044273048,estimated
DRB1~DQB1,SAS,DRB1*07:01,DQB1*04:02,,0.177427304090685,0.0113356333169048,0.0014095529526828,-0.754951690821256,suppressed_lt20
DRB1~DQB1,SAS,DRB1*07:01,DQB1*05:01,0.0,0.177427304090685,0.0951207491375061,0.0226741385589586,-1.0,not_observed
DRB1~DQB1,SAS,DRB1*07:01,DQB1*05:02,,0.177427304090685,0.027599802858551,0.0049518737780092,-0.8993551587301588,suppressed_lt20
DRB1~DQB1,SAS,DRB1*07:01,DQB1*05:03,,0.177427304090685,0.0956136027599802,0.0214982773707154,-0.9709478808705612,suppressed_lt20
DRB1~DQB1,SAS,DRB1*07:01,DQB1*06:01,0.0,0.177427304090685,0.1636274026614095,0.0421990239004227,-1.0,not_observed
DRB1~DQB1,SAS,DRB1*07:01,DQB1*06:02,0.0,0.177427304090685,0.0271069492360768,0.0060098233294057,-1.0,not_observed
DRB1~DQB1,SAS,DRB1*07:01,DQB1*06:03,0.0,0.177427304090685,0.0601281419418432,0.0137992442463089,-1.0,not_observed
DRB1~DQB1,SAS,DRB1*07:01,DQB1*06:04,0.0,0.177427304090685,0.0142927550517496,0.0031276213301378,-1.0,not_observed
DRB1~DQB1,SAS,DRB1*07:01,DQB1*06:09,0.0,0.177427304090685,0.0167570231641202,0.003676056528379,-1.0,not_observed
DRB1~DQB1,SAS,DRB1*10:01,DQB1*02:01,0.0,0.0517496303597831,0.074913750616067,0.0044194023948952,-1.0,not_observed
DRB1~DQB1,SAS,DRB1*10:01,DQB1*02:02,0.0,0.0517496303597831,0.0995564317397732,0.0060338853442301,-1.0,not_observed
DRB1~DQB1,SAS,DRB1*10:01,DQB1*03:01,0.0,0.0517496303597831,0.1409561360275998,0.0089547378704005,-1.0,not_observed
DRB1~DQB1,SAS,DRB1*10:01,DQB1*03:02,0.0,0.0517496303597831,0.0852636766880236,0.0050868901892608,-1.0,not_observed
DRB1~DQB1,SAS,DRB1*10:01,DQB1*03:03,0.0,0.0517496303597831,0.0773780187284376,0.0045769697212004,-1.0,not_observed
DRB1~DQB1,SAS,DRB1*10:01,DQB1*04:02,0.0,0.0517496303597831,0.0113356333169048,0.0006257215878352,-1.0,not_observed
DRB1~DQB1,SAS,DRB1*10:01,DQB1*05:01,103.0,0.0517496303597831,0.0951207491375061,0.4975316441891672,0.9789500985579416,estimated
DRB1~DQB1,SAS,DRB1*10:01,DQB1*05:02,0.0,0.0517496303597831,0.027599802858551,0.0015489777273862,-1.0,not_observed
DRB1~DQB1,SAS,DRB1*10:01,DQB1*05:03,,0.0517496303597831,0.0956136027599802,0.0046775006491571,-0.900392734413353,suppressed_lt20
DRB1~DQB1,SAS,DRB1*10:01,DQB1*06:01,,0.0517496303597831,0.1636274026614095,0.0094700861414445,-0.9417957544463568,suppressed_lt20
DRB1~DQB1,SAS,DRB1*10:01,DQB1*06:02,0.0,0.0517496303597831,0.0271069492360768,0.0015205467333126,-1.0,not_observed
DRB1~DQB1,SAS,DRB1*10:01,DQB1*06:03,0.0,0.0517496303597831,0.0601281419418432,0.003491349846882,-1.0,not_observed
DRB1~DQB1,SAS,DRB1*10:01,DQB1*06:04,0.0,0.0517496303597831,0.0142927550517496,0.0007913201663201,-1.0,not_observed
DRB1~DQB1,SAS,DRB1*10:01,DQB1*06:09,0.0,0.0517496303597831,0.0167570231641202,0.0009300798774482,-1.0,not_observed
DRB1~DQB1,SAS,DRB1*11:01,DQB1*02:01,0.0,0.0616067028092656,0.074913750616067,0.0053164579630467,-1.0,not_observed
DRB1~DQB1,SAS,DRB1*11:01,DQB1*02:02,,0.0616067028092656,0.0995564317397732,0.0061389622538442,-0.9196435643564356,suppressed_lt20
DRB1~DQB1,SAS,DRB1*11:01,DQB1*03:01,122.0,0.0616067028092656,0.1409561360275998,0.3780613850055989,0.9720619621342514,estimated
DRB1~DQB1,SAS,DRB1*11:01,DQB1*03:02,0.0,0.0616067028092656,0.0852636766880236,0.0061194332258765,-1.0,not_observed
DRB1~DQB1,SAS,DRB1*11:01,DQB1*03:03,0.0,0.0616067028092656,0.0773780187284376,0.0055060084931408,-1.0,not_observed
DRB1~DQB1,SAS,DRB1*11:01,DQB1*04:02,0.0,0.0616067028092656,0.0113356333169048,0.0007527313018926,-1.0,not_observed
DRB1~DQB1,SAS,DRB1*11:01,DQB1*05:01,0.0,0.0616067028092656,0.0951207491375061,0.0069012490617161,-1.0,not_observed
DRB1~DQB1,SAS,DRB1*11:01,DQB1*05:02,0.0,0.0616067028092656,0.027599802858551,0.0018633910736114,-1.0,not_observed
DRB1~DQB1,SAS,DRB1*11:01,DQB1*05:03,0.0,0.0616067028092656,0.0956136027599802,0.0069407872140681,-1.0,not_observed
DRB1~DQB1,SAS,DRB1*11:01,DQB1*06:01,0.0,0.0616067028092656,0.1636274026614095,0.0128439708234501,-1.0,not_observed
DRB1~DQB1,SAS,DRB1*11:01,DQB1*06:02,0.0,0.0616067028092656,0.0271069492360768,0.0018291891224574,-1.0,not_observed
DRB1~DQB1,SAS,DRB1*11:01,DQB1*06:03,0.0,0.0616067028092656,0.0601281419418432,0.0042000282021565,-1.0,not_observed
DRB1~DQB1,SAS,DRB1*11:01,DQB1*06:04,,0.0616067028092656,0.0142927550517496,0.0001845273833671,-0.4402758620689654,suppressed_lt20
DRB1~DQB1,SAS,DRB1*11:01,DQB1*06:09,0.0,0.0616067028092656,0.0167570231641202,0.0011188686000716,-1.0,not_observed
DRB1~DQB1,SAS,DRB1*11:04,DQB1*02:01,0.0,0.0192212912764908,0.074913750616067,0.0015870508643376,-1.0,not_observed
DRB1~DQB1,SAS,DRB1*11:04,DQB1*02:02,0.0,0.0192212912764908,0.0995564317397732,0.002166827569704,-1.0,not_observed
DRB1~DQB1,SAS,DRB1*11:04,DQB1*03:01,39.0,0.0192212912764908,0.1409561360275998,0.1194380995888533,1.0,estimated
DRB1~DQB1,SAS,DRB1*11:04,DQB1*03:02,0.0,0.0192212912764908,0.0852636766880236,0.0018267522959625,-1.0,not_observed
DRB1~DQB1,SAS,DRB1*11:04,DQB1*03:03,0.0,0.0192212912764908,0.0773780187284376,0.001643634840871,-1.0,not_observed
DRB1~DQB1,SAS,DRB1*11:04,DQB1*04:02,0.0,0.0192212912764908,0.0113356333169048,0.0002247027760938,-1.0,not_observed
DRB1~DQB1,SAS,DRB1*11:04,DQB1*05:01,0.0,0.0192212912764908,0.0951207491375061,0.0020601372877459,-1.0,not_observed
DRB1~DQB1,SAS,DRB1*11:04,DQB1*05:02,0.0,0.0192212912764908,0.027599802858551,0.0005562531359279,-1.0,not_observed
DRB1~DQB1,SAS,DRB1*11:04,DQB1*05:03,0.0,0.0192212912764908,0.0956136027599802,0.0020719400818807,-1.0,not_observed
DRB1~DQB1,SAS,DRB1*11:04,DQB1*06:01,0.0,0.0192212912764908,0.1636274026614095,0.0038341382812708,-1.0,not_observed
DRB1~DQB1,SAS,DRB1*11:04,DQB1*06:02,0.0,0.0192212912764908,0.0271069492360768,0.0005460432863405,-1.0,not_observed
DRB1~DQB1,SAS,DRB1*11:04,DQB1*06:03,0.0,0.0192212912764908,0.0601281419418432,0.0012537780670526,-1.0,not_observed
DRB1~DQB1,SAS,DRB1*11:04,DQB1*06:04,0.0,0.0192212912764908,0.0142927550517496,0.0002841708542713,-1.0,not_observed
DRB1~DQB1,SAS,DRB1*11:04,DQB1*06:09,0.0,0.0192212912764908,0.0167570231641202,0.0003340008312237,-1.0,not_observed
DRB1~DQB1,SAS,DRB1*12:02,DQB1*02:01,0.0,0.0310497782158698,0.074913750616067,0.0025949939596475,-1.0,not_observed
DRB1~DQB1,SAS,DRB1*12:02,DQB1*02:02,0.0,0.0310497782158698,0.0995564317397732,0.0035429894411898,-1.0,not_observed
DRB1~DQB1,SAS,DRB1*12:02,DQB1*03:01,62.0,0.0310497782158698,0.1409561360275998,0.1881433511747822,0.981522461729002,estimated
DRB1~DQB1,SAS,DRB1*12:02,DQB1*03:02,0.0,0.0310497782158698,0.0852636766880236,0.0029869308415476,-1.0,not_observed
DRB1~DQB1,SAS,DRB1*12:02,DQB1*03:03,0.0,0.0310497782158698,0.0773780187284376,0.0026875146725095,-1.0,not_observed
DRB1~DQB1,SAS,DRB1*12:02,DQB1*04:02,0.0,0.0310497782158698,0.0113356333169048,0.0003674125132233,-1.0,not_observed
DRB1~DQB1,SAS,DRB1*12:02,DQB1*05:01,0.0,0.0310497782158698,0.0951207491375061,0.0033685396844393,-1.0,not_observed
DRB1~DQB1,SAS,DRB1*12:02,DQB1*05:02,,0.0310497782158698,0.027599802858551,0.0001641965737227,-0.4248866213151928,suppressed_lt20
DRB1~DQB1,SAS,DRB1*12:02,DQB1*05:03,0.0,0.0310497782158698,0.0956136027599802,0.0033878384858673,-1.0,not_observed
DRB1~DQB1,SAS,DRB1*12:02,DQB1*06:01,0.0,0.0310497782158698,0.1636274026614095,0.0062692166356642,-1.0,not_observed
DRB1~DQB1,SAS,DRB1*12:02,DQB1*06:02,0.0,0.0310497782158698,0.0271069492360768,0.0008928378173632,-1.0,not_observed
DRB1~DQB1,SAS,DRB1*12:02,DQB1*06:03,0.0,0.0310497782158698,0.0601281419418432,0.0020500581196544,-1.0,not_observed
DRB1~DQB1,SAS,DRB1*12:02,DQB1*06:04,0.0,0.0310497782158698,0.0142927550517496,0.0004646490335707,-1.0,not_observed
DRB1~DQB1,SAS,DRB1*12:02,DQB1*06:09,0.0,0.0310497782158698,0.0167570231641202,0.0005461262515393,-1.0,not_observed
DRB1~DQB1,SAS,DRB1*13:01,DQB1*02:01,0.0,0.0611138491867915,0.074913750616067,0.0052711578340933,-1.0,not_observed
DRB1~DQB1,SAS,DRB1*13:01,DQB1*02:02,0.0,0.0611138491867915,0.0995564317397732,0.0071968015492316,-1.0,not_observed
DRB1~DQB1,SAS,DRB1*13:01,DQB1*03:01,0.0,0.0611138491867915,0.1409561360275998,0.0106805926367637,-1.0,not_observed
DRB1~DQB1,SAS,DRB1*13:01,DQB1*03:02,0.0,0.0611138491867915,0.0852636766880236,0.0060672911575708,-1.0,not_observed
DRB1~DQB1,SAS,DRB1*13:01,DQB1*03:03,0.0,0.0611138491867915,0.0773780187284376,0.0054590932543688,-1.0,not_observed
DRB1~DQB1,SAS,DRB1*13:01,DQB1*04:02,0.0,0.0611138491867915,0.0113356333169048,0.0007463174780121,-1.0,not_observed
DRB1~DQB1,SAS,DRB1*13:01,DQB1*05:01,,0.0611138491867915,0.0951207491375061,0.0057313978346673,-0.915218118001003,suppressed_lt20
DRB1~DQB1,SAS,DRB1*13:01,DQB1*05:02,0.0,0.0611138491867915,0.027599802858551,0.0018475136122429,-1.0,not_observed
DRB1~DQB1,SAS,DRB1*13:01,DQB1*05:03,,0.0611138491867915,0.0956136027599802,0.0057697399572257,-0.915655138011307,suppressed_lt20
DRB1~DQB1,SAS,DRB1*13:01,DQB1*06:01,0.0,0.0611138491867915,0.1636274026614095,0.0127345307528957,-1.0,not_observed
DRB1~DQB1,SAS,DRB1*13:01,DQB1*06:02,,0.0611138491867915,0.0271069492360768,0.0008950057773008,-0.7024926686217009,suppressed_lt20
DRB1~DQB1,SAS,DRB1*13:01,DQB1*06:03,116.0,0.0611138491867915,0.0601281419418432,0.8825705516068418,0.9476184329417838,estimated
DRB1~DQB1,SAS,DRB1*13:01,DQB1*06:04,0.0,0.0611138491867915,0.0142927550517496,0.0009438320209973,-1.0,not_observed
DRB1~DQB1,SAS,DRB1*13:01,DQB1*06:09,0.0,0.0611138491867915,0.0167570231641202,0.0011093350173333,-1.0,not_observed
DRB1~DQB1,SAS,DRB1*13:02,DQB1*02:01,0.0,0.0310497782158698,0.074913750616067,0.0025949939596475,-1.0,not_observed
DRB1~DQB1,SAS,DRB1*13:02,DQB1*02:02,0.0,0.0310497782158698,0.0995564317397732,0.0035429894411898,-1.0,not_observed
DRB1~DQB1,SAS,DRB1*13:02,DQB1*03:01,0.0,0.0310497782158698,0.1409561360275998,0.00525806174852,-1.0,not_observed
DRB1~DQB1,SAS,DRB1*13:02,DQB1*03:02,0.0,0.0310497782158698,0.0852636766880236,0.0029869308415476,-1.0,not_observed
DRB1~DQB1,SAS,DRB1*13:02,DQB1*03:03,0.0,0.0310497782158698,0.0773780187284376,0.0026875146725095,-1.0,not_observed
DRB1~DQB1,SAS,DRB1*13:02,DQB1*04:02,0.0,0.0310497782158698,0.0113356333169048,0.0003674125132233,-1.0,not_observed
DRB1~DQB1,SAS,DRB1*13:02,DQB1*05:01,,0.0310497782158698,0.0951207491375061,0.0023381094752834,-0.8331277243194342,suppressed_lt20
DRB1~DQB1,SAS,DRB1*13:02,DQB1*05:02,0.0,0.0310497782158698,0.027599802858551,0.000909531988044,-1.0,not_observed
DRB1~DQB1,SAS,DRB1*13:02,DQB1*05:03,0.0,0.0310497782158698,0.0956136027599802,0.0033878384858673,-1.0,not_observed
DRB1~DQB1,SAS,DRB1*13:02,DQB1*06:01,0.0,0.0310497782158698,0.1636274026614095,0.0062692166356642,-1.0,not_observed
DRB1~DQB1,SAS,DRB1*13:02,DQB1*06:02,0.0,0.0310497782158698,0.0271069492360768,0.0008928378173632,-1.0,not_observed
DRB1~DQB1,SAS,DRB1*13:02,DQB1*06:03,0.0,0.0310497782158698,0.0601281419418432,0.0020500581196544,-1.0,not_observed
DRB1~DQB1,SAS,DRB1*13:02,DQB1*06:04,28.0,0.0310497782158698,0.0142927550517496,0.420858790043771,0.9644122496228996,estimated
DRB1~DQB1,SAS,DRB1*13:02,DQB1*06:09,34.0,0.0310497782158698,0.0167570231641202,0.531837530333771,1.0,estimated
DRB1~DQB1,SAS,DRB1*14:04,DQB1*02:01,0.0,0.0675209462789551,0.074913750616067,0.0058637946162571,-1.0,not_observed
DRB1~DQB1,SAS,DRB1*14:04,DQB1*02:02,0.0,0.0675209462789551,0.0995564317397732,0.008005938639459,-1.0,not_observed
DRB1~DQB1,SAS,DRB1*14:04,DQB1*03:01,,0.0675209462789551,0.1409561360275998,0.0106827399299319,-0.9482160175590832,suppressed_lt20
DRB1~DQB1,SAS,DRB1*14:04,DQB1*03:02,0.0,0.0675209462789551,0.0852636766880236,0.0067494372858496,-1.0,not_observed
DRB1~DQB1,SAS,DRB1*14:04,DQB1*03:03,0.0,0.0675209462789551,0.0773780187284376,0.0060728596339061,-1.0,not_observed
DRB1~DQB1,SAS,DRB1*14:04,DQB1*04:02,0.0,0.0675209462789551,0.0113356333169048,0.0008302260238312,-1.0,not_observed
DRB1~DQB1,SAS,DRB1*14:04,DQB1*05:01,0.0,0.0675209462789551,0.0951207491375061,0.0076117421363659,-1.0,not_observed
DRB1~DQB1,SAS,DRB1*14:04,DQB1*05:02,0.0,0.0675209462789551,0.027599802858551,0.0020552297453251,-1.0,not_observed
DRB1~DQB1,SAS,DRB1*14:04,DQB1*05:03,129.0,0.0675209462789551,0.0956136027599802,0.5993196069829567,0.935432287833887,estimated
DRB1~DQB1,SAS,DRB1*14:04,DQB1*06:01,,0.0675209462789551,0.1636274026614095,0.0085515903135943,-0.7769545334623165,suppressed_lt20
DRB1~DQB1,SAS,DRB1*14:04,DQB1*06:02,0.0,0.0675209462789551,0.0271069492360768,0.0020175066562993,-1.0,not_observed
DRB1~DQB1,SAS,DRB1*14:04,DQB1*06:03,0.0,0.0675209462789551,0.0601281419418432,0.0046324268772775,-1.0,not_observed
DRB1~DQB1,SAS,DRB1*14:04,DQB1*06:04,0.0,0.0675209462789551,0.0142927550517496,0.0010499471458773,-1.0,not_observed
DRB1~DQB1,SAS,DRB1*14:04,DQB1*06:09,0.0,0.0675209462789551,0.0167570231641202,0.0012340576600062,-1.0,not_observed
DRB1~DQB1,SAS,DRB1*14:54,DQB1*02:01,0.0,0.0152784622966978,0.074913750616067,0.0012564509101536,-1.0,not_observed
DRB1~DQB1,SAS,DRB1*14:54,DQB1*02:02,0.0,0.0152784622966978,0.0995564317397732,0.0017154538227335,-1.0,not_observed
DRB1~DQB1,SAS,DRB1*14:54,DQB1*03:01,0.0,0.0152784622966978,0.1409561360275998,0.0025458619836129,-1.0,not_observed
DRB1~DQB1,SAS,DRB1*14:54,DQB1*03:02,0.0,0.0152784622966978,0.0852636766880236,0.0014462199268233,-1.0,not_observed
DRB1~DQB1,SAS,DRB1*14:54,DQB1*03:03,0.0,0.0152784622966978,0.0773780187284376,0.0013012478290256,-1.0,not_observed
DRB1~DQB1,SAS,DRB1*14:54,DQB1*04:02,0.0,0.0152784622966978,0.0113356333169048,0.0001778947441958,-1.0,not_observed
DRB1~DQB1,SAS,DRB1*14:54,DQB1*05:01,,0.0152784622966978,0.0951207491375061,0.0007123380881709,-0.6608724720040113,suppressed_lt20
DRB1~DQB1,SAS,DRB1*14:54,DQB1*05:02,,0.0152784622966978,0.027599802858551,0.0059479740823036,0.1043114301129768,suppressed_lt20
DRB1~DQB1,SAS,DRB1*14:54,DQB1*05:03,26.0,0.0152784622966978,0.0956136027599802,0.0990791882707114,0.8216577305089214,estimated
DRB1~DQB1,SAS,DRB1*14:54,DQB1*06:01,0.0,0.0152784622966978,0.1636274026614095,0.0030354455811144,-1.0,not_observed
DRB1~DQB1,SAS,DRB1*14:54,DQB1*06:02,0.0,0.0152784622966978,0.0271069492360768,0.0004322965315873,-1.0,not_observed
DRB1~DQB1,SAS,DRB1*14:54,DQB1*06:03,0.0,0.0152784622966978,0.0601281419418432,0.0009926024608772,-1.0,not_observed
DRB1~DQB1,SAS,DRB1*14:54,DQB1*06:04,0.0,0.0152784622966978,0.0142927550517496,0.0002249749749749,-1.0,not_observed
DRB1~DQB1,SAS,DRB1*14:54,DQB1*06:09,0.0,0.0152784622966978,0.0167570231641202,0.0002644248258283,-1.0,not_observed
DRB1~DQB1,SAS,DRB1*15:01,DQB1*02:01,0.0,0.0995564317397732,0.074913750616067,0.0089534855577513,-1.0,not_observed
DRB1~DQB1,SAS,DRB1*15:01,DQB1*02:02,0.0,0.0995564317397732,0.0995564317397732,0.0122243462937647,-1.0,not_observed
DRB1~DQB1,SAS,DRB1*15:01,DQB1*03:01,0.0,0.0995564317397732,0.1409561360275998,0.0181418456687018,-1.0,not_observed
DRB1~DQB1,SAS,DRB1*15:01,DQB1*03:02,0.0,0.0995564317397732,0.0852636766880236,0.0103057820432969,-1.0,not_observed
DRB1~DQB1,SAS,DRB1*15:01,DQB1*03:03,0.0,0.0995564317397732,0.0773780187284376,0.0092727089853526,-1.0,not_observed
DRB1~DQB1,SAS,DRB1*15:01,DQB1*04:02,0.0,0.0995564317397732,0.0113356333169048,0.0012676802651705,-1.0,not_observed
DRB1~DQB1,SAS,DRB1*15:01,DQB1*05:01,,0.0995564317397732,0.0951207491375061,0.0104441600193989,-0.9479556763966552,suppressed_lt20
DRB1~DQB1,SAS,DRB1*15:01,DQB1*05:02,,0.0995564317397732,0.027599802858551,0.0019767610404958,0.0877511924309953,suppressed_lt20
DRB1~DQB1,SAS,DRB1*15:01,DQB1*05:03,0.0,0.0995564317397732,0.0956136027599802,0.0116890302740157,-1.0,not_observed
DRB1~DQB1,SAS,DRB1*15:01,DQB1*06:01,136.0,0.0995564317397732,0.1636274026614095,0.2098378727031435,0.6093455544729487,estimated
DRB1~DQB1,SAS,DRB1*15:01,DQB1*06:02,52.0,0.0995564317397732,0.0271069492360768,0.2223954160579937,0.9394237945962082,estimated
DRB1~DQB1,SAS,DRB1*15:01,DQB1*06:03,,0.0995564317397732,0.0601281419418432,0.0040106530585721,-0.7530027592923226,suppressed_lt20
DRB1~DQB1,SAS,DRB1*15:01,DQB1*06:04,0.0,0.0995564317397732,0.0142927550517496,0.0016031746031746,-1.0,not_observed
DRB1~DQB1,SAS,DRB1*15:01,DQB1*06:09,0.0,0.0995564317397732,0.0167570231641202,0.001884294754401,-1.0,not_observed
DRB1~DQB1,SAS,DRB1*15:02,DQB1*02:01,,0.1113849186791522,0.074913750616067,0.0089869287389137,-0.9409350256171402,suppressed_lt20
DRB1~DQB1,SAS,DRB1*15:02,DQB1*02:02,0.0,0.1113849186791522,0.0995564317397732,0.0138587970362598,-1.0,not_observed
DRB1~DQB1,SAS,DRB1*15:02,DQB1*03:01,,0.1113849186791522,0.1409561360275998,0.0192964847885237,-0.9686088248035152,suppressed_lt20
DRB1~DQB1,SAS,DRB1*15:02,DQB1*03:02,,0.1113849186791522,0.0852636766880236,0.0105025195785719,-0.9481047623919382,suppressed_lt20
DRB1~DQB1,SAS,DRB1*15:02,DQB1*03:03,0.0,0.1113849186791522,0.0773780187284376,0.0105125123843925,-1.0,not_observed
DRB1~DQB1,SAS,DRB1*15:02,DQB1*04:02,0.0,0.1113849186791522,0.0113356333169048,0.0014371748868757,-1.0,not_observed
DRB1~DQB1,SAS,DRB1*15:02,DQB1*05:01,,0.1113849186791522,0.0951207491375061,0.0012036337375775,-0.3022376083268375,suppressed_lt20
DRB1~DQB1,SAS,DRB1*15:02,DQB1*05:02,,0.1113849186791522,0.027599802858551,0.000457817540157,-0.3587231352718077,suppressed_lt20
DRB1~DQB1,SAS,DRB1*15:02,DQB1*05:03,,0.1113849186791522,0.0956136027599802,0.0016430096295181,-0.3521120335735789,suppressed_lt20
DRB1~DQB1,SAS,DRB1*15:02,DQB1*06:01,188.0,0.1113849186791522,0.1636274026614095,0.4089875846059165,0.7989632928489109,estimated
DRB1~DQB1,SAS,DRB1*15:02,DQB1*06:02,,0.1113849186791522,0.0271069492360768,0.0024453227541126,-0.8367658889782783,suppressed_lt20
DRB1~DQB1,SAS,DRB1*15:02,DQB1*06:03,,0.1113849186791522,0.0601281419418432,0.0068822289664422,-0.9264108515885682,suppressed_lt20
DRB1~DQB1,SAS,DRB1*15:02,DQB1*06:04,0.0,0.1113849186791522,0.0142927550517496,0.0018175263449805,-1.0,not_observed
DRB1~DQB1,SAS,DRB1*15:02,DQB1*06:09,0.0,0.1113849186791522,0.0167570231641202,0.0021362335400342,-1.0,not_observed
DRB1~DQB1,SAS,DRB1*15:06,DQB1*02:01,0.0,0.011828486939379,0.074913750616067,0.0009693401020623,-1.0,not_observed
DRB1~DQB1,SAS,DRB1*15:06,DQB1*02:02,0.0,0.011828486939379,0.0995564317397732,0.0013234565474654,-1.0,not_observed
DRB1~DQB1,SAS,DRB1*15:06,DQB1*03:01,0.0,0.011828486939379,0.1409561360275998,0.0019641086612213,-1.0,not_observed
DRB1~DQB1,SAS,DRB1*15:06,DQB1*03:02,,0.011828486939379,0.0852636766880236,0.0002917093131275,-0.5113198458574181,suppressed_lt20
DRB1~DQB1,SAS,DRB1*15:06,DQB1*03:03,0.0,0.011828486939379,0.0773780187284376,0.0010039005051473,-1.0,not_observed
DRB1~DQB1,SAS,DRB1*15:06,DQB1*04:02,0.0,0.011828486939379,0.0113356333169048,0.0001372441279652,-1.0,not_observed
DRB1~DQB1,SAS,DRB1*15:06,DQB1*05:01,0.0,0.011828486939379,0.0951207491375061,0.0012582921780516,-1.0,not_observed
DRB1~DQB1,SAS,DRB1*15:06,DQB1*05:02,23.0,0.011828486939379,0.027599802858551,0.3863639225810764,0.957150701131948,estimated
DRB1~DQB1,SAS,DRB1*15:06,DQB1*05:03,0.0,0.011828486939379,0.0956136027599802,0.0012655010973927,-1.0,not_observed
DRB1~DQB1,SAS,DRB1*15:06,DQB1*06:01,0.0,0.011828486939379,0.1636274026614095,0.0023418178184473,-1.0,not_observed
DRB1~DQB1,SAS,DRB1*15:06,DQB1*06:02,0.0,0.011828486939379,0.0271069492360768,0.0003335127227523,-1.0,not_observed
DRB1~DQB1,SAS,DRB1*15:06,DQB1*06:03,0.0,0.011828486939379,0.0601281419418432,0.0007657834961625,-1.0,not_observed
DRB1~DQB1,SAS,DRB1*15:06,DQB1*06:04,0.0,0.011828486939379,0.0142927550517496,0.000173566084788,-1.0,not_observed
DRB1~DQB1,SAS,DRB1*15:06,DQB1*06:09,0.0,0.011828486939379,0.0167570231641202,0.0002040012750079,-1.0,not_observed
