gene	gene_class	raw_shared	n_diff_bases	n_diff_blocks	same_length	len_a	len_b
A	classical_I	True	0	0	True	1098	
B	classical_I	True	0	0	True	1089	
C	classical_I	True	0	0	True	1101	
DMA	class_II_accessory	True	0	0	True	786	
DMB	class_II_accessory	True	0	0	True	792	
DOA	class_II_accessory	True	0	0	True	753	
DOB	class_II_accessory	True	0	0	True	822	
DPA1	classical_II	True	0	0	True	783	
DPA2	class_II_paralog	True	0	0	True	733	
DPB1	classical_II	True	0	0	True	777	
DPB2	class_II_paralog	True	0	0	True	776	
DQA1	classical_II	True	0	0	True	765	
DQA2	class_II_paralog	True	0	0	True	768	
DQB1	classical_II	True	0	0	True	786	
DQB2	class_II_paralog	True	0	0	True	807	
DRA	class_II_accessory	True	0	0	True	765	
DRB1	classical_II	True	0	0	True	801	
DRB3	class_II_paralog	True	0	0	True	801	
E	nonclassical_I	True	0	0	True	1077	
F	nonclassical_I	True	0	0	True	1041	
G	nonclassical_I	True	0	0	True	1017	
H	pseudogene_I	True	0	0	True	1096	
J	pseudogene_I	True	0	0	True	1096	
K	pseudogene_I	False	14	12	False	1093	1092.0
L	pseudogene_I	True	0	0	True	1096	
MICA	mic_tap	True	0	0	True	1167	
MICB	mic_tap	True	0	0	True	1152	
N	pseudogene_I	True	0	0	True	161	
P	pseudogene_I	True	0	0	True	732	
S	pseudogene_I	True	0	0	True	266	
T	pseudogene_I	True	0	0	True	459	
TAP1	mic_tap	True	0	0	True	2247	
TAP2	mic_tap	True	0	0	True	2061	
U	pseudogene_I	True	0	0	True	196	
V	pseudogene_I	True	0	0	True	517	
W	pseudogene_I	True	0	0	True	936	
A	classical_I	True	0	0	True	1098	
B	classical_I	True	0	0	True	1089	
C	classical_I	True	0	0	True	1101	
DMA	class_II_accessory	True	0	0	True	786	
DMB	class_II_accessory	True	0	0	True	792	
DOA	class_II_accessory	True	0	0	True	753	
DOB	class_II_accessory	True	0	0	True	822	
DPA1	classical_II	True	0	0	True	783	
DPA2	class_II_paralog	True	0	0	True	733	
DPB1	classical_II	True	0	0	True	777	
DPB2	class_II_paralog	True	0	0	True	776	
DQA1	classical_II	True	0	0	True	765	
DQA2	class_II_paralog	True	0	0	True	768	
DQB1	classical_II	True	0	0	True	786	
DQB2	class_II_paralog	True	0	0	True	807	
DRA	class_II_accessory	True	0	0	True	765	
DRB1	classical_II	True	0	0	True	801	
DRB3	class_II_paralog	True	0	0	True	801	
E	nonclassical_I	True	0	0	True	1077	
F	nonclassical_I	True	0	0	True	1041	
G	nonclassical_I	True	0	0	True	1017	
H	pseudogene_I	True	0	0	True	1096	
J	pseudogene_I	True	0	0	True	1096	
K	pseudogene_I	True	0	0	True	1093	
L	pseudogene_I	True	0	0	True	1096	
MICA	mic_tap	True	0	0	True	1167	
MICB	mic_tap	True	0	0	True	1152	
N	pseudogene_I	True	0	0	True	161	
P	pseudogene_I	True	0	0	True	732	
S	pseudogene_I	True	0	0	True	266	
T	pseudogene_I	True	0	0	True	459	
TAP1	mic_tap	True	0	0	True	2247	
TAP2	mic_tap	True	0	0	True	2061	
U	pseudogene_I	True	0	0	True	196	
V	pseudogene_I	True	0	0	True	517	
W	pseudogene_I	True	0	0	True	936	
A	classical_I	True	0	0	True	1098	
B	classical_I	True	0	0	True	1089	
C	classical_I	True	0	0	True	1101	
DMA	class_II_accessory	True	0	0	True	786	
DMB	class_II_accessory	True	0	0	True	792	
DOA	class_II_accessory	True	0	0	True	753	
DOB	class_II_accessory	True	0	0	True	822	
DPA1	classical_II	True	0	0	True	783	
DPA2	class_II_paralog	True	0	0	True	733	
DPB1	classical_II	True	0	0	True	777	
DPB2	class_II_paralog	True	0	0	True	776	
DQA1	classical_II	True	0	0	True	768	
DQA2	class_II_paralog	True	0	0	True	768	
DQB1	classical_II	True	0	0	True	786	
DQB2	class_II_paralog	True	0	0	True	807	
DRA	class_II_accessory	True	0	0	True	765	
DRB1	classical_II	True	0	0	True	801	
DRB3	class_II_paralog	False	1	1	True	801	801.0
E	nonclassical_I	True	0	0	True	1077	
F	nonclassical_I	True	0	0	True	1041	
G	nonclassical_I	True	0	0	True	1017	
H	pseudogene_I	True	0	0	True	1096	
J	pseudogene_I	True	0	0	True	1095	
K	pseudogene_I	True	0	0	True	1093	
L	pseudogene_I	True	0	0	True	1094	
MICA	mic_tap	True	0	0	True	1158	
MICB	mic_tap	True	0	0	True	1152	
N	pseudogene_I	True	0	0	True	161	
P	pseudogene_I	True	0	0	True	732	
S	pseudogene_I	True	0	0	True	266	
T	pseudogene_I	True	0	0	True	459	
TAP1	mic_tap	True	0	0	True	2247	
TAP2	mic_tap	True	0	0	True	2061	
U	pseudogene_I	True	0	0	True	196	
V	pseudogene_I	True	0	0	True	538	
W	pseudogene_I	True	0	0	True	923	
A	classical_I	True	0	0	True	1098	
B	classical_I	True	0	0	True	1089	
C	classical_I	True	0	0	True	1101	
DMA	class_II_accessory	True	0	0	True	786	
DMB	class_II_accessory	True	0	0	True	792	
DOA	class_II_accessory	True	0	0	True	753	
DOB	class_II_accessory	True	0	0	True	822	
DPA1	classical_II	True	0	0	True	783	
DPA2	class_II_paralog	True	0	0	True	733	
DPB1	classical_II	True	0	0	True	777	
DPB2	class_II_paralog	True	0	0	True	776	
DQA1	classical_II	True	0	0	True	765	
DQA2	class_II_paralog	True	0	0	True	768	
DQB1	classical_II	True	0	0	True	786	
DQB2	class_II_paralog	True	0	0	True	807	
DRA	class_II_accessory	True	0	0	True	765	
DRB1	classical_II	True	0	0	True	801	
E	nonclassical_I	True	0	0	True	1077	
F	nonclassical_I	True	0	0	True	1041	
G	nonclassical_I	True	0	0	True	1017	
H	pseudogene_I	False	1	1	False	1097	1098.0
J	pseudogene_I	True	0	0	True	1088	
K	pseudogene_I	True	0	0	True	1093	
L	pseudogene_I	True	0	0	True	1094	
MICB	mic_tap	True	0	0	True	1152	
N	pseudogene_I	True	0	0	True	161	
P	pseudogene_I	True	0	0	True	735	
S	pseudogene_I	True	0	0	True	266	
T	pseudogene_I	True	0	0	True	459	
TAP1	mic_tap	True	0	0	True	2247	
TAP2	mic_tap	True	0	0	True	2061	
U	pseudogene_I	True	0	0	True	196	
V	pseudogene_I	True	0	0	True	538	
W	pseudogene_I	True	0	0	True	938	
Y	pseudogene_I	True	0	0	True	824	
A	classical_I	True	0	0	True	1098	
B	classical_I	False	7	4	True	1089	1089.0
C	classical_I	True	0	0	True	1101	
DMA	class_II_accessory	True	0	0	True	786	
DMB	class_II_accessory	True	0	0	True	792	
DOA	class_II_accessory	True	0	0	True	753	
DOB	class_II_accessory	True	0	0	True	822	
DPA1	classical_II	True	0	0	True	783	
DPA2	class_II_paralog	True	0	0	True	733	
DPB1	classical_II	True	0	0	True	777	
DPB2	class_II_paralog	True	0	0	True	776	
DQA1	classical_II	False	18	15	True	765	765.0
DQA2	class_II_paralog	True	0	0	True	768	
DQB1	classical_II	True	0	0	True	786	
DQB2	class_II_paralog	True	0	0	True	807	
DRA	class_II_accessory	True	0	0	True	765	
DRB1	classical_II	True	0	0	True	801	
E	nonclassical_I	True	0	0	True	1077	
F	nonclassical_I	True	0	0	True	1041	
G	nonclassical_I	True	0	0	True	1017	
H	pseudogene_I	True	0	0	True	1097	
J	pseudogene_I	True	0	0	True	1088	
K	pseudogene_I	True	0	0	True	1093	
L	pseudogene_I	True	0	0	True	1094	
MICB	mic_tap	True	0	0	True	1152	
N	pseudogene_I	True	0	0	True	161	
P	pseudogene_I	True	0	0	True	735	
S	pseudogene_I	True	0	0	True	266	
T	pseudogene_I	True	0	0	True	459	
TAP1	mic_tap	True	0	0	True	2247	
TAP2	mic_tap	True	0	0	True	2061	
U	pseudogene_I	True	0	0	True	196	
V	pseudogene_I	True	0	0	True	538	
W	pseudogene_I	True	0	0	True	938	
Y	pseudogene_I	True	0	0	True	824	
A	classical_I	True	0	0	True	1098	
B	classical_I	True	0	0	True	1089	
C	classical_I	True	0	0	True	1101	
DMA	class_II_accessory	True	0	0	True	786	
DMB	class_II_accessory	True	0	0	True	792	
DOA	class_II_accessory	True	0	0	True	753	
DOB	class_II_accessory	True	0	0	True	822	
DPA1	classical_II	True	0	0	True	783	
DPA2	class_II_paralog	True	0	0	True	733	
DPB1	classical_II	False	3	3	False	777	776.0
DPB2	class_II_paralog	True	0	0	True	776	
DQA1	classical_II	True	0	0	True	765	
DQA2	class_II_paralog	True	0	0	True	768	
DQB1	classical_II	True	0	0	True	786	
DQB2	class_II_paralog	True	0	0	True	807	
DRA	class_II_accessory	True	0	0	True	765	
DRB1	classical_II	True	0	0	True	801	
DRB3	class_II_paralog	False	2	2	False	801	799.0
E	nonclassical_I	True	0	0	True	1077	
F	nonclassical_I	True	0	0	True	1041	
G	nonclassical_I	True	0	0	True	1017	
H	pseudogene_I	True	0	0	True	1104	
J	pseudogene_I	True	0	0	True	1095	
K	pseudogene_I	True	0	0	True	1092	
L	pseudogene_I	True	0	0	True	1096	
MICA	mic_tap	True	0	0	True	1158	
MICB	mic_tap	True	0	0	True	1152	
N	pseudogene_I	True	0	0	True	161	
P	pseudogene_I	True	0	0	True	735	
S	pseudogene_I	True	0	0	True	266	
T	pseudogene_I	True	0	0	True	459	
TAP1	mic_tap	True	0	0	True	2247	
TAP2	mic_tap	True	0	0	True	2112	
U	pseudogene_I	True	0	0	True	196	
V	pseudogene_I	True	0	0	True	538	
W	pseudogene_I	True	0	0	True	936	
A	classical_I	True	0	0	True	1098	
B	classical_I	True	0	0	True	1089	
C	classical_I	True	0	0	True	1101	
DMA	class_II_accessory	True	0	0	True	786	
DMB	class_II_accessory	True	0	0	True	792	
DOA	class_II_accessory	True	0	0	True	753	
DOB	class_II_accessory	True	0	0	True	822	
DPA1	classical_II	True	0	0	True	783	
DPA2	class_II_paralog	True	0	0	True	733	
DPB1	classical_II	True	0	0	True	777	
DPB2	class_II_paralog	True	0	0	True	776	
DQA1	classical_II	True	0	0	True	765	
DQA2	class_II_paralog	True	0	0	True	768	
DQB1	classical_II	True	0	0	True	786	
DQB2	class_II_paralog	True	0	0	True	807	
DRA	class_II_accessory	True	0	0	True	765	
DRB1	classical_II	True	0	0	True	801	
DRB3	class_II_paralog	True	0	0	True	801	
E	nonclassical_I	True	0	0	True	1077	
F	nonclassical_I	True	0	0	True	1041	
G	nonclassical_I	True	0	0	True	1017	
H	pseudogene_I	True	0	0	True	1096	
J	pseudogene_I	True	0	0	True	1096	
K	pseudogene_I	True	0	0	True	1092	
L	pseudogene_I	True	0	0	True	1096	
MICA	mic_tap	True	0	0	True	1158	
MICB	mic_tap	True	0	0	True	1152	
N	pseudogene_I	True	0	0	True	161	
P	pseudogene_I	True	0	0	True	732	
S	pseudogene_I	True	0	0	True	266	
T	pseudogene_I	True	0	0	True	459	
TAP1	mic_tap	True	0	0	True	2247	
TAP2	mic_tap	True	0	0	True	2061	
U	pseudogene_I	True	0	0	True	196	
V	pseudogene_I	True	0	0	True	538	
W	pseudogene_I	True	0	0	True	936	
A	classical_I	True	0	0	True	1098	
B	classical_I	True	0	0	True	1089	
C	classical_I	True	0	0	True	1101	
DMA	class_II_accessory	True	0	0	True	786	
DMB	class_II_accessory	True	0	0	True	792	
DOA	class_II_accessory	True	0	0	True	753	
DOB	class_II_accessory	True	0	0	True	822	
DPA1	classical_II	True	0	0	True	783	
DPA2	class_II_paralog	True	0	0	True	733	
DPB1	classical_II	True	0	0	True	777	
DPB2	class_II_paralog	True	0	0	True	776	
DQA1	classical_II	True	0	0	True	768	
DQA2	class_II_paralog	True	0	0	True	768	
DQB1	classical_II	True	0	0	True	786	
DQB2	class_II_paralog	True	0	0	True	807	
DRA	class_II_accessory	True	0	0	True	765	
DRB1	classical_II	True	0	0	True	801	
DRB4	class_II_paralog	True	0	0	True	801	
DRB5	class_II_paralog	True	0	0	True	801	
E	nonclassical_I	True	0	0	True	1077	
F	nonclassical_I	True	0	0	True	1041	
G	nonclassical_I	True	0	0	True	1017	
H	pseudogene_I	True	0	0	True	1104	
J	pseudogene_I	True	0	0	True	1095	
K	pseudogene_I	True	0	0	True	1092	
L	pseudogene_I	True	0	0	True	1096	
MICA	mic_tap	True	0	0	True	1156	
MICB	mic_tap	True	0	0	True	1152	
N	pseudogene_I	True	0	0	True	161	
P	pseudogene_I	False	1	1	False	735	736.0
S	pseudogene_I	True	0	0	True	266	
T	pseudogene_I	True	0	0	True	459	
TAP1	mic_tap	True	0	0	True	2247	
TAP2	mic_tap	True	0	0	True	2061	
U	pseudogene_I	True	0	0	True	196	
V	pseudogene_I	True	0	0	True	538	
W	pseudogene_I	True	0	0	True	936	
A	classical_I	True	0	0	True	1098	
B	classical_I	True	0	0	True	1089	
C	classical_I	True	0	0	True	1101	
DMA	class_II_accessory	True	0	0	True	786	
DMB	class_II_accessory	True	0	0	True	792	
DOA	class_II_accessory	True	0	0	True	753	
DOB	class_II_accessory	True	0	0	True	822	
DPA1	classical_II	True	0	0	True	783	
DPA2	class_II_paralog	True	0	0	True	733	
DPB1	classical_II	True	0	0	True	777	
DPB2	class_II_paralog	True	0	0	True	776	
DQA1	classical_II	True	0	0	True	768	
DQA2	class_II_paralog	True	0	0	True	768	
DQB1	classical_II	True	0	0	True	786	
DQB2	class_II_paralog	True	0	0	True	807	
DRA	class_II_accessory	True	0	0	True	765	
DRB1	classical_II	True	0	0	True	801	
DRB5	class_II_paralog	True	0	0	True	801	
E	nonclassical_I	True	0	0	True	1077	
F	nonclassical_I	True	0	0	True	1041	
G	nonclassical_I	True	0	0	True	1017	
H	pseudogene_I	True	0	0	True	1104	
J	pseudogene_I	True	0	0	True	1095	
K	pseudogene_I	True	0	0	True	1092	
L	pseudogene_I	True	0	0	True	1096	
MICA	mic_tap	True	0	0	True	1156	
MICB	mic_tap	True	0	0	True	1152	
N	pseudogene_I	True	0	0	True	161	
P	pseudogene_I	True	0	0	True	735	
S	pseudogene_I	True	0	0	True	266	
T	pseudogene_I	True	0	0	True	459	
TAP1	mic_tap	True	0	0	True	2247	
TAP2	mic_tap	True	0	0	True	2061	
U	pseudogene_I	True	0	0	True	196	
V	pseudogene_I	True	0	0	True	538	
W	pseudogene_I	False	1	1	False	936	935.0
A	classical_I	True	0	0	True	1098	
B	classical_I	True	0	0	True	1089	
C	classical_I	True	0	0	True	1101	
DMA	class_II_accessory	False	1	1	True	786	786.0
DMB	class_II_accessory	True	0	0	True	792	
DOA	class_II_accessory	True	0	0	True	753	
DOB	class_II_accessory	True	0	0	True	822	
DPA1	classical_II	True	0	0	True	783	
DPA2	class_II_paralog	True	0	0	True	733	
DPB1	classical_II	True	0	0	True	777	
DPB2	class_II_paralog	True	0	0	True	776	
DQA1	classical_II	True	0	0	True	768	
DQA2	class_II_paralog	True	0	0	True	768	
DQB1	classical_II	True	0	0	True	786	
DQB2	class_II_paralog	True	0	0	True	807	
DRA	class_II_accessory	True	0	0	True	765	
DRB1	classical_II	True	0	0	True	801	
DRB3	class_II_paralog	True	0	0	True	801	
DRB4	class_II_paralog	True	0	0	True	801	
E	nonclassical_I	False	1	1	True	1077	1077.0
F	nonclassical_I	True	0	0	True	1041	
G	nonclassical_I	True	0	0	True	1017	
H	pseudogene_I	False	19	16	False	1097	1096.0
J	pseudogene_I	True	0	0	True	1095	
K	pseudogene_I	False	11	10	True	1093	1093.0
L	pseudogene_I	True	0	0	True	1094	
MICA	mic_tap	True	0	0	True	1156	
MICB	mic_tap	True	0	0	True	1152	
N	pseudogene_I	True	0	0	True	161	
P	pseudogene_I	True	0	0	True	735	
S	pseudogene_I	True	0	0	True	266	
T	pseudogene_I	False	8	8	True	459	459.0
TAP1	mic_tap	True	0	0	True	2247	
TAP2	mic_tap	False	1	1	True	2061	2061.0
U	pseudogene_I	False	4	4	True	196	196.0
V	pseudogene_I	True	0	0	True	538	
W	pseudogene_I	True	0	0	True	936	
A	classical_I	True	0	0	True	1098	
B	classical_I	False	1	1	False	1090	1089.0
C	classical_I	True	0	0	True	1119	
DMA	class_II_accessory	True	0	0	True	786	
DMB	class_II_accessory	True	0	0	True	792	
DOA	class_II_accessory	True	0	0	True	753	
DOB	class_II_accessory	True	0	0	True	822	
DPA1	classical_II	True	0	0	True	783	
DPA2	class_II_paralog	True	0	0	True	733	
DPB1	classical_II	True	0	0	True	777	
DPB2	class_II_paralog	True	0	0	True	776	
DQA1	classical_II	False	50	38	False	765	768.0
DQA2	class_II_paralog	True	0	0	True	768	
DQB1	classical_II	True	0	0	True	810	
DQB2	class_II_paralog	True	0	0	True	807	
DRA	class_II_accessory	True	0	0	True	765	
DRB1	classical_II	True	0	0	True	801	
DRB3	class_II_paralog	True	0	0	True	801	
DRB5	class_II_paralog	True	0	0	True	801	
E	nonclassical_I	True	0	0	True	1077	
F	nonclassical_I	True	0	0	True	1041	
G	nonclassical_I	True	0	0	True	1017	
H	pseudogene_I	True	0	0	True	1096	
J	pseudogene_I	True	0	0	True	1095	
L	pseudogene_I	True	0	0	True	1096	
MICA	mic_tap	True	0	0	True	1158	
MICB	mic_tap	True	0	0	True	1152	
N	pseudogene_I	True	0	0	True	161	
P	pseudogene_I	True	0	0	True	732	
S	pseudogene_I	True	0	0	True	266	
T	pseudogene_I	True	0	0	True	459	
TAP1	mic_tap	False	4	4	True	2247	2247.0
TAP2	mic_tap	True	0	0	True	2061	
V	pseudogene_I	True	0	0	True	538	
W	pseudogene_I	True	0	0	True	923	
A	classical_I	True	0	0	True	1098	
B	classical_I	True	0	0	True	1089	
C	classical_I	True	0	0	True	1101	
DMA	class_II_accessory	True	0	0	True	786	
DMB	class_II_accessory	True	0	0	True	792	
DOA	class_II_accessory	True	0	0	True	753	
DOB	class_II_accessory	True	0	0	True	822	
DPA1	classical_II	True	0	0	True	783	
DPA2	class_II_paralog	True	0	0	True	733	
DPB1	classical_II	True	0	0	True	777	
DPB2	class_II_paralog	True	0	0	True	776	
DQA1	classical_II	True	0	0	True	768	
DQA2	class_II_paralog	True	0	0	True	768	
DQB1	classical_II	True	0	0	True	786	
DQB2	class_II_paralog	True	0	0	True	807	
DRB1	classical_II	True	0	0	True	801	
DRB5	class_II_paralog	True	0	0	True	801	
E	nonclassical_I	True	0	0	True	1077	
F	nonclassical_I	False	11	11	False	1039	1041.0
G	nonclassical_I	True	0	0	True	1017	
H	pseudogene_I	False	20	18	False	1097	1096.0
J	pseudogene_I	True	0	0	True	1095	
K	pseudogene_I	True	0	0	True	1094	
L	pseudogene_I	True	0	0	True	1094	
MICA	mic_tap	False	116	10	False	1262	1156.0
MICB	mic_tap	False	70	1	False	1082	1152.0
N	pseudogene_I	True	0	0	True	161	
P	pseudogene_I	True	0	0	True	735	
S	pseudogene_I	True	0	0	True	266	
T	pseudogene_I	False	9	9	True	459	459.0
TAP1	mic_tap	False	6	5	False	2243	2247.0
TAP2	mic_tap	True	0	0	True	2061	
U	pseudogene_I	True	0	0	True	196	
V	pseudogene_I	True	0	0	True	538	
W	pseudogene_I	True	0	0	True	936	
A	classical_I	True	0	0	True	1098	
B	classical_I	True	0	0	True	1089	
C	classical_I	True	0	0	True	1101	
DMA	class_II_accessory	True	0	0	True	786	
DMB	class_II_accessory	True	0	0	True	792	
DOA	class_II_accessory	True	0	0	True	753	
DOB	class_II_accessory	True	0	0	True	822	
DPA1	classical_II	True	0	0	True	783	
DPA2	class_II_paralog	True	0	0	True	733	
DPB1	classical_II	True	0	0	True	777	
DPB2	class_II_paralog	True	0	0	True	776	
DQA1	classical_II	True	0	0	True	768	
DQA2	class_II_paralog	True	0	0	True	768	
DQB1	classical_II	True	0	0	True	786	
DQB2	class_II_paralog	True	0	0	True	807	
DRA	class_II_accessory	True	0	0	True	765	
DRB1	classical_II	True	0	0	True	801	
DRB4	class_II_paralog	True	0	0	True	801	
DRB5	class_II_paralog	True	0	0	True	801	
E	nonclassical_I	True	0	0	True	1077	
F	nonclassical_I	True	0	0	True	1041	
G	nonclassical_I	True	0	0	True	1017	
H	pseudogene_I	True	0	0	True	1096	
J	pseudogene_I	True	0	0	True	1081	
K	pseudogene_I	True	0	0	True	1093	
L	pseudogene_I	True	0	0	True	1094	
MICA	mic_tap	True	0	0	True	1155	
MICB	mic_tap	True	0	0	True	1152	
N	pseudogene_I	True	0	0	True	161	
P	pseudogene_I	True	0	0	True	732	
S	pseudogene_I	True	0	0	True	266	
T	pseudogene_I	True	0	0	True	459	
TAP1	mic_tap	True	0	0	True	2247	
TAP2	mic_tap	True	0	0	True	2061	
U	pseudogene_I	True	0	0	True	196	
V	pseudogene_I	True	0	0	True	538	
W	pseudogene_I	True	0	0	True	936	
A	classical_I	True	0	0	True	1098	
B	classical_I	True	0	0	True	1089	
C	classical_I	True	0	0	True	1101	
DMA	class_II_accessory	True	0	0	True	786	
DMB	class_II_accessory	True	0	0	True	792	
DOA	class_II_accessory	True	0	0	True	753	
DOB	class_II_accessory	True	0	0	True	822	
DPA1	classical_II	True	0	0	True	783	
DPA2	class_II_paralog	True	0	0	True	733	
DPB1	classical_II	True	0	0	True	777	
DPB2	class_II_paralog	True	0	0	True	776	
DQA1	classical_II	True	0	0	True	768	
DQA2	class_II_paralog	True	0	0	True	768	
DQB1	classical_II	True	0	0	True	786	
DQB2	class_II_paralog	True	0	0	True	807	
DRA	class_II_accessory	True	0	0	True	765	
DRB1	classical_II	True	0	0	True	801	
DRB4	class_II_paralog	True	0	0	True	801	
DRB5	class_II_paralog	True	0	0	True	801	
E	nonclassical_I	True	0	0	True	1077	
F	nonclassical_I	True	0	0	True	1041	
G	nonclassical_I	True	0	0	True	1017	
H	pseudogene_I	True	0	0	True	1096	
HFE	other	True	0	0	True	1047	
J	pseudogene_I	True	0	0	True	1081	
K	pseudogene_I	True	0	0	True	1093	
L	pseudogene_I	True	0	0	True	1094	
MICA	mic_tap	True	0	0	True	1155	
MICB	mic_tap	True	0	0	True	1152	
N	pseudogene_I	True	0	0	True	161	
P	pseudogene_I	True	0	0	True	732	
S	pseudogene_I	True	0	0	True	266	
T	pseudogene_I	True	0	0	True	459	
TAP1	mic_tap	True	0	0	True	2247	
TAP2	mic_tap	True	0	0	True	2061	
U	pseudogene_I	True	0	0	True	196	
V	pseudogene_I	True	0	0	True	517	
W	pseudogene_I	True	0	0	True	936	
A	classical_I	True	0	0	True	1098	
B	classical_I	True	0	0	True	1089	
C	classical_I	True	0	0	True	1101	
DMA	class_II_accessory	True	0	0	True	786	
DMB	class_II_accessory	True	0	0	True	792	
DOA	class_II_accessory	True	0	0	True	753	
DOB	class_II_accessory	True	0	0	True	822	
DPA1	classical_II	True	0	0	True	783	
DPA2	class_II_paralog	True	0	0	True	733	
DPB1	classical_II	True	0	0	True	777	
DPB2	class_II_paralog	True	0	0	True	776	
DQA1	classical_II	True	0	0	True	765	
DQA2	class_II_paralog	True	0	0	True	768	
DQB1	classical_II	True	0	0	True	786	
DQB2	class_II_paralog	True	0	0	True	807	
DRA	class_II_accessory	True	0	0	True	765	
DRB1	classical_II	False	45	34	True	801	801.0
DRB4	class_II_paralog	True	0	0	True	784	
E	nonclassical_I	True	0	0	True	1077	
F	nonclassical_I	True	0	0	True	1041	
G	nonclassical_I	True	0	0	True	1017	
H	pseudogene_I	True	0	0	True	1096	
J	pseudogene_I	True	0	0	True	1095	
K	pseudogene_I	True	0	0	True	1094	
L	pseudogene_I	True	0	0	True	1094	
MICA	mic_tap	True	0	0	True	1156	
MICB	mic_tap	True	0	0	True	1152	
N	pseudogene_I	True	0	0	True	161	
P	pseudogene_I	True	0	0	True	735	
S	pseudogene_I	True	0	0	True	266	
T	pseudogene_I	True	0	0	True	459	
TAP1	mic_tap	True	0	0	True	2247	
TAP2	mic_tap	True	0	0	True	2112	
U	pseudogene_I	True	0	0	True	196	
V	pseudogene_I	True	0	0	True	538	
W	pseudogene_I	True	0	0	True	938	
A	classical_I	True	0	0	True	1098	
B	classical_I	True	0	0	True	1089	
C	classical_I	True	0	0	True	1101	
DMA	class_II_accessory	True	0	0	True	786	
DMB	class_II_accessory	True	0	0	True	792	
DOA	class_II_accessory	True	0	0	True	753	
DOB	class_II_accessory	True	0	0	True	822	
DPA1	classical_II	True	0	0	True	783	
DPA2	class_II_paralog	True	0	0	True	733	
DPB1	classical_II	True	0	0	True	777	
DPB2	class_II_paralog	True	0	0	True	776	
DQA1	classical_II	True	0	0	True	768	
DQA2	class_II_paralog	True	0	0	True	768	
DQB1	classical_II	True	0	0	True	786	
DQB2	class_II_paralog	True	0	0	True	807	
DRA	class_II_accessory	True	0	0	True	765	
DRB1	classical_II	True	0	0	True	801	
DRB3	class_II_paralog	True	0	0	True	801	
E	nonclassical_I	True	0	0	True	1077	
F	nonclassical_I	True	0	0	True	1041	
G	nonclassical_I	True	0	0	True	1017	
H	pseudogene_I	True	0	0	True	1096	
J	pseudogene_I	True	0	0	True	1095	
K	pseudogene_I	False	1	1	False	1095	1094.0
L	pseudogene_I	True	0	0	True	1094	
MICA	mic_tap	True	0	0	True	1167	
MICB	mic_tap	True	0	0	True	1152	
N	pseudogene_I	True	0	0	True	161	
P	pseudogene_I	True	0	0	True	732	
S	pseudogene_I	True	0	0	True	266	
T	pseudogene_I	True	0	0	True	459	
TAP1	mic_tap	True	0	0	True	2247	
TAP2	mic_tap	True	0	0	True	2112	
U	pseudogene_I	True	0	0	True	196	
V	pseudogene_I	True	0	0	True	517	
W	pseudogene_I	True	0	0	True	938	
A	classical_I	True	0	0	True	1098	
B	classical_I	True	0	0	True	1089	
C	classical_I	True	0	0	True	1101	
DMA	class_II_accessory	True	0	0	True	786	
DMB	class_II_accessory	True	0	0	True	792	
DOA	class_II_accessory	True	0	0	True	753	
DOB	class_II_accessory	True	0	0	True	822	
DPA1	classical_II	True	0	0	True	783	
DPA2	class_II_paralog	True	0	0	True	733	
DPB1	classical_II	True	0	0	True	777	
DPB2	class_II_paralog	True	0	0	True	776	
DQA1	classical_II	True	0	0	True	765	
DQA2	class_II_paralog	True	0	0	True	768	
DQB1	classical_II	True	0	0	True	786	
DQB2	class_II_paralog	True	0	0	True	807	
DRA	class_II_accessory	True	0	0	True	765	
DRB1	classical_II	True	0	0	True	801	
DRB3	class_II_paralog	True	0	0	True	801	
DRB4	class_II_paralog	True	0	0	True	784	
E	nonclassical_I	True	0	0	True	1077	
F	nonclassical_I	True	0	0	True	1041	
G	nonclassical_I	True	0	0	True	1017	
H	pseudogene_I	True	0	0	True	1097	
HFE	other	True	0	0	True	1047	
J	pseudogene_I	True	0	0	True	1095	
K	pseudogene_I	True	0	0	True	1094	
L	pseudogene_I	True	0	0	True	1094	
MICA	mic_tap	True	0	0	True	1166	
MICB	mic_tap	True	0	0	True	1152	
N	pseudogene_I	True	0	0	True	161	
P	pseudogene_I	True	0	0	True	735	
S	pseudogene_I	True	0	0	True	266	
T	pseudogene_I	True	0	0	True	459	
TAP1	mic_tap	True	0	0	True	2247	
TAP2	mic_tap	True	0	0	True	2112	
U	pseudogene_I	True	0	0	True	196	
V	pseudogene_I	True	0	0	True	538	
W	pseudogene_I	True	0	0	True	938	
A	classical_I	True	0	0	True	1098	
B	classical_I	True	0	0	True	1089	
C	classical_I	True	0	0	True	1101	
DMA	class_II_accessory	True	0	0	True	786	
DMB	class_II_accessory	True	0	0	True	792	
DOA	class_II_accessory	True	0	0	True	753	
DOB	class_II_accessory	True	0	0	True	822	
DPA1	classical_II	True	0	0	True	783	
DPA2	class_II_paralog	True	0	0	True	733	
DPB1	classical_II	True	0	0	True	777	
DPB2	class_II_paralog	True	0	0	True	776	
DQA1	classical_II	False	3	3	True	768	768.0
DQA2	class_II_paralog	True	0	0	True	768	
DQB1	classical_II	True	0	0	True	786	
DQB2	class_II_paralog	False	1	1	False	807	806.0
DRA	class_II_accessory	True	0	0	True	765	
DRB1	classical_II	True	0	0	True	801	
DRB4	class_II_paralog	True	0	0	True	784	
E	nonclassical_I	False	1	1	True	1077	1077.0
F	nonclassical_I	True	0	0	True	1041	
G	nonclassical_I	True	0	0	True	1017	
H	pseudogene_I	True	0	0	True	1097	
J	pseudogene_I	True	0	0	True	1095	
K	pseudogene_I	False	1	1	False	1094	1095.0
L	pseudogene_I	True	0	0	True	1094	
MICA	mic_tap	False	1	1	True	1156	1156.0
MICB	mic_tap	True	0	0	True	1152	
N	pseudogene_I	True	0	0	True	161	
P	pseudogene_I	True	0	0	True	735	
S	pseudogene_I	True	0	0	True	266	
T	pseudogene_I	True	0	0	True	459	
TAP1	mic_tap	True	0	0	True	2247	
TAP2	mic_tap	True	0	0	True	2112	
U	pseudogene_I	True	0	0	True	196	
V	pseudogene_I	True	0	0	True	538	
W	pseudogene_I	True	0	0	True	938	
A	classical_I	True	0	0	True	1098	
B	classical_I	True	0	0	True	1089	
C	classical_I	True	0	0	True	1101	
DMA	class_II_accessory	True	0	0	True	786	
DMB	class_II_accessory	True	0	0	True	792	
DOA	class_II_accessory	True	0	0	True	753	
DOB	class_II_accessory	False	1	1	False	822	821.0
DPA1	classical_II	True	0	0	True	783	
DPA2	class_II_paralog	True	0	0	True	733	
DPB1	classical_II	True	0	0	True	777	
DPB2	class_II_paralog	True	0	0	True	776	
DQA1	classical_II	True	0	0	True	768	
DQA2	class_II_paralog	True	0	0	True	768	
DQB1	classical_II	True	0	0	True	786	
DQB2	class_II_paralog	True	0	0	True	807	
DRA	class_II_accessory	True	0	0	True	765	
DRB1	classical_II	True	0	0	True	801	
DRB3	class_II_paralog	True	0	0	True	801	
E	nonclassical_I	True	0	0	True	1077	
F	nonclassical_I	True	0	0	True	1041	
G	nonclassical_I	True	0	0	True	1017	
H	pseudogene_I	True	0	0	True	1096	
J	pseudogene_I	True	0	0	True	1095	
K	pseudogene_I	True	0	0	True	1093	
L	pseudogene_I	True	0	0	True	1096	
MICA	mic_tap	True	0	0	True	1158	
MICB	mic_tap	True	0	0	True	1152	
N	pseudogene_I	True	0	0	True	161	
P	pseudogene_I	True	0	0	True	732	
S	pseudogene_I	True	0	0	True	266	
T	pseudogene_I	True	0	0	True	459	
TAP1	mic_tap	True	0	0	True	2247	
TAP2	mic_tap	False	2	2	False	2063	2061.0
U	pseudogene_I	True	0	0	True	196	
V	pseudogene_I	True	0	0	True	538	
W	pseudogene_I	True	0	0	True	936	
A	classical_I	True	0	0	True	1098	
B	classical_I	True	0	0	True	1089	
C	classical_I	True	0	0	True	1101	
DMA	class_II_accessory	True	0	0	True	786	
DMB	class_II_accessory	True	0	0	True	792	
DOA	class_II_accessory	True	0	0	True	753	
DOB	class_II_accessory	True	0	0	True	822	
DPA1	classical_II	True	0	0	True	783	
DPA2	class_II_paralog	True	0	0	True	733	
DPB1	classical_II	True	0	0	True	777	
DPB2	class_II_paralog	True	0	0	True	776	
DQA1	classical_II	True	0	0	True	765	
DQA2	class_II_paralog	True	0	0	True	768	
DQB1	classical_II	True	0	0	True	786	
DQB2	class_II_paralog	True	0	0	True	807	
DRA	class_II_accessory	True	0	0	True	765	
DRB1	classical_II	True	0	0	True	801	
DRB3	class_II_paralog	True	0	0	True	801	
E	nonclassical_I	True	0	0	True	1077	
F	nonclassical_I	True	0	0	True	1041	
G	nonclassical_I	True	0	0	True	1017	
H	pseudogene_I	True	0	0	True	1096	
J	pseudogene_I	True	0	0	True	1089	
K	pseudogene_I	False	1	1	False	1095	1096.0
L	pseudogene_I	True	0	0	True	1094	
MICA	mic_tap	True	0	0	True	1158	
MICB	mic_tap	True	0	0	True	1152	
N	pseudogene_I	True	0	0	True	161	
P	pseudogene_I	True	0	0	True	732	
S	pseudogene_I	True	0	0	True	266	
T	pseudogene_I	True	0	0	True	459	
TAP1	mic_tap	True	0	0	True	2247	
TAP2	mic_tap	True	0	0	True	2061	
U	pseudogene_I	True	0	0	True	196	
V	pseudogene_I	True	0	0	True	517	
W	pseudogene_I	True	0	0	True	938	
Y	pseudogene_I	True	0	0	True	824	
A	classical_I	True	0	0	True	1098	
B	classical_I	True	0	0	True	1089	
C	classical_I	True	0	0	True	1101	
DMA	class_II_accessory	True	0	0	True	786	
DMB	class_II_accessory	True	0	0	True	792	
DOA	class_II_accessory	True	0	0	True	753	
DOB	class_II_accessory	True	0	0	True	822	
DPA1	classical_II	True	0	0	True	783	
DPA2	class_II_paralog	True	0	0	True	733	
DPB1	classical_II	True	0	0	True	777	
DPB2	class_II_paralog	True	0	0	True	776	
DQA1	classical_II	True	0	0	True	765	
DQA2	class_II_paralog	True	0	0	True	768	
DQB1	classical_II	True	0	0	True	786	
DQB2	class_II_paralog	True	0	0	True	807	
DRA	class_II_accessory	True	0	0	True	765	
DRB1	classical_II	True	0	0	True	801	
DRB3	class_II_paralog	True	0	0	True	801	
E	nonclassical_I	True	0	0	True	1077	
F	nonclassical_I	True	0	0	True	1041	
G	nonclassical_I	True	0	0	True	1017	
H	pseudogene_I	True	0	0	True	1096	
J	pseudogene_I	True	0	0	True	1089	
K	pseudogene_I	True	0	0	True	1093	
L	pseudogene_I	True	0	0	True	1096	
MICA	mic_tap	True	0	0	True	1158	
MICB	mic_tap	True	0	0	True	1152	
N	pseudogene_I	True	0	0	True	161	
P	pseudogene_I	True	0	0	True	735	
S	pseudogene_I	True	0	0	True	266	
T	pseudogene_I	True	0	0	True	459	
TAP1	mic_tap	True	0	0	True	2247	
TAP2	mic_tap	True	0	0	True	2061	
U	pseudogene_I	True	0	0	True	196	
V	pseudogene_I	True	0	0	True	517	
W	pseudogene_I	True	0	0	True	936	
Y	pseudogene_I	True	0	0	True	824	
A	classical_I	True	0	0	True	1098	
B	classical_I	True	0	0	True	1089	
C	classical_I	True	0	0	True	1101	
DMA	class_II_accessory	True	0	0	True	786	
DMB	class_II_accessory	True	0	0	True	792	
DOA	class_II_accessory	True	0	0	True	753	
DOB	class_II_accessory	True	0	0	True	822	
DPA1	classical_II	True	0	0	True	783	
DPA2	class_II_paralog	True	0	0	True	733	
DPB1	classical_II	True	0	0	True	777	
DPB2	class_II_paralog	True	0	0	True	776	
DQA1	classical_II	True	0	0	True	765	
DQA2	class_II_paralog	True	0	0	True	768	
DQB1	classical_II	True	0	0	True	786	
DQB2	class_II_paralog	True	0	0	True	807	
DRA	class_II_accessory	True	0	0	True	765	
DRB1	classical_II	True	0	0	True	801	
DRB3	class_II_paralog	True	0	0	True	801	
E	nonclassical_I	True	0	0	True	1077	
F	nonclassical_I	True	0	0	True	1041	
G	nonclassical_I	True	0	0	True	1017	
H	pseudogene_I	False	13	11	True	1096	1096.0
J	pseudogene_I	True	0	0	True	1096	
K	pseudogene_I	True	0	0	True	1093	
L	pseudogene_I	True	0	0	True	1096	
MICA	mic_tap	False	25	16	False	1158	1167.0
MICB	mic_tap	True	0	0	True	1152	
N	pseudogene_I	True	0	0	True	161	
P	pseudogene_I	True	0	0	True	735	
S	pseudogene_I	True	0	0	True	266	
T	pseudogene_I	True	0	0	True	459	
TAP1	mic_tap	True	0	0	True	2247	
TAP2	mic_tap	True	0	0	True	2061	
U	pseudogene_I	True	0	0	True	196	
V	pseudogene_I	True	0	0	True	516	
W	pseudogene_I	True	0	0	True	936	
A	classical_I	True	0	0	True	1098	
B	classical_I	True	0	0	True	1089	
C	classical_I	True	0	0	True	1101	
DMA	class_II_accessory	True	0	0	True	786	
DMB	class_II_accessory	True	0	0	True	792	
DOA	class_II_accessory	True	0	0	True	753	
DOB	class_II_accessory	True	0	0	True	822	
DPA1	classical_II	True	0	0	True	783	
DPA2	class_II_paralog	True	0	0	True	733	
DPB1	classical_II	True	0	0	True	777	
DPB2	class_II_paralog	True	0	0	True	776	
DQA1	classical_II	True	0	0	True	768	
DQA2	class_II_paralog	True	0	0	True	768	
DQB1	classical_II	True	0	0	True	786	
DQB2	class_II_paralog	True	0	0	True	807	
DRA	class_II_accessory	True	0	0	True	765	
DRB1	classical_II	True	0	0	True	801	
DRB3	class_II_paralog	False	15	13	True	801	801.0
E	nonclassical_I	True	0	0	True	1077	
F	nonclassical_I	True	0	0	True	1041	
G	nonclassical_I	True	0	0	True	1017	
H	pseudogene_I	True	0	0	True	1096	
J	pseudogene_I	True	0	0	True	1089	
K	pseudogene_I	True	0	0	True	1095	
L	pseudogene_I	True	0	0	True	1096	
MICA	mic_tap	True	0	0	True	1158	
MICB	mic_tap	True	0	0	True	1152	
N	pseudogene_I	True	0	0	True	161	
P	pseudogene_I	True	0	0	True	732	
S	pseudogene_I	True	0	0	True	266	
T	pseudogene_I	True	0	0	True	459	
TAP1	mic_tap	True	0	0	True	2247	
TAP2	mic_tap	True	0	0	True	2061	
U	pseudogene_I	True	0	0	True	196	
V	pseudogene_I	True	0	0	True	517	
W	pseudogene_I	True	0	0	True	938	
Y	pseudogene_I	True	0	0	True	824	
A	classical_I	True	0	0	True	1098	
B	classical_I	True	0	0	True	1089	
C	classical_I	True	0	0	True	1101	
DMA	class_II_accessory	True	0	0	True	786	
DMB	class_II_accessory	True	0	0	True	792	
DOA	class_II_accessory	True	0	0	True	753	
DOB	class_II_accessory	True	0	0	True	822	
DPA1	classical_II	True	0	0	True	783	
DPA2	class_II_paralog	True	0	0	True	733	
DPB1	classical_II	True	0	0	True	777	
DPB2	class_II_paralog	True	0	0	True	776	
DQA1	classical_II	True	0	0	True	765	
DQA2	class_II_paralog	True	0	0	True	768	
DQB1	classical_II	False	1	1	False	787	786.0
DQB2	class_II_paralog	True	0	0	True	807	
DRA	class_II_accessory	True	0	0	True	765	
DRB1	classical_II	True	0	0	True	801	
DRB3	class_II_paralog	True	0	0	True	801	
E	nonclassical_I	True	0	0	True	1077	
F	nonclassical_I	True	0	0	True	1041	
G	nonclassical_I	True	0	0	True	1017	
H	pseudogene_I	True	0	0	True	1096	
J	pseudogene_I	True	0	0	True	1089	
K	pseudogene_I	True	0	0	True	1095	
L	pseudogene_I	True	0	0	True	1096	
MICA	mic_tap	False	8	7	False	1158	1156.0
MICB	mic_tap	True	0	0	True	1152	
N	pseudogene_I	True	0	0	True	161	
P	pseudogene_I	True	0	0	True	732	
S	pseudogene_I	True	0	0	True	266	
T	pseudogene_I	True	0	0	True	459	
TAP1	mic_tap	True	0	0	True	2247	
TAP2	mic_tap	True	0	0	True	2061	
U	pseudogene_I	True	0	0	True	196	
V	pseudogene_I	True	0	0	True	517	
W	pseudogene_I	True	0	0	True	936	
Y	pseudogene_I	True	0	0	True	824	
A	classical_I	False	2	1	False	1100	1098.0
B	classical_I	True	0	0	True	1089	
C	classical_I	True	0	0	True	1101	
DMA	class_II_accessory	False	1	1	True	786	786.0
DMB	class_II_accessory	True	0	0	True	792	
DOA	class_II_accessory	True	0	0	True	753	
DOB	class_II_accessory	True	0	0	True	822	
DPA1	classical_II	True	0	0	True	783	
DPA2	class_II_paralog	True	0	0	True	733	
DPB1	classical_II	True	0	0	True	777	
DPB2	class_II_paralog	True	0	0	True	776	
DQA1	classical_II	False	18	15	False	765	771.0
DQA2	class_II_paralog	True	0	0	True	768	
DQB1	classical_II	True	0	0	True	786	
DQB2	class_II_paralog	False	1	1	True	807	807.0
DRA	class_II_accessory	True	0	0	True	765	
DRB1	classical_II	True	0	0	True	801	
DRB4	class_II_paralog	True	0	0	True	801	
E	nonclassical_I	False	1	1	False	1078	1077.0
F	nonclassical_I	True	0	0	True	1041	
G	nonclassical_I	True	0	0	True	1017	
H	pseudogene_I	False	4	4	False	1096	1092.0
J	pseudogene_I	True	0	0	True	1095	
K	pseudogene_I	True	0	0	True	1093	
L	pseudogene_I	True	0	0	True	1094	
MICA	mic_tap	False	1	1	False	1155	1156.0
MICB	mic_tap	True	0	0	True	1152	
N	pseudogene_I	True	0	0	True	161	
P	pseudogene_I	True	0	0	True	735	
S	pseudogene_I	True	0	0	True	266	
T	pseudogene_I	True	0	0	True	459	
TAP1	mic_tap	True	0	0	True	2247	
TAP2	mic_tap	False	1	1	True	2061	2061.0
U	pseudogene_I	True	0	0	True	196	
V	pseudogene_I	True	0	0	True	538	
W	pseudogene_I	True	0	0	True	923	
A	classical_I	True	0	0	True	1098	
B	classical_I	True	0	0	True	1089	
C	classical_I	True	0	0	True	1101	
DMA	class_II_accessory	False	1	1	True	786	786.0
DMB	class_II_accessory	True	0	0	True	792	
DOA	class_II_accessory	True	0	0	True	753	
DOB	class_II_accessory	True	0	0	True	822	
DPA1	classical_II	True	0	0	True	783	
DPA2	class_II_paralog	False	1	1	False	734	733.0
DPB1	classical_II	True	0	0	True	777	
DPB2	class_II_paralog	True	0	0	True	776	
DQA1	classical_II	True	0	0	True	768	
DQA2	class_II_paralog	True	0	0	True	768	
DQB1	classical_II	True	0	0	True	786	
DQB2	class_II_paralog	True	0	0	True	807	
DRA	class_II_accessory	True	0	0	True	765	
DRB1	classical_II	True	0	0	True	801	
DRB5	class_II_paralog	True	0	0	True	801	
E	nonclassical_I	True	0	0	True	1077	
F	nonclassical_I	True	0	0	True	1041	
G	nonclassical_I	True	0	0	True	1017	
H	pseudogene_I	True	0	0	True	1097	
J	pseudogene_I	True	0	0	True	1088	
K	pseudogene_I	True	0	0	True	1093	
L	pseudogene_I	True	0	0	True	1096	
MICA	mic_tap	True	0	0	True	1158	
MICB	mic_tap	True	0	0	True	1152	
N	pseudogene_I	True	0	0	True	161	
P	pseudogene_I	True	0	0	True	732	
S	pseudogene_I	True	0	0	True	266	
T	pseudogene_I	True	0	0	True	459	
TAP1	mic_tap	True	0	0	True	2247	
TAP2	mic_tap	False	1	1	True	2061	2061.0
U	pseudogene_I	True	0	0	True	196	
V	pseudogene_I	True	0	0	True	517	
W	pseudogene_I	True	0	0	True	938	
Y	pseudogene_I	True	0	0	True	824	
A	classical_I	True	0	0	True	1098	
B	classical_I	False	1	1	False	1088	1089.0
C	classical_I	True	0	0	True	1101	
DMA	class_II_accessory	True	0	0	True	786	
DMB	class_II_accessory	True	0	0	True	792	
DOA	class_II_accessory	True	0	0	True	753	
DOB	class_II_accessory	True	0	0	True	822	
DPA1	classical_II	True	0	0	True	783	
DPA2	class_II_paralog	True	0	0	True	733	
DPB1	classical_II	True	0	0	True	777	
DPB2	class_II_paralog	True	0	0	True	776	
DQA1	classical_II	True	0	0	True	765	
DQA2	class_II_paralog	True	0	0	True	768	
DQB1	classical_II	True	0	0	True	786	
DQB2	class_II_paralog	True	0	0	True	807	
DRA	class_II_accessory	False	1	1	True	765	765.0
DRB1	classical_II	True	0	0	True	801	
DRB3	class_II_paralog	True	0	0	True	801	
DRB5	class_II_paralog	True	0	0	True	801	
E	nonclassical_I	True	0	0	True	1077	
F	nonclassical_I	True	0	0	True	1041	
G	nonclassical_I	True	0	0	True	1017	
H	pseudogene_I	True	0	0	True	1096	
J	pseudogene_I	True	0	0	True	1095	
K	pseudogene_I	True	0	0	True	1093	
L	pseudogene_I	True	0	0	True	1094	
MICA	mic_tap	True	0	0	True	1155	
MICB	mic_tap	True	0	0	True	1152	
N	pseudogene_I	True	0	0	True	161	
P	pseudogene_I	True	0	0	True	735	
S	pseudogene_I	True	0	0	True	266	
T	pseudogene_I	True	0	0	True	459	
TAP1	mic_tap	True	0	0	True	2247	
TAP2	mic_tap	True	0	0	True	2061	
U	pseudogene_I	True	0	0	True	196	
V	pseudogene_I	True	0	0	True	538	
W	pseudogene_I	True	0	0	True	923	
A	classical_I	True	0	0	True	1098	
B	classical_I	True	0	0	True	1089	
C	classical_I	True	0	0	True	1101	
DMA	class_II_accessory	False	1	1	True	786	786.0
DMB	class_II_accessory	True	0	0	True	792	
DOA	class_II_accessory	True	0	0	True	753	
DOB	class_II_accessory	True	0	0	True	822	
DPA1	classical_II	True	0	0	True	783	
DPA2	class_II_paralog	False	1	1	False	734	733.0
DPB1	classical_II	True	0	0	True	777	
DPB2	class_II_paralog	True	0	0	True	776	
DQA1	classical_II	True	0	0	True	768	
DQA2	class_II_paralog	True	0	0	True	768	
DQB1	classical_II	True	0	0	True	786	
DQB2	class_II_paralog	True	0	0	True	807	
DRA	class_II_accessory	True	0	0	True	765	
DRB1	classical_II	True	0	0	True	801	
DRB5	class_II_paralog	True	0	0	True	801	
E	nonclassical_I	True	0	0	True	1077	
F	nonclassical_I	True	0	0	True	1041	
G	nonclassical_I	False	1	1	False	1017	1016.0
H	pseudogene_I	True	0	0	True	1097	
J	pseudogene_I	True	0	0	True	1088	
K	pseudogene_I	True	0	0	True	1093	
L	pseudogene_I	True	0	0	True	1096	
MICA	mic_tap	True	0	0	True	1158	
MICB	mic_tap	True	0	0	True	1152	
N	pseudogene_I	True	0	0	True	161	
P	pseudogene_I	True	0	0	True	732	
S	pseudogene_I	False	2	2	False	266	268.0
T	pseudogene_I	True	0	0	True	459	
TAP1	mic_tap	True	0	0	True	2247	
TAP2	mic_tap	False	1	1	True	2061	2061.0
U	pseudogene_I	True	0	0	True	196	
V	pseudogene_I	True	0	0	True	517	
W	pseudogene_I	True	0	0	True	938	
Y	pseudogene_I	True	0	0	True	824	
A	classical_I	True	0	0	True	1098	
B	classical_I	True	0	0	True	1089	
C	classical_I	True	0	0	True	1101	
DMA	class_II_accessory	True	0	0	True	786	
DMB	class_II_accessory	True	0	0	True	792	
DOA	class_II_accessory	True	0	0	True	753	
DOB	class_II_accessory	True	0	0	True	822	
DPA1	classical_II	True	0	0	True	783	
DPA2	class_II_paralog	True	0	0	True	733	
DPB1	classical_II	True	0	0	True	777	
DPB2	class_II_paralog	True	0	0	True	776	
DQA1	classical_II	True	0	0	True	768	
DQA2	class_II_paralog	True	0	0	True	768	
DQB1	classical_II	True	0	0	True	786	
DQB2	class_II_paralog	True	0	0	True	807	
DRA	class_II_accessory	True	0	0	True	765	
DRB1	classical_II	True	0	0	True	801	
DRB4	class_II_paralog	True	0	0	True	801	
E	nonclassical_I	True	0	0	True	1077	
F	nonclassical_I	True	0	0	True	1041	
G	nonclassical_I	True	0	0	True	1017	
H	pseudogene_I	False	23	17	False	1096	1090.0
J	pseudogene_I	True	0	0	True	1095	
K	pseudogene_I	False	27	24	False	1093	1091.0
L	pseudogene_I	True	0	0	True	1094	
MICA	mic_tap	True	0	0	True	1158	
MICB	mic_tap	False	2	2	True	1152	1152.0
N	pseudogene_I	True	0	0	True	161	
P	pseudogene_I	True	0	0	True	735	
S	pseudogene_I	True	0	0	True	266	
T	pseudogene_I	False	3	3	True	459	459.0
TAP1	mic_tap	True	0	0	True	2247	
TAP2	mic_tap	False	1	1	False	2060	2061.0
U	pseudogene_I	False	3	3	True	196	196.0
V	pseudogene_I	True	0	0	True	516	
W	pseudogene_I	False	21	7	False	923	936.0
A	classical_I	True	0	0	True	1098	
B	classical_I	True	0	0	True	1089	
C	classical_I	True	0	0	True	1101	
DMA	class_II_accessory	True	0	0	True	786	
DMB	class_II_accessory	True	0	0	True	792	
DOA	class_II_accessory	True	0	0	True	753	
DOB	class_II_accessory	True	0	0	True	822	
DPA1	classical_II	True	0	0	True	783	
DPA2	class_II_paralog	True	0	0	True	733	
DPB1	classical_II	True	0	0	True	777	
DPB2	class_II_paralog	True	0	0	True	776	
DQA1	classical_II	True	0	0	True	768	
DQA2	class_II_paralog	True	0	0	True	768	
DQB1	classical_II	True	0	0	True	786	
DQB2	class_II_paralog	True	0	0	True	807	
DRA	class_II_accessory	True	0	0	True	765	
DRB1	classical_II	True	0	0	True	801	
DRB3	class_II_paralog	False	14	13	True	801	801.0
DRB5	class_II_paralog	True	0	0	True	801	
E	nonclassical_I	True	0	0	True	1077	
F	nonclassical_I	True	0	0	True	1041	
G	nonclassical_I	True	0	0	True	1017	
H	pseudogene_I	False	12	10	True	1096	1096.0
J	pseudogene_I	True	0	0	True	1095	
K	pseudogene_I	False	23	19	False	1093	1095.0
L	pseudogene_I	True	0	0	True	1096	
MICA	mic_tap	True	0	0	True	1155	
MICB	mic_tap	True	0	0	True	1152	
N	pseudogene_I	True	0	0	True	161	
P	pseudogene_I	True	0	0	True	735	
S	pseudogene_I	True	0	0	True	266	
T	pseudogene_I	False	1	1	True	459	459.0
TAP1	mic_tap	True	0	0	True	2247	
TAP2	mic_tap	True	0	0	True	2061	
U	pseudogene_I	False	7	6	True	196	196.0
V	pseudogene_I	True	0	0	True	538	
W	pseudogene_I	True	0	0	True	936	
Y	pseudogene_I	True	0	0	True	824	
A	classical_I	True	0	0	True	1098	
B	classical_I	True	0	0	True	1089	
C	classical_I	True	0	0	True	1101	
DMA	class_II_accessory	True	0	0	True	786	
DMB	class_II_accessory	True	0	0	True	792	
DOA	class_II_accessory	True	0	0	True	753	
DOB	class_II_accessory	True	0	0	True	822	
DPA1	classical_II	True	0	0	True	783	
DPA2	class_II_paralog	True	0	0	True	733	
DPB1	classical_II	True	0	0	True	777	
DPB2	class_II_paralog	True	0	0	True	776	
DQA1	classical_II	False	2	2	True	768	768.0
DQA2	class_II_paralog	True	0	0	True	768	
DQB1	classical_II	True	0	0	True	786	
DQB2	class_II_paralog	True	0	0	True	807	
DRA	class_II_accessory	True	0	0	True	765	
DRB1	classical_II	True	0	0	True	801	
DRB4	class_II_paralog	True	0	0	True	801	
E	nonclassical_I	True	0	0	True	1077	
F	nonclassical_I	True	0	0	True	1041	
G	nonclassical_I	True	0	0	True	1017	
H	pseudogene_I	True	0	0	True	1096	
J	pseudogene_I	True	0	0	True	1095	
K	pseudogene_I	True	0	0	True	1093	
L	pseudogene_I	True	0	0	True	1096	
MICA	mic_tap	True	0	0	True	1152	
MICB	mic_tap	False	2	2	True	1152	1152.0
N	pseudogene_I	True	0	0	True	161	
P	pseudogene_I	True	0	0	True	735	
S	pseudogene_I	True	0	0	True	266	
T	pseudogene_I	True	0	0	True	459	
TAP1	mic_tap	True	0	0	True	2247	
TAP2	mic_tap	True	0	0	True	2061	
U	pseudogene_I	True	0	0	True	196	
V	pseudogene_I	True	0	0	True	538	
W	pseudogene_I	True	0	0	True	923	
A	classical_I	True	0	0	True	1098	
B	classical_I	True	0	0	True	1089	
C	classical_I	True	0	0	True	1101	
DMA	class_II_accessory	True	0	0	True	786	
DMB	class_II_accessory	True	0	0	True	792	
DOA	class_II_accessory	True	0	0	True	753	
DOB	class_II_accessory	True	0	0	True	822	
DPA1	classical_II	True	0	0	True	783	
DPA2	class_II_paralog	True	0	0	True	733	
DPB1	classical_II	True	0	0	True	777	
DPB2	class_II_paralog	True	0	0	True	776	
DQA1	classical_II	True	0	0	True	768	
DQA2	class_II_paralog	True	0	0	True	768	
DQB1	classical_II	True	0	0	True	786	
DQB2	class_II_paralog	True	0	0	True	807	
DRA	class_II_accessory	True	0	0	True	765	
DRB1	classical_II	False	34	26	True	801	801.0
E	nonclassical_I	True	0	0	True	1077	
F	nonclassical_I	True	0	0	True	1041	
G	nonclassical_I	True	0	0	True	1016	
H	pseudogene_I	True	0	0	True	1096	
J	pseudogene_I	True	0	0	True	1089	
K	pseudogene_I	True	0	0	True	1092	
L	pseudogene_I	True	0	0	True	1096	
MICA	mic_tap	False	2	2	False	1166	1167.0
MICB	mic_tap	True	0	0	True	1152	
N	pseudogene_I	True	0	0	True	161	
P	pseudogene_I	True	0	0	True	732	
S	pseudogene_I	True	0	0	True	266	
T	pseudogene_I	True	0	0	True	459	
TAP1	mic_tap	True	0	0	True	2247	
TAP2	mic_tap	True	0	0	True	2061	
U	pseudogene_I	True	0	0	True	196	
V	pseudogene_I	True	0	0	True	517	
W	pseudogene_I	True	0	0	True	923	
Y	pseudogene_I	True	0	0	True	824	
A	classical_I	True	0	0	True	1098	
B	classical_I	True	0	0	True	1089	
C	classical_I	True	0	0	True	1101	
DMA	class_II_accessory	True	0	0	True	786	
DMB	class_II_accessory	True	0	0	True	792	
DOA	class_II_accessory	True	0	0	True	753	
DOB	class_II_accessory	True	0	0	True	822	
DPA1	classical_II	True	0	0	True	783	
DPA2	class_II_paralog	True	0	0	True	733	
DPB1	classical_II	True	0	0	True	777	
DPB2	class_II_paralog	True	0	0	True	776	
DQA1	classical_II	True	0	0	True	768	
DQA2	class_II_paralog	True	0	0	True	768	
DQB1	classical_II	True	0	0	True	786	
DQB2	class_II_paralog	True	0	0	True	807	
DRA	class_II_accessory	True	0	0	True	765	
DRB1	classical_II	True	0	0	True	801	
DRB4	class_II_paralog	True	0	0	True	801	
E	nonclassical_I	True	0	0	True	1077	
F	nonclassical_I	True	0	0	True	1041	
G	nonclassical_I	True	0	0	True	1017	
H	pseudogene_I	True	0	0	True	1096	
J	pseudogene_I	True	0	0	True	1095	
K	pseudogene_I	False	29	21	False	1092	1095.0
L	pseudogene_I	True	0	0	True	1094	
MICA	mic_tap	True	0	0	True	1166	
MICB	mic_tap	True	0	0	True	1152	
N	pseudogene_I	True	0	0	True	161	
P	pseudogene_I	True	0	0	True	735	
S	pseudogene_I	True	0	0	True	266	
T	pseudogene_I	True	0	0	True	459	
TAP1	mic_tap	True	0	0	True	2247	
TAP2	mic_tap	True	0	0	True	2061	
U	pseudogene_I	False	8	7	True	196	196.0
V	pseudogene_I	True	0	0	True	517	
W	pseudogene_I	True	0	0	True	936	
A	classical_I	True	0	0	True	1098	
B	classical_I	True	0	0	True	1089	
C	classical_I	True	0	0	True	1101	
DMA	class_II_accessory	True	0	0	True	786	
DMB	class_II_accessory	True	0	0	True	792	
DOA	class_II_accessory	True	0	0	True	753	
DOB	class_II_accessory	True	0	0	True	822	
DPA1	classical_II	True	0	0	True	783	
DPA2	class_II_paralog	False	1	1	True	733	733.0
DPB1	classical_II	True	0	0	True	777	
DPB2	class_II_paralog	True	0	0	True	776	
DQA1	classical_II	True	0	0	True	765	
DQA2	class_II_paralog	True	0	0	True	768	
DQB1	classical_II	True	0	0	True	786	
DQB2	class_II_paralog	True	0	0	True	807	
DRA	class_II_accessory	True	0	0	True	765	
DRB1	classical_II	True	0	0	True	801	
DRB4	class_II_paralog	True	0	0	True	801	
E	nonclassical_I	True	0	0	True	1077	
F	nonclassical_I	True	0	0	True	1041	
G	nonclassical_I	True	0	0	True	1017	
H	pseudogene_I	False	17	12	False	1090	1096.0
J	pseudogene_I	True	0	0	True	1095	
K	pseudogene_I	False	27	23	False	1091	1095.0
L	pseudogene_I	True	0	0	True	1096	
MICA	mic_tap	True	0	0	True	1152	
MICB	mic_tap	True	0	0	True	1152	
N	pseudogene_I	True	0	0	True	161	
P	pseudogene_I	True	0	0	True	735	
S	pseudogene_I	True	0	0	True	266	
T	pseudogene_I	False	3	3	True	459	459.0
TAP1	mic_tap	True	0	0	True	2247	
TAP2	mic_tap	True	0	0	True	2061	
U	pseudogene_I	False	1	1	True	196	196.0
V	pseudogene_I	True	0	0	True	538	
W	pseudogene_I	True	0	0	True	936	
A	classical_I	True	0	0	True	1098	
B	classical_I	True	0	0	True	1089	
C	classical_I	False	1	1	False	1100	1101.0
DMA	class_II_accessory	True	0	0	True	786	
DMB	class_II_accessory	True	0	0	True	792	
DOA	class_II_accessory	True	0	0	True	753	
DOB	class_II_accessory	True	0	0	True	822	
DPA1	classical_II	True	0	0	True	783	
DPA2	class_II_paralog	True	0	0	True	733	
DPB1	classical_II	True	0	0	True	777	
DPB2	class_II_paralog	True	0	0	True	776	
DQA1	classical_II	True	0	0	True	768	
DQA2	class_II_paralog	True	0	0	True	768	
DQB1	classical_II	False	1	1	False	785	786.0
DQB2	class_II_paralog	True	0	0	True	807	
DRA	class_II_accessory	True	0	0	True	765	
DRB1	classical_II	True	0	0	True	801	
DRB4	class_II_paralog	False	1	1	True	801	801.0
E	nonclassical_I	True	0	0	True	1077	
F	nonclassical_I	True	0	0	True	1041	
G	nonclassical_I	True	0	0	True	1017	
H	pseudogene_I	True	0	0	True	1090	
J	pseudogene_I	True	0	0	True	1095	
K	pseudogene_I	True	0	0	True	1091	
L	pseudogene_I	True	0	0	True	1094	
MICA	mic_tap	True	0	0	True	1167	
MICB	mic_tap	True	0	0	True	1152	
N	pseudogene_I	True	0	0	True	161	
P	pseudogene_I	True	0	0	True	735	
S	pseudogene_I	True	0	0	True	266	
T	pseudogene_I	True	0	0	True	459	
TAP1	mic_tap	True	0	0	True	2247	
TAP2	mic_tap	True	0	0	True	2061	
U	pseudogene_I	True	0	0	True	196	
V	pseudogene_I	False	27	7	False	538	516.0
W	pseudogene_I	True	0	0	True	938	
A	classical_I	True	0	0	True	1098	
B	classical_I	True	0	0	True	1089	
C	classical_I	False	5	5	False	1101	1102.0
DMA	class_II_accessory	True	0	0	True	786	
DMB	class_II_accessory	True	0	0	True	792	
DOA	class_II_accessory	True	0	0	True	753	
DOB	class_II_accessory	True	0	0	True	822	
DPA1	classical_II	True	0	0	True	783	
DPA2	class_II_paralog	True	0	0	True	733	
DPB1	classical_II	True	0	0	True	777	
DPB2	class_II_paralog	True	0	0	True	776	
DQA1	classical_II	True	0	0	True	765	
DQA2	class_II_paralog	True	0	0	True	768	
DQB1	classical_II	True	0	0	True	786	
DQB2	class_II_paralog	True	0	0	True	807	
DRA	class_II_accessory	True	0	0	True	765	
DRB1	classical_II	True	0	0	True	801	
E	nonclassical_I	True	0	0	True	1077	
F	nonclassical_I	True	0	0	True	1041	
G	nonclassical_I	True	0	0	True	1017	
J	pseudogene_I	True	0	0	True	1095	
L	pseudogene_I	True	0	0	True	1094	
MICA	mic_tap	False	2	2	True	1155	1155.0
MICB	mic_tap	True	0	0	True	1152	
N	pseudogene_I	True	0	0	True	161	
P	pseudogene_I	True	0	0	True	735	
S	pseudogene_I	True	0	0	True	266	
TAP1	mic_tap	True	0	0	True	2247	
TAP2	mic_tap	True	0	0	True	2061	
V	pseudogene_I	True	0	0	True	538	
W	pseudogene_I	True	0	0	True	923	
A	classical_I	True	0	0	True	1098	
B	classical_I	True	0	0	True	1089	
C	classical_I	False	25	24	True	1101	1101.0
DMA	class_II_accessory	True	0	0	True	786	
DMB	class_II_accessory	True	0	0	True	792	
DOA	class_II_accessory	True	0	0	True	753	
DOB	class_II_accessory	True	0	0	True	822	
DPA1	classical_II	True	0	0	True	783	
DPA2	class_II_paralog	True	0	0	True	733	
DPB1	classical_II	True	0	0	True	777	
DPB2	class_II_paralog	True	0	0	True	776	
DQA1	classical_II	True	0	0	True	765	
DQA2	class_II_paralog	True	0	0	True	768	
DQB1	classical_II	True	0	0	True	786	
DQB2	class_II_paralog	True	0	0	True	807	
DRA	class_II_accessory	True	0	0	True	765	
DRB1	classical_II	True	0	0	True	801	
DRB3	class_II_paralog	True	0	0	True	801	
E	nonclassical_I	True	0	0	True	1077	
F	nonclassical_I	True	0	0	True	1041	
G	nonclassical_I	True	0	0	True	1017	
H	pseudogene_I	True	0	0	True	1096	
J	pseudogene_I	True	0	0	True	1089	
K	pseudogene_I	True	0	0	True	1095	
L	pseudogene_I	True	0	0	True	1094	
MICA	mic_tap	True	0	0	True	1156	
MICB	mic_tap	True	0	0	True	1152	
N	pseudogene_I	True	0	0	True	161	
P	pseudogene_I	True	0	0	True	732	
S	pseudogene_I	True	0	0	True	266	
T	pseudogene_I	True	0	0	True	459	
TAP1	mic_tap	True	0	0	True	2247	
TAP2	mic_tap	True	0	0	True	2061	
U	pseudogene_I	True	0	0	True	196	
V	pseudogene_I	True	0	0	True	517	
W	pseudogene_I	True	0	0	True	938	
Y	pseudogene_I	True	0	0	True	824	
A	classical_I	True	0	0	True	1098	
B	classical_I	True	0	0	True	1089	
C	classical_I	True	0	0	True	1101	
DMA	class_II_accessory	True	0	0	True	786	
DMB	class_II_accessory	True	0	0	True	792	
DOA	class_II_accessory	True	0	0	True	753	
DOB	class_II_accessory	True	0	0	True	822	
DPA1	classical_II	True	0	0	True	783	
DPA2	class_II_paralog	True	0	0	True	733	
DPB1	classical_II	True	0	0	True	777	
DPB2	class_II_paralog	True	0	0	True	776	
DQA1	classical_II	True	0	0	True	765	
DQA2	class_II_paralog	True	0	0	True	768	
DQB1	classical_II	True	0	0	True	786	
DQB2	class_II_paralog	True	0	0	True	807	
DRA	class_II_accessory	True	0	0	True	765	
DRB1	classical_II	True	0	0	True	801	
DRB3	class_II_paralog	True	0	0	True	801	
E	nonclassical_I	True	0	0	True	1077	
F	nonclassical_I	True	0	0	True	1041	
G	nonclassical_I	True	0	0	True	1017	
H	pseudogene_I	True	0	0	True	1096	
J	pseudogene_I	True	0	0	True	1089	
K	pseudogene_I	True	0	0	True	1095	
L	pseudogene_I	True	0	0	True	1094	
MICA	mic_tap	True	0	0	True	1156	
MICB	mic_tap	False	1	1	False	1152	1153.0
N	pseudogene_I	True	0	0	True	161	
P	pseudogene_I	True	0	0	True	732	
S	pseudogene_I	True	0	0	True	266	
T	pseudogene_I	True	0	0	True	459	
TAP1	mic_tap	True	0	0	True	2247	
TAP2	mic_tap	True	0	0	True	2061	
U	pseudogene_I	True	0	0	True	196	
V	pseudogene_I	True	0	0	True	517	
W	pseudogene_I	True	0	0	True	938	
Y	pseudogene_I	True	0	0	True	824	
A	classical_I	True	0	0	True	1098	
B	classical_I	True	0	0	True	1089	
C	classical_I	True	0	0	True	1101	
DMA	class_II_accessory	True	0	0	True	786	
DMB	class_II_accessory	True	0	0	True	792	
DOA	class_II_accessory	True	0	0	True	753	
DOB	class_II_accessory	True	0	0	True	822	
DPA1	classical_II	True	0	0	True	783	
DPA2	class_II_paralog	True	0	0	True	733	
DPB1	classical_II	True	0	0	True	777	
DPB2	class_II_paralog	True	0	0	True	776	
DQA1	classical_II	True	0	0	True	768	
DQA2	class_II_paralog	True	0	0	True	768	
DQB1	classical_II	True	0	0	True	786	
DQB2	class_II_paralog	True	0	0	True	807	
DRA	class_II_accessory	True	0	0	True	765	
DRB1	classical_II	True	0	0	True	801	
E	nonclassical_I	True	0	0	True	1077	
F	nonclassical_I	True	0	0	True	1041	
G	nonclassical_I	True	0	0	True	1017	
H	pseudogene_I	True	0	0	True	1104	
J	pseudogene_I	True	0	0	True	1095	
K	pseudogene_I	True	0	0	True	1092	
L	pseudogene_I	True	0	0	True	1096	
MICA	mic_tap	True	0	0	True	1158	
MICB	mic_tap	True	0	0	True	1152	
N	pseudogene_I	True	0	0	True	161	
P	pseudogene_I	True	0	0	True	732	
S	pseudogene_I	True	0	0	True	266	
T	pseudogene_I	True	0	0	True	459	
TAP1	mic_tap	True	0	0	True	2247	
TAP2	mic_tap	True	0	0	True	2112	
U	pseudogene_I	True	0	0	True	196	
V	pseudogene_I	True	0	0	True	517	
W	pseudogene_I	True	0	0	True	936	
A	classical_I	True	0	0	True	1098	
B	classical_I	False	6	5	False	1089	1088.0
C	classical_I	True	0	0	True	1101	
DMA	class_II_accessory	True	0	0	True	786	
DMB	class_II_accessory	True	0	0	True	792	
DOA	class_II_accessory	True	0	0	True	753	
DOB	class_II_accessory	True	0	0	True	822	
DPA1	classical_II	True	0	0	True	783	
DPA2	class_II_paralog	True	0	0	True	733	
DPB1	classical_II	True	0	0	True	777	
DPB2	class_II_paralog	True	0	0	True	776	
DQA1	classical_II	True	0	0	True	765	
DQA2	class_II_paralog	True	0	0	True	768	
DQB1	classical_II	True	0	0	True	786	
DQB2	class_II_paralog	True	0	0	True	807	
DRA	class_II_accessory	True	0	0	True	765	
DRB1	classical_II	True	0	0	True	801	
E	nonclassical_I	True	0	0	True	1077	
F	nonclassical_I	True	0	0	True	1041	
G	nonclassical_I	True	0	0	True	1017	
H	pseudogene_I	True	0	0	True	1097	
J	pseudogene_I	True	0	0	True	1088	
K	pseudogene_I	True	0	0	True	1093	
L	pseudogene_I	True	0	0	True	1094	
MICA	mic_tap	False	2	2	False	1167	1166.0
MICB	mic_tap	True	0	0	True	1152	
N	pseudogene_I	True	0	0	True	161	
P	pseudogene_I	True	0	0	True	735	
S	pseudogene_I	True	0	0	True	266	
T	pseudogene_I	True	0	0	True	459	
TAP1	mic_tap	True	0	0	True	2247	
TAP2	mic_tap	True	0	0	True	2061	
U	pseudogene_I	True	0	0	True	196	
V	pseudogene_I	True	0	0	True	516	
W	pseudogene_I	True	0	0	True	938	
Y	pseudogene_I	True	0	0	True	824	
A	classical_I	True	0	0	True	1098	
B	classical_I	True	0	0	True	1089	
C	classical_I	True	0	0	True	1101	
DMA	class_II_accessory	True	0	0	True	786	
DMB	class_II_accessory	True	0	0	True	792	
DOA	class_II_accessory	True	0	0	True	753	
DOB	class_II_accessory	True	0	0	True	822	
DPA1	classical_II	True	0	0	True	783	
DPA2	class_II_paralog	True	0	0	True	733	
DPB1	classical_II	True	0	0	True	777	
DPB2	class_II_paralog	True	0	0	True	776	
DQA1	classical_II	True	0	0	True	765	
DQA2	class_II_paralog	True	0	0	True	768	
DQB1	classical_II	False	32	26	True	786	786.0
DQB2	class_II_paralog	True	0	0	True	807	
DRA	class_II_accessory	True	0	0	True	765	
DRB1	classical_II	True	0	0	True	801	
DRB5	class_II_paralog	True	0	0	True	801	
E	nonclassical_I	True	0	0	True	1077	
F	nonclassical_I	True	0	0	True	1041	
G	nonclassical_I	True	0	0	True	1017	
H	pseudogene_I	True	0	0	True	1096	
J	pseudogene_I	True	0	0	True	1088	
K	pseudogene_I	True	0	0	True	1095	
L	pseudogene_I	True	0	0	True	1094	
MICA	mic_tap	True	0	0	True	1155	
MICB	mic_tap	True	0	0	True	1152	
N	pseudogene_I	True	0	0	True	161	
P	pseudogene_I	True	0	0	True	732	
S	pseudogene_I	True	0	0	True	266	
T	pseudogene_I	True	0	0	True	459	
TAP1	mic_tap	True	0	0	True	2247	
TAP2	mic_tap	True	0	0	True	2112	
U	pseudogene_I	True	0	0	True	196	
V	pseudogene_I	True	0	0	True	517	
W	pseudogene_I	True	0	0	True	938	
Y	pseudogene_I	True	0	0	True	824	
A	classical_I	True	0	0	True	1098	
B	classical_I	True	0	0	True	1089	
C	classical_I	True	0	0	True	1101	
DMA	class_II_accessory	True	0	0	True	786	
DMB	class_II_accessory	True	0	0	True	792	
DOA	class_II_accessory	True	0	0	True	753	
DOB	class_II_accessory	True	0	0	True	822	
DPA1	classical_II	True	0	0	True	783	
DPA2	class_II_paralog	True	0	0	True	733	
DPB1	classical_II	True	0	0	True	777	
DPB2	class_II_paralog	True	0	0	True	776	
DQA1	classical_II	True	0	0	True	765	
DQA2	class_II_paralog	True	0	0	True	768	
DQB1	classical_II	True	0	0	True	786	
DQB2	class_II_paralog	True	0	0	True	807	
DRA	class_II_accessory	True	0	0	True	765	
DRB1	classical_II	True	0	0	True	801	
DRB3	class_II_paralog	True	0	0	True	801	
E	nonclassical_I	True	0	0	True	1077	
F	nonclassical_I	True	0	0	True	1041	
G	nonclassical_I	True	0	0	True	1017	
H	pseudogene_I	False	1	1	False	1098	1097.0
J	pseudogene_I	True	0	0	True	1088	
K	pseudogene_I	True	0	0	True	1093	
L	pseudogene_I	True	0	0	True	1094	
MICB	mic_tap	True	0	0	True	1152	
N	pseudogene_I	True	0	0	True	161	
P	pseudogene_I	True	0	0	True	735	
S	pseudogene_I	True	0	0	True	266	
T	pseudogene_I	True	0	0	True	459	
TAP1	mic_tap	True	0	0	True	2247	
TAP2	mic_tap	True	0	0	True	2112	
U	pseudogene_I	True	0	0	True	196	
V	pseudogene_I	True	0	0	True	538	
W	pseudogene_I	True	0	0	True	936	
Y	pseudogene_I	True	0	0	True	824	
A	classical_I	True	0	0	True	1098	
B	classical_I	True	0	0	True	1089	
C	classical_I	True	0	0	True	1101	
DMA	class_II_accessory	True	0	0	True	786	
DMB	class_II_accessory	True	0	0	True	792	
DOA	class_II_accessory	True	0	0	True	753	
DOB	class_II_accessory	True	0	0	True	822	
DPA1	classical_II	True	0	0	True	783	
DPA2	class_II_paralog	True	0	0	True	733	
DPB1	classical_II	True	0	0	True	777	
DPB2	class_II_paralog	True	0	0	True	776	
DQA1	classical_II	True	0	0	True	765	
DQA2	class_II_paralog	True	0	0	True	768	
DQB1	classical_II	True	0	0	True	786	
DQB2	class_II_paralog	True	0	0	True	807	
DRA	class_II_accessory	True	0	0	True	765	
DRB1	classical_II	True	0	0	True	801	
DRB3	class_II_paralog	True	0	0	True	801	
E	nonclassical_I	True	0	0	True	1077	
F	nonclassical_I	True	0	0	True	1041	
G	nonclassical_I	True	0	0	True	1017	
H	pseudogene_I	True	0	0	True	1096	
HFE	other	True	0	0	True	1047	
J	pseudogene_I	True	0	0	True	1089	
K	pseudogene_I	True	0	0	True	1095	
L	pseudogene_I	True	0	0	True	1094	
MICA	mic_tap	True	0	0	True	1156	
MICB	mic_tap	True	0	0	True	1152	
N	pseudogene_I	True	0	0	True	161	
P	pseudogene_I	True	0	0	True	732	
S	pseudogene_I	True	0	0	True	266	
T	pseudogene_I	True	0	0	True	459	
TAP1	mic_tap	True	0	0	True	2247	
TAP2	mic_tap	True	0	0	True	2061	
U	pseudogene_I	True	0	0	True	196	
V	pseudogene_I	True	0	0	True	517	
W	pseudogene_I	True	0	0	True	938	
Y	pseudogene_I	True	0	0	True	824	
A	classical_I	True	0	0	True	1098	
B	classical_I	True	0	0	True	1089	
C	classical_I	True	0	0	True	1101	
DMA	class_II_accessory	True	0	0	True	786	
DMB	class_II_accessory	True	0	0	True	792	
DOA	class_II_accessory	False	1	1	True	753	753.0
DOB	class_II_accessory	True	0	0	True	822	
DPA1	classical_II	True	0	0	True	783	
DPA2	class_II_paralog	True	0	0	True	733	
DPB1	classical_II	True	0	0	True	777	
DPB2	class_II_paralog	True	0	0	True	776	
DQA1	classical_II	True	0	0	True	765	
DQA2	class_II_paralog	True	0	0	True	768	
DQB1	classical_II	True	0	0	True	786	
DQB2	class_II_paralog	True	0	0	True	807	
DRA	class_II_accessory	True	0	0	True	765	
DRB1	classical_II	True	0	0	True	801	
DRB3	class_II_paralog	True	0	0	True	801	
E	nonclassical_I	True	0	0	True	1077	
F	nonclassical_I	True	0	0	True	1041	
G	nonclassical_I	True	0	0	True	1017	
H	pseudogene_I	True	0	0	True	1096	
J	pseudogene_I	False	1	1	True	1088	1088.0
K	pseudogene_I	True	0	0	True	1093	
L	pseudogene_I	True	0	0	True	1096	
MICA	mic_tap	True	0	0	True	1156	
MICB	mic_tap	True	0	0	True	1152	
N	pseudogene_I	True	0	0	True	161	
P	pseudogene_I	True	0	0	True	735	
S	pseudogene_I	True	0	0	True	266	
T	pseudogene_I	True	0	0	True	459	
TAP1	mic_tap	True	0	0	True	2247	
TAP2	mic_tap	True	0	0	True	2061	
U	pseudogene_I	True	0	0	True	196	
V	pseudogene_I	True	0	0	True	538	
W	pseudogene_I	True	0	0	True	923	
Y	pseudogene_I	True	0	0	True	824	
A	classical_I	True	0	0	True	1098	
B	classical_I	True	0	0	True	1089	
C	classical_I	True	0	0	True	1101	
DMA	class_II_accessory	True	0	0	True	786	
DMB	class_II_accessory	False	1	1	True	792	792.0
DOA	class_II_accessory	True	0	0	True	753	
DOB	class_II_accessory	True	0	0	True	822	
DPA1	classical_II	True	0	0	True	783	
DPA2	class_II_paralog	True	0	0	True	733	
DPB1	classical_II	False	4	4	True	777	777.0
DPB2	class_II_paralog	False	2	2	True	776	776.0
DQA1	classical_II	True	0	0	True	765	
DQA2	class_II_paralog	True	0	0	True	768	
DQB1	classical_II	True	0	0	True	786	
DQB2	class_II_paralog	True	0	0	True	807	
DRA	class_II_accessory	True	0	0	True	765	
DRB1	classical_II	True	0	0	True	801	
E	nonclassical_I	True	0	0	True	1077	
F	nonclassical_I	True	0	0	True	1041	
G	nonclassical_I	True	0	0	True	1017	
H	pseudogene_I	True	0	0	True	1097	
J	pseudogene_I	True	0	0	True	1088	
K	pseudogene_I	True	0	0	True	1093	
L	pseudogene_I	True	0	0	True	1096	
MICA	mic_tap	True	0	0	True	1158	
MICB	mic_tap	True	0	0	True	1152	
N	pseudogene_I	True	0	0	True	161	
P	pseudogene_I	True	0	0	True	732	
S	pseudogene_I	True	0	0	True	266	
T	pseudogene_I	True	0	0	True	459	
TAP1	mic_tap	True	0	0	True	2247	
TAP2	mic_tap	True	0	0	True	2112	
U	pseudogene_I	True	0	0	True	196	
V	pseudogene_I	True	0	0	True	517	
W	pseudogene_I	True	0	0	True	938	
Y	pseudogene_I	True	0	0	True	824	
A	classical_I	True	0	0	True	1098	
B	classical_I	True	0	0	True	1089	
C	classical_I	True	0	0	True	1101	
DMA	class_II_accessory	True	0	0	True	786	
DMB	class_II_accessory	True	0	0	True	792	
DOA	class_II_accessory	True	0	0	True	753	
DOB	class_II_accessory	True	0	0	True	822	
DPA1	classical_II	True	0	0	True	783	
DPA2	class_II_paralog	True	0	0	True	733	
DPB1	classical_II	True	0	0	True	777	
DPB2	class_II_paralog	True	0	0	True	776	
DQA1	classical_II	True	0	0	True	768	
DQA2	class_II_paralog	True	0	0	True	768	
DQB1	classical_II	True	0	0	True	786	
DQB2	class_II_paralog	True	0	0	True	807	
DRA	class_II_accessory	True	0	0	True	765	
DRB1	classical_II	True	0	0	True	801	
E	nonclassical_I	True	0	0	True	1077	
F	nonclassical_I	True	0	0	True	1041	
G	nonclassical_I	True	0	0	True	1017	
H	pseudogene_I	True	0	0	True	1090	
J	pseudogene_I	True	0	0	True	1095	
K	pseudogene_I	True	0	0	True	1094	
L	pseudogene_I	True	0	0	True	1096	
MICA	mic_tap	True	0	0	True	1158	
MICB	mic_tap	True	0	0	True	1152	
N	pseudogene_I	True	0	0	True	161	
P	pseudogene_I	True	0	0	True	735	
S	pseudogene_I	True	0	0	True	266	
T	pseudogene_I	True	0	0	True	459	
TAP1	mic_tap	True	0	0	True	2247	
TAP2	mic_tap	True	0	0	True	2061	
U	pseudogene_I	True	0	0	True	195	
V	pseudogene_I	True	0	0	True	538	
W	pseudogene_I	True	0	0	True	938	
A	classical_I	True	0	0	True	1098	
B	classical_I	True	0	0	True	1089	
C	classical_I	False	1	1	False	1101	1100.0
DMA	class_II_accessory	True	0	0	True	786	
DMB	class_II_accessory	True	0	0	True	792	
DOA	class_II_accessory	True	0	0	True	753	
DOB	class_II_accessory	True	0	0	True	822	
DPA1	classical_II	True	0	0	True	783	
DPA2	class_II_paralog	True	0	0	True	733	
DPB1	classical_II	True	0	0	True	777	
DPB2	class_II_paralog	True	0	0	True	776	
DQA1	classical_II	True	0	0	True	768	
DQA2	class_II_paralog	True	0	0	True	768	
DQB1	classical_II	True	0	0	True	786	
DQB2	class_II_paralog	True	0	0	True	807	
DRA	class_II_accessory	True	0	0	True	765	
DRB1	classical_II	True	0	0	True	801	
DRB5	class_II_paralog	False	1	1	False	801	800.0
E	nonclassical_I	False	1	1	False	1076	1077.0
F	nonclassical_I	True	0	0	True	1041	
G	nonclassical_I	True	0	0	True	1017	
H	pseudogene_I	True	0	0	True	1104	
J	pseudogene_I	True	0	0	True	1095	
K	pseudogene_I	True	0	0	True	1092	
L	pseudogene_I	True	0	0	True	1096	
MICA	mic_tap	True	0	0	True	1156	
MICB	mic_tap	True	0	0	True	1152	
N	pseudogene_I	True	0	0	True	161	
P	pseudogene_I	True	0	0	True	735	
S	pseudogene_I	True	0	0	True	266	
T	pseudogene_I	True	0	0	True	459	
TAP1	mic_tap	True	0	0	True	2247	
TAP2	mic_tap	True	0	0	True	2061	
U	pseudogene_I	True	0	0	True	196	
V	pseudogene_I	True	0	0	True	538	
W	pseudogene_I	True	0	0	True	936	
A	classical_I	True	0	0	True	1098	
B	classical_I	False	33	31	True	1089	1089.0
C	classical_I	True	0	0	True	1101	
DMA	class_II_accessory	True	0	0	True	786	
DMB	class_II_accessory	True	0	0	True	792	
DOA	class_II_accessory	True	0	0	True	753	
DOB	class_II_accessory	False	1	1	True	822	822.0
DPA1	classical_II	True	0	0	True	783	
DPA2	class_II_paralog	False	5	5	True	733	733.0
DPB1	classical_II	False	18	18	True	777	777.0
DPB2	class_II_paralog	True	0	0	True	776	
DQA1	classical_II	True	0	0	True	768	
DQA2	class_II_paralog	True	0	0	True	768	
DQB1	classical_II	True	0	0	True	786	
DQB2	class_II_paralog	True	0	0	True	807	
DRA	class_II_accessory	True	0	0	True	765	
DRB1	classical_II	False	34	29	False	802	801.0
E	nonclassical_I	True	0	0	True	1077	
F	nonclassical_I	True	0	0	True	1041	
G	nonclassical_I	True	0	0	True	1017	
H	pseudogene_I	True	0	0	True	1104	
J	pseudogene_I	True	0	0	True	1095	
K	pseudogene_I	True	0	0	True	1092	
L	pseudogene_I	True	0	0	True	1094	
MICA	mic_tap	True	0	0	True	1156	
MICB	mic_tap	True	0	0	True	1152	
N	pseudogene_I	True	0	0	True	161	
P	pseudogene_I	True	0	0	True	735	
S	pseudogene_I	True	0	0	True	266	
T	pseudogene_I	True	0	0	True	459	
TAP1	mic_tap	True	0	0	True	2247	
TAP2	mic_tap	False	5	5	True	2061	2061.0
U	pseudogene_I	True	0	0	True	196	
V	pseudogene_I	True	0	0	True	538	
W	pseudogene_I	True	0	0	True	936	
A	classical_I	True	0	0	True	1098	
B	classical_I	True	0	0	True	1089	
C	classical_I	True	0	0	True	1101	
DMA	class_II_accessory	True	0	0	True	786	
DMB	class_II_accessory	True	0	0	True	792	
DOA	class_II_accessory	True	0	0	True	753	
DOB	class_II_accessory	True	0	0	True	822	
DPA1	classical_II	True	0	0	True	783	
DPA2	class_II_paralog	True	0	0	True	733	
DPB1	classical_II	True	0	0	True	777	
DPB2	class_II_paralog	True	0	0	True	776	
DQA1	classical_II	True	0	0	True	768	
DQA2	class_II_paralog	True	0	0	True	768	
DQB1	classical_II	True	0	0	True	786	
DQB2	class_II_paralog	True	0	0	True	807	
DRA	class_II_accessory	True	0	0	True	765	
DRB1	classical_II	True	0	0	True	801	
E	nonclassical_I	True	0	0	True	1077	
F	nonclassical_I	True	0	0	True	1041	
G	nonclassical_I	True	0	0	True	1017	
H	pseudogene_I	True	0	0	True	1096	
J	pseudogene_I	True	0	0	True	1095	
K	pseudogene_I	False	1	1	False	1093	1094.0
L	pseudogene_I	True	0	0	True	1096	
MICA	mic_tap	True	0	0	True	1167	
MICB	mic_tap	True	0	0	True	1152	
N	pseudogene_I	True	0	0	True	161	
P	pseudogene_I	True	0	0	True	735	
S	pseudogene_I	True	0	0	True	266	
T	pseudogene_I	True	0	0	True	459	
TAP1	mic_tap	True	0	0	True	2247	
TAP2	mic_tap	True	0	0	True	2061	
U	pseudogene_I	True	0	0	True	196	
V	pseudogene_I	True	0	0	True	538	
W	pseudogene_I	True	0	0	True	923	
A	classical_I	True	0	0	True	1098	
B	classical_I	True	0	0	True	1089	
C	classical_I	True	0	0	True	1101	
DMA	class_II_accessory	True	0	0	True	786	
DMB	class_II_accessory	True	0	0	True	792	
DOA	class_II_accessory	True	0	0	True	753	
DOB	class_II_accessory	True	0	0	True	822	
DPA1	classical_II	True	0	0	True	783	
DPA2	class_II_paralog	True	0	0	True	733	
DPB1	classical_II	True	0	0	True	777	
DPB2	class_II_paralog	True	0	0	True	776	
DQA1	classical_II	True	0	0	True	768	
DQA2	class_II_paralog	True	0	0	True	768	
DQB1	classical_II	True	0	0	True	786	
DQB2	class_II_paralog	True	0	0	True	807	
DRA	class_II_accessory	True	0	0	True	765	
DRB1	classical_II	True	0	0	True	801	
DRB5	class_II_paralog	True	0	0	True	801	
E	nonclassical_I	True	0	0	True	1077	
F	nonclassical_I	True	0	0	True	1041	
G	nonclassical_I	True	0	0	True	1017	
H	pseudogene_I	True	0	0	True	1097	
HFE	other	True	0	0	True	1047	
J	pseudogene_I	True	0	0	True	1095	
K	pseudogene_I	True	0	0	True	1094	
L	pseudogene_I	True	0	0	True	1094	
MICA	mic_tap	True	0	0	True	1156	
MICB	mic_tap	True	0	0	True	1152	
N	pseudogene_I	True	0	0	True	161	
P	pseudogene_I	True	0	0	True	735	
S	pseudogene_I	True	0	0	True	266	
T	pseudogene_I	True	0	0	True	459	
TAP1	mic_tap	True	0	0	True	2247	
TAP2	mic_tap	True	0	0	True	2061	
U	pseudogene_I	True	0	0	True	196	
V	pseudogene_I	True	0	0	True	538	
W	pseudogene_I	True	0	0	True	938	
A	classical_I	True	0	0	True	1098	
B	classical_I	True	0	0	True	1089	
C	classical_I	True	0	0	True	1101	
DMA	class_II_accessory	True	0	0	True	786	
DMB	class_II_accessory	True	0	0	True	792	
DOA	class_II_accessory	True	0	0	True	753	
DOB	class_II_accessory	True	0	0	True	822	
DPA1	classical_II	True	0	0	True	783	
DPA2	class_II_paralog	True	0	0	True	733	
DPB1	classical_II	True	0	0	True	777	
DPB2	class_II_paralog	True	0	0	True	776	
DQA1	classical_II	True	0	0	True	768	
DQA2	class_II_paralog	True	0	0	True	768	
DQB1	classical_II	True	0	0	True	786	
DQB2	class_II_paralog	True	0	0	True	807	
DRA	class_II_accessory	True	0	0	True	765	
DRB1	classical_II	True	0	0	True	801	
DRB5	class_II_paralog	True	0	0	True	801	
E	nonclassical_I	True	0	0	True	1077	
F	nonclassical_I	True	0	0	True	1041	
G	nonclassical_I	True	0	0	True	1017	
H	pseudogene_I	True	0	0	True	1096	
HFE	other	True	0	0	True	1047	
J	pseudogene_I	True	0	0	True	1095	
K	pseudogene_I	True	0	0	True	1094	
L	pseudogene_I	True	0	0	True	1094	
MICA	mic_tap	True	0	0	True	1156	
MICB	mic_tap	True	0	0	True	1152	
N	pseudogene_I	True	0	0	True	161	
P	pseudogene_I	True	0	0	True	735	
S	pseudogene_I	True	0	0	True	266	
T	pseudogene_I	True	0	0	True	459	
TAP1	mic_tap	True	0	0	True	2247	
TAP2	mic_tap	True	0	0	True	2061	
U	pseudogene_I	True	0	0	True	196	
V	pseudogene_I	True	0	0	True	538	
W	pseudogene_I	True	0	0	True	923	
A	classical_I	False	1	1	False	1098	1099.0
B	classical_I	True	0	0	True	1089	
C	classical_I	True	0	0	True	1101	
DMA	class_II_accessory	True	0	0	True	786	
DMB	class_II_accessory	True	0	0	True	792	
DOA	class_II_accessory	True	0	0	True	753	
DOB	class_II_accessory	True	0	0	True	822	
DPA1	classical_II	True	0	0	True	783	
DPA2	class_II_paralog	True	0	0	True	733	
DPB1	classical_II	True	0	0	True	777	
DPB2	class_II_paralog	True	0	0	True	776	
DQA1	classical_II	True	0	0	True	768	
DQA2	class_II_paralog	True	0	0	True	768	
DQB1	classical_II	True	0	0	True	786	
DQB2	class_II_paralog	True	0	0	True	807	
DRA	class_II_accessory	True	0	0	True	765	
DRB1	classical_II	True	0	0	True	801	
DRB3	class_II_paralog	True	0	0	True	801	
E	nonclassical_I	True	0	0	True	1077	
F	nonclassical_I	True	0	0	True	1041	
G	nonclassical_I	True	0	0	True	1017	
H	pseudogene_I	True	0	0	True	1096	
J	pseudogene_I	True	0	0	True	1095	
K	pseudogene_I	True	0	0	True	1093	
L	pseudogene_I	False	6	6	False	1096	1093.0
MICA	mic_tap	True	0	0	True	1155	
MICB	mic_tap	True	0	0	True	1152	
N	pseudogene_I	True	0	0	True	161	
P	pseudogene_I	True	0	0	True	732	
S	pseudogene_I	True	0	0	True	266	
T	pseudogene_I	True	0	0	True	459	
TAP1	mic_tap	True	0	0	True	2247	
TAP2	mic_tap	True	0	0	True	2061	
U	pseudogene_I	True	0	0	True	196	
V	pseudogene_I	True	0	0	True	538	
W	pseudogene_I	True	0	0	True	923	
A	classical_I	True	0	0	True	1098	
B	classical_I	True	0	0	True	1089	
C	classical_I	False	1	1	False	1102	1101.0
DMA	class_II_accessory	True	0	0	True	786	
DMB	class_II_accessory	True	0	0	True	792	
DOA	class_II_accessory	True	0	0	True	753	
DOB	class_II_accessory	True	0	0	True	822	
DPA1	classical_II	True	0	0	True	783	
DPA2	class_II_paralog	True	0	0	True	733	
DPB1	classical_II	False	8	8	True	777	777.0
DPB2	class_II_paralog	True	0	0	True	776	
DQA1	classical_II	True	0	0	True	768	
DQA2	class_II_paralog	True	0	0	True	768	
DQB1	classical_II	True	0	0	True	786	
DQB2	class_II_paralog	True	0	0	True	807	
DRA	class_II_accessory	True	0	0	True	765	
DRB1	classical_II	True	0	0	True	801	
E	nonclassical_I	True	0	0	True	1077	
F	nonclassical_I	True	0	0	True	1041	
G	nonclassical_I	True	0	0	True	1017	
H	pseudogene_I	True	0	0	True	1096	
J	pseudogene_I	True	0	0	True	1095	
K	pseudogene_I	True	0	0	True	1093	
L	pseudogene_I	True	0	0	True	1096	
MICA	mic_tap	True	0	0	True	1155	
MICB	mic_tap	True	0	0	True	1152	
N	pseudogene_I	True	0	0	True	161	
P	pseudogene_I	True	0	0	True	735	
S	pseudogene_I	True	0	0	True	266	
T	pseudogene_I	True	0	0	True	459	
TAP1	mic_tap	True	0	0	True	2247	
TAP2	mic_tap	True	0	0	True	2112	
U	pseudogene_I	True	0	0	True	196	
V	pseudogene_I	True	0	0	True	538	
W	pseudogene_I	True	0	0	True	923	
A	classical_I	True	0	0	True	1098	
B	classical_I	True	0	0	True	1089	
C	classical_I	False	1	1	False	1102	1101.0
DMA	class_II_accessory	True	0	0	True	786	
DMB	class_II_accessory	True	0	0	True	792	
DOA	class_II_accessory	True	0	0	True	753	
DOB	class_II_accessory	True	0	0	True	822	
DPA1	classical_II	True	0	0	True	783	
DPA2	class_II_paralog	True	0	0	True	733	
DPB1	classical_II	True	0	0	True	777	
DPB2	class_II_paralog	True	0	0	True	776	
DQA1	classical_II	True	0	0	True	768	
DQA2	class_II_paralog	True	0	0	True	768	
DQB1	classical_II	True	0	0	True	786	
DQB2	class_II_paralog	True	0	0	True	807	
DRA	class_II_accessory	True	0	0	True	765	
DRB1	classical_II	True	0	0	True	801	
E	nonclassical_I	True	0	0	True	1077	
F	nonclassical_I	True	0	0	True	1041	
G	nonclassical_I	True	0	0	True	1017	
H	pseudogene_I	True	0	0	True	1096	
HFE	other	True	0	0	True	1047	
J	pseudogene_I	True	0	0	True	1095	
K	pseudogene_I	True	0	0	True	1093	
L	pseudogene_I	True	0	0	True	1096	
MICA	mic_tap	True	0	0	True	1155	
MICB	mic_tap	True	0	0	True	1152	
N	pseudogene_I	True	0	0	True	161	
P	pseudogene_I	True	0	0	True	735	
S	pseudogene_I	True	0	0	True	266	
T	pseudogene_I	True	0	0	True	459	
TAP1	mic_tap	True	0	0	True	2247	
TAP2	mic_tap	True	0	0	True	2112	
U	pseudogene_I	True	0	0	True	196	
V	pseudogene_I	True	0	0	True	538	
W	pseudogene_I	True	0	0	True	923	
A	classical_I	False	1	1	True	1098	1098.0
B	classical_I	True	0	0	True	1089	
C	classical_I	True	0	0	True	1101	
DMA	class_II_accessory	True	0	0	True	786	
DMB	class_II_accessory	True	0	0	True	792	
DOA	class_II_accessory	True	0	0	True	753	
DOB	class_II_accessory	True	0	0	True	822	
DPA1	classical_II	False	4	3	True	783	783.0
DPA2	class_II_paralog	True	0	0	True	733	
DPB1	classical_II	True	0	0	True	777	
DPB2	class_II_paralog	False	1	1	False	776	777.0
DQA1	classical_II	True	0	0	True	768	
DQA2	class_II_paralog	True	0	0	True	768	
DQB1	classical_II	True	0	0	True	786	
DQB2	class_II_paralog	True	0	0	True	807	
DRA	class_II_accessory	True	0	0	True	765	
DRB1	classical_II	True	0	0	True	801	
DRB4	class_II_paralog	True	0	0	True	801	
DRB5	class_II_paralog	True	0	0	True	801	
E	nonclassical_I	True	0	0	True	1077	
F	nonclassical_I	True	0	0	True	1041	
G	nonclassical_I	True	0	0	True	1017	
H	pseudogene_I	True	0	0	True	1096	
J	pseudogene_I	True	0	0	True	1095	
K	pseudogene_I	False	1	1	False	1095	1094.0
L	pseudogene_I	True	0	0	True	1096	
MICA	mic_tap	True	0	0	True	1155	
MICB	mic_tap	True	0	0	True	1152	
N	pseudogene_I	True	0	0	True	161	
P	pseudogene_I	False	13	11	False	732	735.0
S	pseudogene_I	True	0	0	True	266	
T	pseudogene_I	True	0	0	True	459	
TAP1	mic_tap	False	8	8	True	2247	2247.0
TAP2	mic_tap	False	2	2	True	2061	2061.0
U	pseudogene_I	True	0	0	True	196	
V	pseudogene_I	False	22	2	False	517	538.0
W	pseudogene_I	True	0	0	True	938	
Y	pseudogene_I	True	0	0	True	824	
A	classical_I	False	1	1	False	1099	1098.0
B	classical_I	True	0	0	True	1089	
C	classical_I	True	0	0	True	1101	
DMA	class_II_accessory	True	0	0	True	786	
DMB	class_II_accessory	True	0	0	True	792	
DOA	class_II_accessory	True	0	0	True	753	
DOB	class_II_accessory	True	0	0	True	822	
DPA1	classical_II	True	0	0	True	783	
DPA2	class_II_paralog	True	0	0	True	733	
DPB1	classical_II	False	2	2	False	775	777.0
DPB2	class_II_paralog	True	0	0	True	776	
DQA1	classical_II	False	9	9	False	768	767.0
DQA2	class_II_paralog	True	0	0	True	768	
DQB1	classical_II	False	42	38	True	786	786.0
DQB2	class_II_paralog	True	0	0	True	807	
DRA	class_II_accessory	True	0	0	True	765	
DRB1	classical_II	True	0	0	True	801	
DRB4	class_II_paralog	True	0	0	True	801	
E	nonclassical_I	True	0	0	True	1077	
F	nonclassical_I	True	0	0	True	1041	
G	nonclassical_I	True	0	0	True	1017	
H	pseudogene_I	True	0	0	True	1096	
J	pseudogene_I	True	0	0	True	1095	
K	pseudogene_I	True	0	0	True	1093	
L	pseudogene_I	False	7	7	False	1093	1096.0
MICA	mic_tap	True	0	0	True	1155	
MICB	mic_tap	True	0	0	True	1152	
N	pseudogene_I	True	0	0	True	161	
P	pseudogene_I	True	0	0	True	732	
S	pseudogene_I	True	0	0	True	266	
T	pseudogene_I	True	0	0	True	459	
TAP1	mic_tap	True	0	0	True	2247	
TAP2	mic_tap	True	0	0	True	2112	
U	pseudogene_I	True	0	0	True	196	
V	pseudogene_I	True	0	0	True	538	
W	pseudogene_I	True	0	0	True	923	
A	classical_I	False	1	1	False	1099	1098.0
B	classical_I	True	0	0	True	1089	
C	classical_I	True	0	0	True	1101	
DMA	class_II_accessory	True	0	0	True	786	
DMB	class_II_accessory	True	0	0	True	792	
DOA	class_II_accessory	True	0	0	True	753	
DOB	class_II_accessory	True	0	0	True	822	
DPA1	classical_II	True	0	0	True	783	
DPA2	class_II_paralog	True	0	0	True	733	
DPB1	classical_II	True	0	0	True	777	
DPB2	class_II_paralog	True	0	0	True	776	
DQA1	classical_II	False	8	7	True	768	768.0
DQA2	class_II_paralog	True	0	0	True	768	
DQB1	classical_II	False	42	38	True	786	786.0
DQB2	class_II_paralog	True	0	0	True	807	
DRA	class_II_accessory	True	0	0	True	765	
DRB1	classical_II	True	0	0	True	801	
DRB4	class_II_paralog	True	0	0	True	801	
E	nonclassical_I	True	0	0	True	1077	
F	nonclassical_I	True	0	0	True	1041	
G	nonclassical_I	True	0	0	True	1017	
H	pseudogene_I	True	0	0	True	1096	
J	pseudogene_I	True	0	0	True	1095	
K	pseudogene_I	True	0	0	True	1093	
L	pseudogene_I	False	7	7	False	1093	1096.0
MICA	mic_tap	True	0	0	True	1155	
MICB	mic_tap	False	2	2	True	1152	1152.0
N	pseudogene_I	True	0	0	True	161	
P	pseudogene_I	True	0	0	True	732	
S	pseudogene_I	True	0	0	True	266	
T	pseudogene_I	True	0	0	True	459	
TAP1	mic_tap	True	0	0	True	2247	
TAP2	mic_tap	True	0	0	True	2112	
U	pseudogene_I	True	0	0	True	196	
V	pseudogene_I	True	0	0	True	538	
W	pseudogene_I	True	0	0	True	923	
A	classical_I	True	0	0	True	1098	
B	classical_I	True	0	0	True	1089	
C	classical_I	True	0	0	True	1101	
DMA	class_II_accessory	True	0	0	True	786	
DMB	class_II_accessory	True	0	0	True	792	
DOA	class_II_accessory	True	0	0	True	753	
DOB	class_II_accessory	True	0	0	True	822	
DPA1	classical_II	True	0	0	True	783	
DPA2	class_II_paralog	True	0	0	True	733	
DPB1	classical_II	True	0	0	True	777	
DPB2	class_II_paralog	True	0	0	True	776	
DQA1	classical_II	True	0	0	True	765	
DQA2	class_II_paralog	True	0	0	True	768	
DQB1	classical_II	False	2	2	False	786	784.0
DQB2	class_II_paralog	True	0	0	True	807	
DRA	class_II_accessory	True	0	0	True	765	
DRB1	classical_II	True	0	0	True	801	
DRB3	class_II_paralog	True	0	0	True	801	
E	nonclassical_I	True	0	0	True	1077	
F	nonclassical_I	True	0	0	True	1041	
G	nonclassical_I	False	1	1	False	1017	1018.0
H	pseudogene_I	False	5	5	False	1096	1095.0
J	pseudogene_I	True	0	0	True	1095	
K	pseudogene_I	False	32	20	False	1094	1093.0
L	pseudogene_I	True	0	0	True	1094	
MICA	mic_tap	True	0	0	True	1167	
MICB	mic_tap	True	0	0	True	1152	
N	pseudogene_I	True	0	0	True	161	
P	pseudogene_I	True	0	0	True	735	
S	pseudogene_I	True	0	0	True	266	
T	pseudogene_I	False	2	2	True	459	459.0
TAP1	mic_tap	True	0	0	True	2247	
TAP2	mic_tap	True	0	0	True	2061	
U	pseudogene_I	False	7	6	True	196	196.0
V	pseudogene_I	True	0	0	True	538	
W	pseudogene_I	True	0	0	True	936	
A	classical_I	True	0	0	True	1098	
B	classical_I	True	0	0	True	1089	
C	classical_I	True	0	0	True	1101	
DMA	class_II_accessory	True	0	0	True	786	
DMB	class_II_accessory	True	0	0	True	792	
DOA	class_II_accessory	True	0	0	True	753	
DOB	class_II_accessory	True	0	0	True	822	
DPA1	classical_II	True	0	0	True	783	
DPA2	class_II_paralog	True	0	0	True	733	
DPB1	classical_II	True	0	0	True	777	
DPB2	class_II_paralog	True	0	0	True	776	
DQA1	classical_II	True	0	0	True	768	
DQA2	class_II_paralog	True	0	0	True	768	
DQB1	classical_II	True	0	0	True	786	
DQB2	class_II_paralog	True	0	0	True	807	
DRA	class_II_accessory	True	0	0	True	765	
DRB1	classical_II	True	0	0	True	801	
E	nonclassical_I	True	0	0	True	1077	
F	nonclassical_I	True	0	0	True	1041	
G	nonclassical_I	True	0	0	True	1017	
H	pseudogene_I	True	0	0	True	1090	
J	pseudogene_I	True	0	0	True	1088	
K	pseudogene_I	True	0	0	True	1091	
L	pseudogene_I	True	0	0	True	1094	
MICA	mic_tap	True	0	0	True	1156	
MICB	mic_tap	True	0	0	True	1152	
N	pseudogene_I	True	0	0	True	161	
P	pseudogene_I	True	0	0	True	735	
S	pseudogene_I	True	0	0	True	266	
T	pseudogene_I	True	0	0	True	459	
TAP1	mic_tap	True	0	0	True	2247	
TAP2	mic_tap	True	0	0	True	2112	
U	pseudogene_I	True	0	0	True	196	
V	pseudogene_I	True	0	0	True	538	
W	pseudogene_I	True	0	0	True	938	
Y	pseudogene_I	True	0	0	True	824	
A	classical_I	True	0	0	True	1098	
B	classical_I	True	0	0	True	1089	
C	classical_I	True	0	0	True	1101	
DMA	class_II_accessory	True	0	0	True	786	
DMB	class_II_accessory	True	0	0	True	792	
DOA	class_II_accessory	True	0	0	True	753	
DOB	class_II_accessory	True	0	0	True	822	
DPA1	classical_II	True	0	0	True	783	
DPA2	class_II_paralog	True	0	0	True	733	
DPB1	classical_II	True	0	0	True	777	
DPB2	class_II_paralog	True	0	0	True	776	
DQA1	classical_II	True	0	0	True	765	
DQA2	class_II_paralog	True	0	0	True	768	
DQB1	classical_II	True	0	0	True	786	
DQB2	class_II_paralog	True	0	0	True	807	
DRA	class_II_accessory	True	0	0	True	765	
DRB1	classical_II	True	0	0	True	801	
E	nonclassical_I	True	0	0	True	1077	
F	nonclassical_I	True	0	0	True	1041	
G	nonclassical_I	True	0	0	True	1017	
H	pseudogene_I	True	0	0	True	1097	
J	pseudogene_I	True	0	0	True	1088	
K	pseudogene_I	True	0	0	True	1093	
L	pseudogene_I	True	0	0	True	1096	
MICA	mic_tap	True	0	0	True	1158	
MICB	mic_tap	True	0	0	True	1152	
N	pseudogene_I	True	0	0	True	161	
P	pseudogene_I	True	0	0	True	735	
S	pseudogene_I	True	0	0	True	266	
T	pseudogene_I	True	0	0	True	459	
TAP1	mic_tap	True	0	0	True	2247	
TAP2	mic_tap	True	0	0	True	2061	
U	pseudogene_I	True	0	0	True	196	
V	pseudogene_I	True	0	0	True	516	
W	pseudogene_I	True	0	0	True	938	
Y	pseudogene_I	True	0	0	True	824	
A	classical_I	True	0	0	True	1098	
B	classical_I	True	0	0	True	1089	
C	classical_I	True	0	0	True	1101	
DMA	class_II_accessory	True	0	0	True	786	
DMB	class_II_accessory	True	0	0	True	792	
DOA	class_II_accessory	True	0	0	True	753	
DOB	class_II_accessory	True	0	0	True	822	
DPA1	classical_II	True	0	0	True	783	
DPA2	class_II_paralog	True	0	0	True	733	
DPB1	classical_II	True	0	0	True	777	
DPB2	class_II_paralog	True	0	0	True	776	
DQA1	classical_II	True	0	0	True	768	
DQA2	class_II_paralog	True	0	0	True	768	
DQB1	classical_II	True	0	0	True	786	
DQB2	class_II_paralog	True	0	0	True	807	
DRA	class_II_accessory	True	0	0	True	765	
DRB1	classical_II	True	0	0	True	801	
E	nonclassical_I	True	0	0	True	1077	
F	nonclassical_I	True	0	0	True	1041	
G	nonclassical_I	True	0	0	True	1017	
H	pseudogene_I	True	0	0	True	1096	
J	pseudogene_I	True	0	0	True	1095	
K	pseudogene_I	True	0	0	True	1093	
L	pseudogene_I	True	0	0	True	1096	
MICA	mic_tap	True	0	0	True	1156	
MICB	mic_tap	True	0	0	True	1152	
N	pseudogene_I	True	0	0	True	161	
P	pseudogene_I	True	0	0	True	735	
S	pseudogene_I	True	0	0	True	266	
T	pseudogene_I	True	0	0	True	459	
TAP1	mic_tap	True	0	0	True	2247	
TAP2	mic_tap	True	0	0	True	2061	
U	pseudogene_I	True	0	0	True	196	
V	pseudogene_I	True	0	0	True	538	
W	pseudogene_I	True	0	0	True	923	
A	classical_I	True	0	0	True	1098	
B	classical_I	False	25	23	False	1088	1089.0
C	classical_I	True	0	0	True	1101	
DMA	class_II_accessory	True	0	0	True	786	
DMB	class_II_accessory	False	1	1	True	792	792.0
DOA	class_II_accessory	True	0	0	True	753	
DOB	class_II_accessory	True	0	0	True	822	
DPA1	classical_II	True	0	0	True	783	
DPA2	class_II_paralog	True	0	0	True	733	
DPB1	classical_II	True	0	0	True	777	
DPB2	class_II_paralog	True	0	0	True	776	
DQA1	classical_II	True	0	0	True	765	
DQA2	class_II_paralog	True	0	0	True	768	
DQB1	classical_II	False	4	4	False	784	786.0
DQB2	class_II_paralog	True	0	0	True	807	
DRA	class_II_accessory	True	0	0	True	765	
DRB1	classical_II	True	0	0	True	801	
DRB3	class_II_paralog	True	0	0	True	801	
E	nonclassical_I	False	2	2	True	1077	1077.0
F	nonclassical_I	True	0	0	True	1041	
G	nonclassical_I	True	0	0	True	1017	
H	pseudogene_I	True	0	0	True	1097	
J	pseudogene_I	False	14	13	False	1088	1078.0
K	pseudogene_I	True	0	0	True	1093	
L	pseudogene_I	True	0	0	True	1096	
MICA	mic_tap	True	0	0	True	1158	
MICB	mic_tap	False	3	3	True	1152	1152.0
N	pseudogene_I	True	0	0	True	161	
P	pseudogene_I	True	0	0	True	732	
S	pseudogene_I	True	0	0	True	266	
T	pseudogene_I	True	0	0	True	459	
TAP1	mic_tap	False	3	3	False	2246	2247.0
TAP2	mic_tap	True	0	0	True	2061	
U	pseudogene_I	True	0	0	True	196	
V	pseudogene_I	False	1	1	False	516	517.0
W	pseudogene_I	False	2	2	False	939	938.0
Y	pseudogene_I	True	0	0	True	824	
A	classical_I	True	0	0	True	1098	
B	classical_I	True	0	0	True	1089	
C	classical_I	True	0	0	True	1101	
DMA	class_II_accessory	True	0	0	True	786	
DMB	class_II_accessory	True	0	0	True	792	
DOA	class_II_accessory	True	0	0	True	753	
DOB	class_II_accessory	True	0	0	True	822	
DPA1	classical_II	True	0	0	True	783	
DPA2	class_II_paralog	True	0	0	True	733	
DPB1	classical_II	True	0	0	True	777	
DPB2	class_II_paralog	True	0	0	True	776	
DQA1	classical_II	True	0	0	True	765	
DQA2	class_II_paralog	True	0	0	True	768	
DQB1	classical_II	True	0	0	True	786	
DQB2	class_II_paralog	True	0	0	True	807	
DRA	class_II_accessory	True	0	0	True	765	
DRB1	classical_II	True	0	0	True	801	
DRB3	class_II_paralog	True	0	0	True	801	
DRB4	class_II_paralog	True	0	0	True	801	
E	nonclassical_I	True	0	0	True	1077	
F	nonclassical_I	True	0	0	True	1041	
G	nonclassical_I	True	0	0	True	1017	
H	pseudogene_I	True	0	0	True	1097	
J	pseudogene_I	True	0	0	True	1088	
K	pseudogene_I	True	0	0	True	1093	
L	pseudogene_I	True	0	0	True	1094	
MICA	mic_tap	True	0	0	True	1167	
MICB	mic_tap	True	0	0	True	1152	
N	pseudogene_I	True	0	0	True	161	
P	pseudogene_I	True	0	0	True	735	
S	pseudogene_I	True	0	0	True	266	
T	pseudogene_I	True	0	0	True	459	
TAP1	mic_tap	True	0	0	True	2247	
TAP2	mic_tap	True	0	0	True	2061	
U	pseudogene_I	True	0	0	True	196	
V	pseudogene_I	True	0	0	True	516	
W	pseudogene_I	True	0	0	True	938	
Y	pseudogene_I	True	0	0	True	824	
A	classical_I	True	0	0	True	1098	
B	classical_I	True	0	0	True	1089	
C	classical_I	True	0	0	True	1101	
DMA	class_II_accessory	True	0	0	True	786	
DMB	class_II_accessory	True	0	0	True	792	
DOA	class_II_accessory	True	0	0	True	753	
DOB	class_II_accessory	True	0	0	True	822	
DPA1	classical_II	True	0	0	True	783	
DPA2	class_II_paralog	True	0	0	True	733	
DPB1	classical_II	True	0	0	True	777	
DPB2	class_II_paralog	True	0	0	True	776	
DQA1	classical_II	True	0	0	True	765	
DQA2	class_II_paralog	True	0	0	True	768	
DQB1	classical_II	True	0	0	True	786	
DQB2	class_II_paralog	True	0	0	True	807	
DRA	class_II_accessory	True	0	0	True	765	
DRB1	classical_II	True	0	0	True	801	
DRB3	class_II_paralog	True	0	0	True	801	
E	nonclassical_I	True	0	0	True	1077	
F	nonclassical_I	True	0	0	True	1041	
G	nonclassical_I	True	0	0	True	1017	
H	pseudogene_I	False	7	7	False	1097	1094.0
J	pseudogene_I	True	0	0	True	1088	
K	pseudogene_I	True	0	0	True	1093	
L	pseudogene_I	True	0	0	True	1094	
MICA	mic_tap	False	18	14	False	1152	1156.0
MICB	mic_tap	True	0	0	True	1152	
N	pseudogene_I	True	0	0	True	161	
P	pseudogene_I	True	0	0	True	735	
S	pseudogene_I	True	0	0	True	266	
T	pseudogene_I	True	0	0	True	459	
TAP1	mic_tap	True	0	0	True	2247	
TAP2	mic_tap	True	0	0	True	2061	
U	pseudogene_I	True	0	0	True	196	
V	pseudogene_I	True	0	0	True	516	
W	pseudogene_I	True	0	0	True	938	
Y	pseudogene_I	True	0	0	True	824	
A	classical_I	True	0	0	True	1098	
B	classical_I	True	0	0	True	1089	
C	classical_I	True	0	0	True	1101	
DMA	class_II_accessory	True	0	0	True	786	
DMB	class_II_accessory	True	0	0	True	792	
DOA	class_II_accessory	True	0	0	True	753	
DOB	class_II_accessory	True	0	0	True	822	
DPA1	classical_II	True	0	0	True	783	
DPA2	class_II_paralog	True	0	0	True	733	
DPB1	classical_II	True	0	0	True	777	
DPB2	class_II_paralog	True	0	0	True	776	
DQA1	classical_II	True	0	0	True	768	
DQA2	class_II_paralog	True	0	0	True	768	
DQB1	classical_II	True	0	0	True	786	
DQB2	class_II_paralog	True	0	0	True	807	
DRA	class_II_accessory	True	0	0	True	765	
DRB1	classical_II	True	0	0	True	801	
E	nonclassical_I	True	0	0	True	1077	
F	nonclassical_I	True	0	0	True	1041	
G	nonclassical_I	True	0	0	True	1017	
H	pseudogene_I	False	15	13	True	1096	1096.0
J	pseudogene_I	True	0	0	True	1095	
K	pseudogene_I	False	174	55	True	1093	1093.0
L	pseudogene_I	False	1	1	True	1096	1096.0
MICA	mic_tap	True	0	0	True	1158	
MICB	mic_tap	True	0	0	True	1152	
N	pseudogene_I	True	0	0	True	161	
P	pseudogene_I	True	0	0	True	735	
S	pseudogene_I	True	0	0	True	266	
T	pseudogene_I	False	1	1	True	459	459.0
TAP1	mic_tap	True	0	0	True	2247	
TAP2	mic_tap	False	1	1	True	2061	2061.0
U	pseudogene_I	False	3	3	True	196	196.0
V	pseudogene_I	True	0	0	True	538	
W	pseudogene_I	True	0	0	True	936	
A	classical_I	True	0	0	True	1098	
B	classical_I	True	0	0	True	1089	
C	classical_I	True	0	0	True	1101	
DMA	class_II_accessory	True	0	0	True	786	
DMB	class_II_accessory	True	0	0	True	792	
DOA	class_II_accessory	True	0	0	True	753	
DOB	class_II_accessory	True	0	0	True	822	
DPA1	classical_II	True	0	0	True	783	
DPA2	class_II_paralog	True	0	0	True	733	
DPB1	classical_II	True	0	0	True	777	
DPB2	class_II_paralog	True	0	0	True	776	
DQA1	classical_II	True	0	0	True	768	
DQA2	class_II_paralog	True	0	0	True	768	
DQB1	classical_II	True	0	0	True	786	
DQB2	class_II_paralog	True	0	0	True	807	
DRA	class_II_accessory	True	0	0	True	765	
DRB1	classical_II	True	0	0	True	801	
DRB3	class_II_paralog	False	17	15	True	801	801.0
DRB4	class_II_paralog	True	0	0	True	801	
E	nonclassical_I	True	0	0	True	1077	
F	nonclassical_I	True	0	0	True	1041	
G	nonclassical_I	True	0	0	True	1017	
H	pseudogene_I	False	3	3	True	1096	1096.0
J	pseudogene_I	True	0	0	True	1088	
K	pseudogene_I	False	26	22	False	1095	1093.0
L	pseudogene_I	True	0	0	True	1096	
MICA	mic_tap	True	0	0	True	1158	
MICB	mic_tap	True	0	0	True	1152	
N	pseudogene_I	True	0	0	True	161	
P	pseudogene_I	True	0	0	True	735	
S	pseudogene_I	True	0	0	True	266	
T	pseudogene_I	True	0	0	True	459	
TAP1	mic_tap	False	1	1	False	2248	2247.0
TAP2	mic_tap	True	0	0	True	2061	
U	pseudogene_I	False	3	3	True	196	196.0
V	pseudogene_I	True	0	0	True	538	
W	pseudogene_I	True	0	0	True	923	
Y	pseudogene_I	True	0	0	True	824	
A	classical_I	True	0	0	True	1098	
B	classical_I	True	0	0	True	1089	
C	classical_I	True	0	0	True	1101	
DMA	class_II_accessory	True	0	0	True	786	
DMB	class_II_accessory	True	0	0	True	792	
DOA	class_II_accessory	True	0	0	True	753	
DOB	class_II_accessory	True	0	0	True	822	
DPA1	classical_II	True	0	0	True	783	
DPA2	class_II_paralog	True	0	0	True	733	
DPB1	classical_II	True	0	0	True	777	
DPB2	class_II_paralog	True	0	0	True	776	
DQA1	classical_II	True	0	0	True	765	
DQA2	class_II_paralog	True	0	0	True	768	
DQB1	classical_II	True	0	0	True	786	
DQB2	class_II_paralog	True	0	0	True	807	
DRA	class_II_accessory	True	0	0	True	765	
DRB1	classical_II	True	0	0	True	801	
DRB3	class_II_paralog	True	0	0	True	801	
E	nonclassical_I	True	0	0	True	1077	
F	nonclassical_I	True	0	0	True	1041	
G	nonclassical_I	False	1	1	False	1016	1017.0
H	pseudogene_I	True	0	0	True	1096	
J	pseudogene_I	True	0	0	True	1095	
K	pseudogene_I	True	0	0	True	1092	
L	pseudogene_I	True	0	0	True	1096	
MICA	mic_tap	True	0	0	True	1156	
MICB	mic_tap	True	0	0	True	1152	
N	pseudogene_I	True	0	0	True	161	
P	pseudogene_I	True	0	0	True	735	
S	pseudogene_I	True	0	0	True	266	
T	pseudogene_I	True	0	0	True	459	
TAP1	mic_tap	True	0	0	True	2247	
TAP2	mic_tap	True	0	0	True	2061	
U	pseudogene_I	True	0	0	True	196	
V	pseudogene_I	True	0	0	True	516	
W	pseudogene_I	True	0	0	True	923	
A	classical_I	True	0	0	True	1098	
B	classical_I	True	0	0	True	1089	
C	classical_I	True	0	0	True	1101	
DMA	class_II_accessory	True	0	0	True	786	
DMB	class_II_accessory	True	0	0	True	792	
DOA	class_II_accessory	True	0	0	True	753	
DOB	class_II_accessory	True	0	0	True	822	
DPA1	classical_II	True	0	0	True	783	
DPA2	class_II_paralog	True	0	0	True	733	
DPB1	classical_II	True	0	0	True	777	
DPB2	class_II_paralog	True	0	0	True	776	
DQA1	classical_II	True	0	0	True	768	
DQA2	class_II_paralog	True	0	0	True	768	
DQB1	classical_II	True	0	0	True	786	
DQB2	class_II_paralog	True	0	0	True	807	
DRA	class_II_accessory	True	0	0	True	765	
DRB1	classical_II	True	0	0	True	801	
DRB4	class_II_paralog	True	0	0	True	801	
E	nonclassical_I	True	0	0	True	1077	
F	nonclassical_I	True	0	0	True	1041	
G	nonclassical_I	True	0	0	True	1017	
J	pseudogene_I	True	0	0	True	1095	
L	pseudogene_I	True	0	0	True	1096	
MICA	mic_tap	True	0	0	True	1152	
MICB	mic_tap	True	0	0	True	1152	
N	pseudogene_I	True	0	0	True	161	
P	pseudogene_I	True	0	0	True	735	
S	pseudogene_I	True	0	0	True	266	
TAP1	mic_tap	True	0	0	True	2247	
TAP2	mic_tap	True	0	0	True	2061	
V	pseudogene_I	True	0	0	True	516	
W	pseudogene_I	True	0	0	True	936	
A	classical_I	True	0	0	True	1098	
B	classical_I	True	0	0	True	1089	
C	classical_I	True	0	0	True	1101	
DMA	class_II_accessory	True	0	0	True	786	
DMB	class_II_accessory	True	0	0	True	792	
DOA	class_II_accessory	True	0	0	True	753	
DOB	class_II_accessory	True	0	0	True	822	
DPA1	classical_II	True	0	0	True	783	
DPA2	class_II_paralog	True	0	0	True	733	
DPB1	classical_II	False	1	1	False	776	777.0
DPB2	class_II_paralog	True	0	0	True	776	
DQA1	classical_II	True	0	0	True	765	
DQA2	class_II_paralog	True	0	0	True	768	
DQB1	classical_II	True	0	0	True	786	
DQB2	class_II_paralog	True	0	0	True	807	
DRA	class_II_accessory	True	0	0	True	765	
DRB1	classical_II	True	0	0	True	801	
DRB3	class_II_paralog	True	0	0	True	801	
E	nonclassical_I	True	0	0	True	1077	
F	nonclassical_I	True	0	0	True	1041	
G	nonclassical_I	True	0	0	True	1017	
H	pseudogene_I	True	0	0	True	1096	
J	pseudogene_I	True	0	0	True	1095	
K	pseudogene_I	True	0	0	True	1093	
L	pseudogene_I	True	0	0	True	1096	
MICA	mic_tap	True	0	0	True	1156	
MICB	mic_tap	True	0	0	True	1152	
N	pseudogene_I	True	0	0	True	161	
P	pseudogene_I	True	0	0	True	732	
S	pseudogene_I	True	0	0	True	266	
T	pseudogene_I	True	0	0	True	459	
TAP1	mic_tap	True	0	0	True	2247	
TAP2	mic_tap	True	0	0	True	2061	
U	pseudogene_I	True	0	0	True	196	
V	pseudogene_I	True	0	0	True	517	
W	pseudogene_I	True	0	0	True	936	
A	classical_I	True	0	0	True	1098	
B	classical_I	True	0	0	True	1089	
C	classical_I	True	0	0	True	1101	
DMA	class_II_accessory	True	0	0	True	786	
DMB	class_II_accessory	True	0	0	True	792	
DOA	class_II_accessory	True	0	0	True	753	
DOB	class_II_accessory	True	0	0	True	822	
DPA1	classical_II	True	0	0	True	783	
DPA2	class_II_paralog	True	0	0	True	733	
DPB1	classical_II	True	0	0	True	777	
DPB2	class_II_paralog	True	0	0	True	776	
DQA1	classical_II	True	0	0	True	765	
DQA2	class_II_paralog	True	0	0	True	768	
DQB1	classical_II	True	0	0	True	786	
DQB2	class_II_paralog	True	0	0	True	807	
DRA	class_II_accessory	True	0	0	True	765	
DRB1	classical_II	True	0	0	True	801	
DRB3	class_II_paralog	True	0	0	True	801	
E	nonclassical_I	True	0	0	True	1077	
F	nonclassical_I	True	0	0	True	1041	
G	nonclassical_I	True	0	0	True	1017	
H	pseudogene_I	True	0	0	True	1096	
J	pseudogene_I	True	0	0	True	1095	
K	pseudogene_I	True	0	0	True	1093	
L	pseudogene_I	True	0	0	True	1096	
MICA	mic_tap	True	0	0	True	1156	
MICB	mic_tap	True	0	0	True	1152	
N	pseudogene_I	True	0	0	True	161	
P	pseudogene_I	True	0	0	True	732	
S	pseudogene_I	True	0	0	True	266	
T	pseudogene_I	False	1	1	True	459	459.0
TAP1	mic_tap	True	0	0	True	2247	
TAP2	mic_tap	True	0	0	True	2061	
U	pseudogene_I	True	0	0	True	196	
V	pseudogene_I	True	0	0	True	517	
W	pseudogene_I	True	0	0	True	936	
A	classical_I	True	0	0	True	1098	
B	classical_I	True	0	0	True	1089	
C	classical_I	True	0	0	True	1101	
DMA	class_II_accessory	True	0	0	True	786	
DMB	class_II_accessory	True	0	0	True	792	
DOA	class_II_accessory	True	0	0	True	753	
DOB	class_II_accessory	False	1	1	True	822	822.0
DPA1	classical_II	True	0	0	True	783	
DPA2	class_II_paralog	True	0	0	True	733	
DPB1	classical_II	True	0	0	True	777	
DPB2	class_II_paralog	True	0	0	True	776	
DQA1	classical_II	True	0	0	True	768	
DQA2	class_II_paralog	True	0	0	True	768	
DQB1	classical_II	True	0	0	True	786	
DQB2	class_II_paralog	True	0	0	True	807	
DRA	class_II_accessory	True	0	0	True	765	
DRB1	classical_II	True	0	0	True	801	
DRB3	class_II_paralog	True	0	0	True	801	
E	nonclassical_I	False	1	1	False	1078	1077.0
F	nonclassical_I	True	0	0	True	1041	
G	nonclassical_I	True	0	0	True	1017	
H	pseudogene_I	True	0	0	True	1097	
J	pseudogene_I	True	0	0	True	1088	
K	pseudogene_I	True	0	0	True	1093	
L	pseudogene_I	True	0	0	True	1096	
MICA	mic_tap	False	3	3	False	1158	1155.0
N	pseudogene_I	True	0	0	True	161	
P	pseudogene_I	True	0	0	True	735	
S	pseudogene_I	True	0	0	True	266	
T	pseudogene_I	True	0	0	True	459	
TAP1	mic_tap	True	0	0	True	2247	
TAP2	mic_tap	True	0	0	True	2061	
U	pseudogene_I	False	1	1	True	196	196.0
V	pseudogene_I	True	0	0	True	516	
W	pseudogene_I	True	0	0	True	923	
Y	pseudogene_I	True	0	0	True	824	
A	classical_I	True	0	0	True	1098	
B	classical_I	True	0	0	True	1089	
C	classical_I	True	0	0	True	1101	
DMA	class_II_accessory	True	0	0	True	786	
DMB	class_II_accessory	True	0	0	True	792	
DOA	class_II_accessory	True	0	0	True	753	
DOB	class_II_accessory	True	0	0	True	822	
DPA1	classical_II	True	0	0	True	783	
DPA2	class_II_paralog	True	0	0	True	733	
DPB1	classical_II	True	0	0	True	777	
DPB2	class_II_paralog	True	0	0	True	776	
DQA1	classical_II	True	0	0	True	768	
DQA2	class_II_paralog	True	0	0	True	768	
DQB1	classical_II	True	0	0	True	786	
DQB2	class_II_paralog	True	0	0	True	807	
DRA	class_II_accessory	True	0	0	True	765	
DRB1	classical_II	True	0	0	True	801	
DRB3	class_II_paralog	True	0	0	True	801	
E	nonclassical_I	False	1	1	False	1078	1077.0
F	nonclassical_I	True	0	0	True	1041	
G	nonclassical_I	True	0	0	True	1017	
H	pseudogene_I	True	0	0	True	1097	
J	pseudogene_I	True	0	0	True	1088	
K	pseudogene_I	True	0	0	True	1093	
L	pseudogene_I	True	0	0	True	1096	
MICA	mic_tap	True	0	0	True	1158	
MICB	mic_tap	True	0	0	True	1152	
N	pseudogene_I	True	0	0	True	161	
P	pseudogene_I	True	0	0	True	735	
S	pseudogene_I	True	0	0	True	266	
T	pseudogene_I	True	0	0	True	459	
TAP1	mic_tap	True	0	0	True	2247	
TAP2	mic_tap	True	0	0	True	2061	
U	pseudogene_I	True	0	0	True	196	
V	pseudogene_I	True	0	0	True	516	
W	pseudogene_I	True	0	0	True	938	
Y	pseudogene_I	True	0	0	True	824	
A	classical_I	True	0	0	True	1098	
B	classical_I	True	0	0	True	1089	
C	classical_I	True	0	0	True	1101	
DMA	class_II_accessory	True	0	0	True	786	
DMB	class_II_accessory	True	0	0	True	792	
DOA	class_II_accessory	True	0	0	True	753	
DOB	class_II_accessory	True	0	0	True	822	
DPA1	classical_II	True	0	0	True	783	
DPA2	class_II_paralog	True	0	0	True	733	
DPB1	classical_II	True	0	0	True	777	
DPB2	class_II_paralog	True	0	0	True	776	
DQA1	classical_II	True	0	0	True	768	
DQA2	class_II_paralog	True	0	0	True	768	
DQB1	classical_II	True	0	0	True	786	
DQB2	class_II_paralog	True	0	0	True	807	
DRA	class_II_accessory	True	0	0	True	765	
DRB1	classical_II	True	0	0	True	801	
DRB3	class_II_paralog	True	0	0	True	801	
E	nonclassical_I	False	1	1	False	1078	1077.0
F	nonclassical_I	True	0	0	True	1041	
G	nonclassical_I	True	0	0	True	1017	
H	pseudogene_I	True	0	0	True	1097	
J	pseudogene_I	True	0	0	True	1088	
K	pseudogene_I	True	0	0	True	1093	
L	pseudogene_I	True	0	0	True	1096	
MICA	mic_tap	True	0	0	True	1158	
MICB	mic_tap	True	0	0	True	1152	
N	pseudogene_I	True	0	0	True	161	
P	pseudogene_I	True	0	0	True	735	
S	pseudogene_I	True	0	0	True	266	
T	pseudogene_I	True	0	0	True	459	
TAP1	mic_tap	True	0	0	True	2247	
TAP2	mic_tap	True	0	0	True	2061	
U	pseudogene_I	True	0	0	True	196	
V	pseudogene_I	True	0	0	True	516	
W	pseudogene_I	True	0	0	True	938	
A	classical_I	True	0	0	True	1098	
B	classical_I	False	2	2	False	1087	1089.0
C	classical_I	True	0	0	True	1101	
DMA	class_II_accessory	True	0	0	True	786	
DMB	class_II_accessory	True	0	0	True	792	
DOA	class_II_accessory	True	0	0	True	753	
DOB	class_II_accessory	True	0	0	True	822	
DPA1	classical_II	True	0	0	True	783	
DPA2	class_II_paralog	True	0	0	True	733	
DPB1	classical_II	True	0	0	True	777	
DPB2	class_II_paralog	True	0	0	True	776	
DQA1	classical_II	True	0	0	True	765	
DQA2	class_II_paralog	True	0	0	True	768	
DQB1	classical_II	False	10	10	False	788	786.0
DQB2	class_II_paralog	True	0	0	True	807	
DRA	class_II_accessory	True	0	0	True	765	
DRB1	classical_II	True	0	0	True	801	
DRB3	class_II_paralog	False	1	1	True	801	801.0
DRB4	class_II_paralog	True	0	0	True	801	
E	nonclassical_I	True	0	0	True	1077	
F	nonclassical_I	True	0	0	True	1041	
G	nonclassical_I	True	0	0	True	1017	
H	pseudogene_I	True	0	0	True	1096	
J	pseudogene_I	True	0	0	True	1095	
K	pseudogene_I	True	0	0	True	1093	
L	pseudogene_I	True	0	0	True	1096	
MICA	mic_tap	True	0	0	True	1158	
MICB	mic_tap	True	0	0	True	1152	
N	pseudogene_I	True	0	0	True	161	
P	pseudogene_I	True	0	0	True	735	
S	pseudogene_I	True	0	0	True	266	
T	pseudogene_I	True	0	0	True	459	
TAP1	mic_tap	True	0	0	True	2247	
TAP2	mic_tap	True	0	0	True	2061	
U	pseudogene_I	True	0	0	True	196	
V	pseudogene_I	True	0	0	True	538	
W	pseudogene_I	True	0	0	True	923	
A	classical_I	True	0	0	True	1098	
B	classical_I	True	0	0	True	1089	
C	classical_I	True	0	0	True	1101	
DMA	class_II_accessory	True	0	0	True	786	
DMB	class_II_accessory	True	0	0	True	792	
DOA	class_II_accessory	True	0	0	True	753	
DOB	class_II_accessory	True	0	0	True	822	
DPA1	classical_II	True	0	0	True	783	
DPA2	class_II_paralog	True	0	0	True	733	
DPB1	classical_II	True	0	0	True	777	
DPB2	class_II_paralog	True	0	0	True	776	
DQA1	classical_II	True	0	0	True	765	
DQA2	class_II_paralog	True	0	0	True	768	
DQB1	classical_II	True	0	0	True	786	
DQB2	class_II_paralog	True	0	0	True	807	
DRA	class_II_accessory	True	0	0	True	765	
DRB1	classical_II	True	0	0	True	801	
DRB3	class_II_paralog	True	0	0	True	801	
E	nonclassical_I	True	0	0	True	1077	
F	nonclassical_I	True	0	0	True	1041	
G	nonclassical_I	True	0	0	True	1017	
H	pseudogene_I	False	24	18	False	1096	1090.0
J	pseudogene_I	True	0	0	True	1095	
K	pseudogene_I	False	27	24	False	1093	1091.0
L	pseudogene_I	True	0	0	True	1096	
MICA	mic_tap	True	0	0	True	1167	
MICB	mic_tap	True	0	0	True	1152	
N	pseudogene_I	True	0	0	True	161	
P	pseudogene_I	True	0	0	True	735	
S	pseudogene_I	True	0	0	True	266	
T	pseudogene_I	False	4	4	True	459	459.0
TAP1	mic_tap	True	0	0	True	2247	
TAP2	mic_tap	True	0	0	True	2061	
U	pseudogene_I	False	3	3	True	196	196.0
V	pseudogene_I	True	0	0	True	538	
W	pseudogene_I	True	0	0	True	936	
A	classical_I	True	0	0	True	1098	
B	classical_I	True	0	0	True	1089	
C	classical_I	False	1	1	False	1100	1101.0
DMA	class_II_accessory	True	0	0	True	786	
DMB	class_II_accessory	True	0	0	True	792	
DOA	class_II_accessory	True	0	0	True	753	
DOB	class_II_accessory	True	0	0	True	822	
DPA1	classical_II	True	0	0	True	783	
DPA2	class_II_paralog	True	0	0	True	733	
DPB1	classical_II	True	0	0	True	777	
DPB2	class_II_paralog	True	0	0	True	776	
DQA1	classical_II	False	50	37	False	768	765.0
DQA2	class_II_paralog	True	0	0	True	768	
DQB1	classical_II	False	40	37	True	786	786.0
DQB2	class_II_paralog	True	0	0	True	807	
DRA	class_II_accessory	True	0	0	True	765	
DRB1	classical_II	True	0	0	True	801	
DRB4	class_II_paralog	False	355	3	False	430	784.0
E	nonclassical_I	True	0	0	True	1077	
F	nonclassical_I	True	0	0	True	1041	
G	nonclassical_I	True	0	0	True	1017	
H	pseudogene_I	False	3	3	False	1095	1096.0
J	pseudogene_I	True	0	0	True	1095	
K	pseudogene_I	True	0	0	True	1093	
L	pseudogene_I	True	0	0	True	1096	
MICA	mic_tap	True	0	0	True	1156	
MICB	mic_tap	True	0	0	True	1152	
N	pseudogene_I	True	0	0	True	161	
P	pseudogene_I	True	0	0	True	732	
S	pseudogene_I	True	0	0	True	266	
T	pseudogene_I	True	0	0	True	459	
TAP1	mic_tap	True	0	0	True	2247	
TAP2	mic_tap	True	0	0	True	2061	
U	pseudogene_I	True	0	0	True	196	
V	pseudogene_I	True	0	0	True	517	
W	pseudogene_I	True	0	0	True	936	
A	classical_I	True	0	0	True	1098	
B	classical_I	True	0	0	True	1089	
C	classical_I	True	0	0	True	1101	
DMA	class_II_accessory	True	0	0	True	786	
DMB	class_II_accessory	True	0	0	True	792	
DOA	class_II_accessory	True	0	0	True	753	
DOB	class_II_accessory	True	0	0	True	822	
DPA1	classical_II	True	0	0	True	783	
DPA2	class_II_paralog	True	0	0	True	733	
DPB1	classical_II	True	0	0	True	777	
DPB2	class_II_paralog	True	0	0	True	776	
DQA1	classical_II	True	0	0	True	768	
DQA2	class_II_paralog	True	0	0	True	768	
DQB1	classical_II	True	0	0	True	786	
DQB2	class_II_paralog	True	0	0	True	807	
DRA	class_II_accessory	True	0	0	True	765	
DRB1	classical_II	True	0	0	True	801	
DRB3	class_II_paralog	True	0	0	True	801	
E	nonclassical_I	True	0	0	True	1077	
F	nonclassical_I	True	0	0	True	1041	
G	nonclassical_I	True	0	0	True	1017	
H	pseudogene_I	True	0	0	True	1090	
J	pseudogene_I	True	0	0	True	1095	
K	pseudogene_I	True	0	0	True	1094	
L	pseudogene_I	True	0	0	True	1094	
MICA	mic_tap	True	0	0	True	1156	
MICB	mic_tap	True	0	0	True	1152	
N	pseudogene_I	True	0	0	True	161	
P	pseudogene_I	True	0	0	True	735	
S	pseudogene_I	True	0	0	True	266	
T	pseudogene_I	True	0	0	True	459	
TAP1	mic_tap	True	0	0	True	2247	
TAP2	mic_tap	True	0	0	True	2112	
U	pseudogene_I	True	0	0	True	195	
V	pseudogene_I	True	0	0	True	538	
W	pseudogene_I	True	0	0	True	938	
A	classical_I	False	24	21	True	1098	1098.0
B	classical_I	True	0	0	True	1089	
C	classical_I	True	0	0	True	1101	
DMA	class_II_accessory	True	0	0	True	786	
DMB	class_II_accessory	True	0	0	True	792	
DOA	class_II_accessory	True	0	0	True	753	
DOB	class_II_accessory	True	0	0	True	822	
DPA1	classical_II	True	0	0	True	783	
DPA2	class_II_paralog	True	0	0	True	733	
DPB1	classical_II	True	0	0	True	777	
DPB2	class_II_paralog	True	0	0	True	776	
DQA1	classical_II	True	0	0	True	768	
DQA2	class_II_paralog	True	0	0	True	768	
DQB1	classical_II	True	0	0	True	786	
DQB2	class_II_paralog	True	0	0	True	807	
DRA	class_II_accessory	True	0	0	True	765	
DRB1	classical_II	True	0	0	True	801	
DRB3	class_II_paralog	True	0	0	True	801	
E	nonclassical_I	True	0	0	True	1077	
F	nonclassical_I	True	0	0	True	1041	
G	nonclassical_I	True	0	0	True	1017	
H	pseudogene_I	True	0	0	True	1096	
J	pseudogene_I	True	0	0	True	1095	
K	pseudogene_I	True	0	0	True	1093	
L	pseudogene_I	True	0	0	True	1096	
MICA	mic_tap	True	0	0	True	1158	
MICB	mic_tap	True	0	0	True	1152	
N	pseudogene_I	True	0	0	True	161	
P	pseudogene_I	False	2	2	True	735	735.0
S	pseudogene_I	True	0	0	True	266	
T	pseudogene_I	True	0	0	True	459	
TAP1	mic_tap	True	0	0	True	2247	
TAP2	mic_tap	True	0	0	True	2112	
U	pseudogene_I	True	0	0	True	196	
V	pseudogene_I	True	0	0	True	538	
W	pseudogene_I	True	0	0	True	923	
A	classical_I	True	0	0	True	1098	
B	classical_I	True	0	0	True	1089	
C	classical_I	True	0	0	True	1101	
DMA	class_II_accessory	True	0	0	True	786	
DMB	class_II_accessory	True	0	0	True	792	
DOA	class_II_accessory	True	0	0	True	753	
DOB	class_II_accessory	True	0	0	True	822	
DPA1	classical_II	True	0	0	True	783	
DPA2	class_II_paralog	True	0	0	True	733	
DPB1	classical_II	True	0	0	True	777	
DPB2	class_II_paralog	True	0	0	True	776	
DQA1	classical_II	True	0	0	True	765	
DQA2	class_II_paralog	True	0	0	True	768	
DQB1	classical_II	True	0	0	True	786	
DQB2	class_II_paralog	True	0	0	True	807	
DRA	class_II_accessory	True	0	0	True	765	
DRB1	classical_II	True	0	0	True	801	
DRB4	class_II_paralog	False	370	1	False	431	801.0
E	nonclassical_I	True	0	0	True	1077	
F	nonclassical_I	True	0	0	True	1041	
G	nonclassical_I	True	0	0	True	1017	
H	pseudogene_I	False	26	18	False	1104	1096.0
J	pseudogene_I	True	0	0	True	1095	
K	pseudogene_I	False	30	20	False	1092	1093.0
L	pseudogene_I	True	0	0	True	1096	
MICA	mic_tap	True	0	0	True	1156	
MICB	mic_tap	True	0	0	True	1152	
N	pseudogene_I	True	0	0	True	161	
P	pseudogene_I	True	0	0	True	735	
S	pseudogene_I	True	0	0	True	266	
T	pseudogene_I	False	9	9	True	459	459.0
TAP1	mic_tap	True	0	0	True	2247	
TAP2	mic_tap	True	0	0	True	2112	
U	pseudogene_I	False	11	8	True	196	196.0
V	pseudogene_I	True	0	0	True	516	
W	pseudogene_I	True	0	0	True	936	
A	classical_I	True	0	0	True	1098	
B	classical_I	True	0	0	True	1089	
C	classical_I	True	0	0	True	1101	
DMA	class_II_accessory	True	0	0	True	786	
DMB	class_II_accessory	True	0	0	True	792	
DOA	class_II_accessory	True	0	0	True	753	
DOB	class_II_accessory	True	0	0	True	822	
DPA1	classical_II	True	0	0	True	783	
DPA2	class_II_paralog	True	0	0	True	733	
DPB1	classical_II	True	0	0	True	777	
DPB2	class_II_paralog	True	0	0	True	776	
DQA1	classical_II	True	0	0	True	768	
DQA2	class_II_paralog	True	0	0	True	768	
DQB1	classical_II	True	0	0	True	786	
DQB2	class_II_paralog	True	0	0	True	807	
DRA	class_II_accessory	True	0	0	True	765	
DRB1	classical_II	True	0	0	True	801	
DRB4	class_II_paralog	True	0	0	True	801	
E	nonclassical_I	True	0	0	True	1077	
F	nonclassical_I	True	0	0	True	1041	
G	nonclassical_I	True	0	0	True	1017	
H	pseudogene_I	True	0	0	True	1096	
J	pseudogene_I	True	0	0	True	1088	
K	pseudogene_I	True	0	0	True	1095	
L	pseudogene_I	False	1	1	True	1096	1096.0
MICA	mic_tap	True	0	0	True	1167	
MICB	mic_tap	True	0	0	True	1152	
N	pseudogene_I	True	0	0	True	161	
P	pseudogene_I	True	0	0	True	732	
S	pseudogene_I	True	0	0	True	266	
T	pseudogene_I	True	0	0	True	459	
TAP1	mic_tap	True	0	0	True	2247	
TAP2	mic_tap	True	0	0	True	2112	
U	pseudogene_I	True	0	0	True	196	
V	pseudogene_I	True	0	0	True	517	
W	pseudogene_I	True	0	0	True	938	
Y	pseudogene_I	True	0	0	True	824	
A	classical_I	True	0	0	True	1098	
B	classical_I	True	0	0	True	1089	
C	classical_I	True	0	0	True	1101	
DMA	class_II_accessory	True	0	0	True	786	
DMB	class_II_accessory	True	0	0	True	792	
DOA	class_II_accessory	True	0	0	True	753	
DOB	class_II_accessory	True	0	0	True	822	
DPA1	classical_II	True	0	0	True	783	
DPA2	class_II_paralog	True	0	0	True	733	
DPB1	classical_II	True	0	0	True	777	
DPB2	class_II_paralog	True	0	0	True	776	
DQA1	classical_II	True	0	0	True	765	
DQA2	class_II_paralog	True	0	0	True	768	
DQB1	classical_II	True	0	0	True	786	
DQB2	class_II_paralog	True	0	0	True	807	
DRA	class_II_accessory	True	0	0	True	765	
DRB1	classical_II	True	0	0	True	801	
E	nonclassical_I	True	0	0	True	1077	
F	nonclassical_I	True	0	0	True	1041	
G	nonclassical_I	True	0	0	True	1017	
H	pseudogene_I	False	3	3	True	1096	1096.0
J	pseudogene_I	True	0	0	True	1095	
K	pseudogene_I	False	26	22	False	1095	1093.0
L	pseudogene_I	True	0	0	True	1096	
MICA	mic_tap	True	0	0	True	1155	
MICB	mic_tap	True	0	0	True	1152	
N	pseudogene_I	True	0	0	True	161	
P	pseudogene_I	True	0	0	True	735	
S	pseudogene_I	True	0	0	True	266	
T	pseudogene_I	True	0	0	True	459	
TAP1	mic_tap	True	0	0	True	2247	
TAP2	mic_tap	True	0	0	True	2061	
U	pseudogene_I	False	1	1	True	196	196.0
V	pseudogene_I	True	0	0	True	517	
W	pseudogene_I	True	0	0	True	936	
A	classical_I	True	0	0	True	1098	
B	classical_I	False	3	2	False	1089	1086.0
C	classical_I	True	0	0	True	1101	
DMA	class_II_accessory	True	0	0	True	786	
DMB	class_II_accessory	True	0	0	True	792	
DOA	class_II_accessory	True	0	0	True	753	
DOB	class_II_accessory	True	0	0	True	822	
DPA1	classical_II	True	0	0	True	783	
DPA2	class_II_paralog	True	0	0	True	733	
DPB1	classical_II	True	0	0	True	777	
DPB2	class_II_paralog	True	0	0	True	776	
DQA1	classical_II	True	0	0	True	765	
DQA2	class_II_paralog	True	0	0	True	768	
DQB1	classical_II	True	0	0	True	786	
DQB2	class_II_paralog	True	0	0	True	807	
DRA	class_II_accessory	True	0	0	True	765	
DRB1	classical_II	True	0	0	True	801	
DRB4	class_II_paralog	False	1	1	True	801	801.0
E	nonclassical_I	True	0	0	True	1077	
F	nonclassical_I	True	0	0	True	1041	
G	nonclassical_I	True	0	0	True	1017	
H	pseudogene_I	False	14	12	True	1096	1096.0
J	pseudogene_I	True	0	0	True	1095	
K	pseudogene_I	False	7	6	False	1095	1093.0
L	pseudogene_I	True	0	0	True	1096	
MICA	mic_tap	True	0	0	True	1155	
MICB	mic_tap	True	0	0	True	1152	
N	pseudogene_I	True	0	0	True	161	
P	pseudogene_I	True	0	0	True	735	
S	pseudogene_I	True	0	0	True	266	
T	pseudogene_I	False	1	1	True	459	459.0
TAP1	mic_tap	True	0	0	True	2247	
TAP2	mic_tap	True	0	0	True	2061	
U	pseudogene_I	False	2	2	True	196	196.0
V	pseudogene_I	True	0	0	True	538	
W	pseudogene_I	True	0	0	True	936	
A	classical_I	True	0	0	True	1098	
B	classical_I	False	22	17	False	1089	1088.0
C	classical_I	True	0	0	True	1101	
DMA	class_II_accessory	True	0	0	True	786	
DMB	class_II_accessory	True	0	0	True	792	
DOA	class_II_accessory	True	0	0	True	753	
DOB	class_II_accessory	True	0	0	True	822	
DPA1	classical_II	True	0	0	True	783	
DPA2	class_II_paralog	True	0	0	True	733	
DPB1	classical_II	False	4	4	True	777	777.0
DPB2	class_II_paralog	True	0	0	True	776	
DQA1	classical_II	True	0	0	True	768	
DQA2	class_II_paralog	True	0	0	True	768	
DQB1	classical_II	True	0	0	True	786	
DQB2	class_II_paralog	True	0	0	True	807	
DRA	class_II_accessory	True	0	0	True	765	
DRB1	classical_II	True	0	0	True	801	
E	nonclassical_I	True	0	0	True	1077	
F	nonclassical_I	True	0	0	True	1041	
G	nonclassical_I	True	0	0	True	1017	
H	pseudogene_I	True	0	0	True	1096	
J	pseudogene_I	True	0	0	True	1095	
K	pseudogene_I	True	0	0	True	1093	
L	pseudogene_I	True	0	0	True	1096	
MICA	mic_tap	True	0	0	True	1158	
MICB	mic_tap	True	0	0	True	1152	
N	pseudogene_I	True	0	0	True	161	
P	pseudogene_I	True	0	0	True	732	
S	pseudogene_I	True	0	0	True	266	
T	pseudogene_I	True	0	0	True	459	
TAP1	mic_tap	True	0	0	True	2247	
TAP2	mic_tap	True	0	0	True	2061	
U	pseudogene_I	True	0	0	True	196	
V	pseudogene_I	True	0	0	True	517	
W	pseudogene_I	True	0	0	True	936	
A	classical_I	False	18	14	True	1098	1098.0
B	classical_I	True	0	0	True	1089	
C	classical_I	True	0	0	True	1101	
DMA	class_II_accessory	True	0	0	True	786	
DMB	class_II_accessory	True	0	0	True	792	
DOA	class_II_accessory	True	0	0	True	753	
DOB	class_II_accessory	True	0	0	True	822	
DPA1	classical_II	True	0	0	True	783	
DPA2	class_II_paralog	True	0	0	True	733	
DPB1	classical_II	True	0	0	True	777	
DPB2	class_II_paralog	True	0	0	True	776	
DQA1	classical_II	True	0	0	True	768	
DQA2	class_II_paralog	True	0	0	True	768	
DQB1	classical_II	True	0	0	True	786	
DQB2	class_II_paralog	True	0	0	True	807	
DRA	class_II_accessory	True	0	0	True	765	
DRB1	classical_II	True	0	0	True	801	
E	nonclassical_I	True	0	0	True	1077	
F	nonclassical_I	True	0	0	True	1041	
G	nonclassical_I	True	0	0	True	1017	
H	pseudogene_I	True	0	0	True	1090	
J	pseudogene_I	True	0	0	True	1095	
K	pseudogene_I	True	0	0	True	1091	
L	pseudogene_I	True	0	0	True	1096	
MICA	mic_tap	True	0	0	True	1156	
MICB	mic_tap	True	0	0	True	1152	
N	pseudogene_I	True	0	0	True	161	
P	pseudogene_I	True	0	0	True	735	
S	pseudogene_I	True	0	0	True	266	
T	pseudogene_I	True	0	0	True	459	
TAP1	mic_tap	True	0	0	True	2247	
TAP2	mic_tap	True	0	0	True	2112	
U	pseudogene_I	True	0	0	True	196	
V	pseudogene_I	True	0	0	True	538	
W	pseudogene_I	True	0	0	True	938	
A	classical_I	True	0	0	True	1098	
B	classical_I	True	0	0	True	1089	
C	classical_I	True	0	0	True	1101	
DMA	class_II_accessory	True	0	0	True	786	
DMB	class_II_accessory	True	0	0	True	792	
DOA	class_II_accessory	True	0	0	True	753	
DOB	class_II_accessory	True	0	0	True	822	
DPA1	classical_II	True	0	0	True	783	
DPA2	class_II_paralog	True	0	0	True	733	
DPB1	classical_II	True	0	0	True	777	
DPB2	class_II_paralog	True	0	0	True	776	
DQA1	classical_II	True	0	0	True	768	
DQA2	class_II_paralog	False	1	1	False	768	767.0
DQB1	classical_II	True	0	0	True	786	
DQB2	class_II_paralog	True	0	0	True	807	
DRA	class_II_accessory	True	0	0	True	765	
DRB1	classical_II	True	0	0	True	801	
DRB5	class_II_paralog	True	0	0	True	801	
E	nonclassical_I	True	0	0	True	1077	
F	nonclassical_I	True	0	0	True	1041	
G	nonclassical_I	True	0	0	True	1017	
H	pseudogene_I	False	25	16	False	1105	1096.0
J	pseudogene_I	True	0	0	True	1095	
K	pseudogene_I	True	0	0	True	1093	
L	pseudogene_I	True	0	0	True	1096	
MICA	mic_tap	True	0	0	True	1156	
MICB	mic_tap	True	0	0	True	1152	
N	pseudogene_I	True	0	0	True	161	
P	pseudogene_I	True	0	0	True	735	
S	pseudogene_I	True	0	0	True	266	
T	pseudogene_I	False	8	8	True	459	459.0
TAP1	mic_tap	True	0	0	True	2247	
TAP2	mic_tap	True	0	0	True	2061	
U	pseudogene_I	True	0	0	True	196	
V	pseudogene_I	True	0	0	True	516	
W	pseudogene_I	True	0	0	True	936	
A	classical_I	True	0	0	True	1098	
B	classical_I	True	0	0	True	1089	
C	classical_I	True	0	0	True	1101	
DMA	class_II_accessory	True	0	0	True	786	
DMB	class_II_accessory	True	0	0	True	792	
DOA	class_II_accessory	True	0	0	True	753	
DOB	class_II_accessory	True	0	0	True	822	
DPA1	classical_II	True	0	0	True	783	
DPA2	class_II_paralog	True	0	0	True	733	
DPB1	classical_II	True	0	0	True	777	
DPB2	class_II_paralog	True	0	0	True	776	
DQA1	classical_II	True	0	0	True	765	
DQA2	class_II_paralog	True	0	0	True	768	
DQB1	classical_II	True	0	0	True	786	
DQB2	class_II_paralog	True	0	0	True	807	
DRA	class_II_accessory	True	0	0	True	765	
DRB1	classical_II	True	0	0	True	801	
DRB4	class_II_paralog	True	0	0	True	801	
E	nonclassical_I	True	0	0	True	1077	
F	nonclassical_I	True	0	0	True	1041	
G	nonclassical_I	True	0	0	True	1017	
H	pseudogene_I	True	0	0	True	1096	
J	pseudogene_I	True	0	0	True	1095	
K	pseudogene_I	False	2	2	False	1095	1096.0
L	pseudogene_I	True	0	0	True	1096	
MICA	mic_tap	True	0	0	True	1167	
MICB	mic_tap	False	1	1	False	1151	1152.0
N	pseudogene_I	True	0	0	True	161	
P	pseudogene_I	True	0	0	True	735	
S	pseudogene_I	True	0	0	True	266	
T	pseudogene_I	True	0	0	True	459	
TAP1	mic_tap	True	0	0	True	2247	
TAP2	mic_tap	False	1	1	False	2062	2061.0
U	pseudogene_I	True	0	0	True	196	
V	pseudogene_I	True	0	0	True	516	
W	pseudogene_I	True	0	0	True	936	
A	classical_I	True	0	0	True	1098	
B	classical_I	True	0	0	True	1089	
C	classical_I	True	0	0	True	1101	
DMA	class_II_accessory	True	0	0	True	786	
DMB	class_II_accessory	True	0	0	True	792	
DOA	class_II_accessory	True	0	0	True	753	
DOB	class_II_accessory	True	0	0	True	822	
DPA1	classical_II	True	0	0	True	783	
DPA2	class_II_paralog	True	0	0	True	733	
DPB1	classical_II	True	0	0	True	777	
DPB2	class_II_paralog	True	0	0	True	776	
DQA1	classical_II	True	0	0	True	768	
DQA2	class_II_paralog	True	0	0	True	768	
DQB1	classical_II	True	0	0	True	786	
DQB2	class_II_paralog	True	0	0	True	807	
DRA	class_II_accessory	True	0	0	True	765	
DRB1	classical_II	True	0	0	True	801	
DRB5	class_II_paralog	True	0	0	True	801	
E	nonclassical_I	True	0	0	True	1077	
F	nonclassical_I	True	0	0	True	1041	
G	nonclassical_I	True	0	0	True	1017	
H	pseudogene_I	True	0	0	True	1097	
J	pseudogene_I	True	0	0	True	1095	
K	pseudogene_I	True	0	0	True	1094	
L	pseudogene_I	True	0	0	True	1094	
MICA	mic_tap	True	0	0	True	1167	
MICB	mic_tap	True	0	0	True	1152	
N	pseudogene_I	True	0	0	True	161	
P	pseudogene_I	True	0	0	True	735	
S	pseudogene_I	True	0	0	True	266	
T	pseudogene_I	True	0	0	True	459	
TAP1	mic_tap	True	0	0	True	2247	
TAP2	mic_tap	True	0	0	True	2061	
U	pseudogene_I	True	0	0	True	196	
V	pseudogene_I	True	0	0	True	538	
W	pseudogene_I	True	0	0	True	938	
A	classical_I	True	0	0	True	1098	
B	classical_I	True	0	0	True	1089	
C	classical_I	True	0	0	True	1101	
DMA	class_II_accessory	True	0	0	True	786	
DMB	class_II_accessory	True	0	0	True	792	
DOA	class_II_accessory	True	0	0	True	753	
DOB	class_II_accessory	True	0	0	True	822	
DPA1	classical_II	True	0	0	True	783	
DPA2	class_II_paralog	True	0	0	True	733	
DPB1	classical_II	True	0	0	True	777	
DPB2	class_II_paralog	True	0	0	True	776	
DQA1	classical_II	True	0	0	True	768	
DQA2	class_II_paralog	True	0	0	True	768	
DQB1	classical_II	True	0	0	True	786	
DQB2	class_II_paralog	True	0	0	True	807	
DRA	class_II_accessory	True	0	0	True	765	
DRB1	classical_II	True	0	0	True	801	
DRB5	class_II_paralog	True	0	0	True	801	
E	nonclassical_I	True	0	0	True	1077	
F	nonclassical_I	True	0	0	True	1041	
G	nonclassical_I	True	0	0	True	1017	
H	pseudogene_I	True	0	0	True	1096	
J	pseudogene_I	True	0	0	True	1081	
K	pseudogene_I	True	0	0	True	1094	
L	pseudogene_I	True	0	0	True	1094	
MICA	mic_tap	True	0	0	True	1156	
MICB	mic_tap	True	0	0	True	1152	
N	pseudogene_I	True	0	0	True	161	
P	pseudogene_I	True	0	0	True	732	
S	pseudogene_I	True	0	0	True	266	
T	pseudogene_I	True	0	0	True	459	
TAP1	mic_tap	True	0	0	True	2247	
TAP2	mic_tap	True	0	0	True	2061	
U	pseudogene_I	True	0	0	True	196	
V	pseudogene_I	True	0	0	True	538	
W	pseudogene_I	True	0	0	True	936	
A	classical_I	True	0	0	True	1098	
B	classical_I	True	0	0	True	1089	
C	classical_I	True	0	0	True	1101	
DMA	class_II_accessory	True	0	0	True	786	
DMB	class_II_accessory	True	0	0	True	792	
DOA	class_II_accessory	True	0	0	True	753	
DOB	class_II_accessory	True	0	0	True	822	
DPA1	classical_II	True	0	0	True	783	
DPA2	class_II_paralog	False	6	6	True	733	733.0
DPB1	classical_II	True	0	0	True	777	
DPB2	class_II_paralog	True	0	0	True	776	
DQA1	classical_II	True	0	0	True	765	
DQA2	class_II_paralog	True	0	0	True	768	
DQB1	classical_II	True	0	0	True	786	
DQB2	class_II_paralog	True	0	0	True	807	
DRA	class_II_accessory	True	0	0	True	765	
DRB1	classical_II	True	0	0	True	801	
DRB3	class_II_paralog	True	0	0	True	801	
E	nonclassical_I	True	0	0	True	1077	
F	nonclassical_I	True	0	0	True	1041	
G	nonclassical_I	True	0	0	True	1017	
H	pseudogene_I	True	0	0	True	1097	
J	pseudogene_I	True	0	0	True	1088	
K	pseudogene_I	True	0	0	True	1093	
L	pseudogene_I	True	0	0	True	1096	
MICA	mic_tap	False	30	21	False	1167	1153.0
MICB	mic_tap	True	0	0	True	1152	
N	pseudogene_I	True	0	0	True	161	
P	pseudogene_I	True	0	0	True	735	
S	pseudogene_I	True	0	0	True	266	
T	pseudogene_I	True	0	0	True	459	
TAP1	mic_tap	True	0	0	True	2247	
TAP2	mic_tap	True	0	0	True	2061	
U	pseudogene_I	True	0	0	True	196	
V	pseudogene_I	True	0	0	True	516	
W	pseudogene_I	False	1	1	False	939	938.0
Y	pseudogene_I	True	0	0	True	824	
A	classical_I	True	0	0	True	1098	
B	classical_I	True	0	0	True	1089	
C	classical_I	True	0	0	True	1101	
DMA	class_II_accessory	True	0	0	True	786	
DMB	class_II_accessory	True	0	0	True	792	
DOA	class_II_accessory	True	0	0	True	753	
DOB	class_II_accessory	True	0	0	True	822	
DPA1	classical_II	True	0	0	True	783	
DPA2	class_II_paralog	True	0	0	True	733	
DPB1	classical_II	True	0	0	True	777	
DPB2	class_II_paralog	True	0	0	True	776	
DQA1	classical_II	True	0	0	True	768	
DQA2	class_II_paralog	True	0	0	True	768	
DQB1	classical_II	True	0	0	True	786	
DQB2	class_II_paralog	True	0	0	True	807	
DRA	class_II_accessory	True	0	0	True	765	
DRB1	classical_II	True	0	0	True	801	
DRB4	class_II_paralog	True	0	0	True	801	
DRB5	class_II_paralog	True	0	0	True	801	
E	nonclassical_I	True	0	0	True	1077	
F	nonclassical_I	True	0	0	True	1041	
G	nonclassical_I	True	0	0	True	1017	
H	pseudogene_I	True	0	0	True	1096	
J	pseudogene_I	True	0	0	True	1095	
K	pseudogene_I	True	0	0	True	1093	
L	pseudogene_I	True	0	0	True	1094	
MICA	mic_tap	True	0	0	True	1155	
MICB	mic_tap	False	2	2	True	1152	1152.0
N	pseudogene_I	True	0	0	True	161	
P	pseudogene_I	True	0	0	True	735	
S	pseudogene_I	True	0	0	True	266	
T	pseudogene_I	True	0	0	True	459	
TAP1	mic_tap	True	0	0	True	2247	
TAP2	mic_tap	True	0	0	True	2112	
U	pseudogene_I	True	0	0	True	196	
V	pseudogene_I	True	0	0	True	538	
W	pseudogene_I	True	0	0	True	923	
A	classical_I	True	0	0	True	1098	
B	classical_I	True	0	0	True	1089	
C	classical_I	True	0	0	True	1101	
DMA	class_II_accessory	True	0	0	True	786	
DMB	class_II_accessory	True	0	0	True	792	
DOA	class_II_accessory	True	0	0	True	753	
DOB	class_II_accessory	True	0	0	True	822	
DPA1	classical_II	True	0	0	True	783	
DPA2	class_II_paralog	True	0	0	True	733	
DPB1	classical_II	True	0	0	True	777	
DPB2	class_II_paralog	True	0	0	True	776	
DQA1	classical_II	True	0	0	True	768	
DQA2	class_II_paralog	True	0	0	True	768	
DQB1	classical_II	True	0	0	True	786	
DQB2	class_II_paralog	True	0	0	True	807	
DRA	class_II_accessory	True	0	0	True	765	
DRB1	classical_II	True	0	0	True	801	
DRB3	class_II_paralog	True	0	0	True	801	
E	nonclassical_I	True	0	0	True	1077	
F	nonclassical_I	True	0	0	True	1041	
G	nonclassical_I	True	0	0	True	1017	
H	pseudogene_I	True	0	0	True	1096	
J	pseudogene_I	True	0	0	True	1095	
K	pseudogene_I	True	0	0	True	1094	
L	pseudogene_I	True	0	0	True	1096	
MICA	mic_tap	True	0	0	True	1155	
MICB	mic_tap	True	0	0	True	1152	
N	pseudogene_I	True	0	0	True	161	
P	pseudogene_I	True	0	0	True	735	
S	pseudogene_I	True	0	0	True	266	
T	pseudogene_I	True	0	0	True	459	
TAP1	mic_tap	True	0	0	True	2247	
TAP2	mic_tap	True	0	0	True	2061	
U	pseudogene_I	True	0	0	True	196	
V	pseudogene_I	True	0	0	True	538	
W	pseudogene_I	True	0	0	True	923	
A	classical_I	True	0	0	True	1098	
B	classical_I	True	0	0	True	1089	
C	classical_I	True	0	0	True	1101	
DMA	class_II_accessory	True	0	0	True	786	
DMB	class_II_accessory	True	0	0	True	792	
DOA	class_II_accessory	True	0	0	True	753	
DOB	class_II_accessory	True	0	0	True	822	
DPA1	classical_II	True	0	0	True	783	
DPA2	class_II_paralog	True	0	0	True	733	
DPB1	classical_II	True	0	0	True	777	
DPB2	class_II_paralog	True	0	0	True	776	
DQA1	classical_II	True	0	0	True	765	
DQA2	class_II_paralog	True	0	0	True	768	
DQB1	classical_II	True	0	0	True	786	
DQB2	class_II_paralog	True	0	0	True	807	
DRA	class_II_accessory	True	0	0	True	765	
DRB1	classical_II	True	0	0	True	801	
DRB3	class_II_paralog	True	0	0	True	801	
E	nonclassical_I	True	0	0	True	1077	
F	nonclassical_I	True	0	0	True	1041	
G	nonclassical_I	True	0	0	True	1017	
H	pseudogene_I	True	0	0	True	1097	
J	pseudogene_I	True	0	0	True	1095	
K	pseudogene_I	True	0	0	True	1094	
L	pseudogene_I	True	0	0	True	1094	
MICA	mic_tap	True	0	0	True	1152	
MICB	mic_tap	True	0	0	True	1152	
N	pseudogene_I	True	0	0	True	161	
P	pseudogene_I	True	0	0	True	735	
S	pseudogene_I	True	0	0	True	266	
T	pseudogene_I	True	0	0	True	459	
TAP1	mic_tap	True	0	0	True	2247	
TAP2	mic_tap	True	0	0	True	2061	
U	pseudogene_I	True	0	0	True	196	
V	pseudogene_I	True	0	0	True	538	
W	pseudogene_I	True	0	0	True	938	
A	classical_I	True	0	0	True	1098	
B	classical_I	True	0	0	True	1089	
C	classical_I	True	0	0	True	1101	
DMA	class_II_accessory	True	0	0	True	786	
DMB	class_II_accessory	True	0	0	True	792	
DOA	class_II_accessory	True	0	0	True	753	
DOB	class_II_accessory	True	0	0	True	822	
DPA1	classical_II	True	0	0	True	783	
DPA2	class_II_paralog	True	0	0	True	733	
DPB1	classical_II	True	0	0	True	777	
DPB2	class_II_paralog	True	0	0	True	776	
DQA1	classical_II	True	0	0	True	765	
DQA2	class_II_paralog	True	0	0	True	768	
DQB1	classical_II	True	0	0	True	786	
DQB2	class_II_paralog	True	0	0	True	807	
DRA	class_II_accessory	False	2	2	True	765	765.0
DRB1	classical_II	True	0	0	True	801	
DRB3	class_II_paralog	True	0	0	True	801	
E	nonclassical_I	True	0	0	True	1077	
F	nonclassical_I	True	0	0	True	1041	
G	nonclassical_I	True	0	0	True	1017	
H	pseudogene_I	True	0	0	True	1096	
J	pseudogene_I	True	0	0	True	1095	
K	pseudogene_I	True	0	0	True	1093	
L	pseudogene_I	False	1	1	True	1096	1096.0
MICA	mic_tap	True	0	0	True	1156	
MICB	mic_tap	True	0	0	True	1152	
N	pseudogene_I	True	0	0	True	161	
P	pseudogene_I	True	0	0	True	735	
S	pseudogene_I	True	0	0	True	266	
T	pseudogene_I	True	0	0	True	459	
TAP1	mic_tap	True	0	0	True	2247	
TAP2	mic_tap	True	0	0	True	2061	
U	pseudogene_I	True	0	0	True	196	
V	pseudogene_I	True	0	0	True	538	
W	pseudogene_I	True	0	0	True	923	
A	classical_I	True	0	0	True	1098	
B	classical_I	True	0	0	True	1089	
C	classical_I	True	0	0	True	1101	
DMA	class_II_accessory	True	0	0	True	786	
DMB	class_II_accessory	True	0	0	True	792	
DOA	class_II_accessory	True	0	0	True	753	
DOB	class_II_accessory	True	0	0	True	822	
DPA1	classical_II	True	0	0	True	783	
DPA2	class_II_paralog	True	0	0	True	733	
DPB1	classical_II	True	0	0	True	777	
DPB2	class_II_paralog	True	0	0	True	776	
DQA1	classical_II	True	0	0	True	765	
DQA2	class_II_paralog	True	0	0	True	768	
DQB1	classical_II	True	0	0	True	786	
DQB2	class_II_paralog	True	0	0	True	807	
DRA	class_II_accessory	True	0	0	True	765	
DRB1	classical_II	True	0	0	True	801	
DRB4	class_II_paralog	True	0	0	True	801	
E	nonclassical_I	True	0	0	True	1077	
F	nonclassical_I	True	0	0	True	1041	
G	nonclassical_I	True	0	0	True	1017	
H	pseudogene_I	True	0	0	True	1096	
J	pseudogene_I	True	0	0	True	1095	
K	pseudogene_I	True	0	0	True	1093	
L	pseudogene_I	True	0	0	True	1094	
MICA	mic_tap	True	0	0	True	1152	
MICB	mic_tap	True	0	0	True	1152	
N	pseudogene_I	True	0	0	True	161	
P	pseudogene_I	True	0	0	True	735	
S	pseudogene_I	True	0	0	True	266	
T	pseudogene_I	True	0	0	True	459	
TAP1	mic_tap	True	0	0	True	2247	
TAP2	mic_tap	True	0	0	True	2061	
U	pseudogene_I	True	0	0	True	196	
V	pseudogene_I	True	0	0	True	517	
W	pseudogene_I	True	0	0	True	923	
A	classical_I	True	0	0	True	1098	
B	classical_I	False	1	1	False	1092	1091.0
C	classical_I	True	0	0	True	1101	
DMA	class_II_accessory	True	0	0	True	786	
DMB	class_II_accessory	True	0	0	True	792	
DOA	class_II_accessory	True	0	0	True	753	
DOB	class_II_accessory	True	0	0	True	822	
DPA1	classical_II	True	0	0	True	783	
DPA2	class_II_paralog	True	0	0	True	733	
DPB1	classical_II	True	0	0	True	777	
DPB2	class_II_paralog	True	0	0	True	776	
DQA1	classical_II	True	0	0	True	768	
DQA2	class_II_paralog	True	0	0	True	768	
DQB1	classical_II	True	0	0	True	786	
DQB2	class_II_paralog	True	0	0	True	807	
DRA	class_II_accessory	True	0	0	True	765	
DRB1	classical_II	True	0	0	True	801	
DRB4	class_II_paralog	True	0	0	True	801	
E	nonclassical_I	True	0	0	True	1077	
F	nonclassical_I	True	0	0	True	1041	
G	nonclassical_I	True	0	0	True	1017	
H	pseudogene_I	True	0	0	True	1096	
J	pseudogene_I	True	0	0	True	1095	
K	pseudogene_I	True	0	0	True	1093	
L	pseudogene_I	True	0	0	True	1094	
MICA	mic_tap	True	0	0	True	1152	
MICB	mic_tap	True	0	0	True	1152	
N	pseudogene_I	True	0	0	True	161	
P	pseudogene_I	True	0	0	True	735	
S	pseudogene_I	True	0	0	True	266	
T	pseudogene_I	True	0	0	True	459	
TAP1	mic_tap	True	0	0	True	2247	
TAP2	mic_tap	True	0	0	True	2061	
U	pseudogene_I	True	0	0	True	196	
V	pseudogene_I	True	0	0	True	538	
W	pseudogene_I	True	0	0	True	923	
A	classical_I	True	0	0	True	1098	
B	classical_I	True	0	0	True	1089	
C	classical_I	True	0	0	True	1101	
DMA	class_II_accessory	True	0	0	True	786	
DMB	class_II_accessory	True	0	0	True	792	
DOA	class_II_accessory	True	0	0	True	753	
DOB	class_II_accessory	True	0	0	True	822	
DPA1	classical_II	True	0	0	True	783	
DPA2	class_II_paralog	True	0	0	True	733	
DPB1	classical_II	True	0	0	True	777	
DPB2	class_II_paralog	False	10	10	True	776	776.0
DQA1	classical_II	True	0	0	True	765	
DQA2	class_II_paralog	True	0	0	True	768	
DQB1	classical_II	True	0	0	True	786	
DQB2	class_II_paralog	True	0	0	True	807	
DRA	class_II_accessory	True	0	0	True	765	
DRB1	classical_II	True	0	0	True	801	
E	nonclassical_I	True	0	0	True	1077	
F	nonclassical_I	True	0	0	True	1041	
G	nonclassical_I	True	0	0	True	1017	
H	pseudogene_I	True	0	0	True	1096	
J	pseudogene_I	True	0	0	True	1095	
K	pseudogene_I	True	0	0	True	1095	
L	pseudogene_I	True	0	0	True	1094	
MICA	mic_tap	True	0	0	True	1167	
MICB	mic_tap	False	2	2	True	1152	1152.0
N	pseudogene_I	True	0	0	True	161	
P	pseudogene_I	True	0	0	True	732	
S	pseudogene_I	True	0	0	True	266	
T	pseudogene_I	True	0	0	True	459	
TAP1	mic_tap	True	0	0	True	2247	
TAP2	mic_tap	True	0	0	True	2061	
U	pseudogene_I	True	0	0	True	196	
V	pseudogene_I	True	0	0	True	538	
W	pseudogene_I	True	0	0	True	938	
A	classical_I	True	0	0	True	1098	
B	classical_I	True	0	0	True	1089	
C	classical_I	True	0	0	True	1101	
DMA	class_II_accessory	True	0	0	True	786	
DMB	class_II_accessory	True	0	0	True	792	
DOA	class_II_accessory	True	0	0	True	753	
DOB	class_II_accessory	True	0	0	True	822	
DPA1	classical_II	True	0	0	True	783	
DPA2	class_II_paralog	True	0	0	True	733	
DPB1	classical_II	True	0	0	True	777	
DPB2	class_II_paralog	True	0	0	True	776	
DQA1	classical_II	True	0	0	True	765	
DQA2	class_II_paralog	True	0	0	True	768	
DQB1	classical_II	True	0	0	True	786	
DQB2	class_II_paralog	True	0	0	True	807	
DRA	class_II_accessory	True	0	0	True	765	
DRB1	classical_II	True	0	0	True	801	
E	nonclassical_I	True	0	0	True	1077	
F	nonclassical_I	True	0	0	True	1041	
G	nonclassical_I	True	0	0	True	1017	
H	pseudogene_I	True	0	0	True	1097	
J	pseudogene_I	True	0	0	True	1095	
K	pseudogene_I	True	0	0	True	1093	
L	pseudogene_I	True	0	0	True	1096	
MICA	mic_tap	True	0	0	True	1152	
MICB	mic_tap	True	0	0	True	1152	
N	pseudogene_I	True	0	0	True	161	
P	pseudogene_I	True	0	0	True	735	
S	pseudogene_I	True	0	0	True	266	
T	pseudogene_I	True	0	0	True	459	
TAP1	mic_tap	True	0	0	True	2247	
TAP2	mic_tap	True	0	0	True	2112	
U	pseudogene_I	True	0	0	True	196	
V	pseudogene_I	True	0	0	True	517	
W	pseudogene_I	True	0	0	True	936	
A	classical_I	True	0	0	True	1098	
B	classical_I	True	0	0	True	1089	
C	classical_I	True	0	0	True	1119	
DMA	class_II_accessory	True	0	0	True	786	
DMB	class_II_accessory	True	0	0	True	792	
DOA	class_II_accessory	True	0	0	True	753	
DOB	class_II_accessory	True	0	0	True	822	
DPA1	classical_II	True	0	0	True	783	
DPA2	class_II_paralog	True	0	0	True	733	
DPB1	classical_II	True	0	0	True	777	
DPB2	class_II_paralog	True	0	0	True	776	
DQA1	classical_II	True	0	0	True	768	
DQA2	class_II_paralog	True	0	0	True	768	
DQB1	classical_II	True	0	0	True	786	
DQB2	class_II_paralog	True	0	0	True	807	
DRA	class_II_accessory	True	0	0	True	765	
DRB1	classical_II	True	0	0	True	801	
DRB4	class_II_paralog	True	0	0	True	801	
E	nonclassical_I	True	0	0	True	1077	
F	nonclassical_I	True	0	0	True	1041	
G	nonclassical_I	True	0	0	True	1017	
H	pseudogene_I	True	0	0	True	1096	
J	pseudogene_I	True	0	0	True	1089	
K	pseudogene_I	True	0	0	True	1095	
L	pseudogene_I	True	0	0	True	1094	
MICA	mic_tap	True	0	0	True	1158	
MICB	mic_tap	True	0	0	True	1152	
N	pseudogene_I	True	0	0	True	161	
P	pseudogene_I	True	0	0	True	732	
S	pseudogene_I	True	0	0	True	266	
T	pseudogene_I	True	0	0	True	459	
TAP1	mic_tap	True	0	0	True	2247	
TAP2	mic_tap	True	0	0	True	2061	
U	pseudogene_I	True	0	0	True	196	
V	pseudogene_I	True	0	0	True	517	
W	pseudogene_I	True	0	0	True	938	
Y	pseudogene_I	True	0	0	True	824	
A	classical_I	True	0	0	True	1098	
B	classical_I	True	0	0	True	1089	
C	classical_I	True	0	0	True	1101	
DMA	class_II_accessory	True	0	0	True	786	
DMB	class_II_accessory	True	0	0	True	792	
DOA	class_II_accessory	True	0	0	True	753	
DOB	class_II_accessory	True	0	0	True	822	
DPA1	classical_II	True	0	0	True	783	
DPA2	class_II_paralog	True	0	0	True	733	
DPB1	classical_II	True	0	0	True	777	
DPB2	class_II_paralog	True	0	0	True	776	
DQA1	classical_II	True	0	0	True	765	
DQA2	class_II_paralog	True	0	0	True	768	
DQB1	classical_II	True	0	0	True	786	
DQB2	class_II_paralog	True	0	0	True	807	
DRA	class_II_accessory	True	0	0	True	765	
DRB1	classical_II	True	0	0	True	801	
DRB3	class_II_paralog	True	0	0	True	801	
E	nonclassical_I	True	0	0	True	1077	
F	nonclassical_I	True	0	0	True	1041	
G	nonclassical_I	True	0	0	True	1017	
H	pseudogene_I	True	0	0	True	1096	
J	pseudogene_I	True	0	0	True	1089	
K	pseudogene_I	True	0	0	True	1096	
L	pseudogene_I	True	0	0	True	1094	
MICA	mic_tap	True	0	0	True	1158	
MICB	mic_tap	True	0	0	True	1152	
N	pseudogene_I	True	0	0	True	161	
P	pseudogene_I	True	0	0	True	732	
S	pseudogene_I	True	0	0	True	266	
T	pseudogene_I	True	0	0	True	459	
TAP1	mic_tap	True	0	0	True	2247	
TAP2	mic_tap	True	0	0	True	2061	
U	pseudogene_I	True	0	0	True	196	
V	pseudogene_I	True	0	0	True	517	
W	pseudogene_I	True	0	0	True	936	
Y	pseudogene_I	True	0	0	True	824	
A	classical_I	True	0	0	True	1098	
B	classical_I	True	0	0	True	1089	
C	classical_I	True	0	0	True	1101	
DMA	class_II_accessory	True	0	0	True	786	
DMB	class_II_accessory	True	0	0	True	792	
DOA	class_II_accessory	True	0	0	True	753	
DOB	class_II_accessory	True	0	0	True	822	
DPA1	classical_II	True	0	0	True	783	
DPA2	class_II_paralog	False	3	3	True	733	733.0
DPB1	classical_II	True	0	0	True	777	
DPB2	class_II_paralog	False	2	1	True	776	776.0
DQA1	classical_II	True	0	0	True	768	
DQA2	class_II_paralog	False	4	4	False	768	764.0
DQB1	classical_II	True	0	0	True	786	
DQB2	class_II_paralog	True	0	0	True	807	
DRA	class_II_accessory	True	0	0	True	765	
DRB1	classical_II	True	0	0	True	801	
E	nonclassical_I	True	0	0	True	1077	
F	nonclassical_I	True	0	0	True	1041	
G	nonclassical_I	True	0	0	True	1017	
H	pseudogene_I	True	0	0	True	1097	
J	pseudogene_I	True	0	0	True	1095	
K	pseudogene_I	True	0	0	True	1094	
L	pseudogene_I	True	0	0	True	1094	
MICA	mic_tap	False	1	1	False	1152	1153.0
MICB	mic_tap	True	0	0	True	1152	
N	pseudogene_I	True	0	0	True	161	
P	pseudogene_I	True	0	0	True	735	
S	pseudogene_I	True	0	0	True	266	
T	pseudogene_I	True	0	0	True	459	
TAP1	mic_tap	True	0	0	True	2247	
TAP2	mic_tap	True	0	0	True	2061	
U	pseudogene_I	True	0	0	True	196	
V	pseudogene_I	True	0	0	True	517	
W	pseudogene_I	True	0	0	True	938	
A	classical_I	True	0	0	True	1098	
B	classical_I	True	0	0	True	1089	
C	classical_I	True	0	0	True	1101	
DMA	class_II_accessory	True	0	0	True	786	
DMB	class_II_accessory	True	0	0	True	792	
DOA	class_II_accessory	True	0	0	True	753	
DOB	class_II_accessory	True	0	0	True	822	
DPA1	classical_II	True	0	0	True	783	
DPA2	class_II_paralog	True	0	0	True	733	
DPB1	classical_II	True	0	0	True	777	
DPB2	class_II_paralog	True	0	0	True	776	
DQA1	classical_II	True	0	0	True	765	
DQA2	class_II_paralog	True	0	0	True	768	
DQB1	classical_II	True	0	0	True	786	
DQB2	class_II_paralog	True	0	0	True	807	
DRA	class_II_accessory	True	0	0	True	765	
DRB1	classical_II	True	0	0	True	801	
DRB4	class_II_paralog	True	0	0	True	801	
E	nonclassical_I	True	0	0	True	1077	
F	nonclassical_I	True	0	0	True	1041	
G	nonclassical_I	True	0	0	True	1017	
H	pseudogene_I	True	0	0	True	1090	
J	pseudogene_I	True	0	0	True	1095	
K	pseudogene_I	True	0	0	True	1092	
L	pseudogene_I	True	0	0	True	1094	
MICA	mic_tap	True	0	0	True	1158	
MICB	mic_tap	True	0	0	True	1152	
N	pseudogene_I	True	0	0	True	161	
P	pseudogene_I	True	0	0	True	735	
S	pseudogene_I	True	0	0	True	266	
T	pseudogene_I	True	0	0	True	459	
TAP1	mic_tap	True	0	0	True	2247	
TAP2	mic_tap	True	0	0	True	2061	
U	pseudogene_I	True	0	0	True	196	
V	pseudogene_I	True	0	0	True	538	
W	pseudogene_I	True	0	0	True	936	
A	classical_I	True	0	0	True	1098	
B	classical_I	True	0	0	True	1089	
C	classical_I	True	0	0	True	1101	
DMA	class_II_accessory	True	0	0	True	786	
DMB	class_II_accessory	True	0	0	True	792	
DOA	class_II_accessory	True	0	0	True	753	
DOB	class_II_accessory	True	0	0	True	822	
DPA1	classical_II	True	0	0	True	783	
DPA2	class_II_paralog	True	0	0	True	733	
DPB1	classical_II	True	0	0	True	777	
DPB2	class_II_paralog	True	0	0	True	776	
DQA1	classical_II	True	0	0	True	768	
DQA2	class_II_paralog	True	0	0	True	768	
DQB1	classical_II	True	0	0	True	786	
DQB2	class_II_paralog	True	0	0	True	807	
DRA	class_II_accessory	True	0	0	True	765	
DRB1	classical_II	True	0	0	True	801	
DRB3	class_II_paralog	True	0	0	True	801	
E	nonclassical_I	True	0	0	True	1077	
F	nonclassical_I	True	0	0	True	1041	
G	nonclassical_I	True	0	0	True	1017	
H	pseudogene_I	True	0	0	True	1096	
J	pseudogene_I	True	0	0	True	1095	
K	pseudogene_I	True	0	0	True	1092	
L	pseudogene_I	True	0	0	True	1094	
MICA	mic_tap	True	0	0	True	1167	
MICB	mic_tap	True	0	0	True	1152	
N	pseudogene_I	True	0	0	True	161	
P	pseudogene_I	True	0	0	True	735	
S	pseudogene_I	True	0	0	True	266	
T	pseudogene_I	True	0	0	True	459	
TAP1	mic_tap	True	0	0	True	2247	
TAP2	mic_tap	True	0	0	True	2061	
U	pseudogene_I	True	0	0	True	196	
V	pseudogene_I	True	0	0	True	538	
W	pseudogene_I	True	0	0	True	936	
Y	pseudogene_I	True	0	0	True	824	
A	classical_I	True	0	0	True	1098	
B	classical_I	True	0	0	True	1089	
C	classical_I	True	0	0	True	1101	
DMA	class_II_accessory	True	0	0	True	786	
DMB	class_II_accessory	True	0	0	True	792	
DOA	class_II_accessory	True	0	0	True	753	
DOB	class_II_accessory	True	0	0	True	822	
DPA1	classical_II	True	0	0	True	783	
DPA2	class_II_paralog	True	0	0	True	733	
DPB1	classical_II	True	0	0	True	777	
DPB2	class_II_paralog	True	0	0	True	776	
DQA1	classical_II	True	0	0	True	765	
DQA2	class_II_paralog	True	0	0	True	768	
DQB1	classical_II	True	0	0	True	786	
DQB2	class_II_paralog	True	0	0	True	807	
DRA	class_II_accessory	True	0	0	True	765	
DRB1	classical_II	True	0	0	True	801	
DRB3	class_II_paralog	True	0	0	True	801	
E	nonclassical_I	True	0	0	True	1077	
F	nonclassical_I	True	0	0	True	1041	
G	nonclassical_I	True	0	0	True	1017	
H	pseudogene_I	True	0	0	True	1096	
J	pseudogene_I	True	0	0	True	1089	
K	pseudogene_I	True	0	0	True	1096	
L	pseudogene_I	True	0	0	True	1094	
MICA	mic_tap	True	0	0	True	1158	
MICB	mic_tap	True	0	0	True	1152	
N	pseudogene_I	True	0	0	True	161	
P	pseudogene_I	True	0	0	True	732	
S	pseudogene_I	True	0	0	True	266	
T	pseudogene_I	True	0	0	True	459	
TAP1	mic_tap	True	0	0	True	2247	
TAP2	mic_tap	True	0	0	True	2061	
U	pseudogene_I	True	0	0	True	196	
V	pseudogene_I	True	0	0	True	517	
W	pseudogene_I	True	0	0	True	938	
Y	pseudogene_I	True	0	0	True	824	
A	classical_I	True	0	0	True	1098	
B	classical_I	True	0	0	True	1089	
C	classical_I	True	0	0	True	1101	
DMA	class_II_accessory	True	0	0	True	786	
DMB	class_II_accessory	True	0	0	True	792	
DOA	class_II_accessory	True	0	0	True	753	
DOB	class_II_accessory	True	0	0	True	822	
DPA1	classical_II	True	0	0	True	783	
DPA2	class_II_paralog	True	0	0	True	733	
DPB1	classical_II	True	0	0	True	777	
DPB2	class_II_paralog	True	0	0	True	776	
DQA1	classical_II	True	0	0	True	768	
DQA2	class_II_paralog	True	0	0	True	768	
DQB1	classical_II	True	0	0	True	786	
DQB2	class_II_paralog	True	0	0	True	807	
DRA	class_II_accessory	True	0	0	True	765	
DRB1	classical_II	True	0	0	True	801	
DRB4	class_II_paralog	True	0	0	True	784	
DRB5	class_II_paralog	True	0	0	True	801	
E	nonclassical_I	True	0	0	True	1077	
F	nonclassical_I	True	0	0	True	1041	
G	nonclassical_I	True	0	0	True	1017	
H	pseudogene_I	False	1	1	False	1095	1096.0
J	pseudogene_I	True	0	0	True	1095	
K	pseudogene_I	True	0	0	True	1093	
L	pseudogene_I	True	0	0	True	1096	
MICA	mic_tap	True	0	0	True	1156	
MICB	mic_tap	True	0	0	True	1152	
N	pseudogene_I	True	0	0	True	161	
P	pseudogene_I	True	0	0	True	732	
S	pseudogene_I	True	0	0	True	266	
T	pseudogene_I	True	0	0	True	459	
TAP1	mic_tap	True	0	0	True	2247	
TAP2	mic_tap	True	0	0	True	2112	
U	pseudogene_I	True	0	0	True	196	
V	pseudogene_I	True	0	0	True	517	
W	pseudogene_I	True	0	0	True	936	
A	classical_I	True	0	0	True	1098	
B	classical_I	True	0	0	True	1089	
C	classical_I	True	0	0	True	1101	
DMA	class_II_accessory	True	0	0	True	786	
DMB	class_II_accessory	True	0	0	True	792	
DOA	class_II_accessory	True	0	0	True	753	
DOB	class_II_accessory	True	0	0	True	822	
DPA1	classical_II	True	0	0	True	783	
DPA2	class_II_paralog	True	0	0	True	733	
DPB1	classical_II	True	0	0	True	777	
DPB2	class_II_paralog	True	0	0	True	776	
DQA1	classical_II	True	0	0	True	765	
DQA2	class_II_paralog	True	0	0	True	768	
DQB1	classical_II	True	0	0	True	786	
DQB2	class_II_paralog	True	0	0	True	807	
DRA	class_II_accessory	True	0	0	True	765	
DRB1	classical_II	True	0	0	True	801	
DRB3	class_II_paralog	True	0	0	True	801	
E	nonclassical_I	True	0	0	True	1077	
F	nonclassical_I	True	0	0	True	1041	
G	nonclassical_I	True	0	0	True	1017	
H	pseudogene_I	True	0	0	True	1096	
J	pseudogene_I	True	0	0	True	1089	
K	pseudogene_I	False	29	21	False	1092	1095.0
L	pseudogene_I	True	0	0	True	1096	
MICA	mic_tap	True	0	0	True	1166	
MICB	mic_tap	True	0	0	True	1152	
N	pseudogene_I	True	0	0	True	161	
P	pseudogene_I	True	0	0	True	735	
S	pseudogene_I	True	0	0	True	266	
T	pseudogene_I	True	0	0	True	459	
TAP1	mic_tap	True	0	0	True	2247	
TAP2	mic_tap	True	0	0	True	2061	
U	pseudogene_I	False	8	7	True	196	196.0
V	pseudogene_I	True	0	0	True	516	
W	pseudogene_I	True	0	0	True	936	
Y	pseudogene_I	True	0	0	True	824	
A	classical_I	True	0	0	True	1098	
B	classical_I	True	0	0	True	1089	
C	classical_I	True	0	0	True	1101	
DMA	class_II_accessory	True	0	0	True	786	
DMB	class_II_accessory	True	0	0	True	792	
DOA	class_II_accessory	True	0	0	True	753	
DOB	class_II_accessory	True	0	0	True	822	
DPA1	classical_II	True	0	0	True	783	
DPA2	class_II_paralog	True	0	0	True	733	
DPB1	classical_II	True	0	0	True	777	
DPB2	class_II_paralog	True	0	0	True	776	
DQA1	classical_II	True	0	0	True	768	
DQA2	class_II_paralog	True	0	0	True	768	
DQB1	classical_II	True	0	0	True	786	
DQB2	class_II_paralog	True	0	0	True	807	
DRA	class_II_accessory	True	0	0	True	765	
DRB1	classical_II	True	0	0	True	801	
DRB3	class_II_paralog	False	47	8	True	801	801.0
DRB4	class_II_paralog	True	0	0	True	801	
E	nonclassical_I	True	0	0	True	1077	
F	nonclassical_I	True	0	0	True	1041	
G	nonclassical_I	True	0	0	True	1016	
H	pseudogene_I	True	0	0	True	1096	
J	pseudogene_I	True	0	0	True	1089	
K	pseudogene_I	True	0	0	True	1092	
L	pseudogene_I	True	0	0	True	1096	
MICA	mic_tap	False	2	2	True	1156	1156.0
MICB	mic_tap	True	0	0	True	1152	
N	pseudogene_I	True	0	0	True	161	
P	pseudogene_I	True	0	0	True	732	
S	pseudogene_I	True	0	0	True	266	
T	pseudogene_I	True	0	0	True	459	
TAP1	mic_tap	True	0	0	True	2247	
TAP2	mic_tap	True	0	0	True	2061	
U	pseudogene_I	True	0	0	True	196	
V	pseudogene_I	True	0	0	True	517	
W	pseudogene_I	True	0	0	True	923	
Y	pseudogene_I	True	0	0	True	824	
A	classical_I	True	0	0	True	1098	
B	classical_I	True	0	0	True	1089	
C	classical_I	True	0	0	True	1101	
DMA	class_II_accessory	True	0	0	True	786	
DMB	class_II_accessory	True	0	0	True	792	
DOA	class_II_accessory	True	0	0	True	753	
DOB	class_II_accessory	True	0	0	True	822	
DPA1	classical_II	True	0	0	True	783	
DPA2	class_II_paralog	True	0	0	True	733	
DPB1	classical_II	True	0	0	True	777	
DPB2	class_II_paralog	True	0	0	True	776	
DQA1	classical_II	True	0	0	True	768	
DQA2	class_II_paralog	True	0	0	True	768	
DQB1	classical_II	True	0	0	True	786	
DQB2	class_II_paralog	True	0	0	True	807	
DRA	class_II_accessory	True	0	0	True	765	
DRB1	classical_II	True	0	0	True	801	
DRB5	class_II_paralog	True	0	0	True	801	
E	nonclassical_I	True	0	0	True	1077	
F	nonclassical_I	True	0	0	True	1041	
G	nonclassical_I	True	0	0	True	1017	
H	pseudogene_I	False	1	1	False	1097	1096.0
J	pseudogene_I	True	0	0	True	1095	
K	pseudogene_I	True	0	0	True	1093	
L	pseudogene_I	True	0	0	True	1096	
MICA	mic_tap	True	0	0	True	1155	
MICB	mic_tap	True	0	0	True	1152	
N	pseudogene_I	True	0	0	True	161	
P	pseudogene_I	True	0	0	True	732	
S	pseudogene_I	True	0	0	True	266	
T	pseudogene_I	True	0	0	True	459	
TAP1	mic_tap	True	0	0	True	2247	
TAP2	mic_tap	True	0	0	True	2061	
U	pseudogene_I	True	0	0	True	196	
V	pseudogene_I	True	0	0	True	517	
W	pseudogene_I	True	0	0	True	936	
A	classical_I	True	0	0	True	1098	
B	classical_I	True	0	0	True	1089	
C	classical_I	True	0	0	True	1101	
DMA	class_II_accessory	True	0	0	True	786	
DMB	class_II_accessory	True	0	0	True	792	
DOA	class_II_accessory	True	0	0	True	753	
DOB	class_II_accessory	True	0	0	True	822	
DPA1	classical_II	True	0	0	True	783	
DPA2	class_II_paralog	True	0	0	True	733	
DPB1	classical_II	True	0	0	True	777	
DPB2	class_II_paralog	True	0	0	True	776	
DQA1	classical_II	True	0	0	True	768	
DQA2	class_II_paralog	True	0	0	True	768	
DQB1	classical_II	True	0	0	True	786	
DQB2	class_II_paralog	True	0	0	True	807	
DRA	class_II_accessory	True	0	0	True	765	
DRB1	classical_II	True	0	0	True	801	
DRB5	class_II_paralog	True	0	0	True	801	
E	nonclassical_I	True	0	0	True	1077	
F	nonclassical_I	True	0	0	True	1041	
G	nonclassical_I	True	0	0	True	1017	
H	pseudogene_I	False	1	1	False	1097	1096.0
J	pseudogene_I	True	0	0	True	1095	
K	pseudogene_I	True	0	0	True	1093	
L	pseudogene_I	True	0	0	True	1096	
MICA	mic_tap	True	0	0	True	1155	
MICB	mic_tap	True	0	0	True	1152	
N	pseudogene_I	True	0	0	True	161	
P	pseudogene_I	True	0	0	True	732	
S	pseudogene_I	True	0	0	True	266	
T	pseudogene_I	True	0	0	True	459	
TAP1	mic_tap	True	0	0	True	2247	
TAP2	mic_tap	True	0	0	True	2061	
U	pseudogene_I	True	0	0	True	196	
V	pseudogene_I	True	0	0	True	517	
W	pseudogene_I	True	0	0	True	936	
A	classical_I	True	0	0	True	1098	
B	classical_I	True	0	0	True	1089	
C	classical_I	True	0	0	True	1101	
DMA	class_II_accessory	True	0	0	True	786	
DMB	class_II_accessory	True	0	0	True	792	
DOA	class_II_accessory	True	0	0	True	753	
DOB	class_II_accessory	True	0	0	True	822	
DPA1	classical_II	True	0	0	True	783	
DPA2	class_II_paralog	True	0	0	True	733	
DPB1	classical_II	True	0	0	True	777	
DPB2	class_II_paralog	True	0	0	True	776	
DQA1	classical_II	True	0	0	True	768	
DQA2	class_II_paralog	True	0	0	True	768	
DQB1	classical_II	True	0	0	True	786	
DQB2	class_II_paralog	True	0	0	True	807	
DRA	class_II_accessory	True	0	0	True	765	
DRB1	classical_II	True	0	0	True	801	
DRB3	class_II_paralog	True	0	0	True	801	
DRB4	class_II_paralog	False	1	1	True	801	801.0
E	nonclassical_I	True	0	0	True	1077	
F	nonclassical_I	True	0	0	True	1041	
G	nonclassical_I	True	0	0	True	1017	
H	pseudogene_I	False	20	17	False	1097	1096.0
J	pseudogene_I	True	0	0	True	1095	
K	pseudogene_I	False	12	11	True	1093	1093.0
L	pseudogene_I	True	0	0	True	1094	
MICA	mic_tap	True	0	0	True	1158	
MICB	mic_tap	True	0	0	True	1152	
N	pseudogene_I	True	0	0	True	161	
P	pseudogene_I	True	0	0	True	735	
S	pseudogene_I	True	0	0	True	266	
T	pseudogene_I	False	8	8	True	459	459.0
TAP1	mic_tap	True	0	0	True	2247	
TAP2	mic_tap	True	0	0	True	2061	
U	pseudogene_I	False	4	4	True	196	196.0
V	pseudogene_I	True	0	0	True	538	
W	pseudogene_I	True	0	0	True	936	
A	classical_I	True	0	0	True	1098	
B	classical_I	True	0	0	True	1089	
C	classical_I	True	0	0	True	1101	
DMA	class_II_accessory	True	0	0	True	786	
DMB	class_II_accessory	True	0	0	True	792	
DOA	class_II_accessory	True	0	0	True	753	
DOB	class_II_accessory	True	0	0	True	822	
DPA1	classical_II	True	0	0	True	783	
DPA2	class_II_paralog	True	0	0	True	733	
DPB1	classical_II	True	0	0	True	777	
DPB2	class_II_paralog	True	0	0	True	776	
DQA1	classical_II	True	0	0	True	768	
DQA2	class_II_paralog	True	0	0	True	768	
DQB1	classical_II	True	0	0	True	786	
DQB2	class_II_paralog	True	0	0	True	807	
DRA	class_II_accessory	True	0	0	True	765	
DRB1	classical_II	True	0	0	True	801	
E	nonclassical_I	True	0	0	True	1077	
F	nonclassical_I	True	0	0	True	1041	
G	nonclassical_I	True	0	0	True	1017	
H	pseudogene_I	True	0	0	True	1096	
HFE	other	True	0	0	True	1047	
J	pseudogene_I	True	0	0	True	1095	
K	pseudogene_I	True	0	0	True	1093	
L	pseudogene_I	True	0	0	True	1096	
MICA	mic_tap	True	0	0	True	1158	
MICB	mic_tap	True	0	0	True	1152	
N	pseudogene_I	True	0	0	True	161	
P	pseudogene_I	True	0	0	True	735	
S	pseudogene_I	True	0	0	True	266	
T	pseudogene_I	True	0	0	True	459	
TAP1	mic_tap	True	0	0	True	2247	
TAP2	mic_tap	True	0	0	True	2061	
U	pseudogene_I	True	0	0	True	196	
V	pseudogene_I	True	0	0	True	538	
W	pseudogene_I	True	0	0	True	923	
A	classical_I	True	0	0	True	1098	
B	classical_I	True	0	0	True	1089	
C	classical_I	True	0	0	True	1101	
DMA	class_II_accessory	True	0	0	True	786	
DMB	class_II_accessory	True	0	0	True	792	
DOA	class_II_accessory	True	0	0	True	753	
DOB	class_II_accessory	True	0	0	True	822	
DPA1	classical_II	True	0	0	True	783	
DPA2	class_II_paralog	True	0	0	True	733	
DPB1	classical_II	True	0	0	True	777	
DPB2	class_II_paralog	True	0	0	True	776	
DQA1	classical_II	True	0	0	True	768	
DQA2	class_II_paralog	True	0	0	True	768	
DQB1	classical_II	True	0	0	True	786	
DQB2	class_II_paralog	True	0	0	True	807	
DRA	class_II_accessory	True	0	0	True	765	
DRB1	classical_II	True	0	0	True	801	
DRB4	class_II_paralog	True	0	0	True	784	
E	nonclassical_I	True	0	0	True	1077	
F	nonclassical_I	True	0	0	True	1041	
G	nonclassical_I	True	0	0	True	1017	
H	pseudogene_I	True	0	0	True	1104	
HFE	other	False	1	1	True	1047	1047.0
J	pseudogene_I	True	0	0	True	1095	
K	pseudogene_I	True	0	0	True	1092	
L	pseudogene_I	True	0	0	True	1094	
MICA	mic_tap	True	0	0	True	1156	
MICB	mic_tap	True	0	0	True	1152	
N	pseudogene_I	True	0	0	True	161	
P	pseudogene_I	True	0	0	True	735	
S	pseudogene_I	True	0	0	True	266	
T	pseudogene_I	True	0	0	True	459	
TAP1	mic_tap	True	0	0	True	2247	
TAP2	mic_tap	True	0	0	True	2112	
U	pseudogene_I	True	0	0	True	196	
V	pseudogene_I	False	1	1	True	538	538.0
W	pseudogene_I	True	0	0	True	936	
A	classical_I	True	0	0	True	1098	
B	classical_I	True	0	0	True	1089	
C	classical_I	True	0	0	True	1101	
DMA	class_II_accessory	True	0	0	True	786	
DMB	class_II_accessory	True	0	0	True	792	
DOA	class_II_accessory	True	0	0	True	753	
DOB	class_II_accessory	True	0	0	True	822	
DPA1	classical_II	True	0	0	True	783	
DPA2	class_II_paralog	True	0	0	True	733	
DPB1	classical_II	True	0	0	True	777	
DPB2	class_II_paralog	True	0	0	True	776	
DQA1	classical_II	True	0	0	True	765	
DQA2	class_II_paralog	True	0	0	True	768	
DQB1	classical_II	True	0	0	True	786	
DQB2	class_II_paralog	True	0	0	True	807	
DRA	class_II_accessory	True	0	0	True	765	
DRB1	classical_II	True	0	0	True	801	
DRB3	class_II_paralog	True	0	0	True	801	
E	nonclassical_I	True	0	0	True	1077	
F	nonclassical_I	True	0	0	True	1041	
G	nonclassical_I	True	0	0	True	1017	
H	pseudogene_I	True	0	0	True	1096	
J	pseudogene_I	True	0	0	True	1095	
K	pseudogene_I	True	0	0	True	1093	
L	pseudogene_I	True	0	0	True	1096	
MICA	mic_tap	True	0	0	True	1156	
MICB	mic_tap	False	1	1	False	1152	1151.0
N	pseudogene_I	True	0	0	True	161	
P	pseudogene_I	True	0	0	True	732	
S	pseudogene_I	True	0	0	True	266	
T	pseudogene_I	True	0	0	True	459	
TAP1	mic_tap	True	0	0	True	2247	
TAP2	mic_tap	True	0	0	True	2061	
U	pseudogene_I	True	0	0	True	196	
V	pseudogene_I	True	0	0	True	538	
W	pseudogene_I	True	0	0	True	936	
A	classical_I	True	0	0	True	1098	
B	classical_I	True	0	0	True	1089	
C	classical_I	True	0	0	True	1101	
DMA	class_II_accessory	True	0	0	True	786	
DMB	class_II_accessory	True	0	0	True	792	
DOA	class_II_accessory	False	1	1	True	753	753.0
DOB	class_II_accessory	False	3	3	False	822	820.0
DPA1	classical_II	True	0	0	True	783	
DPA2	class_II_paralog	True	0	0	True	733	
DPB1	classical_II	False	4	2	False	777	781.0
DPB2	class_II_paralog	True	0	0	True	776	
DQA1	classical_II	True	0	0	True	765	
DQA2	class_II_paralog	True	0	0	True	768	
DQB1	classical_II	True	0	0	True	786	
DQB2	class_II_paralog	True	0	0	True	807	
DRA	class_II_accessory	True	0	0	True	765	
DRB1	classical_II	True	0	0	True	801	
DRB3	class_II_paralog	True	0	0	True	801	
E	nonclassical_I	True	0	0	True	1077	
F	nonclassical_I	True	0	0	True	1041	
G	nonclassical_I	True	0	0	True	1017	
H	pseudogene_I	True	0	0	True	1096	
J	pseudogene_I	True	0	0	True	1095	
K	pseudogene_I	True	0	0	True	1096	
L	pseudogene_I	True	0	0	True	1096	
MICA	mic_tap	False	9	8	False	1156	1158.0
MICB	mic_tap	False	1	1	True	1152	1152.0
N	pseudogene_I	True	0	0	True	161	
P	pseudogene_I	True	0	0	True	735	
S	pseudogene_I	True	0	0	True	266	
T	pseudogene_I	True	0	0	True	459	
TAP1	mic_tap	True	0	0	True	2247	
TAP2	mic_tap	True	0	0	True	2061	
U	pseudogene_I	True	0	0	True	195	
V	pseudogene_I	True	0	0	True	538	
W	pseudogene_I	True	0	0	True	938	
A	classical_I	True	0	0	True	1098	
B	classical_I	True	0	0	True	1089	
C	classical_I	True	0	0	True	1101	
DMA	class_II_accessory	True	0	0	True	786	
DMB	class_II_accessory	True	0	0	True	792	
DOA	class_II_accessory	True	0	0	True	753	
DOB	class_II_accessory	True	0	0	True	822	
DPA1	classical_II	True	0	0	True	783	
DPA2	class_II_paralog	True	0	0	True	733	
DPB1	classical_II	True	0	0	True	777	
DPB2	class_II_paralog	True	0	0	True	776	
DQA1	classical_II	True	0	0	True	765	
DQA2	class_II_paralog	True	0	0	True	768	
DQB1	classical_II	True	0	0	True	786	
DQB2	class_II_paralog	True	0	0	True	807	
DRA	class_II_accessory	True	0	0	True	765	
DRB1	classical_II	True	0	0	True	801	
DRB3	class_II_paralog	True	0	0	True	801	
E	nonclassical_I	True	0	0	True	1077	
F	nonclassical_I	True	0	0	True	1041	
G	nonclassical_I	True	0	0	True	1017	
H	pseudogene_I	True	0	0	True	1096	
HFE	other	True	0	0	True	1047	
J	pseudogene_I	True	0	0	True	1096	
K	pseudogene_I	True	0	0	True	1096	
L	pseudogene_I	True	0	0	True	1096	
MICA	mic_tap	True	0	0	True	1156	
MICB	mic_tap	True	0	0	True	1152	
N	pseudogene_I	True	0	0	True	161	
P	pseudogene_I	True	0	0	True	735	
S	pseudogene_I	True	0	0	True	266	
T	pseudogene_I	True	0	0	True	459	
TAP1	mic_tap	True	0	0	True	2247	
TAP2	mic_tap	True	0	0	True	2061	
U	pseudogene_I	True	0	0	True	196	
V	pseudogene_I	True	0	0	True	538	
W	pseudogene_I	True	0	0	True	938	
A	classical_I	False	1	1	False	1099	1098.0
B	classical_I	True	0	0	True	1089	
C	classical_I	True	0	0	True	1101	
DMA	class_II_accessory	True	0	0	True	786	
DMB	class_II_accessory	True	0	0	True	792	
DOA	class_II_accessory	True	0	0	True	753	
DOB	class_II_accessory	True	0	0	True	822	
DPA1	classical_II	True	0	0	True	783	
DPA2	class_II_paralog	True	0	0	True	733	
DPB1	classical_II	True	0	0	True	777	
DPB2	class_II_paralog	True	0	0	True	776	
DQA1	classical_II	True	0	0	True	768	
DQA2	class_II_paralog	True	0	0	True	768	
DQB1	classical_II	True	0	0	True	786	
DQB2	class_II_paralog	True	0	0	True	807	
DRA	class_II_accessory	True	0	0	True	765	
DRB1	classical_II	False	1	1	False	800	801.0
DRB4	class_II_paralog	True	0	0	True	801	
E	nonclassical_I	True	0	0	True	1077	
F	nonclassical_I	True	0	0	True	1041	
G	nonclassical_I	False	1	1	False	1018	1017.0
H	pseudogene_I	False	1	1	False	1096	1097.0
J	pseudogene_I	True	0	0	True	1081	
K	pseudogene_I	True	0	0	True	1093	
L	pseudogene_I	False	11	9	False	1094	1096.0
MICA	mic_tap	True	0	0	True	1152	
MICB	mic_tap	False	128	1	False	1024	1152.0
N	pseudogene_I	True	0	0	True	161	
P	pseudogene_I	True	0	0	True	732	
S	pseudogene_I	True	0	0	True	266	
T	pseudogene_I	True	0	0	True	459	
TAP1	mic_tap	True	0	0	True	2247	
TAP2	mic_tap	False	56	6	False	2112	2061.0
U	pseudogene_I	True	0	0	True	196	
V	pseudogene_I	True	0	0	True	517	
W	pseudogene_I	True	0	0	True	936	
A	classical_I	True	0	0	True	1098	
B	classical_I	True	0	0	True	1089	
C	classical_I	True	0	0	True	1101	
DMA	class_II_accessory	True	0	0	True	786	
DMB	class_II_accessory	True	0	0	True	792	
DOA	class_II_accessory	True	0	0	True	753	
DOB	class_II_accessory	True	0	0	True	822	
DPA1	classical_II	True	0	0	True	783	
DPA2	class_II_paralog	True	0	0	True	733	
DPB1	classical_II	True	0	0	True	777	
DPB2	class_II_paralog	True	0	0	True	776	
DQA1	classical_II	True	0	0	True	765	
DQA2	class_II_paralog	True	0	0	True	768	
DQB1	classical_II	True	0	0	True	786	
DQB2	class_II_paralog	True	0	0	True	807	
DRA	class_II_accessory	True	0	0	True	765	
DRB1	classical_II	True	0	0	True	801	
DRB4	class_II_paralog	True	0	0	True	801	
E	nonclassical_I	True	0	0	True	1077	
F	nonclassical_I	True	0	0	True	1041	
G	nonclassical_I	True	0	0	True	1017	
H	pseudogene_I	True	0	0	True	1097	
J	pseudogene_I	True	0	0	True	1095	
K	pseudogene_I	True	0	0	True	1094	
L	pseudogene_I	True	0	0	True	1094	
MICA	mic_tap	True	0	0	True	1152	
MICB	mic_tap	True	0	0	True	1152	
N	pseudogene_I	True	0	0	True	161	
P	pseudogene_I	True	0	0	True	735	
S	pseudogene_I	True	0	0	True	266	
T	pseudogene_I	True	0	0	True	459	
TAP1	mic_tap	True	0	0	True	2247	
TAP2	mic_tap	True	0	0	True	2061	
U	pseudogene_I	True	0	0	True	196	
V	pseudogene_I	True	0	0	True	538	
W	pseudogene_I	True	0	0	True	938	
A	classical_I	False	4	4	True	1098	1098.0
B	classical_I	False	40	35	True	1089	1089.0
C	classical_I	False	2	2	True	1101	1101.0
DMA	class_II_accessory	True	0	0	True	786	
DMB	class_II_accessory	True	0	0	True	792	
DOA	class_II_accessory	True	0	0	True	753	
DOB	class_II_accessory	True	0	0	True	822	
DPA1	classical_II	True	0	0	True	783	
DPA2	class_II_paralog	True	0	0	True	733	
DPB1	classical_II	True	0	0	True	777	
DPB2	class_II_paralog	True	0	0	True	776	
DQA1	classical_II	True	0	0	True	765	
DQA2	class_II_paralog	True	0	0	True	768	
DQB1	classical_II	True	0	0	True	786	
DQB2	class_II_paralog	True	0	0	True	807	
DRA	class_II_accessory	True	0	0	True	765	
DRB1	classical_II	True	0	0	True	801	
DRB4	class_II_paralog	True	0	0	True	801	
E	nonclassical_I	True	0	0	True	1077	
F	nonclassical_I	False	1	1	True	1041	1041.0
G	nonclassical_I	False	1	1	True	1017	1017.0
H	pseudogene_I	False	3	3	True	1096	1096.0
J	pseudogene_I	True	0	0	True	1095	
K	pseudogene_I	False	1	1	True	1093	1093.0
L	pseudogene_I	True	0	0	True	1096	
MICA	mic_tap	False	18	13	False	1156	1152.0
MICB	mic_tap	True	0	0	True	1152	
N	pseudogene_I	True	0	0	True	161	
P	pseudogene_I	False	8	8	True	735	735.0
S	pseudogene_I	True	0	0	True	266	
T	pseudogene_I	True	0	0	True	459	
TAP1	mic_tap	True	0	0	True	2247	
TAP2	mic_tap	True	0	0	True	2061	
U	pseudogene_I	True	0	0	True	196	
V	pseudogene_I	False	24	4	False	538	515.0
W	pseudogene_I	False	1	1	True	936	936.0
A	classical_I	True	0	0	True	1098	
B	classical_I	True	0	0	True	1089	
C	classical_I	True	0	0	True	1101	
DMA	class_II_accessory	True	0	0	True	786	
DMB	class_II_accessory	True	0	0	True	792	
DOA	class_II_accessory	True	0	0	True	753	
DOB	class_II_accessory	True	0	0	True	822	
DPA1	classical_II	True	0	0	True	783	
DPA2	class_II_paralog	True	0	0	True	733	
DPB1	classical_II	True	0	0	True	777	
DPB2	class_II_paralog	True	0	0	True	776	
DQA1	classical_II	True	0	0	True	768	
DQA2	class_II_paralog	True	0	0	True	768	
DQB1	classical_II	True	0	0	True	786	
DQB2	class_II_paralog	True	0	0	True	807	
DRA	class_II_accessory	True	0	0	True	765	
DRB1	classical_II	True	0	0	True	801	
DRB4	class_II_paralog	True	0	0	True	801	
E	nonclassical_I	True	0	0	True	1077	
F	nonclassical_I	True	0	0	True	1041	
G	nonclassical_I	True	0	0	True	1017	
H	pseudogene_I	True	0	0	True	1096	
J	pseudogene_I	True	0	0	True	1095	
K	pseudogene_I	True	0	0	True	1093	
L	pseudogene_I	True	0	0	True	1096	
MICA	mic_tap	True	0	0	True	1156	
MICB	mic_tap	True	0	0	True	1152	
N	pseudogene_I	True	0	0	True	161	
P	pseudogene_I	True	0	0	True	735	
S	pseudogene_I	True	0	0	True	266	
T	pseudogene_I	True	0	0	True	459	
TAP1	mic_tap	True	0	0	True	2247	
TAP2	mic_tap	True	0	0	True	2061	
U	pseudogene_I	True	0	0	True	196	
V	pseudogene_I	True	0	0	True	538	
W	pseudogene_I	True	0	0	True	923	
A	classical_I	False	5	4	True	1098	1098.0
B	classical_I	True	0	0	True	1089	
C	classical_I	True	0	0	True	1101	
DMA	class_II_accessory	True	0	0	True	786	
DMB	class_II_accessory	True	0	0	True	792	
DOA	class_II_accessory	True	0	0	True	753	
DOB	class_II_accessory	True	0	0	True	822	
DPA1	classical_II	True	0	0	True	783	
DPA2	class_II_paralog	True	0	0	True	733	
DPB1	classical_II	True	0	0	True	777	
DPB2	class_II_paralog	False	1	1	True	776	776.0
DQA1	classical_II	True	0	0	True	765	
DQA2	class_II_paralog	True	0	0	True	768	
DQB1	classical_II	False	34	28	True	786	786.0
DQB2	class_II_paralog	True	0	0	True	807	
DRA	class_II_accessory	True	0	0	True	765	
DRB1	classical_II	True	0	0	True	801	
DRB4	class_II_paralog	True	0	0	True	801	
E	nonclassical_I	True	0	0	True	1077	
F	nonclassical_I	True	0	0	True	1041	
G	nonclassical_I	True	0	0	True	1017	
J	pseudogene_I	True	0	0	True	1095	
L	pseudogene_I	True	0	0	True	1096	
MICA	mic_tap	True	0	0	True	1156	
MICB	mic_tap	True	0	0	True	1152	
N	pseudogene_I	True	0	0	True	161	
P	pseudogene_I	True	0	0	True	735	
S	pseudogene_I	True	0	0	True	266	
TAP1	mic_tap	True	0	0	True	2247	
TAP2	mic_tap	True	0	0	True	2061	
V	pseudogene_I	True	0	0	True	538	
W	pseudogene_I	True	0	0	True	936	
A	classical_I	True	0	0	True	1098	
B	classical_I	True	0	0	True	1089	
C	classical_I	True	0	0	True	1101	
DMA	class_II_accessory	True	0	0	True	786	
DMB	class_II_accessory	True	0	0	True	792	
DOA	class_II_accessory	True	0	0	True	753	
DOB	class_II_accessory	True	0	0	True	822	
DPA1	classical_II	True	0	0	True	783	
DPA2	class_II_paralog	True	0	0	True	733	
DPB1	classical_II	True	0	0	True	777	
DPB2	class_II_paralog	True	0	0	True	776	
DQA1	classical_II	True	0	0	True	765	
DQA2	class_II_paralog	True	0	0	True	768	
DQB1	classical_II	True	0	0	True	786	
DQB2	class_II_paralog	True	0	0	True	807	
DRA	class_II_accessory	True	0	0	True	765	
DRB1	classical_II	True	0	0	True	801	
DRB3	class_II_paralog	True	0	0	True	801	
DRB4	class_II_paralog	True	0	0	True	801	
E	nonclassical_I	True	0	0	True	1077	
F	nonclassical_I	True	0	0	True	1041	
G	nonclassical_I	True	0	0	True	1017	
H	pseudogene_I	False	1	1	True	1096	1096.0
J	pseudogene_I	True	0	0	True	1095	
K	pseudogene_I	False	27	21	False	1092	1093.0
L	pseudogene_I	True	0	0	True	1094	
MICA	mic_tap	True	0	0	True	1155	
MICB	mic_tap	True	0	0	True	1152	
N	pseudogene_I	True	0	0	True	161	
P	pseudogene_I	True	0	0	True	735	
S	pseudogene_I	True	0	0	True	266	
T	pseudogene_I	False	2	2	True	459	459.0
TAP1	mic_tap	True	0	0	True	2247	
TAP2	mic_tap	True	0	0	True	2061	
U	pseudogene_I	False	7	6	True	196	196.0
V	pseudogene_I	True	0	0	True	538	
W	pseudogene_I	True	0	0	True	936	
A	classical_I	True	0	0	True	1098	
B	classical_I	True	0	0	True	1089	
C	classical_I	True	0	0	True	1101	
DMA	class_II_accessory	True	0	0	True	786	
DMB	class_II_accessory	True	0	0	True	792	
DOA	class_II_accessory	True	0	0	True	753	
DOB	class_II_accessory	True	0	0	True	822	
DPA1	classical_II	True	0	0	True	783	
DPA2	class_II_paralog	True	0	0	True	733	
DPB1	classical_II	True	0	0	True	777	
DPB2	class_II_paralog	True	0	0	True	776	
DQA1	classical_II	True	0	0	True	765	
DQA2	class_II_paralog	True	0	0	True	768	
DQB1	classical_II	True	0	0	True	786	
DQB2	class_II_paralog	True	0	0	True	807	
DRA	class_II_accessory	True	0	0	True	765	
DRB1	classical_II	True	0	0	True	801	
DRB3	class_II_paralog	True	0	0	True	801	
DRB4	class_II_paralog	True	0	0	True	801	
E	nonclassical_I	True	0	0	True	1077	
F	nonclassical_I	True	0	0	True	1041	
G	nonclassical_I	True	0	0	True	1017	
H	pseudogene_I	True	0	0	True	1096	
J	pseudogene_I	True	0	0	True	1095	
K	pseudogene_I	True	0	0	True	1092	
L	pseudogene_I	True	0	0	True	1096	
MICA	mic_tap	True	0	0	True	1156	
MICB	mic_tap	True	0	0	True	1152	
N	pseudogene_I	True	0	0	True	161	
P	pseudogene_I	True	0	0	True	735	
S	pseudogene_I	True	0	0	True	266	
T	pseudogene_I	True	0	0	True	459	
TAP1	mic_tap	True	0	0	True	2247	
TAP2	mic_tap	True	0	0	True	2061	
U	pseudogene_I	True	0	0	True	196	
V	pseudogene_I	True	0	0	True	538	
W	pseudogene_I	True	0	0	True	923	
A	classical_I	True	0	0	True	1098	
B	classical_I	True	0	0	True	1089	
C	classical_I	True	0	0	True	1101	
DMA	class_II_accessory	True	0	0	True	786	
DMB	class_II_accessory	True	0	0	True	792	
DOA	class_II_accessory	True	0	0	True	753	
DOB	class_II_accessory	True	0	0	True	822	
DPA1	classical_II	True	0	0	True	783	
DPA2	class_II_paralog	True	0	0	True	733	
DPB1	classical_II	True	0	0	True	777	
DPB2	class_II_paralog	True	0	0	True	776	
DQA1	classical_II	True	0	0	True	765	
DQA2	class_II_paralog	True	0	0	True	768	
DQB1	classical_II	True	0	0	True	786	
DQB2	class_II_paralog	True	0	0	True	807	
DRA	class_II_accessory	True	0	0	True	765	
DRB1	classical_II	True	0	0	True	801	
DRB3	class_II_paralog	True	0	0	True	801	
E	nonclassical_I	True	0	0	True	1077	
F	nonclassical_I	True	0	0	True	1041	
G	nonclassical_I	True	0	0	True	1017	
H	pseudogene_I	True	0	0	True	1096	
J	pseudogene_I	True	0	0	True	1095	
K	pseudogene_I	True	0	0	True	1093	
L	pseudogene_I	True	0	0	True	1096	
MICA	mic_tap	True	0	0	True	1156	
MICB	mic_tap	True	0	0	True	1152	
N	pseudogene_I	True	0	0	True	161	
P	pseudogene_I	True	0	0	True	735	
S	pseudogene_I	True	0	0	True	266	
T	pseudogene_I	True	0	0	True	459	
TAP1	mic_tap	True	0	0	True	2247	
TAP2	mic_tap	True	0	0	True	2112	
U	pseudogene_I	True	0	0	True	196	
V	pseudogene_I	True	0	0	True	538	
W	pseudogene_I	True	0	0	True	936	
A	classical_I	True	0	0	True	1098	
B	classical_I	True	0	0	True	1089	
C	classical_I	False	2	2	True	1101	1101.0
DMA	class_II_accessory	True	0	0	True	786	
DMB	class_II_accessory	True	0	0	True	792	
DOA	class_II_accessory	True	0	0	True	753	
DOB	class_II_accessory	True	0	0	True	822	
DPA1	classical_II	True	0	0	True	783	
DPA2	class_II_paralog	True	0	0	True	733	
DPB1	classical_II	True	0	0	True	777	
DPB2	class_II_paralog	True	0	0	True	776	
DQA1	classical_II	True	0	0	True	768	
DQA2	class_II_paralog	True	0	0	True	768	
DQB1	classical_II	True	0	0	True	786	
DQB2	class_II_paralog	True	0	0	True	807	
DRA	class_II_accessory	True	0	0	True	765	
DRB1	classical_II	True	0	0	True	801	
DRB4	class_II_paralog	True	0	0	True	801	
E	nonclassical_I	True	0	0	True	1077	
F	nonclassical_I	True	0	0	True	1041	
G	nonclassical_I	True	0	0	True	1017	
H	pseudogene_I	True	0	0	True	1096	
J	pseudogene_I	True	0	0	True	1096	
K	pseudogene_I	True	0	0	True	1093	
L	pseudogene_I	True	0	0	True	1094	
MICA	mic_tap	True	0	0	True	1152	
MICB	mic_tap	True	0	0	True	1152	
N	pseudogene_I	True	0	0	True	161	
P	pseudogene_I	True	0	0	True	735	
S	pseudogene_I	True	0	0	True	266	
T	pseudogene_I	True	0	0	True	459	
TAP1	mic_tap	True	0	0	True	2247	
TAP2	mic_tap	True	0	0	True	2061	
U	pseudogene_I	True	0	0	True	196	
V	pseudogene_I	True	0	0	True	516	
W	pseudogene_I	True	0	0	True	938	
A	classical_I	True	0	0	True	1098	
B	classical_I	True	0	0	True	1089	
C	classical_I	True	0	0	True	1101	
DMA	class_II_accessory	True	0	0	True	786	
DMB	class_II_accessory	True	0	0	True	792	
DOA	class_II_accessory	True	0	0	True	753	
DOB	class_II_accessory	True	0	0	True	822	
DPA1	classical_II	True	0	0	True	783	
DPA2	class_II_paralog	True	0	0	True	733	
DPB1	classical_II	True	0	0	True	777	
DPB2	class_II_paralog	True	0	0	True	776	
DQA1	classical_II	True	0	0	True	765	
DQA2	class_II_paralog	True	0	0	True	768	
DQB1	classical_II	True	0	0	True	786	
DQB2	class_II_paralog	True	0	0	True	807	
DRA	class_II_accessory	True	0	0	True	765	
DRB1	classical_II	True	0	0	True	801	
DRB4	class_II_paralog	True	0	0	True	801	
E	nonclassical_I	True	0	0	True	1077	
F	nonclassical_I	True	0	0	True	1041	
G	nonclassical_I	True	0	0	True	1017	
J	pseudogene_I	True	0	0	True	1095	
L	pseudogene_I	True	0	0	True	1096	
MICA	mic_tap	True	0	0	True	1158	
MICB	mic_tap	True	0	0	True	1152	
N	pseudogene_I	True	0	0	True	161	
P	pseudogene_I	True	0	0	True	735	
S	pseudogene_I	True	0	0	True	266	
TAP1	mic_tap	True	0	0	True	2247	
TAP2	mic_tap	True	0	0	True	2061	
V	pseudogene_I	False	1	1	False	515	516.0
W	pseudogene_I	True	0	0	True	936	
A	classical_I	True	0	0	True	1098	
B	classical_I	True	0	0	True	1089	
C	classical_I	True	0	0	True	1101	
DMA	class_II_accessory	True	0	0	True	786	
DMB	class_II_accessory	True	0	0	True	792	
DOA	class_II_accessory	True	0	0	True	753	
DOB	class_II_accessory	True	0	0	True	822	
DPA1	classical_II	True	0	0	True	783	
DPA2	class_II_paralog	True	0	0	True	733	
DPB1	classical_II	True	0	0	True	777	
DPB2	class_II_paralog	True	0	0	True	776	
DQA1	classical_II	True	0	0	True	768	
DQA2	class_II_paralog	True	0	0	True	768	
DQB1	classical_II	True	0	0	True	786	
DQB2	class_II_paralog	True	0	0	True	807	
DRA	class_II_accessory	True	0	0	True	765	
DRB1	classical_II	True	0	0	True	801	
DRB3	class_II_paralog	True	0	0	True	801	
E	nonclassical_I	True	0	0	True	1077	
F	nonclassical_I	True	0	0	True	1041	
G	nonclassical_I	True	0	0	True	1017	
H	pseudogene_I	False	2	1	False	1103	1105.0
J	pseudogene_I	True	0	0	True	1095	
K	pseudogene_I	True	0	0	True	1092	
L	pseudogene_I	True	0	0	True	1096	
MICA	mic_tap	False	19	5	False	1152	1167.0
MICB	mic_tap	True	0	0	True	1152	
N	pseudogene_I	True	0	0	True	161	
P	pseudogene_I	True	0	0	True	732	
S	pseudogene_I	True	0	0	True	266	
T	pseudogene_I	False	1	1	False	458	459.0
TAP1	mic_tap	True	0	0	True	2247	
TAP2	mic_tap	False	2	2	True	2061	2061.0
U	pseudogene_I	True	0	0	True	196	
V	pseudogene_I	False	2	2	False	519	517.0
W	pseudogene_I	True	0	0	True	936	
A	classical_I	True	0	0	True	1098	
B	classical_I	True	0	0	True	1089	
C	classical_I	True	0	0	True	1101	
DMA	class_II_accessory	True	0	0	True	786	
DMB	class_II_accessory	True	0	0	True	792	
DOA	class_II_accessory	True	0	0	True	753	
DOB	class_II_accessory	True	0	0	True	822	
DPA1	classical_II	True	0	0	True	783	
DPA2	class_II_paralog	True	0	0	True	733	
DPB1	classical_II	True	0	0	True	777	
DPB2	class_II_paralog	True	0	0	True	776	
DQA1	classical_II	True	0	0	True	765	
DQA2	class_II_paralog	True	0	0	True	768	
DQB1	classical_II	True	0	0	True	786	
DQB2	class_II_paralog	True	0	0	True	807	
DRA	class_II_accessory	True	0	0	True	765	
DRB1	classical_II	True	0	0	True	801	
DRB3	class_II_paralog	True	0	0	True	801	
E	nonclassical_I	True	0	0	True	1077	
F	nonclassical_I	True	0	0	True	1041	
G	nonclassical_I	True	0	0	True	1017	
H	pseudogene_I	True	0	0	True	1096	
J	pseudogene_I	True	0	0	True	1095	
K	pseudogene_I	True	0	0	True	1093	
L	pseudogene_I	True	0	0	True	1096	
MICA	mic_tap	True	0	0	True	1156	
MICB	mic_tap	True	0	0	True	1152	
N	pseudogene_I	True	0	0	True	161	
P	pseudogene_I	True	0	0	True	735	
S	pseudogene_I	True	0	0	True	266	
T	pseudogene_I	True	0	0	True	459	
TAP1	mic_tap	True	0	0	True	2247	
TAP2	mic_tap	True	0	0	True	2061	
U	pseudogene_I	True	0	0	True	196	
V	pseudogene_I	True	0	0	True	538	
W	pseudogene_I	True	0	0	True	923	
A	classical_I	True	0	0	True	1098	
B	classical_I	True	0	0	True	1089	
C	classical_I	True	0	0	True	1101	
DMA	class_II_accessory	True	0	0	True	786	
DMB	class_II_accessory	True	0	0	True	792	
DOA	class_II_accessory	True	0	0	True	753	
DOB	class_II_accessory	True	0	0	True	822	
DPA1	classical_II	True	0	0	True	783	
DPA2	class_II_paralog	True	0	0	True	733	
DPB1	classical_II	True	0	0	True	777	
DPB2	class_II_paralog	True	0	0	True	776	
DQA1	classical_II	True	0	0	True	765	
DQA2	class_II_paralog	True	0	0	True	768	
DQB1	classical_II	True	0	0	True	786	
DQB2	class_II_paralog	True	0	0	True	807	
DRA	class_II_accessory	True	0	0	True	765	
DRB1	classical_II	True	0	0	True	801	
DRB3	class_II_paralog	True	0	0	True	801	
E	nonclassical_I	True	0	0	True	1077	
F	nonclassical_I	True	0	0	True	1041	
G	nonclassical_I	True	0	0	True	1017	
H	pseudogene_I	True	0	0	True	1096	
J	pseudogene_I	True	0	0	True	1095	
K	pseudogene_I	True	0	0	True	1093	
L	pseudogene_I	True	0	0	True	1096	
MICA	mic_tap	True	0	0	True	1156	
MICB	mic_tap	True	0	0	True	1152	
N	pseudogene_I	True	0	0	True	161	
P	pseudogene_I	True	0	0	True	735	
S	pseudogene_I	True	0	0	True	266	
T	pseudogene_I	True	0	0	True	459	
TAP1	mic_tap	True	0	0	True	2247	
TAP2	mic_tap	True	0	0	True	2061	
U	pseudogene_I	True	0	0	True	196	
V	pseudogene_I	True	0	0	True	517	
W	pseudogene_I	True	0	0	True	936	
A	classical_I	True	0	0	True	1098	
B	classical_I	True	0	0	True	1089	
C	classical_I	True	0	0	True	1101	
DMA	class_II_accessory	True	0	0	True	786	
DMB	class_II_accessory	True	0	0	True	792	
DOA	class_II_accessory	True	0	0	True	753	
DOB	class_II_accessory	True	0	0	True	822	
DPA1	classical_II	True	0	0	True	783	
DPA2	class_II_paralog	True	0	0	True	733	
DPB1	classical_II	True	0	0	True	777	
DPB2	class_II_paralog	True	0	0	True	776	
DQA1	classical_II	True	0	0	True	765	
DQA2	class_II_paralog	True	0	0	True	768	
DQB1	classical_II	True	0	0	True	786	
DQB2	class_II_paralog	True	0	0	True	807	
DRA	class_II_accessory	True	0	0	True	765	
DRB1	classical_II	True	0	0	True	801	
DRB4	class_II_paralog	True	0	0	True	801	
E	nonclassical_I	True	0	0	True	1077	
F	nonclassical_I	True	0	0	True	1041	
G	nonclassical_I	True	0	0	True	1017	
H	pseudogene_I	True	0	0	True	1096	
J	pseudogene_I	True	0	0	True	1095	
K	pseudogene_I	True	0	0	True	1096	
L	pseudogene_I	True	0	0	True	1096	
MICA	mic_tap	True	0	0	True	1156	
MICB	mic_tap	True	0	0	True	1152	
N	pseudogene_I	True	0	0	True	161	
P	pseudogene_I	True	0	0	True	732	
S	pseudogene_I	True	0	0	True	266	
T	pseudogene_I	True	0	0	True	459	
TAP1	mic_tap	True	0	0	True	2247	
TAP2	mic_tap	True	0	0	True	2061	
U	pseudogene_I	True	0	0	True	196	
V	pseudogene_I	True	0	0	True	517	
W	pseudogene_I	True	0	0	True	938	
A	classical_I	True	0	0	True	1098	
B	classical_I	True	0	0	True	1089	
C	classical_I	True	0	0	True	1101	
DMA	class_II_accessory	True	0	0	True	786	
DMB	class_II_accessory	True	0	0	True	792	
DOA	class_II_accessory	True	0	0	True	753	
DOB	class_II_accessory	True	0	0	True	822	
DPA1	classical_II	True	0	0	True	783	
DPA2	class_II_paralog	True	0	0	True	733	
DPB1	classical_II	True	0	0	True	777	
DPB2	class_II_paralog	True	0	0	True	776	
DQA1	classical_II	True	0	0	True	765	
DQA2	class_II_paralog	False	2	2	True	768	768.0
DQB1	classical_II	True	0	0	True	786	
DQB2	class_II_paralog	True	0	0	True	807	
DRA	class_II_accessory	True	0	0	True	765	
DRB1	classical_II	True	0	0	True	801	
DRB3	class_II_paralog	False	3	3	False	800	801.0
E	nonclassical_I	True	0	0	True	1077	
F	nonclassical_I	True	0	0	True	1041	
G	nonclassical_I	False	1	1	False	1017	1016.0
H	pseudogene_I	True	0	0	True	1096	
J	pseudogene_I	True	0	0	True	1089	
K	pseudogene_I	True	0	0	True	1092	
L	pseudogene_I	True	0	0	True	1096	
MICA	mic_tap	True	0	0	True	1156	
MICB	mic_tap	True	0	0	True	1152	
N	pseudogene_I	True	0	0	True	161	
P	pseudogene_I	True	0	0	True	732	
S	pseudogene_I	True	0	0	True	266	
T	pseudogene_I	True	0	0	True	459	
TAP1	mic_tap	True	0	0	True	2247	
TAP2	mic_tap	True	0	0	True	2061	
U	pseudogene_I	True	0	0	True	196	
V	pseudogene_I	True	0	0	True	517	
W	pseudogene_I	True	0	0	True	923	
Y	pseudogene_I	True	0	0	True	824	
A	classical_I	True	0	0	True	1098	
B	classical_I	True	0	0	True	1089	
C	classical_I	True	0	0	True	1101	
DMA	class_II_accessory	True	0	0	True	786	
DMB	class_II_accessory	True	0	0	True	792	
DOA	class_II_accessory	True	0	0	True	753	
DOB	class_II_accessory	True	0	0	True	822	
DPA1	classical_II	True	0	0	True	783	
DPA2	class_II_paralog	True	0	0	True	733	
DPB1	classical_II	False	1	1	False	776	777.0
DPB2	class_II_paralog	True	0	0	True	776	
DQA1	classical_II	True	0	0	True	765	
DQA2	class_II_paralog	True	0	0	True	768	
DQB1	classical_II	True	0	0	True	786	
DQB2	class_II_paralog	True	0	0	True	807	
DRA	class_II_accessory	True	0	0	True	765	
DRB1	classical_II	True	0	0	True	801	
DRB3	class_II_paralog	False	2	2	False	799	801.0
E	nonclassical_I	True	0	0	True	1077	
F	nonclassical_I	True	0	0	True	1041	
G	nonclassical_I	True	0	0	True	1017	
H	pseudogene_I	True	0	0	True	1104	
J	pseudogene_I	True	0	0	True	1095	
K	pseudogene_I	True	0	0	True	1092	
L	pseudogene_I	True	0	0	True	1096	
MICA	mic_tap	True	0	0	True	1158	
MICB	mic_tap	True	0	0	True	1152	
N	pseudogene_I	True	0	0	True	161	
P	pseudogene_I	True	0	0	True	735	
S	pseudogene_I	True	0	0	True	266	
T	pseudogene_I	True	0	0	True	459	
TAP1	mic_tap	True	0	0	True	2247	
TAP2	mic_tap	True	0	0	True	2112	
U	pseudogene_I	True	0	0	True	196	
V	pseudogene_I	True	0	0	True	538	
W	pseudogene_I	True	0	0	True	936	
A	classical_I	True	0	0	True	1098	
B	classical_I	True	0	0	True	1089	
C	classical_I	True	0	0	True	1101	
DMA	class_II_accessory	True	0	0	True	786	
DMB	class_II_accessory	True	0	0	True	792	
DOA	class_II_accessory	True	0	0	True	753	
DOB	class_II_accessory	True	0	0	True	822	
DPA1	classical_II	True	0	0	True	783	
DPA2	class_II_paralog	True	0	0	True	733	
DPB1	classical_II	True	0	0	True	777	
DPB2	class_II_paralog	True	0	0	True	776	
DQA1	classical_II	True	0	0	True	765	
DQA2	class_II_paralog	True	0	0	True	768	
DQB1	classical_II	True	0	0	True	786	
DQB2	class_II_paralog	True	0	0	True	807	
DRA	class_II_accessory	True	0	0	True	765	
DRB1	classical_II	True	0	0	True	801	
DRB5	class_II_paralog	True	0	0	True	801	
E	nonclassical_I	True	0	0	True	1077	
F	nonclassical_I	True	0	0	True	1041	
G	nonclassical_I	True	0	0	True	1017	
H	pseudogene_I	False	13	11	False	1097	1096.0
J	pseudogene_I	True	0	0	True	1095	
K	pseudogene_I	False	27	24	False	1094	1095.0
L	pseudogene_I	True	0	0	True	1096	
MICA	mic_tap	True	0	0	True	1155	
MICB	mic_tap	True	0	0	True	1152	
N	pseudogene_I	True	0	0	True	161	
P	pseudogene_I	True	0	0	True	735	
S	pseudogene_I	True	0	0	True	266	
T	pseudogene_I	False	8	8	True	459	459.0
TAP1	mic_tap	True	0	0	True	2247	
TAP2	mic_tap	True	0	0	True	2061	
U	pseudogene_I	False	8	7	True	196	196.0
V	pseudogene_I	True	0	0	True	538	
W	pseudogene_I	True	0	0	True	936	
A	classical_I	True	0	0	True	1098	
B	classical_I	True	0	0	True	1089	
C	classical_I	True	0	0	True	1101	
DMA	class_II_accessory	True	0	0	True	786	
DMB	class_II_accessory	True	0	0	True	792	
DOA	class_II_accessory	True	0	0	True	753	
DOB	class_II_accessory	True	0	0	True	822	
DPA1	classical_II	True	0	0	True	783	
DPA2	class_II_paralog	True	0	0	True	733	
DPB1	classical_II	True	0	0	True	777	
DPB2	class_II_paralog	True	0	0	True	776	
DQA1	classical_II	True	0	0	True	768	
DQA2	class_II_paralog	True	0	0	True	768	
DQB1	classical_II	True	0	0	True	786	
DQB2	class_II_paralog	True	0	0	True	807	
DRA	class_II_accessory	True	0	0	True	765	
DRB1	classical_II	True	0	0	True	801	
E	nonclassical_I	True	0	0	True	1077	
F	nonclassical_I	True	0	0	True	1041	
G	nonclassical_I	True	0	0	True	1017	
H	pseudogene_I	True	0	0	True	1096	
J	pseudogene_I	True	0	0	True	1095	
K	pseudogene_I	True	0	0	True	1093	
L	pseudogene_I	True	0	0	True	1094	
MICA	mic_tap	True	0	0	True	1152	
MICB	mic_tap	True	0	0	True	1152	
N	pseudogene_I	True	0	0	True	161	
P	pseudogene_I	True	0	0	True	735	
S	pseudogene_I	True	0	0	True	266	
T	pseudogene_I	True	0	0	True	459	
TAP1	mic_tap	True	0	0	True	2247	
TAP2	mic_tap	True	0	0	True	2061	
U	pseudogene_I	True	0	0	True	196	
V	pseudogene_I	True	0	0	True	538	
W	pseudogene_I	True	0	0	True	923	
A	classical_I	True	0	0	True	1098	
B	classical_I	True	0	0	True	1089	
C	classical_I	False	10	10	True	1101	1101.0
DMA	class_II_accessory	True	0	0	True	786	
DMB	class_II_accessory	True	0	0	True	792	
DOA	class_II_accessory	True	0	0	True	753	
DOB	class_II_accessory	True	0	0	True	822	
DPA1	classical_II	True	0	0	True	783	
DPA2	class_II_paralog	True	0	0	True	733	
DPB1	classical_II	True	0	0	True	777	
DPB2	class_II_paralog	True	0	0	True	776	
DQA1	classical_II	True	0	0	True	768	
DQA2	class_II_paralog	True	0	0	True	768	
DQB1	classical_II	True	0	0	True	786	
DQB2	class_II_paralog	True	0	0	True	807	
DRA	class_II_accessory	True	0	0	True	765	
DRB1	classical_II	False	31	26	True	801	801.0
E	nonclassical_I	True	0	0	True	1077	
F	nonclassical_I	True	0	0	True	1041	
G	nonclassical_I	True	0	0	True	1017	
H	pseudogene_I	True	0	0	True	1090	
J	pseudogene_I	True	0	0	True	1095	
K	pseudogene_I	True	0	0	True	1091	
L	pseudogene_I	True	0	0	True	1094	
MICA	mic_tap	True	0	0	True	1152	
MICB	mic_tap	True	0	0	True	1152	
N	pseudogene_I	True	0	0	True	161	
P	pseudogene_I	True	0	0	True	735	
S	pseudogene_I	True	0	0	True	266	
T	pseudogene_I	True	0	0	True	459	
TAP1	mic_tap	True	0	0	True	2247	
TAP2	mic_tap	True	0	0	True	2112	
U	pseudogene_I	True	0	0	True	196	
V	pseudogene_I	True	0	0	True	538	
W	pseudogene_I	True	0	0	True	938	
A	classical_I	True	0	0	True	1098	
B	classical_I	True	0	0	True	1089	
C	classical_I	True	0	0	True	1101	
DMA	class_II_accessory	True	0	0	True	786	
DMB	class_II_accessory	True	0	0	True	792	
DOA	class_II_accessory	True	0	0	True	753	
DOB	class_II_accessory	True	0	0	True	822	
DPA1	classical_II	True	0	0	True	783	
DPA2	class_II_paralog	True	0	0	True	733	
DPB1	classical_II	True	0	0	True	777	
DPB2	class_II_paralog	True	0	0	True	776	
DQA1	classical_II	True	0	0	True	768	
DQA2	class_II_paralog	True	0	0	True	768	
DQB1	classical_II	True	0	0	True	786	
DQB2	class_II_paralog	True	0	0	True	807	
DRA	class_II_accessory	True	0	0	True	765	
DRB1	classical_II	True	0	0	True	801	
E	nonclassical_I	True	0	0	True	1077	
F	nonclassical_I	True	0	0	True	1041	
G	nonclassical_I	True	0	0	True	1017	
H	pseudogene_I	False	20	18	False	1096	1097.0
J	pseudogene_I	True	0	0	True	1095	
K	pseudogene_I	True	0	0	True	1093	
L	pseudogene_I	True	0	0	True	1094	
MICA	mic_tap	True	0	0	True	1152	
MICB	mic_tap	True	0	0	True	1152	
N	pseudogene_I	True	0	0	True	161	
P	pseudogene_I	True	0	0	True	735	
S	pseudogene_I	True	0	0	True	266	
T	pseudogene_I	False	9	9	True	459	459.0
TAP1	mic_tap	False	1	1	False	2247	2246.0
TAP2	mic_tap	True	0	0	True	2061	
U	pseudogene_I	True	0	0	True	196	
V	pseudogene_I	True	0	0	True	538	
W	pseudogene_I	True	0	0	True	923	
A	classical_I	True	0	0	True	1098	
B	classical_I	True	0	0	True	1089	
C	classical_I	True	0	0	True	1101	
DMA	class_II_accessory	True	0	0	True	786	
DMB	class_II_accessory	True	0	0	True	792	
DOA	class_II_accessory	True	0	0	True	753	
DOB	class_II_accessory	False	11	11	False	822	819.0
DPA1	classical_II	True	0	0	True	783	
DPA2	class_II_paralog	True	0	0	True	733	
DPB1	classical_II	True	0	0	True	777	
DPB2	class_II_paralog	True	0	0	True	776	
DQA1	classical_II	True	0	0	True	768	
DQA2	class_II_paralog	True	0	0	True	768	
DQB1	classical_II	True	0	0	True	786	
DQB2	class_II_paralog	True	0	0	True	807	
DRA	class_II_accessory	True	0	0	True	765	
DRB1	classical_II	True	0	0	True	801	
DRB3	class_II_paralog	False	1	1	False	801	802.0
DRB4	class_II_paralog	False	3	3	False	801	800.0
E	nonclassical_I	True	0	0	True	1077	
G	nonclassical_I	True	0	0	True	1017	
H	pseudogene_I	True	0	0	True	1096	
J	pseudogene_I	True	0	0	True	1095	
K	pseudogene_I	True	0	0	True	1093	
L	pseudogene_I	True	0	0	True	1094	
MICA	mic_tap	True	0	0	True	1152	
MICB	mic_tap	True	0	0	True	1152	
N	pseudogene_I	True	0	0	True	161	
P	pseudogene_I	True	0	0	True	735	
S	pseudogene_I	True	0	0	True	266	
T	pseudogene_I	True	0	0	True	459	
TAP1	mic_tap	True	0	0	True	2247	
TAP2	mic_tap	True	0	0	True	2061	
U	pseudogene_I	True	0	0	True	196	
V	pseudogene_I	True	0	0	True	538	
W	pseudogene_I	True	0	0	True	923	
A	classical_I	True	0	0	True	1098	
B	classical_I	True	0	0	True	1089	
C	classical_I	True	0	0	True	1101	
DMA	class_II_accessory	True	0	0	True	786	
DMB	class_II_accessory	True	0	0	True	792	
DOA	class_II_accessory	True	0	0	True	753	
DOB	class_II_accessory	True	0	0	True	822	
DPA1	classical_II	True	0	0	True	783	
DPA2	class_II_paralog	True	0	0	True	733	
DPB1	classical_II	True	0	0	True	777	
DPB2	class_II_paralog	True	0	0	True	776	
DQA1	classical_II	True	0	0	True	768	
DQA2	class_II_paralog	True	0	0	True	768	
DQB1	classical_II	True	0	0	True	786	
DQB2	class_II_paralog	True	0	0	True	807	
DRA	class_II_accessory	True	0	0	True	765	
DRB1	classical_II	True	0	0	True	801	
DRB3	class_II_paralog	True	0	0	True	801	
E	nonclassical_I	True	0	0	True	1077	
F	nonclassical_I	True	0	0	True	1041	
G	nonclassical_I	True	0	0	True	1017	
H	pseudogene_I	False	15	13	True	1096	1096.0
J	pseudogene_I	True	0	0	True	1095	
K	pseudogene_I	True	0	0	True	1093	
L	pseudogene_I	True	0	0	True	1096	
MICA	mic_tap	True	0	0	True	1155	
MICB	mic_tap	True	0	0	True	1152	
N	pseudogene_I	True	0	0	True	161	
P	pseudogene_I	True	0	0	True	732	
S	pseudogene_I	True	0	0	True	266	
T	pseudogene_I	False	1	1	True	459	459.0
TAP1	mic_tap	True	0	0	True	2247	
TAP2	mic_tap	True	0	0	True	2061	
U	pseudogene_I	True	0	0	True	196	
V	pseudogene_I	True	0	0	True	517	
W	pseudogene_I	True	0	0	True	936	
A	classical_I	True	0	0	True	1098	
B	classical_I	False	20	15	True	1089	1089.0
C	classical_I	True	0	0	True	1101	
DMA	class_II_accessory	True	0	0	True	786	
DMB	class_II_accessory	True	0	0	True	792	
DOA	class_II_accessory	True	0	0	True	753	
DOB	class_II_accessory	True	0	0	True	822	
DPA1	classical_II	True	0	0	True	783	
DPA2	class_II_paralog	True	0	0	True	733	
DPB1	classical_II	True	0	0	True	777	
DPB2	class_II_paralog	True	0	0	True	776	
DQA1	classical_II	True	0	0	True	768	
DQA2	class_II_paralog	True	0	0	True	768	
DQB1	classical_II	True	0	0	True	786	
DQB2	class_II_paralog	True	0	0	True	807	
DRA	class_II_accessory	True	0	0	True	765	
DRB1	classical_II	True	0	0	True	801	
DRB3	class_II_paralog	False	38	1	False	801	763.0
E	nonclassical_I	False	1	1	True	1077	1077.0
F	nonclassical_I	True	0	0	True	1041	
G	nonclassical_I	True	0	0	True	1017	
H	pseudogene_I	True	0	0	True	1096	
J	pseudogene_I	True	0	0	True	1095	
K	pseudogene_I	True	0	0	True	1093	
L	pseudogene_I	True	0	0	True	1096	
MICA	mic_tap	True	0	0	True	1167	
MICB	mic_tap	True	0	0	True	1152	
N	pseudogene_I	True	0	0	True	161	
P	pseudogene_I	True	0	0	True	735	
S	pseudogene_I	False	1	1	True	266	266.0
T	pseudogene_I	True	0	0	True	459	
TAP1	mic_tap	True	0	0	True	2247	
TAP2	mic_tap	False	5	5	True	2061	2061.0
U	pseudogene_I	True	0	0	True	196	
V	pseudogene_I	True	0	0	True	538	
W	pseudogene_I	True	0	0	True	923	
A	classical_I	True	0	0	True	1098	
B	classical_I	True	0	0	True	1089	
C	classical_I	True	0	0	True	1101	
DMA	class_II_accessory	True	0	0	True	786	
DMB	class_II_accessory	True	0	0	True	792	
DOA	class_II_accessory	True	0	0	True	753	
DOB	class_II_accessory	True	0	0	True	822	
DPA1	classical_II	True	0	0	True	783	
DPA2	class_II_paralog	True	0	0	True	733	
DPB1	classical_II	True	0	0	True	777	
DPB2	class_II_paralog	True	0	0	True	776	
DQA1	classical_II	True	0	0	True	768	
DQA2	class_II_paralog	True	0	0	True	768	
DQB1	classical_II	True	0	0	True	786	
DQB2	class_II_paralog	True	0	0	True	807	
DRA	class_II_accessory	True	0	0	True	765	
DRB1	classical_II	True	0	0	True	801	
DRB3	class_II_paralog	True	0	0	True	801	
E	nonclassical_I	False	1	1	True	1077	1077.0
F	nonclassical_I	True	0	0	True	1041	
G	nonclassical_I	True	0	0	True	1017	
H	pseudogene_I	True	0	0	True	1096	
J	pseudogene_I	True	0	0	True	1095	
K	pseudogene_I	True	0	0	True	1093	
L	pseudogene_I	True	0	0	True	1096	
MICA	mic_tap	True	0	0	True	1167	
MICB	mic_tap	True	0	0	True	1152	
N	pseudogene_I	True	0	0	True	161	
P	pseudogene_I	True	0	0	True	735	
S	pseudogene_I	True	0	0	True	266	
T	pseudogene_I	True	0	0	True	459	
TAP1	mic_tap	True	0	0	True	2247	
TAP2	mic_tap	True	0	0	True	2061	
U	pseudogene_I	True	0	0	True	196	
V	pseudogene_I	True	0	0	True	517	
W	pseudogene_I	True	0	0	True	923	
A	classical_I	True	0	0	True	1098	
B	classical_I	True	0	0	True	1089	
C	classical_I	True	0	0	True	1101	
DMA	class_II_accessory	True	0	0	True	786	
DMB	class_II_accessory	True	0	0	True	792	
DOA	class_II_accessory	True	0	0	True	753	
DOB	class_II_accessory	True	0	0	True	822	
DPA1	classical_II	True	0	0	True	783	
DPA2	class_II_paralog	True	0	0	True	733	
DPB1	classical_II	True	0	0	True	777	
DPB2	class_II_paralog	True	0	0	True	776	
DQA1	classical_II	True	0	0	True	768	
DQA2	class_II_paralog	True	0	0	True	768	
DQB1	classical_II	True	0	0	True	786	
DQB2	class_II_paralog	True	0	0	True	807	
DRA	class_II_accessory	True	0	0	True	765	
DRB1	classical_II	False	1	1	False	801	800.0
DRB3	class_II_paralog	True	0	0	True	801	
E	nonclassical_I	False	1	1	True	1077	1077.0
F	nonclassical_I	True	0	0	True	1041	
G	nonclassical_I	True	0	0	True	1017	
H	pseudogene_I	True	0	0	True	1096	
J	pseudogene_I	True	0	0	True	1095	
K	pseudogene_I	True	0	0	True	1093	
L	pseudogene_I	True	0	0	True	1096	
MICA	mic_tap	True	0	0	True	1167	
MICB	mic_tap	True	0	0	True	1152	
N	pseudogene_I	True	0	0	True	161	
P	pseudogene_I	True	0	0	True	735	
S	pseudogene_I	True	0	0	True	266	
T	pseudogene_I	True	0	0	True	459	
TAP1	mic_tap	True	0	0	True	2247	
TAP2	mic_tap	True	0	0	True	2061	
U	pseudogene_I	True	0	0	True	196	
V	pseudogene_I	True	0	0	True	517	
W	pseudogene_I	True	0	0	True	923	
B	classical_I	True	0	0	True	1089	
C	classical_I	True	0	0	True	1197	
DMA	class_II_accessory	True	0	0	True	786	
DMB	class_II_accessory	True	0	0	True	792	
DOA	class_II_accessory	True	0	0	True	753	
DOB	class_II_accessory	True	0	0	True	822	
DPA1	classical_II	True	0	0	True	783	
DPA2	class_II_paralog	True	0	0	True	733	
DPB1	classical_II	True	0	0	True	777	
DPB2	class_II_paralog	True	0	0	True	776	
DQA1	classical_II	True	0	0	True	765	
DQA2	class_II_paralog	True	0	0	True	768	
DQB1	classical_II	True	0	0	True	786	
DQB2	class_II_paralog	True	0	0	True	807	
DRA	class_II_accessory	True	0	0	True	765	
DRB1	classical_II	True	0	0	True	801	
DRB4	class_II_paralog	False	370	1	False	801	431.0
DRB5	class_II_paralog	False	20	14	True	801	801.0
E	nonclassical_I	True	0	0	True	1077	
F	nonclassical_I	True	0	0	True	1041	
G	nonclassical_I	True	0	0	True	1017	
H	pseudogene_I	False	1	1	True	1097	1097.0
J	pseudogene_I	True	0	0	True	1095	
K	pseudogene_I	False	168	51	True	1093	1093.0
L	pseudogene_I	True	0	0	True	1096	
MICA	mic_tap	False	21	7	False	1152	1167.0
MICB	mic_tap	True	0	0	True	1152	
N	pseudogene_I	True	0	0	True	161	
P	pseudogene_I	True	0	0	True	735	
S	pseudogene_I	True	0	0	True	266	
T	pseudogene_I	True	0	0	True	459	
TAP1	mic_tap	True	0	0	True	2247	
TAP2	mic_tap	True	0	0	True	2061	
U	pseudogene_I	False	7	6	True	196	196.0
V	pseudogene_I	True	0	0	True	516	
W	pseudogene_I	False	6	6	False	938	936.0
A	classical_I	True	0	0	True	1098	
B	classical_I	True	0	0	True	1089	
C	classical_I	True	0	0	True	1101	
DMA	class_II_accessory	True	0	0	True	786	
DMB	class_II_accessory	True	0	0	True	792	
DOA	class_II_accessory	True	0	0	True	753	
DOB	class_II_accessory	True	0	0	True	822	
DPA1	classical_II	True	0	0	True	783	
DPA2	class_II_paralog	True	0	0	True	733	
DPB1	classical_II	True	0	0	True	777	
DPB2	class_II_paralog	True	0	0	True	776	
DQA1	classical_II	True	0	0	True	768	
DQA2	class_II_paralog	True	0	0	True	768	
DQB1	classical_II	True	0	0	True	810	
DQB2	class_II_paralog	True	0	0	True	807	
DRA	class_II_accessory	True	0	0	True	765	
DRB1	classical_II	True	0	0	True	801	
DRB4	class_II_paralog	True	0	0	True	801	
E	nonclassical_I	True	0	0	True	1077	
F	nonclassical_I	True	0	0	True	1041	
G	nonclassical_I	False	12	3	True	1017	1017.0
J	pseudogene_I	True	0	0	True	1095	
L	pseudogene_I	True	0	0	True	1094	
MICA	mic_tap	True	0	0	True	1155	
MICB	mic_tap	True	0	0	True	1152	
N	pseudogene_I	True	0	0	True	161	
P	pseudogene_I	True	0	0	True	735	
S	pseudogene_I	True	0	0	True	266	
TAP2	mic_tap	True	0	0	True	2112	
V	pseudogene_I	True	0	0	True	538	
W	pseudogene_I	True	0	0	True	936	
A	classical_I	True	0	0	True	1098	
B	classical_I	True	0	0	True	1089	
C	classical_I	True	0	0	True	1101	
DMA	class_II_accessory	True	0	0	True	786	
DMB	class_II_accessory	True	0	0	True	792	
DOA	class_II_accessory	True	0	0	True	753	
DOB	class_II_accessory	True	0	0	True	822	
DPA1	classical_II	True	0	0	True	783	
DPA2	class_II_paralog	True	0	0	True	733	
DPB1	classical_II	True	0	0	True	777	
DPB2	class_II_paralog	True	0	0	True	776	
DQA1	classical_II	True	0	0	True	765	
DQA2	class_II_paralog	True	0	0	True	768	
DQB1	classical_II	True	0	0	True	786	
DQB2	class_II_paralog	True	0	0	True	807	
DRA	class_II_accessory	True	0	0	True	765	
DRB1	classical_II	True	0	0	True	801	
DRB4	class_II_paralog	True	0	0	True	801	
E	nonclassical_I	True	0	0	True	1077	
F	nonclassical_I	True	0	0	True	1041	
G	nonclassical_I	True	0	0	True	1017	
H	pseudogene_I	True	0	0	True	1096	
J	pseudogene_I	True	0	0	True	1088	
K	pseudogene_I	True	0	0	True	1093	
L	pseudogene_I	True	0	0	True	1094	
MICA	mic_tap	True	0	0	True	1158	
MICB	mic_tap	True	0	0	True	1152	
N	pseudogene_I	True	0	0	True	161	
P	pseudogene_I	True	0	0	True	735	
S	pseudogene_I	True	0	0	True	266	
T	pseudogene_I	True	0	0	True	459	
TAP1	mic_tap	True	0	0	True	2247	
TAP2	mic_tap	True	0	0	True	2061	
U	pseudogene_I	True	0	0	True	196	
V	pseudogene_I	True	0	0	True	538	
W	pseudogene_I	True	0	0	True	938	
Y	pseudogene_I	True	0	0	True	824	
A	classical_I	True	0	0	True	1098	
B	classical_I	True	0	0	True	1089	
C	classical_I	True	0	0	True	1101	
DMA	class_II_accessory	True	0	0	True	786	
DMB	class_II_accessory	True	0	0	True	792	
DOA	class_II_accessory	True	0	0	True	753	
DOB	class_II_accessory	True	0	0	True	822	
DPA1	classical_II	True	0	0	True	783	
DPA2	class_II_paralog	True	0	0	True	733	
DPB1	classical_II	True	0	0	True	777	
DPB2	class_II_paralog	True	0	0	True	776	
DQA1	classical_II	True	0	0	True	768	
DQA2	class_II_paralog	True	0	0	True	768	
DQB1	classical_II	True	0	0	True	786	
DQB2	class_II_paralog	True	0	0	True	807	
DRA	class_II_accessory	True	0	0	True	765	
DRB1	classical_II	True	0	0	True	801	
DRB4	class_II_paralog	True	0	0	True	801	
E	nonclassical_I	True	0	0	True	1077	
F	nonclassical_I	True	0	0	True	1041	
G	nonclassical_I	True	0	0	True	1017	
H	pseudogene_I	True	0	0	True	1097	
J	pseudogene_I	True	0	0	True	1095	
K	pseudogene_I	True	0	0	True	1094	
L	pseudogene_I	True	0	0	True	1094	
MICA	mic_tap	True	0	0	True	1156	
MICB	mic_tap	True	0	0	True	1152	
N	pseudogene_I	True	0	0	True	161	
P	pseudogene_I	True	0	0	True	735	
S	pseudogene_I	True	0	0	True	266	
T	pseudogene_I	True	0	0	True	459	
TAP1	mic_tap	True	0	0	True	2247	
TAP2	mic_tap	True	0	0	True	2061	
U	pseudogene_I	True	0	0	True	196	
V	pseudogene_I	True	0	0	True	538	
W	pseudogene_I	True	0	0	True	938	
A	classical_I	True	0	0	True	1098	
B	classical_I	True	0	0	True	1089	
C	classical_I	True	0	0	True	1101	
DMA	class_II_accessory	True	0	0	True	786	
DMB	class_II_accessory	True	0	0	True	792	
DOA	class_II_accessory	True	0	0	True	753	
DOB	class_II_accessory	True	0	0	True	822	
DPA1	classical_II	True	0	0	True	783	
DPA2	class_II_paralog	True	0	0	True	733	
DPB1	classical_II	True	0	0	True	777	
DPB2	class_II_paralog	True	0	0	True	776	
DQA1	classical_II	True	0	0	True	768	
DQA2	class_II_paralog	True	0	0	True	768	
DQB1	classical_II	True	0	0	True	786	
DQB2	class_II_paralog	True	0	0	True	807	
DRA	class_II_accessory	True	0	0	True	765	
DRB1	classical_II	True	0	0	True	801	
DRB5	class_II_paralog	True	0	0	True	801	
E	nonclassical_I	True	0	0	True	1077	
F	nonclassical_I	True	0	0	True	1041	
G	nonclassical_I	True	0	0	True	1017	
H	pseudogene_I	True	0	0	True	1096	
J	pseudogene_I	True	0	0	True	1095	
K	pseudogene_I	True	0	0	True	1094	
L	pseudogene_I	True	0	0	True	1094	
MICA	mic_tap	True	0	0	True	1152	
MICB	mic_tap	True	0	0	True	1152	
N	pseudogene_I	True	0	0	True	161	
P	pseudogene_I	True	0	0	True	732	
S	pseudogene_I	True	0	0	True	266	
T	pseudogene_I	True	0	0	True	459	
TAP1	mic_tap	True	0	0	True	2247	
TAP2	mic_tap	True	0	0	True	2061	
U	pseudogene_I	True	0	0	True	196	
V	pseudogene_I	True	0	0	True	538	
W	pseudogene_I	True	0	0	True	938	
A	classical_I	True	0	0	True	1098	
B	classical_I	True	0	0	True	1089	
C	classical_I	True	0	0	True	1101	
DMA	class_II_accessory	True	0	0	True	786	
DMB	class_II_accessory	True	0	0	True	792	
DOA	class_II_accessory	True	0	0	True	753	
DOB	class_II_accessory	True	0	0	True	822	
DPA1	classical_II	True	0	0	True	783	
DPA2	class_II_paralog	True	0	0	True	733	
DPB1	classical_II	True	0	0	True	777	
DPB2	class_II_paralog	True	0	0	True	776	
DQA1	classical_II	True	0	0	True	768	
DQA2	class_II_paralog	True	0	0	True	768	
DQB1	classical_II	True	0	0	True	786	
DQB2	class_II_paralog	True	0	0	True	807	
DRA	class_II_accessory	True	0	0	True	765	
DRB1	classical_II	True	0	0	True	801	
E	nonclassical_I	True	0	0	True	1077	
F	nonclassical_I	True	0	0	True	1041	
G	nonclassical_I	True	0	0	True	1017	
H	pseudogene_I	True	0	0	True	1097	
J	pseudogene_I	True	0	0	True	1095	
K	pseudogene_I	True	0	0	True	1094	
L	pseudogene_I	True	0	0	True	1094	
MICA	mic_tap	True	0	0	True	1152	
MICB	mic_tap	True	0	0	True	1152	
N	pseudogene_I	True	0	0	True	161	
P	pseudogene_I	True	0	0	True	735	
S	pseudogene_I	True	0	0	True	266	
T	pseudogene_I	True	0	0	True	459	
TAP1	mic_tap	True	0	0	True	2247	
TAP2	mic_tap	True	0	0	True	2061	
U	pseudogene_I	True	0	0	True	196	
V	pseudogene_I	True	0	0	True	538	
W	pseudogene_I	True	0	0	True	938	
A	classical_I	True	0	0	True	1098	
B	classical_I	True	0	0	True	1089	
C	classical_I	True	0	0	True	1101	
DMA	class_II_accessory	True	0	0	True	786	
DMB	class_II_accessory	True	0	0	True	792	
DOA	class_II_accessory	True	0	0	True	753	
DOB	class_II_accessory	True	0	0	True	822	
DPA1	classical_II	True	0	0	True	783	
DPA2	class_II_paralog	True	0	0	True	733	
DPB1	classical_II	True	0	0	True	777	
DPB2	class_II_paralog	True	0	0	True	776	
DQA1	classical_II	True	0	0	True	765	
DQA2	class_II_paralog	True	0	0	True	768	
DQB1	classical_II	True	0	0	True	786	
DQB2	class_II_paralog	True	0	0	True	807	
DRA	class_II_accessory	True	0	0	True	765	
DRB1	classical_II	True	0	0	True	801	
DRB3	class_II_paralog	True	0	0	True	801	
E	nonclassical_I	True	0	0	True	1077	
F	nonclassical_I	True	0	0	True	1041	
G	nonclassical_I	False	1	1	True	1017	1017.0
H	pseudogene_I	True	0	0	True	1096	
J	pseudogene_I	True	0	0	True	1095	
K	pseudogene_I	True	0	0	True	1093	
L	pseudogene_I	True	0	0	True	1096	
MICA	mic_tap	True	0	0	True	1156	
MICB	mic_tap	True	0	0	True	1152	
N	pseudogene_I	True	0	0	True	161	
P	pseudogene_I	True	0	0	True	732	
S	pseudogene_I	True	0	0	True	266	
T	pseudogene_I	True	0	0	True	459	
TAP1	mic_tap	True	0	0	True	2247	
TAP2	mic_tap	True	0	0	True	2061	
U	pseudogene_I	True	0	0	True	196	
V	pseudogene_I	True	0	0	True	517	
W	pseudogene_I	True	0	0	True	936	
A	classical_I	True	0	0	True	1098	
B	classical_I	True	0	0	True	1089	
C	classical_I	True	0	0	True	1101	
DMA	class_II_accessory	True	0	0	True	786	
DMB	class_II_accessory	True	0	0	True	792	
DOA	class_II_accessory	True	0	0	True	753	
DOB	class_II_accessory	True	0	0	True	822	
DPA1	classical_II	True	0	0	True	783	
DPA2	class_II_paralog	True	0	0	True	733	
DPB1	classical_II	True	0	0	True	777	
DPB2	class_II_paralog	True	0	0	True	776	
DQA1	classical_II	True	0	0	True	768	
DQA2	class_II_paralog	True	0	0	True	768	
DQB1	classical_II	True	0	0	True	786	
DQB2	class_II_paralog	True	0	0	True	807	
DRA	class_II_accessory	True	0	0	True	765	
DRB1	classical_II	True	0	0	True	801	
DRB3	class_II_paralog	True	0	0	True	801	
DRB4	class_II_paralog	True	0	0	True	801	
E	nonclassical_I	True	0	0	True	1077	
F	nonclassical_I	True	0	0	True	1041	
G	nonclassical_I	True	0	0	True	1017	
H	pseudogene_I	True	0	0	True	1096	
J	pseudogene_I	True	0	0	True	1095	
K	pseudogene_I	True	0	0	True	1093	
L	pseudogene_I	True	0	0	True	1094	
MICA	mic_tap	True	0	0	True	1167	
MICB	mic_tap	True	0	0	True	1152	
N	pseudogene_I	True	0	0	True	161	
P	pseudogene_I	True	0	0	True	735	
S	pseudogene_I	True	0	0	True	266	
T	pseudogene_I	True	0	0	True	459	
TAP1	mic_tap	True	0	0	True	2247	
TAP2	mic_tap	True	0	0	True	2112	
U	pseudogene_I	True	0	0	True	196	
V	pseudogene_I	True	0	0	True	516	
W	pseudogene_I	True	0	0	True	923	
A	classical_I	True	0	0	True	1098	
B	classical_I	True	0	0	True	1089	
C	classical_I	True	0	0	True	1101	
DMA	class_II_accessory	True	0	0	True	786	
DMB	class_II_accessory	True	0	0	True	792	
DOA	class_II_accessory	True	0	0	True	753	
DOB	class_II_accessory	True	0	0	True	822	
DPA1	classical_II	True	0	0	True	783	
DPA2	class_II_paralog	True	0	0	True	733	
DPB1	classical_II	True	0	0	True	777	
DPB2	class_II_paralog	True	0	0	True	776	
DQA1	classical_II	True	0	0	True	765	
DQA2	class_II_paralog	True	0	0	True	768	
DQB1	classical_II	True	0	0	True	786	
DQB2	class_II_paralog	True	0	0	True	807	
DRA	class_II_accessory	True	0	0	True	765	
DRB1	classical_II	True	0	0	True	801	
DRB3	class_II_paralog	True	0	0	True	801	
DRB4	class_II_paralog	False	1	1	True	801	801.0
E	nonclassical_I	True	0	0	True	1077	
F	nonclassical_I	True	0	0	True	1041	
G	nonclassical_I	True	0	0	True	1017	
H	pseudogene_I	True	0	0	True	1097	
J	pseudogene_I	True	0	0	True	1088	
K	pseudogene_I	True	0	0	True	1093	
L	pseudogene_I	True	0	0	True	1096	
MICA	mic_tap	True	0	0	True	1156	
MICB	mic_tap	True	0	0	True	1152	
N	pseudogene_I	True	0	0	True	161	
P	pseudogene_I	True	0	0	True	732	
S	pseudogene_I	True	0	0	True	266	
T	pseudogene_I	True	0	0	True	459	
TAP1	mic_tap	True	0	0	True	2247	
TAP2	mic_tap	True	0	0	True	2061	
U	pseudogene_I	True	0	0	True	196	
V	pseudogene_I	True	0	0	True	517	
W	pseudogene_I	True	0	0	True	938	
Y	pseudogene_I	True	0	0	True	824	
A	classical_I	True	0	0	True	1098	
B	classical_I	True	0	0	True	1089	
C	classical_I	True	0	0	True	1101	
DMA	class_II_accessory	True	0	0	True	786	
DMB	class_II_accessory	True	0	0	True	792	
DOA	class_II_accessory	True	0	0	True	753	
DOB	class_II_accessory	True	0	0	True	822	
DPA1	classical_II	True	0	0	True	783	
DPA2	class_II_paralog	True	0	0	True	733	
DPB1	classical_II	True	0	0	True	777	
DPB2	class_II_paralog	True	0	0	True	776	
DQA1	classical_II	True	0	0	True	765	
DQA2	class_II_paralog	True	0	0	True	768	
DQB1	classical_II	True	0	0	True	786	
DQB2	class_II_paralog	True	0	0	True	807	
DRA	class_II_accessory	True	0	0	True	765	
DRB1	classical_II	True	0	0	True	801	
DRB3	class_II_paralog	True	0	0	True	801	
DRB4	class_II_paralog	True	0	0	True	801	
E	nonclassical_I	True	0	0	True	1077	
F	nonclassical_I	True	0	0	True	1041	
G	nonclassical_I	True	0	0	True	1017	
J	pseudogene_I	True	0	0	True	1095	
L	pseudogene_I	True	0	0	True	1094	
MICA	mic_tap	True	0	0	True	1152	
MICB	mic_tap	True	0	0	True	1152	
N	pseudogene_I	True	0	0	True	161	
P	pseudogene_I	True	0	0	True	735	
S	pseudogene_I	True	0	0	True	266	
TAP1	mic_tap	True	0	0	True	2247	
TAP2	mic_tap	True	0	0	True	2061	
V	pseudogene_I	True	0	0	True	538	
W	pseudogene_I	True	0	0	True	936	
A	classical_I	True	0	0	True	1098	
B	classical_I	True	0	0	True	1089	
C	classical_I	True	0	0	True	1101	
DMA	class_II_accessory	True	0	0	True	786	
DMB	class_II_accessory	True	0	0	True	792	
DOA	class_II_accessory	True	0	0	True	753	
DOB	class_II_accessory	True	0	0	True	822	
DPA1	classical_II	True	0	0	True	783	
DPA2	class_II_paralog	True	0	0	True	733	
DPB1	classical_II	True	0	0	True	777	
DPB2	class_II_paralog	True	0	0	True	776	
DQA1	classical_II	True	0	0	True	768	
DQA2	class_II_paralog	True	0	0	True	768	
DQB1	classical_II	True	0	0	True	786	
DQB2	class_II_paralog	True	0	0	True	807	
DRA	class_II_accessory	True	0	0	True	765	
DRB1	classical_II	False	16	13	True	801	801.0
DRB3	class_II_paralog	False	15	13	True	801	801.0
DRB4	class_II_paralog	True	0	0	True	801	
E	nonclassical_I	True	0	0	True	1077	
F	nonclassical_I	True	0	0	True	1041	
G	nonclassical_I	True	0	0	True	1017	
J	pseudogene_I	True	0	0	True	1095	
L	pseudogene_I	True	0	0	True	1094	
MICA	mic_tap	False	1	1	True	1156	1156.0
MICB	mic_tap	True	0	0	True	1152	
N	pseudogene_I	True	0	0	True	161	
P	pseudogene_I	True	0	0	True	735	
S	pseudogene_I	True	0	0	True	266	
TAP1	mic_tap	True	0	0	True	2247	
TAP2	mic_tap	True	0	0	True	2061	
V	pseudogene_I	True	0	0	True	538	
W	pseudogene_I	True	0	0	True	936	
A	classical_I	True	0	0	True	1098	
B	classical_I	True	0	0	True	1089	
C	classical_I	True	0	0	True	1101	
DMA	class_II_accessory	True	0	0	True	786	
DMB	class_II_accessory	True	0	0	True	792	
DOA	class_II_accessory	True	0	0	True	753	
DOB	class_II_accessory	True	0	0	True	822	
DPA1	classical_II	True	0	0	True	783	
DPA2	class_II_paralog	True	0	0	True	733	
DPB1	classical_II	False	2	2	False	775	777.0
DPB2	class_II_paralog	True	0	0	True	776	
DQA1	classical_II	True	0	0	True	768	
DQA2	class_II_paralog	True	0	0	True	768	
DQB1	classical_II	True	0	0	True	786	
DQB2	class_II_paralog	True	0	0	True	807	
DRA	class_II_accessory	True	0	0	True	765	
DRB1	classical_II	True	0	0	True	801	
DRB3	class_II_paralog	False	1	1	False	801	802.0
E	nonclassical_I	True	0	0	True	1077	
F	nonclassical_I	True	0	0	True	1041	
G	nonclassical_I	True	0	0	True	1017	
H	pseudogene_I	True	0	0	True	1096	
J	pseudogene_I	True	0	0	True	1096	
K	pseudogene_I	False	5	5	False	1091	1093.0
L	pseudogene_I	True	0	0	True	1096	
MICA	mic_tap	True	0	0	True	1152	
MICB	mic_tap	True	0	0	True	1152	
N	pseudogene_I	True	0	0	True	161	
P	pseudogene_I	True	0	0	True	732	
S	pseudogene_I	True	0	0	True	266	
T	pseudogene_I	True	0	0	True	459	
TAP1	mic_tap	True	0	0	True	2247	
TAP2	mic_tap	True	0	0	True	2061	
U	pseudogene_I	True	0	0	True	196	
V	pseudogene_I	True	0	0	True	517	
W	pseudogene_I	True	0	0	True	936	
A	classical_I	True	0	0	True	1098	
B	classical_I	True	0	0	True	1089	
C	classical_I	True	0	0	True	1101	
DMA	class_II_accessory	True	0	0	True	786	
DMB	class_II_accessory	True	0	0	True	792	
DOA	class_II_accessory	True	0	0	True	753	
DOB	class_II_accessory	True	0	0	True	822	
DPA1	classical_II	True	0	0	True	783	
DPA2	class_II_paralog	True	0	0	True	733	
DPB1	classical_II	True	0	0	True	777	
DPB2	class_II_paralog	True	0	0	True	776	
DQA1	classical_II	False	1	1	False	767	768.0
DQA2	class_II_paralog	True	0	0	True	768	
DQB1	classical_II	True	0	0	True	786	
DQB2	class_II_paralog	True	0	0	True	807	
DRA	class_II_accessory	True	0	0	True	765	
DRB1	classical_II	True	0	0	True	801	
DRB3	class_II_paralog	True	0	0	True	801	
E	nonclassical_I	True	0	0	True	1077	
F	nonclassical_I	True	0	0	True	1041	
G	nonclassical_I	True	0	0	True	1017	
H	pseudogene_I	False	12	10	True	1096	1096.0
J	pseudogene_I	True	0	0	True	1095	
K	pseudogene_I	False	28	24	False	1091	1095.0
L	pseudogene_I	True	0	0	True	1096	
MICA	mic_tap	True	0	0	True	1156	
MICB	mic_tap	True	0	0	True	1152	
N	pseudogene_I	True	0	0	True	161	
P	pseudogene_I	True	0	0	True	735	
S	pseudogene_I	True	0	0	True	266	
T	pseudogene_I	False	1	1	True	459	459.0
TAP1	mic_tap	True	0	0	True	2247	
TAP2	mic_tap	True	0	0	True	2061	
U	pseudogene_I	False	5	5	True	196	196.0
V	pseudogene_I	True	0	0	True	516	
W	pseudogene_I	True	0	0	True	936	
A	classical_I	True	0	0	True	1098	
B	classical_I	True	0	0	True	1089	
C	classical_I	True	0	0	True	1101	
DMA	class_II_accessory	True	0	0	True	786	
DMB	class_II_accessory	True	0	0	True	792	
DOA	class_II_accessory	True	0	0	True	753	
DOB	class_II_accessory	True	0	0	True	822	
DPA1	classical_II	True	0	0	True	783	
DPA2	class_II_paralog	True	0	0	True	733	
DPB1	classical_II	True	0	0	True	777	
DPB2	class_II_paralog	True	0	0	True	776	
DQA1	classical_II	True	0	0	True	765	
DQA2	class_II_paralog	True	0	0	True	768	
DQB1	classical_II	True	0	0	True	786	
DQB2	class_II_paralog	True	0	0	True	807	
DRA	class_II_accessory	True	0	0	True	765	
DRB1	classical_II	True	0	0	True	801	
DRB3	class_II_paralog	True	0	0	True	801	
E	nonclassical_I	True	0	0	True	1077	
F	nonclassical_I	True	0	0	True	1041	
G	nonclassical_I	True	0	0	True	1017	
H	pseudogene_I	True	0	0	True	1096	
J	pseudogene_I	True	0	0	True	1095	
K	pseudogene_I	True	0	0	True	1096	
L	pseudogene_I	True	0	0	True	1096	
MICA	mic_tap	True	0	0	True	1158	
MICB	mic_tap	True	0	0	True	1152	
N	pseudogene_I	True	0	0	True	161	
P	pseudogene_I	True	0	0	True	732	
S	pseudogene_I	True	0	0	True	266	
T	pseudogene_I	True	0	0	True	459	
TAP1	mic_tap	True	0	0	True	2247	
TAP2	mic_tap	True	0	0	True	2061	
U	pseudogene_I	True	0	0	True	196	
V	pseudogene_I	True	0	0	True	517	
W	pseudogene_I	True	0	0	True	938	
A	classical_I	True	0	0	True	1098	
B	classical_I	True	0	0	True	1089	
C	classical_I	True	0	0	True	1101	
DMA	class_II_accessory	True	0	0	True	786	
DMB	class_II_accessory	True	0	0	True	792	
DOA	class_II_accessory	True	0	0	True	753	
DOB	class_II_accessory	True	0	0	True	822	
DPA1	classical_II	True	0	0	True	783	
DPA2	class_II_paralog	True	0	0	True	733	
DPB1	classical_II	True	0	0	True	777	
DPB2	class_II_paralog	True	0	0	True	776	
DQA1	classical_II	True	0	0	True	765	
DQA2	class_II_paralog	True	0	0	True	768	
DQB1	classical_II	True	0	0	True	786	
DQB2	class_II_paralog	True	0	0	True	807	
DRA	class_II_accessory	True	0	0	True	765	
DRB1	classical_II	True	0	0	True	801	
DRB3	class_II_paralog	True	0	0	True	801	
E	nonclassical_I	True	0	0	True	1077	
F	nonclassical_I	True	0	0	True	1041	
G	nonclassical_I	True	0	0	True	1017	
H	pseudogene_I	True	0	0	True	1096	
J	pseudogene_I	True	0	0	True	1095	
K	pseudogene_I	True	0	0	True	1093	
L	pseudogene_I	True	0	0	True	1096	
MICA	mic_tap	True	0	0	True	1156	
MICB	mic_tap	True	0	0	True	1152	
N	pseudogene_I	True	0	0	True	161	
P	pseudogene_I	True	0	0	True	732	
S	pseudogene_I	True	0	0	True	266	
T	pseudogene_I	True	0	0	True	459	
TAP1	mic_tap	True	0	0	True	2247	
TAP2	mic_tap	True	0	0	True	2061	
U	pseudogene_I	True	0	0	True	196	
V	pseudogene_I	True	0	0	True	517	
W	pseudogene_I	True	0	0	True	936	
A	classical_I	True	0	0	True	1098	
B	classical_I	True	0	0	True	1089	
C	classical_I	True	0	0	True	1101	
DMA	class_II_accessory	True	0	0	True	786	
DMB	class_II_accessory	True	0	0	True	792	
DOA	class_II_accessory	True	0	0	True	753	
DOB	class_II_accessory	True	0	0	True	822	
DPA1	classical_II	True	0	0	True	783	
DPA2	class_II_paralog	True	0	0	True	733	
DPB1	classical_II	True	0	0	True	777	
DPB2	class_II_paralog	True	0	0	True	776	
DQA1	classical_II	True	0	0	True	768	
DQA2	class_II_paralog	True	0	0	True	768	
DQB1	classical_II	True	0	0	True	786	
DQB2	class_II_paralog	True	0	0	True	807	
DRA	class_II_accessory	True	0	0	True	765	
DRB1	classical_II	False	38	31	True	801	801.0
E	nonclassical_I	False	2	2	True	1077	1077.0
F	nonclassical_I	True	0	0	True	1041	
G	nonclassical_I	True	0	0	True	1017	
H	pseudogene_I	True	0	0	True	1096	
J	pseudogene_I	True	0	0	True	1095	
K	pseudogene_I	True	0	0	True	1093	
L	pseudogene_I	True	0	0	True	1096	
MICA	mic_tap	True	0	0	True	1155	
MICB	mic_tap	True	0	0	True	1152	
N	pseudogene_I	True	0	0	True	161	
P	pseudogene_I	True	0	0	True	732	
S	pseudogene_I	True	0	0	True	266	
T	pseudogene_I	True	0	0	True	459	
TAP1	mic_tap	True	0	0	True	2247	
TAP2	mic_tap	True	0	0	True	2061	
U	pseudogene_I	True	0	0	True	196	
V	pseudogene_I	True	0	0	True	517	
W	pseudogene_I	True	0	0	True	923	
A	classical_I	True	0	0	True	1098	
B	classical_I	True	0	0	True	1089	
C	classical_I	True	0	0	True	1101	
DMA	class_II_accessory	True	0	0	True	786	
DMB	class_II_accessory	True	0	0	True	792	
DOA	class_II_accessory	True	0	0	True	753	
DOB	class_II_accessory	True	0	0	True	822	
DPA1	classical_II	True	0	0	True	783	
DPA2	class_II_paralog	True	0	0	True	733	
DPB1	classical_II	True	0	0	True	777	
DPB2	class_II_paralog	True	0	0	True	776	
DQA1	classical_II	True	0	0	True	768	
DQA2	class_II_paralog	True	0	0	True	768	
DQB1	classical_II	True	0	0	True	786	
DQB2	class_II_paralog	True	0	0	True	807	
DRA	class_II_accessory	True	0	0	True	765	
DRB1	classical_II	True	0	0	True	801	
DRB5	class_II_paralog	True	0	0	True	801	
E	nonclassical_I	False	2	2	True	1077	1077.0
F	nonclassical_I	True	0	0	True	1041	
G	nonclassical_I	True	0	0	True	1017	
H	pseudogene_I	True	0	0	True	1096	
J	pseudogene_I	True	0	0	True	1095	
K	pseudogene_I	False	26	23	False	1092	1093.0
L	pseudogene_I	True	0	0	True	1096	
MICA	mic_tap	True	0	0	True	1155	
MICB	mic_tap	False	1	1	False	1152	1153.0
N	pseudogene_I	True	0	0	True	161	
P	pseudogene_I	True	0	0	True	732	
S	pseudogene_I	True	0	0	True	266	
T	pseudogene_I	True	0	0	True	459	
TAP1	mic_tap	True	0	0	True	2247	
TAP2	mic_tap	True	0	0	True	2061	
U	pseudogene_I	True	0	0	True	196	
V	pseudogene_I	True	0	0	True	538	
W	pseudogene_I	True	0	0	True	923	
A	classical_I	True	0	0	True	1098	
B	classical_I	True	0	0	True	1089	
C	classical_I	True	0	0	True	1101	
DMA	class_II_accessory	True	0	0	True	786	
DMB	class_II_accessory	True	0	0	True	792	
DOA	class_II_accessory	True	0	0	True	753	
DOB	class_II_accessory	True	0	0	True	822	
DPA1	classical_II	True	0	0	True	783	
DPA2	class_II_paralog	True	0	0	True	733	
DPB1	classical_II	True	0	0	True	777	
DPB2	class_II_paralog	True	0	0	True	776	
DQA1	classical_II	True	0	0	True	765	
DQA2	class_II_paralog	True	0	0	True	768	
DQB1	classical_II	True	0	0	True	786	
DQB2	class_II_paralog	True	0	0	True	807	
DRA	class_II_accessory	True	0	0	True	765	
DRB1	classical_II	True	0	0	True	801	
E	nonclassical_I	True	0	0	True	1077	
F	nonclassical_I	True	0	0	True	1041	
G	nonclassical_I	True	0	0	True	1017	
H	pseudogene_I	True	0	0	True	1096	
J	pseudogene_I	True	0	0	True	1088	
K	pseudogene_I	True	0	0	True	1095	
L	pseudogene_I	False	1	1	False	1094	1093.0
MICA	mic_tap	True	0	0	True	1155	
MICB	mic_tap	True	0	0	True	1152	
N	pseudogene_I	True	0	0	True	161	
P	pseudogene_I	True	0	0	True	735	
S	pseudogene_I	True	0	0	True	266	
T	pseudogene_I	True	0	0	True	459	
TAP1	mic_tap	True	0	0	True	2247	
TAP2	mic_tap	True	0	0	True	2061	
U	pseudogene_I	True	0	0	True	196	
V	pseudogene_I	True	0	0	True	538	
W	pseudogene_I	True	0	0	True	938	
Y	pseudogene_I	True	0	0	True	824	
A	classical_I	True	0	0	True	1098	
B	classical_I	True	0	0	True	1089	
C	classical_I	True	0	0	True	1101	
DMA	class_II_accessory	True	0	0	True	786	
DMB	class_II_accessory	True	0	0	True	792	
DOA	class_II_accessory	True	0	0	True	753	
DOB	class_II_accessory	True	0	0	True	822	
DPA1	classical_II	True	0	0	True	783	
DPA2	class_II_paralog	True	0	0	True	733	
DPB1	classical_II	True	0	0	True	777	
DPB2	class_II_paralog	True	0	0	True	776	
DQA1	classical_II	True	0	0	True	765	
DQA2	class_II_paralog	True	0	0	True	768	
DQB1	classical_II	True	0	0	True	786	
DQB2	class_II_paralog	True	0	0	True	807	
DRA	class_II_accessory	True	0	0	True	765	
DRB1	classical_II	True	0	0	True	801	
DRB4	class_II_paralog	True	0	0	True	801	
E	nonclassical_I	True	0	0	True	1077	
F	nonclassical_I	True	0	0	True	1041	
G	nonclassical_I	True	0	0	True	1017	
H	pseudogene_I	False	22	15	False	1096	1104.0
J	pseudogene_I	True	0	0	True	1095	
K	pseudogene_I	False	31	19	False	1095	1092.0
L	pseudogene_I	True	0	0	True	1094	
MICA	mic_tap	True	0	0	True	1167	
MICB	mic_tap	True	0	0	True	1152	
N	pseudogene_I	True	0	0	True	161	
P	pseudogene_I	True	0	0	True	735	
S	pseudogene_I	True	0	0	True	266	
T	pseudogene_I	False	8	8	True	459	459.0
TAP1	mic_tap	True	0	0	True	2247	
TAP2	mic_tap	True	0	0	True	2112	
U	pseudogene_I	False	11	9	True	196	196.0
V	pseudogene_I	True	0	0	True	538	
W	pseudogene_I	True	0	0	True	936	
A	classical_I	True	0	0	True	1098	
B	classical_I	True	0	0	True	1089	
C	classical_I	True	0	0	True	1101	
DMA	class_II_accessory	True	0	0	True	786	
DMB	class_II_accessory	False	1	1	False	791	792.0
DOA	class_II_accessory	True	0	0	True	753	
DOB	class_II_accessory	True	0	0	True	822	
DPA1	classical_II	True	0	0	True	783	
DPA2	class_II_paralog	True	0	0	True	733	
DPB1	classical_II	True	0	0	True	777	
DPB2	class_II_paralog	False	3	3	True	776	776.0
DQA1	classical_II	True	0	0	True	768	
DQA2	class_II_paralog	False	1	1	True	768	768.0
DQB1	classical_II	True	0	0	True	786	
DQB2	class_II_paralog	True	0	0	True	807	
DRA	class_II_accessory	True	0	0	True	765	
DRB1	classical_II	True	0	0	True	801	
DRB3	class_II_paralog	True	0	0	True	801	
E	nonclassical_I	True	0	0	True	1077	
F	nonclassical_I	True	0	0	True	1041	
G	nonclassical_I	True	0	0	True	1017	
H	pseudogene_I	True	0	0	True	1104	
J	pseudogene_I	False	1	1	False	1094	1095.0
K	pseudogene_I	True	0	0	True	1092	
L	pseudogene_I	True	0	0	True	1096	
MICA	mic_tap	True	0	0	True	1155	
MICB	mic_tap	True	0	0	True	1152	
N	pseudogene_I	True	0	0	True	161	
P	pseudogene_I	False	1	1	False	736	735.0
S	pseudogene_I	True	0	0	True	266	
T	pseudogene_I	True	0	0	True	459	
TAP1	mic_tap	True	0	0	True	2247	
TAP2	mic_tap	True	0	0	True	2061	
U	pseudogene_I	True	0	0	True	196	
V	pseudogene_I	False	22	2	False	517	538.0
W	pseudogene_I	True	0	0	True	936	
A	classical_I	True	0	0	True	1098	
B	classical_I	True	0	0	True	1089	
C	classical_I	True	0	0	True	1101	
DMA	class_II_accessory	True	0	0	True	786	
DMB	class_II_accessory	True	0	0	True	792	
DOA	class_II_accessory	True	0	0	True	753	
DOB	class_II_accessory	True	0	0	True	822	
DPA1	classical_II	True	0	0	True	783	
DPA2	class_II_paralog	True	0	0	True	733	
DPB1	classical_II	True	0	0	True	777	
DPB2	class_II_paralog	True	0	0	True	776	
DQA1	classical_II	True	0	0	True	768	
DQA2	class_II_paralog	True	0	0	True	768	
DQB1	classical_II	True	0	0	True	786	
DQB2	class_II_paralog	True	0	0	True	807	
DRA	class_II_accessory	True	0	0	True	765	
DRB1	classical_II	True	0	0	True	801	
DRB5	class_II_paralog	True	0	0	True	801	
E	nonclassical_I	True	0	0	True	1077	
F	nonclassical_I	True	0	0	True	1041	
G	nonclassical_I	True	0	0	True	1017	
H	pseudogene_I	True	0	0	True	1104	
HFE	other	True	0	0	True	1047	
J	pseudogene_I	True	0	0	True	1095	
K	pseudogene_I	True	0	0	True	1092	
L	pseudogene_I	True	0	0	True	1096	
MICA	mic_tap	True	0	0	True	1156	
MICB	mic_tap	True	0	0	True	1152	
N	pseudogene_I	True	0	0	True	161	
P	pseudogene_I	False	1	1	False	736	735.0
S	pseudogene_I	True	0	0	True	266	
T	pseudogene_I	True	0	0	True	459	
TAP1	mic_tap	True	0	0	True	2247	
TAP2	mic_tap	True	0	0	True	2061	
U	pseudogene_I	True	0	0	True	196	
V	pseudogene_I	True	0	0	True	538	
W	pseudogene_I	False	1	1	False	936	935.0
A	classical_I	True	0	0	True	1098	
B	classical_I	True	0	0	True	1089	
C	classical_I	True	0	0	True	1101	
DMA	class_II_accessory	True	0	0	True	786	
DMB	class_II_accessory	True	0	0	True	792	
DOA	class_II_accessory	True	0	0	True	753	
DOB	class_II_accessory	True	0	0	True	822	
DPA1	classical_II	True	0	0	True	783	
DPA2	class_II_paralog	True	0	0	True	733	
DPB1	classical_II	True	0	0	True	777	
DPB2	class_II_paralog	True	0	0	True	776	
DQA1	classical_II	True	0	0	True	768	
DQA2	class_II_paralog	True	0	0	True	768	
DQB1	classical_II	True	0	0	True	786	
DQB2	class_II_paralog	True	0	0	True	807	
DRA	class_II_accessory	True	0	0	True	765	
DRB1	classical_II	True	0	0	True	801	
DRB3	class_II_paralog	True	0	0	True	801	
E	nonclassical_I	True	0	0	True	1077	
F	nonclassical_I	True	0	0	True	1041	
G	nonclassical_I	True	0	0	True	1017	
HFE	other	True	0	0	True	1047	
J	pseudogene_I	True	0	0	True	1095	
L	pseudogene_I	True	0	0	True	1094	
MICA	mic_tap	True	0	0	True	1155	
MICB	mic_tap	True	0	0	True	1152	
N	pseudogene_I	True	0	0	True	161	
P	pseudogene_I	True	0	0	True	732	
S	pseudogene_I	True	0	0	True	266	
TAP1	mic_tap	True	0	0	True	2247	
TAP2	mic_tap	True	0	0	True	2061	
V	pseudogene_I	True	0	0	True	517	
W	pseudogene_I	True	0	0	True	936	
A	classical_I	True	0	0	True	1098	
B	classical_I	True	0	0	True	1089	
C	classical_I	True	0	0	True	1101	
DMA	class_II_accessory	True	0	0	True	786	
DMB	class_II_accessory	True	0	0	True	792	
DOA	class_II_accessory	True	0	0	True	753	
DOB	class_II_accessory	True	0	0	True	822	
DPA1	classical_II	True	0	0	True	783	
DPA2	class_II_paralog	True	0	0	True	733	
DPB1	classical_II	True	0	0	True	777	
DPB2	class_II_paralog	True	0	0	True	776	
DQA1	classical_II	True	0	0	True	765	
DQA2	class_II_paralog	True	0	0	True	768	
DQB1	classical_II	False	38	32	True	786	786.0
DQB2	class_II_paralog	True	0	0	True	807	
DRA	class_II_accessory	True	0	0	True	765	
DRB1	classical_II	True	0	0	True	801	
DRB3	class_II_paralog	False	15	13	True	801	801.0
DRB4	class_II_paralog	True	0	0	True	801	
E	nonclassical_I	True	0	0	True	1077	
F	nonclassical_I	True	0	0	True	1041	
G	nonclassical_I	True	0	0	True	1016	
H	pseudogene_I	True	0	0	True	1096	
J	pseudogene_I	True	0	0	True	1089	
K	pseudogene_I	True	0	0	True	1092	
L	pseudogene_I	True	0	0	True	1096	
MICA	mic_tap	True	0	0	True	1158	
MICB	mic_tap	False	1	1	True	1152	1152.0
N	pseudogene_I	True	0	0	True	161	
P	pseudogene_I	True	0	0	True	732	
S	pseudogene_I	True	0	0	True	266	
T	pseudogene_I	True	0	0	True	459	
TAP1	mic_tap	True	0	0	True	2247	
TAP2	mic_tap	True	0	0	True	2061	
U	pseudogene_I	True	0	0	True	196	
V	pseudogene_I	True	0	0	True	517	
W	pseudogene_I	True	0	0	True	923	
Y	pseudogene_I	True	0	0	True	824	
A	classical_I	True	0	0	True	1098	
B	classical_I	True	0	0	True	1089	
C	classical_I	True	0	0	True	1101	
DMA	class_II_accessory	True	0	0	True	786	
DMB	class_II_accessory	True	0	0	True	792	
DOA	class_II_accessory	True	0	0	True	753	
DOB	class_II_accessory	True	0	0	True	822	
DPA1	classical_II	True	0	0	True	783	
DPA2	class_II_paralog	True	0	0	True	733	
DPB1	classical_II	True	0	0	True	777	
DPB2	class_II_paralog	True	0	0	True	776	
DQA1	classical_II	True	0	0	True	765	
DQA2	class_II_paralog	True	0	0	True	768	
DQB1	classical_II	True	0	0	True	786	
DQB2	class_II_paralog	True	0	0	True	807	
DRA	class_II_accessory	True	0	0	True	765	
DRB1	classical_II	True	0	0	True	801	
DRB3	class_II_paralog	True	0	0	True	801	
E	nonclassical_I	True	0	0	True	1077	
F	nonclassical_I	True	0	0	True	1041	
G	nonclassical_I	True	0	0	True	1017	
H	pseudogene_I	True	0	0	True	1090	
J	pseudogene_I	True	0	0	True	1095	
K	pseudogene_I	False	4	4	False	1087	1091.0
L	pseudogene_I	True	0	0	True	1096	
MICA	mic_tap	True	0	0	True	1158	
MICB	mic_tap	True	0	0	True	1152	
N	pseudogene_I	True	0	0	True	161	
P	pseudogene_I	True	0	0	True	735	
S	pseudogene_I	True	0	0	True	266	
T	pseudogene_I	True	0	0	True	459	
TAP1	mic_tap	True	0	0	True	2247	
TAP2	mic_tap	True	0	0	True	2061	
U	pseudogene_I	True	0	0	True	196	
V	pseudogene_I	True	0	0	True	538	
W	pseudogene_I	True	0	0	True	938	
A	classical_I	True	0	0	True	1098	
B	classical_I	True	0	0	True	1089	
C	classical_I	True	0	0	True	1101	
DMA	class_II_accessory	True	0	0	True	786	
DMB	class_II_accessory	True	0	0	True	792	
DOA	class_II_accessory	True	0	0	True	753	
DOB	class_II_accessory	True	0	0	True	822	
DPA1	classical_II	True	0	0	True	783	
DPA2	class_II_paralog	True	0	0	True	733	
DPB1	classical_II	True	0	0	True	777	
DPB2	class_II_paralog	True	0	0	True	776	
DQA1	classical_II	True	0	0	True	768	
DQA2	class_II_paralog	True	0	0	True	768	
DQB1	classical_II	True	0	0	True	786	
DQB2	class_II_paralog	True	0	0	True	807	
DRA	class_II_accessory	True	0	0	True	765	
DRB1	classical_II	False	38	28	True	801	801.0
DRB4	class_II_paralog	True	0	0	True	801	
E	nonclassical_I	False	1	1	False	1076	1077.0
F	nonclassical_I	True	0	0	True	1041	
G	nonclassical_I	True	0	0	True	1017	
H	pseudogene_I	True	0	0	True	1096	
J	pseudogene_I	True	0	0	True	1095	
K	pseudogene_I	True	0	0	True	1095	
L	pseudogene_I	True	0	0	True	1094	
MICA	mic_tap	True	0	0	True	1155	
MICB	mic_tap	True	0	0	True	1152	
N	pseudogene_I	True	0	0	True	161	
P	pseudogene_I	True	0	0	True	732	
S	pseudogene_I	True	0	0	True	266	
T	pseudogene_I	True	0	0	True	459	
TAP1	mic_tap	True	0	0	True	2247	
TAP2	mic_tap	True	0	0	True	2061	
U	pseudogene_I	True	0	0	True	196	
V	pseudogene_I	True	0	0	True	517	
W	pseudogene_I	True	0	0	True	938	
A	classical_I	True	0	0	True	1098	
B	classical_I	False	12	12	False	1089	1097.0
C	classical_I	True	0	0	True	1101	
DMA	class_II_accessory	True	0	0	True	786	
DMB	class_II_accessory	True	0	0	True	792	
DOA	class_II_accessory	True	0	0	True	753	
DOB	class_II_accessory	True	0	0	True	822	
DPA1	classical_II	True	0	0	True	783	
DPA2	class_II_paralog	True	0	0	True	733	
DPB1	classical_II	True	0	0	True	777	
DPB2	class_II_paralog	True	0	0	True	776	
DQA1	classical_II	False	17	12	False	768	765.0
DQA2	class_II_paralog	True	0	0	True	768	
DQB1	classical_II	False	34	28	True	786	786.0
DQB2	class_II_paralog	True	0	0	True	807	
DRA	class_II_accessory	True	0	0	True	765	
DRB1	classical_II	False	48	30	False	801	802.0
DRB4	class_II_paralog	False	1	1	True	801	801.0
E	nonclassical_I	False	1	1	False	1076	1077.0
F	nonclassical_I	False	1	1	True	1041	1041.0
G	nonclassical_I	True	0	0	True	1017	
H	pseudogene_I	True	0	0	True	1096	
J	pseudogene_I	True	0	0	True	1095	
K	pseudogene_I	False	2	2	False	1095	1093.0
L	pseudogene_I	True	0	0	True	1094	
MICA	mic_tap	True	0	0	True	1155	
MICB	mic_tap	True	0	0	True	1152	
N	pseudogene_I	True	0	0	True	161	
P	pseudogene_I	True	0	0	True	732	
S	pseudogene_I	True	0	0	True	266	
T	pseudogene_I	True	0	0	True	459	
TAP1	mic_tap	True	0	0	True	2247	
TAP2	mic_tap	True	0	0	True	2061	
U	pseudogene_I	True	0	0	True	196	
V	pseudogene_I	True	0	0	True	517	
W	pseudogene_I	False	1	1	True	936	936.0
A	classical_I	True	0	0	True	1098	
B	classical_I	True	0	0	True	1089	
C	classical_I	True	0	0	True	1101	
DMA	class_II_accessory	True	0	0	True	786	
DMB	class_II_accessory	True	0	0	True	792	
DOA	class_II_accessory	True	0	0	True	753	
DOB	class_II_accessory	True	0	0	True	822	
DPA1	classical_II	True	0	0	True	783	
DPA2	class_II_paralog	True	0	0	True	733	
DPB1	classical_II	True	0	0	True	777	
DPB2	class_II_paralog	True	0	0	True	776	
DQA1	classical_II	True	0	0	True	768	
DQA2	class_II_paralog	True	0	0	True	768	
DQB1	classical_II	True	0	0	True	786	
DQB2	class_II_paralog	True	0	0	True	807	
DRA	class_II_accessory	True	0	0	True	765	
DRB1	classical_II	True	0	0	True	801	
DRB3	class_II_paralog	True	0	0	True	801	
E	nonclassical_I	True	0	0	True	1077	
F	nonclassical_I	True	0	0	True	1041	
G	nonclassical_I	True	0	0	True	1017	
H	pseudogene_I	True	0	0	True	1090	
J	pseudogene_I	True	0	0	True	1095	
K	pseudogene_I	True	0	0	True	1091	
L	pseudogene_I	True	0	0	True	1096	
MICA	mic_tap	True	0	0	True	1158	
MICB	mic_tap	True	0	0	True	1152	
N	pseudogene_I	True	0	0	True	161	
P	pseudogene_I	True	0	0	True	735	
S	pseudogene_I	True	0	0	True	266	
T	pseudogene_I	False	4	4	True	459	459.0
TAP1	mic_tap	True	0	0	True	2247	
TAP2	mic_tap	True	0	0	True	2061	
U	pseudogene_I	True	0	0	True	196	
V	pseudogene_I	True	0	0	True	538	
W	pseudogene_I	True	0	0	True	938	
A	classical_I	True	0	0	True	1098	
B	classical_I	True	0	0	True	1089	
C	classical_I	True	0	0	True	1101	
DMA	class_II_accessory	True	0	0	True	786	
DMB	class_II_accessory	True	0	0	True	792	
DOA	class_II_accessory	False	1	1	True	753	753.0
DOB	class_II_accessory	True	0	0	True	822	
DPA1	classical_II	True	0	0	True	783	
DPA2	class_II_paralog	True	0	0	True	733	
DPB1	classical_II	True	0	0	True	777	
DPB2	class_II_paralog	True	0	0	True	776	
DQA1	classical_II	True	0	0	True	765	
DQA2	class_II_paralog	True	0	0	True	768	
DQB1	classical_II	True	0	0	True	786	
DQB2	class_II_paralog	True	0	0	True	807	
DRA	class_II_accessory	True	0	0	True	765	
DRB1	classical_II	True	0	0	True	801	
E	nonclassical_I	True	0	0	True	1077	
F	nonclassical_I	True	0	0	True	1041	
G	nonclassical_I	True	0	0	True	1017	
H	pseudogene_I	True	0	0	True	1096	
J	pseudogene_I	True	0	0	True	1095	
K	pseudogene_I	True	0	0	True	1093	
L	pseudogene_I	True	0	0	True	1094	
MICA	mic_tap	True	0	0	True	1155	
MICB	mic_tap	True	0	0	True	1152	
N	pseudogene_I	True	0	0	True	161	
P	pseudogene_I	True	0	0	True	732	
S	pseudogene_I	True	0	0	True	266	
T	pseudogene_I	True	0	0	True	459	
TAP1	mic_tap	True	0	0	True	2247	
TAP2	mic_tap	True	0	0	True	2061	
U	pseudogene_I	True	0	0	True	196	
V	pseudogene_I	True	0	0	True	517	
W	pseudogene_I	True	0	0	True	923	
A	classical_I	True	0	0	True	1098	
B	classical_I	False	20	16	True	1089	1089.0
C	classical_I	True	0	0	True	1101	
DMA	class_II_accessory	True	0	0	True	786	
DMB	class_II_accessory	True	0	0	True	792	
DOA	class_II_accessory	True	0	0	True	753	
DOB	class_II_accessory	True	0	0	True	822	
DPA1	classical_II	True	0	0	True	783	
DPA2	class_II_paralog	True	0	0	True	733	
DPB1	classical_II	True	0	0	True	777	
DPB2	class_II_paralog	True	0	0	True	776	
DQA1	classical_II	True	0	0	True	768	
DQA2	class_II_paralog	True	0	0	True	768	
DQB1	classical_II	True	0	0	True	786	
DQB2	class_II_paralog	False	9	8	True	807	807.0
DRA	class_II_accessory	True	0	0	True	765	
DRB1	classical_II	True	0	0	True	801	
DRB3	class_II_paralog	True	0	0	True	801	
E	nonclassical_I	True	0	0	True	1077	
F	nonclassical_I	True	0	0	True	1041	
G	nonclassical_I	True	0	0	True	1017	
H	pseudogene_I	False	14	9	False	1096	1090.0
J	pseudogene_I	True	0	0	True	1095	
K	pseudogene_I	True	0	0	True	1094	
L	pseudogene_I	True	0	0	True	1096	
MICA	mic_tap	True	0	0	True	1158	
MICB	mic_tap	True	0	0	True	1152	
N	pseudogene_I	True	0	0	True	161	
P	pseudogene_I	True	0	0	True	735	
S	pseudogene_I	True	0	0	True	266	
T	pseudogene_I	False	1	1	True	459	459.0
TAP1	mic_tap	True	0	0	True	2247	
TAP2	mic_tap	False	1	1	True	2061	2061.0
U	pseudogene_I	True	0	0	True	195	
V	pseudogene_I	True	0	0	True	538	
W	pseudogene_I	False	1	1	False	937	938.0
A	classical_I	True	0	0	True	1098	
B	classical_I	True	0	0	True	1089	
C	classical_I	True	0	0	True	1101	
DMA	class_II_accessory	True	0	0	True	786	
DMB	class_II_accessory	True	0	0	True	792	
DOA	class_II_accessory	True	0	0	True	753	
DOB	class_II_accessory	True	0	0	True	822	
DPA1	classical_II	True	0	0	True	783	
DPA2	class_II_paralog	True	0	0	True	733	
DPB1	classical_II	True	0	0	True	777	
DPB2	class_II_paralog	True	0	0	True	776	
DQA1	classical_II	True	0	0	True	765	
DQA2	class_II_paralog	True	0	0	True	768	
DQB1	classical_II	True	0	0	True	786	
DQB2	class_II_paralog	True	0	0	True	807	
DRA	class_II_accessory	True	0	0	True	765	
DRB1	classical_II	True	0	0	True	801	
E	nonclassical_I	True	0	0	True	1077	
F	nonclassical_I	True	0	0	True	1041	
G	nonclassical_I	True	0	0	True	1017	
H	pseudogene_I	True	0	0	True	1096	
J	pseudogene_I	True	0	0	True	1095	
K	pseudogene_I	False	1	1	True	1095	1095.0
L	pseudogene_I	True	0	0	True	1094	
MICA	mic_tap	True	0	0	True	1167	
MICB	mic_tap	True	0	0	True	1152	
N	pseudogene_I	True	0	0	True	161	
P	pseudogene_I	True	0	0	True	732	
S	pseudogene_I	True	0	0	True	266	
T	pseudogene_I	True	0	0	True	459	
TAP1	mic_tap	True	0	0	True	2247	
TAP2	mic_tap	True	0	0	True	2061	
U	pseudogene_I	False	2	2	True	196	196.0
V	pseudogene_I	True	0	0	True	517	
W	pseudogene_I	True	0	0	True	936	
A	classical_I	True	0	0	True	1098	
B	classical_I	True	0	0	True	1089	
C	classical_I	True	0	0	True	1101	
DMA	class_II_accessory	True	0	0	True	786	
DMB	class_II_accessory	False	1	1	True	792	792.0
DOA	class_II_accessory	True	0	0	True	753	
DOB	class_II_accessory	True	0	0	True	822	
DPA1	classical_II	True	0	0	True	783	
DPA2	class_II_paralog	True	0	0	True	733	
DPB1	classical_II	True	0	0	True	777	
DPB2	class_II_paralog	True	0	0	True	776	
DQA1	classical_II	True	0	0	True	768	
DQA2	class_II_paralog	True	0	0	True	768	
DQB1	classical_II	True	0	0	True	786	
DQB2	class_II_paralog	True	0	0	True	807	
DRA	class_II_accessory	True	0	0	True	765	
DRB1	classical_II	True	0	0	True	801	
DRB4	class_II_paralog	True	0	0	True	801	
E	nonclassical_I	True	0	0	True	1077	
F	nonclassical_I	True	0	0	True	1041	
G	nonclassical_I	True	0	0	True	1017	
H	pseudogene_I	True	0	0	True	1096	
J	pseudogene_I	True	0	0	True	1095	
K	pseudogene_I	True	0	0	True	1095	
L	pseudogene_I	True	0	0	True	1094	
MICA	mic_tap	True	0	0	True	1167	
MICB	mic_tap	True	0	0	True	1152	
N	pseudogene_I	True	0	0	True	161	
P	pseudogene_I	True	0	0	True	732	
S	pseudogene_I	True	0	0	True	266	
T	pseudogene_I	True	0	0	True	459	
TAP1	mic_tap	True	0	0	True	2247	
TAP2	mic_tap	True	0	0	True	2112	
U	pseudogene_I	True	0	0	True	196	
V	pseudogene_I	True	0	0	True	517	
W	pseudogene_I	True	0	0	True	923	
A	classical_I	True	0	0	True	1098	
B	classical_I	True	0	0	True	1089	
C	classical_I	True	0	0	True	1101	
DMA	class_II_accessory	True	0	0	True	786	
DMB	class_II_accessory	True	0	0	True	792	
DOA	class_II_accessory	True	0	0	True	753	
DOB	class_II_accessory	True	0	0	True	822	
DPA1	classical_II	True	0	0	True	783	
DPA2	class_II_paralog	True	0	0	True	733	
DPB1	classical_II	True	0	0	True	777	
DPB2	class_II_paralog	True	0	0	True	776	
DQA1	classical_II	True	0	0	True	768	
DQA2	class_II_paralog	True	0	0	True	768	
DQB1	classical_II	True	0	0	True	786	
DQB2	class_II_paralog	True	0	0	True	807	
DRA	class_II_accessory	True	0	0	True	765	
DRB1	classical_II	True	0	0	True	801	
E	nonclassical_I	True	0	0	True	1077	
F	nonclassical_I	True	0	0	True	1041	
G	nonclassical_I	True	0	0	True	1017	
H	pseudogene_I	False	20	18	False	1096	1097.0
J	pseudogene_I	True	0	0	True	1095	
K	pseudogene_I	True	0	0	True	1093	
L	pseudogene_I	True	0	0	True	1094	
MICA	mic_tap	True	0	0	True	1152	
MICB	mic_tap	True	0	0	True	1152	
N	pseudogene_I	True	0	0	True	161	
P	pseudogene_I	True	0	0	True	735	
S	pseudogene_I	True	0	0	True	266	
T	pseudogene_I	False	9	9	True	459	459.0
TAP1	mic_tap	False	1	1	False	2247	2246.0
TAP2	mic_tap	True	0	0	True	2061	
U	pseudogene_I	True	0	0	True	196	
V	pseudogene_I	True	0	0	True	538	
W	pseudogene_I	True	0	0	True	923	
A	classical_I	True	0	0	True	1098	
B	classical_I	True	0	0	True	1089	
C	classical_I	True	0	0	True	1101	
DMA	class_II_accessory	True	0	0	True	786	
DMB	class_II_accessory	True	0	0	True	792	
DOA	class_II_accessory	True	0	0	True	753	
DOB	class_II_accessory	True	0	0	True	822	
DPA1	classical_II	True	0	0	True	783	
DPA2	class_II_paralog	True	0	0	True	733	
DPB1	classical_II	True	0	0	True	777	
DPB2	class_II_paralog	True	0	0	True	776	
DQA1	classical_II	True	0	0	True	765	
DQA2	class_II_paralog	True	0	0	True	768	
DQB1	classical_II	True	0	0	True	786	
DQB2	class_II_paralog	True	0	0	True	807	
DRA	class_II_accessory	True	0	0	True	765	
DRB1	classical_II	True	0	0	True	801	
DRB4	class_II_paralog	True	0	0	True	784	
E	nonclassical_I	True	0	0	True	1077	
F	nonclassical_I	True	0	0	True	1041	
G	nonclassical_I	True	0	0	True	1017	
H	pseudogene_I	True	0	0	True	1096	
HFE	other	True	0	0	True	1047	
J	pseudogene_I	True	0	0	True	1095	
K	pseudogene_I	True	0	0	True	1093	
L	pseudogene_I	True	0	0	True	1096	
MICA	mic_tap	True	0	0	True	1166	
MICB	mic_tap	True	0	0	True	1152	
N	pseudogene_I	True	0	0	True	161	
P	pseudogene_I	True	0	0	True	735	
S	pseudogene_I	True	0	0	True	266	
T	pseudogene_I	True	0	0	True	459	
TAP1	mic_tap	True	0	0	True	2247	
TAP2	mic_tap	True	0	0	True	2112	
U	pseudogene_I	True	0	0	True	196	
V	pseudogene_I	True	0	0	True	538	
W	pseudogene_I	True	0	0	True	936	
A	classical_I	True	0	0	True	1098	
B	classical_I	True	0	0	True	1089	
C	classical_I	True	0	0	True	1101	
DMA	class_II_accessory	True	0	0	True	786	
DMB	class_II_accessory	True	0	0	True	792	
DOA	class_II_accessory	True	0	0	True	753	
DOB	class_II_accessory	True	0	0	True	822	
DPA1	classical_II	True	0	0	True	783	
DPA2	class_II_paralog	True	0	0	True	733	
DPB1	classical_II	True	0	0	True	777	
DPB2	class_II_paralog	True	0	0	True	776	
DQA1	classical_II	True	0	0	True	765	
DQA2	class_II_paralog	True	0	0	True	768	
DQB1	classical_II	True	0	0	True	786	
DQB2	class_II_paralog	True	0	0	True	807	
DRA	class_II_accessory	True	0	0	True	765	
DRB1	classical_II	True	0	0	True	801	
DRB4	class_II_paralog	True	0	0	True	801	
E	nonclassical_I	True	0	0	True	1077	
F	nonclassical_I	True	0	0	True	1041	
G	nonclassical_I	False	1	1	False	1017	1016.0
H	pseudogene_I	True	0	0	True	1096	
J	pseudogene_I	True	0	0	True	1095	
K	pseudogene_I	True	0	0	True	1093	
L	pseudogene_I	True	0	0	True	1096	
MICA	mic_tap	False	27	18	False	1166	1158.0
MICB	mic_tap	True	0	0	True	1152	
N	pseudogene_I	True	0	0	True	161	
P	pseudogene_I	True	0	0	True	735	
S	pseudogene_I	True	0	0	True	266	
T	pseudogene_I	True	0	0	True	459	
TAP1	mic_tap	True	0	0	True	2247	
TAP2	mic_tap	True	0	0	True	2112	
U	pseudogene_I	True	0	0	True	196	
V	pseudogene_I	True	0	0	True	538	
W	pseudogene_I	True	0	0	True	923	
A	classical_I	True	0	0	True	1098	
B	classical_I	True	0	0	True	1089	
C	classical_I	True	0	0	True	1101	
DMA	class_II_accessory	True	0	0	True	786	
DMB	class_II_accessory	True	0	0	True	792	
DOA	class_II_accessory	True	0	0	True	753	
DOB	class_II_accessory	True	0	0	True	822	
DPA1	classical_II	True	0	0	True	783	
DPA2	class_II_paralog	True	0	0	True	733	
DPB1	classical_II	True	0	0	True	777	
DPB2	class_II_paralog	True	0	0	True	776	
DQA1	classical_II	True	0	0	True	768	
DQA2	class_II_paralog	True	0	0	True	768	
DQB1	classical_II	True	0	0	True	786	
DQB2	class_II_paralog	True	0	0	True	807	
DRA	class_II_accessory	True	0	0	True	765	
DRB1	classical_II	True	0	0	True	801	
DRB3	class_II_paralog	True	0	0	True	801	
DRB4	class_II_paralog	False	1	1	True	801	801.0
E	nonclassical_I	True	0	0	True	1077	
F	nonclassical_I	True	0	0	True	1041	
G	nonclassical_I	True	0	0	True	1017	
H	pseudogene_I	False	21	18	False	1097	1096.0
J	pseudogene_I	True	0	0	True	1095	
K	pseudogene_I	False	171	52	True	1093	1093.0
L	pseudogene_I	True	0	0	True	1094	
MICA	mic_tap	True	0	0	True	1167	
MICB	mic_tap	True	0	0	True	1152	
N	pseudogene_I	True	0	0	True	161	
P	pseudogene_I	True	0	0	True	735	
S	pseudogene_I	True	0	0	True	266	
T	pseudogene_I	False	9	9	True	459	459.0
TAP1	mic_tap	True	0	0	True	2247	
TAP2	mic_tap	True	0	0	True	2061	
U	pseudogene_I	False	7	6	True	196	196.0
V	pseudogene_I	True	0	0	True	516	
W	pseudogene_I	True	0	0	True	936	
A	classical_I	True	0	0	True	1098	
B	classical_I	True	0	0	True	1089	
C	classical_I	False	4	4	False	1101	1102.0
DMA	class_II_accessory	True	0	0	True	786	
DMB	class_II_accessory	True	0	0	True	792	
DOA	class_II_accessory	False	1	1	True	753	753.0
DOB	class_II_accessory	True	0	0	True	822	
DPA1	classical_II	True	0	0	True	783	
DPA2	class_II_paralog	True	0	0	True	733	
DPB1	classical_II	True	0	0	True	777	
DPB2	class_II_paralog	True	0	0	True	776	
DQA1	classical_II	True	0	0	True	765	
DQA2	class_II_paralog	True	0	0	True	768	
DQB1	classical_II	True	0	0	True	786	
DQB2	class_II_paralog	True	0	0	True	807	
DRA	class_II_accessory	True	0	0	True	765	
DRB1	classical_II	True	0	0	True	801	
DRB3	class_II_paralog	True	0	0	True	801	
DRB4	class_II_paralog	True	0	0	True	801	
E	nonclassical_I	True	0	0	True	1077	
F	nonclassical_I	True	0	0	True	1041	
G	nonclassical_I	True	0	0	True	1017	
J	pseudogene_I	True	0	0	True	1095	
L	pseudogene_I	True	0	0	True	1096	
MICA	mic_tap	True	0	0	True	1155	
MICB	mic_tap	True	0	0	True	1152	
N	pseudogene_I	True	0	0	True	161	
P	pseudogene_I	True	0	0	True	732	
S	pseudogene_I	True	0	0	True	266	
TAP1	mic_tap	True	0	0	True	2247	
TAP2	mic_tap	True	0	0	True	2112	
V	pseudogene_I	True	0	0	True	517	
W	pseudogene_I	True	0	0	True	936	
A	classical_I	False	1	1	False	1097	1098.0
B	classical_I	True	0	0	True	1089	
C	classical_I	True	0	0	True	1101	
DMA	class_II_accessory	True	0	0	True	786	
DMB	class_II_accessory	True	0	0	True	792	
DOA	class_II_accessory	True	0	0	True	753	
DOB	class_II_accessory	True	0	0	True	822	
DPA1	classical_II	True	0	0	True	783	
DPA2	class_II_paralog	True	0	0	True	733	
DPB1	classical_II	False	12	12	False	777	776.0
DPB2	class_II_paralog	True	0	0	True	776	
DQA1	classical_II	False	7	6	True	768	768.0
DQA2	class_II_paralog	True	0	0	True	768	
DQB1	classical_II	True	0	0	True	810	
DQB2	class_II_paralog	True	0	0	True	807	
DRA	class_II_accessory	True	0	0	True	765	
DRB1	classical_II	True	0	0	True	801	
DRB3	class_II_paralog	True	0	0	True	801	
E	nonclassical_I	True	0	0	True	1077	
F	nonclassical_I	True	0	0	True	1041	
G	nonclassical_I	True	0	0	True	1017	
H	pseudogene_I	True	0	0	True	1096	
J	pseudogene_I	True	0	0	True	1081	
K	pseudogene_I	False	152	41	True	1093	1093.0
L	pseudogene_I	False	2	2	False	1096	1094.0
MICA	mic_tap	True	0	0	True	1152	
MICB	mic_tap	False	1	1	False	1151	1152.0
N	pseudogene_I	True	0	0	True	161	
P	pseudogene_I	True	0	0	True	735	
S	pseudogene_I	True	0	0	True	266	
T	pseudogene_I	True	0	0	True	459	
TAP1	mic_tap	True	0	0	True	2247	
TAP2	mic_tap	True	0	0	True	2112	
U	pseudogene_I	False	5	5	True	196	196.0
V	pseudogene_I	True	0	0	True	538	
W	pseudogene_I	True	0	0	True	936	
A	classical_I	True	0	0	True	1098	
B	classical_I	True	0	0	True	1089	
C	classical_I	True	0	0	True	1101	
DMA	class_II_accessory	True	0	0	True	786	
DMB	class_II_accessory	True	0	0	True	792	
DOA	class_II_accessory	True	0	0	True	753	
DOB	class_II_accessory	True	0	0	True	822	
DPA1	classical_II	True	0	0	True	783	
DPA2	class_II_paralog	True	0	0	True	733	
DPB1	classical_II	True	0	0	True	777	
DPB2	class_II_paralog	True	0	0	True	776	
DQA1	classical_II	True	0	0	True	768	
DQA2	class_II_paralog	True	0	0	True	768	
DQB1	classical_II	True	0	0	True	786	
DQB2	class_II_paralog	True	0	0	True	807	
DRA	class_II_accessory	True	0	0	True	765	
DRB1	classical_II	True	0	0	True	801	
DRB3	class_II_paralog	True	0	0	True	801	
E	nonclassical_I	True	0	0	True	1077	
F	nonclassical_I	True	0	0	True	1041	
G	nonclassical_I	True	0	0	True	1017	
H	pseudogene_I	True	0	0	True	1097	
J	pseudogene_I	True	0	0	True	1088	
K	pseudogene_I	True	0	0	True	1093	
L	pseudogene_I	True	0	0	True	1094	
MICA	mic_tap	True	0	0	True	1156	
MICB	mic_tap	True	0	0	True	1152	
N	pseudogene_I	True	0	0	True	161	
P	pseudogene_I	True	0	0	True	735	
S	pseudogene_I	True	0	0	True	266	
T	pseudogene_I	True	0	0	True	459	
TAP1	mic_tap	True	0	0	True	2247	
TAP2	mic_tap	True	0	0	True	2061	
U	pseudogene_I	True	0	0	True	196	
V	pseudogene_I	True	0	0	True	517	
W	pseudogene_I	True	0	0	True	923	
Y	pseudogene_I	True	0	0	True	824	
A	classical_I	True	0	0	True	1098	
B	classical_I	True	0	0	True	1089	
C	classical_I	True	0	0	True	1101	
DMA	class_II_accessory	True	0	0	True	786	
DMB	class_II_accessory	True	0	0	True	792	
DOA	class_II_accessory	True	0	0	True	753	
DOB	class_II_accessory	True	0	0	True	822	
DPA1	classical_II	True	0	0	True	783	
DPA2	class_II_paralog	True	0	0	True	733	
DPB1	classical_II	True	0	0	True	777	
DPB2	class_II_paralog	True	0	0	True	776	
DQA1	classical_II	True	0	0	True	768	
DQA2	class_II_paralog	True	0	0	True	768	
DQB1	classical_II	True	0	0	True	786	
DQB2	class_II_paralog	True	0	0	True	807	
DRA	class_II_accessory	True	0	0	True	765	
DRB1	classical_II	True	0	0	True	801	
DRB5	class_II_paralog	True	0	0	True	801	
E	nonclassical_I	True	0	0	True	1077	
F	nonclassical_I	True	0	0	True	1041	
G	nonclassical_I	True	0	0	True	1017	
H	pseudogene_I	True	0	0	True	1096	
J	pseudogene_I	True	0	0	True	1095	
K	pseudogene_I	False	1	1	False	1093	1094.0
L	pseudogene_I	True	0	0	True	1096	
MICA	mic_tap	True	0	0	True	1156	
MICB	mic_tap	True	0	0	True	1152	
N	pseudogene_I	True	0	0	True	161	
P	pseudogene_I	True	0	0	True	735	
S	pseudogene_I	True	0	0	True	266	
T	pseudogene_I	True	0	0	True	459	
TAP1	mic_tap	True	0	0	True	2247	
TAP2	mic_tap	True	0	0	True	2061	
U	pseudogene_I	True	0	0	True	196	
V	pseudogene_I	True	0	0	True	538	
W	pseudogene_I	True	0	0	True	923	
A	classical_I	True	0	0	True	1098	
B	classical_I	True	0	0	True	1089	
C	classical_I	True	0	0	True	1101	
DMA	class_II_accessory	False	2	2	False	784	786.0
DMB	class_II_accessory	True	0	0	True	792	
DOA	class_II_accessory	True	0	0	True	753	
DOB	class_II_accessory	True	0	0	True	822	
DPA1	classical_II	True	0	0	True	783	
DPA2	class_II_paralog	True	0	0	True	733	
DPB1	classical_II	True	0	0	True	777	
DPB2	class_II_paralog	True	0	0	True	776	
DQA1	classical_II	True	0	0	True	768	
DQA2	class_II_paralog	True	0	0	True	768	
DQB1	classical_II	True	0	0	True	786	
DQB2	class_II_paralog	True	0	0	True	807	
DRA	class_II_accessory	True	0	0	True	765	
DRB1	classical_II	True	0	0	True	801	
DRB3	class_II_paralog	True	0	0	True	801	
E	nonclassical_I	True	0	0	True	1077	
F	nonclassical_I	True	0	0	True	1041	
G	nonclassical_I	True	0	0	True	1017	
H	pseudogene_I	True	0	0	True	1096	
J	pseudogene_I	True	0	0	True	1095	
K	pseudogene_I	True	0	0	True	1093	
L	pseudogene_I	True	0	0	True	1096	
MICA	mic_tap	True	0	0	True	1156	
MICB	mic_tap	True	0	0	True	1152	
N	pseudogene_I	True	0	0	True	161	
P	pseudogene_I	True	0	0	True	735	
S	pseudogene_I	True	0	0	True	266	
T	pseudogene_I	True	0	0	True	459	
TAP1	mic_tap	True	0	0	True	2247	
TAP2	mic_tap	True	0	0	True	2061	
U	pseudogene_I	True	0	0	True	196	
V	pseudogene_I	True	0	0	True	538	
W	pseudogene_I	True	0	0	True	936	
A	classical_I	True	0	0	True	1098	
B	classical_I	True	0	0	True	1089	
C	classical_I	False	1	1	False	1102	1101.0
DMA	class_II_accessory	False	2	2	False	784	786.0
DMB	class_II_accessory	True	0	0	True	792	
DOA	class_II_accessory	True	0	0	True	753	
DOB	class_II_accessory	True	0	0	True	822	
DPA1	classical_II	True	0	0	True	783	
DPA2	class_II_paralog	True	0	0	True	733	
DPB1	classical_II	True	0	0	True	777	
DPB2	class_II_paralog	True	0	0	True	776	
DQA1	classical_II	True	0	0	True	768	
DQA2	class_II_paralog	True	0	0	True	768	
DQB1	classical_II	True	0	0	True	786	
DQB2	class_II_paralog	True	0	0	True	807	
DRA	class_II_accessory	True	0	0	True	765	
DRB1	classical_II	True	0	0	True	801	
DRB3	class_II_paralog	True	0	0	True	801	
E	nonclassical_I	True	0	0	True	1077	
F	nonclassical_I	True	0	0	True	1041	
G	nonclassical_I	True	0	0	True	1017	
H	pseudogene_I	True	0	0	True	1096	
J	pseudogene_I	True	0	0	True	1095	
K	pseudogene_I	True	0	0	True	1093	
L	pseudogene_I	True	0	0	True	1096	
MICA	mic_tap	True	0	0	True	1156	
MICB	mic_tap	True	0	0	True	1152	
N	pseudogene_I	True	0	0	True	161	
P	pseudogene_I	True	0	0	True	732	
S	pseudogene_I	True	0	0	True	266	
T	pseudogene_I	True	0	0	True	459	
TAP1	mic_tap	True	0	0	True	2247	
TAP2	mic_tap	True	0	0	True	2061	
U	pseudogene_I	True	0	0	True	196	
V	pseudogene_I	True	0	0	True	538	
W	pseudogene_I	True	0	0	True	936	
A	classical_I	True	0	0	True	1098	
B	classical_I	True	0	0	True	1089	
C	classical_I	True	0	0	True	1101	
DMA	class_II_accessory	False	3	3	False	785	786.0
DMB	class_II_accessory	True	0	0	True	792	
DOA	class_II_accessory	True	0	0	True	753	
DOB	class_II_accessory	True	0	0	True	822	
DPA1	classical_II	True	0	0	True	783	
DPA2	class_II_paralog	True	0	0	True	733	
DPB1	classical_II	True	0	0	True	777	
DPB2	class_II_paralog	True	0	0	True	776	
DQA1	classical_II	True	0	0	True	768	
DQA2	class_II_paralog	True	0	0	True	768	
DQB1	classical_II	True	0	0	True	786	
DQB2	class_II_paralog	True	0	0	True	807	
DRA	class_II_accessory	True	0	0	True	765	
DRB1	classical_II	True	0	0	True	801	
DRB3	class_II_paralog	False	15	13	True	801	801.0
E	nonclassical_I	True	0	0	True	1077	
F	nonclassical_I	True	0	0	True	1041	
G	nonclassical_I	True	0	0	True	1017	
H	pseudogene_I	True	0	0	True	1096	
J	pseudogene_I	True	0	0	True	1095	
K	pseudogene_I	True	0	0	True	1093	
L	pseudogene_I	True	0	0	True	1096	
MICA	mic_tap	True	0	0	True	1156	
MICB	mic_tap	True	0	0	True	1152	
N	pseudogene_I	True	0	0	True	161	
P	pseudogene_I	True	0	0	True	735	
S	pseudogene_I	True	0	0	True	266	
T	pseudogene_I	True	0	0	True	459	
TAP1	mic_tap	True	0	0	True	2247	
TAP2	mic_tap	True	0	0	True	2061	
U	pseudogene_I	True	0	0	True	196	
V	pseudogene_I	True	0	0	True	517	
W	pseudogene_I	True	0	0	True	936	
A	classical_I	False	1	1	False	1099	1098.0
B	classical_I	True	0	0	True	1089	
C	classical_I	True	0	0	True	1101	
DMA	class_II_accessory	True	0	0	True	786	
DMB	class_II_accessory	True	0	0	True	792	
DOA	class_II_accessory	True	0	0	True	753	
DOB	class_II_accessory	True	0	0	True	822	
DPA1	classical_II	True	0	0	True	783	
DPA2	class_II_paralog	True	0	0	True	733	
DPB1	classical_II	True	0	0	True	777	
DPB2	class_II_paralog	True	0	0	True	776	
DQA1	classical_II	True	0	0	True	765	
DQA2	class_II_paralog	True	0	0	True	768	
DQB1	classical_II	True	0	0	True	786	
DQB2	class_II_paralog	True	0	0	True	807	
DRA	class_II_accessory	True	0	0	True	765	
DRB1	classical_II	True	0	0	True	801	
DRB3	class_II_paralog	False	46	16	True	801	801.0
E	nonclassical_I	True	0	0	True	1077	
F	nonclassical_I	True	0	0	True	1041	
G	nonclassical_I	True	0	0	True	1017	
H	pseudogene_I	True	0	0	True	1097	
J	pseudogene_I	True	0	0	True	1095	
K	pseudogene_I	True	0	0	True	1094	
L	pseudogene_I	True	0	0	True	1094	
MICA	mic_tap	False	1	1	True	1155	1155.0
MICB	mic_tap	True	0	0	True	1152	
N	pseudogene_I	True	0	0	True	161	
P	pseudogene_I	True	0	0	True	735	
S	pseudogene_I	True	0	0	True	266	
T	pseudogene_I	True	0	0	True	459	
TAP1	mic_tap	True	0	0	True	2247	
TAP2	mic_tap	True	0	0	True	2061	
U	pseudogene_I	True	0	0	True	196	
V	pseudogene_I	True	0	0	True	538	
W	pseudogene_I	True	0	0	True	936	
A	classical_I	True	0	0	True	1098	
B	classical_I	True	0	0	True	1089	
C	classical_I	False	1	1	False	1101	1102.0
DMA	class_II_accessory	True	0	0	True	786	
DMB	class_II_accessory	True	0	0	True	792	
DOA	class_II_accessory	True	0	0	True	753	
DOB	class_II_accessory	False	1	1	True	822	822.0
DPA1	classical_II	True	0	0	True	783	
DPA2	class_II_paralog	True	0	0	True	733	
DPB1	classical_II	True	0	0	True	777	
DPB2	class_II_paralog	True	0	0	True	776	
DQA1	classical_II	True	0	0	True	765	
DQA2	class_II_paralog	True	0	0	True	768	
DQB1	classical_II	True	0	0	True	786	
DQB2	class_II_paralog	False	1	1	True	807	807.0
DRA	class_II_accessory	True	0	0	True	765	
DRB1	classical_II	True	0	0	True	801	
DRB3	class_II_paralog	True	0	0	True	801	
E	nonclassical_I	False	2	2	True	1077	1077.0
F	nonclassical_I	True	0	0	True	1041	
G	nonclassical_I	True	0	0	True	1017	
H	pseudogene_I	True	0	0	True	1104	
J	pseudogene_I	True	0	0	True	1095	
K	pseudogene_I	True	0	0	True	1092	
L	pseudogene_I	True	0	0	True	1096	
MICA	mic_tap	True	0	0	True	1156	
MICB	mic_tap	True	0	0	True	1152	
N	pseudogene_I	True	0	0	True	161	
P	pseudogene_I	True	0	0	True	735	
S	pseudogene_I	True	0	0	True	266	
T	pseudogene_I	True	0	0	True	459	
TAP1	mic_tap	True	0	0	True	2247	
TAP2	mic_tap	True	0	0	True	2061	
U	pseudogene_I	True	0	0	True	196	
V	pseudogene_I	True	0	0	True	538	
W	pseudogene_I	True	0	0	True	936	
A	classical_I	True	0	0	True	1098	
B	classical_I	True	0	0	True	1089	
C	classical_I	True	0	0	True	1101	
DMA	class_II_accessory	True	0	0	True	786	
DMB	class_II_accessory	True	0	0	True	792	
DOA	class_II_accessory	True	0	0	True	753	
DOB	class_II_accessory	True	0	0	True	822	
DPA1	classical_II	True	0	0	True	783	
DPA2	class_II_paralog	False	4	4	True	733	733.0
DPB1	classical_II	True	0	0	True	777	
DPB2	class_II_paralog	True	0	0	True	776	
DQA1	classical_II	True	0	0	True	768	
DQA2	class_II_paralog	True	0	0	True	768	
DQB1	classical_II	True	0	0	True	786	
DQB2	class_II_paralog	True	0	0	True	807	
DRA	class_II_accessory	True	0	0	True	765	
DRB1	classical_II	True	0	0	True	801	
DRB4	class_II_paralog	True	0	0	True	801	
E	nonclassical_I	True	0	0	True	1077	
F	nonclassical_I	True	0	0	True	1041	
G	nonclassical_I	True	0	0	True	1017	
H	pseudogene_I	True	0	0	True	1097	
J	pseudogene_I	True	0	0	True	1095	
K	pseudogene_I	True	0	0	True	1094	
L	pseudogene_I	True	0	0	True	1094	
MICA	mic_tap	True	0	0	True	1155	
MICB	mic_tap	True	0	0	True	1152	
N	pseudogene_I	True	0	0	True	161	
P	pseudogene_I	True	0	0	True	735	
S	pseudogene_I	True	0	0	True	266	
T	pseudogene_I	True	0	0	True	459	
TAP1	mic_tap	True	0	0	True	2247	
TAP2	mic_tap	True	0	0	True	2061	
U	pseudogene_I	True	0	0	True	196	
V	pseudogene_I	True	0	0	True	538	
W	pseudogene_I	True	0	0	True	936	
A	classical_I	True	0	0	True	1098	
B	classical_I	True	0	0	True	1089	
C	classical_I	True	0	0	True	1101	
DMA	class_II_accessory	True	0	0	True	786	
DMB	class_II_accessory	True	0	0	True	792	
DOA	class_II_accessory	True	0	0	True	753	
DOB	class_II_accessory	True	0	0	True	822	
DPA1	classical_II	True	0	0	True	783	
DPA2	class_II_paralog	True	0	0	True	733	
DPB1	classical_II	True	0	0	True	777	
DPB2	class_II_paralog	True	0	0	True	776	
DQA1	classical_II	True	0	0	True	768	
DQA2	class_II_paralog	True	0	0	True	768	
DQB1	classical_II	True	0	0	True	786	
DQB2	class_II_paralog	True	0	0	True	807	
DRA	class_II_accessory	True	0	0	True	765	
DRB1	classical_II	True	0	0	True	801	
DRB3	class_II_paralog	True	0	0	True	801	
E	nonclassical_I	True	0	0	True	1077	
F	nonclassical_I	True	0	0	True	1041	
G	nonclassical_I	True	0	0	True	1017	
H	pseudogene_I	False	15	13	True	1096	1096.0
J	pseudogene_I	True	0	0	True	1095	
K	pseudogene_I	False	25	24	False	1092	1093.0
L	pseudogene_I	True	0	0	True	1094	
MICA	mic_tap	True	0	0	True	1155	
MICB	mic_tap	True	0	0	True	1152	
N	pseudogene_I	True	0	0	True	161	
P	pseudogene_I	True	0	0	True	735	
S	pseudogene_I	True	0	0	True	266	
T	pseudogene_I	False	1	1	True	459	459.0
TAP1	mic_tap	True	0	0	True	2247	
TAP2	mic_tap	True	0	0	True	2112	
U	pseudogene_I	False	3	3	True	196	196.0
V	pseudogene_I	True	0	0	True	538	
W	pseudogene_I	True	0	0	True	936	
A	classical_I	True	0	0	True	1098	
B	classical_I	True	0	0	True	1089	
C	classical_I	True	0	0	True	1101	
DMA	class_II_accessory	True	0	0	True	786	
DMB	class_II_accessory	True	0	0	True	792	
DOA	class_II_accessory	True	0	0	True	753	
DOB	class_II_accessory	True	0	0	True	822	
DPA1	classical_II	True	0	0	True	783	
DPA2	class_II_paralog	True	0	0	True	733	
DPB1	classical_II	True	0	0	True	777	
DPB2	class_II_paralog	True	0	0	True	776	
DQA1	classical_II	True	0	0	True	765	
DQA2	class_II_paralog	True	0	0	True	768	
DQB1	classical_II	True	0	0	True	786	
DQB2	class_II_paralog	True	0	0	True	807	
DRA	class_II_accessory	False	2	2	True	765	765.0
DRB1	classical_II	True	0	0	True	801	
DRB4	class_II_paralog	True	0	0	True	801	
E	nonclassical_I	True	0	0	True	1077	
F	nonclassical_I	False	1	1	True	1041	1041.0
G	nonclassical_I	True	0	0	True	1017	
H	pseudogene_I	True	0	0	True	1096	
J	pseudogene_I	True	0	0	True	1088	
K	pseudogene_I	True	0	0	True	1093	
L	pseudogene_I	True	0	0	True	1094	
MICA	mic_tap	True	0	0	True	1158	
MICB	mic_tap	False	3	3	True	1152	1152.0
N	pseudogene_I	True	0	0	True	161	
P	pseudogene_I	True	0	0	True	735	
S	pseudogene_I	True	0	0	True	266	
T	pseudogene_I	True	0	0	True	459	
TAP1	mic_tap	True	0	0	True	2247	
TAP2	mic_tap	False	54	4	False	2112	2061.0
U	pseudogene_I	True	0	0	True	196	
V	pseudogene_I	True	0	0	True	538	
W	pseudogene_I	True	0	0	True	938	
Y	pseudogene_I	True	0	0	True	824	
A	classical_I	True	0	0	True	1098	
B	classical_I	True	0	0	True	1089	
C	classical_I	True	0	0	True	1101	
DMA	class_II_accessory	True	0	0	True	786	
DMB	class_II_accessory	True	0	0	True	792	
DOA	class_II_accessory	True	0	0	True	753	
DOB	class_II_accessory	True	0	0	True	822	
DPA1	classical_II	True	0	0	True	783	
DPA2	class_II_paralog	True	0	0	True	733	
DPB1	classical_II	True	0	0	True	777	
DPB2	class_II_paralog	True	0	0	True	776	
DQA1	classical_II	True	0	0	True	768	
DQA2	class_II_paralog	True	0	0	True	768	
DQB1	classical_II	True	0	0	True	786	
DQB2	class_II_paralog	True	0	0	True	807	
DRA	class_II_accessory	True	0	0	True	765	
DRB1	classical_II	True	0	0	True	801	
E	nonclassical_I	True	0	0	True	1077	
F	nonclassical_I	True	0	0	True	1041	
G	nonclassical_I	True	0	0	True	1017	
H	pseudogene_I	False	1	1	False	1096	1095.0
J	pseudogene_I	True	0	0	True	1095	
K	pseudogene_I	True	0	0	True	1093	
L	pseudogene_I	True	0	0	True	1096	
MICA	mic_tap	True	0	0	True	1156	
MICB	mic_tap	True	0	0	True	1152	
N	pseudogene_I	True	0	0	True	161	
P	pseudogene_I	True	0	0	True	732	
S	pseudogene_I	True	0	0	True	266	
T	pseudogene_I	True	0	0	True	459	
TAP1	mic_tap	True	0	0	True	2247	
TAP2	mic_tap	True	0	0	True	2112	
U	pseudogene_I	True	0	0	True	196	
V	pseudogene_I	True	0	0	True	538	
W	pseudogene_I	True	0	0	True	936	
A	classical_I	True	0	0	True	1098	
B	classical_I	True	0	0	True	1089	
C	classical_I	False	5	5	False	1098	1101.0
DMA	class_II_accessory	True	0	0	True	786	
DMB	class_II_accessory	True	0	0	True	792	
DOA	class_II_accessory	True	0	0	True	753	
DOB	class_II_accessory	True	0	0	True	822	
DPA1	classical_II	True	0	0	True	783	
DPA2	class_II_paralog	False	4	4	True	733	733.0
DPB1	classical_II	False	8	8	False	776	777.0
DPB2	class_II_paralog	True	0	0	True	776	
DQA1	classical_II	True	0	0	True	768	
DQA2	class_II_paralog	True	0	0	True	768	
DQB1	classical_II	True	0	0	True	786	
DQB2	class_II_paralog	True	0	0	True	807	
DRA	class_II_accessory	True	0	0	True	765	
DRB1	classical_II	True	0	0	True	801	
DRB5	class_II_paralog	True	0	0	True	801	
E	nonclassical_I	True	0	0	True	1077	
F	nonclassical_I	True	0	0	True	1041	
G	nonclassical_I	True	0	0	True	1017	
H	pseudogene_I	False	23	16	False	1096	1104.0
J	pseudogene_I	True	0	0	True	1095	
K	pseudogene_I	False	14	12	False	1093	1092.0
L	pseudogene_I	True	0	0	True	1094	
MICA	mic_tap	True	0	0	True	1156	
MICB	mic_tap	False	1	1	False	1151	1152.0
N	pseudogene_I	True	0	0	True	161	
P	pseudogene_I	True	0	0	True	735	
S	pseudogene_I	True	0	0	True	266	
T	pseudogene_I	False	9	9	True	459	459.0
TAP1	mic_tap	True	0	0	True	2247	
TAP2	mic_tap	True	0	0	True	2061	
U	pseudogene_I	False	10	9	True	196	196.0
V	pseudogene_I	True	0	0	True	538	
W	pseudogene_I	True	0	0	True	936	
A	classical_I	True	0	0	True	1098	
B	classical_I	True	0	0	True	1089	
C	classical_I	True	0	0	True	1101	
DMA	class_II_accessory	True	0	0	True	786	
DMB	class_II_accessory	True	0	0	True	792	
DOA	class_II_accessory	True	0	0	True	753	
DOB	class_II_accessory	True	0	0	True	822	
DPA1	classical_II	True	0	0	True	783	
DPA2	class_II_paralog	True	0	0	True	733	
DPB1	classical_II	True	0	0	True	777	
DPB2	class_II_paralog	True	0	0	True	776	
DQA1	classical_II	True	0	0	True	768	
DQA2	class_II_paralog	True	0	0	True	768	
DQB1	classical_II	True	0	0	True	786	
DQB2	class_II_paralog	True	0	0	True	807	
DRA	class_II_accessory	True	0	0	True	765	
DRB1	classical_II	True	0	0	True	801	
DRB3	class_II_paralog	False	15	13	True	801	801.0
DRB5	class_II_paralog	True	0	0	True	801	
E	nonclassical_I	True	0	0	True	1077	
F	nonclassical_I	True	0	0	True	1041	
G	nonclassical_I	True	0	0	True	1017	
H	pseudogene_I	True	0	0	True	1097	
J	pseudogene_I	True	0	0	True	1088	
K	pseudogene_I	True	0	0	True	1093	
L	pseudogene_I	True	0	0	True	1096	
MICA	mic_tap	True	0	0	True	1155	
MICB	mic_tap	True	0	0	True	1152	
N	pseudogene_I	True	0	0	True	161	
P	pseudogene_I	True	0	0	True	735	
S	pseudogene_I	True	0	0	True	266	
T	pseudogene_I	True	0	0	True	459	
TAP1	mic_tap	True	0	0	True	2247	
TAP2	mic_tap	True	0	0	True	2112	
U	pseudogene_I	True	0	0	True	196	
V	pseudogene_I	True	0	0	True	516	
W	pseudogene_I	True	0	0	True	923	
Y	pseudogene_I	True	0	0	True	824	
A	classical_I	True	0	0	True	1098	
B	classical_I	False	1	1	False	1092	1091.0
C	classical_I	True	0	0	True	1101	
DMA	class_II_accessory	True	0	0	True	786	
DMB	class_II_accessory	True	0	0	True	792	
DOA	class_II_accessory	True	0	0	True	753	
DOB	class_II_accessory	True	0	0	True	822	
DPA1	classical_II	True	0	0	True	783	
DPA2	class_II_paralog	True	0	0	True	733	
DPB1	classical_II	True	0	0	True	777	
DPB2	class_II_paralog	True	0	0	True	776	
DQA1	classical_II	True	0	0	True	768	
DQA2	class_II_paralog	True	0	0	True	768	
DQB1	classical_II	True	0	0	True	786	
DQB2	class_II_paralog	True	0	0	True	807	
DRA	class_II_accessory	True	0	0	True	765	
DRB1	classical_II	True	0	0	True	801	
DRB4	class_II_paralog	True	0	0	True	801	
E	nonclassical_I	True	0	0	True	1077	
F	nonclassical_I	True	0	0	True	1041	
G	nonclassical_I	True	0	0	True	1017	
H	pseudogene_I	True	0	0	True	1096	
J	pseudogene_I	True	0	0	True	1095	
K	pseudogene_I	True	0	0	True	1093	
L	pseudogene_I	True	0	0	True	1094	
MICA	mic_tap	True	0	0	True	1152	
MICB	mic_tap	True	0	0	True	1152	
N	pseudogene_I	True	0	0	True	161	
P	pseudogene_I	True	0	0	True	735	
S	pseudogene_I	True	0	0	True	266	
T	pseudogene_I	True	0	0	True	459	
TAP1	mic_tap	True	0	0	True	2247	
TAP2	mic_tap	True	0	0	True	2061	
U	pseudogene_I	True	0	0	True	196	
V	pseudogene_I	True	0	0	True	538	
W	pseudogene_I	True	0	0	True	923	
A	classical_I	True	0	0	True	1098	
B	classical_I	True	0	0	True	1089	
C	classical_I	True	0	0	True	1101	
DMA	class_II_accessory	True	0	0	True	786	
DMB	class_II_accessory	True	0	0	True	792	
DOA	class_II_accessory	True	0	0	True	753	
DOB	class_II_accessory	True	0	0	True	822	
DPA1	classical_II	True	0	0	True	783	
DPA2	class_II_paralog	True	0	0	True	733	
DPB1	classical_II	True	0	0	True	777	
DPB2	class_II_paralog	True	0	0	True	776	
DQA1	classical_II	True	0	0	True	765	
DQA2	class_II_paralog	True	0	0	True	768	
DQB1	classical_II	True	0	0	True	786	
DQB2	class_II_paralog	True	0	0	True	807	
DRA	class_II_accessory	True	0	0	True	765	
DRB1	classical_II	True	0	0	True	801	
E	nonclassical_I	True	0	0	True	1077	
F	nonclassical_I	True	0	0	True	1041	
G	nonclassical_I	True	0	0	True	1017	
H	pseudogene_I	True	0	0	True	1096	
J	pseudogene_I	True	0	0	True	1095	
K	pseudogene_I	True	0	0	True	1095	
L	pseudogene_I	True	0	0	True	1094	
MICA	mic_tap	True	0	0	True	1167	
MICB	mic_tap	True	0	0	True	1152	
N	pseudogene_I	True	0	0	True	161	
P	pseudogene_I	True	0	0	True	732	
S	pseudogene_I	True	0	0	True	266	
T	pseudogene_I	True	0	0	True	459	
TAP1	mic_tap	True	0	0	True	2247	
TAP2	mic_tap	True	0	0	True	2061	
U	pseudogene_I	True	0	0	True	196	
V	pseudogene_I	True	0	0	True	538	
W	pseudogene_I	True	0	0	True	938	
A	classical_I	True	0	0	True	1098	
B	classical_I	True	0	0	True	1089	
C	classical_I	True	0	0	True	1101	
DMA	class_II_accessory	True	0	0	True	786	
DMB	class_II_accessory	True	0	0	True	792	
DOA	class_II_accessory	False	2	2	False	753	751.0
DOB	class_II_accessory	True	0	0	True	822	
DPA1	classical_II	True	0	0	True	783	
DPA2	class_II_paralog	True	0	0	True	733	
DPB1	classical_II	True	0	0	True	777	
DPB2	class_II_paralog	True	0	0	True	776	
DQA2	class_II_paralog	True	0	0	True	768	
DQB1	classical_II	True	0	0	True	786	
DQB2	class_II_paralog	True	0	0	True	807	
DRA	class_II_accessory	True	0	0	True	765	
DRB1	classical_II	True	0	0	True	801	
DRB3	class_II_paralog	False	15	13	True	801	801.0
E	nonclassical_I	True	0	0	True	1077	
F	nonclassical_I	True	0	0	True	1041	
G	nonclassical_I	True	0	0	True	1017	
H	pseudogene_I	True	0	0	True	1096	
J	pseudogene_I	True	0	0	True	1081	
K	pseudogene_I	True	0	0	True	1093	
L	pseudogene_I	True	0	0	True	1096	
MICA	mic_tap	True	0	0	True	1155	
MICB	mic_tap	True	0	0	True	1152	
N	pseudogene_I	True	0	0	True	161	
P	pseudogene_I	True	0	0	True	732	
S	pseudogene_I	True	0	0	True	266	
T	pseudogene_I	True	0	0	True	459	
TAP1	mic_tap	True	0	0	True	2247	
TAP2	mic_tap	True	0	0	True	2061	
U	pseudogene_I	True	0	0	True	196	
V	pseudogene_I	True	0	0	True	538	
W	pseudogene_I	True	0	0	True	936	
A	classical_I	True	0	0	True	1098	
B	classical_I	False	32	25	True	1089	1089.0
C	classical_I	True	0	0	True	1119	
DMA	class_II_accessory	True	0	0	True	786	
DMB	class_II_accessory	True	0	0	True	792	
DOA	class_II_accessory	True	0	0	True	753	
DOB	class_II_accessory	True	0	0	True	822	
DPA1	classical_II	True	0	0	True	783	
DPA2	class_II_paralog	True	0	0	True	733	
DPB1	classical_II	False	1	1	True	777	777.0
DPB2	class_II_paralog	True	0	0	True	776	
DQA1	classical_II	True	0	0	True	765	
DQA2	class_II_paralog	True	0	0	True	768	
DQB1	classical_II	True	0	0	True	786	
DQB2	class_II_paralog	True	0	0	True	807	
DRA	class_II_accessory	True	0	0	True	765	
DRB1	classical_II	True	0	0	True	801	
DRB3	class_II_paralog	True	0	0	True	801	
E	nonclassical_I	True	0	0	True	1077	
F	nonclassical_I	True	0	0	True	1041	
G	nonclassical_I	True	0	0	True	1017	
H	pseudogene_I	True	0	0	True	1096	
J	pseudogene_I	True	0	0	True	1095	
K	pseudogene_I	True	0	0	True	1092	
L	pseudogene_I	True	0	0	True	1096	
MICA	mic_tap	True	0	0	True	1158	
MICB	mic_tap	True	0	0	True	1152	
N	pseudogene_I	True	0	0	True	161	
P	pseudogene_I	True	0	0	True	732	
S	pseudogene_I	True	0	0	True	266	
T	pseudogene_I	True	0	0	True	459	
TAP1	mic_tap	True	0	0	True	2247	
TAP2	mic_tap	True	0	0	True	2061	
U	pseudogene_I	True	0	0	True	196	
V	pseudogene_I	True	0	0	True	538	
W	pseudogene_I	True	0	0	True	923	
Y	pseudogene_I	True	0	0	True	824	
A	classical_I	True	0	0	True	1098	
B	classical_I	True	0	0	True	1089	
C	classical_I	True	0	0	True	1101	
DMA	class_II_accessory	True	0	0	True	786	
DMB	class_II_accessory	True	0	0	True	792	
DOA	class_II_accessory	True	0	0	True	753	
DOB	class_II_accessory	True	0	0	True	822	
DPA1	classical_II	True	0	0	True	783	
DPA2	class_II_paralog	True	0	0	True	733	
DPB1	classical_II	True	0	0	True	777	
DPB2	class_II_paralog	True	0	0	True	776	
DQA1	classical_II	True	0	0	True	768	
DQA2	class_II_paralog	True	0	0	True	768	
DQB1	classical_II	True	0	0	True	786	
DQB2	class_II_paralog	True	0	0	True	807	
DRA	class_II_accessory	True	0	0	True	765	
DRB1	classical_II	True	0	0	True	801	
E	nonclassical_I	True	0	0	True	1077	
F	nonclassical_I	True	0	0	True	1041	
G	nonclassical_I	False	5	5	False	1016	1017.0
H	pseudogene_I	True	0	0	True	1096	
J	pseudogene_I	False	1	1	False	1089	1088.0
K	pseudogene_I	True	0	0	True	1092	
L	pseudogene_I	True	0	0	True	1096	
MICA	mic_tap	True	0	0	True	1167	
MICB	mic_tap	True	0	0	True	1152	
N	pseudogene_I	True	0	0	True	161	
P	pseudogene_I	True	0	0	True	732	
S	pseudogene_I	True	0	0	True	266	
T	pseudogene_I	True	0	0	True	459	
TAP1	mic_tap	True	0	0	True	2247	
TAP2	mic_tap	True	0	0	True	2061	
U	pseudogene_I	True	0	0	True	196	
V	pseudogene_I	True	0	0	True	517	
W	pseudogene_I	True	0	0	True	923	
Y	pseudogene_I	True	0	0	True	824	
A	classical_I	True	0	0	True	1098	
B	classical_I	True	0	0	True	1089	
C	classical_I	True	0	0	True	1101	
DMA	class_II_accessory	True	0	0	True	786	
DMB	class_II_accessory	True	0	0	True	792	
DOA	class_II_accessory	True	0	0	True	753	
DOB	class_II_accessory	True	0	0	True	822	
DPA1	classical_II	True	0	0	True	783	
DPA2	class_II_paralog	True	0	0	True	733	
DPB1	classical_II	True	0	0	True	777	
DPB2	class_II_paralog	True	0	0	True	776	
DQA1	classical_II	True	0	0	True	768	
DQA2	class_II_paralog	True	0	0	True	768	
DQB1	classical_II	True	0	0	True	786	
DQB2	class_II_paralog	True	0	0	True	807	
DRA	class_II_accessory	True	0	0	True	765	
DRB1	classical_II	True	0	0	True	801	
DRB5	class_II_paralog	True	0	0	True	801	
E	nonclassical_I	True	0	0	True	1077	
F	nonclassical_I	True	0	0	True	1041	
G	nonclassical_I	True	0	0	True	1017	
H	pseudogene_I	True	0	0	True	1096	
J	pseudogene_I	True	0	0	True	1095	
K	pseudogene_I	True	0	0	True	1093	
L	pseudogene_I	True	0	0	True	1096	
MICA	mic_tap	True	0	0	True	1167	
MICB	mic_tap	True	0	0	True	1152	
N	pseudogene_I	True	0	0	True	161	
P	pseudogene_I	True	0	0	True	732	
S	pseudogene_I	True	0	0	True	266	
T	pseudogene_I	True	0	0	True	459	
TAP1	mic_tap	True	0	0	True	2247	
TAP2	mic_tap	True	0	0	True	2061	
U	pseudogene_I	True	0	0	True	196	
V	pseudogene_I	True	0	0	True	517	
W	pseudogene_I	True	0	0	True	936	
Y	pseudogene_I	True	0	0	True	824	
A	classical_I	True	0	0	True	1098	
B	classical_I	True	0	0	True	1089	
C	classical_I	True	0	0	True	1101	
DMA	class_II_accessory	True	0	0	True	786	
DMB	class_II_accessory	True	0	0	True	792	
DOA	class_II_accessory	True	0	0	True	753	
DOB	class_II_accessory	True	0	0	True	822	
DPA1	classical_II	True	0	0	True	783	
DPA2	class_II_paralog	True	0	0	True	733	
DPB1	classical_II	True	0	0	True	777	
DPB2	class_II_paralog	True	0	0	True	776	
DQA1	classical_II	True	0	0	True	768	
DQA2	class_II_paralog	True	0	0	True	768	
DQB1	classical_II	True	0	0	True	786	
DQB2	class_II_paralog	True	0	0	True	807	
DRA	class_II_accessory	True	0	0	True	765	
DRB1	classical_II	False	29	23	True	801	801.0
DRB5	class_II_paralog	True	0	0	True	801	
E	nonclassical_I	True	0	0	True	1077	
F	nonclassical_I	True	0	0	True	1041	
G	nonclassical_I	True	0	0	True	1017	
H	pseudogene_I	True	0	0	True	1096	
J	pseudogene_I	True	0	0	True	1095	
K	pseudogene_I	True	0	0	True	1093	
L	pseudogene_I	True	0	0	True	1096	
MICA	mic_tap	True	0	0	True	1156	
MICB	mic_tap	True	0	0	True	1152	
N	pseudogene_I	True	0	0	True	161	
P	pseudogene_I	True	0	0	True	732	
S	pseudogene_I	True	0	0	True	266	
T	pseudogene_I	True	0	0	True	459	
TAP1	mic_tap	True	0	0	True	2247	
TAP2	mic_tap	True	0	0	True	2061	
U	pseudogene_I	True	0	0	True	196	
V	pseudogene_I	True	0	0	True	517	
W	pseudogene_I	True	0	0	True	936	
Y	pseudogene_I	False	1	1	False	824	823.0
A	classical_I	True	0	0	True	1098	
B	classical_I	True	0	0	True	1089	
C	classical_I	True	0	0	True	1101	
DMA	class_II_accessory	True	0	0	True	786	
DMB	class_II_accessory	True	0	0	True	792	
DOA	class_II_accessory	True	0	0	True	753	
DOB	class_II_accessory	True	0	0	True	822	
DPA1	classical_II	True	0	0	True	783	
DPA2	class_II_paralog	True	0	0	True	733	
DPB1	classical_II	True	0	0	True	777	
DPB2	class_II_paralog	True	0	0	True	776	
DQA1	classical_II	True	0	0	True	768	
DQA2	class_II_paralog	True	0	0	True	768	
DQB1	classical_II	True	0	0	True	786	
DQB2	class_II_paralog	True	0	0	True	807	
DRA	class_II_accessory	True	0	0	True	765	
DRB1	classical_II	True	0	0	True	801	
DRB3	class_II_paralog	False	17	15	True	801	801.0
E	nonclassical_I	True	0	0	True	1077	
F	nonclassical_I	True	0	0	True	1041	
G	nonclassical_I	True	0	0	True	1017	
H	pseudogene_I	True	0	0	True	1096	
J	pseudogene_I	True	0	0	True	1095	
K	pseudogene_I	True	0	0	True	1093	
L	pseudogene_I	True	0	0	True	1096	
MICA	mic_tap	True	0	0	True	1152	
MICB	mic_tap	True	0	0	True	1152	
N	pseudogene_I	True	0	0	True	161	
P	pseudogene_I	True	0	0	True	735	
S	pseudogene_I	True	0	0	True	266	
T	pseudogene_I	True	0	0	True	459	
TAP1	mic_tap	True	0	0	True	2247	
TAP2	mic_tap	True	0	0	True	2061	
U	pseudogene_I	True	0	0	True	196	
V	pseudogene_I	True	0	0	True	516	
W	pseudogene_I	True	0	0	True	923	
A	classical_I	True	0	0	True	1098	
B	classical_I	True	0	0	True	1089	
C	classical_I	True	0	0	True	1101	
DMA	class_II_accessory	True	0	0	True	786	
DMB	class_II_accessory	True	0	0	True	792	
DOA	class_II_accessory	True	0	0	True	753	
DOB	class_II_accessory	True	0	0	True	822	
DPA1	classical_II	True	0	0	True	783	
DPA2	class_II_paralog	True	0	0	True	733	
DPB1	classical_II	True	0	0	True	777	
DPB2	class_II_paralog	True	0	0	True	776	
DQA1	classical_II	True	0	0	True	768	
DQA2	class_II_paralog	True	0	0	True	768	
DQB1	classical_II	True	0	0	True	786	
DQB2	class_II_paralog	True	0	0	True	807	
DRA	class_II_accessory	True	0	0	True	765	
DRB1	classical_II	True	0	0	True	801	
DRB3	class_II_paralog	True	0	0	True	801	
E	nonclassical_I	True	0	0	True	1077	
F	nonclassical_I	True	0	0	True	1041	
G	nonclassical_I	True	0	0	True	1017	
H	pseudogene_I	True	0	0	True	1105	
J	pseudogene_I	True	0	0	True	1095	
K	pseudogene_I	True	0	0	True	1093	
L	pseudogene_I	True	0	0	True	1096	
MICA	mic_tap	True	0	0	True	1167	
MICB	mic_tap	True	0	0	True	1152	
N	pseudogene_I	True	0	0	True	161	
P	pseudogene_I	True	0	0	True	735	
S	pseudogene_I	True	0	0	True	266	
T	pseudogene_I	True	0	0	True	459	
TAP1	mic_tap	True	0	0	True	2247	
TAP2	mic_tap	True	0	0	True	2112	
U	pseudogene_I	True	0	0	True	196	
V	pseudogene_I	True	0	0	True	516	
W	pseudogene_I	True	0	0	True	936	
A	classical_I	True	0	0	True	1098	
B	classical_I	True	0	0	True	1089	
C	classical_I	True	0	0	True	1101	
DMA	class_II_accessory	True	0	0	True	786	
DMB	class_II_accessory	True	0	0	True	792	
DOA	class_II_accessory	True	0	0	True	753	
DOB	class_II_accessory	True	0	0	True	822	
DPA1	classical_II	True	0	0	True	783	
DPA2	class_II_paralog	True	0	0	True	733	
DPB1	classical_II	True	0	0	True	777	
DPB2	class_II_paralog	True	0	0	True	776	
DQA1	classical_II	True	0	0	True	768	
DQA2	class_II_paralog	True	0	0	True	768	
DQB1	classical_II	True	0	0	True	786	
DQB2	class_II_paralog	True	0	0	True	807	
DRA	class_II_accessory	True	0	0	True	765	
DRB1	classical_II	True	0	0	True	801	
DRB4	class_II_paralog	True	0	0	True	801	
DRB5	class_II_paralog	True	0	0	True	801	
E	nonclassical_I	True	0	0	True	1077	
F	nonclassical_I	True	0	0	True	1041	
G	nonclassical_I	False	1	1	False	1017	1016.0
H	pseudogene_I	True	0	0	True	1096	
J	pseudogene_I	True	0	0	True	1081	
K	pseudogene_I	True	0	0	True	1093	
L	pseudogene_I	True	0	0	True	1096	
MICA	mic_tap	True	0	0	True	1152	
MICB	mic_tap	True	0	0	True	1152	
N	pseudogene_I	True	0	0	True	161	
P	pseudogene_I	True	0	0	True	732	
S	pseudogene_I	True	0	0	True	266	
T	pseudogene_I	True	0	0	True	459	
TAP1	mic_tap	True	0	0	True	2247	
TAP2	mic_tap	True	0	0	True	2112	
U	pseudogene_I	True	0	0	True	196	
V	pseudogene_I	True	0	0	True	517	
W	pseudogene_I	True	0	0	True	936	
A	classical_I	True	0	0	True	1098	
B	classical_I	True	0	0	True	1089	
C	classical_I	True	0	0	True	1101	
DMA	class_II_accessory	True	0	0	True	786	
DMB	class_II_accessory	True	0	0	True	792	
DOA	class_II_accessory	True	0	0	True	753	
DOB	class_II_accessory	True	0	0	True	822	
DPA1	classical_II	True	0	0	True	783	
DPA2	class_II_paralog	True	0	0	True	733	
DPB1	classical_II	True	0	0	True	777	
DPB2	class_II_paralog	True	0	0	True	776	
DQA1	classical_II	True	0	0	True	765	
DQA2	class_II_paralog	True	0	0	True	768	
DQB1	classical_II	True	0	0	True	786	
DQB2	class_II_paralog	True	0	0	True	807	
DRA	class_II_accessory	True	0	0	True	765	
DRB1	classical_II	True	0	0	True	801	
DRB3	class_II_paralog	True	0	0	True	801	
E	nonclassical_I	True	0	0	True	1077	
F	nonclassical_I	True	0	0	True	1041	
G	nonclassical_I	True	0	0	True	1017	
H	pseudogene_I	True	0	0	True	1096	
J	pseudogene_I	True	0	0	True	1096	
K	pseudogene_I	True	0	0	True	1093	
L	pseudogene_I	True	0	0	True	1096	
MICA	mic_tap	False	25	16	False	1158	1167.0
MICB	mic_tap	True	0	0	True	1152	
N	pseudogene_I	True	0	0	True	161	
P	pseudogene_I	True	0	0	True	735	
S	pseudogene_I	True	0	0	True	266	
T	pseudogene_I	True	0	0	True	459	
TAP1	mic_tap	True	0	0	True	2247	
TAP2	mic_tap	True	0	0	True	2061	
U	pseudogene_I	True	0	0	True	196	
V	pseudogene_I	True	0	0	True	516	
W	pseudogene_I	True	0	0	True	936	
A	classical_I	True	0	0	True	1098	
B	classical_I	True	0	0	True	1089	
C	classical_I	True	0	0	True	1101	
DMA	class_II_accessory	True	0	0	True	786	
DMB	class_II_accessory	True	0	0	True	792	
DOA	class_II_accessory	True	0	0	True	753	
DOB	class_II_accessory	True	0	0	True	822	
DPA1	classical_II	True	0	0	True	783	
DPA2	class_II_paralog	True	0	0	True	733	
DPB1	classical_II	True	0	0	True	777	
DPB2	class_II_paralog	True	0	0	True	776	
DQA1	classical_II	True	0	0	True	765	
DQA2	class_II_paralog	True	0	0	True	768	
DQB1	classical_II	True	0	0	True	786	
DQB2	class_II_paralog	True	0	0	True	807	
DRA	class_II_accessory	True	0	0	True	765	
DRB1	classical_II	True	0	0	True	801	
DRB3	class_II_paralog	True	0	0	True	801	
E	nonclassical_I	True	0	0	True	1077	
F	nonclassical_I	True	0	0	True	1041	
G	nonclassical_I	True	0	0	True	1017	
H	pseudogene_I	True	0	0	True	1096	
J	pseudogene_I	True	0	0	True	1095	
K	pseudogene_I	True	0	0	True	1093	
L	pseudogene_I	True	0	0	True	1096	
MICA	mic_tap	False	16	10	False	1152	1158.0
MICB	mic_tap	True	0	0	True	1152	
N	pseudogene_I	True	0	0	True	161	
P	pseudogene_I	True	0	0	True	735	
S	pseudogene_I	True	0	0	True	266	
T	pseudogene_I	True	0	0	True	459	
TAP1	mic_tap	True	0	0	True	2247	
TAP2	mic_tap	False	1	1	True	2061	2061.0
U	pseudogene_I	True	0	0	True	196	
V	pseudogene_I	True	0	0	True	538	
W	pseudogene_I	True	0	0	True	938	
A	classical_I	True	0	0	True	1098	
B	classical_I	True	0	0	True	1089	
C	classical_I	False	8	7	True	1101	1101.0
DMA	class_II_accessory	True	0	0	True	786	
DMB	class_II_accessory	True	0	0	True	792	
DOA	class_II_accessory	True	0	0	True	753	
DOB	class_II_accessory	True	0	0	True	822	
DPA1	classical_II	True	0	0	True	783	
DPA2	class_II_paralog	True	0	0	True	733	
DPB1	classical_II	False	5	5	False	774	777.0
DPB2	class_II_paralog	False	1	1	False	775	776.0
DQA1	classical_II	True	0	0	True	768	
DQA2	class_II_paralog	True	0	0	True	768	
DQB1	classical_II	True	0	0	True	786	
DQB2	class_II_paralog	True	0	0	True	807	
DRA	class_II_accessory	True	0	0	True	765	
DRB1	classical_II	True	0	0	True	801	
DRB5	class_II_paralog	True	0	0	True	801	
E	nonclassical_I	True	0	0	True	1077	
F	nonclassical_I	True	0	0	True	1041	
G	nonclassical_I	True	0	0	True	1017	
H	pseudogene_I	True	0	0	True	1097	
J	pseudogene_I	True	0	0	True	1095	
K	pseudogene_I	False	7	7	False	1097	1093.0
L	pseudogene_I	True	0	0	True	1094	
MICA	mic_tap	True	0	0	True	1152	
MICB	mic_tap	False	1	1	True	1152	1152.0
N	pseudogene_I	True	0	0	True	161	
P	pseudogene_I	True	0	0	True	735	
S	pseudogene_I	True	0	0	True	266	
T	pseudogene_I	True	0	0	True	459	
TAP1	mic_tap	False	1	1	False	2247	2246.0
TAP2	mic_tap	True	0	0	True	2061	
U	pseudogene_I	True	0	0	True	196	
V	pseudogene_I	True	0	0	True	538	
W	pseudogene_I	True	0	0	True	938	
A	classical_I	True	0	0	True	1098	
B	classical_I	True	0	0	True	1089	
C	classical_I	True	0	0	True	1101	
DMA	class_II_accessory	True	0	0	True	786	
DMB	class_II_accessory	True	0	0	True	792	
DOA	class_II_accessory	True	0	0	True	753	
DOB	class_II_accessory	True	0	0	True	822	
DPA1	classical_II	True	0	0	True	783	
DPA2	class_II_paralog	True	0	0	True	733	
DPB1	classical_II	True	0	0	True	777	
DPB2	class_II_paralog	True	0	0	True	776	
DQA1	classical_II	True	0	0	True	765	
DQA2	class_II_paralog	True	0	0	True	768	
DQB1	classical_II	True	0	0	True	786	
DQB2	class_II_paralog	True	0	0	True	807	
DRA	class_II_accessory	True	0	0	True	765	
DRB1	classical_II	True	0	0	True	801	
DRB3	class_II_paralog	True	0	0	True	801	
E	nonclassical_I	True	0	0	True	1077	
F	nonclassical_I	True	0	0	True	1041	
G	nonclassical_I	True	0	0	True	1017	
H	pseudogene_I	True	0	0	True	1096	
J	pseudogene_I	True	0	0	True	1088	
K	pseudogene_I	True	0	0	True	1093	
L	pseudogene_I	True	0	0	True	1094	
MICA	mic_tap	True	0	0	True	1155	
MICB	mic_tap	True	0	0	True	1152	
N	pseudogene_I	True	0	0	True	161	
P	pseudogene_I	True	0	0	True	735	
S	pseudogene_I	True	0	0	True	266	
T	pseudogene_I	True	0	0	True	459	
TAP1	mic_tap	True	0	0	True	2247	
TAP2	mic_tap	True	0	0	True	2061	
U	pseudogene_I	True	0	0	True	196	
V	pseudogene_I	True	0	0	True	538	
W	pseudogene_I	True	0	0	True	936	
Y	pseudogene_I	True	0	0	True	824	
A	classical_I	True	0	0	True	1098	
B	classical_I	True	0	0	True	1089	
C	classical_I	True	0	0	True	1101	
DMA	class_II_accessory	True	0	0	True	786	
DMB	class_II_accessory	True	0	0	True	792	
DOA	class_II_accessory	True	0	0	True	753	
DOB	class_II_accessory	True	0	0	True	822	
DPA1	classical_II	True	0	0	True	783	
DPA2	class_II_paralog	True	0	0	True	733	
DPB1	classical_II	True	0	0	True	777	
DPB2	class_II_paralog	True	0	0	True	776	
DQA1	classical_II	True	0	0	True	765	
DQA2	class_II_paralog	True	0	0	True	768	
DQB1	classical_II	True	0	0	True	786	
DQB2	class_II_paralog	True	0	0	True	807	
DRA	class_II_accessory	True	0	0	True	765	
DRB1	classical_II	True	0	0	True	801	
E	nonclassical_I	True	0	0	True	1077	
F	nonclassical_I	True	0	0	True	1041	
G	nonclassical_I	True	0	0	True	1017	
H	pseudogene_I	True	0	0	True	1090	
HFE	other	False	1	1	True	1047	1047.0
J	pseudogene_I	True	0	0	True	1095	
K	pseudogene_I	True	0	0	True	1094	
L	pseudogene_I	True	0	0	True	1094	
MICA	mic_tap	True	0	0	True	1152	
MICB	mic_tap	True	0	0	True	1152	
N	pseudogene_I	True	0	0	True	161	
P	pseudogene_I	True	0	0	True	735	
S	pseudogene_I	True	0	0	True	266	
T	pseudogene_I	True	0	0	True	459	
TAP1	mic_tap	True	0	0	True	2247	
TAP2	mic_tap	True	0	0	True	2061	
U	pseudogene_I	True	0	0	True	195	
V	pseudogene_I	True	0	0	True	538	
W	pseudogene_I	True	0	0	True	938	
A	classical_I	True	0	0	True	1098	
B	classical_I	True	0	0	True	1089	
C	classical_I	True	0	0	True	1101	
DMA	class_II_accessory	True	0	0	True	786	
DMB	class_II_accessory	True	0	0	True	792	
DOA	class_II_accessory	True	0	0	True	753	
DOB	class_II_accessory	True	0	0	True	822	
DPA1	classical_II	True	0	0	True	783	
DPA2	class_II_paralog	True	0	0	True	733	
DPB1	classical_II	True	0	0	True	777	
DPB2	class_II_paralog	True	0	0	True	776	
DQA1	classical_II	False	3	3	False	762	765.0
DQA2	class_II_paralog	True	0	0	True	768	
DQB1	classical_II	True	0	0	True	786	
DQB2	class_II_paralog	True	0	0	True	807	
DRA	class_II_accessory	True	0	0	True	765	
DRB1	classical_II	True	0	0	True	801	
DRB3	class_II_paralog	True	0	0	True	801	
E	nonclassical_I	True	0	0	True	1077	
G	nonclassical_I	True	0	0	True	1017	
H	pseudogene_I	False	12	7	False	1104	1097.0
J	pseudogene_I	True	0	0	True	1095	
K	pseudogene_I	True	0	0	True	1092	
L	pseudogene_I	True	0	0	True	1096	
MICA	mic_tap	False	28	16	False	1155	1167.0
MICB	mic_tap	False	2	2	True	1152	1152.0
N	pseudogene_I	True	0	0	True	161	
P	pseudogene_I	True	0	0	True	735	
S	pseudogene_I	True	0	0	True	266	
T	pseudogene_I	False	8	8	True	459	459.0
TAP1	mic_tap	True	0	0	True	2247	
TAP2	mic_tap	True	0	0	True	2061	
U	pseudogene_I	True	0	0	True	196	
V	pseudogene_I	True	0	0	True	538	
W	pseudogene_I	True	0	0	True	936	
A	classical_I	True	0	0	True	1098	
B	classical_I	True	0	0	True	1089	
C	classical_I	False	1	1	False	1101	1100.0
DMA	class_II_accessory	True	0	0	True	786	
DMB	class_II_accessory	True	0	0	True	792	
DOA	class_II_accessory	False	1	1	True	753	753.0
DOB	class_II_accessory	True	0	0	True	822	
DPA1	classical_II	True	0	0	True	783	
DPA2	class_II_paralog	True	0	0	True	733	
DPB1	classical_II	True	0	0	True	777	
DPB2	class_II_paralog	False	1	1	False	776	775.0
DQA1	classical_II	True	0	0	True	768	
DQA2	class_II_paralog	True	0	0	True	768	
DQB1	classical_II	True	0	0	True	786	
DQB2	class_II_paralog	True	0	0	True	807	
DRA	class_II_accessory	False	1	1	False	764	765.0
DRB1	classical_II	True	0	0	True	801	
DRB3	class_II_paralog	True	0	0	True	801	
E	nonclassical_I	True	0	0	True	1077	
F	nonclassical_I	True	0	0	True	1041	
G	nonclassical_I	True	0	0	True	1017	
H	pseudogene_I	True	0	0	True	1096	
J	pseudogene_I	True	0	0	True	1095	
K	pseudogene_I	True	0	0	True	1093	
L	pseudogene_I	True	0	0	True	1094	
MICA	mic_tap	False	2	2	False	1166	1167.0
MICB	mic_tap	False	6	6	False	1152	1150.0
N	pseudogene_I	True	0	0	True	161	
P	pseudogene_I	True	0	0	True	735	
S	pseudogene_I	True	0	0	True	266	
T	pseudogene_I	True	0	0	True	459	
TAP1	mic_tap	True	0	0	True	2247	
TAP2	mic_tap	True	0	0	True	2061	
U	pseudogene_I	True	0	0	True	196	
V	pseudogene_I	True	0	0	True	538	
W	pseudogene_I	False	21	7	False	923	938.0
Y	pseudogene_I	True	0	0	True	824	
A	classical_I	True	0	0	True	1098	
B	classical_I	True	0	0	True	1089	
C	classical_I	True	0	0	True	1101	
DMA	class_II_accessory	True	0	0	True	786	
DMB	class_II_accessory	True	0	0	True	792	
DOA	class_II_accessory	True	0	0	True	753	
DOB	class_II_accessory	True	0	0	True	822	
DPA1	classical_II	True	0	0	True	783	
DPA2	class_II_paralog	True	0	0	True	733	
DPB1	classical_II	True	0	0	True	777	
DPB2	class_II_paralog	True	0	0	True	776	
DQA1	classical_II	True	0	0	True	765	
DQA2	class_II_paralog	True	0	0	True	768	
DQB1	classical_II	False	21	15	True	786	786.0
DQB2	class_II_paralog	True	0	0	True	807	
DRA	class_II_accessory	True	0	0	True	765	
DRB1	classical_II	False	33	26	True	801	801.0
E	nonclassical_I	True	0	0	True	1077	
F	nonclassical_I	True	0	0	True	1041	
G	nonclassical_I	True	0	0	True	1016	
H	pseudogene_I	True	0	0	True	1096	
J	pseudogene_I	True	0	0	True	1089	
K	pseudogene_I	False	15	14	False	1093	1092.0
L	pseudogene_I	True	0	0	True	1094	
MICA	mic_tap	True	0	0	True	1156	
MICB	mic_tap	True	0	0	True	1152	
N	pseudogene_I	True	0	0	True	161	
P	pseudogene_I	True	0	0	True	732	
S	pseudogene_I	True	0	0	True	266	
T	pseudogene_I	True	0	0	True	459	
TAP1	mic_tap	True	0	0	True	2247	
TAP2	mic_tap	True	0	0	True	2112	
U	pseudogene_I	True	0	0	True	196	
V	pseudogene_I	True	0	0	True	517	
W	pseudogene_I	True	0	0	True	923	
Y	pseudogene_I	True	0	0	True	824	
A	classical_I	False	18	14	True	1098	1098.0
B	classical_I	True	0	0	True	1089	
C	classical_I	True	0	0	True	1101	
DMA	class_II_accessory	True	0	0	True	786	
DMB	class_II_accessory	True	0	0	True	792	
DOA	class_II_accessory	True	0	0	True	753	
DOB	class_II_accessory	True	0	0	True	822	
DPA1	classical_II	True	0	0	True	783	
DPA2	class_II_paralog	True	0	0	True	733	
DPB1	classical_II	True	0	0	True	777	
DPB2	class_II_paralog	True	0	0	True	776	
DQA1	classical_II	True	0	0	True	765	
DQA2	class_II_paralog	True	0	0	True	768	
DQB1	classical_II	True	0	0	True	786	
DQB2	class_II_paralog	True	0	0	True	807	
DRA	class_II_accessory	True	0	0	True	765	
DRB1	classical_II	True	0	0	True	801	
E	nonclassical_I	True	0	0	True	1077	
F	nonclassical_I	True	0	0	True	1041	
G	nonclassical_I	True	0	0	True	1017	
H	pseudogene_I	False	1	1	False	1096	1097.0
J	pseudogene_I	True	0	0	True	1088	
K	pseudogene_I	False	1	1	False	1093	1092.0
L	pseudogene_I	True	0	0	True	1094	
MICA	mic_tap	True	0	0	True	1167	
MICB	mic_tap	True	0	0	True	1152	
N	pseudogene_I	True	0	0	True	161	
P	pseudogene_I	True	0	0	True	735	
S	pseudogene_I	True	0	0	True	266	
T	pseudogene_I	True	0	0	True	459	
TAP1	mic_tap	True	0	0	True	2247	
TAP2	mic_tap	True	0	0	True	2061	
U	pseudogene_I	True	0	0	True	196	
V	pseudogene_I	True	0	0	True	516	
W	pseudogene_I	True	0	0	True	938	
Y	pseudogene_I	True	0	0	True	824	
A	classical_I	True	0	0	True	1098	
B	classical_I	True	0	0	True	1089	
C	classical_I	True	0	0	True	1101	
DMA	class_II_accessory	True	0	0	True	786	
DMB	class_II_accessory	True	0	0	True	792	
DOA	class_II_accessory	True	0	0	True	753	
DOB	class_II_accessory	True	0	0	True	822	
DPA1	classical_II	True	0	0	True	783	
DPA2	class_II_paralog	True	0	0	True	733	
DPB1	classical_II	True	0	0	True	777	
DPB2	class_II_paralog	True	0	0	True	776	
DQA1	classical_II	True	0	0	True	768	
DQA2	class_II_paralog	True	0	0	True	768	
DQB1	classical_II	True	0	0	True	786	
DQB2	class_II_paralog	True	0	0	True	807	
DRA	class_II_accessory	True	0	0	True	765	
DRB1	classical_II	True	0	0	True	801	
DRB4	class_II_paralog	True	0	0	True	801	
E	nonclassical_I	True	0	0	True	1077	
F	nonclassical_I	True	0	0	True	1041	
G	nonclassical_I	True	0	0	True	1017	
H	pseudogene_I	False	3	3	False	1090	1087.0
J	pseudogene_I	True	0	0	True	1095	
K	pseudogene_I	True	0	0	True	1091	
L	pseudogene_I	True	0	0	True	1096	
MICA	mic_tap	True	0	0	True	1158	
MICB	mic_tap	True	0	0	True	1152	
N	pseudogene_I	True	0	0	True	161	
P	pseudogene_I	True	0	0	True	735	
S	pseudogene_I	True	0	0	True	266	
T	pseudogene_I	True	0	0	True	459	
TAP1	mic_tap	True	0	0	True	2247	
TAP2	mic_tap	True	0	0	True	2061	
U	pseudogene_I	True	0	0	True	196	
V	pseudogene_I	True	0	0	True	538	
W	pseudogene_I	True	0	0	True	938	
A	classical_I	True	0	0	True	1098	
B	classical_I	True	0	0	True	1089	
C	classical_I	True	0	0	True	1101	
DMA	class_II_accessory	True	0	0	True	786	
DMB	class_II_accessory	True	0	0	True	792	
DOA	class_II_accessory	True	0	0	True	753	
DOB	class_II_accessory	True	0	0	True	822	
DPA1	classical_II	True	0	0	True	783	
DPA2	class_II_paralog	True	0	0	True	733	
DPB1	classical_II	True	0	0	True	777	
DPB2	class_II_paralog	True	0	0	True	776	
DQA1	classical_II	True	0	0	True	768	
DQA2	class_II_paralog	True	0	0	True	768	
DQB1	classical_II	True	0	0	True	786	
DQB2	class_II_paralog	True	0	0	True	807	
DRA	class_II_accessory	True	0	0	True	765	
DRB1	classical_II	True	0	0	True	801	
DRB4	class_II_paralog	False	17	1	False	801	784.0
DRB5	class_II_paralog	True	0	0	True	801	
E	nonclassical_I	True	0	0	True	1077	
F	nonclassical_I	True	0	0	True	1041	
G	nonclassical_I	True	0	0	True	1017	
H	pseudogene_I	True	0	0	True	1096	
J	pseudogene_I	True	0	0	True	1095	
K	pseudogene_I	True	0	0	True	1093	
L	pseudogene_I	True	0	0	True	1096	
MICA	mic_tap	True	0	0	True	1156	
MICB	mic_tap	True	0	0	True	1152	
N	pseudogene_I	True	0	0	True	161	
P	pseudogene_I	True	0	0	True	735	
S	pseudogene_I	True	0	0	True	266	
T	pseudogene_I	True	0	0	True	459	
TAP1	mic_tap	True	0	0	True	2247	
TAP2	mic_tap	True	0	0	True	2061	
U	pseudogene_I	True	0	0	True	196	
V	pseudogene_I	True	0	0	True	538	
W	pseudogene_I	True	0	0	True	923	
A	classical_I	True	0	0	True	1098	
B	classical_I	True	0	0	True	1089	
C	classical_I	True	0	0	True	1101	
DMA	class_II_accessory	True	0	0	True	786	
DMB	class_II_accessory	True	0	0	True	792	
DOA	class_II_accessory	False	1	1	True	753	753.0
DOB	class_II_accessory	True	0	0	True	822	
DPA1	classical_II	True	0	0	True	783	
DPA2	class_II_paralog	True	0	0	True	733	
DPB1	classical_II	True	0	0	True	777	
DPB2	class_II_paralog	True	0	0	True	776	
DQA1	classical_II	True	0	0	True	768	
DQA2	class_II_paralog	True	0	0	True	768	
DQB1	classical_II	True	0	0	True	786	
DQB2	class_II_paralog	True	0	0	True	807	
DRA	class_II_accessory	True	0	0	True	765	
DRB1	classical_II	True	0	0	True	801	
DRB4	class_II_paralog	True	0	0	True	801	
DRB5	class_II_paralog	True	0	0	True	801	
E	nonclassical_I	True	0	0	True	1077	
F	nonclassical_I	True	0	0	True	1041	
G	nonclassical_I	True	0	0	True	1017	
H	pseudogene_I	True	0	0	True	1096	
J	pseudogene_I	True	0	0	True	1095	
K	pseudogene_I	True	0	0	True	1093	
L	pseudogene_I	True	0	0	True	1096	
MICA	mic_tap	True	0	0	True	1156	
MICB	mic_tap	True	0	0	True	1152	
N	pseudogene_I	True	0	0	True	161	
P	pseudogene_I	True	0	0	True	735	
S	pseudogene_I	True	0	0	True	266	
T	pseudogene_I	True	0	0	True	459	
TAP1	mic_tap	True	0	0	True	2247	
TAP2	mic_tap	True	0	0	True	2061	
U	pseudogene_I	True	0	0	True	196	
V	pseudogene_I	True	0	0	True	538	
W	pseudogene_I	True	0	0	True	923	
A	classical_I	True	0	0	True	1098	
B	classical_I	True	0	0	True	1089	
C	classical_I	True	0	0	True	1101	
DMA	class_II_accessory	True	0	0	True	786	
DMB	class_II_accessory	True	0	0	True	792	
DOA	class_II_accessory	True	0	0	True	753	
DOB	class_II_accessory	True	0	0	True	822	
DPA1	classical_II	True	0	0	True	783	
DPA2	class_II_paralog	True	0	0	True	733	
DPB1	classical_II	True	0	0	True	777	
DPB2	class_II_paralog	True	0	0	True	776	
DQA1	classical_II	True	0	0	True	768	
DQA2	class_II_paralog	True	0	0	True	768	
DQB1	classical_II	True	0	0	True	786	
DQB2	class_II_paralog	True	0	0	True	807	
DRA	class_II_accessory	True	0	0	True	765	
DRB1	classical_II	True	0	0	True	801	
E	nonclassical_I	True	0	0	True	1077	
F	nonclassical_I	True	0	0	True	1041	
G	nonclassical_I	True	0	0	True	1017	
H	pseudogene_I	True	0	0	True	1097	
HFE	other	True	0	0	True	1047	
J	pseudogene_I	True	0	0	True	1095	
K	pseudogene_I	True	0	0	True	1094	
L	pseudogene_I	True	0	0	True	1094	
MICA	mic_tap	True	0	0	True	1152	
MICB	mic_tap	True	0	0	True	1152	
N	pseudogene_I	True	0	0	True	161	
P	pseudogene_I	True	0	0	True	735	
S	pseudogene_I	False	1	1	False	265	266.0
T	pseudogene_I	True	0	0	True	459	
TAP1	mic_tap	True	0	0	True	2247	
TAP2	mic_tap	True	0	0	True	2061	
U	pseudogene_I	True	0	0	True	196	
V	pseudogene_I	True	0	0	True	538	
W	pseudogene_I	True	0	0	True	938	
A	classical_I	True	0	0	True	1098	
B	classical_I	True	0	0	True	1089	
C	classical_I	True	0	0	True	1101	
DMA	class_II_accessory	True	0	0	True	786	
DMB	class_II_accessory	True	0	0	True	792	
DOA	class_II_accessory	True	0	0	True	753	
DOB	class_II_accessory	True	0	0	True	822	
DPA1	classical_II	True	0	0	True	783	
DPA2	class_II_paralog	True	0	0	True	733	
DPB1	classical_II	True	0	0	True	777	
DPB2	class_II_paralog	True	0	0	True	776	
DQA1	classical_II	True	0	0	True	768	
DQA2	class_II_paralog	True	0	0	True	768	
DQB1	classical_II	True	0	0	True	786	
DQB2	class_II_paralog	True	0	0	True	807	
DRA	class_II_accessory	True	0	0	True	765	
DRB1	classical_II	True	0	0	True	801	
DRB5	class_II_paralog	True	0	0	True	801	
E	nonclassical_I	True	0	0	True	1077	
F	nonclassical_I	True	0	0	True	1041	
G	nonclassical_I	True	0	0	True	1017	
H	pseudogene_I	True	0	0	True	1096	
J	pseudogene_I	True	0	0	True	1089	
K	pseudogene_I	True	0	0	True	1095	
L	pseudogene_I	True	0	0	True	1094	
MICA	mic_tap	True	0	0	True	1156	
MICB	mic_tap	True	0	0	True	1152	
N	pseudogene_I	True	0	0	True	161	
P	pseudogene_I	True	0	0	True	732	
S	pseudogene_I	True	0	0	True	266	
T	pseudogene_I	True	0	0	True	459	
TAP1	mic_tap	True	0	0	True	2247	
TAP2	mic_tap	True	0	0	True	2061	
U	pseudogene_I	True	0	0	True	196	
V	pseudogene_I	True	0	0	True	517	
W	pseudogene_I	True	0	0	True	938	
Y	pseudogene_I	True	0	0	True	824	
A	classical_I	True	0	0	True	1098	
B	classical_I	True	0	0	True	1089	
C	classical_I	True	0	0	True	1101	
DMA	class_II_accessory	True	0	0	True	786	
DMB	class_II_accessory	True	0	0	True	792	
DOA	class_II_accessory	True	0	0	True	753	
DOB	class_II_accessory	True	0	0	True	822	
DPA1	classical_II	True	0	0	True	783	
DPA2	class_II_paralog	True	0	0	True	733	
DPB1	classical_II	True	0	0	True	777	
DPB2	class_II_paralog	True	0	0	True	776	
DQA1	classical_II	True	0	0	True	768	
DQA2	class_II_paralog	True	0	0	True	768	
DQB1	classical_II	True	0	0	True	786	
DQB2	class_II_paralog	True	0	0	True	807	
DRA	class_II_accessory	True	0	0	True	765	
DRB1	classical_II	True	0	0	True	801	
DRB5	class_II_paralog	True	0	0	True	801	
E	nonclassical_I	True	0	0	True	1077	
F	nonclassical_I	True	0	0	True	1041	
G	nonclassical_I	True	0	0	True	1017	
H	pseudogene_I	True	0	0	True	1096	
HFE	other	True	0	0	True	1047	
J	pseudogene_I	True	0	0	True	1089	
K	pseudogene_I	True	0	0	True	1095	
L	pseudogene_I	True	0	0	True	1094	
MICA	mic_tap	True	0	0	True	1156	
MICB	mic_tap	True	0	0	True	1152	
N	pseudogene_I	True	0	0	True	161	
P	pseudogene_I	True	0	0	True	735	
S	pseudogene_I	True	0	0	True	266	
T	pseudogene_I	True	0	0	True	459	
TAP1	mic_tap	True	0	0	True	2247	
TAP2	mic_tap	True	0	0	True	2061	
U	pseudogene_I	True	0	0	True	196	
V	pseudogene_I	True	0	0	True	516	
W	pseudogene_I	True	0	0	True	936	
Y	pseudogene_I	True	0	0	True	824	
A	classical_I	True	0	0	True	1098	
B	classical_I	True	0	0	True	1089	
C	classical_I	True	0	0	True	1101	
DMA	class_II_accessory	True	0	0	True	786	
DMB	class_II_accessory	True	0	0	True	792	
DOA	class_II_accessory	True	0	0	True	753	
DOB	class_II_accessory	True	0	0	True	822	
DPA1	classical_II	True	0	0	True	783	
DPA2	class_II_paralog	True	0	0	True	733	
DPB1	classical_II	True	0	0	True	777	
DPB2	class_II_paralog	True	0	0	True	776	
DQA1	classical_II	True	0	0	True	765	
DQA2	class_II_paralog	True	0	0	True	768	
DQB1	classical_II	True	0	0	True	786	
DQB2	class_II_paralog	True	0	0	True	807	
DRA	class_II_accessory	True	0	0	True	765	
DRB1	classical_II	False	19	17	True	801	801.0
DRB3	class_II_paralog	True	0	0	True	801	
E	nonclassical_I	False	1	1	False	1078	1077.0
F	nonclassical_I	True	0	0	True	1041	
G	nonclassical_I	True	0	0	True	1017	
H	pseudogene_I	True	0	0	True	1096	
J	pseudogene_I	True	0	0	True	1095	
K	pseudogene_I	False	7	6	False	1093	1095.0
L	pseudogene_I	True	0	0	True	1096	
MICA	mic_tap	False	5	5	False	1158	1153.0
N	pseudogene_I	True	0	0	True	161	
P	pseudogene_I	True	0	0	True	732	
S	pseudogene_I	True	0	0	True	266	
T	pseudogene_I	True	0	0	True	459	
TAP1	mic_tap	True	0	0	True	2247	
TAP2	mic_tap	True	0	0	True	2061	
U	pseudogene_I	True	0	0	True	196	
V	pseudogene_I	True	0	0	True	517	
W	pseudogene_I	True	0	0	True	936	
A	classical_I	True	0	0	True	1098	
B	classical_I	True	0	0	True	1089	
C	classical_I	True	0	0	True	1101	
DMA	class_II_accessory	True	0	0	True	786	
DMB	class_II_accessory	True	0	0	True	792	
DOA	class_II_accessory	True	0	0	True	753	
DOB	class_II_accessory	True	0	0	True	822	
DPA1	classical_II	True	0	0	True	783	
DPA2	class_II_paralog	True	0	0	True	733	
DPB1	classical_II	True	0	0	True	777	
DPB2	class_II_paralog	True	0	0	True	776	
DQA1	classical_II	True	0	0	True	765	
DQA2	class_II_paralog	True	0	0	True	768	
DQB1	classical_II	True	0	0	True	786	
DQB2	class_II_paralog	True	0	0	True	807	
DRA	class_II_accessory	True	0	0	True	765	
DRB1	classical_II	True	0	0	True	801	
E	nonclassical_I	True	0	0	True	1077	
F	nonclassical_I	True	0	0	True	1041	
G	nonclassical_I	True	0	0	True	1016	
H	pseudogene_I	True	0	0	True	1096	
J	pseudogene_I	True	0	0	True	1089	
K	pseudogene_I	True	0	0	True	1092	
L	pseudogene_I	True	0	0	True	1096	
MICA	mic_tap	True	0	0	True	1158	
MICB	mic_tap	True	0	0	True	1152	
N	pseudogene_I	True	0	0	True	161	
P	pseudogene_I	True	0	0	True	732	
S	pseudogene_I	True	0	0	True	266	
T	pseudogene_I	True	0	0	True	459	
TAP1	mic_tap	True	0	0	True	2247	
TAP2	mic_tap	True	0	0	True	2112	
U	pseudogene_I	True	0	0	True	196	
V	pseudogene_I	True	0	0	True	517	
W	pseudogene_I	True	0	0	True	923	
Y	pseudogene_I	True	0	0	True	824	
A	classical_I	True	0	0	True	1098	
B	classical_I	True	0	0	True	1089	
C	classical_I	True	0	0	True	1101	
DMA	class_II_accessory	True	0	0	True	786	
DMB	class_II_accessory	True	0	0	True	792	
DOA	class_II_accessory	True	0	0	True	753	
DOB	class_II_accessory	True	0	0	True	822	
DPA1	classical_II	True	0	0	True	783	
DPA2	class_II_paralog	True	0	0	True	733	
DPB1	classical_II	True	0	0	True	777	
DPB2	class_II_paralog	True	0	0	True	776	
DQA1	classical_II	True	0	0	True	768	
DQA2	class_II_paralog	True	0	0	True	768	
DQB1	classical_II	True	0	0	True	786	
DQB2	class_II_paralog	True	0	0	True	807	
DRA	class_II_accessory	True	0	0	True	765	
DRB1	classical_II	False	1	1	False	801	802.0
DRB5	class_II_paralog	True	0	0	True	801	
E	nonclassical_I	True	0	0	True	1077	
F	nonclassical_I	True	0	0	True	1041	
G	nonclassical_I	True	0	0	True	1017	
H	pseudogene_I	True	0	0	True	1097	
J	pseudogene_I	True	0	0	True	1095	
K	pseudogene_I	True	0	0	True	1093	
L	pseudogene_I	True	0	0	True	1096	
MICA	mic_tap	False	21	7	False	1167	1152.0
MICB	mic_tap	True	0	0	True	1152	
N	pseudogene_I	True	0	0	True	161	
P	pseudogene_I	True	0	0	True	735	
S	pseudogene_I	True	0	0	True	266	
T	pseudogene_I	True	0	0	True	459	
TAP1	mic_tap	True	0	0	True	2247	
TAP2	mic_tap	False	1	1	False	2061	2062.0
U	pseudogene_I	True	0	0	True	196	
V	pseudogene_I	True	0	0	True	517	
W	pseudogene_I	True	0	0	True	936	
A	classical_I	False	45	39	True	1098	1098.0
B	classical_I	True	0	0	True	1089	
C	classical_I	True	0	0	True	1101	
DMA	class_II_accessory	True	0	0	True	786	
DMB	class_II_accessory	False	1	1	True	792	792.0
DOA	class_II_accessory	True	0	0	True	753	
DOB	class_II_accessory	True	0	0	True	822	
DPA1	classical_II	True	0	0	True	783	
DPA2	class_II_paralog	True	0	0	True	733	
DPB1	classical_II	True	0	0	True	777	
DPB2	class_II_paralog	True	0	0	True	776	
DQA1	classical_II	False	1	1	False	765	766.0
DQA2	class_II_paralog	True	0	0	True	768	
DQB1	classical_II	True	0	0	True	786	
DQB2	class_II_paralog	True	0	0	True	807	
DRA	class_II_accessory	True	0	0	True	765	
DRB1	classical_II	True	0	0	True	801	
DRB3	class_II_paralog	True	0	0	True	801	
DRB4	class_II_paralog	True	0	0	True	801	
E	nonclassical_I	True	0	0	True	1077	
F	nonclassical_I	True	0	0	True	1041	
G	nonclassical_I	False	5	5	True	1017	1017.0
H	pseudogene_I	True	0	0	True	1096	
J	pseudogene_I	True	0	0	True	1095	
K	pseudogene_I	True	0	0	True	1093	
L	pseudogene_I	True	0	0	True	1096	
MICA	mic_tap	False	29	18	False	1167	1155.0
MICB	mic_tap	True	0	0	True	1152	
N	pseudogene_I	True	0	0	True	161	
P	pseudogene_I	True	0	0	True	735	
S	pseudogene_I	True	0	0	True	266	
T	pseudogene_I	True	0	0	True	459	
TAP1	mic_tap	True	0	0	True	2247	
U	pseudogene_I	True	0	0	True	196	
V	pseudogene_I	True	0	0	True	538	
W	pseudogene_I	True	0	0	True	923	
A	classical_I	True	0	0	True	1098	
B	classical_I	True	0	0	True	1089	
C	classical_I	True	0	0	True	1101	
DMA	class_II_accessory	True	0	0	True	786	
DMB	class_II_accessory	True	0	0	True	792	
DOA	class_II_accessory	True	0	0	True	753	
DOB	class_II_accessory	True	0	0	True	822	
DPA1	classical_II	True	0	0	True	783	
DPA2	class_II_paralog	True	0	0	True	733	
DPB1	classical_II	False	2	2	True	777	777.0
DPB2	class_II_paralog	True	0	0	True	776	
DQA1	classical_II	True	0	0	True	765	
DQA2	class_II_paralog	True	0	0	True	768	
DQB1	classical_II	True	0	0	True	786	
DQB2	class_II_paralog	True	0	0	True	807	
DRA	class_II_accessory	True	0	0	True	765	
DRB1	classical_II	True	0	0	True	801	
DRB3	class_II_paralog	True	0	0	True	801	
E	nonclassical_I	True	0	0	True	1077	
F	nonclassical_I	True	0	0	True	1041	
G	nonclassical_I	True	0	0	True	1017	
H	pseudogene_I	True	0	0	True	1105	
J	pseudogene_I	True	0	0	True	1095	
K	pseudogene_I	True	0	0	True	1093	
L	pseudogene_I	True	0	0	True	1096	
MICA	mic_tap	False	1	1	False	1157	1156.0
MICB	mic_tap	True	0	0	True	1152	
N	pseudogene_I	True	0	0	True	161	
P	pseudogene_I	True	0	0	True	735	
S	pseudogene_I	True	0	0	True	266	
T	pseudogene_I	True	0	0	True	459	
TAP1	mic_tap	True	0	0	True	2247	
TAP2	mic_tap	True	0	0	True	2061	
U	pseudogene_I	True	0	0	True	196	
V	pseudogene_I	True	0	0	True	516	
W	pseudogene_I	True	0	0	True	923	
A	classical_I	True	0	0	True	1098	
B	classical_I	True	0	0	True	1089	
C	classical_I	True	0	0	True	1101	
DMA	class_II_accessory	True	0	0	True	786	
DMB	class_II_accessory	True	0	0	True	792	
DOA	class_II_accessory	True	0	0	True	753	
DOB	class_II_accessory	True	0	0	True	822	
DPA1	classical_II	True	0	0	True	783	
DPA2	class_II_paralog	True	0	0	True	733	
DPB1	classical_II	True	0	0	True	777	
DPB2	class_II_paralog	True	0	0	True	776	
DQA1	classical_II	True	0	0	True	765	
DQA2	class_II_paralog	True	0	0	True	768	
DQB1	classical_II	True	0	0	True	786	
DQB2	class_II_paralog	True	0	0	True	807	
DRA	class_II_accessory	True	0	0	True	765	
DRB1	classical_II	True	0	0	True	801	
DRB3	class_II_paralog	True	0	0	True	801	
E	nonclassical_I	True	0	0	True	1077	
F	nonclassical_I	True	0	0	True	1041	
G	nonclassical_I	True	0	0	True	1017	
H	pseudogene_I	True	0	0	True	1105	
J	pseudogene_I	True	0	0	True	1095	
K	pseudogene_I	True	0	0	True	1093	
L	pseudogene_I	True	0	0	True	1096	
MICA	mic_tap	False	1	1	False	1157	1156.0
MICB	mic_tap	True	0	0	True	1152	
N	pseudogene_I	True	0	0	True	161	
P	pseudogene_I	True	0	0	True	735	
S	pseudogene_I	True	0	0	True	266	
T	pseudogene_I	True	0	0	True	459	
TAP1	mic_tap	True	0	0	True	2247	
TAP2	mic_tap	True	0	0	True	2061	
U	pseudogene_I	True	0	0	True	196	
V	pseudogene_I	True	0	0	True	516	
W	pseudogene_I	True	0	0	True	923	
A	classical_I	True	0	0	True	1098	
B	classical_I	False	33	26	True	1089	1089.0
C	classical_I	True	0	0	True	1101	
DMA	class_II_accessory	True	0	0	True	786	
DMB	class_II_accessory	True	0	0	True	792	
DOA	class_II_accessory	True	0	0	True	753	
DOB	class_II_accessory	True	0	0	True	822	
DPA1	classical_II	True	0	0	True	783	
DPA2	class_II_paralog	True	0	0	True	733	
DPB1	classical_II	True	0	0	True	777	
DPB2	class_II_paralog	True	0	0	True	776	
DQA1	classical_II	False	6	6	False	765	767.0
DQA2	class_II_paralog	True	0	0	True	768	
DQB1	classical_II	True	0	0	True	786	
DQB2	class_II_paralog	True	0	0	True	807	
DRA	class_II_accessory	True	0	0	True	765	
DRB1	classical_II	False	1	1	False	800	801.0
DRB3	class_II_paralog	True	0	0	True	801	
E	nonclassical_I	True	0	0	True	1077	
F	nonclassical_I	True	0	0	True	1041	
G	nonclassical_I	True	0	0	True	1017	
H	pseudogene_I	True	0	0	True	1096	
J	pseudogene_I	True	0	0	True	1095	
K	pseudogene_I	True	0	0	True	1093	
L	pseudogene_I	True	0	0	True	1096	
MICA	mic_tap	True	0	0	True	1158	
MICB	mic_tap	True	0	0	True	1152	
N	pseudogene_I	True	0	0	True	161	
P	pseudogene_I	True	0	0	True	735	
S	pseudogene_I	True	0	0	True	266	
T	pseudogene_I	True	0	0	True	459	
TAP1	mic_tap	True	0	0	True	2247	
TAP2	mic_tap	True	0	0	True	2112	
U	pseudogene_I	True	0	0	True	196	
V	pseudogene_I	True	0	0	True	538	
W	pseudogene_I	True	0	0	True	923	
A	classical_I	True	0	0	True	1098	
B	classical_I	True	0	0	True	1089	
C	classical_I	True	0	0	True	1101	
DMA	class_II_accessory	True	0	0	True	786	
DMB	class_II_accessory	True	0	0	True	792	
DOA	class_II_accessory	True	0	0	True	753	
DOB	class_II_accessory	True	0	0	True	822	
DPA1	classical_II	True	0	0	True	783	
DPA2	class_II_paralog	True	0	0	True	733	
DPB1	classical_II	True	0	0	True	777	
DPB2	class_II_paralog	True	0	0	True	776	
DQA1	classical_II	True	0	0	True	765	
DQA2	class_II_paralog	True	0	0	True	768	
DQB1	classical_II	True	0	0	True	786	
DQB2	class_II_paralog	True	0	0	True	807	
DRA	class_II_accessory	True	0	0	True	765	
DRB1	classical_II	True	0	0	True	801	
DRB3	class_II_paralog	True	0	0	True	801	
E	nonclassical_I	True	0	0	True	1077	
F	nonclassical_I	True	0	0	True	1041	
G	nonclassical_I	True	0	0	True	1017	
H	pseudogene_I	True	0	0	True	1104	
J	pseudogene_I	True	0	0	True	1095	
K	pseudogene_I	True	0	0	True	1092	
L	pseudogene_I	True	0	0	True	1096	
MICA	mic_tap	True	0	0	True	1156	
MICB	mic_tap	True	0	0	True	1152	
N	pseudogene_I	True	0	0	True	161	
P	pseudogene_I	True	0	0	True	735	
S	pseudogene_I	True	0	0	True	266	
T	pseudogene_I	True	0	0	True	459	
TAP1	mic_tap	True	0	0	True	2247	
TAP2	mic_tap	True	0	0	True	2061	
U	pseudogene_I	True	0	0	True	196	
V	pseudogene_I	True	0	0	True	538	
W	pseudogene_I	True	0	0	True	936	
A	classical_I	True	0	0	True	1098	
B	classical_I	True	0	0	True	1089	
C	classical_I	True	0	0	True	1101	
DMA	class_II_accessory	True	0	0	True	786	
DMB	class_II_accessory	True	0	0	True	792	
DOA	class_II_accessory	True	0	0	True	753	
DOB	class_II_accessory	True	0	0	True	822	
DPA1	classical_II	True	0	0	True	783	
DPA2	class_II_paralog	True	0	0	True	733	
DPB1	classical_II	True	0	0	True	777	
DPB2	class_II_paralog	True	0	0	True	776	
DQA1	classical_II	True	0	0	True	765	
DQA2	class_II_paralog	True	0	0	True	768	
DQB1	classical_II	True	0	0	True	786	
DQB2	class_II_paralog	True	0	0	True	807	
DRA	class_II_accessory	True	0	0	True	765	
DRB1	classical_II	True	0	0	True	801	
DRB3	class_II_paralog	True	0	0	True	801	
E	nonclassical_I	True	0	0	True	1077	
F	nonclassical_I	True	0	0	True	1041	
G	nonclassical_I	True	0	0	True	1017	
H	pseudogene_I	True	0	0	True	1104	
J	pseudogene_I	True	0	0	True	1088	
K	pseudogene_I	True	0	0	True	1092	
L	pseudogene_I	True	0	0	True	1096	
MICA	mic_tap	True	0	0	True	1156	
MICB	mic_tap	True	0	0	True	1152	
N	pseudogene_I	True	0	0	True	161	
P	pseudogene_I	True	0	0	True	735	
S	pseudogene_I	True	0	0	True	266	
T	pseudogene_I	True	0	0	True	459	
TAP1	mic_tap	True	0	0	True	2247	
TAP2	mic_tap	True	0	0	True	2061	
U	pseudogene_I	True	0	0	True	196	
V	pseudogene_I	True	0	0	True	538	
W	pseudogene_I	True	0	0	True	936	
Y	pseudogene_I	True	0	0	True	824	
A	classical_I	True	0	0	True	1098	
B	classical_I	True	0	0	True	1089	
C	classical_I	True	0	0	True	1101	
DMA	class_II_accessory	True	0	0	True	786	
DMB	class_II_accessory	True	0	0	True	792	
DOA	class_II_accessory	True	0	0	True	753	
DOB	class_II_accessory	True	0	0	True	822	
DPA1	classical_II	True	0	0	True	783	
DPA2	class_II_paralog	True	0	0	True	733	
DPB1	classical_II	True	0	0	True	777	
DPB2	class_II_paralog	True	0	0	True	776	
DQA1	classical_II	True	0	0	True	765	
DQA2	class_II_paralog	True	0	0	True	768	
DQB1	classical_II	True	0	0	True	786	
DQB2	class_II_paralog	True	0	0	True	807	
DRA	class_II_accessory	True	0	0	True	765	
DRB1	classical_II	True	0	0	True	801	
DRB3	class_II_paralog	True	0	0	True	801	
E	nonclassical_I	True	0	0	True	1077	
F	nonclassical_I	True	0	0	True	1041	
G	nonclassical_I	True	0	0	True	1017	
H	pseudogene_I	True	0	0	True	1104	
J	pseudogene_I	True	0	0	True	1095	
K	pseudogene_I	True	0	0	True	1092	
L	pseudogene_I	True	0	0	True	1094	
MICA	mic_tap	True	0	0	True	1156	
MICB	mic_tap	False	1	1	True	1152	1152.0
N	pseudogene_I	True	0	0	True	161	
P	pseudogene_I	True	0	0	True	735	
S	pseudogene_I	True	0	0	True	266	
T	pseudogene_I	True	0	0	True	459	
TAP1	mic_tap	True	0	0	True	2247	
TAP2	mic_tap	True	0	0	True	2061	
U	pseudogene_I	True	0	0	True	196	
V	pseudogene_I	True	0	0	True	538	
W	pseudogene_I	True	0	0	True	936	
A	classical_I	False	19	19	True	1098	1098.0
B	classical_I	True	0	0	True	1089	
C	classical_I	True	0	0	True	1101	
DMA	class_II_accessory	True	0	0	True	786	
DMB	class_II_accessory	True	0	0	True	792	
DOA	class_II_accessory	True	0	0	True	753	
DOB	class_II_accessory	True	0	0	True	822	
DPA1	classical_II	False	38	14	True	783	783.0
DPA2	class_II_paralog	True	0	0	True	733	
DPB1	classical_II	True	0	0	True	777	
DPB2	class_II_paralog	True	0	0	True	776	
DQA1	classical_II	True	0	0	True	768	
DQA2	class_II_paralog	True	0	0	True	768	
DQB1	classical_II	True	0	0	True	786	
DQB2	class_II_paralog	True	0	0	True	807	
DRA	class_II_accessory	True	0	0	True	765	
DRB1	classical_II	True	0	0	True	801	
E	nonclassical_I	True	0	0	True	1077	
F	nonclassical_I	True	0	0	True	1041	
G	nonclassical_I	True	0	0	True	1017	
H	pseudogene_I	True	0	0	True	1097	
J	pseudogene_I	True	0	0	True	1088	
K	pseudogene_I	True	0	0	True	1093	
L	pseudogene_I	True	0	0	True	1096	
MICA	mic_tap	True	0	0	True	1167	
MICB	mic_tap	True	0	0	True	1152	
N	pseudogene_I	True	0	0	True	161	
P	pseudogene_I	True	0	0	True	732	
S	pseudogene_I	True	0	0	True	266	
T	pseudogene_I	True	0	0	True	459	
TAP1	mic_tap	True	0	0	True	2247	
TAP2	mic_tap	True	0	0	True	2061	
U	pseudogene_I	True	0	0	True	196	
V	pseudogene_I	True	0	0	True	517	
W	pseudogene_I	True	0	0	True	938	
Y	pseudogene_I	True	0	0	True	824	
A	classical_I	True	0	0	True	1098	
B	classical_I	True	0	0	True	1089	
C	classical_I	False	3	3	False	1101	1104.0
DMA	class_II_accessory	False	1	1	True	786	786.0
DMB	class_II_accessory	True	0	0	True	792	
DOA	class_II_accessory	True	0	0	True	753	
DOB	class_II_accessory	True	0	0	True	822	
DPA1	classical_II	True	0	0	True	783	
DPA2	class_II_paralog	True	0	0	True	733	
DPB1	classical_II	True	0	0	True	777	
DPB2	class_II_paralog	True	0	0	True	776	
DQA1	classical_II	True	0	0	True	768	
DQA2	class_II_paralog	True	0	0	True	768	
DQB1	classical_II	True	0	0	True	786	
DQB2	class_II_paralog	True	0	0	True	807	
DRA	class_II_accessory	True	0	0	True	765	
DRB1	classical_II	True	0	0	True	801	
DRB3	class_II_paralog	True	0	0	True	801	
E	nonclassical_I	True	0	0	True	1077	
F	nonclassical_I	True	0	0	True	1041	
G	nonclassical_I	True	0	0	True	1017	
H	pseudogene_I	True	0	0	True	1096	
J	pseudogene_I	True	0	0	True	1095	
K	pseudogene_I	True	0	0	True	1095	
L	pseudogene_I	True	0	0	True	1096	
MICA	mic_tap	True	0	0	True	1158	
MICB	mic_tap	True	0	0	True	1152	
N	pseudogene_I	True	0	0	True	161	
P	pseudogene_I	True	0	0	True	732	
S	pseudogene_I	True	0	0	True	266	
T	pseudogene_I	True	0	0	True	459	
TAP1	mic_tap	True	0	0	True	2247	
TAP2	mic_tap	True	0	0	True	2061	
U	pseudogene_I	True	0	0	True	196	
V	pseudogene_I	True	0	0	True	538	
W	pseudogene_I	True	0	0	True	938	
A	classical_I	True	0	0	True	1098	
B	classical_I	True	0	0	True	1089	
C	classical_I	True	0	0	True	1101	
DMA	class_II_accessory	True	0	0	True	786	
DMB	class_II_accessory	True	0	0	True	792	
DOA	class_II_accessory	True	0	0	True	753	
DOB	class_II_accessory	True	0	0	True	822	
DPA1	classical_II	True	0	0	True	783	
DPA2	class_II_paralog	True	0	0	True	733	
DPB1	classical_II	True	0	0	True	777	
DPB2	class_II_paralog	True	0	0	True	776	
DQA1	classical_II	True	0	0	True	768	
DQA2	class_II_paralog	True	0	0	True	768	
DQB1	classical_II	True	0	0	True	786	
DQB2	class_II_paralog	True	0	0	True	807	
DRA	class_II_accessory	True	0	0	True	765	
DRB1	classical_II	True	0	0	True	801	
DRB3	class_II_paralog	True	0	0	True	801	
E	nonclassical_I	True	0	0	True	1077	
F	nonclassical_I	True	0	0	True	1041	
G	nonclassical_I	True	0	0	True	1017	
H	pseudogene_I	True	0	0	True	1096	
J	pseudogene_I	True	0	0	True	1095	
K	pseudogene_I	True	0	0	True	1093	
L	pseudogene_I	True	0	0	True	1096	
MICA	mic_tap	False	1	1	False	1157	1156.0
MICB	mic_tap	True	0	0	True	1152	
N	pseudogene_I	True	0	0	True	161	
P	pseudogene_I	True	0	0	True	735	
S	pseudogene_I	True	0	0	True	266	
T	pseudogene_I	True	0	0	True	459	
TAP1	mic_tap	True	0	0	True	2247	
TAP2	mic_tap	True	0	0	True	2112	
U	pseudogene_I	True	0	0	True	196	
V	pseudogene_I	True	0	0	True	538	
W	pseudogene_I	True	0	0	True	923	
A	classical_I	True	0	0	True	1098	
B	classical_I	True	0	0	True	1089	
C	classical_I	True	0	0	True	1101	
DMA	class_II_accessory	True	0	0	True	786	
DMB	class_II_accessory	True	0	0	True	792	
DOA	class_II_accessory	True	0	0	True	753	
DOB	class_II_accessory	True	0	0	True	822	
DPA1	classical_II	True	0	0	True	783	
DPA2	class_II_paralog	True	0	0	True	733	
DPB1	classical_II	True	0	0	True	777	
DPB2	class_II_paralog	True	0	0	True	776	
DQA1	classical_II	True	0	0	True	765	
DQA2	class_II_paralog	True	0	0	True	768	
DQB1	classical_II	True	0	0	True	786	
DQB2	class_II_paralog	True	0	0	True	807	
DRA	class_II_accessory	True	0	0	True	765	
DRB1	classical_II	True	0	0	True	801	
DRB4	class_II_paralog	True	0	0	True	801	
E	nonclassical_I	True	0	0	True	1077	
F	nonclassical_I	True	0	0	True	1041	
G	nonclassical_I	True	0	0	True	1017	
H	pseudogene_I	True	0	0	True	1090	
J	pseudogene_I	True	0	0	True	1095	
K	pseudogene_I	True	0	0	True	1091	
L	pseudogene_I	True	0	0	True	1094	
MICA	mic_tap	True	0	0	True	1158	
MICB	mic_tap	True	0	0	True	1152	
N	pseudogene_I	True	0	0	True	161	
P	pseudogene_I	True	0	0	True	735	
S	pseudogene_I	True	0	0	True	266	
T	pseudogene_I	True	0	0	True	459	
TAP1	mic_tap	True	0	0	True	2247	
TAP2	mic_tap	True	0	0	True	2061	
U	pseudogene_I	True	0	0	True	196	
V	pseudogene_I	True	0	0	True	538	
W	pseudogene_I	True	0	0	True	938	
A	classical_I	True	0	0	True	1098	
B	classical_I	True	0	0	True	1089	
C	classical_I	True	0	0	True	1101	
DMA	class_II_accessory	True	0	0	True	786	
DMB	class_II_accessory	True	0	0	True	792	
DOA	class_II_accessory	True	0	0	True	753	
DOB	class_II_accessory	True	0	0	True	822	
DPA1	classical_II	True	0	0	True	783	
DPA2	class_II_paralog	True	0	0	True	733	
DPB1	classical_II	True	0	0	True	777	
DPB2	class_II_paralog	False	1	1	False	776	775.0
DQA1	classical_II	True	0	0	True	765	
DQA2	class_II_paralog	True	0	0	True	768	
DQB1	classical_II	True	0	0	True	786	
DQB2	class_II_paralog	True	0	0	True	807	
DRA	class_II_accessory	True	0	0	True	765	
DRB1	classical_II	False	45	34	True	801	801.0
DRB4	class_II_paralog	True	0	0	True	784	
E	nonclassical_I	True	0	0	True	1077	
F	nonclassical_I	True	0	0	True	1041	
G	nonclassical_I	True	0	0	True	1017	
H	pseudogene_I	True	0	0	True	1096	
J	pseudogene_I	True	0	0	True	1095	
K	pseudogene_I	True	0	0	True	1094	
L	pseudogene_I	True	0	0	True	1094	
MICA	mic_tap	True	0	0	True	1156	
MICB	mic_tap	True	0	0	True	1152	
N	pseudogene_I	True	0	0	True	161	
P	pseudogene_I	True	0	0	True	735	
S	pseudogene_I	True	0	0	True	266	
T	pseudogene_I	True	0	0	True	459	
TAP1	mic_tap	True	0	0	True	2247	
TAP2	mic_tap	True	0	0	True	2112	
U	pseudogene_I	True	0	0	True	196	
V	pseudogene_I	True	0	0	True	538	
W	pseudogene_I	True	0	0	True	938	
A	classical_I	True	0	0	True	1098	
B	classical_I	True	0	0	True	1089	
C	classical_I	True	0	0	True	1101	
DMA	class_II_accessory	True	0	0	True	786	
DMB	class_II_accessory	True	0	0	True	792	
DOA	class_II_accessory	True	0	0	True	753	
DOB	class_II_accessory	True	0	0	True	822	
DPA1	classical_II	True	0	0	True	783	
DPA2	class_II_paralog	True	0	0	True	733	
DPB1	classical_II	True	0	0	True	777	
DPB2	class_II_paralog	True	0	0	True	776	
DQA1	classical_II	True	0	0	True	765	
DQA2	class_II_paralog	True	0	0	True	768	
DQB1	classical_II	True	0	0	True	786	
DQB2	class_II_paralog	True	0	0	True	807	
DRA	class_II_accessory	True	0	0	True	765	
DRB1	classical_II	True	0	0	True	801	
E	nonclassical_I	True	0	0	True	1077	
F	nonclassical_I	True	0	0	True	1041	
G	nonclassical_I	True	0	0	True	1017	
H	pseudogene_I	True	0	0	True	1096	
J	pseudogene_I	True	0	0	True	1095	
K	pseudogene_I	True	0	0	True	1093	
L	pseudogene_I	True	0	0	True	1096	
MICA	mic_tap	True	0	0	True	1155	
MICB	mic_tap	True	0	0	True	1152	
N	pseudogene_I	True	0	0	True	161	
P	pseudogene_I	True	0	0	True	732	
S	pseudogene_I	True	0	0	True	266	
T	pseudogene_I	True	0	0	True	459	
TAP1	mic_tap	True	0	0	True	2247	
TAP2	mic_tap	True	0	0	True	2112	
U	pseudogene_I	True	0	0	True	196	
V	pseudogene_I	True	0	0	True	517	
W	pseudogene_I	True	0	0	True	923	
A	classical_I	True	0	0	True	1098	
B	classical_I	True	0	0	True	1089	
C	classical_I	True	0	0	True	1101	
DMA	class_II_accessory	True	0	0	True	786	
DMB	class_II_accessory	True	0	0	True	792	
DOA	class_II_accessory	True	0	0	True	753	
DOB	class_II_accessory	True	0	0	True	822	
DPA1	classical_II	True	0	0	True	783	
DPA2	class_II_paralog	True	0	0	True	733	
DPB1	classical_II	True	0	0	True	777	
DPB2	class_II_paralog	True	0	0	True	776	
DQA1	classical_II	True	0	0	True	765	
DQA2	class_II_paralog	True	0	0	True	768	
DQB1	classical_II	False	43	41	True	786	786.0
DQB2	class_II_paralog	False	9	8	True	807	807.0
DRA	class_II_accessory	True	0	0	True	765	
DRB1	classical_II	True	0	0	True	801	
DRB4	class_II_paralog	True	0	0	True	801	
E	nonclassical_I	True	0	0	True	1077	
F	nonclassical_I	True	0	0	True	1041	
G	nonclassical_I	True	0	0	True	1017	
H	pseudogene_I	True	0	0	True	1096	
J	pseudogene_I	True	0	0	True	1095	
K	pseudogene_I	True	0	0	True	1093	
L	pseudogene_I	True	0	0	True	1096	
MICA	mic_tap	True	0	0	True	1158	
MICB	mic_tap	False	2	2	True	1152	1152.0
N	pseudogene_I	True	0	0	True	161	
P	pseudogene_I	True	0	0	True	735	
S	pseudogene_I	True	0	0	True	266	
T	pseudogene_I	True	0	0	True	459	
TAP1	mic_tap	True	0	0	True	2247	
TAP2	mic_tap	True	0	0	True	2112	
U	pseudogene_I	True	0	0	True	196	
V	pseudogene_I	True	0	0	True	538	
W	pseudogene_I	True	0	0	True	938	
A	classical_I	True	0	0	True	1098	
B	classical_I	True	0	0	True	1089	
C	classical_I	True	0	0	True	1101	
DMA	class_II_accessory	True	0	0	True	786	
DMB	class_II_accessory	True	0	0	True	792	
DOA	class_II_accessory	True	0	0	True	753	
DOB	class_II_accessory	True	0	0	True	822	
DPA1	classical_II	True	0	0	True	783	
DPA2	class_II_paralog	True	0	0	True	733	
DPB1	classical_II	True	0	0	True	777	
DPB2	class_II_paralog	True	0	0	True	776	
DQA1	classical_II	True	0	0	True	768	
DQA2	class_II_paralog	True	0	0	True	768	
DQB1	classical_II	True	0	0	True	786	
DQB2	class_II_paralog	True	0	0	True	807	
DRA	class_II_accessory	True	0	0	True	765	
DRB1	classical_II	False	41	33	True	801	801.0
DRB4	class_II_paralog	True	0	0	True	801	
E	nonclassical_I	True	0	0	True	1077	
F	nonclassical_I	True	0	0	True	1041	
G	nonclassical_I	True	0	0	True	1017	
H	pseudogene_I	False	20	18	False	1096	1097.0
J	pseudogene_I	True	0	0	True	1095	
K	pseudogene_I	False	30	25	False	1093	1094.0
L	pseudogene_I	True	0	0	True	1096	
MICA	mic_tap	True	0	0	True	1156	
MICB	mic_tap	True	0	0	True	1152	
N	pseudogene_I	True	0	0	True	161	
P	pseudogene_I	True	0	0	True	735	
S	pseudogene_I	True	0	0	True	266	
T	pseudogene_I	False	9	9	True	459	459.0
TAP1	mic_tap	True	0	0	True	2247	
TAP2	mic_tap	True	0	0	True	2061	
U	pseudogene_I	False	8	7	True	196	196.0
V	pseudogene_I	True	0	0	True	538	
W	pseudogene_I	True	0	0	True	936	
A	classical_I	True	0	0	True	1098	
B	classical_I	True	0	0	True	1089	
C	classical_I	True	0	0	True	1101	
DMA	class_II_accessory	True	0	0	True	786	
DMB	class_II_accessory	True	0	0	True	792	
DOA	class_II_accessory	True	0	0	True	753	
DOB	class_II_accessory	True	0	0	True	822	
DPA1	classical_II	True	0	0	True	783	
DPA2	class_II_paralog	True	0	0	True	733	
DPB1	classical_II	True	0	0	True	777	
DPB2	class_II_paralog	True	0	0	True	776	
DQA1	classical_II	True	0	0	True	768	
DQA2	class_II_paralog	True	0	0	True	768	
DQB1	classical_II	True	0	0	True	786	
DQB2	class_II_paralog	True	0	0	True	807	
DRA	class_II_accessory	True	0	0	True	765	
DRB1	classical_II	True	0	0	True	801	
DRB4	class_II_paralog	True	0	0	True	801	
DRB5	class_II_paralog	True	0	0	True	801	
E	nonclassical_I	True	0	0	True	1077	
F	nonclassical_I	True	0	0	True	1041	
G	nonclassical_I	True	0	0	True	1017	
H	pseudogene_I	True	0	0	True	1096	
J	pseudogene_I	True	0	0	True	1081	
K	pseudogene_I	True	0	0	True	1093	
L	pseudogene_I	True	0	0	True	1094	
MICA	mic_tap	True	0	0	True	1155	
MICB	mic_tap	True	0	0	True	1152	
N	pseudogene_I	True	0	0	True	161	
P	pseudogene_I	True	0	0	True	732	
S	pseudogene_I	True	0	0	True	266	
T	pseudogene_I	True	0	0	True	459	
TAP1	mic_tap	True	0	0	True	2247	
TAP2	mic_tap	True	0	0	True	2061	
U	pseudogene_I	True	0	0	True	196	
V	pseudogene_I	True	0	0	True	517	
W	pseudogene_I	True	0	0	True	936	
A	classical_I	True	0	0	True	1098	
B	classical_I	True	0	0	True	1089	
C	classical_I	True	0	0	True	1101	
DMA	class_II_accessory	True	0	0	True	786	
DMB	class_II_accessory	True	0	0	True	792	
DOA	class_II_accessory	True	0	0	True	753	
DOB	class_II_accessory	True	0	0	True	822	
DPA1	classical_II	True	0	0	True	783	
DPA2	class_II_paralog	True	0	0	True	733	
DPB1	classical_II	True	0	0	True	777	
DPB2	class_II_paralog	True	0	0	True	776	
DQA1	classical_II	True	0	0	True	765	
DQA2	class_II_paralog	True	0	0	True	768	
DQB1	classical_II	True	0	0	True	786	
DQB2	class_II_paralog	True	0	0	True	807	
DRA	class_II_accessory	True	0	0	True	765	
DRB1	classical_II	True	0	0	True	801	
DRB3	class_II_paralog	True	0	0	True	801	
E	nonclassical_I	False	1	1	True	1077	1077.0
F	nonclassical_I	True	0	0	True	1041	
G	nonclassical_I	True	0	0	True	1017	
H	pseudogene_I	True	0	0	True	1096	
J	pseudogene_I	True	0	0	True	1095	
K	pseudogene_I	False	1	1	False	1092	1093.0
L	pseudogene_I	True	0	0	True	1096	
MICA	mic_tap	True	0	0	True	1158	
MICB	mic_tap	True	0	0	True	1152	
N	pseudogene_I	True	0	0	True	161	
P	pseudogene_I	False	8	8	True	735	735.0
S	pseudogene_I	True	0	0	True	266	
T	pseudogene_I	True	0	0	True	459	
TAP1	mic_tap	True	0	0	True	2247	
TAP2	mic_tap	True	0	0	True	2061	
U	pseudogene_I	True	0	0	True	196	
V	pseudogene_I	False	22	2	False	517	538.0
W	pseudogene_I	True	0	0	True	938	
A	classical_I	True	0	0	True	1098	
B	classical_I	True	0	0	True	1089	
C	classical_I	True	0	0	True	1101	
DMA	class_II_accessory	True	0	0	True	786	
DMB	class_II_accessory	True	0	0	True	792	
DOA	class_II_accessory	True	0	0	True	753	
DOB	class_II_accessory	True	0	0	True	822	
DPA1	classical_II	True	0	0	True	783	
DPA2	class_II_paralog	True	0	0	True	733	
DPB1	classical_II	True	0	0	True	777	
DPB2	class_II_paralog	True	0	0	True	776	
DQA1	classical_II	True	0	0	True	768	
DQA2	class_II_paralog	True	0	0	True	768	
DQB1	classical_II	True	0	0	True	786	
DQB2	class_II_paralog	True	0	0	True	807	
DRA	class_II_accessory	True	0	0	True	765	
DRB1	classical_II	True	0	0	True	801	
E	nonclassical_I	True	0	0	True	1077	
F	nonclassical_I	True	0	0	True	1041	
G	nonclassical_I	True	0	0	True	1017	
H	pseudogene_I	True	0	0	True	1096	
J	pseudogene_I	True	0	0	True	1095	
K	pseudogene_I	True	0	0	True	1093	
L	pseudogene_I	True	0	0	True	1096	
MICA	mic_tap	True	0	0	True	1155	
MICB	mic_tap	True	0	0	True	1152	
N	pseudogene_I	True	0	0	True	161	
P	pseudogene_I	True	0	0	True	732	
S	pseudogene_I	True	0	0	True	266	
T	pseudogene_I	True	0	0	True	459	
TAP1	mic_tap	True	0	0	True	2247	
TAP2	mic_tap	True	0	0	True	2061	
U	pseudogene_I	True	0	0	True	196	
V	pseudogene_I	True	0	0	True	517	
W	pseudogene_I	True	0	0	True	936	
A	classical_I	True	0	0	True	1098	
B	classical_I	True	0	0	True	1089	
C	classical_I	True	0	0	True	1101	
DMA	class_II_accessory	True	0	0	True	786	
DMB	class_II_accessory	True	0	0	True	792	
DOA	class_II_accessory	True	0	0	True	753	
DOB	class_II_accessory	True	0	0	True	822	
DPA1	classical_II	True	0	0	True	783	
DPA2	class_II_paralog	True	0	0	True	733	
DPB1	classical_II	True	0	0	True	777	
DPB2	class_II_paralog	False	3	3	True	776	776.0
DQA1	classical_II	True	0	0	True	768	
DQA2	class_II_paralog	True	0	0	True	768	
DQB1	classical_II	True	0	0	True	786	
DQB2	class_II_paralog	True	0	0	True	807	
DRA	class_II_accessory	True	0	0	True	765	
DRB1	classical_II	True	0	0	True	801	
DRB4	class_II_paralog	True	0	0	True	801	
E	nonclassical_I	True	0	0	True	1077	
F	nonclassical_I	True	0	0	True	1041	
G	nonclassical_I	False	1	1	False	1016	1017.0
H	pseudogene_I	True	0	0	True	1097	
J	pseudogene_I	True	0	0	True	1088	
K	pseudogene_I	True	0	0	True	1093	
L	pseudogene_I	True	0	0	True	1096	
MICA	mic_tap	True	0	0	True	1152	
MICB	mic_tap	True	0	0	True	1152	
N	pseudogene_I	True	0	0	True	161	
P	pseudogene_I	True	0	0	True	735	
S	pseudogene_I	True	0	0	True	266	
T	pseudogene_I	True	0	0	True	459	
TAP1	mic_tap	True	0	0	True	2247	
TAP2	mic_tap	True	0	0	True	2061	
U	pseudogene_I	True	0	0	True	196	
V	pseudogene_I	True	0	0	True	516	
W	pseudogene_I	True	0	0	True	938	
Y	pseudogene_I	True	0	0	True	824	
A	classical_I	True	0	0	True	1098	
B	classical_I	True	0	0	True	1089	
C	classical_I	True	0	0	True	1101	
DMA	class_II_accessory	True	0	0	True	786	
DMB	class_II_accessory	True	0	0	True	792	
DOA	class_II_accessory	True	0	0	True	753	
DOB	class_II_accessory	True	0	0	True	822	
DPA1	classical_II	True	0	0	True	783	
DPA2	class_II_paralog	True	0	0	True	733	
DPB1	classical_II	True	0	0	True	777	
DPB2	class_II_paralog	True	0	0	True	776	
DQA1	classical_II	True	0	0	True	765	
DQA2	class_II_paralog	True	0	0	True	768	
DQB1	classical_II	True	0	0	True	786	
DQB2	class_II_paralog	True	0	0	True	807	
DRA	class_II_accessory	True	0	0	True	765	
DRB1	classical_II	True	0	0	True	801	
DRB3	class_II_paralog	True	0	0	True	801	
E	nonclassical_I	True	0	0	True	1077	
F	nonclassical_I	True	0	0	True	1041	
G	nonclassical_I	True	0	0	True	1017	
H	pseudogene_I	True	0	0	True	1096	
HFE	other	True	0	0	True	1047	
J	pseudogene_I	True	0	0	True	1095	
K	pseudogene_I	True	0	0	True	1095	
L	pseudogene_I	True	0	0	True	1094	
MICA	mic_tap	True	0	0	True	1156	
MICB	mic_tap	True	0	0	True	1152	
N	pseudogene_I	True	0	0	True	161	
P	pseudogene_I	True	0	0	True	732	
S	pseudogene_I	True	0	0	True	266	
T	pseudogene_I	True	0	0	True	459	
TAP1	mic_tap	True	0	0	True	2247	
TAP2	mic_tap	True	0	0	True	2061	
U	pseudogene_I	True	0	0	True	196	
V	pseudogene_I	True	0	0	True	517	
W	pseudogene_I	True	0	0	True	938	
A	classical_I	True	0	0	True	1098	
B	classical_I	True	0	0	True	1089	
C	classical_I	True	0	0	True	1101	
DMA	class_II_accessory	True	0	0	True	786	
DMB	class_II_accessory	True	0	0	True	792	
DOA	class_II_accessory	True	0	0	True	753	
DOB	class_II_accessory	True	0	0	True	822	
DPA1	classical_II	True	0	0	True	783	
DPA2	class_II_paralog	True	0	0	True	733	
DPB1	classical_II	True	0	0	True	777	
DPB2	class_II_paralog	True	0	0	True	776	
DQA1	classical_II	True	0	0	True	768	
DQA2	class_II_paralog	True	0	0	True	768	
DQB1	classical_II	True	0	0	True	786	
DQB2	class_II_paralog	True	0	0	True	807	
DRA	class_II_accessory	True	0	0	True	765	
DRB1	classical_II	True	0	0	True	801	
DRB3	class_II_paralog	True	0	0	True	801	
E	nonclassical_I	True	0	0	True	1077	
F	nonclassical_I	True	0	0	True	1041	
G	nonclassical_I	True	0	0	True	1017	
H	pseudogene_I	True	0	0	True	1096	
J	pseudogene_I	True	0	0	True	1095	
K	pseudogene_I	True	0	0	True	1093	
L	pseudogene_I	True	0	0	True	1096	
MICA	mic_tap	True	0	0	True	1156	
MICB	mic_tap	True	0	0	True	1152	
N	pseudogene_I	True	0	0	True	161	
P	pseudogene_I	True	0	0	True	732	
S	pseudogene_I	True	0	0	True	266	
T	pseudogene_I	True	0	0	True	459	
TAP1	mic_tap	True	0	0	True	2247	
TAP2	mic_tap	True	0	0	True	2061	
U	pseudogene_I	True	0	0	True	196	
V	pseudogene_I	True	0	0	True	538	
W	pseudogene_I	True	0	0	True	936	
A	classical_I	True	0	0	True	1098	
B	classical_I	True	0	0	True	1089	
C	classical_I	True	0	0	True	1101	
DMA	class_II_accessory	True	0	0	True	786	
DMB	class_II_accessory	True	0	0	True	792	
DOA	class_II_accessory	True	0	0	True	753	
DOB	class_II_accessory	True	0	0	True	822	
DPA1	classical_II	True	0	0	True	783	
DPA2	class_II_paralog	True	0	0	True	733	
DPB1	classical_II	True	0	0	True	777	
DPB2	class_II_paralog	True	0	0	True	776	
DQA1	classical_II	True	0	0	True	768	
DQA2	class_II_paralog	True	0	0	True	768	
DQB1	classical_II	True	0	0	True	786	
DQB2	class_II_paralog	True	0	0	True	807	
DRA	class_II_accessory	True	0	0	True	765	
DRB1	classical_II	True	0	0	True	801	
DRB3	class_II_paralog	False	15	13	True	801	801.0
E	nonclassical_I	True	0	0	True	1077	
F	nonclassical_I	True	0	0	True	1041	
G	nonclassical_I	True	0	0	True	1017	
H	pseudogene_I	True	0	0	True	1096	
J	pseudogene_I	True	0	0	True	1095	
K	pseudogene_I	True	0	0	True	1093	
L	pseudogene_I	True	0	0	True	1096	
MICA	mic_tap	True	0	0	True	1156	
MICB	mic_tap	True	0	0	True	1152	
N	pseudogene_I	True	0	0	True	161	
P	pseudogene_I	True	0	0	True	735	
S	pseudogene_I	True	0	0	True	266	
T	pseudogene_I	True	0	0	True	459	
TAP1	mic_tap	True	0	0	True	2247	
TAP2	mic_tap	True	0	0	True	2061	
U	pseudogene_I	True	0	0	True	196	
V	pseudogene_I	True	0	0	True	538	
W	pseudogene_I	True	0	0	True	936	
A	classical_I	True	0	0	True	1098	
B	classical_I	True	0	0	True	1089	
C	classical_I	True	0	0	True	1101	
DMA	class_II_accessory	True	0	0	True	786	
DMB	class_II_accessory	True	0	0	True	792	
DOA	class_II_accessory	True	0	0	True	753	
DOB	class_II_accessory	True	0	0	True	822	
DPA1	classical_II	True	0	0	True	783	
DPA2	class_II_paralog	True	0	0	True	733	
DPB1	classical_II	True	0	0	True	777	
DPB2	class_II_paralog	True	0	0	True	776	
DQA1	classical_II	True	0	0	True	768	
DQA2	class_II_paralog	True	0	0	True	768	
DQB1	classical_II	True	0	0	True	786	
DQB2	class_II_paralog	True	0	0	True	807	
DRA	class_II_accessory	True	0	0	True	765	
DRB1	classical_II	True	0	0	True	801	
E	nonclassical_I	True	0	0	True	1077	
F	nonclassical_I	True	0	0	True	1041	
G	nonclassical_I	True	0	0	True	1017	
H	pseudogene_I	True	0	0	True	1097	
J	pseudogene_I	True	0	0	True	1095	
K	pseudogene_I	True	0	0	True	1093	
L	pseudogene_I	True	0	0	True	1096	
MICA	mic_tap	True	0	0	True	1158	
MICB	mic_tap	True	0	0	True	1152	
N	pseudogene_I	True	0	0	True	161	
P	pseudogene_I	True	0	0	True	732	
S	pseudogene_I	True	0	0	True	266	
T	pseudogene_I	True	0	0	True	459	
TAP1	mic_tap	True	0	0	True	2247	
TAP2	mic_tap	True	0	0	True	2112	
U	pseudogene_I	True	0	0	True	196	
V	pseudogene_I	True	0	0	True	517	
W	pseudogene_I	True	0	0	True	938	
Y	pseudogene_I	True	0	0	True	824	
A	classical_I	True	0	0	True	1098	
B	classical_I	True	0	0	True	1089	
C	classical_I	True	0	0	True	1101	
DMA	class_II_accessory	True	0	0	True	786	
DMB	class_II_accessory	True	0	0	True	792	
DOA	class_II_accessory	True	0	0	True	753	
DOB	class_II_accessory	True	0	0	True	822	
DPA1	classical_II	True	0	0	True	783	
DPA2	class_II_paralog	True	0	0	True	733	
DPB1	classical_II	True	0	0	True	777	
DPB2	class_II_paralog	True	0	0	True	776	
DQA1	classical_II	True	0	0	True	768	
DQA2	class_II_paralog	True	0	0	True	768	
DQB1	classical_II	True	0	0	True	786	
DQB2	class_II_paralog	True	0	0	True	807	
DRA	class_II_accessory	True	0	0	True	765	
DRB1	classical_II	True	0	0	True	801	
E	nonclassical_I	True	0	0	True	1077	
F	nonclassical_I	True	0	0	True	1041	
G	nonclassical_I	True	0	0	True	1017	
H	pseudogene_I	True	0	0	True	1097	
HFE	other	True	0	0	True	1047	
J	pseudogene_I	True	0	0	True	1095	
K	pseudogene_I	True	0	0	True	1093	
L	pseudogene_I	True	0	0	True	1096	
MICA	mic_tap	True	0	0	True	1158	
MICB	mic_tap	True	0	0	True	1152	
N	pseudogene_I	True	0	0	True	161	
P	pseudogene_I	True	0	0	True	732	
S	pseudogene_I	True	0	0	True	266	
T	pseudogene_I	True	0	0	True	459	
TAP1	mic_tap	True	0	0	True	2247	
TAP2	mic_tap	True	0	0	True	2112	
U	pseudogene_I	True	0	0	True	196	
V	pseudogene_I	True	0	0	True	517	
W	pseudogene_I	True	0	0	True	938	
Y	pseudogene_I	True	0	0	True	824	
A	classical_I	False	1	1	False	1098	1097.0
B	classical_I	True	0	0	True	1089	
C	classical_I	True	0	0	True	1101	
DMA	class_II_accessory	True	0	0	True	786	
DMB	class_II_accessory	True	0	0	True	792	
DOA	class_II_accessory	True	0	0	True	753	
DOB	class_II_accessory	True	0	0	True	822	
DPA1	classical_II	True	0	0	True	783	
DPA2	class_II_paralog	True	0	0	True	733	
DPB1	classical_II	True	0	0	True	777	
DPB2	class_II_paralog	True	0	0	True	776	
DQA1	classical_II	True	0	0	True	765	
DQA2	class_II_paralog	True	0	0	True	768	
DQB1	classical_II	True	0	0	True	786	
DQB2	class_II_paralog	True	0	0	True	807	
DRA	class_II_accessory	True	0	0	True	765	
DRB1	classical_II	True	0	0	True	801	
DRB3	class_II_paralog	True	0	0	True	801	
E	nonclassical_I	True	0	0	True	1077	
F	nonclassical_I	True	0	0	True	1041	
G	nonclassical_I	True	0	0	True	1016	
H	pseudogene_I	True	0	0	True	1096	
J	pseudogene_I	True	0	0	True	1089	
K	pseudogene_I	True	0	0	True	1092	
L	pseudogene_I	True	0	0	True	1096	
MICA	mic_tap	True	0	0	True	1167	
MICB	mic_tap	True	0	0	True	1152	
N	pseudogene_I	True	0	0	True	161	
P	pseudogene_I	True	0	0	True	732	
S	pseudogene_I	True	0	0	True	266	
T	pseudogene_I	True	0	0	True	459	
TAP1	mic_tap	True	0	0	True	2247	
TAP2	mic_tap	True	0	0	True	2061	
U	pseudogene_I	True	0	0	True	196	
V	pseudogene_I	True	0	0	True	517	
W	pseudogene_I	True	0	0	True	923	
Y	pseudogene_I	True	0	0	True	824	
A	classical_I	False	48	43	True	1098	1098.0
B	classical_I	True	0	0	True	1089	
C	classical_I	True	0	0	True	1101	
DMA	class_II_accessory	True	0	0	True	786	
DMB	class_II_accessory	True	0	0	True	792	
DOA	class_II_accessory	True	0	0	True	753	
DOB	class_II_accessory	True	0	0	True	822	
DPA1	classical_II	True	0	0	True	783	
DPA2	class_II_paralog	True	0	0	True	733	
DPB1	classical_II	True	0	0	True	777	
DPB2	class_II_paralog	True	0	0	True	776	
DQA1	classical_II	True	0	0	True	768	
DQA2	class_II_paralog	True	0	0	True	768	
DQB1	classical_II	True	0	0	True	786	
DQB2	class_II_paralog	True	0	0	True	807	
DRA	class_II_accessory	True	0	0	True	765	
DRB1	classical_II	True	0	0	True	801	
DRB5	class_II_paralog	True	0	0	True	801	
E	nonclassical_I	True	0	0	True	1077	
F	nonclassical_I	True	0	0	True	1041	
G	nonclassical_I	False	1	1	False	1016	1017.0
H	pseudogene_I	False	12	10	True	1096	1096.0
J	pseudogene_I	True	0	0	True	1095	
K	pseudogene_I	False	28	26	False	1092	1093.0
L	pseudogene_I	True	0	0	True	1094	
MICA	mic_tap	True	0	0	True	1156	
MICB	mic_tap	False	1	1	False	1152	1153.0
N	pseudogene_I	True	0	0	True	161	
P	pseudogene_I	True	0	0	True	732	
S	pseudogene_I	True	0	0	True	266	
T	pseudogene_I	False	1	1	True	459	459.0
TAP1	mic_tap	True	0	0	True	2247	
TAP2	mic_tap	False	1	1	False	2061	2060.0
U	pseudogene_I	False	7	6	True	196	196.0
V	pseudogene_I	True	0	0	True	538	
W	pseudogene_I	True	0	0	True	936	
A	classical_I	True	0	0	True	1098	
B	classical_I	True	0	0	True	1089	
C	classical_I	True	0	0	True	1101	
DMA	class_II_accessory	True	0	0	True	786	
DMB	class_II_accessory	True	0	0	True	792	
DOA	class_II_accessory	True	0	0	True	753	
DOB	class_II_accessory	True	0	0	True	822	
DPA1	classical_II	True	0	0	True	783	
DPA2	class_II_paralog	True	0	0	True	733	
DPB1	classical_II	True	0	0	True	777	
DPB2	class_II_paralog	True	0	0	True	776	
DQA1	classical_II	True	0	0	True	768	
DQA2	class_II_paralog	True	0	0	True	768	
DQB1	classical_II	True	0	0	True	786	
DQB2	class_II_paralog	True	0	0	True	807	
DRA	class_II_accessory	True	0	0	True	765	
DRB1	classical_II	True	0	0	True	801	
DRB3	class_II_paralog	True	0	0	True	801	
E	nonclassical_I	True	0	0	True	1077	
F	nonclassical_I	True	0	0	True	1041	
G	nonclassical_I	True	0	0	True	1017	
H	pseudogene_I	True	0	0	True	1097	
J	pseudogene_I	True	0	0	True	1095	
K	pseudogene_I	True	0	0	True	1093	
L	pseudogene_I	True	0	0	True	1096	
MICA	mic_tap	True	0	0	True	1156	
MICB	mic_tap	True	0	0	True	1152	
N	pseudogene_I	True	0	0	True	161	
P	pseudogene_I	True	0	0	True	732	
S	pseudogene_I	True	0	0	True	266	
T	pseudogene_I	True	0	0	True	459	
TAP1	mic_tap	True	0	0	True	2247	
TAP2	mic_tap	True	0	0	True	2061	
U	pseudogene_I	True	0	0	True	196	
V	pseudogene_I	True	0	0	True	538	
W	pseudogene_I	True	0	0	True	923	
Y	pseudogene_I	True	0	0	True	824	
A	classical_I	True	0	0	True	1098	
B	classical_I	True	0	0	True	1089	
C	classical_I	True	0	0	True	1101	
DMA	class_II_accessory	True	0	0	True	786	
DMB	class_II_accessory	True	0	0	True	792	
DOA	class_II_accessory	True	0	0	True	753	
DOB	class_II_accessory	True	0	0	True	822	
DPA1	classical_II	True	0	0	True	783	
DPA2	class_II_paralog	True	0	0	True	733	
DPB1	classical_II	True	0	0	True	777	
DPB2	class_II_paralog	True	0	0	True	776	
DQA1	classical_II	True	0	0	True	765	
DQA2	class_II_paralog	True	0	0	True	768	
DQB1	classical_II	True	0	0	True	786	
DQB2	class_II_paralog	True	0	0	True	807	
DRA	class_II_accessory	True	0	0	True	765	
DRB1	classical_II	True	0	0	True	801	
DRB3	class_II_paralog	True	0	0	True	801	
E	nonclassical_I	True	0	0	True	1077	
F	nonclassical_I	True	0	0	True	1041	
G	nonclassical_I	True	0	0	True	1017	
H	pseudogene_I	True	0	0	True	1097	
J	pseudogene_I	True	0	0	True	1088	
K	pseudogene_I	True	0	0	True	1093	
L	pseudogene_I	True	0	0	True	1096	
MICA	mic_tap	True	0	0	True	1156	
MICB	mic_tap	True	0	0	True	1152	
N	pseudogene_I	True	0	0	True	161	
P	pseudogene_I	True	0	0	True	732	
S	pseudogene_I	True	0	0	True	266	
T	pseudogene_I	True	0	0	True	459	
TAP1	mic_tap	True	0	0	True	2247	
TAP2	mic_tap	True	0	0	True	2061	
U	pseudogene_I	True	0	0	True	196	
V	pseudogene_I	True	0	0	True	517	
W	pseudogene_I	True	0	0	True	938	
Y	pseudogene_I	True	0	0	True	824	
A	classical_I	True	0	0	True	1098	
B	classical_I	True	0	0	True	1089	
C	classical_I	True	0	0	True	1101	
DMA	class_II_accessory	True	0	0	True	786	
DMB	class_II_accessory	True	0	0	True	792	
DOA	class_II_accessory	True	0	0	True	753	
DOB	class_II_accessory	True	0	0	True	822	
DPA1	classical_II	True	0	0	True	783	
DPA2	class_II_paralog	True	0	0	True	733	
DPB1	classical_II	True	0	0	True	777	
DPB2	class_II_paralog	True	0	0	True	776	
DQA1	classical_II	True	0	0	True	765	
DQA2	class_II_paralog	True	0	0	True	768	
DQB1	classical_II	True	0	0	True	786	
DQB2	class_II_paralog	True	0	0	True	807	
DRA	class_II_accessory	True	0	0	True	765	
DRB1	classical_II	True	0	0	True	801	
DRB3	class_II_paralog	True	0	0	True	801	
E	nonclassical_I	True	0	0	True	1077	
F	nonclassical_I	True	0	0	True	1041	
G	nonclassical_I	True	0	0	True	1017	
H	pseudogene_I	True	0	0	True	1096	
J	pseudogene_I	True	0	0	True	1095	
K	pseudogene_I	True	0	0	True	1093	
L	pseudogene_I	True	0	0	True	1096	
MICA	mic_tap	True	0	0	True	1156	
MICB	mic_tap	True	0	0	True	1152	
N	pseudogene_I	True	0	0	True	161	
P	pseudogene_I	True	0	0	True	732	
S	pseudogene_I	True	0	0	True	266	
T	pseudogene_I	True	0	0	True	459	
TAP1	mic_tap	True	0	0	True	2247	
TAP2	mic_tap	True	0	0	True	2061	
U	pseudogene_I	True	0	0	True	196	
V	pseudogene_I	True	0	0	True	517	
W	pseudogene_I	True	0	0	True	936	
A	classical_I	True	0	0	True	1098	
B	classical_I	True	0	0	True	1089	
C	classical_I	True	0	0	True	1101	
DMA	class_II_accessory	True	0	0	True	786	
DMB	class_II_accessory	True	0	0	True	792	
DOA	class_II_accessory	True	0	0	True	753	
DOB	class_II_accessory	True	0	0	True	822	
DPA1	classical_II	True	0	0	True	783	
DPA2	class_II_paralog	True	0	0	True	733	
DPB1	classical_II	True	0	0	True	777	
DPB2	class_II_paralog	True	0	0	True	776	
DQA1	classical_II	True	0	0	True	765	
DQA2	class_II_paralog	True	0	0	True	768	
DQB1	classical_II	True	0	0	True	786	
DQB2	class_II_paralog	True	0	0	True	807	
DRA	class_II_accessory	True	0	0	True	765	
DRB1	classical_II	True	0	0	True	801	
DRB3	class_II_paralog	True	0	0	True	801	
E	nonclassical_I	True	0	0	True	1077	
F	nonclassical_I	True	0	0	True	1041	
G	nonclassical_I	True	0	0	True	1017	
H	pseudogene_I	True	0	0	True	1096	
J	pseudogene_I	True	0	0	True	1095	
K	pseudogene_I	True	0	0	True	1093	
L	pseudogene_I	True	0	0	True	1096	
MICA	mic_tap	True	0	0	True	1156	
MICB	mic_tap	True	0	0	True	1152	
N	pseudogene_I	True	0	0	True	161	
P	pseudogene_I	True	0	0	True	735	
S	pseudogene_I	True	0	0	True	266	
T	pseudogene_I	True	0	0	True	459	
TAP1	mic_tap	True	0	0	True	2247	
TAP2	mic_tap	True	0	0	True	2061	
U	pseudogene_I	True	0	0	True	196	
V	pseudogene_I	True	0	0	True	516	
W	pseudogene_I	True	0	0	True	938	
A	classical_I	True	0	0	True	1098	
B	classical_I	True	0	0	True	1089	
C	classical_I	True	0	0	True	1101	
DMA	class_II_accessory	True	0	0	True	786	
DMB	class_II_accessory	True	0	0	True	792	
DOA	class_II_accessory	True	0	0	True	753	
DOB	class_II_accessory	True	0	0	True	822	
DPA1	classical_II	True	0	0	True	783	
DPA2	class_II_paralog	True	0	0	True	733	
DPB1	classical_II	True	0	0	True	777	
DPB2	class_II_paralog	True	0	0	True	776	
DQA1	classical_II	True	0	0	True	768	
DQA2	class_II_paralog	True	0	0	True	768	
DQB1	classical_II	True	0	0	True	786	
DQB2	class_II_paralog	True	0	0	True	807	
DRA	class_II_accessory	True	0	0	True	765	
DRB1	classical_II	True	0	0	True	801	
DRB3	class_II_paralog	True	0	0	True	801	
DRB4	class_II_paralog	True	0	0	True	801	
E	nonclassical_I	True	0	0	True	1077	
F	nonclassical_I	True	0	0	True	1041	
G	nonclassical_I	True	0	0	True	1017	
H	pseudogene_I	True	0	0	True	1096	
J	pseudogene_I	True	0	0	True	1088	
K	pseudogene_I	True	0	0	True	1093	
L	pseudogene_I	True	0	0	True	1094	
MICA	mic_tap	True	0	0	True	1152	
MICB	mic_tap	True	0	0	True	1152	
N	pseudogene_I	True	0	0	True	161	
P	pseudogene_I	True	0	0	True	735	
S	pseudogene_I	True	0	0	True	266	
T	pseudogene_I	True	0	0	True	459	
TAP1	mic_tap	True	0	0	True	2247	
TAP2	mic_tap	True	0	0	True	2061	
U	pseudogene_I	True	0	0	True	196	
V	pseudogene_I	True	0	0	True	538	
W	pseudogene_I	True	0	0	True	936	
Y	pseudogene_I	True	0	0	True	824	
A	classical_I	True	0	0	True	1098	
B	classical_I	True	0	0	True	1089	
C	classical_I	True	0	0	True	1101	
DMA	class_II_accessory	True	0	0	True	786	
DMB	class_II_accessory	True	0	0	True	792	
DOA	class_II_accessory	True	0	0	True	753	
DOB	class_II_accessory	True	0	0	True	822	
DPA1	classical_II	True	0	0	True	783	
DPA2	class_II_paralog	True	0	0	True	733	
DPB1	classical_II	True	0	0	True	777	
DPB2	class_II_paralog	True	0	0	True	776	
DQA1	classical_II	True	0	0	True	765	
DQA2	class_II_paralog	True	0	0	True	768	
DQB1	classical_II	True	0	0	True	786	
DQB2	class_II_paralog	True	0	0	True	807	
DRA	class_II_accessory	True	0	0	True	765	
DRB1	classical_II	True	0	0	True	801	
DRB3	class_II_paralog	True	0	0	True	801	
E	nonclassical_I	True	0	0	True	1077	
F	nonclassical_I	True	0	0	True	1041	
G	nonclassical_I	True	0	0	True	1017	
H	pseudogene_I	False	21	19	False	1097	1095.0
J	pseudogene_I	True	0	0	True	1095	
K	pseudogene_I	False	30	25	False	1094	1093.0
L	pseudogene_I	True	0	0	True	1094	
MICA	mic_tap	True	0	0	True	1152	
MICB	mic_tap	True	0	0	True	1152	
N	pseudogene_I	True	0	0	True	161	
P	pseudogene_I	True	0	0	True	735	
S	pseudogene_I	True	0	0	True	266	
T	pseudogene_I	False	9	9	True	459	459.0
TAP1	mic_tap	True	0	0	True	2247	
TAP2	mic_tap	True	0	0	True	2061	
U	pseudogene_I	False	8	7	True	196	196.0
V	pseudogene_I	True	0	0	True	538	
W	pseudogene_I	True	0	0	True	936	
A	classical_I	True	0	0	True	1098	
B	classical_I	True	0	0	True	1089	
C	classical_I	True	0	0	True	1101	
DMA	class_II_accessory	True	0	0	True	786	
DMB	class_II_accessory	True	0	0	True	792	
DOA	class_II_accessory	True	0	0	True	753	
DOB	class_II_accessory	True	0	0	True	822	
DPA1	classical_II	True	0	0	True	783	
DPA2	class_II_paralog	True	0	0	True	733	
DPB1	classical_II	True	0	0	True	777	
DPB2	class_II_paralog	True	0	0	True	776	
DQA1	classical_II	True	0	0	True	768	
DQA2	class_II_paralog	True	0	0	True	768	
DQB1	classical_II	True	0	0	True	786	
DQB2	class_II_paralog	True	0	0	True	807	
DRA	class_II_accessory	True	0	0	True	765	
DRB1	classical_II	True	0	0	True	801	
DRB3	class_II_paralog	True	0	0	True	801	
E	nonclassical_I	True	0	0	True	1077	
F	nonclassical_I	True	0	0	True	1041	
G	nonclassical_I	True	0	0	True	1017	
H	pseudogene_I	True	0	0	True	1097	
J	pseudogene_I	True	0	0	True	1088	
K	pseudogene_I	True	0	0	True	1093	
L	pseudogene_I	True	0	0	True	1096	
MICA	mic_tap	True	0	0	True	1158	
MICB	mic_tap	True	0	0	True	1152	
N	pseudogene_I	True	0	0	True	161	
P	pseudogene_I	True	0	0	True	732	
S	pseudogene_I	True	0	0	True	266	
T	pseudogene_I	True	0	0	True	459	
TAP1	mic_tap	True	0	0	True	2247	
TAP2	mic_tap	True	0	0	True	2112	
U	pseudogene_I	True	0	0	True	196	
V	pseudogene_I	True	0	0	True	517	
W	pseudogene_I	True	0	0	True	938	
Y	pseudogene_I	True	0	0	True	824	
A	classical_I	True	0	0	True	1098	
B	classical_I	True	0	0	True	1089	
C	classical_I	True	0	0	True	1101	
DMA	class_II_accessory	True	0	0	True	786	
DMB	class_II_accessory	True	0	0	True	792	
DOA	class_II_accessory	True	0	0	True	753	
DOB	class_II_accessory	True	0	0	True	822	
DPA1	classical_II	True	0	0	True	783	
DPA2	class_II_paralog	True	0	0	True	733	
DPB1	classical_II	True	0	0	True	777	
DPB2	class_II_paralog	True	0	0	True	776	
DQA1	classical_II	True	0	0	True	765	
DQA2	class_II_paralog	True	0	0	True	768	
DQB1	classical_II	True	0	0	True	786	
DQB2	class_II_paralog	True	0	0	True	807	
DRA	class_II_accessory	True	0	0	True	765	
DRB1	classical_II	True	0	0	True	801	
DRB3	class_II_paralog	True	0	0	True	801	
E	nonclassical_I	True	0	0	True	1077	
F	nonclassical_I	True	0	0	True	1041	
G	nonclassical_I	True	0	0	True	1017	
H	pseudogene_I	True	0	0	True	1096	
J	pseudogene_I	True	0	0	True	1095	
K	pseudogene_I	True	0	0	True	1093	
L	pseudogene_I	True	0	0	True	1094	
MICA	mic_tap	True	0	0	True	1167	
MICB	mic_tap	True	0	0	True	1152	
N	pseudogene_I	True	0	0	True	161	
P	pseudogene_I	True	0	0	True	735	
S	pseudogene_I	True	0	0	True	266	
T	pseudogene_I	True	0	0	True	459	
TAP1	mic_tap	True	0	0	True	2247	
TAP2	mic_tap	True	0	0	True	2061	
U	pseudogene_I	True	0	0	True	196	
V	pseudogene_I	True	0	0	True	538	
W	pseudogene_I	True	0	0	True	923	
A	classical_I	True	0	0	True	1098	
B	classical_I	True	0	0	True	1089	
C	classical_I	True	0	0	True	1101	
DMA	class_II_accessory	True	0	0	True	786	
DMB	class_II_accessory	True	0	0	True	792	
DOA	class_II_accessory	True	0	0	True	753	
DOB	class_II_accessory	True	0	0	True	822	
DPA1	classical_II	True	0	0	True	783	
DPA2	class_II_paralog	True	0	0	True	733	
DPB1	classical_II	True	0	0	True	777	
DPB2	class_II_paralog	True	0	0	True	776	
DQA1	classical_II	True	0	0	True	765	
DQA2	class_II_paralog	True	0	0	True	768	
DQB1	classical_II	True	0	0	True	786	
DQB2	class_II_paralog	True	0	0	True	807	
DRA	class_II_accessory	True	0	0	True	765	
DRB1	classical_II	True	0	0	True	801	
DRB3	class_II_paralog	False	15	13	True	801	801.0
E	nonclassical_I	True	0	0	True	1077	
F	nonclassical_I	True	0	0	True	1041	
G	nonclassical_I	True	0	0	True	1017	
H	pseudogene_I	True	0	0	True	1096	
J	pseudogene_I	True	0	0	True	1095	
K	pseudogene_I	True	0	0	True	1093	
L	pseudogene_I	True	0	0	True	1094	
MICA	mic_tap	True	0	0	True	1167	
MICB	mic_tap	True	0	0	True	1152	
N	pseudogene_I	True	0	0	True	161	
P	pseudogene_I	True	0	0	True	735	
S	pseudogene_I	True	0	0	True	266	
T	pseudogene_I	True	0	0	True	459	
TAP1	mic_tap	True	0	0	True	2247	
TAP2	mic_tap	True	0	0	True	2061	
U	pseudogene_I	True	0	0	True	196	
V	pseudogene_I	True	0	0	True	538	
W	pseudogene_I	True	0	0	True	923	
A	classical_I	True	0	0	True	1098	
B	classical_I	True	0	0	True	1089	
C	classical_I	True	0	0	True	1101	
DMA	class_II_accessory	True	0	0	True	786	
DMB	class_II_accessory	True	0	0	True	792	
DOA	class_II_accessory	True	0	0	True	753	
DOB	class_II_accessory	True	0	0	True	822	
DPA1	classical_II	True	0	0	True	783	
DPA2	class_II_paralog	True	0	0	True	733	
DPB1	classical_II	True	0	0	True	777	
DPB2	class_II_paralog	False	1	1	False	776	775.0
DQA1	classical_II	True	0	0	True	768	
DQA2	class_II_paralog	True	0	0	True	768	
DQB1	classical_II	True	0	0	True	786	
DQB2	class_II_paralog	True	0	0	True	807	
DRA	class_II_accessory	True	0	0	True	765	
DRB1	classical_II	True	0	0	True	801	
DRB3	class_II_paralog	True	0	0	True	801	
E	nonclassical_I	True	0	0	True	1077	
F	nonclassical_I	True	0	0	True	1041	
G	nonclassical_I	True	0	0	True	1017	
H	pseudogene_I	True	0	0	True	1096	
J	pseudogene_I	True	0	0	True	1089	
K	pseudogene_I	True	0	0	True	1095	
L	pseudogene_I	True	0	0	True	1094	
MICA	mic_tap	True	0	0	True	1167	
MICB	mic_tap	True	0	0	True	1152	
N	pseudogene_I	True	0	0	True	161	
P	pseudogene_I	True	0	0	True	732	
S	pseudogene_I	True	0	0	True	266	
T	pseudogene_I	True	0	0	True	459	
TAP1	mic_tap	True	0	0	True	2247	
TAP2	mic_tap	True	0	0	True	2112	
U	pseudogene_I	True	0	0	True	196	
V	pseudogene_I	True	0	0	True	517	
W	pseudogene_I	True	0	0	True	938	
Y	pseudogene_I	True	0	0	True	824	
A	classical_I	True	0	0	True	1098	
B	classical_I	True	0	0	True	1089	
C	classical_I	True	0	0	True	1101	
DMA	class_II_accessory	True	0	0	True	786	
DMB	class_II_accessory	True	0	0	True	792	
DOA	class_II_accessory	True	0	0	True	753	
DOB	class_II_accessory	True	0	0	True	822	
DPA1	classical_II	True	0	0	True	783	
DPA2	class_II_paralog	True	0	0	True	733	
DPB1	classical_II	True	0	0	True	777	
DPB2	class_II_paralog	True	0	0	True	776	
DQA1	classical_II	True	0	0	True	768	
DQA2	class_II_paralog	True	0	0	True	768	
DQB1	classical_II	True	0	0	True	786	
DQB2	class_II_paralog	True	0	0	True	807	
DRA	class_II_accessory	True	0	0	True	765	
DRB1	classical_II	True	0	0	True	801	
DRB4	class_II_paralog	True	0	0	True	801	
E	nonclassical_I	True	0	0	True	1077	
F	nonclassical_I	True	0	0	True	1041	
G	nonclassical_I	True	0	0	True	1017	
H	pseudogene_I	False	23	17	False	1096	1090.0
J	pseudogene_I	True	0	0	True	1095	
K	pseudogene_I	False	27	24	False	1093	1090.0
L	pseudogene_I	True	0	0	True	1096	
MICA	mic_tap	True	0	0	True	1167	
MICB	mic_tap	True	0	0	True	1152	
N	pseudogene_I	True	0	0	True	161	
P	pseudogene_I	True	0	0	True	735	
S	pseudogene_I	True	0	0	True	266	
T	pseudogene_I	False	4	4	True	459	459.0
TAP1	mic_tap	True	0	0	True	2247	
TAP2	mic_tap	True	0	0	True	2061	
U	pseudogene_I	False	3	3	True	196	196.0
V	pseudogene_I	True	0	0	True	538	
W	pseudogene_I	True	0	0	True	936	
A	classical_I	True	0	0	True	1098	
B	classical_I	True	0	0	True	1092	
C	classical_I	True	0	0	True	1101	
DMA	class_II_accessory	True	0	0	True	786	
DMB	class_II_accessory	True	0	0	True	792	
DOA	class_II_accessory	True	0	0	True	753	
DOB	class_II_accessory	True	0	0	True	822	
DPA1	classical_II	True	0	0	True	783	
DPA2	class_II_paralog	True	0	0	True	733	
DPB1	classical_II	False	1	1	False	776	777.0
DPB2	class_II_paralog	True	0	0	True	776	
DQA1	classical_II	True	0	0	True	768	
DQA2	class_II_paralog	True	0	0	True	768	
DQB1	classical_II	True	0	0	True	786	
DQB2	class_II_paralog	True	0	0	True	807	
DRA	class_II_accessory	True	0	0	True	765	
DRB1	classical_II	True	0	0	True	801	
DRB4	class_II_paralog	True	0	0	True	801	
E	nonclassical_I	True	0	0	True	1077	
F	nonclassical_I	True	0	0	True	1041	
G	nonclassical_I	True	0	0	True	1017	
H	pseudogene_I	False	1	1	False	1096	1095.0
J	pseudogene_I	True	0	0	True	1095	
K	pseudogene_I	True	0	0	True	1093	
L	pseudogene_I	True	0	0	True	1094	
MICA	mic_tap	False	20	14	False	1152	1158.0
MICB	mic_tap	False	1	1	False	1153	1152.0
N	pseudogene_I	True	0	0	True	161	
P	pseudogene_I	True	0	0	True	735	
S	pseudogene_I	True	0	0	True	266	
T	pseudogene_I	True	0	0	True	459	
TAP1	mic_tap	True	0	0	True	2247	
TAP2	mic_tap	True	0	0	True	2061	
U	pseudogene_I	True	0	0	True	196	
V	pseudogene_I	True	0	0	True	538	
W	pseudogene_I	True	0	0	True	923	
A	classical_I	True	0	0	True	1098	
B	classical_I	True	0	0	True	1089	
C	classical_I	True	0	0	True	1101	
DMA	class_II_accessory	True	0	0	True	786	
DMB	class_II_accessory	True	0	0	True	792	
DOA	class_II_accessory	True	0	0	True	753	
DOB	class_II_accessory	True	0	0	True	822	
DPA1	classical_II	True	0	0	True	783	
DPA2	class_II_paralog	True	0	0	True	733	
DPB1	classical_II	True	0	0	True	777	
DPB2	class_II_paralog	True	0	0	True	776	
DQA1	classical_II	True	0	0	True	765	
DQA2	class_II_paralog	True	0	0	True	768	
DQB1	classical_II	True	0	0	True	786	
DQB2	class_II_paralog	True	0	0	True	807	
DRA	class_II_accessory	True	0	0	True	765	
DRB1	classical_II	True	0	0	True	801	
DRB3	class_II_paralog	True	0	0	True	801	
E	nonclassical_I	True	0	0	True	1077	
F	nonclassical_I	True	0	0	True	1041	
G	nonclassical_I	True	0	0	True	1017	
H	pseudogene_I	True	0	0	True	1097	
HFE	other	True	0	0	True	1047	
J	pseudogene_I	True	0	0	True	1088	
K	pseudogene_I	True	0	0	True	1093	
L	pseudogene_I	True	0	0	True	1096	
MICA	mic_tap	True	0	0	True	1167	
MICB	mic_tap	True	0	0	True	1152	
N	pseudogene_I	True	0	0	True	161	
P	pseudogene_I	True	0	0	True	735	
S	pseudogene_I	True	0	0	True	266	
T	pseudogene_I	True	0	0	True	459	
TAP1	mic_tap	True	0	0	True	2247	
TAP2	mic_tap	True	0	0	True	2061	
U	pseudogene_I	True	0	0	True	196	
V	pseudogene_I	True	0	0	True	516	
W	pseudogene_I	True	0	0	True	938	
Y	pseudogene_I	True	0	0	True	824	
A	classical_I	True	0	0	True	1098	
B	classical_I	True	0	0	True	1089	
C	classical_I	True	0	0	True	1101	
DMA	class_II_accessory	True	0	0	True	786	
DMB	class_II_accessory	True	0	0	True	792	
DOA	class_II_accessory	True	0	0	True	753	
DOB	class_II_accessory	True	0	0	True	822	
DPA1	classical_II	True	0	0	True	783	
DPA2	class_II_paralog	True	0	0	True	733	
DPB1	classical_II	True	0	0	True	777	
DPB2	class_II_paralog	True	0	0	True	776	
DQA1	classical_II	True	0	0	True	768	
DQA2	class_II_paralog	True	0	0	True	768	
DQB1	classical_II	True	0	0	True	786	
DQB2	class_II_paralog	True	0	0	True	807	
DRA	class_II_accessory	True	0	0	True	765	
DRB1	classical_II	True	0	0	True	801	
DRB3	class_II_paralog	True	0	0	True	801	
E	nonclassical_I	True	0	0	True	1077	
F	nonclassical_I	True	0	0	True	1041	
G	nonclassical_I	True	0	0	True	1017	
H	pseudogene_I	True	0	0	True	1096	
HFE	other	True	0	0	True	1047	
J	pseudogene_I	True	0	0	True	1081	
K	pseudogene_I	True	0	0	True	1093	
L	pseudogene_I	True	0	0	True	1094	
MICA	mic_tap	True	0	0	True	1167	
MICB	mic_tap	True	0	0	True	1152	
N	pseudogene_I	True	0	0	True	161	
P	pseudogene_I	True	0	0	True	732	
S	pseudogene_I	True	0	0	True	266	
T	pseudogene_I	True	0	0	True	459	
TAP1	mic_tap	True	0	0	True	2247	
TAP2	mic_tap	True	0	0	True	2061	
U	pseudogene_I	True	0	0	True	196	
V	pseudogene_I	True	0	0	True	517	
W	pseudogene_I	True	0	0	True	936	
A	classical_I	True	0	0	True	1098	
B	classical_I	True	0	0	True	1089	
C	classical_I	True	0	0	True	1101	
DMA	class_II_accessory	True	0	0	True	786	
DMB	class_II_accessory	True	0	0	True	792	
DOA	class_II_accessory	True	0	0	True	753	
DOB	class_II_accessory	True	0	0	True	822	
DPA1	classical_II	True	0	0	True	783	
DPA2	class_II_paralog	True	0	0	True	733	
DPB1	classical_II	True	0	0	True	777	
DPB2	class_II_paralog	True	0	0	True	776	
DQA1	classical_II	True	0	0	True	768	
DQA2	class_II_paralog	True	0	0	True	768	
DQB1	classical_II	True	0	0	True	786	
DQB2	class_II_paralog	True	0	0	True	807	
DRA	class_II_accessory	True	0	0	True	765	
DRB1	classical_II	False	10	6	True	801	801.0
DRB4	class_II_paralog	True	0	0	True	801	
E	nonclassical_I	True	0	0	True	1077	
F	nonclassical_I	False	1	1	True	1041	1041.0
G	nonclassical_I	False	3	3	True	1017	1017.0
H	pseudogene_I	True	0	0	True	1104	
J	pseudogene_I	True	0	0	True	1095	
K	pseudogene_I	False	1	1	False	1092	1091.0
L	pseudogene_I	True	0	0	True	1096	
MICA	mic_tap	True	0	0	True	1156	
MICB	mic_tap	True	0	0	True	1152	
N	pseudogene_I	True	0	0	True	161	
P	pseudogene_I	True	0	0	True	735	
S	pseudogene_I	True	0	0	True	266	
T	pseudogene_I	True	0	0	True	459	
TAP1	mic_tap	True	0	0	True	2247	
TAP2	mic_tap	True	0	0	True	2061	
U	pseudogene_I	True	0	0	True	196	
V	pseudogene_I	False	1	1	False	538	537.0
W	pseudogene_I	True	0	0	True	936	
A	classical_I	True	0	0	True	1098	
B	classical_I	True	0	0	True	1089	
C	classical_I	True	0	0	True	1101	
DMA	class_II_accessory	True	0	0	True	786	
DMB	class_II_accessory	True	0	0	True	792	
DOA	class_II_accessory	True	0	0	True	753	
DOB	class_II_accessory	True	0	0	True	822	
DPA1	classical_II	True	0	0	True	783	
DPA2	class_II_paralog	True	0	0	True	733	
DPB1	classical_II	True	0	0	True	777	
DPB2	class_II_paralog	True	0	0	True	776	
DQA1	classical_II	True	0	0	True	768	
DQA2	class_II_paralog	True	0	0	True	768	
DQB1	classical_II	True	0	0	True	786	
DQB2	class_II_paralog	True	0	0	True	807	
DRA	class_II_accessory	True	0	0	True	765	
DRB1	classical_II	False	10	6	True	801	801.0
DRB4	class_II_paralog	True	0	0	True	801	
E	nonclassical_I	True	0	0	True	1077	
F	nonclassical_I	False	1	1	True	1041	1041.0
G	nonclassical_I	True	0	0	True	1017	
H	pseudogene_I	True	0	0	True	1104	
J	pseudogene_I	True	0	0	True	1095	
K	pseudogene_I	True	0	0	True	1092	
L	pseudogene_I	True	0	0	True	1096	
MICA	mic_tap	True	0	0	True	1156	
MICB	mic_tap	True	0	0	True	1152	
N	pseudogene_I	True	0	0	True	161	
P	pseudogene_I	True	0	0	True	735	
S	pseudogene_I	True	0	0	True	266	
T	pseudogene_I	True	0	0	True	459	
TAP1	mic_tap	True	0	0	True	2247	
TAP2	mic_tap	True	0	0	True	2061	
U	pseudogene_I	True	0	0	True	196	
V	pseudogene_I	True	0	0	True	538	
W	pseudogene_I	True	0	0	True	936	
A	classical_I	True	0	0	True	1098	
B	classical_I	True	0	0	True	1089	
C	classical_I	True	0	0	True	1101	
DMA	class_II_accessory	True	0	0	True	786	
DMB	class_II_accessory	True	0	0	True	792	
DOA	class_II_accessory	True	0	0	True	753	
DOB	class_II_accessory	True	0	0	True	822	
DPA1	classical_II	True	0	0	True	783	
DPA2	class_II_paralog	True	0	0	True	733	
DPB1	classical_II	True	0	0	True	777	
DPB2	class_II_paralog	True	0	0	True	776	
DQA1	classical_II	True	0	0	True	768	
DQA2	class_II_paralog	True	0	0	True	768	
DQB1	classical_II	True	0	0	True	786	
DQB2	class_II_paralog	True	0	0	True	807	
DRA	class_II_accessory	True	0	0	True	765	
DRB1	classical_II	True	0	0	True	801	
E	nonclassical_I	True	0	0	True	1077	
F	nonclassical_I	True	0	0	True	1041	
G	nonclassical_I	True	0	0	True	1017	
H	pseudogene_I	True	0	0	True	1096	
J	pseudogene_I	True	0	0	True	1095	
K	pseudogene_I	True	0	0	True	1093	
L	pseudogene_I	True	0	0	True	1096	
MICA	mic_tap	True	0	0	True	1156	
MICB	mic_tap	True	0	0	True	1152	
N	pseudogene_I	True	0	0	True	161	
P	pseudogene_I	True	0	0	True	732	
S	pseudogene_I	True	0	0	True	266	
T	pseudogene_I	True	0	0	True	459	
TAP1	mic_tap	True	0	0	True	2247	
TAP2	mic_tap	True	0	0	True	2061	
U	pseudogene_I	True	0	0	True	196	
V	pseudogene_I	True	0	0	True	517	
W	pseudogene_I	True	0	0	True	936	
A	classical_I	True	0	0	True	1098	
B	classical_I	True	0	0	True	1089	
C	classical_I	True	0	0	True	1101	
DMA	class_II_accessory	True	0	0	True	786	
DMB	class_II_accessory	True	0	0	True	792	
DOA	class_II_accessory	True	0	0	True	753	
DOB	class_II_accessory	True	0	0	True	822	
DPA1	classical_II	True	0	0	True	783	
DPA2	class_II_paralog	True	0	0	True	733	
DPB1	classical_II	True	0	0	True	777	
DPB2	class_II_paralog	True	0	0	True	776	
DQA1	classical_II	True	0	0	True	768	
DQA2	class_II_paralog	True	0	0	True	768	
DQB1	classical_II	True	0	0	True	786	
DQB2	class_II_paralog	True	0	0	True	807	
DRA	class_II_accessory	True	0	0	True	765	
DRB1	classical_II	True	0	0	True	801	
DRB5	class_II_paralog	True	0	0	True	801	
E	nonclassical_I	True	0	0	True	1077	
F	nonclassical_I	True	0	0	True	1041	
G	nonclassical_I	True	0	0	True	1017	
H	pseudogene_I	False	5	5	False	1087	1090.0
J	pseudogene_I	True	0	0	True	1095	
K	pseudogene_I	True	0	0	True	1091	
L	pseudogene_I	True	0	0	True	1094	
MICA	mic_tap	True	0	0	True	1158	
MICB	mic_tap	True	0	0	True	1152	
N	pseudogene_I	True	0	0	True	161	
P	pseudogene_I	True	0	0	True	735	
S	pseudogene_I	True	0	0	True	266	
T	pseudogene_I	True	0	0	True	459	
TAP1	mic_tap	True	0	0	True	2247	
TAP2	mic_tap	True	0	0	True	2061	
U	pseudogene_I	True	0	0	True	196	
V	pseudogene_I	True	0	0	True	538	
W	pseudogene_I	True	0	0	True	938	
A	classical_I	True	0	0	True	1098	
B	classical_I	True	0	0	True	1089	
C	classical_I	True	0	0	True	1101	
DMA	class_II_accessory	True	0	0	True	786	
DMB	class_II_accessory	True	0	0	True	792	
DOA	class_II_accessory	True	0	0	True	753	
DOB	class_II_accessory	True	0	0	True	822	
DPA1	classical_II	True	0	0	True	783	
DPA2	class_II_paralog	True	0	0	True	733	
DPB1	classical_II	True	0	0	True	777	
DPB2	class_II_paralog	True	0	0	True	776	
DQA1	classical_II	True	0	0	True	765	
DQA2	class_II_paralog	True	0	0	True	768	
DQB1	classical_II	True	0	0	True	786	
DQB2	class_II_paralog	True	0	0	True	807	
DRA	class_II_accessory	True	0	0	True	765	
DRB1	classical_II	True	0	0	True	801	
E	nonclassical_I	True	0	0	True	1077	
F	nonclassical_I	True	0	0	True	1041	
G	nonclassical_I	True	0	0	True	1017	
H	pseudogene_I	True	0	0	True	1096	
J	pseudogene_I	True	0	0	True	1095	
K	pseudogene_I	True	0	0	True	1093	
L	pseudogene_I	True	0	0	True	1096	
MICA	mic_tap	False	3	3	False	1157	1156.0
MICB	mic_tap	True	0	0	True	1152	
N	pseudogene_I	True	0	0	True	161	
P	pseudogene_I	True	0	0	True	735	
S	pseudogene_I	True	0	0	True	266	
T	pseudogene_I	True	0	0	True	459	
TAP1	mic_tap	True	0	0	True	2247	
TAP2	mic_tap	True	0	0	True	2061	
U	pseudogene_I	True	0	0	True	196	
V	pseudogene_I	True	0	0	True	538	
W	pseudogene_I	True	0	0	True	923	
A	classical_I	True	0	0	True	1098	
B	classical_I	True	0	0	True	1089	
C	classical_I	True	0	0	True	1101	
DMA	class_II_accessory	True	0	0	True	786	
DMB	class_II_accessory	True	0	0	True	792	
DOA	class_II_accessory	False	2	2	False	754	753.0
DOB	class_II_accessory	True	0	0	True	822	
DPA1	classical_II	True	0	0	True	783	
DPA2	class_II_paralog	True	0	0	True	733	
DPB1	classical_II	True	0	0	True	777	
DPB2	class_II_paralog	True	0	0	True	776	
DQA1	classical_II	True	0	0	True	768	
DQA2	class_II_paralog	True	0	0	True	768	
DQB1	classical_II	True	0	0	True	786	
DQB2	class_II_paralog	True	0	0	True	807	
DRA	class_II_accessory	True	0	0	True	765	
DRB1	classical_II	True	0	0	True	801	
DRB4	class_II_paralog	True	0	0	True	801	
E	nonclassical_I	True	0	0	True	1077	
F	nonclassical_I	True	0	0	True	1041	
G	nonclassical_I	True	0	0	True	1017	
H	pseudogene_I	True	0	0	True	1097	
J	pseudogene_I	True	0	0	True	1095	
K	pseudogene_I	True	0	0	True	1093	
L	pseudogene_I	True	0	0	True	1096	
MICA	mic_tap	True	0	0	True	1155	
MICB	mic_tap	True	0	0	True	1152	
N	pseudogene_I	True	0	0	True	161	
P	pseudogene_I	True	0	0	True	735	
S	pseudogene_I	True	0	0	True	266	
T	pseudogene_I	True	0	0	True	459	
TAP1	mic_tap	True	0	0	True	2247	
TAP2	mic_tap	False	2	2	False	2059	2061.0
U	pseudogene_I	True	0	0	True	196	
V	pseudogene_I	True	0	0	True	538	
W	pseudogene_I	False	1	1	False	936	935.0
A	classical_I	True	0	0	True	1098	
B	classical_I	True	0	0	True	1089	
C	classical_I	True	0	0	True	1101	
DMA	class_II_accessory	True	0	0	True	786	
DMB	class_II_accessory	True	0	0	True	792	
DOA	class_II_accessory	True	0	0	True	753	
DOB	class_II_accessory	True	0	0	True	822	
DPA1	classical_II	True	0	0	True	783	
DPA2	class_II_paralog	True	0	0	True	733	
DPB1	classical_II	True	0	0	True	777	
DPB2	class_II_paralog	True	0	0	True	776	
DQA1	classical_II	True	0	0	True	765	
DQA2	class_II_paralog	True	0	0	True	768	
DQB1	classical_II	True	0	0	True	786	
DQB2	class_II_paralog	True	0	0	True	807	
DRA	class_II_accessory	True	0	0	True	765	
DRB1	classical_II	True	0	0	True	801	
E	nonclassical_I	True	0	0	True	1077	
F	nonclassical_I	True	0	0	True	1041	
G	nonclassical_I	True	0	0	True	1017	
H	pseudogene_I	True	0	0	True	1097	
J	pseudogene_I	True	0	0	True	1095	
K	pseudogene_I	True	0	0	True	1093	
L	pseudogene_I	True	0	0	True	1096	
MICA	mic_tap	False	2	2	False	1165	1167.0
MICB	mic_tap	False	3	3	False	1153	1152.0
N	pseudogene_I	True	0	0	True	161	
P	pseudogene_I	True	0	0	True	735	
S	pseudogene_I	True	0	0	True	266	
T	pseudogene_I	True	0	0	True	459	
TAP1	mic_tap	True	0	0	True	2247	
TAP2	mic_tap	True	0	0	True	2061	
U	pseudogene_I	True	0	0	True	196	
V	pseudogene_I	True	0	0	True	516	
W	pseudogene_I	True	0	0	True	938	
Y	pseudogene_I	True	0	0	True	824	
A	classical_I	True	0	0	True	1098	
B	classical_I	True	0	0	True	1089	
C	classical_I	True	0	0	True	1101	
DMA	class_II_accessory	True	0	0	True	786	
DMB	class_II_accessory	True	0	0	True	792	
DOA	class_II_accessory	True	0	0	True	753	
DOB	class_II_accessory	True	0	0	True	822	
DPA1	classical_II	True	0	0	True	783	
DPA2	class_II_paralog	True	0	0	True	733	
DPB1	classical_II	True	0	0	True	777	
DPB2	class_II_paralog	True	0	0	True	776	
DQA1	classical_II	True	0	0	True	768	
DQA2	class_II_paralog	True	0	0	True	768	
DQB1	classical_II	True	0	0	True	786	
DQB2	class_II_paralog	True	0	0	True	807	
DRA	class_II_accessory	True	0	0	True	765	
DRB1	classical_II	True	0	0	True	801	
DRB3	class_II_paralog	True	0	0	True	801	
E	nonclassical_I	True	0	0	True	1077	
F	nonclassical_I	True	0	0	True	1041	
G	nonclassical_I	True	0	0	True	1017	
H	pseudogene_I	True	0	0	True	1090	
J	pseudogene_I	True	0	0	True	1095	
K	pseudogene_I	True	0	0	True	1094	
L	pseudogene_I	True	0	0	True	1096	
MICA	mic_tap	True	0	0	True	1156	
MICB	mic_tap	True	0	0	True	1152	
N	pseudogene_I	True	0	0	True	161	
P	pseudogene_I	True	0	0	True	735	
S	pseudogene_I	True	0	0	True	266	
T	pseudogene_I	True	0	0	True	459	
TAP1	mic_tap	True	0	0	True	2247	
TAP2	mic_tap	True	0	0	True	2061	
U	pseudogene_I	True	0	0	True	195	
V	pseudogene_I	True	0	0	True	538	
W	pseudogene_I	True	0	0	True	938	
A	classical_I	True	0	0	True	1098	
B	classical_I	True	0	0	True	1089	
C	classical_I	True	0	0	True	1101	
DMA	class_II_accessory	True	0	0	True	786	
DMB	class_II_accessory	True	0	0	True	792	
DOA	class_II_accessory	True	0	0	True	753	
DOB	class_II_accessory	True	0	0	True	822	
DPA1	classical_II	True	0	0	True	783	
DPA2	class_II_paralog	True	0	0	True	733	
DPB1	classical_II	True	0	0	True	777	
DPB2	class_II_paralog	True	0	0	True	776	
DQA1	classical_II	True	0	0	True	768	
DQA2	class_II_paralog	True	0	0	True	768	
DQB1	classical_II	True	0	0	True	786	
DQB2	class_II_paralog	True	0	0	True	807	
DRA	class_II_accessory	False	2	2	True	765	765.0
DRB1	classical_II	True	0	0	True	801	
DRB3	class_II_paralog	False	17	15	True	801	801.0
E	nonclassical_I	True	0	0	True	1077	
F	nonclassical_I	True	0	0	True	1041	
G	nonclassical_I	True	0	0	True	1017	
H	pseudogene_I	False	20	15	False	1090	1096.0
J	pseudogene_I	True	0	0	True	1095	
K	pseudogene_I	False	366	95	True	1094	1094.0
L	pseudogene_I	True	0	0	True	1094	
MICA	mic_tap	True	0	0	True	1156	
MICB	mic_tap	True	0	0	True	1152	
N	pseudogene_I	True	0	0	True	161	
P	pseudogene_I	True	0	0	True	735	
S	pseudogene_I	True	0	0	True	266	
TAP1	mic_tap	True	0	0	True	2247	
TAP2	mic_tap	False	5	5	True	2061	2061.0
U	pseudogene_I	False	5	5	False	195	196.0
V	pseudogene_I	True	0	0	True	538	
W	pseudogene_I	True	0	0	True	936	
A	classical_I	True	0	0	True	1098	
B	classical_I	True	0	0	True	1089	
C	classical_I	True	0	0	True	1101	
DMA	class_II_accessory	True	0	0	True	786	
DMB	class_II_accessory	True	0	0	True	792	
DOA	class_II_accessory	True	0	0	True	753	
DOB	class_II_accessory	True	0	0	True	822	
DPA1	classical_II	True	0	0	True	783	
DPA2	class_II_paralog	True	0	0	True	733	
DPB1	classical_II	True	0	0	True	777	
DQA1	classical_II	True	0	0	True	765	
DQA2	class_II_paralog	True	0	0	True	768	
DQB1	classical_II	True	0	0	True	786	
DQB2	class_II_paralog	True	0	0	True	807	
DRA	class_II_accessory	True	0	0	True	765	
DRB1	classical_II	True	0	0	True	801	
DRB3	class_II_paralog	True	0	0	True	801	
E	nonclassical_I	True	0	0	True	1077	
F	nonclassical_I	True	0	0	True	1041	
G	nonclassical_I	True	0	0	True	1017	
H	pseudogene_I	True	0	0	True	1096	
J	pseudogene_I	True	0	0	True	1095	
K	pseudogene_I	False	1	1	False	1093	1094.0
L	pseudogene_I	False	1	1	True	1094	1094.0
MICA	mic_tap	True	0	0	True	1156	
MICB	mic_tap	True	0	0	True	1152	
N	pseudogene_I	True	0	0	True	161	
P	pseudogene_I	True	0	0	True	735	
S	pseudogene_I	True	0	0	True	266	
T	pseudogene_I	True	0	0	True	459	
TAP1	mic_tap	True	0	0	True	2247	
TAP2	mic_tap	True	0	0	True	2061	
U	pseudogene_I	True	0	0	True	196	
V	pseudogene_I	True	0	0	True	538	
W	pseudogene_I	True	0	0	True	923	
A	classical_I	True	0	0	True	1098	
B	classical_I	True	0	0	True	1089	
C	classical_I	True	0	0	True	1101	
DMA	class_II_accessory	True	0	0	True	786	
DMB	class_II_accessory	True	0	0	True	792	
DOA	class_II_accessory	True	0	0	True	753	
DOB	class_II_accessory	True	0	0	True	822	
DPA1	classical_II	True	0	0	True	783	
DPA2	class_II_paralog	True	0	0	True	733	
DPB1	classical_II	True	0	0	True	777	
DQA1	classical_II	True	0	0	True	765	
DQA2	class_II_paralog	True	0	0	True	768	
DQB1	classical_II	True	0	0	True	786	
DQB2	class_II_paralog	True	0	0	True	807	
DRA	class_II_accessory	True	0	0	True	765	
DRB1	classical_II	True	0	0	True	801	
DRB3	class_II_paralog	True	0	0	True	801	
E	nonclassical_I	True	0	0	True	1077	
F	nonclassical_I	True	0	0	True	1041	
G	nonclassical_I	True	0	0	True	1017	
H	pseudogene_I	True	0	0	True	1096	
J	pseudogene_I	True	0	0	True	1095	
K	pseudogene_I	False	1	1	False	1093	1094.0
L	pseudogene_I	False	1	1	True	1094	1094.0
MICA	mic_tap	True	0	0	True	1156	
MICB	mic_tap	True	0	0	True	1152	
N	pseudogene_I	True	0	0	True	161	
P	pseudogene_I	True	0	0	True	735	
S	pseudogene_I	True	0	0	True	266	
T	pseudogene_I	True	0	0	True	459	
TAP1	mic_tap	True	0	0	True	2247	
TAP2	mic_tap	True	0	0	True	2061	
U	pseudogene_I	True	0	0	True	196	
V	pseudogene_I	True	0	0	True	538	
W	pseudogene_I	True	0	0	True	923	
A	classical_I	False	37	36	True	1098	1098.0
B	classical_I	True	0	0	True	1089	
C	classical_I	True	0	0	True	1101	
DMA	class_II_accessory	True	0	0	True	786	
DMB	class_II_accessory	True	0	0	True	792	
DOA	class_II_accessory	True	0	0	True	753	
DOB	class_II_accessory	False	1	1	True	822	822.0
DPA1	classical_II	True	0	0	True	783	
DPA2	class_II_paralog	True	0	0	True	733	
DPB1	classical_II	True	0	0	True	777	
DPB2	class_II_paralog	True	0	0	True	776	
DQA1	classical_II	True	0	0	True	768	
DQA2	class_II_paralog	True	0	0	True	768	
DQB1	classical_II	True	0	0	True	786	
DQB2	class_II_paralog	True	0	0	True	807	
DRA	class_II_accessory	True	0	0	True	765	
DRB1	classical_II	True	0	0	True	801	
DRB3	class_II_paralog	True	0	0	True	801	
E	nonclassical_I	True	0	0	True	1077	
F	nonclassical_I	True	0	0	True	1041	
G	nonclassical_I	True	0	0	True	1017	
H	pseudogene_I	True	0	0	True	1097	
J	pseudogene_I	True	0	0	True	1088	
K	pseudogene_I	False	27	21	False	1093	1092.0
L	pseudogene_I	True	0	0	True	1096	
MICA	mic_tap	False	3	3	False	1155	1158.0
N	pseudogene_I	True	0	0	True	161	
P	pseudogene_I	True	0	0	True	735	
S	pseudogene_I	True	0	0	True	266	
T	pseudogene_I	True	0	0	True	459	
TAP1	mic_tap	True	0	0	True	2247	
TAP2	mic_tap	True	0	0	True	2061	
U	pseudogene_I	False	6	6	True	196	196.0
V	pseudogene_I	True	0	0	True	516	
W	pseudogene_I	True	0	0	True	938	
Y	pseudogene_I	True	0	0	True	824	
A	classical_I	False	37	36	True	1098	1098.0
B	classical_I	True	0	0	True	1089	
C	classical_I	True	0	0	True	1101	
DMA	class_II_accessory	True	0	0	True	786	
DMB	class_II_accessory	True	0	0	True	792	
DOA	class_II_accessory	True	0	0	True	753	
DOB	class_II_accessory	False	1	1	True	822	822.0
DPA1	classical_II	True	0	0	True	783	
DPA2	class_II_paralog	True	0	0	True	733	
DPB1	classical_II	True	0	0	True	777	
DPB2	class_II_paralog	True	0	0	True	776	
DQA1	classical_II	True	0	0	True	768	
DQA2	class_II_paralog	True	0	0	True	768	
DQB1	classical_II	True	0	0	True	786	
DQB2	class_II_paralog	True	0	0	True	807	
DRA	class_II_accessory	True	0	0	True	765	
DRB1	classical_II	True	0	0	True	801	
DRB3	class_II_paralog	True	0	0	True	801	
E	nonclassical_I	True	0	0	True	1077	
F	nonclassical_I	True	0	0	True	1041	
G	nonclassical_I	True	0	0	True	1017	
H	pseudogene_I	True	0	0	True	1097	
J	pseudogene_I	True	0	0	True	1088	
K	pseudogene_I	False	28	21	False	1093	1091.0
L	pseudogene_I	True	0	0	True	1096	
MICA	mic_tap	False	3	3	False	1155	1158.0
N	pseudogene_I	True	0	0	True	161	
P	pseudogene_I	True	0	0	True	735	
S	pseudogene_I	True	0	0	True	266	
T	pseudogene_I	True	0	0	True	459	
TAP1	mic_tap	True	0	0	True	2247	
TAP2	mic_tap	True	0	0	True	2061	
U	pseudogene_I	False	6	6	True	196	196.0
V	pseudogene_I	True	0	0	True	516	
W	pseudogene_I	True	0	0	True	938	
A	classical_I	True	0	0	True	1098	
B	classical_I	True	0	0	True	1089	
C	classical_I	True	0	0	True	1101	
DMA	class_II_accessory	True	0	0	True	786	
DMB	class_II_accessory	True	0	0	True	792	
DOA	class_II_accessory	True	0	0	True	753	
DOB	class_II_accessory	True	0	0	True	822	
DPA1	classical_II	False	1	1	False	784	783.0
DPA2	class_II_paralog	True	0	0	True	733	
DPB1	classical_II	True	0	0	True	777	
DPB2	class_II_paralog	True	0	0	True	776	
DQA1	classical_II	True	0	0	True	768	
DQA2	class_II_paralog	True	0	0	True	768	
DQB1	classical_II	True	0	0	True	786	
DQB2	class_II_paralog	True	0	0	True	807	
DRA	class_II_accessory	True	0	0	True	765	
DRB1	classical_II	True	0	0	True	801	
DRB5	class_II_paralog	True	0	0	True	801	
E	nonclassical_I	True	0	0	True	1077	
F	nonclassical_I	True	0	0	True	1041	
G	nonclassical_I	True	0	0	True	1017	
H	pseudogene_I	True	0	0	True	1096	
J	pseudogene_I	True	0	0	True	1095	
K	pseudogene_I	True	0	0	True	1093	
L	pseudogene_I	True	0	0	True	1096	
MICA	mic_tap	True	0	0	True	1156	
MICB	mic_tap	True	0	0	True	1152	
N	pseudogene_I	True	0	0	True	161	
P	pseudogene_I	True	0	0	True	732	
S	pseudogene_I	True	0	0	True	266	
T	pseudogene_I	True	0	0	True	459	
TAP1	mic_tap	True	0	0	True	2247	
TAP2	mic_tap	True	0	0	True	2061	
U	pseudogene_I	True	0	0	True	196	
V	pseudogene_I	True	0	0	True	517	
W	pseudogene_I	True	0	0	True	936	
A	classical_I	False	5	5	False	1098	1095.0
B	classical_I	True	0	0	True	1089	
C	classical_I	True	0	0	True	1101	
DMA	class_II_accessory	True	0	0	True	786	
DMB	class_II_accessory	True	0	0	True	792	
DOA	class_II_accessory	True	0	0	True	753	
DOB	class_II_accessory	True	0	0	True	822	
DPA1	classical_II	False	1	1	False	784	783.0
DPA2	class_II_paralog	True	0	0	True	733	
DPB1	classical_II	True	0	0	True	777	
DPB2	class_II_paralog	True	0	0	True	776	
DQA1	classical_II	True	0	0	True	765	
DQA2	class_II_paralog	True	0	0	True	768	
DQB1	classical_II	False	52	44	True	786	786.0
DQB2	class_II_paralog	True	0	0	True	807	
DRA	class_II_accessory	True	0	0	True	765	
DRB1	classical_II	True	0	0	True	801	
DRB4	class_II_paralog	True	0	0	True	801	
E	nonclassical_I	True	0	0	True	1077	
F	nonclassical_I	True	0	0	True	1041	
G	nonclassical_I	False	1	1	False	1016	1017.0
H	pseudogene_I	True	0	0	True	1090	
J	pseudogene_I	True	0	0	True	1095	
K	pseudogene_I	True	0	0	True	1094	
L	pseudogene_I	True	0	0	True	1096	
MICA	mic_tap	True	0	0	True	1155	
MICB	mic_tap	True	0	0	True	1152	
N	pseudogene_I	True	0	0	True	161	
P	pseudogene_I	True	0	0	True	735	
S	pseudogene_I	True	0	0	True	266	
T	pseudogene_I	True	0	0	True	459	
TAP1	mic_tap	False	3	3	False	2247	2248.0
TAP2	mic_tap	True	0	0	True	2061	
U	pseudogene_I	True	0	0	True	195	
V	pseudogene_I	True	0	0	True	538	
W	pseudogene_I	True	0	0	True	938	
A	classical_I	True	0	0	True	1098	
B	classical_I	True	0	0	True	1089	
C	classical_I	True	0	0	True	1101	
DMA	class_II_accessory	True	0	0	True	786	
DMB	class_II_accessory	True	0	0	True	792	
DOA	class_II_accessory	True	0	0	True	753	
DOB	class_II_accessory	True	0	0	True	822	
DPA1	classical_II	True	0	0	True	783	
DPA2	class_II_paralog	True	0	0	True	733	
DPB1	classical_II	True	0	0	True	777	
DPB2	class_II_paralog	True	0	0	True	776	
DQA1	classical_II	True	0	0	True	765	
DQA2	class_II_paralog	True	0	0	True	768	
DQB1	classical_II	True	0	0	True	786	
DQB2	class_II_paralog	True	0	0	True	807	
DRA	class_II_accessory	True	0	0	True	765	
DRB1	classical_II	True	0	0	True	801	
DRB4	class_II_paralog	True	0	0	True	801	
E	nonclassical_I	True	0	0	True	1077	
F	nonclassical_I	True	0	0	True	1041	
G	nonclassical_I	True	0	0	True	1017	
H	pseudogene_I	False	24	16	False	1104	1096.0
J	pseudogene_I	True	0	0	True	1095	
K	pseudogene_I	False	22	16	False	1092	1093.0
L	pseudogene_I	True	0	0	True	1096	
MICA	mic_tap	True	0	0	True	1156	
MICB	mic_tap	True	0	0	True	1152	
N	pseudogene_I	True	0	0	True	161	
P	pseudogene_I	True	0	0	True	732	
S	pseudogene_I	True	0	0	True	266	
T	pseudogene_I	False	8	8	True	459	459.0
TAP1	mic_tap	True	0	0	True	2247	
TAP2	mic_tap	True	0	0	True	2112	
U	pseudogene_I	False	10	9	True	196	196.0
V	pseudogene_I	True	0	0	True	516	
W	pseudogene_I	True	0	0	True	936	
A	classical_I	True	0	0	True	1098	
B	classical_I	True	0	0	True	1089	
C	classical_I	True	0	0	True	1101	
DMA	class_II_accessory	True	0	0	True	786	
DMB	class_II_accessory	True	0	0	True	792	
DOA	class_II_accessory	True	0	0	True	753	
DOB	class_II_accessory	True	0	0	True	822	
DPA1	classical_II	True	0	0	True	783	
DPA2	class_II_paralog	True	0	0	True	733	
DPB1	classical_II	True	0	0	True	777	
DPB2	class_II_paralog	True	0	0	True	776	
DQA1	classical_II	True	0	0	True	768	
DQA2	class_II_paralog	True	0	0	True	768	
DQB1	classical_II	True	0	0	True	786	
DQB2	class_II_paralog	True	0	0	True	807	
DRA	class_II_accessory	True	0	0	True	765	
DRB1	classical_II	True	0	0	True	801	
DRB4	class_II_paralog	True	0	0	True	801	
E	nonclassical_I	True	0	0	True	1077	
F	nonclassical_I	True	0	0	True	1041	
G	nonclassical_I	True	0	0	True	1017	
H	pseudogene_I	True	0	0	True	1104	
J	pseudogene_I	True	0	0	True	1095	
K	pseudogene_I	True	0	0	True	1092	
L	pseudogene_I	True	0	0	True	1096	
MICA	mic_tap	True	0	0	True	1167	
MICB	mic_tap	True	0	0	True	1152	
N	pseudogene_I	True	0	0	True	161	
P	pseudogene_I	True	0	0	True	732	
S	pseudogene_I	True	0	0	True	266	
T	pseudogene_I	True	0	0	True	459	
TAP1	mic_tap	True	0	0	True	2247	
TAP2	mic_tap	True	0	0	True	2112	
U	pseudogene_I	True	0	0	True	196	
V	pseudogene_I	True	0	0	True	517	
W	pseudogene_I	True	0	0	True	936	
A	classical_I	True	0	0	True	1098	
B	classical_I	True	0	0	True	1089	
C	classical_I	False	1	1	False	1101	1102.0
DMA	class_II_accessory	True	0	0	True	786	
DMB	class_II_accessory	True	0	0	True	792	
DOA	class_II_accessory	True	0	0	True	753	
DOB	class_II_accessory	True	0	0	True	822	
DPA1	classical_II	True	0	0	True	783	
DPA2	class_II_paralog	True	0	0	True	733	
DPB1	classical_II	True	0	0	True	777	
DPB2	class_II_paralog	True	0	0	True	776	
DQA1	classical_II	True	0	0	True	768	
DQA2	class_II_paralog	True	0	0	True	768	
DQB1	classical_II	True	0	0	True	786	
DQB2	class_II_paralog	True	0	0	True	807	
DRA	class_II_accessory	True	0	0	True	765	
DRB1	classical_II	True	0	0	True	801	
DRB4	class_II_paralog	True	0	0	True	801	
E	nonclassical_I	True	0	0	True	1077	
F	nonclassical_I	True	0	0	True	1041	
G	nonclassical_I	True	0	0	True	1017	
H	pseudogene_I	True	0	0	True	1096	
J	pseudogene_I	True	0	0	True	1095	
K	pseudogene_I	True	0	0	True	1093	
L	pseudogene_I	True	0	0	True	1094	
MICA	mic_tap	True	0	0	True	1158	
MICB	mic_tap	True	0	0	True	1152	
N	pseudogene_I	True	0	0	True	161	
P	pseudogene_I	True	0	0	True	735	
S	pseudogene_I	True	0	0	True	266	
T	pseudogene_I	True	0	0	True	459	
TAP1	mic_tap	True	0	0	True	2247	
TAP2	mic_tap	True	0	0	True	2061	
U	pseudogene_I	True	0	0	True	196	
V	pseudogene_I	True	0	0	True	538	
W	pseudogene_I	True	0	0	True	923	
A	classical_I	True	0	0	True	1098	
B	classical_I	True	0	0	True	1089	
C	classical_I	True	0	0	True	1101	
DMA	class_II_accessory	True	0	0	True	786	
DMB	class_II_accessory	True	0	0	True	792	
DOA	class_II_accessory	True	0	0	True	753	
DOB	class_II_accessory	True	0	0	True	822	
DPA1	classical_II	True	0	0	True	783	
DPA2	class_II_paralog	True	0	0	True	733	
DPB1	classical_II	True	0	0	True	777	
DPB2	class_II_paralog	True	0	0	True	776	
DQA1	classical_II	True	0	0	True	768	
DQA2	class_II_paralog	True	0	0	True	768	
DQB1	classical_II	True	0	0	True	786	
DQB2	class_II_paralog	True	0	0	True	807	
DRA	class_II_accessory	True	0	0	True	765	
DRB1	classical_II	True	0	0	True	801	
DRB5	class_II_paralog	True	0	0	True	801	
E	nonclassical_I	True	0	0	True	1077	
F	nonclassical_I	True	0	0	True	1041	
G	nonclassical_I	True	0	0	True	1017	
H	pseudogene_I	True	0	0	True	1096	
HFE	other	True	0	0	True	1047	
J	pseudogene_I	True	0	0	True	1095	
K	pseudogene_I	True	0	0	True	1096	
L	pseudogene_I	True	0	0	True	1096	
MICA	mic_tap	True	0	0	True	1158	
MICB	mic_tap	True	0	0	True	1152	
N	pseudogene_I	True	0	0	True	161	
P	pseudogene_I	True	0	0	True	735	
S	pseudogene_I	True	0	0	True	266	
T	pseudogene_I	True	0	0	True	459	
TAP1	mic_tap	True	0	0	True	2247	
TAP2	mic_tap	True	0	0	True	2061	
U	pseudogene_I	True	0	0	True	195	
V	pseudogene_I	True	0	0	True	538	
W	pseudogene_I	True	0	0	True	938	
A	classical_I	True	0	0	True	1098	
B	classical_I	True	0	0	True	1089	
C	classical_I	True	0	0	True	1101	
DMA	class_II_accessory	True	0	0	True	786	
DMB	class_II_accessory	True	0	0	True	792	
DOA	class_II_accessory	True	0	0	True	753	
DOB	class_II_accessory	True	0	0	True	822	
DPA1	classical_II	True	0	0	True	783	
DPA2	class_II_paralog	True	0	0	True	733	
DPB1	classical_II	True	0	0	True	777	
DPB2	class_II_paralog	True	0	0	True	776	
DQA1	classical_II	True	0	0	True	768	
DQA2	class_II_paralog	True	0	0	True	768	
DQB1	classical_II	True	0	0	True	786	
DQB2	class_II_paralog	True	0	0	True	807	
DRA	class_II_accessory	True	0	0	True	765	
DRB1	classical_II	True	0	0	True	801	
DRB4	class_II_paralog	True	0	0	True	801	
E	nonclassical_I	True	0	0	True	1077	
F	nonclassical_I	True	0	0	True	1041	
G	nonclassical_I	True	0	0	True	1017	
H	pseudogene_I	True	0	0	True	1096	
HFE	other	True	0	0	True	1047	
J	pseudogene_I	True	0	0	True	1095	
K	pseudogene_I	True	0	0	True	1093	
L	pseudogene_I	True	0	0	True	1094	
MICA	mic_tap	True	0	0	True	1156	
MICB	mic_tap	True	0	0	True	1152	
N	pseudogene_I	True	0	0	True	161	
P	pseudogene_I	True	0	0	True	735	
S	pseudogene_I	True	0	0	True	266	
T	pseudogene_I	True	0	0	True	459	
TAP1	mic_tap	True	0	0	True	2247	
TAP2	mic_tap	True	0	0	True	2061	
U	pseudogene_I	True	0	0	True	196	
V	pseudogene_I	True	0	0	True	538	
W	pseudogene_I	True	0	0	True	923	
A	classical_I	True	0	0	True	1098	
B	classical_I	True	0	0	True	1089	
C	classical_I	True	0	0	True	1101	
DMA	class_II_accessory	True	0	0	True	786	
DMB	class_II_accessory	True	0	0	True	792	
DOA	class_II_accessory	True	0	0	True	753	
DOB	class_II_accessory	True	0	0	True	822	
DPA1	classical_II	True	0	0	True	783	
DPA2	class_II_paralog	True	0	0	True	733	
DPB1	classical_II	True	0	0	True	777	
DPB2	class_II_paralog	True	0	0	True	776	
DQA1	classical_II	True	0	0	True	768	
DQA2	class_II_paralog	True	0	0	True	768	
DQB1	classical_II	True	0	0	True	786	
DQB2	class_II_paralog	True	0	0	True	807	
DRA	class_II_accessory	True	0	0	True	765	
DRB1	classical_II	False	2	1	True	801	801.0
DRB5	class_II_paralog	True	0	0	True	801	
E	nonclassical_I	True	0	0	True	1077	
F	nonclassical_I	True	0	0	True	1041	
G	nonclassical_I	True	0	0	True	1017	
H	pseudogene_I	True	0	0	True	1096	
HFE	other	True	0	0	True	1047	
J	pseudogene_I	True	0	0	True	1096	
K	pseudogene_I	True	0	0	True	1093	
L	pseudogene_I	True	0	0	True	1096	
MICA	mic_tap	True	0	0	True	1167	
MICB	mic_tap	True	0	0	True	1152	
N	pseudogene_I	True	0	0	True	161	
P	pseudogene_I	True	0	0	True	735	
S	pseudogene_I	True	0	0	True	266	
T	pseudogene_I	True	0	0	True	459	
TAP1	mic_tap	True	0	0	True	2247	
TAP2	mic_tap	True	0	0	True	2112	
U	pseudogene_I	True	0	0	True	196	
V	pseudogene_I	True	0	0	True	538	
W	pseudogene_I	False	22	8	False	923	936.0
Y	pseudogene_I	True	0	0	True	1098	
A	classical_I	True	0	0	True	1098	
B	classical_I	True	0	0	True	1089	
C	classical_I	True	0	0	True	1101	
DMA	class_II_accessory	True	0	0	True	786	
DMB	class_II_accessory	True	0	0	True	792	
DOA	class_II_accessory	True	0	0	True	753	
DOB	class_II_accessory	True	0	0	True	822	
DPA1	classical_II	True	0	0	True	783	
DPA2	class_II_paralog	True	0	0	True	733	
DPB1	classical_II	True	0	0	True	777	
DQA1	classical_II	True	0	0	True	768	
DQA2	class_II_paralog	True	0	0	True	768	
DQB1	classical_II	True	0	0	True	786	
DQB2	class_II_paralog	True	0	0	True	807	
DRA	class_II_accessory	True	0	0	True	765	
DRB1	classical_II	True	0	0	True	801	
DRB3	class_II_paralog	True	0	0	True	801	
E	nonclassical_I	True	0	0	True	1077	
F	nonclassical_I	True	0	0	True	1041	
G	nonclassical_I	True	0	0	True	1017	
H	pseudogene_I	True	0	0	True	1097	
J	pseudogene_I	True	0	0	True	1095	
K	pseudogene_I	True	0	0	True	1092	
L	pseudogene_I	True	0	0	True	1096	
MICA	mic_tap	True	0	0	True	1167	
MICB	mic_tap	True	0	0	True	1152	
N	pseudogene_I	True	0	0	True	161	
P	pseudogene_I	True	0	0	True	735	
S	pseudogene_I	True	0	0	True	266	
T	pseudogene_I	True	0	0	True	459	
TAP1	mic_tap	True	0	0	True	2247	
TAP2	mic_tap	True	0	0	True	2061	
U	pseudogene_I	True	0	0	True	196	
V	pseudogene_I	True	0	0	True	538	
W	pseudogene_I	True	0	0	True	936	
A	classical_I	True	0	0	True	1098	
B	classical_I	True	0	0	True	1089	
C	classical_I	False	4	4	False	1101	1099.0
DMA	class_II_accessory	True	0	0	True	786	
DMB	class_II_accessory	True	0	0	True	792	
DOA	class_II_accessory	True	0	0	True	753	
DOB	class_II_accessory	True	0	0	True	822	
DPA1	classical_II	True	0	0	True	783	
DPA2	class_II_paralog	True	0	0	True	733	
DPB1	classical_II	True	0	0	True	777	
DPB2	class_II_paralog	True	0	0	True	776	
DQA1	classical_II	True	0	0	True	765	
DQA2	class_II_paralog	True	0	0	True	768	
DQB1	classical_II	True	0	0	True	786	
DQB2	class_II_paralog	True	0	0	True	807	
DRA	class_II_accessory	True	0	0	True	765	
DRB1	classical_II	True	0	0	True	801	
DRB3	class_II_paralog	True	0	0	True	801	
E	nonclassical_I	True	0	0	True	1077	
F	nonclassical_I	True	0	0	True	1041	
G	nonclassical_I	True	0	0	True	1017	
H	pseudogene_I	True	0	0	True	1096	
J	pseudogene_I	True	0	0	True	1095	
K	pseudogene_I	True	0	0	True	1093	
L	pseudogene_I	True	0	0	True	1096	
MICA	mic_tap	True	0	0	True	1156	
MICB	mic_tap	True	0	0	True	1152	
N	pseudogene_I	True	0	0	True	161	
P	pseudogene_I	True	0	0	True	735	
S	pseudogene_I	True	0	0	True	266	
T	pseudogene_I	True	0	0	True	459	
TAP1	mic_tap	True	0	0	True	2247	
TAP2	mic_tap	True	0	0	True	2061	
U	pseudogene_I	True	0	0	True	196	
V	pseudogene_I	True	0	0	True	538	
W	pseudogene_I	False	16	16	False	936	938.0
A	classical_I	True	0	0	True	1098	
B	classical_I	True	0	0	True	1089	
C	classical_I	True	0	0	True	1101	
DMA	class_II_accessory	True	0	0	True	786	
DMB	class_II_accessory	True	0	0	True	792	
DOA	class_II_accessory	True	0	0	True	753	
DOB	class_II_accessory	True	0	0	True	822	
DPA1	classical_II	True	0	0	True	783	
DPA2	class_II_paralog	True	0	0	True	733	
DPB1	classical_II	True	0	0	True	777	
DPB2	class_II_paralog	True	0	0	True	776	
DQA1	classical_II	True	0	0	True	765	
DQA2	class_II_paralog	True	0	0	True	768	
DQB1	classical_II	True	0	0	True	786	
DQB2	class_II_paralog	True	0	0	True	807	
DRA	class_II_accessory	True	0	0	True	765	
DRB1	classical_II	True	0	0	True	801	
DRB3	class_II_paralog	True	0	0	True	801	
DRB4	class_II_paralog	False	17	1	False	784	801.0
E	nonclassical_I	True	0	0	True	1077	
F	nonclassical_I	True	0	0	True	1041	
G	nonclassical_I	True	0	0	True	1017	
H	pseudogene_I	True	0	0	True	1096	
J	pseudogene_I	True	0	0	True	1095	
K	pseudogene_I	True	0	0	True	1093	
L	pseudogene_I	True	0	0	True	1096	
MICA	mic_tap	True	0	0	True	1155	
MICB	mic_tap	True	0	0	True	1152	
N	pseudogene_I	True	0	0	True	161	
P	pseudogene_I	True	0	0	True	735	
S	pseudogene_I	True	0	0	True	266	
T	pseudogene_I	True	0	0	True	459	
TAP1	mic_tap	True	0	0	True	2247	
TAP2	mic_tap	True	0	0	True	2061	
U	pseudogene_I	True	0	0	True	196	
V	pseudogene_I	True	0	0	True	538	
W	pseudogene_I	True	0	0	True	923	
A	classical_I	True	0	0	True	1098	
B	classical_I	True	0	0	True	1089	
C	classical_I	True	0	0	True	1101	
DMA	class_II_accessory	True	0	0	True	786	
DMB	class_II_accessory	True	0	0	True	792	
DOA	class_II_accessory	True	0	0	True	753	
DOB	class_II_accessory	True	0	0	True	822	
DPA1	classical_II	True	0	0	True	783	
DPA2	class_II_paralog	True	0	0	True	733	
DPB1	classical_II	True	0	0	True	777	
DPB2	class_II_paralog	True	0	0	True	776	
DQA1	classical_II	True	0	0	True	765	
DQA2	class_II_paralog	True	0	0	True	768	
DQB1	classical_II	True	0	0	True	786	
DQB2	class_II_paralog	True	0	0	True	807	
DRA	class_II_accessory	True	0	0	True	765	
DRB1	classical_II	True	0	0	True	801	
DRB4	class_II_paralog	True	0	0	True	784	
E	nonclassical_I	True	0	0	True	1077	
F	nonclassical_I	True	0	0	True	1041	
G	nonclassical_I	True	0	0	True	1017	
H	pseudogene_I	True	0	0	True	1096	
J	pseudogene_I	True	0	0	True	1095	
K	pseudogene_I	True	0	0	True	1093	
L	pseudogene_I	True	0	0	True	1096	
MICA	mic_tap	True	0	0	True	1166	
MICB	mic_tap	True	0	0	True	1152	
N	pseudogene_I	True	0	0	True	161	
P	pseudogene_I	True	0	0	True	735	
S	pseudogene_I	True	0	0	True	266	
T	pseudogene_I	True	0	0	True	459	
TAP1	mic_tap	True	0	0	True	2247	
TAP2	mic_tap	True	0	0	True	2112	
U	pseudogene_I	True	0	0	True	196	
V	pseudogene_I	True	0	0	True	538	
W	pseudogene_I	True	0	0	True	923	
A	classical_I	True	0	0	True	1098	
B	classical_I	True	0	0	True	1089	
C	classical_I	True	0	0	True	1101	
DMA	class_II_accessory	True	0	0	True	786	
DMB	class_II_accessory	True	0	0	True	792	
DOA	class_II_accessory	True	0	0	True	753	
DOB	class_II_accessory	True	0	0	True	822	
DPA1	classical_II	True	0	0	True	783	
DPA2	class_II_paralog	True	0	0	True	733	
DPB1	classical_II	True	0	0	True	777	
DPB2	class_II_paralog	True	0	0	True	776	
DQA1	classical_II	True	0	0	True	765	
DQA2	class_II_paralog	True	0	0	True	768	
DQB1	classical_II	True	0	0	True	786	
DQB2	class_II_paralog	True	0	0	True	807	
DRA	class_II_accessory	True	0	0	True	765	
DRB1	classical_II	True	0	0	True	801	
DRB3	class_II_paralog	True	0	0	True	801	
E	nonclassical_I	True	0	0	True	1077	
F	nonclassical_I	True	0	0	True	1041	
G	nonclassical_I	True	0	0	True	1017	
H	pseudogene_I	True	0	0	True	1096	
J	pseudogene_I	True	0	0	True	1095	
K	pseudogene_I	True	0	0	True	1092	
L	pseudogene_I	True	0	0	True	1094	
MICA	mic_tap	True	0	0	True	1156	
MICB	mic_tap	True	0	0	True	1152	
N	pseudogene_I	True	0	0	True	161	
P	pseudogene_I	True	0	0	True	735	
S	pseudogene_I	True	0	0	True	266	
T	pseudogene_I	True	0	0	True	459	
TAP1	mic_tap	True	0	0	True	2247	
TAP2	mic_tap	True	0	0	True	2061	
U	pseudogene_I	True	0	0	True	196	
V	pseudogene_I	True	0	0	True	538	
W	pseudogene_I	True	0	0	True	923	
A	classical_I	True	0	0	True	1098	
B	classical_I	True	0	0	True	1089	
C	classical_I	True	0	0	True	1101	
DMA	class_II_accessory	True	0	0	True	786	
DMB	class_II_accessory	True	0	0	True	792	
DOA	class_II_accessory	True	0	0	True	753	
DOB	class_II_accessory	True	0	0	True	822	
DPA1	classical_II	True	0	0	True	783	
DPA2	class_II_paralog	True	0	0	True	733	
DPB1	classical_II	True	0	0	True	777	
DPB2	class_II_paralog	True	0	0	True	776	
DQA1	classical_II	True	0	0	True	765	
DQA2	class_II_paralog	True	0	0	True	768	
DQB1	classical_II	True	0	0	True	786	
DQB2	class_II_paralog	True	0	0	True	807	
DRA	class_II_accessory	True	0	0	True	765	
DRB1	classical_II	True	0	0	True	801	
E	nonclassical_I	True	0	0	True	1077	
F	nonclassical_I	True	0	0	True	1041	
G	nonclassical_I	True	0	0	True	1017	
H	pseudogene_I	True	0	0	True	1096	
J	pseudogene_I	True	0	0	True	1088	
K	pseudogene_I	True	0	0	True	1093	
L	pseudogene_I	True	0	0	True	1094	
MICA	mic_tap	True	0	0	True	1167	
MICB	mic_tap	True	0	0	True	1152	
N	pseudogene_I	True	0	0	True	161	
P	pseudogene_I	True	0	0	True	735	
S	pseudogene_I	True	0	0	True	266	
T	pseudogene_I	True	0	0	True	459	
TAP1	mic_tap	True	0	0	True	2247	
TAP2	mic_tap	True	0	0	True	2061	
U	pseudogene_I	True	0	0	True	196	
V	pseudogene_I	True	0	0	True	538	
W	pseudogene_I	True	0	0	True	923	
Y	pseudogene_I	True	0	0	True	824	
A	classical_I	True	0	0	True	1098	
B	classical_I	False	3	3	False	1089	1092.0
C	classical_I	True	0	0	True	1101	
DMA	class_II_accessory	True	0	0	True	786	
DMB	class_II_accessory	True	0	0	True	792	
DOA	class_II_accessory	True	0	0	True	753	
DOB	class_II_accessory	True	0	0	True	822	
DPA1	classical_II	True	0	0	True	783	
DPA2	class_II_paralog	True	0	0	True	733	
DPB1	classical_II	True	0	0	True	777	
DPB2	class_II_paralog	True	0	0	True	776	
DQA1	classical_II	False	1	1	True	768	768.0
DQA2	class_II_paralog	True	0	0	True	768	
DQB1	classical_II	True	0	0	True	786	
DQB2	class_II_paralog	True	0	0	True	807	
DRA	class_II_accessory	True	0	0	True	765	
DRB1	classical_II	True	0	0	True	801	
DRB4	class_II_paralog	True	0	0	True	801	
E	nonclassical_I	False	2	2	True	1077	1077.0
F	nonclassical_I	True	0	0	True	1041	
G	nonclassical_I	True	0	0	True	1017	
H	pseudogene_I	True	0	0	True	1096	
J	pseudogene_I	True	0	0	True	1095	
K	pseudogene_I	True	0	0	True	1093	
L	pseudogene_I	True	0	0	True	1096	
MICA	mic_tap	True	0	0	True	1155	
MICB	mic_tap	True	0	0	True	1152	
N	pseudogene_I	True	0	0	True	161	
P	pseudogene_I	True	0	0	True	735	
S	pseudogene_I	True	0	0	True	266	
T	pseudogene_I	True	0	0	True	459	
TAP1	mic_tap	True	0	0	True	2247	
TAP2	mic_tap	True	0	0	True	2061	
U	pseudogene_I	True	0	0	True	196	
V	pseudogene_I	True	0	0	True	538	
W	pseudogene_I	True	0	0	True	923	
A	classical_I	True	0	0	True	1098	
B	classical_I	True	0	0	True	1089	
C	classical_I	True	0	0	True	1101	
DMA	class_II_accessory	True	0	0	True	786	
DMB	class_II_accessory	True	0	0	True	792	
DOA	class_II_accessory	True	0	0	True	753	
DOB	class_II_accessory	True	0	0	True	822	
DPA1	classical_II	True	0	0	True	783	
DPA2	class_II_paralog	True	0	0	True	733	
DPB1	classical_II	True	0	0	True	777	
DPB2	class_II_paralog	True	0	0	True	776	
DQA1	classical_II	True	0	0	True	768	
DQA2	class_II_paralog	True	0	0	True	768	
DQB1	classical_II	True	0	0	True	786	
DQB2	class_II_paralog	True	0	0	True	807	
DRA	class_II_accessory	True	0	0	True	765	
DRB1	classical_II	True	0	0	True	801	
DRB4	class_II_paralog	True	0	0	True	801	
E	nonclassical_I	True	0	0	True	1077	
F	nonclassical_I	True	0	0	True	1041	
G	nonclassical_I	True	0	0	True	1017	
H	pseudogene_I	True	0	0	True	1096	
HFE	other	False	1	1	True	1047	1047.0
J	pseudogene_I	True	0	0	True	1095	
K	pseudogene_I	True	0	0	True	1093	
L	pseudogene_I	True	0	0	True	1096	
MICA	mic_tap	True	0	0	True	1155	
MICB	mic_tap	True	0	0	True	1152	
N	pseudogene_I	True	0	0	True	161	
P	pseudogene_I	True	0	0	True	735	
S	pseudogene_I	True	0	0	True	266	
T	pseudogene_I	True	0	0	True	459	
TAP1	mic_tap	True	0	0	True	2247	
TAP2	mic_tap	True	0	0	True	2061	
U	pseudogene_I	True	0	0	True	196	
V	pseudogene_I	True	0	0	True	538	
W	pseudogene_I	True	0	0	True	923	
A	classical_I	True	0	0	True	1098	
B	classical_I	True	0	0	True	1089	
C	classical_I	True	0	0	True	1101	
DMA	class_II_accessory	True	0	0	True	786	
DMB	class_II_accessory	True	0	0	True	792	
DOA	class_II_accessory	True	0	0	True	753	
DOB	class_II_accessory	True	0	0	True	822	
DPA1	classical_II	True	0	0	True	783	
DPA2	class_II_paralog	True	0	0	True	733	
DPB1	classical_II	True	0	0	True	777	
DPB2	class_II_paralog	True	0	0	True	776	
DQA1	classical_II	True	0	0	True	768	
DQA2	class_II_paralog	False	1	1	True	768	768.0
DQB1	classical_II	True	0	0	True	786	
DQB2	class_II_paralog	True	0	0	True	807	
DRA	class_II_accessory	True	0	0	True	765	
DRB1	classical_II	True	0	0	True	801	
DRB4	class_II_paralog	True	0	0	True	801	
E	nonclassical_I	True	0	0	True	1077	
F	nonclassical_I	True	0	0	True	1041	
G	nonclassical_I	True	0	0	True	1017	
H	pseudogene_I	True	0	0	True	1096	
J	pseudogene_I	True	0	0	True	1095	
K	pseudogene_I	True	0	0	True	1094	
L	pseudogene_I	True	0	0	True	1096	
MICA	mic_tap	True	0	0	True	1156	
MICB	mic_tap	True	0	0	True	1152	
N	pseudogene_I	True	0	0	True	161	
P	pseudogene_I	True	0	0	True	735	
S	pseudogene_I	True	0	0	True	266	
T	pseudogene_I	True	0	0	True	459	
TAP1	mic_tap	True	0	0	True	2247	
TAP2	mic_tap	True	0	0	True	2061	
U	pseudogene_I	True	0	0	True	196	
V	pseudogene_I	True	0	0	True	538	
W	pseudogene_I	True	0	0	True	923	
A	classical_I	True	0	0	True	1098	
B	classical_I	True	0	0	True	1089	
C	classical_I	True	0	0	True	1101	
DMA	class_II_accessory	True	0	0	True	786	
DMB	class_II_accessory	True	0	0	True	792	
DOA	class_II_accessory	True	0	0	True	753	
DOB	class_II_accessory	True	0	0	True	822	
DPA1	classical_II	True	0	0	True	783	
DPA2	class_II_paralog	True	0	0	True	733	
DPB1	classical_II	True	0	0	True	777	
DPB2	class_II_paralog	True	0	0	True	776	
DQA1	classical_II	True	0	0	True	768	
DQA2	class_II_paralog	True	0	0	True	768	
DQB1	classical_II	True	0	0	True	786	
DQB2	class_II_paralog	True	0	0	True	807	
DRA	class_II_accessory	True	0	0	True	765	
DRB1	classical_II	True	0	0	True	801	
DRB4	class_II_paralog	True	0	0	True	801	
E	nonclassical_I	True	0	0	True	1077	
F	nonclassical_I	True	0	0	True	1041	
G	nonclassical_I	True	0	0	True	1017	
H	pseudogene_I	True	0	0	True	1097	
HFE	other	True	0	0	True	1047	
J	pseudogene_I	True	0	0	True	1095	
K	pseudogene_I	True	0	0	True	1094	
L	pseudogene_I	True	0	0	True	1096	
MICA	mic_tap	True	0	0	True	1156	
MICB	mic_tap	True	0	0	True	1152	
N	pseudogene_I	True	0	0	True	161	
P	pseudogene_I	True	0	0	True	735	
S	pseudogene_I	True	0	0	True	266	
T	pseudogene_I	True	0	0	True	459	
TAP1	mic_tap	True	0	0	True	2247	
TAP2	mic_tap	True	0	0	True	2112	
U	pseudogene_I	True	0	0	True	196	
V	pseudogene_I	True	0	0	True	538	
W	pseudogene_I	True	0	0	True	923	
A	classical_I	True	0	0	True	1098	
B	classical_I	True	0	0	True	1089	
C	classical_I	True	0	0	True	1101	
DMA	class_II_accessory	True	0	0	True	786	
DMB	class_II_accessory	True	0	0	True	792	
DOA	class_II_accessory	True	0	0	True	753	
DOB	class_II_accessory	True	0	0	True	822	
DPA1	classical_II	True	0	0	True	783	
DPA2	class_II_paralog	True	0	0	True	733	
DPB1	classical_II	True	0	0	True	777	
DPB2	class_II_paralog	True	0	0	True	776	
DQA1	classical_II	True	0	0	True	765	
DQA2	class_II_paralog	True	0	0	True	768	
DQB1	classical_II	True	0	0	True	786	
DQB2	class_II_paralog	True	0	0	True	807	
DRA	class_II_accessory	True	0	0	True	765	
DRB1	classical_II	True	0	0	True	801	
DRB3	class_II_paralog	True	0	0	True	801	
E	nonclassical_I	True	0	0	True	1077	
F	nonclassical_I	True	0	0	True	1041	
G	nonclassical_I	True	0	0	True	1017	
H	pseudogene_I	True	0	0	True	1097	
HFE	other	True	0	0	True	1047	
J	pseudogene_I	True	0	0	True	1095	
K	pseudogene_I	False	1	1	False	1094	1095.0
L	pseudogene_I	True	0	0	True	1094	
MICA	mic_tap	True	0	0	True	1156	
MICB	mic_tap	True	0	0	True	1152	
N	pseudogene_I	True	0	0	True	161	
P	pseudogene_I	True	0	0	True	735	
S	pseudogene_I	True	0	0	True	266	
T	pseudogene_I	True	0	0	True	459	
TAP1	mic_tap	True	0	0	True	2247	
TAP2	mic_tap	True	0	0	True	2061	
U	pseudogene_I	True	0	0	True	196	
V	pseudogene_I	True	0	0	True	538	
W	pseudogene_I	True	0	0	True	938	
A	classical_I	True	0	0	True	1098	
B	classical_I	True	0	0	True	1089	
C	classical_I	True	0	0	True	1101	
DMA	class_II_accessory	True	0	0	True	786	
DMB	class_II_accessory	True	0	0	True	792	
DOA	class_II_accessory	True	0	0	True	753	
DOB	class_II_accessory	True	0	0	True	822	
DPA1	classical_II	True	0	0	True	783	
DPA2	class_II_paralog	True	0	0	True	733	
DPB1	classical_II	True	0	0	True	777	
DPB2	class_II_paralog	True	0	0	True	776	
DQA1	classical_II	True	0	0	True	765	
DQA2	class_II_paralog	True	0	0	True	768	
DQB1	classical_II	True	0	0	True	786	
DQB2	class_II_paralog	True	0	0	True	807	
DRA	class_II_accessory	True	0	0	True	765	
DRB1	classical_II	False	1	1	False	801	802.0
DRB4	class_II_paralog	True	0	0	True	801	
E	nonclassical_I	True	0	0	True	1077	
F	nonclassical_I	True	0	0	True	1041	
G	nonclassical_I	True	0	0	True	1017	
H	pseudogene_I	True	0	0	True	1096	
J	pseudogene_I	True	0	0	True	1095	
K	pseudogene_I	False	2	2	False	1095	1093.0
L	pseudogene_I	True	0	0	True	1094	
MICA	mic_tap	True	0	0	True	1155	
MICB	mic_tap	True	0	0	True	1152	
N	pseudogene_I	True	0	0	True	161	
P	pseudogene_I	True	0	0	True	735	
S	pseudogene_I	True	0	0	True	266	
T	pseudogene_I	True	0	0	True	459	
TAP1	mic_tap	True	0	0	True	2247	
TAP2	mic_tap	True	0	0	True	2061	
U	pseudogene_I	True	0	0	True	196	
V	pseudogene_I	True	0	0	True	516	
W	pseudogene_I	True	0	0	True	936	
A	classical_I	True	0	0	True	1098	
B	classical_I	True	0	0	True	1089	
C	classical_I	True	0	0	True	1101	
DMA	class_II_accessory	True	0	0	True	786	
DMB	class_II_accessory	True	0	0	True	792	
DOA	class_II_accessory	True	0	0	True	753	
DOB	class_II_accessory	True	0	0	True	822	
DPA1	classical_II	True	0	0	True	783	
DPA2	class_II_paralog	True	0	0	True	733	
DPB1	classical_II	True	0	0	True	777	
DPB2	class_II_paralog	True	0	0	True	776	
DQA1	classical_II	True	0	0	True	765	
DQA2	class_II_paralog	True	0	0	True	768	
DQB1	classical_II	True	0	0	True	786	
DQB2	class_II_paralog	True	0	0	True	807	
DRA	class_II_accessory	True	0	0	True	765	
DRB1	classical_II	True	0	0	True	801	
DRB3	class_II_paralog	True	0	0	True	801	
E	nonclassical_I	True	0	0	True	1077	
F	nonclassical_I	True	0	0	True	1041	
G	nonclassical_I	True	0	0	True	1017	
H	pseudogene_I	True	0	0	True	1097	
J	pseudogene_I	True	0	0	True	1088	
K	pseudogene_I	True	0	0	True	1093	
L	pseudogene_I	True	0	0	True	1096	
MICA	mic_tap	True	0	0	True	1156	
MICB	mic_tap	True	0	0	True	1152	
N	pseudogene_I	True	0	0	True	161	
P	pseudogene_I	True	0	0	True	732	
S	pseudogene_I	True	0	0	True	266	
T	pseudogene_I	True	0	0	True	459	
TAP1	mic_tap	True	0	0	True	2247	
TAP2	mic_tap	True	0	0	True	2061	
U	pseudogene_I	True	0	0	True	196	
V	pseudogene_I	True	0	0	True	517	
W	pseudogene_I	True	0	0	True	938	
Y	pseudogene_I	True	0	0	True	824	
A	classical_I	True	0	0	True	1098	
B	classical_I	True	0	0	True	1089	
C	classical_I	True	0	0	True	1101	
DMA	class_II_accessory	True	0	0	True	786	
DMB	class_II_accessory	True	0	0	True	792	
DOA	class_II_accessory	True	0	0	True	753	
DOB	class_II_accessory	True	0	0	True	822	
DPA1	classical_II	True	0	0	True	783	
DPA2	class_II_paralog	False	1	1	False	734	733.0
DPB1	classical_II	False	13	12	True	777	777.0
DPB2	class_II_paralog	False	10	10	True	776	776.0
DQA1	classical_II	False	2	2	True	768	768.0
DQA2	class_II_paralog	True	0	0	True	768	
DQB1	classical_II	True	0	0	True	786	
DQB2	class_II_paralog	True	0	0	True	807	
DRA	class_II_accessory	True	0	0	True	765	
DRB1	classical_II	True	0	0	True	801	
DRB4	class_II_paralog	True	0	0	True	801	
E	nonclassical_I	True	0	0	True	1077	
F	nonclassical_I	True	0	0	True	1041	
G	nonclassical_I	False	8	8	False	1015	1017.0
J	pseudogene_I	True	0	0	True	1095	
L	pseudogene_I	False	2	2	False	1094	1096.0
MICA	mic_tap	True	0	0	True	1167	
MICB	mic_tap	True	0	0	True	1152	
N	pseudogene_I	True	0	0	True	161	
P	pseudogene_I	True	0	0	True	735	
S	pseudogene_I	True	0	0	True	266	
TAP1	mic_tap	True	0	0	True	2247	
TAP2	mic_tap	False	1	1	False	2062	2061.0
V	pseudogene_I	True	0	0	True	538	
W	pseudogene_I	True	0	0	True	936	
A	classical_I	True	0	0	True	1098	
B	classical_I	True	0	0	True	1089	
C	classical_I	True	0	0	True	1101	
DMA	class_II_accessory	True	0	0	True	786	
DMB	class_II_accessory	True	0	0	True	792	
DOA	class_II_accessory	True	0	0	True	753	
DOB	class_II_accessory	True	0	0	True	822	
DPA1	classical_II	True	0	0	True	783	
DPA2	class_II_paralog	True	0	0	True	733	
DPB1	classical_II	True	0	0	True	777	
DPB2	class_II_paralog	True	0	0	True	776	
DQA1	classical_II	True	0	0	True	768	
DQA2	class_II_paralog	True	0	0	True	768	
DQB1	classical_II	True	0	0	True	786	
DQB2	class_II_paralog	True	0	0	True	807	
DRA	class_II_accessory	True	0	0	True	765	
DRB1	classical_II	False	37	28	True	801	801.0
DRB4	class_II_paralog	True	0	0	True	801	
E	nonclassical_I	True	0	0	True	1077	
F	nonclassical_I	True	0	0	True	1041	
G	nonclassical_I	False	2	2	False	1015	1017.0
H	pseudogene_I	True	0	0	True	1097	
J	pseudogene_I	True	0	0	True	1088	
K	pseudogene_I	True	0	0	True	1093	
L	pseudogene_I	False	2	2	False	1094	1096.0
MICA	mic_tap	True	0	0	True	1167	
MICB	mic_tap	True	0	0	True	1152	
N	pseudogene_I	True	0	0	True	161	
P	pseudogene_I	True	0	0	True	735	
S	pseudogene_I	False	2	2	True	266	266.0
T	pseudogene_I	True	0	0	True	459	
TAP1	mic_tap	True	0	0	True	2247	
TAP2	mic_tap	True	0	0	True	2061	
U	pseudogene_I	True	0	0	True	196	
V	pseudogene_I	True	0	0	True	538	
W	pseudogene_I	True	0	0	True	938	
Y	pseudogene_I	True	0	0	True	824	
A	classical_I	True	0	0	True	1098	
B	classical_I	True	0	0	True	1089	
C	classical_I	True	0	0	True	1101	
DMA	class_II_accessory	True	0	0	True	786	
DMB	class_II_accessory	True	0	0	True	792	
DOA	class_II_accessory	True	0	0	True	753	
DOB	class_II_accessory	True	0	0	True	822	
DPA1	classical_II	True	0	0	True	783	
DPA2	class_II_paralog	True	0	0	True	733	
DPB1	classical_II	True	0	0	True	777	
DPB2	class_II_paralog	True	0	0	True	776	
DQA1	classical_II	True	0	0	True	765	
DQA2	class_II_paralog	True	0	0	True	768	
DQB1	classical_II	True	0	0	True	786	
DQB2	class_II_paralog	True	0	0	True	807	
DRA	class_II_accessory	True	0	0	True	765	
DRB1	classical_II	True	0	0	True	801	
DRB3	class_II_paralog	False	15	13	True	801	801.0
E	nonclassical_I	True	0	0	True	1077	
F	nonclassical_I	True	0	0	True	1041	
G	nonclassical_I	True	0	0	True	1017	
H	pseudogene_I	True	0	0	True	1096	
J	pseudogene_I	True	0	0	True	1095	
K	pseudogene_I	True	0	0	True	1093	
L	pseudogene_I	True	0	0	True	1094	
MICA	mic_tap	True	0	0	True	1167	
MICB	mic_tap	True	0	0	True	1152	
N	pseudogene_I	True	0	0	True	161	
P	pseudogene_I	True	0	0	True	735	
S	pseudogene_I	True	0	0	True	266	
T	pseudogene_I	True	0	0	True	459	
TAP1	mic_tap	True	0	0	True	2247	
TAP2	mic_tap	True	0	0	True	2061	
U	pseudogene_I	True	0	0	True	196	
V	pseudogene_I	True	0	0	True	538	
W	pseudogene_I	True	0	0	True	923	
A	classical_I	True	0	0	True	1098	
B	classical_I	True	0	0	True	1089	
C	classical_I	True	0	0	True	1101	
DMA	class_II_accessory	True	0	0	True	786	
DMB	class_II_accessory	True	0	0	True	792	
DOA	class_II_accessory	True	0	0	True	753	
DOB	class_II_accessory	True	0	0	True	822	
DPA1	classical_II	True	0	0	True	783	
DPA2	class_II_paralog	True	0	0	True	733	
DPB1	classical_II	False	5	5	True	777	777.0
DPB2	class_II_paralog	True	0	0	True	776	
DQA1	classical_II	True	0	0	True	768	
DQA2	class_II_paralog	True	0	0	True	768	
DQB1	classical_II	True	0	0	True	786	
DQB2	class_II_paralog	True	0	0	True	807	
DRA	class_II_accessory	True	0	0	True	765	
DRB1	classical_II	True	0	0	True	801	
DRB4	class_II_paralog	True	0	0	True	801	
E	nonclassical_I	True	0	0	True	1077	
F	nonclassical_I	True	0	0	True	1041	
G	nonclassical_I	True	0	0	True	1017	
H	pseudogene_I	True	0	0	True	1096	
J	pseudogene_I	True	0	0	True	1095	
K	pseudogene_I	True	0	0	True	1093	
L	pseudogene_I	True	0	0	True	1096	
MICA	mic_tap	True	0	0	True	1158	
MICB	mic_tap	False	1	1	False	1153	1152.0
N	pseudogene_I	True	0	0	True	161	
P	pseudogene_I	True	0	0	True	735	
S	pseudogene_I	True	0	0	True	266	
T	pseudogene_I	True	0	0	True	459	
TAP1	mic_tap	True	0	0	True	2247	
TAP2	mic_tap	True	0	0	True	2061	
U	pseudogene_I	True	0	0	True	196	
V	pseudogene_I	True	0	0	True	516	
W	pseudogene_I	True	0	0	True	938	
A	classical_I	True	0	0	True	1098	
B	classical_I	True	0	0	True	1089	
C	classical_I	True	0	0	True	1101	
DMA	class_II_accessory	True	0	0	True	786	
DMB	class_II_accessory	True	0	0	True	792	
DOA	class_II_accessory	True	0	0	True	753	
DOB	class_II_accessory	True	0	0	True	822	
DPA1	classical_II	True	0	0	True	783	
DPA2	class_II_paralog	True	0	0	True	733	
DPB1	classical_II	True	0	0	True	777	
DPB2	class_II_paralog	True	0	0	True	776	
DQA1	classical_II	True	0	0	True	768	
DQA2	class_II_paralog	True	0	0	True	768	
DQB1	classical_II	True	0	0	True	786	
DQB2	class_II_paralog	True	0	0	True	807	
DRA	class_II_accessory	True	0	0	True	765	
DRB1	classical_II	True	0	0	True	801	
DRB3	class_II_paralog	False	100	1	False	701	801.0
DRB5	class_II_paralog	True	0	0	True	801	
E	nonclassical_I	True	0	0	True	1077	
F	nonclassical_I	True	0	0	True	1041	
G	nonclassical_I	True	0	0	True	1017	
H	pseudogene_I	True	0	0	True	1096	
J	pseudogene_I	True	0	0	True	1095	
K	pseudogene_I	True	0	0	True	1093	
L	pseudogene_I	True	0	0	True	1096	
MICA	mic_tap	True	0	0	True	1156	
MICB	mic_tap	True	0	0	True	1152	
N	pseudogene_I	True	0	0	True	161	
P	pseudogene_I	True	0	0	True	735	
S	pseudogene_I	True	0	0	True	266	
T	pseudogene_I	True	0	0	True	459	
TAP1	mic_tap	True	0	0	True	2247	
TAP2	mic_tap	True	0	0	True	2061	
U	pseudogene_I	True	0	0	True	196	
V	pseudogene_I	True	0	0	True	517	
W	pseudogene_I	True	0	0	True	936	
A	classical_I	True	0	0	True	1098	
B	classical_I	True	0	0	True	1089	
C	classical_I	True	0	0	True	1101	
DMA	class_II_accessory	True	0	0	True	786	
DMB	class_II_accessory	True	0	0	True	792	
DOA	class_II_accessory	True	0	0	True	753	
DOB	class_II_accessory	True	0	0	True	822	
DPA1	classical_II	True	0	0	True	783	
DPA2	class_II_paralog	True	0	0	True	733	
DPB1	classical_II	True	0	0	True	777	
DPB2	class_II_paralog	True	0	0	True	776	
DQA1	classical_II	True	0	0	True	768	
DQA2	class_II_paralog	True	0	0	True	768	
DQB1	classical_II	True	0	0	True	786	
DQB2	class_II_paralog	True	0	0	True	807	
DRA	class_II_accessory	True	0	0	True	765	
DRB1	classical_II	True	0	0	True	801	
DRB3	class_II_paralog	False	100	1	False	701	801.0
DRB5	class_II_paralog	True	0	0	True	801	
E	nonclassical_I	True	0	0	True	1077	
F	nonclassical_I	True	0	0	True	1041	
G	nonclassical_I	True	0	0	True	1017	
H	pseudogene_I	True	0	0	True	1096	
J	pseudogene_I	True	0	0	True	1095	
K	pseudogene_I	True	0	0	True	1093	
L	pseudogene_I	True	0	0	True	1096	
MICA	mic_tap	True	0	0	True	1156	
MICB	mic_tap	True	0	0	True	1152	
N	pseudogene_I	True	0	0	True	161	
P	pseudogene_I	True	0	0	True	735	
S	pseudogene_I	True	0	0	True	266	
T	pseudogene_I	True	0	0	True	459	
TAP1	mic_tap	True	0	0	True	2247	
TAP2	mic_tap	True	0	0	True	2061	
U	pseudogene_I	True	0	0	True	196	
V	pseudogene_I	True	0	0	True	517	
W	pseudogene_I	True	0	0	True	936	
A	classical_I	True	0	0	True	1098	
B	classical_I	True	0	0	True	1089	
C	classical_I	True	0	0	True	1101	
DMA	class_II_accessory	True	0	0	True	786	
DMB	class_II_accessory	True	0	0	True	792	
DOA	class_II_accessory	True	0	0	True	753	
DOB	class_II_accessory	True	0	0	True	822	
DPA1	classical_II	True	0	0	True	783	
DPA2	class_II_paralog	True	0	0	True	733	
DPB1	classical_II	True	0	0	True	777	
DPB2	class_II_paralog	True	0	0	True	776	
DQA1	classical_II	True	0	0	True	768	
DQA2	class_II_paralog	True	0	0	True	768	
DQB1	classical_II	True	0	0	True	786	
DQB2	class_II_paralog	True	0	0	True	807	
DRA	class_II_accessory	True	0	0	True	765	
DRB1	classical_II	True	0	0	True	801	
DRB3	class_II_paralog	False	100	1	False	701	801.0
DRB5	class_II_paralog	True	0	0	True	801	
E	nonclassical_I	True	0	0	True	1077	
F	nonclassical_I	True	0	0	True	1041	
G	nonclassical_I	True	0	0	True	1017	
H	pseudogene_I	True	0	0	True	1096	
J	pseudogene_I	True	0	0	True	1095	
K	pseudogene_I	True	0	0	True	1093	
L	pseudogene_I	True	0	0	True	1096	
MICA	mic_tap	True	0	0	True	1156	
MICB	mic_tap	True	0	0	True	1152	
N	pseudogene_I	True	0	0	True	161	
P	pseudogene_I	True	0	0	True	732	
S	pseudogene_I	True	0	0	True	266	
T	pseudogene_I	True	0	0	True	459	
TAP1	mic_tap	True	0	0	True	2247	
TAP2	mic_tap	True	0	0	True	2061	
U	pseudogene_I	True	0	0	True	196	
V	pseudogene_I	True	0	0	True	538	
W	pseudogene_I	True	0	0	True	923	
A	classical_I	True	0	0	True	1098	
B	classical_I	True	0	0	True	1089	
C	classical_I	True	0	0	True	1101	
DMA	class_II_accessory	True	0	0	True	786	
DMB	class_II_accessory	True	0	0	True	792	
DOA	class_II_accessory	True	0	0	True	753	
DOB	class_II_accessory	True	0	0	True	822	
DPA1	classical_II	True	0	0	True	783	
DPA2	class_II_paralog	True	0	0	True	733	
DPB1	classical_II	True	0	0	True	777	
DPB2	class_II_paralog	True	0	0	True	776	
DQA1	classical_II	True	0	0	True	768	
DQA2	class_II_paralog	True	0	0	True	768	
DQB1	classical_II	True	0	0	True	786	
DQB2	class_II_paralog	True	0	0	True	807	
DRA	class_II_accessory	True	0	0	True	765	
DRB1	classical_II	True	0	0	True	801	
E	nonclassical_I	True	0	0	True	1077	
F	nonclassical_I	True	0	0	True	1041	
G	nonclassical_I	True	0	0	True	1017	
H	pseudogene_I	True	0	0	True	1097	
J	pseudogene_I	True	0	0	True	1095	
K	pseudogene_I	True	0	0	True	1094	
L	pseudogene_I	True	0	0	True	1094	
MICA	mic_tap	True	0	0	True	1152	
MICB	mic_tap	False	1	1	True	1152	1152.0
N	pseudogene_I	True	0	0	True	161	
P	pseudogene_I	True	0	0	True	735	
S	pseudogene_I	True	0	0	True	266	
T	pseudogene_I	True	0	0	True	459	
TAP1	mic_tap	True	0	0	True	2247	
TAP2	mic_tap	True	0	0	True	2061	
U	pseudogene_I	True	0	0	True	196	
V	pseudogene_I	True	0	0	True	538	
W	pseudogene_I	True	0	0	True	938	
A	classical_I	True	0	0	True	1098	
B	classical_I	True	0	0	True	1089	
C	classical_I	True	0	0	True	1101	
DMA	class_II_accessory	True	0	0	True	786	
DMB	class_II_accessory	True	0	0	True	792	
DOA	class_II_accessory	True	0	0	True	753	
DOB	class_II_accessory	True	0	0	True	822	
DPA1	classical_II	True	0	0	True	783	
DPA2	class_II_paralog	True	0	0	True	733	
DPB1	classical_II	True	0	0	True	777	
DPB2	class_II_paralog	True	0	0	True	776	
DQA1	classical_II	True	0	0	True	768	
DQA2	class_II_paralog	True	0	0	True	768	
DQB1	classical_II	True	0	0	True	786	
DQB2	class_II_paralog	True	0	0	True	807	
DRA	class_II_accessory	True	0	0	True	765	
DRB1	classical_II	True	0	0	True	801	
DRB4	class_II_paralog	True	0	0	True	801	
E	nonclassical_I	True	0	0	True	1077	
F	nonclassical_I	True	0	0	True	1041	
G	nonclassical_I	True	0	0	True	1017	
H	pseudogene_I	True	0	0	True	1097	
J	pseudogene_I	True	0	0	True	1095	
K	pseudogene_I	True	0	0	True	1094	
L	pseudogene_I	True	0	0	True	1094	
MICA	mic_tap	False	5	5	True	1152	1152.0
MICB	mic_tap	True	0	0	True	1152	
N	pseudogene_I	True	0	0	True	161	
P	pseudogene_I	True	0	0	True	735	
S	pseudogene_I	True	0	0	True	266	
T	pseudogene_I	True	0	0	True	459	
TAP1	mic_tap	True	0	0	True	2247	
TAP2	mic_tap	True	0	0	True	2061	
U	pseudogene_I	True	0	0	True	196	
V	pseudogene_I	True	0	0	True	538	
W	pseudogene_I	True	0	0	True	938	
A	classical_I	True	0	0	True	1098	
B	classical_I	True	0	0	True	1089	
C	classical_I	True	0	0	True	1101	
DMA	class_II_accessory	True	0	0	True	786	
DMB	class_II_accessory	True	0	0	True	792	
DOA	class_II_accessory	True	0	0	True	753	
DOB	class_II_accessory	True	0	0	True	822	
DPA1	classical_II	True	0	0	True	783	
DPA2	class_II_paralog	True	0	0	True	733	
DPB1	classical_II	True	0	0	True	777	
DPB2	class_II_paralog	True	0	0	True	776	
DQA1	classical_II	True	0	0	True	765	
DQA2	class_II_paralog	True	0	0	True	768	
DQB1	classical_II	True	0	0	True	786	
DQB2	class_II_paralog	True	0	0	True	807	
DRA	class_II_accessory	True	0	0	True	765	
DRB1	classical_II	True	0	0	True	801	
DRB3	class_II_paralog	True	0	0	True	801	
E	nonclassical_I	True	0	0	True	1077	
F	nonclassical_I	True	0	0	True	1041	
G	nonclassical_I	True	0	0	True	1017	
H	pseudogene_I	True	0	0	True	1096	
J	pseudogene_I	True	0	0	True	1089	
K	pseudogene_I	True	0	0	True	1095	
L	pseudogene_I	True	0	0	True	1096	
MICA	mic_tap	True	0	0	True	1167	
MICB	mic_tap	True	0	0	True	1152	
N	pseudogene_I	True	0	0	True	161	
P	pseudogene_I	True	0	0	True	732	
S	pseudogene_I	True	0	0	True	266	
T	pseudogene_I	True	0	0	True	459	
TAP1	mic_tap	True	0	0	True	2247	
TAP2	mic_tap	True	0	0	True	2061	
U	pseudogene_I	True	0	0	True	196	
V	pseudogene_I	True	0	0	True	517	
W	pseudogene_I	True	0	0	True	938	
Y	pseudogene_I	True	0	0	True	824	
A	classical_I	True	0	0	True	1098	
B	classical_I	True	0	0	True	1089	
C	classical_I	False	44	40	True	1101	1101.0
DMA	class_II_accessory	True	0	0	True	786	
DMB	class_II_accessory	True	0	0	True	792	
DOA	class_II_accessory	True	0	0	True	753	
DOB	class_II_accessory	True	0	0	True	822	
DPA1	classical_II	True	0	0	True	783	
DPA2	class_II_paralog	False	1	1	True	733	733.0
DPB1	classical_II	True	0	0	True	777	
DPB2	class_II_paralog	False	1	1	False	776	777.0
DQA1	classical_II	True	0	0	True	768	
DQA2	class_II_paralog	True	0	0	True	768	
DQB1	classical_II	False	58	37	False	786	787.0
DQB2	class_II_paralog	True	0	0	True	807	
DRA	class_II_accessory	True	0	0	True	765	
DRB1	classical_II	True	0	0	True	801	
DRB3	class_II_paralog	True	0	0	True	801	
DRB5	class_II_paralog	False	150	2	False	801	651.0
E	nonclassical_I	True	0	0	True	1077	
F	nonclassical_I	True	0	0	True	1041	
G	nonclassical_I	True	0	0	True	1017	
H	pseudogene_I	False	3	3	True	1096	1096.0
J	pseudogene_I	True	0	0	True	1095	
K	pseudogene_I	True	0	0	True	1093	
L	pseudogene_I	True	0	0	True	1096	
MICB	mic_tap	True	0	0	True	1152	
N	pseudogene_I	True	0	0	True	161	
P	pseudogene_I	True	0	0	True	735	
S	pseudogene_I	True	0	0	True	266	
T	pseudogene_I	False	1	1	True	459	459.0
TAP1	mic_tap	True	0	0	True	2247	
TAP2	mic_tap	False	5	4	True	2061	2061.0
U	pseudogene_I	True	0	0	True	196	
V	pseudogene_I	True	0	0	True	516	
W	pseudogene_I	True	0	0	True	936	
A	classical_I	True	0	0	True	1098	
B	classical_I	True	0	0	True	1089	
C	classical_I	True	0	0	True	1101	
DMA	class_II_accessory	True	0	0	True	786	
DMB	class_II_accessory	True	0	0	True	792	
DOA	class_II_accessory	True	0	0	True	753	
DOB	class_II_accessory	True	0	0	True	822	
DPA1	classical_II	True	0	0	True	783	
DPA2	class_II_paralog	True	0	0	True	733	
DPB1	classical_II	True	0	0	True	777	
DPB2	class_II_paralog	True	0	0	True	776	
DQA1	classical_II	True	0	0	True	768	
DQA2	class_II_paralog	True	0	0	True	768	
DQB1	classical_II	True	0	0	True	786	
DQB2	class_II_paralog	True	0	0	True	807	
DRA	class_II_accessory	True	0	0	True	765	
DRB1	classical_II	True	0	0	True	801	
DRB4	class_II_paralog	True	0	0	True	801	
E	nonclassical_I	True	0	0	True	1077	
F	nonclassical_I	True	0	0	True	1041	
G	nonclassical_I	True	0	0	True	1017	
H	pseudogene_I	True	0	0	True	1097	
J	pseudogene_I	True	0	0	True	1095	
K	pseudogene_I	True	0	0	True	1093	
L	pseudogene_I	True	0	0	True	1096	
MICA	mic_tap	True	0	0	True	1156	
MICB	mic_tap	True	0	0	True	1152	
N	pseudogene_I	True	0	0	True	161	
P	pseudogene_I	True	0	0	True	732	
S	pseudogene_I	True	0	0	True	266	
T	pseudogene_I	True	0	0	True	459	
TAP1	mic_tap	True	0	0	True	2247	
TAP2	mic_tap	True	0	0	True	2061	
U	pseudogene_I	True	0	0	True	196	
V	pseudogene_I	True	0	0	True	517	
W	pseudogene_I	True	0	0	True	936	
Y	pseudogene_I	True	0	0	True	824	
A	classical_I	True	0	0	True	1098	
B	classical_I	True	0	0	True	1089	
C	classical_I	True	0	0	True	1101	
DMA	class_II_accessory	True	0	0	True	786	
DMB	class_II_accessory	True	0	0	True	792	
DOA	class_II_accessory	True	0	0	True	753	
DOB	class_II_accessory	True	0	0	True	822	
DPA1	classical_II	True	0	0	True	783	
DPA2	class_II_paralog	True	0	0	True	733	
DPB1	classical_II	True	0	0	True	777	
DPB2	class_II_paralog	True	0	0	True	776	
DQA1	classical_II	True	0	0	True	765	
DQA2	class_II_paralog	True	0	0	True	768	
DQB1	classical_II	True	0	0	True	786	
DQB2	class_II_paralog	True	0	0	True	807	
DRA	class_II_accessory	True	0	0	True	765	
DRB1	classical_II	True	0	0	True	801	
DRB3	class_II_paralog	True	0	0	True	801	
E	nonclassical_I	True	0	0	True	1077	
F	nonclassical_I	False	1	1	True	1041	1041.0
G	nonclassical_I	True	0	0	True	1017	
H	pseudogene_I	True	0	0	True	1104	
J	pseudogene_I	True	0	0	True	1095	
K	pseudogene_I	True	0	0	True	1092	
L	pseudogene_I	True	0	0	True	1096	
MICA	mic_tap	True	0	0	True	1156	
MICB	mic_tap	True	0	0	True	1152	
N	pseudogene_I	True	0	0	True	161	
P	pseudogene_I	True	0	0	True	735	
S	pseudogene_I	True	0	0	True	266	
T	pseudogene_I	True	0	0	True	459	
TAP1	mic_tap	True	0	0	True	2247	
TAP2	mic_tap	True	0	0	True	2061	
U	pseudogene_I	True	0	0	True	196	
V	pseudogene_I	True	0	0	True	538	
W	pseudogene_I	True	0	0	True	936	
A	classical_I	True	0	0	True	1098	
B	classical_I	True	0	0	True	1089	
C	classical_I	True	0	0	True	1101	
DMA	class_II_accessory	True	0	0	True	786	
DMB	class_II_accessory	True	0	0	True	792	
DOA	class_II_accessory	True	0	0	True	753	
DOB	class_II_accessory	True	0	0	True	822	
DPA1	classical_II	True	0	0	True	783	
DPA2	class_II_paralog	True	0	0	True	733	
DPB1	classical_II	True	0	0	True	777	
DPB2	class_II_paralog	True	0	0	True	776	
DQA1	classical_II	True	0	0	True	765	
DQA2	class_II_paralog	True	0	0	True	768	
DQB1	classical_II	True	0	0	True	786	
DQB2	class_II_paralog	True	0	0	True	807	
DRA	class_II_accessory	True	0	0	True	765	
DRB1	classical_II	True	0	0	True	801	
DRB3	class_II_paralog	True	0	0	True	801	
E	nonclassical_I	True	0	0	True	1077	
F	nonclassical_I	True	0	0	True	1041	
G	nonclassical_I	True	0	0	True	1017	
H	pseudogene_I	True	0	0	True	1104	
J	pseudogene_I	True	0	0	True	1095	
K	pseudogene_I	True	0	0	True	1092	
L	pseudogene_I	True	0	0	True	1094	
MICA	mic_tap	False	1	1	False	1158	1157.0
MICB	mic_tap	True	0	0	True	1152	
N	pseudogene_I	True	0	0	True	161	
P	pseudogene_I	False	3	2	False	735	736.0
S	pseudogene_I	True	0	0	True	266	
T	pseudogene_I	True	0	0	True	459	
TAP1	mic_tap	True	0	0	True	2247	
TAP2	mic_tap	False	1	1	True	2061	2061.0
U	pseudogene_I	True	0	0	True	196	
V	pseudogene_I	True	0	0	True	538	
W	pseudogene_I	True	0	0	True	936	
A	classical_I	True	0	0	True	1098	
B	classical_I	True	0	0	True	1089	
C	classical_I	True	0	0	True	1101	
DMA	class_II_accessory	True	0	0	True	786	
DMB	class_II_accessory	True	0	0	True	792	
DOA	class_II_accessory	True	0	0	True	753	
DOB	class_II_accessory	True	0	0	True	822	
DPA1	classical_II	True	0	0	True	783	
DPA2	class_II_paralog	True	0	0	True	733	
DPB1	classical_II	True	0	0	True	777	
DPB2	class_II_paralog	True	0	0	True	776	
DQA1	classical_II	True	0	0	True	768	
DQA2	class_II_paralog	True	0	0	True	768	
DQB1	classical_II	True	0	0	True	786	
DQB2	class_II_paralog	True	0	0	True	807	
DRA	class_II_accessory	True	0	0	True	765	
DRB1	classical_II	True	0	0	True	801	
DRB3	class_II_paralog	False	270	80	True	801	801.0
DRB4	class_II_paralog	False	1	1	True	801	801.0
E	nonclassical_I	True	0	0	True	1077	
F	nonclassical_I	True	0	0	True	1041	
G	nonclassical_I	True	0	0	True	1017	
H	pseudogene_I	True	0	0	True	1096	
J	pseudogene_I	True	0	0	True	1095	
K	pseudogene_I	True	0	0	True	1094	
L	pseudogene_I	False	12	10	False	1096	1094.0
MICA	mic_tap	True	0	0	True	1155	
MICB	mic_tap	True	0	0	True	1152	
N	pseudogene_I	True	0	0	True	161	
P	pseudogene_I	True	0	0	True	735	
S	pseudogene_I	True	0	0	True	266	
T	pseudogene_I	True	0	0	True	459	
TAP1	mic_tap	True	0	0	True	2247	
TAP2	mic_tap	True	0	0	True	2061	
U	pseudogene_I	True	0	0	True	196	
V	pseudogene_I	True	0	0	True	538	
W	pseudogene_I	True	0	0	True	938	
A	classical_I	True	0	0	True	1098	
B	classical_I	True	0	0	True	1089	
C	classical_I	True	0	0	True	1101	
DMA	class_II_accessory	True	0	0	True	786	
DMB	class_II_accessory	True	0	0	True	792	
DOA	class_II_accessory	True	0	0	True	753	
DOB	class_II_accessory	True	0	0	True	822	
DPA1	classical_II	True	0	0	True	783	
DPA2	class_II_paralog	True	0	0	True	733	
DPB1	classical_II	True	0	0	True	777	
DPB2	class_II_paralog	True	0	0	True	776	
DQA1	classical_II	True	0	0	True	765	
DQA2	class_II_paralog	True	0	0	True	768	
DQB1	classical_II	True	0	0	True	786	
DQB2	class_II_paralog	True	0	0	True	807	
DRA	class_II_accessory	True	0	0	True	765	
DRB1	classical_II	True	0	0	True	801	
DRB3	class_II_paralog	True	0	0	True	801	
E	nonclassical_I	True	0	0	True	1077	
F	nonclassical_I	False	1	1	True	1041	1041.0
G	nonclassical_I	True	0	0	True	1017	
H	pseudogene_I	True	0	0	True	1104	
J	pseudogene_I	True	0	0	True	1095	
K	pseudogene_I	True	0	0	True	1092	
L	pseudogene_I	True	0	0	True	1094	
MICA	mic_tap	False	1	1	False	1157	1158.0
MICB	mic_tap	True	0	0	True	1152	
N	pseudogene_I	True	0	0	True	161	
P	pseudogene_I	True	0	0	True	735	
S	pseudogene_I	True	0	0	True	266	
T	pseudogene_I	True	0	0	True	459	
TAP1	mic_tap	True	0	0	True	2247	
TAP2	mic_tap	False	1	1	True	2061	2061.0
U	pseudogene_I	True	0	0	True	196	
V	pseudogene_I	True	0	0	True	516	
W	pseudogene_I	True	0	0	True	936	
A	classical_I	True	0	0	True	1098	
B	classical_I	True	0	0	True	1089	
C	classical_I	True	0	0	True	1101	
DMA	class_II_accessory	True	0	0	True	786	
DMB	class_II_accessory	True	0	0	True	792	
DOA	class_II_accessory	True	0	0	True	753	
DOB	class_II_accessory	True	0	0	True	822	
DPA1	classical_II	True	0	0	True	783	
DPA2	class_II_paralog	True	0	0	True	733	
DPB1	classical_II	True	0	0	True	777	
DPB2	class_II_paralog	True	0	0	True	776	
DQA1	classical_II	True	0	0	True	765	
DQA2	class_II_paralog	True	0	0	True	768	
DQB1	classical_II	True	0	0	True	786	
DQB2	class_II_paralog	True	0	0	True	807	
DRA	class_II_accessory	True	0	0	True	765	
DRB1	classical_II	True	0	0	True	801	
DRB4	class_II_paralog	True	0	0	True	801	
DRB5	class_II_paralog	True	0	0	True	801	
E	nonclassical_I	True	0	0	True	1077	
F	nonclassical_I	True	0	0	True	1041	
G	nonclassical_I	True	0	0	True	1017	
H	pseudogene_I	True	0	0	True	1096	
J	pseudogene_I	True	0	0	True	1089	
K	pseudogene_I	True	0	0	True	1091	
L	pseudogene_I	True	0	0	True	1094	
MICA	mic_tap	True	0	0	True	1156	
MICB	mic_tap	True	0	0	True	1152	
N	pseudogene_I	True	0	0	True	161	
P	pseudogene_I	True	0	0	True	735	
S	pseudogene_I	True	0	0	True	266	
T	pseudogene_I	True	0	0	True	459	
TAP1	mic_tap	True	0	0	True	2247	
TAP2	mic_tap	True	0	0	True	2061	
U	pseudogene_I	True	0	0	True	196	
V	pseudogene_I	True	0	0	True	538	
W	pseudogene_I	True	0	0	True	938	
Y	pseudogene_I	True	0	0	True	824	
A	classical_I	True	0	0	True	1098	
B	classical_I	True	0	0	True	1089	
C	classical_I	True	0	0	True	1101	
DMA	class_II_accessory	True	0	0	True	786	
DMB	class_II_accessory	True	0	0	True	792	
DOA	class_II_accessory	True	0	0	True	753	
DOB	class_II_accessory	True	0	0	True	822	
DPA1	classical_II	True	0	0	True	783	
DPA2	class_II_paralog	True	0	0	True	733	
DPB1	classical_II	True	0	0	True	777	
DPB2	class_II_paralog	True	0	0	True	776	
DQA1	classical_II	True	0	0	True	768	
DQA2	class_II_paralog	True	0	0	True	768	
DQB1	classical_II	True	0	0	True	786	
DQB2	class_II_paralog	True	0	0	True	807	
DRA	class_II_accessory	True	0	0	True	765	
DRB1	classical_II	True	0	0	True	801	
DRB3	class_II_paralog	True	0	0	True	801	
DRB5	class_II_paralog	True	0	0	True	801	
E	nonclassical_I	True	0	0	True	1077	
F	nonclassical_I	True	0	0	True	1041	
G	nonclassical_I	True	0	0	True	1017	
J	pseudogene_I	True	0	0	True	1095	
L	pseudogene_I	True	0	0	True	1096	
MICA	mic_tap	True	0	0	True	1156	
MICB	mic_tap	True	0	0	True	1152	
N	pseudogene_I	True	0	0	True	161	
P	pseudogene_I	True	0	0	True	735	
S	pseudogene_I	True	0	0	True	266	
TAP1	mic_tap	True	0	0	True	2247	
TAP2	mic_tap	True	0	0	True	2061	
V	pseudogene_I	True	0	0	True	538	
W	pseudogene_I	True	0	0	True	936	
A	classical_I	True	0	0	True	1098	
B	classical_I	True	0	0	True	1089	
C	classical_I	True	0	0	True	1101	
DMA	class_II_accessory	True	0	0	True	786	
DMB	class_II_accessory	True	0	0	True	792	
DOA	class_II_accessory	True	0	0	True	753	
DOB	class_II_accessory	True	0	0	True	822	
DPA1	classical_II	True	0	0	True	783	
DPA2	class_II_paralog	True	0	0	True	733	
DPB1	classical_II	True	0	0	True	777	
DPB2	class_II_paralog	True	0	0	True	776	
DQA1	classical_II	True	0	0	True	765	
DQA2	class_II_paralog	True	0	0	True	768	
DQB1	classical_II	True	0	0	True	786	
DQB2	class_II_paralog	True	0	0	True	807	
DRA	class_II_accessory	True	0	0	True	765	
DRB1	classical_II	True	0	0	True	801	
DRB3	class_II_paralog	True	0	0	True	801	
DRB4	class_II_paralog	False	1	1	True	801	801.0
E	nonclassical_I	True	0	0	True	1077	
F	nonclassical_I	True	0	0	True	1041	
G	nonclassical_I	True	0	0	True	1017	
H	pseudogene_I	True	0	0	True	1097	
J	pseudogene_I	True	0	0	True	1095	
K	pseudogene_I	True	0	0	True	1094	
L	pseudogene_I	True	0	0	True	1094	
MICA	mic_tap	True	0	0	True	1152	
MICB	mic_tap	True	0	0	True	1152	
N	pseudogene_I	True	0	0	True	161	
P	pseudogene_I	True	0	0	True	735	
S	pseudogene_I	True	0	0	True	266	
T	pseudogene_I	True	0	0	True	459	
TAP1	mic_tap	True	0	0	True	2247	
TAP2	mic_tap	True	0	0	True	2061	
U	pseudogene_I	True	0	0	True	196	
V	pseudogene_I	True	0	0	True	538	
W	pseudogene_I	True	0	0	True	936	
A	classical_I	True	0	0	True	1098	
B	classical_I	True	0	0	True	1089	
C	classical_I	True	0	0	True	1101	
DMA	class_II_accessory	True	0	0	True	786	
DMB	class_II_accessory	True	0	0	True	792	
DOA	class_II_accessory	True	0	0	True	753	
DOB	class_II_accessory	True	0	0	True	822	
DPA1	classical_II	True	0	0	True	783	
DPA2	class_II_paralog	True	0	0	True	733	
DPB1	classical_II	True	0	0	True	777	
DPB2	class_II_paralog	True	0	0	True	776	
DQA1	classical_II	True	0	0	True	768	
DQA2	class_II_paralog	True	0	0	True	768	
DQB1	classical_II	True	0	0	True	786	
DQB2	class_II_paralog	True	0	0	True	807	
DRA	class_II_accessory	True	0	0	True	765	
DRB1	classical_II	True	0	0	True	801	
DRB5	class_II_paralog	True	0	0	True	801	
E	nonclassical_I	True	0	0	True	1077	
F	nonclassical_I	True	0	0	True	1041	
G	nonclassical_I	True	0	0	True	1017	
H	pseudogene_I	True	0	0	True	1096	
J	pseudogene_I	True	0	0	True	1096	
K	pseudogene_I	True	0	0	True	1093	
L	pseudogene_I	True	0	0	True	1096	
MICA	mic_tap	True	0	0	True	1167	
MICB	mic_tap	True	0	0	True	1152	
N	pseudogene_I	True	0	0	True	161	
P	pseudogene_I	True	0	0	True	735	
S	pseudogene_I	True	0	0	True	266	
T	pseudogene_I	True	0	0	True	459	
TAP1	mic_tap	True	0	0	True	2247	
TAP2	mic_tap	True	0	0	True	2112	
U	pseudogene_I	True	0	0	True	196	
V	pseudogene_I	True	0	0	True	538	
Y	pseudogene_I	True	0	0	True	1098	
A	classical_I	True	0	0	True	1098	
B	classical_I	True	0	0	True	1089	
C	classical_I	True	0	0	True	1101	
DMA	class_II_accessory	True	0	0	True	786	
DMB	class_II_accessory	True	0	0	True	792	
DOA	class_II_accessory	True	0	0	True	753	
DOB	class_II_accessory	True	0	0	True	822	
DPA1	classical_II	True	0	0	True	783	
DPA2	class_II_paralog	True	0	0	True	733	
DPB1	classical_II	True	0	0	True	777	
DPB2	class_II_paralog	True	0	0	True	776	
DQA1	classical_II	True	0	0	True	765	
DQA2	class_II_paralog	True	0	0	True	768	
DQB1	classical_II	True	0	0	True	786	
DQB2	class_II_paralog	True	0	0	True	807	
DRA	class_II_accessory	True	0	0	True	765	
DRB1	classical_II	True	0	0	True	801	
DRB3	class_II_paralog	True	0	0	True	801	
DRB4	class_II_paralog	False	1	1	True	801	801.0
E	nonclassical_I	True	0	0	True	1077	
F	nonclassical_I	True	0	0	True	1041	
G	nonclassical_I	True	0	0	True	1017	
H	pseudogene_I	True	0	0	True	1096	
HFE	other	False	1	1	True	1047	1047.0
J	pseudogene_I	True	0	0	True	1095	
K	pseudogene_I	True	0	0	True	1095	
L	pseudogene_I	True	0	0	True	1096	
MICA	mic_tap	True	0	0	True	1167	
MICB	mic_tap	True	0	0	True	1152	
N	pseudogene_I	True	0	0	True	161	
P	pseudogene_I	False	8	6	False	735	732.0
S	pseudogene_I	True	0	0	True	266	
T	pseudogene_I	True	0	0	True	459	
TAP1	mic_tap	True	0	0	True	2247	
TAP2	mic_tap	True	0	0	True	2112	
U	pseudogene_I	True	0	0	True	196	
V	pseudogene_I	True	0	0	True	517	
W	pseudogene_I	True	0	0	True	938	
A	classical_I	True	0	0	True	1098	
B	classical_I	True	0	0	True	1089	
C	classical_I	True	0	0	True	1101	
DMA	class_II_accessory	True	0	0	True	786	
DMB	class_II_accessory	True	0	0	True	792	
DOA	class_II_accessory	True	0	0	True	753	
DOB	class_II_accessory	True	0	0	True	822	
DPA1	classical_II	True	0	0	True	783	
DPA2	class_II_paralog	True	0	0	True	733	
DPB1	classical_II	True	0	0	True	777	
DPB2	class_II_paralog	True	0	0	True	776	
DQA1	classical_II	True	0	0	True	765	
DQA2	class_II_paralog	True	0	0	True	768	
DQB1	classical_II	True	0	0	True	786	
DQB2	class_II_paralog	True	0	0	True	807	
DRA	class_II_accessory	True	0	0	True	765	
DRB1	classical_II	True	0	0	True	801	
E	nonclassical_I	True	0	0	True	1077	
F	nonclassical_I	True	0	0	True	1041	
G	nonclassical_I	True	0	0	True	1017	
H	pseudogene_I	True	0	0	True	1105	
J	pseudogene_I	True	0	0	True	1095	
K	pseudogene_I	True	0	0	True	1093	
L	pseudogene_I	True	0	0	True	1096	
MICA	mic_tap	True	0	0	True	1167	
MICB	mic_tap	True	0	0	True	1152	
N	pseudogene_I	True	0	0	True	161	
P	pseudogene_I	True	0	0	True	735	
S	pseudogene_I	True	0	0	True	266	
T	pseudogene_I	True	0	0	True	459	
TAP1	mic_tap	True	0	0	True	2247	
TAP2	mic_tap	True	0	0	True	2061	
U	pseudogene_I	True	0	0	True	196	
V	pseudogene_I	True	0	0	True	516	
W	pseudogene_I	True	0	0	True	936	
A	classical_I	True	0	0	True	1098	
B	classical_I	True	0	0	True	1089	
C	classical_I	True	0	0	True	1101	
DMA	class_II_accessory	True	0	0	True	786	
DMB	class_II_accessory	True	0	0	True	792	
DOA	class_II_accessory	True	0	0	True	753	
DOB	class_II_accessory	True	0	0	True	822	
DPA1	classical_II	True	0	0	True	783	
DPA2	class_II_paralog	True	0	0	True	733	
DPB1	classical_II	True	0	0	True	777	
DPB2	class_II_paralog	True	0	0	True	776	
DQA1	classical_II	True	0	0	True	768	
DQA2	class_II_paralog	True	0	0	True	768	
DQB1	classical_II	True	0	0	True	786	
DQB2	class_II_paralog	True	0	0	True	807	
DRA	class_II_accessory	True	0	0	True	765	
DRB1	classical_II	True	0	0	True	801	
DRB3	class_II_paralog	True	0	0	True	801	
DRB5	class_II_paralog	True	0	0	True	801	
E	nonclassical_I	True	0	0	True	1077	
F	nonclassical_I	True	0	0	True	1041	
G	nonclassical_I	True	0	0	True	1017	
H	pseudogene_I	True	0	0	True	1096	
J	pseudogene_I	True	0	0	True	1095	
K	pseudogene_I	True	0	0	True	1093	
L	pseudogene_I	True	0	0	True	1094	
MICA	mic_tap	True	0	0	True	1156	
MICB	mic_tap	True	0	0	True	1152	
N	pseudogene_I	True	0	0	True	161	
P	pseudogene_I	True	0	0	True	735	
S	pseudogene_I	True	0	0	True	266	
T	pseudogene_I	True	0	0	True	459	
TAP1	mic_tap	True	0	0	True	2247	
TAP2	mic_tap	True	0	0	True	2061	
U	pseudogene_I	True	0	0	True	196	
V	pseudogene_I	True	0	0	True	516	
W	pseudogene_I	True	0	0	True	936	
A	classical_I	True	0	0	True	1098	
B	classical_I	True	0	0	True	1089	
C	classical_I	True	0	0	True	1101	
DMA	class_II_accessory	True	0	0	True	786	
DMB	class_II_accessory	True	0	0	True	792	
DOA	class_II_accessory	True	0	0	True	753	
DOB	class_II_accessory	True	0	0	True	822	
DPA1	classical_II	True	0	0	True	783	
DPA2	class_II_paralog	True	0	0	True	733	
DPB1	classical_II	True	0	0	True	777	
DPB2	class_II_paralog	True	0	0	True	776	
DQA1	classical_II	True	0	0	True	768	
DQA2	class_II_paralog	True	0	0	True	768	
DQB1	classical_II	True	0	0	True	786	
DQB2	class_II_paralog	True	0	0	True	807	
DRA	class_II_accessory	True	0	0	True	765	
DRB1	classical_II	True	0	0	True	801	
E	nonclassical_I	True	0	0	True	1077	
F	nonclassical_I	True	0	0	True	1041	
G	nonclassical_I	True	0	0	True	1017	
H	pseudogene_I	True	0	0	True	1096	
HFE	other	True	0	0	True	1047	
J	pseudogene_I	True	0	0	True	1089	
K	pseudogene_I	True	0	0	True	1095	
L	pseudogene_I	True	0	0	True	1094	
MICA	mic_tap	True	0	0	True	1158	
MICB	mic_tap	True	0	0	True	1152	
N	pseudogene_I	True	0	0	True	161	
P	pseudogene_I	True	0	0	True	732	
S	pseudogene_I	True	0	0	True	266	
T	pseudogene_I	True	0	0	True	459	
TAP1	mic_tap	True	0	0	True	2247	
TAP2	mic_tap	True	0	0	True	2112	
U	pseudogene_I	True	0	0	True	196	
V	pseudogene_I	True	0	0	True	517	
W	pseudogene_I	True	0	0	True	938	
Y	pseudogene_I	False	1	1	False	824	823.0
A	classical_I	True	0	0	True	1098	
B	classical_I	True	0	0	True	1089	
C	classical_I	True	0	0	True	1101	
DMA	class_II_accessory	True	0	0	True	786	
DMB	class_II_accessory	True	0	0	True	792	
DOA	class_II_accessory	True	0	0	True	753	
DOB	class_II_accessory	True	0	0	True	822	
DPA1	classical_II	True	0	0	True	783	
DPA2	class_II_paralog	True	0	0	True	733	
DPB1	classical_II	True	0	0	True	777	
DPB2	class_II_paralog	True	0	0	True	776	
DQA1	classical_II	True	0	0	True	768	
DQA2	class_II_paralog	True	0	0	True	768	
DQB1	classical_II	True	0	0	True	786	
DQB2	class_II_paralog	True	0	0	True	807	
DRA	class_II_accessory	True	0	0	True	765	
DRB1	classical_II	True	0	0	True	801	
DRB3	class_II_paralog	True	0	0	True	801	
DRB5	class_II_paralog	True	0	0	True	801	
E	nonclassical_I	True	0	0	True	1077	
F	nonclassical_I	True	0	0	True	1041	
G	nonclassical_I	True	0	0	True	1017	
H	pseudogene_I	True	0	0	True	1096	
J	pseudogene_I	True	0	0	True	1095	
K	pseudogene_I	True	0	0	True	1093	
L	pseudogene_I	True	0	0	True	1094	
MICA	mic_tap	True	0	0	True	1167	
MICB	mic_tap	True	0	0	True	1152	
N	pseudogene_I	True	0	0	True	161	
P	pseudogene_I	True	0	0	True	735	
S	pseudogene_I	True	0	0	True	266	
T	pseudogene_I	True	0	0	True	459	
TAP1	mic_tap	True	0	0	True	2247	
TAP2	mic_tap	True	0	0	True	2112	
U	pseudogene_I	True	0	0	True	196	
V	pseudogene_I	True	0	0	True	538	
W	pseudogene_I	True	0	0	True	923	
A	classical_I	True	0	0	True	1098	
B	classical_I	True	0	0	True	1089	
C	classical_I	True	0	0	True	1119	
DMA	class_II_accessory	True	0	0	True	786	
DMB	class_II_accessory	True	0	0	True	792	
DOA	class_II_accessory	False	1	1	True	753	753.0
DOB	class_II_accessory	True	0	0	True	822	
DPA1	classical_II	True	0	0	True	783	
DPA2	class_II_paralog	True	0	0	True	733	
DPB1	classical_II	True	0	0	True	777	
DPB2	class_II_paralog	True	0	0	True	776	
DQA1	classical_II	True	0	0	True	765	
DQA2	class_II_paralog	False	1	1	True	768	768.0
DQB1	classical_II	True	0	0	True	786	
DQB2	class_II_paralog	True	0	0	True	807	
DRA	class_II_accessory	True	0	0	True	765	
DRB1	classical_II	True	0	0	True	801	
DRB3	class_II_paralog	True	0	0	True	801	
E	nonclassical_I	True	0	0	True	1077	
F	nonclassical_I	True	0	0	True	1041	
G	nonclassical_I	True	0	0	True	1017	
H	pseudogene_I	True	0	0	True	1096	
J	pseudogene_I	True	0	0	True	1089	
K	pseudogene_I	True	0	0	True	1095	
L	pseudogene_I	True	0	0	True	1094	
MICA	mic_tap	True	0	0	True	1158	
MICB	mic_tap	True	0	0	True	1152	
N	pseudogene_I	True	0	0	True	161	
P	pseudogene_I	True	0	0	True	732	
S	pseudogene_I	True	0	0	True	266	
T	pseudogene_I	True	0	0	True	459	
TAP1	mic_tap	True	0	0	True	2247	
TAP2	mic_tap	True	0	0	True	2061	
U	pseudogene_I	True	0	0	True	196	
V	pseudogene_I	True	0	0	True	517	
W	pseudogene_I	True	0	0	True	938	
Y	pseudogene_I	True	0	0	True	824	
A	classical_I	True	0	0	True	1098	
B	classical_I	True	0	0	True	1089	
C	classical_I	False	6	6	False	1101	1105.0
DMA	class_II_accessory	True	0	0	True	786	
DMB	class_II_accessory	True	0	0	True	792	
DOA	class_II_accessory	False	1	1	True	753	753.0
DOB	class_II_accessory	True	0	0	True	822	
DPA1	classical_II	True	0	0	True	783	
DPA2	class_II_paralog	True	0	0	True	733	
DPB1	classical_II	True	0	0	True	777	
DPB2	class_II_paralog	True	0	0	True	776	
DQA1	classical_II	True	0	0	True	768	
DQA2	class_II_paralog	True	0	0	True	768	
DQB1	classical_II	True	0	0	True	786	
DQB2	class_II_paralog	True	0	0	True	807	
DRA	class_II_accessory	True	0	0	True	765	
DRB1	classical_II	True	0	0	True	801	
DRB4	class_II_paralog	True	0	0	True	801	
E	nonclassical_I	True	0	0	True	1077	
F	nonclassical_I	True	0	0	True	1041	
G	nonclassical_I	True	0	0	True	1017	
H	pseudogene_I	False	24	19	False	1090	1096.0
J	pseudogene_I	True	0	0	True	1095	
K	pseudogene_I	True	0	0	True	1093	
L	pseudogene_I	True	0	0	True	1094	
MICA	mic_tap	True	0	0	True	1167	
MICB	mic_tap	True	0	0	True	1152	
N	pseudogene_I	True	0	0	True	161	
P	pseudogene_I	True	0	0	True	732	
S	pseudogene_I	True	0	0	True	266	
T	pseudogene_I	True	0	0	True	459	
TAP1	mic_tap	True	0	0	True	2247	
TAP2	mic_tap	True	0	0	True	2061	
U	pseudogene_I	True	0	0	True	196	
V	pseudogene_I	True	0	0	True	538	
W	pseudogene_I	True	0	0	True	936	
A	classical_I	True	0	0	True	1098	
B	classical_I	False	1	1	False	1089	1090.0
C	classical_I	True	0	0	True	1101	
DMA	class_II_accessory	True	0	0	True	786	
DMB	class_II_accessory	True	0	0	True	792	
DOA	class_II_accessory	True	0	0	True	753	
DOB	class_II_accessory	True	0	0	True	822	
DPA1	classical_II	True	0	0	True	783	
DPA2	class_II_paralog	True	0	0	True	733	
DPB1	classical_II	True	0	0	True	777	
DPB2	class_II_paralog	True	0	0	True	776	
DQA1	classical_II	True	0	0	True	768	
DQA2	class_II_paralog	True	0	0	True	768	
DQB1	classical_II	True	0	0	True	786	
DQB2	class_II_paralog	True	0	0	True	807	
DRA	class_II_accessory	True	0	0	True	765	
DRB1	classical_II	True	0	0	True	801	
DRB4	class_II_paralog	True	0	0	True	801	
E	nonclassical_I	True	0	0	True	1077	
F	nonclassical_I	False	1	1	True	1041	1041.0
G	nonclassical_I	True	0	0	True	1017	
H	pseudogene_I	True	0	0	True	1096	
J	pseudogene_I	True	0	0	True	1095	
K	pseudogene_I	True	0	0	True	1093	
L	pseudogene_I	True	0	0	True	1096	
MICA	mic_tap	True	0	0	True	1156	
MICB	mic_tap	True	0	0	True	1152	
N	pseudogene_I	True	0	0	True	161	
P	pseudogene_I	True	0	0	True	732	
S	pseudogene_I	True	0	0	True	266	
T	pseudogene_I	True	0	0	True	459	
TAP1	mic_tap	True	0	0	True	2247	
TAP2	mic_tap	True	0	0	True	2061	
U	pseudogene_I	True	0	0	True	196	
V	pseudogene_I	True	0	0	True	517	
W	pseudogene_I	True	0	0	True	936	
A	classical_I	True	0	0	True	1098	
B	classical_I	True	0	0	True	1089	
C	classical_I	True	0	0	True	1101	
DMA	class_II_accessory	True	0	0	True	786	
DMB	class_II_accessory	True	0	0	True	792	
DOA	class_II_accessory	True	0	0	True	753	
DOB	class_II_accessory	True	0	0	True	822	
DPA1	classical_II	True	0	0	True	783	
DPA2	class_II_paralog	True	0	0	True	733	
DPB1	classical_II	True	0	0	True	777	
DPB2	class_II_paralog	True	0	0	True	776	
DQA1	classical_II	True	0	0	True	765	
DQA2	class_II_paralog	True	0	0	True	768	
DQB1	classical_II	True	0	0	True	786	
DQB2	class_II_paralog	True	0	0	True	807	
DRA	class_II_accessory	True	0	0	True	765	
DRB1	classical_II	True	0	0	True	801	
DRB3	class_II_paralog	True	0	0	True	801	
E	nonclassical_I	True	0	0	True	1077	
F	nonclassical_I	True	0	0	True	1041	
G	nonclassical_I	True	0	0	True	1017	
H	pseudogene_I	True	0	0	True	1097	
J	pseudogene_I	True	0	0	True	1088	
K	pseudogene_I	True	0	0	True	1093	
L	pseudogene_I	True	0	0	True	1096	
MICA	mic_tap	True	0	0	True	1158	
MICB	mic_tap	True	0	0	True	1152	
N	pseudogene_I	True	0	0	True	161	
P	pseudogene_I	True	0	0	True	735	
S	pseudogene_I	True	0	0	True	266	
T	pseudogene_I	True	0	0	True	459	
TAP1	mic_tap	True	0	0	True	2247	
TAP2	mic_tap	True	0	0	True	2061	
U	pseudogene_I	True	0	0	True	196	
V	pseudogene_I	True	0	0	True	516	
W	pseudogene_I	True	0	0	True	923	
A	classical_I	True	0	0	True	1098	
B	classical_I	True	0	0	True	1089	
C	classical_I	True	0	0	True	1101	
DMA	class_II_accessory	True	0	0	True	786	
DMB	class_II_accessory	True	0	0	True	792	
DOA	class_II_accessory	True	0	0	True	753	
DOB	class_II_accessory	True	0	0	True	822	
DPA1	classical_II	True	0	0	True	783	
DPA2	class_II_paralog	True	0	0	True	733	
DPB1	classical_II	True	0	0	True	777	
DPB2	class_II_paralog	True	0	0	True	776	
DQA1	classical_II	True	0	0	True	765	
DQA2	class_II_paralog	True	0	0	True	768	
DQB1	classical_II	True	0	0	True	786	
DQB2	class_II_paralog	True	0	0	True	807	
DRA	class_II_accessory	True	0	0	True	765	
DRB1	classical_II	True	0	0	True	801	
DRB3	class_II_paralog	True	0	0	True	801	
E	nonclassical_I	True	0	0	True	1077	
F	nonclassical_I	False	1	1	False	1042	1041.0
G	nonclassical_I	True	0	0	True	1017	
H	pseudogene_I	True	0	0	True	1096	
J	pseudogene_I	True	0	0	True	1095	
K	pseudogene_I	True	0	0	True	1092	
L	pseudogene_I	True	0	0	True	1096	
MICA	mic_tap	True	0	0	True	1158	
MICB	mic_tap	True	0	0	True	1152	
N	pseudogene_I	True	0	0	True	161	
P	pseudogene_I	True	0	0	True	735	
S	pseudogene_I	True	0	0	True	266	
T	pseudogene_I	True	0	0	True	459	
TAP1	mic_tap	True	0	0	True	2247	
TAP2	mic_tap	True	0	0	True	2061	
U	pseudogene_I	True	0	0	True	196	
V	pseudogene_I	True	0	0	True	538	
W	pseudogene_I	True	0	0	True	923	
A	classical_I	True	0	0	True	1098	
B	classical_I	True	0	0	True	1089	
C	classical_I	True	0	0	True	1101	
DMA	class_II_accessory	True	0	0	True	786	
DMB	class_II_accessory	True	0	0	True	792	
DOA	class_II_accessory	True	0	0	True	753	
DOB	class_II_accessory	True	0	0	True	822	
DPA1	classical_II	True	0	0	True	783	
DPA2	class_II_paralog	True	0	0	True	733	
DPB1	classical_II	True	0	0	True	777	
DPB2	class_II_paralog	True	0	0	True	776	
DQA1	classical_II	True	0	0	True	765	
DQA2	class_II_paralog	True	0	0	True	768	
DQB1	classical_II	False	1	1	False	787	786.0
DQB2	class_II_paralog	True	0	0	True	807	
DRA	class_II_accessory	False	2	2	True	765	765.0
DRB1	classical_II	True	0	0	True	801	
DRB4	class_II_paralog	True	0	0	True	801	
E	nonclassical_I	True	0	0	True	1077	
F	nonclassical_I	True	0	0	True	1041	
G	nonclassical_I	True	0	0	True	1017	
H	pseudogene_I	True	0	0	True	1096	
J	pseudogene_I	True	0	0	True	1095	
K	pseudogene_I	True	0	0	True	1094	
L	pseudogene_I	True	0	0	True	1094	
MICA	mic_tap	True	0	0	True	1158	
MICB	mic_tap	True	0	0	True	1152	
N	pseudogene_I	True	0	0	True	161	
P	pseudogene_I	True	0	0	True	735	
S	pseudogene_I	True	0	0	True	266	
T	pseudogene_I	True	0	0	True	459	
TAP1	mic_tap	True	0	0	True	2247	
TAP2	mic_tap	True	0	0	True	2061	
U	pseudogene_I	True	0	0	True	196	
V	pseudogene_I	True	0	0	True	538	
W	pseudogene_I	True	0	0	True	938	
A	classical_I	True	0	0	True	1098	
B	classical_I	True	0	0	True	1089	
C	classical_I	True	0	0	True	1101	
DMA	class_II_accessory	True	0	0	True	786	
DMB	class_II_accessory	True	0	0	True	792	
DOA	class_II_accessory	True	0	0	True	753	
DOB	class_II_accessory	True	0	0	True	822	
DPA1	classical_II	True	0	0	True	783	
DPA2	class_II_paralog	False	3	3	True	733	733.0
DPB1	classical_II	True	0	0	True	777	
DPB2	class_II_paralog	True	0	0	True	776	
DQA1	classical_II	True	0	0	True	765	
DQA2	class_II_paralog	True	0	0	True	768	
DQB1	classical_II	False	1	1	False	787	786.0
DQB2	class_II_paralog	True	0	0	True	807	
DRA	class_II_accessory	True	0	0	True	765	
DRB1	classical_II	True	0	0	True	801	
DRB4	class_II_paralog	True	0	0	True	801	
E	nonclassical_I	True	0	0	True	1077	
F	nonclassical_I	True	0	0	True	1041	
G	nonclassical_I	True	0	0	True	1017	
H	pseudogene_I	True	0	0	True	1096	
J	pseudogene_I	True	0	0	True	1095	
K	pseudogene_I	True	0	0	True	1095	
L	pseudogene_I	True	0	0	True	1094	
MICA	mic_tap	True	0	0	True	1158	
MICB	mic_tap	True	0	0	True	1152	
N	pseudogene_I	True	0	0	True	161	
P	pseudogene_I	True	0	0	True	735	
S	pseudogene_I	True	0	0	True	266	
T	pseudogene_I	True	0	0	True	459	
TAP1	mic_tap	False	1	1	True	2247	2247.0
TAP2	mic_tap	True	0	0	True	2061	
U	pseudogene_I	True	0	0	True	196	
V	pseudogene_I	True	0	0	True	538	
W	pseudogene_I	True	0	0	True	938	
A	classical_I	False	18	14	True	1098	1098.0
B	classical_I	True	0	0	True	1089	
C	classical_I	True	0	0	True	1101	
DMA	class_II_accessory	True	0	0	True	786	
DMB	class_II_accessory	True	0	0	True	792	
DOA	class_II_accessory	True	0	0	True	753	
DOB	class_II_accessory	True	0	0	True	822	
DPA1	classical_II	True	0	0	True	783	
DPA2	class_II_paralog	False	2	2	True	733	733.0
DPB1	classical_II	True	0	0	True	777	
DPB2	class_II_paralog	True	0	0	True	776	
DQA1	classical_II	True	0	0	True	768	
DQA2	class_II_paralog	True	0	0	True	768	
DQB1	classical_II	True	0	0	True	786	
DQB2	class_II_paralog	True	0	0	True	807	
DRA	class_II_accessory	True	0	0	True	765	
DRB1	classical_II	True	0	0	True	801	
DRB3	class_II_paralog	True	0	0	True	801	
E	nonclassical_I	False	1	1	True	1077	1077.0
F	nonclassical_I	True	0	0	True	1041	
G	nonclassical_I	True	0	0	True	1017	
H	pseudogene_I	True	0	0	True	1097	
J	pseudogene_I	True	0	0	True	1088	
K	pseudogene_I	True	0	0	True	1093	
L	pseudogene_I	True	0	0	True	1096	
MICA	mic_tap	False	5	5	False	1165	1167.0
MICB	mic_tap	False	4	4	True	1152	1152.0
N	pseudogene_I	True	0	0	True	161	
P	pseudogene_I	True	0	0	True	732	
S	pseudogene_I	True	0	0	True	266	
T	pseudogene_I	True	0	0	True	459	
TAP1	mic_tap	True	0	0	True	2247	
TAP2	mic_tap	True	0	0	True	2061	
U	pseudogene_I	True	0	0	True	196	
V	pseudogene_I	True	0	0	True	516	
W	pseudogene_I	True	0	0	True	938	
Y	pseudogene_I	True	0	0	True	824	
A	classical_I	True	0	0	True	1098	
B	classical_I	True	0	0	True	1089	
C	classical_I	True	0	0	True	1101	
DMA	class_II_accessory	True	0	0	True	786	
DMB	class_II_accessory	True	0	0	True	792	
DOA	class_II_accessory	True	0	0	True	753	
DOB	class_II_accessory	True	0	0	True	822	
DPA1	classical_II	True	0	0	True	783	
DPA2	class_II_paralog	True	0	0	True	733	
DPB1	classical_II	True	0	0	True	777	
DPB2	class_II_paralog	True	0	0	True	776	
DQA1	classical_II	True	0	0	True	768	
DQA2	class_II_paralog	True	0	0	True	768	
DQB1	classical_II	True	0	0	True	786	
DQB2	class_II_paralog	True	0	0	True	807	
DRA	class_II_accessory	True	0	0	True	765	
DRB1	classical_II	True	0	0	True	801	
DRB4	class_II_paralog	True	0	0	True	801	
E	nonclassical_I	True	0	0	True	1077	
F	nonclassical_I	True	0	0	True	1041	
G	nonclassical_I	True	0	0	True	1017	
H	pseudogene_I	True	0	0	True	1096	
HFE	other	True	0	0	True	1047	
J	pseudogene_I	True	0	0	True	1095	
K	pseudogene_I	True	0	0	True	1093	
L	pseudogene_I	True	0	0	True	1096	
MICA	mic_tap	True	0	0	True	1155	
MICB	mic_tap	True	0	0	True	1152	
N	pseudogene_I	True	0	0	True	161	
P	pseudogene_I	True	0	0	True	735	
S	pseudogene_I	True	0	0	True	266	
T	pseudogene_I	False	1	1	True	459	459.0
TAP1	mic_tap	True	0	0	True	2247	
TAP2	mic_tap	True	0	0	True	2061	
U	pseudogene_I	True	0	0	True	196	
V	pseudogene_I	True	0	0	True	538	
W	pseudogene_I	True	0	0	True	936	
A	classical_I	True	0	0	True	1098	
B	classical_I	True	0	0	True	1089	
C	classical_I	True	0	0	True	1101	
DMA	class_II_accessory	True	0	0	True	786	
DMB	class_II_accessory	True	0	0	True	792	
DOA	class_II_accessory	True	0	0	True	753	
DOB	class_II_accessory	True	0	0	True	822	
DPA1	classical_II	True	0	0	True	783	
DPA2	class_II_paralog	True	0	0	True	733	
DPB1	classical_II	True	0	0	True	777	
DPB2	class_II_paralog	True	0	0	True	776	
DQA1	classical_II	True	0	0	True	765	
DQA2	class_II_paralog	True	0	0	True	768	
DQB1	classical_II	True	0	0	True	786	
DQB2	class_II_paralog	True	0	0	True	807	
DRA	class_II_accessory	True	0	0	True	765	
DRB1	classical_II	True	0	0	True	801	
DRB3	class_II_paralog	True	0	0	True	801	
E	nonclassical_I	True	0	0	True	1077	
F	nonclassical_I	True	0	0	True	1041	
G	nonclassical_I	True	0	0	True	1017	
H	pseudogene_I	True	0	0	True	1104	
J	pseudogene_I	True	0	0	True	1095	
K	pseudogene_I	True	0	0	True	1092	
L	pseudogene_I	True	0	0	True	1096	
MICA	mic_tap	True	0	0	True	1155	
MICB	mic_tap	True	0	0	True	1152	
N	pseudogene_I	True	0	0	True	161	
P	pseudogene_I	True	0	0	True	735	
S	pseudogene_I	True	0	0	True	266	
T	pseudogene_I	True	0	0	True	459	
TAP1	mic_tap	True	0	0	True	2247	
TAP2	mic_tap	True	0	0	True	2112	
U	pseudogene_I	True	0	0	True	196	
V	pseudogene_I	True	0	0	True	538	
W	pseudogene_I	True	0	0	True	936	
A	classical_I	True	0	0	True	1098	
B	classical_I	False	20	15	True	1089	1089.0
C	classical_I	True	0	0	True	1101	
DMA	class_II_accessory	True	0	0	True	786	
DMB	class_II_accessory	True	0	0	True	792	
DOA	class_II_accessory	True	0	0	True	753	
DOB	class_II_accessory	True	0	0	True	822	
DPA1	classical_II	True	0	0	True	783	
DPA2	class_II_paralog	True	0	0	True	733	
DPB1	classical_II	True	0	0	True	777	
DPB2	class_II_paralog	True	0	0	True	776	
DQA1	classical_II	True	0	0	True	768	
DQA2	class_II_paralog	True	0	0	True	768	
DQB1	classical_II	True	0	0	True	786	
DQB2	class_II_paralog	True	0	0	True	807	
DRA	class_II_accessory	True	0	0	True	765	
DRB1	classical_II	True	0	0	True	801	
DRB3	class_II_paralog	False	38	1	False	763	801.0
DRB4	class_II_paralog	False	372	3	False	433	801.0
E	nonclassical_I	True	0	0	True	1077	
F	nonclassical_I	True	0	0	True	1041	
G	nonclassical_I	True	0	0	True	1017	
H	pseudogene_I	True	0	0	True	1096	
J	pseudogene_I	True	0	0	True	1095	
K	pseudogene_I	True	0	0	True	1093	
L	pseudogene_I	True	0	0	True	1096	
MICA	mic_tap	True	0	0	True	1167	
MICB	mic_tap	True	0	0	True	1152	
N	pseudogene_I	True	0	0	True	161	
P	pseudogene_I	True	0	0	True	735	
S	pseudogene_I	True	0	0	True	266	
T	pseudogene_I	True	0	0	True	459	
TAP1	mic_tap	True	0	0	True	2247	
TAP2	mic_tap	False	1	1	True	2061	2061.0
U	pseudogene_I	True	0	0	True	196	
V	pseudogene_I	True	0	0	True	538	
W	pseudogene_I	True	0	0	True	923	
A	classical_I	True	0	0	True	1098	
B	classical_I	False	20	15	True	1089	1089.0
C	classical_I	True	0	0	True	1101	
DMA	class_II_accessory	True	0	0	True	786	
DMB	class_II_accessory	True	0	0	True	792	
DOA	class_II_accessory	True	0	0	True	753	
DOB	class_II_accessory	True	0	0	True	822	
DPA1	classical_II	True	0	0	True	783	
DPA2	class_II_paralog	True	0	0	True	733	
DPB1	classical_II	True	0	0	True	777	
DPB2	class_II_paralog	True	0	0	True	776	
DQA1	classical_II	True	0	0	True	768	
DQA2	class_II_paralog	True	0	0	True	768	
DQB1	classical_II	True	0	0	True	786	
DQB2	class_II_paralog	True	0	0	True	807	
DRA	class_II_accessory	True	0	0	True	765	
DRB1	classical_II	False	1	1	True	801	801.0
DRB3	class_II_paralog	False	38	1	False	763	801.0
DRB4	class_II_paralog	False	372	3	False	433	801.0
E	nonclassical_I	True	0	0	True	1077	
F	nonclassical_I	True	0	0	True	1041	
G	nonclassical_I	True	0	0	True	1017	
H	pseudogene_I	True	0	0	True	1096	
J	pseudogene_I	True	0	0	True	1095	
K	pseudogene_I	True	0	0	True	1093	
L	pseudogene_I	True	0	0	True	1096	
MICA	mic_tap	True	0	0	True	1167	
MICB	mic_tap	True	0	0	True	1152	
N	pseudogene_I	True	0	0	True	161	
P	pseudogene_I	True	0	0	True	735	
S	pseudogene_I	True	0	0	True	266	
T	pseudogene_I	True	0	0	True	459	
TAP1	mic_tap	True	0	0	True	2247	
TAP2	mic_tap	False	1	1	True	2061	2061.0
U	pseudogene_I	True	0	0	True	196	
V	pseudogene_I	True	0	0	True	538	
W	pseudogene_I	True	0	0	True	923	
A	classical_I	True	0	0	True	1098	
B	classical_I	True	0	0	True	1089	
C	classical_I	True	0	0	True	1101	
DMA	class_II_accessory	True	0	0	True	786	
DMB	class_II_accessory	True	0	0	True	792	
DOA	class_II_accessory	True	0	0	True	753	
DOB	class_II_accessory	True	0	0	True	822	
DPA1	classical_II	True	0	0	True	783	
DPA2	class_II_paralog	True	0	0	True	733	
DPB1	classical_II	True	0	0	True	777	
DPB2	class_II_paralog	True	0	0	True	776	
DQA1	classical_II	True	0	0	True	765	
DQA2	class_II_paralog	True	0	0	True	768	
DQB1	classical_II	True	0	0	True	786	
DQB2	class_II_paralog	True	0	0	True	807	
DRA	class_II_accessory	False	1	1	False	766	765.0
DRB1	classical_II	True	0	0	True	801	
DRB3	class_II_paralog	True	0	0	True	801	
E	nonclassical_I	True	0	0	True	1077	
F	nonclassical_I	True	0	0	True	1041	
G	nonclassical_I	True	0	0	True	1017	
H	pseudogene_I	True	0	0	True	1096	
J	pseudogene_I	True	0	0	True	1095	
K	pseudogene_I	True	0	0	True	1093	
L	pseudogene_I	True	0	0	True	1096	
MICA	mic_tap	True	0	0	True	1156	
MICB	mic_tap	True	0	0	True	1152	
N	pseudogene_I	True	0	0	True	161	
P	pseudogene_I	True	0	0	True	732	
S	pseudogene_I	True	0	0	True	266	
T	pseudogene_I	True	0	0	True	459	
TAP1	mic_tap	True	0	0	True	2247	
TAP2	mic_tap	True	0	0	True	2061	
U	pseudogene_I	True	0	0	True	196	
V	pseudogene_I	True	0	0	True	517	
W	pseudogene_I	True	0	0	True	936	
A	classical_I	True	0	0	True	1098	
B	classical_I	True	0	0	True	1089	
C	classical_I	True	0	0	True	1101	
DMA	class_II_accessory	True	0	0	True	786	
DMB	class_II_accessory	True	0	0	True	792	
DOA	class_II_accessory	True	0	0	True	753	
DOB	class_II_accessory	True	0	0	True	822	
DPA1	classical_II	True	0	0	True	783	
DPA2	class_II_paralog	True	0	0	True	733	
DPB1	classical_II	True	0	0	True	777	
DPB2	class_II_paralog	True	0	0	True	776	
DQA1	classical_II	True	0	0	True	768	
DQA2	class_II_paralog	True	0	0	True	768	
DQB1	classical_II	True	0	0	True	786	
DQB2	class_II_paralog	True	0	0	True	807	
DRA	class_II_accessory	True	0	0	True	765	
DRB1	classical_II	True	0	0	True	801	
DRB4	class_II_paralog	True	0	0	True	801	
E	nonclassical_I	True	0	0	True	1077	
F	nonclassical_I	True	0	0	True	1041	
G	nonclassical_I	True	0	0	True	1017	
H	pseudogene_I	False	3	3	True	1096	1096.0
J	pseudogene_I	True	0	0	True	1095	
K	pseudogene_I	False	26	22	False	1093	1095.0
L	pseudogene_I	True	0	0	True	1094	
MICA	mic_tap	False	4	4	False	1156	1155.0
MICB	mic_tap	True	0	0	True	1152	
N	pseudogene_I	True	0	0	True	161	
P	pseudogene_I	True	0	0	True	735	
S	pseudogene_I	True	0	0	True	266	
T	pseudogene_I	True	0	0	True	459	
TAP1	mic_tap	True	0	0	True	2247	
TAP2	mic_tap	True	0	0	True	2061	
U	pseudogene_I	False	1	1	True	196	196.0
V	pseudogene_I	True	0	0	True	538	
W	pseudogene_I	True	0	0	True	936	
A	classical_I	True	0	0	True	1098	
B	classical_I	True	0	0	True	1089	
C	classical_I	True	0	0	True	1101	
DMA	class_II_accessory	True	0	0	True	786	
DMB	class_II_accessory	True	0	0	True	792	
DOA	class_II_accessory	True	0	0	True	753	
DOB	class_II_accessory	True	0	0	True	822	
DPA1	classical_II	True	0	0	True	783	
DPA2	class_II_paralog	True	0	0	True	733	
DPB1	classical_II	True	0	0	True	777	
DPB2	class_II_paralog	True	0	0	True	776	
DQA1	classical_II	True	0	0	True	768	
DQA2	class_II_paralog	False	1	1	True	768	768.0
DQB1	classical_II	True	0	0	True	786	
DQB2	class_II_paralog	False	8	7	True	807	807.0
DRA	class_II_accessory	True	0	0	True	765	
DRB1	classical_II	True	0	0	True	801	
DRB5	class_II_paralog	True	0	0	True	801	
E	nonclassical_I	True	0	0	True	1077	
F	nonclassical_I	True	0	0	True	1041	
G	nonclassical_I	True	0	0	True	1017	
H	pseudogene_I	True	0	0	True	1096	
J	pseudogene_I	True	0	0	True	1095	
K	pseudogene_I	True	0	0	True	1093	
L	pseudogene_I	True	0	0	True	1096	
MICA	mic_tap	False	1	1	True	1156	1156.0
MICB	mic_tap	False	5	5	True	1152	1152.0
N	pseudogene_I	True	0	0	True	161	
P	pseudogene_I	False	12	10	False	735	732.0
S	pseudogene_I	False	1	1	True	266	266.0
T	pseudogene_I	True	0	0	True	459	
TAP1	mic_tap	True	0	0	True	2247	
TAP2	mic_tap	True	0	0	True	2061	
U	pseudogene_I	True	0	0	True	196	
V	pseudogene_I	False	22	2	False	538	517.0
W	pseudogene_I	True	0	0	True	936	
A	classical_I	True	0	0	True	1098	
B	classical_I	True	0	0	True	1089	
C	classical_I	True	0	0	True	1101	
DMA	class_II_accessory	True	0	0	True	786	
DMB	class_II_accessory	True	0	0	True	792	
DOA	class_II_accessory	True	0	0	True	753	
DOB	class_II_accessory	True	0	0	True	822	
DPA1	classical_II	True	0	0	True	783	
DPA2	class_II_paralog	True	0	0	True	733	
DPB1	classical_II	True	0	0	True	777	
DPB2	class_II_paralog	True	0	0	True	776	
DQA1	classical_II	True	0	0	True	768	
DQA2	class_II_paralog	True	0	0	True	768	
DQB1	classical_II	True	0	0	True	786	
DQB2	class_II_paralog	True	0	0	True	807	
DRA	class_II_accessory	True	0	0	True	765	
DRB1	classical_II	True	0	0	True	801	
E	nonclassical_I	True	0	0	True	1077	
F	nonclassical_I	True	0	0	True	1041	
G	nonclassical_I	True	0	0	True	1017	
H	pseudogene_I	True	0	0	True	1104	
J	pseudogene_I	True	0	0	True	1095	
K	pseudogene_I	True	0	0	True	1092	
L	pseudogene_I	True	0	0	True	1094	
MICA	mic_tap	True	0	0	True	1167	
MICB	mic_tap	True	0	0	True	1152	
N	pseudogene_I	True	0	0	True	161	
P	pseudogene_I	True	0	0	True	735	
S	pseudogene_I	True	0	0	True	266	
T	pseudogene_I	True	0	0	True	459	
TAP1	mic_tap	True	0	0	True	2247	
TAP2	mic_tap	True	0	0	True	2061	
U	pseudogene_I	True	0	0	True	196	
V	pseudogene_I	True	0	0	True	538	
W	pseudogene_I	True	0	0	True	936	
A	classical_I	True	0	0	True	1098	
B	classical_I	True	0	0	True	1089	
C	classical_I	True	0	0	True	1101	
DMA	class_II_accessory	True	0	0	True	786	
DMB	class_II_accessory	True	0	0	True	792	
DOA	class_II_accessory	True	0	0	True	753	
DOB	class_II_accessory	True	0	0	True	822	
DPA1	classical_II	True	0	0	True	783	
DPA2	class_II_paralog	True	0	0	True	733	
DPB1	classical_II	True	0	0	True	777	
DPB2	class_II_paralog	True	0	0	True	776	
DQA2	class_II_paralog	True	0	0	True	768	
DQB1	classical_II	True	0	0	True	786	
DQB2	class_II_paralog	True	0	0	True	807	
DRA	class_II_accessory	True	0	0	True	765	
DRB1	classical_II	False	41	32	True	801	801.0
DRB3	class_II_paralog	True	0	0	True	801	
E	nonclassical_I	True	0	0	True	1077	
F	nonclassical_I	True	0	0	True	1041	
G	nonclassical_I	False	1	1	True	1017	1017.0
H	pseudogene_I	True	0	0	True	1090	
J	pseudogene_I	False	2	2	False	1093	1095.0
K	pseudogene_I	True	0	0	True	1094	
L	pseudogene_I	True	0	0	True	1096	
MICA	mic_tap	False	4	4	False	1155	1156.0
MICB	mic_tap	False	2	2	True	1152	1152.0
N	pseudogene_I	True	0	0	True	161	
P	pseudogene_I	True	0	0	True	732	
S	pseudogene_I	True	0	0	True	266	
T	pseudogene_I	True	0	0	True	459	
TAP1	mic_tap	True	0	0	True	2247	
TAP2	mic_tap	True	0	0	True	2112	
U	pseudogene_I	True	0	0	True	195	
V	pseudogene_I	True	0	0	True	538	
W	pseudogene_I	True	0	0	True	938	
A	classical_I	True	0	0	True	1098	
B	classical_I	True	0	0	True	1089	
C	classical_I	True	0	0	True	1101	
DMA	class_II_accessory	True	0	0	True	786	
DMB	class_II_accessory	True	0	0	True	792	
DOA	class_II_accessory	True	0	0	True	753	
DOB	class_II_accessory	True	0	0	True	822	
DPA1	classical_II	True	0	0	True	783	
DPA2	class_II_paralog	True	0	0	True	733	
DPB1	classical_II	True	0	0	True	777	
DPB2	class_II_paralog	True	0	0	True	776	
DQA1	classical_II	True	0	0	True	765	
DQA2	class_II_paralog	True	0	0	True	768	
DQB1	classical_II	True	0	0	True	786	
DQB2	class_II_paralog	True	0	0	True	807	
DRA	class_II_accessory	True	0	0	True	765	
DRB1	classical_II	True	0	0	True	801	
E	nonclassical_I	True	0	0	True	1077	
F	nonclassical_I	True	0	0	True	1041	
G	nonclassical_I	True	0	0	True	1017	
H	pseudogene_I	True	0	0	True	1096	
HFE	other	False	1	1	True	1047	1047.0
J	pseudogene_I	True	0	0	True	1095	
K	pseudogene_I	True	0	0	True	1093	
L	pseudogene_I	True	0	0	True	1096	
MICA	mic_tap	True	0	0	True	1156	
MICB	mic_tap	True	0	0	True	1152	
N	pseudogene_I	True	0	0	True	161	
P	pseudogene_I	True	0	0	True	735	
S	pseudogene_I	True	0	0	True	266	
T	pseudogene_I	True	0	0	True	459	
TAP1	mic_tap	True	0	0	True	2247	
TAP2	mic_tap	True	0	0	True	2061	
U	pseudogene_I	True	0	0	True	196	
V	pseudogene_I	True	0	0	True	538	
W	pseudogene_I	True	0	0	True	923	
A	classical_I	True	0	0	True	1098	
B	classical_I	True	0	0	True	1089	
C	classical_I	True	0	0	True	1101	
DMA	class_II_accessory	True	0	0	True	786	
DMB	class_II_accessory	True	0	0	True	792	
DOA	class_II_accessory	True	0	0	True	753	
DOB	class_II_accessory	True	0	0	True	822	
DPA1	classical_II	True	0	0	True	783	
DPA2	class_II_paralog	True	0	0	True	733	
DPB1	classical_II	False	2	2	False	779	777.0
DPB2	class_II_paralog	True	0	0	True	776	
DQA1	classical_II	True	0	0	True	768	
DQA2	class_II_paralog	True	0	0	True	768	
DQB1	classical_II	True	0	0	True	786	
DQB2	class_II_paralog	True	0	0	True	807	
DRA	class_II_accessory	True	0	0	True	765	
DRB1	classical_II	True	0	0	True	801	
DRB4	class_II_paralog	False	1	1	True	801	801.0
E	nonclassical_I	True	0	0	True	1077	
F	nonclassical_I	True	0	0	True	1041	
G	nonclassical_I	True	0	0	True	1017	
H	pseudogene_I	True	0	0	True	1096	
J	pseudogene_I	True	0	0	True	1095	
K	pseudogene_I	True	0	0	True	1093	
L	pseudogene_I	True	0	0	True	1096	
MICA	mic_tap	True	0	0	True	1152	
MICB	mic_tap	True	0	0	True	1152	
N	pseudogene_I	True	0	0	True	161	
P	pseudogene_I	True	0	0	True	735	
S	pseudogene_I	True	0	0	True	266	
T	pseudogene_I	True	0	0	True	459	
TAP1	mic_tap	True	0	0	True	2247	
TAP2	mic_tap	False	4	4	True	2061	2061.0
U	pseudogene_I	True	0	0	True	196	
V	pseudogene_I	True	0	0	True	538	
W	pseudogene_I	True	0	0	True	923	
A	classical_I	True	0	0	True	1098	
B	classical_I	True	0	0	True	1089	
C	classical_I	True	0	0	True	1101	
DMA	class_II_accessory	True	0	0	True	786	
DMB	class_II_accessory	True	0	0	True	792	
DOA	class_II_accessory	True	0	0	True	753	
DOB	class_II_accessory	True	0	0	True	822	
DPA1	classical_II	True	0	0	True	783	
DPA2	class_II_paralog	True	0	0	True	733	
DPB1	classical_II	False	2	2	False	779	777.0
DPB2	class_II_paralog	True	0	0	True	776	
DQA1	classical_II	True	0	0	True	768	
DQA2	class_II_paralog	True	0	0	True	768	
DQB1	classical_II	False	1	1	False	786	785.0
DQB2	class_II_paralog	True	0	0	True	807	
DRA	class_II_accessory	True	0	0	True	765	
DRB1	classical_II	True	0	0	True	801	
DRB4	class_II_paralog	True	0	0	True	801	
E	nonclassical_I	True	0	0	True	1077	
F	nonclassical_I	True	0	0	True	1041	
G	nonclassical_I	True	0	0	True	1017	
H	pseudogene_I	True	0	0	True	1096	
J	pseudogene_I	True	0	0	True	1095	
K	pseudogene_I	True	0	0	True	1093	
L	pseudogene_I	True	0	0	True	1096	
MICA	mic_tap	True	0	0	True	1152	
MICB	mic_tap	True	0	0	True	1152	
N	pseudogene_I	True	0	0	True	161	
P	pseudogene_I	True	0	0	True	735	
S	pseudogene_I	True	0	0	True	266	
T	pseudogene_I	True	0	0	True	459	
TAP1	mic_tap	True	0	0	True	2247	
TAP2	mic_tap	False	4	4	True	2061	2061.0
U	pseudogene_I	True	0	0	True	196	
V	pseudogene_I	True	0	0	True	538	
W	pseudogene_I	True	0	0	True	923	
A	classical_I	True	0	0	True	1098	
B	classical_I	True	0	0	True	1089	
C	classical_I	True	0	0	True	1101	
DMA	class_II_accessory	True	0	0	True	786	
DMB	class_II_accessory	True	0	0	True	792	
DOA	class_II_accessory	True	0	0	True	753	
DOB	class_II_accessory	True	0	0	True	822	
DPA1	classical_II	True	0	0	True	783	
DPA2	class_II_paralog	True	0	0	True	733	
DPB1	classical_II	True	0	0	True	777	
DPB2	class_II_paralog	True	0	0	True	776	
DQA1	classical_II	True	0	0	True	765	
DQA2	class_II_paralog	True	0	0	True	768	
DQB1	classical_II	True	0	0	True	786	
DQB2	class_II_paralog	True	0	0	True	807	
DRA	class_II_accessory	True	0	0	True	765	
DRB1	classical_II	True	0	0	True	801	
DRB3	class_II_paralog	True	0	0	True	801	
E	nonclassical_I	True	0	0	True	1077	
F	nonclassical_I	True	0	0	True	1041	
G	nonclassical_I	True	0	0	True	1017	
H	pseudogene_I	True	0	0	True	1096	
J	pseudogene_I	True	0	0	True	1095	
K	pseudogene_I	True	0	0	True	1093	
L	pseudogene_I	True	0	0	True	1096	
MICA	mic_tap	True	0	0	True	1155	
MICB	mic_tap	True	0	0	True	1152	
N	pseudogene_I	True	0	0	True	161	
P	pseudogene_I	True	0	0	True	735	
S	pseudogene_I	True	0	0	True	266	
T	pseudogene_I	True	0	0	True	459	
TAP1	mic_tap	True	0	0	True	2247	
TAP2	mic_tap	False	1	1	False	2060	2061.0
U	pseudogene_I	True	0	0	True	196	
V	pseudogene_I	True	0	0	True	538	
W	pseudogene_I	True	0	0	True	923	
A	classical_I	True	0	0	True	1098	
B	classical_I	True	0	0	True	1089	
C	classical_I	True	0	0	True	1101	
DMA	class_II_accessory	True	0	0	True	786	
DMB	class_II_accessory	True	0	0	True	792	
DOA	class_II_accessory	True	0	0	True	753	
DOB	class_II_accessory	True	0	0	True	822	
DPA1	classical_II	True	0	0	True	783	
DPA2	class_II_paralog	True	0	0	True	733	
DPB1	classical_II	True	0	0	True	777	
DPB2	class_II_paralog	True	0	0	True	776	
DQA1	classical_II	True	0	0	True	768	
DQA2	class_II_paralog	True	0	0	True	768	
DQB1	classical_II	True	0	0	True	786	
DQB2	class_II_paralog	True	0	0	True	807	
DRA	class_II_accessory	True	0	0	True	765	
DRB1	classical_II	True	0	0	True	801	
DRB3	class_II_paralog	True	0	0	True	801	
DRB5	class_II_paralog	True	0	0	True	801	
E	nonclassical_I	True	0	0	True	1077	
F	nonclassical_I	True	0	0	True	1041	
G	nonclassical_I	True	0	0	True	1017	
H	pseudogene_I	True	0	0	True	1097	
HFE	other	True	0	0	True	1047	
J	pseudogene_I	True	0	0	True	1095	
K	pseudogene_I	True	0	0	True	1094	
L	pseudogene_I	True	0	0	True	1094	
MICA	mic_tap	True	0	0	True	1156	
MICB	mic_tap	True	0	0	True	1152	
N	pseudogene_I	True	0	0	True	161	
P	pseudogene_I	True	0	0	True	735	
S	pseudogene_I	True	0	0	True	266	
T	pseudogene_I	True	0	0	True	459	
TAP1	mic_tap	True	0	0	True	2247	
TAP2	mic_tap	True	0	0	True	2061	
U	pseudogene_I	True	0	0	True	196	
V	pseudogene_I	True	0	0	True	538	
W	pseudogene_I	True	0	0	True	938	
A	classical_I	True	0	0	True	1098	
B	classical_I	True	0	0	True	1089	
C	classical_I	True	0	0	True	1101	
DMA	class_II_accessory	True	0	0	True	786	
DMB	class_II_accessory	True	0	0	True	792	
DOA	class_II_accessory	True	0	0	True	753	
DOB	class_II_accessory	True	0	0	True	822	
DPA1	classical_II	True	0	0	True	783	
DPA2	class_II_paralog	True	0	0	True	733	
DPB1	classical_II	True	0	0	True	777	
DPB2	class_II_paralog	True	0	0	True	776	
DQA1	classical_II	True	0	0	True	765	
DQA2	class_II_paralog	True	0	0	True	768	
DQB1	classical_II	True	0	0	True	786	
DQB2	class_II_paralog	True	0	0	True	807	
DRA	class_II_accessory	True	0	0	True	765	
DRB1	classical_II	True	0	0	True	801	
DRB3	class_II_paralog	True	0	0	True	801	
E	nonclassical_I	False	2	2	True	1077	1077.0
F	nonclassical_I	True	0	0	True	1041	
G	nonclassical_I	True	0	0	True	1017	
H	pseudogene_I	False	23	16	False	1096	1104.0
J	pseudogene_I	True	0	0	True	1095	
K	pseudogene_I	False	22	16	False	1093	1092.0
L	pseudogene_I	True	0	0	True	1096	
MICA	mic_tap	True	0	0	True	1156	
MICB	mic_tap	True	0	0	True	1152	
N	pseudogene_I	True	0	0	True	161	
P	pseudogene_I	True	0	0	True	735	
S	pseudogene_I	True	0	0	True	266	
T	pseudogene_I	False	8	8	True	459	459.0
TAP1	mic_tap	True	0	0	True	2247	
TAP2	mic_tap	False	1	1	True	2112	2112.0
U	pseudogene_I	False	10	9	True	196	196.0
V	pseudogene_I	True	0	0	True	516	
W	pseudogene_I	True	0	0	True	936	
A	classical_I	True	0	0	True	1098	
B	classical_I	True	0	0	True	1089	
C	classical_I	True	0	0	True	1101	
DMA	class_II_accessory	True	0	0	True	786	
DMB	class_II_accessory	True	0	0	True	792	
DOA	class_II_accessory	True	0	0	True	753	
DOB	class_II_accessory	True	0	0	True	822	
DPA1	classical_II	True	0	0	True	783	
DPA2	class_II_paralog	True	0	0	True	733	
DPB1	classical_II	True	0	0	True	777	
DPB2	class_II_paralog	True	0	0	True	776	
DQA1	classical_II	True	0	0	True	768	
DQA2	class_II_paralog	True	0	0	True	768	
DQB1	classical_II	True	0	0	True	786	
DQB2	class_II_paralog	True	0	0	True	807	
DRA	class_II_accessory	True	0	0	True	765	
DRB1	classical_II	True	0	0	True	801	
DRB4	class_II_paralog	False	1	1	True	801	801.0
E	nonclassical_I	True	0	0	True	1077	
F	nonclassical_I	True	0	0	True	1041	
G	nonclassical_I	True	0	0	True	1017	
H	pseudogene_I	False	18	13	False	1090	1096.0
J	pseudogene_I	True	0	0	True	1095	
K	pseudogene_I	False	23	17	False	1094	1093.0
L	pseudogene_I	True	0	0	True	1096	
MICA	mic_tap	True	0	0	True	1158	
MICB	mic_tap	True	0	0	True	1152	
N	pseudogene_I	True	0	0	True	161	
P	pseudogene_I	True	0	0	True	735	
S	pseudogene_I	True	0	0	True	266	
T	pseudogene_I	False	4	4	True	459	459.0
TAP1	mic_tap	True	0	0	True	2247	
TAP2	mic_tap	True	0	0	True	2112	
U	pseudogene_I	False	6	6	False	195	196.0
V	pseudogene_I	True	0	0	True	516	
W	pseudogene_I	True	0	0	True	936	
A	classical_I	True	0	0	True	1098	
B	classical_I	True	0	0	True	1089	
C	classical_I	True	0	0	True	1101	
DMA	class_II_accessory	True	0	0	True	786	
DMB	class_II_accessory	False	1	1	True	792	792.0
DOA	class_II_accessory	True	0	0	True	753	
DOB	class_II_accessory	True	0	0	True	822	
DPA1	classical_II	True	0	0	True	783	
DPA2	class_II_paralog	True	0	0	True	733	
DPB1	classical_II	True	0	0	True	777	
DPB2	class_II_paralog	True	0	0	True	776	
DQA1	classical_II	True	0	0	True	765	
DQA2	class_II_paralog	True	0	0	True	768	
DQB1	classical_II	True	0	0	True	786	
DQB2	class_II_paralog	True	0	0	True	807	
DRA	class_II_accessory	True	0	0	True	765	
DRB1	classical_II	True	0	0	True	801	
DRB3	class_II_paralog	True	0	0	True	801	
E	nonclassical_I	True	0	0	True	1077	
F	nonclassical_I	True	0	0	True	1041	
G	nonclassical_I	True	0	0	True	1017	
H	pseudogene_I	True	0	0	True	1096	
J	pseudogene_I	True	0	0	True	1095	
K	pseudogene_I	True	0	0	True	1093	
L	pseudogene_I	True	0	0	True	1096	
MICA	mic_tap	True	0	0	True	1156	
MICB	mic_tap	False	3	3	True	1152	1152.0
N	pseudogene_I	True	0	0	True	161	
P	pseudogene_I	True	0	0	True	735	
S	pseudogene_I	True	0	0	True	266	
T	pseudogene_I	True	0	0	True	459	
TAP1	mic_tap	True	0	0	True	2247	
TAP2	mic_tap	True	0	0	True	2061	
U	pseudogene_I	True	0	0	True	196	
V	pseudogene_I	True	0	0	True	517	
W	pseudogene_I	True	0	0	True	936	
A	classical_I	True	0	0	True	1098	
B	classical_I	True	0	0	True	1089	
C	classical_I	True	0	0	True	1101	
DMA	class_II_accessory	True	0	0	True	786	
DMB	class_II_accessory	True	0	0	True	792	
DOA	class_II_accessory	True	0	0	True	753	
DOB	class_II_accessory	True	0	0	True	822	
DPA1	classical_II	True	0	0	True	783	
DPA2	class_II_paralog	True	0	0	True	733	
DPB1	classical_II	True	0	0	True	777	
DPB2	class_II_paralog	True	0	0	True	776	
DQA1	classical_II	True	0	0	True	768	
DQA2	class_II_paralog	True	0	0	True	768	
DQB1	classical_II	True	0	0	True	786	
DQB2	class_II_paralog	True	0	0	True	807	
DRA	class_II_accessory	True	0	0	True	765	
DRB1	classical_II	True	0	0	True	801	
DRB4	class_II_paralog	True	0	0	True	801	
E	nonclassical_I	True	0	0	True	1077	
F	nonclassical_I	True	0	0	True	1041	
G	nonclassical_I	True	0	0	True	1017	
H	pseudogene_I	True	0	0	True	1104	
HFE	other	True	0	0	True	1047	
J	pseudogene_I	True	0	0	True	1095	
K	pseudogene_I	True	0	0	True	1092	
L	pseudogene_I	True	0	0	True	1096	
MICA	mic_tap	True	0	0	True	1156	
MICB	mic_tap	True	0	0	True	1152	
N	pseudogene_I	True	0	0	True	161	
P	pseudogene_I	True	0	0	True	735	
S	pseudogene_I	True	0	0	True	266	
T	pseudogene_I	True	0	0	True	459	
TAP1	mic_tap	True	0	0	True	2247	
TAP2	mic_tap	True	0	0	True	2061	
U	pseudogene_I	True	0	0	True	196	
V	pseudogene_I	True	0	0	True	516	
W	pseudogene_I	True	0	0	True	936	
A	classical_I	True	0	0	True	1098	
B	classical_I	True	0	0	True	1089	
C	classical_I	True	0	0	True	1101	
DMA	class_II_accessory	True	0	0	True	786	
DMB	class_II_accessory	True	0	0	True	792	
DOA	class_II_accessory	True	0	0	True	753	
DOB	class_II_accessory	True	0	0	True	822	
DPA1	classical_II	True	0	0	True	783	
DPA2	class_II_paralog	True	0	0	True	733	
DPB1	classical_II	True	0	0	True	777	
DPB2	class_II_paralog	True	0	0	True	776	
DQA1	classical_II	True	0	0	True	765	
DQA2	class_II_paralog	True	0	0	True	768	
DQB1	classical_II	True	0	0	True	786	
DQB2	class_II_paralog	True	0	0	True	807	
DRA	class_II_accessory	True	0	0	True	765	
DRB1	classical_II	True	0	0	True	801	
DRB4	class_II_paralog	True	0	0	True	784	
E	nonclassical_I	True	0	0	True	1077	
F	nonclassical_I	True	0	0	True	1041	
G	nonclassical_I	True	0	0	True	1017	
H	pseudogene_I	True	0	0	True	1096	
J	pseudogene_I	True	0	0	True	1095	
K	pseudogene_I	True	0	0	True	1093	
L	pseudogene_I	True	0	0	True	1096	
MICA	mic_tap	False	1	1	False	1165	1166.0
MICB	mic_tap	True	0	0	True	1152	
N	pseudogene_I	True	0	0	True	161	
P	pseudogene_I	True	0	0	True	732	
S	pseudogene_I	True	0	0	True	266	
T	pseudogene_I	True	0	0	True	459	
TAP1	mic_tap	True	0	0	True	2247	
TAP2	mic_tap	False	2	2	False	2111	2112.0
U	pseudogene_I	True	0	0	True	196	
V	pseudogene_I	True	0	0	True	517	
W	pseudogene_I	False	20	6	False	923	936.0
A	classical_I	True	0	0	True	1098	
B	classical_I	True	0	0	True	1089	
C	classical_I	True	0	0	True	1101	
DMA	class_II_accessory	True	0	0	True	786	
DMB	class_II_accessory	True	0	0	True	792	
DOA	class_II_accessory	True	0	0	True	753	
DOB	class_II_accessory	True	0	0	True	822	
DPA1	classical_II	True	0	0	True	783	
DPA2	class_II_paralog	True	0	0	True	733	
DPB1	classical_II	True	0	0	True	777	
DPB2	class_II_paralog	True	0	0	True	776	
DQA1	classical_II	True	0	0	True	768	
DQA2	class_II_paralog	True	0	0	True	768	
DQB1	classical_II	True	0	0	True	786	
DQB2	class_II_paralog	True	0	0	True	807	
DRA	class_II_accessory	True	0	0	True	765	
DRB1	classical_II	True	0	0	True	801	
DRB3	class_II_paralog	True	0	0	True	801	
E	nonclassical_I	True	0	0	True	1077	
F	nonclassical_I	True	0	0	True	1041	
G	nonclassical_I	True	0	0	True	1017	
H	pseudogene_I	True	0	0	True	1104	
J	pseudogene_I	True	0	0	True	1095	
K	pseudogene_I	True	0	0	True	1092	
L	pseudogene_I	True	0	0	True	1096	
MICA	mic_tap	True	0	0	True	1156	
MICB	mic_tap	True	0	0	True	1152	
N	pseudogene_I	True	0	0	True	161	
P	pseudogene_I	True	0	0	True	735	
S	pseudogene_I	True	0	0	True	266	
T	pseudogene_I	True	0	0	True	459	
TAP1	mic_tap	False	1	1	False	2246	2247.0
TAP2	mic_tap	True	0	0	True	2061	
U	pseudogene_I	True	0	0	True	196	
V	pseudogene_I	True	0	0	True	538	
W	pseudogene_I	True	0	0	True	936	
A	classical_I	True	0	0	True	1098	
B	classical_I	False	29	23	True	1089	1089.0
C	classical_I	True	0	0	True	1101	
DMA	class_II_accessory	True	0	0	True	786	
DMB	class_II_accessory	True	0	0	True	792	
DOA	class_II_accessory	True	0	0	True	753	
DOB	class_II_accessory	True	0	0	True	822	
DPA1	classical_II	True	0	0	True	783	
DPA2	class_II_paralog	True	0	0	True	733	
DPB1	classical_II	True	0	0	True	777	
DPB2	class_II_paralog	True	0	0	True	776	
DQA1	classical_II	True	0	0	True	768	
DQA2	class_II_paralog	True	0	0	True	768	
DQB1	classical_II	True	0	0	True	786	
DQB2	class_II_paralog	True	0	0	True	807	
DRA	class_II_accessory	True	0	0	True	765	
DRB1	classical_II	True	0	0	True	801	
DRB4	class_II_paralog	True	0	0	True	801	
E	nonclassical_I	True	0	0	True	1077	
F	nonclassical_I	True	0	0	True	1041	
G	nonclassical_I	True	0	0	True	1017	
H	pseudogene_I	True	0	0	True	1096	
J	pseudogene_I	True	0	0	True	1095	
K	pseudogene_I	True	0	0	True	1093	
L	pseudogene_I	True	0	0	True	1094	
MICA	mic_tap	True	0	0	True	1158	
MICB	mic_tap	True	0	0	True	1152	
N	pseudogene_I	True	0	0	True	161	
P	pseudogene_I	True	0	0	True	732	
S	pseudogene_I	True	0	0	True	266	
T	pseudogene_I	True	0	0	True	459	
TAP1	mic_tap	True	0	0	True	2247	
TAP2	mic_tap	True	0	0	True	2061	
U	pseudogene_I	True	0	0	True	196	
V	pseudogene_I	True	0	0	True	517	
W	pseudogene_I	True	0	0	True	936	
A	classical_I	True	0	0	True	1098	
B	classical_I	True	0	0	True	1089	
C	classical_I	True	0	0	True	1101	
DMA	class_II_accessory	True	0	0	True	786	
DMB	class_II_accessory	True	0	0	True	792	
DOA	class_II_accessory	True	0	0	True	753	
DOB	class_II_accessory	True	0	0	True	822	
DPA1	classical_II	True	0	0	True	783	
DPA2	class_II_paralog	True	0	0	True	733	
DPB1	classical_II	True	0	0	True	777	
DPB2	class_II_paralog	True	0	0	True	776	
DQA1	classical_II	True	0	0	True	768	
DQA2	class_II_paralog	True	0	0	True	768	
DQB1	classical_II	True	0	0	True	786	
DQB2	class_II_paralog	True	0	0	True	807	
DRA	class_II_accessory	True	0	0	True	765	
DRB1	classical_II	True	0	0	True	801	
DRB3	class_II_paralog	True	0	0	True	801	
E	nonclassical_I	True	0	0	True	1077	
F	nonclassical_I	True	0	0	True	1041	
G	nonclassical_I	True	0	0	True	1017	
H	pseudogene_I	True	0	0	True	1096	
J	pseudogene_I	True	0	0	True	1081	
K	pseudogene_I	True	0	0	True	1093	
L	pseudogene_I	True	0	0	True	1094	
MICA	mic_tap	True	0	0	True	1167	
MICB	mic_tap	True	0	0	True	1152	
N	pseudogene_I	True	0	0	True	161	
P	pseudogene_I	True	0	0	True	732	
S	pseudogene_I	True	0	0	True	266	
T	pseudogene_I	True	0	0	True	459	
TAP1	mic_tap	True	0	0	True	2247	
TAP2	mic_tap	True	0	0	True	2112	
U	pseudogene_I	True	0	0	True	196	
V	pseudogene_I	True	0	0	True	517	
W	pseudogene_I	True	0	0	True	936	
A	classical_I	True	0	0	True	1098	
B	classical_I	True	0	0	True	1089	
C	classical_I	True	0	0	True	1101	
DMA	class_II_accessory	True	0	0	True	786	
DMB	class_II_accessory	True	0	0	True	792	
DOA	class_II_accessory	True	0	0	True	753	
DOB	class_II_accessory	True	0	0	True	822	
DPA1	classical_II	False	5	3	False	780	783.0
DPA2	class_II_paralog	True	0	0	True	733	
DPB1	classical_II	True	0	0	True	777	
DPB2	class_II_paralog	False	11	10	True	776	776.0
DQA1	classical_II	True	0	0	True	765	
DQA2	class_II_paralog	True	0	0	True	768	
DQB1	classical_II	False	1	1	False	786	785.0
DQB2	class_II_paralog	True	0	0	True	807	
DRA	class_II_accessory	True	0	0	True	765	
DRB1	classical_II	True	0	0	True	801	
DRB4	class_II_paralog	True	0	0	True	801	
E	nonclassical_I	True	0	0	True	1077	
F	nonclassical_I	True	0	0	True	1041	
G	nonclassical_I	True	0	0	True	1017	
H	pseudogene_I	True	0	0	True	1096	
J	pseudogene_I	True	0	0	True	1095	
K	pseudogene_I	True	0	0	True	1096	
L	pseudogene_I	True	0	0	True	1096	
MICA	mic_tap	True	0	0	True	1167	
MICB	mic_tap	True	0	0	True	1152	
N	pseudogene_I	True	0	0	True	161	
P	pseudogene_I	True	0	0	True	735	
S	pseudogene_I	True	0	0	True	266	
T	pseudogene_I	True	0	0	True	459	
TAP1	mic_tap	True	0	0	True	2247	
TAP2	mic_tap	False	1	1	False	2060	2061.0
U	pseudogene_I	True	0	0	True	195	
V	pseudogene_I	True	0	0	True	538	
W	pseudogene_I	True	0	0	True	938	
A	classical_I	True	0	0	True	1098	
B	classical_I	False	3	3	False	1089	1088.0
C	classical_I	True	0	0	True	1101	
DMA	class_II_accessory	True	0	0	True	786	
DMB	class_II_accessory	True	0	0	True	792	
DOA	class_II_accessory	True	0	0	True	753	
DOB	class_II_accessory	True	0	0	True	822	
DPA1	classical_II	True	0	0	True	783	
DPA2	class_II_paralog	True	0	0	True	733	
DPB1	classical_II	True	0	0	True	777	
DPB2	class_II_paralog	True	0	0	True	776	
DQA1	classical_II	True	0	0	True	765	
DQA2	class_II_paralog	True	0	0	True	768	
DQB1	classical_II	True	0	0	True	786	
DQB2	class_II_paralog	True	0	0	True	807	
DRA	class_II_accessory	True	0	0	True	765	
DRB1	classical_II	True	0	0	True	801	
DRB4	class_II_paralog	True	0	0	True	801	
E	nonclassical_I	False	2	2	False	1077	1075.0
F	nonclassical_I	True	0	0	True	1041	
G	nonclassical_I	True	0	0	True	1017	
H	pseudogene_I	True	0	0	True	1096	
J	pseudogene_I	True	0	0	True	1095	
K	pseudogene_I	True	0	0	True	1093	
L	pseudogene_I	True	0	0	True	1096	
MICA	mic_tap	True	0	0	True	1167	
MICB	mic_tap	True	0	0	True	1152	
N	pseudogene_I	True	0	0	True	161	
P	pseudogene_I	True	0	0	True	735	
S	pseudogene_I	True	0	0	True	266	
T	pseudogene_I	True	0	0	True	459	
TAP1	mic_tap	True	0	0	True	2247	
TAP2	mic_tap	True	0	0	True	2061	
U	pseudogene_I	True	0	0	True	196	
V	pseudogene_I	True	0	0	True	538	
W	pseudogene_I	True	0	0	True	923	
Y	pseudogene_I	True	0	0	True	824	
A	classical_I	True	0	0	True	1098	
B	classical_I	True	0	0	True	1089	
C	classical_I	True	0	0	True	1101	
DMA	class_II_accessory	True	0	0	True	786	
DMB	class_II_accessory	True	0	0	True	792	
DOA	class_II_accessory	True	0	0	True	753	
DOB	class_II_accessory	True	0	0	True	822	
DPA1	classical_II	True	0	0	True	783	
DPA2	class_II_paralog	True	0	0	True	733	
DPB1	classical_II	True	0	0	True	777	
DPB2	class_II_paralog	True	0	0	True	776	
DQA1	classical_II	True	0	0	True	765	
DQA2	class_II_paralog	True	0	0	True	768	
DQB1	classical_II	True	0	0	True	786	
DQB2	class_II_paralog	True	0	0	True	807	
DRA	class_II_accessory	True	0	0	True	765	
DRB1	classical_II	True	0	0	True	801	
DRB4	class_II_paralog	True	0	0	True	801	
E	nonclassical_I	True	0	0	True	1077	
F	nonclassical_I	True	0	0	True	1041	
G	nonclassical_I	True	0	0	True	1017	
H	pseudogene_I	True	0	0	True	1096	
J	pseudogene_I	True	0	0	True	1089	
K	pseudogene_I	True	0	0	True	1093	
L	pseudogene_I	True	0	0	True	1094	
MICA	mic_tap	True	0	0	True	1167	
MICB	mic_tap	True	0	0	True	1152	
N	pseudogene_I	True	0	0	True	161	
P	pseudogene_I	True	0	0	True	735	
S	pseudogene_I	True	0	0	True	266	
T	pseudogene_I	True	0	0	True	459	
TAP1	mic_tap	True	0	0	True	2247	
TAP2	mic_tap	True	0	0	True	2061	
U	pseudogene_I	True	0	0	True	196	
V	pseudogene_I	True	0	0	True	517	
W	pseudogene_I	True	0	0	True	923	
Y	pseudogene_I	True	0	0	True	824	
A	classical_I	True	0	0	True	1098	
B	classical_I	True	0	0	True	1089	
C	classical_I	False	25	24	True	1101	1101.0
DMA	class_II_accessory	True	0	0	True	786	
DMB	class_II_accessory	True	0	0	True	792	
DOA	class_II_accessory	True	0	0	True	753	
DOB	class_II_accessory	True	0	0	True	822	
DPA1	classical_II	True	0	0	True	783	
DPA2	class_II_paralog	True	0	0	True	733	
DPB1	classical_II	True	0	0	True	777	
DPB2	class_II_paralog	True	0	0	True	776	
DQA1	classical_II	True	0	0	True	765	
DQA2	class_II_paralog	True	0	0	True	768	
DQB1	classical_II	True	0	0	True	786	
DQB2	class_II_paralog	True	0	0	True	807	
DRA	class_II_accessory	True	0	0	True	765	
DRB1	classical_II	True	0	0	True	801	
DRB3	class_II_paralog	True	0	0	True	801	
E	nonclassical_I	True	0	0	True	1077	
F	nonclassical_I	True	0	0	True	1041	
G	nonclassical_I	True	0	0	True	1017	
H	pseudogene_I	True	0	0	True	1096	
J	pseudogene_I	True	0	0	True	1089	
K	pseudogene_I	True	0	0	True	1095	
L	pseudogene_I	True	0	0	True	1094	
MICA	mic_tap	True	0	0	True	1156	
MICB	mic_tap	False	1	1	False	1152	1153.0
N	pseudogene_I	True	0	0	True	161	
P	pseudogene_I	True	0	0	True	732	
S	pseudogene_I	True	0	0	True	266	
T	pseudogene_I	True	0	0	True	459	
TAP1	mic_tap	True	0	0	True	2247	
TAP2	mic_tap	True	0	0	True	2061	
U	pseudogene_I	True	0	0	True	196	
V	pseudogene_I	True	0	0	True	517	
W	pseudogene_I	True	0	0	True	938	
Y	pseudogene_I	True	0	0	True	824	
A	classical_I	True	0	0	True	1098	
B	classical_I	True	0	0	True	1089	
C	classical_I	False	55	36	False	1119	1101.0
DMA	class_II_accessory	True	0	0	True	786	
DMB	class_II_accessory	True	0	0	True	792	
DOA	class_II_accessory	True	0	0	True	753	
DOB	class_II_accessory	True	0	0	True	822	
DPA1	classical_II	True	0	0	True	783	
DPA2	class_II_paralog	True	0	0	True	733	
DPB1	classical_II	True	0	0	True	777	
DPB2	class_II_paralog	True	0	0	True	776	
DQA1	classical_II	True	0	0	True	765	
DQA2	class_II_paralog	True	0	0	True	768	
DQB1	classical_II	True	0	0	True	786	
DQB2	class_II_paralog	True	0	0	True	807	
DRA	class_II_accessory	True	0	0	True	765	
DRB1	classical_II	True	0	0	True	801	
DRB3	class_II_paralog	True	0	0	True	801	
E	nonclassical_I	True	0	0	True	1077	
F	nonclassical_I	True	0	0	True	1041	
G	nonclassical_I	True	0	0	True	1016	
H	pseudogene_I	True	0	0	True	1096	
J	pseudogene_I	True	0	0	True	1089	
K	pseudogene_I	True	0	0	True	1092	
L	pseudogene_I	True	0	0	True	1096	
MICA	mic_tap	True	0	0	True	1156	
MICB	mic_tap	False	3	3	True	1152	1152.0
N	pseudogene_I	True	0	0	True	161	
P	pseudogene_I	True	0	0	True	732	
S	pseudogene_I	True	0	0	True	266	
T	pseudogene_I	True	0	0	True	459	
TAP1	mic_tap	True	0	0	True	2247	
TAP2	mic_tap	True	0	0	True	2061	
U	pseudogene_I	True	0	0	True	196	
V	pseudogene_I	True	0	0	True	517	
W	pseudogene_I	True	0	0	True	923	
Y	pseudogene_I	True	0	0	True	824	
A	classical_I	True	0	0	True	1098	
B	classical_I	True	0	0	True	1089	
C	classical_I	True	0	0	True	1101	
DMA	class_II_accessory	True	0	0	True	786	
DMB	class_II_accessory	True	0	0	True	792	
DOA	class_II_accessory	True	0	0	True	753	
DOB	class_II_accessory	True	0	0	True	822	
DPA1	classical_II	False	1	1	False	783	782.0
DPA2	class_II_paralog	True	0	0	True	733	
DPB1	classical_II	True	0	0	True	777	
DPB2	class_II_paralog	True	0	0	True	776	
DQA1	classical_II	True	0	0	True	765	
DQA2	class_II_paralog	True	0	0	True	768	
DQB1	classical_II	True	0	0	True	786	
DQB2	class_II_paralog	True	0	0	True	807	
DRA	class_II_accessory	True	0	0	True	765	
DRB1	classical_II	True	0	0	True	801	
DRB3	class_II_paralog	True	0	0	True	801	
E	nonclassical_I	True	0	0	True	1077	
F	nonclassical_I	True	0	0	True	1041	
G	nonclassical_I	True	0	0	True	1017	
H	pseudogene_I	True	0	0	True	1097	
J	pseudogene_I	True	0	0	True	1088	
K	pseudogene_I	True	0	0	True	1093	
L	pseudogene_I	True	0	0	True	1096	
MICA	mic_tap	False	1	1	False	1166	1167.0
MICB	mic_tap	True	0	0	True	1152	
N	pseudogene_I	True	0	0	True	161	
P	pseudogene_I	True	0	0	True	732	
S	pseudogene_I	True	0	0	True	266	
T	pseudogene_I	True	0	0	True	459	
TAP1	mic_tap	True	0	0	True	2247	
TAP2	mic_tap	True	0	0	True	2112	
U	pseudogene_I	True	0	0	True	196	
V	pseudogene_I	True	0	0	True	517	
W	pseudogene_I	True	0	0	True	938	
Y	pseudogene_I	True	0	0	True	824	
A	classical_I	True	0	0	True	1098	
B	classical_I	True	0	0	True	1089	
C	classical_I	True	0	0	True	1101	
DMA	class_II_accessory	True	0	0	True	786	
DMB	class_II_accessory	True	0	0	True	792	
DOA	class_II_accessory	True	0	0	True	753	
DOB	class_II_accessory	True	0	0	True	822	
DPA1	classical_II	True	0	0	True	783	
DPA2	class_II_paralog	True	0	0	True	733	
DPB1	classical_II	True	0	0	True	777	
DPB2	class_II_paralog	True	0	0	True	776	
DQA1	classical_II	False	1	1	True	768	768.0
DQA2	class_II_paralog	True	0	0	True	768	
DQB1	classical_II	True	0	0	True	786	
DQB2	class_II_paralog	True	0	0	True	807	
DRA	class_II_accessory	True	0	0	True	765	
DRB1	classical_II	True	0	0	True	801	
DRB5	class_II_paralog	True	0	0	True	801	
E	nonclassical_I	True	0	0	True	1077	
F	nonclassical_I	True	0	0	True	1041	
G	nonclassical_I	True	0	0	True	1017	
H	pseudogene_I	True	0	0	True	1096	
J	pseudogene_I	True	0	0	True	1095	
K	pseudogene_I	True	0	0	True	1095	
L	pseudogene_I	True	0	0	True	1094	
MICA	mic_tap	True	0	0	True	1167	
MICB	mic_tap	True	0	0	True	1152	
N	pseudogene_I	True	0	0	True	161	
P	pseudogene_I	True	0	0	True	732	
S	pseudogene_I	True	0	0	True	266	
T	pseudogene_I	True	0	0	True	459	
TAP1	mic_tap	True	0	0	True	2247	
TAP2	mic_tap	True	0	0	True	2061	
U	pseudogene_I	True	0	0	True	196	
V	pseudogene_I	True	0	0	True	517	
W	pseudogene_I	True	0	0	True	938	
A	classical_I	True	0	0	True	1098	
B	classical_I	True	0	0	True	1089	
C	classical_I	True	0	0	True	1101	
DMA	class_II_accessory	True	0	0	True	786	
DMB	class_II_accessory	True	0	0	True	792	
DOA	class_II_accessory	True	0	0	True	753	
DOB	class_II_accessory	True	0	0	True	822	
DPA1	classical_II	True	0	0	True	783	
DPA2	class_II_paralog	False	9	8	False	733	732.0
DPB1	classical_II	True	0	0	True	777	
DPB2	class_II_paralog	True	0	0	True	776	
DQA1	classical_II	True	0	0	True	768	
DQA2	class_II_paralog	True	0	0	True	768	
DQB1	classical_II	True	0	0	True	786	
DQB2	class_II_paralog	True	0	0	True	807	
DRA	class_II_accessory	True	0	0	True	765	
DRB1	classical_II	True	0	0	True	801	
DRB4	class_II_paralog	False	1	1	False	800	801.0
E	nonclassical_I	True	0	0	True	1077	
F	nonclassical_I	True	0	0	True	1041	
G	nonclassical_I	True	0	0	True	1017	
H	pseudogene_I	True	0	0	True	1096	
J	pseudogene_I	True	0	0	True	1095	
K	pseudogene_I	True	0	0	True	1093	
L	pseudogene_I	True	0	0	True	1096	
MICA	mic_tap	True	0	0	True	1167	
MICB	mic_tap	True	0	0	True	1152	
N	pseudogene_I	True	0	0	True	161	
P	pseudogene_I	True	0	0	True	735	
S	pseudogene_I	True	0	0	True	266	
T	pseudogene_I	True	0	0	True	459	
TAP1	mic_tap	True	0	0	True	2247	
TAP2	mic_tap	True	0	0	True	2061	
U	pseudogene_I	True	0	0	True	196	
V	pseudogene_I	True	0	0	True	538	
W	pseudogene_I	True	0	0	True	923	
A	classical_I	True	0	0	True	1098	
B	classical_I	True	0	0	True	1089	
C	classical_I	True	0	0	True	1101	
DMA	class_II_accessory	True	0	0	True	786	
DMB	class_II_accessory	True	0	0	True	792	
DOA	class_II_accessory	True	0	0	True	753	
DOB	class_II_accessory	True	0	0	True	822	
DPA1	classical_II	True	0	0	True	783	
DPA2	class_II_paralog	True	0	0	True	733	
DPB1	classical_II	True	0	0	True	777	
DPB2	class_II_paralog	True	0	0	True	776	
DQA1	classical_II	True	0	0	True	765	
DQA2	class_II_paralog	True	0	0	True	768	
DQB1	classical_II	True	0	0	True	786	
DQB2	class_II_paralog	True	0	0	True	807	
DRA	class_II_accessory	True	0	0	True	765	
DRB1	classical_II	True	0	0	True	801	
DRB3	class_II_paralog	True	0	0	True	801	
E	nonclassical_I	True	0	0	True	1077	
F	nonclassical_I	True	0	0	True	1041	
G	nonclassical_I	True	0	0	True	1017	
H	pseudogene_I	True	0	0	True	1096	
HFE	other	False	1	1	True	1047	1047.0
J	pseudogene_I	True	0	0	True	1095	
K	pseudogene_I	True	0	0	True	1093	
L	pseudogene_I	True	0	0	True	1096	
MICA	mic_tap	True	0	0	True	1156	
MICB	mic_tap	True	0	0	True	1152	
N	pseudogene_I	True	0	0	True	161	
P	pseudogene_I	True	0	0	True	732	
S	pseudogene_I	True	0	0	True	266	
T	pseudogene_I	True	0	0	True	459	
TAP1	mic_tap	True	0	0	True	2247	
TAP2	mic_tap	True	0	0	True	2061	
U	pseudogene_I	True	0	0	True	196	
V	pseudogene_I	True	0	0	True	538	
W	pseudogene_I	True	0	0	True	936	
A	classical_I	True	0	0	True	1098	
B	classical_I	True	0	0	True	1089	
C	classical_I	True	0	0	True	1101	
DMA	class_II_accessory	True	0	0	True	786	
DMB	class_II_accessory	True	0	0	True	792	
DOA	class_II_accessory	True	0	0	True	753	
DOB	class_II_accessory	True	0	0	True	822	
DPA1	classical_II	True	0	0	True	783	
DPA2	class_II_paralog	True	0	0	True	733	
DPB1	classical_II	True	0	0	True	777	
DPB2	class_II_paralog	True	0	0	True	776	
DQA1	classical_II	True	0	0	True	765	
DQA2	class_II_paralog	True	0	0	True	768	
DQB1	classical_II	False	2	2	False	788	786.0
DQB2	class_II_paralog	True	0	0	True	807	
DRA	class_II_accessory	True	0	0	True	765	
DRB1	classical_II	True	0	0	True	801	
DRB4	class_II_paralog	True	0	0	True	801	
E	nonclassical_I	True	0	0	True	1077	
F	nonclassical_I	True	0	0	True	1041	
G	nonclassical_I	True	0	0	True	1017	
H	pseudogene_I	True	0	0	True	1096	
J	pseudogene_I	True	0	0	True	1095	
K	pseudogene_I	True	0	0	True	1095	
L	pseudogene_I	True	0	0	True	1096	
MICA	mic_tap	True	0	0	True	1167	
MICB	mic_tap	True	0	0	True	1152	
N	pseudogene_I	True	0	0	True	161	
P	pseudogene_I	True	0	0	True	735	
S	pseudogene_I	True	0	0	True	266	
T	pseudogene_I	True	0	0	True	459	
TAP1	mic_tap	True	0	0	True	2247	
TAP2	mic_tap	True	0	0	True	2112	
U	pseudogene_I	True	0	0	True	196	
V	pseudogene_I	True	0	0	True	538	
A	classical_I	True	0	0	True	1098	
B	classical_I	True	0	0	True	1089	
C	classical_I	True	0	0	True	1101	
DMA	class_II_accessory	True	0	0	True	786	
DMB	class_II_accessory	True	0	0	True	792	
DOA	class_II_accessory	True	0	0	True	753	
DOB	class_II_accessory	True	0	0	True	822	
DPA1	classical_II	True	0	0	True	783	
DPA2	class_II_paralog	True	0	0	True	733	
DPB1	classical_II	True	0	0	True	777	
DPB2	class_II_paralog	True	0	0	True	776	
DQA1	classical_II	True	0	0	True	768	
DQA2	class_II_paralog	True	0	0	True	768	
DQB1	classical_II	False	1	1	False	786	785.0
DQB2	class_II_paralog	True	0	0	True	807	
DRA	class_II_accessory	True	0	0	True	765	
DRB1	classical_II	True	0	0	True	801	
DRB4	class_II_paralog	True	0	0	True	801	
E	nonclassical_I	True	0	0	True	1077	
F	nonclassical_I	True	0	0	True	1041	
G	nonclassical_I	True	0	0	True	1017	
H	pseudogene_I	True	0	0	True	1096	
J	pseudogene_I	True	0	0	True	1095	
K	pseudogene_I	True	0	0	True	1093	
L	pseudogene_I	True	0	0	True	1096	
MICA	mic_tap	True	0	0	True	1152	
MICB	mic_tap	True	0	0	True	1152	
N	pseudogene_I	True	0	0	True	161	
P	pseudogene_I	True	0	0	True	735	
S	pseudogene_I	True	0	0	True	266	
T	pseudogene_I	True	0	0	True	459	
TAP1	mic_tap	True	0	0	True	2247	
TAP2	mic_tap	True	0	0	True	2112	
U	pseudogene_I	True	0	0	True	196	
V	pseudogene_I	True	0	0	True	538	
W	pseudogene_I	True	0	0	True	923	
A	classical_I	True	0	0	True	1098	
B	classical_I	True	0	0	True	1089	
C	classical_I	True	0	0	True	1101	
DMA	class_II_accessory	True	0	0	True	786	
DMB	class_II_accessory	True	0	0	True	792	
DOA	class_II_accessory	True	0	0	True	753	
DOB	class_II_accessory	True	0	0	True	822	
DPA1	classical_II	True	0	0	True	783	
DPA2	class_II_paralog	True	0	0	True	733	
DPB1	classical_II	True	0	0	True	777	
DPB2	class_II_paralog	True	0	0	True	776	
DQA1	classical_II	True	0	0	True	765	
DQA2	class_II_paralog	True	0	0	True	768	
DQB1	classical_II	True	0	0	True	786	
DQB2	class_II_paralog	True	0	0	True	807	
DRA	class_II_accessory	True	0	0	True	765	
DRB1	classical_II	True	0	0	True	801	
DRB4	class_II_paralog	True	0	0	True	801	
E	nonclassical_I	True	0	0	True	1077	
F	nonclassical_I	True	0	0	True	1041	
G	nonclassical_I	True	0	0	True	1017	
H	pseudogene_I	False	20	17	False	1097	1096.0
J	pseudogene_I	True	0	0	True	1095	
K	pseudogene_I	False	19	18	True	1093	1093.0
L	pseudogene_I	True	0	0	True	1096	
MICA	mic_tap	True	0	0	True	1156	
MICB	mic_tap	False	2	2	True	1152	1152.0
N	pseudogene_I	True	0	0	True	161	
P	pseudogene_I	True	0	0	True	735	
S	pseudogene_I	True	0	0	True	266	
T	pseudogene_I	False	9	9	True	459	459.0
TAP1	mic_tap	True	0	0	True	2247	
TAP2	mic_tap	True	0	0	True	2112	
U	pseudogene_I	False	6	6	True	196	196.0
V	pseudogene_I	True	0	0	True	516	
W	pseudogene_I	True	0	0	True	936	
A	classical_I	True	0	0	True	1098	
B	classical_I	True	0	0	True	1089	
C	classical_I	True	0	0	True	1101	
DMA	class_II_accessory	True	0	0	True	786	
DMB	class_II_accessory	True	0	0	True	792	
DOA	class_II_accessory	True	0	0	True	753	
DOB	class_II_accessory	True	0	0	True	822	
DPA1	classical_II	True	0	0	True	783	
DPA2	class_II_paralog	True	0	0	True	733	
DPB1	classical_II	True	0	0	True	777	
DPB2	class_II_paralog	True	0	0	True	776	
DQA1	classical_II	True	0	0	True	765	
DQA2	class_II_paralog	True	0	0	True	768	
DQB1	classical_II	True	0	0	True	786	
DQB2	class_II_paralog	True	0	0	True	807	
DRA	class_II_accessory	True	0	0	True	765	
DRB1	classical_II	True	0	0	True	801	
DRB3	class_II_paralog	True	0	0	True	801	
E	nonclassical_I	True	0	0	True	1077	
F	nonclassical_I	True	0	0	True	1041	
G	nonclassical_I	True	0	0	True	1017	
H	pseudogene_I	True	0	0	True	1096	
J	pseudogene_I	True	0	0	True	1096	
K	pseudogene_I	True	0	0	True	1093	
L	pseudogene_I	True	0	0	True	1096	
MICA	mic_tap	False	5	5	False	1155	1156.0
MICB	mic_tap	True	0	0	True	1152	
N	pseudogene_I	True	0	0	True	161	
P	pseudogene_I	True	0	0	True	735	
S	pseudogene_I	True	0	0	True	266	
T	pseudogene_I	True	0	0	True	459	
TAP1	mic_tap	True	0	0	True	2247	
TAP2	mic_tap	False	1	1	True	2061	2061.0
U	pseudogene_I	True	0	0	True	196	
V	pseudogene_I	True	0	0	True	516	
W	pseudogene_I	True	0	0	True	936	
A	classical_I	False	1	1	False	1097	1098.0
B	classical_I	True	0	0	True	1089	
C	classical_I	True	0	0	True	1101	
DMA	class_II_accessory	True	0	0	True	786	
DMB	class_II_accessory	True	0	0	True	792	
DOA	class_II_accessory	True	0	0	True	753	
DOB	class_II_accessory	True	0	0	True	822	
DPA1	classical_II	True	0	0	True	783	
DPA2	class_II_paralog	True	0	0	True	733	
DPB1	classical_II	True	0	0	True	777	
DPB2	class_II_paralog	True	0	0	True	776	
DQA1	classical_II	True	0	0	True	768	
DQA2	class_II_paralog	True	0	0	True	768	
DQB1	classical_II	True	0	0	True	786	
DQB2	class_II_paralog	True	0	0	True	807	
DRA	class_II_accessory	True	0	0	True	765	
DRB1	classical_II	True	0	0	True	801	
DRB3	class_II_paralog	True	0	0	True	801	
E	nonclassical_I	True	0	0	True	1077	
F	nonclassical_I	True	0	0	True	1041	
G	nonclassical_I	True	0	0	True	1017	
H	pseudogene_I	True	0	0	True	1096	
J	pseudogene_I	True	0	0	True	1095	
K	pseudogene_I	True	0	0	True	1093	
L	pseudogene_I	True	0	0	True	1096	
MICA	mic_tap	True	0	0	True	1155	
MICB	mic_tap	True	0	0	True	1152	
N	pseudogene_I	True	0	0	True	161	
P	pseudogene_I	True	0	0	True	732	
S	pseudogene_I	True	0	0	True	266	
T	pseudogene_I	True	0	0	True	459	
TAP1	mic_tap	True	0	0	True	2247	
TAP2	mic_tap	True	0	0	True	2061	
U	pseudogene_I	True	0	0	True	196	
V	pseudogene_I	True	0	0	True	517	
W	pseudogene_I	True	0	0	True	936	
A	classical_I	True	0	0	True	1098	
B	classical_I	True	0	0	True	1089	
C	classical_I	True	0	0	True	1101	
DMA	class_II_accessory	True	0	0	True	786	
DMB	class_II_accessory	True	0	0	True	792	
DOA	class_II_accessory	True	0	0	True	753	
DOB	class_II_accessory	True	0	0	True	822	
DPA1	classical_II	True	0	0	True	783	
DPA2	class_II_paralog	True	0	0	True	733	
DPB1	classical_II	True	0	0	True	777	
DPB2	class_II_paralog	True	0	0	True	776	
DQA1	classical_II	True	0	0	True	765	
DQA2	class_II_paralog	True	0	0	True	768	
DQB1	classical_II	True	0	0	True	786	
DQB2	class_II_paralog	True	0	0	True	807	
DRA	class_II_accessory	True	0	0	True	765	
DRB1	classical_II	True	0	0	True	801	
DRB4	class_II_paralog	True	0	0	True	801	
E	nonclassical_I	True	0	0	True	1077	
F	nonclassical_I	False	1	1	False	1041	1042.0
G	nonclassical_I	True	0	0	True	1017	
H	pseudogene_I	True	0	0	True	1096	
J	pseudogene_I	True	0	0	True	1095	
K	pseudogene_I	True	0	0	True	1092	
L	pseudogene_I	True	0	0	True	1094	
MICA	mic_tap	True	0	0	True	1158	
MICB	mic_tap	True	0	0	True	1152	
N	pseudogene_I	True	0	0	True	161	
P	pseudogene_I	True	0	0	True	732	
S	pseudogene_I	True	0	0	True	266	
T	pseudogene_I	True	0	0	True	459	
TAP1	mic_tap	True	0	0	True	2247	
TAP2	mic_tap	True	0	0	True	2061	
U	pseudogene_I	True	0	0	True	196	
V	pseudogene_I	True	0	0	True	517	
W	pseudogene_I	True	0	0	True	938	
Y	pseudogene_I	True	0	0	True	824	
A	classical_I	True	0	0	True	1098	
B	classical_I	True	0	0	True	1089	
C	classical_I	True	0	0	True	1101	
DMA	class_II_accessory	True	0	0	True	786	
DMB	class_II_accessory	True	0	0	True	792	
DOA	class_II_accessory	True	0	0	True	753	
DOB	class_II_accessory	True	0	0	True	822	
DPA1	classical_II	True	0	0	True	783	
DPA2	class_II_paralog	True	0	0	True	733	
DPB1	classical_II	True	0	0	True	777	
DPB2	class_II_paralog	True	0	0	True	776	
DQA1	classical_II	True	0	0	True	765	
DQA2	class_II_paralog	True	0	0	True	768	
DQB1	classical_II	True	0	0	True	786	
DQB2	class_II_paralog	True	0	0	True	807	
DRA	class_II_accessory	True	0	0	True	765	
DRB1	classical_II	True	0	0	True	801	
DRB4	class_II_paralog	True	0	0	True	801	
E	nonclassical_I	True	0	0	True	1077	
F	nonclassical_I	True	0	0	True	1041	
G	nonclassical_I	True	0	0	True	1017	
H	pseudogene_I	True	0	0	True	1096	
HFE	other	True	0	0	True	1047	
J	pseudogene_I	True	0	0	True	1095	
K	pseudogene_I	True	0	0	True	1092	
L	pseudogene_I	True	0	0	True	1094	
MICA	mic_tap	True	0	0	True	1158	
MICB	mic_tap	True	0	0	True	1152	
N	pseudogene_I	True	0	0	True	161	
P	pseudogene_I	True	0	0	True	732	
S	pseudogene_I	True	0	0	True	266	
T	pseudogene_I	True	0	0	True	459	
TAP1	mic_tap	True	0	0	True	2247	
TAP2	mic_tap	True	0	0	True	2061	
U	pseudogene_I	True	0	0	True	196	
V	pseudogene_I	True	0	0	True	517	
W	pseudogene_I	True	0	0	True	938	
Y	pseudogene_I	True	0	0	True	824	
A	classical_I	True	0	0	True	1098	
B	classical_I	True	0	0	True	1089	
C	classical_I	True	0	0	True	1101	
DMA	class_II_accessory	True	0	0	True	786	
DMB	class_II_accessory	True	0	0	True	792	
DOA	class_II_accessory	True	0	0	True	753	
DOB	class_II_accessory	True	0	0	True	822	
DPA1	classical_II	True	0	0	True	783	
DPA2	class_II_paralog	True	0	0	True	733	
DPB1	classical_II	True	0	0	True	777	
DPB2	class_II_paralog	True	0	0	True	776	
DQA1	classical_II	True	0	0	True	768	
DQA2	class_II_paralog	True	0	0	True	768	
DQB1	classical_II	True	0	0	True	786	
DQB2	class_II_paralog	True	0	0	True	807	
DRA	class_II_accessory	True	0	0	True	765	
DRB1	classical_II	True	0	0	True	801	
DRB4	class_II_paralog	True	0	0	True	801	
E	nonclassical_I	True	0	0	True	1077	
F	nonclassical_I	True	0	0	True	1041	
G	nonclassical_I	True	0	0	True	1017	
H	pseudogene_I	True	0	0	True	1096	
J	pseudogene_I	True	0	0	True	1095	
K	pseudogene_I	True	0	0	True	1093	
L	pseudogene_I	True	0	0	True	1096	
MICA	mic_tap	True	0	0	True	1158	
MICB	mic_tap	False	1	1	False	1151	1152.0
N	pseudogene_I	True	0	0	True	161	
P	pseudogene_I	True	0	0	True	735	
S	pseudogene_I	True	0	0	True	266	
T	pseudogene_I	True	0	0	True	459	
TAP1	mic_tap	True	0	0	True	2247	
TAP2	mic_tap	True	0	0	True	2061	
U	pseudogene_I	True	0	0	True	196	
V	pseudogene_I	True	0	0	True	516	
W	pseudogene_I	False	1	1	False	938	939.0
A	classical_I	True	0	0	True	1098	
B	classical_I	True	0	0	True	1089	
C	classical_I	True	0	0	True	1101	
DMA	class_II_accessory	True	0	0	True	786	
DMB	class_II_accessory	True	0	0	True	792	
DOA	class_II_accessory	True	0	0	True	753	
DOB	class_II_accessory	True	0	0	True	822	
DPA1	classical_II	True	0	0	True	783	
DPA2	class_II_paralog	True	0	0	True	733	
DPB1	classical_II	True	0	0	True	777	
DPB2	class_II_paralog	True	0	0	True	776	
DQA1	classical_II	True	0	0	True	765	
DQA2	class_II_paralog	True	0	0	True	768	
DQB1	classical_II	True	0	0	True	786	
DQB2	class_II_paralog	True	0	0	True	807	
DRA	class_II_accessory	True	0	0	True	765	
DRB1	classical_II	True	0	0	True	801	
DRB3	class_II_paralog	True	0	0	True	801	
E	nonclassical_I	True	0	0	True	1077	
F	nonclassical_I	True	0	0	True	1041	
G	nonclassical_I	True	0	0	True	1017	
H	pseudogene_I	True	0	0	True	1096	
J	pseudogene_I	True	0	0	True	1095	
K	pseudogene_I	True	0	0	True	1095	
L	pseudogene_I	True	0	0	True	1094	
MICA	mic_tap	True	0	0	True	1167	
MICB	mic_tap	True	0	0	True	1152	
N	pseudogene_I	True	0	0	True	161	
P	pseudogene_I	True	0	0	True	732	
S	pseudogene_I	True	0	0	True	266	
T	pseudogene_I	True	0	0	True	459	
TAP1	mic_tap	True	0	0	True	2247	
TAP2	mic_tap	True	0	0	True	2061	
U	pseudogene_I	True	0	0	True	196	
V	pseudogene_I	True	0	0	True	517	
W	pseudogene_I	True	0	0	True	938	
A	classical_I	True	0	0	True	1098	
B	classical_I	True	0	0	True	1089	
C	classical_I	True	0	0	True	1101	
DMA	class_II_accessory	True	0	0	True	786	
DMB	class_II_accessory	True	0	0	True	792	
DOA	class_II_accessory	True	0	0	True	753	
DOB	class_II_accessory	True	0	0	True	822	
DPA1	classical_II	True	0	0	True	783	
DPA2	class_II_paralog	True	0	0	True	733	
DPB1	classical_II	True	0	0	True	777	
DPB2	class_II_paralog	True	0	0	True	776	
DQA1	classical_II	True	0	0	True	768	
DQA2	class_II_paralog	True	0	0	True	768	
DQB1	classical_II	True	0	0	True	786	
DQB2	class_II_paralog	True	0	0	True	807	
DRA	class_II_accessory	True	0	0	True	765	
DRB1	classical_II	True	0	0	True	801	
DRB4	class_II_paralog	True	0	0	True	801	
E	nonclassical_I	True	0	0	True	1077	
F	nonclassical_I	True	0	0	True	1041	
G	nonclassical_I	True	0	0	True	1017	
H	pseudogene_I	True	0	0	True	1096	
HFE	other	True	0	0	True	1047	
J	pseudogene_I	True	0	0	True	1088	
K	pseudogene_I	True	0	0	True	1095	
L	pseudogene_I	True	0	0	True	1094	
MICA	mic_tap	True	0	0	True	1167	
MICB	mic_tap	True	0	0	True	1152	
N	pseudogene_I	True	0	0	True	161	
P	pseudogene_I	True	0	0	True	732	
S	pseudogene_I	True	0	0	True	266	
T	pseudogene_I	True	0	0	True	459	
TAP1	mic_tap	True	0	0	True	2247	
TAP2	mic_tap	True	0	0	True	2112	
U	pseudogene_I	True	0	0	True	196	
V	pseudogene_I	True	0	0	True	517	
W	pseudogene_I	True	0	0	True	938	
Y	pseudogene_I	True	0	0	True	824	
A	classical_I	True	0	0	True	1098	
B	classical_I	True	0	0	True	1089	
C	classical_I	True	0	0	True	1101	
DMA	class_II_accessory	True	0	0	True	786	
DMB	class_II_accessory	True	0	0	True	792	
DOA	class_II_accessory	True	0	0	True	753	
DOB	class_II_accessory	True	0	0	True	822	
DPA1	classical_II	True	0	0	True	783	
DPA2	class_II_paralog	True	0	0	True	733	
DPB1	classical_II	True	0	0	True	777	
DPB2	class_II_paralog	True	0	0	True	776	
DQA1	classical_II	True	0	0	True	765	
DQA2	class_II_paralog	True	0	0	True	768	
DQB1	classical_II	True	0	0	True	786	
DQB2	class_II_paralog	True	0	0	True	807	
DRA	class_II_accessory	True	0	0	True	765	
DRB1	classical_II	True	0	0	True	801	
DRB3	class_II_paralog	True	0	0	True	801	
E	nonclassical_I	True	0	0	True	1077	
F	nonclassical_I	True	0	0	True	1041	
G	nonclassical_I	True	0	0	True	1017	
H	pseudogene_I	True	0	0	True	1096	
J	pseudogene_I	True	0	0	True	1095	
K	pseudogene_I	True	0	0	True	1095	
L	pseudogene_I	True	0	0	True	1096	
MICA	mic_tap	True	0	0	True	1156	
MICB	mic_tap	True	0	0	True	1152	
N	pseudogene_I	True	0	0	True	161	
P	pseudogene_I	True	0	0	True	732	
S	pseudogene_I	True	0	0	True	266	
T	pseudogene_I	True	0	0	True	459	
TAP1	mic_tap	True	0	0	True	2247	
TAP2	mic_tap	True	0	0	True	2061	
U	pseudogene_I	True	0	0	True	196	
V	pseudogene_I	True	0	0	True	517	
W	pseudogene_I	True	0	0	True	938	
A	classical_I	True	0	0	True	1098	
B	classical_I	True	0	0	True	1089	
C	classical_I	True	0	0	True	1101	
DMA	class_II_accessory	True	0	0	True	786	
DMB	class_II_accessory	True	0	0	True	792	
DOA	class_II_accessory	True	0	0	True	753	
DOB	class_II_accessory	True	0	0	True	822	
DPA1	classical_II	True	0	0	True	783	
DPA2	class_II_paralog	True	0	0	True	733	
DPB1	classical_II	True	0	0	True	777	
DPB2	class_II_paralog	True	0	0	True	776	
DQA1	classical_II	True	0	0	True	768	
DQA2	class_II_paralog	True	0	0	True	768	
DQB1	classical_II	True	0	0	True	786	
DQB2	class_II_paralog	True	0	0	True	807	
DRA	class_II_accessory	True	0	0	True	765	
DRB1	classical_II	True	0	0	True	801	
DRB5	class_II_paralog	True	0	0	True	801	
E	nonclassical_I	True	0	0	True	1077	
F	nonclassical_I	True	0	0	True	1041	
G	nonclassical_I	True	0	0	True	1017	
H	pseudogene_I	True	0	0	True	1096	
J	pseudogene_I	True	0	0	True	1095	
K	pseudogene_I	True	0	0	True	1092	
L	pseudogene_I	True	0	0	True	1096	
MICA	mic_tap	True	0	0	True	1158	
MICB	mic_tap	True	0	0	True	1152	
N	pseudogene_I	True	0	0	True	161	
P	pseudogene_I	True	0	0	True	735	
S	pseudogene_I	True	0	0	True	266	
T	pseudogene_I	True	0	0	True	459	
TAP1	mic_tap	True	0	0	True	2247	
TAP2	mic_tap	True	0	0	True	2061	
U	pseudogene_I	True	0	0	True	196	
V	pseudogene_I	True	0	0	True	538	
W	pseudogene_I	True	0	0	True	936	
A	classical_I	True	0	0	True	1098	
B	classical_I	True	0	0	True	1089	
C	classical_I	True	0	0	True	1101	
DMA	class_II_accessory	True	0	0	True	786	
DMB	class_II_accessory	True	0	0	True	792	
DOA	class_II_accessory	True	0	0	True	753	
DOB	class_II_accessory	True	0	0	True	822	
DPA1	classical_II	True	0	0	True	783	
DPA2	class_II_paralog	True	0	0	True	733	
DPB1	classical_II	True	0	0	True	777	
DPB2	class_II_paralog	True	0	0	True	776	
DQA1	classical_II	True	0	0	True	765	
DQA2	class_II_paralog	True	0	0	True	768	
DQB1	classical_II	True	0	0	True	786	
DQB2	class_II_paralog	True	0	0	True	807	
DRA	class_II_accessory	True	0	0	True	765	
DRB1	classical_II	True	0	0	True	801	
DRB4	class_II_paralog	True	0	0	True	784	
E	nonclassical_I	True	0	0	True	1077	
F	nonclassical_I	True	0	0	True	1041	
G	nonclassical_I	False	1	1	True	1017	1017.0
H	pseudogene_I	True	0	0	True	1096	
J	pseudogene_I	True	0	0	True	1095	
K	pseudogene_I	True	0	0	True	1095	
L	pseudogene_I	True	0	0	True	1096	
MICA	mic_tap	True	0	0	True	1166	
MICB	mic_tap	True	0	0	True	1152	
N	pseudogene_I	True	0	0	True	161	
P	pseudogene_I	True	0	0	True	732	
S	pseudogene_I	True	0	0	True	266	
T	pseudogene_I	True	0	0	True	459	
TAP1	mic_tap	True	0	0	True	2247	
TAP2	mic_tap	True	0	0	True	2061	
U	pseudogene_I	True	0	0	True	196	
V	pseudogene_I	True	0	0	True	517	
W	pseudogene_I	True	0	0	True	938	
A	classical_I	True	0	0	True	1098	
B	classical_I	True	0	0	True	1089	
C	classical_I	True	0	0	True	1101	
DMA	class_II_accessory	True	0	0	True	786	
DMB	class_II_accessory	True	0	0	True	792	
DOA	class_II_accessory	True	0	0	True	753	
DOB	class_II_accessory	True	0	0	True	822	
DPA1	classical_II	True	0	0	True	783	
DPA2	class_II_paralog	True	0	0	True	733	
DPB1	classical_II	True	0	0	True	777	
DPB2	class_II_paralog	True	0	0	True	776	
DQA1	classical_II	True	0	0	True	768	
DQA2	class_II_paralog	True	0	0	True	768	
DQB1	classical_II	True	0	0	True	786	
DQB2	class_II_paralog	True	0	0	True	807	
DRA	class_II_accessory	True	0	0	True	765	
DRB1	classical_II	True	0	0	True	801	
DRB3	class_II_paralog	True	0	0	True	801	
E	nonclassical_I	True	0	0	True	1077	
F	nonclassical_I	True	0	0	True	1041	
G	nonclassical_I	True	0	0	True	1017	
H	pseudogene_I	True	0	0	True	1096	
J	pseudogene_I	True	0	0	True	1095	
K	pseudogene_I	True	0	0	True	1093	
L	pseudogene_I	True	0	0	True	1094	
MICA	mic_tap	True	0	0	True	1158	
MICB	mic_tap	True	0	0	True	1152	
N	pseudogene_I	True	0	0	True	161	
P	pseudogene_I	True	0	0	True	735	
S	pseudogene_I	True	0	0	True	266	
T	pseudogene_I	True	0	0	True	459	
TAP1	mic_tap	True	0	0	True	2247	
TAP2	mic_tap	False	1	1	False	2060	2061.0
U	pseudogene_I	True	0	0	True	196	
V	pseudogene_I	True	0	0	True	538	
W	pseudogene_I	True	0	0	True	923	
A	classical_I	True	0	0	True	1098	
B	classical_I	True	0	0	True	1089	
C	classical_I	True	0	0	True	1101	
DMA	class_II_accessory	True	0	0	True	786	
DMB	class_II_accessory	True	0	0	True	792	
DOA	class_II_accessory	True	0	0	True	753	
DOB	class_II_accessory	True	0	0	True	822	
DPA1	classical_II	True	0	0	True	783	
DPA2	class_II_paralog	True	0	0	True	733	
DPB1	classical_II	True	0	0	True	777	
DPB2	class_II_paralog	True	0	0	True	776	
DQA1	classical_II	True	0	0	True	768	
DQA2	class_II_paralog	True	0	0	True	768	
DQB1	classical_II	True	0	0	True	786	
DQB2	class_II_paralog	True	0	0	True	807	
DRA	class_II_accessory	True	0	0	True	765	
DRB1	classical_II	True	0	0	True	801	
DRB5	class_II_paralog	True	0	0	True	801	
E	nonclassical_I	True	0	0	True	1077	
F	nonclassical_I	True	0	0	True	1041	
G	nonclassical_I	True	0	0	True	1017	
H	pseudogene_I	True	0	0	True	1104	
J	pseudogene_I	True	0	0	True	1095	
K	pseudogene_I	True	0	0	True	1092	
L	pseudogene_I	True	0	0	True	1096	
MICA	mic_tap	True	0	0	True	1156	
MICB	mic_tap	False	2	2	True	1152	1152.0
N	pseudogene_I	True	0	0	True	161	
P	pseudogene_I	True	0	0	True	735	
S	pseudogene_I	True	0	0	True	266	
T	pseudogene_I	True	0	0	True	459	
TAP1	mic_tap	True	0	0	True	2247	
TAP2	mic_tap	True	0	0	True	2061	
U	pseudogene_I	True	0	0	True	196	
V	pseudogene_I	True	0	0	True	538	
W	pseudogene_I	True	0	0	True	936	
A	classical_I	True	0	0	True	1098	
B	classical_I	True	0	0	True	1089	
C	classical_I	True	0	0	True	1101	
DMA	class_II_accessory	True	0	0	True	786	
DMB	class_II_accessory	True	0	0	True	792	
DOA	class_II_accessory	True	0	0	True	753	
DOB	class_II_accessory	True	0	0	True	822	
DPA1	classical_II	True	0	0	True	783	
DPA2	class_II_paralog	True	0	0	True	733	
DPB1	classical_II	True	0	0	True	777	
DPB2	class_II_paralog	True	0	0	True	776	
DQA1	classical_II	True	0	0	True	768	
DQA2	class_II_paralog	True	0	0	True	768	
DQB1	classical_II	True	0	0	True	786	
DQB2	class_II_paralog	True	0	0	True	807	
DRA	class_II_accessory	True	0	0	True	765	
DRB1	classical_II	True	0	0	True	801	
DRB3	class_II_paralog	True	0	0	True	801	
DRB5	class_II_paralog	True	0	0	True	801	
E	nonclassical_I	True	0	0	True	1077	
F	nonclassical_I	True	0	0	True	1041	
G	nonclassical_I	True	0	0	True	1017	
H	pseudogene_I	True	0	0	True	1105	
J	pseudogene_I	True	0	0	True	1095	
K	pseudogene_I	True	0	0	True	1092	
L	pseudogene_I	True	0	0	True	1096	
MICA	mic_tap	True	0	0	True	1156	
MICB	mic_tap	True	0	0	True	1152	
N	pseudogene_I	True	0	0	True	161	
P	pseudogene_I	True	0	0	True	735	
S	pseudogene_I	True	0	0	True	266	
T	pseudogene_I	True	0	0	True	459	
TAP1	mic_tap	True	0	0	True	2247	
TAP2	mic_tap	True	0	0	True	2061	
U	pseudogene_I	True	0	0	True	196	
V	pseudogene_I	True	0	0	True	516	
W	pseudogene_I	True	0	0	True	923	
A	classical_I	True	0	0	True	1098	
B	classical_I	True	0	0	True	1089	
C	classical_I	True	0	0	True	1101	
DMA	class_II_accessory	True	0	0	True	786	
DMB	class_II_accessory	True	0	0	True	792	
DOA	class_II_accessory	True	0	0	True	753	
DOB	class_II_accessory	True	0	0	True	822	
DPA1	classical_II	True	0	0	True	783	
DPA2	class_II_paralog	True	0	0	True	733	
DPB1	classical_II	True	0	0	True	777	
DPB2	class_II_paralog	True	0	0	True	776	
DQA1	classical_II	True	0	0	True	765	
DQA2	class_II_paralog	True	0	0	True	768	
DQB1	classical_II	False	4	2	True	786	786.0
DQB2	class_II_paralog	True	0	0	True	807	
DRA	class_II_accessory	True	0	0	True	765	
DRB1	classical_II	True	0	0	True	801	
DRB4	class_II_paralog	True	0	0	True	801	
E	nonclassical_I	True	0	0	True	1077	
F	nonclassical_I	True	0	0	True	1041	
G	nonclassical_I	True	0	0	True	1017	
H	pseudogene_I	True	0	0	True	1096	
J	pseudogene_I	True	0	0	True	1095	
K	pseudogene_I	True	0	0	True	1095	
L	pseudogene_I	True	0	0	True	1096	
MICA	mic_tap	True	0	0	True	1167	
MICB	mic_tap	True	0	0	True	1152	
N	pseudogene_I	True	0	0	True	161	
P	pseudogene_I	True	0	0	True	735	
S	pseudogene_I	True	0	0	True	266	
T	pseudogene_I	True	0	0	True	459	
TAP1	mic_tap	True	0	0	True	2247	
TAP2	mic_tap	True	0	0	True	2112	
U	pseudogene_I	True	0	0	True	196	
V	pseudogene_I	True	0	0	True	538	
A	classical_I	True	0	0	True	1098	
B	classical_I	True	0	0	True	1089	
C	classical_I	True	0	0	True	1101	
DMA	class_II_accessory	True	0	0	True	786	
DMB	class_II_accessory	True	0	0	True	792	
DOA	class_II_accessory	True	0	0	True	753	
DOB	class_II_accessory	True	0	0	True	822	
DPA1	classical_II	True	0	0	True	783	
DPA2	class_II_paralog	True	0	0	True	733	
DPB1	classical_II	True	0	0	True	777	
DPB2	class_II_paralog	True	0	0	True	776	
DQA1	classical_II	True	0	0	True	768	
DQA2	class_II_paralog	True	0	0	True	768	
DQB1	classical_II	True	0	0	True	786	
DQB2	class_II_paralog	True	0	0	True	807	
DRA	class_II_accessory	True	0	0	True	765	
DRB1	classical_II	True	0	0	True	801	
DRB3	class_II_paralog	False	17	15	True	801	801.0
DRB5	class_II_paralog	True	0	0	True	801	
E	nonclassical_I	True	0	0	True	1077	
F	nonclassical_I	True	0	0	True	1041	
G	nonclassical_I	True	0	0	True	1017	
H	pseudogene_I	True	0	0	True	1096	
J	pseudogene_I	True	0	0	True	1095	
K	pseudogene_I	True	0	0	True	1093	
L	pseudogene_I	True	0	0	True	1096	
MICA	mic_tap	True	0	0	True	1158	
MICB	mic_tap	True	0	0	True	1152	
N	pseudogene_I	True	0	0	True	161	
P	pseudogene_I	True	0	0	True	735	
S	pseudogene_I	True	0	0	True	266	
T	pseudogene_I	True	0	0	True	459	
TAP1	mic_tap	True	0	0	True	2247	
TAP2	mic_tap	True	0	0	True	2061	
U	pseudogene_I	True	0	0	True	196	
V	pseudogene_I	True	0	0	True	538	
W	pseudogene_I	True	0	0	True	936	
A	classical_I	True	0	0	True	1098	
B	classical_I	True	0	0	True	1089	
C	classical_I	True	0	0	True	1101	
DMA	class_II_accessory	True	0	0	True	786	
DMB	class_II_accessory	True	0	0	True	792	
DOA	class_II_accessory	True	0	0	True	753	
DOB	class_II_accessory	True	0	0	True	822	
DPA1	classical_II	True	0	0	True	783	
DPA2	class_II_paralog	True	0	0	True	733	
DPB1	classical_II	True	0	0	True	777	
DPB2	class_II_paralog	True	0	0	True	776	
DQA1	classical_II	True	0	0	True	765	
DQA2	class_II_paralog	True	0	0	True	768	
DQB1	classical_II	True	0	0	True	786	
DQB2	class_II_paralog	True	0	0	True	807	
DRA	class_II_accessory	True	0	0	True	765	
DRB1	classical_II	True	0	0	True	801	
DRB3	class_II_paralog	True	0	0	True	801	
E	nonclassical_I	True	0	0	True	1077	
F	nonclassical_I	True	0	0	True	1041	
G	nonclassical_I	True	0	0	True	1017	
H	pseudogene_I	True	0	0	True	1096	
J	pseudogene_I	True	0	0	True	1095	
K	pseudogene_I	True	0	0	True	1092	
L	pseudogene_I	True	0	0	True	1094	
MICA	mic_tap	True	0	0	True	1152	
MICB	mic_tap	True	0	0	True	1152	
N	pseudogene_I	True	0	0	True	161	
P	pseudogene_I	True	0	0	True	735	
S	pseudogene_I	True	0	0	True	266	
T	pseudogene_I	True	0	0	True	459	
TAP1	mic_tap	True	0	0	True	2247	
TAP2	mic_tap	True	0	0	True	2061	
U	pseudogene_I	True	0	0	True	196	
V	pseudogene_I	True	0	0	True	538	
W	pseudogene_I	True	0	0	True	938	
A	classical_I	True	0	0	True	1098	
B	classical_I	True	0	0	True	1089	
C	classical_I	True	0	0	True	1101	
DMA	class_II_accessory	True	0	0	True	786	
DMB	class_II_accessory	True	0	0	True	792	
DOA	class_II_accessory	True	0	0	True	753	
DOB	class_II_accessory	True	0	0	True	822	
DPA1	classical_II	True	0	0	True	783	
DPA2	class_II_paralog	True	0	0	True	733	
DPB1	classical_II	True	0	0	True	777	
DPB2	class_II_paralog	True	0	0	True	776	
DQA1	classical_II	True	0	0	True	768	
DQA2	class_II_paralog	True	0	0	True	768	
DQB1	classical_II	True	0	0	True	786	
DQB2	class_II_paralog	True	0	0	True	807	
DRA	class_II_accessory	True	0	0	True	765	
DRB1	classical_II	True	0	0	True	801	
E	nonclassical_I	True	0	0	True	1077	
F	nonclassical_I	True	0	0	True	1041	
G	nonclassical_I	True	0	0	True	1017	
H	pseudogene_I	True	0	0	True	1096	
J	pseudogene_I	True	0	0	True	1095	
K	pseudogene_I	True	0	0	True	1093	
L	pseudogene_I	True	0	0	True	1096	
MICA	mic_tap	True	0	0	True	1152	
MICB	mic_tap	True	0	0	True	1152	
N	pseudogene_I	True	0	0	True	161	
P	pseudogene_I	True	0	0	True	732	
S	pseudogene_I	True	0	0	True	266	
T	pseudogene_I	True	0	0	True	459	
TAP1	mic_tap	True	0	0	True	2247	
TAP2	mic_tap	True	0	0	True	2061	
U	pseudogene_I	True	0	0	True	196	
V	pseudogene_I	True	0	0	True	517	
W	pseudogene_I	True	0	0	True	936	
A	classical_I	True	0	0	True	1098	
B	classical_I	True	0	0	True	1089	
C	classical_I	True	0	0	True	1101	
DMA	class_II_accessory	True	0	0	True	786	
DMB	class_II_accessory	True	0	0	True	792	
DOA	class_II_accessory	True	0	0	True	753	
DOB	class_II_accessory	True	0	0	True	822	
DPA1	classical_II	True	0	0	True	783	
DPA2	class_II_paralog	True	0	0	True	733	
DPB1	classical_II	True	0	0	True	777	
DPB2	class_II_paralog	True	0	0	True	776	
DQA1	classical_II	True	0	0	True	765	
DQA2	class_II_paralog	True	0	0	True	768	
DQB1	classical_II	True	0	0	True	786	
DQB2	class_II_paralog	True	0	0	True	807	
DRA	class_II_accessory	True	0	0	True	765	
DRB1	classical_II	True	0	0	True	801	
DRB3	class_II_paralog	True	0	0	True	801	
E	nonclassical_I	True	0	0	True	1077	
F	nonclassical_I	True	0	0	True	1041	
G	nonclassical_I	True	0	0	True	1016	
H	pseudogene_I	True	0	0	True	1096	
J	pseudogene_I	False	1	1	False	1088	1089.0
K	pseudogene_I	True	0	0	True	1092	
L	pseudogene_I	True	0	0	True	1096	
MICA	mic_tap	True	0	0	True	1158	
MICB	mic_tap	True	0	0	True	1152	
N	pseudogene_I	True	0	0	True	161	
P	pseudogene_I	True	0	0	True	732	
S	pseudogene_I	True	0	0	True	266	
T	pseudogene_I	True	0	0	True	459	
TAP1	mic_tap	False	1	1	False	2246	2247.0
TAP2	mic_tap	True	0	0	True	2061	
U	pseudogene_I	True	0	0	True	196	
V	pseudogene_I	True	0	0	True	516	
W	pseudogene_I	True	0	0	True	923	
Y	pseudogene_I	True	0	0	True	824	
A	classical_I	True	0	0	True	1098	
B	classical_I	False	4	4	False	1089	1087.0
C	classical_I	False	2	2	False	1101	1099.0
DMA	class_II_accessory	True	0	0	True	786	
DMB	class_II_accessory	True	0	0	True	792	
DOA	class_II_accessory	True	0	0	True	753	
DOB	class_II_accessory	True	0	0	True	822	
DPA1	classical_II	True	0	0	True	783	
DPA2	class_II_paralog	True	0	0	True	733	
DPB1	classical_II	True	0	0	True	777	
DPB2	class_II_paralog	True	0	0	True	776	
DQA1	classical_II	True	0	0	True	765	
DQA2	class_II_paralog	True	0	0	True	768	
DQB1	classical_II	True	0	0	True	786	
DQB2	class_II_paralog	False	1	1	True	807	807.0
DRA	class_II_accessory	True	0	0	True	765	
DRB1	classical_II	True	0	0	True	801	
DRB4	class_II_paralog	False	353	1	False	784	431.0
E	nonclassical_I	True	0	0	True	1077	
F	nonclassical_I	True	0	0	True	1041	
G	nonclassical_I	True	0	0	True	1017	
H	pseudogene_I	True	0	0	True	1096	
J	pseudogene_I	True	0	0	True	1095	
K	pseudogene_I	True	0	0	True	1093	
L	pseudogene_I	True	0	0	True	1096	
MICA	mic_tap	False	2	2	False	1168	1166.0
MICB	mic_tap	True	0	0	True	1152	
N	pseudogene_I	True	0	0	True	161	
P	pseudogene_I	True	0	0	True	735	
S	pseudogene_I	True	0	0	True	266	
T	pseudogene_I	True	0	0	True	459	
TAP1	mic_tap	True	0	0	True	2247	
TAP2	mic_tap	False	1	1	True	2061	2061.0
U	pseudogene_I	True	0	0	True	196	
V	pseudogene_I	True	0	0	True	538	
W	pseudogene_I	True	0	0	True	936	
A	classical_I	True	0	0	True	1098	
B	classical_I	True	0	0	True	1089	
C	classical_I	True	0	0	True	1101	
DMA	class_II_accessory	True	0	0	True	786	
DMB	class_II_accessory	True	0	0	True	792	
DOA	class_II_accessory	True	0	0	True	753	
DOB	class_II_accessory	True	0	0	True	822	
DPA1	classical_II	True	0	0	True	783	
DPA2	class_II_paralog	True	0	0	True	733	
DPB1	classical_II	True	0	0	True	777	
DPB2	class_II_paralog	True	0	0	True	776	
DQA1	classical_II	True	0	0	True	765	
DQA2	class_II_paralog	True	0	0	True	768	
DQB1	classical_II	True	0	0	True	786	
DQB2	class_II_paralog	True	0	0	True	807	
DRA	class_II_accessory	True	0	0	True	765	
DRB1	classical_II	True	0	0	True	801	
DRB4	class_II_paralog	True	0	0	True	801	
E	nonclassical_I	True	0	0	True	1077	
F	nonclassical_I	True	0	0	True	1041	
G	nonclassical_I	True	0	0	True	1017	
H	pseudogene_I	True	0	0	True	1097	
J	pseudogene_I	True	0	0	True	1088	
K	pseudogene_I	True	0	0	True	1095	
L	pseudogene_I	True	0	0	True	1094	
MICA	mic_tap	True	0	0	True	1167	
MICB	mic_tap	True	0	0	True	1152	
N	pseudogene_I	True	0	0	True	161	
P	pseudogene_I	True	0	0	True	735	
S	pseudogene_I	True	0	0	True	266	
T	pseudogene_I	True	0	0	True	459	
TAP1	mic_tap	True	0	0	True	2247	
TAP2	mic_tap	True	0	0	True	2061	
U	pseudogene_I	True	0	0	True	196	
V	pseudogene_I	True	0	0	True	517	
W	pseudogene_I	True	0	0	True	938	
Y	pseudogene_I	True	0	0	True	824	
A	classical_I	True	0	0	True	1098	
B	classical_I	True	0	0	True	1089	
C	classical_I	True	0	0	True	1101	
DMA	class_II_accessory	True	0	0	True	786	
DMB	class_II_accessory	True	0	0	True	792	
DOA	class_II_accessory	True	0	0	True	753	
DOB	class_II_accessory	True	0	0	True	822	
DPA1	classical_II	True	0	0	True	783	
DPA2	class_II_paralog	False	1	1	True	733	733.0
DPB1	classical_II	False	4	4	True	777	777.0
DPB2	class_II_paralog	True	0	0	True	776	
DQA1	classical_II	True	0	0	True	765	
DQA2	class_II_paralog	True	0	0	True	768	
DQB1	classical_II	True	0	0	True	786	
DQB2	class_II_paralog	True	0	0	True	807	
DRA	class_II_accessory	True	0	0	True	765	
DRB1	classical_II	True	0	0	True	801	
DRB3	class_II_paralog	True	0	0	True	801	
E	nonclassical_I	True	0	0	True	1077	
F	nonclassical_I	True	0	0	True	1041	
G	nonclassical_I	True	0	0	True	1017	
H	pseudogene_I	True	0	0	True	1096	
J	pseudogene_I	True	0	0	True	1095	
K	pseudogene_I	True	0	0	True	1093	
L	pseudogene_I	True	0	0	True	1096	
MICA	mic_tap	True	0	0	True	1156	
MICB	mic_tap	True	0	0	True	1152	
N	pseudogene_I	True	0	0	True	161	
P	pseudogene_I	True	0	0	True	732	
S	pseudogene_I	True	0	0	True	266	
T	pseudogene_I	True	0	0	True	459	
TAP1	mic_tap	True	0	0	True	2247	
TAP2	mic_tap	True	0	0	True	2061	
U	pseudogene_I	True	0	0	True	196	
V	pseudogene_I	True	0	0	True	517	
W	pseudogene_I	True	0	0	True	936	
A	classical_I	True	0	0	True	1098	
B	classical_I	True	0	0	True	1089	
C	classical_I	True	0	0	True	1101	
DMA	class_II_accessory	True	0	0	True	786	
DMB	class_II_accessory	True	0	0	True	792	
DOA	class_II_accessory	True	0	0	True	753	
DOB	class_II_accessory	True	0	0	True	822	
DPA1	classical_II	True	0	0	True	783	
DPA2	class_II_paralog	True	0	0	True	733	
DPB1	classical_II	True	0	0	True	777	
DPB2	class_II_paralog	True	0	0	True	776	
DQA1	classical_II	True	0	0	True	765	
DQA2	class_II_paralog	True	0	0	True	768	
DQB1	classical_II	True	0	0	True	786	
DQB2	class_II_paralog	True	0	0	True	807	
DRA	class_II_accessory	True	0	0	True	765	
DRB1	classical_II	True	0	0	True	801	
DRB3	class_II_paralog	True	0	0	True	801	
E	nonclassical_I	True	0	0	True	1077	
F	nonclassical_I	True	0	0	True	1041	
G	nonclassical_I	True	0	0	True	1017	
H	pseudogene_I	True	0	0	True	1096	
J	pseudogene_I	True	0	0	True	1095	
K	pseudogene_I	True	0	0	True	1093	
L	pseudogene_I	True	0	0	True	1096	
MICA	mic_tap	True	0	0	True	1156	
MICB	mic_tap	True	0	0	True	1152	
N	pseudogene_I	True	0	0	True	161	
P	pseudogene_I	True	0	0	True	732	
S	pseudogene_I	True	0	0	True	266	
T	pseudogene_I	True	0	0	True	459	
TAP1	mic_tap	True	0	0	True	2247	
TAP2	mic_tap	True	0	0	True	2061	
U	pseudogene_I	True	0	0	True	196	
V	pseudogene_I	True	0	0	True	517	
W	pseudogene_I	True	0	0	True	936	
A	classical_I	True	0	0	True	1098	
B	classical_I	True	0	0	True	1089	
C	classical_I	True	0	0	True	1101	
DMA	class_II_accessory	True	0	0	True	786	
DMB	class_II_accessory	True	0	0	True	792	
DOA	class_II_accessory	True	0	0	True	753	
DOB	class_II_accessory	True	0	0	True	822	
DPA1	classical_II	True	0	0	True	783	
DPA2	class_II_paralog	True	0	0	True	733	
DPB1	classical_II	True	0	0	True	777	
DPB2	class_II_paralog	True	0	0	True	776	
DQA1	classical_II	True	0	0	True	768	
DQA2	class_II_paralog	True	0	0	True	768	
DQB1	classical_II	True	0	0	True	786	
DQB2	class_II_paralog	True	0	0	True	807	
DRA	class_II_accessory	True	0	0	True	765	
DRB1	classical_II	True	0	0	True	801	
DRB3	class_II_paralog	True	0	0	True	801	
E	nonclassical_I	True	0	0	True	1077	
F	nonclassical_I	True	0	0	True	1041	
G	nonclassical_I	True	0	0	True	1017	
H	pseudogene_I	True	0	0	True	1096	
HFE	other	True	0	0	True	1047	
J	pseudogene_I	True	0	0	True	1095	
K	pseudogene_I	True	0	0	True	1094	
L	pseudogene_I	True	0	0	True	1094	
MICA	mic_tap	True	0	0	True	1156	
MICB	mic_tap	True	0	0	True	1152	
N	pseudogene_I	True	0	0	True	161	
P	pseudogene_I	True	0	0	True	735	
S	pseudogene_I	True	0	0	True	266	
T	pseudogene_I	True	0	0	True	459	
TAP1	mic_tap	True	0	0	True	2247	
TAP2	mic_tap	True	0	0	True	2061	
U	pseudogene_I	True	0	0	True	196	
V	pseudogene_I	True	0	0	True	538	
W	pseudogene_I	True	0	0	True	923	
A	classical_I	True	0	0	True	1098	
B	classical_I	True	0	0	True	1089	
C	classical_I	True	0	0	True	1101	
DMA	class_II_accessory	True	0	0	True	786	
DMB	class_II_accessory	True	0	0	True	792	
DOA	class_II_accessory	True	0	0	True	753	
DOB	class_II_accessory	True	0	0	True	822	
DPA1	classical_II	True	0	0	True	783	
DPA2	class_II_paralog	True	0	0	True	733	
DPB1	classical_II	True	0	0	True	777	
DPB2	class_II_paralog	True	0	0	True	776	
DQA1	classical_II	True	0	0	True	768	
DQA2	class_II_paralog	True	0	0	True	768	
DQB1	classical_II	True	0	0	True	786	
DQB2	class_II_paralog	True	0	0	True	807	
DRA	class_II_accessory	True	0	0	True	765	
DRB1	classical_II	True	0	0	True	801	
E	nonclassical_I	True	0	0	True	1077	
F	nonclassical_I	True	0	0	True	1041	
G	nonclassical_I	True	0	0	True	1017	
H	pseudogene_I	True	0	0	True	1096	
J	pseudogene_I	True	0	0	True	1095	
K	pseudogene_I	True	0	0	True	1094	
L	pseudogene_I	True	0	0	True	1094	
MICA	mic_tap	True	0	0	True	1158	
MICB	mic_tap	True	0	0	True	1152	
N	pseudogene_I	True	0	0	True	161	
P	pseudogene_I	True	0	0	True	735	
S	pseudogene_I	True	0	0	True	266	
T	pseudogene_I	True	0	0	True	459	
TAP1	mic_tap	True	0	0	True	2247	
TAP2	mic_tap	True	0	0	True	2061	
U	pseudogene_I	True	0	0	True	196	
V	pseudogene_I	True	0	0	True	538	
W	pseudogene_I	True	0	0	True	923	
A	classical_I	True	0	0	True	1098	
B	classical_I	True	0	0	True	1089	
C	classical_I	True	0	0	True	1101	
DMA	class_II_accessory	True	0	0	True	786	
DMB	class_II_accessory	True	0	0	True	792	
DOA	class_II_accessory	True	0	0	True	753	
DOB	class_II_accessory	True	0	0	True	822	
DPA1	classical_II	True	0	0	True	783	
DPA2	class_II_paralog	True	0	0	True	733	
DPB1	classical_II	True	0	0	True	777	
DPB2	class_II_paralog	True	0	0	True	776	
DQA1	classical_II	True	0	0	True	765	
DQA2	class_II_paralog	True	0	0	True	768	
DQB1	classical_II	True	0	0	True	786	
DQB2	class_II_paralog	True	0	0	True	807	
DRA	class_II_accessory	True	0	0	True	765	
DRB1	classical_II	True	0	0	True	801	
DRB3	class_II_paralog	True	0	0	True	801	
E	nonclassical_I	True	0	0	True	1077	
F	nonclassical_I	True	0	0	True	1041	
G	nonclassical_I	True	0	0	True	1017	
H	pseudogene_I	True	0	0	True	1096	
J	pseudogene_I	True	0	0	True	1095	
K	pseudogene_I	True	0	0	True	1093	
L	pseudogene_I	True	0	0	True	1096	
MICA	mic_tap	True	0	0	True	1156	
MICB	mic_tap	True	0	0	True	1152	
N	pseudogene_I	True	0	0	True	161	
P	pseudogene_I	True	0	0	True	735	
S	pseudogene_I	True	0	0	True	266	
T	pseudogene_I	True	0	0	True	459	
TAP1	mic_tap	True	0	0	True	2247	
TAP2	mic_tap	True	0	0	True	2061	
U	pseudogene_I	True	0	0	True	196	
V	pseudogene_I	True	0	0	True	538	
W	pseudogene_I	True	0	0	True	923	
A	classical_I	True	0	0	True	1098	
B	classical_I	True	0	0	True	1089	
C	classical_I	True	0	0	True	1101	
DMA	class_II_accessory	True	0	0	True	786	
DMB	class_II_accessory	True	0	0	True	792	
DOA	class_II_accessory	True	0	0	True	753	
DOB	class_II_accessory	True	0	0	True	822	
DPA1	classical_II	True	0	0	True	783	
DPA2	class_II_paralog	True	0	0	True	733	
DPB1	classical_II	True	0	0	True	777	
DPB2	class_II_paralog	True	0	0	True	776	
DQA1	classical_II	True	0	0	True	768	
DQA2	class_II_paralog	True	0	0	True	768	
DQB1	classical_II	True	0	0	True	786	
DQB2	class_II_paralog	True	0	0	True	807	
DRA	class_II_accessory	True	0	0	True	765	
DRB1	classical_II	True	0	0	True	801	
DRB5	class_II_paralog	True	0	0	True	801	
E	nonclassical_I	True	0	0	True	1077	
F	nonclassical_I	True	0	0	True	1041	
G	nonclassical_I	True	0	0	True	1017	
H	pseudogene_I	True	0	0	True	1104	
HFE	other	True	0	0	True	1047	
J	pseudogene_I	True	0	0	True	1095	
K	pseudogene_I	True	0	0	True	1092	
L	pseudogene_I	True	0	0	True	1096	
MICA	mic_tap	True	0	0	True	1156	
MICB	mic_tap	True	0	0	True	1152	
N	pseudogene_I	True	0	0	True	161	
P	pseudogene_I	True	0	0	True	735	
S	pseudogene_I	True	0	0	True	266	
T	pseudogene_I	True	0	0	True	459	
TAP1	mic_tap	True	0	0	True	2247	
TAP2	mic_tap	True	0	0	True	2061	
U	pseudogene_I	True	0	0	True	196	
V	pseudogene_I	True	0	0	True	538	
W	pseudogene_I	True	0	0	True	936	
A	classical_I	True	0	0	True	1098	
B	classical_I	True	0	0	True	1089	
C	classical_I	True	0	0	True	1101	
DMA	class_II_accessory	True	0	0	True	786	
DMB	class_II_accessory	True	0	0	True	792	
DOA	class_II_accessory	True	0	0	True	753	
DOB	class_II_accessory	True	0	0	True	822	
DPA1	classical_II	True	0	0	True	783	
DPA2	class_II_paralog	True	0	0	True	733	
DPB1	classical_II	True	0	0	True	777	
DPB2	class_II_paralog	True	0	0	True	776	
DQA1	classical_II	False	9	7	False	765	762.0
DQA2	class_II_paralog	True	0	0	True	768	
DQB1	classical_II	True	0	0	True	786	
DQB2	class_II_paralog	False	1	1	False	807	806.0
DRA	class_II_accessory	True	0	0	True	765	
DRB1	classical_II	True	0	0	True	801	
DRB4	class_II_paralog	True	0	0	True	784	
E	nonclassical_I	False	1	1	True	1077	1077.0
F	nonclassical_I	True	0	0	True	1041	
G	nonclassical_I	True	0	0	True	1017	
H	pseudogene_I	True	0	0	True	1097	
J	pseudogene_I	True	0	0	True	1095	
K	pseudogene_I	False	1	1	False	1094	1095.0
L	pseudogene_I	True	0	0	True	1094	
MICA	mic_tap	False	1	1	True	1156	1156.0
MICB	mic_tap	True	0	0	True	1152	
N	pseudogene_I	True	0	0	True	161	
P	pseudogene_I	True	0	0	True	735	
S	pseudogene_I	True	0	0	True	266	
T	pseudogene_I	True	0	0	True	459	
TAP1	mic_tap	True	0	0	True	2247	
TAP2	mic_tap	True	0	0	True	2112	
U	pseudogene_I	True	0	0	True	196	
V	pseudogene_I	True	0	0	True	538	
W	pseudogene_I	True	0	0	True	938	
A	classical_I	True	0	0	True	1098	
B	classical_I	True	0	0	True	1089	
C	classical_I	True	0	0	True	1101	
DMA	class_II_accessory	True	0	0	True	786	
DMB	class_II_accessory	True	0	0	True	792	
DOA	class_II_accessory	True	0	0	True	753	
DOB	class_II_accessory	True	0	0	True	822	
DPA1	classical_II	True	0	0	True	783	
DPA2	class_II_paralog	True	0	0	True	733	
DPB1	classical_II	True	0	0	True	777	
DPB2	class_II_paralog	True	0	0	True	776	
DQA1	classical_II	True	0	0	True	765	
DQA2	class_II_paralog	True	0	0	True	768	
DQB1	classical_II	False	1	1	False	785	786.0
DQB2	class_II_paralog	True	0	0	True	807	
DRA	class_II_accessory	True	0	0	True	765	
DRB1	classical_II	True	0	0	True	801	
DRB3	class_II_paralog	True	0	0	True	801	
E	nonclassical_I	True	0	0	True	1077	
F	nonclassical_I	True	0	0	True	1041	
G	nonclassical_I	True	0	0	True	1017	
J	pseudogene_I	True	0	0	True	1095	
L	pseudogene_I	True	0	0	True	1096	
MICA	mic_tap	True	0	0	True	1156	
MICB	mic_tap	True	0	0	True	1152	
N	pseudogene_I	True	0	0	True	161	
P	pseudogene_I	True	0	0	True	735	
S	pseudogene_I	True	0	0	True	266	
TAP1	mic_tap	True	0	0	True	2247	
TAP2	mic_tap	True	0	0	True	2061	
V	pseudogene_I	True	0	0	True	516	
W	pseudogene_I	True	0	0	True	936	
A	classical_I	True	0	0	True	1098	
B	classical_I	True	0	0	True	1089	
C	classical_I	True	0	0	True	1101	
DMA	class_II_accessory	True	0	0	True	786	
DMB	class_II_accessory	True	0	0	True	792	
DOA	class_II_accessory	True	0	0	True	753	
DOB	class_II_accessory	True	0	0	True	822	
DPA1	classical_II	True	0	0	True	783	
DPA2	class_II_paralog	True	0	0	True	733	
DPB1	classical_II	True	0	0	True	777	
DPB2	class_II_paralog	True	0	0	True	776	
DQA1	classical_II	True	0	0	True	765	
DQA2	class_II_paralog	True	0	0	True	768	
DQB1	classical_II	True	0	0	True	786	
DQB2	class_II_paralog	True	0	0	True	807	
DRA	class_II_accessory	True	0	0	True	765	
DRB1	classical_II	False	36	29	True	801	801.0
DRB5	class_II_paralog	True	0	0	True	801	
E	nonclassical_I	True	0	0	True	1077	
F	nonclassical_I	True	0	0	True	1041	
G	nonclassical_I	True	0	0	True	1017	
H	pseudogene_I	False	3	3	True	1096	1096.0
J	pseudogene_I	True	0	0	True	1095	
K	pseudogene_I	False	1	1	True	1093	1093.0
L	pseudogene_I	True	0	0	True	1096	
MICA	mic_tap	True	0	0	True	1155	
MICB	mic_tap	True	0	0	True	1152	
N	pseudogene_I	True	0	0	True	161	
P	pseudogene_I	True	0	0	True	735	
S	pseudogene_I	True	0	0	True	266	
T	pseudogene_I	True	0	0	True	459	
TAP1	mic_tap	True	0	0	True	2247	
TAP2	mic_tap	False	1	1	False	2113	2112.0
U	pseudogene_I	True	0	0	True	196	
V	pseudogene_I	True	0	0	True	538	
W	pseudogene_I	True	0	0	True	936	
A	classical_I	True	0	0	True	1098	
B	classical_I	True	0	0	True	1089	
C	classical_I	True	0	0	True	1101	
DMA	class_II_accessory	True	0	0	True	786	
DMB	class_II_accessory	True	0	0	True	792	
DOA	class_II_accessory	True	0	0	True	753	
DOB	class_II_accessory	True	0	0	True	822	
DPA1	classical_II	True	0	0	True	783	
DPA2	class_II_paralog	True	0	0	True	733	
DPB1	classical_II	True	0	0	True	777	
DPB2	class_II_paralog	True	0	0	True	776	
DQA1	classical_II	True	0	0	True	768	
DQA2	class_II_paralog	True	0	0	True	768	
DQB1	classical_II	True	0	0	True	786	
DQB2	class_II_paralog	True	0	0	True	807	
DRA	class_II_accessory	True	0	0	True	765	
DRB1	classical_II	True	0	0	True	801	
DRB4	class_II_paralog	True	0	0	True	801	
E	nonclassical_I	True	0	0	True	1077	
F	nonclassical_I	True	0	0	True	1041	
G	nonclassical_I	True	0	0	True	1017	
H	pseudogene_I	True	0	0	True	1096	
J	pseudogene_I	True	0	0	True	1095	
K	pseudogene_I	True	0	0	True	1093	
L	pseudogene_I	True	0	0	True	1096	
MICA	mic_tap	True	0	0	True	1155	
MICB	mic_tap	True	0	0	True	1152	
N	pseudogene_I	True	0	0	True	161	
P	pseudogene_I	True	0	0	True	732	
S	pseudogene_I	True	0	0	True	266	
T	pseudogene_I	True	0	0	True	459	
TAP1	mic_tap	True	0	0	True	2247	
TAP2	mic_tap	True	0	0	True	2112	
U	pseudogene_I	True	0	0	True	196	
V	pseudogene_I	True	0	0	True	517	
W	pseudogene_I	True	0	0	True	923	
A	classical_I	True	0	0	True	1098	
B	classical_I	True	0	0	True	1089	
C	classical_I	True	0	0	True	1101	
DMA	class_II_accessory	True	0	0	True	786	
DMB	class_II_accessory	True	0	0	True	792	
DOA	class_II_accessory	True	0	0	True	753	
DOB	class_II_accessory	True	0	0	True	822	
DPA1	classical_II	True	0	0	True	783	
DPA2	class_II_paralog	True	0	0	True	733	
DPB1	classical_II	True	0	0	True	777	
DPB2	class_II_paralog	True	0	0	True	776	
DQA1	classical_II	True	0	0	True	768	
DQA2	class_II_paralog	True	0	0	True	768	
DQB1	classical_II	True	0	0	True	786	
DQB2	class_II_paralog	True	0	0	True	807	
DRA	class_II_accessory	True	0	0	True	765	
DRB1	classical_II	True	0	0	True	801	
DRB5	class_II_paralog	True	0	0	True	801	
E	nonclassical_I	True	0	0	True	1077	
F	nonclassical_I	True	0	0	True	1041	
G	nonclassical_I	False	1	1	True	1017	1017.0
H	pseudogene_I	True	0	0	True	1097	
J	pseudogene_I	True	0	0	True	1088	
K	pseudogene_I	True	0	0	True	1093	
L	pseudogene_I	True	0	0	True	1096	
MICA	mic_tap	True	0	0	True	1158	
MICB	mic_tap	True	0	0	True	1152	
N	pseudogene_I	True	0	0	True	161	
P	pseudogene_I	True	0	0	True	732	
S	pseudogene_I	False	2	2	False	266	268.0
T	pseudogene_I	True	0	0	True	459	
TAP1	mic_tap	True	0	0	True	2247	
TAP2	mic_tap	True	0	0	True	2061	
U	pseudogene_I	True	0	0	True	196	
V	pseudogene_I	True	0	0	True	517	
W	pseudogene_I	True	0	0	True	938	
Y	pseudogene_I	True	0	0	True	824	
A	classical_I	True	0	0	True	1098	
B	classical_I	True	0	0	True	1089	
C	classical_I	True	0	0	True	1101	
DMA	class_II_accessory	True	0	0	True	786	
DMB	class_II_accessory	True	0	0	True	792	
DOA	class_II_accessory	True	0	0	True	753	
DOB	class_II_accessory	True	0	0	True	822	
DPA1	classical_II	True	0	0	True	783	
DPA2	class_II_paralog	True	0	0	True	733	
DPB1	classical_II	True	0	0	True	777	
DPB2	class_II_paralog	True	0	0	True	776	
DQA1	classical_II	True	0	0	True	768	
DQA2	class_II_paralog	True	0	0	True	768	
DQB1	classical_II	True	0	0	True	786	
DQB2	class_II_paralog	True	0	0	True	807	
DRA	class_II_accessory	True	0	0	True	765	
DRB1	classical_II	False	38	31	True	801	801.0
E	nonclassical_I	True	0	0	True	1077	
F	nonclassical_I	True	0	0	True	1041	
G	nonclassical_I	True	0	0	True	1017	
H	pseudogene_I	True	0	0	True	1096	
J	pseudogene_I	True	0	0	True	1095	
K	pseudogene_I	False	28	26	False	1092	1093.0
L	pseudogene_I	True	0	0	True	1096	
MICA	mic_tap	True	0	0	True	1155	
MICB	mic_tap	False	1	1	False	1152	1153.0
N	pseudogene_I	True	0	0	True	161	
P	pseudogene_I	True	0	0	True	732	
S	pseudogene_I	True	0	0	True	266	
T	pseudogene_I	True	0	0	True	459	
TAP1	mic_tap	True	0	0	True	2247	
TAP2	mic_tap	True	0	0	True	2061	
U	pseudogene_I	True	0	0	True	196	
V	pseudogene_I	False	11	11	False	517	515.0
W	pseudogene_I	True	0	0	True	923	
A	classical_I	True	0	0	True	1098	
B	classical_I	True	0	0	True	1089	
C	classical_I	True	0	0	True	1101	
DMA	class_II_accessory	True	0	0	True	786	
DMB	class_II_accessory	True	0	0	True	792	
DOA	class_II_accessory	True	0	0	True	753	
DOB	class_II_accessory	True	0	0	True	822	
DPA1	classical_II	True	0	0	True	783	
DPA2	class_II_paralog	True	0	0	True	733	
DPB1	classical_II	True	0	0	True	777	
DPB2	class_II_paralog	True	0	0	True	776	
DQA1	classical_II	True	0	0	True	765	
DQA2	class_II_paralog	True	0	0	True	768	
DQB1	classical_II	True	0	0	True	786	
DQB2	class_II_paralog	True	0	0	True	807	
DRA	class_II_accessory	True	0	0	True	765	
DRB1	classical_II	True	0	0	True	801	
DRB3	class_II_paralog	True	0	0	True	801	
E	nonclassical_I	True	0	0	True	1077	
F	nonclassical_I	True	0	0	True	1041	
G	nonclassical_I	True	0	0	True	1017	
H	pseudogene_I	True	0	0	True	1096	
J	pseudogene_I	True	0	0	True	1095	
K	pseudogene_I	True	0	0	True	1093	
L	pseudogene_I	True	0	0	True	1094	
MICA	mic_tap	True	0	0	True	1155	
MICB	mic_tap	True	0	0	True	1152	
N	pseudogene_I	True	0	0	True	161	
P	pseudogene_I	True	0	0	True	735	
S	pseudogene_I	True	0	0	True	266	
T	pseudogene_I	True	0	0	True	459	
TAP1	mic_tap	True	0	0	True	2247	
TAP2	mic_tap	True	0	0	True	2061	
U	pseudogene_I	True	0	0	True	196	
V	pseudogene_I	True	0	0	True	538	
W	pseudogene_I	True	0	0	True	923	
A	classical_I	True	0	0	True	1098	
B	classical_I	True	0	0	True	1089	
C	classical_I	True	0	0	True	1101	
DMA	class_II_accessory	True	0	0	True	786	
DMB	class_II_accessory	True	0	0	True	792	
DOA	class_II_accessory	True	0	0	True	753	
DOB	class_II_accessory	True	0	0	True	822	
DPA1	classical_II	True	0	0	True	783	
DPA2	class_II_paralog	True	0	0	True	733	
DPB1	classical_II	False	4	4	True	777	777.0
DPB2	class_II_paralog	True	0	0	True	776	
DQA1	classical_II	True	0	0	True	765	
DQA2	class_II_paralog	True	0	0	True	768	
DQB1	classical_II	True	0	0	True	786	
DQB2	class_II_paralog	True	0	0	True	807	
DRA	class_II_accessory	True	0	0	True	765	
DRB1	classical_II	True	0	0	True	801	
DRB3	class_II_paralog	True	0	0	True	801	
E	nonclassical_I	True	0	0	True	1077	
F	nonclassical_I	True	0	0	True	1041	
G	nonclassical_I	True	0	0	True	1017	
H	pseudogene_I	True	0	0	True	1096	
J	pseudogene_I	True	0	0	True	1095	
K	pseudogene_I	True	0	0	True	1093	
L	pseudogene_I	True	0	0	True	1096	
MICA	mic_tap	True	0	0	True	1156	
MICB	mic_tap	True	0	0	True	1152	
N	pseudogene_I	True	0	0	True	161	
P	pseudogene_I	True	0	0	True	735	
S	pseudogene_I	True	0	0	True	266	
T	pseudogene_I	True	0	0	True	459	
TAP1	mic_tap	True	0	0	True	2247	
TAP2	mic_tap	True	0	0	True	2061	
U	pseudogene_I	True	0	0	True	196	
V	pseudogene_I	True	0	0	True	517	
W	pseudogene_I	True	0	0	True	936	
A	classical_I	False	2	2	True	1098	1098.0
B	classical_I	True	0	0	True	1089	
C	classical_I	False	19	17	True	1101	1101.0
DMA	class_II_accessory	True	0	0	True	786	
DMB	class_II_accessory	True	0	0	True	792	
DOA	class_II_accessory	True	0	0	True	753	
DOB	class_II_accessory	True	0	0	True	822	
DPA1	classical_II	True	0	0	True	783	
DPA2	class_II_paralog	True	0	0	True	733	
DPB1	classical_II	False	4	4	True	777	777.0
DPB2	class_II_paralog	True	0	0	True	776	
DQA1	classical_II	True	0	0	True	765	
DQA2	class_II_paralog	True	0	0	True	768	
DQB1	classical_II	True	0	0	True	786	
DQB2	class_II_paralog	True	0	0	True	807	
DRA	class_II_accessory	True	0	0	True	765	
DRB1	classical_II	True	0	0	True	801	
DRB3	class_II_paralog	True	0	0	True	801	
E	nonclassical_I	True	0	0	True	1077	
F	nonclassical_I	True	0	0	True	1041	
G	nonclassical_I	True	0	0	True	1017	
H	pseudogene_I	True	0	0	True	1096	
J	pseudogene_I	True	0	0	True	1095	
K	pseudogene_I	True	0	0	True	1093	
L	pseudogene_I	True	0	0	True	1096	
MICA	mic_tap	True	0	0	True	1156	
MICB	mic_tap	True	0	0	True	1152	
N	pseudogene_I	True	0	0	True	161	
P	pseudogene_I	True	0	0	True	735	
S	pseudogene_I	True	0	0	True	266	
T	pseudogene_I	True	0	0	True	459	
TAP1	mic_tap	True	0	0	True	2247	
TAP2	mic_tap	True	0	0	True	2061	
U	pseudogene_I	True	0	0	True	196	
V	pseudogene_I	True	0	0	True	517	
W	pseudogene_I	True	0	0	True	936	
A	classical_I	True	0	0	True	1098	
B	classical_I	True	0	0	True	1089	
C	classical_I	True	0	0	True	1101	
DMA	class_II_accessory	True	0	0	True	786	
DMB	class_II_accessory	True	0	0	True	792	
DOA	class_II_accessory	True	0	0	True	753	
DOB	class_II_accessory	True	0	0	True	822	
DPA1	classical_II	True	0	0	True	783	
DPA2	class_II_paralog	True	0	0	True	733	
DPB1	classical_II	True	0	0	True	777	
DPB2	class_II_paralog	True	0	0	True	776	
DQA1	classical_II	True	0	0	True	768	
DQA2	class_II_paralog	False	1	1	True	768	768.0
DQB1	classical_II	True	0	0	True	786	
DQB2	class_II_paralog	True	0	0	True	807	
DRA	class_II_accessory	True	0	0	True	765	
DRB1	classical_II	True	0	0	True	801	
DRB3	class_II_paralog	True	0	0	True	801	
E	nonclassical_I	True	0	0	True	1077	
F	nonclassical_I	True	0	0	True	1041	
G	nonclassical_I	True	0	0	True	1017	
H	pseudogene_I	True	0	0	True	1096	
J	pseudogene_I	True	0	0	True	1095	
K	pseudogene_I	True	0	0	True	1092	
L	pseudogene_I	True	0	0	True	1094	
MICA	mic_tap	True	0	0	True	1156	
MICB	mic_tap	True	0	0	True	1152	
N	pseudogene_I	True	0	0	True	161	
P	pseudogene_I	True	0	0	True	735	
S	pseudogene_I	True	0	0	True	266	
T	pseudogene_I	True	0	0	True	459	
TAP1	mic_tap	False	1	1	False	2248	2247.0
TAP2	mic_tap	True	0	0	True	2112	
U	pseudogene_I	True	0	0	True	196	
V	pseudogene_I	True	0	0	True	538	
W	pseudogene_I	True	0	0	True	923	
A	classical_I	True	0	0	True	1098	
B	classical_I	True	0	0	True	1089	
C	classical_I	True	0	0	True	1101	
DMA	class_II_accessory	True	0	0	True	786	
DMB	class_II_accessory	True	0	0	True	792	
DOA	class_II_accessory	True	0	0	True	753	
DOB	class_II_accessory	True	0	0	True	822	
DPA1	classical_II	True	0	0	True	783	
DPA2	class_II_paralog	True	0	0	True	733	
DPB1	classical_II	True	0	0	True	777	
DPB2	class_II_paralog	True	0	0	True	776	
DQA1	classical_II	True	0	0	True	765	
DQA2	class_II_paralog	True	0	0	True	768	
DQB1	classical_II	True	0	0	True	786	
DQB2	class_II_paralog	True	0	0	True	807	
DRA	class_II_accessory	True	0	0	True	765	
DRB1	classical_II	True	0	0	True	801	
DRB3	class_II_paralog	True	0	0	True	801	
E	nonclassical_I	True	0	0	True	1077	
F	nonclassical_I	True	0	0	True	1041	
G	nonclassical_I	True	0	0	True	1017	
H	pseudogene_I	True	0	0	True	1090	
J	pseudogene_I	True	0	0	True	1095	
K	pseudogene_I	False	1	1	False	1090	1091.0
L	pseudogene_I	False	1	1	False	1095	1094.0
MICA	mic_tap	True	0	0	True	1158	
MICB	mic_tap	True	0	0	True	1152	
N	pseudogene_I	True	0	0	True	161	
P	pseudogene_I	True	0	0	True	735	
S	pseudogene_I	True	0	0	True	266	
T	pseudogene_I	True	0	0	True	459	
TAP1	mic_tap	True	0	0	True	2247	
TAP2	mic_tap	True	0	0	True	2061	
U	pseudogene_I	True	0	0	True	196	
V	pseudogene_I	True	0	0	True	538	
W	pseudogene_I	True	0	0	True	938	
A	classical_I	True	0	0	True	1098	
B	classical_I	True	0	0	True	1089	
C	classical_I	True	0	0	True	1101	
DMA	class_II_accessory	True	0	0	True	786	
DMB	class_II_accessory	True	0	0	True	792	
DOA	class_II_accessory	True	0	0	True	753	
DOB	class_II_accessory	True	0	0	True	822	
DPA1	classical_II	True	0	0	True	783	
DPA2	class_II_paralog	True	0	0	True	733	
DPB1	classical_II	True	0	0	True	777	
DPB2	class_II_paralog	True	0	0	True	776	
DQA1	classical_II	True	0	0	True	765	
DQA2	class_II_paralog	True	0	0	True	768	
DQB1	classical_II	True	0	0	True	786	
DQB2	class_II_paralog	True	0	0	True	807	
DRA	class_II_accessory	True	0	0	True	765	
DRB1	classical_II	True	0	0	True	801	
DRB3	class_II_paralog	True	0	0	True	801	
DRB4	class_II_paralog	False	1	1	True	801	801.0
E	nonclassical_I	True	0	0	True	1077	
F	nonclassical_I	True	0	0	True	1041	
G	nonclassical_I	True	0	0	True	1017	
H	pseudogene_I	True	0	0	True	1090	
J	pseudogene_I	True	0	0	True	1095	
K	pseudogene_I	False	1	1	False	1090	1091.0
L	pseudogene_I	False	1	1	False	1095	1094.0
MICA	mic_tap	True	0	0	True	1158	
MICB	mic_tap	True	0	0	True	1152	
N	pseudogene_I	True	0	0	True	161	
P	pseudogene_I	True	0	0	True	735	
S	pseudogene_I	True	0	0	True	266	
T	pseudogene_I	True	0	0	True	459	
TAP1	mic_tap	True	0	0	True	2247	
TAP2	mic_tap	True	0	0	True	2061	
U	pseudogene_I	True	0	0	True	196	
V	pseudogene_I	True	0	0	True	538	
W	pseudogene_I	True	0	0	True	938	
A	classical_I	True	0	0	True	1098	
B	classical_I	True	0	0	True	1089	
C	classical_I	True	0	0	True	1101	
DMA	class_II_accessory	True	0	0	True	786	
DMB	class_II_accessory	True	0	0	True	792	
DOA	class_II_accessory	True	0	0	True	753	
DOB	class_II_accessory	True	0	0	True	822	
DPA1	classical_II	True	0	0	True	783	
DPA2	class_II_paralog	True	0	0	True	733	
DPB1	classical_II	True	0	0	True	777	
DPB2	class_II_paralog	True	0	0	True	776	
DQA1	classical_II	True	0	0	True	765	
DQA2	class_II_paralog	True	0	0	True	768	
DQB1	classical_II	True	0	0	True	786	
DQB2	class_II_paralog	True	0	0	True	807	
DRA	class_II_accessory	True	0	0	True	765	
DRB1	classical_II	True	0	0	True	801	
DRB4	class_II_paralog	True	0	0	True	801	
E	nonclassical_I	True	0	0	True	1077	
F	nonclassical_I	True	0	0	True	1041	
G	nonclassical_I	True	0	0	True	1016	
H	pseudogene_I	True	0	0	True	1096	
J	pseudogene_I	True	0	0	True	1089	
K	pseudogene_I	True	0	0	True	1092	
L	pseudogene_I	True	0	0	True	1094	
MICA	mic_tap	False	1	1	False	1156	1155.0
MICB	mic_tap	True	0	0	True	1152	
N	pseudogene_I	True	0	0	True	161	
P	pseudogene_I	True	0	0	True	732	
S	pseudogene_I	True	0	0	True	266	
T	pseudogene_I	True	0	0	True	459	
TAP1	mic_tap	True	0	0	True	2247	
TAP2	mic_tap	True	0	0	True	2061	
U	pseudogene_I	True	0	0	True	196	
V	pseudogene_I	True	0	0	True	517	
W	pseudogene_I	True	0	0	True	923	
Y	pseudogene_I	True	0	0	True	824	
A	classical_I	True	0	0	True	1098	
B	classical_I	True	0	0	True	1089	
C	classical_I	True	0	0	True	1101	
DMA	class_II_accessory	True	0	0	True	786	
DMB	class_II_accessory	True	0	0	True	792	
DOA	class_II_accessory	True	0	0	True	753	
DOB	class_II_accessory	True	0	0	True	822	
DPA1	classical_II	True	0	0	True	783	
DPA2	class_II_paralog	True	0	0	True	733	
DPB1	classical_II	True	0	0	True	777	
DPB2	class_II_paralog	True	0	0	True	776	
DQA1	classical_II	True	0	0	True	768	
DQA2	class_II_paralog	True	0	0	True	768	
DQB1	classical_II	True	0	0	True	786	
DQB2	class_II_paralog	True	0	0	True	807	
DRA	class_II_accessory	True	0	0	True	765	
DRB1	classical_II	True	0	0	True	801	
DRB4	class_II_paralog	True	0	0	True	801	
E	nonclassical_I	True	0	0	True	1077	
F	nonclassical_I	True	0	0	True	1041	
G	nonclassical_I	True	0	0	True	1017	
H	pseudogene_I	True	0	0	True	1096	
J	pseudogene_I	True	0	0	True	1095	
K	pseudogene_I	True	0	0	True	1092	
L	pseudogene_I	True	0	0	True	1094	
MICA	mic_tap	True	0	0	True	1152	
MICB	mic_tap	True	0	0	True	1152	
N	pseudogene_I	True	0	0	True	161	
P	pseudogene_I	True	0	0	True	732	
S	pseudogene_I	True	0	0	True	266	
T	pseudogene_I	True	0	0	True	459	
TAP1	mic_tap	True	0	0	True	2247	
TAP2	mic_tap	True	0	0	True	2061	
U	pseudogene_I	True	0	0	True	196	
V	pseudogene_I	True	0	0	True	517	
W	pseudogene_I	True	0	0	True	923	
A	classical_I	False	37	36	True	1098	1098.0
B	classical_I	True	0	0	True	1089	
C	classical_I	True	0	0	True	1101	
DMA	class_II_accessory	True	0	0	True	786	
DMB	class_II_accessory	True	0	0	True	792	
DOA	class_II_accessory	True	0	0	True	753	
DOB	class_II_accessory	True	0	0	True	822	
DPA1	classical_II	True	0	0	True	783	
DPA2	class_II_paralog	True	0	0	True	733	
DPB1	classical_II	True	0	0	True	777	
DPB2	class_II_paralog	True	0	0	True	776	
DQA1	classical_II	True	0	0	True	765	
DQA2	class_II_paralog	True	0	0	True	768	
DQB1	classical_II	True	0	0	True	786	
DQB2	class_II_paralog	True	0	0	True	807	
DRA	class_II_accessory	True	0	0	True	765	
DRB1	classical_II	True	0	0	True	801	
DRB3	class_II_paralog	True	0	0	True	801	
E	nonclassical_I	True	0	0	True	1077	
F	nonclassical_I	True	0	0	True	1041	
G	nonclassical_I	True	0	0	True	1017	
H	pseudogene_I	True	0	0	True	1096	
J	pseudogene_I	True	0	0	True	1095	
K	pseudogene_I	False	1	1	False	1091	1092.0
L	pseudogene_I	True	0	0	True	1096	
MICA	mic_tap	True	0	0	True	1158	
MICB	mic_tap	True	0	0	True	1152	
N	pseudogene_I	True	0	0	True	161	
P	pseudogene_I	True	0	0	True	735	
S	pseudogene_I	True	0	0	True	266	
T	pseudogene_I	True	0	0	True	459	
TAP1	mic_tap	True	0	0	True	2247	
TAP2	mic_tap	True	0	0	True	2061	
U	pseudogene_I	False	7	6	True	196	196.0
V	pseudogene_I	True	0	0	True	538	
W	pseudogene_I	True	0	0	True	923	
A	classical_I	True	0	0	True	1098	
B	classical_I	False	27	23	True	1089	1089.0
C	classical_I	True	0	0	True	1101	
DMA	class_II_accessory	True	0	0	True	786	
DMB	class_II_accessory	True	0	0	True	792	
DOA	class_II_accessory	True	0	0	True	753	
DOB	class_II_accessory	True	0	0	True	822	
DPA1	classical_II	True	0	0	True	783	
DPA2	class_II_paralog	True	0	0	True	733	
DPB1	classical_II	True	0	0	True	777	
DPB2	class_II_paralog	True	0	0	True	776	
DQA1	classical_II	False	49	37	False	765	768.0
DQA2	class_II_paralog	True	0	0	True	768	
DQB1	classical_II	True	0	0	True	810	
DQB2	class_II_paralog	True	0	0	True	807	
DRA	class_II_accessory	True	0	0	True	765	
DRB1	classical_II	True	0	0	True	801	
E	nonclassical_I	False	6	5	False	1071	1077.0
F	nonclassical_I	True	0	0	True	1041	
G	nonclassical_I	True	0	0	True	1017	
H	pseudogene_I	True	0	0	True	1097	
J	pseudogene_I	True	0	0	True	1088	
K	pseudogene_I	True	0	0	True	1094	
L	pseudogene_I	True	0	0	True	1096	
MICA	mic_tap	True	0	0	True	1167	
MICB	mic_tap	False	2	2	False	1150	1152.0
N	pseudogene_I	True	0	0	True	161	
P	pseudogene_I	True	0	0	True	735	
S	pseudogene_I	True	0	0	True	266	
T	pseudogene_I	True	0	0	True	459	
TAP1	mic_tap	True	0	0	True	2247	
TAP2	mic_tap	True	0	0	True	2112	
U	pseudogene_I	True	0	0	True	196	
V	pseudogene_I	True	0	0	True	516	
W	pseudogene_I	True	0	0	True	938	
Y	pseudogene_I	True	0	0	True	824	
A	classical_I	True	0	0	True	1098	
B	classical_I	True	0	0	True	1089	
C	classical_I	True	0	0	True	1101	
DMA	class_II_accessory	True	0	0	True	786	
DMB	class_II_accessory	True	0	0	True	792	
DOA	class_II_accessory	True	0	0	True	753	
DOB	class_II_accessory	True	0	0	True	822	
DPA1	classical_II	True	0	0	True	783	
DPA2	class_II_paralog	True	0	0	True	733	
DPB1	classical_II	True	0	0	True	777	
DPB2	class_II_paralog	True	0	0	True	776	
DQA1	classical_II	True	0	0	True	765	
DQA2	class_II_paralog	True	0	0	True	768	
DQB1	classical_II	False	72	53	False	786	785.0
DQB2	class_II_paralog	True	0	0	True	807	
DRA	class_II_accessory	True	0	0	True	765	
DRB1	classical_II	False	34	27	True	801	801.0
DRB3	class_II_paralog	True	0	0	True	801	
E	nonclassical_I	True	0	0	True	1077	
F	nonclassical_I	True	0	0	True	1041	
G	nonclassical_I	True	0	0	True	1017	
H	pseudogene_I	True	0	0	True	1096	
J	pseudogene_I	True	0	0	True	1095	
K	pseudogene_I	False	1	1	False	1092	1093.0
L	pseudogene_I	True	0	0	True	1096	
MICA	mic_tap	True	0	0	True	1158	
MICB	mic_tap	True	0	0	True	1152	
N	pseudogene_I	True	0	0	True	161	
P	pseudogene_I	True	0	0	True	735	
S	pseudogene_I	True	0	0	True	266	
T	pseudogene_I	True	0	0	True	459	
TAP1	mic_tap	True	0	0	True	2247	
TAP2	mic_tap	False	55	7	False	2061	2112.0
U	pseudogene_I	True	0	0	True	196	
V	pseudogene_I	True	0	0	True	538	
W	pseudogene_I	True	0	0	True	923	
A	classical_I	True	0	0	True	1098	
B	classical_I	True	0	0	True	1089	
C	classical_I	True	0	0	True	1101	
DMA	class_II_accessory	True	0	0	True	786	
DMB	class_II_accessory	True	0	0	True	792	
DOA	class_II_accessory	True	0	0	True	753	
DOB	class_II_accessory	True	0	0	True	822	
DPA1	classical_II	True	0	0	True	783	
DPA2	class_II_paralog	True	0	0	True	733	
DPB1	classical_II	True	0	0	True	777	
DPB2	class_II_paralog	True	0	0	True	776	
DQA1	classical_II	True	0	0	True	765	
DQA2	class_II_paralog	True	0	0	True	768	
DQB1	classical_II	True	0	0	True	786	
DQB2	class_II_paralog	True	0	0	True	807	
DRA	class_II_accessory	True	0	0	True	765	
DRB1	classical_II	True	0	0	True	801	
DRB3	class_II_paralog	True	0	0	True	801	
E	nonclassical_I	True	0	0	True	1077	
F	nonclassical_I	True	0	0	True	1041	
G	nonclassical_I	True	0	0	True	1017	
H	pseudogene_I	True	0	0	True	1096	
J	pseudogene_I	True	0	0	True	1095	
K	pseudogene_I	False	1	1	False	1092	1093.0
L	pseudogene_I	True	0	0	True	1096	
MICA	mic_tap	True	0	0	True	1158	
MICB	mic_tap	False	2	2	True	1152	1152.0
N	pseudogene_I	True	0	0	True	161	
P	pseudogene_I	True	0	0	True	735	
S	pseudogene_I	True	0	0	True	266	
T	pseudogene_I	True	0	0	True	459	
TAP1	mic_tap	True	0	0	True	2247	
TAP2	mic_tap	True	0	0	True	2061	
U	pseudogene_I	True	0	0	True	196	
V	pseudogene_I	True	0	0	True	538	
W	pseudogene_I	True	0	0	True	923	
A	classical_I	True	0	0	True	1098	
B	classical_I	True	0	0	True	1089	
C	classical_I	True	0	0	True	1101	
DMA	class_II_accessory	True	0	0	True	786	
DMB	class_II_accessory	True	0	0	True	792	
DOA	class_II_accessory	True	0	0	True	753	
DOB	class_II_accessory	True	0	0	True	822	
DPA1	classical_II	True	0	0	True	783	
DPA2	class_II_paralog	True	0	0	True	733	
DPB1	classical_II	True	0	0	True	777	
DPB2	class_II_paralog	True	0	0	True	776	
DQA1	classical_II	True	0	0	True	765	
DQA2	class_II_paralog	True	0	0	True	768	
DQB1	classical_II	True	0	0	True	786	
DQB2	class_II_paralog	True	0	0	True	807	
DRA	class_II_accessory	True	0	0	True	765	
DRB1	classical_II	True	0	0	True	801	
DRB3	class_II_paralog	True	0	0	True	801	
E	nonclassical_I	True	0	0	True	1077	
F	nonclassical_I	True	0	0	True	1041	
G	nonclassical_I	True	0	0	True	1017	
H	pseudogene_I	False	1	1	False	1095	1096.0
J	pseudogene_I	True	0	0	True	1095	
K	pseudogene_I	True	0	0	True	1093	
L	pseudogene_I	True	0	0	True	1096	
MICA	mic_tap	True	0	0	True	1156	
MICB	mic_tap	True	0	0	True	1152	
N	pseudogene_I	True	0	0	True	161	
P	pseudogene_I	True	0	0	True	732	
S	pseudogene_I	True	0	0	True	266	
T	pseudogene_I	True	0	0	True	459	
TAP1	mic_tap	True	0	0	True	2247	
TAP2	mic_tap	True	0	0	True	2061	
U	pseudogene_I	True	0	0	True	196	
V	pseudogene_I	True	0	0	True	517	
W	pseudogene_I	True	0	0	True	936	
A	classical_I	True	0	0	True	1098	
B	classical_I	True	0	0	True	1089	
C	classical_I	True	0	0	True	1101	
DMA	class_II_accessory	True	0	0	True	786	
DMB	class_II_accessory	True	0	0	True	792	
DOA	class_II_accessory	True	0	0	True	753	
DOB	class_II_accessory	True	0	0	True	822	
DPA1	classical_II	True	0	0	True	783	
DPA2	class_II_paralog	True	0	0	True	733	
DPB1	classical_II	True	0	0	True	777	
DPB2	class_II_paralog	True	0	0	True	776	
DQA1	classical_II	True	0	0	True	768	
DQA2	class_II_paralog	True	0	0	True	768	
DQB1	classical_II	True	0	0	True	786	
DQB2	class_II_paralog	True	0	0	True	807	
DRA	class_II_accessory	True	0	0	True	765	
DRB1	classical_II	True	0	0	True	801	
DRB3	class_II_paralog	True	0	0	True	801	
E	nonclassical_I	True	0	0	True	1077	
F	nonclassical_I	True	0	0	True	1041	
G	nonclassical_I	True	0	0	True	1017	
H	pseudogene_I	True	0	0	True	1104	
J	pseudogene_I	True	0	0	True	1095	
K	pseudogene_I	True	0	0	True	1092	
L	pseudogene_I	True	0	0	True	1094	
MICA	mic_tap	True	0	0	True	1156	
MICB	mic_tap	True	0	0	True	1152	
N	pseudogene_I	True	0	0	True	161	
P	pseudogene_I	True	0	0	True	735	
S	pseudogene_I	True	0	0	True	266	
T	pseudogene_I	True	0	0	True	459	
TAP1	mic_tap	True	0	0	True	2247	
TAP2	mic_tap	True	0	0	True	2061	
U	pseudogene_I	True	0	0	True	196	
V	pseudogene_I	True	0	0	True	538	
W	pseudogene_I	True	0	0	True	936	
A	classical_I	True	0	0	True	1098	
B	classical_I	True	0	0	True	1089	
C	classical_I	True	0	0	True	1101	
DMA	class_II_accessory	True	0	0	True	786	
DMB	class_II_accessory	True	0	0	True	792	
DOA	class_II_accessory	True	0	0	True	753	
DOB	class_II_accessory	True	0	0	True	822	
DPA1	classical_II	True	0	0	True	783	
DPA2	class_II_paralog	True	0	0	True	733	
DPB1	classical_II	True	0	0	True	777	
DPB2	class_II_paralog	True	0	0	True	776	
DQA1	classical_II	True	0	0	True	768	
DQA2	class_II_paralog	True	0	0	True	768	
DQB1	classical_II	True	0	0	True	786	
DQB2	class_II_paralog	True	0	0	True	807	
DRA	class_II_accessory	True	0	0	True	765	
DRB1	classical_II	True	0	0	True	801	
DRB3	class_II_paralog	False	15	13	True	801	801.0
DRB4	class_II_paralog	True	0	0	True	801	
E	nonclassical_I	True	0	0	True	1077	
F	nonclassical_I	True	0	0	True	1041	
G	nonclassical_I	True	0	0	True	1017	
H	pseudogene_I	True	0	0	True	1096	
J	pseudogene_I	True	0	0	True	1095	
K	pseudogene_I	True	0	0	True	1096	
L	pseudogene_I	True	0	0	True	1096	
MICA	mic_tap	False	3	3	False	1157	1156.0
MICB	mic_tap	True	0	0	True	1152	
N	pseudogene_I	True	0	0	True	161	
P	pseudogene_I	True	0	0	True	732	
S	pseudogene_I	True	0	0	True	266	
T	pseudogene_I	True	0	0	True	459	
TAP1	mic_tap	True	0	0	True	2247	
TAP2	mic_tap	True	0	0	True	2061	
U	pseudogene_I	True	0	0	True	196	
V	pseudogene_I	True	0	0	True	517	
W	pseudogene_I	True	0	0	True	938	
A	classical_I	True	0	0	True	1098	
B	classical_I	True	0	0	True	1089	
C	classical_I	True	0	0	True	1101	
DMA	class_II_accessory	True	0	0	True	786	
DMB	class_II_accessory	True	0	0	True	792	
DOA	class_II_accessory	True	0	0	True	753	
DOB	class_II_accessory	True	0	0	True	822	
DPA1	classical_II	True	0	0	True	783	
DPA2	class_II_paralog	True	0	0	True	733	
DPB1	classical_II	True	0	0	True	777	
DPB2	class_II_paralog	True	0	0	True	776	
DQA1	classical_II	True	0	0	True	765	
DQA2	class_II_paralog	True	0	0	True	768	
DQB1	classical_II	True	0	0	True	786	
DQB2	class_II_paralog	True	0	0	True	807	
DRA	class_II_accessory	True	0	0	True	765	
DRB1	classical_II	True	0	0	True	801	
DRB3	class_II_paralog	True	0	0	True	801	
E	nonclassical_I	True	0	0	True	1077	
F	nonclassical_I	True	0	0	True	1041	
G	nonclassical_I	True	0	0	True	1017	
H	pseudogene_I	True	0	0	True	1090	
J	pseudogene_I	True	0	0	True	1095	
K	pseudogene_I	True	0	0	True	1091	
L	pseudogene_I	True	0	0	True	1094	
MICA	mic_tap	True	0	0	True	1158	
MICB	mic_tap	True	0	0	True	1152	
N	pseudogene_I	True	0	0	True	161	
P	pseudogene_I	True	0	0	True	735	
S	pseudogene_I	True	0	0	True	266	
T	pseudogene_I	True	0	0	True	459	
TAP1	mic_tap	True	0	0	True	2247	
TAP2	mic_tap	True	0	0	True	2061	
U	pseudogene_I	True	0	0	True	196	
V	pseudogene_I	True	0	0	True	538	
W	pseudogene_I	True	0	0	True	938	
A	classical_I	True	0	0	True	1098	
B	classical_I	True	0	0	True	1089	
C	classical_I	True	0	0	True	1101	
DMA	class_II_accessory	True	0	0	True	786	
DMB	class_II_accessory	True	0	0	True	792	
DOA	class_II_accessory	True	0	0	True	753	
DOB	class_II_accessory	True	0	0	True	822	
DPA1	classical_II	True	0	0	True	783	
DPA2	class_II_paralog	True	0	0	True	733	
DPB1	classical_II	True	0	0	True	777	
DPB2	class_II_paralog	True	0	0	True	776	
DQA1	classical_II	True	0	0	True	768	
DQA2	class_II_paralog	True	0	0	True	768	
DQB1	classical_II	True	0	0	True	786	
DQB2	class_II_paralog	True	0	0	True	807	
DRA	class_II_accessory	True	0	0	True	765	
DRB1	classical_II	True	0	0	True	801	
DRB3	class_II_paralog	False	15	13	True	801	801.0
E	nonclassical_I	True	0	0	True	1077	
F	nonclassical_I	True	0	0	True	1041	
G	nonclassical_I	True	0	0	True	1017	
H	pseudogene_I	True	0	0	True	1096	
HFE	other	False	1	1	True	1047	1047.0
J	pseudogene_I	True	0	0	True	1095	
K	pseudogene_I	True	0	0	True	1093	
L	pseudogene_I	True	0	0	True	1096	
MICA	mic_tap	True	0	0	True	1158	
MICB	mic_tap	True	0	0	True	1152	
N	pseudogene_I	True	0	0	True	161	
P	pseudogene_I	True	0	0	True	735	
S	pseudogene_I	True	0	0	True	266	
T	pseudogene_I	True	0	0	True	459	
TAP1	mic_tap	True	0	0	True	2247	
TAP2	mic_tap	True	0	0	True	2112	
U	pseudogene_I	True	0	0	True	196	
V	pseudogene_I	True	0	0	True	538	
W	pseudogene_I	True	0	0	True	923	
A	classical_I	True	0	0	True	1098	
B	classical_I	True	0	0	True	1089	
C	classical_I	True	0	0	True	1101	
DMA	class_II_accessory	True	0	0	True	786	
DMB	class_II_accessory	True	0	0	True	792	
DOA	class_II_accessory	True	0	0	True	753	
DOB	class_II_accessory	True	0	0	True	822	
DPA1	classical_II	True	0	0	True	783	
DPA2	class_II_paralog	True	0	0	True	733	
DPB1	classical_II	True	0	0	True	777	
DPB2	class_II_paralog	True	0	0	True	776	
DQA1	classical_II	True	0	0	True	765	
DQA2	class_II_paralog	True	0	0	True	768	
DQB1	classical_II	True	0	0	True	786	
DQB2	class_II_paralog	True	0	0	True	807	
DRA	class_II_accessory	True	0	0	True	765	
DRB1	classical_II	True	0	0	True	801	
DRB3	class_II_paralog	True	0	0	True	801	
E	nonclassical_I	True	0	0	True	1077	
F	nonclassical_I	True	0	0	True	1041	
G	nonclassical_I	True	0	0	True	1017	
H	pseudogene_I	True	0	0	True	1096	
HFE	other	True	0	0	True	1047	
J	pseudogene_I	True	0	0	True	1095	
K	pseudogene_I	True	0	0	True	1093	
L	pseudogene_I	True	0	0	True	1096	
MICA	mic_tap	True	0	0	True	1156	
MICB	mic_tap	True	0	0	True	1152	
N	pseudogene_I	True	0	0	True	161	
P	pseudogene_I	True	0	0	True	732	
S	pseudogene_I	True	0	0	True	266	
T	pseudogene_I	True	0	0	True	459	
TAP1	mic_tap	True	0	0	True	2247	
TAP2	mic_tap	True	0	0	True	2061	
U	pseudogene_I	True	0	0	True	196	
V	pseudogene_I	True	0	0	True	517	
W	pseudogene_I	True	0	0	True	936	
A	classical_I	True	0	0	True	1098	
B	classical_I	False	29	25	True	1089	1089.0
C	classical_I	True	0	0	True	1101	
DMA	class_II_accessory	True	0	0	True	786	
DMB	class_II_accessory	True	0	0	True	792	
DOA	class_II_accessory	True	0	0	True	753	
DOB	class_II_accessory	True	0	0	True	822	
DPA1	classical_II	True	0	0	True	783	
DPA2	class_II_paralog	True	0	0	True	733	
DPB1	classical_II	True	0	0	True	777	
DPB2	class_II_paralog	True	0	0	True	776	
DQA1	classical_II	True	0	0	True	765	
DQA2	class_II_paralog	True	0	0	True	768	
DQB1	classical_II	True	0	0	True	786	
DQB2	class_II_paralog	True	0	0	True	807	
DRA	class_II_accessory	True	0	0	True	765	
DRB1	classical_II	True	0	0	True	801	
DRB3	class_II_paralog	True	0	0	True	801	
E	nonclassical_I	True	0	0	True	1077	
F	nonclassical_I	True	0	0	True	1041	
G	nonclassical_I	True	0	0	True	1017	
H	pseudogene_I	False	15	13	True	1096	1096.0
HFE	other	True	0	0	True	1047	
J	pseudogene_I	True	0	0	True	1095	
K	pseudogene_I	False	28	26	False	1093	1090.0
L	pseudogene_I	True	0	0	True	1096	
MICA	mic_tap	True	0	0	True	1155	
MICB	mic_tap	True	0	0	True	1152	
N	pseudogene_I	True	0	0	True	161	
P	pseudogene_I	True	0	0	True	735	
S	pseudogene_I	True	0	0	True	266	
T	pseudogene_I	False	1	1	True	459	459.0
TAP1	mic_tap	True	0	0	True	2247	
TAP2	mic_tap	True	0	0	True	2061	
U	pseudogene_I	False	3	3	True	196	196.0
V	pseudogene_I	True	0	0	True	538	
W	pseudogene_I	True	0	0	True	936	
A	classical_I	True	0	0	True	1098	
B	classical_I	True	0	0	True	1089	
C	classical_I	True	0	0	True	1101	
DMA	class_II_accessory	True	0	0	True	786	
DMB	class_II_accessory	True	0	0	True	792	
DOA	class_II_accessory	True	0	0	True	753	
DOB	class_II_accessory	True	0	0	True	822	
DPA1	classical_II	True	0	0	True	783	
DPA2	class_II_paralog	True	0	0	True	733	
DPB1	classical_II	True	0	0	True	777	
DPB2	class_II_paralog	True	0	0	True	776	
DQA1	classical_II	True	0	0	True	768	
DQA2	class_II_paralog	True	0	0	True	768	
DQB1	classical_II	True	0	0	True	786	
DQB2	class_II_paralog	True	0	0	True	807	
DRA	class_II_accessory	True	0	0	True	765	
DRB1	classical_II	True	0	0	True	801	
DRB3	class_II_paralog	True	0	0	True	801	
E	nonclassical_I	True	0	0	True	1077	
F	nonclassical_I	True	0	0	True	1041	
G	nonclassical_I	True	0	0	True	1017	
H	pseudogene_I	True	0	0	True	1097	
J	pseudogene_I	True	0	0	True	1088	
K	pseudogene_I	True	0	0	True	1093	
L	pseudogene_I	True	0	0	True	1096	
MICA	mic_tap	True	0	0	True	1167	
MICB	mic_tap	True	0	0	True	1152	
N	pseudogene_I	True	0	0	True	161	
P	pseudogene_I	True	0	0	True	735	
S	pseudogene_I	True	0	0	True	266	
T	pseudogene_I	True	0	0	True	459	
TAP1	mic_tap	True	0	0	True	2247	
TAP2	mic_tap	True	0	0	True	2061	
U	pseudogene_I	True	0	0	True	196	
V	pseudogene_I	True	0	0	True	516	
W	pseudogene_I	True	0	0	True	938	
Y	pseudogene_I	True	0	0	True	824	
A	classical_I	True	0	0	True	1098	
B	classical_I	True	0	0	True	1089	
C	classical_I	True	0	0	True	1101	
DMA	class_II_accessory	True	0	0	True	786	
DMB	class_II_accessory	True	0	0	True	792	
DOA	class_II_accessory	True	0	0	True	753	
DOB	class_II_accessory	True	0	0	True	822	
DPA1	classical_II	True	0	0	True	783	
DPA2	class_II_paralog	True	0	0	True	733	
DPB1	classical_II	True	0	0	True	777	
DPB2	class_II_paralog	True	0	0	True	776	
DQA1	classical_II	True	0	0	True	768	
DQA2	class_II_paralog	True	0	0	True	768	
DQB1	classical_II	True	0	0	True	786	
DQB2	class_II_paralog	True	0	0	True	807	
DRA	class_II_accessory	True	0	0	True	765	
DRB1	classical_II	True	0	0	True	801	
DRB5	class_II_paralog	True	0	0	True	801	
E	nonclassical_I	True	0	0	True	1077	
F	nonclassical_I	True	0	0	True	1041	
G	nonclassical_I	True	0	0	True	1017	
H	pseudogene_I	True	0	0	True	1097	
J	pseudogene_I	True	0	0	True	1088	
K	pseudogene_I	True	0	0	True	1093	
L	pseudogene_I	True	0	0	True	1096	
MICA	mic_tap	True	0	0	True	1156	
MICB	mic_tap	True	0	0	True	1152	
N	pseudogene_I	True	0	0	True	161	
P	pseudogene_I	True	0	0	True	735	
S	pseudogene_I	True	0	0	True	266	
T	pseudogene_I	True	0	0	True	459	
TAP1	mic_tap	True	0	0	True	2247	
TAP2	mic_tap	True	0	0	True	2061	
U	pseudogene_I	True	0	0	True	196	
V	pseudogene_I	True	0	0	True	516	
W	pseudogene_I	True	0	0	True	938	
Y	pseudogene_I	True	0	0	True	824	
A	classical_I	True	0	0	True	1098	
B	classical_I	True	0	0	True	1089	
C	classical_I	True	0	0	True	1101	
DMA	class_II_accessory	True	0	0	True	786	
DMB	class_II_accessory	True	0	0	True	792	
DOA	class_II_accessory	True	0	0	True	753	
DOB	class_II_accessory	True	0	0	True	822	
DPA1	classical_II	True	0	0	True	783	
DPA2	class_II_paralog	True	0	0	True	733	
DPB1	classical_II	True	0	0	True	777	
DPB2	class_II_paralog	True	0	0	True	776	
DQA1	classical_II	True	0	0	True	768	
DQA2	class_II_paralog	True	0	0	True	768	
DQB1	classical_II	True	0	0	True	786	
DQB2	class_II_paralog	True	0	0	True	807	
DRA	class_II_accessory	True	0	0	True	765	
DRB1	classical_II	True	0	0	True	801	
DRB3	class_II_paralog	True	0	0	True	801	
E	nonclassical_I	True	0	0	True	1077	
F	nonclassical_I	True	0	0	True	1041	
G	nonclassical_I	True	0	0	True	1017	
H	pseudogene_I	True	0	0	True	1097	
J	pseudogene_I	True	0	0	True	1088	
K	pseudogene_I	True	0	0	True	1093	
L	pseudogene_I	True	0	0	True	1096	
MICA	mic_tap	True	0	0	True	1167	
MICB	mic_tap	True	0	0	True	1152	
N	pseudogene_I	True	0	0	True	161	
P	pseudogene_I	True	0	0	True	735	
S	pseudogene_I	True	0	0	True	266	
T	pseudogene_I	True	0	0	True	459	
TAP1	mic_tap	True	0	0	True	2247	
TAP2	mic_tap	True	0	0	True	2061	
U	pseudogene_I	True	0	0	True	196	
V	pseudogene_I	True	0	0	True	516	
W	pseudogene_I	True	0	0	True	936	
Y	pseudogene_I	True	0	0	True	824	
A	classical_I	True	0	0	True	1098	
B	classical_I	False	3	2	False	1089	1086.0
C	classical_I	True	0	0	True	1101	
DMA	class_II_accessory	True	0	0	True	786	
DMB	class_II_accessory	True	0	0	True	792	
DOA	class_II_accessory	True	0	0	True	753	
DOB	class_II_accessory	True	0	0	True	822	
DPA1	classical_II	True	0	0	True	783	
DPA2	class_II_paralog	True	0	0	True	733	
DPB1	classical_II	True	0	0	True	777	
DPB2	class_II_paralog	True	0	0	True	776	
DQA1	classical_II	True	0	0	True	765	
DQA2	class_II_paralog	True	0	0	True	768	
DQB1	classical_II	True	0	0	True	786	
DQB2	class_II_paralog	True	0	0	True	807	
DRA	class_II_accessory	True	0	0	True	765	
DRB1	classical_II	True	0	0	True	801	
E	nonclassical_I	True	0	0	True	1077	
F	nonclassical_I	True	0	0	True	1041	
G	nonclassical_I	True	0	0	True	1017	
H	pseudogene_I	False	15	13	True	1096	1096.0
J	pseudogene_I	True	0	0	True	1095	
K	pseudogene_I	False	174	55	True	1093	1093.0
L	pseudogene_I	True	0	0	True	1096	
MICA	mic_tap	True	0	0	True	1155	
MICB	mic_tap	True	0	0	True	1152	
N	pseudogene_I	True	0	0	True	161	
P	pseudogene_I	True	0	0	True	735	
S	pseudogene_I	True	0	0	True	266	
T	pseudogene_I	False	1	1	True	459	459.0
TAP1	mic_tap	True	0	0	True	2247	
TAP2	mic_tap	True	0	0	True	2061	
U	pseudogene_I	False	3	3	True	196	196.0
V	pseudogene_I	True	0	0	True	538	
W	pseudogene_I	True	0	0	True	936	
A	classical_I	True	0	0	True	1098	
B	classical_I	True	0	0	True	1089	
C	classical_I	True	0	0	True	1101	
DMA	class_II_accessory	True	0	0	True	786	
DMB	class_II_accessory	True	0	0	True	792	
DOA	class_II_accessory	True	0	0	True	753	
DOB	class_II_accessory	True	0	0	True	822	
DPA1	classical_II	True	0	0	True	783	
DPA2	class_II_paralog	True	0	0	True	733	
DPB1	classical_II	True	0	0	True	777	
DPB2	class_II_paralog	True	0	0	True	776	
DQA1	classical_II	True	0	0	True	765	
DQA2	class_II_paralog	True	0	0	True	768	
DQB1	classical_II	True	0	0	True	786	
DQB2	class_II_paralog	True	0	0	True	807	
DRA	class_II_accessory	True	0	0	True	765	
DRB1	classical_II	True	0	0	True	801	
DRB3	class_II_paralog	True	0	0	True	801	
DRB4	class_II_paralog	True	0	0	True	801	
E	nonclassical_I	True	0	0	True	1077	
F	nonclassical_I	True	0	0	True	1041	
G	nonclassical_I	True	0	0	True	1017	
H	pseudogene_I	True	0	0	True	1097	
J	pseudogene_I	True	0	0	True	1095	
K	pseudogene_I	True	0	0	True	1093	
L	pseudogene_I	True	0	0	True	1094	
MICA	mic_tap	True	0	0	True	1167	
MICB	mic_tap	True	0	0	True	1152	
N	pseudogene_I	True	0	0	True	161	
P	pseudogene_I	True	0	0	True	735	
S	pseudogene_I	True	0	0	True	266	
T	pseudogene_I	True	0	0	True	459	
TAP1	mic_tap	True	0	0	True	2247	
TAP2	mic_tap	True	0	0	True	2061	
U	pseudogene_I	True	0	0	True	196	
V	pseudogene_I	True	0	0	True	538	
W	pseudogene_I	True	0	0	True	923	
Y	pseudogene_I	True	0	0	True	824	
A	classical_I	True	0	0	True	1098	
B	classical_I	True	0	0	True	1089	
C	classical_I	True	0	0	True	1101	
DMA	class_II_accessory	True	0	0	True	786	
DMB	class_II_accessory	True	0	0	True	792	
DOA	class_II_accessory	True	0	0	True	753	
DOB	class_II_accessory	True	0	0	True	822	
DPA1	classical_II	True	0	0	True	783	
DPA2	class_II_paralog	True	0	0	True	733	
DPB1	classical_II	True	0	0	True	777	
DPB2	class_II_paralog	True	0	0	True	776	
DQA1	classical_II	True	0	0	True	768	
DQA2	class_II_paralog	True	0	0	True	768	
DQB1	classical_II	True	0	0	True	786	
DQB2	class_II_paralog	True	0	0	True	807	
DRA	class_II_accessory	True	0	0	True	765	
DRB1	classical_II	True	0	0	True	801	
DRB5	class_II_paralog	True	0	0	True	782	
E	nonclassical_I	True	0	0	True	1077	
F	nonclassical_I	True	0	0	True	1041	
G	nonclassical_I	True	0	0	True	1017	
H	pseudogene_I	True	0	0	True	1096	
J	pseudogene_I	True	0	0	True	1095	
K	pseudogene_I	True	0	0	True	1093	
L	pseudogene_I	True	0	0	True	1094	
MICA	mic_tap	True	0	0	True	1155	
MICB	mic_tap	True	0	0	True	1152	
N	pseudogene_I	True	0	0	True	161	
P	pseudogene_I	True	0	0	True	735	
S	pseudogene_I	True	0	0	True	266	
T	pseudogene_I	True	0	0	True	459	
TAP1	mic_tap	True	0	0	True	2247	
TAP2	mic_tap	True	0	0	True	2061	
U	pseudogene_I	True	0	0	True	196	
V	pseudogene_I	True	0	0	True	538	
W	pseudogene_I	True	0	0	True	923	
A	classical_I	True	0	0	True	1098	
B	classical_I	True	0	0	True	1089	
C	classical_I	True	0	0	True	1101	
DMA	class_II_accessory	True	0	0	True	786	
DMB	class_II_accessory	True	0	0	True	792	
DOA	class_II_accessory	True	0	0	True	753	
DOB	class_II_accessory	True	0	0	True	822	
DPA1	classical_II	True	0	0	True	783	
DPA2	class_II_paralog	True	0	0	True	733	
DPB1	classical_II	True	0	0	True	777	
DPB2	class_II_paralog	True	0	0	True	776	
DQA1	classical_II	True	0	0	True	765	
DQA2	class_II_paralog	True	0	0	True	768	
DQB1	classical_II	True	0	0	True	786	
DQB2	class_II_paralog	True	0	0	True	807	
DRA	class_II_accessory	True	0	0	True	765	
DRB1	classical_II	True	0	0	True	801	
DRB3	class_II_paralog	True	0	0	True	801	
E	nonclassical_I	True	0	0	True	1077	
F	nonclassical_I	True	0	0	True	1041	
G	nonclassical_I	True	0	0	True	1017	
H	pseudogene_I	True	0	0	True	1096	
HFE	other	True	0	0	True	1047	
J	pseudogene_I	True	0	0	True	1095	
K	pseudogene_I	True	0	0	True	1093	
L	pseudogene_I	True	0	0	True	1094	
MICA	mic_tap	True	0	0	True	1167	
MICB	mic_tap	True	0	0	True	1152	
N	pseudogene_I	True	0	0	True	161	
P	pseudogene_I	True	0	0	True	735	
S	pseudogene_I	True	0	0	True	266	
T	pseudogene_I	True	0	0	True	459	
TAP1	mic_tap	True	0	0	True	2247	
TAP2	mic_tap	True	0	0	True	2112	
U	pseudogene_I	True	0	0	True	196	
V	pseudogene_I	True	0	0	True	538	
W	pseudogene_I	True	0	0	True	923	
A	classical_I	True	0	0	True	1098	
B	classical_I	True	0	0	True	1089	
C	classical_I	True	0	0	True	1101	
DMA	class_II_accessory	True	0	0	True	786	
DMB	class_II_accessory	True	0	0	True	792	
DOA	class_II_accessory	True	0	0	True	753	
DOB	class_II_accessory	True	0	0	True	822	
DPA1	classical_II	True	0	0	True	783	
DPA2	class_II_paralog	True	0	0	True	733	
DPB1	classical_II	True	0	0	True	777	
DPB2	class_II_paralog	True	0	0	True	776	
DQA1	classical_II	True	0	0	True	765	
DQA2	class_II_paralog	True	0	0	True	768	
DQB1	classical_II	True	0	0	True	786	
DQB2	class_II_paralog	True	0	0	True	807	
DRA	class_II_accessory	True	0	0	True	765	
DRB1	classical_II	True	0	0	True	801	
DRB3	class_II_paralog	True	0	0	True	801	
E	nonclassical_I	True	0	0	True	1077	
F	nonclassical_I	True	0	0	True	1041	
G	nonclassical_I	True	0	0	True	1017	
H	pseudogene_I	False	15	15	False	1095	1096.0
J	pseudogene_I	True	0	0	True	1095	
K	pseudogene_I	False	174	55	True	1093	1093.0
L	pseudogene_I	True	0	0	True	1094	
MICA	mic_tap	True	0	0	True	1152	
MICB	mic_tap	True	0	0	True	1152	
N	pseudogene_I	True	0	0	True	161	
P	pseudogene_I	True	0	0	True	735	
S	pseudogene_I	True	0	0	True	266	
T	pseudogene_I	False	1	1	True	459	459.0
TAP1	mic_tap	True	0	0	True	2247	
TAP2	mic_tap	True	0	0	True	2061	
U	pseudogene_I	False	3	3	True	196	196.0
V	pseudogene_I	True	0	0	True	538	
W	pseudogene_I	True	0	0	True	936	
A	classical_I	True	0	0	True	1098	
B	classical_I	True	0	0	True	1089	
C	classical_I	True	0	0	True	1101	
DMA	class_II_accessory	True	0	0	True	786	
DMB	class_II_accessory	True	0	0	True	792	
DOA	class_II_accessory	True	0	0	True	753	
DOB	class_II_accessory	True	0	0	True	822	
DPA1	classical_II	True	0	0	True	783	
DPA2	class_II_paralog	True	0	0	True	733	
DPB1	classical_II	True	0	0	True	777	
DPB2	class_II_paralog	True	0	0	True	776	
DQA1	classical_II	True	0	0	True	765	
DQA2	class_II_paralog	True	0	0	True	768	
DQB1	classical_II	True	0	0	True	786	
DQB2	class_II_paralog	True	0	0	True	807	
DRA	class_II_accessory	True	0	0	True	765	
DRB1	classical_II	True	0	0	True	801	
DRB3	class_II_paralog	True	0	0	True	801	
E	nonclassical_I	False	1	1	False	1076	1077.0
F	nonclassical_I	True	0	0	True	1041	
G	nonclassical_I	False	1	1	False	1017	1016.0
H	pseudogene_I	True	0	0	True	1096	
J	pseudogene_I	True	0	0	True	1095	
K	pseudogene_I	True	0	0	True	1092	
L	pseudogene_I	True	0	0	True	1096	
MICA	mic_tap	True	0	0	True	1158	
MICB	mic_tap	True	0	0	True	1152	
N	pseudogene_I	True	0	0	True	161	
P	pseudogene_I	True	0	0	True	735	
S	pseudogene_I	True	0	0	True	266	
T	pseudogene_I	True	0	0	True	459	
TAP1	mic_tap	True	0	0	True	2247	
TAP2	mic_tap	True	0	0	True	2061	
U	pseudogene_I	True	0	0	True	196	
V	pseudogene_I	True	0	0	True	538	
W	pseudogene_I	True	0	0	True	936	
Y	pseudogene_I	True	0	0	True	824	
A	classical_I	True	0	0	True	1098	
B	classical_I	True	0	0	True	1089	
C	classical_I	True	0	0	True	1101	
DMA	class_II_accessory	True	0	0	True	786	
DMB	class_II_accessory	True	0	0	True	792	
DOA	class_II_accessory	True	0	0	True	753	
DOB	class_II_accessory	True	0	0	True	822	
DPA1	classical_II	True	0	0	True	783	
DPA2	class_II_paralog	True	0	0	True	733	
DPB1	classical_II	True	0	0	True	777	
DPB2	class_II_paralog	True	0	0	True	776	
DQA1	classical_II	True	0	0	True	768	
DQA2	class_II_paralog	True	0	0	True	768	
DQB1	classical_II	True	0	0	True	786	
DQB2	class_II_paralog	True	0	0	True	807	
DRA	class_II_accessory	True	0	0	True	765	
DRB1	classical_II	True	0	0	True	801	
E	nonclassical_I	True	0	0	True	1077	
F	nonclassical_I	True	0	0	True	1041	
G	nonclassical_I	True	0	0	True	1017	
H	pseudogene_I	True	0	0	True	1096	
J	pseudogene_I	True	0	0	True	1095	
K	pseudogene_I	True	0	0	True	1093	
L	pseudogene_I	True	0	0	True	1096	
MICA	mic_tap	True	0	0	True	1156	
MICB	mic_tap	True	0	0	True	1152	
N	pseudogene_I	True	0	0	True	161	
P	pseudogene_I	True	0	0	True	735	
S	pseudogene_I	True	0	0	True	266	
T	pseudogene_I	True	0	0	True	459	
TAP1	mic_tap	True	0	0	True	2247	
TAP2	mic_tap	True	0	0	True	2061	
U	pseudogene_I	True	0	0	True	196	
V	pseudogene_I	True	0	0	True	538	
W	pseudogene_I	True	0	0	True	923	
A	classical_I	True	0	0	True	1098	
B	classical_I	True	0	0	True	1089	
C	classical_I	True	0	0	True	1101	
DMA	class_II_accessory	True	0	0	True	786	
DMB	class_II_accessory	True	0	0	True	792	
DOA	class_II_accessory	True	0	0	True	753	
DOB	class_II_accessory	True	0	0	True	822	
DPA1	classical_II	True	0	0	True	783	
DPA2	class_II_paralog	True	0	0	True	733	
DPB1	classical_II	True	0	0	True	777	
DPB2	class_II_paralog	True	0	0	True	776	
DQA1	classical_II	True	0	0	True	765	
DQA2	class_II_paralog	True	0	0	True	768	
DQB1	classical_II	True	0	0	True	786	
DQB2	class_II_paralog	True	0	0	True	807	
DRA	class_II_accessory	True	0	0	True	765	
DRB1	classical_II	True	0	0	True	801	
DRB3	class_II_paralog	True	0	0	True	801	
DRB4	class_II_paralog	True	0	0	True	801	
E	nonclassical_I	True	0	0	True	1077	
F	nonclassical_I	True	0	0	True	1041	
G	nonclassical_I	True	0	0	True	1017	
H	pseudogene_I	False	15	13	True	1096	1096.0
HFE	other	True	0	0	True	1047	
J	pseudogene_I	True	0	0	True	1095	
K	pseudogene_I	False	175	56	True	1093	1093.0
L	pseudogene_I	True	0	0	True	1094	
MICA	mic_tap	False	8	7	False	1156	1158.0
MICB	mic_tap	True	0	0	True	1152	
N	pseudogene_I	True	0	0	True	161	
P	pseudogene_I	True	0	0	True	735	
S	pseudogene_I	True	0	0	True	266	
T	pseudogene_I	False	1	1	True	459	459.0
TAP1	mic_tap	True	0	0	True	2247	
TAP2	mic_tap	True	0	0	True	2061	
U	pseudogene_I	False	3	3	True	196	196.0
V	pseudogene_I	True	0	0	True	538	
W	pseudogene_I	True	0	0	True	936	
A	classical_I	True	0	0	True	1098	
B	classical_I	True	0	0	True	1089	
C	classical_I	True	0	0	True	1101	
DMA	class_II_accessory	True	0	0	True	786	
DMB	class_II_accessory	True	0	0	True	792	
DOA	class_II_accessory	True	0	0	True	753	
DOB	class_II_accessory	True	0	0	True	822	
DPA1	classical_II	True	0	0	True	783	
DPA2	class_II_paralog	True	0	0	True	733	
DPB1	classical_II	True	0	0	True	777	
DPB2	class_II_paralog	True	0	0	True	776	
DQA1	classical_II	True	0	0	True	768	
DQA2	class_II_paralog	True	0	0	True	768	
DQB1	classical_II	True	0	0	True	786	
DQB2	class_II_paralog	True	0	0	True	807	
DRA	class_II_accessory	True	0	0	True	765	
DRB1	classical_II	True	0	0	True	801	
DRB4	class_II_paralog	True	0	0	True	801	
E	nonclassical_I	True	0	0	True	1077	
F	nonclassical_I	True	0	0	True	1041	
G	nonclassical_I	True	0	0	True	1017	
H	pseudogene_I	True	0	0	True	1096	
HFE	other	True	0	0	True	1047	
J	pseudogene_I	True	0	0	True	1095	
K	pseudogene_I	True	0	0	True	1093	
L	pseudogene_I	True	0	0	True	1096	
MICA	mic_tap	True	0	0	True	1156	
MICB	mic_tap	True	0	0	True	1152	
N	pseudogene_I	True	0	0	True	161	
P	pseudogene_I	True	0	0	True	735	
S	pseudogene_I	True	0	0	True	266	
T	pseudogene_I	True	0	0	True	459	
TAP1	mic_tap	True	0	0	True	2247	
TAP2	mic_tap	True	0	0	True	2061	
U	pseudogene_I	True	0	0	True	196	
V	pseudogene_I	True	0	0	True	538	
W	pseudogene_I	True	0	0	True	923	
A	classical_I	True	0	0	True	1098	
B	classical_I	True	0	0	True	1089	
C	classical_I	True	0	0	True	1101	
DMA	class_II_accessory	True	0	0	True	786	
DMB	class_II_accessory	True	0	0	True	792	
DOA	class_II_accessory	True	0	0	True	753	
DOB	class_II_accessory	True	0	0	True	822	
DPA1	classical_II	True	0	0	True	783	
DPA2	class_II_paralog	True	0	0	True	733	
DPB1	classical_II	True	0	0	True	777	
DPB2	class_II_paralog	True	0	0	True	776	
DQA1	classical_II	True	0	0	True	768	
DQA2	class_II_paralog	True	0	0	True	768	
DQB1	classical_II	True	0	0	True	786	
DQB2	class_II_paralog	True	0	0	True	807	
DRA	class_II_accessory	True	0	0	True	765	
DRB1	classical_II	True	0	0	True	801	
E	nonclassical_I	True	0	0	True	1077	
F	nonclassical_I	True	0	0	True	1041	
G	nonclassical_I	True	0	0	True	1017	
H	pseudogene_I	True	0	0	True	1096	
J	pseudogene_I	True	0	0	True	1095	
K	pseudogene_I	True	0	0	True	1094	
L	pseudogene_I	True	0	0	True	1094	
MICA	mic_tap	True	0	0	True	1156	
MICB	mic_tap	True	0	0	True	1152	
N	pseudogene_I	True	0	0	True	161	
P	pseudogene_I	True	0	0	True	735	
S	pseudogene_I	True	0	0	True	266	
T	pseudogene_I	True	0	0	True	459	
TAP1	mic_tap	True	0	0	True	2247	
TAP2	mic_tap	True	0	0	True	2061	
U	pseudogene_I	True	0	0	True	196	
V	pseudogene_I	True	0	0	True	538	
W	pseudogene_I	True	0	0	True	923	
A	classical_I	True	0	0	True	1098	
B	classical_I	True	0	0	True	1089	
C	classical_I	True	0	0	True	1101	
DMA	class_II_accessory	True	0	0	True	786	
DMB	class_II_accessory	True	0	0	True	792	
DOA	class_II_accessory	True	0	0	True	753	
DOB	class_II_accessory	True	0	0	True	822	
DPA1	classical_II	True	0	0	True	783	
DPA2	class_II_paralog	True	0	0	True	733	
DPB1	classical_II	True	0	0	True	777	
DPB2	class_II_paralog	True	0	0	True	776	
DQA1	classical_II	True	0	0	True	765	
DQA2	class_II_paralog	True	0	0	True	768	
DQB1	classical_II	True	0	0	True	786	
DQB2	class_II_paralog	True	0	0	True	807	
DRA	class_II_accessory	True	0	0	True	765	
DRB1	classical_II	True	0	0	True	801	
DRB4	class_II_paralog	True	0	0	True	801	
E	nonclassical_I	True	0	0	True	1077	
F	nonclassical_I	True	0	0	True	1041	
G	nonclassical_I	True	0	0	True	1017	
H	pseudogene_I	True	0	0	True	1096	
J	pseudogene_I	True	0	0	True	1095	
K	pseudogene_I	True	0	0	True	1092	
L	pseudogene_I	True	0	0	True	1094	
MICA	mic_tap	True	0	0	True	1158	
MICB	mic_tap	True	0	0	True	1152	
N	pseudogene_I	True	0	0	True	161	
P	pseudogene_I	True	0	0	True	732	
S	pseudogene_I	True	0	0	True	266	
T	pseudogene_I	True	0	0	True	459	
TAP1	mic_tap	True	0	0	True	2247	
TAP2	mic_tap	True	0	0	True	2061	
U	pseudogene_I	True	0	0	True	196	
V	pseudogene_I	True	0	0	True	538	
W	pseudogene_I	True	0	0	True	936	
A	classical_I	True	0	0	True	1098	
B	classical_I	True	0	0	True	1089	
C	classical_I	True	0	0	True	1101	
DMA	class_II_accessory	True	0	0	True	786	
DMB	class_II_accessory	True	0	0	True	792	
DOA	class_II_accessory	True	0	0	True	753	
DOB	class_II_accessory	True	0	0	True	822	
DPA1	classical_II	True	0	0	True	783	
DPA2	class_II_paralog	True	0	0	True	733	
DPB1	classical_II	True	0	0	True	777	
DPB2	class_II_paralog	True	0	0	True	776	
DQA1	classical_II	True	0	0	True	768	
DQA2	class_II_paralog	True	0	0	True	768	
DQB1	classical_II	True	0	0	True	786	
DQB2	class_II_paralog	True	0	0	True	807	
DRA	class_II_accessory	True	0	0	True	765	
DRB1	classical_II	True	0	0	True	801	
DRB3	class_II_paralog	True	0	0	True	801	
E	nonclassical_I	True	0	0	True	1077	
F	nonclassical_I	True	0	0	True	1041	
G	nonclassical_I	True	0	0	True	1017	
H	pseudogene_I	True	0	0	True	1090	
J	pseudogene_I	True	0	0	True	1095	
K	pseudogene_I	True	0	0	True	1094	
L	pseudogene_I	True	0	0	True	1094	
MICA	mic_tap	True	0	0	True	1167	
MICB	mic_tap	True	0	0	True	1152	
N	pseudogene_I	True	0	0	True	161	
P	pseudogene_I	True	0	0	True	735	
S	pseudogene_I	True	0	0	True	266	
T	pseudogene_I	True	0	0	True	459	
TAP1	mic_tap	True	0	0	True	2247	
TAP2	mic_tap	True	0	0	True	2061	
U	pseudogene_I	True	0	0	True	195	
V	pseudogene_I	True	0	0	True	538	
W	pseudogene_I	True	0	0	True	923	
A	classical_I	True	0	0	True	1098	
B	classical_I	True	0	0	True	1089	
C	classical_I	True	0	0	True	1101	
DMA	class_II_accessory	True	0	0	True	786	
DMB	class_II_accessory	True	0	0	True	792	
DOA	class_II_accessory	True	0	0	True	753	
DOB	class_II_accessory	True	0	0	True	822	
DPA1	classical_II	True	0	0	True	783	
DPA2	class_II_paralog	True	0	0	True	733	
DPB1	classical_II	True	0	0	True	777	
DPB2	class_II_paralog	True	0	0	True	776	
DQA1	classical_II	True	0	0	True	768	
DQA2	class_II_paralog	True	0	0	True	768	
DQB1	classical_II	True	0	0	True	786	
DQB2	class_II_paralog	True	0	0	True	807	
DRA	class_II_accessory	True	0	0	True	765	
DRB1	classical_II	True	0	0	True	801	
E	nonclassical_I	True	0	0	True	1077	
F	nonclassical_I	True	0	0	True	1041	
G	nonclassical_I	True	0	0	True	1017	
H	pseudogene_I	True	0	0	True	1097	
J	pseudogene_I	True	0	0	True	1095	
K	pseudogene_I	True	0	0	True	1094	
L	pseudogene_I	True	0	0	True	1094	
MICA	mic_tap	False	5	5	True	1152	1152.0
MICB	mic_tap	True	0	0	True	1152	
N	pseudogene_I	True	0	0	True	161	
P	pseudogene_I	True	0	0	True	735	
S	pseudogene_I	True	0	0	True	266	
T	pseudogene_I	True	0	0	True	459	
TAP1	mic_tap	True	0	0	True	2247	
TAP2	mic_tap	True	0	0	True	2061	
U	pseudogene_I	True	0	0	True	196	
V	pseudogene_I	True	0	0	True	538	
W	pseudogene_I	True	0	0	True	938	
A	classical_I	True	0	0	True	1098	
B	classical_I	True	0	0	True	1089	
C	classical_I	True	0	0	True	1101	
DMA	class_II_accessory	True	0	0	True	786	
DMB	class_II_accessory	True	0	0	True	792	
DOA	class_II_accessory	True	0	0	True	753	
DOB	class_II_accessory	True	0	0	True	822	
DPA1	classical_II	True	0	0	True	783	
DPA2	class_II_paralog	True	0	0	True	733	
DPB1	classical_II	True	0	0	True	777	
DPB2	class_II_paralog	False	3	3	True	776	776.0
DQA1	classical_II	True	0	0	True	768	
DQA2	class_II_paralog	True	0	0	True	768	
DQB1	classical_II	True	0	0	True	810	
DQB2	class_II_paralog	True	0	0	True	807	
DRA	class_II_accessory	True	0	0	True	765	
DRB1	classical_II	True	0	0	True	801	
DRB5	class_II_paralog	True	0	0	True	801	
E	nonclassical_I	True	0	0	True	1077	
F	nonclassical_I	True	0	0	True	1041	
G	nonclassical_I	True	0	0	True	1017	
H	pseudogene_I	True	0	0	True	1096	
HFE	other	True	0	0	True	1047	
J	pseudogene_I	True	0	0	True	1095	
K	pseudogene_I	True	0	0	True	1093	
L	pseudogene_I	True	0	0	True	1094	
MICA	mic_tap	True	0	0	True	1158	
MICB	mic_tap	True	0	0	True	1152	
N	pseudogene_I	True	0	0	True	161	
P	pseudogene_I	True	0	0	True	735	
S	pseudogene_I	True	0	0	True	266	
T	pseudogene_I	True	0	0	True	459	
TAP1	mic_tap	True	0	0	True	2247	
TAP2	mic_tap	True	0	0	True	2112	
U	pseudogene_I	True	0	0	True	196	
V	pseudogene_I	True	0	0	True	538	
W	pseudogene_I	True	0	0	True	923	
A	classical_I	True	0	0	True	1098	
B	classical_I	True	0	0	True	1089	
C	classical_I	True	0	0	True	1101	
DMA	class_II_accessory	True	0	0	True	786	
DMB	class_II_accessory	True	0	0	True	792	
DOA	class_II_accessory	True	0	0	True	753	
DOB	class_II_accessory	True	0	0	True	822	
DPA1	classical_II	True	0	0	True	783	
DPA2	class_II_paralog	True	0	0	True	733	
DPB1	classical_II	True	0	0	True	777	
DPB2	class_II_paralog	True	0	0	True	776	
DQA1	classical_II	True	0	0	True	765	
DQA2	class_II_paralog	True	0	0	True	768	
DQB1	classical_II	True	0	0	True	786	
DQB2	class_II_paralog	True	0	0	True	807	
DRA	class_II_accessory	True	0	0	True	765	
DRB1	classical_II	True	0	0	True	801	
DRB4	class_II_paralog	True	0	0	True	801	
E	nonclassical_I	True	0	0	True	1077	
F	nonclassical_I	True	0	0	True	1041	
G	nonclassical_I	True	0	0	True	1017	
H	pseudogene_I	True	0	0	True	1097	
J	pseudogene_I	True	0	0	True	1095	
K	pseudogene_I	True	0	0	True	1093	
L	pseudogene_I	True	0	0	True	1094	
MICA	mic_tap	True	0	0	True	1158	
MICB	mic_tap	True	0	0	True	1152	
N	pseudogene_I	True	0	0	True	161	
P	pseudogene_I	True	0	0	True	732	
S	pseudogene_I	True	0	0	True	266	
T	pseudogene_I	True	0	0	True	459	
TAP1	mic_tap	True	0	0	True	2247	
TAP2	mic_tap	True	0	0	True	2061	
U	pseudogene_I	True	0	0	True	196	
V	pseudogene_I	True	0	0	True	517	
W	pseudogene_I	True	0	0	True	938	
Y	pseudogene_I	True	0	0	True	824	
A	classical_I	True	0	0	True	1098	
B	classical_I	False	29	25	True	1089	1089.0
C	classical_I	True	0	0	True	1101	
DMA	class_II_accessory	True	0	0	True	786	
DMB	class_II_accessory	True	0	0	True	792	
DOA	class_II_accessory	True	0	0	True	753	
DOB	class_II_accessory	True	0	0	True	822	
DPA1	classical_II	True	0	0	True	783	
DPA2	class_II_paralog	True	0	0	True	733	
DPB1	classical_II	True	0	0	True	777	
DPB2	class_II_paralog	True	0	0	True	776	
DQA1	classical_II	True	0	0	True	765	
DQA2	class_II_paralog	True	0	0	True	768	
DQB1	classical_II	True	0	0	True	786	
DQB2	class_II_paralog	True	0	0	True	807	
DRA	class_II_accessory	True	0	0	True	765	
DRB1	classical_II	True	0	0	True	801	
DRB3	class_II_paralog	True	0	0	True	801	
E	nonclassical_I	True	0	0	True	1077	
F	nonclassical_I	True	0	0	True	1041	
G	nonclassical_I	True	0	0	True	1017	
H	pseudogene_I	True	0	0	True	1097	
J	pseudogene_I	True	0	0	True	1095	
K	pseudogene_I	True	0	0	True	1093	
L	pseudogene_I	True	0	0	True	1096	
MICA	mic_tap	True	0	0	True	1167	
MICB	mic_tap	False	2	2	True	1152	1152.0
N	pseudogene_I	True	0	0	True	161	
P	pseudogene_I	True	0	0	True	732	
S	pseudogene_I	True	0	0	True	266	
T	pseudogene_I	True	0	0	True	459	
TAP1	mic_tap	True	0	0	True	2247	
TAP2	mic_tap	True	0	0	True	2061	
U	pseudogene_I	True	0	0	True	196	
V	pseudogene_I	True	0	0	True	517	
W	pseudogene_I	True	0	0	True	938	
A	classical_I	True	0	0	True	1098	
B	classical_I	True	0	0	True	1089	
C	classical_I	True	0	0	True	1101	
DMA	class_II_accessory	True	0	0	True	786	
DMB	class_II_accessory	True	0	0	True	792	
DOA	class_II_accessory	True	0	0	True	753	
DOB	class_II_accessory	True	0	0	True	822	
DPA1	classical_II	True	0	0	True	783	
DPA2	class_II_paralog	True	0	0	True	733	
DPB1	classical_II	True	0	0	True	777	
DPB2	class_II_paralog	True	0	0	True	776	
DQA1	classical_II	True	0	0	True	768	
DQA2	class_II_paralog	True	0	0	True	768	
DQB1	classical_II	True	0	0	True	786	
DQB2	class_II_paralog	True	0	0	True	807	
DRA	class_II_accessory	True	0	0	True	765	
DRB1	classical_II	True	0	0	True	801	
DRB4	class_II_paralog	True	0	0	True	801	
E	nonclassical_I	True	0	0	True	1077	
F	nonclassical_I	True	0	0	True	1041	
G	nonclassical_I	True	0	0	True	1017	
H	pseudogene_I	True	0	0	True	1097	
J	pseudogene_I	True	0	0	True	1088	
K	pseudogene_I	True	0	0	True	1093	
L	pseudogene_I	True	0	0	True	1096	
MICA	mic_tap	True	0	0	True	1156	
MICB	mic_tap	True	0	0	True	1152	
N	pseudogene_I	True	0	0	True	161	
P	pseudogene_I	True	0	0	True	735	
S	pseudogene_I	True	0	0	True	266	
T	pseudogene_I	True	0	0	True	459	
TAP1	mic_tap	True	0	0	True	2247	
TAP2	mic_tap	True	0	0	True	2112	
U	pseudogene_I	True	0	0	True	196	
V	pseudogene_I	True	0	0	True	516	
W	pseudogene_I	True	0	0	True	938	
Y	pseudogene_I	True	0	0	True	824	
A	classical_I	True	0	0	True	1098	
B	classical_I	True	0	0	True	1089	
C	classical_I	True	0	0	True	1101	
DMA	class_II_accessory	True	0	0	True	786	
DMB	class_II_accessory	True	0	0	True	792	
DOA	class_II_accessory	True	0	0	True	753	
DOB	class_II_accessory	True	0	0	True	822	
DPA1	classical_II	True	0	0	True	783	
DPA2	class_II_paralog	True	0	0	True	733	
DPB1	classical_II	True	0	0	True	777	
DPB2	class_II_paralog	True	0	0	True	776	
DQA1	classical_II	True	0	0	True	768	
DQA2	class_II_paralog	True	0	0	True	768	
DQB1	classical_II	True	0	0	True	786	
DQB2	class_II_paralog	True	0	0	True	807	
DRA	class_II_accessory	True	0	0	True	765	
DRB1	classical_II	True	0	0	True	801	
DRB3	class_II_paralog	True	0	0	True	801	
E	nonclassical_I	True	0	0	True	1077	
F	nonclassical_I	True	0	0	True	1041	
G	nonclassical_I	True	0	0	True	1017	
H	pseudogene_I	True	0	0	True	1097	
J	pseudogene_I	True	0	0	True	1095	
K	pseudogene_I	True	0	0	True	1094	
L	pseudogene_I	True	0	0	True	1096	
MICA	mic_tap	True	0	0	True	1156	
MICB	mic_tap	True	0	0	True	1152	
N	pseudogene_I	True	0	0	True	161	
P	pseudogene_I	True	0	0	True	735	
S	pseudogene_I	True	0	0	True	266	
T	pseudogene_I	True	0	0	True	459	
TAP1	mic_tap	True	0	0	True	2247	
TAP2	mic_tap	True	0	0	True	2112	
U	pseudogene_I	True	0	0	True	196	
V	pseudogene_I	True	0	0	True	538	
W	pseudogene_I	True	0	0	True	938	
A	classical_I	False	3	3	False	1095	1098.0
B	classical_I	True	0	0	True	1089	
C	classical_I	True	0	0	True	1101	
DMA	class_II_accessory	True	0	0	True	786	
DMB	class_II_accessory	True	0	0	True	792	
DOA	class_II_accessory	True	0	0	True	753	
DOB	class_II_accessory	True	0	0	True	822	
DPA1	classical_II	True	0	0	True	783	
DPA2	class_II_paralog	True	0	0	True	733	
DPB1	classical_II	True	0	0	True	777	
DPB2	class_II_paralog	False	2	1	True	776	776.0
DQA1	classical_II	True	0	0	True	765	
DQA2	class_II_paralog	True	0	0	True	768	
DQB1	classical_II	True	0	0	True	786	
DQB2	class_II_paralog	True	0	0	True	807	
DRA	class_II_accessory	True	0	0	True	765	
DRB1	classical_II	True	0	0	True	801	
DRB3	class_II_paralog	True	0	0	True	801	
E	nonclassical_I	True	0	0	True	1077	
F	nonclassical_I	True	0	0	True	1041	
G	nonclassical_I	True	0	0	True	1017	
H	pseudogene_I	True	0	0	True	1097	
J	pseudogene_I	True	0	0	True	1095	
K	pseudogene_I	True	0	0	True	1094	
L	pseudogene_I	True	0	0	True	1094	
MICA	mic_tap	True	0	0	True	1167	
MICB	mic_tap	True	0	0	True	1152	
N	pseudogene_I	True	0	0	True	161	
P	pseudogene_I	True	0	0	True	735	
S	pseudogene_I	True	0	0	True	266	
T	pseudogene_I	True	0	0	True	459	
TAP1	mic_tap	True	0	0	True	2247	
TAP2	mic_tap	True	0	0	True	2112	
U	pseudogene_I	True	0	0	True	196	
V	pseudogene_I	True	0	0	True	538	
W	pseudogene_I	True	0	0	True	938	
A	classical_I	True	0	0	True	1098	
B	classical_I	False	3	3	False	1092	1089.0
C	classical_I	True	0	0	True	1101	
DMA	class_II_accessory	True	0	0	True	786	
DMB	class_II_accessory	True	0	0	True	792	
DOA	class_II_accessory	True	0	0	True	753	
DOB	class_II_accessory	True	0	0	True	822	
DPA1	classical_II	True	0	0	True	783	
DPA2	class_II_paralog	True	0	0	True	733	
DPB1	classical_II	True	0	0	True	777	
DPB2	class_II_paralog	True	0	0	True	776	
DQA1	classical_II	False	1	1	True	768	768.0
DQA2	class_II_paralog	True	0	0	True	768	
DQB1	classical_II	True	0	0	True	786	
DQB2	class_II_paralog	True	0	0	True	807	
DRA	class_II_accessory	True	0	0	True	765	
DRB1	classical_II	True	0	0	True	801	
DRB4	class_II_paralog	True	0	0	True	801	
E	nonclassical_I	True	0	0	True	1077	
F	nonclassical_I	True	0	0	True	1041	
G	nonclassical_I	True	0	0	True	1017	
H	pseudogene_I	True	0	0	True	1096	
J	pseudogene_I	True	0	0	True	1095	
K	pseudogene_I	True	0	0	True	1093	
L	pseudogene_I	True	0	0	True	1096	
MICA	mic_tap	True	0	0	True	1155	
MICB	mic_tap	True	0	0	True	1152	
N	pseudogene_I	True	0	0	True	161	
P	pseudogene_I	True	0	0	True	735	
S	pseudogene_I	True	0	0	True	266	
T	pseudogene_I	True	0	0	True	459	
TAP1	mic_tap	True	0	0	True	2247	
TAP2	mic_tap	True	0	0	True	2061	
U	pseudogene_I	True	0	0	True	196	
V	pseudogene_I	True	0	0	True	538	
W	pseudogene_I	True	0	0	True	923	
A	classical_I	True	0	0	True	1098	
B	classical_I	True	0	0	True	1089	
DMA	class_II_accessory	True	0	0	True	786	
DMB	class_II_accessory	True	0	0	True	792	
DOA	class_II_accessory	True	0	0	True	753	
DOB	class_II_accessory	True	0	0	True	822	
DPA1	classical_II	True	0	0	True	783	
DPA2	class_II_paralog	True	0	0	True	733	
DPB1	classical_II	True	0	0	True	777	
DPB2	class_II_paralog	True	0	0	True	776	
DQA1	classical_II	True	0	0	True	768	
DQA2	class_II_paralog	True	0	0	True	768	
DQB1	classical_II	True	0	0	True	786	
DQB2	class_II_paralog	True	0	0	True	807	
DRA	class_II_accessory	True	0	0	True	765	
DRB1	classical_II	True	0	0	True	801	
DRB4	class_II_paralog	True	0	0	True	801	
E	nonclassical_I	True	0	0	True	1077	
F	nonclassical_I	True	0	0	True	1041	
G	nonclassical_I	True	0	0	True	1017	
H	pseudogene_I	True	0	0	True	1096	
J	pseudogene_I	True	0	0	True	1095	
K	pseudogene_I	True	0	0	True	1093	
L	pseudogene_I	True	0	0	True	1096	
MICA	mic_tap	True	0	0	True	1156	
MICB	mic_tap	True	0	0	True	1152	
N	pseudogene_I	True	0	0	True	161	
P	pseudogene_I	True	0	0	True	735	
S	pseudogene_I	True	0	0	True	266	
T	pseudogene_I	True	0	0	True	459	
TAP1	mic_tap	True	0	0	True	2247	
TAP2	mic_tap	False	2	2	True	2061	2061.0
U	pseudogene_I	True	0	0	True	196	
V	pseudogene_I	True	0	0	True	538	
W	pseudogene_I	True	0	0	True	923	
A	classical_I	True	0	0	True	1098	
C	classical_I	True	0	0	True	1101	
DMA	class_II_accessory	False	320	85	True	786	786.0
DMB	class_II_accessory	True	0	0	True	792	
DOA	class_II_accessory	True	0	0	True	753	
DOB	class_II_accessory	False	1	1	True	822	822.0
DPA1	classical_II	True	0	0	True	783	
DPA2	class_II_paralog	True	0	0	True	733	
DPB1	classical_II	True	0	0	True	777	
DPB2	class_II_paralog	True	0	0	True	776	
DQA1	classical_II	True	0	0	True	765	
DQA2	class_II_paralog	True	0	0	True	768	
DQB1	classical_II	True	0	0	True	786	
DQB2	class_II_paralog	True	0	0	True	807	
DRA	class_II_accessory	True	0	0	True	765	
DRB1	classical_II	True	0	0	True	801	
E	nonclassical_I	False	4	4	False	1081	1077.0
F	nonclassical_I	True	0	0	True	1041	
G	nonclassical_I	True	0	0	True	1017	
H	pseudogene_I	True	0	0	True	1096	
J	pseudogene_I	True	0	0	True	1095	
K	pseudogene_I	True	0	0	True	1093	
L	pseudogene_I	False	2	2	False	1092	1094.0
MICA	mic_tap	True	0	0	True	1156	
MICB	mic_tap	True	0	0	True	1152	
N	pseudogene_I	True	0	0	True	161	
P	pseudogene_I	True	0	0	True	735	
T	pseudogene_I	True	0	0	True	459	
TAP1	mic_tap	True	0	0	True	2247	
TAP2	mic_tap	True	0	0	True	2061	
U	pseudogene_I	True	0	0	True	196	
V	pseudogene_I	True	0	0	True	517	
W	pseudogene_I	True	0	0	True	923	
A	classical_I	True	0	0	True	1098	
B	classical_I	True	0	0	True	1089	
C	classical_I	True	0	0	True	1101	
DMA	class_II_accessory	True	0	0	True	786	
DMB	class_II_accessory	True	0	0	True	792	
DOA	class_II_accessory	True	0	0	True	753	
DOB	class_II_accessory	True	0	0	True	822	
DPA1	classical_II	True	0	0	True	783	
DPA2	class_II_paralog	True	0	0	True	733	
DPB1	classical_II	True	0	0	True	777	
DPB2	class_II_paralog	True	0	0	True	776	
DQA1	classical_II	True	0	0	True	765	
DQA2	class_II_paralog	True	0	0	True	768	
DQB1	classical_II	True	0	0	True	786	
DQB2	class_II_paralog	True	0	0	True	807	
DRA	class_II_accessory	True	0	0	True	765	
DRB1	classical_II	True	0	0	True	801	
DRB3	class_II_paralog	False	15	13	True	801	801.0
DRB4	class_II_paralog	True	0	0	True	801	
E	nonclassical_I	True	0	0	True	1077	
F	nonclassical_I	True	0	0	True	1041	
G	nonclassical_I	True	0	0	True	1017	
H	pseudogene_I	True	0	0	True	1090	
HFE	other	True	0	0	True	1047	
J	pseudogene_I	True	0	0	True	1095	
K	pseudogene_I	True	0	0	True	1094	
L	pseudogene_I	True	0	0	True	1096	
MICA	mic_tap	True	0	0	True	1166	
MICB	mic_tap	True	0	0	True	1152	
N	pseudogene_I	True	0	0	True	161	
P	pseudogene_I	True	0	0	True	735	
S	pseudogene_I	True	0	0	True	266	
T	pseudogene_I	True	0	0	True	459	
TAP1	mic_tap	True	0	0	True	2247	
TAP2	mic_tap	True	0	0	True	2061	
U	pseudogene_I	True	0	0	True	195	
V	pseudogene_I	True	0	0	True	538	
W	pseudogene_I	True	0	0	True	938	
A	classical_I	True	0	0	True	1098	
B	classical_I	True	0	0	True	1089	
C	classical_I	True	0	0	True	1101	
DMA	class_II_accessory	True	0	0	True	786	
DMB	class_II_accessory	True	0	0	True	792	
DOA	class_II_accessory	True	0	0	True	753	
DOB	class_II_accessory	True	0	0	True	822	
DPA1	classical_II	True	0	0	True	783	
DPA2	class_II_paralog	True	0	0	True	733	
DPB1	classical_II	True	0	0	True	777	
DPB2	class_II_paralog	True	0	0	True	776	
DQA1	classical_II	True	0	0	True	768	
DQA2	class_II_paralog	True	0	0	True	768	
DQB1	classical_II	True	0	0	True	786	
DQB2	class_II_paralog	True	0	0	True	807	
DRA	class_II_accessory	True	0	0	True	765	
DRB1	classical_II	False	1	1	True	801	801.0
DRB5	class_II_paralog	True	0	0	True	801	
E	nonclassical_I	True	0	0	True	1077	
F	nonclassical_I	True	0	0	True	1041	
G	nonclassical_I	True	0	0	True	1017	
H	pseudogene_I	True	0	0	True	1096	
J	pseudogene_I	True	0	0	True	1096	
K	pseudogene_I	True	0	0	True	1093	
L	pseudogene_I	True	0	0	True	1096	
MICA	mic_tap	False	1	1	False	1156	1155.0
MICB	mic_tap	True	0	0	True	1152	
N	pseudogene_I	True	0	0	True	161	
P	pseudogene_I	True	0	0	True	732	
S	pseudogene_I	True	0	0	True	266	
T	pseudogene_I	True	0	0	True	459	
TAP1	mic_tap	True	0	0	True	2247	
TAP2	mic_tap	True	0	0	True	2061	
U	pseudogene_I	True	0	0	True	196	
V	pseudogene_I	True	0	0	True	517	
W	pseudogene_I	True	0	0	True	936	
A	classical_I	True	0	0	True	1098	
B	classical_I	True	0	0	True	1089	
C	classical_I	True	0	0	True	1101	
DMA	class_II_accessory	True	0	0	True	786	
DMB	class_II_accessory	True	0	0	True	792	
DOA	class_II_accessory	True	0	0	True	753	
DOB	class_II_accessory	True	0	0	True	822	
DPA1	classical_II	True	0	0	True	783	
DPA2	class_II_paralog	True	0	0	True	733	
DPB1	classical_II	True	0	0	True	777	
DPB2	class_II_paralog	True	0	0	True	776	
DQA1	classical_II	True	0	0	True	765	
DQA2	class_II_paralog	True	0	0	True	768	
DQB1	classical_II	True	0	0	True	786	
DQB2	class_II_paralog	True	0	0	True	807	
DRA	class_II_accessory	True	0	0	True	765	
DRB1	classical_II	True	0	0	True	801	
DRB4	class_II_paralog	True	0	0	True	801	
E	nonclassical_I	True	0	0	True	1077	
F	nonclassical_I	True	0	0	True	1041	
G	nonclassical_I	True	0	0	True	1017	
H	pseudogene_I	True	0	0	True	1096	
J	pseudogene_I	True	0	0	True	1095	
K	pseudogene_I	True	0	0	True	1091	
L	pseudogene_I	True	0	0	True	1094	
MICA	mic_tap	True	0	0	True	1158	
MICB	mic_tap	True	0	0	True	1152	
N	pseudogene_I	True	0	0	True	161	
P	pseudogene_I	True	0	0	True	732	
S	pseudogene_I	True	0	0	True	266	
T	pseudogene_I	True	0	0	True	459	
TAP1	mic_tap	True	0	0	True	2247	
TAP2	mic_tap	True	0	0	True	2061	
U	pseudogene_I	True	0	0	True	196	
V	pseudogene_I	True	0	0	True	538	
W	pseudogene_I	True	0	0	True	938	
A	classical_I	True	0	0	True	1098	
B	classical_I	True	0	0	True	1089	
C	classical_I	True	0	0	True	1101	
DMA	class_II_accessory	True	0	0	True	786	
DMB	class_II_accessory	True	0	0	True	792	
DOA	class_II_accessory	True	0	0	True	753	
DOB	class_II_accessory	True	0	0	True	822	
DPA1	classical_II	True	0	0	True	783	
DPA2	class_II_paralog	True	0	0	True	733	
DPB1	classical_II	True	0	0	True	777	
DPB2	class_II_paralog	True	0	0	True	776	
DQA1	classical_II	True	0	0	True	765	
DQA2	class_II_paralog	True	0	0	True	768	
DQB1	classical_II	True	0	0	True	786	
DQB2	class_II_paralog	True	0	0	True	807	
DRA	class_II_accessory	True	0	0	True	765	
DRB1	classical_II	True	0	0	True	801	
DRB4	class_II_paralog	True	0	0	True	801	
E	nonclassical_I	True	0	0	True	1077	
F	nonclassical_I	True	0	0	True	1041	
G	nonclassical_I	True	0	0	True	1017	
H	pseudogene_I	True	0	0	True	1096	
J	pseudogene_I	True	0	0	True	1095	
K	pseudogene_I	True	0	0	True	1093	
L	pseudogene_I	True	0	0	True	1096	
MICA	mic_tap	True	0	0	True	1166	
MICB	mic_tap	True	0	0	True	1152	
N	pseudogene_I	True	0	0	True	161	
P	pseudogene_I	True	0	0	True	732	
S	pseudogene_I	True	0	0	True	266	
T	pseudogene_I	True	0	0	True	459	
TAP1	mic_tap	True	0	0	True	2247	
TAP2	mic_tap	True	0	0	True	2061	
U	pseudogene_I	True	0	0	True	196	
V	pseudogene_I	True	0	0	True	538	
W	pseudogene_I	True	0	0	True	936	
A	classical_I	True	0	0	True	1098	
B	classical_I	True	0	0	True	1089	
C	classical_I	True	0	0	True	1101	
DMA	class_II_accessory	True	0	0	True	786	
DMB	class_II_accessory	True	0	0	True	792	
DOA	class_II_accessory	True	0	0	True	753	
DOB	class_II_accessory	True	0	0	True	822	
DPA1	classical_II	True	0	0	True	783	
DPA2	class_II_paralog	True	0	0	True	733	
DPB1	classical_II	True	0	0	True	777	
DPB2	class_II_paralog	True	0	0	True	776	
DQA1	classical_II	True	0	0	True	765	
DQA2	class_II_paralog	True	0	0	True	768	
DQB1	classical_II	True	0	0	True	786	
DQB2	class_II_paralog	True	0	0	True	807	
DRA	class_II_accessory	True	0	0	True	765	
DRB1	classical_II	True	0	0	True	801	
DRB4	class_II_paralog	True	0	0	True	801	
E	nonclassical_I	True	0	0	True	1077	
F	nonclassical_I	True	0	0	True	1041	
G	nonclassical_I	True	0	0	True	1017	
H	pseudogene_I	True	0	0	True	1090	
J	pseudogene_I	True	0	0	True	1095	
K	pseudogene_I	True	0	0	True	1091	
L	pseudogene_I	True	0	0	True	1094	
MICA	mic_tap	True	0	0	True	1166	
MICB	mic_tap	True	0	0	True	1152	
N	pseudogene_I	True	0	0	True	161	
P	pseudogene_I	True	0	0	True	735	
S	pseudogene_I	True	0	0	True	266	
T	pseudogene_I	True	0	0	True	459	
TAP1	mic_tap	True	0	0	True	2247	
TAP2	mic_tap	True	0	0	True	2061	
U	pseudogene_I	True	0	0	True	196	
V	pseudogene_I	True	0	0	True	538	
W	pseudogene_I	True	0	0	True	938	
A	classical_I	True	0	0	True	1098	
B	classical_I	True	0	0	True	1089	
C	classical_I	True	0	0	True	1101	
DMA	class_II_accessory	True	0	0	True	786	
DMB	class_II_accessory	True	0	0	True	792	
DOA	class_II_accessory	True	0	0	True	753	
DOB	class_II_accessory	True	0	0	True	822	
DPA1	classical_II	True	0	0	True	783	
DPA2	class_II_paralog	True	0	0	True	733	
DPB1	classical_II	True	0	0	True	777	
DPB2	class_II_paralog	True	0	0	True	776	
DQA1	classical_II	True	0	0	True	768	
DQA2	class_II_paralog	True	0	0	True	768	
DQB1	classical_II	True	0	0	True	786	
DQB2	class_II_paralog	True	0	0	True	807	
DRA	class_II_accessory	True	0	0	True	765	
DRB1	classical_II	True	0	0	True	801	
DRB3	class_II_paralog	False	100	1	False	701	801.0
DRB4	class_II_paralog	True	0	0	True	801	
E	nonclassical_I	True	0	0	True	1077	
F	nonclassical_I	True	0	0	True	1041	
G	nonclassical_I	True	0	0	True	1017	
H	pseudogene_I	True	0	0	True	1096	
J	pseudogene_I	True	0	0	True	1095	
K	pseudogene_I	True	0	0	True	1093	
L	pseudogene_I	True	0	0	True	1096	
MICA	mic_tap	True	0	0	True	1156	
MICB	mic_tap	True	0	0	True	1152	
N	pseudogene_I	True	0	0	True	161	
P	pseudogene_I	True	0	0	True	735	
S	pseudogene_I	True	0	0	True	266	
T	pseudogene_I	True	0	0	True	459	
TAP1	mic_tap	True	0	0	True	2247	
TAP2	mic_tap	True	0	0	True	2061	
U	pseudogene_I	True	0	0	True	196	
V	pseudogene_I	True	0	0	True	517	
W	pseudogene_I	True	0	0	True	936	
A	classical_I	True	0	0	True	1098	
B	classical_I	True	0	0	True	1089	
C	classical_I	True	0	0	True	1101	
DMA	class_II_accessory	True	0	0	True	786	
DMB	class_II_accessory	True	0	0	True	792	
DOA	class_II_accessory	True	0	0	True	753	
DOB	class_II_accessory	True	0	0	True	822	
DPA1	classical_II	True	0	0	True	783	
DPA2	class_II_paralog	True	0	0	True	733	
DPB1	classical_II	True	0	0	True	777	
DPB2	class_II_paralog	True	0	0	True	776	
DQA1	classical_II	True	0	0	True	768	
DQA2	class_II_paralog	True	0	0	True	768	
DQB1	classical_II	True	0	0	True	786	
DQB2	class_II_paralog	True	0	0	True	807	
DRA	class_II_accessory	False	1	1	True	765	765.0
DRB1	classical_II	True	0	0	True	801	
DRB4	class_II_paralog	True	0	0	True	801	
E	nonclassical_I	True	0	0	True	1077	
F	nonclassical_I	True	0	0	True	1041	
G	nonclassical_I	True	0	0	True	1017	
H	pseudogene_I	True	0	0	True	1096	
J	pseudogene_I	True	0	0	True	1095	
K	pseudogene_I	True	0	0	True	1093	
L	pseudogene_I	True	0	0	True	1096	
MICA	mic_tap	True	0	0	True	1155	
MICB	mic_tap	True	0	0	True	1152	
N	pseudogene_I	True	0	0	True	161	
P	pseudogene_I	True	0	0	True	735	
S	pseudogene_I	True	0	0	True	266	
T	pseudogene_I	True	0	0	True	459	
TAP1	mic_tap	True	0	0	True	2247	
TAP2	mic_tap	True	0	0	True	2061	
U	pseudogene_I	True	0	0	True	196	
V	pseudogene_I	True	0	0	True	538	
W	pseudogene_I	True	0	0	True	923	
A	classical_I	True	0	0	True	1098	
B	classical_I	True	0	0	True	1089	
C	classical_I	True	0	0	True	1101	
DMA	class_II_accessory	True	0	0	True	786	
DMB	class_II_accessory	True	0	0	True	792	
DOA	class_II_accessory	True	0	0	True	753	
DOB	class_II_accessory	True	0	0	True	822	
DPA1	classical_II	True	0	0	True	783	
DPA2	class_II_paralog	True	0	0	True	733	
DPB1	classical_II	True	0	0	True	777	
DPB2	class_II_paralog	True	0	0	True	776	
DQA1	classical_II	True	0	0	True	765	
DQA2	class_II_paralog	True	0	0	True	768	
DQB1	classical_II	True	0	0	True	786	
DQB2	class_II_paralog	True	0	0	True	807	
DRA	class_II_accessory	True	0	0	True	765	
DRB1	classical_II	True	0	0	True	801	
DRB3	class_II_paralog	True	0	0	True	801	
DRB4	class_II_paralog	False	1	1	True	801	801.0
E	nonclassical_I	True	0	0	True	1077	
F	nonclassical_I	True	0	0	True	1041	
G	nonclassical_I	True	0	0	True	1017	
H	pseudogene_I	True	0	0	True	1096	
J	pseudogene_I	True	0	0	True	1095	
K	pseudogene_I	True	0	0	True	1093	
L	pseudogene_I	True	0	0	True	1096	
MICA	mic_tap	True	0	0	True	1156	
MICB	mic_tap	True	0	0	True	1152	
N	pseudogene_I	True	0	0	True	161	
P	pseudogene_I	True	0	0	True	732	
S	pseudogene_I	True	0	0	True	266	
T	pseudogene_I	True	0	0	True	459	
TAP1	mic_tap	True	0	0	True	2247	
TAP2	mic_tap	True	0	0	True	2061	
U	pseudogene_I	True	0	0	True	196	
V	pseudogene_I	True	0	0	True	517	
W	pseudogene_I	True	0	0	True	936	
A	classical_I	True	0	0	True	1098	
B	classical_I	True	0	0	True	1089	
C	classical_I	True	0	0	True	1101	
DMA	class_II_accessory	True	0	0	True	786	
DMB	class_II_accessory	True	0	0	True	792	
DOA	class_II_accessory	True	0	0	True	753	
DOB	class_II_accessory	True	0	0	True	822	
DPA1	classical_II	True	0	0	True	783	
DPA2	class_II_paralog	False	2	2	True	733	733.0
DPB1	classical_II	True	0	0	True	777	
DPB2	class_II_paralog	True	0	0	True	776	
DQA1	classical_II	True	0	0	True	768	
DQA2	class_II_paralog	True	0	0	True	768	
DQB1	classical_II	True	0	0	True	786	
DQB2	class_II_paralog	True	0	0	True	807	
DRA	class_II_accessory	True	0	0	True	765	
DRB1	classical_II	True	0	0	True	801	
DRB3	class_II_paralog	True	0	0	True	801	
E	nonclassical_I	True	0	0	True	1077	
F	nonclassical_I	True	0	0	True	1041	
G	nonclassical_I	True	0	0	True	1017	
H	pseudogene_I	True	0	0	True	1097	
J	pseudogene_I	True	0	0	True	1088	
K	pseudogene_I	True	0	0	True	1093	
L	pseudogene_I	True	0	0	True	1094	
MICA	mic_tap	True	0	0	True	1167	
MICB	mic_tap	False	4	4	False	1152	1150.0
N	pseudogene_I	True	0	0	True	161	
P	pseudogene_I	False	2	2	True	735	735.0
S	pseudogene_I	True	0	0	True	266	
T	pseudogene_I	True	0	0	True	459	
TAP1	mic_tap	True	0	0	True	2247	
TAP2	mic_tap	True	0	0	True	2061	
U	pseudogene_I	True	0	0	True	196	
V	pseudogene_I	True	0	0	True	516	
W	pseudogene_I	True	0	0	True	938	
Y	pseudogene_I	True	0	0	True	824	
A	classical_I	True	0	0	True	1098	
B	classical_I	True	0	0	True	1089	
C	classical_I	True	0	0	True	1101	
DMA	class_II_accessory	True	0	0	True	786	
DMB	class_II_accessory	True	0	0	True	792	
DOA	class_II_accessory	True	0	0	True	753	
DOB	class_II_accessory	True	0	0	True	822	
DPA1	classical_II	True	0	0	True	783	
DPA2	class_II_paralog	True	0	0	True	733	
DPB1	classical_II	True	0	0	True	777	
DPB2	class_II_paralog	True	0	0	True	776	
DQA1	classical_II	True	0	0	True	768	
DQA2	class_II_paralog	True	0	0	True	768	
DQB1	classical_II	True	0	0	True	786	
DQB2	class_II_paralog	True	0	0	True	807	
DRA	class_II_accessory	True	0	0	True	765	
DRB1	classical_II	True	0	0	True	801	
DRB3	class_II_paralog	True	0	0	True	801	
E	nonclassical_I	False	2	2	True	1077	1077.0
F	nonclassical_I	True	0	0	True	1041	
G	nonclassical_I	True	0	0	True	1017	
H	pseudogene_I	True	0	0	True	1096	
J	pseudogene_I	True	0	0	True	1089	
K	pseudogene_I	True	0	0	True	1095	
L	pseudogene_I	True	0	0	True	1094	
MICA	mic_tap	False	2	2	True	1156	1156.0
MICB	mic_tap	True	0	0	True	1152	
N	pseudogene_I	True	0	0	True	161	
P	pseudogene_I	True	0	0	True	732	
S	pseudogene_I	True	0	0	True	266	
T	pseudogene_I	True	0	0	True	459	
TAP1	mic_tap	True	0	0	True	2247	
TAP2	mic_tap	True	0	0	True	2061	
U	pseudogene_I	True	0	0	True	196	
V	pseudogene_I	False	1	1	False	517	516.0
W	pseudogene_I	True	0	0	True	938	
Y	pseudogene_I	True	0	0	True	824	
A	classical_I	True	0	0	True	1098	
B	classical_I	True	0	0	True	1089	
C	classical_I	True	0	0	True	1101	
DMA	class_II_accessory	True	0	0	True	786	
DMB	class_II_accessory	True	0	0	True	792	
DOA	class_II_accessory	True	0	0	True	753	
DOB	class_II_accessory	True	0	0	True	822	
DPA1	classical_II	True	0	0	True	783	
DPA2	class_II_paralog	True	0	0	True	733	
DPB1	classical_II	True	0	0	True	777	
DPB2	class_II_paralog	True	0	0	True	776	
DQA1	classical_II	True	0	0	True	768	
DQA2	class_II_paralog	True	0	0	True	768	
DQB1	classical_II	True	0	0	True	786	
DQB2	class_II_paralog	True	0	0	True	807	
DRA	class_II_accessory	True	0	0	True	765	
DRB1	classical_II	True	0	0	True	801	
DRB3	class_II_paralog	True	0	0	True	801	
E	nonclassical_I	True	0	0	True	1077	
F	nonclassical_I	True	0	0	True	1041	
G	nonclassical_I	True	0	0	True	1017	
H	pseudogene_I	True	0	0	True	1096	
J	pseudogene_I	True	0	0	True	1089	
K	pseudogene_I	True	0	0	True	1095	
L	pseudogene_I	True	0	0	True	1096	
MICA	mic_tap	True	0	0	True	1156	
MICB	mic_tap	True	0	0	True	1152	
N	pseudogene_I	True	0	0	True	161	
P	pseudogene_I	True	0	0	True	732	
S	pseudogene_I	True	0	0	True	266	
T	pseudogene_I	True	0	0	True	459	
TAP1	mic_tap	True	0	0	True	2247	
TAP2	mic_tap	True	0	0	True	2061	
U	pseudogene_I	True	0	0	True	196	
V	pseudogene_I	True	0	0	True	517	
W	pseudogene_I	True	0	0	True	938	
Y	pseudogene_I	True	0	0	True	824	
A	classical_I	True	0	0	True	1098	
B	classical_I	True	0	0	True	1089	
C	classical_I	True	0	0	True	1101	
DMA	class_II_accessory	True	0	0	True	786	
DMB	class_II_accessory	True	0	0	True	792	
DOA	class_II_accessory	True	0	0	True	753	
DOB	class_II_accessory	True	0	0	True	822	
DPA1	classical_II	True	0	0	True	783	
DPA2	class_II_paralog	True	0	0	True	733	
DPB1	classical_II	True	0	0	True	777	
DPB2	class_II_paralog	True	0	0	True	776	
DQA1	classical_II	True	0	0	True	765	
DQA2	class_II_paralog	True	0	0	True	768	
DQB1	classical_II	True	0	0	True	786	
DQB2	class_II_paralog	True	0	0	True	807	
DRA	class_II_accessory	True	0	0	True	765	
DRB1	classical_II	True	0	0	True	801	
DRB4	class_II_paralog	True	0	0	True	801	
E	nonclassical_I	True	0	0	True	1077	
F	nonclassical_I	True	0	0	True	1041	
G	nonclassical_I	True	0	0	True	1017	
H	pseudogene_I	True	0	0	True	1096	
J	pseudogene_I	True	0	0	True	1095	
K	pseudogene_I	True	0	0	True	1093	
L	pseudogene_I	True	0	0	True	1096	
MICA	mic_tap	False	1	1	True	1156	1156.0
MICB	mic_tap	True	0	0	True	1152	
N	pseudogene_I	True	0	0	True	161	
P	pseudogene_I	True	0	0	True	735	
S	pseudogene_I	True	0	0	True	266	
T	pseudogene_I	True	0	0	True	459	
TAP1	mic_tap	True	0	0	True	2247	
TAP2	mic_tap	True	0	0	True	2112	
U	pseudogene_I	True	0	0	True	196	
V	pseudogene_I	True	0	0	True	538	
W	pseudogene_I	True	0	0	True	923	
A	classical_I	True	0	0	True	1098	
B	classical_I	True	0	0	True	1089	
C	classical_I	True	0	0	True	1101	
DMA	class_II_accessory	True	0	0	True	786	
DMB	class_II_accessory	True	0	0	True	792	
DOA	class_II_accessory	True	0	0	True	753	
DOB	class_II_accessory	True	0	0	True	822	
DPA1	classical_II	True	0	0	True	783	
DPA2	class_II_paralog	True	0	0	True	733	
DPB1	classical_II	True	0	0	True	777	
DPB2	class_II_paralog	True	0	0	True	776	
DQA1	classical_II	True	0	0	True	765	
DQA2	class_II_paralog	True	0	0	True	768	
DQB1	classical_II	True	0	0	True	786	
DQB2	class_II_paralog	True	0	0	True	807	
DRA	class_II_accessory	True	0	0	True	765	
DRB1	classical_II	True	0	0	True	801	
DRB3	class_II_paralog	True	0	0	True	801	
E	nonclassical_I	True	0	0	True	1077	
F	nonclassical_I	True	0	0	True	1041	
G	nonclassical_I	True	0	0	True	1017	
H	pseudogene_I	True	0	0	True	1096	
J	pseudogene_I	False	1	1	False	1095	1094.0
K	pseudogene_I	True	0	0	True	1093	
L	pseudogene_I	True	0	0	True	1096	
MICA	mic_tap	True	0	0	True	1155	
MICB	mic_tap	True	0	0	True	1152	
N	pseudogene_I	True	0	0	True	161	
P	pseudogene_I	True	0	0	True	735	
S	pseudogene_I	True	0	0	True	266	
T	pseudogene_I	True	0	0	True	459	
TAP1	mic_tap	True	0	0	True	2247	
TAP2	mic_tap	True	0	0	True	2112	
U	pseudogene_I	True	0	0	True	196	
V	pseudogene_I	True	0	0	True	538	
W	pseudogene_I	True	0	0	True	923	
A	classical_I	True	0	0	True	1098	
B	classical_I	True	0	0	True	1089	
C	classical_I	True	0	0	True	1101	
DMA	class_II_accessory	False	1	1	True	786	786.0
DMB	class_II_accessory	True	0	0	True	792	
DOA	class_II_accessory	True	0	0	True	753	
DOB	class_II_accessory	True	0	0	True	822	
DPA1	classical_II	True	0	0	True	783	
DPA2	class_II_paralog	True	0	0	True	733	
DPB1	classical_II	True	0	0	True	777	
DPB2	class_II_paralog	True	0	0	True	776	
DQA1	classical_II	True	0	0	True	768	
DQA2	class_II_paralog	True	0	0	True	768	
DQB1	classical_II	True	0	0	True	786	
DQB2	class_II_paralog	True	0	0	True	807	
DRA	class_II_accessory	True	0	0	True	765	
DRB1	classical_II	True	0	0	True	801	
DRB5	class_II_paralog	True	0	0	True	801	
E	nonclassical_I	True	0	0	True	1077	
F	nonclassical_I	True	0	0	True	1041	
G	nonclassical_I	True	0	0	True	1017	
H	pseudogene_I	True	0	0	True	1096	
J	pseudogene_I	True	0	0	True	1095	
K	pseudogene_I	True	0	0	True	1093	
L	pseudogene_I	True	0	0	True	1096	
MICA	mic_tap	True	0	0	True	1158	
MICB	mic_tap	False	1	1	False	1152	1153.0
N	pseudogene_I	True	0	0	True	161	
P	pseudogene_I	True	0	0	True	735	
S	pseudogene_I	True	0	0	True	266	
T	pseudogene_I	True	0	0	True	459	
TAP1	mic_tap	True	0	0	True	2247	
TAP2	mic_tap	True	0	0	True	2061	
U	pseudogene_I	True	0	0	True	196	
V	pseudogene_I	True	0	0	True	538	
W	pseudogene_I	True	0	0	True	923	
A	classical_I	True	0	0	True	1098	
B	classical_I	True	0	0	True	1089	
C	classical_I	True	0	0	True	1101	
DMA	class_II_accessory	True	0	0	True	786	
DMB	class_II_accessory	True	0	0	True	792	
DOA	class_II_accessory	True	0	0	True	753	
DOB	class_II_accessory	True	0	0	True	822	
DPA1	classical_II	True	0	0	True	783	
DPA2	class_II_paralog	True	0	0	True	733	
DPB1	classical_II	True	0	0	True	777	
DPB2	class_II_paralog	True	0	0	True	776	
DQA1	classical_II	True	0	0	True	765	
DQA2	class_II_paralog	True	0	0	True	768	
DQB1	classical_II	True	0	0	True	786	
DQB2	class_II_paralog	True	0	0	True	807	
DRA	class_II_accessory	True	0	0	True	765	
DRB1	classical_II	True	0	0	True	801	
DRB4	class_II_paralog	True	0	0	True	801	
E	nonclassical_I	True	0	0	True	1077	
F	nonclassical_I	True	0	0	True	1041	
G	nonclassical_I	True	0	0	True	1017	
H	pseudogene_I	True	0	0	True	1090	
J	pseudogene_I	True	0	0	True	1095	
K	pseudogene_I	True	0	0	True	1091	
L	pseudogene_I	True	0	0	True	1094	
MICA	mic_tap	True	0	0	True	1158	
MICB	mic_tap	True	0	0	True	1152	
N	pseudogene_I	True	0	0	True	161	
P	pseudogene_I	True	0	0	True	735	
S	pseudogene_I	True	0	0	True	266	
T	pseudogene_I	True	0	0	True	459	
TAP1	mic_tap	True	0	0	True	2247	
TAP2	mic_tap	True	0	0	True	2061	
U	pseudogene_I	True	0	0	True	196	
V	pseudogene_I	True	0	0	True	538	
W	pseudogene_I	True	0	0	True	938	
A	classical_I	True	0	0	True	1098	
B	classical_I	True	0	0	True	1089	
C	classical_I	True	0	0	True	1101	
DMA	class_II_accessory	True	0	0	True	786	
DMB	class_II_accessory	True	0	0	True	792	
DOA	class_II_accessory	True	0	0	True	753	
DOB	class_II_accessory	True	0	0	True	822	
DPA1	classical_II	True	0	0	True	783	
DPA2	class_II_paralog	True	0	0	True	733	
DPB1	classical_II	True	0	0	True	777	
DPB2	class_II_paralog	True	0	0	True	776	
DQA1	classical_II	True	0	0	True	765	
DQA2	class_II_paralog	True	0	0	True	768	
DQB1	classical_II	True	0	0	True	786	
DQB2	class_II_paralog	True	0	0	True	807	
DRA	class_II_accessory	True	0	0	True	765	
DRB1	classical_II	True	0	0	True	801	
DRB4	class_II_paralog	True	0	0	True	801	
E	nonclassical_I	True	0	0	True	1077	
F	nonclassical_I	True	0	0	True	1041	
G	nonclassical_I	True	0	0	True	1017	
H	pseudogene_I	True	0	0	True	1090	
J	pseudogene_I	True	0	0	True	1095	
K	pseudogene_I	True	0	0	True	1091	
L	pseudogene_I	True	0	0	True	1094	
MICA	mic_tap	True	0	0	True	1158	
MICB	mic_tap	True	0	0	True	1152	
N	pseudogene_I	True	0	0	True	161	
P	pseudogene_I	True	0	0	True	735	
S	pseudogene_I	True	0	0	True	266	
T	pseudogene_I	True	0	0	True	459	
TAP1	mic_tap	True	0	0	True	2247	
TAP2	mic_tap	True	0	0	True	2061	
U	pseudogene_I	True	0	0	True	196	
V	pseudogene_I	True	0	0	True	538	
W	pseudogene_I	True	0	0	True	938	
A	classical_I	True	0	0	True	1098	
B	classical_I	True	0	0	True	1089	
C	classical_I	True	0	0	True	1101	
DMA	class_II_accessory	True	0	0	True	786	
DMB	class_II_accessory	True	0	0	True	792	
DOA	class_II_accessory	True	0	0	True	753	
DOB	class_II_accessory	True	0	0	True	822	
DPA1	classical_II	True	0	0	True	783	
DPA2	class_II_paralog	True	0	0	True	733	
DPB1	classical_II	True	0	0	True	777	
DPB2	class_II_paralog	True	0	0	True	776	
DQA1	classical_II	True	0	0	True	765	
DQA2	class_II_paralog	True	0	0	True	768	
DQB1	classical_II	True	0	0	True	786	
DQB2	class_II_paralog	True	0	0	True	807	
DRA	class_II_accessory	True	0	0	True	765	
DRB1	classical_II	False	27	6	True	801	801.0
DRB4	class_II_paralog	True	0	0	True	801	
E	nonclassical_I	True	0	0	True	1077	
F	nonclassical_I	True	0	0	True	1041	
G	nonclassical_I	True	0	0	True	1017	
H	pseudogene_I	True	0	0	True	1096	
J	pseudogene_I	True	0	0	True	1088	
K	pseudogene_I	True	0	0	True	1093	
L	pseudogene_I	True	0	0	True	1094	
MICA	mic_tap	True	0	0	True	1158	
MICB	mic_tap	True	0	0	True	1152	
N	pseudogene_I	True	0	0	True	161	
P	pseudogene_I	True	0	0	True	735	
S	pseudogene_I	True	0	0	True	266	
T	pseudogene_I	True	0	0	True	459	
TAP1	mic_tap	True	0	0	True	2247	
TAP2	mic_tap	True	0	0	True	2061	
U	pseudogene_I	True	0	0	True	196	
V	pseudogene_I	True	0	0	True	538	
W	pseudogene_I	True	0	0	True	938	
Y	pseudogene_I	True	0	0	True	824	
A	classical_I	True	0	0	True	1098	
B	classical_I	True	0	0	True	1089	
C	classical_I	True	0	0	True	1101	
DMA	class_II_accessory	True	0	0	True	786	
DMB	class_II_accessory	True	0	0	True	792	
DOA	class_II_accessory	True	0	0	True	753	
DOB	class_II_accessory	True	0	0	True	822	
DPA1	classical_II	True	0	0	True	783	
DPA2	class_II_paralog	True	0	0	True	733	
DPB1	classical_II	True	0	0	True	777	
DPB2	class_II_paralog	True	0	0	True	776	
DQA1	classical_II	True	0	0	True	768	
DQA2	class_II_paralog	True	0	0	True	768	
DQB1	classical_II	True	0	0	True	786	
DQB2	class_II_paralog	True	0	0	True	807	
DRA	class_II_accessory	True	0	0	True	765	
DRB1	classical_II	True	0	0	True	801	
DRB5	class_II_paralog	True	0	0	True	801	
E	nonclassical_I	True	0	0	True	1077	
F	nonclassical_I	True	0	0	True	1041	
G	nonclassical_I	True	0	0	True	1017	
H	pseudogene_I	False	1	1	False	1097	1096.0
J	pseudogene_I	True	0	0	True	1095	
K	pseudogene_I	True	0	0	True	1094	
L	pseudogene_I	True	0	0	True	1094	
MICA	mic_tap	True	0	0	True	1167	
MICB	mic_tap	True	0	0	True	1152	
N	pseudogene_I	True	0	0	True	161	
P	pseudogene_I	True	0	0	True	735	
S	pseudogene_I	False	1	1	True	266	266.0
T	pseudogene_I	True	0	0	True	459	
TAP1	mic_tap	True	0	0	True	2247	
TAP2	mic_tap	True	0	0	True	2112	
U	pseudogene_I	True	0	0	True	196	
V	pseudogene_I	True	0	0	True	538	
W	pseudogene_I	True	0	0	True	938	
A	classical_I	True	0	0	True	1098	
B	classical_I	True	0	0	True	1089	
C	classical_I	True	0	0	True	1101	
DMA	class_II_accessory	True	0	0	True	786	
DMB	class_II_accessory	True	0	0	True	792	
DOA	class_II_accessory	True	0	0	True	753	
DOB	class_II_accessory	True	0	0	True	822	
DPA1	classical_II	True	0	0	True	783	
DPA2	class_II_paralog	True	0	0	True	733	
DPB1	classical_II	True	0	0	True	777	
DPB2	class_II_paralog	True	0	0	True	776	
DQA1	classical_II	True	0	0	True	768	
DQA2	class_II_paralog	True	0	0	True	768	
DQB1	classical_II	True	0	0	True	786	
DQB2	class_II_paralog	True	0	0	True	807	
DRA	class_II_accessory	True	0	0	True	765	
DRB1	classical_II	True	0	0	True	801	
DRB5	class_II_paralog	True	0	0	True	801	
E	nonclassical_I	True	0	0	True	1077	
F	nonclassical_I	True	0	0	True	1041	
G	nonclassical_I	True	0	0	True	1017	
H	pseudogene_I	True	0	0	True	1097	
J	pseudogene_I	True	0	0	True	1095	
K	pseudogene_I	True	0	0	True	1094	
L	pseudogene_I	True	0	0	True	1094	
MICA	mic_tap	False	1	1	False	1167	1168.0
MICB	mic_tap	False	2	2	True	1152	1152.0
N	pseudogene_I	True	0	0	True	161	
P	pseudogene_I	True	0	0	True	735	
S	pseudogene_I	True	0	0	True	266	
T	pseudogene_I	True	0	0	True	459	
TAP1	mic_tap	True	0	0	True	2247	
TAP2	mic_tap	True	0	0	True	2061	
U	pseudogene_I	True	0	0	True	196	
V	pseudogene_I	True	0	0	True	538	
W	pseudogene_I	True	0	0	True	938	
A	classical_I	True	0	0	True	1098	
B	classical_I	True	0	0	True	1089	
C	classical_I	True	0	0	True	1101	
DMA	class_II_accessory	True	0	0	True	786	
DMB	class_II_accessory	True	0	0	True	792	
DOA	class_II_accessory	True	0	0	True	753	
DOB	class_II_accessory	True	0	0	True	822	
DPA1	classical_II	True	0	0	True	783	
DPA2	class_II_paralog	True	0	0	True	733	
DPB1	classical_II	True	0	0	True	777	
DPB2	class_II_paralog	True	0	0	True	776	
DQA1	classical_II	True	0	0	True	765	
DQA2	class_II_paralog	True	0	0	True	768	
DQB1	classical_II	True	0	0	True	786	
DQB2	class_II_paralog	True	0	0	True	807	
DRA	class_II_accessory	True	0	0	True	765	
DRB1	classical_II	True	0	0	True	801	
DRB3	class_II_paralog	True	0	0	True	801	
E	nonclassical_I	True	0	0	True	1077	
F	nonclassical_I	True	0	0	True	1041	
G	nonclassical_I	True	0	0	True	1017	
H	pseudogene_I	True	0	0	True	1096	
J	pseudogene_I	True	0	0	True	1095	
K	pseudogene_I	True	0	0	True	1093	
L	pseudogene_I	True	0	0	True	1096	
MICA	mic_tap	True	0	0	True	1152	
MICB	mic_tap	True	0	0	True	1152	
N	pseudogene_I	True	0	0	True	161	
P	pseudogene_I	True	0	0	True	735	
S	pseudogene_I	True	0	0	True	266	
T	pseudogene_I	True	0	0	True	459	
TAP1	mic_tap	True	0	0	True	2247	
TAP2	mic_tap	True	0	0	True	2061	
U	pseudogene_I	True	0	0	True	196	
V	pseudogene_I	True	0	0	True	517	
W	pseudogene_I	True	0	0	True	936	
A	classical_I	False	3	3	False	1099	1098.0
B	classical_I	True	0	0	True	1089	
C	classical_I	True	0	0	True	1101	
DMA	class_II_accessory	True	0	0	True	786	
DMB	class_II_accessory	True	0	0	True	792	
DOA	class_II_accessory	True	0	0	True	753	
DOB	class_II_accessory	True	0	0	True	822	
DPA1	classical_II	True	0	0	True	783	
DPA2	class_II_paralog	True	0	0	True	733	
DPB1	classical_II	True	0	0	True	777	
DPB2	class_II_paralog	True	0	0	True	776	
DQA1	classical_II	True	0	0	True	765	
DQA2	class_II_paralog	True	0	0	True	768	
DQB1	classical_II	True	0	0	True	786	
DQB2	class_II_paralog	True	0	0	True	807	
DRA	class_II_accessory	True	0	0	True	765	
DRB1	classical_II	False	1	1	False	800	801.0
DRB3	class_II_paralog	True	0	0	True	801	
E	nonclassical_I	False	1	1	True	1077	1077.0
F	nonclassical_I	True	0	0	True	1041	
G	nonclassical_I	True	0	0	True	1017	
H	pseudogene_I	True	0	0	True	1096	
J	pseudogene_I	False	1	1	False	1096	1095.0
K	pseudogene_I	True	0	0	True	1093	
L	pseudogene_I	True	0	0	True	1094	
MICA	mic_tap	True	0	0	True	1155	
MICB	mic_tap	True	0	0	True	1152	
N	pseudogene_I	True	0	0	True	161	
P	pseudogene_I	True	0	0	True	735	
S	pseudogene_I	True	0	0	True	266	
T	pseudogene_I	True	0	0	True	459	
TAP1	mic_tap	True	0	0	True	2247	
TAP2	mic_tap	True	0	0	True	2112	
U	pseudogene_I	True	0	0	True	196	
V	pseudogene_I	True	0	0	True	538	
W	pseudogene_I	True	0	0	True	923	
A	classical_I	True	0	0	True	1098	
B	classical_I	True	0	0	True	1089	
C	classical_I	True	0	0	True	1101	
DMA	class_II_accessory	True	0	0	True	786	
DMB	class_II_accessory	True	0	0	True	792	
DOA	class_II_accessory	True	0	0	True	753	
DOB	class_II_accessory	True	0	0	True	822	
DPA1	classical_II	True	0	0	True	783	
DPA2	class_II_paralog	True	0	0	True	733	
DPB1	classical_II	True	0	0	True	777	
DPB2	class_II_paralog	True	0	0	True	776	
DQA1	classical_II	True	0	0	True	765	
DQA2	class_II_paralog	True	0	0	True	768	
DQB1	classical_II	True	0	0	True	786	
DQB2	class_II_paralog	True	0	0	True	807	
DRA	class_II_accessory	True	0	0	True	765	
DRB1	classical_II	True	0	0	True	801	
DRB3	class_II_paralog	True	0	0	True	801	
E	nonclassical_I	True	0	0	True	1077	
F	nonclassical_I	True	0	0	True	1041	
G	nonclassical_I	True	0	0	True	1017	
H	pseudogene_I	True	0	0	True	1096	
J	pseudogene_I	True	0	0	True	1095	
K	pseudogene_I	True	0	0	True	1092	
L	pseudogene_I	True	0	0	True	1096	
MICA	mic_tap	True	0	0	True	1156	
MICB	mic_tap	True	0	0	True	1152	
N	pseudogene_I	True	0	0	True	161	
P	pseudogene_I	True	0	0	True	735	
S	pseudogene_I	True	0	0	True	266	
T	pseudogene_I	True	0	0	True	459	
TAP1	mic_tap	True	0	0	True	2247	
TAP2	mic_tap	True	0	0	True	2061	
U	pseudogene_I	True	0	0	True	196	
V	pseudogene_I	True	0	0	True	538	
W	pseudogene_I	True	0	0	True	923	
A	classical_I	True	0	0	True	1098	
B	classical_I	True	0	0	True	1089	
C	classical_I	True	0	0	True	1101	
DMA	class_II_accessory	True	0	0	True	786	
DMB	class_II_accessory	True	0	0	True	792	
DOA	class_II_accessory	True	0	0	True	753	
DOB	class_II_accessory	True	0	0	True	822	
DPA1	classical_II	True	0	0	True	783	
DPA2	class_II_paralog	True	0	0	True	733	
DPB1	classical_II	True	0	0	True	777	
DPB2	class_II_paralog	True	0	0	True	776	
DQA1	classical_II	True	0	0	True	765	
DQA2	class_II_paralog	True	0	0	True	768	
DQB1	classical_II	True	0	0	True	786	
DQB2	class_II_paralog	True	0	0	True	807	
DRA	class_II_accessory	True	0	0	True	765	
DRB1	classical_II	True	0	0	True	801	
DRB3	class_II_paralog	True	0	0	True	801	
E	nonclassical_I	True	0	0	True	1077	
F	nonclassical_I	True	0	0	True	1041	
G	nonclassical_I	True	0	0	True	1017	
H	pseudogene_I	True	0	0	True	1096	
J	pseudogene_I	True	0	0	True	1095	
K	pseudogene_I	True	0	0	True	1093	
L	pseudogene_I	True	0	0	True	1096	
MICA	mic_tap	True	0	0	True	1155	
MICB	mic_tap	True	0	0	True	1152	
N	pseudogene_I	True	0	0	True	161	
P	pseudogene_I	True	0	0	True	732	
S	pseudogene_I	True	0	0	True	266	
T	pseudogene_I	True	0	0	True	459	
TAP1	mic_tap	True	0	0	True	2247	
TAP2	mic_tap	False	1	1	True	2061	2061.0
U	pseudogene_I	True	0	0	True	196	
V	pseudogene_I	True	0	0	True	517	
W	pseudogene_I	True	0	0	True	936	
A	classical_I	True	0	0	True	1098	
B	classical_I	True	0	0	True	1089	
C	classical_I	True	0	0	True	1101	
DMA	class_II_accessory	True	0	0	True	786	
DMB	class_II_accessory	True	0	0	True	792	
DOA	class_II_accessory	True	0	0	True	753	
DOB	class_II_accessory	True	0	0	True	822	
DPA1	classical_II	True	0	0	True	783	
DPA2	class_II_paralog	True	0	0	True	733	
DPB1	classical_II	True	0	0	True	777	
DPB2	class_II_paralog	True	0	0	True	776	
DQA1	classical_II	True	0	0	True	765	
DQA2	class_II_paralog	True	0	0	True	768	
DQB1	classical_II	True	0	0	True	786	
DQB2	class_II_paralog	True	0	0	True	807	
DRA	class_II_accessory	True	0	0	True	765	
DRB1	classical_II	True	0	0	True	801	
DRB3	class_II_paralog	True	0	0	True	801	
E	nonclassical_I	True	0	0	True	1077	
F	nonclassical_I	True	0	0	True	1041	
G	nonclassical_I	True	0	0	True	1017	
H	pseudogene_I	True	0	0	True	1104	
HFE	other	True	0	0	True	1047	
J	pseudogene_I	True	0	0	True	1095	
K	pseudogene_I	True	0	0	True	1092	
L	pseudogene_I	True	0	0	True	1096	
MICA	mic_tap	True	0	0	True	1167	
MICB	mic_tap	True	0	0	True	1152	
N	pseudogene_I	True	0	0	True	161	
P	pseudogene_I	True	0	0	True	732	
S	pseudogene_I	True	0	0	True	266	
T	pseudogene_I	True	0	0	True	459	
TAP1	mic_tap	True	0	0	True	2247	
TAP2	mic_tap	True	0	0	True	2061	
U	pseudogene_I	True	0	0	True	196	
V	pseudogene_I	True	0	0	True	517	
W	pseudogene_I	True	0	0	True	936	
A	classical_I	True	0	0	True	1098	
B	classical_I	False	1	1	False	1088	1089.0
C	classical_I	True	0	0	True	1101	
DMA	class_II_accessory	True	0	0	True	786	
DMB	class_II_accessory	True	0	0	True	792	
DOA	class_II_accessory	True	0	0	True	753	
DOB	class_II_accessory	True	0	0	True	822	
DPA1	classical_II	True	0	0	True	783	
DPA2	class_II_paralog	True	0	0	True	733	
DPB1	classical_II	True	0	0	True	777	
DPB2	class_II_paralog	True	0	0	True	776	
DQA1	classical_II	True	0	0	True	768	
DQA2	class_II_paralog	True	0	0	True	768	
DQB1	classical_II	True	0	0	True	786	
DQB2	class_II_paralog	True	0	0	True	807	
DRA	class_II_accessory	True	0	0	True	765	
DRB1	classical_II	True	0	0	True	801	
DRB4	class_II_paralog	True	0	0	True	801	
E	nonclassical_I	True	0	0	True	1077	
F	nonclassical_I	True	0	0	True	1041	
G	nonclassical_I	True	0	0	True	1017	
H	pseudogene_I	True	0	0	True	1097	
J	pseudogene_I	True	0	0	True	1088	
K	pseudogene_I	True	0	0	True	1093	
L	pseudogene_I	True	0	0	True	1094	
MICA	mic_tap	True	0	0	True	1155	
MICB	mic_tap	True	0	0	True	1152	
N	pseudogene_I	True	0	0	True	161	
P	pseudogene_I	True	0	0	True	735	
S	pseudogene_I	True	0	0	True	266	
T	pseudogene_I	True	0	0	True	459	
TAP1	mic_tap	True	0	0	True	2247	
TAP2	mic_tap	True	0	0	True	2061	
U	pseudogene_I	True	0	0	True	196	
V	pseudogene_I	True	0	0	True	538	
W	pseudogene_I	True	0	0	True	938	
Y	pseudogene_I	True	0	0	True	824	
A	classical_I	True	0	0	True	1098	
B	classical_I	True	0	0	True	1089	
C	classical_I	True	0	0	True	1101	
DMA	class_II_accessory	True	0	0	True	786	
DMB	class_II_accessory	True	0	0	True	792	
DOA	class_II_accessory	True	0	0	True	753	
DOB	class_II_accessory	True	0	0	True	822	
DPA1	classical_II	True	0	0	True	783	
DPA2	class_II_paralog	True	0	0	True	733	
DPB1	classical_II	True	0	0	True	777	
DPB2	class_II_paralog	True	0	0	True	776	
DQA1	classical_II	True	0	0	True	768	
DQA2	class_II_paralog	True	0	0	True	768	
DQB1	classical_II	True	0	0	True	786	
DQB2	class_II_paralog	True	0	0	True	807	
DRA	class_II_accessory	True	0	0	True	765	
DRB1	classical_II	False	36	30	True	801	801.0
DRB4	class_II_paralog	True	0	0	True	801	
E	nonclassical_I	True	0	0	True	1077	
F	nonclassical_I	True	0	0	True	1041	
G	nonclassical_I	True	0	0	True	1017	
H	pseudogene_I	True	0	0	True	1096	
J	pseudogene_I	True	0	0	True	1095	
K	pseudogene_I	True	0	0	True	1093	
L	pseudogene_I	True	0	0	True	1096	
MICA	mic_tap	False	3	3	False	1152	1151.0
MICB	mic_tap	True	0	0	True	1152	
N	pseudogene_I	True	0	0	True	161	
P	pseudogene_I	True	0	0	True	735	
S	pseudogene_I	True	0	0	True	266	
T	pseudogene_I	True	0	0	True	459	
TAP1	mic_tap	True	0	0	True	2247	
TAP2	mic_tap	True	0	0	True	2061	
U	pseudogene_I	True	0	0	True	196	
V	pseudogene_I	True	0	0	True	538	
W	pseudogene_I	True	0	0	True	923	
A	classical_I	True	0	0	True	1098	
B	classical_I	True	0	0	True	1089	
C	classical_I	True	0	0	True	1101	
DMA	class_II_accessory	True	0	0	True	786	
DMB	class_II_accessory	True	0	0	True	792	
DOA	class_II_accessory	False	3	3	True	753	753.0
DOB	class_II_accessory	True	0	0	True	822	
DPA1	classical_II	True	0	0	True	783	
DPA2	class_II_paralog	True	0	0	True	733	
DPB1	classical_II	True	0	0	True	777	
DPB2	class_II_paralog	True	0	0	True	776	
DQA1	classical_II	True	0	0	True	765	
DQA2	class_II_paralog	True	0	0	True	768	
DQB1	classical_II	True	0	0	True	786	
DQB2	class_II_paralog	True	0	0	True	807	
DRA	class_II_accessory	True	0	0	True	765	
DRB1	classical_II	True	0	0	True	801	
DRB4	class_II_paralog	True	0	0	True	801	
E	nonclassical_I	True	0	0	True	1077	
F	nonclassical_I	True	0	0	True	1041	
G	nonclassical_I	True	0	0	True	1017	
J	pseudogene_I	True	0	0	True	1095	
L	pseudogene_I	True	0	0	True	1096	
MICA	mic_tap	True	0	0	True	1158	
MICB	mic_tap	True	0	0	True	1152	
N	pseudogene_I	True	0	0	True	161	
P	pseudogene_I	True	0	0	True	735	
S	pseudogene_I	True	0	0	True	266	
TAP1	mic_tap	True	0	0	True	2247	
TAP2	mic_tap	True	0	0	True	2061	
V	pseudogene_I	True	0	0	True	516	
W	pseudogene_I	False	1	1	True	936	936.0
A	classical_I	True	0	0	True	1098	
B	classical_I	True	0	0	True	1089	
C	classical_I	True	0	0	True	1101	
DMA	class_II_accessory	True	0	0	True	786	
DMB	class_II_accessory	True	0	0	True	792	
DOA	class_II_accessory	True	0	0	True	753	
DOB	class_II_accessory	True	0	0	True	822	
DPA1	classical_II	True	0	0	True	783	
DPA2	class_II_paralog	True	0	0	True	733	
DPB1	classical_II	True	0	0	True	777	
DPB2	class_II_paralog	True	0	0	True	776	
DQA1	classical_II	True	0	0	True	768	
DQA2	class_II_paralog	True	0	0	True	768	
DQB1	classical_II	True	0	0	True	786	
DQB2	class_II_paralog	True	0	0	True	807	
DRA	class_II_accessory	True	0	0	True	765	
DRB1	classical_II	True	0	0	True	801	
DRB3	class_II_paralog	True	0	0	True	801	
DRB5	class_II_paralog	True	0	0	True	801	
E	nonclassical_I	True	0	0	True	1077	
F	nonclassical_I	True	0	0	True	1041	
G	nonclassical_I	True	0	0	True	1017	
H	pseudogene_I	True	0	0	True	1096	
J	pseudogene_I	True	0	0	True	1095	
K	pseudogene_I	True	0	0	True	1093	
L	pseudogene_I	True	0	0	True	1096	
MICA	mic_tap	True	0	0	True	1156	
MICB	mic_tap	True	0	0	True	1152	
N	pseudogene_I	True	0	0	True	161	
P	pseudogene_I	True	0	0	True	735	
S	pseudogene_I	True	0	0	True	266	
T	pseudogene_I	True	0	0	True	459	
TAP1	mic_tap	True	0	0	True	2247	
TAP2	mic_tap	True	0	0	True	2061	
U	pseudogene_I	True	0	0	True	196	
V	pseudogene_I	True	0	0	True	517	
W	pseudogene_I	True	0	0	True	936	
A	classical_I	True	0	0	True	1098	
B	classical_I	False	35	32	True	1089	1089.0
C	classical_I	True	0	0	True	1101	
DMA	class_II_accessory	True	0	0	True	786	
DMB	class_II_accessory	True	0	0	True	792	
DOA	class_II_accessory	True	0	0	True	753	
DOB	class_II_accessory	True	0	0	True	822	
DPA1	classical_II	True	0	0	True	783	
DPA2	class_II_paralog	True	0	0	True	733	
DPB1	classical_II	True	0	0	True	777	
DPB2	class_II_paralog	True	0	0	True	776	
DQA1	classical_II	True	0	0	True	768	
DQA2	class_II_paralog	True	0	0	True	768	
DQB1	classical_II	True	0	0	True	786	
DQB2	class_II_paralog	True	0	0	True	807	
DRA	class_II_accessory	True	0	0	True	765	
DRB1	classical_II	True	0	0	True	801	
DRB3	class_II_paralog	True	0	0	True	801	
E	nonclassical_I	False	1	1	True	1077	1077.0
F	nonclassical_I	True	0	0	True	1041	
G	nonclassical_I	True	0	0	True	1017	
H	pseudogene_I	False	20	14	False	1090	1097.0
J	pseudogene_I	True	0	0	True	1095	
K	pseudogene_I	False	18	18	False	1094	1093.0
L	pseudogene_I	True	0	0	True	1094	
MICA	mic_tap	True	0	0	True	1155	
MICB	mic_tap	True	0	0	True	1152	
N	pseudogene_I	True	0	0	True	161	
P	pseudogene_I	True	0	0	True	735	
S	pseudogene_I	True	0	0	True	266	
T	pseudogene_I	False	9	9	True	459	459.0
TAP1	mic_tap	True	0	0	True	2247	
TAP2	mic_tap	True	0	0	True	2112	
U	pseudogene_I	False	9	9	False	195	196.0
V	pseudogene_I	True	0	0	True	538	
W	pseudogene_I	True	0	0	True	936	
A	classical_I	True	0	0	True	1098	
B	classical_I	True	0	0	True	1089	
C	classical_I	True	0	0	True	1101	
DMA	class_II_accessory	True	0	0	True	786	
DMB	class_II_accessory	True	0	0	True	792	
DOA	class_II_accessory	True	0	0	True	753	
DOB	class_II_accessory	True	0	0	True	822	
DPA1	classical_II	True	0	0	True	783	
DPA2	class_II_paralog	True	0	0	True	733	
DPB1	classical_II	True	0	0	True	777	
DPB2	class_II_paralog	True	0	0	True	776	
DQA1	classical_II	True	0	0	True	765	
DQA2	class_II_paralog	True	0	0	True	768	
DQB1	classical_II	True	0	0	True	786	
DQB2	class_II_paralog	True	0	0	True	807	
DRA	class_II_accessory	True	0	0	True	765	
DRB1	classical_II	True	0	0	True	801	
DRB3	class_II_paralog	True	0	0	True	801	
E	nonclassical_I	True	0	0	True	1077	
F	nonclassical_I	True	0	0	True	1041	
G	nonclassical_I	True	0	0	True	1017	
H	pseudogene_I	True	0	0	True	1096	
HFE	other	True	0	0	True	1047	
J	pseudogene_I	True	0	0	True	1095	
K	pseudogene_I	True	0	0	True	1093	
L	pseudogene_I	True	0	0	True	1096	
MICA	mic_tap	True	0	0	True	1152	
MICB	mic_tap	True	0	0	True	1152	
N	pseudogene_I	True	0	0	True	161	
P	pseudogene_I	True	0	0	True	732	
S	pseudogene_I	True	0	0	True	266	
T	pseudogene_I	True	0	0	True	459	
TAP1	mic_tap	True	0	0	True	2247	
TAP2	mic_tap	True	0	0	True	2112	
U	pseudogene_I	True	0	0	True	196	
V	pseudogene_I	True	0	0	True	517	
W	pseudogene_I	True	0	0	True	936	
A	classical_I	True	0	0	True	1098	
B	classical_I	True	0	0	True	1089	
C	classical_I	True	0	0	True	1101	
DMA	class_II_accessory	True	0	0	True	786	
DMB	class_II_accessory	True	0	0	True	792	
DOA	class_II_accessory	True	0	0	True	753	
DOB	class_II_accessory	True	0	0	True	822	
DPA1	classical_II	True	0	0	True	783	
DPA2	class_II_paralog	True	0	0	True	733	
DPB1	classical_II	True	0	0	True	777	
DPB2	class_II_paralog	True	0	0	True	776	
DQA1	classical_II	True	0	0	True	768	
DQA2	class_II_paralog	True	0	0	True	768	
DQB1	classical_II	True	0	0	True	786	
DQB2	class_II_paralog	True	0	0	True	807	
DRA	class_II_accessory	True	0	0	True	765	
DRB1	classical_II	True	0	0	True	801	
DRB3	class_II_paralog	True	0	0	True	801	
DRB4	class_II_paralog	True	0	0	True	801	
E	nonclassical_I	True	0	0	True	1077	
F	nonclassical_I	True	0	0	True	1041	
G	nonclassical_I	True	0	0	True	1017	
H	pseudogene_I	True	0	0	True	1096	
J	pseudogene_I	True	0	0	True	1095	
K	pseudogene_I	True	0	0	True	1093	
L	pseudogene_I	True	0	0	True	1096	
MICA	mic_tap	True	0	0	True	1156	
MICB	mic_tap	True	0	0	True	1152	
N	pseudogene_I	True	0	0	True	161	
P	pseudogene_I	True	0	0	True	735	
S	pseudogene_I	True	0	0	True	266	
T	pseudogene_I	True	0	0	True	459	
TAP1	mic_tap	True	0	0	True	2247	
TAP2	mic_tap	True	0	0	True	2061	
U	pseudogene_I	True	0	0	True	196	
V	pseudogene_I	True	0	0	True	517	
W	pseudogene_I	True	0	0	True	923	
A	classical_I	True	0	0	True	1098	
B	classical_I	True	0	0	True	1089	
C	classical_I	True	0	0	True	1101	
DMA	class_II_accessory	True	0	0	True	786	
DMB	class_II_accessory	True	0	0	True	792	
DOA	class_II_accessory	True	0	0	True	753	
DOB	class_II_accessory	True	0	0	True	822	
DPA1	classical_II	True	0	0	True	783	
DPA2	class_II_paralog	True	0	0	True	733	
DPB1	classical_II	True	0	0	True	777	
DPB2	class_II_paralog	True	0	0	True	776	
DQA1	classical_II	True	0	0	True	765	
DQA2	class_II_paralog	True	0	0	True	768	
DQB1	classical_II	True	0	0	True	786	
DQB2	class_II_paralog	True	0	0	True	807	
DRA	class_II_accessory	True	0	0	True	765	
DRB1	classical_II	True	0	0	True	801	
DRB3	class_II_paralog	True	0	0	True	801	
E	nonclassical_I	True	0	0	True	1077	
F	nonclassical_I	True	0	0	True	1041	
G	nonclassical_I	True	0	0	True	1017	
H	pseudogene_I	True	0	0	True	1096	
J	pseudogene_I	True	0	0	True	1095	
K	pseudogene_I	True	0	0	True	1093	
L	pseudogene_I	True	0	0	True	1096	
MICA	mic_tap	True	0	0	True	1167	
MICB	mic_tap	True	0	0	True	1152	
N	pseudogene_I	True	0	0	True	161	
P	pseudogene_I	True	0	0	True	735	
S	pseudogene_I	True	0	0	True	266	
T	pseudogene_I	True	0	0	True	459	
TAP1	mic_tap	True	0	0	True	2247	
TAP2	mic_tap	True	0	0	True	2112	
U	pseudogene_I	True	0	0	True	196	
V	pseudogene_I	True	0	0	True	538	
W	pseudogene_I	True	0	0	True	923	
A	classical_I	True	0	0	True	1098	
B	classical_I	True	0	0	True	1089	
C	classical_I	True	0	0	True	1101	
DMA	class_II_accessory	True	0	0	True	786	
DMB	class_II_accessory	True	0	0	True	792	
DOA	class_II_accessory	True	0	0	True	753	
DOB	class_II_accessory	True	0	0	True	822	
DPA1	classical_II	True	0	0	True	783	
DPA2	class_II_paralog	True	0	0	True	733	
DPB1	classical_II	True	0	0	True	777	
DPB2	class_II_paralog	True	0	0	True	776	
DQA1	classical_II	True	0	0	True	768	
DQA2	class_II_paralog	True	0	0	True	768	
DQB1	classical_II	True	0	0	True	786	
DQB2	class_II_paralog	True	0	0	True	807	
DRA	class_II_accessory	True	0	0	True	765	
DRB1	classical_II	True	0	0	True	801	
DRB4	class_II_paralog	True	0	0	True	801	
E	nonclassical_I	True	0	0	True	1077	
F	nonclassical_I	True	0	0	True	1041	
G	nonclassical_I	True	0	0	True	1017	
H	pseudogene_I	True	0	0	True	1096	
J	pseudogene_I	True	0	0	True	1095	
K	pseudogene_I	True	0	0	True	1093	
L	pseudogene_I	True	0	0	True	1096	
MICA	mic_tap	True	0	0	True	1155	
MICB	mic_tap	True	0	0	True	1152	
N	pseudogene_I	True	0	0	True	161	
P	pseudogene_I	True	0	0	True	735	
S	pseudogene_I	True	0	0	True	266	
T	pseudogene_I	True	0	0	True	459	
TAP1	mic_tap	True	0	0	True	2247	
TAP2	mic_tap	True	0	0	True	2061	
U	pseudogene_I	True	0	0	True	196	
V	pseudogene_I	True	0	0	True	538	
W	pseudogene_I	True	0	0	True	923	
A	classical_I	True	0	0	True	1098	
B	classical_I	True	0	0	True	1089	
C	classical_I	True	0	0	True	1101	
DMA	class_II_accessory	True	0	0	True	786	
DMB	class_II_accessory	True	0	0	True	792	
DOA	class_II_accessory	True	0	0	True	753	
DOB	class_II_accessory	True	0	0	True	822	
DPA1	classical_II	True	0	0	True	783	
DPA2	class_II_paralog	True	0	0	True	733	
DPB1	classical_II	True	0	0	True	777	
DPB2	class_II_paralog	True	0	0	True	776	
DQA1	classical_II	True	0	0	True	765	
DQA2	class_II_paralog	True	0	0	True	768	
DQB1	classical_II	True	0	0	True	786	
DQB2	class_II_paralog	True	0	0	True	807	
DRA	class_II_accessory	True	0	0	True	765	
DRB1	classical_II	True	0	0	True	801	
DRB3	class_II_paralog	True	0	0	True	801	
DRB4	class_II_paralog	False	371	2	False	431	801.0
E	nonclassical_I	True	0	0	True	1077	
F	nonclassical_I	True	0	0	True	1041	
G	nonclassical_I	True	0	0	True	1017	
H	pseudogene_I	True	0	0	True	1096	
J	pseudogene_I	True	0	0	True	1089	
K	pseudogene_I	True	0	0	True	1092	
L	pseudogene_I	True	0	0	True	1096	
MICA	mic_tap	True	0	0	True	1156	
MICB	mic_tap	True	0	0	True	1152	
N	pseudogene_I	True	0	0	True	161	
P	pseudogene_I	True	0	0	True	735	
S	pseudogene_I	True	0	0	True	266	
T	pseudogene_I	True	0	0	True	459	
TAP1	mic_tap	True	0	0	True	2247	
TAP2	mic_tap	True	0	0	True	2061	
U	pseudogene_I	True	0	0	True	196	
V	pseudogene_I	True	0	0	True	516	
W	pseudogene_I	True	0	0	True	923	
Y	pseudogene_I	True	0	0	True	824	
A	classical_I	True	0	0	True	1098	
B	classical_I	True	0	0	True	1089	
C	classical_I	True	0	0	True	1101	
DMA	class_II_accessory	True	0	0	True	786	
DMB	class_II_accessory	True	0	0	True	792	
DOA	class_II_accessory	True	0	0	True	753	
DOB	class_II_accessory	True	0	0	True	822	
DPA1	classical_II	True	0	0	True	783	
DPA2	class_II_paralog	True	0	0	True	733	
DPB1	classical_II	True	0	0	True	777	
DPB2	class_II_paralog	True	0	0	True	776	
DQA1	classical_II	True	0	0	True	765	
DQA2	class_II_paralog	True	0	0	True	768	
DQB1	classical_II	True	0	0	True	786	
DQB2	class_II_paralog	True	0	0	True	807	
DRA	class_II_accessory	True	0	0	True	765	
DRB1	classical_II	True	0	0	True	801	
DRB3	class_II_paralog	True	0	0	True	801	
E	nonclassical_I	True	0	0	True	1077	
F	nonclassical_I	True	0	0	True	1041	
G	nonclassical_I	True	0	0	True	1017	
H	pseudogene_I	True	0	0	True	1096	
J	pseudogene_I	True	0	0	True	1089	
K	pseudogene_I	True	0	0	True	1092	
L	pseudogene_I	True	0	0	True	1096	
MICA	mic_tap	True	0	0	True	1156	
MICB	mic_tap	True	0	0	True	1152	
N	pseudogene_I	True	0	0	True	161	
P	pseudogene_I	True	0	0	True	735	
S	pseudogene_I	True	0	0	True	266	
T	pseudogene_I	True	0	0	True	459	
TAP1	mic_tap	False	1	1	False	2247	2248.0
TAP2	mic_tap	True	0	0	True	2061	
U	pseudogene_I	True	0	0	True	196	
V	pseudogene_I	True	0	0	True	516	
W	pseudogene_I	True	0	0	True	923	
Y	pseudogene_I	True	0	0	True	824	
A	classical_I	True	0	0	True	1098	
B	classical_I	True	0	0	True	1089	
C	classical_I	True	0	0	True	1101	
DMA	class_II_accessory	True	0	0	True	786	
DMB	class_II_accessory	True	0	0	True	792	
DOA	class_II_accessory	True	0	0	True	753	
DOB	class_II_accessory	True	0	0	True	822	
DPA1	classical_II	True	0	0	True	783	
DPA2	class_II_paralog	True	0	0	True	733	
DPB1	classical_II	True	0	0	True	777	
DPB2	class_II_paralog	True	0	0	True	776	
DQA1	classical_II	True	0	0	True	765	
DQA2	class_II_paralog	True	0	0	True	768	
DQB1	classical_II	True	0	0	True	786	
DQB2	class_II_paralog	True	0	0	True	807	
DRA	class_II_accessory	True	0	0	True	765	
DRB1	classical_II	True	0	0	True	801	
DRB4	class_II_paralog	True	0	0	True	801	
E	nonclassical_I	True	0	0	True	1077	
F	nonclassical_I	True	0	0	True	1041	
G	nonclassical_I	True	0	0	True	1017	
H	pseudogene_I	True	0	0	True	1096	
J	pseudogene_I	True	0	0	True	1095	
K	pseudogene_I	False	6	6	False	1093	1089.0
L	pseudogene_I	True	0	0	True	1096	
MICA	mic_tap	True	0	0	True	1156	
MICB	mic_tap	True	0	0	True	1152	
N	pseudogene_I	True	0	0	True	161	
P	pseudogene_I	True	0	0	True	735	
S	pseudogene_I	True	0	0	True	266	
T	pseudogene_I	True	0	0	True	459	
TAP1	mic_tap	True	0	0	True	2247	
TAP2	mic_tap	True	0	0	True	2112	
U	pseudogene_I	True	0	0	True	196	
V	pseudogene_I	True	0	0	True	538	
W	pseudogene_I	True	0	0	True	936	
A	classical_I	True	0	0	True	1098	
B	classical_I	True	0	0	True	1089	
C	classical_I	True	0	0	True	1101	
DMA	class_II_accessory	True	0	0	True	786	
DMB	class_II_accessory	True	0	0	True	792	
DOA	class_II_accessory	True	0	0	True	753	
DOB	class_II_accessory	True	0	0	True	822	
DPA1	classical_II	True	0	0	True	783	
DPA2	class_II_paralog	True	0	0	True	733	
DPB1	classical_II	True	0	0	True	777	
DPB2	class_II_paralog	True	0	0	True	776	
DQA1	classical_II	True	0	0	True	768	
DQA2	class_II_paralog	True	0	0	True	768	
DQB1	classical_II	True	0	0	True	786	
DQB2	class_II_paralog	True	0	0	True	807	
DRA	class_II_accessory	True	0	0	True	765	
DRB1	classical_II	True	0	0	True	801	
DRB3	class_II_paralog	True	0	0	True	801	
E	nonclassical_I	True	0	0	True	1077	
F	nonclassical_I	True	0	0	True	1041	
G	nonclassical_I	True	0	0	True	1017	
H	pseudogene_I	True	0	0	True	1090	
J	pseudogene_I	True	0	0	True	1095	
K	pseudogene_I	True	0	0	True	1091	
L	pseudogene_I	True	0	0	True	1094	
MICA	mic_tap	True	0	0	True	1158	
MICB	mic_tap	True	0	0	True	1152	
N	pseudogene_I	True	0	0	True	161	
P	pseudogene_I	True	0	0	True	735	
S	pseudogene_I	True	0	0	True	266	
T	pseudogene_I	True	0	0	True	459	
TAP1	mic_tap	True	0	0	True	2247	
TAP2	mic_tap	True	0	0	True	2112	
U	pseudogene_I	True	0	0	True	196	
V	pseudogene_I	True	0	0	True	538	
W	pseudogene_I	True	0	0	True	938	
A	classical_I	True	0	0	True	1098	
B	classical_I	True	0	0	True	1089	
C	classical_I	True	0	0	True	1101	
DMA	class_II_accessory	True	0	0	True	786	
DMB	class_II_accessory	True	0	0	True	792	
DOA	class_II_accessory	True	0	0	True	753	
DOB	class_II_accessory	True	0	0	True	822	
DPA1	classical_II	True	0	0	True	783	
DPA2	class_II_paralog	True	0	0	True	733	
DPB1	classical_II	True	0	0	True	777	
DPB2	class_II_paralog	True	0	0	True	776	
DQA1	classical_II	True	0	0	True	765	
DQA2	class_II_paralog	True	0	0	True	768	
DQB1	classical_II	True	0	0	True	786	
DQB2	class_II_paralog	True	0	0	True	807	
DRA	class_II_accessory	True	0	0	True	765	
DRB1	classical_II	False	5	2	True	801	801.0
DRB3	class_II_paralog	True	0	0	True	801	
E	nonclassical_I	True	0	0	True	1077	
F	nonclassical_I	True	0	0	True	1041	
G	nonclassical_I	True	0	0	True	1017	
H	pseudogene_I	False	1	1	False	1096	1095.0
J	pseudogene_I	True	0	0	True	1095	
K	pseudogene_I	True	0	0	True	1093	
L	pseudogene_I	True	0	0	True	1094	
MICA	mic_tap	True	0	0	True	1166	
MICB	mic_tap	True	0	0	True	1152	
N	pseudogene_I	True	0	0	True	161	
P	pseudogene_I	True	0	0	True	732	
S	pseudogene_I	True	0	0	True	266	
T	pseudogene_I	True	0	0	True	459	
TAP1	mic_tap	True	0	0	True	2247	
TAP2	mic_tap	True	0	0	True	2061	
U	pseudogene_I	True	0	0	True	196	
V	pseudogene_I	True	0	0	True	538	
W	pseudogene_I	True	0	0	True	923	
A	classical_I	True	0	0	True	1098	
B	classical_I	True	0	0	True	1089	
C	classical_I	True	0	0	True	1101	
DMA	class_II_accessory	True	0	0	True	786	
DMB	class_II_accessory	True	0	0	True	792	
DOA	class_II_accessory	True	0	0	True	753	
DOB	class_II_accessory	True	0	0	True	822	
DPA1	classical_II	False	9	7	False	784	783.0
DPA2	class_II_paralog	True	0	0	True	733	
DPB1	classical_II	False	18	18	True	777	777.0
DPB2	class_II_paralog	True	0	0	True	776	
DQA1	classical_II	True	0	0	True	768	
DQA2	class_II_paralog	True	0	0	True	768	
DQB1	classical_II	False	3	3	False	787	786.0
DQB2	class_II_paralog	True	0	0	True	807	
DRA	class_II_accessory	True	0	0	True	765	
DRB1	classical_II	True	0	0	True	801	
DRB3	class_II_paralog	True	0	0	True	801	
DRB5	class_II_paralog	True	0	0	True	801	
E	nonclassical_I	True	0	0	True	1077	
F	nonclassical_I	True	0	0	True	1041	
G	nonclassical_I	True	0	0	True	1017	
H	pseudogene_I	True	0	0	True	1096	
J	pseudogene_I	True	0	0	True	1095	
K	pseudogene_I	True	0	0	True	1093	
L	pseudogene_I	True	0	0	True	1096	
MICA	mic_tap	True	0	0	True	1156	
MICB	mic_tap	True	0	0	True	1152	
N	pseudogene_I	True	0	0	True	161	
P	pseudogene_I	True	0	0	True	732	
S	pseudogene_I	True	0	0	True	266	
T	pseudogene_I	True	0	0	True	459	
TAP1	mic_tap	True	0	0	True	2247	
TAP2	mic_tap	True	0	0	True	2061	
U	pseudogene_I	True	0	0	True	196	
V	pseudogene_I	True	0	0	True	538	
W	pseudogene_I	True	0	0	True	923	
A	classical_I	True	0	0	True	1098	
B	classical_I	True	0	0	True	1089	
C	classical_I	True	0	0	True	1101	
DMA	class_II_accessory	True	0	0	True	786	
DMB	class_II_accessory	True	0	0	True	792	
DOA	class_II_accessory	True	0	0	True	753	
DOB	class_II_accessory	True	0	0	True	822	
DPA1	classical_II	True	0	0	True	783	
DPA2	class_II_paralog	True	0	0	True	733	
DPB1	classical_II	True	0	0	True	777	
DPB2	class_II_paralog	True	0	0	True	776	
DQA1	classical_II	True	0	0	True	765	
DQA2	class_II_paralog	True	0	0	True	768	
DQB1	classical_II	True	0	0	True	786	
DQB2	class_II_paralog	True	0	0	True	807	
DRA	class_II_accessory	True	0	0	True	765	
DRB1	classical_II	True	0	0	True	801	
DRB4	class_II_paralog	True	0	0	True	801	
E	nonclassical_I	True	0	0	True	1077	
F	nonclassical_I	True	0	0	True	1041	
G	nonclassical_I	True	0	0	True	1017	
H	pseudogene_I	True	0	0	True	1090	
J	pseudogene_I	True	0	0	True	1095	
K	pseudogene_I	True	0	0	True	1091	
L	pseudogene_I	True	0	0	True	1094	
MICA	mic_tap	True	0	0	True	1158	
MICB	mic_tap	True	0	0	True	1152	
N	pseudogene_I	True	0	0	True	161	
P	pseudogene_I	True	0	0	True	735	
S	pseudogene_I	True	0	0	True	266	
T	pseudogene_I	True	0	0	True	459	
TAP1	mic_tap	True	0	0	True	2247	
TAP2	mic_tap	True	0	0	True	2061	
U	pseudogene_I	True	0	0	True	196	
V	pseudogene_I	True	0	0	True	538	
W	pseudogene_I	True	0	0	True	938	
A	classical_I	True	0	0	True	1098	
B	classical_I	True	0	0	True	1089	
C	classical_I	True	0	0	True	1101	
DMA	class_II_accessory	True	0	0	True	786	
DMB	class_II_accessory	True	0	0	True	792	
DOA	class_II_accessory	True	0	0	True	753	
DOB	class_II_accessory	True	0	0	True	822	
DPA1	classical_II	True	0	0	True	783	
DPA2	class_II_paralog	False	1	1	True	733	733.0
DPB1	classical_II	True	0	0	True	777	
DPB2	class_II_paralog	True	0	0	True	776	
DQA1	classical_II	True	0	0	True	768	
DQA2	class_II_paralog	True	0	0	True	768	
DQB1	classical_II	True	0	0	True	786	
DQB2	class_II_paralog	True	0	0	True	807	
DRA	class_II_accessory	True	0	0	True	765	
DRB1	classical_II	True	0	0	True	801	
DRB3	class_II_paralog	False	16	14	True	801	801.0
DRB5	class_II_paralog	True	0	0	True	801	
E	nonclassical_I	True	0	0	True	1077	
F	nonclassical_I	True	0	0	True	1041	
G	nonclassical_I	True	0	0	True	1017	
H	pseudogene_I	True	0	0	True	1096	
J	pseudogene_I	True	0	0	True	1096	
K	pseudogene_I	True	0	0	True	1093	
L	pseudogene_I	True	0	0	True	1096	
MICA	mic_tap	True	0	0	True	1167	
MICB	mic_tap	True	0	0	True	1152	
N	pseudogene_I	True	0	0	True	161	
P	pseudogene_I	True	0	0	True	735	
S	pseudogene_I	True	0	0	True	266	
T	pseudogene_I	True	0	0	True	459	
TAP1	mic_tap	True	0	0	True	2247	
TAP2	mic_tap	True	0	0	True	2061	
U	pseudogene_I	True	0	0	True	196	
V	pseudogene_I	True	0	0	True	516	
W	pseudogene_I	True	0	0	True	936	
A	classical_I	True	0	0	True	1098	
B	classical_I	True	0	0	True	1089	
C	classical_I	True	0	0	True	1101	
DMA	class_II_accessory	True	0	0	True	786	
DMB	class_II_accessory	True	0	0	True	792	
DOA	class_II_accessory	True	0	0	True	753	
DOB	class_II_accessory	True	0	0	True	822	
DPA1	classical_II	True	0	0	True	783	
DPA2	class_II_paralog	True	0	0	True	733	
DPB1	classical_II	True	0	0	True	777	
DPB2	class_II_paralog	True	0	0	True	776	
DQA1	classical_II	False	1	1	False	765	764.0
DQA2	class_II_paralog	True	0	0	True	768	
DQB1	classical_II	True	0	0	True	786	
DQB2	class_II_paralog	True	0	0	True	807	
DRA	class_II_accessory	True	0	0	True	765	
DRB1	classical_II	False	7	5	True	801	801.0
DRB3	class_II_paralog	True	0	0	True	801	
E	nonclassical_I	True	0	0	True	1077	
F	nonclassical_I	True	0	0	True	1041	
G	nonclassical_I	True	0	0	True	1017	
H	pseudogene_I	True	0	0	True	1096	
J	pseudogene_I	True	0	0	True	1095	
K	pseudogene_I	False	1	1	True	1093	1093.0
L	pseudogene_I	True	0	0	True	1096	
MICA	mic_tap	False	3	3	False	1165	1167.0
MICB	mic_tap	True	0	0	True	1152	
N	pseudogene_I	True	0	0	True	161	
P	pseudogene_I	True	0	0	True	735	
S	pseudogene_I	True	0	0	True	266	
T	pseudogene_I	True	0	0	True	459	
TAP1	mic_tap	True	0	0	True	2247	
TAP2	mic_tap	True	0	0	True	2061	
U	pseudogene_I	True	0	0	True	196	
V	pseudogene_I	True	0	0	True	538	
W	pseudogene_I	True	0	0	True	923	
A	classical_I	True	0	0	True	1098	
B	classical_I	True	0	0	True	1089	
C	classical_I	True	0	0	True	1101	
DMA	class_II_accessory	True	0	0	True	786	
DMB	class_II_accessory	True	0	0	True	792	
DOA	class_II_accessory	True	0	0	True	753	
DOB	class_II_accessory	True	0	0	True	822	
DPA1	classical_II	True	0	0	True	783	
DPA2	class_II_paralog	True	0	0	True	733	
DPB1	classical_II	True	0	0	True	777	
DPB2	class_II_paralog	True	0	0	True	776	
DQA1	classical_II	True	0	0	True	765	
DQA2	class_II_paralog	True	0	0	True	768	
DQB1	classical_II	True	0	0	True	786	
DQB2	class_II_paralog	True	0	0	True	807	
DRA	class_II_accessory	True	0	0	True	765	
DRB1	classical_II	True	0	0	True	801	
DRB4	class_II_paralog	True	0	0	True	801	
E	nonclassical_I	True	0	0	True	1077	
F	nonclassical_I	True	0	0	True	1041	
G	nonclassical_I	True	0	0	True	1017	
H	pseudogene_I	True	0	0	True	1090	
J	pseudogene_I	True	0	0	True	1095	
K	pseudogene_I	True	0	0	True	1091	
L	pseudogene_I	True	0	0	True	1094	
MICA	mic_tap	True	0	0	True	1158	
MICB	mic_tap	True	0	0	True	1152	
N	pseudogene_I	True	0	0	True	161	
P	pseudogene_I	True	0	0	True	735	
S	pseudogene_I	True	0	0	True	266	
T	pseudogene_I	True	0	0	True	459	
TAP1	mic_tap	True	0	0	True	2247	
TAP2	mic_tap	True	0	0	True	2061	
U	pseudogene_I	True	0	0	True	196	
V	pseudogene_I	True	0	0	True	538	
W	pseudogene_I	True	0	0	True	936	
A	classical_I	True	0	0	True	1098	
B	classical_I	True	0	0	True	1089	
C	classical_I	True	0	0	True	1101	
DMA	class_II_accessory	True	0	0	True	786	
DMB	class_II_accessory	True	0	0	True	792	
DOA	class_II_accessory	True	0	0	True	753	
DOB	class_II_accessory	True	0	0	True	822	
DPA1	classical_II	True	0	0	True	783	
DPA2	class_II_paralog	True	0	0	True	733	
DPB1	classical_II	True	0	0	True	777	
DPB2	class_II_paralog	True	0	0	True	776	
DQA1	classical_II	True	0	0	True	765	
DQA2	class_II_paralog	True	0	0	True	768	
DQB1	classical_II	True	0	0	True	786	
DQB2	class_II_paralog	True	0	0	True	807	
DRA	class_II_accessory	True	0	0	True	765	
DRB1	classical_II	True	0	0	True	801	
E	nonclassical_I	True	0	0	True	1077	
F	nonclassical_I	True	0	0	True	1041	
G	nonclassical_I	True	0	0	True	1017	
H	pseudogene_I	False	4	3	True	1090	1090.0
J	pseudogene_I	True	0	0	True	1095	
K	pseudogene_I	False	23	20	False	1091	1094.0
L	pseudogene_I	True	0	0	True	1096	
MICA	mic_tap	True	0	0	True	1158	
MICB	mic_tap	True	0	0	True	1152	
N	pseudogene_I	True	0	0	True	161	
P	pseudogene_I	True	0	0	True	735	
S	pseudogene_I	True	0	0	True	266	
T	pseudogene_I	False	2	2	True	459	459.0
TAP1	mic_tap	True	0	0	True	2247	
TAP2	mic_tap	True	0	0	True	2061	
U	pseudogene_I	False	4	4	False	196	195.0
V	pseudogene_I	True	0	0	True	538	
W	pseudogene_I	True	0	0	True	936	
A	classical_I	True	0	0	True	1098	
B	classical_I	True	0	0	True	1089	
C	classical_I	False	2	2	True	1101	1101.0
DMA	class_II_accessory	True	0	0	True	786	
DMB	class_II_accessory	True	0	0	True	792	
DOA	class_II_accessory	True	0	0	True	753	
DOB	class_II_accessory	True	0	0	True	822	
DPA1	classical_II	True	0	0	True	783	
DPA2	class_II_paralog	True	0	0	True	733	
DPB1	classical_II	True	0	0	True	777	
DPB2	class_II_paralog	True	0	0	True	776	
DQA1	classical_II	True	0	0	True	765	
DQA2	class_II_paralog	True	0	0	True	768	
DQB1	classical_II	True	0	0	True	786	
DQB2	class_II_paralog	True	0	0	True	807	
DRA	class_II_accessory	True	0	0	True	765	
DRB1	classical_II	True	0	0	True	801	
DRB4	class_II_paralog	True	0	0	True	801	
E	nonclassical_I	True	0	0	True	1077	
F	nonclassical_I	True	0	0	True	1041	
G	nonclassical_I	True	0	0	True	1017	
H	pseudogene_I	True	0	0	True	1096	
J	pseudogene_I	True	0	0	True	1095	
K	pseudogene_I	True	0	0	True	1094	
L	pseudogene_I	True	0	0	True	1096	
MICA	mic_tap	False	7	7	False	1151	1152.0
MICB	mic_tap	False	2	2	True	1152	1152.0
N	pseudogene_I	True	0	0	True	161	
P	pseudogene_I	True	0	0	True	735	
S	pseudogene_I	True	0	0	True	266	
T	pseudogene_I	True	0	0	True	459	
TAP1	mic_tap	True	0	0	True	2247	
TAP2	mic_tap	True	0	0	True	2061	
U	pseudogene_I	True	0	0	True	196	
V	pseudogene_I	True	0	0	True	538	
W	pseudogene_I	True	0	0	True	938	
A	classical_I	True	0	0	True	1098	
B	classical_I	True	0	0	True	1089	
C	classical_I	True	0	0	True	1101	
DMA	class_II_accessory	True	0	0	True	786	
DMB	class_II_accessory	True	0	0	True	792	
DOA	class_II_accessory	True	0	0	True	753	
DOB	class_II_accessory	True	0	0	True	822	
DPA1	classical_II	True	0	0	True	783	
DPA2	class_II_paralog	True	0	0	True	733	
DPB1	classical_II	True	0	0	True	777	
DPB2	class_II_paralog	True	0	0	True	776	
DQA1	classical_II	True	0	0	True	765	
DQA2	class_II_paralog	True	0	0	True	768	
DQB1	classical_II	True	0	0	True	786	
DQB2	class_II_paralog	True	0	0	True	807	
DRA	class_II_accessory	True	0	0	True	765	
DRB1	classical_II	True	0	0	True	801	
DRB3	class_II_paralog	True	0	0	True	801	
E	nonclassical_I	True	0	0	True	1077	
F	nonclassical_I	True	0	0	True	1041	
G	nonclassical_I	True	0	0	True	1017	
H	pseudogene_I	True	0	0	True	1096	
J	pseudogene_I	True	0	0	True	1096	
K	pseudogene_I	True	0	0	True	1093	
L	pseudogene_I	True	0	0	True	1096	
MICA	mic_tap	True	0	0	True	1156	
MICB	mic_tap	True	0	0	True	1152	
N	pseudogene_I	True	0	0	True	161	
P	pseudogene_I	True	0	0	True	732	
S	pseudogene_I	True	0	0	True	266	
T	pseudogene_I	True	0	0	True	459	
TAP1	mic_tap	True	0	0	True	2247	
TAP2	mic_tap	True	0	0	True	2061	
U	pseudogene_I	True	0	0	True	196	
V	pseudogene_I	True	0	0	True	517	
W	pseudogene_I	True	0	0	True	936	
A	classical_I	True	0	0	True	1098	
B	classical_I	False	3	3	False	1086	1089.0
C	classical_I	True	0	0	True	1101	
DMA	class_II_accessory	True	0	0	True	786	
DMB	class_II_accessory	True	0	0	True	792	
DOA	class_II_accessory	True	0	0	True	753	
DOB	class_II_accessory	True	0	0	True	822	
DPA1	classical_II	True	0	0	True	783	
DPA2	class_II_paralog	True	0	0	True	733	
DPB1	classical_II	True	0	0	True	777	
DPB2	class_II_paralog	True	0	0	True	776	
DQA1	classical_II	True	0	0	True	768	
DQA2	class_II_paralog	True	0	0	True	768	
DQB1	classical_II	True	0	0	True	786	
DQB2	class_II_paralog	True	0	0	True	807	
DRA	class_II_accessory	True	0	0	True	765	
DRB1	classical_II	True	0	0	True	801	
DRB4	class_II_paralog	True	0	0	True	801	
E	nonclassical_I	True	0	0	True	1077	
F	nonclassical_I	True	0	0	True	1041	
G	nonclassical_I	True	0	0	True	1017	
H	pseudogene_I	True	0	0	True	1096	
J	pseudogene_I	True	0	0	True	1081	
K	pseudogene_I	True	0	0	True	1093	
L	pseudogene_I	True	0	0	True	1096	
MICA	mic_tap	True	0	0	True	1152	
MICB	mic_tap	True	0	0	True	1152	
N	pseudogene_I	True	0	0	True	161	
P	pseudogene_I	False	2	2	True	735	735.0
S	pseudogene_I	True	0	0	True	266	
T	pseudogene_I	True	0	0	True	459	
TAP1	mic_tap	True	0	0	True	2247	
TAP2	mic_tap	True	0	0	True	2061	
U	pseudogene_I	True	0	0	True	196	
V	pseudogene_I	True	0	0	True	517	
W	pseudogene_I	True	0	0	True	936	
A	classical_I	True	0	0	True	1098	
B	classical_I	True	0	0	True	1089	
C	classical_I	True	0	0	True	1101	
DMA	class_II_accessory	True	0	0	True	786	
DMB	class_II_accessory	True	0	0	True	792	
DOA	class_II_accessory	True	0	0	True	753	
DOB	class_II_accessory	True	0	0	True	822	
DPA1	classical_II	True	0	0	True	783	
DPA2	class_II_paralog	True	0	0	True	733	
DPB1	classical_II	True	0	0	True	777	
DPB2	class_II_paralog	True	0	0	True	776	
DQA1	classical_II	True	0	0	True	768	
DQA2	class_II_paralog	True	0	0	True	768	
DQB1	classical_II	True	0	0	True	786	
DQB2	class_II_paralog	True	0	0	True	807	
DRA	class_II_accessory	True	0	0	True	765	
DRB1	classical_II	True	0	0	True	801	
DRB4	class_II_paralog	True	0	0	True	801	
DRB5	class_II_paralog	True	0	0	True	801	
E	nonclassical_I	True	0	0	True	1077	
F	nonclassical_I	True	0	0	True	1041	
G	nonclassical_I	True	0	0	True	1017	
H	pseudogene_I	True	0	0	True	1104	
J	pseudogene_I	False	5	5	False	1092	1095.0
K	pseudogene_I	True	0	0	True	1092	
L	pseudogene_I	True	0	0	True	1096	
MICA	mic_tap	True	0	0	True	1156	
MICB	mic_tap	True	0	0	True	1152	
N	pseudogene_I	True	0	0	True	161	
P	pseudogene_I	True	0	0	True	735	
S	pseudogene_I	True	0	0	True	266	
T	pseudogene_I	True	0	0	True	459	
TAP1	mic_tap	False	1	1	True	2247	2247.0
TAP2	mic_tap	False	1	1	False	2061	2062.0
U	pseudogene_I	True	0	0	True	196	
V	pseudogene_I	True	0	0	True	538	
W	pseudogene_I	True	0	0	True	936	
A	classical_I	True	0	0	True	1098	
B	classical_I	True	0	0	True	1089	
C	classical_I	True	0	0	True	1101	
DMA	class_II_accessory	True	0	0	True	786	
DMB	class_II_accessory	True	0	0	True	792	
DOA	class_II_accessory	True	0	0	True	753	
DOB	class_II_accessory	True	0	0	True	822	
DPA1	classical_II	True	0	0	True	783	
DPA2	class_II_paralog	True	0	0	True	733	
DPB1	classical_II	True	0	0	True	777	
DPB2	class_II_paralog	True	0	0	True	776	
DQA1	classical_II	True	0	0	True	768	
DQA2	class_II_paralog	True	0	0	True	768	
DQB1	classical_II	True	0	0	True	786	
DQB2	class_II_paralog	True	0	0	True	807	
DRA	class_II_accessory	True	0	0	True	765	
DRB1	classical_II	True	0	0	True	801	
DRB5	class_II_paralog	True	0	0	True	801	
E	nonclassical_I	False	1	1	True	1077	1077.0
F	nonclassical_I	True	0	0	True	1041	
G	nonclassical_I	True	0	0	True	1017	
H	pseudogene_I	True	0	0	True	1104	
J	pseudogene_I	True	0	0	True	1095	
K	pseudogene_I	True	0	0	True	1092	
L	pseudogene_I	True	0	0	True	1096	
MICA	mic_tap	True	0	0	True	1156	
MICB	mic_tap	False	4	4	True	1152	1152.0
N	pseudogene_I	True	0	0	True	161	
P	pseudogene_I	True	0	0	True	735	
S	pseudogene_I	True	0	0	True	266	
T	pseudogene_I	True	0	0	True	459	
TAP1	mic_tap	True	0	0	True	2247	
TAP2	mic_tap	True	0	0	True	2061	
U	pseudogene_I	True	0	0	True	196	
V	pseudogene_I	True	0	0	True	538	
W	pseudogene_I	True	0	0	True	936	
A	classical_I	True	0	0	True	1098	
B	classical_I	False	3	3	False	1088	1089.0
C	classical_I	True	0	0	True	1101	
DMA	class_II_accessory	True	0	0	True	786	
DMB	class_II_accessory	True	0	0	True	792	
DOA	class_II_accessory	True	0	0	True	753	
DOB	class_II_accessory	True	0	0	True	822	
DPA1	classical_II	True	0	0	True	783	
DPA2	class_II_paralog	True	0	0	True	733	
DPB1	classical_II	True	0	0	True	777	
DPB2	class_II_paralog	True	0	0	True	776	
DQA1	classical_II	True	0	0	True	765	
DQA2	class_II_paralog	True	0	0	True	768	
DQB1	classical_II	True	0	0	True	786	
DQB2	class_II_paralog	True	0	0	True	807	
DRA	class_II_accessory	True	0	0	True	765	
DRB1	classical_II	True	0	0	True	801	
DRB4	class_II_paralog	True	0	0	True	801	
E	nonclassical_I	False	2	2	False	1075	1077.0
F	nonclassical_I	True	0	0	True	1041	
G	nonclassical_I	True	0	0	True	1017	
H	pseudogene_I	True	0	0	True	1096	
J	pseudogene_I	False	1	1	False	1088	1089.0
K	pseudogene_I	True	0	0	True	1093	
L	pseudogene_I	True	0	0	True	1096	
MICA	mic_tap	True	0	0	True	1167	
MICB	mic_tap	True	0	0	True	1152	
N	pseudogene_I	True	0	0	True	161	
P	pseudogene_I	True	0	0	True	735	
S	pseudogene_I	True	0	0	True	266	
T	pseudogene_I	True	0	0	True	459	
TAP1	mic_tap	True	0	0	True	2247	
TAP2	mic_tap	True	0	0	True	2061	
U	pseudogene_I	True	0	0	True	196	
V	pseudogene_I	True	0	0	True	517	
W	pseudogene_I	True	0	0	True	923	
Y	pseudogene_I	True	0	0	True	824	
A	classical_I	True	0	0	True	1098	
B	classical_I	True	0	0	True	1089	
C	classical_I	True	0	0	True	1101	
DMA	class_II_accessory	True	0	0	True	786	
DMB	class_II_accessory	True	0	0	True	792	
DOA	class_II_accessory	False	3	3	True	753	753.0
DOB	class_II_accessory	True	0	0	True	822	
DPA1	classical_II	True	0	0	True	783	
DPA2	class_II_paralog	True	0	0	True	733	
DPB1	classical_II	False	4	4	True	777	777.0
DPB2	class_II_paralog	True	0	0	True	776	
DQA1	classical_II	True	0	0	True	768	
DQA2	class_II_paralog	True	0	0	True	768	
DQB1	classical_II	True	0	0	True	786	
DQB2	class_II_paralog	True	0	0	True	807	
DRA	class_II_accessory	True	0	0	True	765	
DRB1	classical_II	True	0	0	True	801	
DRB4	class_II_paralog	True	0	0	True	801	
E	nonclassical_I	True	0	0	True	1077	
F	nonclassical_I	True	0	0	True	1041	
G	nonclassical_I	True	0	0	True	1017	
H	pseudogene_I	True	0	0	True	1097	
J	pseudogene_I	True	0	0	True	1088	
K	pseudogene_I	True	0	0	True	1093	
L	pseudogene_I	True	0	0	True	1094	
MICA	mic_tap	True	0	0	True	1152	
MICB	mic_tap	True	0	0	True	1152	
N	pseudogene_I	True	0	0	True	161	
P	pseudogene_I	True	0	0	True	735	
S	pseudogene_I	True	0	0	True	266	
T	pseudogene_I	True	0	0	True	459	
TAP1	mic_tap	True	0	0	True	2247	
TAP2	mic_tap	True	0	0	True	2112	
U	pseudogene_I	True	0	0	True	196	
V	pseudogene_I	True	0	0	True	517	
W	pseudogene_I	True	0	0	True	938	
Y	pseudogene_I	False	1	1	False	824	823.0
A	classical_I	True	0	0	True	1098	
B	classical_I	True	0	0	True	1089	
C	classical_I	True	0	0	True	1101	
DMA	class_II_accessory	True	0	0	True	786	
DMB	class_II_accessory	True	0	0	True	792	
DOA	class_II_accessory	True	0	0	True	753	
DOB	class_II_accessory	True	0	0	True	822	
DPA1	classical_II	True	0	0	True	783	
DPA2	class_II_paralog	True	0	0	True	733	
DPB1	classical_II	True	0	0	True	777	
DPB2	class_II_paralog	True	0	0	True	776	
DQA1	classical_II	True	0	0	True	768	
DQA2	class_II_paralog	True	0	0	True	768	
DQB1	classical_II	True	0	0	True	786	
DQB2	class_II_paralog	True	0	0	True	807	
DRA	class_II_accessory	True	0	0	True	765	
DRB1	classical_II	True	0	0	True	801	
DRB4	class_II_paralog	True	0	0	True	801	
E	nonclassical_I	True	0	0	True	1077	
F	nonclassical_I	True	0	0	True	1041	
G	nonclassical_I	True	0	0	True	1017	
H	pseudogene_I	True	0	0	True	1096	
J	pseudogene_I	True	0	0	True	1095	
K	pseudogene_I	True	0	0	True	1095	
L	pseudogene_I	True	0	0	True	1096	
MICA	mic_tap	True	0	0	True	1167	
MICB	mic_tap	True	0	0	True	1152	
N	pseudogene_I	True	0	0	True	161	
P	pseudogene_I	True	0	0	True	732	
S	pseudogene_I	True	0	0	True	266	
T	pseudogene_I	True	0	0	True	459	
TAP1	mic_tap	True	0	0	True	2247	
TAP2	mic_tap	True	0	0	True	2112	
U	pseudogene_I	True	0	0	True	196	
V	pseudogene_I	True	0	0	True	517	
W	pseudogene_I	True	0	0	True	938	
A	classical_I	False	1	1	False	1098	1097.0
B	classical_I	True	0	0	True	1089	
C	classical_I	True	0	0	True	1101	
DMA	class_II_accessory	True	0	0	True	786	
DMB	class_II_accessory	True	0	0	True	792	
DOA	class_II_accessory	True	0	0	True	753	
DOB	class_II_accessory	True	0	0	True	822	
DPA1	classical_II	True	0	0	True	783	
DPA2	class_II_paralog	True	0	0	True	733	
DPB1	classical_II	True	0	0	True	777	
DPB2	class_II_paralog	True	0	0	True	776	
DQA1	classical_II	True	0	0	True	765	
DQA2	class_II_paralog	True	0	0	True	768	
DQB1	classical_II	True	0	0	True	786	
DQB2	class_II_paralog	True	0	0	True	807	
DRA	class_II_accessory	True	0	0	True	765	
DRB1	classical_II	True	0	0	True	801	
DRB4	class_II_paralog	True	0	0	True	431	
E	nonclassical_I	True	0	0	True	1077	
F	nonclassical_I	True	0	0	True	1041	
G	nonclassical_I	True	0	0	True	1017	
H	pseudogene_I	True	0	0	True	1096	
J	pseudogene_I	True	0	0	True	1095	
K	pseudogene_I	True	0	0	True	1093	
L	pseudogene_I	True	0	0	True	1096	
MICA	mic_tap	False	2	2	False	1167	1166.0
MICB	mic_tap	True	0	0	True	1152	
N	pseudogene_I	True	0	0	True	161	
P	pseudogene_I	True	0	0	True	732	
S	pseudogene_I	True	0	0	True	266	
T	pseudogene_I	True	0	0	True	459	
TAP1	mic_tap	True	0	0	True	2247	
TAP2	mic_tap	True	0	0	True	2112	
U	pseudogene_I	True	0	0	True	196	
V	pseudogene_I	True	0	0	True	538	
W	pseudogene_I	True	0	0	True	936	
A	classical_I	True	0	0	True	1098	
B	classical_I	True	0	0	True	1089	
C	classical_I	True	0	0	True	1101	
DMA	class_II_accessory	True	0	0	True	786	
DMB	class_II_accessory	True	0	0	True	792	
DOA	class_II_accessory	True	0	0	True	753	
DOB	class_II_accessory	True	0	0	True	822	
DPA1	classical_II	True	0	0	True	783	
DPA2	class_II_paralog	True	0	0	True	733	
DPB1	classical_II	True	0	0	True	777	
DPB2	class_II_paralog	True	0	0	True	776	
DQA1	classical_II	True	0	0	True	768	
DQA2	class_II_paralog	True	0	0	True	768	
DQB1	classical_II	True	0	0	True	786	
DQB2	class_II_paralog	True	0	0	True	807	
DRA	class_II_accessory	True	0	0	True	765	
DRB1	classical_II	True	0	0	True	801	
E	nonclassical_I	True	0	0	True	1077	
F	nonclassical_I	True	0	0	True	1041	
G	nonclassical_I	True	0	0	True	1017	
H	pseudogene_I	True	0	0	True	1097	
J	pseudogene_I	True	0	0	True	1088	
K	pseudogene_I	True	0	0	True	1093	
L	pseudogene_I	True	0	0	True	1096	
MICA	mic_tap	False	4	4	False	1156	1158.0
MICB	mic_tap	True	0	0	True	1152	
N	pseudogene_I	True	0	0	True	161	
P	pseudogene_I	True	0	0	True	732	
S	pseudogene_I	True	0	0	True	266	
T	pseudogene_I	True	0	0	True	459	
TAP1	mic_tap	True	0	0	True	2247	
TAP2	mic_tap	True	0	0	True	2112	
U	pseudogene_I	True	0	0	True	196	
V	pseudogene_I	True	0	0	True	538	
W	pseudogene_I	True	0	0	True	938	
Y	pseudogene_I	False	458	107	True	823	823.0
A	classical_I	True	0	0	True	1098	
B	classical_I	True	0	0	True	1089	
C	classical_I	True	0	0	True	1101	
DMA	class_II_accessory	True	0	0	True	786	
DMB	class_II_accessory	True	0	0	True	792	
DOA	class_II_accessory	True	0	0	True	753	
DOB	class_II_accessory	True	0	0	True	822	
DPA1	classical_II	True	0	0	True	783	
DPA2	class_II_paralog	True	0	0	True	733	
DPB1	classical_II	True	0	0	True	777	
DPB2	class_II_paralog	True	0	0	True	776	
DQA1	classical_II	True	0	0	True	765	
DQA2	class_II_paralog	True	0	0	True	768	
DQB1	classical_II	False	2	2	False	786	784.0
DQB2	class_II_paralog	True	0	0	True	807	
DRA	class_II_accessory	True	0	0	True	765	
DRB1	classical_II	True	0	0	True	801	
DRB4	class_II_paralog	True	0	0	True	801	
E	nonclassical_I	True	0	0	True	1077	
F	nonclassical_I	True	0	0	True	1041	
G	nonclassical_I	True	0	0	True	1017	
H	pseudogene_I	True	0	0	True	1096	
J	pseudogene_I	True	0	0	True	1081	
K	pseudogene_I	True	0	0	True	1093	
L	pseudogene_I	True	0	0	True	1096	
MICA	mic_tap	True	0	0	True	1167	
MICB	mic_tap	True	0	0	True	1152	
N	pseudogene_I	True	0	0	True	161	
P	pseudogene_I	True	0	0	True	732	
S	pseudogene_I	True	0	0	True	266	
T	pseudogene_I	True	0	0	True	459	
TAP1	mic_tap	True	0	0	True	2247	
TAP2	mic_tap	True	0	0	True	2061	
U	pseudogene_I	True	0	0	True	196	
V	pseudogene_I	True	0	0	True	517	
W	pseudogene_I	True	0	0	True	936	
A	classical_I	True	0	0	True	1098	
B	classical_I	True	0	0	True	1089	
C	classical_I	False	2	2	False	1099	1101.0
DMA	class_II_accessory	False	2	2	True	786	786.0
DMB	class_II_accessory	True	0	0	True	792	
DOA	class_II_accessory	True	0	0	True	753	
DOB	class_II_accessory	True	0	0	True	822	
DPA1	classical_II	True	0	0	True	783	
DPA2	class_II_paralog	True	0	0	True	733	
DPB1	classical_II	True	0	0	True	777	
DPB2	class_II_paralog	True	0	0	True	776	
DQA1	classical_II	False	2	2	False	763	765.0
DQA2	class_II_paralog	True	0	0	True	768	
DQB1	classical_II	True	0	0	True	786	
DQB2	class_II_paralog	True	0	0	True	807	
DRA	class_II_accessory	True	0	0	True	765	
DRB1	classical_II	True	0	0	True	801	
DRB3	class_II_paralog	True	0	0	True	801	
E	nonclassical_I	False	1	1	False	1078	1077.0
F	nonclassical_I	True	0	0	True	1041	
G	nonclassical_I	True	0	0	True	1017	
H	pseudogene_I	True	0	0	True	1096	
J	pseudogene_I	True	0	0	True	1095	
K	pseudogene_I	True	0	0	True	1093	
L	pseudogene_I	True	0	0	True	1096	
MICA	mic_tap	False	2	2	False	1155	1156.0
MICB	mic_tap	True	0	0	True	1152	
N	pseudogene_I	True	0	0	True	161	
P	pseudogene_I	True	0	0	True	732	
S	pseudogene_I	True	0	0	True	266	
T	pseudogene_I	True	0	0	True	459	
TAP1	mic_tap	False	1	1	False	2248	2247.0
TAP2	mic_tap	True	0	0	True	2061	
U	pseudogene_I	True	0	0	True	196	
V	pseudogene_I	True	0	0	True	517	
W	pseudogene_I	True	0	0	True	936	
A	classical_I	True	0	0	True	1098	
B	classical_I	True	0	0	True	1089	
C	classical_I	True	0	0	True	1119	
DMA	class_II_accessory	True	0	0	True	786	
DMB	class_II_accessory	True	0	0	True	792	
DOA	class_II_accessory	True	0	0	True	753	
DOB	class_II_accessory	True	0	0	True	822	
DPA1	classical_II	True	0	0	True	783	
DPA2	class_II_paralog	True	0	0	True	733	
DPB1	classical_II	True	0	0	True	777	
DPB2	class_II_paralog	True	0	0	True	776	
DQA1	classical_II	True	0	0	True	768	
DQA2	class_II_paralog	True	0	0	True	768	
DQB1	classical_II	True	0	0	True	786	
DQB2	class_II_paralog	True	0	0	True	807	
DRA	class_II_accessory	True	0	0	True	765	
DRB1	classical_II	True	0	0	True	801	
DRB3	class_II_paralog	True	0	0	True	801	
E	nonclassical_I	True	0	0	True	1077	
F	nonclassical_I	True	0	0	True	1041	
G	nonclassical_I	True	0	0	True	1016	
H	pseudogene_I	True	0	0	True	1096	
J	pseudogene_I	True	0	0	True	1089	
K	pseudogene_I	True	0	0	True	1092	
L	pseudogene_I	True	0	0	True	1096	
MICA	mic_tap	True	0	0	True	1158	
MICB	mic_tap	True	0	0	True	1152	
N	pseudogene_I	True	0	0	True	161	
P	pseudogene_I	True	0	0	True	732	
S	pseudogene_I	True	0	0	True	266	
T	pseudogene_I	True	0	0	True	459	
TAP1	mic_tap	True	0	0	True	2247	
TAP2	mic_tap	True	0	0	True	2112	
U	pseudogene_I	True	0	0	True	196	
V	pseudogene_I	True	0	0	True	517	
W	pseudogene_I	True	0	0	True	923	
Y	pseudogene_I	True	0	0	True	824	
A	classical_I	True	0	0	True	1098	
B	classical_I	True	0	0	True	1089	
C	classical_I	True	0	0	True	1101	
DMA	class_II_accessory	True	0	0	True	786	
DMB	class_II_accessory	True	0	0	True	792	
DOA	class_II_accessory	True	0	0	True	753	
DOB	class_II_accessory	True	0	0	True	822	
DPA1	classical_II	True	0	0	True	783	
DPA2	class_II_paralog	True	0	0	True	733	
DPB1	classical_II	True	0	0	True	777	
DPB2	class_II_paralog	True	0	0	True	776	
DQA1	classical_II	True	0	0	True	765	
DQA2	class_II_paralog	True	0	0	True	768	
DQB1	classical_II	True	0	0	True	786	
DQB2	class_II_paralog	True	0	0	True	807	
DRA	class_II_accessory	True	0	0	True	765	
DRB1	classical_II	True	0	0	True	801	
DRB4	class_II_paralog	True	0	0	True	801	
E	nonclassical_I	True	0	0	True	1077	
F	nonclassical_I	True	0	0	True	1041	
G	nonclassical_I	True	0	0	True	1017	
H	pseudogene_I	True	0	0	True	1104	
J	pseudogene_I	True	0	0	True	1095	
K	pseudogene_I	False	3	3	False	1092	1089.0
L	pseudogene_I	True	0	0	True	1096	
MICA	mic_tap	True	0	0	True	1166	
MICB	mic_tap	True	0	0	True	1152	
N	pseudogene_I	True	0	0	True	161	
P	pseudogene_I	True	0	0	True	735	
S	pseudogene_I	True	0	0	True	266	
T	pseudogene_I	True	0	0	True	459	
TAP1	mic_tap	True	0	0	True	2247	
TAP2	mic_tap	True	0	0	True	2061	
U	pseudogene_I	True	0	0	True	196	
V	pseudogene_I	True	0	0	True	538	
W	pseudogene_I	True	0	0	True	936	
A	classical_I	True	0	0	True	1098	
B	classical_I	True	0	0	True	1089	
C	classical_I	True	0	0	True	1101	
DMA	class_II_accessory	True	0	0	True	786	
DMB	class_II_accessory	True	0	0	True	792	
DOA	class_II_accessory	True	0	0	True	753	
DOB	class_II_accessory	True	0	0	True	822	
DPA1	classical_II	True	0	0	True	783	
DPA2	class_II_paralog	True	0	0	True	733	
DPB1	classical_II	True	0	0	True	777	
DPB2	class_II_paralog	True	0	0	True	776	
DQA1	classical_II	True	0	0	True	765	
DQA2	class_II_paralog	True	0	0	True	768	
DQB1	classical_II	True	0	0	True	786	
DQB2	class_II_paralog	True	0	0	True	807	
DRA	class_II_accessory	True	0	0	True	765	
DRB1	classical_II	True	0	0	True	801	
DRB3	class_II_paralog	True	0	0	True	801	
E	nonclassical_I	True	0	0	True	1077	
F	nonclassical_I	True	0	0	True	1041	
G	nonclassical_I	True	0	0	True	1017	
H	pseudogene_I	True	0	0	True	1096	
J	pseudogene_I	True	0	0	True	1095	
K	pseudogene_I	True	0	0	True	1093	
L	pseudogene_I	True	0	0	True	1096	
MICA	mic_tap	True	0	0	True	1158	
MICB	mic_tap	False	1	1	False	1151	1152.0
N	pseudogene_I	True	0	0	True	161	
P	pseudogene_I	True	0	0	True	732	
S	pseudogene_I	True	0	0	True	266	
T	pseudogene_I	True	0	0	True	459	
TAP1	mic_tap	True	0	0	True	2247	
TAP2	mic_tap	True	0	0	True	2061	
U	pseudogene_I	True	0	0	True	196	
V	pseudogene_I	True	0	0	True	538	
W	pseudogene_I	True	0	0	True	936	
A	classical_I	True	0	0	True	1098	
B	classical_I	True	0	0	True	1089	
C	classical_I	True	0	0	True	1101	
DMA	class_II_accessory	True	0	0	True	786	
DMB	class_II_accessory	True	0	0	True	792	
DOA	class_II_accessory	True	0	0	True	753	
DOB	class_II_accessory	True	0	0	True	822	
DPA1	classical_II	True	0	0	True	783	
DPA2	class_II_paralog	True	0	0	True	733	
DPB1	classical_II	True	0	0	True	777	
DPB2	class_II_paralog	True	0	0	True	776	
DQA1	classical_II	True	0	0	True	768	
DQA2	class_II_paralog	True	0	0	True	768	
DQB1	classical_II	True	0	0	True	786	
DQB2	class_II_paralog	True	0	0	True	807	
DRA	class_II_accessory	True	0	0	True	765	
DRB1	classical_II	True	0	0	True	801	
E	nonclassical_I	True	0	0	True	1077	
F	nonclassical_I	True	0	0	True	1041	
G	nonclassical_I	True	0	0	True	1017	
H	pseudogene_I	True	0	0	True	1104	
J	pseudogene_I	True	0	0	True	1095	
K	pseudogene_I	True	0	0	True	1092	
L	pseudogene_I	True	0	0	True	1096	
MICA	mic_tap	True	0	0	True	1156	
MICB	mic_tap	True	0	0	True	1152	
N	pseudogene_I	True	0	0	True	161	
P	pseudogene_I	True	0	0	True	735	
S	pseudogene_I	True	0	0	True	266	
T	pseudogene_I	True	0	0	True	459	
TAP1	mic_tap	True	0	0	True	2247	
TAP2	mic_tap	True	0	0	True	2061	
U	pseudogene_I	True	0	0	True	196	
V	pseudogene_I	True	0	0	True	538	
W	pseudogene_I	True	0	0	True	936	
A	classical_I	True	0	0	True	1098	
B	classical_I	True	0	0	True	1089	
C	classical_I	True	0	0	True	1101	
DMA	class_II_accessory	True	0	0	True	786	
DMB	class_II_accessory	True	0	0	True	792	
DOA	class_II_accessory	True	0	0	True	753	
DOB	class_II_accessory	True	0	0	True	822	
DPA1	classical_II	True	0	0	True	783	
DPA2	class_II_paralog	True	0	0	True	733	
DPB1	classical_II	True	0	0	True	777	
DPB2	class_II_paralog	False	1	1	False	776	775.0
DQA1	classical_II	True	0	0	True	768	
DQA2	class_II_paralog	True	0	0	True	768	
DQB1	classical_II	True	0	0	True	786	
DQB2	class_II_paralog	True	0	0	True	807	
DRA	class_II_accessory	True	0	0	True	765	
DRB1	classical_II	True	0	0	True	801	
E	nonclassical_I	True	0	0	True	1077	
F	nonclassical_I	True	0	0	True	1041	
G	nonclassical_I	True	0	0	True	1017	
H	pseudogene_I	True	0	0	True	1104	
J	pseudogene_I	True	0	0	True	1095	
K	pseudogene_I	True	0	0	True	1092	
L	pseudogene_I	True	0	0	True	1096	
MICA	mic_tap	True	0	0	True	1156	
MICB	mic_tap	True	0	0	True	1152	
N	pseudogene_I	True	0	0	True	161	
P	pseudogene_I	True	0	0	True	735	
S	pseudogene_I	True	0	0	True	266	
T	pseudogene_I	True	0	0	True	459	
TAP1	mic_tap	True	0	0	True	2247	
TAP2	mic_tap	True	0	0	True	2061	
U	pseudogene_I	True	0	0	True	196	
V	pseudogene_I	True	0	0	True	538	
W	pseudogene_I	True	0	0	True	936	
A	classical_I	False	3	3	False	1098	1095.0
B	classical_I	True	0	0	True	1089	
C	classical_I	False	29	27	True	1101	1101.0
DMA	class_II_accessory	True	0	0	True	786	
DMB	class_II_accessory	True	0	0	True	792	
DOA	class_II_accessory	True	0	0	True	753	
DOB	class_II_accessory	True	0	0	True	822	
DPA1	classical_II	True	0	0	True	783	
DPA2	class_II_paralog	True	0	0	True	733	
DPB1	classical_II	True	0	0	True	777	
DPB2	class_II_paralog	True	0	0	True	776	
DQA1	classical_II	True	0	0	True	765	
DQA2	class_II_paralog	True	0	0	True	768	
DQB1	classical_II	True	0	0	True	786	
DQB2	class_II_paralog	True	0	0	True	807	
DRA	class_II_accessory	True	0	0	True	765	
DRB1	classical_II	True	0	0	True	801	
DRB3	class_II_paralog	True	0	0	True	801	
DRB4	class_II_paralog	True	0	0	True	801	
E	nonclassical_I	True	0	0	True	1077	
F	nonclassical_I	True	0	0	True	1041	
G	nonclassical_I	True	0	0	True	1017	
H	pseudogene_I	True	0	0	True	1096	
J	pseudogene_I	True	0	0	True	1095	
K	pseudogene_I	True	0	0	True	1093	
L	pseudogene_I	True	0	0	True	1096	
MICA	mic_tap	True	0	0	True	1156	
MICB	mic_tap	True	0	0	True	1152	
N	pseudogene_I	True	0	0	True	161	
P	pseudogene_I	True	0	0	True	735	
S	pseudogene_I	True	0	0	True	266	
T	pseudogene_I	True	0	0	True	459	
TAP1	mic_tap	True	0	0	True	2247	
TAP2	mic_tap	True	0	0	True	2061	
U	pseudogene_I	True	0	0	True	196	
V	pseudogene_I	True	0	0	True	517	
W	pseudogene_I	True	0	0	True	936	
A	classical_I	True	0	0	True	1098	
B	classical_I	True	0	0	True	1089	
C	classical_I	True	0	0	True	1101	
DMA	class_II_accessory	True	0	0	True	786	
DMB	class_II_accessory	True	0	0	True	792	
DOA	class_II_accessory	True	0	0	True	753	
DOB	class_II_accessory	True	0	0	True	822	
DPA1	classical_II	True	0	0	True	783	
DPA2	class_II_paralog	True	0	0	True	733	
DPB1	classical_II	True	0	0	True	777	
DPB2	class_II_paralog	True	0	0	True	776	
DQA1	classical_II	True	0	0	True	768	
DQA2	class_II_paralog	True	0	0	True	768	
DQB1	classical_II	True	0	0	True	786	
DQB2	class_II_paralog	True	0	0	True	807	
DRA	class_II_accessory	True	0	0	True	765	
DRB1	classical_II	True	0	0	True	801	
E	nonclassical_I	True	0	0	True	1077	
F	nonclassical_I	True	0	0	True	1041	
G	nonclassical_I	True	0	0	True	1017	
H	pseudogene_I	True	0	0	True	1097	
J	pseudogene_I	True	0	0	True	1095	
K	pseudogene_I	True	0	0	True	1094	
L	pseudogene_I	True	0	0	True	1094	
MICA	mic_tap	True	0	0	True	1167	
MICB	mic_tap	True	0	0	True	1152	
N	pseudogene_I	True	0	0	True	161	
P	pseudogene_I	True	0	0	True	735	
S	pseudogene_I	True	0	0	True	266	
T	pseudogene_I	True	0	0	True	459	
TAP1	mic_tap	True	0	0	True	2247	
TAP2	mic_tap	True	0	0	True	2112	
U	pseudogene_I	True	0	0	True	196	
V	pseudogene_I	True	0	0	True	538	
W	pseudogene_I	True	0	0	True	938	
A	classical_I	True	0	0	True	1098	
B	classical_I	True	0	0	True	1089	
C	classical_I	True	0	0	True	1101	
DMA	class_II_accessory	True	0	0	True	786	
DMB	class_II_accessory	True	0	0	True	792	
DOA	class_II_accessory	True	0	0	True	753	
DOB	class_II_accessory	True	0	0	True	822	
DPA1	classical_II	True	0	0	True	783	
DPA2	class_II_paralog	True	0	0	True	733	
DPB1	classical_II	True	0	0	True	777	
DPB2	class_II_paralog	True	0	0	True	776	
DQA1	classical_II	True	0	0	True	765	
DQA2	class_II_paralog	True	0	0	True	768	
DQB1	classical_II	True	0	0	True	786	
DQB2	class_II_paralog	True	0	0	True	807	
DRA	class_II_accessory	True	0	0	True	765	
DRB1	classical_II	True	0	0	True	801	
DRB4	class_II_paralog	True	0	0	True	801	
E	nonclassical_I	True	0	0	True	1077	
F	nonclassical_I	True	0	0	True	1041	
G	nonclassical_I	True	0	0	True	1017	
H	pseudogene_I	True	0	0	True	1090	
J	pseudogene_I	True	0	0	True	1095	
K	pseudogene_I	True	0	0	True	1094	
L	pseudogene_I	True	0	0	True	1096	
MICA	mic_tap	True	0	0	True	1155	
MICB	mic_tap	True	0	0	True	1152	
N	pseudogene_I	True	0	0	True	161	
P	pseudogene_I	True	0	0	True	735	
S	pseudogene_I	True	0	0	True	266	
T	pseudogene_I	True	0	0	True	459	
TAP1	mic_tap	True	0	0	True	2247	
TAP2	mic_tap	True	0	0	True	2061	
U	pseudogene_I	True	0	0	True	195	
V	pseudogene_I	True	0	0	True	538	
W	pseudogene_I	True	0	0	True	938	
A	classical_I	True	0	0	True	1098	
B	classical_I	True	0	0	True	1089	
C	classical_I	True	0	0	True	1101	
DMA	class_II_accessory	True	0	0	True	786	
DMB	class_II_accessory	True	0	0	True	792	
DOA	class_II_accessory	True	0	0	True	753	
DOB	class_II_accessory	True	0	0	True	822	
DPA1	classical_II	True	0	0	True	783	
DPA2	class_II_paralog	True	0	0	True	733	
DPB1	classical_II	True	0	0	True	777	
DPB2	class_II_paralog	True	0	0	True	776	
DQA1	classical_II	True	0	0	True	768	
DQA2	class_II_paralog	True	0	0	True	768	
DQB1	classical_II	True	0	0	True	786	
DQB2	class_II_paralog	True	0	0	True	807	
DRA	class_II_accessory	True	0	0	True	765	
DRB1	classical_II	False	1	1	False	800	801.0
DRB4	class_II_paralog	True	0	0	True	801	
E	nonclassical_I	True	0	0	True	1077	
F	nonclassical_I	False	1	1	True	1041	1041.0
G	nonclassical_I	True	0	0	True	1017	
H	pseudogene_I	True	0	0	True	1096	
J	pseudogene_I	True	0	0	True	1095	
K	pseudogene_I	False	1	1	False	1094	1093.0
L	pseudogene_I	True	0	0	True	1096	
MICA	mic_tap	True	0	0	True	1167	
MICB	mic_tap	True	0	0	True	1152	
N	pseudogene_I	True	0	0	True	161	
P	pseudogene_I	True	0	0	True	735	
S	pseudogene_I	True	0	0	True	266	
T	pseudogene_I	True	0	0	True	459	
TAP1	mic_tap	True	0	0	True	2247	
TAP2	mic_tap	True	0	0	True	2112	
U	pseudogene_I	False	3	3	False	195	196.0
V	pseudogene_I	True	0	0	True	538	
W	pseudogene_I	True	0	0	True	923	
A	classical_I	True	0	0	True	1098	
B	classical_I	True	0	0	True	1089	
C	classical_I	True	0	0	True	1101	
DMA	class_II_accessory	True	0	0	True	786	
DMB	class_II_accessory	True	0	0	True	792	
DOA	class_II_accessory	True	0	0	True	753	
DOB	class_II_accessory	True	0	0	True	822	
DPA1	classical_II	True	0	0	True	783	
DPA2	class_II_paralog	True	0	0	True	733	
DPB1	classical_II	True	0	0	True	777	
DPB2	class_II_paralog	True	0	0	True	776	
DQA1	classical_II	True	0	0	True	768	
DQA2	class_II_paralog	True	0	0	True	768	
DQB1	classical_II	True	0	0	True	786	
DQB2	class_II_paralog	True	0	0	True	807	
DRA	class_II_accessory	True	0	0	True	765	
DRB1	classical_II	False	1	1	False	800	801.0
DRB3	class_II_paralog	False	15	13	True	801	801.0
DRB4	class_II_paralog	True	0	0	True	801	
E	nonclassical_I	True	0	0	True	1077	
F	nonclassical_I	True	0	0	True	1041	
G	nonclassical_I	True	0	0	True	1017	
H	pseudogene_I	True	0	0	True	1096	
J	pseudogene_I	True	0	0	True	1095	
K	pseudogene_I	False	1	1	False	1094	1093.0
L	pseudogene_I	True	0	0	True	1096	
MICA	mic_tap	True	0	0	True	1167	
MICB	mic_tap	True	0	0	True	1152	
N	pseudogene_I	True	0	0	True	161	
P	pseudogene_I	True	0	0	True	735	
S	pseudogene_I	True	0	0	True	266	
T	pseudogene_I	True	0	0	True	459	
TAP1	mic_tap	True	0	0	True	2247	
TAP2	mic_tap	True	0	0	True	2112	
U	pseudogene_I	False	3	3	False	195	196.0
V	pseudogene_I	True	0	0	True	538	
W	pseudogene_I	True	0	0	True	923	
A	classical_I	True	0	0	True	1098	
B	classical_I	True	0	0	True	1089	
C	classical_I	True	0	0	True	1101	
DMA	class_II_accessory	True	0	0	True	786	
DMB	class_II_accessory	True	0	0	True	792	
DOA	class_II_accessory	True	0	0	True	753	
DOB	class_II_accessory	True	0	0	True	822	
DPA1	classical_II	True	0	0	True	783	
DPA2	class_II_paralog	True	0	0	True	733	
DPB1	classical_II	True	0	0	True	777	
DPB2	class_II_paralog	True	0	0	True	776	
DQA1	classical_II	True	0	0	True	765	
DQA2	class_II_paralog	True	0	0	True	768	
DQB1	classical_II	True	0	0	True	786	
DQB2	class_II_paralog	True	0	0	True	807	
DRA	class_II_accessory	True	0	0	True	765	
DRB1	classical_II	True	0	0	True	801	
DRB4	class_II_paralog	True	0	0	True	801	
E	nonclassical_I	True	0	0	True	1077	
F	nonclassical_I	True	0	0	True	1041	
G	nonclassical_I	True	0	0	True	1017	
H	pseudogene_I	False	12	7	False	1104	1097.0
J	pseudogene_I	True	0	0	True	1095	
K	pseudogene_I	False	31	20	False	1092	1094.0
L	pseudogene_I	True	0	0	True	1096	
MICA	mic_tap	True	0	0	True	1158	
MICB	mic_tap	True	0	0	True	1152	
N	pseudogene_I	True	0	0	True	161	
P	pseudogene_I	True	0	0	True	735	
S	pseudogene_I	True	0	0	True	266	
T	pseudogene_I	True	0	0	True	459	
TAP1	mic_tap	True	0	0	True	2247	
TAP2	mic_tap	True	0	0	True	2061	
U	pseudogene_I	False	3	3	True	196	196.0
V	pseudogene_I	True	0	0	True	516	
W	pseudogene_I	True	0	0	True	936	
A	classical_I	True	0	0	True	1098	
B	classical_I	True	0	0	True	1089	
C	classical_I	True	0	0	True	1101	
DMA	class_II_accessory	True	0	0	True	786	
DMB	class_II_accessory	True	0	0	True	792	
DOA	class_II_accessory	True	0	0	True	753	
DOB	class_II_accessory	True	0	0	True	822	
DPA1	classical_II	True	0	0	True	783	
DPA2	class_II_paralog	True	0	0	True	733	
DPB1	classical_II	False	131	1	False	777	646.0
DPB2	class_II_paralog	False	10	10	True	776	776.0
DQA1	classical_II	True	0	0	True	765	
DQA2	class_II_paralog	True	0	0	True	768	
DQB1	classical_II	False	1	1	True	786	786.0
DQB2	class_II_paralog	True	0	0	True	807	
DRA	class_II_accessory	True	0	0	True	765	
DRB1	classical_II	True	0	0	True	801	
E	nonclassical_I	True	0	0	True	1077	
F	nonclassical_I	True	0	0	True	1041	
G	nonclassical_I	True	0	0	True	1017	
H	pseudogene_I	False	2	2	True	1104	1104.0
J	pseudogene_I	True	0	0	True	1095	
K	pseudogene_I	True	0	0	True	1093	
L	pseudogene_I	True	0	0	True	1096	
MICA	mic_tap	True	0	0	True	1158	
MICB	mic_tap	True	0	0	True	1152	
N	pseudogene_I	True	0	0	True	161	
P	pseudogene_I	True	0	0	True	735	
S	pseudogene_I	True	0	0	True	266	
T	pseudogene_I	True	0	0	True	459	
TAP1	mic_tap	True	0	0	True	2247	
TAP2	mic_tap	False	6	6	False	2061	2056.0
U	pseudogene_I	True	0	0	True	196	
V	pseudogene_I	True	0	0	True	538	
W	pseudogene_I	True	0	0	True	923	
A	classical_I	False	1	1	False	1098	1099.0
B	classical_I	True	0	0	True	1089	
C	classical_I	True	0	0	True	1101	
DMA	class_II_accessory	True	0	0	True	786	
DMB	class_II_accessory	True	0	0	True	792	
DOA	class_II_accessory	True	0	0	True	753	
DOB	class_II_accessory	True	0	0	True	822	
DPA1	classical_II	True	0	0	True	783	
DPA2	class_II_paralog	True	0	0	True	733	
DPB1	classical_II	True	0	0	True	777	
DPB2	class_II_paralog	True	0	0	True	776	
DQA1	classical_II	True	0	0	True	768	
DQA2	class_II_paralog	True	0	0	True	768	
DQB1	classical_II	True	0	0	True	786	
DQB2	class_II_paralog	True	0	0	True	807	
DRA	class_II_accessory	True	0	0	True	765	
DRB1	classical_II	True	0	0	True	801	
E	nonclassical_I	True	0	0	True	1077	
F	nonclassical_I	True	0	0	True	1041	
G	nonclassical_I	True	0	0	True	1017	
H	pseudogene_I	True	0	0	True	1097	
J	pseudogene_I	True	0	0	True	1095	
K	pseudogene_I	True	0	0	True	1094	
L	pseudogene_I	True	0	0	True	1094	
MICA	mic_tap	True	0	0	True	1167	
MICB	mic_tap	False	1	1	False	1152	1153.0
N	pseudogene_I	True	0	0	True	161	
P	pseudogene_I	True	0	0	True	735	
S	pseudogene_I	True	0	0	True	266	
T	pseudogene_I	True	0	0	True	459	
TAP1	mic_tap	True	0	0	True	2247	
TAP2	mic_tap	True	0	0	True	2061	
U	pseudogene_I	True	0	0	True	196	
V	pseudogene_I	True	0	0	True	538	
W	pseudogene_I	True	0	0	True	938	
A	classical_I	True	0	0	True	1098	
B	classical_I	True	0	0	True	1089	
C	classical_I	False	1	1	False	1101	1102.0
DMA	class_II_accessory	True	0	0	True	786	
DMB	class_II_accessory	True	0	0	True	792	
DOA	class_II_accessory	True	0	0	True	753	
DOB	class_II_accessory	True	0	0	True	822	
DPA1	classical_II	True	0	0	True	783	
DPA2	class_II_paralog	False	1	1	True	733	733.0
DPB1	classical_II	True	0	0	True	777	
DPB2	class_II_paralog	True	0	0	True	776	
DQA1	classical_II	True	0	0	True	768	
DQA2	class_II_paralog	True	0	0	True	768	
DQB1	classical_II	True	0	0	True	786	
DQB2	class_II_paralog	True	0	0	True	807	
DRA	class_II_accessory	True	0	0	True	765	
DRB1	classical_II	True	0	0	True	801	
DRB3	class_II_paralog	True	0	0	True	801	
DRB5	class_II_paralog	False	1	1	False	801	800.0
E	nonclassical_I	True	0	0	True	1077	
F	nonclassical_I	False	1	1	True	1041	1041.0
G	nonclassical_I	True	0	0	True	1017	
H	pseudogene_I	False	23	16	False	1096	1104.0
J	pseudogene_I	True	0	0	True	1095	
K	pseudogene_I	False	23	17	False	1093	1092.0
L	pseudogene_I	True	0	0	True	1096	
MICA	mic_tap	False	1	1	True	1156	1156.0
MICB	mic_tap	True	0	0	True	1152	
N	pseudogene_I	True	0	0	True	161	
P	pseudogene_I	True	0	0	True	735	
S	pseudogene_I	True	0	0	True	266	
T	pseudogene_I	False	8	8	True	459	459.0
TAP1	mic_tap	True	0	0	True	2247	
TAP2	mic_tap	True	0	0	True	2061	
U	pseudogene_I	False	10	9	True	196	196.0
V	pseudogene_I	True	0	0	True	538	
W	pseudogene_I	True	0	0	True	936	
A	classical_I	False	42	38	True	1098	1098.0
B	classical_I	True	0	0	True	1089	
C	classical_I	True	0	0	True	1101	
DMA	class_II_accessory	True	0	0	True	786	
DMB	class_II_accessory	True	0	0	True	792	
DOA	class_II_accessory	True	0	0	True	753	
DOB	class_II_accessory	True	0	0	True	822	
DPA1	classical_II	True	0	0	True	783	
DPA2	class_II_paralog	True	0	0	True	733	
DPB1	classical_II	True	0	0	True	777	
DPB2	class_II_paralog	True	0	0	True	776	
DQA1	classical_II	True	0	0	True	768	
DQA2	class_II_paralog	True	0	0	True	768	
DQB1	classical_II	True	0	0	True	810	
DQB2	class_II_paralog	True	0	0	True	807	
DRA	class_II_accessory	True	0	0	True	765	
DRB1	classical_II	True	0	0	True	801	
DRB3	class_II_paralog	True	0	0	True	801	
E	nonclassical_I	True	0	0	True	1077	
F	nonclassical_I	True	0	0	True	1041	
G	nonclassical_I	True	0	0	True	1017	
H	pseudogene_I	True	0	0	True	1096	
J	pseudogene_I	True	0	0	True	1095	
K	pseudogene_I	True	0	0	True	1093	
L	pseudogene_I	True	0	0	True	1096	
MICA	mic_tap	True	0	0	True	1155	
MICB	mic_tap	True	0	0	True	1152	
N	pseudogene_I	True	0	0	True	161	
P	pseudogene_I	True	0	0	True	735	
S	pseudogene_I	True	0	0	True	266	
T	pseudogene_I	True	0	0	True	459	
TAP1	mic_tap	True	0	0	True	2247	
TAP2	mic_tap	False	2	2	True	2061	2061.0
U	pseudogene_I	True	0	0	True	196	
V	pseudogene_I	True	0	0	True	538	
W	pseudogene_I	True	0	0	True	923	
A	classical_I	True	0	0	True	1098	
B	classical_I	True	0	0	True	1089	
C	classical_I	False	1	1	False	1101	1100.0
DMA	class_II_accessory	True	0	0	True	786	
DMB	class_II_accessory	True	0	0	True	792	
DOA	class_II_accessory	True	0	0	True	753	
DOB	class_II_accessory	True	0	0	True	822	
DPA1	classical_II	True	0	0	True	783	
DPA2	class_II_paralog	True	0	0	True	733	
DPB1	classical_II	True	0	0	True	777	
DPB2	class_II_paralog	True	0	0	True	776	
DQA1	classical_II	True	0	0	True	768	
DQA2	class_II_paralog	True	0	0	True	768	
DQB1	classical_II	True	0	0	True	786	
DQB2	class_II_paralog	True	0	0	True	807	
DRA	class_II_accessory	True	0	0	True	765	
DRB1	classical_II	True	0	0	True	801	
E	nonclassical_I	True	0	0	True	1077	
F	nonclassical_I	True	0	0	True	1041	
G	nonclassical_I	True	0	0	True	1017	
H	pseudogene_I	True	0	0	True	1090	
J	pseudogene_I	True	0	0	True	1095	
K	pseudogene_I	True	0	0	True	1094	
L	pseudogene_I	True	0	0	True	1096	
MICA	mic_tap	False	24	15	False	1158	1167.0
MICB	mic_tap	False	2	2	False	1150	1152.0
N	pseudogene_I	True	0	0	True	161	
P	pseudogene_I	True	0	0	True	735	
S	pseudogene_I	True	0	0	True	266	
T	pseudogene_I	True	0	0	True	459	
TAP1	mic_tap	False	1	1	False	2247	2246.0
TAP2	mic_tap	False	1	1	True	2061	2061.0
U	pseudogene_I	True	0	0	True	195	
V	pseudogene_I	True	0	0	True	538	
W	pseudogene_I	True	0	0	True	938	
A	classical_I	True	0	0	True	1098	
B	classical_I	True	0	0	True	1089	
C	classical_I	True	0	0	True	1101	
DMA	class_II_accessory	True	0	0	True	786	
DMB	class_II_accessory	True	0	0	True	792	
DOA	class_II_accessory	True	0	0	True	753	
DOB	class_II_accessory	True	0	0	True	822	
DPA1	classical_II	True	0	0	True	783	
DPA2	class_II_paralog	True	0	0	True	733	
DPB1	classical_II	True	0	0	True	777	
DPB2	class_II_paralog	True	0	0	True	776	
DQA1	classical_II	True	0	0	True	768	
DQA2	class_II_paralog	True	0	0	True	768	
DQB1	classical_II	True	0	0	True	786	
DQB2	class_II_paralog	True	0	0	True	807	
DRA	class_II_accessory	True	0	0	True	765	
DRB1	classical_II	False	9	6	True	801	801.0
DRB5	class_II_paralog	True	0	0	True	801	
E	nonclassical_I	True	0	0	True	1077	
F	nonclassical_I	True	0	0	True	1041	
G	nonclassical_I	True	0	0	True	1017	
H	pseudogene_I	True	0	0	True	1097	
J	pseudogene_I	True	0	0	True	1095	
K	pseudogene_I	True	0	0	True	1093	
L	pseudogene_I	True	0	0	True	1094	
MICA	mic_tap	True	0	0	True	1158	
MICB	mic_tap	False	1	1	False	1151	1152.0
N	pseudogene_I	True	0	0	True	161	
P	pseudogene_I	True	0	0	True	732	
S	pseudogene_I	True	0	0	True	266	
T	pseudogene_I	True	0	0	True	459	
TAP1	mic_tap	True	0	0	True	2247	
TAP2	mic_tap	True	0	0	True	2061	
U	pseudogene_I	True	0	0	True	196	
V	pseudogene_I	True	0	0	True	517	
W	pseudogene_I	True	0	0	True	938	
A	classical_I	True	0	0	True	1098	
B	classical_I	True	0	0	True	1089	
C	classical_I	True	0	0	True	1101	
DMA	class_II_accessory	True	0	0	True	786	
DMB	class_II_accessory	True	0	0	True	792	
DOA	class_II_accessory	True	0	0	True	753	
DOB	class_II_accessory	True	0	0	True	822	
DPA1	classical_II	True	0	0	True	783	
DPA2	class_II_paralog	True	0	0	True	733	
DPB1	classical_II	True	0	0	True	777	
DPB2	class_II_paralog	True	0	0	True	776	
DQA1	classical_II	True	0	0	True	768	
DQA2	class_II_paralog	True	0	0	True	768	
DQB1	classical_II	True	0	0	True	786	
DQB2	class_II_paralog	True	0	0	True	807	
DRA	class_II_accessory	True	0	0	True	765	
DRB1	classical_II	True	0	0	True	801	
DRB3	class_II_paralog	False	14	13	True	801	801.0
E	nonclassical_I	True	0	0	True	1077	
F	nonclassical_I	True	0	0	True	1041	
G	nonclassical_I	True	0	0	True	1017	
H	pseudogene_I	True	0	0	True	1090	
HFE	other	False	1	1	True	1047	1047.0
J	pseudogene_I	True	0	0	True	1095	
K	pseudogene_I	True	0	0	True	1094	
L	pseudogene_I	True	0	0	True	1096	
MICA	mic_tap	True	0	0	True	1152	
MICB	mic_tap	True	0	0	True	1152	
N	pseudogene_I	True	0	0	True	161	
P	pseudogene_I	True	0	0	True	735	
S	pseudogene_I	True	0	0	True	266	
T	pseudogene_I	True	0	0	True	459	
TAP1	mic_tap	True	0	0	True	2247	
TAP2	mic_tap	True	0	0	True	2061	
U	pseudogene_I	True	0	0	True	195	
V	pseudogene_I	True	0	0	True	538	
W	pseudogene_I	True	0	0	True	938	
A	classical_I	False	2	2	False	1096	1098.0
B	classical_I	False	7	4	False	1086	1089.0
C	classical_I	True	0	0	True	1101	
DMA	class_II_accessory	True	0	0	True	786	
DMB	class_II_accessory	True	0	0	True	792	
DOA	class_II_accessory	True	0	0	True	753	
DOB	class_II_accessory	True	0	0	True	822	
DPA1	classical_II	True	0	0	True	783	
DPA2	class_II_paralog	True	0	0	True	733	
DPB1	classical_II	True	0	0	True	777	
DPB2	class_II_paralog	True	0	0	True	776	
DQA1	classical_II	True	0	0	True	765	
DQA2	class_II_paralog	True	0	0	True	768	
DQB1	classical_II	True	0	0	True	786	
DQB2	class_II_paralog	True	0	0	True	807	
DRA	class_II_accessory	True	0	0	True	765	
DRB1	classical_II	True	0	0	True	801	
DRB3	class_II_paralog	True	0	0	True	801	
E	nonclassical_I	True	0	0	True	1077	
F	nonclassical_I	True	0	0	True	1041	
G	nonclassical_I	True	0	0	True	1017	
H	pseudogene_I	True	0	0	True	1096	
J	pseudogene_I	True	0	0	True	1095	
K	pseudogene_I	False	1	1	False	1094	1093.0
L	pseudogene_I	True	0	0	True	1094	
MICA	mic_tap	True	0	0	True	1155	
MICB	mic_tap	True	0	0	True	1152	
N	pseudogene_I	True	0	0	True	161	
P	pseudogene_I	False	1	1	False	733	732.0
S	pseudogene_I	True	0	0	True	266	
T	pseudogene_I	True	0	0	True	459	
TAP1	mic_tap	True	0	0	True	2247	
TAP2	mic_tap	True	0	0	True	2112	
U	pseudogene_I	True	0	0	True	196	
V	pseudogene_I	True	0	0	True	538	
W	pseudogene_I	True	0	0	True	923	
A	classical_I	True	0	0	True	1098	
B	classical_I	True	0	0	True	1089	
C	classical_I	True	0	0	True	1101	
DMA	class_II_accessory	True	0	0	True	786	
DMB	class_II_accessory	True	0	0	True	792	
DOA	class_II_accessory	True	0	0	True	753	
DOB	class_II_accessory	True	0	0	True	822	
DPA1	classical_II	True	0	0	True	783	
DPA2	class_II_paralog	True	0	0	True	733	
DPB1	classical_II	True	0	0	True	777	
DPB2	class_II_paralog	True	0	0	True	776	
DQA1	classical_II	True	0	0	True	768	
DQA2	class_II_paralog	True	0	0	True	768	
DQB1	classical_II	True	0	0	True	786	
DQB2	class_II_paralog	True	0	0	True	807	
DRA	class_II_accessory	True	0	0	True	765	
DRB1	classical_II	True	0	0	True	801	
DRB3	class_II_paralog	True	0	0	True	801	
DRB4	class_II_paralog	True	0	0	True	801	
E	nonclassical_I	True	0	0	True	1077	
F	nonclassical_I	True	0	0	True	1041	
G	nonclassical_I	True	0	0	True	1017	
H	pseudogene_I	True	0	0	True	1096	
J	pseudogene_I	True	0	0	True	1095	
K	pseudogene_I	True	0	0	True	1093	
L	pseudogene_I	True	0	0	True	1094	
MICA	mic_tap	True	0	0	True	1167	
MICB	mic_tap	True	0	0	True	1152	
N	pseudogene_I	True	0	0	True	161	
P	pseudogene_I	True	0	0	True	735	
S	pseudogene_I	True	0	0	True	266	
T	pseudogene_I	True	0	0	True	459	
TAP1	mic_tap	True	0	0	True	2247	
TAP2	mic_tap	True	0	0	True	2061	
U	pseudogene_I	True	0	0	True	196	
V	pseudogene_I	True	0	0	True	538	
W	pseudogene_I	True	0	0	True	923	
A	classical_I	True	0	0	True	1098	
B	classical_I	True	0	0	True	1089	
C	classical_I	True	0	0	True	1101	
DMA	class_II_accessory	True	0	0	True	786	
DMB	class_II_accessory	True	0	0	True	792	
DOA	class_II_accessory	True	0	0	True	753	
DOB	class_II_accessory	True	0	0	True	822	
DPA1	classical_II	True	0	0	True	783	
DPA2	class_II_paralog	True	0	0	True	733	
DPB1	classical_II	True	0	0	True	777	
DPB2	class_II_paralog	True	0	0	True	776	
DQA1	classical_II	True	0	0	True	768	
DQA2	class_II_paralog	True	0	0	True	768	
DQB1	classical_II	True	0	0	True	786	
DQB2	class_II_paralog	True	0	0	True	807	
DRA	class_II_accessory	True	0	0	True	765	
DRB1	classical_II	True	0	0	True	801	
DRB3	class_II_paralog	False	1	1	False	801	800.0
E	nonclassical_I	True	0	0	True	1077	
F	nonclassical_I	True	0	0	True	1041	
G	nonclassical_I	True	0	0	True	1017	
H	pseudogene_I	True	0	0	True	1096	
J	pseudogene_I	True	0	0	True	1095	
K	pseudogene_I	True	0	0	True	1093	
L	pseudogene_I	True	0	0	True	1094	
MICA	mic_tap	True	0	0	True	1167	
MICB	mic_tap	False	2	2	True	1152	1152.0
N	pseudogene_I	True	0	0	True	161	
P	pseudogene_I	True	0	0	True	735	
S	pseudogene_I	True	0	0	True	266	
T	pseudogene_I	True	0	0	True	459	
TAP1	mic_tap	True	0	0	True	2247	
TAP2	mic_tap	True	0	0	True	2061	
U	pseudogene_I	True	0	0	True	196	
V	pseudogene_I	True	0	0	True	538	
W	pseudogene_I	True	0	0	True	923	
A	classical_I	True	0	0	True	1098	
B	classical_I	True	0	0	True	1089	
C	classical_I	True	0	0	True	1101	
DMA	class_II_accessory	True	0	0	True	786	
DMB	class_II_accessory	True	0	0	True	792	
DOA	class_II_accessory	True	0	0	True	753	
DOB	class_II_accessory	True	0	0	True	822	
DPA1	classical_II	True	0	0	True	783	
DPA2	class_II_paralog	True	0	0	True	733	
DPB1	classical_II	True	0	0	True	777	
DPB2	class_II_paralog	True	0	0	True	776	
DQA1	classical_II	True	0	0	True	765	
DQA2	class_II_paralog	True	0	0	True	768	
DQB1	classical_II	False	37	31	True	786	786.0
DQB2	class_II_paralog	True	0	0	True	807	
DRA	class_II_accessory	True	0	0	True	765	
DRB1	classical_II	True	0	0	True	801	
DRB3	class_II_paralog	True	0	0	True	801	
E	nonclassical_I	True	0	0	True	1077	
F	nonclassical_I	True	0	0	True	1041	
G	nonclassical_I	True	0	0	True	1017	
H	pseudogene_I	True	0	0	True	1096	
J	pseudogene_I	True	0	0	True	1081	
K	pseudogene_I	True	0	0	True	1093	
L	pseudogene_I	True	0	0	True	1096	
MICA	mic_tap	True	0	0	True	1167	
MICB	mic_tap	True	0	0	True	1152	
N	pseudogene_I	True	0	0	True	161	
P	pseudogene_I	True	0	0	True	732	
S	pseudogene_I	True	0	0	True	266	
T	pseudogene_I	True	0	0	True	459	
TAP1	mic_tap	True	0	0	True	2247	
TAP2	mic_tap	True	0	0	True	2061	
U	pseudogene_I	True	0	0	True	196	
V	pseudogene_I	True	0	0	True	538	
W	pseudogene_I	True	0	0	True	936	
A	classical_I	False	6	5	False	1099	1100.0
B	classical_I	True	0	0	True	1089	
C	classical_I	True	0	0	True	1101	
DMA	class_II_accessory	True	0	0	True	786	
DMB	class_II_accessory	True	0	0	True	792	
DOA	class_II_accessory	True	0	0	True	753	
DOB	class_II_accessory	True	0	0	True	822	
DPA1	classical_II	True	0	0	True	783	
DPA2	class_II_paralog	True	0	0	True	733	
DPB1	classical_II	True	0	0	True	777	
DPB2	class_II_paralog	True	0	0	True	776	
DQA1	classical_II	True	0	0	True	768	
DQA2	class_II_paralog	True	0	0	True	768	
DQB1	classical_II	True	0	0	True	786	
DQB2	class_II_paralog	True	0	0	True	807	
DRA	class_II_accessory	True	0	0	True	765	
DRB1	classical_II	True	0	0	True	801	
DRB3	class_II_paralog	False	15	13	True	801	801.0
E	nonclassical_I	True	0	0	True	1077	
F	nonclassical_I	True	0	0	True	1041	
G	nonclassical_I	True	0	0	True	1017	
H	pseudogene_I	True	0	0	True	1097	
J	pseudogene_I	True	0	0	True	1088	
K	pseudogene_I	True	0	0	True	1093	
L	pseudogene_I	True	0	0	True	1096	
MICA	mic_tap	True	0	0	True	1156	
MICB	mic_tap	True	0	0	True	1152	
N	pseudogene_I	True	0	0	True	161	
P	pseudogene_I	True	0	0	True	735	
S	pseudogene_I	True	0	0	True	266	
T	pseudogene_I	True	0	0	True	459	
TAP1	mic_tap	True	0	0	True	2247	
TAP2	mic_tap	True	0	0	True	2061	
U	pseudogene_I	True	0	0	True	196	
V	pseudogene_I	False	1	1	False	516	517.0
W	pseudogene_I	False	2	2	True	936	936.0
Y	pseudogene_I	False	2	2	False	822	824.0
A	classical_I	True	0	0	True	1098	
B	classical_I	True	0	0	True	1089	
C	classical_I	True	0	0	True	1101	
DMA	class_II_accessory	True	0	0	True	786	
DMB	class_II_accessory	True	0	0	True	792	
DOA	class_II_accessory	True	0	0	True	753	
DOB	class_II_accessory	True	0	0	True	822	
DPA1	classical_II	True	0	0	True	783	
DPA2	class_II_paralog	True	0	0	True	733	
DPB1	classical_II	True	0	0	True	777	
DPB2	class_II_paralog	True	0	0	True	776	
DQA1	classical_II	True	0	0	True	768	
DQA2	class_II_paralog	True	0	0	True	768	
DQB1	classical_II	True	0	0	True	786	
DQB2	class_II_paralog	True	0	0	True	807	
DRA	class_II_accessory	True	0	0	True	765	
DRB1	classical_II	False	3	2	True	801	801.0
DRB4	class_II_paralog	False	1	1	True	801	801.0
DRB5	class_II_paralog	True	0	0	True	801	
E	nonclassical_I	True	0	0	True	1077	
F	nonclassical_I	True	0	0	True	1041	
G	nonclassical_I	True	0	0	True	1017	
H	pseudogene_I	True	0	0	True	1096	
J	pseudogene_I	True	0	0	True	1088	
K	pseudogene_I	True	0	0	True	1093	
L	pseudogene_I	True	0	0	True	1096	
MICA	mic_tap	True	0	0	True	1156	
MICB	mic_tap	True	0	0	True	1152	
N	pseudogene_I	True	0	0	True	161	
P	pseudogene_I	True	0	0	True	732	
S	pseudogene_I	True	0	0	True	266	
T	pseudogene_I	True	0	0	True	459	
TAP1	mic_tap	True	0	0	True	2247	
TAP2	mic_tap	True	0	0	True	2061	
U	pseudogene_I	True	0	0	True	196	
V	pseudogene_I	True	0	0	True	517	
W	pseudogene_I	True	0	0	True	936	
Y	pseudogene_I	False	1	1	False	824	823.0
A	classical_I	True	0	0	True	1098	
B	classical_I	True	0	0	True	1089	
C	classical_I	True	0	0	True	1101	
DMA	class_II_accessory	True	0	0	True	786	
DMB	class_II_accessory	True	0	0	True	792	
DOA	class_II_accessory	True	0	0	True	753	
DOB	class_II_accessory	True	0	0	True	822	
DPA1	classical_II	True	0	0	True	783	
DPA2	class_II_paralog	True	0	0	True	733	
DPB1	classical_II	True	0	0	True	777	
DPB2	class_II_paralog	True	0	0	True	776	
DQA1	classical_II	True	0	0	True	765	
DQA2	class_II_paralog	True	0	0	True	768	
DQB1	classical_II	True	0	0	True	786	
DQB2	class_II_paralog	True	0	0	True	807	
DRA	class_II_accessory	True	0	0	True	765	
DRB1	classical_II	True	0	0	True	801	
DRB3	class_II_paralog	True	0	0	True	801	
E	nonclassical_I	True	0	0	True	1077	
F	nonclassical_I	True	0	0	True	1041	
G	nonclassical_I	True	0	0	True	1017	
J	pseudogene_I	True	0	0	True	1095	
L	pseudogene_I	True	0	0	True	1094	
MICA	mic_tap	False	17	9	False	1166	1158.0
MICB	mic_tap	True	0	0	True	1152	
N	pseudogene_I	True	0	0	True	161	
P	pseudogene_I	True	0	0	True	735	
S	pseudogene_I	True	0	0	True	266	
TAP1	mic_tap	True	0	0	True	2247	
TAP2	mic_tap	True	0	0	True	2061	
V	pseudogene_I	True	0	0	True	516	
W	pseudogene_I	True	0	0	True	936	
A	classical_I	True	0	0	True	1098	
B	classical_I	True	0	0	True	1089	
C	classical_I	True	0	0	True	1101	
DMA	class_II_accessory	True	0	0	True	786	
DMB	class_II_accessory	True	0	0	True	792	
DOA	class_II_accessory	True	0	0	True	753	
DOB	class_II_accessory	True	0	0	True	822	
DPA1	classical_II	True	0	0	True	783	
DPA2	class_II_paralog	True	0	0	True	733	
DPB1	classical_II	True	0	0	True	777	
DPB2	class_II_paralog	True	0	0	True	776	
DQA1	classical_II	True	0	0	True	768	
DQA2	class_II_paralog	True	0	0	True	768	
DQB1	classical_II	True	0	0	True	786	
DQB2	class_II_paralog	True	0	0	True	807	
DRA	class_II_accessory	True	0	0	True	765	
DRB1	classical_II	True	0	0	True	801	
DRB3	class_II_paralog	True	0	0	True	801	
E	nonclassical_I	True	0	0	True	1077	
F	nonclassical_I	True	0	0	True	1041	
G	nonclassical_I	True	0	0	True	1017	
H	pseudogene_I	False	12	10	True	1096	1096.0
J	pseudogene_I	True	0	0	True	1095	
K	pseudogene_I	False	24	20	False	1093	1095.0
L	pseudogene_I	True	0	0	True	1096	
MICA	mic_tap	True	0	0	True	1156	
MICB	mic_tap	True	0	0	True	1152	
N	pseudogene_I	True	0	0	True	161	
P	pseudogene_I	True	0	0	True	735	
S	pseudogene_I	True	0	0	True	266	
T	pseudogene_I	False	1	1	True	459	459.0
TAP1	mic_tap	True	0	0	True	2247	
TAP2	mic_tap	True	0	0	True	2061	
U	pseudogene_I	False	5	5	True	196	196.0
V	pseudogene_I	True	0	0	True	516	
W	pseudogene_I	True	0	0	True	936	
A	classical_I	True	0	0	True	1098	
B	classical_I	True	0	0	True	1089	
C	classical_I	True	0	0	True	1101	
DMA	class_II_accessory	True	0	0	True	786	
DMB	class_II_accessory	True	0	0	True	792	
DOA	class_II_accessory	True	0	0	True	753	
DOB	class_II_accessory	True	0	0	True	822	
DPA1	classical_II	True	0	0	True	783	
DPA2	class_II_paralog	True	0	0	True	733	
DPB1	classical_II	True	0	0	True	777	
DPB2	class_II_paralog	True	0	0	True	776	
DQA1	classical_II	True	0	0	True	765	
DQA2	class_II_paralog	True	0	0	True	768	
DQB1	classical_II	True	0	0	True	786	
DQB2	class_II_paralog	True	0	0	True	807	
DRA	class_II_accessory	True	0	0	True	765	
DRB1	classical_II	True	0	0	True	801	
E	nonclassical_I	True	0	0	True	1077	
F	nonclassical_I	True	0	0	True	1041	
G	nonclassical_I	True	0	0	True	1017	
H	pseudogene_I	False	4	3	True	1090	1090.0
J	pseudogene_I	True	0	0	True	1095	
K	pseudogene_I	False	23	20	False	1091	1094.0
L	pseudogene_I	True	0	0	True	1096	
MICA	mic_tap	True	0	0	True	1158	
MICB	mic_tap	True	0	0	True	1152	
N	pseudogene_I	True	0	0	True	161	
P	pseudogene_I	True	0	0	True	735	
S	pseudogene_I	True	0	0	True	266	
T	pseudogene_I	False	2	2	True	459	459.0
TAP1	mic_tap	True	0	0	True	2247	
TAP2	mic_tap	True	0	0	True	2061	
U	pseudogene_I	False	4	4	False	196	195.0
V	pseudogene_I	True	0	0	True	538	
W	pseudogene_I	True	0	0	True	936	
A	classical_I	True	0	0	True	1098	
B	classical_I	False	36	30	True	1089	1089.0
C	classical_I	True	0	0	True	1101	
DMA	class_II_accessory	True	0	0	True	786	
DMB	class_II_accessory	True	0	0	True	792	
DOA	class_II_accessory	True	0	0	True	753	
DOB	class_II_accessory	True	0	0	True	822	
DPA1	classical_II	True	0	0	True	783	
DPA2	class_II_paralog	True	0	0	True	733	
DPB1	classical_II	True	0	0	True	777	
DPB2	class_II_paralog	True	0	0	True	776	
DQA1	classical_II	True	0	0	True	768	
DQA2	class_II_paralog	True	0	0	True	768	
DQB1	classical_II	True	0	0	True	786	
DQB2	class_II_paralog	True	0	0	True	807	
DRA	class_II_accessory	True	0	0	True	765	
DRB1	classical_II	False	10	6	True	801	801.0
DRB4	class_II_paralog	True	0	0	True	801	
E	nonclassical_I	True	0	0	True	1077	
F	nonclassical_I	True	0	0	True	1041	
G	nonclassical_I	True	0	0	True	1017	
H	pseudogene_I	False	21	18	False	1097	1096.0
J	pseudogene_I	True	0	0	True	1095	
K	pseudogene_I	False	19	18	True	1093	1093.0
L	pseudogene_I	True	0	0	True	1094	
MICA	mic_tap	True	0	0	True	1167	
MICB	mic_tap	True	0	0	True	1152	
N	pseudogene_I	True	0	0	True	161	
P	pseudogene_I	True	0	0	True	735	
S	pseudogene_I	True	0	0	True	266	
T	pseudogene_I	False	10	10	True	459	459.0
TAP1	mic_tap	True	0	0	True	2247	
TAP2	mic_tap	True	0	0	True	2112	
U	pseudogene_I	False	4	4	True	196	196.0
V	pseudogene_I	True	0	0	True	538	
W	pseudogene_I	True	0	0	True	936	
A	classical_I	True	0	0	True	1098	
B	classical_I	True	0	0	True	1089	
C	classical_I	True	0	0	True	1101	
DMA	class_II_accessory	True	0	0	True	786	
DMB	class_II_accessory	True	0	0	True	792	
DOA	class_II_accessory	True	0	0	True	753	
DOB	class_II_accessory	True	0	0	True	822	
DPA1	classical_II	True	0	0	True	783	
DPA2	class_II_paralog	True	0	0	True	733	
DPB1	classical_II	True	0	0	True	777	
DPB2	class_II_paralog	True	0	0	True	776	
DQA1	classical_II	True	0	0	True	768	
DQA2	class_II_paralog	True	0	0	True	768	
DQB1	classical_II	True	0	0	True	786	
DQB2	class_II_paralog	True	0	0	True	807	
DRA	class_II_accessory	True	0	0	True	765	
DRB1	classical_II	True	0	0	True	801	
DRB4	class_II_paralog	True	0	0	True	801	
E	nonclassical_I	True	0	0	True	1077	
F	nonclassical_I	False	1	1	True	1041	1041.0
G	nonclassical_I	True	0	0	True	1017	
H	pseudogene_I	True	0	0	True	1096	
J	pseudogene_I	True	0	0	True	1095	
K	pseudogene_I	True	0	0	True	1093	
L	pseudogene_I	True	0	0	True	1096	
MICA	mic_tap	True	0	0	True	1167	
MICB	mic_tap	True	0	0	True	1152	
N	pseudogene_I	True	0	0	True	161	
P	pseudogene_I	True	0	0	True	735	
S	pseudogene_I	True	0	0	True	266	
T	pseudogene_I	True	0	0	True	459	
TAP1	mic_tap	True	0	0	True	2247	
TAP2	mic_tap	True	0	0	True	2112	
U	pseudogene_I	True	0	0	True	196	
V	pseudogene_I	True	0	0	True	538	
W	pseudogene_I	True	0	0	True	923	
A	classical_I	True	0	0	True	1098	
B	classical_I	True	0	0	True	1089	
C	classical_I	True	0	0	True	1101	
DMA	class_II_accessory	True	0	0	True	786	
DMB	class_II_accessory	True	0	0	True	792	
DOA	class_II_accessory	True	0	0	True	753	
DOB	class_II_accessory	True	0	0	True	822	
DPA1	classical_II	True	0	0	True	783	
DPA2	class_II_paralog	True	0	0	True	733	
DPB1	classical_II	True	0	0	True	777	
DPB2	class_II_paralog	True	0	0	True	776	
DQA1	classical_II	True	0	0	True	765	
DQA2	class_II_paralog	True	0	0	True	768	
DQB1	classical_II	False	1	1	False	786	787.0
DQB2	class_II_paralog	True	0	0	True	807	
DRA	class_II_accessory	True	0	0	True	765	
DRB1	classical_II	True	0	0	True	801	
DRB3	class_II_paralog	False	15	13	True	801	801.0
DRB4	class_II_paralog	True	0	0	True	801	
E	nonclassical_I	True	0	0	True	1077	
F	nonclassical_I	True	0	0	True	1041	
G	nonclassical_I	True	0	0	True	1017	
H	pseudogene_I	True	0	0	True	1090	
HFE	other	True	0	0	True	1047	
J	pseudogene_I	True	0	0	True	1095	
K	pseudogene_I	True	0	0	True	1094	
L	pseudogene_I	True	0	0	True	1096	
MICA	mic_tap	True	0	0	True	1156	
MICB	mic_tap	True	0	0	True	1152	
N	pseudogene_I	True	0	0	True	161	
P	pseudogene_I	True	0	0	True	735	
S	pseudogene_I	True	0	0	True	266	
T	pseudogene_I	True	0	0	True	459	
TAP1	mic_tap	True	0	0	True	2247	
TAP2	mic_tap	True	0	0	True	2061	
U	pseudogene_I	True	0	0	True	195	
V	pseudogene_I	True	0	0	True	538	
W	pseudogene_I	True	0	0	True	938	
A	classical_I	True	0	0	True	1098	
B	classical_I	True	0	0	True	1089	
C	classical_I	True	0	0	True	1101	
DMA	class_II_accessory	True	0	0	True	786	
DMB	class_II_accessory	True	0	0	True	792	
DOA	class_II_accessory	True	0	0	True	753	
DOB	class_II_accessory	True	0	0	True	822	
DPA1	classical_II	True	0	0	True	783	
DPA2	class_II_paralog	True	0	0	True	733	
DPB1	classical_II	True	0	0	True	777	
DPB2	class_II_paralog	True	0	0	True	776	
DQA1	classical_II	True	0	0	True	768	
DQA2	class_II_paralog	True	0	0	True	768	
DQB1	classical_II	True	0	0	True	786	
DQB2	class_II_paralog	True	0	0	True	807	
DRA	class_II_accessory	True	0	0	True	765	
DRB1	classical_II	True	0	0	True	801	
DRB5	class_II_paralog	True	0	0	True	801	
E	nonclassical_I	True	0	0	True	1077	
F	nonclassical_I	True	0	0	True	1041	
G	nonclassical_I	True	0	0	True	1017	
H	pseudogene_I	True	0	0	True	1096	
J	pseudogene_I	True	0	0	True	1095	
K	pseudogene_I	True	0	0	True	1093	
L	pseudogene_I	True	0	0	True	1096	
MICA	mic_tap	True	0	0	True	1156	
MICB	mic_tap	True	0	0	True	1152	
N	pseudogene_I	True	0	0	True	161	
P	pseudogene_I	True	0	0	True	732	
S	pseudogene_I	True	0	0	True	266	
T	pseudogene_I	True	0	0	True	459	
TAP1	mic_tap	True	0	0	True	2247	
TAP2	mic_tap	True	0	0	True	2061	
U	pseudogene_I	True	0	0	True	196	
V	pseudogene_I	True	0	0	True	538	
W	pseudogene_I	True	0	0	True	936	
A	classical_I	True	0	0	True	1098	
B	classical_I	True	0	0	True	1089	
C	classical_I	True	0	0	True	1101	
DMA	class_II_accessory	True	0	0	True	786	
DMB	class_II_accessory	True	0	0	True	792	
DOA	class_II_accessory	True	0	0	True	753	
DOB	class_II_accessory	True	0	0	True	822	
DPA1	classical_II	True	0	0	True	783	
DPA2	class_II_paralog	True	0	0	True	733	
DPB1	classical_II	True	0	0	True	777	
DPB2	class_II_paralog	True	0	0	True	776	
DQA1	classical_II	True	0	0	True	768	
DQA2	class_II_paralog	True	0	0	True	768	
DQB1	classical_II	True	0	0	True	786	
DQB2	class_II_paralog	True	0	0	True	807	
DRA	class_II_accessory	True	0	0	True	765	
DRB1	classical_II	True	0	0	True	801	
DRB5	class_II_paralog	True	0	0	True	801	
E	nonclassical_I	True	0	0	True	1077	
F	nonclassical_I	True	0	0	True	1041	
G	nonclassical_I	True	0	0	True	1017	
H	pseudogene_I	True	0	0	True	1096	
J	pseudogene_I	True	0	0	True	1095	
K	pseudogene_I	True	0	0	True	1093	
L	pseudogene_I	True	0	0	True	1096	
MICA	mic_tap	True	0	0	True	1156	
MICB	mic_tap	True	0	0	True	1152	
N	pseudogene_I	True	0	0	True	161	
P	pseudogene_I	True	0	0	True	732	
S	pseudogene_I	True	0	0	True	266	
T	pseudogene_I	True	0	0	True	459	
TAP1	mic_tap	True	0	0	True	2247	
TAP2	mic_tap	True	0	0	True	2061	
U	pseudogene_I	True	0	0	True	196	
V	pseudogene_I	True	0	0	True	538	
W	pseudogene_I	True	0	0	True	936	
A	classical_I	True	0	0	True	1098	
B	classical_I	True	0	0	True	1089	
C	classical_I	True	0	0	True	1101	
DMA	class_II_accessory	True	0	0	True	786	
DMB	class_II_accessory	True	0	0	True	792	
DOA	class_II_accessory	False	1	1	False	752	753.0
DOB	class_II_accessory	True	0	0	True	822	
DPA1	classical_II	True	0	0	True	783	
DPA2	class_II_paralog	True	0	0	True	733	
DPB1	classical_II	True	0	0	True	777	
DPB2	class_II_paralog	True	0	0	True	776	
DQA1	classical_II	True	0	0	True	765	
DQA2	class_II_paralog	True	0	0	True	768	
DQB1	classical_II	True	0	0	True	786	
DQB2	class_II_paralog	True	0	0	True	807	
DRA	class_II_accessory	True	0	0	True	765	
DRB1	classical_II	True	0	0	True	801	
DRB3	class_II_paralog	True	0	0	True	801	
E	nonclassical_I	True	0	0	True	1077	
F	nonclassical_I	True	0	0	True	1041	
G	nonclassical_I	True	0	0	True	1017	
H	pseudogene_I	True	0	0	True	1090	
J	pseudogene_I	True	0	0	True	1095	
K	pseudogene_I	True	0	0	True	1094	
L	pseudogene_I	True	0	0	True	1096	
MICA	mic_tap	True	0	0	True	1156	
MICB	mic_tap	True	0	0	True	1152	
N	pseudogene_I	True	0	0	True	161	
P	pseudogene_I	True	0	0	True	735	
S	pseudogene_I	True	0	0	True	266	
T	pseudogene_I	True	0	0	True	459	
TAP1	mic_tap	True	0	0	True	2247	
TAP2	mic_tap	True	0	0	True	2061	
U	pseudogene_I	True	0	0	True	195	
V	pseudogene_I	True	0	0	True	538	
W	pseudogene_I	True	0	0	True	938	
A	classical_I	True	0	0	True	1098	
B	classical_I	True	0	0	True	1089	
C	classical_I	True	0	0	True	1101	
DMA	class_II_accessory	True	0	0	True	786	
DMB	class_II_accessory	True	0	0	True	792	
DOA	class_II_accessory	True	0	0	True	753	
DOB	class_II_accessory	True	0	0	True	822	
DPA1	classical_II	True	0	0	True	783	
DPA2	class_II_paralog	True	0	0	True	733	
DPB1	classical_II	True	0	0	True	777	
DPB2	class_II_paralog	True	0	0	True	776	
DQA1	classical_II	True	0	0	True	768	
DQA2	class_II_paralog	True	0	0	True	768	
DQB1	classical_II	True	0	0	True	786	
DQB2	class_II_paralog	True	0	0	True	807	
DRA	class_II_accessory	True	0	0	True	765	
DRB1	classical_II	True	0	0	True	801	
DRB3	class_II_paralog	True	0	0	True	801	
E	nonclassical_I	True	0	0	True	1077	
F	nonclassical_I	True	0	0	True	1041	
G	nonclassical_I	True	0	0	True	1017	
H	pseudogene_I	True	0	0	True	1096	
J	pseudogene_I	True	0	0	True	1089	
K	pseudogene_I	True	0	0	True	1095	
L	pseudogene_I	True	0	0	True	1094	
MICA	mic_tap	True	0	0	True	1156	
MICB	mic_tap	False	1	1	True	1152	1152.0
N	pseudogene_I	True	0	0	True	161	
P	pseudogene_I	True	0	0	True	732	
S	pseudogene_I	True	0	0	True	266	
T	pseudogene_I	True	0	0	True	459	
TAP1	mic_tap	True	0	0	True	2247	
TAP2	mic_tap	True	0	0	True	2112	
U	pseudogene_I	True	0	0	True	196	
V	pseudogene_I	True	0	0	True	517	
W	pseudogene_I	True	0	0	True	938	
Y	pseudogene_I	True	0	0	True	824	
A	classical_I	True	0	0	True	1098	
B	classical_I	True	0	0	True	1089	
C	classical_I	True	0	0	True	1101	
DMA	class_II_accessory	True	0	0	True	786	
DMB	class_II_accessory	True	0	0	True	792	
DOA	class_II_accessory	True	0	0	True	753	
DOB	class_II_accessory	True	0	0	True	822	
DPA1	classical_II	True	0	0	True	783	
DPA2	class_II_paralog	True	0	0	True	733	
DPB1	classical_II	True	0	0	True	777	
DPB2	class_II_paralog	True	0	0	True	776	
DQA1	classical_II	True	0	0	True	765	
DQA2	class_II_paralog	True	0	0	True	768	
DQB1	classical_II	True	0	0	True	786	
DQB2	class_II_paralog	True	0	0	True	807	
DRA	class_II_accessory	True	0	0	True	765	
DRB1	classical_II	True	0	0	True	801	
DRB3	class_II_paralog	True	0	0	True	801	
E	nonclassical_I	True	0	0	True	1077	
F	nonclassical_I	True	0	0	True	1041	
G	nonclassical_I	True	0	0	True	1017	
H	pseudogene_I	False	1	1	True	1097	1097.0
J	pseudogene_I	True	0	0	True	1095	
K	pseudogene_I	True	0	0	True	1093	
L	pseudogene_I	True	0	0	True	1096	
MICA	mic_tap	True	0	0	True	1156	
MICB	mic_tap	True	0	0	True	1152	
N	pseudogene_I	True	0	0	True	161	
P	pseudogene_I	True	0	0	True	735	
S	pseudogene_I	True	0	0	True	266	
T	pseudogene_I	True	0	0	True	459	
TAP1	mic_tap	True	0	0	True	2247	
TAP2	mic_tap	True	0	0	True	2061	
U	pseudogene_I	False	2	2	True	196	196.0
V	pseudogene_I	True	0	0	True	516	
W	pseudogene_I	True	0	0	True	936	
Y	pseudogene_I	True	0	0	True	824	
A	classical_I	True	0	0	True	1098	
B	classical_I	True	0	0	True	1089	
C	classical_I	True	0	0	True	1101	
DMA	class_II_accessory	True	0	0	True	786	
DMB	class_II_accessory	True	0	0	True	792	
DOA	class_II_accessory	True	0	0	True	753	
DOB	class_II_accessory	True	0	0	True	822	
DPA1	classical_II	True	0	0	True	783	
DPA2	class_II_paralog	True	0	0	True	733	
DPB1	classical_II	True	0	0	True	777	
DPB2	class_II_paralog	True	0	0	True	776	
DQA1	classical_II	True	0	0	True	765	
DQA2	class_II_paralog	True	0	0	True	768	
DQB1	classical_II	True	0	0	True	786	
DQB2	class_II_paralog	True	0	0	True	807	
DRA	class_II_accessory	True	0	0	True	765	
DRB1	classical_II	True	0	0	True	801	
DRB3	class_II_paralog	True	0	0	True	801	
E	nonclassical_I	True	0	0	True	1077	
F	nonclassical_I	True	0	0	True	1041	
G	nonclassical_I	True	0	0	True	1017	
H	pseudogene_I	True	0	0	True	1104	
HFE	other	True	0	0	True	1047	
J	pseudogene_I	True	0	0	True	1095	
K	pseudogene_I	True	0	0	True	1092	
L	pseudogene_I	True	0	0	True	1094	
MICA	mic_tap	True	0	0	True	1158	
MICB	mic_tap	True	0	0	True	1152	
N	pseudogene_I	True	0	0	True	161	
P	pseudogene_I	True	0	0	True	735	
S	pseudogene_I	True	0	0	True	266	
T	pseudogene_I	True	0	0	True	459	
TAP1	mic_tap	True	0	0	True	2247	
TAP2	mic_tap	True	0	0	True	2061	
U	pseudogene_I	True	0	0	True	196	
V	pseudogene_I	True	0	0	True	538	
W	pseudogene_I	True	0	0	True	936	
A	classical_I	True	0	0	True	1098	
B	classical_I	True	0	0	True	1089	
C	classical_I	True	0	0	True	1101	
DMA	class_II_accessory	True	0	0	True	786	
DMB	class_II_accessory	True	0	0	True	792	
DOA	class_II_accessory	True	0	0	True	753	
DOB	class_II_accessory	True	0	0	True	822	
DPA1	classical_II	True	0	0	True	783	
DPA2	class_II_paralog	True	0	0	True	733	
DPB1	classical_II	True	0	0	True	777	
DPB2	class_II_paralog	True	0	0	True	776	
DQA1	classical_II	True	0	0	True	765	
DQA2	class_II_paralog	True	0	0	True	768	
DQB1	classical_II	True	0	0	True	786	
DQB2	class_II_paralog	True	0	0	True	807	
DRA	class_II_accessory	True	0	0	True	765	
DRB1	classical_II	True	0	0	True	801	
DRB3	class_II_paralog	True	0	0	True	801	
E	nonclassical_I	True	0	0	True	1077	
F	nonclassical_I	True	0	0	True	1041	
G	nonclassical_I	True	0	0	True	1017	
H	pseudogene_I	True	0	0	True	1096	
J	pseudogene_I	True	0	0	True	1095	
K	pseudogene_I	True	0	0	True	1095	
L	pseudogene_I	True	0	0	True	1096	
MICA	mic_tap	True	0	0	True	1155	
MICB	mic_tap	True	0	0	True	1152	
N	pseudogene_I	True	0	0	True	161	
P	pseudogene_I	True	0	0	True	732	
S	pseudogene_I	True	0	0	True	266	
T	pseudogene_I	True	0	0	True	459	
TAP1	mic_tap	True	0	0	True	2247	
TAP2	mic_tap	True	0	0	True	2061	
U	pseudogene_I	True	0	0	True	196	
V	pseudogene_I	True	0	0	True	517	
W	pseudogene_I	True	0	0	True	938	
A	classical_I	True	0	0	True	1098	
B	classical_I	True	0	0	True	1089	
C	classical_I	True	0	0	True	1101	
DMA	class_II_accessory	True	0	0	True	786	
DMB	class_II_accessory	True	0	0	True	792	
DOA	class_II_accessory	True	0	0	True	753	
DOB	class_II_accessory	True	0	0	True	822	
DPA1	classical_II	True	0	0	True	783	
DPA2	class_II_paralog	True	0	0	True	733	
DPB1	classical_II	True	0	0	True	777	
DPB2	class_II_paralog	True	0	0	True	776	
DQA1	classical_II	True	0	0	True	765	
DQA2	class_II_paralog	True	0	0	True	768	
DQB1	classical_II	True	0	0	True	786	
DQB2	class_II_paralog	True	0	0	True	807	
DRA	class_II_accessory	True	0	0	True	765	
DRB1	classical_II	True	0	0	True	801	
DRB3	class_II_paralog	False	1	1	False	801	800.0
E	nonclassical_I	True	0	0	True	1077	
F	nonclassical_I	True	0	0	True	1041	
G	nonclassical_I	True	0	0	True	1017	
H	pseudogene_I	True	0	0	True	1096	
J	pseudogene_I	True	0	0	True	1095	
K	pseudogene_I	True	0	0	True	1093	
L	pseudogene_I	True	0	0	True	1094	
MICA	mic_tap	True	0	0	True	1167	
MICB	mic_tap	True	0	0	True	1152	
N	pseudogene_I	True	0	0	True	161	
P	pseudogene_I	True	0	0	True	735	
S	pseudogene_I	True	0	0	True	266	
T	pseudogene_I	True	0	0	True	459	
TAP1	mic_tap	True	0	0	True	2247	
TAP2	mic_tap	True	0	0	True	2061	
U	pseudogene_I	True	0	0	True	196	
V	pseudogene_I	True	0	0	True	538	
W	pseudogene_I	True	0	0	True	923	
A	classical_I	True	0	0	True	1098	
B	classical_I	True	0	0	True	1089	
C	classical_I	True	0	0	True	1101	
DMA	class_II_accessory	True	0	0	True	786	
DMB	class_II_accessory	True	0	0	True	792	
DOA	class_II_accessory	True	0	0	True	753	
DOB	class_II_accessory	True	0	0	True	822	
DPA1	classical_II	False	18	16	True	783	783.0
DPA2	class_II_paralog	True	0	0	True	733	
DPB1	classical_II	True	0	0	True	777	
DPB2	class_II_paralog	True	0	0	True	776	
DQA1	classical_II	True	0	0	True	768	
DQA2	class_II_paralog	True	0	0	True	768	
DQB1	classical_II	True	0	0	True	786	
DQB2	class_II_paralog	True	0	0	True	807	
DRA	class_II_accessory	True	0	0	True	765	
DRB1	classical_II	True	0	0	True	801	
DRB5	class_II_paralog	True	0	0	True	801	
E	nonclassical_I	True	0	0	True	1077	
F	nonclassical_I	True	0	0	True	1041	
G	nonclassical_I	True	0	0	True	1017	
H	pseudogene_I	False	14	12	True	1096	1096.0
J	pseudogene_I	True	0	0	True	1095	
K	pseudogene_I	False	7	6	False	1093	1095.0
L	pseudogene_I	True	0	0	True	1096	
MICA	mic_tap	True	0	0	True	1156	
MICB	mic_tap	False	1	1	True	1152	1152.0
N	pseudogene_I	True	0	0	True	161	
P	pseudogene_I	True	0	0	True	735	
S	pseudogene_I	True	0	0	True	266	
T	pseudogene_I	False	1	1	True	459	459.0
TAP1	mic_tap	True	0	0	True	2247	
TAP2	mic_tap	True	0	0	True	2061	
U	pseudogene_I	True	0	0	True	196	
V	pseudogene_I	True	0	0	True	516	
W	pseudogene_I	True	0	0	True	936	
A	classical_I	True	0	0	True	1098	
B	classical_I	True	0	0	True	1089	
C	classical_I	True	0	0	True	1101	
DMA	class_II_accessory	True	0	0	True	786	
DMB	class_II_accessory	True	0	0	True	792	
DOA	class_II_accessory	True	0	0	True	753	
DOB	class_II_accessory	True	0	0	True	822	
DPA1	classical_II	True	0	0	True	783	
DPA2	class_II_paralog	True	0	0	True	733	
DPB1	classical_II	True	0	0	True	777	
DPB2	class_II_paralog	True	0	0	True	776	
DQA1	classical_II	False	1	1	False	769	768.0
DQA2	class_II_paralog	True	0	0	True	768	
DQB1	classical_II	True	0	0	True	786	
DQB2	class_II_paralog	True	0	0	True	807	
DRA	class_II_accessory	True	0	0	True	765	
DRB1	classical_II	True	0	0	True	801	
DRB4	class_II_paralog	True	0	0	True	801	
E	nonclassical_I	True	0	0	True	1077	
F	nonclassical_I	True	0	0	True	1041	
G	nonclassical_I	True	0	0	True	1017	
H	pseudogene_I	True	0	0	True	1104	
HFE	other	True	0	0	True	1047	
J	pseudogene_I	True	0	0	True	1095	
K	pseudogene_I	True	0	0	True	1092	
L	pseudogene_I	True	0	0	True	1096	
MICA	mic_tap	True	0	0	True	1152	
MICB	mic_tap	True	0	0	True	1152	
N	pseudogene_I	True	0	0	True	161	
P	pseudogene_I	True	0	0	True	735	
S	pseudogene_I	True	0	0	True	266	
T	pseudogene_I	True	0	0	True	459	
TAP1	mic_tap	True	0	0	True	2247	
TAP2	mic_tap	True	0	0	True	2061	
U	pseudogene_I	True	0	0	True	196	
V	pseudogene_I	False	4	4	False	536	538.0
W	pseudogene_I	True	0	0	True	936	
A	classical_I	True	0	0	True	1098	
B	classical_I	True	0	0	True	1089	
C	classical_I	True	0	0	True	1101	
DMA	class_II_accessory	True	0	0	True	786	
DMB	class_II_accessory	True	0	0	True	792	
DOA	class_II_accessory	True	0	0	True	753	
DOB	class_II_accessory	True	0	0	True	822	
DPA1	classical_II	True	0	0	True	783	
DPA2	class_II_paralog	True	0	0	True	733	
DPB1	classical_II	True	0	0	True	777	
DPB2	class_II_paralog	True	0	0	True	776	
DQA1	classical_II	True	0	0	True	768	
DQA2	class_II_paralog	True	0	0	True	768	
DQB1	classical_II	True	0	0	True	786	
DQB2	class_II_paralog	True	0	0	True	807	
DRA	class_II_accessory	True	0	0	True	765	
DRB1	classical_II	True	0	0	True	801	
DRB5	class_II_paralog	True	0	0	True	801	
E	nonclassical_I	True	0	0	True	1077	
F	nonclassical_I	True	0	0	True	1041	
G	nonclassical_I	True	0	0	True	1017	
H	pseudogene_I	True	0	0	True	1096	
J	pseudogene_I	True	0	0	True	1095	
K	pseudogene_I	True	0	0	True	1092	
L	pseudogene_I	True	0	0	True	1096	
MICA	mic_tap	True	0	0	True	1156	
MICB	mic_tap	True	0	0	True	1152	
N	pseudogene_I	True	0	0	True	161	
P	pseudogene_I	True	0	0	True	732	
S	pseudogene_I	True	0	0	True	266	
T	pseudogene_I	True	0	0	True	459	
TAP1	mic_tap	True	0	0	True	2247	
TAP2	mic_tap	True	0	0	True	2061	
U	pseudogene_I	True	0	0	True	196	
V	pseudogene_I	True	0	0	True	538	
W	pseudogene_I	True	0	0	True	936	
A	classical_I	True	0	0	True	1098	
B	classical_I	True	0	0	True	1089	
C	classical_I	True	0	0	True	1101	
DMA	class_II_accessory	True	0	0	True	786	
DMB	class_II_accessory	True	0	0	True	792	
DOA	class_II_accessory	True	0	0	True	753	
DOB	class_II_accessory	True	0	0	True	822	
DPA1	classical_II	True	0	0	True	783	
DPA2	class_II_paralog	True	0	0	True	733	
DPB1	classical_II	True	0	0	True	777	
DPB2	class_II_paralog	True	0	0	True	776	
DQA1	classical_II	True	0	0	True	768	
DQA2	class_II_paralog	True	0	0	True	768	
DQB1	classical_II	True	0	0	True	786	
DQB2	class_II_paralog	True	0	0	True	807	
DRA	class_II_accessory	True	0	0	True	765	
DRB1	classical_II	True	0	0	True	801	
DRB4	class_II_paralog	True	0	0	True	801	
E	nonclassical_I	True	0	0	True	1077	
F	nonclassical_I	True	0	0	True	1041	
G	nonclassical_I	True	0	0	True	1017	
H	pseudogene_I	True	0	0	True	1096	
J	pseudogene_I	True	0	0	True	1095	
K	pseudogene_I	True	0	0	True	1093	
L	pseudogene_I	True	0	0	True	1094	
MICA	mic_tap	True	0	0	True	1155	
MICB	mic_tap	True	0	0	True	1152	
N	pseudogene_I	True	0	0	True	161	
P	pseudogene_I	True	0	0	True	732	
S	pseudogene_I	True	0	0	True	266	
T	pseudogene_I	True	0	0	True	459	
TAP1	mic_tap	True	0	0	True	2247	
TAP2	mic_tap	True	0	0	True	2061	
U	pseudogene_I	True	0	0	True	196	
V	pseudogene_I	True	0	0	True	517	
W	pseudogene_I	True	0	0	True	936	
A	classical_I	True	0	0	True	1098	
B	classical_I	True	0	0	True	1089	
C	classical_I	True	0	0	True	1101	
DMA	class_II_accessory	True	0	0	True	786	
DMB	class_II_accessory	True	0	0	True	792	
DOA	class_II_accessory	True	0	0	True	753	
DOB	class_II_accessory	True	0	0	True	822	
DPA1	classical_II	True	0	0	True	783	
DPA2	class_II_paralog	True	0	0	True	733	
DPB1	classical_II	False	1	1	False	777	778.0
DPB2	class_II_paralog	True	0	0	True	776	
DQA1	classical_II	True	0	0	True	768	
DQA2	class_II_paralog	True	0	0	True	768	
DQB1	classical_II	True	0	0	True	786	
DQB2	class_II_paralog	True	0	0	True	807	
DRA	class_II_accessory	True	0	0	True	765	
DRB1	classical_II	True	0	0	True	801	
DRB5	class_II_paralog	True	0	0	True	801	
E	nonclassical_I	True	0	0	True	1077	
F	nonclassical_I	True	0	0	True	1041	
G	nonclassical_I	True	0	0	True	1017	
H	pseudogene_I	False	20	18	False	1096	1097.0
J	pseudogene_I	True	0	0	True	1095	
K	pseudogene_I	False	32	27	False	1093	1094.0
L	pseudogene_I	True	0	0	True	1096	
MICA	mic_tap	True	0	0	True	1167	
MICB	mic_tap	True	0	0	True	1152	
N	pseudogene_I	True	0	0	True	161	
P	pseudogene_I	True	0	0	True	735	
S	pseudogene_I	True	0	0	True	266	
T	pseudogene_I	False	8	8	True	459	459.0
TAP1	mic_tap	True	0	0	True	2247	
TAP2	mic_tap	True	0	0	True	2112	
U	pseudogene_I	False	8	7	True	196	196.0
V	pseudogene_I	True	0	0	True	538	
W	pseudogene_I	True	0	0	True	936	
A	classical_I	True	0	0	True	1098	
B	classical_I	True	0	0	True	1089	
C	classical_I	True	0	0	True	1101	
DMA	class_II_accessory	True	0	0	True	786	
DMB	class_II_accessory	True	0	0	True	792	
DOA	class_II_accessory	True	0	0	True	753	
DOB	class_II_accessory	True	0	0	True	822	
DPA1	classical_II	True	0	0	True	783	
DPA2	class_II_paralog	True	0	0	True	733	
DPB1	classical_II	True	0	0	True	777	
DPB2	class_II_paralog	True	0	0	True	776	
DQA1	classical_II	True	0	0	True	765	
DQA2	class_II_paralog	True	0	0	True	768	
DQB1	classical_II	False	30	23	True	786	786.0
DQB2	class_II_paralog	True	0	0	True	807	
DRA	class_II_accessory	True	0	0	True	765	
DRB1	classical_II	True	0	0	True	801	
DRB3	class_II_paralog	True	0	0	True	801	
E	nonclassical_I	True	0	0	True	1077	
F	nonclassical_I	True	0	0	True	1041	
G	nonclassical_I	True	0	0	True	1017	
H	pseudogene_I	True	0	0	True	1096	
J	pseudogene_I	True	0	0	True	1095	
K	pseudogene_I	True	0	0	True	1093	
L	pseudogene_I	True	0	0	True	1096	
MICA	mic_tap	True	0	0	True	1167	
MICB	mic_tap	True	0	0	True	1152	
N	pseudogene_I	True	0	0	True	161	
P	pseudogene_I	True	0	0	True	735	
S	pseudogene_I	True	0	0	True	266	
T	pseudogene_I	True	0	0	True	459	
TAP1	mic_tap	True	0	0	True	2247	
TAP2	mic_tap	True	0	0	True	2112	
U	pseudogene_I	True	0	0	True	196	
V	pseudogene_I	True	0	0	True	538	
W	pseudogene_I	True	0	0	True	923	
A	classical_I	True	0	0	True	1098	
B	classical_I	True	0	0	True	1089	
C	classical_I	True	0	0	True	1101	
DMA	class_II_accessory	True	0	0	True	786	
DMB	class_II_accessory	True	0	0	True	792	
DOA	class_II_accessory	True	0	0	True	753	
DOB	class_II_accessory	True	0	0	True	822	
DPA1	classical_II	True	0	0	True	783	
DPA2	class_II_paralog	True	0	0	True	733	
DPB1	classical_II	True	0	0	True	777	
DPB2	class_II_paralog	True	0	0	True	776	
DQA1	classical_II	True	0	0	True	765	
DQA2	class_II_paralog	True	0	0	True	768	
DQB1	classical_II	True	0	0	True	786	
DQB2	class_II_paralog	True	0	0	True	807	
DRA	class_II_accessory	True	0	0	True	765	
DRB1	classical_II	True	0	0	True	801	
DRB3	class_II_paralog	True	0	0	True	801	
E	nonclassical_I	True	0	0	True	1077	
F	nonclassical_I	True	0	0	True	1041	
G	nonclassical_I	True	0	0	True	1017	
H	pseudogene_I	True	0	0	True	1096	
J	pseudogene_I	True	0	0	True	1095	
K	pseudogene_I	True	0	0	True	1093	
L	pseudogene_I	True	0	0	True	1094	
MICA	mic_tap	True	0	0	True	1167	
MICB	mic_tap	True	0	0	True	1152	
N	pseudogene_I	True	0	0	True	161	
P	pseudogene_I	True	0	0	True	735	
S	pseudogene_I	True	0	0	True	266	
T	pseudogene_I	True	0	0	True	459	
TAP1	mic_tap	True	0	0	True	2247	
TAP2	mic_tap	True	0	0	True	2061	
U	pseudogene_I	True	0	0	True	196	
V	pseudogene_I	True	0	0	True	538	
W	pseudogene_I	True	0	0	True	923	
A	classical_I	True	0	0	True	1098	
B	classical_I	False	51	31	False	1086	1089.0
C	classical_I	True	0	0	True	1101	
DMA	class_II_accessory	True	0	0	True	786	
DMB	class_II_accessory	True	0	0	True	792	
DOA	class_II_accessory	True	0	0	True	753	
DOB	class_II_accessory	True	0	0	True	822	
DPA1	classical_II	True	0	0	True	783	
DPA2	class_II_paralog	True	0	0	True	733	
DPB1	classical_II	True	0	0	True	777	
DPB2	class_II_paralog	False	12	12	False	776	775.0
DQA1	classical_II	True	0	0	True	765	
DQA2	class_II_paralog	True	0	0	True	768	
DQB1	classical_II	False	35	33	False	786	785.0
DQB2	class_II_paralog	True	0	0	True	807	
DRA	class_II_accessory	True	0	0	True	765	
DRB1	classical_II	True	0	0	True	801	
DRB3	class_II_paralog	True	0	0	True	801	
DRB4	class_II_paralog	False	354	2	False	784	431.0
E	nonclassical_I	True	0	0	True	1077	
F	nonclassical_I	False	2	2	False	1041	1043.0
G	nonclassical_I	True	0	0	True	1017	
H	pseudogene_I	True	0	0	True	1096	
J	pseudogene_I	True	0	0	True	1095	
K	pseudogene_I	True	0	0	True	1093	
L	pseudogene_I	True	0	0	True	1096	
MICA	mic_tap	False	10	9	False	1157	1158.0
MICB	mic_tap	False	2	2	True	1152	1152.0
N	pseudogene_I	True	0	0	True	161	
P	pseudogene_I	True	0	0	True	735	
S	pseudogene_I	True	0	0	True	266	
T	pseudogene_I	True	0	0	True	459	
TAP1	mic_tap	True	0	0	True	2247	
TAP2	mic_tap	True	0	0	True	2061	
U	pseudogene_I	True	0	0	True	196	
V	pseudogene_I	True	0	0	True	538	
W	pseudogene_I	False	7	6	False	927	920.0
A	classical_I	True	0	0	True	1098	
B	classical_I	True	0	0	True	1089	
C	classical_I	True	0	0	True	1101	
DMA	class_II_accessory	True	0	0	True	786	
DMB	class_II_accessory	True	0	0	True	792	
DOA	class_II_accessory	True	0	0	True	753	
DOB	class_II_accessory	True	0	0	True	822	
DPA1	classical_II	True	0	0	True	783	
DPA2	class_II_paralog	True	0	0	True	733	
DPB1	classical_II	True	0	0	True	777	
DPB2	class_II_paralog	True	0	0	True	776	
DQA1	classical_II	True	0	0	True	768	
DQA2	class_II_paralog	True	0	0	True	768	
DQB1	classical_II	True	0	0	True	786	
DQB2	class_II_paralog	True	0	0	True	807	
DRA	class_II_accessory	True	0	0	True	765	
DRB1	classical_II	True	0	0	True	801	
DRB3	class_II_paralog	True	0	0	True	801	
E	nonclassical_I	True	0	0	True	1077	
F	nonclassical_I	True	0	0	True	1041	
G	nonclassical_I	True	0	0	True	1017	
H	pseudogene_I	True	0	0	True	1090	
HFE	other	False	1	1	True	1047	1047.0
J	pseudogene_I	True	0	0	True	1088	
K	pseudogene_I	True	0	0	True	1090	
L	pseudogene_I	True	0	0	True	1094	
MICA	mic_tap	True	0	0	True	1156	
MICB	mic_tap	True	0	0	True	1152	
N	pseudogene_I	True	0	0	True	161	
P	pseudogene_I	True	0	0	True	735	
S	pseudogene_I	True	0	0	True	266	
T	pseudogene_I	True	0	0	True	459	
TAP1	mic_tap	True	0	0	True	2247	
TAP2	mic_tap	True	0	0	True	2061	
U	pseudogene_I	True	0	0	True	196	
V	pseudogene_I	True	0	0	True	538	
W	pseudogene_I	True	0	0	True	938	
Y	pseudogene_I	True	0	0	True	824	
A	classical_I	True	0	0	True	1098	
B	classical_I	True	0	0	True	1089	
C	classical_I	True	0	0	True	1101	
DMA	class_II_accessory	True	0	0	True	786	
DMB	class_II_accessory	True	0	0	True	792	
DOA	class_II_accessory	True	0	0	True	753	
DOB	class_II_accessory	True	0	0	True	822	
DPA1	classical_II	True	0	0	True	783	
DPA2	class_II_paralog	True	0	0	True	733	
DPB1	classical_II	True	0	0	True	777	
DPB2	class_II_paralog	True	0	0	True	776	
DQA1	classical_II	True	0	0	True	765	
DQA2	class_II_paralog	True	0	0	True	768	
DQB1	classical_II	True	0	0	True	786	
DQB2	class_II_paralog	True	0	0	True	807	
DRA	class_II_accessory	True	0	0	True	765	
DRB1	classical_II	True	0	0	True	801	
E	nonclassical_I	True	0	0	True	1077	
F	nonclassical_I	True	0	0	True	1041	
G	nonclassical_I	True	0	0	True	1017	
H	pseudogene_I	True	0	0	True	1096	
J	pseudogene_I	True	0	0	True	1095	
K	pseudogene_I	True	0	0	True	1093	
L	pseudogene_I	True	0	0	True	1096	
MICA	mic_tap	True	0	0	True	1156	
MICB	mic_tap	True	0	0	True	1152	
N	pseudogene_I	True	0	0	True	161	
P	pseudogene_I	True	0	0	True	735	
S	pseudogene_I	True	0	0	True	266	
T	pseudogene_I	True	0	0	True	459	
TAP1	mic_tap	True	0	0	True	2247	
TAP2	mic_tap	True	0	0	True	2061	
U	pseudogene_I	True	0	0	True	196	
V	pseudogene_I	True	0	0	True	538	
W	pseudogene_I	True	0	0	True	923	
A	classical_I	True	0	0	True	1098	
B	classical_I	True	0	0	True	1089	
C	classical_I	True	0	0	True	1101	
DMA	class_II_accessory	True	0	0	True	786	
DMB	class_II_accessory	True	0	0	True	792	
DOA	class_II_accessory	True	0	0	True	753	
DOB	class_II_accessory	True	0	0	True	822	
DPA1	classical_II	True	0	0	True	783	
DPA2	class_II_paralog	True	0	0	True	733	
DPB1	classical_II	True	0	0	True	777	
DPB2	class_II_paralog	True	0	0	True	776	
DQA1	classical_II	True	0	0	True	768	
DQA2	class_II_paralog	True	0	0	True	768	
DQB1	classical_II	True	0	0	True	786	
DQB2	class_II_paralog	True	0	0	True	807	
DRA	class_II_accessory	True	0	0	True	765	
DRB1	classical_II	True	0	0	True	801	
DRB5	class_II_paralog	False	1	1	False	800	801.0
F	nonclassical_I	True	0	0	True	1041	
G	nonclassical_I	False	1	1	False	1016	1017.0
H	pseudogene_I	False	13	8	False	1090	1096.0
J	pseudogene_I	True	0	0	True	1095	
K	pseudogene_I	False	15	11	False	1094	1096.0
L	pseudogene_I	False	12	10	False	1094	1096.0
MICA	mic_tap	False	21	18	False	1158	1156.0
MICB	mic_tap	True	0	0	True	1152	
N	pseudogene_I	True	0	0	True	161	
P	pseudogene_I	True	0	0	True	735	
S	pseudogene_I	True	0	0	True	266	
T	pseudogene_I	False	3	3	True	459	459.0
TAP1	mic_tap	True	0	0	True	2247	
TAP2	mic_tap	False	1	1	True	2061	2061.0
U	pseudogene_I	False	1	1	True	195	195.0
V	pseudogene_I	True	0	0	True	538	
W	pseudogene_I	True	0	0	True	936	
A	classical_I	True	0	0	True	1098	
B	classical_I	True	0	0	True	1089	
C	classical_I	True	0	0	True	1101	
DMA	class_II_accessory	True	0	0	True	786	
DMB	class_II_accessory	True	0	0	True	792	
DOA	class_II_accessory	True	0	0	True	753	
DOB	class_II_accessory	True	0	0	True	822	
DPA1	classical_II	True	0	0	True	783	
DPA2	class_II_paralog	True	0	0	True	733	
DPB1	classical_II	True	0	0	True	777	
DPB2	class_II_paralog	True	0	0	True	776	
DQA1	classical_II	True	0	0	True	765	
DQA2	class_II_paralog	True	0	0	True	768	
DQB1	classical_II	False	7	6	False	785	786.0
DQB2	class_II_paralog	True	0	0	True	807	
DRA	class_II_accessory	True	0	0	True	765	
DRB1	classical_II	False	29	25	True	801	801.0
DRB3	class_II_paralog	True	0	0	True	801	
E	nonclassical_I	True	0	0	True	1077	
F	nonclassical_I	True	0	0	True	1041	
G	nonclassical_I	True	0	0	True	1017	
H	pseudogene_I	True	0	0	True	1096	
J	pseudogene_I	True	0	0	True	1095	
K	pseudogene_I	True	0	0	True	1093	
L	pseudogene_I	True	0	0	True	1096	
MICA	mic_tap	True	0	0	True	1158	
MICB	mic_tap	False	2	2	True	1152	1152.0
N	pseudogene_I	True	0	0	True	161	
P	pseudogene_I	True	0	0	True	735	
S	pseudogene_I	True	0	0	True	266	
T	pseudogene_I	True	0	0	True	459	
TAP1	mic_tap	True	0	0	True	2247	
TAP2	mic_tap	False	51	1	False	2112	2061.0
U	pseudogene_I	True	0	0	True	196	
V	pseudogene_I	True	0	0	True	538	
W	pseudogene_I	True	0	0	True	923	
A	classical_I	True	0	0	True	1098	
B	classical_I	True	0	0	True	1089	
C	classical_I	True	0	0	True	1101	
DMA	class_II_accessory	True	0	0	True	786	
DMB	class_II_accessory	True	0	0	True	792	
DOA	class_II_accessory	True	0	0	True	753	
DOB	class_II_accessory	True	0	0	True	822	
DPA1	classical_II	True	0	0	True	783	
DPA2	class_II_paralog	True	0	0	True	733	
DPB1	classical_II	True	0	0	True	777	
DPB2	class_II_paralog	False	3	3	True	776	776.0
DQA1	classical_II	True	0	0	True	765	
DQA2	class_II_paralog	False	1	1	False	768	767.0
DQB1	classical_II	True	0	0	True	786	
DQB2	class_II_paralog	True	0	0	True	807	
DRA	class_II_accessory	True	0	0	True	765	
DRB1	classical_II	True	0	0	True	801	
DRB3	class_II_paralog	True	0	0	True	801	
E	nonclassical_I	True	0	0	True	1077	
F	nonclassical_I	True	0	0	True	1041	
G	nonclassical_I	True	0	0	True	1016	
H	pseudogene_I	True	0	0	True	1096	
J	pseudogene_I	True	0	0	True	1089	
K	pseudogene_I	True	0	0	True	1092	
L	pseudogene_I	True	0	0	True	1096	
MICA	mic_tap	True	0	0	True	1156	
MICB	mic_tap	True	0	0	True	1152	
N	pseudogene_I	True	0	0	True	161	
P	pseudogene_I	True	0	0	True	732	
S	pseudogene_I	True	0	0	True	266	
T	pseudogene_I	True	0	0	True	459	
TAP1	mic_tap	True	0	0	True	2247	
TAP2	mic_tap	True	0	0	True	2061	
U	pseudogene_I	True	0	0	True	196	
V	pseudogene_I	True	0	0	True	517	
W	pseudogene_I	True	0	0	True	923	
Y	pseudogene_I	True	0	0	True	824	
A	classical_I	True	0	0	True	1098	
B	classical_I	True	0	0	True	1089	
C	classical_I	True	0	0	True	1101	
DMA	class_II_accessory	True	0	0	True	786	
DMB	class_II_accessory	True	0	0	True	792	
DOA	class_II_accessory	True	0	0	True	753	
DOB	class_II_accessory	True	0	0	True	822	
DPA1	classical_II	True	0	0	True	783	
DPA2	class_II_paralog	True	0	0	True	733	
DPB1	classical_II	True	0	0	True	777	
DPB2	class_II_paralog	True	0	0	True	776	
DQA1	classical_II	True	0	0	True	765	
DQA2	class_II_paralog	True	0	0	True	768	
DQB1	classical_II	True	0	0	True	786	
DQB2	class_II_paralog	True	0	0	True	807	
DRA	class_II_accessory	True	0	0	True	765	
DRB1	classical_II	True	0	0	True	801	
DRB3	class_II_paralog	True	0	0	True	801	
E	nonclassical_I	True	0	0	True	1077	
F	nonclassical_I	True	0	0	True	1041	
G	nonclassical_I	True	0	0	True	1017	
H	pseudogene_I	True	0	0	True	1096	
J	pseudogene_I	True	0	0	True	1095	
K	pseudogene_I	True	0	0	True	1093	
L	pseudogene_I	True	0	0	True	1094	
MICA	mic_tap	True	0	0	True	1167	
MICB	mic_tap	True	0	0	True	1152	
N	pseudogene_I	True	0	0	True	161	
P	pseudogene_I	True	0	0	True	735	
S	pseudogene_I	True	0	0	True	266	
T	pseudogene_I	True	0	0	True	459	
TAP1	mic_tap	True	0	0	True	2247	
TAP2	mic_tap	True	0	0	True	2061	
U	pseudogene_I	True	0	0	True	196	
V	pseudogene_I	True	0	0	True	538	
W	pseudogene_I	True	0	0	True	936	
A	classical_I	True	0	0	True	1098	
B	classical_I	True	0	0	True	1089	
DMA	class_II_accessory	True	0	0	True	786	
DMB	class_II_accessory	True	0	0	True	792	
DOA	class_II_accessory	True	0	0	True	753	
DOB	class_II_accessory	True	0	0	True	822	
DPA1	classical_II	True	0	0	True	783	
DPA2	class_II_paralog	True	0	0	True	733	
DPB1	classical_II	True	0	0	True	777	
DPB2	class_II_paralog	True	0	0	True	776	
DQA1	classical_II	True	0	0	True	768	
DQA2	class_II_paralog	True	0	0	True	768	
DQB1	classical_II	True	0	0	True	786	
DQB2	class_II_paralog	True	0	0	True	807	
DRA	class_II_accessory	True	0	0	True	765	
DRB1	classical_II	True	0	0	True	801	
DRB4	class_II_paralog	True	0	0	True	801	
E	nonclassical_I	True	0	0	True	1077	
F	nonclassical_I	True	0	0	True	1041	
G	nonclassical_I	True	0	0	True	1017	
H	pseudogene_I	True	0	0	True	1096	
J	pseudogene_I	True	0	0	True	1095	
K	pseudogene_I	True	0	0	True	1093	
L	pseudogene_I	True	0	0	True	1096	
MICA	mic_tap	True	0	0	True	1166	
MICB	mic_tap	True	0	0	True	1152	
N	pseudogene_I	True	0	0	True	161	
P	pseudogene_I	True	0	0	True	735	
S	pseudogene_I	True	0	0	True	266	
T	pseudogene_I	True	0	0	True	459	
TAP1	mic_tap	True	0	0	True	2247	
TAP2	mic_tap	True	0	0	True	2061	
U	pseudogene_I	True	0	0	True	196	
V	pseudogene_I	True	0	0	True	517	
W	pseudogene_I	True	0	0	True	936	
A	classical_I	True	0	0	True	1098	
B	classical_I	True	0	0	True	1089	
C	classical_I	True	0	0	True	1101	
DMA	class_II_accessory	True	0	0	True	786	
DMB	class_II_accessory	True	0	0	True	792	
DOA	class_II_accessory	True	0	0	True	753	
DOB	class_II_accessory	True	0	0	True	822	
DPA1	classical_II	True	0	0	True	783	
DPA2	class_II_paralog	True	0	0	True	733	
DPB1	classical_II	True	0	0	True	777	
DPB2	class_II_paralog	True	0	0	True	776	
DQA1	classical_II	True	0	0	True	765	
DQA2	class_II_paralog	True	0	0	True	768	
DQB1	classical_II	True	0	0	True	786	
DQB2	class_II_paralog	True	0	0	True	807	
DRA	class_II_accessory	True	0	0	True	765	
DRB1	classical_II	True	0	0	True	801	
DRB3	class_II_paralog	False	1	1	False	801	800.0
E	nonclassical_I	True	0	0	True	1077	
F	nonclassical_I	False	1	1	True	1041	1041.0
G	nonclassical_I	True	0	0	True	1017	
H	pseudogene_I	True	0	0	True	1096	
J	pseudogene_I	True	0	0	True	1081	
K	pseudogene_I	True	0	0	True	1093	
L	pseudogene_I	True	0	0	True	1096	
MICA	mic_tap	True	0	0	True	1155	
MICB	mic_tap	True	0	0	True	1152	
N	pseudogene_I	True	0	0	True	161	
P	pseudogene_I	True	0	0	True	732	
S	pseudogene_I	True	0	0	True	266	
T	pseudogene_I	True	0	0	True	459	
TAP1	mic_tap	True	0	0	True	2247	
TAP2	mic_tap	True	0	0	True	2061	
U	pseudogene_I	True	0	0	True	196	
V	pseudogene_I	True	0	0	True	517	
W	pseudogene_I	True	0	0	True	936	
A	classical_I	True	0	0	True	1098	
B	classical_I	True	0	0	True	1089	
C	classical_I	True	0	0	True	1101	
DMA	class_II_accessory	True	0	0	True	786	
DMB	class_II_accessory	True	0	0	True	792	
DOA	class_II_accessory	True	0	0	True	753	
DOB	class_II_accessory	True	0	0	True	822	
DPA1	classical_II	True	0	0	True	783	
DPA2	class_II_paralog	True	0	0	True	733	
DPB1	classical_II	True	0	0	True	777	
DPB2	class_II_paralog	True	0	0	True	776	
DQA1	classical_II	True	0	0	True	765	
DQA2	class_II_paralog	True	0	0	True	768	
DQB1	classical_II	True	0	0	True	786	
DQB2	class_II_paralog	True	0	0	True	807	
DRA	class_II_accessory	True	0	0	True	765	
DRB1	classical_II	True	0	0	True	801	
DRB3	class_II_paralog	True	0	0	True	801	
E	nonclassical_I	True	0	0	True	1077	
F	nonclassical_I	True	0	0	True	1041	
G	nonclassical_I	True	0	0	True	1017	
H	pseudogene_I	True	0	0	True	1096	
J	pseudogene_I	True	0	0	True	1089	
K	pseudogene_I	True	0	0	True	1092	
L	pseudogene_I	True	0	0	True	1096	
MICA	mic_tap	True	0	0	True	1156	
MICB	mic_tap	True	0	0	True	1152	
N	pseudogene_I	True	0	0	True	161	
P	pseudogene_I	True	0	0	True	735	
S	pseudogene_I	True	0	0	True	266	
T	pseudogene_I	True	0	0	True	459	
TAP1	mic_tap	False	1	1	False	2247	2248.0
TAP2	mic_tap	False	1	1	True	2061	2061.0
U	pseudogene_I	True	0	0	True	196	
V	pseudogene_I	True	0	0	True	516	
W	pseudogene_I	True	0	0	True	923	
Y	pseudogene_I	True	0	0	True	824	
